_us,dt_ms,armed,phase,voltage,loc_ready,loc_hold,loc_weight,yaw_deg,pos_err_x_e,pos_err_y_e,vel_x_e,vel_y_e,vel_tgt_x_e,vel_tgt_y_e,vel_err_x_b,vel_err_y_b,loc_raw_roll,loc_raw_pitch,loc_trim_roll,loc_trim_pitch,loc_ramped_roll,loc_ramped_pitch,loc_vel_p_x,loc_vel_i_x
,loc_vel_d_x,loc_vel_p_y,loc_vel_i_y,loc_vel_d_y,roll_tgt,roll_cur,pitch_tgt,pitch_cur,sp_rate_ff_roll,sp_rate_ff_pitch,rate_tgt_r,rate_fb_r,rate_out_r,rate_p_r,rate_i_r,rate_d_r,rate_tgt_p,rate_fb_p,rate_out_p,imu_acc_body_y_m_s2,flow_obs_vx_e,flow_obs_vy_e,ekf_vx_e,
ekf_vy_e,flow_valid,flow_obs_valid,flow_ekf_used,flow_gate_clipped,throttle,height_cm,vel_z_cm_s,m1,m2,m3,m4,att_voltage_scale,goal_pos_x_e,goal_pos_y_e,profile_pos_x_e,profile_pos_y_e,profile_vel_x_e,profile_vel_y_e
87,33255424,20.02,1,3,10.21,1,1,1.00,-5.54,11.11,-12
9.59,-12.87,10.64,0.69,-8.61,13.70,-16.74,-2.16,-2.24,0.00,0.00,-2.16,-2.24,1.79,0.24,0.00,-1.51,-0.43,-0.15,-2.16,-0.73,-2.24,-2.16,-0.81,-2.34,-7.00,-10.57,1.02,0.62,0.23,0.18,-2.62,9.56,-1.45,0.3243,-62.65,39.71,-12.87,10.64,1,1,1,1,38.94,106.49,-4.71,5618,6029,
6681,5732,0.999,0.00,0.00,-7.69,89.74,0.00,0.00
88,33275425,20.00,1,3,10.20,1,1,1.00,-5.56,11.36,-129.80,-11.46,13.10,0.70,-8.61,13.70,-18.65,-2.50,-2.21,0.00,0.00,-2.50,-2.21,1.80,0.24,0.00,-1.68,-0.43,-0.24,-2.50,-0.85,-2.21,-1.98,-2.62,-1.32,-9.91,-2.85,-1.16,-0.
52,0.23,-0.88,-2.05,3.54,-0.56,0.1203,5.02,51.55,-11.46,13.10,1,1,1,1,38.91,106.36,-4.47,5415,6491,6331,5869,0.999,0.00,0.00,-7.88,89.96,0.00,0.00
89,33295430,20.00,1,3,10.20,1,1,1.00,-5.59,11.59,-130.07,-10.28,14.96,0.71,-8.61,13.12,-20.59,-2.81,-2.06,0.00,0.00,-2.8
1,-2.06,1.72,0.25,-0.04,-1.86,-0.43,-0.31,-2.81,-0.82,-2.06,-1.96,-2.80,0.06,-11.74,2.59,-1.94,-1.56,0.22,-0.60,-0.27,-3.82,0.79,0.1078,3.60,36.83,-10.28,14.96,1,1,1,0,39.16,106.14,-5.64,5487,6767,6047,5789,1.000,0.00,0.00,-8.04,90.22,0.00,0.00
90,33315238,19.81,1,3,1
0.19,1,1,1.00,-5.60,11.80,-130.37,-10.28,14.96,0.72,-8.60,12.90,-21.36,-2.87,-2.03,0.00,0.00,-2.87,-2.03,1.69,0.25,-0.05,-1.93,-0.43,-0.30,-2.87,-0.76,-2.03,-2.06,-2.17,0.26,-11.69,-0.51,-0.78,-1.40,0.22,0.40,0.38,-9.61,1.73,0.5255,0.00,0.00,-10.28,14.96,1,0,0,0,39
.16,106.01,-5.48,5779,6788,6126,5529,1.001,0.00,0.00,-8.19,90.53,0.00,0.00
91,33335395,20.16,1,3,10.19,1,1,1.00,-5.64,12.00,-130.66,-9.27,15.22,0.74,-8.60,12.24,-21.88,-2.90,-1.87,0.00,0.00,-2.90,-1.87,1.60,0.25,-0.09,-1.98,-0.43,-0.27,-2.90,-0.82,-1.87,-2.22,-1.60,1.1
2,-10.99,-9.85,1.26,-0.23,0.21,1.28,2.24,-11.60,1.88,0.4804,1.78,18.00,-9.27,15.22,1,1,1,0,39.34,105.81,-6.23,6008,6600,6437,5179,1.001,0.00,0.00,-8.34,90.83,0.00,0.00
92,33355399,20.00,1,3,10.18,1,1,1.00,-5.67,12.19,-130.97,-8.96,16.75,0.75,-8.60,11.89,-23.01,-3.07
,-1.81,0.00,0.00,-3.07,-1.81,1.56,0.25,-0.10,-2.08,-0.44,-0.29,-3.07,-0.96,-1.81,-2.33,-2.07,1.07,-11.58,-12.34,0.61,0.17,0.21,0.23,2.72,-5.88,0.34,0.4338,-5.60,33.63,-8.96,16.75,1,1,1,0,39.06,105.72,-4.75,5751,6496,6567,5500,1.002,0.00,0.00,-8.48,91.14,0.00,0.00
93,3
3375400,20.00,1,3,10.18,1,1,1.00,-5.69,12.37,-131.30,-9.52,16.00,0.75,-8.60,12.05,-22.98,-2.98,-1.88,0.00,0.00,-2.98,-1.88,1.58,0.25,-0.07,-2.08,-0.44,-0.23,-2.98,-1.16,-1.88,-2.31,-0.83,0.27,-8.96,-9.13,-0.52,-0.31,0.21,-0.43,1.65,3.48,-0.88,0.1962,-15.71,7.63,-9.52
,16.00,1,1,1,0,39.15,105.50,-5.05,5503,6348,6443,5874,1.003,0.00,0.00,-8.62,91.48,0.00,0.00
94,33395400,20.00,1,3,10.17,1,1,1.00,-5.71,12.56,-131.62,-11.91,18.55,0.76,-8.60,13.71,-24.35,-3.22,-2.32,0.00,0.00,-3.22,-2.32,1.80,0.25,0.07,-2.20,-0.44,-0.27,-3.22,-1.25,-2.
32,-2.18,-1.97,-2.51,-10.80,-2.35,-1.28,-0.82,0.21,-0.66,-2.96,5.89,-0.89,0.1623,-38.81,49.25,-11.91,18.55,1,1,1,1,38.88,105.45,-3.60,5373,6499,6396,5948,1.003,0.00,0.00,-8.76,91.80,0.00,0.00
95,33415400,20.00,1,3,10.17,1,1,1.00,-5.73,12.80,-131.99,-10.55,21.00,0.
78,-8.60,13.72,-26.43,-3.56,-2.28,0.00,0.00,-3.56,-2.28,1.80,0.25,0.06,-2.39,-0.44,-0.35,-3.56,-1.24,-2.28,-2.07,-2.80,-1.36,-13.21,0.55,-1.50,-1.42,0.21,-0.29,-2.03,2.45,-0.66,0.3572,4.89,48.70,-10.55,21.00,1,1,1,0,39.02,105.30,-4.43,5348,6513,6291,5920,1.004,0.00,0.
00,-8.94,92.18,0.00,0.00
96,33435405,20.00,1,3,10.17,1,1,1.00,-5.76,13.01,-132.42,-9.47,21.53,0.79,-8.60,13.12,-27.64,-3.70,-2.11,0.00,0.00,-3.70,-2.11,1.72,0.25,0.00,-2.50,-0.44,-0.35,-3.70,-1.22,-2.11,-2.06,-2.66,0.13,-13.56,-1.68,-1.05,-1.44,0.20,0.19,-0.05,-5.10,1
.07,0.3412,2.77,27.47,-9.47,21.53,1,1,1,0,38.90,105.24,-3.85,5635,6721,6160,5630,1.004,0.00,0.00,-9.10,92.61,0.00,0.00
97,33455406,20.00,1,3,10.17,1,1,1.00,-5.78,13.20,-132.85,-8.59,20.95,0.79,-8.60,12.34,-27.83,-3.64,-1.92,0.00,0.00,-3.64,-1.92,1.62,0.26,-0.06,-2.51,-0.4
5,-0.29,-3.64,-1.30,-1.92,-2.16,-1.39,1.25,-11.88,-9.03,0.43,-0.56,0.19,0.80,2.01,-10.51,1.81,0.5114,1.45,14.34,-8.59,20.95,1,1,1,0,39.12,105.04,-4.91,5888,6631,6267,5296,1.004,0.00,0.00,-9.24,93.04,0.00,0.00
98,33475413,20.01,1,3,10.17,1,1,1.00,-5.80,13.3
7,-133.26,-7.26,20.08,0.80,-8.60,11.19,-27.46,-3.51,-1.65,0.00,0.00,-3.51,-1.65,1.47,0.26,-0.14,-2.48,-0.45,-0.21,-3.51,-1.49,-1.65,-2.32,-0.07,2.45,-9.16,-14.12,1.16,0.28,0.19,0.68,4.63,-7.62,0.88,0.7003,7.97,10.07,-7.26,20.08,1,1,1,0,38.68,105.04,-2.55,5914,6419,649
2,5376,1.004,0.00,0.00,-9.38,93.46,0.00,0.00
99,33495416,20.00,1,3,10.17,1,1,1.00,-5.82,13.52,-133.67,-6.46,18.16,0.81,-8.60,10.14,-26.21,-3.22,-1.44,0.00,0.00,-3.22,-1.44,1.33,0.26,-0.19,-2.37,-0.45,-0.09,-3.22,-1.69,-1.44,-2.36,1.70,2.80,-4.98,-11.76,0.21,0.32,0.20
,-0.31,6.45,-0.04,-0.29,0.6650,2.75,-3.87,-6.46,18.16,1,1,1,0,38.65,104.92,-2.49,5608,6300,6432,5627,1.004,0.00,0.00,-9.49,93.87,0.00,0.00
100,33515418,20.00,1,3,10.17,1,1,1.00,-5.82,13.64,-134.03,-7.44,19.96,0.81,-8.60,10.42,-26.73,-3.33,-1.57,0.00,0.00,-3.33
,-1.57,1.37,0.26,-0.13,-2.41,-0.45,-0.11,-3.33,-1.80,-1.57,-2.26,0.41,1.01,-6.28,-4.48,-0.39,-0.06,0.20,-0.52,3.35,5.43,-0.27,0.3881,-18.72,40.69,-7.44,19.96,1,1,1,0,38.29,104.97,-0.55,5505,6402,6370,5679,1.004,0.00,0.00,-9.59,94.24,0.00,0.00
101,33535424,20.01,1,3,10.
18,1,1,1.00,-5.85,13.79,-134.43,-6.39,22.44,0.82,-8.59,10.07,-28.47,-3.66,-1.50,0.00,0.00,-3.66,-1.50,1.32,0.26,-0.13,-2.57,-0.45,-0.19,-3.66,-1.78,-1.50,-2.15,-1.73,1.08,-10.13,4.42,-2.24,-1.33,0.19,-1.09,3.21,6.78,-0.80,0.0451,5.76,56.17,-6.39,22.44,1,1,1,1,38.37,104.88,-1.10,5119,
6550,6172,5920,1.004,0.00,0.00,-9.71,94.64,0.00,0.00
102,33555423,20.00,1,3,10.18,1,1,1.00,-5.87,13.92,-134.88,-5.46,24.75,0.83,-8.59,9.53,-30.60,-4.02,-1.39,0.00,0.00,-4.02,-1.39,1.25,0.26,-0.15,-2.76,-0.46,-0.29,-4.02,-1.72,-1.39,-2.08,-2.80,1.35,-13.15,6.84,-2.61
,-2.12,0.19,-0.67,3.66,4.65,-0.27,-0.0801,5.30,51.50,-5.46,24.75,1,1,1,0,38.12,104.90,0.24,5136,6695,6076,5895,1.004,0.00,0.00,-9.81,95.09,0.00,0.00
103,33575424,20.00,1,3,10.18,1,1,1.00,-5.88,14.03,-135.37,-6.93,22.98,0.83,-8.59,10.08,-30.31,-3.86,-1.58,0.00,0.00,-3
.86,-1.58,1.32,0.26,-0.07,-2.74,-0.46,-0.21,-3.86,-1.64,-1.58,-2.06,-0.85,-0.25,-10.94,4.22,-1.66,-2.17,0.18,0.34,1.29,0.58,0.62,0.9376,-23.99,2.47,-6.93,22.98,1,1,1,0,38.00,104.88,0.90,5434,6566,5963,5708,1.003,0.00,0.00,-9.91,95.59,0.00,0.00
104,33595429,20.00,1,3,1
0.18,1,1,1.00,-5.89,14.17,-135.83,-5.12,21.04,0.83,-8.59,9.11,-29.14,-3.59,-1.33,0.00,0.00,-3.59,-1.33,1.19,0.26,-0.13,-2.63,-0.46,-0.10,-3.59,-1.69,-1.33,-2.05,1.11,1.35,-7.40,-10.64,2.08,-0.04,0.17,1.94,3.81,-1.11,0.40,0.8782,15.92,-1.64,-5.12,21.04,1,1,1,0,37.78,
104.92,2.10,5831,6079,6522,5176,1.003,0.00,0.00,-10.02,96.05,0.00,0.00
105,33615431,20.00,1,3,10.18,1,1,1.00,-5.91,14.27,-136.25,-4.91,18.57,0.84,-8.59,8.45,-27.21,-3.21,-1.21,0.00,0.00,-3.21,-1.21,1.11,0.26,-0.16,-2.46,-0.46,0.04,-3.21,-1.94,-1.21,-2.09,2.80,1.60,-
2.58,-18.00,2.38,1.32,0.18,0.87,4.94,-4.76,1.43,0.6879,-2.36,-22.80,-4.91,18.57,1,1,1,1,37.91,104.87,1.40,5971,6152,6402,4966,1.003,0.00,0.00,-10.10,96.47,0.00,0.00
106,33635435,20.00,1,3,10.18,1,1,1.00,-5.92,14.37,-136.62,-4.43,18.01,0.84,-8.59,7.87,-26.13,-3.04,-
1.12,0.00,0.00,-3.04,-1.12,1.03,0.26,-0.17,-2.36,-0.47,0.10,-3.04,-2.18,-1.12,-2.15,2.80,1.58,-0.44,-12.43,0.80,1.23,0.18,-0.62,5.78,-5.38,1.38,0.0543,1.19,11.46,-4.43,18.01,1,1,1,0,37.74,104.96,2.43,5798,6347,6193,5223,1.003,0.00,0.00,-10.19,96.84,0.00,0.00

107,33655437,20.00,1,3,10.18,1,1,1.00,-5.92,14.46,-136.98,-3.52,20.47,0.84,-8.59,7.25,-27.23,-3.30,-1.03,0.00,0.00,-3.30,-1.03,0.95,0.26,-0.19,-2.46,-0.47,0.01,-3.30,-2.23,-1.03,-2.16,0.19,1.61,-4.26,4.57,-2.40,-0.62,0.19,-1.95,6.31,3.05,-0.49,0.0072,7.13,68.73,-3.52,20.47,1,1,1
,1,37.87,104.89,1.68,5136,6470,5966,5898,1.004,0.00,0.00,-10.26,97.21,0.00,0.00
108,33675423,19.99,1,3,10.18,1,1,1.00,-5.92,14.53,-137.39,-2.54,22.93,0.85,-8.59,6.57,-29.19,-3.69,-0.93,0.00,0.00,-3.69,-0.93,0.86,0.27,-0.20,-2.64,-0.47,-0.11,-3.69,-2.11,-0.93,-2.10,-
2.22,1.67,-9.14,12.86,-3.07,-2.14,0.18,-1.10,6.59,6.02,-0.44,0.3167,8.81,84.89,-2.54,22.93,1,1,1,1,37.58,104.98,3.26,5031,6625,5930,5957,1.003,0.00,0.00,-10.32,97.62,0.00,0.00
109,33695445,20.02,1,3,10.18,1,1,1.00,-5.94,14.58,-137.85,-2.34,21.12,0.85,-8.59,6.08,-28.9
1,-3.57,-0.86,0.00,0.00,-3.57,-0.86,0.80,0.27,-0.20,-2.61,-0.47,-0.07,-3.57,-1.82,-0.86,-1.92,-0.73,1.47,-8.50,18.16,-3.60,-3.41,0.16,-0.35,5.79,14.23,-1.75,0.7726,0.00,0.00,-2.34,21.12,1,1,1,0,37.61,104.96,3.15,4785,6447,5960,6197,1.003,0.00,0.00,-10.37,98.07,0.00,0.
00
110,33715428,19.98,1,3,10.18,1,1,1.00,-5.94,14.63,-138.27,-2.98,21.50,0.85,-8.59,6.28,-28.98,-3.58,-0.95,0.00,0.00,-3.58,-0.95,0.82,0.27,-0.14,-2.62,-0.47,-0.06,-3.58,-1.61,-0.95,-1.68,-0.52,0.45,-9.35,3.95,0.01,-1.55,0.15,1.41,2.97,12.09,-0.80,1.1197,-10.44,25
.85,-2.98,21.50,1,1,1,0,37.36,105.08,4.51,5397,6093,6306,5606,1.003,0.00,0.00,-10.42,98.50,0.00,0.00
111,33735432,20.00,1,3,10.19,1,1,1.00,-5.95,14.69,-138.70,-3.00,19.04,0.85,-8.59,6.23,-27.54,-3.27,-0.96,0.00,0.00,-3.27,-0.96,0.82,0.27,-0.12,-2.49,-0.48,0.04,-3.27
,-1.65,-0.96,-1.52,1.52,0.18,-5.61,-11.10,1.76,0.22,0.15,1.38,1.96,5.35,0.07,0.8657,-3.28,-31.44,-3.00,19.04,1,1,1,1,37.73,104.98,2.48,5651,6002,6448,5170,1.002,0.00,0.00,-10.47,98.93,0.00,0.00
112,33755451,20.02,1,3,10.19,1,1,1.00,-5.97,14.75,-139.09,-1.45,16.59,
0.85,-8.59,5.13,-25.60,-2.92,-0.76,0.00,0.00,-2.92,-0.76,0.67,0.27,-0.18,-2.31,-0.48,0.15,-2.92,-1.88,-0.76,-1.50,2.80,1.36,-1.43,-18.23,2.61,1.58,0.16,0.87,3.91,-4.47,1.69,0.6117,16.80,-34.73,-1.45,16.59,1,1,1,1,37.52,105.09,3.60,6046,6133,6375,4911,1.002,0.00,0.00,-
10.53,99.31,0.00,0.00
113,33775449,20.00,1,3,10.19,1,1,1.00,-5.97,14.77,-139.42,-0.00,16.59,0.85,-8.59,3.83,-24.91,-2.85,-0.53,0.00,0.00,-2.85,-0.53,0.50,0.27,-0.24,-2.25,-0.48,0.17,-2.85,-2.09,-0.53,-1.57,2.23,2.32,-0.43,-6.42,-0.76,0.62,0.16,-1.55,6.58,-4.23,1.0
5,0.2567,16.95,16.63,-0.00,16.59,1,1,1,0,37.52,105.09,3.60,5536,6419,5940,5460,1.002,0.00,0.00,-10.56,99.64,0.00,0.00
114,33795458,20.01,1,3,10.19,1,1,1.00,-5.95,14.77,-139.75,0.54,19.04,0.85,-8.59,3.14,-26.14,-3.15,-0.43,0.00,0.00,-3.15,-0.43,0.41,0.27,-0.
25,-2.36,-0.48,0.06,-3.15,-2.02,-0.43,-1.59,-0.37,2.10,-5.07,9.54,-2.76,-1.24,0.16,-1.67,6.93,-1.16,0.75,0.3130,6.87,65.89,0.54,19.04,1,1,1,1,37.33,105.21,4.61,5256,6620,5694,5786,1.001,0.00,0.00,-10.57,99.97,0.00,0.00
115,33815456,20.00,1,3,10.20,1,1,1.00,
-5.95,14.76,-140.13,-1.07,21.49,0.84,-8.59,3.97,-27.99,-3.51,-0.65,0.00,0.00,-3.51,-0.65,0.52,0.27,-0.13,-2.53,-0.49,-0.07,-3.51,-1.77,-0.65,-1.52,-2.48,0.00,-10.23,17.17,-3.63,-2.77,0.15,-1.00,3.32,6.50,-0.80,
0.7906,-19.90,62.24,-1.07,21.49,1,1,1,1,37.32,105.21,4.61,4870,6547,5800,6038,1.001,0.00,0.00,-10.57,100.35,0.00,0.00
116,33835267,19.81,1,3,10.20,1,1,1.00,-5.95,14.79,-140.56,-1.07,21.49,0.84,-8.59,4.30,-28.73,-3.61,-0.75,0.00,0.00,-3.61,-0.75,0.56,0.27,-0.08,-2.59,-0
.49,-0.10,-3.61,-1.50,-0.75,-1.36,-2.24,-0.59,-11.82,11.71,-2.21,-2.74,0.14,0.38,1.38,11.1
5,-1.63,0.8318,0.00,0.00,-1.07,21.49,1,0,0,0,37.28,105.31,4.84,4954,6242,6087,5969,1.000,0.00,0.00,-10.60,100.78,0.00,0.00
117,33855420,20.15,1,3,10.20,1,1,1.00,-5.96,14.81,-140.99,-3.00,22.50,0.84,-8.59,5.65,-29.51,-3.74,-1.05,0.00,0.00,-3.74,-1.05,0.74,0.27,0.04,-2.6
6,-0.49,-0.13,-3.74,-1.42,-1.05,-1.15,-2.22,-2.21,-12.63,-6.56,1.61,-0.66,0.13,2.13,-1.87,8.49,-0.78,0.8125,-24.05,33.48,-3.00,22.50,1,1,1,0,37.28,105.31,4.84,5524,5884,6513,5306,1.000,0.00,0.00,-10.63,101.21,0.00,0.00
118,33875427,20.01,1,3,10.20,1,1,1.00,-5.98,14.87,
-141.44,-3.19,19.90,0.84,-8.59,6.14,-28.26,-3.44,-1.14,0.00,0.00,-3.44,-1.14,0.80,0.27,0.07,-2.55,-0.49,-0.03,-3.44,-1.67,-1.14,-1.05,0.36,-2.02,-7.53,-18.30,1.93,0.71,0.13,1.09,-2.32,-0.30,0.44,0.4703,-5.23,-31.96,-3.19,19.90,1,1,1,1,37.51,105.30,3.54,5719,6010,6404,50
94,1.000,0.00,0.00,-10.69,101.66,0.00,0.00
119,33895427,20.00,1,3,10.20,1,1,1.00,-5.98,14.93,-141.84,-1.59,17.33,0.84,-8.59,5.23,-26.32,-3.07,-0.94,0.00,0.00,-3.07,-0.94,0.69,0.27,-0.02,-2.38,-0.49,0.10,-3.07,-2.00,-0.94,-1.12,2.52,-0.07,-1.92,-14.75,0.75,0.90,0.14,-0.
29,0.51,-7.90,1.34,0.1925,16.12,-55.13,-1.59,17.33,1,1,1,1,37.51,105.30,3.54,5759,6269,6112,5208,1.000,0.00,0.00,-10.74,102.06,0.00,0.00
120,33915431,20.00,1,3,10.20,1,1,1.00,-5.96,14.96,-142.18,0.96,15.96,0.84,-8.59,3.25,-24.89,-2.84,-0.53,0.00,0.00,-2.84,-0.53,0.43,0
.27,-0.16,-2.25,-0.50,0.17,-2.84,-2.16,-0.53,-1.30,2.80,2.46,0.53,-3.27,-0.76,0.17,0.14,-1.07,5.15,-9.27,1.36,0.0778,37.67,0.66,0.96,15.96,1,1,1,1,37.66,105.34,2.73,5590,6443,5884,5431,0.999,0.00,0.00,-10.78,102.40,0.00,0.00
121,33935433,20.00,1,3,10.21,1,1,1.00,-5.95,
14.94,-142.50,1.38,18.50,0.84,-8.59,2.36,-25.86,-3.10,-0.38,0.00,0.00,-3.10,-0.38,0.31,0.27,-0.20,-2.34,-0.50,0.08,-3.10,-2.09,-0.38,-1.43,0.21,2.53,-3.91,6.93,-1.69,-0.80,0.14,-1.04,6.83,-4.85,0.97,0.3608,6.08,58.37,1.38,18.50,1,1,1,1,37.66,105.34,2.73,5393,6577,5874,5
585,0.999,0.00,0.00,-10.77,102.72,0.00,0.00
122,33955438,20.00,1,3,10.21,1,1,1.00,-5.96,14.92,-142.87,1.85,21.03,0.83,-8.59,1.88,-27.78,-3.49,-0.32,0.00,0.00,-3.49,-0.32,0.25,0.27,-0.20,-2.51,-0.50,-0.06,-3.49,-1.92,-0.32,-1.45,-2.25,2.01,-9.15,11.62,-2.49,-1.94,0.13,-
0.69,6.70,2.45,-0.21,0.3555,7.23,69.28,1.85,21.03,1,1,1,1,37.93,105.23,1.23,5096,6564,5960,5810,0.999,0.00,0.00,-10.76,103.09,0.00,0.00
123,33975437,20.00,1,3,10.21,1,1,1.00,-5.96,14.88,-143.29,0.02,23.54,0.83,-8.59,2.94,-29.94,-3.88,-0.58,0.00,0.00,-3.88,-0.58,0.39,0.
27,-0.08,-2.70,-0.50,-0.18,-3.88,-1.76,-0.58,-1.35,-2.80,-0.29,-12.44,8.27,-1.46,-2.17,0.12,0.59,2.42,10.05,-1.37,0.8417,-20.95,60.61,0.02,23.54,1,1,1,1,37.95,105.23,1.23,5173,6253,6228,5920,0.999,0.00,0.00,-10.75,103.51,0.00,0.00
124,33995445,20.01,1,3,10.20,1,1,1.00,-5.96,
14.88,-143.77,0.31,24.51,0.83,-8.59,3.25,-31.40,-4.10,-0.66,0.00,0.00,-4.10,-0.66,0.43,0.27,-0.04,-2.84,-0.51,-0.24,-4.10,-1.74,-0.66,-1.15,-2.80,-0.67,-13.32,-6.98,1.18,-0.68,0.12,1.74,0.89,11.23,-1.36,0.8243,3.72,35.60,0.31,24.51,1,1,1,0,37.91,105.11,1.58,5539,58
94,6564,5587,0.999,0.00,0.00,-10.76,103.98,0.00,0.00
125,34015442,20.00,1,3,10.20,1,1,1.00,-5.97,14.87,-144.26,-1.58,22.75,0.82,-8.59,4.39,-30.81,-3.91,-0.90,0.00,0.00,-3.91,-0.90,0.58,0.27,0.06,-2.78,-0.51,-0.15,-3.91,-2.00,-0.90,-0.96,-0.63,-1.94,-9.18,-18.79,1.86,
0.68,0.12,1.06,-1.75,3.94,0.18,0.6192,-23.39,2.45,-1.58,22.75,1,1,1,0,37.91,105.11,1.58,5783,6045,6487,5244,0.999,0.00,0.00,-10.77,104.47,0.00,0.00
126,34035451,20.01,1,3,10.21,1,1,1.00,-5.98,14.90,-144.71,-0.05,20.26,0.82,-8.59,3.78,-29.19,-3.56,-0.77,0.00,0.00,-
3.56,-0.77,0.50,0.27,-0.00,-2.64,-0.51,-0.02,-3.56,-2.27,-0.77,-0.98,1.72,-0.42,-3.78,-16.17,0.78,0.87,0.12,-0.21,0.26,-6.31,1.45,0.5004,17.59,-31.23,-0.05,20.26,1,1,1,1,38.08,104.97,0.69,5816,6348,6172,5227,0.999,0.00,0.00,-10.81,104.92,0.00,0.00
127,34055452,20.00,1,3,10.20,1
,1,1.00,-5.97,14.90,-145.12,2.43,19.11,0.82,-8.59,1.98,-28.01,-3.35,-0.39,0.00,0.00,-3.35,-0.39,0.26,0.27,-0.14,-2.53,-0.51,0.06,-3.35,-2.41,-0.39,-1.07,2.40,2.02,-1.33,-7.75,-0.35,0.50,0.13,-0.97,4.26,-7.88,1.19,0.5232,42.34,5.76,2.43,19.11,1,1,1,1,38.43,104.69
,-1.09,5711,6429,6022,5490,0.999,0.00,0.00,-10.82,105.33,0.00,0.00
128,34075438,19.99,1,3,10.20,1,1,1.00,-5.94,14.86,-145.50,4.59,21.58,0.82,-8.60,0.11,-29.15,-3.62,-0.03,0.00,0.00,-3.62,-0.03,0.01,0.27,-0.26,-2.63,-0.52,-0.03,-3.62,-2.41,-0.03,-1.17,-0.09,2.80,-5
.22,5.98,-2.00,-0.91,0.12,-1.22,7.52,-6.65,1.47,0.1295,29.72,54.11,4.59,21.58,1,1,1,1,38.21,104.66,0.27,5587,6719,5802,5727,1.000,0.00,0.00,-10.79,105.70,0.00,0.00
129,34095459,20.02,1,3,10.20,1,1,1.00,-5.93,14.76,-145.93,4.66,24.01,0.81,-8.60,0.00,-31.05,-3.98,-0.06
,0.00,0.00,-3.98,-0.06,0.00,0.27,-0.21,-2.80,-0.52,-0.14,-3.98,-2.24,-0.06,-1.20,-2.28,1.65,-10.02,16.39,-4.01,-2.70,0.12,-1.43,6.42,2.21,-0.29,0.6416,5.42,52.18,4.66,24.01,1,1,1,0,38.33,104.49,-0.28,5009,6774,5791,6144,1.000,0.00,0.00,-10.74,106.13,0.00,0.00
130,34
115444,19.99,1,3,10.20,1,1,1.00,-5.93,14.67,-146.41,4.29,22.11,0.80,-8.60,0.00,-30.66,-3.84,-0.10,0.00,0.00,-3.84,-0.10,0.00,0.27,-0.17,-2.77,-0.52,-0.09,-3.84,-1.99,-0.10,-1.08,-0.60,0.81,-8.87,11.66,-2.35,-2.70,0.10,0.26,4.74,11.18,-1.44,0.8369,0.00,0.00,4.29,22.11,1
,1,1,0,38.17,104.45,0.69,5101,6410,6170,6100,1.000,0.00,0.00,-10.68,106.61,0.00,0.00
131,34135445,20.00,1,3,10.19,1,1,1.00,-5.93,14.59,-146.85,3.83,19.64,0.79,-8.60,0.00,-29.01,-3.50,-0.14,0.00,0.00,-3.50,-0.14,0.00,0.27,-0.14,-2.62,-0.52,0.03,-3.50,-1.89,
-0.14,-0.81,1.72,0.32,-5.34,-5.18,1.48,-0.46,0.10,1.84,2.57,14.02,-1.53,0.8886,-1.50,-14.40,3.83,19.64,1,1,1,1,38.37,104.29,-0.29,5610,5835,6630,5622,1.001,0.00,0.00,-10.63,107.05,0.00,0.00
132,34155449,20.00,1,3,10.19,1,1,1.00,-5.92,14.51,-147.25,3.53,18.09,0.79,-8.6
0,0.00,-27.40,-3.21,-0.16,0.00,0.00,-3.21,-0.16,0.00,0.27,-0.11,-2.47,-0.52,0.13,-3.21,-2.00,-0.16,-0.66,2.80,0.04,-2.31,-12.97,1.93,0.95,0.10,0.88,1.62,10.26,-0.84,0.5052,0.00,0.00,3.53,18.09,1,1,1,0,38.26,104.27,0.42,5738,5943,6674,5449,1.001,0.00,0.00,-10.59,107.
44,0.00,0.00
133,34175469,20.02,1,3,10.19,1,1,1.00,-5.93,14.44,-147.61,4.83,16.50,0.78,-8.60,-0.38,-25.89,-2.96,-0.11,0.00,0.00,-2.96,-0.11,-0.05,0.27,-0.12,-2.34,-0.53,0.20,-2.96,-2.23,-0.11,-0.63,2.80,0.38,0.28,-13.05,1.28,1.34,0.11,-0.17,2.03,-3.28,1.65,1.0324,20
.07,-2.08,4.83,16.50,1,1,1,0,38.31,104.16,0.18,5968,6340,6242,5194,1.001,0.00,0.00,-10.54,107.80,0.00,0.00
134,34195475,20.01,1,3,10.19,1,1,1.00,-5.92,14.34,-147.94,7.29,16.81,0.78,-8.60,-2.17,-25.63,-2.98,0.24,0.00,0.00,-2.98,0.24,-0.28,0.27,-0.23,-2.31,-0.53,0.1
7,-2.98,-2.27,0.24,-0.74,1.71,2.38,-0.69,6.30,-2.66,-0.75,0.11,-2.01,6.38,-8.53,1.79,0.0782,46.03,20.45,7.29,16.81,1,1,1,1,38.12,104.18,1.38,5492,6868,5693,5722,1.001,0.00,0.00,-10.48,108.12,0.00,0.00
135,34215474,20.00,1,3,10.19,1,1,1.00,-5.90,14.20,-148.27,7.11,19.
27,0.77,-8.60,-2.64,-26.98,-3.30,0.30,0.00,0.00,-3.30,0.30,-0.35,0.27,-0.22,-2.44,-0.53,0.05,-3.30,-2.11,0.30,-0.85,-0.83,1.86,-5.82,13.01,-2.34,-1.71,0.10,-0.72,6.64,-6.97,1.67,0.3318,5.00,48.35,7.11,19.27,1,1,1,1,38.35,104.08,0.17,5496,6781,5722,5671,1.002,0.00,0
.00,-10.38,108.46,0.00,0.00
136,34235477,20.00,1,3,10.19,1,1,1.00,-5.89,14.05,-148.66,5.70,21.73,0.76,-8.60,-1.84,-28.90,-3.68,0.09,0.00,0.00,-3.68,0.09,-0.24,0.27,-0.11,-2.61,-0.53,-0.08,-3.68,-1.84,0.09,-0.87,-2.80,-0.08,-11.01,15.16,-2.81,-2.62,0.09,-0.28,3.75,5.0
4,-1.12,0.9292,-10.91,66.98,5.70,21.73,1,1,1,1,38.21,104.06,1.04,5100,6502,6055,6137,1.002,0.00,0.00,-10.29,108.84,0.00,0.00
137,34255477,20.00,1,3,10.19,1,1,1.00,-5.88,13.94,-149.09,5.36,21.14,0.75,-8.60,-1.36,-29.29,-3.70,-0.04,0.00,0.00,-3.70,-0.04,-0.18,0.27,-0.06,-2.
65,-0.54,-0.09,-3.70,-1.63,-0.04,-0.67,-2.00,-0.79,-11.35,2.99,-0.59,-1.75,0.08,1.08,1.28,12.57,-1.89,0.8613,1.46,14.22,5.36,21.14,1,1,1,0,38.41,103.94,0.01,5262,6099,6442,5916,1.002,0.00,0.00,-10.22,109.27,0.00,0.00
138,34275485,20.01,1,3,10.18,1,1,1.00,-5.88,13.8
3,-149.52,4.57,19.52,0.74,-8.60,-0.80,-28.44,-3.51,-0.16,0.00,0.00,-3.51,-0.16,-0.11,0.27,-0.00,-2.57,-0.54,-0.02,-3.51,-1.67,-0.16,-0.45,-0.09,-1.30,-8.30,-9.54,1.34,-0.23,0.08,1.49,-0.38,9.01,-0.70,0.7787,-4.74,0.49,4.57,19.52,1,1,1,0,38.32,103.94,0.58,5695,6032,65
70,5525,1.002,0.00,0.00,-10.15,109.69,0.00,0.00
139,34295486,20.00,1,3,10.18,1,1,1.00,-5.87,13.74,-149.91,5.99,17.06,0.73,-8.60,-1.58,-26.72,-3.17,-0.00,0.00,0.00,-3.17,-0.00,-0.21,0.27,-0.06,-2.41,-0.54,0.10,-3.17,-1.90,-0.00,-0.37,1.98,0.15,-3.42,-14.24,1.37,0.7
4,0.08,0.54,1.34,-1.33,0.90,0.3110,22.65,-28.46,5.99,17.06,1,1,1,1,38.53,103.84,-0.44,5924,6203,6326,5327,1.002,0.00,0.00,-10.09,110.07,0.00,0.00
140,34315489,20.00,1,3,10.18,1,1,1.00,-5.84,13.62,-150.25,8.44,16.47,0.73,-8.60,-3.41,-25.82,-3.05,0.37,0.00,0.00,-3.05,
0.37,-0.45,0.27,-0.19,-2.33,-0.54,0.13,-3.05,-2.11,0.37,-0.44,2.06,2.35,-1.66,-7.19,-0.21,0.47,0.08,-0.76,5.30,-6.85,1.62,0.2688,48.50,9.48,8.44,16.47,1,1,1,1,38.47,103.85,0.02,5873,6497,6015,5501,1.003,0.00,0.00,-10.01,110.41,0.00,0.00
141,34335475,19.99,1,3,10.18,
1,1,1.00,-5.82,13.45,-150.58,7.98,17.13,0.72,-8.61,-3.83,-25.84,-3.10,0.42,0.00,0.00,-3.10,0.42,-0.50,0.27,-0.18,-2.33,-0.54,0.11,-3.10,-2.14,0.42,-0.54,1.04,1.84,-2.78,-0.01,-0.80,-0.21,0.08,-0.68,5.69,-8.03,1.97,0.0247,2.54,24.97,7.98,17.13,1,1,1,0,38.80,103.69,-1.
72,5789,6659,5927,5481,1.003,0.00,0.00,-9.89,110.74,0.00,0.00
142,34355304,19.83,1,3,10.17,1,1,1.00,-5.80,13.29,-150.92,7.98,17.13,0.71,-8.61,-4.02,-25.84,-3.12,0.42,0.00,0.00,-3.12,0.42,-0.53,0.27,-0.16,-2.33,-0.55,0.08,-3.12,-1.98,0.42,-0.58,0.53,1.21,-4.22,10.98,
-2.57,-1.72,0.08,-0.92,5.24,2.85,-0.59,0.3754,0.00,0.00,7.98,17.13,1,0,0,0,38.53,103.72,-0.12,5255,6606,6083,6087,1.003,0.00,0.00,-9.78,111.07,0.00,0.00
143,34375457,20.15,1,3,10.17,1,1,1.00,-5.79,13.13,-151.26,7.70,19.53,0.70,-8.61,-3.78,-27.26,-3.43,0.34,0.00,0.
00,-3.43,0.34,-0.50,0.27,-0.11,-2.46,-0.55,-0.02,-3.43,-1.82,0.34,-0.50,-1.53,0.29,-8.61,9.24,-1.42,-1.68,0.07,0.20,3.41,6.56,-0.54,0.3993,4.63,45.59,7.70,19.53,1,1,1,0,38.51,103.70,0.13,5379,6425,6192,5895,1.004,0.00,0.00,-9.67,111.41,0.00,0.00
144,34395455,20.00,1,
3,10.17,1,1,1.00,-5.79,12.98,-151.65,7.06,17.90,0.69,-8.61,-3.41,-26.81,-3.31,0.24,0.00,0.00,-3.31,0.24,-0.45,0.27,-0.06,-2.42,-0.55,0.01,-3.31,-1.70,0.24,-0.31,-0.26,-0.42,-7.30,2.11,-0.38,-1.34,0.06,0.89,1.32,13.03,-1.94,0.7095,0.00,0.00,7.06,17.90,1,1,1,0,38.52,103
.70,0.13,5340,6087,6497,5953,1.004,0.00,0.00,-9.57,111.80,0.00,0.00
145,34415445,19.99,1,3,10.18,1,1,1.00,-5.77,12.84,-152.01,4.54,16.62,0.68,-8.61,-1.85,-25.72,-3.10,-0.10,0.00,0.00,-3.10,-0.10,-0.24,0.27,0.07,-2.32,-0.55,0.08,-3.10,-1.73,-0.10,-0.12,1.11,-2.34,-4.7
5,-6.92,0.90,-0.05,0.06,0.88,-2.27,8.08,-0.62,0.4269,-23.44,2.37,4.54,16.62,1,1,1,0,38.31,103.69,1.33,5696,6082,6483,5622,1.004,0.00,0.00,-9.47,112.15,0.00,0.00
146,34435447,20.00,1,3,10.18,1,1,1.00,-5.77,12.75,-152.34,3.90,14.06,0.67,-8.61,-1.00,-23.72,-2.73,-0.26,
0.00,0.00,-2.73,-0.26,-0.13,0.27,0.12,-2.14,-0.56,0.19,-2.73,-1.84,-0.26,-0.09,2.80,-2.51,-0.63,-10.23,1.10,0.68,0.06,0.35,-3.04,-3.22,0.89,0.7698,-3.25,-32.21,3.90,14.06,1,1,1,1,38.60,103.52,-0.21,5875,6246,6301,5349,1.004,0.00,0.00,-9.41,112.48,0.00,0.00

147,34455468,20.02,1,3,10.17,1,1,1.00,-5.75,12.67,-152.63,6.44,11.52,0.67,-8.61,-2.34,-21.56,-2.37,0.04,0.00,0.00,-2.37,0.04,-0.31,0.27,-0.00,-1.95,-0.56,0.29,-2.37,-1.95,0.04,-0.23,2.80,0.23,1.46,-2.41,-0.60,0.22,0.07,-0.89,1.09,-9.83,1.26,0.2319,43.70,-20.95,6.44,11.52,
1,1,1,1,38.29,103.57,1.57,5742,6551,6061,5569,1.003,0.00,0.00,-9.36,112.76,0.00,0.00
148,34475469,20.00,1,3,10.17,1,1,1.00,-5.74,12.54,-152.86,8.97,11.24,0.66,-8.61,-4.41,-20.67,-2.29,0.50,0.00,0.00,-2.29,0.
50,-0.58,0.27,-0.16,-1.87,-0.56,0.29,-2.29,-1.92,0.50,-0.35,2.30,2.80,1.12,5.72,-1.46,-0.53,0.07,-0.99,5.99,-11.09,1.85,0.2879,43.44,7.95,8.97,11.24,1,1,1,1,38.29,103.51,1.64,5652,6716,5843,5550,1.004,0.00,0.00,-9.27,112.99,0.00,0.00
149,34495471,20.00,1,3,10.18,1,1,1.
00,-5.73,12.36,-153.08,9.09,13.67,0.65,-8.61,-5.17,-21.77,-2.59,0.62,0.00,0.00,-2.59,0.62,-0.68,0.27,-0.19,-1.97,-0.56,0.16,-2.59,-1.74,0.62,-0.44,-0.35,2.58,-3.54,17.44,-3.19,-2.04,0.06,-1.20,6.94,-2.21,0.39,0.5101,10.51,41.45,9.09,13.67,1,1,1,0,38.19,103.49,2.
16,5253,6730,5784,5993,1.004,0.00,0.00,-9.14,113.21,0.00,0.00
150,34515474,20.00,1,3,10.18,1,1,1.00,-5.72,12.18,-153.35,6.69,12.74,0.64,-8.61,-4.11,-21.52,-2.55,0.34,0.00,0.00,-2.55,0.34,-0.54,0.27,-0.07,-1.94,-0.56,0.14,-2.55,-1.49,0.34,-0.40,0.02,-0.04,-4
.38,17.85,-2.81,-2.67,0.05,-0.18,2.50,7.50,-1.06,0.4933,-20.89,2.09,6.69,12.74,1,1,1,0,38.18,103.46,2.27,5077,6497,6036,6099,1.003,0.00,0.00,-9.01,113.48,0.00,0.00
151,34535475,20.00,1,3,10.18,1,1,1.00,-5.72,12.04,-153.61,6.44,14.61,0.63,-8.61,-3.43,-22.52,-2.79,0.1
9,0.00,0.00,-2.79,0.19,-0.45,0.27,-0.00,-2.03,-0.56,0.05,-2.79,-1.29,0.19,-0.20,-1.45,-0.97,-7.99,3.93,0.55,-1.04,0.04,1.54,0.27,13.33,-2.06,0.5295,3.62,36.19,6.44,14.61,1,1,1,0,37.95,103.52,3.58,5372,5938,6625,5771,1.004,0.00,0.00,-8.92,113.73,0.00,0.00
152,34555
481,20.01,1,3,10.18,1,1,1.00,-5.72,11.92,-153.90,4.68,12.91,0.62,-8.61,-2.21,-21.80,-2.64,-0.07,0.00,0.00,-2.64,-0.07,-0.29,0.27,0.09,-1.97,-0.57,0.09,-2.64,-1.35,-0.07,-0.05,-0.00,-2.19,-5.51,-8.58,1.36,0.07,0.04,1.25,-2.26,8.59,-0.79,0.6614,-15.73,-6.70,4.68,12.91,1
,1,1,0,37.95,103.51,3.57,5642,5940,6510,5491,1.004,0.00,0.00,-8.83,114.02,0.00,0.00
153,34575483,20.00,1,3,10.18,1,1,1.00,-5.70,11.82,-154.16,5.50,11.77,0.61,-8.61,-2.29,-20.88,-2.48,-0.03,0.00,0.00,-2.48,-0.03,-0.30,0.26,0.07,-1.89,-0.57,0.13,-2.48,-1.51,-0.03,0.02,
0.94,-1.21,-2.97,-9.96,0.71,0.56,0.04,0.11,-1.38,-2.84,1.08,0.6153,15.05,-1.50,5.50,11.77,1,1,1,0,37.78,103.59,4.47,5839,6237,6139,5367,1.003,0.00,0.00,-8.76,114.28,0.00,0.00
154,34595486,20.00,1,3,10.19,1,1,1.00,-5.67,11.71,-154.39,7.05,10.64,0.61,-8.62,-3.32,-19.93
,-2.34,0.20,0.00,0.00,-2.34,0.20,-0.44,0.26,-0.03,-1.80,-0.57,0.16,-2.34,-1.63,0.20,-0.11,1.52,0.62,-0.88,-2.94,-0.73,-0.00,0.04,-0.77,1.58,-9.13,1.56,0.1644,25.07,-2.49,7.05,10.64,1,1,1,0,38.01,103.55,3.14,5653,6503,5899,5436,1.003,0.00,0.00,-8.69,114.51,0.00,0.00

155,34615494,20.01,1,3,10.19,1,1,1.00,-5.66,11.57,-154.61,9.53,11.93,0.60,-8.62,-5.14,-20.47,-2.50,0.61,0.00,0.00,-2.50,0.61,-0.67,0.26,-0.16,-1.85,-0.57,0.10,-2.50,-1.59,0.61,-0.27,-0.01,2.80,-3.55,4.63,-1.40,-0.69,0.04,-0.75,6.17,-8.34,1.24,0.4053,39.38,26.95,9.53,11.93,
1,1,1,1,38.07,103.58,2.83,5540,6595,5898,5583,1.002,0.00,0.00,-8.59,114.72,0.00,0.00
156,34635477,19.98,1,3,10.19,1,1,1.00,-5.65,11.38,-154.85,9.57,13.73,0.59,-8.62,-5.80,-21.76,-2.77,0.71,0.00,0.00,-2.77,0.71,-0.76,0.26,-0.18,-1.96,-0.57,-0.01,-2.77,-1.45,0.71,-0.34,-
1.68,2.44,-7.32,6.49,-1.45,-1.25,0.04,-0.23,6.77,-1.10,0.47,0.4652,10.05,34.69,9.57,13.73,1,1,1,0,38.35,103.48,1.26,5461,6484,5979,5720,1.002,0.00,0.00,-8.45,114.95,0.00,0.00
157,34655495,20.02,1,3,10.19,1,1,1.00,-5.64,11.19,-155.12,7.76,12.75,0.58,-8.62,-5.05,-21.
58,-2.71,0.48,0.00,0.00,-2.71,0.48,-0.66,0.26,-0.09,-1.95,-0.57,0.01,-2.71,-1.39,0.48,-0.33,-
0.72,0.20,-6.39,3.45,-1.24,-1.34,0.03,0.08,3.18,3.80,-0.36,0.5460,-13.40,1.32,7.76,12.75,1,1,1,0,38.03,103.59,3.03,5415,6387,6156,5838,1.001,0.00,0.00,-8.31,115.22,0.00,0.00
158,34675499,20.00,1,3,10.19,1,1,1.00,-5.61,11.03,-155.38,7.14,11.74,0.57,-8.62,-4.45,-20.88,-2
.57,0.34,0.00,0.00,-2.57,0.34,-0.58,0.26,-0.02,-1.89,-0.58,0.05,-2.57,-1.39,0.34,-0.11,0.37,-0.73,-4.61,-5.09,0.88,-0.16,0.03,1.01,0.69,14.75,-2.50,0.5201,0.00,0.00,7.14,11.74,1,1,1,0,38.13,103.52,2.53,5439,5714,6604,5867,1.001,0.00,0.00,-8.20,115.48,0.00,0.00
159,3469
5500,20.00,1,3,10.19,1,1,1.00,-5.59,10.89,-155.61,4.68,9.28,0.56,-8.62,-2.89,-18.98,-2.21,0.02,0.00,0.00,-2.21,0.02,-0.38,0.26,0.10,-1.71,-0.58,0.16,-2.21,-1.48,0.02,0.11,2.45,-2.48,-0.09,-8.18,0.89,0.45,0.03,0.41,-2.80,10.86,-1.06,0.4701,-33.70,-21.19,4.68,9.28,
1,1,1,1,38.02,103.60,3.19,5586,5973,6488,5632,1.001,0.00,0.00,-8.10,115.71,0.00,0.00
160,34715489,19.99,1,3,10.19,1,1,1.00,-5.58,10.80,-155.80,6.99,9.76,0.56,-8.62,-3.63,-18.64,-2.22,0.19,0.00,0.00,-2.22,0.19,-0.48,0.26,0.02,-1.68,-0.58,0.15,-2.22,-1.56,0.19,0.22
,1.57,-0.55,-0.56,-3.73,0.17,0.45,0.03,-0.31,-0.66,2.60,-0.15,0.0394,34.05,15.34,6.99,9.76,1,1,1,0,38.22,103.54,2.09,5567,6205,6290,5560,1.002,0.00,0.00,-8.03,115.89,0.00,0.00
161,34735509,20.02,1,3,10.19,1,1,1.00,-5.57,10.66,-155.99,9.45,8.16,0.55,-8.62,-5.49,-17.7
0,-2.06,0.63,0.00,0.00,-2.06,0.63,-0.72,0.26,-0.12,-1.60,-0.58,0.18,-2.06,-1.61,0.63,0.14,1.97,2.34,0.52,-0.03,-0.87,-0.07,0.03,-0.84,3.90,-10.19,2.29,0.0727,39.15,-10.57,9.45,8.16,1,1,1,1,37.92,103.67,3.81,5795,6675,5840,5418,1.001,0.00,0.00,-7.93,116.08,0.00,0.00

162,34755513,20.00,1,3,10.19,1,1,1.00,-5.53,10.47,-156.15,8.71,7.52,0.54,-8.62,-5.84,-16.89,-1.95,0.66,0.00,0.00,-1.95,0.66,-0.77,0.26,-0.13,-1.53,-0.58,0.19,-1.95,-1.47,0.66,-0.05,1.94,1.70,0.40,10.95,-2.31,-1.30,0.03,-1.03,4.12,-10.91,2.09,0.2675,0.00,0.00,8.71,7.52
,1,1,1,0,38.16,103.59,2.52,5645,6689,5528,5704,1.001,0.00,0.00,-7.79,116.24,0.00,0.00
163,34775517,20.00,1,3,10.19,1,1,1.00,-5.50,10.29,-156.30,9.12,9.23,0.53,-8.62,-6.15,-17.61,-2.16,0.71,0.00,0.00,-2.16,0.71,-0.81,0.26,-0.12,-1.59,-0.58,0.11,-2.16,-1.31,0.71,-0.
18,0.02,1.39,-3.15,8.50,-0.69,-1.01,0.03,0.30,4.78,-7.48,1.30,0.1743,13.99,29.32,9.12,9.23,1,1,1,0,38.17,103.60,2.53,5699,6490,5965,5539,1.001,0.00,0.00,-7.67,116.39,0.00,0.00
164,34795519,20.00,1,3,10.19,1,1,1.00,-5.49,10.11,-156.49,7.04,8.64,0.52,-8.62,-5.06,-17.4
3,-2.13,0.42,0.00,0.00,-2.13,0.42,-0.66,0.26,-0.02,-1.57,-0.59,0.10,-2.13,-1.19,0.42,-0.18,0.19,-0.85,-3.56,5.37,-0.80,-1.06,0.02,0.25,1.10,8.23,-2.15,0.3437,-17.40,1.67,7.04,8.64,1,1,1,0,38.17,103.58,2.54,5187,6094,6450,5965,1.001,0.00,0.00,-7.53,116.57,0.00,0.00


165,34815503,19.98,1,3,10.19,1,1,1.00,-5.47,9.97,-156.66,4.59,6.18,0.51,-8.62,-3.31,-15.75,-1.82,0.05,0.00,0.00,-1.82,0.05,-0.43,0.26,0.12,-1.42,-0.59,0.19,-1.82,-1.15,0.05,0.04,1.99,-2.80,-0.25,-2.19,0.59,-0.17,0.02,0.74,-2.74,14.29,-2.25,0.3333,-80.94,-28.08,4.59,6
.18,1,1,1,1,37.93,103.68,3.88,5495,5760,6509,5934,1.001,0.00,0.00,-7.43,116.74,0.00,0.00
166,34835520,20.02,1,3,10.19,1,1,1.00,-5.42,9.88,-156.79,2.46,4.35,0.51,-8.62,-1.46,-13.86,-1.57,-0.31,0.00,0.00,-1.57,-0.31,-0.19,0.26,0.24,-1.25,-0.59,0.27,-1.57,-1.2
2,-0.31,0.21,2.80,-2.80,1.68,-4.69,0.72,0.55,0.02,0.14,-4.45,6.89,-0.75,0.5927,-22.45,-17.14,2.46,4.35,1,1,1,0,38.05,103.65,3.21,5658,5931,6319,5666,1.001,0.00,0.00,-7.36,116.87,0.00,0.00
167,34855510,19.99,1,3,10.19,1,1,1.00,-5.40,9.83,-156.87,2.35,3.61,0.50,-8.62,-0.70,-12.66
,-1.44,-0.42,0.00,0.00,-1.44,-0.42,-0.09,0.26,0.25,-1.14,-0.59,0.29,-1.44,-1.23,-0.42,0.27,2.62,-2.50,1.95,1.58,-0.48,0.01,0.02,-0.51,-4.78,-0.67,0.09,-0.0761,1.02,-5.09,2.35,3.61,1,1,1,0,37.94,103.70,3.81,5538,6304,6153,5639,1.001,0.00,0.00,-7.33,116.95,0.0
0,0.00
168,34875333,19.82,1,3,10.20,1,1,1.00,-5.39,9.78,-156.95,2.35,3.61,0.50,-8.62,-0.39,-12.18,-1.43,-0.43,0.00,0.00,-1.43,-0.43,-0.05,0.26,0.22,-1.10,-0.59,0.26,-1.43,-1.18,-0.43,0.17,1.79,-1.70,1.00,5.70,-0.93,-0.47,0.02,-0.49,-3.61,-11.57,1.89,0.0139,0.00,0.00,
2.35,3.61,1,0,0,0,38.04,103.70,3.27,5712,6576,5831,5460,1.001,0.00,0.00,-7.29,117.02,0.00,0.00
169,34895488,20.16,1,3,10.20,1,1,1.00,-5.37,9.74,-157.02,4.98,3.68,0.50,-8.62,-1.84,-12.17,-1.48,-0.08,0.00,0.00,-1.48,-0.08,-0.24,0.26,0.07,-1.10,-0.59,0.21,-1.
48,-1.11,-0.08,-0.01,0.84,1.02,-0.35,5.64,-0.59,-0.58,0.02,-0.03,0.77,-16.45,2.24,0.3916,43.96,4.47,4.98,3.68,1,1,1,1,37.85,103.78,4.37,5881,6525,5779,5444,1.000,0.00,0.00,-7.26,117.09,0.00,0.00
170,34915493,20.00,1,3,10.20,1,1,1.00,-5.32,9.64,-157.09,7.58,3.08,0.
49,-8.62,-4.02,-11.96,-1.49,0.39,0.00,0.00,-1.49,0.39,-0.53,0.26,-0.11,-1.08,-0.59,0.18,-1.49,-1.03,0.39,-0.21,0.49,2.80,-0.98,6.32,-1.10,-0.83,0.02,-0.28,4.73,-10.03,0.56,0.5835,38.13,-3.55,7.58,3.08,1,1,1,1,38.06,103.69,3.18,5600,6313,5875,5742,1.001,0.00,
0.00,-7.19,117.17,0.00,0.00
171,34935480,19.99,1,3,10.20,1,1,1.00,-5.30,9.48,-157.15,7.93,2.74,0.48,-8.62,-5.13,-11.68,-1.49,0.61,0.00,0.00,-1.49,0.61,-0.67,0.26,-0.18,-1.05,-0.59,0.16,-1.49,-0.94,0.61,-0.24,0.34,2.80,-1.39,8.17,-1.35,-1.14,0.01,-0.22,6.01,
2.83,-0.84,0.2515,11.82,-1.10,7.93,2.74,1,1,1,0,37.72,103.81,5.09,5339,6260,6125,5919,1.000,0.00,0.00,-7.08,117.23,0.00,0.00
172,34955498,20.02,1,3,10.20,1,1,1.00,-5.27,9.33,-157.21,5.37,2.74,0.48,-8.62,-4.05,-11.43,-1.48,0.33,0.00,0.00,-1.48,0.33,-0.53,0.25,-0.06,-1.0
3,-0.59,0.15,-1.48,-0.81,0.33,-0.02,0.25,0.12,-1.96,2.61,0.22,-0.50,0.01,0.71,1.24,15.11,-2.15,0.3205,-30.09,2.77,5.37,2.74,1,1,1,1,37.96,103.72,3.75,5379,5784,6409,5889,1.000,0.00,0.00,-6.96,117.28,0.00,0.00
173,34975484,19.99,1,3,10.20,1,1,1.00,-5.24,9.22,-157.26
,2.83,3.04,0.47,-8.63,-2.09,-11.37,-1.50,-0.08,0.00,0.00,-1.50,-0.08,-0.27,0.25,0.10,-1.03,-0.60,0.12,-1.50,-0.81,-0.08,0.14,0.04,-2.49,-2.27,-3.71,0.96,0.22,0.01,0.74,-3.20,9.49,-0.77,0.4926,-69.72,6.40,2.83,3.04,1,1,1,1,37.87,103.78,4.23,5679,5911,6369,5629,1.000,0
.00,0.00,-6.88,117.33,0.00,0.00
174,34995502,20.02,1,3,10.20,1,1,1.00,-5.21,9.16,-157.32,0.88,0.96,0.47,-8.63,-0.26,-10.00,-1.32,-0.44,0.00,0.00,-1.32,-0.44,-0.03,0.25,0.22,-0.90,-0.60,0.18,-1.32,-0.88,-0.44,0.21,1.16,-2.80,-0.23,-4.66,0.33,0.30,0.01,0.03,-4.94,1.
70,-0.11,0.8861,-21.34,-22.60,0.88,0.96,1,1,1,0,37.98,103.73,3.65,5654,6089,6205,5594,1.000,0.00,0.00,-6.84,117.39,0.00,0.00
175,35015506,20.00,1,3,10.20,1,1,1.00,-5.19,9.14,-157.34,0.81,0.89,0.47,-8.63,0.00,-9.40,-1.26,-0.45,0.00,0.00,-1.26,-0.45,0.00,0.25,0.20,-0.8
5,-0.60,0.18,-1.26,-0.91,-0.45,0.19,1.08,-1.87,-0.05,0.05,-0.57,-0.04,0.01,-0.54,-3.99,-4.11,0.47,0.4911,0.00,0.00,0.81,0.89,1,1,1,0,37.73,103.82,5.08,5620,6304,6030,5646,1.000,0.00,0.00,-6.82,117.41,0.00,0.00
176,35035512,20.01,1,3,10.20,1,1,1.00,-5.16,9.13,-157.
36,2.26,0.68,0.47,-8.63,-0.07,-9.12,-1.26,-0.40,0.00,0.00,-1.26,-0.40,-0.01,0.25,0.15,-0.82,-0.60,0.16,-1.26,-0.80,-0.40,0.06,0.74,-0.88,-0.71,9.41,-2.13,-1.18,0.01,-0.96,-2.34,-9.98,1.32,0.0135,18.98,-1.71,2.26,0.68,1,1,1,0,37.71,103.84,5.16,5522,6559,5648,5738,1.000
,0.00,0.00,-6.81,117.43,0.00,0.00
177,35055496,19.98,1,3,10.20,1,1,1.00,-5.12,9.08,-157.37,4.76,0.32,0.46,-8.63,-1.81,-8.92,-1.26,-0.00,0.00,0.00,-1.26,-0.00,-0.24,0.25,-0.01,-0.81,-0.60,0.14,-1.26,-0.66,-0.00,-0.09,0.46,1.85,-1.50,7.49,-0.74,-1.02,0.00,0.28,2.13,-
13.38,1.83,0.4100,42.19,-3.78,4.76,0.32,1,1,1,1,37.79,103.87,4.72,5744,6467,5789,5457,1.000,0.00,0.00,-6.78,117.44,0.00,0.00
178,35075516,20.02,1,3,10.20,1,1,1.00,-5.10,8.99,-157.38,5.65,0.18,0.46,-8.63,-3.06,-8.81,-1.27,0.25,0.00,0.00,-1.27,0.25,-0.40,0.25,-0.10,
-0.80,-0.60,0.12,-1.27,-0.60,0.25,-0.27,0.22,2.77,-1.99,0.96,0.39,-0.31,-0.00,0.70,4.45,-11.51,1.62,0.7902,15.99,-1.43,5.65,0.18,1,1,1,0,37.85,103.85,4.41,5861,6315,5991,5332,1.000,0.00,0.00,-6.71,117.45,0.00,0.00
179,35095500,19.98,1,3,10.20,1,1,1.00,-5.06,8.88,-15
7.38,3.39,0.21,0.45,-8.63,-2.21,-8.66,-1.28,0.06,0.00,0.00,-1.28,0.06,-0.29,0.25,-0.02,-0.78,-0.60,0.11,-1.28,-0.65,0.06,-0.34,0.13,0.59,-1.92,-4.77,0.84,0.35,-0.00,0.50,1.85,1.51,-0.51,0.3262,-22.87,0.55,3.39,0.21,1,1,1,0,37.66,103.94,5.53,5751,5881,6238,5662,1.00
0,0.00,0.00,-6.62,117.45,0.00,-0.00
180,35115521,20.02,1,3,10.20,1,1,1.00,-5.00,8.81,-157.39,0.91,-0.27,0.45,-8.63,-0.42,-8.19,-1.22,-0.32,0.00,0.00,-1.22,-0.32,-0.06,0.25,0.12,-0.74,-0.60,0.12,-1.22,-0.72,-0.32,-0.26,0.39,-1.91,-1.22,-3.05,-0.26,0.14,0.00,-0.40,-2.
09,8.47,-1.87,0.4163,-28.02,-5.82,0.91,-0.27,1,1,1,1,37.83,103.91,4.59,5374,5848,6273,5934,1.000,0.00,0.00,-6.57,117.45,0.00,0.00
181,35135520,20.00,1,3,10.20,1,1,1.00,-4.96,8.79,-157.38,-1.56,1.64,0.45,-8.62,0.87,-9.01,-1.37,-0.56,0.00,0.00,-1.37,-0.56,0.11,0.25
,0.20,-0.81,-0.60,0.04,-1.37,-0.69,-0.56,-0.02,-0.66,-2.73,-2.95,4.42,-1.50,-0.70,-0.00,-0.79,-4.45,10.93,-1.93,0.1115,-58.27,23.83,-1.56,1.64,1,1,1,1,37.91,103.88,4.19,5180,6071,6185,6085,1.000,0.00,0.00,-6.56,117.45,0.00,-0.00
182,35155525,20.00,1,3,10.20,1,1,1.00,-4
.94,8.82,-157.42,-1.29,3.29,0.45,-8.63,1.70,-10.34,-1.59,-0.70,0.00,0.00,-1.59,-0.70,0.22,0.25,0.22,-0.93,-0.60,-0.05,-1.59,-0.57,-0.70,0.10,-1.74,-2.59,-5.87,6.41,-1.24,-1.17,-0.01,-0.07,-5.47,1.50,0.04,0.4113,1.94,22.51,-1.29,3.29,1,1,1,0,38.26,103.78,2.20,5481,6
309,5972,5798,1.000,0.00,0.00,-6.58,117.48,0.00,0.00
183,35175529,20.00,1,3,10.20,1,1,1.00,-4.90,8.85,-157.48,-0.09,2.94,0.45,-8.63,1.30,-10.72,-1.64,-0.57,0.00,0.00,-1.64,-0.57,0.17,0.25,0.15,-0.97,-0.60,-0.06,-1.64,-0.51,-0.57,0.04,-1.43,-0.89,-6.11,0.79,-0.29,-0.
83,-0.01,0.55,-2.86,-9.52,1.54,0.5839,13.89,-1.19,-0.09,2.94,1,1,1,0,38.21,103.79,2.58,5890,6392,5907,5559,1.000,0.00,0.00,-6.60,117.54,0.00,0.00
184,35195531,20.00,1,3,10.19,1,1,1.00,-4.86,8.85,-157.54,2.37,2.48,0.45,-8.63,0.00,-10.73,-1.63,-0.27,0.00,0.00,-1.63,
-0.27,0.00,0.25,0.02,-0.97,-0.61,-0.05,-1.63,-0.53,-0.27,-0.13,-0.86,1.25,-5.42,-3.54,0.23,-0.32,-0.01,0.57,0.82,-14.88,2.13,1.2718,33.15,-2.82,2.37,2.48,1,1,1,1,38.12,103.80,3.18,6015,6407,5905,5391,1.000,0.00,0.00,-6.61,117.60,0.00,0.00
185,35215538,20.01,1,3,10.20
,1,1,1.00,-4.82,8.80,-157.59,2.93,2.22,0.45,-8.63,-0.39,-10.60,-1.60,-0.18,0.00,0.00,-1.60,-0.18,-0.05,0.25,-0.02,-0.96,-0.61,-0.03,-1.60,-0.60,-0.18,-0.38,-0.39,1.33,-4.43,-6.01,0.45,0.07,-0.01,0.39,1.96,-10.17,1.05,0.3468,9.48,-0.80,2.93,2.22,1,1,1,0,38.05,103.81,3
.60,5868,6247,6088,5469,1.001,0.00,0.00,-6.57,117.65,0.00,0.00
186,35235536,20.00,1,3,10.20,1,1,1.00,-4.79,8.74,-157.63,0.48,1.90,0.45,-8.63,0.00,-10.24,-1.54,-0.27,0.00,0.00,-1.54,-0.27,0.00,0.25,0.02,-0.92,-0.61,-0.00,-1.54,-0.70,-0.27,-0.47,0.13,0.35,-2.97,-6.15,0.
11,0.21,-0.01,-0.09,1.01,-1.34,-0.59,0.1407,-35.28,-1.94,0.48,1.90,1,1,1,1,38.26,103.75,2.49,5621,6041,6227,5746,1.000,0.00,0.00,-6.53,117.70,0.00,0.00
187,35255538,20.00,1,3,10.20,1,1,1.00,-4.74,8.73,-157.67,-1.98,2.15,0.44,-8.63,1.55,-10.12,-1.52,-0.58,0.00,0.00,-1.52,-0.
58,0.20,0.25,0.13,-0.91,-0.61,0.00,-1.52,-0.76,-0.58,-0.40,0.19,-1.72,-2.44,-3.27,-0.17,0.04,-0.01,-0.20,-2.29,7.62,-1.78,0.2355,-62.40,5.17,-1.98,2.15,1,1,1,1,38.15,103.79,3.15,5485,5917,6342,6001,1.000,0.00,0.00,-6.52,117.73,0.00,0.00
188,35275539,20.00,1,3,10.20
,1,1,1.00,-4.70,8.77,-157.72,-1.57,4.61,0.45,-8.63,2.18,-11.57,-1.74,-0.69,0.00,0.00,-1.74,-0.69,0.28,0.25,0.15,-1.04,-0.61,-0.09,-1.74,-0.78,-0.69,-0.26,-1.24,-1.75,-5.12,-0.26,-0.49,-0.27,-0.01,-0.21,-3.12,9.23,-1.66,0.3074,3.30,40.06,-1.57,4.61,1,1,1,1,38.38,103.6
9,1.85,5418,5988,6296,5985,1.001,0.00,0.00,-6.55,117.78,0.00,0.00
189,35295527,19.99,1,3,10.20,1,1,1.00,-4.68,8.80,-157.81,-1.35,5.37,0.45,-8.63,2.33,-12.61,-1.88,-0.69,0.00,0.00,-1.88,-0.69,0.31,0.25,0.14,-1.14,-0.61,-0.14,-1.88,-0.76,-0.69,-0.15,-1.69,-1.15,-6.36
,2.30,-1.33,-0.93,-0.02,-0.38,-2.85,4.22,-0.55,0.6872,1.16,14.21,-1.35,5.37,1,1,1,0,38.13,103.73,3.25,5472,6290,6084,5966,1.000,0.00,0.00,-6.58,117.87,0.00,0.00
190,35315548,20.02,1,3,10.20,1,1,1.00,-4.65,8.83,-157.91,-1.16,6.04,0.45,-8.63,2.31,-13.44,-1.99,-0.66,0.
00,0.00,-1.99,-0.66,0.30,0.25,0.11,-1.21,-0.61,-0.16,-1.99,-0.74,-0.66,-0.20,-1.72,-0.5
5,-7.01,0.07,-0.73,-0.80,-0.02,0.09,-2.02,-9.02,2.04,0.8778,1.14,13.97,-1.16,6.04,1,1,1,0,38.20,103.68,2.89,5884,6492,5761,5539,1.000,0.00,0.00,-6.60,117.98,0.00,0.00
191,35335551,20.00,1,3,10.20,1,1,1.00,-4.59,8.85,-158.04,1.19,5.25,0.45,-8.63,0.85,-13.41,-1.95,-0.33,
0.00,0.00,-1.95,-0.33,0.11,0.25,-0.03,-1.21,-0.61,-0.13,-1.95,-0.71,-0.33,-0.39,-0.90,1.64,-6.16,-0.84,-0.64,-0.77,-0.02,0.15,1.84,-12.20,1.68,0.5581,28.74,-4.10,1.19,5.25,1,1,1,0,37.99,103.78,4.10,5828,6473,5861,5554,1.000,0.00,0.00,-6.62,118.10,0.00,0.00
192,35355553
,20.00,1,3,10.20,1,1,1.00,-4.56,8.83,-158.14,-0.85,4.99,0.45,-8.63,1.47,-13.14,-1.89,-0.47,0.00,0.00,-1.89,-0.47,0.19,0.25,0.03,-1.19,-0.61,-0.09,-1.89,-0.75,-0.47,-0.59,-0.19,0.24,-4.95,-6.30,0.74,0.02,-0.02,0.74,0.62,-9.36,1.38,0.5318,-24.86,1.98,-0.85,4.99,1
,1,1,0,38.26,103.73,2.68,5927,6240,6071,5369,1.000,0.00,0.00,-6.60,118.20,0.00,0.00
193,35375553,20.00,1,3,10.20,1,1,1.00,-4.54,8.85,-158.24,-3.31,4.53,0.45,-8.63,3.16,-12.65,-1.79,-0.81,0.00,0.00,-1.79,-0.81,0.41,0.25,0.15,-1.14,-0.62,-0.04,-1.79,-0.86,-0.81,-0.66,0
.44,-1.96,-3.29,-9.90,1.02,0.62,-0.02,0.43,-2.44,-4.08,0.17,0.4523,-46.59,-0.90,-3.31,4.53,1,1,1,1,38.27,103.73,2.68,5852,6068,6292,5535,1.000,0.00,0.00,-6.61,118.30,0.00,0.00
194,35395365,19.81,1,3,10.19,1,1,1.00,-4.51,8.91,-158.33,-3.31,4.53,0.45,-8.63,3.83,-12.
45,-1.76,-0.92,0.00,0.00,-1.76,-0.92,0.50,0.25,0.17,-1.12,-0.62,-0.02,-1.76,-0.97,-0.92,-0.64,0.51,-1.95,-2.32,-6.28,0.02,0.37,-0.02,-0.34,-2.83,4.99,-1.91,0.2560,0.00,0.00,-3.31,4.53,1,0,0,0,38.21,103.73,3.08,5467,5904,6413,5968,1.001,0.00,0.00,-6.66,118.39,0.00,0.00

195,35415517,20.15,1,3,10.19,1,1,1.00,-4.49,8.98,-158.42,-4.59,7.16,0.45,-8.63,4.99,-13.88,-1.98,-1.13,0.00,0.00,-1.98,-1.13,0.65,0.25,0.23,-1.25,-0.62,-0.10,-1.98,-1.01,-1.13,-0.50,-1.00,-2.54,-4.90,0.90,-1.28,-0.40,-0.02,-0.86,-4.59,9.17,-1.84,0.3947,-18.60,49.31
,-4.59,7.16,1,1,1,1,38.22,103.73,3.08,5267,6108,6255,6090,1.001,0.00,0.00,-6.72,118.49,0.00,0.00
196,35435527,20.01,1,3,10.19,1,1,1.00,-4.46,9.07,-158.56,-7.19,9.07,0.46,-8.63,7.10,-15.48,-2.25,-1.55,0.00,0.00,-2.25,-1.55,0.93,0.25,0.34,-1.40,-0.62,-0.18,-2.25,-0.88,
-1.55,-0.37,-2.30,-2.80,-8.19,7.55,-2.25,-1.55,-0.03,-0.67,-7.75,0.52,0.02,0.3323,-58.51,30.12,-7.19,9.07,1,1,1,1,38.15,103.73,3.52,5385,6483,5883,5975,1.001,0.00,0.00,-6.79,118.63,0.00,0.00
197,35455525,20.00,1,3,10.19,1,1,1.00,-4.43,9.21,-158.75,-7.62,11.64,0.47,-8.63,8.32,-17.6
4,-2.62,-1.75,0.00,0.00,-2.62,-1.75,1.09,0.25,0.37,-1.59,-0.62,-0.28,-2.62,-0.73,-1.75,-0.46,-2.80,-2.80,-11.23,2.90,-0.92,-1.38,-0.03,0.50,-8.31,-9.67,1.02,0.5421,-12.39,41.28,-7.62,11.64,1,1,1,1,38.16,103.73,3.52,5694,6419,5907,5669,1.001,0.00,0.00,-6.90,1
18.81,0.00,0.00
198,35475530,
20.00,1,3,10.19,1,1,1.00,-4.40,9.37,-158.98,-5.37,10.56,0.47,-8.63,7.41,-17.97,-2.59,-1.44,0.00,0.00,-2.59,-1.44,0.97,0.25,0.23,-1.62,-0.62,-0.25,-2.59,-0.76,-1.44,-0.69,-1.62,0.07,-9.77,-8.25,0.75,-0.37,-0.04,1.16,-2.57,-14.17,1.15,0.5444,19.90,-1.53,-5.37,10.56,1,1,1,
0,38.27,103.79,2.99,5879,6271,6165,5378,1.001,0.00,0.00,-7.01,119.05,0.00,0.00
199,35495527,20.00,1,3,10.19,1,1,1.00,-4.38,9.47,-159.19,-4.43,8.02,0.48,-8.62,6.36,-16.62,-2.26,-1.18,0.00,0.00,-2.26,-1.18,0.83,0.25,0.10,-1.50,-0.62,-0.11,-2.26,-0.93,-1.18,-0.91,0.95,1.6
5,-4.73,-14.92,1.37,0.64,-0.04,0.76,0.79,-15.01,1.90,0.8428,6.17,-26.80,-4.43,8.02,1,1,1,1,38.28,103.79,2.99,6128,6248,6109,5265,1.001,0.00,0.00,-7.10,119.26,0.00,0.00
200,35515535,20.01,1,3,10.18,1,1,1.00,-4.34,9.56,-159.35,-4.43,8.02,0.48,-8.62,5.94,-16.09,-2.15,-1.0
7,0.00,0.00,-2.15,-1.07,0.78,0.25,0.05,-1.45,-0.63,-0.06,-2.
15,-1.24,-1.07,-1.11,1.25,1.73,-2.33,-15.76,1.41,1.38,-0.03,0.06,1.86,-6.77,0.40,0.2887,0.00,0.00,-4.43,8.02,1,0,0,0,38.34,103.78,2.75,5930,6055,6322,5452,1.002,0.00,0.00,-7.17,119.42,0.00,0.00
201,35535535,20.00,1,3,10.18,1,1,1.00,-4.33,9.65,-159.51,-4.84,7.93,0.49,-8
.62,6.01,-15.80,-2.10,-1.08,0.00,0.00,-2.10,-1.08,0.79,0.25,0.04,-1.43,-0.63,-0.03,-2.10,-1.39,-1.08,-1.15,1.17,1.09,-1.23,-6.06,-0.80,0.47,-0.02,-1.24,1.33,2.02,-1.23,0.6131,-9.12,6.93,-4.84,7.93,1,1,1,0,38.35,103.78,2.75,5407,6165,6277,5942,1.002,0.00,0.00,-7.24,119.5
8,0.00,0.00
202,35555522,19.99,1,3,10.18,1,1,1.00,-4.31,9.75,-159.67,-4.84,7.93,0.49,-8.62,6.04,-15.68,-2.07,-1.08,0.00,0.00,-2.07,-1.08,0.79,0.25,0.04,-1.42,-0.63,-0.01,-2.07,-1.40,-1.08,-1.05,0.89,0.73,-1.36,2.52,-1.31,-0.47,-0.02,-0.81,0.65,6.78,-1.11,0.2165,0.00,0.
00,-4.84,7.93,1,0,0,0,38.24,103.77,3.38,5363,6242,6188,6001,1.002,0.00,0.00,-7.31,119.74,0.00,0.00
203,35575540,20.02,1,3,10.18,1,1,1.00,-4.31,9.85,-159.83,-4.03,10.76,0.49,-8.62,5.70,-17.37,-2.42,-1.00,0.00,0.00,-2.42,-1.00,0.75,0.25,0.00,-1.57,-0.63,-0.12,-2.42,-1.26
,-1.00,-0.88,-1.52,0.95,-6.35,8.86,-1.93,-1.28,-0.03,-0.62,0.58,7.27,-0.85,0.5579,4.04,53.62,-4.03,10.76,1,1,1,1,38.25,103.77,3.38,5279,6366,6080,6013,1.002,0.00,0.00,-7.39,119.90,0.00,0.00
204,35595545,20.00,1,3,10.18,1,1,1.00,-4.29,9.93,-160.04,-6.64,13.54,0.50,-8.62
,7.24,-19.59,-2.81,-1.34,0.00,0.00,-2.81,-1.34,0.95,0.25,0.12,-1.77,-0.63,-0.23,-2.81,-1.08,-1.34,-0.77,-2.80,-1.47,-10.47,5.22,-1.19,-1.44,-0.04,0.30,-3.29,1.64,0.37,0.5488,-33.39,43.61,-6.64,13.54,1,1,1,1,38.15,103.85,3.97,5600,6369,5957,5816,1.003,0.00,0.00,-7.45,120
.12,0.00,0.00
205,35615546,20.00,1,3,10.18,1,1,1.00,-4.26,10.06,-160.31,-6.93,12.42,0.50,-8.62,7.98,-19.80,-2.77,-1.48,0.00,0.00,-2.77,-1.48,1.05,0.25,0.15,-1.79,-0.63,-0.20,-2.77,-1.04,-1.48,-0.78,-1.53,-1.79,-9.19,-4.75,0.30,-0.71,-0.04,1.06,-4.13,-3.57,0.36,0.7291,-
10.04,0.75,-6.93,12.42,1,1,1,0,38.16,103.85,3.97,5748,6190,6175,5574,1.003,0.00,0.00,-7.55,120.39,0.00,0.00
206,35635553,20.01,1,3,10.18,1,1,1.00,-4.25,10.20,-160.56,-6.04,10.80,0.51,-8.62,7.68,-18.95,-2.55,-1.36,0.00,0.00,-2.55,-1.36,1.01,0.25,0.10,-1.71,-0.63,-0.11,-
2.55,-1.18,-1.36,-0.85,0.32,-0.43,-5.60,-16.78,2.38,0.95,-0.04,1.46,-2.04,-8.21,0.91,0.6759,3.48,-6.52,-6.04,10.80,1,1,1,0,38.13,103.98,4.12,6065,6022,6408,5196,1.003,0.00,0.00,-7.66,120.64,0.00,0.00
207,35655553,20.00,1,3,10.18,1,1,1.00,-4.24,10.32,-160.78,-5.01,11.02
,0.51,-8.62,6.95,-18.79,-2.52,-1.19,0.00,0.00,-2.52,-1.19,0.91,0.25,0.02,-1.70,-0.64,-0.08,-2.52,-1.43,-1.19,-0.93,0.42,0.76,-4.05,-18.04,1.72,1.55,-0.03,0.19,-0.05,-4.62,0.25,0.6710,6.11,13.46,-5.01,11.02,1,1,1,0,37.85,104.11,5.67,5886,6020,6408,5367,1.003,0.00,0.00,-7
.76,120.86,0.00,0.00
208,35675555,20.00,1,3,10.19,1,1,1.00,-4.22,10.42,-161.00,-5.01,11.02,0.52,-8.62,6.66,-18.73,-2.49,-1.12,0.00,0.00,-2.49,-1.12,0.87,0.25,-0.00,-1.69,-0.64,-0.06,-2.49,-1.68,-1.12,-1.00,0.42,0.90,-2.57,-6.85,-0.96,0.35,-0.03,-1.28,0.50,-2.85,0.21,0.
2232,0.00,0.00,-5.01,11.02,1,0,0,0,37.78,104.16,6.00,5510,6310,6002,5708,1.002,0.00,0.00,-7.84,121.08,0.00,0.00
209,35695559,20.00,1,3,10.19,1,1,1.00,-4.21,10.52,-161.22,-7.80,10.16,0.52,-8.62,8.17,-18.06,-2.35,-1.48,0.00,0.00,-2.35,-1.48,1.07,0.25,0.11,-1.63,-0.64,-0.
00,-2.35,-1.71,-1.48,-1.02,1.15,-1.63,-0.94,-1.42,-0.81,-0.14,-0.03,-0.63,-3.09,-2.15,0.17,0.9183,-49.32,1.28,-7.80,10.16,1,1,1,1,37.65,104.29,6.54,5493,6296,6038,5663,1.002,0.00,0.00,-7.91,121.30,0.00,0.00
210,35715563,20.00,1,3,10.19,1,1,1.00,-4.20,10.67,-161.42,-8.5
2,12.89,0.53,-8.62,9.33,-19.40,-2.64,-1.73,0.00,0.00,-2.64,-1.73,1.22,0.25,0.18,-1.75,-0.64,-0.09,-2.64,-1.64,-1.73,-0.97,-1.00,-2.57,-5.04,4.40,-1.08,-0.67,-0.03,-0.38,-5.25,5.37,-1.84,0.4598,-16.07,57.52,-8.52,12.89,1,1,1,1,37.74,104.31,5.97,5192,6034,6236,5962,1.002,
0.00,0.00,-8.04,121.51,0.00,0.00
211,35735564,20.00,1,3,10.20,1,1,1.00,-4.19,10.85,-161.68,-8.52,12.89,0.54,-8.62,9.80,-19.93,-2.70,-1.79,0.00,0.00,-2.70,-1.79,1.28,0.25,0.18,-1.80,-0.64,-0.10,-2.70,-1.58,-1.79,-0.88,-1.06,-2.05,-5.74,1.30,-0.50,-0.79,-0.04,0.33,-5.63,
4.44,-1.35,0.6390,0.00,0.00,-8.52,12.89,1,0,0,0,37.65,104.41,6.29,5363,6017,6242,5850,1.001,0.00,0.00,-8.17,121.77,0.00,0.00
212,35755553,19.99,1,3,10.20,1,1,1.00,-4.18,11.02,-161.94,-7.74,11.71,0.55,-8.62,9.47,-19.47,-2.58,-1.66,0.00,0.00,-2.58,-1.66,1.24,0.
25,0.12,-1.76,-0.64,-0.05,-2.58,-1.59,-1.66,-0.81,0.06,-0.53,-3.96,-4.79,0.49,-0.12,-0.04,0.65,-3.73,0.72,-0.50,1.1751,0.00,0.00,-7.74,11.71,1,1,1,0,37.64,104.47,6.22,5594,5986,6249,5597,1.001,0.00,0.00,-8.30,122.03,0.00,0.00
213,35775572,20.02,1,3,10.20,1,1,1.00,-4.
17,11.17,-162.17,-7.44,10.39,0.55,-8.62,9.10,-18.52,-2.38,-1.55,0.00,0.00,-2.38,-1.55,1.19,0.25,0.07,-1.67,-0.65,0.02,-2.38,-1.72,-1.55,-0.85,1.23,0.34,-0.95,-10.45,1.41,0.81,-0.03,0.64,-2.03,-7.19,1.16,0.7660,-4.37,-3.05,-7.44,10.39,1,1,1,0,37.31,104.67,7.86,5883,6133,
6199,5202,1.001,0.00,0.00,-8.42,122.27,0.00,0.00
214,35795575,20.00,1,3,10.20,1,1,1.00,-4.15,11.32,-162.38,-8.59,7.70,0.56,-8.62,9.53,-16.48,-1.99,-1.65,0.00,0.00,-1.99,-1.65,1.25,0.26,0.09,-1.49,-0.65,0.14,-1.99,-1.91,-1.65,-1.01,2.80,-0.42,2.52,-9.49,0.93,1.07,-0.03
,-0.10,-2.54,-9.68,1.23,0.4015,-20.59,-20.22,-8.59,7.70,1,1,1,0,37.52,104.71,6.52,5835,6111,6032,5265,1.000,0.00,0.00,-8.54,122.48,0.00,0.00
215,35815576,20.00,1,3,10.20,1,1,1.00,-4.14,11.49,-162.53,-7.48,10.40,0.57,-8.62,9.15,-17.32,-2.24,-1.53,0.00,0.00,-2.24,-1.5
3,1.20,0.26,0.04,-1.56,-0.65,0.06,-2.24,-2.00,-1.53,-1.15,0.33,0.47,-0.42,-2.26,-0.15,0.60,-0.03,-0.73,-0.76,-5.10,-0.17,0.2030,4.28,59.10,-7.48,10.40,1,1,1,1,37.34,104.90,7.36,5486,6148,6151,5571,1.000,0.00,0.00,-8.67,122.63,0.00,0.00
216,35835582,20.01,1,3,10.20,1,
1,1.00,-4.14,11.64,-162.74,-6.58,13.05,0.57,-8.62,8.58,-19.29,-2.63,-1.38,0.00,0.00,-2.63,-1.38,1.12,0.26,-0.01,-1.74,-0.65,-0.08,-2.63,-1.95,-1.38,-1.17,-2.21,1.22,-4.50,5.04,-1.64,-0.68,-0.03,-0.94,0.53,1.11,-0.84,0.3964,3.20,73.73,-6.58,13.05,1,1,1,1,37.59,104.9
4,5.98,5190,6219,6006,5845,1.000,0.00,0.00,-8.79,122.84,0.00,0.00
217,35855585,20.00,1,3,10.20,1,1,1.00,-4.13,11.77,-163.00,-7.90,15.68,0.58,-8.62,9.26,-21.59,-3.05,-1.57,0.00,0.00,-3.05,-1.57,1.21,0.26,0.04,-1.95,-0.65,-0.21,-3.05,-1.78,-1.57,-1.09,-2.80,-0.37,-8.17,6.96,-1.73,-1.43,-0.03,-0.27,-1.90
,4.27,-0.78,0.5713,-22.40,51.81,-7.90,15.68,1,1,1,1,37.49,105.08,6.42,5247,6243,5992,5909,1.000,0.00,0.00,-8.89,123.11,0.00,0.00
218,35875587,20.00,1,3,10.20,1,1,1.00,-4.13,11.93,-163.32,-9.41,14.53,0.59,-8.62,10.39,-21.76,-3.00,-1.84,0.00,0.00,-3.00,-1.84,1.36,0.26,0.12,-1.96,-0.65,-0.17,-3.00,
-1.69,-1.84,-0.98,-1.51,-1.90,-7.09,-2.02,0.11,-0.77,-0.04,0.92,-5.17,4.27,-0.90,0.6812,-26.07,1.88,-9.41,14.53,1,1,1,0,37.58,105.17,5.92,5415,6018,6286,5623,1.000,0.00,0.00,-9.02,123.42,0.00,0.00
219,35895591,20.00,1,3,10.20,1,1,1.00,-4.13,12.12,-163.61,-10.50,12.26
,0.59,-8.62,11.40,-20.42,-2.69,-2.06,0.00,0.00,-2.69,-2.06,1.49,0.26,0.17,-1.84,-0.65,-0.06,-2.69,-1.81,-2.06,-0.90,0.91,-2.55,-2.47,-12.68,1.90,0.70,-0.04,1.24,-7.39,1.03,-0.62,0.7560,-22.64,-12.97,-10.50,12.26,1,1,1,0,37.53,105.29,6.05,5707,5824,6489,5368,1.000,0
.00,0.00,-9.16,123.72,0.00,0.00
220,35915399,19.81,1,3,10.21,1,1,1.00,-4.13,12.33,-163.85,-10.50,12.26,0.60,-8.62,11.81,-19.88,-2.60,-2.11,0.00,0.00,-2.60,-2.11,1.55,0.26,0.17,-1.80,-0.66,-0.01,-2.60,-2.05,-2.11,-0.90,1.15,-1.97,-0.60,-16.81,2.42,1.79,-0.03,0.66,-7.
04,-5.52,0.37,0.6689,0.00,0.00,-10.50,12.26,1,0,0,0,37.56,105.40,5.83,5902,5876,6417,5166,0.999,0.00,0.00,-9.33,123.97,0.00,0.00
221,35935553,20.15,1,3,10.21,1,1,1.00,-4.12,12.54,-164.10,-9.51,12.19,0.61,-8.61,11.38,-19.67,-2.56,-1.96,0.00,0.00,-2.56,-1.96,1.49,0
.26,0.10,-1.78,-0.66,0.00,-2.56,-2.23,-1.96,-0.99,0.95,-0.35,-0.11,-13.29,1.08,1.58,-0.02,-0.48,-4.22,-10.00,0.83,0.3095,0.83,11.45,-9.51,12.19,1,1,1,0,37.42,105.53,6.53,5784,6126,6190,5279,0.999,0.00,0.00,-9.49,124.21,0.00,0.00
222,35955560,20.01,1,3,10.21,1,1,1.00,-4
.11,12.73,-164.34,-8.48,14.12,0.62,-8.61,10.68,-20.78,-2.80,-1.76,0.00,0.00,-2.80,-1.76,1.40,0.26,0.03,-1.88,-0.66,-0.07,-2.80,-2.25,-1.76,-1.17,-0.81,0.96,-2.55,8.12,-3.29,-1.03,-0.02,-2.24,-0.94,-7.81,0.25,0.1465,2.48,34.60,-8.48,14.12,1,1,1,0,37.16,105.69,7.80,5175,6
542,5609,5977,0.999,0.00,0.00,-9.64,124.46,0.00,0.00
223,35975559,20.00,1,3,10.21,1,1,1.00,-4.09,12.90,-164.62,-7.28,16.77,0.63,-8.61,9.79,-22.86,-3.19,-1.54,0.00,0.00,-3.19,-1.54,1.28,0.26,-0.04,-2.06,-0.66,-0.18,-3.19,-2.00,-1.54,-1.25,-2.80,1.97,-7.80,14.80,-3.05,-
2.17,-0.03,-0.86,1.04,-3.05,-0.15,0.5788,5.67,79.39,-7.28,16.77,1,1,1,1,37.27,105.77,6.99,5082,6460,5694,5928,0.999,0.00,0.00,-9.77,124.75,0.00,0.00
224,35995563,20.00,1,3,10.21,1,1,1.00,-4.07,13.04,-164.96,-7.02,19.38,0.63,-8.61,9.39,-25.27,-3.60,-1.47,0.00,0.00,-3.
60,-1.47,1.23,0.26,-0.07,-2.28,-0.66,-0.30,-3.60,-1.74,-1.47,-1.24,-2.80,1.75,-11.09,4.90,-0.55,-1.58,-0.04,1.07,1.01,3.06,-0.82,0.8452,-4.10,76.43,-7.02,19.38,1,1,1,1,37.22,105.91,7.16,5362,6034,6106,5723,0.998,0.00,0.00,-9.89,125.08,0.00,0.00
225,36015565,20.00,
1,3,10.21,1,1,1.00,-4.06,13.18,-165.35,-7.94,20.28,0.64,-8.61,9.81,-26.74,-3.79,-1.60,0.00,0.00,-3.79,-1.60,1.29,0.26,-0.02,-2.41,-0.67,-0.33,-3.79,-1.79,-1.60,-1.13,-2.80,0.33,-11.82,-12.96,2.09,0.23,-0.04,1.91,-1.17,5.74,-0.96,0.9012,-18.10,30.16,-7.94,20.28,1,1,1,0
,37.31,105.99,6.50,5677,5670,6475,5377,0.999,0.00,0.00,-10.01,125.47,0.00,0.00
226,36035551,19.99,1,3,10.22,1,1,1.00,-4.06,13.34,-165.75,-9.45,18.76,0.65,-8.61,10.83,-26.35,-3.62,-1.86,0.00,0.00,-3.62,-1.86,1.42,0.26,0.06,-2.38,-0.67,-0.24,-3.62,-2.00,-1.86,-1.04,-0.
77,-1.37,-7.91,-19.64,1.77,0.98,-0.04,0.84,-4.40,4.73,-0.75,0.5972,-26.40,1.87,-9.45,18.76,1,1,1,0,37.27,106.11,6.55,5637,5788,6455,5367,0.998,0.00,0.00,-10.13,125.88,0.00,0.00
227,36055570,20.02,1,3,10.22,1,1,1.00,-4.06,13.53,-166.13,-8.95,16.21,0.65,-8.61,10.83,-24.69,-3
.24,-1.83,0.00,0.00,-3.24,-1.83,1.42,0.27,0.05,-2.23,-0.67,-0.09,-3.24,-2.31,-1.83,-1.01,1.80,-0.70,-1.87,-24.53,2.58,2.07,-0.03,0.54,-3.65,-1.66,0.05,0.8920,-3.22,-45.39,-8.95,16.21,1,1,1,1,37.30,106.17,6.33,5851,5774,6443,5158,0.998,0.00,0.00,-10.29,126.26,0.00,0.00

228,36075574,20.00,1,3,10.22,1,1,1.00,-4.03,13.71,-166.45,-9.22,15.90,0.66,-8.61,10.98,-23.83,-3.09,-1.85,0.00,0.00,-3.09,-1.85,1.44,0.27,0.05,-2.15,-0.67,-0.02,-3.09,-2.62,-1.85,-1.05,2.13,-0.63,0.64,-7.96,-0.88,0.76,-0.03,-1.61,-3.55,-4.58,0.37,0.1857,-12.35,12.
37,-9.22,15.90,1,1,1,0,37.17,106.28,6.90,5510,6207,5877,5643,0.998,0.00,0.00,-10.43,126.59,0.00,0.00
229,36095575,20.00,1,3,10.22,1,1,1.00,-4.00,13.90,-166.77,-7.78,17.73,0.67,-8.61,10.25,-24.64,-3.27,-1.65,0.00,0.00,-3.27,-1.65,1.34,0.27,-0.02,-2.23,-0.67,-0.06,-3.2
7,-2.60,-1.65,-1.13,0.28,0.82,-1.91,4.50,-1.56,-0.48,-0.03,-1.06,-0.85,-7.39,0.77,0.7986,8.61,38.56,-7.78,17.73,1,1,1,0,37.48,106.27,5.10,5467,6321,5705,5676,0.997,0.00,0.00,-10.57,126.91,0.00,0.00
230,36115561,19.99,1,3,10.22,1,1,1.00,-3.98,14.05,-167.13,-6.73,20.24
,0.67,-8.61,9.43,-26.52,-3.62,-1.46,0.00,0.00,-3.62,-1.46,1.24,0.27,-0.08,-2.39,-0.68,-0.17,-3.62,-2.51,-1.46,-1.22,-1.99,1.72,-6.62,9.01,-2.10,-1.36,-0.03,-0.71,0.95,-4.72,0.25,1.1063,5.31,76.39,-6.73,20.24,1,1,1,1,37.20,106.42,6.62,5321,6414,5795,5808,0.997,0.00,0.0
0,-10.70,127.27,0.00,0.00
231,36135583,20.02,1,3,10.22,1,1,1.00,-3.97,14.19,-167.53,-6.89,22.74,0.68,-8.61,9.31,-28.76,-4.01,-1.46,0.00,0.00,-4.01,-1.46,1.22,0.27,-0.07,-2.60,-0.68,-0.28,-4.01,-2.34,-1.46,-1.22,-2.80,1.12,-10.15,5.65,-1.10,-1.53,-0.04,0.47,0.37,1.
89,-0.66,0.6118,-8.76,56.76,-6.89,22.74,1,1,1,1,37.14,106.48,6.81,5284,6135,6019,5748,0.997,0.00,0.00,-10.81,127.67,0.00,0.00
232,36155583,20.00,1,3,10.22,1,1,1.00,-3.96,14.32,-167.99,-6.34,20.93,0.68,-8.61,8.85,-28.59,-3.88,-1.36,0.00,0.00,-3.88,-1.36,1.16,0.27,-0.
09,-2.58,-0.68,-0.21,-3.88,-2.32,-1.36,-1.16,-1.01,1.34,-7.84,-4.67,0.31,-0.68,-0.04,1.04,0.73,4.94,-1.03,0.8366,0.00,0.00,-6.34,20.93,1,1,1,0,37.02,106.61,7.34,5441,5864,6218,5633,0.997,0.00,0.00,-10.93,128.13,0.00,0.00
233,36175591,20.01,1,3,10.22,1,1,1.00,-3.94
,14.45,-168.40,-8.83,18.44,0.69,-8.61,10.05,-26.94,-3.50,-1.70,0.00,0.00,-3.50,-1.70,1.32,0.27,0.02,-2.43,-0.68,-0.06,-3.50,-2.51,-1.70,-1.08,1.63,-1.19,-2.40,-18.28,2.96,1.30,-0.04,1.70,-3.20,4.05,-0.35,1.1513,-43.46,-25.02,-8.83,18.44,1,1,1,1,37.19,106.60,6.28,5902,
5552,6425,5214,0.997,0.00,0.00,-11.03,128.55,0.00,0.00
234,36195587,20.00,1,3,10.22,1,1,1.00,-3.92,14.63,-168.77,-10.57,15.96,0.69,-8.61,11.47,-24.72,-3.08,-2.04,0.00,0.00,-3.08,-2.04,1.50,0.27,0.13,-2.23,-0.69,0.09,-3.08,-2.85,-2.04,-1.02,2.80,-2.80,2.07,-19.51,2.
21,2.14,-0.03,0.11,-6.95,0.74,-0.37,0.2243,-30.81,-46.59,-10.57,15.96,1,1,1,1,37.12,106.71,6.61,5785,5709,6388,5299,0.997,0.00,0.00,-11.17,128.92,0.00,0.00
235,36215596,20.01,1,3,10.22,1,1,1.00,-3.90,14.84,-169.09,-8.79,16.04,0.70,-8.61,10.98,-23.96,-2.98,-1.85,0.00,0.
00,-2.98,-1.85,1.44,0.27,0.06,-2.16,-0.69,0.12,-2.98,-3.03,-1.85,-1.04,2.38,-0.71,2.54,-8.86,-0.08,1.36,-0.02,-1.42,-3.71,-4.32,-0.09,0.5718,11.97,16.99,-8.79,16.04,1,1,1,0,37.32,106.71,5.48,5529,6018,6022,5574,0.997,0.00,0.00,-11.34,129.24,0.00,0.00
236,36235596,
20.00,1,3,10.22,1,1,1.00,-3.86,15.01,-169.41,-7.71,18.51,0.71,-8.61,10.22,-25.18,-3.27,-1.66,0.00,0.00,-3.27,-1.66,1.34,0.27,-0.01,-2.27,-0.69,0.02,-3.27,-2.94,-1.66,-1.10,-0.23,0.74,-1.30,13.30,-3.71,-1.34,-0.02,-2.36,-1.05,-4.92,0.33,0.2434,4.88,72.19,-7.71,18.51,1
,1,1,1,37.29,106.80,5.68,5130,6581,5515,6024,0.997,0.00,0.00,-11.48,129.57,0.00,0.00
237,36255598,20.00,1,3,10.22,1,1,1.00,-3.84,15.17,-169.78,-5.59,20.98,0.72,-8.61,8.76,-27.23,-3.67,-1.30,0.00,0.00,-3.67,-1.30,1.15,0.27,-0.12,-2.46,-0.69,-0.11,-3.67,-2.60,-1.30,-1.18,-
2.59,2.69,-7.03,19.31,-3.42,-2.57,-0.03,-0.83,2.31,-4.74,0.40,0.6238,19.04,61.16,-5.59,20.98,1,1,1,1,37.56,106.78,4.23,5147,6577,5566,5944,0.997,0.00,0.00,-11.61,129.94,0.00,0.00
238,36275603,20.00,1,3,10.22,1,1,1.00,-3.82,15.28,-170.20,-7.62,22.23,0.72,-8.61,9.42
,-28.72,-3.91,-1.52,0.00,0.00,-3.91,-1.52,1.23,0.27,-0.04,-2.59,-0.69,-0.19,-3.91,-2.29,-1.52,-1.24,-2.80,0.37,-9.96,5.31,-0.05,-1.54,-0.04,1.53,-0.55,-2.23,0.40,1.0581,-31.24,36.78,-7.62,22.23,1,1,1,0,37.51,106.86,4.57,5640,6154,6035,5548,0.997,0.00,0.00,-11.70,130.36
,0.00,0.00
239,36295600,20.00,1,3,10.21,1,1,1.00,-3.81,15.43,-170.65,-7.62,22.23,0.72,-8.60,9.69,-29.31,-3.97,-1.59,0.00,0.00,-3.97,-1.59,1.27,0.27,-0.01,-2.65,-0.70,-0.19,-3.97,-2.30,-1.59,-1.26,-2.17,-0.16,-9.55,-11.20,2.21,0.15,-0.05,2.11,-1.22,-3.41,0.45,1.4461,
0.00,0.00,-7.62,22.23,1,0,0,0,37.82,106.79,2.93,5910,5883,6349,5209,0.998,0.00,0.00,-11.83,130.81,0.00,0.00
240,36315610,20.01,1,3,10.21,1,1,1.00,-3.80,15.59,-171.09,-8.08,20.43,0.73,-8.60,10.01,-28.45,-3.75,-1.67,0.00,0.00,-3.75,-1.67,1.31,0.27,0.01,-2.57,-0.70,-0.
09,-3.75,-2.56,-1.67,-1.26,-0.05,-0.59,-5.04,-23.23,3.14,1.71,-0.04,1.48,-1.90,2.46,-1.15,1.0521,-13.11,0.87,-8.08,20.43,1,1,1,0,37.48,106.90,4.80,5866,5587,6718,5341,0.998,0.00,0.00,-11.96,131.26,0.00,0.00
241,36335609,20.00,1,3,10.21,1,1,1.00,-3.79,15.75,-171.50,
-7.41,18.72,0.74,-8.60,9.66,-27.12,-3.48,-1.57,0.00,0.00,-3.48,-1.57,1.27,0.27,-0.02,-2.45,-0.70,0.01,-3.48,-2.90,-1.57,-1.20,1.63,0.21,-0.22,-25.05,2.75,2.50,-0.03,0.29,-0.98,3.84,-0.98,0.2787,0.00,0.00,-7.41,18.72,1,1,1,0,37.59,106.87,4.27,5808,5603,6587,5339,0.998,
0.00,0.00,-12.09,131.67,0.00,0.00
242,36355614,20.00,1,3,10.21,1,1,1.00,-3.78,15.90,-171.87,-6.60,20.07,0.74,-8.60,9.10,-27.42,-3.57,-1.44,0.00,0.00,-3.57,-1.44,1.19,0.27,-0.06,-2.48,-0.70,-0.01,-3.57,-3.18,-1.44,-1.14,0.49,0.97,-0.75,-11.09,-0.21,1.36,-0.02,-1.55
,0.01,1.07,0.06,0.4934,2.32,35.10,-6.60,20.07,1,1,1,0,37.48,106.92,4.92,5552,6160,6087,5592,0.998,0.00,0.00,-12.21,132.04,0.00,0.00
243,36375616,20.00,1,3,10.21,1,1,1.00,-3.78,16.03,-172.28,-8.07,22.50,0.74,-8.60,9.85,-28.94,-3.87,-1.65,0.00,0.00,-3.87,-1.65,1.29,0.2
7,0.01,-2.61,-0.71,-0.11,-3.87,-3.11,-1.65,-1.10,-1.53,-0.70,-4.24,13.12,-4.27,-1.73,-0.03,-2.52,-2.46,0.41,-0.01,0.4498,-24.48,49.65,-8.07,22.50,1,1,1,0,37.60,106.90,4.24,4999,6665,5542,6128,0.998,0.00,0.00,-12.32,132.45,0.00,0.00
244,36395619,20.00,1,3,10.21,1,1,
1.00,-3.77,16.19,-172.73,-7.18,24.22,0.75,-8.60,9.68,-30.61,-4.16,-1.59,0.00,0.00,-4.16,-1.59,1.27,0.27,-0.00,-2.76,-0.71,-0.19,-4.16,-2.83,-1.59,-1.09,-2.78,-0.09,-8.48,18.28,-3.37,-2.81,-0.04,-0.53,-1.67,-1.83,0.01,1.4299,2.87,43.59,-7.18,24.22,1,1,1,0,37.63,106.94,4.
18,5129,6574,5682,6016,0.998,0.00,0.00,-12.46,132.90,0.00,0.00
245,36415620,20.00,1,3,10.20,1,1,1.00,-3.77,16.33,-173.21,-7.16,21.69,0.75,-8.60,9.50,-29.77,-3.92,-1.55,0.00,0.00,-3.92,-1.55,1.24,0.28,-0.02,-2.69,-0.71,-0.10,-3.92,-2.65,-1.55,-1.12,-0.33,0.19,-5.72
,6.11,-0.49,-1.82,-0.05,1.38,-1.18,-3.32,0.48,1.1832,-6.91,-18.01,-7.16,21.69,1,1,1,1,37.74,106.89,3.67,5533,6300,6044,5537,0.999,0.00,0.00,-12.58,133.39,0.00,0.00
246,36435416,19.80,1,3,10.20,1,1,1.00,-3.77,16.48,-173.64,-7.16,21.69,0.76,-8.60,9.44,-29.43,-3.85,-1.
54,0.00,0.00,-3.85,-1.54,1.24,0.28,-0.02,-2.66,-0.71,-0.06,-3.85,-2.70,-1.54,-1.16,0.21,0.19,-4.61,-10.29,2.28,0.57,-0.05,1.76,-1.02,-1.65,-0.23,1.5873,0.00,0.00,-7.16,21.69,1,0,0,0,37.56,106.95,4.74,5829,5845,6508,5289,1.000,0.00,0.00,-12.70,133.82,0.00,0.00
247,
36455589,20.17,1,3,10.20,1,1,1.00,-3.77,16.62,-174.08,-6.92,19.00,0.76,-8.60,9.16,-27.69,-3.50,-1.48,0.00,0.00,-3.50,-1.48,1.20,0.28,-0.04,-2.50,-0.72,0.06,-3.50,-3.06,-1.48,-1.13,2.32,0.52,0.93,-24.80,4.01,2.52,-0.04,1.53,-0.58,1.40,-0.47,0.6240,-4.41,-66.92,-6.92,19.00,1
,1,1,1,37.77,106.86,3.57,6052,5512,6695,5116,1.000,0.00,0.00,-12.82,134.26,0.00,0.00
248,36475589,20.00,1,3,10.20,1,1,1.00,-3.75,16.76,-174.46,-6.53,16.34,0.77,-8.60,8.71,-25.42,-3.09,-1.37,0.00,0.00,-3.09,-1.37,1.14,0.28,-0.06,-2.30,-0.72,0.19,-3.09,-3.48,-1.37,-1.10
,2.80,0.97,4.07,-16.07,1.05,2.12,-0.03,-1.04,0.10,0.07,-0.02,0.2407,-2.33,-35.48,-6.53,16.34,1,1,1,1,37.73,106.91,3.81,5750,5990,6274,5477,1.000,0.00,0.00,-12.93,134.64,0.00,0.00
249,36495592,20.00,1,3,10.20,1,1,1.00,-3.74,16.89,-174.79,-5.98,14.97,0.77,-8.60,8.15,-
23.72,-2.82,-1.25,0.00,0.00,-2.82,-1.25,1.07,0.28,-0.09,-2.14,-0.72,0.26,-2.82,-3.56,-1.25,-1.09,2.80,1.37,5.36,4.24,-2.17,-0.02,-0.02,-2.12,0.85,0.11,-0.07,0.3042,0.00,0.00,-5.98,14.97,1,1,1,0,37.95,106.88,2.68,5287,6430,5875,5878,1.000,0.00,0.00,-13.04,134.97,0.0
0,0.00
250,36515593,20.00,1,3,10.20,1,1,1.00,-3.74,17.01,-175.08,-4.34,17.56,0.78,-8.60,7.05,-24.65,-3.10,-1.04,0.00,0.00,-3.10,-1.04,0.92,0.28,-0.16,-2.23,-0.72,0.15,-3.10,-3.41,-1.04,-1.08,0.11,2.18,1.09,12.33,-1.68,-0.87,-0.03,-0.78,2.28,-1.36,0.52,0.9953,13.72,69
.01,-4.34,17.56,1,1,1,1,37.97,106.89,2.59,5447,6481,5901,5752,1.000,0.00,0.00,-13.14,135.27,0.00,0.00
251,36535598,20.00,1,3,10.20,1,1,1.00,-3.74,17.09,-175.44,-3.76,19.62,0.78,-8.60,6.34,-26.28,-3.45,-0.93,0.00,0.00,-3.45,-0.93,0.83,0.28,-0.18,-2.37,-0.72,0.02,-3
.45,-3.24,-0.93,-1.10,-2.04,2.12,-2.70,12.09,-1.74,-1.37,-0.03,-0.34,2.69,0.38,-0.29,1.1168,2.78,42.57,-3.76,19.62,1,1,1,0,37.98,106.86,2.63,5326,6396,6012,5861,1.000,0.00,0.00,-13.21,135.62,0.00,0.00
252,36555598,20.00,1,3,10.20,1,1,1.00,-3.74,17.17,-175.83,-3.76,1
9.62,0.78,-8.60,6.06,-26.93,-3.55,-0.91,0.00,0.00,-3.55,-0.91,0.79,0.28,-0.17,-2.43,-0.73,-0.03,-3.55,-3.01,-0.91,-0.98,-1.97,1.51,-3.70,5.08,-0.01,-0.97,-0.04,1.00,1.74,8.73,-1.49,0.8657,0.00,0.00,-3.76,19.62,1,0,0,0,37.82,106.89,3.52,5447,5957,6348,5844,1.000,0.00
,0.00,-13.28,136.02,0.00,0.00
253,36575604,20.01,1,3,10.20,1,1,1.00,-3.73,17.24,-176.22,-6.48,16.90,0.78,-8.60,7.47,-25.45,-3.24,-1.25,0.00,0.00,-3.24,-1.25,0.98,0.28,-0.03,-2.30,-0.73,0.07,-3.24,-3.00,-1.25,-0.80,0.66,-1.13,-0.11,-7.45,1.81,0.47,-0.04,1.38,-2.58,8.78,
-1.04,1.1213,-42.76,-31.24,-6.48,16.90,1,1,1,1,38.05,106.83,2.36,5700,5783,6535,5497,1.000,0.00,0.00,-13.35,136.41,0.00,0.00
254,36595606,20.00,1,3,10.20,1,1,1.00,-3.74,17.37,-176.56,-6.48,16.90,0.79,-8.60,8.04,-24.86,-3.16,-1.38,0.00,0.00,-3.16,-1.38,1.05,0.28,0.
02,-2.24,-0.73,0.09,-3.16,-3.17,-1.38,-0.63,0.89,-1.50,0.91,-12.66,2.18,1.57,-0.03,0.64,-4.05,3.90,-0.57,0.6412,0.00,0.00,-6.48,16.90,1,0,0,0,37.91,106.90,3.19,5804,5862,6588,5380,1.000,0.00,0.00,-13.46,136.75,0.00,0.00
255,36615607,20.00,1,3,10.20,1,1,1.00,-3.74,17.50
,-176.90,-6.76,14.04,0.79,-8.60,8.32,-22.90,-2.80,-1.43,0.00,0.00,-2.80,-1.43,1.09,0.28,0.04,-2.07,-0.73,0.20,-2.80,-3.32,-1.43,-0.61,2.80,-1.32,4.48,-8.57,0.60,1.18,-0.03,-0.55,-4.33,-2.65,0.31,0.3160,-9.47,-42.31,-6.76,14.04,1,1,1,1,38.03,106.89,2.53,5736,6127,620
3,5494,1.001,0.00,0.00,-13.56,137.09,0.00,0.00
256,36635613,20.01,1,3,10.20,1,1,1.00,-3.72,17.64,-177.18,-4.73,12.23,0.80,-8.60,7.15,-21.12,-2.51,-1.16,0.00,0.00,-2.51,-1.16,0.94,0.28,-0.06,-1.91,-0.73,0.27,-2.51,-3.31,-1.16,-0.68,2.80,0.81,5.65,5.87,-1.61,-0.17,-0.0
3,-1.41,-0.71,-5.75,0.41,0.4455,15.97,-6.19,-4.73,12.23,1,1,1,0,37.83,106.99,3.68,5483,6437,5905,5800,1.000,0.00,0.00,-13.68,137.37,0.00,0.00
257,36655613,20.00,1,3,10.20,1,1,1.00,-3.70,17.73,-177.42,-4.31,11.16,0.80,-8.60,6.38,-19.78,-2.33,-1.01,0.00,0.00,-2.33,-1.01,0.84
,0.28,-0.11,-1.79,-0.73,0.30,-2.33,-3.11,-1.01,-0.79,2.80,1.42,5.54,10.32,-0.99,-0.58,-0.03,-0.38,0.71,-7.22,1.07,0.8629,0.00,0.00,-4.31,11.16,1,1,1,0,37.90,107.02,3.31,5629,6413,5868,5609,1.001,0.00,0.00,-13.76,137.62,0.00,0.00
258,36675618,20.00,1,3,10.20,1,1,1.00
,-3.69,17.82,-177.65,-2.72,12.17,0.80,-8.60,5.16,-19.91,-2.45,-0.78,0.00,0.00,-2.45,-0.78,0.68,0.28,-0.18,-1.80,-0.74,0.23,-2.45,-2.88,-0.78,-0.84,1.11,2.35,2.48,9.50,-0.30,-0.49,-0.03,0.22,2.55,-0.92,-0.46,0.6089,14.23,22.95,-2.72,12.17,1,1,1,0,37.80,107.09,3.82,5479
,6178,6219,5679,1.000,0.00,0.00,-13.83,137.84,0.00,0.00
259,36695621,20.00,1,3,10.20,1,1,1.00,-3.68,17.87,-177.89,-5.37,9.52,0.80,-8.60,6.16,-18.28,-2.16,-1.02,0.00,0.00,-2.16,-1.02,0.81,0.28,-0.07,-1.65,-0.74,0.29,-2.16,-2.75,-1.02,-0.79,2.48,0.04,4.37,1.46,0.91,
0.13,-0.03,0.81,-0.70,4.98,-0.84,0.8223,-52.41,-71.65,-5.37,9.52,1,1,1,1,37.98,107.06,2.87,5682,5848,6311,5664,1.000,0.00,0.00,-13.87,138.09,0.00,0.00
260,36715624,20.00,1,3,10.20,1,1,1.00,-3.65,17.98,-178.08,-5.10,6.90,0.81,-8.60,6.29,-16.06,-1.82,-1.06,0.00,0.00,-
1.82,-1.06,0.82,0.28,-0.04,-1.45,-0.74,0.37,-1.82,-2.73,-1.06,-0.62,2.80,-0.23,6.37,-1.84,1.09,0.78,-0.03,0.34,-1.64,8.23,-1.59,0.6372,-2.16,-33.93,-5.10,6.90,1,1,1,1,37.90,107.12,3.34,5615,5765,6472,5749,1.000,0.00,0.00,-13.96,138.28,0.00,0.00
261,36735608,19.98
,1,3,10.20,1,1,1.00,-3.63,18.08,-178.22,-4.90,4.30,0.81,-8.60,6.13,-13.63,-1.52,-1.04,0.00,0.00,-1.52,-1.04,0.80,0.28,-0.05,-1.23,-0.74,0.45,-1.52,-2.74,-1.04,-0.53,2.80,0.01,7.93,-2.33,1.26,1.09,-0.02,0.20,-1.60,3.66,-0.34,0.6855,-2.67,-42.04,-4.90,4.30,1,1,1,1,37.9
4,107.14,3.22,5761,5930,6351,5517,1.000,0.00,0.00,-14.05,138.42,0.00,0.00
262,36755629,20.02,1,3,10.20,1,1,1.00,-3.62,18.18,-178.30,-4.32,2.47,0.82,-8.60,5.64,-11.58,-1.30,-0.95,0.00,0.00,-1.30,-0.95,0.74,0.28,-0.07,-1.05,-0.74,0.49,-1.30,-2.70,-0.95,-0.52,2.80,0.56
,8.87,7.52,-1.30,0.05,-0.02,-1.33,-0.79,-0.65,0.10,0.1982,2.16,-17.97,-4.32,2.47,1,1,1,0,37.60,107.27,5.09,5481,6334,5964,5796,1.000,0.00,0.00,-14.12,138.51,0.00,0.00
263,36775631,20.00,1,3,10.20,1,1,1.00,-3.59,18.27,-178.35,-4.10,0.17,0.82,-8.60,5.23,-9.40,-1.06,-0.
88,0.00,0.00,-1.06,-0.88,0.69,0.28,-0.09,-0.85,-0.74,0.53,-1.06,-2.47,-0.88,-0.55,2.80,0.80,8.89,13.69,-1.11,-0.60,-0.02,-0.48,-0.25,-3.71,0.67,0.4132,-1.61,-25.68,-4.10,0.17,1,1,1,0,37.64,107.32,4.90,5592,6283,5815,5709,1.000,0.00,0.00,-14.19,138.56,0.00,0.00
264
,36795634,20.00,1,3,10.20,1,1,1.00,-3.56,18.35,-178.36,-2.05,0.61,0.82,-8.59,3.86,-8.87,-1.09,-0.61,0.00,0.00,-1.09,-0.61,0.51,0.28,-0.18,-0.80,-0.74,0.46,-1.09,-2.23,-0.61,-0.59,1.67,2.16,6.45,12.25,-0.21,-0.42,-0.02,0.23,2.09,-2.97,0.26,0.8386,21.05,5.63,-2.05,0.61,
1,1,1,0,37.40,107.49,6.06,5632,6145,6020,5620,1.000,0.00,0.00,-14.26,138.57,0.00,0.00
265,36815636,20.00,1,3,10.20,1,1,1.00,-3.55,18.39,-178.37,-2.90,-0.93,0.82,-8.59,3.76,-7.70,-1.00,-0.63,0.00,0.00,-1.00,-0.63,0.49,0.28,-0.15,-0.70,-0.74,0.44,-1.00,-2.12,-0.63,-
0.61,1.61,1.31,6.24,4.89,1.00,0.20,-0.03,0.83,1.26,-0.58,0.11,0.6338,-12.53,-18.44,-2.90,-0.93,1,1,1,0,37.37,107.55,6.15,5690,5987,6220,5397,1.000,0.00,0.00,-14.29,138.58,0.00,0.00
266,36835638,20.00,1,3,10.20,1,1,1.00,-3.52,18.45,-178.35,-5.09,-3.44,0.83,-8.59,4.94
,-5.65,-0.77,-0.90,0.00,0.00,-0.77,-0.90,0.65,0.28,-0.03,-0.51,-0.74,0.48,-0.77,-2.06,-0.90,-0.56,2.43,-0.83,7.91,2.58,0.67,0.46,-0.02,0.24,-1.91,4.82,-1.10,0.7103,-30.11,-39.02,-5.09,-3.44,1,1,1,1,36.96,107.76,8.22,5615,5731,6200,5729,1.000,0.00,0.00,-14.33,138.57
,0.00,-0.00
267,36855641,20.00,1,3,10.21,1,1,1.00,-3.49,18.55,-178.28,-5.31,-5.67,0.83,-8.58,5.46,-3.48,-0.54,-1.01,0.00,0.00,-0.54,-1.01,0.71,0.28,0.02,-0.31,-0.74,0.52,-0.54,-1.98,-1.01,-0.45,2.80,-1.24,9.06,4.23,0.34,0.46,-0.02,-0.09,-3.06,7.04,-1.50,0.3248,-7.83,-31.29
,-5.31,-5.67,1,1,1,0,37.11,107.81,7.22,5397,5736,6223,5703,1.000,0.00,0.00,-14.42,138.57,0.00,-0.00
268,36875630,19.99,1,3,10.21,1,1,1.00,-3.47,18.66,-178.17,-5.16,-7.23,0.83,-8.56,5.52,-1.67,-0.35,-1.02,0.00,0.00,-0.35,-1.02,0.72,0.28,0.02,-0.15,-0.75,0.53,-0.35,-1.
92,-1.02,-0.36,2.80,-0.87,9.66,3.96,0.76,0.64,-0.02,0.15,-3.05,2.72,-0.43,0.5321,-3.47,-25.19,-5.16,-7.23,1,1,1,0,36.96,107.96,7.86,5629,5826,6142,5542,0.999,0.00,0.00,-14.51,138.56,0.00,-0.00
269,36895652,20.02,1,3,10.22,1,1,1.00,-3.43,18.76,-178.02,-4.94,-9.72,0.8
4,-8.53,5.33,0.00,-0.13,-0.98,0.00,0.00,-0.13,-0.98,0.70,0.28,-0.00,0.00,-0.75,0.53,-0.13,-1.82,-0.98,-0.36,2.80,-0.30,10.32,9.36,-0.81,0.04,-0.02,-0.83,-2.29,-2.19,0.28,0.2695,-2.40,-39.92,-4.94,-9.72,1,1,1,1,36.81,108.10,8.54,5508,6098,5809,5647,0.999,0.00,0.00,-14.6
0,138.55,0.00,-0.01
270,36915652,20.00,1,3,10.22,1,1,1.00,-3.39,18.86,-177.83,-4.57,-9.40,0.84,-8.50,5.04,0.25,-0.20,-0.92,0.00,0.00,-0.20,-0.92,0.66,0.28,-0.02,0.02,-0.75,0.44,-0.20,-1.57,-0.92,-0.42,1.34,0.17,7.23,15.20,-1.15,-0.61,-0.02,-0.53,-1.43,-4.10,0.34,0.3
035,-0.34,-5.77,-4.57,-9.40,1,1,1,0,36.64,108.27,9.25,5474,6105,5712,5689,0.998,0.00,0.00,-14.69,138.54,0.00,-0.01
271,36935654,20.00,1,3,10.22,1,1,1.00,-3.35,18.95,-177.64,-4.97,-8.73,0.84,-8.47,5.19,0.16,-0.33,-0.96,0.00,0.00,-0.33,-0.96,0.68,0.28,-0.01,
0.01,-0.75,0.35,-0.33,-1.31,-0.96,-0.47,0.13,-0.11,4.13,14.03,-0.75,-0.85,-0.02,0.12,-1.65,-3.43,0.24,0.5036,-9.62,-0.96,-4.97,-8.73,1,1,1,0,36.79,108.35,8.25,5458,6052,5791,5591,0.997,0.00,0.00,-14.78,138.53,0.00,-0.02
272,36955462,19.81,1,3,10.23,1,1,1.00,-3.33,1
9.05,-177.47,-4.97,-8.73,0.84,-8.45,5.25,0.14,-0.40,-0.97,0.00,0.00,-0.40,-0.97,0.69,0.28,-0.00,0.01,-0.75,0.28,-0.40,-1.18,-0.97,-0.53,-0.36,-0.16,2.41,3.25,1.40,0.11,-0.03,1.32,-1.55,-5.88,0.70,0.9406,0.00,0.00,-4.97,-8.73,1,0,0,0,36.71,108.49,8.51,5817,5853,6037,5264
,0.996,0.00,0.00,-14.87,138.52,0.00,-0.04
273,36975619,20.16,1,3,10.23,1,1,1.00,-3.29,19.15,-177.29,-4.67,-9.99,0.85,-8.43,5.05,0.88,-0.30,-0.93,0.00,0.00,-0.30,-0.93,0.66,0.28,-0.02,0.08,-0.75,0.27,-0.30,-1.20,-0.93,-0.58,0.35,0.15,3.86,-2.80,1.09,0.65,-0.02,0.47
,-0.97,0.31,-1.00,0.3697,-1.35,-23.56,-4.67,-9.99,1,1,1,0,36.67,108.58,8.56,5591,5609,6160,5568,0.996,0.00,0.00,-14.96,138.50,0.01,-0.05
274,36995617,20.00,1,3,10.24,1,1,1.00,-3.23,19.24,-177.09,-4.44,-12.05,0.85,-8.41,4.77,2.41,-0.06,-0.87,0.00,0.00,-0.06,
-0.87,0.62,0.28,-0.03,0.22,-0.75,0.31,-0.06,-1.21,-0.87,-0.51,1.71,0.44,6.53,1.31,-0.06,0.32,-0.02,-0.36,-0.71,4.21,-1.12,0.0699,-1.95,-34.55,-4.44,-12.05,1,1,1,0,36.64,108.58,8.56,5430,5727,6007,5742,0.995,0.00,0.00,-15.05,138.49,0.01,-0.08
275,37015625,20.01,1,3
,10.24,1,1,1.00,-3.19,19.33,-176.85,-5.68,-11.08,0.85,-8.40,5.43,2.49,-0.14,-1.02,0.00,0.00,-0.14,-1.02,0.71,0.28,0.02,0.22,-0.75,0.25,-0.14,-1.15,-1.02,-0.43,0.64,-0.60,4.77,5.03,-0.24,0.19,-0.02,-0.41,-2.50,3.24,-0.48,-0.0040,-19.40,-0.39,-5.68,-11.08,1,1,1,0,36.65
,108.84,8.31,5449,5869,5933,5639,0.995,0.00,0.00,-15.14,138.48,0.01,-0.11
276,37035622,20.00,1,3,10.24,1,1,1.00,-3.15,19.44,-176.63,-5.28,-11.30,0.86,-8.39,5.45,2.64,-0.16,-1.02,0.00,0.00,-0.16,-1.02,0.71,0.28,0.02,0.24,-0.75,0.21,-0.16,-1.05,-1.02,-0.39,0.29,-0.3
9,3.76,5.39,-0.01,-0.08,-0.02,0.08,-2.41,-0.68,0.08,0.6016,-0.76,-13.71,-5.28,-11.30,1,1,1,0,36.62,108.84,8.31,5608,5861,5837,5591,0.994,0.00,0.00,-15.24,138.47,0.02,-0.14
277,37055614,19.99,1,3,10.25,1,1,1.00,-3.11,19.55,-176.40,-3.66,-11.81,0.87,-8.38,4.48,2.96,-0.14,-0.
81,0.00,0.00,-0.14,-0.81,0.59,0.28,-0.06,0.27,-0.75,0.19,-0.14,-0.99,-0.81,-0.42,0.30,1.01,3.53,4.90,-0.21,-0.14,-0.02,-0.05,-0.23,-3.85,0.39,0.4761,14.49,-17.56,-3.66,-11.81,1,1,1,0,36.54,109.09,8.59,5600,5943,5785,5553,0.994,0.00,0.00,-15.34,138.45,0.02,-0.18
278,3
7075630,20.02,1,3,10.25,1,1,1.00,-3.06,19.62,-176.17,-4.43,-13.58,0.87,-8.38,4.50,4.17,0.06,-0.83,0.00,0.00,0.06,-0.83,0.59,0.28,-0.05,0.38,-0.75,0.23,0.06,-0.83,-0.83,-0.43,1.43,0.57,4.88,10.54,-1.52,-0.88,-0.02,-0.63,-0.69,2.37,-1.01,0.2180,-13.11,-33.60,-4.43,-1
3.58,1,1,1,0,36.51,109.09,8.59,5213,5938,5804,5882,0.993,0.00,0.00,-15.42,138.44,0.03,-0.23
279,37095637,20.01,1,3,10.25,1,1,1.00,-3.01,19.71,-175.89,-4.07,-12.48,0.88,-8.38,4.34,3.98,-0.05,-0.80,0.00,0.00,-0.05,-0.80,0.57,0.28,-0.05,0.36,-0.75,0.17,-0.05,-0.62,-0.80
,-0.35,0.27,0.52,2.10,8.96,-0.30,-0.51,-0.03,0.24,-0.91,5.14,-1.11,0.1375,0.00,0.00,-4.07,-12.48,1,1,1,0,36.44,109.35,8.79,5398,5720,5934,5768,0.993,0.00,0.00,-15.51,138.42,0.03,-0.28
280,37115635,20.00,1,3,10.25,1,1,1.00,-2.95,19.79,-175.65,-3.76,-11.88,0.88,-8.
39,4.11,3.53,-0.17,-0.76,0.00,0.00,-0.17,-0.76,0.54,0.28,-0.06,0.32,-0.75,0.11,-0.17,-0.48,-0.76,-0.25,-0.57,0.57,0.43,3.58,0.33,-0.18,-0.03,0.55,-1.05,3.90,-0.60,0.2387,-0.26,-5.03,-3.76,-11.88,1,1,1,0,36.41,109.35,8.79,5505,5730,5976,5575,0.993,0.00,0.00,-15.60,138
.41,0.04,-0.34
281,37135638,20.00,1,3,10.25,1,1,1.00,-2.91,19.87,-175.41,-5.71,-13.88,0.89,-8.40,5.13,4.60,0.04,-0.99,0.00,0.00,0.04,-0.99,0.67,0.28,0.03,0.42,-0.75,0.15,0.04,-0.43,-0.99,-0.21,0.89,-1.00,2.38,0.83,0.21,-0.05,-0.03,0.29,-3.76,0.82,-0.05,0.2169,-28.02,-36.87,-5.71,-13
.88,1,1,1,0,36.70,109.50,7.03,5540,5831,5900,5499,0.993,0.00,0.00,-15.68,138.39,0.05,-0.40
282,37155639,20.00,1,3,10.25,1,1,1.00,-2.86,19.98,-175.13,-5.33,-14.30,0.90,-8.42,5.31,5.25,0.12,-1.02,0.00,0.00,0.12,-1.02,0.70,0.28,0.04,0.47,-0.75,0.16,0.12,-0.44,-1.02,-0.21
,1.07,-0.83,2.87,-2.16,0.89,0.57,-0.03,0.36,-3.76,-1.34,-0.28,0.0929,-0.96,-19.15,-5.33,-14.30,1,1,1,0,36.67,109.50,7.03,5643,5743,6052,5483,0.992,0.00,0.00,-15.79,138.37,0.05,-0.48
283,37175650,20.01,1,3,10.25,1,1,1.00,-2.82,20.09,-174.84,-5.02,-15.52,0.91,-8.45,5.17
,6.22,0.27,-0.98,0.00,0.00,0.27,-0.98,0.68,0.28,0.02,0.56,-0.75,0.19,0.27,-0.47,-0.98,-0.26,1.62,-0.31,4.18,-0.24,0.13,0.39,-0.03,-0.23,-2.77,-3.45,0.05,0.0805,-1.46,-29.62,-5.02,-15.52,1,1,1,0,36.92,109.61,5.68,5599,5868,5889,5553,0.992,0.00,0.00,-15.90,138
.34,0.06,-0.56
284,37195648,20.00,1,3,10.25,1,1,1.00,-2.76,20.19,-174.53,-4.65,-14.85,0.92,-8.48,4.92,6.17,0.20,-0.92,0.00,0.00,0.20,-0.92,0.64,0.28,-0.00,0.56,-0.75,0.15,0.20,-0.44,-0.92,-0.33,0.65,0.14,2.74,2.77,-0.15,0.18,-0.02,-0.30,-1.77,-2.82,-0.16,-0.0514,-0
.34,-7.11,-4.65,-14.85,1,1,1,0,36.92,109.61,5.68,5606,5871,5875,5686,0.992,0.00,0.00,-16.00,138.32,0.08,-0.66
285,37215656,20.01,1,3,10.25,1,1,1.00,-2.71,20.28,-174.24,-4.29,-13.82,0.93,-8.52,4.64,5.49,0.04,-0.87,0.00,0.00,0.04,-0.87,0.61,0.28,-0.02,0.50,-0.74,0.08,
0.04,-0.37,-0.87,-0.35,-0.59,0.44,0.72,3.74,-0.30,-0.12,-0.02,-0.15,-1.20,-0.27,-0.52,0.1901,-0.09,-1.87,-4.29,-13.82,1,1,1,0,37.20,109.61,4.11,5512,5871,5928,5728,0.992,0.00,0.00,-16.10,138.29,0.09,-0.76
286,37235649,19.99,1,3,10.25,1,1,1.00,-2.66,20.37,-173.96,-
6.76,-14.21,0.94,-8.57,6.01,5.50,0.04,-1.16,0.00,0.00,0.04,-1.16,0.79,0.28,0.09,0.50,-0.74,0.06,0.04,-0.28,-1.16,-0.33,-0.38,-1.49,0.65,3.64,-0.37,-0.36,-0.03,0.01,-4.55,2.38,-0.82,0.1131,-41.33,-18.75,-6.76,-14.21,1,1,1,1,37.21,109.61,4.11,5498,5879,5998,5813,0.992,0
.00,0.00,-16.19,138.26,0.10,-0.85
287,37255657,20.01,1,3,10.25,1,1,1.00,-2.61,20.50,-173.68,-7.95,-13.01,0.95,-8.61,7.32,4.78,-0.12,-1.42,0.00,0.00,-0.12,-1.42,0.96,0.28,0.17,0.43,-0.74,0.00,-0.12,-0.23,-1.42,-0.26,-1.21,-2.59,-0.85,0.31,0.44,0.04,-0.03,0.43,-
7.44,2.76,-1.18,0.1473,-21.86,1.00,-7.95,-13.01,1,1,1,0,37.35,109.64,3.44,5547,5740,6166,5741,0.992,0.00,0.00,-16.32,138.23,0.11,-0.96
288,37275662,20.00,1,3,10.25,1,1,1.00,-2.56,20.66,-173.42,-7.44,-14.66,0.97,-8.66,7.51,5.43,0.03,-1.42,0.00,0.00,0.03,-1.42,0.98,0.2
8,0.15,0.49,-0.74,0.05,0.03,-0.25,-1.42,-0.23,0.12,-1.65,1.03,-3.18,0.61,0.29,-0.03,0.35,-6.61,-0.26,-0.89,0.1497,-1.52,-33.86,-7.44,-14.66,1,1,1,0,37.16,109.76,4.50,5655,5741,6139,5729,0.993,0.00,0.00,-16.47,138.19,0.13,-1.05
289,37295664,20.00,1,3,10.25,1,1,1.00,-2
.52,20.81,-173.12,-6.86,-13.50,0.98,-8.72,7.28,4.95,-0.09,-1.34,0.00,0.00,-0.09,-1.34,0.95,0.28,0.10,0.45,-0.74,0.01,-0.09,-0.32,-1.34,-0.28,-0.65,-0.59,0.09,-2.85,0.40,0.48,-0.02,-0.06,-4.95,-5.14,0.21,-0.0162,0.00,0.00,-6.86,-13.50,1,1,1,0,37.32,109.74,3.70,5703,
5936,5985,5543,0.993,0.00,0.00,-16.61,138.15,0.14,-1.16
290,37315670,20.01,1,3,10.24,1,1,1.00,-2.47,20.95,-172.85,-5.74,-12.60,1.00,-8.77,6.55,4.15,-0.24,-1.16,0.00,0.00,-0.24,-1.16,0.86,0.28,0.03,0.37,-0.74,-0.05,-0.24,-0.37,-1.16,-0.41,-1.36,0.67,-0.95,-2.76,0.32,
0.36,-0.02,-0.01,-1.97,-8.35,0.69,0.0328,7.36,-2.02,-5.74,-12.60,1,1,1,0,37.46,109.73,3.04,5834,5974,5876,5566,0.993,0.00,0.00,-16.74,138.10,0.15,-1.27
291,37335668,20.00,1,3,10.24,1,1,1.00,-2.43,21.06,-172.60,-4.82,-11.63,1.01,-8.83,5.75,3.18,-0.41,-0.99,0.00,0.0
0,-0.41,-0.99,0.75,0.28,-0.04,0.29,-0.74,-0.10,-0.41,-0.39,-0.99,-0.52,-1.91,1.49,-1.98,-0.79,-0.25,-0.02,-0.02,-0.21,-0.01,-7.29,0.59,0.1366,5.90,-0.25,-4.82,-11.63,1,1,1,0,37.73,109.62,1.60,5711,6107,5884,5621,0.994,0.00,0.00,-16.85,138.06,0.17,-1.37
292,37355670,2
0.00,1,3,10.24,1,1,1.00,-2.40,21.16,-172.37,-5.61,-10.66,1.03,-8.88,5.93,2.21,-0.57,-1.04,0.00,0.00,-0.57,-1.04,0.78,0.28,-0.02,0.20,-0.74,-0.14,-0.57,-0.38,-1.04,-0.57,-2.21,0.68,-2.81,1.14,-0.64,-0.39,-0.02,-0.23,-0.81,-0.12,-0.74,-0.0248,-14.89,0.62,-5.61,-10.66
,1,1,1,0,37.60,109.65,2.45,5536,6003,6029,5899,0.994,0.00,0.00,-16.94,138.02,0.18,-1.46
293,37375675,20.00,1,3,10.24,1,1,1.00,-2.34,21.27,-172.15,-7.41,-9.89,1.04,-8.93,7.12,1.36,-0.69,-1.29,0.00,0.00,-0.69,-1.29,0.93,0.28,0.08,0.12,-0.74,-0.16,-0.69,-0.36,-1.29,-0.50,
-2.19,-1.09,-3.25,0.13,-0.29,-0.37,-0.03,0.10,-3.91,6.59,-1.73,0.1477,-28.51,-0.79,-7.41,-9.89,1,1,1,0,37.87,109.53,1.01,5480,5761,6142,6013,0.995,0.00,0.00,-17.05,137.98,0.19,-1.54
294,37395675,20.00,1,3,10.23,1,1,1.00,-2.31,21.42,-171.96,-6.83,-9.11,1.05,-8.97,7.
27,0.52,-0.81,-1.31,0.00,0.00,-0.81,-1.31,0.95,0.28,0.07,0.05,-0.74,-0.19,-0.81,-0.38,-1.31,-0.41,-2.17,-0.81,-3.54,-3.72,0.42,0.06,-0.03,0.39,-4.26,4.39,-1.09,0.4058,0.00,0.00,-6.83,-9.11,1,1,1,0,37.84,109.54,1.30,5647,5837,6235,5824,0.995,0.00,0.00,-17.18,137.93,0.
20,-1.62
295,37415666,19.99,1,3,10.23,1,1,1.00,-2.27,21.56,-171.77,-7.59,-8.34,1.07,-9.01,7.81,0.00,-0.88,-1.41,0.00,0.00,-0.88,-1.41,1.02,0.28,0.10,0.00,-0.74,-0.18,-0.88,-0.45,-1.41,-0.37,-1.81,-1.18,-3.18,-5.30,0.29,0.22,-0.02,0.09,-5.42,1.18,-0.63,0.5089,-16.4
9,0.65,-7.59,-8.34,1,1,1,0,37.87,109.49,1.23,5742,5855,6096,5832,0.995,0.00,0.00,-17.30,137.88,0.21,-1.69
296,37435684,20.02,1,3,10.23,1,1,1.00,-2.22,21.71,-171.61,-7.61,-7.80,1.08,-9.05,8.07,0.00,-0.86,-1.45,0.00,0.00,-0.86,-1.45,1.06,0.28,0.10,0.00,-0.74,-0.14,-0.86,
-0.52,-1.45,-0.38,-1.05,-0.97,-2.14,-2.81,-0.38,-0.05,-0.02,-0.32,-5.38,-1.63,-0.41,0.1324,-7.90,-1.47,-7.61,-7.80,1,1,1,0,37.76,109.49,1.97,5679,5984,5991,5888,0.996,0.00,0.00,-17.44,137.82,0.22,-1.75
297,37455686,20.00,1,3,10.22,1,1,1.00,-2.17,21.86,-171.45,-6
.85,-7.32,1.09,-9.08,7.73,-0.55,-0.93,-1.35,0.00,0.00,-0.93,-1.35,1.01,0.28,0.05,-0.05,-0.74,-0.15,-0.93,-0.54,-1.35,-0.43,-1.12,-0.03,-2.35,-1.60,-0.23,-0.07,-0.02,-0.14,-3.62,-4.03,-0.09,0.1977,2.06,-1.72,-6.85,-7.32,1,1,1,0,37.82,109.46,1.75,5687,6032,5994,5770,0.9
96,0.00,0.00,-17.57,137.77,0.23,-1.80
298,37475497,19.81,1,3,10.22,1,1,1.00,-2.12,22.00,-171.31,-6.85,-7.32,1.10,-9.11,7.60,-0.81,-0.94,-1.31,0.00,0.00,-0.94,-1.31,1.00,0.28,0.03,-0.07,-0.75,-0.14,-0.94,-0.57,-1.31,-0.50,-0.79,0.21,-1.96,-2.03,-0.02,-0.04,-0.02,0.04,-
2.72,-3.71,-0.06,0.1425,0.00,0.00,-6.85,-7.32,1,0,0,0,37.70,109.52,2.53,5748,5994,6002,5770,0.997,0.00,0.00,-17.69,137.72,0.24,-1.85
299,37495652,20.16,1,3,10.22,1,1,1.00,-2.07,22.14,-171.16,-6.68,-6.98,1.12,-9.14,7.46,-1.15,-0.97,-1.27,0.00,0.00,-0.97,-1.27,0.98,0.
28,0.02,-0.10,-0.75,-0.13,-0.97,-0.62,-1.27,-0.56,-0.73,0.36,-1.87,-3.41,0.31,0.18,-0.02,0.16,-2.08,-1.82,-0.41,0.2284,-4.75,-3.21,-6.68,-6.98,1,1,1,0,37.99,109.43,1.04,5756,5861,6051,5781,0.997,0.00,0.00,-17.80,137.66,0.25,-1.90
300,37515657,20.00,1,3,10.21,1,1,1.0
0,-2.03,22.27,-171.02,-7.49,-6.35,1.13,-9.16,7.91,-1.66,-1.03,-1.37,0.00,0.00,-1.03,-1.37,1.04,0.28,0.05,-0.15,-0.75,-0.14,-1.03,-0.66,-1.37,-0.55,-0.84,-0.37,-2.02,-2.70,-0.02,0.10,-0.02,-0.10,-3.39,2.37,-1.14,0.1891,-16.45,0.58,-7.49,-6.35,1,1,1,0,37.84,109.50,1
.94,5579,5921,6217,5886,0.998,0.00,0.00,-17.92,137.61,0.25,-1.95
301,37535662,20.00,1,3,10.21,1,1,1.00,-2.01,22.42,-170.89,-9.88,-5.84,1.14,-9.19,9.54,-2.14,-1.08,-1.77,0.00,0.00,-1.08,-1.77,1.25,0.28,0.16,-0.19,-0.75,-0.14,-1.08,-0.70,-1.77,-0.50,-0.83,-2.70,-2.03,
-3.59,0.26,0.20,-0.02,0.09,-8.12,4.24,-1.44,0.2319,-36.40,-0.18,-9.88,-5.84,1,1,1,0,37.95,109.45,1.43,5551,5832,6281,5863,0.998,0.00,0.00,-18.05,137.55,0.26,-1.98
302,37555657,20.00,1,3,10.21,1,1,1.00,-1.98,22.62,-170.78,-12.06,-5.67,1.15,-9.20,11.51,-2.40,-1.09,
-2.22,0.00,0.00,-1.09,-2.22,1.51,0.28,0.28,-0.22,-0.75,-0.13,-1.09,-0.76,-2.22,-0.46,-0.61,-2.80,-1.66,-5.43,0.68,0.42,-0.02,0.28,-10.61,1.15,-1.22,0.7534,-36.55,-3.78,-12.06,-5.67,1,1,1,0,37.91,109.42,1.72,5704,5766,6269,5845,0.998,0.00,0.00,-18.21,137.49,0.27,-2.01
3
03,37575663,20.01,1,3,10.21,1,1,1.00,-1.95,22.86,-170.66,-12.71,-5.16,1.17,-9.21,12.71,-2.81,-1.13,-2.43,0.00,0.00,-1.13,-2.43,1.66,0.28,0.32,-0.25,-0.75,-0.13,-1.13,-0.83,-2.43,-0.47,-0.63,-2.80,-1.58,-5.76,0.53,0.51,-0.02,0.04,-11.58,-4.04,-0.49,0.9651,-20.07,0.68
,-12.71,-5.16,1,1,1,0,37.74,109.44,2.73,5811,5841,6110,5802,0.998,0.00,0.00,-18.41,137.42,0.27,-2.03
304,37595661,20.00,1,3,10.21,1,1,1.00,-1.90,23.11,-170.56,-13.08,-5.60,1.18,-9.22,13.41,-2.71,-1.09,-2.52,0.00,0.00,-1.09,-2.52,1.76,0.28,0.31,-0.24,-0.75,-0.10,-1.0
9,-0.88,-2.52,-0.59,-0.16,-2.39,-0.83,-0.53,-0.87,-0.13,-0.02,-0.73,-11.06,-8.47,-0.26,0.5960,-17.32,-10.62,-13.08,-5.60,1,1,1,0,37.75,109.44,2.73,5628,6041,5878,5927,0.999,0.00,0.00,-18.61,137.35,0.28,-2.05
305,37615667,20.01,1,3,10.21,1,1,1.00,-1.85,23.37,-170.4
5,-11.28,-5.31,1.20,-9.23,12.62,-2.89,-1.10,-2.25,0.00,0.00,-1.10,-2.25,1.65,0.28,0.19,-0.26,-0.75,-0.09,-1.10,-0.82,-2.25,-0.75,-0.16,0.15,-1.03,2.72,-0.66,-0.44,-0.02,-0.20,-6.35,-9.10,-0.34,0.1582,9.30,-2.06,-11.28,-5.31,1,1,1,0,37.50,109.55,4.16,5614,6035,5950,587
9,0.999,0.00,0.00,-18.83,137.28,0.28,-2.07
306,37635673,20.01,1,3,10.21,1,1,1.00,-1.80,23.60,-170.34,-11.01,-5.00,1.21,-9.24,12.16,-3.17,-1.12,-2.10,0.00,0.00,-1.12,-2.10,1.59,0.28,0.11,-0.29,-0.75,-0.09,-1.12,-0.79,-2.10,-0.91,-0.26,0.96,-1.32,-0.57,0.27,-0.06,-0
.02,0.35,-4.08,-7.59,0.01,0.3429,-7.91,-1.43,-11.01,-5.00,1,1,1,0,37.98,109.40,1.55,5750,5924,5994,5676,0.999,0.00,0.00,-19.01,137.21,0.29,-2.08
307,37655673,20.00,1,3,10.21,1,1,1.00,-1.76,23.82,-170.24,-12.66,-5.49,1.22,-9.25,12.96,-2.97,-1.07,-2.30,0.00,0.00,
-1.07,-2.30,1.70,0.28,0.15,-0.27,-0.75,-0.06,-1.07,-0.83,-2.30,-1.00,0.13,-0.56,-0.66,-3.69,0.61,0.30,-0.02,0.33,-6.08,-3.78,-0.46,0.1509,-31.67,-11.14,-12.66,-5.49,1,1,1,0,37.89,109.46,2.13,5794,5884,6166,5755,0.999,0.00,0.00,-19.19,137.14,0.29,-2.10
308,3
7675679,20.01,1,3,10.20,1,1,1.00,-1.72,24.07,-170.13,-15.13,-6.59,1.24,-9.26,14.75,-2.19,-0.94,-2.71,0.00,0.00,-0.94,-2.71,1.93,0.28,0.26,-0.20,-0.75,0.00,-0.94,-0.92,-2.71,-1.02,0.89,-2.80,0.80,-5.93,0.90,0.66,-0.02,0.26,-10.30,0.82,-1.55,0.2711,-43.60,-19.30,-15.13,-6
.59,1,1,1,0,38.10,109.41,1.12,5672,5694,6341,5844,0.999,0.00,0.00,-19.39,137.07,0.30,-2.12
309,37695681,20.00,1,3,10.20,1,1,1.00,-1.68,24.38,-170.00,-17.59,-5.96,1.26,-9.27,16.96,-2.23,-0.95,-3.20,0.00,0.00,-0.95,-3.20,2.22,0.29,0.38,-0.20,-0.75,-0.00,-0.
95,-1.01,-3.20,-0.97,0.53,-2.80,0.70,-3.61,0.30,0.55,-0.02,-0.24,-12.90,1.30,-1.85,0.2053,-46.13,1.35,-17.59,-5.96,1,1,1,0,38.03,109.45,1.60,5575,5766,6333,5986,1.000,0.00,0.00,-19.64,136.99,0.31,-2.14
310,37715684,20.00,1,3,10.20,1,1,1.00,-1.64,24.73,-169.88,-18.67,-
5.65,1.28,-9.28,18.51,-2.43,-0.98,-3.48,0.00,0.00,-0.98,-3.48,2.42,0.29,0.42,-0.22,-0.75,-0.01,-0.98,-1.03,-3.48,-0.96,0.16,-2.80,0.31,0.93,-0.63,-0.03,-0.01,-0.59,-13.83,-2.81,-1.21,0.0055,-31.16,-1.99,-18.67,-5.65,1,1,1,0,38.15,109.43,1.02,5580,5912,6065,6067,1.00
0,0.00,0.00,-19.93,136.90,0.31,-2.15
311,37735686,20.00,1,3,10.19,1,1,1.00,-1.61,25.10,-169.77,-17.04,-4.23,1.30,-9.28,18.19,-3.39,-1.13,-3.28,0.00,0.00,-1.13,-3.28,2.38,0.29,0.31,-0.31,-0.75,-0.07,-1.13,-1.02,-3.28,-1.04,-0.79,-0.61,-1.12,-2.12,0.72,0.30,-0.01,0.43,
-10.75,-11.18,0.31,0.0635,1.92,12.24,-17.04,-4.23,1,1,1,0,38.04,109.50,1.74,5903,6023,6131,5633,1.001,0.00,0.00,-20.23,136.81,0.32,-2.16
312,37755671,19.99,1,3,10.19,1,1,1.00,-1.59,25.44,-169.68,-15.56,-4.41,1.32,-9.27,17.18,-3.69,-1.16,-2.96,0.00,0.00,-1.16,-2.96
,2.25,0.29,0.17,-0.33,-0.75,-0.08,-1.16,-1.07,-2.96,-1.19,-0.71,1.54,-1.01,-5.91,1.01,0.60,-0.01,0.42,-6.34,-16.95,1.28,0.3638,1.65,-6.50,-15.56,-4.41,1,1,1,0,38.21,109.42,0.87,6050,6104,6032,5445,1.001,0.00,0.00,-20.50,136.73,0.32,-2.15
313,37775689,20.02
,1,3,10.19,1,1,1.00,-1.57,25.75,-169.59,-13.34,-4.09,1.33,-9.27,15.46,-4.04,-1.20,-2.51,0.00,0.00,-1.20,-2.51,2.02,0.29,0.01,-0.36,-0.75,-0.08,-1.20,-1.16,-2.51,-1.45,-0.70,2.80,-0.83,-6.34,0.65,0.67,-0.01,-0.00,-1.56,-18.02,1.54,0.5515,12.50,-0.34,-13.34,-4.09,1,1,
1,0,37.95,109.46,2.31,6054,6214,5980,5474,1.001,0.00,0.00,-20.75,136.64,0.33,-2.15
314,37795697,20.01,1,3,10.20,1,1,1.00,-1.54,26.02,-169.51,-12.98,-3.75,1.35,-9.26,14.56,-4.39,-1.24,-2.31,0.00,0.00,-1.24,-2.31,1.91,0.29,-0.06,-0.40,-0.75,-0.09,-1.24,-1.21,-2.31,-1.63,
-0.69,2.80,-0.77,0.14,-1.04,-0.12,-0.01,-0.91,0.53,-3.75,-1.40,0.2136,-8.71,0.23,-12.98,-3.75,1,1,1,0,37.96,109.41,2.25,5475,5947,6044,6119,1.001,0.00,0.00,-20.96,136.56,0.33,-2.15
315,37815682,19.99,1,3,10.20,1,1,1.00,-1.49,26.28,-169.44,-15.44,-3.48,1.36,-9.26,1
5.69,-4.66,-1.26,-2.63,0.00,0.00,-1.26,-2.63,2.06,0.29,0.04,-0.42,-0.75,-0.09,-1.26,-1.15,-2.63,-1.53,-0.60,-0.16,-0.96,4.58,-1.09,-0.67,-0.01,-0.41,-4.70,9.77,-2.40,0.2326,-53.97,-0.33,-15.44,-3.48,1,1,1,1,37.80,109.48,3.25,5397,5764,6111,6318,1.000,0.00,0.
00,-21.17,136.49,0.33,-2.14
316,37835701,20.02,1,3,10.20,1,1,1.00,-1.45,26.59,-169.37,-17.90,-3.07,1.37,-9.25,17.63,-4.98,-1.29,-3.10,0.00,0.00,-1.29,-3.10,2.31,0.29,0.18,-0.45,-0.75,-0.09,-1.29,-1.11,-3.10,-1.33,-0.58,-2.80,-1.15,-0.80,0.49,-0.02,-0.01,0.
52,-10.65,12.99,-3.15,0.2270,-67.33,1.70,-17.90,-3.07,1,1,1,1,37.87,109.47,2.86,5386,5533,6492,6089,1.001,0.00,0.00,-21.41,136.41,0.33,-2.13
317,37855701,20.00,1,3,10.19,1,1,1.00,-1.43,26.95,-169.31,-16.49,-2.83,1.39,-9.23,17.57,-5.26,-1.32,-3.01,0.00,0.00,-1.3
2,-3.01,2.30,0.29,0.14,-0.48,-0.75,-0.09,-1.32,-1.14,-3.01,-1.16,-0.54,-1.28,-1.11,-4.47,0.92,0.41,-0.01,0.51,-9.57,7.46,-2.18,0.8957,0.00,0.00,-16.49,-2.83,1,1,1,0,37.71,109.54,3.81,5557,5638,6456,5890,1.001,0.00,0.00,-21.70,136.32,0.33,-2.10
318,37875686,19.99,1,3,10.20,1
,1,1.00,-1.41,27.28,-169.25,-14.11,-5.29,1.40,-9.21,16.09,-3.93,-1.10,-2.61,0.00,0.00,-1.10,-2.61,2.11,0.29,-0.00,-0.35,-0.75,0.01,-1.10,-1.20,-2.61,-1.11,1.01,1.67,1.35,-7.27,1.08,0.77,-0.01,0.32,-4.82,-5.91,0.50,0.9537,13.85,-44.08,-14.11,-5.29,1,1,1,1,38.04,109.42,
1.99,5997,5863,6015,5579,1.001,0.00,0.00,-21.95,136.23,0.34,-2.08
319,37895707,20.02,1,3,10.19,1,1,1.00,-1.35,27.56,-169.14,-13.00,-4.87,1.42,-9.21,14.85,-3.67,-1.06,-2.32,0.00,0.00,-1.06,-2.32,1.94,0.29,-0.10,-0.33,-0.75,0.03,-1.06,-1.30,-2.32,-1.31,0.88,2.80,1.63,-3.44,0.
18,0.60,-0.00,-0.41,-1.31,-16.84,2.49,0.6071,0.00,0.00,-13.00,-4.87,1,1,1,0,37.79,109.52,3.45,6169,6306,5695,5463,1.001,0.00,0.00,-22.18,136.15,0.34,-2.09
320,37915711,20.00,1,3,10.19,1,1,1.00,-1.32,27.82,-169.05,-10.54,-5.42,1.44,-9.22,12.88,-3.28,-1.01,-1.85,0.00,
0.00,-1.01,-1.85,1.69,0.29,-0.23,-0.30,-0.75,0.05,-1.01,-1.33,-1.85,-1.58,0.91,2.80,1.94,-0.24,-0.50,0.23,-0.00,-0.73,1.92,-15.51,1.40,0.3478,19.11,-11.86,-10.54,-5.42,1,1,1,1,37.86,109.50,3.05,5822,6297,5795,5584,1.001,0.00,0.00,-22.39,136.07,0.34,-2.09
3
21,37935714,20.00,1,3,10.19,1,1,1.00,-1.30,28.03,-168.94,-12.40,-4.93,1.45,-9.22,13.22,-3.40,-1.03,-2.03,0.00,0.00,-1.03,-2.03,1.73,0.30,-0.16,-0.31,-0.76,0.03,-1.03,-1.29,-2.03,-1.71,0.42,0.75,1.24,1.86,-0.21,0.01,-0.00,-0.22,-0.25,-2.01,-0.96,0.4128,-34.2
6,0.78,-12.40,-4.93,1,1,1,0,37.78,109.54,3.58,5606,5911,6108,5914,1.001,0.00,0.00,-22.56,136.00,0.35,-2.11
322,37955715,20.00,1,3,10.19,1,1,1.00,-1.26,28.28,-168.84,-14.86,-4.40,1.46,-9.23,14.84,-3.74,-1.09,-2.47,0.00,0.00,-1.09,-2.47,1.94,0.30,-0.00,-0.34,-0.76,0.0
0,-1.09,-1.25,-2.47,-1.61,-0.08,-2.23,0.42,-0.18,0.47,0.18,-0.00,0.30,-5.46,9.33,-2.46,0.3978,-81.41,1.79,-14.86,-4.40,1,1,1,1,38.00,109.49,2.43,5543,5555,6329,6068,1.001,0.00,0.00,-22.76,135.92,0.35,-2.12
323,37975718,20.00,1,3,10.19,1,1,1.00,-1.24,28.57,-168.75,
-17.31,-3.97,1.48,-9.22,16.97,-4.10,-1.15,-2.99,0.00,0.00,-1.15,-2.99,2.22,0.30,0.16,-0.37,-0.76,-0.02,-1.15,-1.28,-2.99,-1.45,-0.40,-2.80,0.03,-4.19,0.92,0.58,-0.00,0.34,-9.50,10.19,-2.52,0.2635,-50.06,1.08,-17.31,-3.97,1,1,1,1,37.92,109.54,2.96,5519,5618,6526,5944,1
.001,0.00,0.00,-23.00,135.84,0.36,-2.11
324,37995512,19.79,1,3,10.19,1,1,1.00,-1.24,28.92,-168.67,-17.31,-3.97,1.49,-9.21,17.84,-4.24,-1.16,-3.14,0.00,0.00,-1.16,-3.14,2.34,0.30,0.20,-0.38,-0.76,-0.03,-1.16,-1.32,-3.14,-1.33,-0.36,-2.73,0.12,-4.80,0.84,0.60,0.00,0.24
,-10.77,2.38,-1.18,0.8061,0.00,0.00,-17.31,-3.97,1,0,0,0,38.09,109.47,2.06,5659,5811,6346,5749,1.001,0.00,0.00,-23.27,135.75,0.36,-2.10
325,38015685,20.17,1,3,10.19,1,1,1.00,-1.22,29.27,-168.59,-15.85,-3.64,1.51,-9.20,17.32,-4.51,-1.20,-2.95,0.00,0.00,-1.20,-2.95,2.2
7,0.30,0.12,-0.41,-0.76,-0.04,-1.20,-1.40,-2.95,-1.39,-0.46,-0.62,0.16,-6.27,0.91,0.80,0.01,0.11,-7.44,-10.06,0.89,1.0087,0.00,0.00,-15.85,-3.64,1,1,1,0,37.83,109.55,3.51,6045,6018,6023,5569,1.001,0.00,0.00,-23.55,135.65,0.36,-2.08
326,38035686,20.00,1,3,10.19,1,1,
1.00,-1.19,29.58,-168.52,-14.56,-4.67,1.53,-9.18,16.34,-4.01,-1.12,-2.68,0.00,0.00,-1.12,-2.68,2.14,0.30,0.02,-0.36,-0.76,0.00,-1.12,-1.44,-2.68,-1.58,0.21,1.23,1.23,-2.00,-0.09,0.27,0.01,-0.37,-3.34,-16.66,1.82,1.0483,-0.33,-15.97,-14.56,-4.67,1,1,1,0,37.86,109.52,3.3
8,6002,6240,5735,5545,1.002,0.00,0.00,-23.80,135.57,0.36,-2.07
327,38055690,20.00,1,3,10.19,1,
1,1.00,-1.17,29.87,-168.43,-11.99,-3.31,1.54,-9.18,14.42,-4.66,-1.22,-2.21,0.00,0.00,-1.22,-2.21,1.89,0.30,-0.13,-0.42,-0.76,-0.04,-1.22,-1.42,-2.21,-1.87,-0.48,2.80,0.17,0.61,-0.15,0.08,0.01,-0.24,1.75,-13.93,1.06,0.3548,46.85,11.83,-11.99,-3.31,1,1,1,1,37.78,109.56,3.84,5796,6251,5932,5557,1.002,0.00,0.00,-24.03,135.48,0.37,-2.07
328,38075691,20.00,1,3,10.19,1,1,1.00,-1.16,30.11,-168.36,-10.80,-3.04,1.55,-9.17,12.95,-5.10,-1.28,-1.89,0.00,0.00,-1.28,-1.89,1.70,0.30,-0.22,-0.46,-0.76,-0.06,-1.28,-1.41,-1.89,-2.04,-0.67,2.80,
-0.25,-2.48,0.70,0.33,0.01,0.36,3.27,-4.43,-0.08,0.4433,2.54,-0.05,-10.80,-3.04,1,1,1,0,38.10,109.48,2.08,5797,5930,6135,5632,1.001,0.00,0.00,-24.22,135.40,0.37,-2.05
329,38095694,20.00,1,3,10.19,1,1,1.00,-1.13,30.33,-168.30,-13.13,-2.73,1.56,-9.16,13.77,-5.42,-1.32,-2.18,0.00,0.00,-1.32,-2.18,1.80,0.30,-0.11,-0.49,-0.76,-0.
07,-1.32,-1.48,-2.18,-2.02,-0.68,0.07,-0.17,-6.67,1.22,0.80,0.01,0.41,-0.44,3.99,-0.92,0.4894,-39.50,0.78,-13.13,-2.73,1,1,1,0,37.99,109.55,2.74,5858,5732,6297,5777,1.001,0.00,0.00,-24.39,135.33,0.37,-2.04
330,38115697,20.00,1,3,10.19,1,1,1.00,-1.11,30.59,-168.24,-15.44,-2.44,1.57,-9.15,15.49,-5.69,-1.35,-2.63,0.00,0.00,-1
.35,-2.63,2.03,0.30,0.04,-0.51,-0.76,-0.07,-1.35,-1.59,-2.
63,-1.89,-0.61,-2.72,0.17,-8.54,1.28,1.04,0.01,0.22,-5.23,7.98,-1.77,0.3815,-41.68,0.81,-15.44,-2.44,1,1,1,0,38.24,109.46,1.43,5654,5680,6485,5785,1.001,0.00,0.00,-24.59,135.25,0.37,-2.02
331,38135702,20.00,1,3,10.19,1,1,1.00,-1.11,30.90,-168.20,-17.18,-2.19,1.59,-9.13
,17.23,-5.92,-1.37,-3.03,0.00,0.00,-1.37,-3.03,2.26,0.31,0.17,-0.53,-0.76,-0.07,-1.37,-1.68,-3.03,-1.76,-0.53,-2.80,0.47,-5.24,0.29,0.67,0.02,-0.41,-8.20,6.21,-1.69,0.7557,-37.01,0.72,-17.18,-2.19,1,1,1,0,38.13,109.48,2.17,5597,5824,6347,5969,1.001,0.00,0.00,-24.83
,135.17,0.37,-1.99
332,38155702,20.00,1,3,10.19,1,1,1.00,-1.08,31.25,-168.15,-15.80,-2.01,1.60,-9.10,17.11,-6.12,-1.38,-2.94,0.00,0.00,-1.38,-2.94,2.24,0.31,0.13,-0.55,-0.76,-0.07,-1.38,-1.70,-2.94,-1.65,-0.45,-1.21,0.55,-0.63,-0.25,0.14,0.02,-0.41,-6.69,0.67,-0.85,0.4007,0.00,0.00,-15.80,-2.01,1
,1,1,0,38.32,109.40,1.18,5646,5967,6126,5938,1.002,0.00,0.00,-25.10,135.07,0.36,-1.96
333,38175708,20.01,1,3,10.18,1,1,1.00,-1.06,31.56,-168.11,-14.52,-0.74,1.61,-9.08,16.31,-6.97,-1.50,-2.71,0.00,0.00,-1.50,-2.71,2.14,0.31,0.04,-0.63,-0.76,-0.11,-1.50,-1.67,-2.71
,-1.69,-1.01,0.61,-0.45,-0.95,0.31,0.19,0.02,0.11,-3.53,-7.75,0.78,0.6226,0.26,13.92,-14.52,-0.74,1,1,1,0,38.29,109.43,1.44,5936,6159,6037,5648,1.002,0.00,0.00,-25.34,134.99,0.36,-1.92
334,38195708,20.00,1,3,10.18,1,1,1.00,-1.06,31.85,-168.10,-13.35,-0.34,1.62,-9.05
,15.30,-7.55,-1.57,-2.46,0.00,0.00,-1.57,-2.46,2.00,0.31,-0.05,-0.68,-0.76,-0.12,-1.57,-1.68,-2.46,-1.82,-1.07,1.93,-0.70,-5.97,1.42,0.69,0.02,0.70,-0.12,-13.34,1.88,0.9321,0.08,4.33,-13.35,-0.34,1,1,1,0,38.58,109.33,-0.05,6164,6216,6093,5292,1.002,0.00,0.00,-25.56,
134.91,0.36,-1.88
335,38215714,20.01,1,3,10.18,1,1,1.00,-1.05,32.12,-168.09,-12.30,-0.70,1.63,-9.02,14.27,-7.56,-1.54,-2.22,0.00,0.00,-1.54,-2.22,1.87,0.31,-0.12,-0.68,-0.76,-0.10,-1.54,-1.80,-2.22,-2.01,-0.55,2.71,0.27,-8.63,1.22,0.99,0.03,0.20,2.02,-9.09,0.65,0.613
5,-0.09,-4.95,-12.30,-0.70,1,1,1,0,38.36,109.39,1.28,6058,6072,6221,5565,1.003,0.00,0.00,-25.76,134.83,0.35,-1.83
336,38235697,19.98,1,3,10.18,1,1,1.00,-1.03,32.36,-168.08,-11.07,0.77,1.64,-8.99,13.13,-8.44,-1.66,-1.97,0.00,0.00,-1.66,-1.97,1.72,0.31,-0.18,-0.76,-0.
76,-0.14,-1.66,-1.92,-1.97,-2.05,-1.08,2.80,-0.26,-7.04,0.82,0.91,0.03,-0.13,3.04,0.53,-0.65,0.4928,3.19,17.91,-11.07,0.77,1,1,1,0,38.55,109.30,0.30,5840,5888,6275,5797,1.003,0.00,0.00,-25.95,134.76,0.35,-1.80
337,38255717,20.02,1,3,10.18,1,1,1.00,-1.01,32.59,-
168.09,-12.13,1.16,1.64,-8.96,13.32,-9.00,-1.72,-2.08,0.00,0.00,-1.72,-2.08,1.75,0.31,-0.13,-0.81,-0.76,-0.14,-1.72,-2.01,-2.08,-2.00,-1.06,1.16,-0.13,-8.82,1.27,1.07,0.03,0.16,0.91,3.05,-0.42,0.8992,-24.45,5.70,-12.13,1.16,1,1,1,0,38.51,109.28,0.57,5976,5863,
6308,5751,1.003,0.00,0.00,-26.11,134.69,0.34,-1.74
338,38275722,20.00,1,3,10.18,1,1,1.00,-1.00,32.83,-168.11,-11.18,0.36,1.64,-8.92,12.82,-8.73,-1.65,-1.97,0.00,0.00,-1.65,-1.97,1.68,0.31,-0.14,-0.79,-0.76,-0.10,-1.65,-2.11,-1.97,-1.87,-0.27,1.40,1.18,-2.29,-0.62,0.
27,0.04,-0.92,1.06,11.09,-2.38,0.5592,-0.16,-9.05,-11.18,0.36,1,1,1,0,38.67,109.14,-0.16,5396,5914,6379,6189,1.003,0.00,0.00,-26.29,134.62,0.33,-1.69
339,38295722,20.00,1,3,10.17,1,1,1.00,-1.01,33.05,-168.12,-13.31,2.82,1.65,-8.89,13.92,-10.06,-1.84,-2.30,0.00,0.00,-1
.84,-2.30,1.82,0.31,-0.03,-0.91,-0.77,-0.16,-1.84,-2.07,-2.30,-1.61,-1.31,-1.08,-0.56,0.95,-0.20,0.03,0.04,-0.27,-3.36,9.60,-1.14,0.5682,-38.09,37.29,-13.31,2.82,1,1,1,1,38.48,109.17,0.98,5623,6056,6304,5977,1.003,0.00,0.00,-26.45,134.55,0.32,-1.64
340,38315727,20
.00,1,3,10.17,1,1,1.00,-1.02,33.32,-168.18,-13.34,2.62,1.65,-8.85,14.38,-10.45,-1.86,-2.40,0.00,0.00,-1.86,-2.40,1.88,0.31,0.01,-0.94,-0.77,-0.15,-1.86,-2.02,-2.40,-1.46,-1.01,-1.33,-0.50,-1.13,0.40,0.07,0.04,0.29,-5.10,2.66,-0.38,0.7261,-13.69,0.24,-13.34,
2.62,1,1,1,0,38.77,109.06,-0.51,5751,6079,6284,5748,1.004,0.00,0.00,-26.64,134.48,0.31,-1.57
341,38335729,20.00,1,3,10.17,1,1,1.00,-1.02,33.59,-168.23,-11.66,2.40,1.66,-8.81,13.56,-10.46,-1.84,-2.18,0.00,0.00,-1.84,-2.18,1.78,0.32,-0.05,-0.94,-0.77,-0.12,-1.84,-2.06
,-2.18,-1.44,-0.49,0.50,0.22,-7.10,1.61,0.82,0.04,0.74,-2.06,-3.58,0.22,0.9382,7.96,-0.14,-11.66,2.40,1,1,1,0,38.70,109.07,-0.08,6085,5978,6346,5604,1.004,0.00,0.00,-26.83,134.41,0.30,-1.50
342,38355732,20.00,1,3,10.17,1,1,1.00,-1.01,33.82,-168.28,-9.20,-0.06,1.66,-
8.77,11.73,-8.99,-1.59,-1.74,0.00,0.00,-1.59,-1.74,1.54,0.32,-0.18,-0.81,-0.77,-0.01,-1.59,-2.17,-1.74,-1.51,1.21,2.80,3.09,-13.29,2.47,1.69,0.04,0.73,2.08,-9.55,1.54,1.4963,39.27,-30.53,-9.20,-0.06,1,1,1,1,38.81,108.99,-0.57,6351,6046,6291,5292,1.005,0.00,0.00,-27.00
,134.35,0.29,-1.44
343,38375718,19.99,1,3,10.16,1,1,1.00,-1.01,34.00,-168.28,-8.51,-2.06,1.66,-8.75,10.57,-7.21,-1.31,-1.51,0.00,0.00,-1.31,-1.51,1.38,0.32,-0.24,-0.65,-0.77,0.11,-1.31,-2.34,-1.51,-1.63,2.47,2.80,6.67,-12.89,2.02,1.99,0.05,-0.04,3.18,-9.03,1.36,1.
3021,-0.45,-25.44,-8.51,-2.06,1,1,1,0,38.61,108.97,0.60,6252,6125,6299,5360,1.005,0.00,0.00,-27.13,134.29,0.28,-1.41
344,38395722,20.00,1,3,10.17,1,1,1.00,-1.00,34.17,-168.24,-7.79,0.40,1.67,-8.74,9.70,-7.97,-1.45,-1.36,0.00,0.00,-1.45,-1.36,1.27,0.32,-0.26,-0.72,-0
.77,0.04,-1.45,-2.42,-1.36,-1.68,0.75,2.76,4.68,1.29,-0.47,0.67,0.06,-1.20,3.77,3.42,-1.23,0.5210,0.65,37.39,-7.79,0.40,1,1,1,1,38.73,108.85,-0.01,5595,6045,6245,6045,1.005,0.00,0.00,-27.27,134.23,0.28,-1.40
345,38415739,20.02,1,3,10.17,1,1,1.00,-1.00,34.33,-168.2
4,-10.25,2.64,1.68,-8.72,10.85,-9.58,-1.71,-1.72,0.00,0.00,-1.71,-1.72,1.42,0.32,-0.12,-0.86,-0.77,-0.07,-1.71,-2.36,-1.72,-1.56,-1.07,-0.45,1.06,6.62,-0.96,-0.24,0.06,-0.77,-0.96,11.69,-2.22,0.2320,-41.20,28.89,-10.25,2.64,1,1,1,1,38.54,108.85,1.10,5396,6015,6348,623
5,1.005,0.00,0.00,-27.38,134.18,0.28,-1.36
346,38435746,20.01,1,3,10.17,1,1,1.00,-1.01,34.53,-168.30,-9.44,2.43,1.68,-8.69,10.83,-10.08,-1.77,-1.72,0.00,0.00,-1.77,-1.72,1.42,0.32,-0.09,-0.91,-0.77,-0.09,-1.77,-2.24,-1.72,-1.34,-1.09,-0.26,0.41,8.18,-1.06,-0.89,0.
06,-0.22,-1.47,17.65,-3.37,0.9229,0.00,0.00,-9.44,2.43,1,1,1,0,38.57,108.78,1.00,5217,5841,6450,6386,1.005,0.00,0.00,-27.52,134.12,0.27,-1.30
347,38455746,20.00,1,3,10.17,1,1,1.00,-1.01,34.72,-168.35,-9.74,2.26,1.68,-8.66,11.00,-10.16,-1.77,-1.78,0.00,0.00,-1.77,-
1.78,1.44,0.32,-0.06,-0.92,-0.77,-0.08,-1.77,-2.10,-1.78,-1.03,-0.68,-0.57,0.40,0.80,0.88,-0.05,0.05,0.87,-3.19,9.47,-0.84,0.8650,-13.31,0.23,-9.74,2.26,1,1,1,0,38.40,108.81,1.98,5796,5936,6391,5786,1.005,0.00,0.00,-27.65,134.07,0.26,-1.25
348,38475748,20.00,1,3,10.1
6,1,1,1.00,-1.01,34.92,-168.39,-7.29,2.02,1.68,-8.63,9.60,-10.06,-1.73,-1.43,0.00,0.00,-1.73,-1.43,1.26,0.32,-0.16,-0.91,-0.77,-0.05,-1.73,-2.16,-1.43,-0.95,-0.25,1.79,1.09,-8.16,2.08,1.07,0.06,0.95,0.25,-2.40,0.76,0.5899,45.46,-0.80,-7.29,2.02,1,1,1,1,38.64,108.74
,0.71,6173,5937,6286,5423,1.005,0.00,0.00,-27.79,134.02,0.25,-1.20
349,38495755,20.01,1,3,10.16,1,1,1.00,-1.00,35.06,-168.43,-4.84,-0.43,1.68,-8.60,7.54,-8.55,-1.49,-1.02,0.00,0.00,-1.49,-1.02,0.99,0.32,-0.29,-0.77,-0.77,0.05,-1.49,-2.34,-1.02,-1.05,1.31,2.80,4.48,-
16.54,3.11,2.20,0.06,0.83,2.88,-11.63,2.33,0.8670,56.16,-66.62,-4.84,-0.43,1,1,1,1,38.57,108.78,1.18,6522,6066,6272,5087,1.005,0.00,0.00,-27.89,133.97,0.24,-1.16
350,38515560,19.81,1,3,10.16,1,1,1.00,-1.00,35.16,-168.42,-4.84,-0.43,1.69,-8.59,6.71,-7.95,-1.41,-0.9
1,0.00,0.00,-1.41,-0.91,0.88,0.32,-0.29,-0.72,-0.77,0.08,-1.41,-2.52,-0.91,-1.19,1.35,2.51,5.96,-5.71,0.47,1.27,0.07,-0.88,3.41,-4.55,0.36,0.4055,0.00,0.00,-4.84,-0.43,1,0,0,0,38.90,108.63,-0.55,5890,6158,6187,5673,1.006,0.00,0.00,-27.96,133.93,0.24,-1.14
351,3853571
7,20.16,1,3,10.16,1,1,1.00,-1.00,35.26,-168.41,-4.44,-0.66,1.69,-8.58,6.14,-7.57,-1.37,-0.85,0.00,0.00,-1.37,-0.85,0.80,0.32,-0.28,-0.68,-0.77,0.09,-1.37,-2.54,-0.85,-1.20,1.13,2.00,6.05,-1.32,0.54,0.91,0.08,-0.45,3.12,2.56,-0.79,0.4880,-0.05,-3.12,-4.44,-0.66,1,1,1,0,3
8.72,108.66,0.47,5769,6064,6414,5835,1.006,0.00,0.00,-28.03,133.90,0.24,-1.13
352,38555721,20.00,1,3,10.16,1,1,1.00,-1.01,35.35,-168.40,-4.93,0.43,1.69,-8.58,6.23,-8.06,-1.46,-0.92,0.00,0.00,-1.46,-0.92,0.82,0.32,-0.22,-0.73,-0.78,0.04,-1.46,-2.48,-0.92,-1.06,0.16,0.8
5,4.32,6.27,-0.75,-0.03,0.08,-0.80,1.27,12.20,-2.24,0.8065,-10.41,12.45,-4.93,0.43,1,1,1,0,38.84,108.56,-0.10,5459,5945,6337,6249,1.006,0.00,0.00,-28.10,133.86,0.23,-1.11
353,38575708,19.99,1,3,10.16,1,1,1.00,-1.00,35.44,-168.41,-4.53,0.40,1.69,-8.56,6.02,-8.23,-1.
50,-0.92,0.00,0.00,-1.50,-0.92,0.79,0.32,-0.19,-0.74,-0.78,0.02,-1.50,-2.32,-0.92,-0.81,-0.11,0.56,2.90,8.53,-0.66,-0.53,0.08,-0.21,0.20,14.12,-2.07,0.8077,0.00,0.00,-4.53,0.40,1,1,1,0,38.69,108.57,0.81,5491,5990,6360,6212,1.006,0.00,0.00,-28.16,133.82,0.23,-1.09
35
4,38595709,20.00,1,3,10.16,1,1,1.00,-1.01,35.53,-168.42,-6.98,0.41,1.69,-8.55,7.41,-8.28,-1.51,-1.25,0.00,0.00,-1.51,-1.25,0.97,0.33,-0.04,-0.75,-0.78,0.01,-1.51,-2.24,-1.25,-0.65,-0.14,-1.64,2.36,1.23,0.96,0.21,0.07,0.67,-3.60,8.47,-0.89,1.0652,-34.49,0.61,-6.98,0.
41,1,1,1,0,38.79,108.49,0.31,5773,5976,6467,5755,1.006,0.00,0.00,-28.23,133.79,0.23,-1.07
355,38615724,20.01,1,3,10.15,1,1,1.00,-1.02,35.67,-168.43,-6.59,1.64,1.70,-8.54,7.75,-9.03,-1.63,-1.33,0.00,0.00,-1.63,-1.33,1.01,0.33,-0.01,-0.82,-0.78,-0.04,-1.63,-2.28,-1.33,
-0.59,-0.81,-1.56,1.32,-5.66,1.68,1.00,0.08,0.59,-4.11,-1.81,0.33,0.8223,-2.23,15.47,-6.59,1.64,1,1,1,0,38.80,108.49,0.31,6079,6021,6378,5550,1.007,0.00,0.00,-28.33,133.74,0.22,-1.04
356,38635731,20.01,1,3,10.15,1,1,1.00,-1.01,35.81,-168.46,-4.07,0.51,1.70,-8.52,6.
35,-8.66,-1.57,-1.04,0.00,0.00,-1.57,-1.04,0.83,0.33,-0.11,-0.78,-0.78,-0.01,-1.57,-2.34,-1.04,-0.63,-0.15,0.75,2.61,-5.94,0.94,0.91,0.08,-0.05,-0.57,-5.70,0.39,0.8174,40.42,-12.37,-4.07,0.51,1,1,1,1,38.71,108.41,0.87,6020,6101,6246,5668,1.007,0.00,0.00,-28.42,133.70,0.
21,-1.01
357,38655728,20.00,1,3,10.15,1,1,1.00,-1.00,35.89,-168.47,-1.55,0.42,1.70,-8.51,4.29,-8.49,-1.54,-0.64,0.00,0.00,-1.54,-0.64,0.56,0.33,-0.25,-0.77,-0.78,0.01,-1.54,-2.37,-0.64,-0.76,0.07,2.80,3.12,-1.12,0.13,0.47,0.08,-0.42,3.19,-7.67,0.96,0.5487,29.59
,-0.52,-1.55,0.42,1,1,1,1,38.72,108.41,0.87,5971,6275,6057,5683,1.007,0.00,0.00,-28.47,133.67,0.21,-0.99
358,38675720,19.99,1,3,10.15,1,1,1.00,-1.00,35.92,-168.48,-1.43,0.39,1.70,-8.50,3.38,-8.39,-1.53,-0.50,0.00,0.00,-1.53,-0.50,0.44,0.33,-0.27,-0.76,-0.78,0.01,-
1.53,-2.37,-0.50,-0.85,0.12,2.66,3.26,-4.30,1.47,0.93,0.09,0.45,3.77,-7.26,1.39,0.6242,0.00,0.00,-1.43,0.39,1,1,1,0,38.84,108.31,0.29,6152,6209,6231,5398,1.007,0.00,0.00,-28.49,133.64,0.21,-0.97
359,38695734,20.01,1,3,10.16,1,1,1.00,-1.01,35.95,-168.49,-1.30,1.18,1.
70,-8.49,2.96,-8.83,-1.60,-0.47,0.00,0.00,-1.60,-0.47,0.39,0.33,-0.25,-0.80,-0.78,-0.02,-1.60,-2.40,-0.47,-0.85,-0.34,1.94,2.57,-0.05,0.03,0.41,0.09,-0.47,3.17,4.09,-1.26,0.5387,0.18,10.25,-1.30,1.18,1,1,1,0,38.85,108.31,0.29,5672,6022,6363,5996,1.007,0.00,0.00,-28
.51,133.62,0.21,-0.96
360,38715740,20.01,1,3,10.15,1,1,1.00,-0.99,35.97,-168.51,-1.20,1.08,1.70,-8.48,2.72,-8.94,-1.61,-0.47,0.00,0.00,-1.61,-0.47,0.36,0.33,-0.22,-0.81,-0.78,-0.02,-1.61,-2.33,-0.47,-0.62,-0.31,1.26,2.16,2.35,-0.07,0.03,0.09,-0.19,1.74,15.71,-2.88,0
.4219,0.00,0.00,-1.20,1.08,1,1,1,0,38.79,108.23,0.73,5528,5741,6483,6308,1.007,0.00,0.00,-28.52,133.60,0.20,-0.94
361,38735738,20.00,1,3,10.15,1,1,1.00,-0.98,36.00,-168.53,-1.10,1.00,1.70,-8.47,2.56,-8.93,-1.60,-0.48,0.00,0.00,-1.60,-0.48,0.34,0.33,-0.19,-0.81,-0.78
,-0.02,-1.60,-2.26,-0.48,-0.33,-0.17,0.75,2.00,2.39,-0.00,-0.03,0.09,-0.06,0.27,14.15,-1.78,0.6791,0.00,0.00,-1.10,1.00,1,1,1,0,38.80,108.23,0.73,5586,5956,6425,6057,1.007,0.00,0.00,-28.53,133.58,0.20,-0.92
362,38755745,20.01,1,3,10.15,1,1,1.00,-0.98,36.02,-168.55,-
0.82,0.92,1.70,-8.46,2.33,-8.87,-1.59,-0.47,0.00,0.00,-1.59,-0.47,0.31,0.33,-0.17,-0.80,-0.78,-0.01,-1.59,-2.26,-0.47,-0.20,-0.04,0.55,2.15,-4.41,1.68,0.80,0.09,0.78,-0.30,5.85,-0.21,0.9863,2.43,-0.04,-0.82,0.92,1,1,1,0,38.90,108.13,0.22,6017,5943,6442,5629,1.007,0
.00,0.00,-28.54,133.56,0.19,-0.91
363,38775744,20.00,1,3,10.15,1,1,1.00,-0.98,36.04,-168.57,1.65,0.80,1.70,-8.46,0.75,-8.80,-1.58,-0.17,0.00,0.00,-1.58,-0.17,0.10,0.33,-0.25,-0.79,-0.78,-0.00,-1.58,-2.35,-0.17,-0.21,0.05,2.16,2.79,-7.52,1.58,1.21,0.10,0.27,2.28,-3.7
6,1.02,0.9934,33.37,-0.57,1.65,0.80,1,1,1,1,38.92,108.13,0.22,6160,6152,6301,5474,1.008,0.00,0.00,-28.55,133.54,0.19,-0.89
364,38795751,20.01,1,3,10.14,1,1,1.00,-0.98,36.00,-168.58,3.17,-0.51,1.69,-8.45,0.00,-8.00,-1.46,-0.07,0.00,0.00,-1.46,-0.07,0.00,0.33,-0.26,
-0.72,-0.78,0.05,-1.46,-2.35,-0.07,-0.21,0.79,2.06,4.26,4.89,-1.43,-0.26,0.10,-1.26,2.53,0.22,-0.09,0.1132,20.87,-15.77,3.17,-0.51,1,1,1,0,38.76,108.01,1.12,5634,6389,6035,6036,1.008,0.00,0.00,-28.52,133.52,0.19,-0.88
365,38815751,20.00,1,3,10.14,1,1,1.00,-0.97,35.94
,-168.57,2.93,0.09,1.69,-8.45,-0.28,-8.04,-1.47,-0.06,0.00,0.00,-1.47,-0.06,-0.04,0.33,-0.23,-0.73,-0.78,0.04,-1.47,-2.19,-0.06,-0.18,0.41,1.37,2.86,7.24,-0.46,-0.37,0.10,-0.18,1.75,3.12,-0.56,0.6059,0.12,7.15,2.93,0.09,1,1,1,0,38.78,108.01,1.12,5735,6122,61
51,6005,1.008,0.00,0.00,-28.47,133.52,0.19,-0.88
366,38835759,20.01,1,3,10.14,1,1,1.00,-0.96,35.88,-168.58,2.70,0.24,1.69,-8.45,-0.33,-8.14,-1.50,-0.09,0.00,0.00,-1.50,-0.09,-0.04,0.33,-0.19,-0.74,-0.78,0.02,-1.50,-2.07,-0.09,-0.08,0.12,0.68,1.96,1.19,0.99,0.21,0.10,
0.67,0.63,6.72,-1.16,0.8749,0.03,2.01,2.70,0.24,1,1,1,0,38.84,107.96,0.82,5767,5937,6503,5812,1.008,0.00,0.00,-28.42,133.51,0.19,-0.88
367,38855746,19.99,1,3,10.14,1,1,1.00,-0.99,35.83,-168.58,2.46,-1.28,1.68,-8.45,-0.23,-7.26,-1.37,-0.15,0.00,0.00,-1.37,
-0.15,-0.03,0.33,-0.14,-0.66,-0.79,0.07,-1.37,-2.09,-0.15,0.02,0.87,0.07,3.35,-4.32,1.36,0.78,0.10,0.46,-0.48,6.29,-1.00,0.9022,-0.33,-19.15,2.46,-1.28,1,1,1,0,38.62,108.02,2.07,5793,5972,6592,5697,1.008,0.00,0.00,-28.37,133.50,0.19,-0.87
368,38875765,20.
02,1,3,10.14,1,1,1.00,-1.01,35.78,-168.56,2.22,-3.74,1.68,-8.45,-0.06,-5.44,-1.10,-0.22,0.00,0.00,-1.10,-0.22,-0.01,0.33,-0.10,-0.49,-0.79,0.17,-1.10,-2.19,-0.22,0.09,2.19,-0.34,6.68,-7.82,1.85,1.39,0.10,0.34,-1.31,3.18,-0.36,0.6496,-0.63,-35.65,2.22,-3.74,1,1,1,1,38
.79,107.87,1.22,5960,5915,6498,5565,1.009,0.00,0.00,-28.33,133.49,0.19,-0.88
369,38895768,20.00,1,3,10.14,1,1,1.00,-1.01,35.73,-168.48,2.38,-3.46,1.68,-8.47,-0.09,-4.89,-1.05,-0.23,0.00,0.00,-1.05,-0.23,-0.01,0.33,-0.08,-0.44,-0.79,0.17,-1.05,-2.23,-0.23,0.12,1.72
,-0.31,6.65,1.46,-0.19,0.65,0.11,-0.95,-1.44,0.55,-0.27,0.4680,4.24,-0.07,2.38,-3.46,1,1,1,0,38.50,107.93,2.85,5760,6183,6202,5881,1.009,0.00,0.00,-28.31,133.48,0.19,-0.91
370,38915769,20.00,1,3,10.14,1,1,1.00,-1.01,35.69,-168.41,3.25,-3.20,1.69,-8.48,-0.62,-4.84,-1.
08,-0.14,0.00,0.00,-1.08,-0.14,-0.08,0.33,-0.11,-0.44,-0.79,0.14,-1.08,-2.15,-0.14,0.12,0.95,0.37,5.35,3.50,0.41,0.39,0.11,-0.10,-0.45,-3.37,0.54,0.8614,13.51,-0.24,3.25,-3.20,1,1,1,0,38.65,107.87,2.04,5899,6179,6145,5649,1.009,0.00,0.00,-28.28,133.46,0.20,-0.93
3
71,38935773,20.00,1,3,10.14,1,1,1.00,-1.02,35.62,-168.35,5.71,-3.47,1.69,-8.49,-2.31,-4.69,-1.09,0.19,0.00,0.00,-1.09,0.19,-0.30,0.33,-0.22,-0.42,-0.79,0.12,-1.09,-2.08,0.19,0.06,0.58,2.26,4.59,3.23,0.50,0.26,0.11,0.12,2.69,-6.82,1.02,1.1946,48.49,-6.62,5.71,-3.47,1,1,1
,1,38.57,107.89,2.53,5921,6325,6189,5519,1.009,0.00,0.00,-28.24,133.45,0.20,-0.95
372,38955777,20.00,1,3,10.14,1,1,1.00,-1.05,35.51,-168.28,5.23,-4.79,1.68,-8.51,-2.71,-3.85,-0.98,0.23,0.00,0.00,-0.98,0.23,-0.36,0.33,-0.20,-0.35,-0.79,0.15,-0.98,-2.01,0.23,0.00,1.0
2,1.72,5.19,4.35,0.08,0.03,0.11,-0.06,2.44,-0.87,-0.18,0.1858,-0.37,-20.20,5.23,-4.79,1,1,1,0,38.64,107.82,2.16,5690,6217,6286,5718,1.008,0.00,0.00,-28.16,133.45,0.21,-0.98
373,38975760,19.98,1,3,10.15,1,1,1.00,-1.07,35.40,-168.18,4.79,-5.99,1.69,-8.53,-2.62,-2.80,-
0.85,0.17,0.00,0.00,-0.85,0.17,-0.34,0.33,-0.16,-0.25,-0.79,0.19,-0.85,-1.97,0.17,0.02,1.46,0.75,6.12,0.69,1.06,0.56,0.11,0.37,1.23,2.91,-0.64,0.1069,-0.37,-20.12,4.79,-5.99,1,1,1,0,38.44,107.87,3.30,5794,6012,6460,5683,1.008,0.00,0.00,-28.09,133.44,0.22,-
1.02
374,38995782,20.02,1,3,10.15,1,1,1.00,-1.08,35.31,-168.06,2.82,-7.32,1.69,-8.55,-1.41,-1.57,-0.69,-0.11,0.00,0.00,-0.69,-0.11,-0.18,0.33,-0.03,-0.14,-0.79,0.23,-0.69,-1.99,-0.11,0.10,1.92,-1.24,7.46,-2.33,1.49,1.06,0.12,0.31,-1.91,8.65,-1.92,0.6426,-20.33,-22.9
3,2.82,-7.32,1,1,1,0,38.51,107.82,2.96,5704,5709,6611,5818,1.008,0.00,0.00,-28.03,133.43,0.23,-1.07
375,39015782,20.00,1,3,10.15,1,1,1.00,-1.09,35.25,-167.92,0.37,-7.09,1.69,-8.58,0.00,-1.21,-0.69,-0.41,0.00,0.00,-0.69,-0.41,0.00,0.33,0.08,-0.11,-0.79,0.20,-0.69,-
1.96,-0.41,0.32,1.27,-2.64,6.66,3.78,0.04,0.46,0.12,-0.54,-5.15,11.68,-2.18,0.5083,-36.40,-4.36,0.37,-7.09,1,1,1,1,38.36,107.87,3.78,5483,5880,6466,6049,1.008,0.00,0.00,-28.01,133.41,0.24,-1.13
376,39035785,20.00,1,3,10.15,1,1,1.00,-1.10,35.24,-167.77,-0.04,-6.76,1.
70,-8.61,0.59,-1.27,-0.74,-0.52,0.00,0.00,-0.74,-0.52,0.08,0.33,0.11,-0.11,-0.79,0.16,-0.74,-1.91,-0.52,0.42,0.50,-2.37,5.37,3.30,0.57,0.42,0.12,0.02,-6.06,3.86,-0.69,0.7459,-4.85,-2.96,-0.04,-6.76,1,1,1,0,38.36,107.89,3.82,5687,6031,6364,5720,1.008,0.00,0.00,-28.02,1
33.39,0.25,-1.18
377,39055592,19.81,1,3,10.15,1,1,1.00,-1.13,35.24,-167.64,-0.04,-6.76,1.71,-8.64,1.01,-1.31,-0.78,-0.58,0.00,0.00,-0.78,-0.58,0.13,0.33,0.12,-0.12,-0.79,0.13,-0.78,-1.82,-0.58,0.39,0.10,-1.94,4.36,8.56,-1.15,-0.40,0.12,-0.87,-5.86,-4.33,0.15,0.1935,0.00,
0.00,-0.04,-6.76,1,0,0,0,38.21,107.94,4.64,5548,6391,6047,5812,1.008,0.00,0.00,-28.04,133.36,0.26,-1.23
378,39075751,20.16,1,3,10.15,1,1,1.00,-1.13,35.24,-167.50,2.02,-6.60,1.72,-8.67,0.00,-1.47,-0.83,-0.35,0.00,0.00,-0.83,-0.35,0.00,0.33,0.02,-0.13,-0.79,0.09,-0.83,
-1.62,-0.35,0.27,-0.23,0.17,2.63,8.93,-0.44,-0.57,0.12,0.01,-1.83,-9.62,0.84,0.5756,24.48,-4.87,2.02,-6.60,1,1,1,0,38.21,107.98,4.66,5777,6304,5968,5673,1.007,0.00,0.00,-28.05,133.33,0.27,-1.28
379,39095737,19.99,1,3,10.16,1,1,1.00,-1.13,35.20,-167.37,1.85,-6.06,1.7
2,-8.70,0.00,-1.87,-0.91,-0.34,0.00,0.00,-0.91,-0.34,0.00,0.33,0.02,-0.17,-0.79,0.05,-0.91,-1.48,-0.34,0.08,-0.65,0.14,1.20,2.79,0.70,-0.02,0.12,0.60,-1.22,-10.62,1.14,0.7119,0.00,0.00,1.85,-6.06,1,1,1,0,38.10,108.11,5.28,5929,6232,6117,5442,1.007,0.00,0.00,-28.04,133
.30,0.28,-1.34
380,39115741,20.00,1,3,10.16,1,1,1.00,-1.16,35.17,-167.25,3.68,-6.44,1.73,-8.72,-0.59,-1.84,-0.91,-0.22,0.00,0.00,-0.91,-0.22,-0.08,0.33,-0.03,-0.17,-0.79,0.04,-0.91,-1.48,-0.22,-0.06,-0.45,0.86,1.36,-3.90,1.25,0.64,0.12,0.48,0.35,-7.52,0.40,0.6545
,24.08,-10.69,3.68,-6.44,1,1,1,0,38.37,108.08,3.79,5845,6090,6315,5411,1.007,0.00,0.00,-28.02,133.28,0.29,-1.38
381,39135759,20.02,1,3,10.16,1,1,1.00,-1.17,35.09,-167.12,4.22,-7.71,1.73,-8.75,-1.42,-1.10,-0.79,-0.05,0.00,0.00,-0.79,-0.05,-0.19,0.33,-0.09,-0.10,-0.79,0.
08,-0.79,-1.56,-0.05,-0.10,0.47,1.57,3.19,-5.13,0.92,0.81,0.12,-0.02,1.70,2.38,-1.46,0.5780,10.23,-21.95,4.22,-7.71,1,1,1,0,38.28,108.14,4.30,5645,5872,6501,5789,1.006,0.00,0.00,-27.98,133.25,0.30,-1.44
382,39155763,20.00,1,3,10.16,1,1,1.00,-1.21,35.01,-166.97,1.68,-7.00,1.74,-8.79,
-0.21,-1.22,-0.84,-0.32,0.00,0.00,-0.84,-0.32,-0.03,0.33,0.02,-0.11,-0.79,0.06,-0.84,-1.59,-0.32,0.03,-0.01,-0.63,2.57,0.11,-0.01,0.38,0.13,-0.52,-1.74,8.02,-1.52,0.2048,-49.22,1.04,1.68,-7.00,1,1,1,1,38.44,108.14,3.48,5459,6019,6418,5862,1.006,0.00,0.00,-27.93,133.2
3,0.32,-1.51
383,39175765,20.00,1,3,10.16,1,1,1.00,-1.24,34.97,-166.83,-0.85,-5.31,1.74,-8.83,0.82,-2.27,-1.01,-0.53,0.00,0.00,-1.01,-0.53,0.11,0.33,0.10,-0.20,-0.79,-0.02,-1.01,-1.52,-0.53,0.19,-1.06,-1.70,0.54,5.11,-0.82,-0.32,0.13,-0.62,-4.17,7.11,-1.38,0.3516,
-38.29,13.90,-0.85,-5.31,1,1,1,1,38.60,108.13,2.63,5407,6148,6297,5988,1.006,0.00,0.00,-27.92,133.20,0.33,-1.56
384,39195768,20.00,1,3,10.16,1,1,1.00,-1.26,34.99,-166.72,-0.74,-3.29,1.75,-8.85,1.60,-3.90,-1.26,-0.68,0.00,0.00,-1.26,-0.68,0.21,0.33,0.14,-0.35,-0.79,-0
.12,-1.26,-1.45,-0.68,0.26,-2.20,-1.98,-1.58,3.07,-0.12,-0.32,0.12,0.07,-5.67,1.12,-0.39,0.2722,0.43,19.69,-0.74,-3.29,1,1,1,0,38.33,108.27,4.12,5621,6238,6311,5756,1.006,0.00,0.00,-27.95,133.16,0.34,-1.60
385,39215766,20.00,1,3,10.17,1,1,1.00,-1.30,35.01
,-166.66,-0.08,-3.04,1.75,-8.86,1.52,-4.72,-1.36,-0.63,0.00,0.00,-1.36,-0.63,0.20,0.33,0.10,-0.43,-0.79,-0.15,-1.36,-1.36,-0.63,0.22,-2.05,-1.02,-2.07,3.19,-0.43,-0.60,0.12,0.04,-4.22,-6.37,0.54,0.4959,7.56,-0.17,-0.08,-3.04,1,1,1,0,38.33,108.27,4.12,5682,
6351,6095,5655,1.005,0.00,0.00,-27.96,133.13,0.34,-1.61
386,39235771,20.00,1,3,10.17,1,1,1.00,-1.32,35.01,-166.59,-0.07,-2.80,1.76,-8.86,1.49,-5.20,-1.41,-0.61,0.00,0.00,-1.41,-0.61,0.19,0.33,0.08,-0.47,-0.79,-0.15,-1.41,-1.32,-0.61,0.07,-1.60,-0.50,-1.87,-2.23,0.75,
0.02,0.12,0.60,-2.74,-10.47,1.07,0.5994,0.00,0.00,-0.07,-2.80,1,1,1,0,38.37,108.37,3.97,5902,6273,6189,5422,1.005,0.00,0.00,-27.97,133.09,0.34,-1.63
387,39255779,20.01,1,3,10.16,1,1,1.00,-1.34,35.01,-166.54,2.05,-4.69,1.76,-8.87,0.18,-4.29,-1.24,-0.32,0.00,0.00,-1.24,-
0.32,0.02,0.33,-0.04,-0.39,-0.79,-0.06,-1.24,-1.41,-0.32,-0.11,-0.01,1.44,0.54,-7.89,1.36,0.75,0.12,0.48,0.76,-9.23,0.47,0.3366,26.56,-26.53,2.05,-4.69,1,1,1,0,38.54,108.34,3.06,5935,6090,6327,5451,1.005,0.00,0.00,-27.97,133.06,0.34,-1.64
388,39275781,20.00,1
,3,10.16,1,1,1.00,-1.36,34.97,-166.44,2.28,-5.33,1.76,-8.89,0.00,-3.56,-1.11,-0.29,0.00,0.00,-1.11,-0.29,0.00,0.33,-0.04,-0.32,-0.79,-0.00,-1.11,-1.51,-0.29,-0.21,0.76,1.12,2.03,-6.63,0.94,0.89,0.13,-0.08,0.86,-4.13,0.04,0.5609,4.97,-12.76,2.28,-5.33,1,1,1,0,38.42,108
.40,3.73,5828,6129,6368,5569,1.005,0.00,0.00,-27.95,133.03,0.35,-1.67
389,39295784,20.00,1,3,10.17,1,1,1.00,-1.39,34.92,-166.34,-0.20,-5.00,1.77,-8.92,0.74,-3.45,-1.10,-0.45,0.00,0.00,-1.10,-0.45,0.10,0.33,0.02,-0.31,-0.79,0.00,-1.10,-1.58,-0.45,-0.23,0.60,-0.27,2.15,-1.58,
-0.03,0.45,0.13,-0.61,-0.98,1.48,-0.79,0.2338,-36.51,-1.11,-0.20,-5.00,1,1,1,1,38.72,108.31,2.11,5571,6136,6337,5787,1.005,0.00,0.00,-27.92,133.00,0.36,-1.72
390,39315784,20.00,1,3,10.16,1,1,1.00,-1.42,34.93,-166.24,-2.49,-3.16,1.77,-8.94,2.64,-4.48,-1.25,-0.84,0.00,
0.00,-1.25,-0.84,0.35,0.33,0.16,-0.40,-0.79,-0.06,-1.25,-1.54,-0.84,-0.16,-0.59,-2.57,0.31,2.64,-0.25,-0.06,0.13,-0.32,-4.85,4.23,-1.17,0.4182,-29.17,18.21,-2.49,-3.16,1,1,1,0,38.71,108.34,2.26,5503,6182,6426,5880,1.005,0.00,0.00,-27.93,132.96,0.37,-1.75
391,39335
786,20.00,1,3,10.16,1,1,1.00,-1.45,34.98,-166.17,-3.84,-1.29,1.78,-8.94,4.24,-6.00,-1.48,-1.14,0.00,0.00,-1.48,-1.14,0.56,0.33,0.25,-0.54,-0.79,-0.14,-1.48,-1.48,-1.14,-0.11,-1.73,-2.80,-1.72,2.70,-0.30,-0.30,0.13,-0.13,-7.05,0.99,-0.84,0.7570,-19.52,20.55,-3.84,-1.2
9,1,1,1,0,38.81,108.30,1.77,5521,6247,6392,5822,1.006,0.00,0.00,-27.98,132.91,0.37,-1.76
392,39355790,20.00,1,3,10.16,1,1,1.00,-1.50,35.05,-166.15,-4.59,-1.04,1.78,-8.93,5.34,-6.74,-1.56,-1.32,0.00,0.00,-1.56,-1.32,0.70,0.33,0.29,-0.61,-0.79,-0.16,-1.56,-1.36,-1.3
2,-0.09,-1.64,-2.80,-2.28,5.26,-0.92,-0.87,0.13,-0.17,-7.99,-2.01,-0.64,0.3307,-13.37,1.88,-4.59,-1.04,1,1,1,0,38.63,108.35,2.78,5506,6342,6269,5919,1.006,0.00,0.00,-28.03,132.86,0.37,-1.74
393,39375793,20.00,1,3,10.15,1,1,1.00,-1.52,35.14,-166.13,-3.80,-0.77
,1.78,-8.92,5.31,-7.19,-1.60,-1.26,0.00,0.00,-1.60,-1.26,0.70,0.34,0.23,-0.65,-0.79,-0.16,-1.60,-1.28,-1.26,-0.18,-1.30,-1.44,-2.31,-0.38,0.52,-0.24,0.12,0.63,-5.89,-8.28,0.37,0.6144,5.39,2.31,-3.80,-0.77,1,1,1,0,38.74,108.35,2.26,5811,6256,6298,5576,1.006,0.00,0.00,
-28.10,132.81,0.36,-1.72
394,39395795,20.00,1,3,10.15,1,1,1.00,-1.55,35.22,-166.11,-1.71,-1.86,1.78,-8.91,4.03,-6.75,-1.50,-0.95,0.00,0.00,-1.50,-0.95,0.53,0.34,0.08,-0.61,-0.79,-0.10,-1.50,-1.33,-0.95,-0.39,-0.24,0.97,-0.78,-6.79,1.40,0.56,0.12,0.71,-0.82,
-12.03,0.99,0.5717,22.78,-14.53,-1.71,-1.86,1,1,1,0,38.63,108.43,2.88,6029,6231,6339,5398,1.007,0.00,0.00,-28.15,132.77,0.36,-1.70
395,39415797,20.00,1,3,10.15,1,1,1.00,-1.59,35.26,-166.08,-3.28,-1.66,1.78,-8.91,4.47,-6.66,-1.47,-1.02,0.00,0.00,-1.47,-1.02,0
.59,0.34,0.10,-0.60,-0.79,-0.07,-1.47,-1.48,-1.02,-0.61,0.05,0.17,0.09,-9.19,1.40,1.05,0.13,0.21,-1.14,-10.85,1.14,0.3073,-21.63,0.60,-3.28,-1.66,1,1,1,0,38.72,108.44,2.46,5971,6300,6368,5302,1.007,0.00,0.00,-28.18,132.73,0.36,-1.70
396,39435802,20.00,1,3,1
0.15,1,1,1.00,-1.62,35.32,-166.04,-5.29,-1.94,1.79,-8.90,5.85,-6.42,-1.41,-1.29,0.00,0.00,-1.41,-1.29,0.77,0.34,0.19,-0.58,-0.79,-0.04,-1.41,-1.61,-1.29,-0.75,0.35,-1.53,0.96,-5.12,0.35,0.65,0.13,-0.44,-3.24,-3.37,-0.66,0.2626,-28.88,-5.14,-5.29,-1.94,1,1,1,0,38.68,108.50,2.68,5680,6140,
6406,5761,1.008,0.00,0.00,-28.22,132.68,0.36,-1.69
397,39455806,20.00,1,3,10.15,1,1,1.00,-1.65,35.43,-166.00,-7.55,-0.46,1.79,-8.89,7.79,-7.16,-1.52,-1.67,0.00,0.00,-1.52,-1.67,1.02,0.34,0.30,-0.65,-0.79,-0.08,-1.52,-1.61,-1.67,-0.73,-0.42,-2.80,-0.12,2.38,-0.95,
-0.18,0.13,-0.90,-6.59,3.76,-1.88,0.3493,-34.05,16.85,-7.55,-0.46,1,1,1,0,38.99,108.41,1.06,5324,6164,6411,6072,1.007,0.00,0.00,-28.30,132.63,0.36,-1.68
398,39475807,20.00,1,3,10.15,1,1,1.00,-1.67,35.58,-165.99,-8.85,1.50,1.79,-8.87,9.38,-8.60,-1.72,-1.99,0.00,0.0
0,-1.72,-1.99,1.23,0.34,0.36,-0.78,-0.79,-0.16,-1.72,-1.58,-1.99,-0.68,-1.53,-2.80,-2.00,2.21,-0.43,-0.29,0.13,-0.27,-8.37,1.72,-1.42,0.5282,-24.11,24.51,-8.85,1.50,1,1,1,0,38.81,108.47,2.10,5492,6198,6460,5982,1.008,0.00,0.00,-28.41,132.57,0.35,-1.65
399,39495810,20
.00,1,3,10.14,1,1,1.00,-1.70,35.75,-166.02,-9.24,1.42,1.80,-8.84,10.25,-9.10,-1.77,-2.11,0.00,0.00,-1.77,-2.11,1.34,0.34,0.36,-0.82,-0.79,-0.16,-1.77,-1.48,-2.11,-0.66,-1.27,-2.56,-2.19,3.76,-0.68,-0.72,0.13,-0.09,-8.84,-3.27,-0.44,0.3831,-13.77,0.41,-9.24,1.42,1,1
,1,0,38.92,108.42,1.57,5596,6305,6242,5894,1.008,0.00,0.00,-28.54,132.51,0.34,-1.60
400,39515796,19.99,1,3,10.14,1,1,1.00,-1.71,35.94,-166.05,-7.13,1.26,1.80,-8.81,9.33,-9.22,-1.76,-1.78,0.00,0.00,-1.76,-1.78,1.22,0.34,0.21,-0.83,-0.79,-0.13,-1.76,-1.43,-1.78,-0.76,
-0.75,0.33,-1.81,-0.73,0.36,-0.18,0.13,0.41,-3.85,-9.65,0.38,0.6646,17.66,-0.53,-7.13,1.26,1,1,1,0,38.65,108.56,3.07,5847,6300,6294,5652,1.008,0.00,0.00,-28.67,132.45,0.34,-1.55
401,39535815,20.02,1,3,10.14,1,1,1.00,-1.75,36.08,-166.08,-6.27,-1.19,1.80,-8.78,8.41,-7
.79,-1.51,-1.55,0.00,0.00,-1.51,-1.55,1.10,0.34,0.10,-0.70,-0.79,-0.02,-1.51,-1.50,-1.55,-0.99,1.01,1.67,0.98,-7.23,1.33,0.68,0.13,0.51,-0.09,-14.04,1.50,0.5130,3.81,-31.25,-6.27,-1.19,1,1,1,1,38.84,108.53,2.06,6034,6339,6292,5287,1.009,0.00,0.00,-28.76,132
.39,0.33,-1.51
402,39555821,20.01,1,3,10.14,1,1,1.00,-1.78,36.21,-166.05,-6.81,-2.47,1.80,-8.77,8.35,-6.44,-1.30,-1.51,0.00,0.00,-1.30,-1.51,1.09,0.34,0.08,-0.58,-0.79,0.07,-1.30,-1.65,-1.51,-1.22,1.95,1.29,3.06,-8.91,1.59,1.23,0.13,0.21,0.34,-9.38,0.68,0.2758,-13.1
7,-17.48,-6.81,-2.47,1,1,1,0,38.65,108.63,3.13,6010,6197,6437,5411,1.009,0.00,0.00,-28.86,132.34,0.32,-1.49
403,39575623,19.80,1,3,10.14,1,1,1.00,-1.80,36.34,-166.01,-6.81,-2.47,1.81,-8.76,8.33,-5.89,-1.23,-1.49,0.00,0.00,-1.23,-1.49,1.09,0.35,0.06,-0.53,-0.79,0.0
9,-1.23,-1.76,-1.49,-1.31,1.69,0.95,3.36,-4.56,0.79,0.95,0.14,-0.31,0.35,-2.83,-0.25,0.3405,0.00,0.00,-6.81,-2.47,1,0,0,0,38.91,108.58,1.79,5816,6095,6369,5676,1.009,0.00,0.00,-28.96,132.29,0.32,-1.48
404,39595767,20.14,1,3,10.14,1,1,1.00,-1.80,36.48,-165.9
6,-9.44,-2.15,1.81,-8.76,9.90,-5.81,-1.24,-1.88,0.00,0.00,-1.24,-1.88,1.30,0.35,0.17,-0.52,-0.79,0.08,-1.24,-1.81,-1.88,-1.33,1.06,-1.76,2.87,-3.43,0.73,0.85,0.14,-0.26,-3.52,-1.99,-0.08,0.4288,-42.61,1.34,-9.44,-2.15,1,1,1,1,38.78,108.63,2.54,5846,6177,6392,5674,1
.009,0.00,0.00,-29.07,132.23,0.32,-1.48
405,39615769,20.00,1,3,10.13,1,1,1.00,-1.82,36.67,-165.91,-12.04,-1.85,1.82,-8.75,12.10,-5.90,-1.27,-2.39,0.00,0.00,-1.27,-2.39,1.59,0.35,0.30,-0.53,-0.79,0.06,-1.27,-1.71,-2.39,-1.26,0.51,-2.80,1.93,11.85,-2.39,-1.12,0.14,-1.
39,-7.48,7.53,-2.44,0.0625,-44.88,1.43,-12.04,-1.85,1,1,1,1,38.74,108.62,2.84,5054,6312,6326,6329,1.009,0.00,0.00,-29.21,132.17,0.32,-1.46
406,39635790,20.02,1,3,10.13,1,1,1.00,-1.86,36.91,-165.88,-14.61,0.73,1.83,-8.73,14.59,-7.41,-1.51,-2.92,0.00,0.00,-1.51,-2.9
2,1.91,0.35,0.43,-0.67,-0.79,-0.05,-1.51,-1.49,-2.92,-1.15,-1.16,-2.80,-1.25,15.28,-2.05,-1.67,0.14,-0.50,-10.67,7.26,-2.61,0.0091,-45.98,51.19,-14.61,0.73,1,1,1,1,38.50,108.70,4.13,5053,6256,6403,6285,1.010,0.00,0.00,-29.39,132.10,0.32,-1.44
407,39655789,20.00,1,3,10.13,1
,1,1.00,-1.88,37.20,-165.89,-13.31,3.28,1.84,-8.70,14.85,-9.55,-1.83,-2.86,0.00,0.00,-1.83,-2.86,1.95,0.35,0.37,-0.86,-0.80,-0.17,-1.83,-1.33,-2.86,-1.10,-2.71,-1.41,-4.30,9.70,-0.67,-1.37,0.13,0.58,-9.22,1.21,-1.33,0.4332,1.35,41.30,-13.31,3.28,1,1,1,1,38.39,
108.75,4.75,5445,6141,6316,5973,1.010,0.00,0.00,-29.61,132.02,0.31,-1.38
408,39675794,20.00,1,3,10.14,1,1,1.00,-1.88,37.47,-165.96,-12.24,2.54,1.84,-8.66,14.30,-9.96,-1.86,-2.64,0.00,0.00,-1.86,-2.64,1.87,0.35,0.25,-0.90,-0.80,-0.16,-1.86,-1.28,-2.64,-1.1
6,-1.93,0.43,-3.80,-0.07,0.70,-0.53,0.12,1.10,-5.98,-8.51,0.67,0.5137,-0.19,-5.89,-12.24,2.54,1,1,1,0,38.03,108.91,6.57,5921,6165,6173,5557,1.010,0.00,0.00,-29.79,131.95,0.30,-1.31
409,39695799,20.00,1,3,10.14,1,1,1.00,-1.88,37.71,-166.01,-11.33,0.01,1.84,-8.62,13.49
,-8.60,-1.62,-2.39,0.00,0.00,-1.62,-2.39,1.77,0.35,0.14,-0.78,-0.80,-0.05,-1.62,-1.40,-2.39,-1.43,0.22,1.79,-0.50,-11.93,2.36,1.01,0.13,1.20,-2.07,-18.20,2.36,0.5911,-1.03,-31.49,-11.33,0.01,1,1,1,1,38.15,108.94,5.92,6231,6204,6203,4986,1.009,0.00,0.00,-29.96,131.8
9,0.28,-1.25
410,39715783,19.98,1,3,10.14,1,1,1.00,-1.90,37.94,-166.01,-8.82,-0.10,1.85,-8.60,11.66,-8.03,-1.52,-1.91,0.00,0.00,-1.52,-1.91,1.53,0.35,-0.03,-0.72,-0.80,-0.00,-1.52,-1.58,-1.91,-1.67,0.73,2.80,0.90,-16.37,2.77,1.98,0.13,0.63,2.05,-19.28,2.38,0.3634,40
.31,-1.34,-8.82,-0.10,1,1,1,1,38.14,109.05,5.99,6267,6206,6308,4907,1.009,0.00,0.00,-30.13,131.82,0.28,-1.21
411,39735806,20.02,1,3,10.15,1,1,1.00,-1.91,38.12,-166.01,-7.76,-1.37,1.85,-8.58,10.27,-7.04,-1.37,-1.59,0.00,0.00,-1.37,-1.59,1.35,0.36,-0.13,-0.64,-0.80,
0.06,-1.37,-1.81,-1.59,-1.92,1.40,2.80,2.80,-9.52,0.19,1.30,0.14,-1.26,3.85,-8.23,-0.29,0.1053,4.41,-16.02,-7.76,-1.37,1,1,1,0,38.29,109.04,5.14,5648,6114,6241,5677,1.009,0.00,0.00,-30.25,131.77,0.27,-1.19
412,39755805,20.00,1,3,10.15,1,1,1.00,-1.90,38.27,-165.98,-10
.26,-0.75,1.86,-8.57,11.23,-6.97,-1.37,-1.89,0.00,0.00,-1.37,-1.89,1.47,0.36,-0.03,-0.63,-0.80,0.05,-1.37,-1.82,-1.89,-1.90,0.90,-0.02,2.34,3.96,-1.18,-0.14,0.14,-1.17,-0.01,6.19,-1.63,0.2424,-54.65,6.45,-10.26,-0.75,1,1,1,1,38.24,109.08,5.37,5389,6062,6182
,6129,1.008,0.00,0.00,-30.37,131.72,0.27,-1.17
413,39775812,20.01,1,3,10.15,1,1,1.00,-1.89,38.48,-165.96,-12.74,1.74,1.86,-8.55,13.16,-8.37,-1.60,-2.38,0.00,0.00,-1.60,-2.38,1.72,0.36,0.12,-0.76,-0.80,-0.05,-1.60,-1.66,-2.38,-1.67,-0.80,-2.80,-0.61,15.50,-3.12,-1.64,0
.14,-1.60,-5.19,20.16,-4.55,0.1804,-53.20,54.06,-12.74,1.74,1,1,1,1,38.33,109.07,4.91,4752,5916,6293,6777,1.007,0.00,0.00,-30.52,131.66,0.27,-1.14
414,39795794,19.98,1,3,10.15,1,1,1.00,-1.88,38.73,-166.00,-11.64,4.22,1.87,-8.53,13.31,-10.43,-1.91,-2.36,0.00,0.00,-1.
91,-2.36,1.74,0.36,0.11,-0.94,-0.80,-0.17,-1.91,-1.39,-2.36,-1.35,-2.41,-1.69,-4.07,19.01,-2.66,-2.45,0.13,-0.33,-5.80,19.92,-3.76,0.4872,1.17,35.78,-11.64,4.22,1,1,1,1,38.15,109.18,5.92,4927,5974,6262,6621,1.007,0.00,0.00,-30.70,131.59,0.26,-1.09
415,398
15817,20.02,1,3,10.15,1,1,1.00,-1.88,38.96,-166.08,-14.11,6.18,1.87,-8.49,14.90,-12.35,-2.17,-2.74,0.00,0.00,-2.17,-2.74,1.95,0.36,0.21,-1.12,-0.80,-0.25,-2.17,-1.15,-2.74,-1.09,-2.80,-2.80,-6.96,7.45,0.04,-1.44,0.12,1.36,-10.06,5.29,-0.13,0.9788,-42.80,28.91,-14.11,
6.18,1,1,1,0,38.43,109.13,4.37,5661,6149,6193,5684,1.007,0.00,0.00,-30.86,131.53,0.24,-1.02
416,39835816,20.00,1,3,10.15,1,1,1.00,-1.89,39.25,-166.21,-11.64,3.89,1.87,-8.44,14.00,-11.77,-2.03,-2.44,0.00,0.00,-2.03,-2.44,1.83,0.36,0.10,-1.06,-0.80,-0.17,-2.03,-1.13
,-2.44,-1.13,-0.96,0.04,-4.47,-5.56,1.47,-0.18,0.12,1.52,-5.55,-11.95,1.57,0.8368,29.52,-22.75,-11.64,3.89,1,1,1,1,38.07,109.29,6.21,6054,6279,6253,5252,1.007,0.00,0.00,-31.04,131.47,0.22,-0.94
417,39855819,20.00,1,3,10.15,1,1,1.00,-1.90,39.48,-166.28,-9.17,1.42,1.87,-8.
41,12.12,-10.08,-1.74,-1.95,0.00,0.00,-1.74,-1.95,1.59,0.36,-0.07,-0.91,-0.80,-0.03,-1.74,-1.29,-1.95,-1.37,1.15,2.80,-0.28,-17.66,3.30,1.65,0.12,1.51,0.94,-24.06,3.58,0.8769,65.97,-38.82,-9.17,1.42,1,1,1,1,38.05,109.35,6.21,6592,6178,6103,4776,1.007,0.00,0.00,-31.20,
131.41,0.21,-0.88
418,39875824,20.00,1,3,10.15,1,1,1.00,-1.89,39.66,-166.31,-6.70,-1.04,1.88,-8.39,9.84,-7.97,-1.41,-1.42,0.00,0.00,-1.41,-1.42,1.29,0.36,-0.23,-0.72,-0.80,0.11,-1.41,-1.59,-1.42,-1.75,2.76,2.80,3.32,-21.18,3.09,2.61,0.13,0.33,3.83,-25.79,3.48,0.7938,
93.01,-59.50,-6.70,-1.04,1,1,1,1,38.00,109.40,6.33,6527,6210,6107,4792,1.008,0.00,0.00,-31.33,131.37,0.20,-0.84
419,39895825,20.00,1,3,10.15,1,1,1.00,-1.88,39.80,-166.29,-5.69,0.97,1.88,-8.38,8.36,-8.35,-1.49,-1.16,0.00,0.00,-1.49,-1.16,1.10,0.36,-0.30,-0.75,-0.80,0
.07,-1.49,-1.81,-1.16,-2.01,1.30,2.80,2.32,-3.50,-0.77,0.85,0.14,-1.75,5.97,-4.09,-0.95,0.0831,6.10,24.54,-5.69,0.97,1,1,1,0,38.10,109.40,5.80,5432,6124,6171,5885,1.008,0.00,0.00,-31.43,131.32,0.20,-0.83
420,39915829,20.00,1,3,10.15,1,1,1.00,-1.88,39.91,-166.31,-8
.15,3.43,1.88,-8.37,9.29,-9.92,-1.75,-1.45,0.00,0.00,-1.75,-1.45,1.22,0.36,-0.16,-0.90,-0.81,-0.05,-1.75,-1.75,-1.45,-1.93,-0.72,0.03,-0.71,9.31,-2.43,-0.87,0.14,-1.67,1.54,11.16,-2.46,0.0249,-66.68,55.43,-8.15,3.43,1,1,1,1,38.15,109.45,5.54,5099,6083,6092,6388,1.008,0
.00,0.00,-31.51,131.29,0.19,-0.81
421,39935832,20.00,1,3,10.15,1,1,1.00,-1.85,40.07,-166.38,-10.61,5.89,1.88,-8.35,11.19,-11.97,-2.05,-1.96,0.00,0.00,-2.05,-1.96,1.47,0.36,0.01,-1.08,-0.81,-0.17,-2.05,-1.39,-1.96,-1.48,-2.34,-2.80,-4.53,21.88,-4.06,-2.82,
0.13,-1.34,-4.31,27.39,-5.26,0.2480,-82.54,69.29,-10.61,5.89,1,1,1,1,38.61,109.31,3.06,4563,5891,6209,7023,1.007,0.00,0.00,-31.61,131.25,0.18,-0.76
422,39955835,20.00,1,3,10.15,1,1,1.00,-1.81,40.28,-166.50,-9.78,5.43,1.88,-8.32,11.43,-12.51,-2.10,-1.98,0.0
0,0.00,-2.10,-1.98,1.50,0.36,0.03,-1.13,-0.81,-0.17,-2.10,-0.91,-1.98,-0.89,-1.83,-1.96,-6.84,21.16,-3.09,-3.21,0.12,0.03,-6.46,26.62,-4.48,0.6702,0.00,0.00,-9.78,5.43,1,1,1,0,38.53,109.38,3.55,4839,5944,6311,6836,1.007,0.00,0.00,-31.74,131.20,0.17,-0.70
423,399758
39,20.00,1,3,10.14,1,1,1.00,-1.80,40.48,-166.61,-9.43,3.41,1.89,-8.29,11.28,-11.51,-1.92,-1.93,0.00,0.00,-1.92,-1.93,1.48,0.36,0.01,-1.04,-0.81,-0.07,-1.92,-0.57,-1.93,-0.46,-0.05,-0.97,-5.81,8.55,-0.39,-1.92,0.10,1.43,-7.37,12.19,-1.41,0.6131,-5.31,-20.31,-9.43,3.41
,1,1,1,0,38.64,109.39,2.99,5533,6039,6308,6007,1.008,0.00,0.00,-31.87,131.16,0.15,-0.64
424,39995838,20.00,1,3,10.14,1,1,1.00,-1.79,40.67,-166.67,-6.97,0.95,1.89,-8.28,9.70,-9.67,-1.62,-1.52,0.00,0.00,-1.62,-1.52,1.27,0.37,-0.11,-0.87,-0.81,0.06,-1.62,-0.54,-1.52,-0.3
9,1.78,1.86,-2.71,-8.02,2.45,0.27,0.10,2.05,-2.87,-8.32,1.81,0.4988,57.80,-41.13,-6.97,0.95,1,1,1,1,38.52,109.50,3.63,6274,6177,6345,5150,1.009,0.00,0.00,-31.99,131.11,0.15,-0.59
425,40015842,20.00,1,3,10.14,1,1,1.00,-1.78,40.81,-166.69,-4.52,-1.50,1.89,-8.27,7.55,-
7.50,-1.30,-1.10,0.00,0.00,-1.30,-1.10,0.99,0.37,-0.26,-0.68,-0.81,0.18,-1.30,-0.81,-1.10,-0.69,2.80,2.80,1.22,-19.36,3.59,2.08,0.11,1.37,1.50,-22.41,3.83,0.6780,78.72,-53.59,-4.52,-1.50,1,1,1,1,38.75,109.48,2.47,6760,6195,6131,4800,1.009,0.00,0.00,-32.09,131.08,0.14,-0.57
426
,40035843,20.00,1,3,10.13,1,1,1.00,-1.77,40.90,-166.66,-2.06,-2.57,1.90,-8.27,5.20,-6.04,-1.12,-0.66,0.00,0.00,-1.12,-0.66,0.68,0.37,-0.38,-0.55,-0.81,0.24,-1.12,-1.19,-0.66,-1.14,2.80,2.80,3.02,-18.69,2.60,2.48,0.12,-0.02,4.31,-22.67,3.14,0.1343,40.80,-15
.07,-2.06,-2.57,1,1,1,1,38.76,109.52,2.49,6523,6308,6167,5006,1.009,0.00,0.00,-32.16,131.05,0.14,-0.57
427,40055849,20.01,1,3,10.13,1,1,1.00,-1.75,40.94,-166.61,-2.07,-0.12,1.90,-8.27,4.31,-6.93,-1.30,-0.55,0.00,0.00,-1.30,-0.55,0.56,0.37,-0.38,-0.63,-0.81,0.1
4,-1.30,-1.45,-0.55,-1.47,0.69,2.48,1.15,-8.28,0.39,1.41,0.13,-1.15,6.05,-10.06,0.51,0.2368,-2.10,35.86,-2.07,-0.12,1,1,1,1,38.95,109.47,1.47,5938,6200,6168,5702,1.010,0.00,0.00,-32.20,131.02,0.14,-0.58
428,40075851,20.00,1,3,10.13,1,1,1.00,-1.74,40.98,-166.61,-4.52,
2.34,1.90,-8.27,5.47,-8.71,-1.60,-0.87,0.00,0.00,-1.60,-0.87,0.72,0.37,-0.21,-0.79,-0.81,-0.00,-1.60,-1.45,-0.87,-1.46,-1.40,-0.32,-1.88,6.00,-2.19,-0.61,0.13,-1.69,1.58,7.68,-2.03,0.1485,-65.32,68.64,-4.52,2.34,1,1,1,1,39.04,109.44,1.05,5294,6227,6185,6407,1.010,0
.00,0.00,-32.22,131.01,0.14,-0.57
429,40095660,19.81,1,3,10.12,1,1,1.00,-1.72,41.07,-166.66,-4.52,2.34,1.90,-8.25,5.93,-9.42,-1.71,-1.01,0.00,0.00,-1.71,-1.01,0.78,0.37,-0.13,-0.85,-0.81,-0.05,-1.71,-1.26,-1.01,-1.21,-1.57,-1.06,-3.02,10.85,-2.01,-1.59,0.1
2,-0.52,-0.42,16.76,-3.23,0.4783,0.00,0.00,-4.52,2.34,1,0,0,0,39.19,109.37,0.33,5196,6031,6352,6580,1.010,0.00,0.00,-32.28,130.98,0.14,-0.55
430,40115798,20.14,1,3,10.12,1,1,1.00,-1.70,41.16,-166.70,-7.15,4.96,1.90,-8.25,7.73,-11.23,-1.98,-1.42,0.00,0.00,-1.98,-1.
42,1.01,0.37,0.03,-1.01,-0.81,-0.15,-1.98,-1.15,-1.42,-1.01,-2.67,-2.80,-5.73,4.94,-0.33,-0.99,0.12,0.55,-4.12,15.03,-2.32,1.0565,-61.59,53.73,-7.15,4.96,1,1,1,1,39.02,109.40,1.33,5552,5953,6479,6253,1.011,0.00,0.00,-32.34,130.96,0.13,-0.52
431,40135819,20.02,1,3,10.
12,1,1,1.00,-1.70,41.30,-166.80,-9.75,6.71,1.90,-8.23,10.05,-12.95,-2.21,-1.98,0.00,0.00,-2.21,-1.98,1.32,0.37,0.20,-1.17,-0.82,-0.23,-2.21,-1.17,-1.98,-0.85,-2.80,-2.80,-7.06,-4.67,0.76,-0.13,0.11,0.77,-7.48,2.45,-0.05,0.7125,-48.37,26.00,-9.75,6.71,1,1,1,1,39.04,109
.32,1.25,5895,6164,6378,5709,1.012,0.00,0.00,-32.42,130.92,0.12,-0.48
432,40155823,20.00,1,3,10.12,1,1,1.00,-1.69,41.50,-166.94,-7.17,6.70,1.91,-8.21,9.43,-13.66,-2.28,-1.73,0.00,0.00,-2.28,-1.73,1.23,0.37,0.11,-1.23,-0.82,-0.23,-2.28,-1.27,-1.73,-0.88,-2.21,-0.31,-6
.32,-10.46,1.29,0.42,0.11,0.74,-3.50,-7.51,0.75,0.7155,38.55,6.50,-7.17,6.70,1,1,1,1,38.70,109.44,3.15,6103,6174,6317,5564,1.012,0.00,0.00,-32.54,130.89,0.11,-0.42
433,40175826,20.00,1,3,10.12,1,1,1.00,-1.67,41.64,-167.07,-4.61,4.98,1.91,-8.20,7.61,-12.95,
-2.13,-1.32,0.00,0.00,-2.13,-1.32,1.00,0.37,-0.05,-1.17,-0.82,-0.14,-2.13,-1.49,-1.32,-1.10,-0.50,2.31,-2.57,-13.22,1.23,0.86,0.12,0.24,1.61,-14.31,1.89,0.6040,38.50,-14.27,-4.61,4.98,1,1,1,1,38.72,109.47,3.05,6202,6285,6112,5378,1.012,0.00,0.00,-32.62,130.86,0.09,
-0.38
434,40195829,20.00,1,3,10.12,1,1,1.00,-1.66,41.74,-167.17,-4.23,4.81,1.91,-8.19,6.65,-12.57,-2.04,-1.13,0.00,0.00,-2.04,-1.13,0.87,0.37,-0.11,-1.14,-0.82,-0.09,-2.04,-1.71,-1.13,-1.35,0.19,2.67,-0.87,-10.59,0.85,1.00,0.12,-0.28,3.38,-12.50,1.54,0.5744,0.08,2.93,-
4.23,4.81,1,1,1,0,38.68,109.53,3.29,6133,6268,6087,5503,1.012,0.00,0.00,-32.67,130.84,0.09,-0.34
435,40215831,20.00,1,3,10.12,1,1,1.00,-1.64,41.82,-167.27,-2.31,7.34,1.91,-8.18,5.16,-13.97,-2.25,-0.84,0.00,0.00,-2.25,-0.84,0.68,0.37,-0.20,-1.26,-0.82,-0.16,-2.25,-1.
81,-0.84,-1.48,-1.13,2.80,-2.54,-2.76,-0.47,0.24,0.13,-0.82,4.88,-2.01,-0.49,0.2481,19.47,54.62,-2.31,7.34,1,1,1,1,38.98,109.45,1.72,5684,6172,6178,5935,1.011,0.00,0.00,-32.71,130.82,0.08,-0.31
436,40235826,20.00,1,3,10.12,1,1,1.00,-1.61,41.87,-167.41,-4.83,9.80,1.91,
-8.18,6.11,-15.96,-2.59,-1.08,0.00,0.00,-2.59,-1.08,0.80,0.37,-0.09,-1.44,-0.82,-0.25,-2.59,-1.80,-1.08,-1.39,-2.80,0.36,-5.62,-0.48,-0.48,-0.26,0.12,-0.35,1.34,7.47,-1.37,0.5769,-33.58,37.91,-4.83,9.80,1,1,1,1,38.99,109.45,1.72,5610,6090,6326,6101,1.011,0.00,0.00,-32
.71,130.81,0.07,-0.27
437,40255835,20.01,1,3,10.12,1,1,1.00,-1.60,41.96,-167.61,-7.33,12.30,1.91,-8.18,8.03,-18.21,-2.96,-1.52,0.00,0.00,-2.96,-1.52,1.05,0.37,0.08,-1.64,-0.82,-0.34,-2.96,-1.76,-1.52,-1.17,-2.80,-2.45,-7.88,1.57,-1.16,-0.90,0.12,-0.37,-3.55,9.73
,-1.66,0.6009,-37.64,52.42,-7.33,12.30,1,1,1,1,39.09,109.45,1.23,5470,6159,6290,6213,1.011,0.00,0.00,-32.75,130.80,0.06,-0.22
438,40275819,19.98,1,3,10.12,1,1,1.00,-1.60,42.11,-167.86,-6.71,12.52,1.91,-8.18,8.43,-19.25,-3.06,-1.57,0.00,0.00,-3.06,-1.57,1.10,0.37,0.0
9,-1.74,-0.82,-0.34,-3.06,-1.76,-1.57,-1.04,-2.43,-1.91,-8.01,-3.87,0.08,-0.50,0.12,0.46,-3.60,6.13,-1.40,0.4741,0.42,14.95,-6.71,12.52,1,1,1,0,39.10,109.45,1.23,5642,6082,6472,5990,1.012,0.00,0.00,-32.81,130.78,0.04,-0.17
439,40295840,20.02,1,3,10.12,1,1,1.00,-1.6
0,42.24,-168.11,-5.26,13.87,1.92,-8.19,7.75,-20.51,-3.23,-1.41,0.00,0.00,-3.23,-1.41,1.01,0.37,0.02,-1.85,-0.83,-0.35,-3.23,-1.91,-1.41,-1.03,-2.61,-0.25,-8.25,-14.23,1.93,0.78,0.12,1.02,-1.43,-5.21,0.93,0.7005,11.54,29.51,-5.26,13.87,1,1,1,0,39.01,109.46,1.78,6238,6
103,6369,5482,1.012,0.00,0.00,-32.86,130.77,0.03,-0.12
440,40315841,20.00,1,3,10.12,1,1,1.00,-1.57,42.35,-168.38,-2.78,11.39,1.92,-8.21,5.94,-19.58,-2.95,-1.03,0.00,0.00,-2.95,-1.03,0.78,0.37,-0.12,-1.77,-0.83,-0.22,-2.95,-2.12,-1.03,-1.14,0.04,2.17,-2.99,-12.75,
0.55,0.56,0.12,-0.14,2.54,-10.09,1.48,0.7193,33.83,-34.62,-2.78,11.39,1,1,1,1,39.02,109.46,1.78,6138,6325,6079,5602,1.012,0.00,0.00,-32.89,130.76,0.02,-0.08
441,40335846,20.00,1,3,10.12,1,1,1.00,-1.54,42.40,-168.61,-2.59,9.26,1.93,-8.23,5.07,-17.95,-2.59,-0.87,0.00,
0.00,-2.59,-0.87,0.66,0.37,-0.17,-1.62,-0.83,-0.08,-2.59,-2.28,-0.87,-1.27,2.21,2.37,1.23,-8.80,0.77,0.73,0.13,-0.09,3.66,-5.69,0.63,0.6601,-0.42,-15.45,-2.59,9.26,1,1,1,0,38.79,109.59,3.09,6043,6198,6235,5673,1.013,0.00,0.00,-32.88,130.76,0.01,-0.05
442,40355845,20
.00,1,3,10.12,1,1,1.00,-1.53,42.46,-168.80,-1.55,10.01,1.93,-8.25,4.11,-17.78,-2.57,-0.70,0.00,0.00,-2.57,-0.70,0.54,0.37,-0.21,-1.61,-0.83,-0.05,-2.57,-2.40,-0.70,-1.31,1.54,2.56,0.97,-5.24,0.55,0.81,0.13,-0.39,4.50,0.18,-0.29,0.5208,10.55,18.77,-1.55,10.01,1,1,1,0,3
8.79,109.59,3.09,5865,6071,6293,5796,1.013,0.00,0.00,-32.89,130.76,0.01,-0.03
443,40375854,20.01,1,3,10.12,1,1,1.00,-1.51,42.49,-169.00,-1.33,12.48,1.94,-8.28,3.63,-19.21,-2.86,-0.64,0.00,0.00,-2.86,-0.64,0.48,0.37,-0.20,-1.73,-0.83,-0.13,-2.86,-2.43,-0.64,-1.26,-
0.75,2.02,-2.13,-3.11,0.48,0.51,0.13,-0.17,4.00,4.32,-0.63,0.7467,1.28,48.75,-1.33,12.48,1,1,1,1,38.75,109.72,3.34,5834,6014,6306,5874,1.012,0.00,0.00,-32.87,130.76,0.00,-0.02
444,40395849,20.00,1,3,10.12,1,1,1.00,-1.50,42.51,-169.25,-1.18,13.13,1.94,-8.32,3.36,-20.
20,-3.01,-0.63,0.00,0.00,-3.01,-0.63,0.44,0.37,-0.18,-1.82,-0.83,-0.17,-3.01,-2.45,-0.63,-1.18,-1.39,1.41,-3.16,-0.86,-0.44,-0.16,0.13,-0.41,3.15,7.83,-1.07,0.7333,0.54,20.66,-1.18,13.13,1,1,1,0,38.76,109.72,3.34,5631,6088,6254,6032,1.012,0.00,0.00,-32.85,
130.77,0.00,-0.01
445,40415857,20.01,1,3,10.12,1,1,1.00,-1.49,42.54,-169.51,-1.05,13.53,1.95,-8.37,3.19,-20.87,-3.09,-0.63,0.00,0.00,-3.09,-0.63,0.42,0.37,-0.16,-1.88,-0.84,-0.17,-3.09,-2.42,-0.63,-1.05,-1.41,0.91,-3.63,3.75,-1.35,-0.86,0.13,-0.60,2.26,7.8
4,-0.96,1.0228,0.47,18.25,-1.05,13.53,1,1,1,0,38.35,109.91,5.55,5485,6266,6163,6094,1.012,0.00,0.00,-32.82,130.77,0.00,-0.00
446,40435859,20.00,1,3,10.12,1,1,1.00,-1.49,42.56,-169.78,0.71,15.99,1.95,-8.38,2.10,-22.65,-3.40,-0.44,0.00,0.00,-3.40,-0.44,0.27,0.37,-0.
21,-2.04,-0.84,-0.25,-3.40,-2.32,-0.44,-0.92,-2.80,1.78,-7.27,1.56,-0.15,-0.65,0.13,0.38,3.32,4.63,-0.22,0.7533,21.31,77.11,0.71,15.99,1,1,1,1,38.35,109.91,5.55,5697,6143,6162,5793,1.012,0.00,0.00,-32.83,130.98,0.00,0.00
447,40455863,20.00,1,3,10.13,1,1,1.0
0,-1.48,42.54,-170.10,1.50,15.10,1.95,-8.38,1.18,-22.83,-3.36,-0.29,0.00,0.00,-3.36,-0.29,0.15,0.37,-0.24,-2.06,-0.84,-0.21,-3.36,-2.33,-0.29,-0.85,-1.54,2.08,-5.72,-6.12,0.66,-0.14,0.12,0.67,3.88,0.18,0.65,0.7208,10.68,4.59,1.50,15.10,1,1,1,0,38.21,110.14,6.19,5
939,6130,6133,5592,1.011,0.00,0.00,-32.84,131.29,0.00,0.00
448,40475845,19.98,1,3,10.13,1,1,1.00,-1.47,42.51,-170.40,2.37,13.88,1.95,-8.38,0.26,-22.19,-3.18,-0.14,0.00,0.00,-3.18,-0.14,0.03,0.37,-0.26,-2.00,-0.84,-0.13,-3.18,-2.43,-0.14,-0.86,0.07,2.22,-2.5
4,-12.39,1.77,0.83,0.13,0.80,4.64,-2.46,0.89,0.7733,12.57,-0.32,2.37,13.88,1,1,1,0,38.18,110.14,6.19,6089,6005,6238,5386,1.011,0.00,0.00,-32.83,131.59,0.00,0.00
449,40495873,20.03,1,3,10.13,1,1,1.00,-1.47,42.47,-170.68,3.06,12.00,1.94,-8.38,0.00,-20.82,-2.89
,-0.14,0.00,0.00,-2.89,-0.14,0.00,0.37,-0.23,-1.88,-0.84,-0.02,-2.89,-2.65,-0.14,-0.90,1.83,1.45,1.04,-16.62,2.44,1.76,0.13,0.53,4.10,-3.44,0.96,0.8802,11.09,-10.10,3.06,12.00,1,1,1,0,38.00,110.39,7.00,6145,5960,6352,5247,1.010,0.00,0.00,-32.81,131.86,0.00,0.00
450,
40515870,20.00,1,3,10.14,1,1,1.00,-1.46,42.41,-170.92,2.86,12.71,1.94,-8.39,0.00,-20.69,-2.89,-0.19,0.00,0.00,-2.89,-0.19,0.00,0.37,-0.18,-1.87,-0.84,-0.01,-2.89,-2.80,-0.19,-0.89,1.19,0.66,0.88,-8.24,0.34,1.16,0.14,-0.96,3.04,3.53,-0.82,0.5717,0.54,21.05,2.86,12.7
1,1,1,1,0,37.65,110.61,8.73,5661,5927,6233,5788,1.010,0.00,0.00,-32.77,132.10,0.00,0.00
451,40535877,20.01,1,3,10.15,1,1,1.00,-1.46,42.35,-171.17,2.69,13.94,1.93,-8.39,0.00,-21.38,-3.04,-0.22,0.00,0.00,-3.04,-0.22,0.00,0.37,-0.15,-1.93,-0.85,-0.05,-3.04,-2.79,-0.22,-
0.81,-0.10,0.21,-0.88,6.36,-2.18,-0.68,0.14,-1.62,2.07,6.91,-1.06,0.5990,0.72,28.38,2.69,13.94,1,1,1,0,37.61,110.71,8.79,5254,6178,5882,6109,1.009,0.00,0.00,-32.74,132.34,0.00,0.00
452,40555862,19.99,1,3,10.15,1,1,1.00,-1.45,42.29,-171.45,0.91,16.07,1.93,-8.39,0.4
0,-22.91,-3.32,-0.34,0.00,0.00,-3.32,-0.34,0.05,0.37,-0.09,-2.07,-0.85,-0.14,-3.32,-2.68,-0.34,-0.72,-1.84,-0.55,-3.94,10.44,-1.84,-1.41,0.13,-0.55,0.66,7.83,-1.19,0.7293,-20.04,41.11,0.91,16.07,1,1,1,0,37.35,110.92,10.02,5253,6133,5961,6054,1.008,0.00,0.00,-32.71,13
2.62,0.00,0.00
453,40575881,20.02,1,3,10.15,1,1,1.00,-1.45,42.28,-171.77,0.30,16.13,1.92,-8.39,1.21,-23.55,-3.40,-0.52,0.00,0.00,-3.40,-0.52,0.16,0.37,-0.01,-2.13,-0.85,-0.15,-3.40,-2.55,-0.52,-0.63,-1.65,-1.50,-4.81,6.42,-0.67,-1.29,0.13,0.50,-1.14,3.71,-0.27,1.24
76,-6.82,16.81,0.30,16.13,1,1,1,0,37.42,111.00,9.44,5479,6081,5977,5727,1.008,0.00,0.00,-32.72,132.93,0.00,0.00
454,40595885,20.00,1,3,10.15,1,1,1.00,-1.45,42.27,-172.10,2.01,13.68,1.92,-8.39,0.46,-22.36,-3.12,-0.37,0.00,0.00,-3.12,-0.37,0.06,0.37,-0.06,-2.
02,-0.85,-0.04,-3.12,-2.52,-0.37,-0.59,0.66,-0.04,-1.27,-3.12,0.87,-0.21,0.13,0.95,0.66,0.88,-0.25,1.2664,22.09,-26.10,2.01,13.68,1,1,1,1,37.03,111.28,11.36,5684,5902,6196,5520,1.007,0.00,0.00,-32.73,133.25,0.00,0.00
455,40615674,19.79,1,3,10.16,1,1,1.00,-1.45,42.23,-1
72.37,2.01,13.68,1.91,-8.39,0.16,-21.88,-3.04,-0.32,0.00,0.00,-3.04,-0.32,0.02,0.37,-0.07,-1.98,-0.85,-0.00,-3.04,-2.61,-0.32,-0.60,0.92,0.28,-0.44,-12.59,2.73,1.41,0.13,1.17,1.17,-2.45,0.49,1.0022,0.00,0.00,2.01,13.68,1,0,0,0,37.22,111.36,10.13,6016,5663,6256,5164
,1.007,0.00,0.00,-32.71,133.52,0.00,0.00
456,40635847,20.17,1,3,10.16,1,1,1.00,-1.45,42.19,-172.64,3.44,12.49,1.91,-8.39,0.00,-21.00,-2.87,-0.30,0.00,0.00,-2.87,-0.30,0.00,0.37,-0.07,-1.90,-0.86,0.05,-2.87,-2.84,-0.30,-0.66,1.63,0.30,1.55,-10.83,0.99,1.30,0.14,-0.45
,1.46,-4.62,0.68,0.5439,19.04,-0.48,3.44,12.49,1,1,1,0,37.07,111.58,10.80,5763,6015,6097,5323,1.006,0.00,0.00,-32.69,133.79,0.00,0.00
457,40655851,20.00,1,3,10.17,1,1,1.00,-1.46,42.12,-172.89,5.35,9.89,1.90,-8.39,-1.43,-19.12,-2.51,-0.02,0.00,0.00,-2.51,-0.02,-0.19,0.37,-0.17,-1.73,-
0.86,0.16,-2.51,-2.94,-0.02,-0.71,2.80,1.92,4.15,-7.97,1.06,1.19,0.14,-0.27,4.24,-4.71,0.57,0.0830,26.39,-23.17,5.35,9.89,1,1,1,1,37.29,111.67,9.41,5733,5975,6106,5303,1.005,0.00,0.00,-32.65,134.03,0.00,0.00
458,40675853,20.00,1,3,10.17,1,1,1.00,-1.46,42.01,-17
3.09,4.99,12.27,1.90,-8.40,-1.81,-19.79,-2.72,0.03,0.00,0.00,-2.72,0.03,-0.24,0.37,-0.16,-1.79,-0.86,0.09,-2.72,-2.94,0.03,-0.70,0.55,1.54,1.24,7.63,-2.27,-0.43,0.14,-1.97,4.05,4.38,-1.20,0.3696,0.99,38.79,4.99,12.27,1,1,1,0,37.15,111.85,9.97,5156,6143,5861,6074,1.00
5,0.00,0.00,-32.58,134.22,0.00,0.00
459,40695857,20.00,1,3,10.17,1,1,1.00,-1.46,41.91,-173.34,3.46,14.83,1.89,-8.40,-1.01,-21.57,-3.09,-0.17,0.00,0.00,-3.09,-0.17,-0.13,0.37,-0.07,-1.95,-0.86,-0.04,-3.09,-2.70,-0.17,-0.55,-1.89,-0.22,-3.15,15.49,-2.52,-1.78,0.14,-
0.86,0.98,11.95,-2.02,1.0698,-13.71,46.01,3.46,14.83,1,1,1,1,37.36,111.92,8.69,5001,6046,5917,6199,1.004,0.00,0.00,-32.51,134.46,0.00,0.00
460,40715857,20.00,1,3,10.17,1,1,1.00,-1.46,41.85,-173.63,3.18,13.62,1.88,-8.40,-0.55,-21.56,-3.04,-0.28,0.00,0.00,-3.04,-0.28,-0.
07,0.37,-0.02,-1.95,-0.86,-0.03,-3.04,-2.50,-0.28,-0.34,-0.95,-0.82,-2.69,10.79,-1.23,-1.74,0.13,0.38,-0.62,14.73,-2.41,0.8853,0.00,0.00,3.18,13.62,1,1,1,0,37.21,112.08,9.36,5122,5876,6188,6085,1.004,0.00,0.00,-32.47,134.75,0.00,0.00
461,40735846,19.99,1,3,10.17,
1,1,1.00,-1.47,41.78,-173.91,2.01,13.83,1.88,-8.40,0.00,-21.66,-3.06,-0.40,0.00,0.00,-3.06,-0.40,0.00,0.37,0.03,-1.96,-0.86,-0.03,-3.06,-2.42,-0.40,-0.20,-0.71,-1.25,-2.78,-2.29,1.55,-0.05,0.13,1.46,-1.90,7.04,-0.64,1.5458,-11.29,16.16,2.01,13.83,1,1,1,0,37.25,112.18
,8.98,5696,5731,6308,5456,1.004,0.00,0.00,-32.44,135.01,0.00,0.00
462,40755866,20.02,1,3,10.18,1,1,1.00,-1.47,41.74,-174.18,4.52,11.31,1.87,-8.40,-0.85,-20.23,-2.76,-0.22,0.00,0.00,-2.76,-0.22,-0.11,0.37,-0.04,-1.83,-0.87,0.06,-2.76,-2.56,-0.22,-0.17,1.36,0.30,0.72,-
15.33,2.93,1.57,0.13,1.22,0.16,-3.15,0.82,1.2264,33.95,-43.76,4.52,11.31,1,1,1,1,36.97,112.39,10.32,6052,5770,6328,5064,1.004,0.00,0.00,-32.42,135.28,0.00,0.00
463,40775869,20.00,1,3,10.18,1,1,1.00,-1.48,41.65,-174.41,7.03,10.30,1.87,-8.40,-2.85,-19.09,-2.57,0.19,0.0
0,0.00,-2.57,0.19,-0.37,0.37,-0.19,-1.72,-0.87,0.12,-2.57,-2.76,0.19,-0.25,2.04,2.68,2.65,-9.00,0.64,1.21,0.14,-0.72,4.09,-7.30,1.17,0.5828,53.89,-1.39,7.03,10.30,1,1,1,1,37.17,112.44,9.01,5768,6074,5932,5291,1.004,0.00,0.00,-32.36,135.50,0.00,0.00
464,40795858,19.
99,1,3,10.18,1,1,1.00,-1.47,41.51,-174.61,9.03,9.11,1.86,-8.41,-4.87,-17.95,-2.39,0.63,0.00,0.00,-2.39,0.63,-0.64,0.37,-0.31,-1.62,-0.87,0.17,-2.39,-2.80,0.63,-0.33,2.44,2.80,3.75,-0.29,-0.17,0.37,0.14,-0.68,6.62,-4.64,0.90,0.2262,32.02,-4.51,9.03,9.11,1,1,1,0,37.14,
112.59,8.96,5682,6141,5858,5489,1.003,0.00,0.00,-32.26,135.70,0.00,0.00
465,40815874,20.02,1,3,10.19,1,1,1.00,-1.48,41.33,-174.80,8.38,11.38,1.85,-8.41,-5.26,-18.85,-2.63,0.63,0.00,0.00,-2.63,0.63,-0.69,0.37,-0.28,-1.70,-0.87,0.08,-2.63,-2.71,0.63,-0.31,0.11,1.82,0.3
7,7.05,-0.90,-0.41,0.14,-0.63,5.54,3.07,-0.24,0.5393,0.97,37.62,8.38,11.38,1,1,1,0,37.30,112.64,7.89,5393,6120,5947,5696,1.002,0.00,0.00,-32.13,135.87,0.00,0.00
466,40835870,20.00,1,3,10.19,1,1,1.00,-1.49,41.16,-175.02,7.79,13.10,1.84,-8.41,-5.04,-20.23,-2.91,0.51,0.
00,0.00,-2.91,0.51,-0.66,0.37,-0.20,-1.83,-0.87,-0.02,-2.91,-2.57,0.51,-0.19,-1.64,0.44,-2.72,6.80,-0.86,-0.80,0.14,-0.19,2.77,10.81,-1.96,1.0384,0.85,32.94,7.79,13.10,1,1,1,0,37.27,112.64,7.89,5236,5865,6157,5981,1.002,0.00,0.00,-32.00,136.09,0.00,0.00
4
67,40855879,20.01,1,3,10.19,1,1,1.00,-1.49,41.01,-175.29,7.17,12.06,1.83,-8.41,-4.60,-20.16,-2.86,0.36,0.00,0.00,-2.86,0.36,-0.60,0.37,-0.13,-1.82,-0.87,-0.01,-2.86,-2.42,0.36,0.08,-0.78,-0.60,-2.19,4.06,-0.44,-0.85,0.13,0.27,0.28,15.17,-2.29,0.8479,0.00,0.00,7.17,12.06,
1,1,1,0,37.29,112.85,7.60,5250,5759,6245,5971,1.002,0.00,0.00,-31.89,136.34,0.00,0.00
468,40875885,20.01,1,3,10.19,1,1,1.00,-1.49,40.86,-175.53,6.76,11.10,1.82,-8.41,-4.19,-19.54,-2.74,0.25,0.00,0.00,-2.74,0.25,-0.55,0.37,-0.07,-1.76,-0.87,0.03,-2.74,-2.40,0.25,0.27
,0.25,-1.06,-0.85,-5.80,1.92,0.45,0.13,1.34,-1.11,7.85,-0.52,1.1252,2.01,-0.05,6.76,11.10,1,1,1,0,37.70,112.77,5.30,5766,5715,6359,5396,1.001,0.00,0.00,-31.79,136.57,0.00,0.00
469,40895886,20.00,1,3,10.19,1,1,1.00,-1.50,40.73,-175.75,8.54,8.63,1.82,-8.42,
-5.14,-17.85,-2.41,0.47,0.00,0.00,-2.41,0.47,-0.67,0.37,-0.13,-1.61,-0.88,0.13,-2.41,-2.49,0.47,0.33,2.16,0.67,2.41,-12.66,2.60,1.47,0.14,0.98,1.15,-2.99,1.09,1.4907,29.25,-39.31,8.54,8.63,1,1,1,1,37.71,112.79,5.24,6120,5893,6292,5147,1.001,0.00,0.00,-31.70,136.78,0.
00,0.00
470,40915892,20.01,1,3,10.19,1,1,1.00,-1.50,40.56,-175.92,11.00,6.16,1.81,-8.42,-7.05,-15.73,-2.06,0.92,0.00,0.00,-2.06,0.92,-0.92,0.37,-0.25,-1.42,-0.88,0.24,-2.06,-2.69,0.92,0.22,2.80,2.80,4.84,-9.79,0.99,1.52,0.14,-0.68,5.16,-9.32,1.66,0.3521,4
3.98,-46.45,11.00,6.16,1,1,1,1,38.04,112.67,3.54,5984,6183,6007,5284,1.001,0.00,0.00,-31.57,136.94,0.00,0.00
471,40935872,19.98,1,3,10.19,1,1,1.00,-1.49,40.34,-176.05,13.47,8.63,1.80,-8.42,-9.25,-16.40,-2.27,1.40,0.00,0.00,-2.27,1.40,-1.21,0.37,-0.37,-1.48,-0.88,0.15,-
2.27,-2.68,1.40,0.14,0.53,2.80,1.82,6.11,-1.30,-0.16,0.15,-1.29,8.17,-3.76,0.67,0.6065,45.50,40.92,13.47,8.63,1,1,1,1,38.12,112.64,3.14,5640,6351,5830,5806,1.001,0.00,0.00,-31.40,137.06,0.00,0.00
472,40955891,20.02,1,3,10.18,1,1,1.00,-1.48,40.07,-176.22,12.52,11.0
9,1.78,-8.42,-9.54,-18.13,-2.64,1.36,0.00,0.00,-2.64,1.36,-1.25,0.37,-0.32,-1.64,-0.88,0.01,-2.64,-2.51,1.36,0.17,-1.92,1.54,-2.32,12.77,-1.96,-1.37,0.14,-0.73,6.55,5.84,-0.72,1.1133,1.37,53.10,12.52,11.09,1,1,1,1,38.33,112.54,2.11,5347,6298,5971,6056,1.002,0.00,0.00
,-31.20,137.21,0.00,0.00
473,40975881,19.99,1,3,10.18,1,1,1.00,-1.49,39.82,-176.44,11.5
3,10.22,1.77,-8.43,-9.08,-18.29,-2.64,1.17,0.00,0.00,-2.64,1.17,-1.19,0.37,-0.22,-1.65,-0.88,-0.00,-2.64,-2.31,1.17,0.34,-1.25,-0.14,-2.31,8.95,-1.02,-1.41,0.13,0.26,2.93,13.48,-1.75,0.9446,0.00,0.00,11.53,10.22,1,1,1,0,38.35,112.48,2.10,5386,6043,6235,6117,1.002,0.00
,0.00,-31.01,137.42,0.00,0.00
474,40995898,20.02,1,3,10.17,1,1,1.00,-1.48,39.59,-176.64,9.07,7.76,1.76,-8.43,-7.47,-16.84,-2.34,0.72,0.00,0.00,-2.34,0.72,-0.98,0.37,-0.05,-1.52,-0.88,0.09,-2.34,-2.22,0.72,0.57,1.01,-2.80,0.62,-1.37,1.28,-0.12,0.13,1.26,-2.32,14.35
,-1.92,1.1445,-49.09,-33.62,9.07,7.76,1,1,1,1,38.57,112.35,1.01,5644,5746,6591,5813,1.003,0.00,0.00,-30.84,137.61,0.00,0.00
475,41015901,20.00,1,3,10.17,1,1,1.00,-1.50,39.41,-176.80,8.09,7.15,1.75,-8.43,-6.25,-15.88,-2.20,0.43,0.00,0.00,-2.20,0.43,-0.82,0.3
7,0.05,-1.43,-0.88,0.13,-2.20,-2.31,0.43,0.81,1.55,-2.80,1.90,-9.26,2.24,1.23,0.13,0.86,-4.02,7.30,-0.99,0.8000,-3.39,0.09,8.09,7.15,1,1,1,0,38.53,112.34,1.36,5913,5783,6634,5581,1.004,0.00,0.00,-30.70,137.76,0.00,0.00
476,41035902,20.00,1,3,10.17,1,1,1.00,-1.51,39.24
,-176.94,9.47,6.54,1.74,-8.44,-6.60,-15.16,-2.10,0.55,0.00,0.00,-2.10,0.55,-0.86,0.37,0.02,-1.37,-0.89,0.15,-2.10,-2.41,0.55,0.87,1.59,-1.05,2.58,-5.63,0.79,0.94,0.14,-0.30,-2.07,-2.52,0.37,0.6225,25.59,-0.67,9.47,6.54,1,1,1,0,38.82,112.22,-0.12,5889,6154,
6263,5583,1.005,0.00,0.00,-30.58,137.89,0.00,0.00
477,41055891,19.99,1,3,10.16,1,1,1.00,-1.51,39.05,-177.07,11.32,6.97,1.73,-8.44,-7.85,-15.16,-2.14,0.87,0.00,0.00,-2.14,0.87,-1.03,0.36,-0.08,-1.37,-0.89,0.12,-2.14,-2.45,0.87,0.81,0.79,1.27,1.79,-1.52,0.07,0.51,
0.14,-0.58,1.48,-9.51,1.43,0.6350,33.04,12.04,11.32,6.97,1,1,1,0,39.00,112.10,-0.98,5987,6410,6054,5591,1.005,0.00,0.00,-30.44,138.01,0.00,0.00
478,41075909,20.02,1,3,10.15,1,1,1.00,-1.51,38.83,-177.21,13.29,9.42,1.72,-8.44,-9.49,-16.66,-2.47,1.25,0.00,0.00,-2.47,1.2
5,-1.24,0.36,-0.19,-1.50,-0.89,0.00,-2.47,-2.37,1.25,0.65,-1.51,2.80,-1.83,7.51,-1.37,-0.71,0.14,-0.79,4.76,-11.38,1.83,0.6090,36.37,38.92,13.29,9.42,1,1,1,1,39.20,111.91,-1.97,5835,6716,5872,5712,1.006,0.00,0.00,-30.27,138.14,0.00,0.00
479,41095914,20.00,1,3,10.15
,1,1,1.00,-1.51,38.56,-177.40,11.61,8.70,1.71,-8.44,-9.16,-16.80,-2.47,1.10,0.00,0.00,-2.47,1.10,-1.20,0.36,-0.13,-1.52,-0.89,-0.01,-2.47,-2.11,1.10,0.55,-0.99,0.86,-2.15,12.59,-2.16,-1.80,0.13,-0.48,2.61,0.75,-0.71,0.8031,-8.11,0.21,11.61,8.70,1,1,1,0,39.07,111.85,-
1.17,5461,6471,6089,6220,1.007,0.00,0.00,-30.07,138.31,0.00,0.00
480,41115916,20.00,1,3,10.14,1,1,1.00,-1.52,38.33,-177.57,9.15,9.17,1.70,-8.45,-7.56,-17.10,-2.53,0.67,0.00,0.00,-2.53,0.67,-0.99,0.36,0.02,-1.54,-0.89,-0.03,-2.53,-1.93,0.67,0.63,-1.00,-2.09,-2.95,5.72,-0.03,-0.98,0.1
3,0.83,-1.99,9.67,-2.26,0.6308,-37.50,14.64,9.15,9.17,1,1,1,1,39.18,111.73,-1.67,5488,6005,6593,6090,1.008,0.00,0.00,-29.89,138.48,0.00,0.00
481,41135706,19.79,1,3,10.14,1,1,1.00,-1.53,38.15,-177.76,9.15,9.17,1.69,-8.45,-6.92,-17.23,-2.55,0.54,0.00,0.00,-2.55,0.54,-
0.91,0.36,0.06,-1.56,-0.89,-0.03,-2.55,-1.93,0.54,0.76,-0.74,-2.15,-2.73,-6.66,1.98,0.46,0.13,1.38,-2.87,10.37,-2.10,1.0720,0.00,0.00,9.15,9.17,1,0,0,0,39.21,111.61,-1.71,5793,5769,6847,5824,1.009,0.00,0.00,-29.75,138.65,0.00,0.00
482,41155881,20.17,1,3,10.13,1,1,
1.00,-1.53,37.96,-177.94,8.31,6.54,1.68,-8.45,-6.21,-15.69,-2.23,0.38,0.00,0.00,-2.23,0.38,-0.81,0.36,0.11,-1.42,-0.89,0.07,-2.23,-2.11,0.38,0.92,1.43,-2.37,1.02,-13.59,2.26,1.36,0.13,0.75,-4.09,5.80,-0.76,1.2038,-0.89,-33.35,8.31,6.54,1,1,1,1,39.29,111.44,-2.05,6071,5
853,6649,5676,1.010,0.00,0.00,-29.62,138.82,0.00,0.00
483,41175884,20.00,1,3,10.13,1,1,1.00,-1.52,37.80,-178.07,6.18,6.03,1.67,-8.45,-4.66,-14.74,-2.10,0.04,0.00,0.00,-2.10,0.04,-0.61,0.36,0.20,-1.33,-0.89,0.12,-2.10,-2.26,0.04,0.93,1.72,-2.80,2.24,-3.75,-
0.68,0.60,0.14,-1.41,-6.21,-5.60,0.91,0.4227,-17.23,0.46,6.18,6.03,1,1,1,0,39.18,111.36,-1.36,5893,6493,6073,5833,1.010,0.00,0.00,-29.49,138.94,0.00,0.00
484,41195887,20.00,1,3,10.12,1,1,1.00,-1.52,37.67,-178.19,7.70,5.09,1.66,-8.45,-4.97,-13.81,-1.99,0.17,0.00,0.00,-1.99,0
.17,-0.65,0.36,0.14,-1.25,-0.90,0.15,-1.99,-2.13,0.17,0.79,1.83,-1.07,2.29,12.33,-2.87,-1.26,0.14,-1.72,-3.08,-9.78,0.61,0.3639,24.55,-5.42,7.70,5.09,1,1,1,0,39.45,111.20,-2.69,5483,6796,5876,6079,1.011,0.00,0.00,-29.40,139.06,0.00,0.00
485,41215873,19.99,1,3,10.12,1,1
,1.00,-1.53,37.52,-178.29,8.99,4.62,1.66,-8.45,-5.88,-13.19,-1.92,0.42,0.00,0.00,-1.92,0.42,-0.77,0.36,0.04,-1.19,-0.90,0.16,-1.92,-1.97,0.42,0.65,1.59,0.88,1.73,10.82,-0.85,-1.07,0.13,0.09,0.17,-14.59,1.81,0.5727,23.51,-0.63,8.99,4.62,1,1,1,0,39.46,111.11
,-2.61,5914,6751,6049,5661,1.011,0.00,0.00,-29.28,139.15,0.00,0.00
486,41235893,20.02,1,3,10.11,1,1,1.00,-1.54,37.34,-178.39,9.75,7.16,1.65,-8.46,-6.66,-14.47,-2.17,0.61,0.00,0.00,-2.17,0.61,-0.87,0.36,-0.03,-1.31,-0.90,0.05,-2.17,-1.86,0.61,0.44,-0.46,1.74,-1.43,4
.48,0.53,-0.34,0.13,0.74,2.31,-13.77,1.51,0.5442,18.24,49.91,9.75,7.16,1,1,1,1,39.41,110.98,-2.25,6095,6493,6236,5555,1.012,0.00,0.00,-29.14,139.24,0.00,0.00
487,41255896,20.00,1,3,10.11,1,1,1.00,-1.54,37.14,-178.53,10.03,9.00,1.64,-8.46,-7.12,-16.09,-2.48,0.71,0.00,0.00,-2.48,
0.71,-0.93,0.36,-0.06,-1.45,-0.90,-0.06,-2.48,-1.81,0.71,0.39,-2.23,1.73,-4.46,3.22,-0.27,-0.58,0.13,0.19,2.75,4.48,-2.42,1.0004,13.31,29.85,10.03,9.00,1,1,1,0,39.23,110.92,-1.18,5540,5998,6566,6250,1.013,0.00,0.00,-29.00,139.37,0.00,0.00
488,41275899,20.00,1,3,10.11,1,1,1.00,
-1.53,36.94,-178.71,7.52,8.40,1.63,-8.46,-5.81,-16.34,-2.49,0.36,0.00,0.00,-2.49,0.36,-0.76,0.36,0.06,-1.48,-0.90,-0.07,-2.49,-1.77,0.36,0.59,-1.49,-1.06,-3.95,-1.51,0.22,-0.37,0.12,0.46,-1.80,13.37,-2.43,0.7494,-57.79,1.54,7.52,8.40,1,1,1,1,39.35,110.76,-1.73,5610,5
879,6578,6193,1.013,0.00,0.00,-28.85,139.54,0.00,0.00
489,41295902,20.00,1,3,10.11,1,1,1.00,-1.53,36.79,-178.88,5.01,7.85,1.62,-8.46,-3.80,-16.08,-2.42,-0.06,0.00,0.00,-2.42,-0.06,-0.50,0.36,0.20,-1.45,-0.90,-0.04,-2.42,-1.81,-0.06,0.80,-0.53,-2.80,-2.49,-5.91,0.81,0
.24,0.12,0.43,-6.07,9.29,-1.43,0.8395,-59.46,1.59,5.01,7.85,1,1,1,1,39.30,110.69,-1.36,5755,6027,6619,5921,1.013,0.00,0.00,-28.73,139.70,0.00,0.00
490,41315903,20.00,1,3,10.11,1,1,1.00,-1.54,36.69,-179.04,4.54,5.35,1.61,-8.46,-2.75,-14.47,-2.14,-0.24,0.00,0
.00,-2.14,-0.24,-0.36,0.36,0.24,-1.31,-0.90,0.07,-2.14,-1.86,-0.24,0.90,1.38,-2.80,0.50,-3.08,-0.01,0.07,0.12,-0.20,-7.52,-0.44,-0.14,0.5018,-0.88,-32.63,4.54,5.35,1,1,1,1,39.34,110.60,-1.51,5838,6271,6307,5878,1.013,0.00,0.00,-28.66,139.85,0.00,0.00
491,41335907,20.0
0,1,3,10.11,1,1,1.00,-1.52,36.60,-179.14,4.18,4.93,1.61,-8.47,-2.13,-13.56,-2.01,-0.32,0.00,0.00,-2.01,-0.32,-0.28,0.36,0.24,-1.22,-0.90,0.12,-2.01,-1.84,-0.32,0.80,1.65,-2.32,1.09,1.51,-0.36,-0.13,0.12,-0.35,-6.95,-10.09,1.01,0.4641,0.00,0.00,4.18,4.93,1,1,
1,0,39.29,110.57,-1.11,5960,6466,6104,5788,1.013,0.00,0.00,-28.60,139.95,0.00,0.00
492,41355908,20.00,1,3,10.11,1,1,1.00,-1.51,36.52,-179.24,6.67,6.65,1.61,-8.47,-3.35,-14.27,-2.15,-0.02,0.00,0.00,-2.15,-0.02,-0.44,0.36,0.10,-1.29,-0.90,0.05,-2.15,-1.75,-0.02,0.57,
0.26,0.34,-0.99,3.57,-0.31,-0.31,0.12,-0.12,-1.54,-15.79,1.47,0.5712,45.13,26.55,6.67,6.65,1,1,1,1,39.61,110.41,-2.74,6002,6529,6059,5698,1.014,0.00,0.00,-28.53,140.05,0.00,0.00
493,41375913,20.00,1,3,10.11,1,1,1.00,-1.51,36.39,-179.37,7.61,7.19,1.60,-8.47,
-4.40,-14.90,-2.26,0.23,0.00,0.00,-2.26,0.23,-0.58,0.36,-0.00,-1.35,-0.91,-0.00,-2.26,-1.64,0.23,0.29,-0.56,1.75,-2.57,4.08,-0.71,-0.63,0.12,-0.19,1.57,-13.34,1.20,0.6230,18.57,13.52,7.61,7.19,1,1,1,0,39.42,110.41,-1.67,5907,6640,6135,5776,1.014,0.00,0.00,-28.43,140.
17,0.00,0.00
494,41395918,20.00,1,3,10.10,1,1,1.00,-1.52,36.23,-179.52,6.10,6.47,1.59,-8.47,-3.93,-14.69,-2.22,0.12,0.00,0.00,-2.22,0.12,-0.51,0.36,0.03,-1.33,-0.91,0.01,-2.22,-1.56,0.12,0.12,-0.10,0.47,-2.30,0.03,0.26,-0.32,0.12,0.46,0.48,-5.42,0.07,0.6812,-11.39
,-1.90,6.10,6.47,1,1,1,0,39.66,110.26,-2.81,5891,6309,6357,5804,1.014,0.00,0.00,-28.32,140.31,0.00,0.00
495,41415919,20.00,1,3,10.10,1,1,1.00,-1.52,36.11,-179.65,3.64,5.57,1.58,-8.47,-2.28,-14.03,-2.12,-0.21,0.00,0.00,-2.12,-0.21,-0.30,0.36,0.15,-1.27,-0.91,0.05,-2.1
2,-1.55,-0.21,0.10,0.53,-1.76,-1.32,-2.53,0.55,0.03,0.12,0.40,-2.75,0.72,-0.85,0.4777,-48.39,-4.91,3.64,5.57,1,1,1,1,39.56,110.21,-2.19,5829,6189,6559,5908,1.014,0.00,0.00,-28.23,140.43,0.00,0.00
496,41435925,20.01,1,3,10.09,1,1,1.00,-1.54,36.04,-179.76,1.17,5.21,
1.58,-8.47,-0.14,-13.52,-2.06,-0.63,0.00,0.00,-2.06,-0.63,-0.02,0.36,0.29,-1.22,-0.91,0.07,-2.06,-1.61,-0.63,0.16,0.76,-2.80,-0.67,-5.00,0.91,0.46,0.12,0.32,-5.59,5.06,-1.80,0.2052,-38.44,1.03,1.17,5.21,1,1,1,1,39.66,110.06,-2.58,5700,6043,6759,5934,1.015,0.
00,0.00,-28.18,140.54,0.00,0.00
497,41455906,19.98,1,3,10.09,1,1,1.00,-1.55,36.02,-179.86,-1.29,6.47,1.58,-8.47,1.21,-14.02,-2.15,-0.85,0.00,0.00,-2.15,-0.85,0.16,0.36,0.33,-1.27,-0.91,0.03,-2.15,-1.68,-0.85,0.22,-0.07,-2.80,-1.59,-4.85,0.61,0.52,0.12,-0.04,-7.20,
2.43,-1.23,0.5442,-50.05,21.10,-1.29,6.47,1,1,1,1,39.38,110.05,-0.99,5810,6108,6593,5974,1.016,0.00,0.00,-28.16,140.64,0.00,0.00
498,41475927,20.02,1,3,10.09,1,1,1.00,-1.55,36.04,-179.99,-2.02,6.80,1.58,-8.47,2.59,-14.41,-2.22,-1.07,0.00,0.00,-2.22,-1.07,0
.34,0.36,0.37,-1.30,-0.91,-0.00,-2.22,-1.66,-1.07,0.23,-0.46,-2.80,-2.23,2.74,-1.31,-0.54,0.12,-0.87,-8.36,-5.78,0.36,0.6176,-10.49,10.71,-2.02,6.80,1,1,1,0,39.45,109.95,-1.26,5753,6512,6070,6003,1.016,0.00,0.00,-28.19,140.77,0.00,0.00
499,41495928,20.00,
1,3,10.09,1,1,1.00,-1.54,36.08,-180.13,0.42,9.26,1.58,-8.47,1.72,-16.08,-2.54,-0.81,0.00,0.00,-2.54,-0.81,0.23,0.36,0.23,-1.45,-0.91,-0.11,-2.54,-1.53,-0.81,0.08,-2.29,-0.25,-6.42,7.67,-1.72,-1.24,0.12,-0.58,-3.72,-13.13,1.09,0.6370,28.91,51.87,0.42,9.26,1,1,1,1,39.
35,109.95,-0.66,5782,6693,5949,5948,1.016,0.00,0.00,-28.23,140.91,0.00,0.00
500,41515932,20.00,1,3,10.09,1,1,1.00,-1.54,36.07,-180.31,2.66,11.13,1.58,-8.47,0.05,-17.91,-2.86,-0.42,0.00,0.00,-2.86,-0.42,0.01,0.36,0.06,-1.62,-0.91,-0.20,-2.86,-1.40,-0.42,-0.14,-2.80,2.24,-9.12,4.65,-1
.07,-1.38,0.11,0.22,1.34,-15.60,1.73,0.5653,28.92,33.05,2.66,11.13,1,1,1,0,39.43,109.87,-0.97,5910,6709,5969,5734,1.016,0.00,0.00,-28.23,141.09,0.00,0.00
501,41535933,20.00,1,3,10.09,1,1,1.00,-1.54,36.02,-180.54,1.00,10.30,1.57,-8.47,0.37,-18.11,-2.82,-0.48,0.00,0.0
0,-2.82,-0.48,0.05,0.36,0.07,-1.64,-0.92,-0.17,-2.82,-1.39,-0.48,-0.32,-1.61,1.12,-7.84,-3.80,0.46,-0.66,0.11,1.01,0.63,-10.98,1.19,1.0394,-18.50,0.50,1.00,10.30,1,1,1,0,39.22,109.89,0.24,6093,6402,6209,5657,1.017,0.00,0.00,-28.19,141.31,0.00,0.00
502,41555937,20.
00,1,3,10.09,1,1,1.00,-1.52,36.00,-180.74,-1.46,9.58,1.57,-8.47,1.95,-17.73,-2.71,-0.79,0.00,0.00,-2.71,-0.79,0.26,0.36,0.18,-1.60,-0.92,-0.11,-2.71,-1.59,-0.79,-0.40,-0.34,-1.20,-4.98,-16.89,2.74,1.13,0.11,1.46,-2.46,1.07,-1.49,1.1254,-44.73,1.19,-1.46,9.58,1,1,1,1,
39.29,109.78,-0.07,6069,5664,6780,5737,1.017,0.00,0.00,-28.19,141.51,0.00,0.00
503,41575940,20.00,1,3,10.08,1,1,1.00,-1.50,36.03,-180.93,-3.91,7.13,1.57,-8.47,4.02,-16.06,-2.36,-1.18,0.00,0.00,-2.36,-1.18,0.53,0.36,0.30,-1.45,-0.92,0.01,-2.36,-1.88,-1.18,-0.30,1.94,-
2.80,0.43,-21.12,2.68,2.01,0.11,0.51,-6.19,6.65,-2.01,0.4788,-56.84,-24.96,-3.91,7.13,1,1,1,1,39.20,109.76,0.45,5967,5646,6885,5789,1.017,0.00,0.00,-28.22,141.70,0.00,0.00
504,41595941,20.00,1,3,10.09,1,1,1.00,-1.50,36.11,-181.08,-3.58,7.55,1.57,-8.47,4.65,
-15.65,-2.31,-1.26,0.00,0.00,-2.31,-1.26,0.61,0.36,0.29,-1.41,-0.92,0.04,-2.31,-2.13,-1.26,-0.21,1.54,-2.26,0.95,-12.92,0.62,1.67,0.12,-1.18,-6.54,5.33,-1.88,0.2788,0.33,12.51,-3.58,7.55,1,1,1,0,39.34,109.66,-0.26,5672,5953,6613,6006,1.017,0.00,0.00,-28.29,14
1.85,0.00,0.00
505,41615929,19.99,1,3,10.09,1,1,1.00,-1.50,36.18,-181.23,-3.17,10.00,1.57,-8.47,4.70,-16.97,-2.59,-1.21,0.00,0.00,-2.59,-1.21,0.62,0.36,0.24,-1.53,-0.92,-0.05,-2.59,-2.16,-1.21,-0.16,-0.74,-1.17,-2.11,3.25,-1.77,-0.29,0.13,-1.58,-5.45,-2.12,-
0.17,0.3384,1.65,63.17,-3.17,10.00,1,1,1,1,39.08,109.71,1.24,5612,6502,6081,6124,1.017,0.00,0.00,-28.35,142.00,0.00,0.00
506,41635954,20.02,1,3,10.08,1,1,1.00,-1.47,36.24,-181.43,-2.77,12.45,1.57,-8.47,4.51,-18.97,-2.97,-1.12,0.00,0.00,-2.97,-1.12,0.59,0.36,0.17,-1.7
1,-0.92,-0.17,-2.97,-1.90,-1.12,-0.28,-2.76,-0.23,-7.17,16.43,-3.53,-2.31,0.12,-1.28,-3.34,-13.17,1.95,0.7124,1.95,75.98,-2.77,12.45,1,1,1,1,38.97,109.74,1.86,5686,6918,5471,6103,1.017,0.00,0.00,-28.41,142.20,0.00,0.00
507,41655759,19.81,1,3,10.09,1,1,1.00,-1.44,3
6.30,-181.68,-2.77,12.45,1.58,-8.47,4.42,-19.78,-3.06,-1.07,0.00,0.00,-3.06,-1.07,0.58,0.36,0.13,-1.79,-0.92,-0.19,-3.06,-1.58,-1.07,-0.55,-2.35,0.17,-8.75,11.09,-1.64,-2.28,0.11,0.55,-1.48,-17.77,2.19,1.0467,0.00,0.00,-2.77,12.45,1,0,0,0,38.85,109.83,2.55,5943,6698,5685,5
797,1.017,0.00,0.00,-28.46,142.45,0.00,0.00
508,41675908,20.15,1,3,10.09,1,1,1.00,-1.41,36.35,-181.93,-0.14,13.21,1.58,-8.47,2.82,-20.59,-3.17,-0.71,0.00,0.00,-3.17,-0.71,0.37,0.36,-0.02,-1.86,-0.93,-0.20,-3.17,-1.51,-0.71,-0.80,-2.23,2.32,-9.57,-8.12,2.36,-0.08,0
.10,2.30,2.59,-11.64,0.50,1.2096,28.89,21.49,-0.14,13.21,1,1,1,1,38.87,109.85,2.50,6195,5967,6458,5440,1.017,0.00,0.00,-28.52,142.70,0.00,0.00
509,41695900,19.99,1,3,10.09,1,1,1.00,-1.40,36.36,-182.19,-0.81,10.61,1.57,-8.47,2.53,-19.35,-2.87,-0.65,0.00,0.00,-2.87,-0.
65,0.33,0.36,-0.04,-1.75,-0.93,-0.08,-2.87,-1.69,-0.65,-0.88,0.43,1.85,-4.48,-20.27,2.59,1.33,0.11,1.11,2.58,-3.76,0.08,0.9415,-8.13,-29.90,-0.81,10.61,1,1,1,1,38.67,109.96,3.55,6164,5891,6552,5459,1.016,0.00,0.00,-28.53,142.96,0.00,0.00
510,41715920,20.02,1,3,10.10
,1,1,1.00,-1.39,36.37,-182.40,-3.38,8.04,1.57,-8.47,3.93,-17.27,-2.45,-0.95,0.00,0.00,-2.45,-0.95,0.51,0.36,0.08,-1.56,-0.93,0.07,-2.45,-2.03,-0.95,-0.84,2.80,-0.61,1.46,-19.81,2.01,1.91,0.12,-0.05,-0.97,7.88,-2.13,0.9943,-52.76,-43.93,-3.38,8.04,1,1,1,1,38.
82,109.90,2.76,5823,5597,6689,5855,1.016,0.00,0.00,-28.55,143.17,0.00,0.00
511,41735921,20.00,1,3,10.10,1,1,1.00,-1.36,36.44,-182.56,-5.94,7.09,1.57,-8.47,6.00,-15.84,-2.22,-1.37,0.00,0.00,-2.22,-1.37,0.79,0.36,0.22,-1.43,-0.93,0.14,-2.22,-2.25,-1.37,-0.62,
2.80,-2.80,2.90,-4.30,-0.77,0.72,0.12,-1.60,-5.36,9.75,-1.99,0.3052,-71.40,-3.59,-5.94,7.09,1,1,1,1,38.73,109.94,3.27,5521,5974,6297,6252,1.015,0.00,0.00,-28.61,143.34,0.00,0.00
512,41755924,20.00,1,3,10.10,1,1,1.00,-1.33,36.56,-182.71,-8.48,9.63,1.58,-8.47,8.38,-
16.75,-2.46,-1.87,0.00,0.00,-2.46,-1.87,1.10,0.36,0.36,-1.51,-0.93,0.06,-2.46,-2.18,-1.87,-0.45,0.33,-2.80,-0.56,8.31,-2.13,-0.68,0.12,-1.55,-8.92,3.87,-0.99,0.4728,-38.35,50.49,-8.48,9.63,1,1,1,1,38.85,109.96,2.70,5433,6304,6003,6257,1.015,0.00,0.00,-28.71
,143.48,0.00,0.00
513,41775927,20.00,1,3,10.11,1,1,1.00,-1.32,36.73,-182.90,-7.69,12.15,1.58,-8.47,8.90,-18.64,-2.84,-1.88,0.00,0.00,-2.84,-1.88,1.17,0.36,0.33,-1.68,-0.93,-0.07,-2.84,-1.95,-1.88,-0.43,-2.11,-1.90,-5.55,12.25,-1.63,-1.60,0.12,-0.12,-8.18,-7.91,0.8
4,0.4850,1.32,57.56,-7.69,12.15,1,1,1,1,38.76,110.05,3.20,5718,6532,5881,5926,1.015,0.00,0.00,-28.85,143.68,0.00,0.00
514,41795930,20.00,1,3,10.11,1,1,1.00,-1.29,36.88,-183.14,-7.07,11.17,1.59,-8.47,8.72,-18.82,-2.83,-1.76,0.00,0.00,-2.83,-1.76,1.14,0.36,0.25,-1.70,-
0.94,-0.07,-2.83,-1.75,-1.76,-0.60,-1.28,-0.49,-5.73,9.04,-1.40,-1.82,0.11,0.34,-5.33,-16.56,1.83,0.9535,0.00,0.00,-7.07,11.17,1,1,1,0,38.71,110.10,3.50,5923,6567,5713,5807,1.014,0.00,0.00,-28.99,143.93,0.00,0.00
515,41815933,20.00,1,3,10.11,1,1,1.00,-1.26,
37.02,-183.36,-4.56,10.45,1.59,-8.47,7.13,-18.50,-2.74,-1.37,0.00,0.00,-2.74,-1.37,0.93,0.36,0.08,-1.67,-0.94,-0.04,-2.74,-1.69,-1.37,-0.84,-0.33,2.07,-4.67,-0.39,0.54,-0.67,0.10,1.10,0.40,-17.65,1.65,1.0490,50.21,2.16,-4.56,10.45,1,1,1,1,38.32,110.28,5.58,6173,625
4,5961,5595,1.013,0.00,0.00,-29.11,144.16,0.00,0.00
516,41835939,20.01,1,3,10.11,1,1,1.00,-1.22,37.11,-183.57,-3.04,7.96,1.59,-8.47,5.54,-16.89,-2.42,-1.02,0.00,0.00,-2.42,-1.02,0.73,0.36,-0.06,-1.53,-0.94,0.07,-2.42,-1.83,-1.02,-1.07,1.78,2.80,-0.11,-13.42,2.67,1.09
,0.10,1.44,2.95,-9.62,0.59,0.8364,14.52,-39.83,-3.04,7.96,1,1,1,1,38.33,110.32,5.57,6232,5815,6363,5370,1.013,0.00,0.00,-29.19,144.37,0.00,0.00
517,41855933,19.99,1,3,10.12,1,1,1.00,-1.19,37.18,-183.73,-5.38,7.38,1.59,-8.47,6.30,-15.87,-2.26,-1.19,0.00,0.00,-2.26,
-1.19,0.82,0.36,0.01,-1.43,-0
.94,0.12,-2.26,-2.06,-1.19,-1.16,2.13,0.78,1.48,-13.74,2.06,1.70,0.11,0.22,0.68,-3.96,0.33,0.4793,-32.40,0.67,-5.38,7.38,1,1,1,0,38.32,110.32,5.57,6113,5864,6321,5483,1.013,0.00,0.00,-29.24,144.53,0.00,0.00
518,41875940,20.01,1,3,10.12,1,1,1.00,-1.17,37.28,-183.88,-7
.85,5.26,1.60,-8.47,8.06,-14.17,-2.02,-1.59,0.00,0.00,-2.02,-1.59,1.06,0.36,0.14,-1.28,-
0.94,0.21,-2.02,-2.19,-1.59,-1.16,2.80,-1.90,3.35,-6.76,0.37,1.03,0.12,-0.78,-3.24,0.80,-0.77,0.1578,-36.53,-19.30,-7.85,5.26,1,1,1,0,38.47,110.40,4.76,5759,5927,6229,5864,1.012,0.00,0.00,-29.33,144.68,0.00,0.00
519,41895921,19.98,1,3,10.12,1,1,1.00,-1.15,37.44,-183.
99,-9.10,7.73,1.60,-8.47,9.54,-14.96,-2.20,-1.91,0.00,0.00,-2.20,-1.91,1.25,0.36,0.23,-1.35,-0.94,0.11,-2.20,-2.19,-1.91,-1.14,0.72,-2.80,0.70,5.31,-1.37,-0.24,0.12,-1.23,-5.52,3.96,-1.71,-0.1719,-23.55,37.46,-9.10,7.73,1,1,1,1,38.48,110.40,4.76,5383,6096,6
186,6195,1.011,0.00,0.00,-29.46,144.79,0.00,0.00
520,41915946,20.02,1,3,10.13,1,1,1.00,-1.14,37.62,-184.14,-8.30,10.21,1.61,-8.47,9.68,-16.76,-2.57,-1.87,0.00,0.00,-2.57,-1.87,1.27,0.36,0.19,-1.51,-0.94,-0.02,-2.57,-2.03,-1.87,-1.08,-1.84,-1.59,-3.58,15.14,-2.79,
-1.80,0.11,-1.07,-4.39,2.63,-1.28,0.4917,0.98,48.92,-8.30,10.21,1,1,1,1,38.28,110.52,5.80,5275,6318,5919,6349,1.011,0.00,0.00,-29.61,144.95,0.00,0.00
521,41935944,20.00,1,3,10.13,1,1,1.00,-1.12,37.79,-184.34,-7.58,12.68,1.61,-8.46,9.34,-18.98,-2.98,-1.74,0.00,0.00,-
2.98,-1.74,1.22,0.36,0.13,-1.71,-0.95,-0.16,-2.98,-1.78,-1.74,-1.08,-2.80,-0.23,-7.85,16.85,-2.77,-2.55,0.10,-0.29,-2.37,-4.05,0.46,0.9086,0.81,41.56,-7.58,12.68,1,1,1,1,38.28,110.52,5.80,5505,6495,5643,6116,1.011,0.00,0.00,-29.76,145.16,0.00,0.00
522,41955937,19.99
,1,3,10.13,1,1,1.00,-1.09,37.94,-184.60,-6.99,11.51,1.62,-8.46,8.82,-19.17,-2.95,-1.59,0.00,0.00,-2.95,-1.59,1.16,0.36,0.06,-1.73,-0.95,-0.14,-2.95,-1.61,-1.59,-1.20,-1.61,0.77,-7.36,5.37,-0.39,-1.65,0.09,1.17,-0.46,-11.66,1.72,1.3092,-0.04,-2.13,-6.99,11.5
1,1,1,1,0,38.07,110.66,6.80,6009,6325,5767,5658,1.011,0.00,0.00,-29.89,145.42,0.00,0.00
523,41975951,20.01,1,3,10.13,1,1,1.00,-1.05,38.08,-184.83,-4.52,9.04,1.62,-8.46,7.11,-17.80,-2.64,-1.21,0.00,0.00,-2.64,-1.21,0.93,0.36,-0.08,-1.61,-0.95,-0.02,-2.64,-1.66,-1.21,
-1.38,0.84,2.80,-3.11,-11.96,2.70,0.57,0.09,2.01,3.34,-13.01,1.57,1.2778,32.83,-31.50,-4.52,9.04,1,1,1,1,38.05,110.66,6.80,6361,5876,6176,5235,1.011,0.00,0.00,-30.01,145.65,0.00,0.00
524,41995957,20.01,1,3,10.13,1,1,1.00,-1.01,38.17,-185.01,-6.03,6.58,1.62,-8.46,7.2
9,-15.77,-2.27,-1.26,0.00,0.00,-2.27,-1.26,0.96,0.36,-0.05,-1.42,-0.95,0.11,-2.27,-1.95,-1.26,-1.52,2.80,1.49,1.79,-20.20,3.27,2.13,0.10,1.00,2.30,-4.95,0.15,0.9554,-23.61,-67.84,-6.03,6.58,1,1,1,1,37.98,110.73,7.01,6265,5591,6414,5363,1.011,0.00,0.00,-30.
09,145.83,0.00,0.00
525,42015956,20.00,1,3,10.14,1,1,1.00,-0.97,38.29,-185.14,-7.15,6.24,1.63,-8.46,8.03,-14.74,-2.13,-1.44,0.00,0.00,-2.13,-1.44,1.05,0.36,0.02,-1.33,-0.95,0.15,-2.13,-2.22,-1.44,-1.52,2.64,-0.09,2.91,-9.69,0.23,1.43,0.11,-1.31,0.18,1.07,-0.74,0.238
0,-20.35,2.28,-7.15,6.24,1,1,1,0,37.95,110.73,7.01,5745,5857,6115,5880,1.010,0.00,0.00,-30.19,145.97,0.00,0.00
526,42035966,20.01,1,3,10.14,1,1,1.00,-0.93,38.43,-185.27,-8.89,8.70,1.63,-8.46,9.40,-15.79,-2.37,-1.77,0.00,0.00,-2.37,-1.77,1.23,0.36,0.12,-1.43
,-0.95,0.06,-2.37,-2.17,-1.77,-1.40,0.25,-2.10,-0.41,10.22,-2.95,-0.91,0.11,-2.12,-3.27,6.20,-1.53,0.2911,-29.29,56.80,-8.89,8.70,1,1,1,1,37.99,110.86,6.63,5204,6182,5807,6389,1.009,0.00,0.00,-30.31,146.10,0.00,0.00
527,42055964,20.00,1,3,10.14,1,1,1.00,-0.89,38.6
1,-185.44,-8.09,11.16,1.64,-8.46,9.48,-17.69,-2.75,-1.74,0.00,0.00,-2.75,-1.74,1.24,0.36,0.10,-1.60,-0.96,-0.08,-2.75,-1.89,-1.74,-1.27,-2.16,-1.19,-5.41,18.09,-3.04,-2.31,0.10,-0.80,-2.68,5.11,-1.25,0.6864,1.32,84.63,-8.09,11.16,1,1,1,1,37.97,110.86,6.63,5237,6236,5763,6368,1.009
,0.00,0.00,-30.46,146.28,0.00,0.00
528,42075970,20.01,1,3,10.14,1,1,1.00,-0.87,38.77,-185.66,-7.42,12.48,1.64,-8.46,9.12,-19.26,-3.02,-1.63,0.00,0.00,-3.02,-1.63,1.19,0.36,0.05,-1.74,-0.96,-0.16,-3.02,-1.68,-1.63,-1.24,-2.80,-0.07,-8.53,9.74,-0.86,-1.89,0.09,0.95,-1
.29,-2.30,0.46,1.2660,0.43,27.97,-7.42,12.48,1,1,1,0,38.11,110.93,5.85,5707,6211,5860,5813,1.009,0.00,0.00,-30.60,146.51,0.00,0.00
529,42095967,20.00,1,3,10.14,1,1,1.00,-0.83,38.92,-185.91,-6.87,10.03,1.65,-8.46,8.62,-18.42,-2.78,-1.49,0.00,0.00,-2.78,-1.49,1.13,0.36
,0.00,-1.66,-0.96,-0.07,-2.78,-1.60,-1.49,-1.32,-0.40,0.77,-5.38,-3.88,0.90,-0.58,0.08,1.39,0.22,-9.29,1.56,0.8773,-0.44,-30.53,-6.87,10.03,1,1,1,1,38.11,110.93,5.85,6197,6047,5875,5547,1.008,0.00,0.00,-30.72,146.76,0.00,0.00
530,42115976,20.01,1,3,10.14,1,1,1.00,-0.
75,39.06,-186.11,-4.42,9.01,1.65,-8.46,6.93,-17.50,-2.60,-1.14,0.00,0.00,-2.60,-1.14,0.91,0.36,-0.13,-1.58,-0.96,-0.00,-2.60,-1.75,-1.14,-1.49,0.86,2.67,-2.34,-13.69,2.27,1.04,0.09,1.13,3.78,-10.51,1.38,0.8695,28.64,-2.91,-4.42,9.01,1,1,1,1,38.18,111.03,5.48,6335,5
862,6096,5373,1.008,0.00,0.00,-30.84,146.97,0.00,0.00
531,42135980,20.00,1,3,10.15,1,1,1.00,-0.72,39.15,-186.29,-3.70,6.56,1.65,-8.46,5.79,-15.66,-2.26,-0.93,0.00,0.00,-2.26,-0.93,0.76,0.36,-0.19,-1.41,-0.96,0.11,-2.26,-1.95,-0.93,-1.60,2.63,2.80,1.64,-14.66,1.80,1.54,
0.09,0.16,5.01,-7.19,1.07,0.8091,4.76,-29.70,-3.70,6.56,1,1,1,1,38.24,111.06,5.12,6204,5928,6123,5446,1.008,0.00,0.00,-30.92,147.15,0.00,0.00
532,42155984,20.00,1,3,10.15,1,1,1.00,-0.67,39.22,-186.42,-4.41,9.01,1.66,-8.45,5.78,-16.40,-2.46,-0.96,0.00,0.00,-2.46,-0.9
6,0.76,0.36,-0.15,-1.48,-0.96,0.04,-2.46,-2.07,-0.96,-1.58,0.51,1.61,-0.74,0.15,-1.27,0.19,0.10,-1.55,3.60,3.48,-0.88,0.3575,-12.75,49.54,-4.41,9.01,1,1,1,1,38.75,110.85,2.39,5577,6058,5955,6147,1.008,0.00,0.00,-30.99,147.28,0.00,0.00
533,42175788,19.80,1,3,10.14,1,1
,1.00,-0.62,39.31,-186.60,-4.41,9.01,1.66,-8.45,5.77,-16.70,-2.51,-0.99,0.00,0.00,-2.51,-0.99,0.76,0.36,-0.12,-1.51,-0.97,0.02,-2.51,-1.94,-0.99,-1.43,-0.01,0.88,-1.86,9.78,-2.27,-1.31,0.09,-1.03,2.27,9.61,-1.59,0.4327,0.00,0.00,-4.41,9.01,1,0,0,0,39.00,110.74,1.06,
5453,6130,5950,6471,1.007,0.00,0.00,-31.06,147.46,0.00,0.00
534,42195947,20.16,1,3,10.14,1,1,1.00,-0.59,39.40,-186.78,-3.84,11.64,1.66,-8.45,5.43,-18.40,-2.86,-0.95,0.00,0.00,-2.86,-0.95,0.71,0.36,-0.12,-1.66,-0.97,-0.09,-2.86,-1.73,-0.95,-1.22,-2.12,0.85,-6.82,10.32,-
1.40,-1.52,0.09,0.04,1.72,9.91,-1.23,0.7674,2.38,59.23,-3.84,11.64,1,1,1,1,39.29,110.58,-0.43,5565,6179,6134,6261,1.008,0.00,0.00,-31.14,147.65,0.00,0.00
535,42215946,20.00,1,3,10.14,1,1,1.00,-0.57,39.47,-187.02,-6.05,14.14,1.66,-8.45,6.63,-20.57,-3.25,-1
.22,0.00,0.00,-3.25,-1.22,0.87,0.36,-0.01,-1.86,-0.97,-0.21,-3.25,-1.59,-1.22,-1.06,-2.80,-1.14,-10.13,1.03,0.21,-0.98,0.08,1.11,-1.66,3.91,0.22,1.2829,-30.46,41.67,-6.05,14.14,1,1,1,0,39.10,110.61,0.71,6031,6174,6170,5917,1.009,0.00,0.00,-31.21,147.88,0.00,0.00
53
6,42235949,20.00,1,3,10.13,1,1,1.00,-0.54,39.60,-187.30,-3.48,12.00,1.66,-8.45,5.55,-20.17,-3.09,-1.00,0.00,0.00,-3.09,-1.00,0.73,0.36,-0.09,-1.82,-0.97,-0.14,-3.09,-1.63,-1.00,-1.04,-0.81,0.63,-7.10,-10.33,1.26,0.02,0.08,1.15,0.75,-3.39,0.65,1.2520,33.65,-11.74,-3.
48,12.00,1,1,1,1,39.19,110.53,0.29,6250,6016,6178,5746,1.009,0.00,0.00,-31.32,148.16,0.00,0.00
537,42255957,20.01,1,3,10.13,1,1,1.00,-0.50,39.67,-187.54,-0.92,10.99,1.66,-8.45,3.57,-19.42,-2.91,-0.60,0.00,0.00,-2.91,-0.60,0.47,0.36,-0.22,-1.75,-0.97,-0.07,-2.9
1,-1.85,-0.60,-1.12,0.52,2.80,-3.86,-18.54,2.60,1.43,0.08,1.07,4.45,-8.06,1.54,1.3214,39.18,-0.34,-0.92,10.99,1,1,1,1,38.85,110.61,2.21,6514,6013,6292,5419,1.010,0.00,0.00,-31.39,148.41,0.00,0.00
538,42275942,19.99,1,3,10.13,1,1,1.00,-0.47,39.68,-187.76,-0.87,8.45,1
.66,-8.45,2.73,-17.60,-2.55,-0.47,0.00,0.00,-2.55,-0.47,0.36,0.36,-0.24,-1.59,-0.97,0.06,-2.55,-2.07,-0.47,-1.22,2.59,2.62,1.09,-17.63,1.84,1.72,0.09,0.01,5.19,-6.57,1.23,1.0616,-0.29,-35.41,-0.87,8.45,1,1,1,1,38.85,110.56,2.28,6330,6023,6183,5520,1.011,0.00,0.00,-
31.41,148.62,0.00,0.00
539,42295961,20.02,1,3,10.13,1,1,1.00,-0.44,39.70,-187.93,-0.80,7.77,1.66,-8.45,2.34,-16.46,-2.36,-0.44,0.00,0.00,-2.36,-0.44,0.31,0.36,-0.22,-1.49,-0.98,0.12,-2.36,-2.23,-0.44,-1.24,2.79,1.90,2.35,-4.65,-0.62,0.72,0.10,-1.42,4.79,2.02,-0.57,0.53
68,0.00,0.00,-0.80,7.77,1,1,1,0,38.80,110.53,2.57,5791,6085,6074,6105,1.011,0.00,0.00,-31.43,148.79,0.00,0.00
540,42315963,20.00,1,3,10.13,1,1,1.00,-0.41,39.72,-188.08,-0.70,10.28,1.66,-8.45,2.13,-17.52,-2.63,-0.44,0.00,0.00,-2.63,-0.44,0.28,0.36,-0.20,-1.58,-0.98,0.03,-2.63,-2.16,-
0.44,-1.13,0.21,1.23,-1.29,11.06,-2.76,-1.09,0.09,-1.74,3.52,11.73,-2.07,0.3749,0.44,61.59,-0.70,10.28,1,1,1,1,38.93,110.44,1.92,5332,6136,5954,6609,1.010,0.00,0.00,-31.45,148.95,0.00,0.00
541,42335948,19.99,1,3,10.13,1,1,1.00,-0.37,39.73,-188.29,-0.62,12.
79,1.66,-8.45,2.00,-19.44,-3.01,-0.45,0.00,0.00,-3.01,-0.45,0.26,0.36,-0.17,-1.76,-0.98,-0.10,-3.01,-2.01,-0.45,-0.98,-2.18,0.73,-6.25,12.15,-1.82,-1.68,0.09,-0.22,2.40,11.55,-1.32,1.3051,0.34,51.97,-0.62,12.79,1,1,1,1,38.83,110.42,2.49,5604,6096,5963,6435,1.010,0.
00,0.00,-31.47,149.15,0.00,0.00
542,42355971,20.02,1,3,10.13,1,1,1.00,-0.34,39.74,-188.55,-0.55,14.83,1.66,-8.45,1.91,-21.44,-3.36,-0.47,0.00,0.00,-3.36,-0.47,0.25,0.36,-0.14,-1.94,-0.98,-0.20,-3.36,-1.91,-0.47,-0.85,-2.80,0.39,-9.06,1.67,0.28,-0.99,0.08,1.18,1.61,6
.29,-0.09,1.4481,0.22,38.33,-0.55,14.83,1,1,1,0,38.84,110.37,2.46,5968,6032,6129,5918,1.010,0.00,0.00,-31.49,149.41,0.00,0.00
543,42375970,20.00,1,3,10.13,1,1,1.00,-0.31,39.75,-188.84,1.94,12.34,1.66,-8.45,0.36,-20.75,-3.14,-0.17,0.00,0.00,-3.14,-0.17,0.05,0.36,-0
.23,-1.87,-0.98,-0.12,-3.14,-1.99,-0.17,-0.80,-0.48,2.06,-5.28,-9.31,1.15,0.03,0.08,1.03,4.11,1.39,0.22,0.7788,33.08,-32.46,1.94,12.34,1,1,1,1,38.43,110.50,4.70,6116,5970,6214,5753,1.010,0.00,0.00,-31.51,149.70,0.00,0.00
544,42395974,20.00,1,3,10.13,1,1,1.0
0,-0.27,39.72,-189.09,4.42,11.34,1.65,-8.46,-0.76,-19.89,-2.95,0.02,0.00,0.00,-2.95,0.02,-0.10,0.36,-0.27,-1.80,-0.98,-0.04,-2.95,-2.18,0.02,-0.80,0.81,2.49,-1.95,-15.07,2.01,1.22,0.08,0.68,5.46,-2.76,1.18,1.0567,37.37,-0.18,4.42,11.34,1,1,1,1,38.40,110.54,4.90,6327,5
902,6121,5487,1.010,0.00,0.00,-31.49,149.94,0.00,0.00
545,42415979,20.00,1,3,10.14,1,1,1.00,-0.22,39.63,-189.32,6.04,8.87,1.65,-8.46,-2.60,-18.06,-2.59,0.34,0.00,0.00,-2.59,0.34,-0.34,0.36,-0.36,-1.63,-0.99,0.08,-2.59,-2.34,0.34,-0.80,2.74,2.80,1.95,-9.39,0.74,0.93,0
.09,-0.29,7.59,-0.41,0.49,0.8111,24.79,-37.43,6.04,8.87,1,1,1,1,38.49,110.56,4.40,6093,5947,6011,5768,1.010,0.00,0.00,-31.43,150.16,0.00,0.00
546,42435980,20.00,1,3,10.14,1,1,1.00,-0.17,39.51,-189.49,7.33,9.93,1.64,-8.46,-4.12,-17.96,-2.63,0.60,0.00,0.00,-2.63,0.60,-
0.54,0.35,-0.40,-1.62,-0.99,0.07,-2.63,-2.42,0.60,-0.75,1.56,2.80,0.89,-0.50,-0.83,0.30,0.09,-1.22,8.57,4.73,-0.42,0.5028,22.37,22.26,7.33,9.93,1,1,1,0,38.69,110.53,3.32,5781,6041,5934,6112,1.009,0.00,0.00,-31.34,150.34,0.00,0.00
547,42455984,20.00,1,3,10.1
4,1,1,1.00,-0.10,39.36,-189.69,5.54,12.40,1.63,-8.46,-3.67,-19.40,-2.94,0.42,0.00,0.00,-2.94,0.42,-0.48,0.35,-0.29,-1.75,-0.99,-0.03,-2.94,-2.28,0.42,-0.54,-0.89,0.70,-3.03,8.12,-1.78,-0.90,0.09,-0.95,4.54,11.53,-1.13,0.6935,-15.37,48.88,5.54,12.40,1,1,1,1,39.13,110.38,1.
00,5630,6060,5888,6398,1.009,0.00,0.00,-31.23,150.53,0.00,0.00
548,42475984,20.00,1,3,10.13,1,1,1.00,-0.05,39.25,-189.94,3.07,13.97,1.63,-8.46,-2.02,-20.92,-3.21,0.02,0.00,0.00,-3.21,0.02,-0.26,0.35,-0.10,-1.89,-0.99,-0.12,-3.21,-2.12,0.02,-0.34,-2.26,-1.99,-6.78,6.5
0,-1.04,-1.19,0.08,0.07,-0.85,11.92,-1.36,0.9243,-30.08,32.30,3.07,13.97,1,1,1,1,39.09,110.41,1.31,5701,6041,6126,6337,1.009,0.00,0.00,-31.15,150.77,0.00,0.00
549,42495971,19.99,1,3,10.13,1,1,1.00,-0.02,39.19,-190.22,3.66,12.87,1.62,-8.46,-1.72,-20.87,-3.15,-0.06,
0.00,0.00,-3.15,-0.06,-0.23,0.35,-0.06,-1.88,-0.99,-0.09,-3.15,-2.02,-0.06,-0.12,-1.07,-1.80,-5.77,0.80,-0.41,-0.95,0.08,0.46,-1.61,10.14,-1.68,1.0430,10.49,-0.00,3.66,12.87,1,1,1,0,39.36,110.28,-0.08,5734,5914,6249,6286,1.010,0.00,0.00,-31.12,151.04,0.00,0.00
550,4
2515990,20.02,1,3,10.13,1,1,1.00,0.03,39.11,-190.48,5.71,11.72,1.62,-8.46,-2.85,-20.15,-2.99,0.16,0.00,0.00,-2.99,0.16,-0.37,0.35,-0.13,-1.82,-1.00,-0.03,-2.99,-2.06,0.16,0.04,0.29,0.20,-3.35,-8.25,1.27,0.31,0.08,0.87,0.58,3.01,-0.28,0.9209,29.68,-1.73,5.71,11.72,1,
1,1,0,39.26,110.28,0.50,6215,5874,6283,5952,1.010,0.00,0.00,-31.07,151.29,0.00,0.00
551,42535992,20.00,1,3,10.13,1,1,1.00,0.09,39.00,-190.71,7.00,10.66,1.61,-8.46,-4.09,-19.23,-2.81,0.39,0.00,0.00,-2.81,0.39,-0.54,0.35,-0.20,-1.74,-1.00,0.03,-2.81,-2.21,0.39,0.06,1.28,
1.56,-0.66,-10.44,1.18,0.88,0.08,0.20,2.63,-2.85,0.80,0.7115,22.18,-1.75,7.00,10.66,1,1,1,0,39.44,110.18,-0.39,6298,6050,6150,5777,1.010,0.00,0.00,-30.99,151.52,0.00,0.00
552,42556000,20.01,1,3,10.12,1,1,1.00,0.13,38.86,-190.92,8.41,9.63,1.60,-8.47,-5.45,-18.24,-2
.64,0.68,0.00,0.00,-2.64,0.68,-0.71,0.35,-0.27,-1.65,-1.00,0.09,-2.64,-2.32,0.68,0.02,1.90,2.75,0.89,-5.98,0.07,0.66,0.09,-0.68,4.91,-3.39,0.66,0.6878,24.90,-2.43,8.41,9.63,1,1,1,0,39.31,110.19,0.44,6123,6237,6080,5931,1.011,0.00,0.00,-30.88,151.73,0.00,0.00
553,4257
6003,20.00,1,3,10.12,1,1,1.00,0.17,38.69,-191.12,8.66,12.07,1.60,-8.47,-6.15,-19.31,-2.89,0.78,0.00,0.00,-2.89,0.78,-0.81,0.35,-0.27,-1.74,-1.00,0.00,-2.89,-2.29,0.78,0.03,-0.34,2.42,-2.28,3.63,-1.19,-0.34,0.09,-0.92,5.03,2.36,-0.31,0.5946,11.56,40.73,8.66,12.07,1,
1,1,0,39.53,110.07,-0.68,5867,6199,5969,6264,1.012,0.00,0.00,-30.75,151.91,0.00,0.00
554,42596001,20.00,1,3,10.12,1,1,1.00,0.22,38.52,-191.36,7.97,14.53,1.59,-8.47,-6.04,-21.21,-3.26,0.68,0.00,0.00,-3.26,0.68,-0.79,0.34,-0.21,-1.91,-1.00,-0.12,-3.26,-2.13,0.68,0.15,
-2.47,0.99,-7.19,6.97,-1.55,-1.15,0.08,-0.46,2.68,6.93,-0.84,0.9032,-0.17,44.73,7.97,14.53,1,1,1,1,39.52,110.04,-0.57,5721,6264,6077,6354,1.012,0.00,0.00,-30.63,152.14,0.00,0.00
555,42616006,20.00,1,3,10.11,1,1,1.00,0.25,38.36,-191.65,5.99,13.38,1.58,-8.47,-4.82,-
21.28,-3.22,0.36,0.00,0.00,-3.22,0.36,-0.63,0.34,-0.07,-1.92,-1.01,-0.10,-3.22,-1.98,0.36,0.32,-1.34,-1.35,-6.59,2.16,-0.65,-1.17,0.08,0.45,-1.23,7.96,-1.06,0.9538,-17.18,-0.08,5.99,13.38,1,1,1,0,39.71,109.93,-1.51,5818,6110,6216,6269,1.013,0.00,0.00,-30.51,152.43,0.0
0,0.00
556,42636007,20.00,1,3,10.11,1,1,1.00,0.29,38.24,-191.92,6.86,12.34,1.57,-8.47,-4.87,-20.68,-3.07,0.35,0.00,0.00,-3.07,0.35,-0.64,0.34,-0.06,-1.87,-1.01,-0.04,-3.07,-1.98,0.35,0.48,-0.00,-0.90,-4.56,-5.69,0.79,-0.11,0.07
,0.82,-1.31,5.53,-0.97,0.9204,17.08,0.09,6.86,12.34,1,1,1,0,39.69,109.89,-1.30,6055,5946,6410,6103,1.013,0.00,0.00,-30.42,152.69,0.00,0.00
557,42656010,20.00,1,3,10.10,1,1,1.00,0.31,38.10,-192.16,6.61,11.37,1.56,-8.48,-4.74,-19.86,-2.91,0.32,0.00,0.00,-2.91,0.3
2,-0.62,0.34,-0.04,-1.79,-1.01,0.02,-2.91,-2.07,0.32,0.57,0.98,-0.81,-2.17,-8.57,0.96,0.50,0.08,0.37,-1.61,1.78,-0.30,0.7597,3.69,0.02,6.61,11.37,1,1,1,0,39.88,109.77,-2.21,6134,6037,6372,5960,1.014,0.00,0.00,-30.32,152.93,0.00,0.00
558,42676013,20.00,1,3,10.10,1,1,1
.00,0.33,37.97,-192.39,9.06,11.73,1.56,-8.48,-6.17,-19.74,-2.91,0.67,0.00,0.00,-2.91,0.67,-0.81,0.34,-0.14,-1.78,-1.01,0.02,-2.91,-2.16,0.67,0.58,0.66,1.64,-1.94,-5.95,0.22,0.47,0.08,-0.33,1.94,-1.79,0.14,0.7425,53.10,15.95,9.06,11.73,1,1,1,1,39.62,109.81,-0.70,6108,
6232,6252,6012,1.014,0.00,0.00,-30.22,153.15,0.00,0.00
559,42695823,19.81,1,3,10.10,1,1,1.00,0.36,37.79,-192.62,9.06,11.73,1.55,-8.48,-6.75,-19.69,-2.91,0.77,0.00,0.00,-2.91,0.77,-0.88,0.34,-0.16,-1.78,-1.01,0.02,-2.91,-2.16,0.77,0.55,0.43,1.65,-2.18,1.55,-1.13,-0.43
,0.08,-0.76,2.33,-2.35,0.51,0.5123,0.00,0.00,9.06,11.73,1,0,0,0,39.75,109.70,-1.29,5957,6412,5978,6119,1.015,0.00,0.00,-30.09,153.37,0.00,0.00
560,42715977,20.15,1,3,10.10,1,1,1.00,0.39,37.61,-192.86,9.93,13.02,1.54,-8.48,-7.53,-20.44,-3.07,0.92,0.00,0.00,-3.07,0.9
2,-0.99,0.34,-0.19,-1.85,-1.01,-0.03,-3.07,-2.05,0.92,0.53,-0.69,2.03,-4.84,3.80,-0.89,-0.75,0.08,-0.20,3.29,-0.61,0.02,0.7227,19.40,27.09,9.93,13.02,1,1,1,0,39.69,109.69,-0.90,5939,6331,6092,6168,1.015,0.00,0.00,-29.95,153.60,0.00,0.00
561,42735979,20.00,1
,3,10.10,1,1,1.00,0.41,37.41,-193.12,9.09,14.19,1.53,-8.48,-7.35,-21.45,-3.25,0.82,0.00,0.00,-3.25,0.82,-0.96,0.34,-0.13,-1.94,-1.02,-0.09,-3.25,-1.95,0.82,0.56,-1.59,0.72,-7.15,1.50,-0.45,-0.79,0.07,0.28,1.57,2.10,-0.27,0.6119,-0.20,27.12,9.09,14.19,1,1,1,0,39.75,10
9.64,-1.11,5951,6228,6182,6141,1.015,0.00,0.00,-29.80,153.85,0.00,0.00
562,42755983,20.00,1,3,10.10,1,1,1.00,0.44,37.23,-193.40,8.34,13.02,1.52,-8.48,-6.83,-21.15,-3.16,0.67,0.00,0.00,-3.16,0.67,-0.89,0.34,-0.07,-1.91,-1.02,-0.05,-3.16,-1.94,0.67,0.61,-0.4
4,-0.49,-5.58,-4.85,0.42,-0.29,0.07,0.64,-0.30,2.33,-0.30,1.1754,0.00,0.00,8.34,13.02,1,1,1,0,39.55,109.68,0.02,6087,6099,6291,6055,1.015,0.00,0.00,-29.67,154.12,0.00,0.00
563,42775988,20.00,1,3,10.10,1,1,1.00,0.46,37.06,-193.66,7.66,11.96,1.51,-8.49,-6.22
,-20.40,-3.00,0.51,0.00,0.00,-3.00,0.51,-0.81,0.34,-0.01,-1.84,-1.02,0.01,-3.00,-2.02,0.51,0.65,0.67,-1.30,-3.28,-7.12,0.54,0.19,0.07,0.27,-1.74,2.68,-0.74,1.1856,0.00,0.00,7.66,11.96,1,1,1,0,39.48,109.66,0.46,5993,6026,6362,6046,1.016,0.00,0.00,-29.54,154.38,0.00,0
.00
564,42795993,20.00,1,3,10.10,1,1,1.00,0.48,36.91,-193.90,7.04,9.87,1.50,-8.49,-5.60,-18.85,-2.70,0.36,0.00,0.00,-2.70,0.36,-0.73,0.34,0.04,-1.70,-1.02,0.10,-2.70,-2.13,0.36,0.70,2.25,-1.75,0.42,-6.61,0.50,0.42,0.07,0.01,-2.82,2.29,-0.79,0.6206,0.11,-13.
66,7.04,9.87,1,1,1,0,39.31,109.69,1.41,5972,6015,6355,6049,1.015,0.00,0.00,-29.43,154.61,0.00,0.00
565,42815992,20.00,1,3,10.10,1,1,1.00,0.49,36.77,-194.10,8.90,12.40,1.50,-8.49,-6.49,-19.73,-2.94,0.61,0.00,0.00,-2.94,0.61,-0.85,0.33,-0.03,-1.78,-1.02,0.03,-2.94,-2.1
7,0.61,0.70,0.03,0.39,-2.68,-1.09,-0.16,0.19,0.07,-0.42,0.10,-2.12,0.01,0.6455,29.96,57.11,8.90,12.40,1,1,1,1,39.24,109.74,1.88,5944,6210,6165,5985,1.015,0.00,0.00,-29.32,154.80,0.00,0.00
566,42835992,20.00,1,3,10.10,1,1,1.00,0.50,36.59,-194.35,9.20,13.44
,1.49,-8.49,-7.04,-20.71,-3.13,0.73,0.00,0.00,-3.13,0.73,-0.92,0.33,-0.07,-1.87,-1.02,-0.04,-3.13,-2.16,0.73,0.66,-1.13,0.97,-5.03,-1.49,-0.15,-0.15,0.07,-0.08,1.20,-6.01,1.08,0.8857,12.67,25.35,9.20,13.44,1,1,1,0,39.13,109.82,2.47,6069,6346,6021,5826,1.015,0.00,0.0
0,-29.19,155.04,0.00,0.00
567,42855997,20.00,1,3,10.10,1,1,1.00,0.51,36.40,-194.62,8.45,14.01,1.48,-8.49,-6.82,-21.45,-3.25,0.65,0.00,0.00,-3.25,0.65,-0.89,0.33,-0.04,-1.94,-1.03,-0.08,-3.25,-2.15,0.65,0.57,-1.49,0.13,-6.03,-1.16,-0.37,-0.48,0.07,0.05,0.36,-7.
72,1.30,1.0674,-0.18,20.53,8.45,14.01,1,1,1,0,39.21,109.79,2.13,6050,6397,5956,5805,1.015,0.00,0.00,-29.05,155.30,0.00,0.00
568,42876001,20.00,1,3,10.10,1,1,1.00,0.52,36.23,-194.90,9.22,12.90,1.47,-8.49,-7.19,-21.08,-3.15,0.74,0.00,0.00,-3.15,0.74,-0.94,0.33,-0.06
,-1.90,-1.03,-0.04,-3.15,-2.19,0.74,0.48,-0.33,0.66,-4.13,-4.33,0.09,-0.21,0.07,0.23,1.48,-5.50,0.17,1.0702,18.06,0.16,9.22,12.90,1,1,1,0,38.95,109.86,3.53,5999,6167,6147,5932,1.015,0.00,0.00,-28.92,155.57,0.00,0.00
569,42896002,20.00,1,3,10.10,1,1,1.00,0.54,36.05,-1
95.16,8.10,11.87,1.46,-8.50,-6.68,-20.31,-2.99,0.59,0.00,0.00,-2.99,0.59,-0.87,0.33,-0.01,-1.83,-1.03,0.02,-2.99,-2.27,0.59,0.46,0.73,-0.50,-1.71,-6.18,0.56,0.26,0.07,0.22,-0.09,2.51,-1.33,1.2759,-4.80,-0.05,8.10,11.87,1,1,1,0,38.82,109.92,4.28,5865,5839,633
8,6071,1.015,0.00,0.00,-28.78,155.82,0.00,0.00
570,42916004,20.00,1,3,10.10,1,1,1.00,0.56,35.89,-195.39,5.62,10.90,1.45,-8.50,-4.98,-19.44,-2.83,0.20,0.00,0.00,-2.83,0.20,-0.65,0.33,0.12,-1.76,-1.03,0.07,-2.83,-2.36,0.20,0.59,1.44,-2.71,-0.06,-6.20,0.77,0.56,0.07,0.1
2,-3.94,9.99,-2.28,1.1032,-42.16,-0.41,5.62,10.90,1,1,1,1,38.57,110.03,5.60,5733,5686,6490,6132,1.015,0.00,0.00,-28.66,156.05,0.00,0.00
571,42936009,20.00,1,3,10.10,1,1,1.00,0.56,35.78,-195.61,5.18,8.99,1.45,-8.50,-4.04,-17.95,-2.56,0.03,0.00,0.00,-2.56,0.03,-0.53
,0.33,0.17,-1.62,-1.03,0.15,-2.56,-2.41,0.03,0.77,2.59,-2.80,2.10,-2.86,0.03,0.35,0.07,-0.39,-5.36,4.57,-0.93,0.7621,0.13,-13.10,5.18,8.99,1,1,1,0,38.70,110.06,4.92,5699,6011,6265,5937,1.015,0.00,0.00,-28.58,156.26,0.00,0.00
572,42956015,20.01,1,3,10.10,1,1,1.00,0.5
5,35.67,-195.79,7.66,11.47,1.44,-8.50,-5.16,-18.82,-2.80,0.32,0.00,0.00,-2.80,0.32,-0.68,0.33,0.05,-1.70,-1.03,0.06,-2.80,-2.37,0.32,0.79,0.22,-0.04,-1.16,2.10,-0.40,0.00,0.07,-0.47,-1.55,-3.31,0.18,0.6141,37.45,64.13,7.66,11.47,1,1,1,1,38.54,110.23,5.78,5827,6209,60
57,5886,1.015,0.00,0.00,-28.50,156.44,0.00,0.00
573,42976017,20.00,1,3,10.10,1,1,1.00,0.56,35.52,-196.02,8.97,12.58,1.43,-8.50,-6.41,-19.83,-3.00,0.63,0.00,0.00,-3.00,0.63,-0.84,0.33,-0.06,-1.79,-1.04,-0.01,-3.00,-2.25,0.63,0.70,-1.09,1.88,-3.76,5.29,-1.22,-0.81,0.07,
-0.47,1.65,-7.89,1.23,0.8906,24.27,25.56,8.97,12.58,1,1,1,0,38.77,110.26,4.54,5827,6445,5798,5825,1.014,0.00,0.00,-28.39,156.66,0.00,0.00
574,42996016,20.00,1,3,10.10,1,1,1.00,0.56,35.34,-196.27,8.23,14.85,1.42,-8.50,-6.48,-21.60,-3.34,0.61,0.00,0.00,-3.34,0.61,-0.
85,0.33,-0.05,-1.95,-1.04,-0.12,-3.34,-2.10,0.61,0.56,-2.79,1.12,-8.08,4.10,-0.86,-0.98,0.07,0.07,1.30,-6.68,0.87,1.0059,-0.40,41.32,8.23,14.85,1,1,1,0,38.64,110.41,5.28,5885,6354,5898,5881,1.014,0.00,0.00,-28.25,156.91,0.00,0.00
575,43016021,20.00,1,3,10.10,1,1,1.00,0
.57,35.18,-196.57,8.01,13.68,1.42,-8.50,-6.38,-21.61,-3.29,0.57,0.00,0.00,-3.29,0.57,-0.84,0.33,-0.03,-1.95,-1.04,-0.10,-3.29,-2.07,0.57,0.50,-1.47,0.50,-6.61,-4.24,0.35,-0.48,0.06,0.76,0.73,-3.31,0.04,1.0457,5.42,0.05,8.01,13.68,1,1,1,0,38.82,110.43,4.33,593
3,6050,6134,5829,1.014,0.00,0.00,-28.13,157.19,0.00,0.00
576,43036025,20.00,1,3,10.10,1,1,1.00,0.58,35.02,-196.84,6.35,12.59,1.41,-8.51,-5.35,-20.98,-3.14,0.32,0.00,0.00,-3.14,0.32,-0.70,0.33,0.05,-1.89,-1.04,-0.04,-3.14,-2.18,0.32,0.54,-0.05,-1.24,-3.90,-10.49,1.26
,0.48,0.06,0.69,-1.94,4.77,-1.62,1.1880,-13.00,-0.13,6.35,12.59,1,1,1,0,38.69,110.53,5.05,5844,5747,6508,5942,1.014,0.00,0.00,-28.01,157.46,0.00,0.00
577,43056029,20.00,1,3,10.10,1,1,1.00,0.57,34.89,-197.09,3.89,10.46,1.40,-8.51,-3.45,-19.45,-2.84,-0.07,0.00,0.00,-2.84,-
0.07,-0.45,0.33,0.19,-1.76,-1.04,0.07,-2.84,-2.34,-0.07,0.68,1.82,-2.80,0.24,-8.94,0.53,0.63,0.07,-0.18,-5.39,5.59,-1.30,0.6599,-35.25,-14.53,3.89,10.46,1,1,1,1,38.76,110.58,4.65,5714,5930,6411,5918,1.015,0.00,0.00,-27.92,157.71,0.00,0.00
578,43076015,19.99,1,3,10
.10,1,1,1.00,0.55,34.81,-197.30,3.59,9.42,1.40,-8.51,-2.50,-18.23,-2.63,-0.22,0.00,0.00,-2.63,-0.22,-0.33,0.33,0.22,-1.65,-1.04,0.13,-2.63,-2.41,-0.22,0.75,2.44,-2.80,1.74,-3.74,0.24,0.50,0.07,-0.33,-6.73,0.90,-0.73,0.4468,0.03,-2.73,3.59,9.42,1,1,1,0,38.75,
110.68,4.72,5776,6037,6293,5907,1.014,0.00,0.00,-27.86,157.91,0.00,0.00
579,43096035,20.02,1,3,10.10,1,1,1.00,0.55,34.74,-197.49,6.05,11.88,1.39,-8.51,-3.61,-19.20,-2.88,0.05,0.00,0.00,-2.88,0.05,-0.47,0.33,0.09,-1.73,-1.05,0.04,-2.88,-2.43,0.05,0.71,0.06,-0.13,-1.3
7,-0.78,-0.05,0.31,0.07,-0.43,-2.29,-7.24,0.60,1.3501,36.64,49.46,6.05,11.88,1,1,1,1,38.96,110.65,3.65,5914,6247,6077,5768,1.014,0.00,0.00,-27.81,158.10,0.00,0.00
580,43116037,20.00,1,3,10.10,1,1,1.00,0.55,34.62,-197.73,5.55,12.97,1.39,-8.51,-3.76,-20.24,-3.08,0.10,0
.00,0.00,-3.08,0.10,-0.49,0.33,0.06,-1.83,-1.05,-0.03,-3.08,-2.38,0.10,0.56,-1.20,0.23,-3.58,7.23,-2.18,-1.07,0.07,-1.15,-1.21,-12.11,1.67,1.2675,-0.25,25.74,5.55,12.97,1,1,1,0,38.57,110.80,5.73,5796,6702,5684,5932,1.014,0.00,0.00,-27.72,158.33,0.00,0.00
581,4313603
7,20.00,1,3,10.10,1,1,1.00,0.55,34.51,-197.99,7.00,15.20,1.38,-8.51,-4.71,-21.99,-3.41,0.32,0.00,0.00,-3.41,0.32,-0.62,0.33,-0.02,-1.99,-1.05,-0.14,-3.41,-2.15,0.32,0.36,-2.80,1.47,-8.16,11.28,-2.18,-1.85,0.06,-0.36,1.34,-10.55,0.97,0.8498,24.02,41.40,7.00,15.20,1
,1,1,0,38.61,110.83,5.55,5670,6542,5710,5990,1.015,0.00,0.00,-27.64,158.58,0.00,0.00
582,43156040,20.00,1,3,10.10,1,1,1.00,0.55,34.37,-198.29,7.45,14.02,1.37,-8.51,-5.36,-21.98,-3.35,0.46,0.00,0.00,-3.35,0.46,-0.70,0.33,-0.07,-1.98,-1.05,-0.11,-3.35,-1.99,0.46,0.22,
-1.43,1.84,-7.30,3.30,-0.63,-1.43,0.06,0.75,2.60,-7.60,0.85,1.3332,12.76,0.12,7.45,14.02,1,1,1,0,38.39,111.00,6.56,5890,6300,5909,5832,1.015,0.00,0.00,-27.54,158.88,0.00,0.00
583,43176045,20.00,1,3,10.10,1,1,1.00,0.56,34.22,-198.57,5.91,12.91,1.37,-8.51,-4.70,-21.
32,-3.20,0.29,0.00,0.00,-3.20,0.29,-0.62,0.33,-0.00,-1.92,-1.05,-0.04,-3.20,-2.02,0.29,0.18,0.01,0.16,-4.91,-7.92,1.44,0.08,0.05,1.29,0.52,1.13,-0.88,1.4385,-12.25,-0.12,5.91,12.91,1,1,1,0,38.51,111.03,5.93,5916,5761,6374,5766,1.015,0.00,0.00,-27.42,159.15,0.00,0.00


584,43196046,20.00,1,3,10.10,1,1,1.00,0.56,34.10,-198.83,3.46,11.87,1.36,-8.52,-2.96,-20.45,-3.03,-0.07,0.00,0.00,-3.03,-0.07,-0.39,0.33,0.13,-1.85,-1.05,0.02,-3.03,-2.25,-0.07,0.28,1.05,-2.12,-1.69,-15.30,2.02,1.30,0.06,0.63,-3.25,7.30,-1.76,0.7803,-27.74,-0.27,3
.46,11.87,1,1,1,1,38.39,111.13,6.38,5844,5629,6627,5777,1.015,0.00,0.00,-27.34,159.41,0.00,0.00
585,43215854,19.81,1,3,10.11,1,1,1.00,0.54,34.03,-199.07,3.46,11.87,1.35,-8.52,-2.26,-20.10,-2.98,-0.19,0.00,0.00,-2.98,-0.19,-0.30,0.33,0.16,-1.82,-1.06,0.04,-2
.98,-2.45,-0.19,0.41,0.98,-2.11,-0.69,-10.08,0.51,1.05,0.06,-0.61,-4.02,3.99,-0.98,0.6313,0.00,0.00,3.46,11.87,1,0,0,0,38.65,111.14,4.99,5728,5922,6315,5852,1.014,0.00,0.00,-27.29,159.64,0.00,0.00
586,43236013,20.16,1,3,10.11,1,1,1.00,0.53,33.96,-199.31,3
.16,11.41,1.35,-8.52,-1.80,-19.69,-2.91,-0.25,0.00,0.00,-2.91,-0.25,-0.24,0.33,0.16,-1.78,-1.06,0.06,-2.91,-2.48,-0.25,0.46,1.05,-1.76,-0.33,2.52,-1.67,-0.40,0.07,-1.32,-4.17,-1.37,-0.06,0.5520,-0.06,6.43,3.16,11.41,1,1,1,0,38.51,111.29,5.77,5609,6351,5925,60
67,1.014,0.00,0.00,-27.24,159.88,0.00,0.00
587,43255995,19.98,1,3,10.11,1,1,1.00,0.53,33.90,-199.53,2.88,11.78,1.35,-8.52,-1.45,-19.75,-2.94,-0.29,0.00,0.00,-2.94,-0.29,-0.19,0.33,0.16,-1.78,-1.06,0.04,-2.94,-2.33,-0.29,0.41,0.48,-1.38,-1.49,8.04,-1.56,-1.04,0.06,
-0.56,-3.73,-6.42,0.54,0.8656,-0.15,15.84,2.88,11.78,1,1,1,0,38.76,111.30,4.43,5683,6398,5843,5951,1.013,0.00,0.00,-27.20,160.10,0.00,0.00
588,43276018,20.02,1,3,10.11,1,1,1.00,0.51,33.84,-199.77,2.62,14.05,1.34,-8.52,-1.17,-21.13,-3.23,-0.32,0.00,0.00,-3.23,-0.32,-0
.15,0.33,0.15,-1.91,-1.06,-0.05,-3.23,-2.19,-0.32,0.30,-1.46,-1.07,-5.76,5.43,-0.54,-0.86,0.06,0.27,-3.09,-8.37,0.55,0.8687,-0.35,39.30,2.62,14.05,1,1,1,0,38.60,111.43,5.30,5801,6348,6061,5799,1.013,0.00,0.00,-27.16,160.33,0.00,0.00
589,43296018,20.00,1,3
,10.11,1,1,1.00,0.50,33.79,-200.05,2.37,16.23,1.34,-8.52,-0.92,-23.00,-3.58,-0.34,0.00,0.00,-3.58,-0.34,-0.12,0.33,0.14,-2.08,-1.06,-0.16,-3.58,-2.13,-0.34,0.21,-2.80,-0.84,-9.08,-2.12,0.38,-0.45,0.05,0.77,-2.58,-5.38,-0.15,1.0481,-0.35,40.63,2.37,16.23,1,1,
1,0,38.53,111.52,5.67,5840,6083,6221,5780,1.013,0.00,0.00,-27.13,160.61,0.00,0.00
590,43316025,20.01,1,3,10.11,1,1,1.00,0.49,33.74,-200.38,3.10,14.92,1.34,-8.52,-1.25,-22.95,-3.50,-0.25,0.00,0.00,-3.50,-0.25,-0.16,0.33,0.08,-2.07,-1.06,-0.13,-3.50,-2.17,-0.25,0.14
,-1.35,0.04,-7.05,-9.97,1.22,0.11,0.05,1.04,-1.18,-6.55,0.66,1.2842,11.30,0.10,3.10,14.92,1,1,1,0,38.50,111.62,5.81,6040,6079,6225,5545,1.013,0.00,0.00,-27.10,160.93,0.00,0.00
591,43336021,20.00,1,3,10.11,1,1,1.00,0.48,33.68,-200.67,2.64,13.71,1.33,-8.52,-1.10,-22.2
1,-3.33,-0.26,0.00,0.00,-3.33,-0.26,-0.14,0.33,0.08,-2.01,-1.07,-0.05,-3.33,-2.33,-0.26,0.07,0.18,-0.06,-3.85,-15.28,1.65,1.03,0.06,0.55,-1.11,-3.06,-0.41,1.2460,-2.54,-0.02,2.64,13.71,1,1,1,0,38.48,111.68,5.91,5974,5855,6399,5648,1.013,0.00,0.00,-27.06,161.23,0.00,
0.00
592,43356028,20.01,1,3,10.12,1,1,1.00,0.47,33.63,-200.95,0.68,11.19,1.33,-8.52,0.00,-20.42,-2.97,-0.47,0.00,0.00,-2.97,-0.47,0.00,0.33,0.15,-1.84,-1.07,0.07,-2.97,-2.55,-0.47,0.11,2.32,-1.34,0.97,-7.51,-0.27,0.46,0.06,-0.78,-3.22,3.18,-1.23,0.6875,-21.80,-18.79,
0.68,11.19,1,1,1,1,38.28,111.80,6.87,5626,5982,6235,6022,1.013,0.00,0.00,-27.02,161.50,0.00,0.00
593,43376015,19.99,1,3,10.12,1,1,1.00,0.46,33.61,-201.17,-0.67,10.50,1.32,-8.52,0.47,-19.29,-2.79,-0.54,0.00,0.00,-2.79,-0.54,0.06,0.33,0.15,-1.74,-1.07,0.13,-2.79,-2.56
,-0.54,0.18,2.59,-1.29,1.85,-0.05,-0.32,0.13,0.06,-0.51,-3.73,2.21,-0.93,0.9583,-16.11,2.61,-0.67,10.50,1,1,1,0,38.37,111.86,6.19,5584,6048,6208,5915,1.012,0.00,0.00,-27.02,161.72,0.00,0.00
594,43396034,20.02,1,3,10.12,1,1,1.00,0.45,33.63,-201.38,-0.62,10.7
2,1.32,-8.52,0.96,-18.97,-2.77,-0.61,0.00,0.00,-2.77,-0.61,0.13,0.33,0.16,-1.71,-1.07,0.12,-2.77,-2.53,-0.61,0.18,1.78,-1.29,1.01,0.29,0.18,0.19,0.06,-0.07,-4.16,-2.64,0.13,0.9193,-0.10,13.24,-0.62,10.72,1,1,1,0,38.27,111.98,6.57,5790,6146,6161,5708,1.012,0.00,0.00,-
27.04,161.93,0.00,0.00
595,
43416037,20.00,1,3,10.12,1,1,1.00,0.43,33.64,-201.60,-0.57,9.87,1.32,-8.52,1.14,-18.33,-2.68,-0.62,0.00,0.00,-2.68,-0.62,0.15,0.33,0.14,-1.66,-1.07,0.14,-2.68,-2.51,-0.62,0.12,1.76,-0.86,1.22,3.27,-0.61,-0.28,0.06,-0.38,-3.43,-6.71,0.60,1.1256,0.00,0.00,-0.57,9.87,1,1,1,0,38.19,112.05,6.87,5765,6269,5952,5768,1.012,0.00,0.00,-27.05,162.14,0.00,0.00
596
,43436022,19.99,1,3,10.13,1,1,1.00,0.43,33.65,-201.79,-0.53,8.76,1.32,-8.52,1.19,-17.41,-2.53,-0.60,0.00,0.00,-2.53,-0.60,0.16,0.33,0.12,-1.57,-1.07,0.17,-2.53,-2.40,-0.60,0.03,2.04,-0.45,1.63,8.63,-1.31,-0.92,0.06,-0.42,-2.50,-6.57,0.29,1.0398,0.03,-4.10,-0.53,8.76,1,1,1,0,37.96,112.19,7.93,5618,6314,5891,5886,1.012,0.00,0.00,-27.07,162.34,0.00,0.00

597,43456039,20.02,1,3,10.13,1,1,1.00,0.42,33.66,-201.97,-0.48,7.88,1.32,-8.52,1.19,-16.51,-2.40,-0.58,0.00,0.00,-2.40,-0.58,0.16,0.33,0.09,-1.49,-1.07,0.19,-2.40,-2.21,-0.58,-0.06,2.12,-0.15,1.51,7.22,-0.51,-0.70,0.06,0.14,-1.80,-3.24,-0.38,0.8992,0.02,-2.35,-0
.48,7.88,1,1,1,0,37.92,112.29,7.98,5592,6100,6068,5828,1.011,0.00,0.00,-27.08,162.51,0.00,0.00
598,43476039,20.00,1,3,10.13,1,1,1.00,0.40,33.67,-202.13,-0.44,7.01,1.32,-8.52,1.17,-15.63,-2.28,-0.56,0.00,0.00,-2.28,-0.56,0.15,0.33,0.07,-1.41,-1.08,0.21,-2.28
,-2.07,-0.56,-0.08,2.12,0.04,1.47,2.26,0.47,-0.09,0.05,0.51,-1.46,-1.53,-0.33,0.8313,0.02,-3.10,-0.44,7.01,1,1,1,0,37.89,112.29,7.98,5726,5969,6182,5690,1.010,0.00,0.00,-27.10,162.67,0.00,0.00
599,43496045,20.01,1,3,10.14,1,1,1.00,0.39,33.68,-202.27,-0.40,4.93,1.32,-8.
52,1.14,-14.03,-2.08,-0.54,0.00,0.00,-2.08,-0.54,0.15,0.33,0.06,-1.27,-1.08,0.27,-2.08,-2.03,-0.54,-0.10,2.62,0.15,2.47,-1.26,0.73,0.34,0.05,0.33,-1.25,-2.14,-0.02,0.7872,0.13,-19.26,-0.40,4.93,1,1,1,0,37.94,112.55,7.55,5821,5949,6147,5633,1.010,0.00,0.00,-27.11,162.81,0.00,0.00
0,43516044,20.00,1,3,10.14,1,1,1.00,0.37,33.
69,-202.37,-0.36,3.68,1.32,-8.52,1.12,-12.64,-1.92,-0.52,0.00,0.00,-1.92,-0.52,0.15,0.33,0.04,-1.14,-1.08,0.30,-1.92,-2.01,-0.52,-0.12,2.68,0.20,2.97,-0.60,0.38,0.38,0.06,-0.06,-1.07,-3.00,0.11,0.6378,0.07,-10.92,-0.36,3.68,1,1,1,0,37.91,112.55,7.55,5770,6047,6119,5639,1.010,0.00,0.00,-27.12,162.91,0.00,0.00
1,43536055,20.01
,1,3,10.14,1,1,1.00,0.36,33.69,-202.44,-0.32,2.10,1.32,-8.52,1.09,-11.14,-1.75,-0.51,0.00,0.00,-1.75,-0.51,0.14,0.33,0.03,-1.01,-1.08,0.34,-1.75,-1.95,-0.51,-0.15,2.78,0.21,3.42,3.84,-0.66,-0.11,0.06,-0.61,-0.92,-2.20,-0.16,0.7707,0.10,-16.39,-0.32,2.10,1,1
,1,0,38.03,112.74,6.74,5621,6117,5984,5838,1.009,0.00,0.00,-27.13,162.98,0.00,0.00
2,43556053,20.00,1,3,10.14,1,1,1.00,0.35,33.70,-202.48,-0.30,1.93,1.32,-8.52,1.07,-10.43,-1.71,-0.49,0.00,0.00,-1.71,-0.49,0.14,0.33,0.02,-0.94,-1.08,0.31,-1.71,-1.78,-0.49,-0.15,2.0
5,0.21,2.27,7.64,-0.78,-0.53,0.06,-0.30,-0.89,0.78,-0.69,0.5555,0.00,0.00,-0.30,1.93,1,1,1,0,38.00,112.74,6.74,5537,6093,6068,5926,1.009,0.00,0.00,-27.13,163.02,0.00,0.00
3,43576059,20.01,1,3,10.14,1,1,1.00,0.34,33.71,-202.52,-0.28,2.40,1.32,-8.52,1.05,-10.44,-1.77,-
0.48,0.00,0.00,-1.77,-0.48,0.14,0.33,0.02,-0.94,-1.08,0.25,-1.77,-1.62,-0.48,-0.10,0.94,0.19,0.45,5.33,-0.03,-0.38,0.05,0.30,-1.03,2.11,-0.75,0.7828,-0.05,7.92,-0.28,2.40,1,1,1,0,38.15,112.90,5.94,5617,5990,6180,5823,1.009,0.00,0.00,-27.14,163.06,0.00,0.00

4,43596056,20.00,1,3,10.14,1,1,1.00,0.32,33.71,-202.57,-0.25,1.49,1.32,-8.52,1.03,-9.89,-1.74,-0.48,0.00,0.00,-1.74,-0.48,0.13,0.33,0.01,-0.89,-
1.08,0.23,-1.74,-1.50,-0.48,-0.05,0.81,0.17,0.07,2.26,0.08,-0.23,0.05,0.26,-1.19,0.67,-0.31,0.8335,0.05,-9.19,-0.25,1.49,1,1,1,0,38.15,112.90,5.94,5711,6051,6153,5771,1.009,0.00,0.00,-27.14,163.11,0.00,0.00
5,43616063,20.01,1,3,10.14,1,1,1.00,0.31,33.72,-202.60,-0.22,
-0.26,1.32,-8.52,1.01,-8.62,-1.59,-0.47,0.00,0.00,-1.59,-0.47,0.13,0.33,0.01,-0.78,-1.08,0.27,-1.59,-1.45,-0.47,-0.05,1.43,0.15,0.99,-1.07,0.63,0.14,0.05,0.43,-1.21,-3.10,0.47,0.7344,0.11,-20.73,-0.22,-0.26,1,1,1,0,38.29,113.03,5.19,5902,6066,6108,5610,1.008,0.00,0.0
0,-27.15,163.14,0.00,0.00
6,43636060,20.00,1,3,10.14,1,1,1.00,0.30,33.72,-202.59,-0.19,-2.65,1.32,-8.52,0.99,-6.68,-1.35,-0.47,0.00,0.00,-1.35,-0.47,0.13,0.33,0.01,-0.60,-1.08,0.34,-1.35,-1.46,-0.47,-0.10,2.42,0.13,2.77,-2.60,0.67,0.45,0.05,0.16,-1.03,-3.72
,0.17,0.6298,0.16,-30.68,-0.19,-2.65,1,1,1,0,38.29,113.03,5.19,5871,6053,6186,5650,1.008,0.00,0.00,-27.15,163.14,0.00,-0.00
7,43656068,20.01,1,3,10.15,1,1,1.00,0.29,33.72,-202.54,-0
.18,-2.44,1.32,-8.51,0.98,-6.02,-1.31,-0.46,0.00,0.00,-1.31,-0.46,0.13,0.33,0.00,-0.54,-1.08,0.31,-1.31,-1.46,-0.46,-0.14,1.78,0.11,2.23,-0.31,0.29,0.38,0.06,-0.15,-0.92,-2.05,-0.19,0.6800,0.00,0.00,-0.18,-2.44,1,1,1,0,38.26,113.21,5.33,5786,6045,6172,5759,1.008,0.00
,0.00,-27.16,163.14,0.00,-0.00
8,43676053,19.99,1,3,10.15,1,1,1.00,0.28,33.73,-202.49,-0.16,-2.25,1.32,-8.50,0.96,-5.86,-1.35,-0.46,0.00,0.00,-1.35,-0.46,0.13,0.33,0.00,-0.53,-1.08,0.26,-1.35,-1.44,-0.46,-0.14,0.92,0.09,1.19,1.14,0.01,0.14,0.06,-0.18,-0.92,-0.06,-
0.48,1.1791,0.00,0.00,-0.16,-2.25,1,1,1,0,38.26,113.21,5.33,5678,6068,6199,5802,1.008,0.00,0.00,-27.17,163.14,0.00,-0.00
9,43696078,20.02,1,3,10.15,1,1,1.00,0.26,33.73,-202.45,-0.14,-3.90,1.32,-8.49,0.95,-4.81,-1.24,-0.46,0.00,0.00,-1.24,-0.46,0.12,0.33,0.00,-0.43,-1.08,0.27,-
1.24,-1.41,-0.46,-0.11,1.27,0.08,1.79,3.73,-0.77,-0.32,0.06,-0.51,-1.02,3.84,-1.28,0.6151,0.11,-23.26,-0.14,-3.90,1,1,1,0,38.21,113.27,5.61,5481,6055,6190,6022,1.008,0.00,0.00,-27.18,163.14,0.00,-0.00
10,43716073,20.00,1,3,10.15,1,1,1.00,0.25,33.73,-202.37
,-0.12,-5.21,1.32,-8.48,0.93,-3.59,-1.11,-0.45,0.00,0.00,-1.11,-0.45,0.12,0.33,-0.00,-0.32,-1.08,0.30,-1.11,-1.32,-0.45,-0.05,1.64,0.07,2.30,6.38,-0.84,-0.57,0.05,-0.31,-1.21,2.59,-0.54,0.8388,0.09,-20.67,-0.12,-5.21,1,1,1,0,38.21,113.27,5.61,5559,6159,608
1,5923,1.008,0.00,0.00,-27.19,163.13,0.00,-0.00
11,43735887,19.81,1,3,10.15,1,1,1.00,0.23,33.74,-202.26,-0.12,-5.21,1.31,-8.46,0.93,-3.08,-1.09,-0.45,0.00,0.00,-1.09,-0.45,0.12,0.33,-0.00,-0.28,-1.08,0.27,-1.09,-1.14,-0.45,0.00,1.17,0.05,1.33,5.76,-0.14,-0
.43,0.05,0.24,-1.41,0.54,-0.22,0.5797,0.00,0.00,-0.12,-5.21,1,0,0,0,38.05,113.39,6.36,5700,6103,6124,5794,1.008,0.00,0.00,-27.21,163.13,0.00,-0.01
12,43756043,20.16,1,3,10.15,1,1,1.00,0.22,33.74,-202.16,-0.10,-7.75,1.31,-8.44,0.92,-1.35,-0.86,-0.45,0.00,0.00,-0.86,-0
.45,0.12,0.33,-0.00,-0.12,-1.08,0.32,-0.86,-1.04,-0.45,0.00,2.20,0.04,2.76,1.52,0.55,-0.02,0.05,0.52,-1.40,-2.23,0.15,0.6812,0.14,-35.39,-0.10,-7.75,1,1,1,0,37.77,113.62,7.72,5823,6033,6139,5640,1.008,0.00,0.00,-27.22,163.13,0.00,-0.01
13,43776043,20.00,1
,3,10.15,1,1,1.00,0.20,33.74,-202.01,0.93,-9.22,1.31,-8.42,0.29,0.00,-0.67,-0.32,0.00,0.00,-0.67,-0.32,0.04,0.33,-0.05,0.00,-1.08,0.34,-0.67,-1.02,-0.32,-0.02,2.57,0.82,3.69,-3.26,1.48,0.75,0.05,0.66,-0.14,-4.66,0.52,0.6206,12.33,-25.43,0.93,-9.22,1,1,1,0,38.25,113.51,
5.12,5895,5986,6240,5368,1.007,0.00,0.00,-27.25,163.12,0.00,-0.02
14,43796031,19.99,1,3,10.15,1,1,1.00,0.18,33.72,-201.82,2.49,-11.04,1.31,-8.39,0.00,0.99,-0.53,-0.27,0.00,0.00,-0.53,-0.27,0.00,0.33,-0.06,0.09,-1.08,0.34,-0.53,-1.09,-0.27,-0.08,2.52,0.84,4.29,-4.9
0,1.27,1.07,0.06,0.14,0.23,-3.85,0.33,0.1295,19.78,-31.29,2.49,-11.04,1,1,1,0,38.06,113.60,6.05,5935,6022,6272,5512,1.007,0.00,0.00,-27.26,163.12,0.01,-0.03
15,43816051,20.02,1,3,10.15,1,1,1.00,0.17,33.67,-201.60,2.28,-10.14,1.30,-8.37,-0.24,1.16,-0.60,-0.23,0.00,0.00,-0.60,-0.23,-0.03,0.33,-0.07,0
.10,-1.08,0.28,-0.60,-1.10,-0.23,-0.10,1.22,0.78,2.82,1.39,-0.22,0.36,0.06,-0.64,0.35,-1.44,-0.11,0.4666,0.00,0.00,2.28,-10.14,1,1,1,0,38.02,113.65,6.10,5734,6055,6027,5823,1.007,0.00,0.00,-27.25,163.12,0.01,-0.05
16,43836058,20.01,1,3,10.15,1,1,1.00,0.16,33.63,-20
1.40,2.10,-9.31,1.30,-8.35,-0.27,0.75,-0.75,-0.24,0.00,0.00,-0.75,-0.24,-0.04,0.33,-0.06,0.07,-1.08,0.20,-0.75,-0.91,-0.24,-0.02,-0.09,0.46,0.44,12.62,-2.33,-1.22,0.06,-1.14,-0.22,6.22,-1.65,0.3641,0.00,0.00,2.10,-9.31,1,1,1,0,37.90,113.77,6.66,5159,6215,6037,6210,1.0
07,0.00,0.00,-27.24,163.12,0.01,-0.08
17,43856056,20.00,1,3,10.15,1,1,1.00,0.13,33.59,-201.21,1.92,-6.79,1.30,-8.33,-0.19,0.00,-0.97,-0.27,0.00,0.00,-0.97,-0.27,-0.02,0.33,-0.04,0.00,-1.08,0.11,-0.97,-0.72,-0.27,0.09,-1.43,0.12,-2.22,11.08,-1.09,-1.33,0.05,0.19,-1.04,8.96,
-1.78,0.4476,-0.06,24.51,1.92,-6.79,1,1,1,1,38.16,113.74,5.23,5242,6064,6246,6002,1.008,0.00,0.00,-27.23,163.12,0.02,-0.11
18,43876044,19.99,1,3,10.15,1,1,1.00,0.11,33.55,-201.08,1.77,-7.85,1.29,-8.32,-0.06,0.00,-0.97,-0.30,0.00,0.00,-0.97,-0.30,-0.01,0.33,-0.02,0.00
,-1.08,0.09,-0.97,-0.65,-0.30,0.18,-0.91,-0.13,-1.91,0.31,0.82,-0.32,0.05,1.08,-1.67,3.98,-0.44,0.6281,0.04,-19.99,1.77,-7.85,1,1,1,0,38.07,113.81,5.69,5725,6006,6338,5624,1.007,0.00,0.00,-27.21,163.12,0.02,-0.13
19,43896064,20.02,1,3,10.15,1,1,1.00,0.09,33.51,-20
0.92,2.22,-10.36,1.29,-8.32,-0.28,0.54,-0.83,-0.26,0.00,0.00,-0.83,-0.26,-0.04,0.33,-0.03,0.05,-1.08,0.11,-0.83,-0.77,-0.26,0.15,0.27,0.16,0.10,-14.02,2.99,1.51,0.05,1.41,-1.16,-4.97,0.86,0.6333,7.40,-100.66,2.22,-10.36,1,1,1,1,38.03,113.84,5.91,6212,5839,6
401,5196,1.007,0.00,0.00,-27.21,163.12,0.03,-0.15
20,43916067,20.00,1,3,10.15,1,1,1.00,0.07,33.47,-200.71,3.73,-12.85,1.29,-8.31,-1.27,2.64,-0.45,-0.07,0.00,0.00,-0.45,-0.07,-0.17,0.34,-0.10,0.24,-1.08,0.22,-0.45,-0.97,-0.07,0.07,2.48,1.32,4.13,-11.75,1.21,
1.48,0.06,-0.34,0.90,-6.17,0.61,0.5030,21.03,-68.87,3.73,-12.85,1,1,1,1,37.82,113.95,6.96,5923,6052,6209,5442,1.007,0.00,0.00,-27.20,163.12,0.03,-0.19
21,43936069,20.00,1,3,10.15,1,1,1.00,0.05,33.39,-200.45,5.70,-15.32,1.29,-8.31,-2.85,4.96,-0.06,0.24,0.00,0.00,-0
.06,0.24,-0.37,0.34,-0.20,0.45,-1.08,0.32,-0.06,-1.02,0.24,0.02,2.80,2.74,6.61,2.31,-0.88,0.23,0.06,-1.16,3.43,-0.78,-0.35,0.0800,28.45,-43.78,5.70,-15.32,1,1,1,0,37.87,113.98,6.52,5483,6180,6040,5809,1.007,0.00,0.00,-27.17,163.12,0.04,-0.25
22,43956073,20.00,1,3,10
.15,1,1,1.00,0.02,33.28,-200.15,5.60,-14.10,1.29,-8.32,-3.42,5.15,-0.13,0.32,0.00,0.00,-0.13,0.32,-0.45,0.34,-0.21,0.47,-1.08,0.27,-0.13,-0.90,0.32,0.04,1.39,2.27,4.10,10.70,-1.27,-0.51,0.06,-0.82,3.14,3.66,-0.73,0.7824,4.53,0.00,5.60,-14.10,1,1,1,0,37.92,114.00,6
.10,5400,6179,6034,5928,1.007,0.00,0.00,-27.12,163.12,0.05,-0.32
23,43976074,20.00,1,3,10.15,1,1,1.00,-0.00,33.17,-199.87,4.29,-11.62,1.29,-8.34,-2.87,3.73,-0.48,0.16,0.00,0.00,-0.48,0.16,-0.38,0.34,-0.12,0.34,-1.08,0.12,-0.48,-0.72,0.16,0.16,-1.21,0.51,-0.44,14.23,
-1.74,-1.26,0.06,-0.52,0.51,11.40,-2.03,0.3137,-11.00,26.88,4.29,-11.62,1,1,1,1,37.95,114.02,5.98,5147,6102,6179,6142,1.007,0.00,0.00,-27.07,163.12,0.07,-0.40
24,43996077,20.00,1,3,10.15,1,1,1.00,-0.03,33.08,-199.63,1.81,-12.99,1.29,-8.36,-1.16,3.97,-0.43,-0.22,0.00
,0.00,-0.43,-0.22,-0.15,0.34,0.03,0.36,-1.08,0.11,-0.43,-0.52,-0.22,0.35,-0.46,-2.00,-0.15,8.78,-0.58,-1.15,0.05,0.52,-3.80,10.53,-1.65,0.7982,-37.65,-28.98,1.81,-12.99,1,1,1,1,37.79,114.10,6.74,5375,5979,6262,5965,1.007,0.00,0.00,-27.03,163.12,0.08,-0.47
25,44016078
,20.00,1,3,10.15,1,1,1.00,-0.07,33.04,-199.37,-0.04,-15.46,1.30,-8.38,0.00,5.54,-0.13,-0.45,0.00,0.00,-0.13,-0.45,0.00,0.34,0.12,0.50,-1.08,0.19,-0.13,-0.41,-0.45,0.55,1.49,-2.74,2.37,-1.18,1.38,0.13,0.05,1.19,-6.79,6.00,-1.18,0.6021,-21.63,-57.50,-0.04,-1
5.46,1,1,1,1,38.00,114.11,5.55,5641,5795,6471,5589,1.007,0.00,0.00,-27.03,163.10,0.09,-0.55
26,44036083,20.00,1,3,10.15,1,1,1.00,-0.11,33.05,-199.06,2.43,-16.19,1.31,-8.42,-0.12,6.58,0.01,-0.40,0.00,0.00,0.01,-0.40,-0.02,0.34,0.08,0.59,-1.08,0.22,0.01,-0.49,-0.40,0.
59,1.85,-1.49,3.44,-8.75,2.40,1.39,0.05,0.95,-5.53,-1.67,-0.18,0.0208,31.54,-24.69,2.43,-16.19,1,1,1,1,37.96,114.22,5.80,5893,5866,6547,5305,1.007,0.00,0.00,-27.07,163.08,0.11,-0.65
27,44056086,20.00,1,3,10.15,1,1,1.00,-0.15,33.00,-198.74,4.89,-18.11,1.32,-8.47,-1.91,8.11
,0.26,-0.02,0.00,0.00,0.26,-0.02,-0.25,0.34,-0.07,0.73,-1.08,0.27,0.26,-0.61,-0.02,0.52,2.73,1.40,6.02,-7.42,1.18,1.36,0.06,-0.24,-0.31,-8.82,1.00,-0.0028,34.32,-40.46,4.89,-18.11,1,1,1,1,37.99,114.27,5.61,5884,6173,6220,5309,1.007,0.00,0.00,-27.07,163.07,0.13,-0.76
28,44076090,20.0
0,1,3,10.15,1,1,1.00,-0.18,32.90,-198.38,4.50,-16.89,1.33,-8.53,-2.38,7.95,0.14,0.07,0.00,0.00,0.14,0.07,-0.31,0.34,-0.09,0.72,-1.08,0.21,0.14,-0.62,0.07,0.37,1.07,1.43,3.78,4.22,-1.07,0.22,0.06,-1.35,0.45,-9.90,1.28,0.4039,-0.01,-2.63,4.50,-16.89,1,1,1,0,38.20,114.23,
4.51,5725,6415,5795,5672,1.007,0.00,0.00,-27.04,163.05,0.15,-0.90
29,44096092,20.00,1,3,10.15,1,1,1.00,-0.19,32.81,-198.04,4.17,-14.43,1.34,-8.60,-2.37,6.37,-0.21,0.04,0.00,0.00,-0.21,0.04,-0.31,0.34,-0.07,0.58,-1.08,0.07,-0.21,-0.37,0.04,0.27,-1.49,0.79,-0.97,15.61,
-2.64,-1.48,0.06,-1.20,0.08,-1.91,-0.59,0.3258,0.28,81.06,4.17,-14.43,1,1,1,1,38.13,114.30,4.91,5264,6436,5897,6117,1.007,0.00,0.00,-27.01,163.04,0.17,-1.04
30,44116094,20.00,1,3,10.15,1,1,1.00,-0.24,32.73,-197.75,3.84,-13.29,1.35,-8.67,-2.15,5.02,-0.47,-0.01,0.00,0.
00,-0.47,-0.01,-0.28,0.34,-0.04,0.45,-1.08,-0.03,-0.47,-0.05,-0.01,0.32,-2.52,0.15,-3.85,11.88,-1.16,-1.60,0.05,0.40,-0.92,6.40,-1.87,0.5171,0.00,0.00,3.84,-13.29,1,1,1,0,38.39,114.26,3.52,5254,6092,6279,6052,1.007,0.00,0.00,-26.98,163.02,0.19,-1.16
31,44136083,19.
99,1,3,10.15,1,1,1.00,-0.26,32.65,-197.49,1.39,-15.75,1.36,-8.73,-0.60,5.92,-0.25,-0.35,0.00,0.00,-0.25,-0.35,-0.08,0.34,0.09,0.53,-1.07,0.03,-0.25,0.05,-0.35,0.41,-0.29,-1.94,-1.24,2.32,0.26,-0.77,0.04,0.98,-4.58,7.15,-1.46,0.8949,-39.33,-48.57,1.39,-15.75,1,1,1,1,3
8.45,114.27,3.22,5525,5996,6449,5843,1.008,0.00,0.00,-26.95,163.00,0.21,-1.28
32,44156100,20.02,1,3,10.14,1,1,1.00,-0.28,32.62,-197.17,0.60,-18.20,1.37,-8.81,0.00,7.71,0.10,-0.46,0.00,0.00,0.10,-0.46,0.00,0.34,0.11,0.70,-1.07,0.14,0.10,-0.04,-0.46,0.47,1.91,-1.92,2
.34,-13.15,3.47,1.49,0.05,1.91,-5.55,1.35,-0.56,1.1928,-8.64,-55.81,0.60,-18.20,1,1,1,1,38.60,114.18,2.48,6100,5678,6739,5331,1.008,0.00,0.00,-26.96,162.97,0.23,-1.42
33,44176101,20.00,1,3,10.14,1,1,1.00,-0.31,32.61,-196.81,0.95,-20.66,1.39,-8.90,0.00,9.84,0.47,-0.43
,0.00,0.00,0.47,-0.43,0.00,0.34,0.09,0.89,-1.07,0.24,0.47,-0.25,-0.43,0.46,2.80,-1.11,5.26,-13.64,2.08,1.99,0.06,0.02,-4.55,-2.55,-0.17,0.3634,5.08,-56.02,0.95,-20.66,1,1,1,1,38.32,114.25,4.03,5933,5985,6579,5427,1.008,0.00,0.00,-27.00,162.93,0.26,-1.59
3
4,44196105,20.00,1,3,10.14,1,1,1.00,-0.36,32.59,-196.39,3.25,-19.17,1.41,-9.02,-0.55,9.72,0.36,-0.30,0.00,0.00,0.36,-0.30,-0.07,0.34,0.03,0.88,-1.07,0.19,0.36,-0.37,-0.30,0.38,1.14,0.09,3.63,-2.76,0.15,1.00,0.06,-0.91,-2.17,-9.26,1.11,0.1549,30.23,-1.76,3.2
5,-19.17,1,1,1,0,38.72,114.09,1.86,5809,6373,6119,5476,1.009,0.00,0.00,-27.03,162.89,0.30,-1.78
35,44216111,20.01,1,3,10.14,1,1,1.00,-0.39,32.52,-196.01,5.18,-16.72,1.43,-9.14,-2.20,8.12,0.00,0.05,0.00,0.00,0.00,0.05,-0.29,0.34,-0.10,0.73,-1.07,0.05,0.00,-
0.32,0.05,0.23,-1.44,2.19,-0.42,10.28,-2.77,-0.83,0.06,-1.98,1.61,-9.94,0.77,0.4047,27.77,43.57,5.18,-16.72,1,1,1,1,38.63,114.08,2.39,5488,6711,5775,6016,1.009,0.00,0.00,-27.02,162.85,0.33,-1.98
36,44236111,20.00,1,3,10.13,1,1,1.00,-0.41,32.42,-195.68,4.96,-14.27,1.4
5,-9.25,-2.70,5.94,-0.41,0.13,0.00,0.00,-0.41,0.13,-0.35,0.34,-0.12,0.54,-1.07,-0.10,-0.41,0.08,0.13,0.14,-2.80,1.94,-4.38,22.38,-3.97,-2.85,0.05,-1.14,1.92,-0.92,-0.54,0.2985,2.40,72.45,4.96,-14.27,1,1,1,1,38.82,113.96,1.46,5148,6681,5775,6340,1.009,0.00,0.
00,-26.98,162.81,0.36,-2.15
37,44255919,19.81,1,3,10.13,1,1,1.00,-0.44,32.32,-195.39,4.96,-14.27,1.47,-9.35,-2.90,5.01,-0.54,0.15,0.00,0.00,-0.54,0.15,-0.38,0.34,-0.11,0.45,-1.07,-0.14,-0.54,0.48,0.15,0.20,-2.57,1.36,-6.72,11.81,-0.72,-2.02,0.04,1.27,1.21,5.68,
-1.33,0.7521,0.00,0.00,4.96,-14.27,1,0,0,0,38.77,113.98,1.77,5474,6195,6357,6014,1.010,0.00,0.00,-26.93,162.77,0.38,-2.30
38,44276074,20.16,1,3,10.13,1,1,1.00,-0.47,32.22,-195.11,2.33,-15.95,1.48,-9.45,-1.40,5.60,-0.37,-0.19,0.00,0.00,-0.37,-0.19,-0.18,0.34
,0.03,0.51,-1.07,-0.07,-0.37,0.52,-0.19,0.27,-0.63,-1.16,-4.08,-7.03,2.18,0.04,0.04,2.08,-2.63,4.97,-0.76,0.9559,-52.26,-34.26,2.33,-15.95,1,1,1,1,38.90,113.93,1.16,5945,5862,6638,5572,1.010,0.00,0.00,-26.88,162.73,0.41,-2.45
39,44296081,20.01,1,3,10.12,1,1,1.00,-
0.49,32.18,-194.79,2.09,-18.55,1.50,-9.56,-0.66,7.33,-0.01,-0.33,0.00,0.00,-0.01,-0.33,-0.09,0.34,0.08,0.66,-1.07,0.05,-0.01,0.32,-0.33,0.36,1.78,-1.66,0.75,-19.66,3.65,1.94,0.04,1.63,-4.01,5.88,-1.41,0.9587,-0.50,-58.91,2.09,-18.55,1,1,1,1,38.76,113.93,1.98,6068,560
2,6938,5475,1.011,0.00,0.00,-26.87,162.68,0.43,-2.62
40,44316082,20.00,1,3,10.12,1,1,1.00,-0.53,32.13,-194.42,-0.32,-21.13,1.52,-9.69,0.08,9.51,0.39,-0.47,0.00,0.00,0.39,-0.47,0.01,0.34,0.12,0.86,-1.07,0.18,0.39,-0.04,-0.47,0.42,2.80,-1.94,4.17,-13.73,1.2
1,1.81,0.05,-0.67,-5.39,-1.73,0.08,-0.1144,-27.22,-64.32,-0.32,-21.13,1,1,1,1,38.98,113.80,0.82,5902,6124,6421,5562,1.012,0.00,0.00,-26.88,162.62,0.47,-2.82
41,44336086,20.00,1,3,10.12,1,1,1.00,-0.56,32.14,-193.99,2.23,-18.57,1.55,-9.85,0.00,8.73,0.16,-0.43,0.00,0.0
0,0.16,-0.43,0.00,0.34,0.09,0.79,-1.07,0.09,0.16,-0.15,-0.43,0.34,0.41,-1.02,1.39,0.38,-0.76,0.47,0.06,-1.28,-3.78,-8.66,0.88,-0.4268,51.68,17.54,2.23,-18.57,1,1,1,1,39.24,113.69,-0.53,5745,6552,6118,5713,1.012,0.00,0.00,-26.93,162.55,0.51,-3.05
42,44356087,20.00,
1,3,10.12,1,1,1.00,-0.59,32.10,-193.62,4.77,-16.03,1.58,-9.99,-1.55,6.80,-0.23,-0.10,0.00,0.00,-0.23,-0.10,-0.20,0.35,-0.05,0.61,-1.07,-0.05,-0.23,-0.06,-0.10,0.21,-2.13,1.42,-2.68,9.67,-2.03,-1.03,0.05,-1.03,0.45,-13.21,1.54,0.2871,38.56,63.59,4.77,-16.03,
1,1,1,1,39.47,113.53,-1.64,5724,6817,5872,5854,1.012,0.00,0.00,-26.93,162.48,0.54,-3.26
43,44376092,20.00,1,3,10.11,1,1,1.00,-0.62,32.00,-193.30,5.93,-13.50,1.60,-10.11,-2.94,4.43,-0.66,0.19,0.00,0.00,-0.66,0.19,-0.39,0.35,-0.15,0.40,-1.07,-0.19,-0.66,0.27,0.19,0.06,-
2.80,2.64,-6.46,21.23,-4.04,-2.98,0.04,-1.05,3.05,-6.29,0.25,0.1824,19.09,58.43,5.93,-13.50,1,1,1,1,39.32,113.49,-0.72,5338,6921,5788,6337,1.012,0.00,0.00,-26.89,162.41,0.57,-3.44
44,44396089,20.00,1,3,10.11,1,1,1.00,-0.64,31.88,-193.03,6.13,-10.99,1.61,-10
.22,-3.59,1.90,-1.08,0.29,0.00,0.00,-1.08,0.29,-0.47,0.35,-0.17,0.17,-1.06,-0.31,-1.08,0.50,0.29,0.02,-2.80,2.37,-9.73,14.69,-1.82,-2.64,0.03,0.82,3.24,-1.39,0.09,0.2657,8.41,61.10,6.13,-10.99,1,1,1,1,39.38,113.38,-0.96,5561,6615,6112,6017,1.013,0.00,0.00,-26.82,162.3
5,0.59,-3.59
45,44416095,20.01,1,3,10.11,1,1,1.00,-0.67,31.76,-192.81,3.63,-13.49,1.62,-10.30,-2.36,2.37,-0.88,0.00,0.00,0.00,-0.88,0.00,-0.31,0.35,-0.04,0.21,-1.06,-0.22,-0.88,0.52,0.00,0.02,-0.54,-0.23,-6.54,-6.96,2.06,-0.35,0.02,2.35,-0.28,3.81,-1.18,1.3404,-45
.20,-63.39,3.63,-13.49,1,1,1,1,39.36,113.27,-0.75,5931,5925,6780,5701,1.014,0.00,0.00,-26.73,162.29,0.61,-3.70
46,44436100,20.00,1,3,10.10,1,1,1.00,-0.70,31.69,-192.54,3.27,-15.99,1.64,-10.40,-1.67,3.99,-0.51,-0.15,0.00,0.00,-0.51,-0.15,-0.22,0.35,0.02,0.36,-1.06,-0.
07,-0.51,0.19,-0.15,0.15,1.90,-1.09,-0.44,-26.20,4.51,2.45,0.03,1.97,-2.04,7.50,-1.66,0.3621,-0.80,-65.52,3.27,-15.99,1,1,1,1,39.46,113.13,-1.21,6194,5530,7159,5442,1.014,0.00,0.00,-26.70,162.22,0.63,-3.85
47,44456100,20.00,1,3,10.10,1,1,1.00,-0.72,31.62,-192.22,2
.95,-18.48,1.66,-10.52,-1.20,6.06,-0.10,-0.24,0.00,0.00,-0.10,-0.24,-0.16,0.35,0.05,0.55,-1.06,0.07,-0.10,-0.24,-0.24,0.25,2.80,-1.27,3.25,-24.02,2.64,2.94,0.04,-0.39,-2.86,4.48,-0.95,0.0026,-0.81,-64.08,2.95,-18.48,1,1,1,1,39.57,112.99,-1.67,6029,5911,6859,5583,1.015,0.0
0,0.00,-26.67,162.14,0.66,-4.02
48,44476104,20.00,1,3,10.09,1,1,1.00,-0.76,31.56,-191.85,1.62,-16.67,1.68,-10.67,-0.19,5.73,-0.22,-0.44,0.00,0.00,-0.22,-0.44,-0.03,0.35,0.12,0.52,-1.06,0.04,-0.22,-0.48,-0.44,0.33,1.09,-2.05,1.93,-0.42,-2.13,0.46,0.05,-2.61,-4.79,0.84
,-0.39,-0.1797,-13.70,4.23,1.62,-16.67,1,1,1,0,39.87,112.78,-3.18,5536,6578,6119,6202,1.016,0.00,0.00,-26.66,162.05,0.70,-4.23
49,44496107,20.00,1,3,10.09,1,1,1.00,-0.77,31.53,-191.52,2.09,-14.20,1.70,-10.80,-0.04,4.03,-0.56,-0.45,0.00,0.00,-0.56,-0.45,-0.00,0.35,0.
11,0.36,-1.06,-0.08,-0.56,-0.32,-0.45,0.33,-1.39,-1.39,-2.16,15.23,-3.25,-1.66,0.05,-1.58,-4.15,-4.26,0.24,0.6777,7.48,92.98,2.09,-14.20,1,1,1,1,39.88,112.68,-3.11,5500,6860,5939,6294,1.016,0.00,0.00,-26.66,161.96,0.73,-4.41
50,44516108,20.00,1,3,10.08,1,1,1.00,-0
.80,31.49,-191.23,2.01,-11.72,1.72,-10.90,0.00,1.80,-0.96,-0.44,0.00,0.00,-0.96,-0.44,0.00,0.35,0.09,0.16,-1.06,-0.20,-0.96,-0.02,-0.44,0.24,-2.80,-0.82,-6.54,18.52,-3.04,-2.58,0.04,-0.44,-3.06,-7.76,0.65,0.6569,1.06,75.99,2.01,-11.72,1,1,1,1,39.82,112.58,-2.68,5540,6
932,5959,6170,1.017,0.00,0.00,-26.65,161.87,0.75,-4.56
51,44536115,20.01,1,3,10.08,1,1,1.00,-0.83,31.45,-191.00,1.89,-9.25,1.74,-10.98,0.00,0.00,-1.27,-0.42,0.00,0.00,-1.27,-0.42,0.00,0.35,0.07,0.00,-1.06,-0.28,-1.27,0.15,-0.42,0.10,-2.80,-0.42,-8.96,6.11,
-0.18,-1.58,0.03,1.38,-2.09,-10.83,1.05,0.9814,0.57,39.34,1.89,-9.25,1,1,1,1,39.75,112.48,-2.20,5971,6590,6267,5742,1.018,0.00,0.00,-26.64,161.78,0.77,-4.67
52,44556100,19.99,1,3,10.08,1,1,1.00,-0.85,31.41,-190.81,3.60,-8.75,1.74,-11.03,-0.69,-0.93,-1.37,-0.26,0.00
,0.00,-1.37,-0.26,-0.09,0.35,0.00,-0.08,-1.06,-0.28,-1.37,0.12,-0.26,-0.02,-2.46,0.68,-8.98,-8.46,1.56,-0.06,0.02,1.57,-0.10,-5.40,-0.29,1.2080,23.47,-2.83,3.60,-8.75,1,1,1,0,39.90,112.27,-3.02,6021,6170,6658,5685,1.018,0.00,0.00,-26.62,161.68,0.78,-4.74
53,44576118
,20.02,1,3,10.07,1,1,1.00,-0.89,31.34,-190.64,1.13,-11.21,1.75,-11.08,0.00,0.00,-1.10,-0.41,0.00,0.00,-1.10,-0.41,0.00,0.35,0.06,0.00,-1.06,-0.16,-1.10,-0.21,-0.41,-0.05,0.08,-0.43,-3.37,-23.98,3.58,1.87,0.03,1.62,-1.57,-0.34,-0.46,0.5748,-50.62,-63.50,1.13,-11.21,1,1
,1,1,39.77,112.19,-2.08,6284,5901,6967,5460,1.018,0.00,0.00,-26.56,161.59,0.79,-4.80
54,44596122,20.00,1,3,10.08,1,1,1.00,-0.93,31.32,-190.42,-0.41,-9.96,1.76,-11.15,0.77,-0.38,-1.16,-0.56,0.00,0.00,-1.16,-0.56,0.10,0.35,0.10,-0.03,-1.06,-0.16,-1.16,-0.64,-0.56,-0.03
,-0.33,-1.20,-1.99,-18.33,1.31,1.87,0.04,-0.62,-2.88,0.25,-0.58,0.0665,-18.49,4.63,-0.41,-9.96,1,1,1,0,39.90,111.93,-4.24,5924,6196,6695,5730,1.019,0.00,0.00,-26.56,161.49,0.81,-4.90
55,44616126,20.00,1,3,10.07,1,1,1.00,-0.96,31.32,-190.22,-1.21,-7.50,1.7
7,-11.20,1.83,-2.04,-1.46,-0.76,0.00,0.00,-1.46,-0.76,0.24,0.35,0.17,-0.18,-1.06,-0.23,-1.46,-0.80,-0.76,-0.01,-2.03,-2.01,-4.18,0.66,-2.38,-0.33,0.04,-2.05,-4.60,0.59,-0.80,0.0123,-10.49,51.59,-1.21,-7.50,1,1,1,1,39.90,111.86,-3.74,5491,6604,6186,6332,1.0
19,0.00,0.00,-26.58,161.39,0.82,-4.97
56,44636128,20.00,1,3,10.07,1,1,1.00,-0.97,31.35,-190.07,-0.97,-5.04,1.78,-11.22,2.15,-4.19,-1.76,-0.79,0.00,0.00,-1.76,-0.79,0.28,0.35,0.16,-0.38,-1.06,-0.32,-1.76,-0.65,-0.79,0.02,-2.80,-1.50,-7.38,10.85,-2.91,-1.88,0.04,-1.0
1,-4.45,-0.33,-0.71,0.5126,1.75,103.25,-0.97,-5.04,1,1,1,1,39.90,111.60,-5.73,5433,6685,6105,6389,1.019,0.00,0.00,-26.60,161.28,0.83,-5.00
57,44656128,20.00,1,3,10.07,1,1,1.00,-1.00,31.37,-189.96,-0.81,-2.59,1.78,-11.22,2.20,-6.53,-2.05,-0.77,0.00,0.00,-2.05,-0.7
7,0.29,0.35,0.13,-0.59,-1.06,-0.40,-2.05,-0.43,-0.77,0.01,-2.80,-0.86,-9.95,7.79,-1.54,-1.89,0.03,0.36,-3.65,-4.44,0.16,1.3725,1.08,61.92,-0.81,-2.59,1,1,1,1,39.90,111.48,-5.24,5669,6680,6231,6032,1.020,0.00,0.00,-26.61,161.18,0.83,-5.00
58,44676130,20.00,1,3,10.07,1
,1,1.00,-1.04,31.38,-189.91,0.31,-2.29,1.78,-11.19,1.56,-7.63,-2.14,-0.61,0.00,0.00,-2.14,-0.61,0.20,0.35,0.05,-0.69,-1.06,-0.39,-2.14,-0.36,-0.61,-0.07,-2.37,0.41,-10.32,-6.16,1.11,-0.47,0.02,1.54,-1.32,-6.74,0.44,0.8470,13.41,1.22,0.31,-2.29,1,1,1,0,39.90,111.36,-
4.76,6059,6362,6541,5651,1.020,0.00,0.00,-26.62,161.07,0.82,-4.96
59,44696137,20.01,1,3,10.06,1,1,1.00,-1.08,31.38,-189.87,1.21,-2.13,1.77,-11.16,0.76,-8.17,-2.15,-0.44,0.00,0.00,-2.15,-0.44,0.10,0.35,-0.02,-0.74,-1.06,-0.35,-2.15,-0.54,-0.44,-0.18,-1.56,1.3
5,-8.65,-16.15,1.90,0.73,0.02,1.11,0.53,-8.28,1.04,0.7230,11.84,-0.22,1.21,-2.13,1,1,1,0,39.90,111.25,-4.59,6228,6353,6579,5452,1.020,0.00,0.00,-26.60,160.98,0.81,-4.92
60,44716120,19.98,1,3,10.06,1,1,1.00,-1.10,31.35,-189.82,2.51,-1.66,1.77,-11.13,0.00,-8.66,-2.15,-0
.28,0.00,0.00,-2.15,-0.28,0.00,0.35,-0.07,-0.78,-1.06,-0.31,-2.15,-0.77,-0.28,-0.29,-1.05,1.82,-7.02,-21.39,2.21,1.59,0.03,0.55,1.86,-11.27,1.69,0.3638,17.68,3.80,2.51,-1.66,1,1,1,0,39.90,111.06,-5.10,6334,6417,6557,5305,1.020,0.00,0.00,-26.57,160.88,0.81,-4.88
61,
44736142,20.02,1,3,10.06,1,1,1.00,-1.14,31.30,-189.79,0.51,0.79,1.76,-11.10,0.46,-10.28,-2.34,-0.39,0.00,0.00,-2.34,-0.39,0.06,0.36,-0.02,-0.93,-1.06,-0.35,-2.34,-1.03,-0.39,-0.35,-1.84,0.50,-7.45,-7.54,-1.43,0.07,0.03,-1.50,0.35,2.61,-1.37,0.3601,-22.96,53.00,0.51,0
.79,1,1,1,1,39.90,110.95,-3.97,5481,6463,6448,6220,1.021,0.00,0.00,-26.52,160.79,0.80,-4.83
62,44756127,19.99,1,3,10.06,1,1,1.00,-1.16,31.29,-189.81,0.59,3.24,1.75,-11.04,0.75,-12.37,-2.59,-0.46,0.00,0.00,-2.59,-0.46,0.10,0.36,0.00,-1.12,-1.06,-0.41,-2.59,-1.04,-0
.46,-0.27,-2.73,-0.08,-9.52,1.33,-2.09,-1.10,0.03,-0.98,-0.67,8.46,-2.01,1.0145,1.55,76.51,0.59,3.24,1,1,1,1,39.90,110.76,-4.40,5379,6397,6375,6461,1.020,0.00,0.00,-26.49,160.70,0.78,-4.75
63,44775953,19.83,1,3,10.06,1,1,1.00,-1.17,31.28,-189.87,0.59,3.24,1.73,-10.9
6,0.86,-13.15,-2.63,-0.48,0.00,0.00,-2.63,-0.48,0.11,0.36,0.01,-1.19,-1.07,-0.38,-2.63,-0.92,-0.48,-0.04,-2.01,-0.18,-9.59,9.67,-3.22,-2.40,0.02,-0.78,-1.58,16.01,-3.04,0.8961,0.00,0.00,0.59,3.24,1,0,0,0,39.90,110.72,-2.57,5050,6454,6405,6704,1.021,0.00,0.00,-26.4
6,160.61,0.76,-4.63
64,44796106,20.15,1,3,10.05,1,1,1.00,-1.20,31.27,-189.94,0.63,5.87,1.72,-10.87,0.91,-14.99,-2.84,-0.49,0.00,0.00,-2.84,-0.49,0.12,0.36,0.01,-1.35,-1.07,-0.42,-2.84,-0.79,-0.49,0.20,-2.58,-0.17,-11.83,2.68,-0.54,-1.53,0.01,0.99,-2.49,9.75,-1.04,0.
7915,1.09,51.63,0.63,5.87,1,1,1,1,39.86,110.61,-2.40,5628,6403,6536,6046,1.021,0.00,0.00,-26.43,160.52,0.74,-4.52
65,44816115,20.01,1,3,10.06,1,1,1.00,-1.24,31.26,-190.05,0.31,8.47,1.70,-10.77,1.14,-17.22,-3.14,-0.54,0.00,0.00,-3.14,-0.54,0.15,0.36,0.03,-1.55,-1.07,-
0.47,-3.14,-0.82,-0.54,0.29,-2.80,-0.40,-13.22,-11.24,1.71,-0.07,0.01,1.74,-3.41,-4.26,1.46,1.2696,-3.17,45.88,0.31,8.47,1,1,1,1,39.64,110.61,-1.31,6251,6432,6497,5413,1.022,0.00,0.00,-26.39,160.44,0.72,-4.37
66,44836112,20.00,1,3,10.06,1,1,1.00,-1.26,31.25,-190.22,
2.77,7.72,1.67,-10.63,0.00,-17.61,-3.09,-0.29,0.00,0.00,-3.09,-0.29,0.00,0.36,-0.07,-1.59,-1.07,-0.40,-3.09,-1.05,-0.29,0.17,-1.49,1.23,-10.69,-20.82,2.09,0.95,0.01,1.09,-0.24,-12.42,1.82,1.1922,30.12,-0.66,2.77,7.72,1,1,1,0,39.78,110.49,-2.03,6343,6375,6446,5311,1
.022,0.00,0.00,-26.34,160.36,0.69,-4.18
67,44856116,20.00,1,3,10.06,1,1,1.00,-1.29,31.20,-190.38,5.33,5.65,1.65,-10.52,-1.39,-16.49,-2.81,-0.02,0.00,0.00,-2.81,-0.02,-0.18,0.36,-0.16,-1.49,-1.07,-0.25,-2.81,-1.40,-0.02,-0.06,0.71,2.49,-5.39,-18.03,0.71,0.92,0.0
1,-0.23,2.63,-11.56,1.29,0.6799,45.29,-17.51,5.33,5.65,1,1,1,1,39.77,110.43,-1.97,6094,6520,6367,5565,1.022,0.00,0.00,-26.26,160.29,0.66,-4.02
68,44876121,20.00,1,3,10.06,1,1,1.00,-1.32,31.09,-190.49,7.00,7.14,1.63,-10.43,-3.24,-16.91,-2.84,0.34,0.00,0.00,-2.84,0.34,-0.42,0.36,-0.27,-1.53,-1.0
7,-0.23,-2.84,-1.65,0.34,-0.21,0.32,2.80,-4.67,-10.72,-0.06,0.66,0.02,-0.74,4.53,-3.86,-0.09,0.7308,25.92,23.94,7.00,7.14,1,1,1,0,39.90,110.24,-3.76,5815,6433,6439,5854,1.022,0.00,0.00,-26.15,160.23,0.64,-3.89
69,44896122,20.00,1,3,10.06,1,1,1.00,-1.35,30.95,-190.63,
6.29,9.67,1.60,-10.34,-3.53,-18.53,-3.12,0.34,0.00,0.00,-3.12,0.34,-0.46,0.36,-0.24,-1.67,-1.07,-0.29,-3.12,-1.72,0.34,-0.17,-1.50,1.86,-7.51,-2.62,-1.00,-0.26,0.02,-0.75,3.48,4.61,-0.81,0.5829,-1.77,72.86,6.29,9.67,1,1,1,1,39.90,110.20,-3.05,5649,6444,6392,6127,1.021
,0.00,0.00,-26.00,160.17,0.61,-3.76
70,44916108,19.99,1,3,10.06,1,1,1.00,-1.36,30.82,-190.83,3.78,12.18,1.58,-10.22,-2.11,-20.58,-3.45,-0.00,0.00,0.00,-3.45,-0.00,-0.28,0.36,-0.08,-1.86,-1.07,-0.36,-3.45,-1.71,-0.00,-0.07,-2.80,-0.89,-10.49,2.66,-2.00,-1.27,0.01,-0.7
1,-0.66,10.08,-1.75,0.1782,-26.21,81.55,3.78,12.18,1,1,1,1,39.90,110.01,-4.09,5355,6488,6422,6347,1.022,0.00,0.00,-25.86,160.12,0.58,-3.58
71,44936110,20.00,1,3,10.06,1,1,1.00,-1.39,30.75,-191.07,3.59,14.68,1.55,-10.07,-1.41,-22.81,-3.80,-0.16,0.00,0.00,-3.80,-0.16,-
0.18,0.36,-0.01,-2.06,-1.08,-0.43,-3.80,-1.68,-0.16,0.10,-2.80,-1.58,-12.36,0.01,-1.04,-1.31,0.01,0.28,-2.40,11.74,-2.06,0.7468,1.40,57.66,3.59,14.68,1,1,1,1,39.90,109.88,-3.38,5432,6332,6599,6250,1.021,0.00,0.00,-25.76,160.07,0.54,-3.38
72,44956114,20.00,1
,3,10.06,1,1,1.00,-1.43,30.68,-191.37,1.09,15.04,1.51,-9.92,0.00,-23.79,-3.87,-0.46,0.00,0.00,-3.87,-0.46,0.00,0.36,0.10,-2.15,-1.08,-0.40,-3.87,-1.73,-0.46,0.23,-2.28,-2.80,-12.00,-9.02,0.55,-0.42,0.00,0.95,-5.11,3.76,-0.43,0.8972,-40.61,19.18,1.09,15.04,1,1
,1,1,39.90,109.76,-2.98,5877,6316,6574,5845,1.021,0.00,0.00,-25.65,160.02,0.50,-3.15
73,44976133,20.02,1,3,10.06,1,1,1.00,-1.44,30.65,-191.67,2.38,12.56,1.48,-9.76,0.00,-22.61,-3.54,-0.44,0.00,0.00,-3.54,-0.44,0.00,0.36,0.08,-2.04,-1.08,-0.25,-3.54,-1.96,-0.44,0.1
9,0.55,-1.70,-6.36,-24.12,3.26,1.51,0.01,1.67,-3.73,-10.52,1.85,1.0186,17.28,-17.42,2.38,12.56,1,1,1,1,39.75,109.73,-1.91,6569,6225,6597,5222,1.021,0.00,0.00,-25.58,159.97,0.47,-2.91
74,44996136,20.00,1,3,10.06,1,1,1.00,-1.44,30.61,-191.92,4.86,10.13,1.46,-9.63,-1.3
5,-20.65,-3.12,-0.14,0.00,0.00,-3.12,-0.14,-0.18,0.36,-0.04,-1.86,-1.08,-0.07,-3.12,-2.31,-0.14,-0.00,2.80,0.71,-0.16,-25.42,2.81,2.38,0.02,0.36,0.26,-16.24,2.06,1.2942,37.42,-17.93,4.86,10.13,1,1,1,1,39.90,109.54,-2.77,6497,6313,6512,5211,1.021,0.00,0.00,-25.50,15
9.93,0.43,-2.72
75,45016136,20.00,1,3,10.06,1,1,1.00,-1.45,30.51,-192.12,7.34,10.19,1.44,-9.53,-3.48,-19.88,-2.99,0.30,0.00,0.00,-2.99,0.30,-0.46,0.36,-0.20,-1.79,-1.08,-0.01,-2.99,-2.55,0.30,-0.18,2.61,2.80,1.21,-9.73,-0.47,1.19,0.03,-1.68,4.31,-9.65,0.62,0.4571,37.2
8,10.82,7.34,10.19,1,1,1,1,39.71,109.48,-1.72,5908,6563,6275,5866,1.021,0.00,0.00,-25.39,159.89,0.41,-2.57
76,45036139,20.00,1,3,10.06,1,1,1.00,-1.45,30.36,-192.32,6.01,12.66,1.41,-9.44,-3.51,-20.98,-3.23,0.26,0.00,0.00,-3.23,0.26,-0.46,0.36,-0.16,-1.89,-1.08,-0.08,
-3.23,-2.56,0.26,-0.25,0.22,1.60,-2.02,6.38,-2.66,-0.65,0.03,-1.98,3.24,-2.77,0.02,0.2730,-9.51,58.02,6.01,12.66,1,1,1,1,39.88,109.28,-2.59,5513,6750,6044,6208,1.021,0.00,0.00,-25.24,159.87,0.38,-2.43
77,45056128,19.99,1,3,10.06,1,1,1.00,-1.45,30.24,-192.58,3.54,15.13,1.
39,-9.33,-2.02,-22.80,-3.57,-0.08,0.00,0.00,-3.57,-0.08,-0.26,0.36,-0.01,-2.06,-1.09,-0.18,-3.57,-2.32,-0.08,-0.17,-1.93,-1.05,-7.24,24.08,-5.31,-3.26,0.02,-1.96,-0.76,14.77,-3.65,0.8200,-46.46,90.46,3.54,15.13,1,1,1,1,39.59,109.26,-1.05,4777,6560,6121,7141,1.021,0.00
,0.00,-25.10,159.84,0.36,-2.26
78,45076129,20.00,1,3,10.06,1,1,1.00,-1.46,30.17,-192.88,1.07,17.60,1.36,-9.21,0.00,-24.89,-3.93,-0.51,0.00,0.00,-3.93,-0.51,0.00,0.36,0.15,-2.25,-1.09,-0.27,-3.93,-1.96,-0.51,0.13,-2.80,-2.80,-11.66,21.05,-3.41,-3.53,0.00,0
.19,-4.85,22.99,-4.27,1.4434,-65.79,51.81,1.07,17.60,1,1,1,1,39.76,109.09,-1.88,4855,6241,6468,6883,1.021,0.00,0.00,-25.00,159.82,0.32,-2.07
79,45096127,20.00,1,3,10.06,1,1,1.00,-1.50,30.15,-193.23,-1.39,15.64,1.34,-9.08,1.36,-24.44,-3.75,-0.76,0.00,0.00,-3.75,-0.7
6,0.18,0.36,0.22,-2.21,-1.09,-0.19,-3.75,-1.74,-0.76,0.52,-0.70,-2.80,-9.75,1.04,0.38,-1.59,-0.01,1.97,-8.24,20.48,-3.46,1.7125,-49.47,-7.17,-1.39,15.64,1,1,1,1,39.78,109.09,-1.88,5390,5967,6981,6201,1.021,0.00,0.00,-24.93,159.79,0.29,-1.85
80,45116153,20.03,1,3,10
.06,1,1,1.00,-1.54,30.18,-193.54,-0.33,13.18,1.32,-8.96,1.59,-22.73,-3.37,-0.76,0.00,0.00,-3.37,-0.76,0.21,0.36,0.19,-2.05,-1.09,-0.04,-3.37,-1.86,-0.76,0.75,1.82,-1.85,-4.78,-19.22,3.55,1.18,-0.01,2.30,-8.46,-1.68,0.90,1.3630,12.10,-67.99,-0.33,13.18,1,1,1,1,39.77,108.
93,-1.72,6451,6061,6760,5277,1.021,0.00,0.00,-24.91,159.76,0.26,-1.66
81,45136150,20.00,1,3,10.06,1,1,1.00,-1.54,30.18,-193.81,2.13,12.02,1.30,-8.87,0.17,-21.33,-3.12,-0.43,0.00,0.00,-3.12,-0.43,0.02,0.36,0.05,-1.93,-1.09,0.05,-3.12,-2.28,-0.43,0.55,2.74,0.84,-0.3
6,-25.41,3.35,2.58,0.00,0.70,-3.12,-21.38,3.44,0.9327,60.83,-1.63,2.13,12.02,1,1,1,1,39.78,108.93,-1.72,6829,6351,6326,5036,1.021,0.00,0.00,-24.88,159.73,0.24,-1.51
82,45156161,20.01,1,3,10.06,1,1,1.00,-1.50,30.14,-194.05,1.98,11.74,1.29,-8.80,0.00,-20.56,-3.01,-0.38
,0.00,0.00,-3.01,-0.38,0.00,0.36,0.02,-1.86,-1.09,0.09,-3.01,-2.68,-0.38,0.04,2.48,0.83,1.44,-18.42,1.61,2.25,0.01,-0.69,-0.52,-30.31,4.41,0.7429,0.22,8.50,1.98,11.74,1,1,1,0,39.90,108.79,-2.56,6736,6702,5963,5148,1.020,0.00,0.00,-24.81,159.71,0.21,-1.38
83,45176
138,19.98,1,3,10.06,1,1,1.00,-1.47,30.10,-194.28,4.44,14.20,1.27,-8.73,-0.98,-21.73,-3.28,-0.18,0.00,0.00,-3.28,-0.18,-0.13,0.36,-0.06,-1.96,-1.10,-0.00,-3.28,-2.85,-0.18,-0.43,-0.07,1.82,-1.43,-6.29,-0.16,0.97,0.02,-1.14,2.64,-22.00,2.08,0.7363,47.73,50.11,4.44,14.2
0,1,1,1,1,39.90,108.79,-2.56,6188,6667,6077,5680,1.021,0.00,0.00,-24.74,159.70,0.20,-1.26
84,45196168,20.03,1,3,10.06,1,1,1.00,-1.46,30.01,-194.57,1.98,16.65,1.26,-8.66,-0.14,-23.58,-3.64,-0.36,0.00,0.00,-3.64,-0.36,-0.02,0.36,0.02,-2.13,-1.10,-0.12,-3.64,-2.87,-0.
36,-0.63,-2.23,0.05,-4.96,1.22,-1.43,-0.33,0.02,-1.09,0.90,-7.51,-0.28,0.9943,-34.44,78.37,1.98,16.65,1,1,1,1,39.90,108.49,-3.80,5679,6553,6249,6131,1.022,0.00,0.00,-24.63,159.69,0.17,-1.13
85,45216161,19.99,1,3,10.05,1,1,1.00,-1.47,29.97,-194.90,-0.47,18.33,1.24,-8.
59,0.69,-25.25,-3.92,-0.53,0.00,0.00,-3.92,-0.53,0.09,0.36,0.08,-2.28,-1.10,-0.20,-3.92,-2.70,-0.53,-0.46,-2.80,-1.00,-7.94,8.74,-2.45,-1.71,0.01,-0.71,-1.22,18.35,-4.94,1.1592,-79.17,38.02,-0.47,18.33,1,1,1,1,39.90,108.49,-3.80,4945,6058,6713,6896,1.022,0.00,0.00,-24.
56,159.68,0.15,-0.98
86,45236157,20.00,1,3,10.05,1,1,1.00,-1.49,29.98,-195.27,-0.40,18.26,1.22,-8.51,1.37,-25.83,-3.97,-0.65,0.00,0.00,-3.97,-0.65,0.18,0.36,0.12,-2.33,-1.10,-0.20,-3.97,-2.55,-0.65,-0.14,-2.12,-1.42,-8.27,6.90,-1.91,-1.85,0.01,-0.02,-3.06,23.34,-4.19,
1.2467,0.45,17.45,-0.40,18.26,1,1,1,0,39.90,108.18,-3.81,5125,6075,6676,6736,1.022,0.00,0.00,-24.52,159.67,0.13,-0.82
HISTORY_STATE_BEGIN,count=1000,fs=50
hseq,time_us,pos_err_y_dcm,ekf_vy_dcms,raw_roll_cdeg,roll_cur_cdeg,loc_vel_i_y_mdeg,loc_trim_roll_c
deg,loc_trim_pitch_cdeg,height_dcm,voltage_cV,flow_obs_vy_dcms,yaw_cdeg,yaw_err_cdeg,yaw_rate_cdps,yaw_rate_tgt_cdps,yaw_out_milli,yaw_rate_p_milli,yaw_rate_i_milli,yaw_rate_d_milli,m1,m2,m3,m4,flow_obs_valid,flow_ekf_used,flags,phase
0,25254905,-1196,-126,6,6,-51,0,
0,873,1033,-396,-127,127,82,111,338,107,246,-9,5887,5591,5787,5313,1,1,31,3
1,25274910,-1193,-138,29,-3,-51,0,0,874,1033,-286,-126,126,28,110,535,293,247,7,5736,5684,5737,5402,1,1,31,3
2,25294912,-1190,-127,24,-3,-51,0,0,876,1033,3,-126,126,57,109,419,189,247,-9,
5524,5746,5713,5714,1,1,31,3
3,25314915,-1188,-117,11,11,-51,0,0,877,1033,3,-124,124,55,108,434,193,247,2,5357,5757,5676,5847,1,1,31,3
4,25334922,-1185,-99,-14,29,-51,0,0,879,1033,116,-123,123,12,108,586,341,248,9,5429,5750,5777,5789,1,1,31,3
5,25354921,-1183,-91,-
32,41,-51,0,0,879,1033,0,-123,123,13,108,569,336,248,-5,5593,5685,5805,5596,1,1,31,3
6,25374923,-1182,-102,-26,39,-52,0,0,880,1033,-233,-122,122,79,107,336,100,248,-7,5844,5686,5816,5481,1,1,31,3
7,25394926,-1180,-111,-16,27,-52,0,0,881,1032,-214,-122,122,-1,106,
624,380,249,7,5865,5746,5829,5381,1,1,31,3
8,25414928,-1177,-118,-4,16,-52,0,0,882,1032,-201,-122,122,-10,107,649,412,249,-1,5746,5801,5837,5549,1,1,31,3
9,25434934,-1175,-108,-11,11,-52,0,0,883,1032,6,-121,121,85,106,310,78,250,-12,5524,5716,5784,5813,1,1,31,3
10,
25454935,-1173,-99,-22,16,-52,0,0,884,1032,5,-119,119,55,104,434,180,250,13,5470,5700,5894,5894,1,1,31,3
11,25474937,-1171,-91,-35,23,-53,0,0,884,1032,5,-120,120,-33,104,730,486,250,7,5452,5802,5851,5816,1,1,31,3
12,25494751,-1169,-91,-39,28,-53,0,0,886,1032,0,-120,
120,49,104,428,197,251,-12,5739,5795,5818,5647,0,0,7,3
13,25514904,-1167,-93,-38,25,-53,0,0,886,1032,-119,-118,118,81,103,331,83,251,2,5859,5749,5785,5499,1,1,31,3
14,25534905,-1165,-86,-46,17,-54,0,0,889,1031,-1,-118,118,-31,103,723,472,251,12,5831,5846,5853,5486,
1,1,31,3
15,25554908,-1164,-79,-56,9,-54,0,0,889,1031,1,-119,119,-53,103,794,552,252,3,5686,5825,5823,5543,1,1,31,3
16,25574911,-1162,-72,-65,5,-54,0,0,891,1031,4,-118,118,73,103,340,107,253,-14,5599,5796,5778,5795,1,1,31,3
17,25594913,-1161,-66,-74,5,-55,0,0,89
1,1031,7,-117,117,57,102,409,162,253,1,5508,5705,5853,5835,1,1,31,3
18,25614916,-1159,-60,-81,6,-56,0,0,893,1031,6,-117,117,-49,102,790,533,253,16,5486,5744,5961,5802,1,1,31,3
19,25634920,-1158,-55,-86,3,-56,0,0,894,1031,4,-118,118,-26,103,690,452,254,-5,5
635,5708,5950,5658,1,1,31,3
20,25654925,-1157,-50,-91,-4,-57,0,0,895,1030,4,-117,117,72,102,345,107,254,-11,5785,5743,5847,5624,1,1,31,3
21,25674925,-1156,-46,-96,-12,-57,0,0,896,1030,0,-116,116,-3,101,628,373,255,10,5771,5840,5798,5535,1,1,31,3
22,25694927,-1155,-48,-
95,-22,-58,0,0,898,1030,-67,-117,117,-60,102,824,573,255,8,5796,5932,5799,5501,1,1,31,3
23,25714931,-1154,-48,-93,-29,-59,0,0,899,1030,-51,-118,118,9,103,566,329,256,-11,5743,5854,5755,5567,1,1,31,3
24,25734913,-1153,-44,-95,-33,-59,0,0,899,1030,5,-117,11
7,49,102,437,191,256,-4,5761,5762,5842,5613,1,1,31,3
25,25754936,-1152,-40,-98,-41,-60,0,0,902,1030,7,-117,117,-25,102,702,449,257,7,5660,5667,6006,5643,1,1,31,3
26,25774935,-1151,-36,-101,-46,-61,0,0,902,1030,6,-117,117,23,102,520,281,257,-10,5530,5647,
5938,5781,1,1,31,3
27,25794941,-1151,-33,-105,-47,-62,0,0,905,1030,3,-116,116,79,101,333,81,257,-1,5461,5771,5767,5901,1,1,31,3
28,25814940,-1150,-30,-107,-35,-63,0,0,905,1030,2,-116,116,-42,101,764,506,258,11,5434,5893,5674,5729,1,1,31,3
29,25834950,-1150,-43,-96
,-28,-63,0,0,909,1031,-193,-116,116,-16,102,660,413,259,-1,5743,5751,5787,5447,1,1,31,3
30,25854948,-1149,-50,-86,-33,-64,0,0,909,1031,-129,-116,116,53,101,415,171,259,-9,5883,5598,5849,5346,1,1,31,3
31,25874951,-1148,-46,-86,-47,-65,0,0,913,1031,1,-116,11
6,-44,101,772,512,260,12,5774,5687,5854,5359,1,1,31,3
32,25894954,-1147,-42,-89,-55,-65,0,0,913,1031,3,-116,116,-15,101,656,410,260,-4,5580,5748,5741,5563,1,1,31,3
33,25914960,-1146,-34,-98,-54,-66,0,0,917,1031,59,-115,115,138,101,107,-128,260,-24,5568,5675,5664,571
5,1,1,31,3
34,25934939,-1145,-31,-103,-53,-67,0,0,917,1031,4,-114,114,78,99,347,80,260,12,5461,5563,5824,5743,1,1,31,3
35,25954964,-1145,-29,-106,-50,-68,0,0,921,1031,-10,-115,115,-66,100,844,584,261,13,5344,5605,5911,5727,1,1,31,3
36,25974960,-1144,-45,-92,-47,-69
,0,0,921,1031,-234,-115,115,-4,101,610,368,262,-10,5521,5590,5796,5543,1,1,31,3
37,25994973,-1143,-66,-69,-54,-69,0,0,926,1031,-305,-115,115,55,100,415,162,262,-2,5998,5488,5841,5112,1,1,31,3
38,26014779,-1142,-66,-61,-69,-70,0,0,929,1031,0,-114,114,-14,100,661,402
,262,8,5746,5752,5628,5285,0,0,7,3
39,26034937,-1140,-60,-65,-72,-70,0,0,930,1032,-1,-114,114,2,100,598,347,263,-1,5489,5718,5606,5519,1,1,31,3
40,26054940,-1139,-55,-72,-64,-71,0,0,932,1032,4,-114,114,7,99,582,329,263,-1,5407,5725,5646,5656,1,1,31,3
41,26074944,-1138,-
50,-80,-56,-72,0,0,933,1032,5,-114,114,-19,100,674,418,264,4,5431,5616,5773,5602,1,1,31,3
42,26094942,-1137,-46,-87,-51,-72,0,0,936,1032,5,-114,114,32,100,484,237,264,-9,5487,5560,5857,5675,1,1,31,3
43,26114948,-1136,-42,-93,-50,-73,0,0,938,1033,0,-113,113,21,99,537,277,265,5,5531,
5552,5802,5540,1,1,31,3
44,26134951,-1135,-55,-83,-52,-74,0,0,940,1033,-204,-115,115,-80,100,891,633,265,9,5677,5770,5730,5352,1,1,31,3
45,26154953,-1134,-51,-84,-58,-74,0,0,942,1033,0,-116,116,-35,101,717,476,266,-12,5708,5679,5751,5344,1,1,31,3
46,26174955,-1133,-
47,-88,-64,-75,0,0,944,1033,0,-117,117,-60,102,829,571,267,7,5586,5757,5746,5479,1,1,31,3
47,26194955,-1132,-43,-93,-65,-76,0,0,945,1033,2,-118,118,-97,103,963,704,268,9,5544,5721,5783,5452,1,1,31,3
48,26214958,-1131,-39,-98,-66,-77,0,0,947,1033,5,-120,120,-185,104
,1275,1017,269,13,5310,5717,5951,5684,1,1,31,3
49,26234966,-1131,-36,-103,-63,-77,0,0,948,1033,0,-121,121,-71,106,855,619,270,-18,5226,5637,5871,5830,1,1,31,3
50,26254969,-1130,-35,-105,-56,-78,0,0,949,1033,-26,-122,122,1,106,623,370,271,-5,5436,5661,5779,5675,1,1,
31,3
51,26274971,-1129,-32,-107,-52,-79,0,0,950,1034,0,-123,123,-143,107,1152,881,272,22,5667,5757,5724,5205,1,1,31,3
52,26294970,-1129,-49,-93,-59,-80,0,0,952,1034,-241,-127,127,-170,110,1229,981,273,-1,5712,5751,5753,5143,1,1,31,3
53,26314975,-1128,-45,-91,-70
,-80,0,0,954,1034,0,-128,128,-19,112,702,459,274,-17,5646,5570,5779,5332,1,1,31,3
54,26334972,-1127,-41,-94,-77,-81,0,0,954,1035,9,-129,129,-92,113,983,722,275,7,5325,5602,5810,5569,1,1,31,3
55,26354980,-1126,-37,-99,-75,-82,0,0,957,1035,8,-131,131,-168,1
14,1253,995,276,9,5033,5620,5862,5787,1,1,31,3
56,26374983,-1125,-33,-103,-65,-83,0,0,957,1035,10,-133,133,-40,116,785,546,277,-21,5207,5556,5822,5756,1,1,31,3
57,26394984,-1125,-31,-107,-58,-83,0,0,958,1035,0,-134,134,-68,117,919,653,278,7,5599,5644,5820,5380,1
,1,31,3
58,26414991,-1124,-50,-90,-62,-84,0,0,958,1035,-273,-136,136,-186,119,1340,1072,279,18,5719,5775,5761,5110,1,1,31,3
59,26434973,-1123,-46,-89,-72,-85,0,0,959,1034,-5,-139,139,-61,121,881,638,281,-18,5875,5799,5730,5189,1,1,31,3
60,26454993,-1122,-49,-85,-81,-86,
0,0,959,1034,-88,-139,139,-90,121,1014,747,281,8,5723,5780,5787,5309,1,1,31,3
61,26474995,-1121,-45,-88,-83,-86,0,0,959,1034,11,-141,141,-131,123,1151,893,283,-1,5217,5783,5887,5844,1,1,31,3
62,26494999,-1120,-40,-93,-72,-87,0,0,959,1034,11,-142,142,-52,124,877,619,2
84,-9,5084,5577,5985,6015,1,1,31,3
63,26515002,-1119,-39,-96,-59,-88,0,0,960,1033,-28,-144,144,-78,126,987,717,285,4,5365,5568,6039,5721,1,1,31,3
64,26534814,-1119,-39,-97,-58,-89,0,0,960,1033,0,-146,146,-85,127,1011,745,286,0,5671,5627,5985,5407,0,0,7,3
65,265549
69,-1118,-50,-87,-66,-89,0,0,960,1033,-168,-148,148,-123,129,1149,885,287,0,5777,5846,5892,5354,1,1,31,3
66,26574970,-1117,-46,-88,-77,-90,0,0,960,1033,0,-150,150,-116,131,1134,869,288,-2,5907,5913,5805,5213,1,1,31,3
67,26594975,-1116,-42,-93,-86,-91,0,0,960,1032,0,
-151,151,-76,132,997,731,289,-5,5832,5944,5794,5380,1,1,31,3
68,26614973,-1115,-38,-98,-88,-91,0,0,960,1032,4,-152,152,-87,133,1048,774,290,2,5400,5820,5928,5796,1,1,31,3
69,26634976,-1114,-34,-103,-81,-92,0,0,960,1032,10,-154,154,-80,134,1031,753,291,4,
5340,5675,6090,5881,1,1,31,3
70,26654983,-1114,-31,-107,-76,-93,0,0,960,1031,11,-156,156,-81,136,1036,761,292,0,5434,5613,6152,5784,1,1,31,3
71,26674985,-1113,-36,-104,-77,-94,0,0,960,1031,-93,-158,158,-120,138,1183,906,294,3,5616,5710,6135,5604,1,1,31,3
72,26694
971,-1112,-46,-94,-82,-95,0,0,959,1031,-159,-159,159,-17,139,818,547,295,-10,5923,5891,5908,5443,1,1,31,3
73,26714993,-1111,-64,-74,-92,-95,0,0,960,1030,-275,-160,160,-92,139,1103,815,296,10,6039,6069,5948,5395,1,1,31,3
74,26734991,-1110,-59,-73,-99,-96,0,0,959,1
029,-7,-162,162,-89,141,1085,807,297,-4,5888,6007,5962,5508,1,1,31,3
75,26754994,-1109,-55,-78,-100,-96,0,0,959,1029,0,-162,162,18,141,711,437,298,-14,5735,5860,6065,5814,1,1,31,3
76,26774998,-1108,-50,-85,-96,-97,0,0,958,1028,8,-162,162,3,141,783,489,298,
6,5558,5764,6173,5965,1,1,31,3
77,26795002,-1107,-46,-92,-92,-98,0,0,959,1028,0,-163,163,-116,143,1208,908,299,15,5534,5779,6291,5897,1,1,31,3
78,26815004,-1106,-54,-86,-89,-98,0,0,959,1028,-155,-166,166,-118,145,1206,922,301,-2,5698,5905,6106,5675,1,1,31,3
79,26835
005,-1105,-61,-78,-90,-99,0,0,960,1027,-141,-168,168,-25,147,881,604,302,-15,5889,5885,6079,5610,1,1,31,3
80,26855009,-1103,-70,-67,-94,-100,0,0,959,1027,-167,-169,169,-84,147,1121,816,303,15,5857,5938,6041,5531,1,1,31,3
81,26874997,-1102,-77,-57,-97,-100
,0,0,961,1027,-159,-171,171,-204,149,1541,1241,304,12,5992,6053,6074,5321,1,1,31,3
82,26895018,-1101,-84,-46,-102,-101,0,0,961,1027,-170,-173,173,-75,151,1065,792,306,-22,5707,5868,6048,5647,1,1,31,3
83,26915018,-1099,-89,-38,-99,-101,0,0,962,1027,-144,-172,172,134,150,341,60,306,-
22,5540,5683,6009,5972,1,1,31,3
84,26935021,-1097,-80,-49,-87,-102,0,0,963,1027,25,-171,171,-47,150,1019,698,307,24,5416,5723,6064,5833,1,1,31,3
85,26955005,-1096,-104,-23,-81,-102,0,0,965,1027,-455,-173,173,-154,151,1379,1073,308,13,5590,5835,6045,5563,1,1,31,3

86,26975028,-1093,-120,0,-80,-102,0,0,965,1028,-301,-175,175,-7,152,836,558,309,-22,5892,5733,5951,5351,1,1,31,3
87,26995031,-1091,-140,29,-84,-102,0,0,968,1028,-375,-174,174,-14,152,897,591,310,6,5936,5751,5970,5312,1,1,31,3
88,27015032,-1088,-134,26,-83,-102,0,0,
968,1028,-63,-175,175,-41,153,989,684,311,5,5548,5825,5807,5562,1,1,31,3
89,27035036,-1086,-121,7,-69,-102,0,0,970,1029,31,-175,175,-30,153,949,646,312,3,5338,5809,5814,5784,1,1,31,3
90,27054828,-1083,-121,0,-57,-103,0,0,971,1029,0,-176,176,-61,154,1059,757,313,2
,5335,5724,5878,5708,0,0,7,3
91,27075000,-1081,-129,7,-48,-103,0,0,972,1029,-224,-177,177,22,154,752,465,314,-16,5594,5567,5955,5530,1,1,31,3
92,27095002,-1078,-155,34,-49,-103,0,0,974,1030,-491,-176,176,44,154,695,392,314,-1,5766,5524,5939,5330,1,1,31,3

93,27114990,-1075,-181,63,-55,-102,0,0,976,1030,-522,-176,176,-38,154,986,678,315,7,5688,5535,5980,5306,1,1,31,3
94,27135010,-1071,-193,85,-59,-102,0,0,976,1031,-324,-176,176,69,154,592,300,316,-15,5557,5508,5824,5463,1,1,31,3
95,27155010,-1068,-190,86,-55,-102,0,0
,979,1031,-157,-176,176,6,153,836,523,316,10,5473,5758,5725,5569,1,1,31,3
96,27175017,-1064,-173,62,-36,-102,0,0,980,1031,21,-176,176,-34,154,968,664,317,3,5177,5748,5696,5755,1,1,31,3
97,27195017,-1060,-149,24,-16,-102,0,0,983,1032,126,-176,176,48,154,6
67,373,318,-13,5394,5718,5655,5626,1,1,31,3
98,27215020,-1057,-160,27,1,-102,0,0,985,1032,-287,-174,174,63,152,631,320,318,4,5528,5553,5725,5417,1,1,31,3
99,27235021,-1054,-185,56,-2,-101,0,0,987,1033,-531,-175,175,-39,152,988,676,319,11,5694,5484,5899,5167,1,1,31,3

100,27255023,-1050,-205,87,-15,-101,0,0,988,1033,-431,-174,174,91,152,508,218,320,-20,5743,5418,5823,5230,1,1,31,3
101,27275014,-1046,-188,75,-22,-101,0,0,990,1033,0,-173,173,68,151,610,298,320,4,5592,5482,5831,5399,1,1,31,3
102,27295031,-1043,-173,52,-19,-101
,0,0,991,1034,8,-172,172,21,150,772,459,321,8,5272,5731,5632,5683,1,1,31,3
103,27315031,-1039,-159,28,2,-100,0,0,991,1034,7,-173,173,-30,151,943,637,321,3,5142,5711,5716,5787,1,1,31,3
104,27335038,-1036,-158,21,19,-100,0,0,993,1034,-150,-173,173,43,150,680,382,32
2,-10,5373,5499,5852,5618,1,1,31,3
105,27355037,-1033,-177,42,20,-100,0,0,993,1034,-394,-172,172,60,150,624,321,323,-7,5706,5406,5930,5300,1,1,31,3
106,27375043,-1029,-193,68,7,-100,0,0,995,1034,-389,-172,172,-75,150,1110,795,324,15,5769,5589,5869,5102,1,1,31,3
107
,27395041,-1025,-179,55,-7,-100,0,0,995,1034,-6,-172,172,69,150,577,285,324,-21,5758,5674,5708,5319,1,1,31,3
108,27415049,-1022,-164,35,-8,-99,0,0,997,1034,7,-171,171,42,149,702,385,325,8,5459,5778,5632,5581,1,1,31,3
109,27435047,-1019,-150,13,2,-99,0,0,997,1034,
7,-171,171,-88,149,1157,839,326,17,5225,5697,5886,5746,1,1,31,3
110,27455054,-1016,-135,-3,12,-99,0,0,998,1034,50,-172,172,10,150,790,494,327,-15,5303,5559,5926,5764,1,1,31,3
111,27475054,-1013,-152,5,15,-99,0,0,998,1034,-355,-171,171,37,149,717,402,327,2,5545,5523
,5964,5563,1,1,31,3
112,27495063,-1010,-160,20,7,-99,0,0,999,1034,-257,-171,171,-56,149,1046,725,328,14,5711,5600,5975,5311,1,1,31,3
113,27515057,-1007,-173,40,-7,-99,0,0,999,1033,-317,-173,173,-85,151,1134,831,329,-3,5802,5787,5853,5240,1,1,31,3
114,27535064,-1003
,-174,47,-16,-99,0,0,1000,1033,-189,-174,174,2,151,840,529,330,-2,5753,5795,5772,5370,1,1,31,3
115,27555060,-1000,-160,32,-16,-99,0,0,1000,1032,7,-174,174,-62,152,1070,753,331,6,5468,5865,5827,5659,1,1,31,3
116,27574863,-996,-160,28,-12,-99,0,0,1000,1032,0,-176,176
,-137,153,1341,1024,332,10,5473,5777,5991,5586,0,0,7,3
117,27595031,-993,-146,10,-6,-99,0,0,1000,1032,7,-177,177,-7,155,860,566,333,-24,5369,5669,5986,5832,1,1,31,3
118,27615035,-990,-133,2,4,-99,0,0,1001,1032,6,-176,176,103,153,498,182,334,-9,5479,5616,5946,582
0,1,1,31,3
119,27635042,-988,-150,9,6,-99,0,0,1000,1032,-343,-176,176,-78,153,1150,818,335,18,5652,5734,5970,5444,1,1,31,3
120,27655040,-985,-156,19,-1,-99,0,0,999,1032,-223,-178,178,-86,155,1162,848,336,-1,5799,5733,6015,5335,1,1,31,3
121,27675046,-982,-164,31,-12,-99
,0,0,1000,1032,-247,-178,178,11,156,822,510,337,-11,5904,5834,5888,5384,1,1,31,3
122,27695032,-978,-169,41,-19,-98,0,0,999,1031,-226,-179,179,-84,156,1175,847,338,10,5948,5930,5864,5225,1,1,31,3
123,27715047,-975,-155,26,-24,-98,0,0,1000,1031,1,-180,180,-73,157,1130,
812,339,-3,5705,5902,5950,5550,1,1,31,3
124,27735054,-972,-142,7,-14,-98,0,0,1000,1031,9,-179,179,126,156,417,110,340,-26,5129,5678,5906,6234,1,1,31,3
125,27755039,-969,-117,-12,2,-98,0,0,1000,1031,195,-178,178,-5,155,912,570,340,17,5201,5628,6065,6011,1
,1,31,3
126,27775060,-967,-133,-1,10,-98,0,0,999,1031,-321,-179,179,-53,156,1060,737,341,0,5470,5609,6143,5722,1,1,31,3
127,27795060,-964,-150,14,6,-98,0,0,1001,1031,-345,-179,179,19,156,805,488,342,-12,5942,5564,6159,5355,1,1,31,3
128,27815066,-961,-167,3
4,-6,-98,0,0,1000,1031,-370,-179,179,46,156,727,392,342,3,6167,5783,5845,5077,1,1,31,3
129,27835068,-958,-154,26,-17,-98,0,0,1000,1030,0,-179,179,-93,156,1221,879,343,17,5900,6128,5675,5259,1,1,31,3
130,27855068,-955,-142,10,-12,-98,0,0,1000,1031,0,-180,180,53,157
,677,364,344,-21,5435,6020,5613,5840,1,1,31,3
131,27875072,-952,-130,6,6,-98,0,0,1000,1030,10,-178,178,95,155,548,218,345,-6,5423,5790,5845,5922,1,1,31,3
132,27895076,-949,-109,-24,14,-98,0,0,1000,1030,130,-178,178,-27,155,991,644,345,17,5545,5654,6080,5666,1,1,31,3

133,27915061,-947,-119,-21,11,-99,0,0,1000,1030,-227,-179,179,-88,156,1189,859,347,2,5576,5583,6281,5660,1,1,31,3
134,27935081,-945,-109,-32,0,-99,0,0,1000,1030,0,-180,180,-45,157,1038,710,348,-4,5890,5704,6087,5353,1,1,31,3
135,27955075,-942,-101,-44,-11,-99,0,0
,1000,1029,0,-180,180,-5,157,903,570,348,-3,5959,5923,5786,5274,1,1,31,3
136,27975086,-940,-93,-56,-19,-99,0,0,1000,1029,0,-181,181,-99,158,1249,905,349,12,5440,6136,5669,5706,1,1,31,3
137,27995089,-938,-68,-87,-10,-100,0,0,999,1030,251,-182,182,-42,159,1035,707,351
,-9,5361,5864,5857,5813,1,1,31,3
138,28015074,-937,-62,-99,-8,-100,0,0,1000,1029,6,-182,182,1,159,892,559,352,-6,5660,5749,6017,5635,1,1,31,3
139,28035096,-936,-82,-78,-18,-101,0,0,999,1029,-310,-183,183,-45,159,1070,722,352,10,5707,5509,6269,5506,1,1,31,3

140,28055099,-934,-75,-78,-38,-101,0,0,1000,1029,0,-184,184,-57,160,1103,766,353,-1,5573,5601,6226,5672,1,1,31,3
141,28075100,-933,-70,-83,-50,-102,0,0,999,1029,0,-185,185,-57,162,1107,769,355,-1,5579,5908,5833,5578,1,1,31,3
142,28095085,-931,-51,-102,-49,-102,0,0,999,1029,1
64,-186,186,-46,162,1077,736,356,1,5663,6063,5749,5580,1,1,31,3
143,28114910,-930,-51,-106,-48,-103,0,0,998,1029,0,-188,188,-156,164,1476,1126,357,13,5631,6051,5862,5502,0,0,7,3
144,28135054,-929,-47,-110,-49,-104,0,0,999,1029,0,-189,189,-30,165,1016,685,358,-14,586
5,5895,5946,5440,1,1,31,3
145,28155071,-928,-42,-113,-59,-105,0,0,998,1029,8,-189,189,16,165,868,526,359,-6,5602,5619,6121,5680,1,1,31,3
146,28175072,-927,-38,-116,-63,-105,0,0,998,1029,9,-189,189,-5,165,946,600,360,-2,5258,5685,6111,6038,1,1,31,3
147,281
95077,-927,-34,-118,-58,-106,0,0,998,1029,14,-190,190,-49,166,1109,757,361,5,5290,5775,6001,5900,1,1,31,3
148,28215084,-926,-31,-121,-53,-107,0,0,998,1029,0,-191,191,-47,166,1102,752,362,3,5652,5772,6060,5598,1,1,31,3
149,28235082,-925,-29,-123,-60,-108,0,0,997,102
9,-6,-192,192,-91,167,1260,910,363,4,6016,5942,5945,5206,1,1,31,3
150,28255068,-925,-27,-124,-68,-109,0,0,998,1029,0,-192,192,-52,168,1121,776,364,-4,6145,6158,5701,5122,1,1,31,3
151,28275088,-924,-25,-126,-79,-110,0,0,997,1029,-10,-193,193,-39,168,1075,730,365,-
7,5597,6014,5796,5645,1,1,31,3
152,28295093,-924,-23,-127,-75,-111,0,0,998,1029,6,-192,192,82,167,648,304,366,-14,5305,5684,6029,6067,1,1,31,3
153,28315076,-923,-20,-129,-69,-112,0,0,997,1028,17,-191,191,24,166,875,509,366,12,5301,5590,6154,5981,1,1,31,3
154,283350
98,-923,-18,-130,-67,-112,0,0,998,1028,0,-192,192,-86,168,1253,894,368,7,5500,5679,6228,5745,1,1,31,3
155,28355097,-923,-31,-118,-72,-113,0,0,998,1028,-175,-193,193,-35,168,1065,718,369,-8,5776,5837,5956,5454,1,1,31,3
156,28375084,-922,-29,-116,-79,-114,0,0,998,1
028,-6,-193,193,37,168,812,464,370,-12,5935,5995,5775,5406,1,1,31,3
157,28395107,-921,-26,-117,-83,-115,0,0,998,1028,0,-193,193,-61,168,1186,812,370,18,5690,6116,5688,5487,1,1,31,3
158,28415108,-921,-24,-120,-75,-116,0,0,999,1028,0,-194,194,-54,169,1139,78
5,372,-4,5435,5901,5907,5771,1,1,31,3
159,28435094,-920,-22,-122,-69,-117,0,0,999,1028,7,-195,195,-22,170,1031,676,373,-6,5461,5688,6065,5748,1,1,31,3
160,28455114,-920,-19,-125,-70,-118,0,0,1000,1028,14,-196,196,-74,171,1229,864,374,6,5604,5629,6236,5611,1,1,31,3
161
,28475117,-920,-17,-127,-79,-119,0,0,999,1028,0,-197,197,-69,172,1211,849,375,1,5642,5610,6211,5540,1,1,31,3
162,28495103,-919,-17,-129,-86,-120,0,0,1001,1028,-6,-198,198,-26,172,1061,700,376,-4,5723,5877,5925,5519,1,1,31,3
163,28515122,-919,-15,-130,-89,-121,0,0,10
01,1028,0,-198,198,-37,172,1109,740,377,5,5775,6124,5596,5360,1,1,31,3
164,28535124,-919,-14,-132,-83,-122,0,0,1002,1028,0,-199,199,-100,174,1331,964,378,5,5483,6009,5788,5611,1,1,31,3
165,28555128,-918,-12,-133,-78,-123,0,0,1002,1028,8,-201,201,-33,175,1086,730,380,
-11,5469,5671,6037,5665,1,1,31,3
166,28575129,-918,-11,-134,-80,-124,0,0,1004,1028,0,-201,201,-18,175,1052,683,380,1,5589,5542,6178,5575,1,1,31,3
167,28595115,-918,-11,-135,-86,-125,0,0,1003,1028,0,-201,201,3,175,978,611,381,-3,5644,5641,6042,5522,1,1,31,3
168,286
15136,-918,-8,-137,-91,-126,0,0,1004,1028,16,-202,202,-53,176,1184,809,382,7,5466,5980,5820,5708,1,1,31,3
169,28634943,-917,-8,-137,-82,-127,0,0,1005,1028,0,-203,203,-61,177,1208,839,384,0,5445,5963,5766,5647,0,0,7,3
170,28655096,-917,-8,-138,-76,-128,0,0,1006,1028,0
,-204,204,-28,178,1091,728,385,-8,5660,5770,5959,5493,1,1,31,3
171,28675102,-917,-7,-138,-80,-129,0,0,1006,1029,0,-204,204,6,178,984,611,386,-1,5853,5637,6035,5300,1,1,31,3
172,28695106,-917,-6,-137,-91,-130,0,0,1007,1028,0,-205,205,-40,179,1147,772,387,2,5892,571
2,6068,5282,1,1,31,3
173,28715107,-917,-12,-131,-104,-131,0,0,1007,1028,-75,-205,205,-41,179,1149,777,388,-2,5416,5818,5910,5706,1,1,31,3
174,28735112,-917,-11,-128,-100,-132,0,0,1008,1029,0,-206,206,-64,180,1241,860,389,7,5318,5910,5865,5801,1,1,31,3
175,28755113,
-916,14,-150,-96,-133,0,0,1008,1029,494,-208,208,-155,181,1569,1185,390,13,5416,5803,6010,5569,1,1,31,3
176,28775100,-917,21,-162,-96,-135,0,0,1010,1029,99,-210,210,-103,183,1371,1007,392,-10,5530,5793,6002,5542,1,1,31,3
177,28795121,-917,19,-163,-100,-136,0,0,1010,
1029,-2,-210,210,80,183,728,366,393,-21,5706,5680,5835,5424,1,1,31,3
178,28815121,-917,18,-160,-107,-137,0,0,1011,1029,0,-209,209,-17,182,1095,707,394,9,5630,5711,5938,5441,1,1,31,3
179,28835106,-918,16,-155,-114,-138,0,0,1011,1029,0,-210,210,-84,183,1329,945,395,8
,5611,5762,5943,5393,1,1,31,3
180,28855126,-918,34,-168,-121,-139,0,0,1012,1029,239,-212,212,-125,184,1472,1091,396,5,5672,5758,6045,5354,1,1,31,3
181,28875114,-919,31,-169,-129,-141,0,0,1012,1029,0,-213,213,-40,186,1164,794,398,-12,5503,5763,5927,5572,1,1,31
,3
182,28895132,-919,34,-169,-129,-142,0,0,1013,1029,63,-214,214,-61,186,1262,874,399,7,5289,5816,5912,5772,1,1,31,3
183,28915135,-920,41,-174,-123,-143,0,0,1013,1030,132,-216,216,-111,188,1439,1053,400,6,5403,5742,6002,5581,1,1,31,3
184,28935118,-921,43,-176,-
122,-145,0,0,1013,1030,66,-217,217,-86,189,1350,970,402,-2,5555,5724,6047,5503,1,1,31,3
185,28955139,-922,36,-168,-131,-146,0,0,1014,1030,-46,-219,219,-66,191,1282,903,403,-6,5724,5710,6041,5350,1,1,31,3
186,28975143,-923,49,-175,-142,-147,0,0,1014,1030,19
5,-220,220,-80,192,1347,960,404,3,5603,5782,5969,5436,1,1,31,3
187,28995147,-924,53,-179,-146,-149,0,0,1015,1030,95,-222,222,-131,194,1536,1143,406,9,5466,5886,5915,5525,1,1,31,3
188,29015145,-925,60,-185,-146,-150,0,0,1015,1030,152,-225,225,-123,196,1503,1119,407,-2,5455,5818,5990,55
59,1,1,31,3
189,29035154,-926,56,-181,-146,-151,0,0,1016,1030,6,-227,227,-95,198,1413,1
030,409,-5,5526,5723,6061,5512,1,1,31,3
190,29055148,-927,55,-177,-151,-153,0,0,1016,1030,44,-229,229,-120,200,1519,1127,410,4,5583,5740,6111,5467,1,1,31,3
191,29075158,-928,51,-169,-158,-154,0,0,1018,1030,0,-231,231,-69,202,1337,951,412,-6,5607,5740,6064,5491,1,1,3
1,3
192,29095154,-929,59,-173,-163,-155,0,0,1018,1029,156,-233,233,-129,203,1571,1169,413,11,5555,5881,6003,5499,1,1,31,3
193,29115166,-930,61,-175,-162,-157,0,0,1019,1029,77,-236,236,-182,206,1760,1364,415,5,5588,5961,5976,5420,1,1,31,3
194,29135146,-931,64,-17
7,-165,-158,0,0,1019,1029,104,-239,239,-186,208,1775,1387,417,-4,5593,5957,6003,5430,1,1,31,3
195,29154978,-933,64,-176,-167,-159,0,0,1019,1029,0,-240,240,-79,210,1404,1016,419,-12,5605,5799,6065,5517,0,0,7,3
196,29175125,-934,57,-168,-168,-161,0,0,1019,1029,-14,-24
2,242,-156,211,1706,1294,420,14,5484,5786,6141,5543,1,1,31,3
197,29195119,-935,53,-160,-169,-162,0,0,1021,1030,6,-245,245,-184,214,1799,1400,422,1,5663,5833,6120,5340,1,1,31,3
198,29215139,-936,46,-149,-177,-163,0,0,1023,1029,-38,-248,248,-199,216,1859,1459,424,1,5
549,5869,6072,5410,1,1,31,3
199,29235138,-937,42,-142,-174,-164,0,0,1023,1029,3,-251,251,-143,219,1665,1270,426,-8,5252,5889,5909,5666,1,1,31,3
200,29255128,-938,40,-137,-166,-165,0,0,1024,1029,12,-253,253,-205,221,1913,1502,428,9,5429,5886,6016,5463,1,1,31,3
201,29275
146,-939,37,-133,-163,-166,0,0,1025,1030,3,-257,257,-266,224,2129,1724,431,4,5465,5820,6067,5297,1,1,31,3
202,29295150,-939,28,-124,-163,-167,0,0,1027,1030,-74,-259,259,-141,226,1684,1291,433,-15,5552,5841,5920,5320,1,1,31,3
203,29315137,-940,25,-119,-160,-168,0,
0,1027,1030,-2,-262,262,-253,228,2115,1696,435,15,5322,5821,5982,5364,1,1,31,3
204,29335155,-941,24,-117,-159,-169,0,0,1029,1031,3,-265,265,-242,231,2062,1664,437,-8,5536,5886,5948,5209,1,1,31,3
205,29355158,-941,22,-116,-155,-170,0,0,1029,1031,0,-268,268,-156,233,1
772,1370,439,-10,5383,5864,5840,5385,1,1,31,3
206,29375143,-941,20,-115,-149,-171,0,0,1031,1031,3,-270,270,-238,235,2088,1667,442,13,5386,5842,5957,5311,1,1,31,3
207,29395162,-942,19,-114,-148,-172,0,0,1031,1032,5,-274,274,-250,239,2123,1720,444,-5,5467,5751,6025,51
88,1,1,31,3
208,29415165,-942,18,-113,-150,-173,0,0,1033,1032,1,-278,278,-204,242,1981,1570,446,-2,5388,5720,6044,5330,1,1,31,3
209,29435154,-943,17,-113,-151,-174,0,0,1033,1032,13,-281,281,-283,245,2276,1858,449,9,5386,5843,5956,5212,1,1,31,3
210,2945517
2,-943,16,-112,-151,-175,0,0,1035,1032,0,-286,286,-234,249,2099,1695,451,-10,5243,5860,5949,5457,1,1,31,3
211,29475173,-943,15,-111,-143,-175,0,0,1035,1033,3,-289,289,-224,252,2093,1673,454,4,5306,5888,5868,5345,1,1,31,3
212,29495160,-944,14,-111,-140,-176,0,0,1037,10
33,9,-292,292,-322,255,2453,2032,456,10,5459,5941,5954,5141,1,1,31,3
213,29515181,-944,14,-111,-141,-177,0,0,1038,1033,12,-297,297,-221,259,2093,1686,459,-13,5405,5746,5985,5222,1,1,31,3
214,29535177,-944,14,-111,-141,-178,0,0,1038,1033,15,-300,300,-256,262,2249,1
821,461,8,5402,5826,5927,5163,1,1,31,3
215,29555170,-944,13,-110,-143,-179,0,0,1041,1033,3,-303,303,-299,265,2405,1983,464,3,5384,5726,6062,5134,1,1,31,3
216,29575171,-945,14,-110,-146,-179,0,0,1040,1033,24,-308,308,-209,268,2093,1676,467,-10,5181,5783,5910,5407,1,1
,31,3
217,29595192,-945,14,-109,-138,-180,0,0,1041,1033,5,-311,311,-217,271,2150,1719,469,3,5201,5847,5935,5446,1,1,31,3
218,29615195,-945,13,-108,-135,-181,0,0,1041,1033,3,-315,315,-267,274,2338,1904,472,8,5392,5810,6030,5214,1,1,31,3
219,29635199,-945,12,-108,
-131,-182,0,0,1042,1033,0,-319,319,-229,279,2208,1782,474,-5,5397,5912,5900,5249,1,1,31,3
220,29655198,-946,8,-104,-127,-182,0,0,1041,1033,-33,-323,323,-251,281,2307,1873,477,3,5459,5967,5870,5159,1,1,31,3
221,29675009,-946,8,-103,-128,-183,0,0,1042,1033,0,-326,326,-23
9,284,2273,1843,480,-5,5554,5837,6077,5161,0,0,7,3
222,29695167,-946,9,-105,-129,-184,0,0,1041,1033,23,-330,330,-243,288,2310,1868,482,6,5229,5815,6082,5449,1,1,31,3
223,29715167,-946,11,-106,-127,-184,0,0,1041,1033,32,-334,334,-279,291,2443,2006,485,-1,5
359,5935,6046,5332,1,1,31,3
224,29735152,-946,11,-106,-123,-185,0,0,1040,1033,8,-337,337,-136,293,1946,1510,487,-14,5226,5882,5985,5613,1,1,31,3
225,29755173,-947,10,-105,-113,-186,0,0,1040,1033,0,-339,339,-195,296,2183,1730,490,5,5329,5997,6003,5518,1,1
,31,3
226,29775176,-947,9,-105,-107,-186,0,0,1040,1032,0,-342,342,-193,298,2180,1729,492,-2,5650,5990,5999,5188,1,1,31,3
227,29795176,-947,-8,-89,-108,-187,0,0,1040,1032,-201,-345,345,-123,301,1939,1490,495,-10,5516,5981,5962,5403,1,1,31,3
228,29815182,-947,-7,-85,-1
05,-188,0,0,1039,1032,-5,-347,347,-157,302,2090,1620,497,11,5466,5929,5996,5355,1,1,31,3
229,29835185,-947,-5,-86,-103,-188,0,0,1039,1032,22,-349,349,-169,304,2127,1668,499,-2,5451,5928,6077,5432,1,1,31,3
230,29855191,-947,-3,-87,-99,-189,0,0,1038,1032,1
5,-351,351,-96,306,1879,1416,501,-5,5342,5852,6079,5596,1,1,31,3
231,29875192,-947,-2,-89,-93,-190,0,0,1038,1032,15,-353,353,-155,308,2109,1632,503,11,5359,5930,6092,5549,1,1,31,3
232,29895192,-947,-1,-91,-88,-190,0,0,1037,1032,13,-355,355,-149,309,2078,1617,506,-
8,5497,6069,5932,5407,1,1,31,3
233,29915198,-947,-9,-85,-80,-191,0,0,1037,1031,-103,-356,356,-18,310,1624,1159,508,-15,5431,6116,5822,5649,1,1,31,3
234,29935181,-946,4,-96,-65,-191,0,0,1036,1031,151,-357,357,-124,311,2024,1536,509,12,5412,6158,5820,5498,1,1,31,3

235,29955201,-946,8,-104,-57,-192,0,0,1036,1031,61,-359,359,-156,313,2133,1654,512,1,5574,6074,5994,5368,1,1,31,3
236,29975206,-947,10,-108,-55,-193,0,0,1035,1031,31,-360,360,35,314,1442,985,514,-33,5484,5880,6000,5635,1,1,31,3
237,29995203,-947,10,-109,-50,-194,0,
0,1035,1031,12,-359,359,17,313,1548,1052,515,5,5474,5923,6028,5660,1,1,31,3
238,30015209,-947,11,-108,-47,-194,0,0,1034,1030,19,-359,359,-54,313,1797,1298,517,10,5401,5934,6077,5661,1,1,31,3
239,30035196,-947,10,-107,-42,-195,0,0,1033,1030,0,-361,361,-101,314,196
2,1467,519,6,5390,6026,6086,5685,1,1,31,3
240,30055216,-947,9,-106,-37,-196,0,0,1032,1030,0,-362,362,-63,316,1823,1336,521,-7,5704,6166,5915,5413,1,1,31,3
241,30075218,-948,11,-107,-38,-197,0,0,1032,1029,31,-362,362,-14,316,1662,1168,523,-5,5840,6161,5922,5366,1,1,31,3
2
42,30095224,-948,22,-118,-37,-197,0,0,1031,1029,147,-362,362,60,316,1399,905,524,-11,5580,6064,5887,5633,1,1,31,3
243,30115225,-948,32,-129,-33,-198,0,0,1030,1028,148,-361,361,-24,315,1718,1202,525,13,5453,5974,6110,5724,1,1,31,3
244,30135226,-949,34,-134,-33,-199,
0,0,1029,1028,58,-362,362,-17,316,1679,1177,527,-4,5520,5919,6144,5655,1,1,31,3
245,30155232,-950,34,-136,-38,-200,0,0,1029,1028,42,-362,362,82,315,1321,827,529,-18,5446,5798,6191,5845,1,1,31,3
246,30175235,-950,56,-156,-38,-201,0,0,1028,1027,317,-360,360,37,314,1508,985,530,10,552
4,6028,5974,5682,1,1,31,3
247,30195042,-951,56,-160,-37,-202,0,0,1028,1027,0,-360,360,-70,314,1884,1358,532,15,5608,6227,5884,5509,0,0,7,3
248,30215197,-953,62,-166,-39,-203,0,0,1027,1027,128,-362,362,-11,315,1654,1151,533,-13,5719,6083,5971,5462,1,1,31,3
249,30235
199,-954,88,-195,-50,-205,0,0,1027,1027,462,-361,361,59,315,1417,907,535,-9,5840,5946,6128,5487,1,1,31,3
250,30255201,-956,88,-200,-65,-206,0,0,1026,1026,80,-359,359,104,313,1270,747,536,-1,5635,5997,6020,5712,1,1,31,3
251,30275206,-957,101,-215,-74,-208,0
,0,1027,1026,245,-358,358,-3,312,1656,1120,537,14,5655,6064,6096,5631,1,1,31,3
252,30295208,-959,117,-235,-81,-209,0,0,1026,1026,297,-358,358,31,312,1514,997,539,-9,5509,6072,5994,5758,1,1,31,3
253,30315214,-962,130,-253,-85,-211,0,0,1026,1026,281,-357,357,135,311,1
143,628,540,-14,5511,6018,5984,5887,1,1,31,3
254,30335215,-964,136,-262,-88,-212,0,0,1026,1025,200,-356,356,19,310,1581,1035,541,18,5505,6074,5995,5729,1,1,31,3
255,30355218,-967,141,-267,-94,-214,0,0,1026,1025,199,-356,356,52,310,1437,915,542,-9,5683,6067,5954,5
579,1,1,31,3
256,30375218,-970,135,-257,-104,-216,0,0,1025,1025,67,-355,355,101,309,1265,739,544,-8,5984,5954,6002,5304,1,1,31,3
257,30395203,-972,128,-244,-123,-218,0,0,1027,1025,55,-353,353,38,308,1502,961,545,8,5743,6028,6015,5507,1,1,31,3
258,30415222,
-975,149,-264,-133,-220,0,0,1027,1026,390,-352,352,118,307,1201,674,546,-9,5509,6016,5833,5706,1,1,31,3
259,30435227,-978,174,-297,-127,-222,0,0,1028,1026,589,-350,350,101,305,1269,727,547,6,5230,6105,5774,5979,1,1,31,3
260,30455229,-981,198,-332,-115,-224,0,0,1028,1026,476,-348,
348,124,303,1177,641,548,-1,5353,6049,5777,5851,1,1,31,3
261,30475219,-985,193,-332,-114,-226,0,0,1029,1026,134,-345,345,154,301,1070,529,549,2,5672,5900,5933,5596,1,1,31,3
262,30495237,-989,198,-337,-129,-228,0,0,1030,1026,261,-342,342,147,299,1087,544,549,3,5886,5740,6048,53
27,1,1,31,3
263,30515237,-993,197,-333,-156,-230,0,0,1030,1026,181,-340,340,98,297,1252,709,550,4,5827,5936,5909,5357,1,1,31,3
264,30535225,-997,210,-346,-173,-233,0,0,1031,1026,367,-339,339,105,296,1216,678,551,-2,5891,5915,5920,5302,1,1,31,3
265,30555238,-1001,234
,-376,-189,-235,0,0,1031,1027,514,-336,336,214,293,817,289,552,-16,5558,6045,5665,5721,1,1,31,3
266,30575250,-1006,259,-411,-188,-238,0,0,1032,1027,564,-332,332,239,290,736,192,552,-1,5070,5998,5690,6229,1,1,31,3
267,30595246,-1011,273,-434,-179,-241,0,0,1032,102
7,435,-329,329,202,287,859,311,553,4,5338,5801,5858,5867,1,1,31,3
268,30615238,-1017,249,-409,-182,-244,0,0,1035,1027,-23,-326,326,211,284,808,266,553,-3,5758,5757,5887,5460,1,1,31,3
269,30635252,-1022,225,-372,-206,-246,0,0,1035,1027,-192,-323,323,211,282,807,259,
553,3,6210,5593,6026,4983,1,1,31,3
270,30655259,-1026,219,-353,-237,-249,0,0,1037,1027,156,-319,319,190,278,869,323,554,1,5942,5833,5799,5231,1,1,31,3
271,30675257,-1031,244,-377,-253,-251,0,0,1037,1027,595,-315,315,248,275,646,108,554,-10,5509,5888,5606,5645,1,1
,31,3
272,30695266,-1035,269,-411,-248,-254,0,0,1040,1028,880,-312,312,244,272,662,109,554,5,5133,5990,5503,6011,1,1,31,3
273,30715067,-1041,269,-419,-231,-257,0,0,1040,1028,0,-308,308,222,268,724,177,554,0,5301,5793,5701,5810,0,0,7,3
274,30735229,-1046,281,-431,-2
31,-260,0,0,1043,1029,419,-305,305,199,266,792,244,555,3,5792,5546,5959,5295,1,1,31,3
275,30755228,-1052,255,-405,-250,-263,0,0,1043,1029,-43,-302,302,281,263,484,-54,555,-11,6061,5483,5908,5074,1,1,31,3
276,30775238,-1057,229,-364,-287,-266,0,0,1045,1029,-328,-2
97,297,213,259,733,179,555,9,5872,5682,5768,5191,1,1,31,3
277,30795234,-1062,211,-330,-306,-268,0,0,1045,1029,0,-292,292,192,255,783,235,555,3,5429,5768,5663,5589,1,1,31,3
278,30815243,-1066,236,-352,-302,-271,0,0,1049,1030,628,-289,289,211,252,704,156,555,3,5373,5743
,5660,5659,1,1,31,3
279,30835241,-1070,261,-389,-290,-274,0,0,1050,1030,764,-285,285,238,249,598,49,555,2,5412,5795,5583,5650,1,1,31,3
280,30855247,-1076,270,-409,-281,-276,0,0,1050,1030,363,-283,283,180,246,786,244,556,-2,5314,5796,5647,5714,1,1,31,3
281,30875250,-108
1,274,-419,-274,-279,0,0,1052,1030,328,-278,278,311,242,307,-229,556,-14,5733,5640,5720,5464,1,1,31,3
282,30895254,-1087,249,-392,-287,-282,0,0,1052,1030,-49,-272,272,218,237,641,85,556,9,5869,5642,5753,5188,1,1,31,3
283,30915256,-1092,246,-380,-306,-285,0,0,1053
,1031,204,-268,268,183,234,741,192,556,5,5945,5671,5832,5166,1,1,31,3
284,30935256,-1096,245,-376,-323,-288,0,0,1053,1031,236,-264,264,258,230,450,-84,556,-14,5664,5722,5723,5542,1,1,31,3
285,30955263,-1101,264,-398,-324,-291,0,0,1054,1030,486,-258,258,294,225,319,
-226,556,-5,5457,5821,5669,5864,1,1,31,3
286,30975261,-1107,289,-428,-311,-294,0,0,1054,1030,619,-253,253,245,221,490,-69,555,11,5397,5807,5687,5838,1,1,31,3
287,30995269,-1112,286,-434,-301,-297,0,0,1055,1030,256,-249,249,217,217,562,14,555,1,5612,5782,5794,5668
,1,1,31,3
288,31015270,-1118,277,-426,-306,-300,0,0,1054,1030,164,-245,245,208,214,582,34,555,1,5883,5703,5902,5415,1,1,31,3
289,31035271,-1124,252,-394,-316,-303,0,0,1054,1029,-70,-243,243,198,212,601,54,555,0,6073,5756,5932,5297,1,1,31,3
290,31055277,-1129,232,-3
61,-336,-305,0,0,1053,1029,0,-240,240,130,209,843,288,556,10,6035,5706,6037,5263,1,1,31,3
291,31075277,-1133,238,-360,-349,-308,0,0,1054,1029,311,-237,237,201,207,561,28,556,-15,5488,5907,5809,5932,1,1,31,3
292,31095281,-1138,263,-390,-337,-311,0,0,1053,1028
,664,-233,233,295,203,233,-312,556,-8,5347,5909,5654,6092,1,1,31,3
293,31115286,-1143,285,-421,-317,-314,0,0,1054,1028,544,-230,230,192,201,604,38,555,18,5277,5957,5750,6111,1,1,31,3
294,31135283,-1149,263,-408,-304,-316,0,0,1054,1028,1,-229,229,98,199,919,365,556,8
,5755,5802,5956,5517,1,1,31,3
295,31155286,-1154,242,-378,-311,-319,0,0,1054,1027,0,-225,225,247,196,363,-169,556,-20,6163,5635,5920,5201,1,1,31,3
296,31175292,-1159,220,-343,-333,-322,0,0,1055,1027,-44,-220,220,126,192,817,250,556,19,6067,5802,5877,5180,1,
1,31,3
297,31195280,-1164,230,-349,-345,-324,0,0,1054,1027,354,-217,217,114,189,827,278,556,2,5789,5883,5813,5471,1,1,31,3
298,31215297,-1168,231,-352,-347,-327,0,0,1055,1027,239,-214,214,242,187,347,-187,556,-18,5873,5960,5721,5625,1,1,31,3
299,31235105,-1173,23
1,-355,-335,-330,0,0,1054,1027,0,-210,210,230,183,397,-153,556,-1,5105,5950,5705,6340,0,0,7,3
300,31255262,-1177,250,-380,-303,-332,0,0,1054,1026,456,-207,207,173,181,596,38,556,8,5365,5851,5869,6040,1,1,31,3
301,31275264,-1182,229,-362,-281,-335,0,0,1054,1026,0,-205,2
05,158,179,627,81,556,-5,5693,5882,5841,5699,1,1,31,3
302,31295264,-1187,203,-327,-277,-337,0,0,1055,1026,-91,-203,203,190,177,505,-39,556,-8,6119,5770,5939,5323,1,1,31,3
303,31315272,-1191,186,-298,-286,-340,0,0,1055,1026,-9,-200,200,157,174,625,69,556,6,6249,5
784,5929,5134,1,1,31,3
304,31335277,-1195,160,-261,-295,-342,0,0,1056,1026,-217,-197,197,63,172,951,395,557,8,5711,6018,5814,5619,1,1,31,3
305,31355275,-1198,169,-265,-284,-344,0,0,1056,1026,267,-196,196,125,171,704,166,557,-13,5422,5956,5723,5885,1,1,31,3
306,313
75264,-1201,189,-293,-272,-346,0,0,1057,1026,420,-194,194,124,169,719,167,557,1,5579,5918,5851,5810,1,1,31,3
307,31395281,-1205,174,-284,-262,-348,0,0,1057,1026,0,-193,193,67,169,919,364,558,5,5488,5862,5901,5789,1,1,31,3
308,31415288,-1209,149,-254,-258,
-350,0,0,1058,1026,-170,-193,193,7,168,1131,572,558,10,5788,5774,6054,5443,1,1,31,3
309,31435273,-1212,124,-218,-257,-352,0,0,1058,1026,-215,-193,193,52,168,957,412,559,-5,5722,5773,5954,5500,1,1,31,3
310,31455296,-1214,114,-200,-254,-354,0,0,1059,1027,-5,-192,192,9
,168,1116,563,560,4,5674,5897,5877,5511,1,1,31,3
311,31475291,-1216,116,-201,-244,-355,0,0,1059,1027,144,-192,192,26,167,1053,503,561,1,5585,5973,5727,5559,1,1,31,3
312,31495282,-1219,126,-217,-234,-357,0,0,1060,1027,236,-191,191,11,167,1104,552,561,2,570
1,6030,5764,5511,1,1,31,3
313,31515298,-1221,116,-212,-227,-358,0,0,1060,1027,0,-191,191,29,166,1040,489,562,0,5589,5932,5760,5553,1,1,31,3
314,31535303,-1224,114,-210,-215,-360,0,0,1062,1027,89,-191,191,68,166,890,349,563,-11,5198,5675,6001,6008,1,1,31,
3
315,31555303,-1226,102,-196,-198,-362,0,0,1062,1028,-35,-190,190,47,166,981,422,563,6,5284,5571,6037,5806,1,1,31,3
316,31575309,-1228,93,-183,-186,-363,0,0,1063,1028,-14,-191,191,-20,166,1216,659,564,8,5573,5779,5939,5504,1,1,31,3
317,31595311,-1230,77,-164,-181
,-364,0,0,1064,1028,-105,-191,191,-32,167,1257,703,565,4,5791,5899,5821,5266,1,1,31,3
318,31615318,-1231,71,-154,-180,-366,0,0,1065,1028,0,-190,190,28,166,1038,490,566,-5,5872,5952,5766,5297,1,1,31,3
319,31635315,-1233,65,-148,-177,-367,0,0,1065,1028,-5,-190,190,
-73,166,1407,848,567,9,5653,5976,5838,5418,1,1,31,3
320,31655316,-1234,60,-145,-168,-368,0,0,1066,1028,2,-192,192,-77,167,1414,861,568,2,5407,5935,5943,5723,1,1,31,3
321,31675305,-1235,56,-142,-158,-369,0,0,1065,1028,8,-192,192,-50,168,1318,768,569,-3,5390,5880,5966,575
9,1,1,31,3
322,31695325,-1236,54,-141,-145,-370,0,0,1067,1028,33,-193,193,-21,168,1224,669,570,0,5452,5812,6061,5773,1,1,31,3
323,31715327,-1237,50,-140,-133,-371,0,0,1067,1028,0,-194,194,-37,169,1286,728,571,2,5553,5786,6017,5570,1,1,31,3
324,31735331,-1238,34,-1
26,-130,-372,0,0,1067,1028,-160,-196,196,-77,171,1430,870,572,4,5699,5865,6020,5430,1,1,31,3
325,31755137,-1239,34,-123,-131,-373,0,0,1067,1028,0,-197,197,-126,172,1610,1049,574,6,5779,5865,6065,5301,0,0,7,3
326,31775293,-1240,31,-122,-136,-374,0,0,1069,
1028,0,-198,198,-76,173,1424,876,575,-10,5756,5905,6010,5408,1,1,31,3
327,31795299,-1240,22,-116,-137,-375,0,0,1068,1028,-75,-199,199,-34,173,1291,733,576,-3,5272,5847,5952,5846,1,1,31,3
328,31815301,-1241,32,-124,-123,-376,0,0,1069,1028,142,-201,201,-140,175,1680,111
0,577,12,5192,5874,6063,5858,1,1,31,3
329,31835302,-1241,29,-126,-110,-376,0,0,1069,1028,0,-204,204,-118,178,1601,1040,579,1,5334,5754,6151,5726,1,1,31,3
330,31855291,-1242,32,-131,-107,-377,0,0,1069,1028,67,-206,206,-191,179,1869,1303,581,8,5645,5809,6218,5395,1
,1,31,3
331,31875306,-1243,7,-110,-116,-378,0,0,1069,1028,-554,-210,210,-222,183,1987,1422,582,6,5705,5891,6149,5285,1,1,31,3
332,31895298,-1243,6,-104,-127,-378,0,0,1069,1028,0,-212,212,-68,185,1436,890,584,-21,5796,5860,6071,5377,1,1,31,3
333,31915312,-1243,8,-10
5,-136,-379,0,0,1069,1028,25,-213,213,-122,186,1671,1089,585,17,5830,5901,6105,5294,1,1,31,3
334,31935319,-1243,12,-111,-137,-380,0,0,1069,1027,58,-217,217,-258,190,2145,1570,587,12,5186,6090,6075,5847,1,1,31,3
335,31955304,-1243,29,-129,-123,-380,0,0,1068,1027,228,
-222,222,-215,194,1990,1431,590,-8,5143,5922,6152,5880,1,1,31,3
336,31975325,-1244,27,-134,-116,-381,0,0,1069,1027,0,-225,225,-155,196,1802,1234,591,-4,5551,5759,6341,5597,1,1,31,3
337,31995324,-1244,7,-117,-123,-382,0,0,1068,1027,-227,-228,228,-238,199,2120,1537,5
93,12,5597,5771,6394,5449,1,1,31,3
338,32015330,-1245,6,-111,-136,-382,0,0,1068,1027,0,-234,234,-309,204,2374,1798,596,5,5718,5995,6256,5279,1,1,31,3
339,32035315,-1245,-2,-103,-144,-383,0,0,1068,1027,-95,-237,237,-208,207,2023,1460,598,-13,5904,6030,6102,5159,1,1,
31,3
340,32055334,-1245,-11,-93,-152,-384,0,0,1068,1027,-124,-239,239,-179,209,1946,1364,600,2,5480,6090,6049,5632,1,1,31,3
341,32075337,-1244,8,-108,-140,-384,0,0,1068,1027,233,-245,245,-389,214,2718,2116,602,28,5151,6163,6135,5712,1,1,31,3
342,32095338,-1245,
10,-115,-124,-384,0,0,1068,1027,40,-253,253,-359,221,2596,2027,606,-9,5213,5958,6336,5710,1,1,31,3
343,32115341,-1245,9,-116,-117,-385,0,0,1067,1027,-6,-259,259,-246,226,2228,1655,608,-11,5473,5769,6436,5556,1,1,31,3
344,32135341,-1245,8,-116,-123,-386,0,0,1067,1027
,0,-265,265,-300,231,2456,1861,611,10,5597,5875,6461,5442,1,1,31,3
345,32155348,-1245,8,-116,-132,-386,0,0,1067,1026,0,-272,272,-379,237,2755,2159,613,9,5637,6155,6266,5329,1,1,31,3
346,32175346,-1245,6,-115,-138,-387,0,0,1067,1026,-8,-278,278,-351,243,2661,2082,
617,-13,5818,6298,6133,5208,1,1,31,3
347,32195355,-1245,-1,-109,-144,-387,0,0,1066,1025,-83,-282,282,-305,246,2536,1940,619,-1,5766,6348,6056,5299,1,1,31,3
348,32215335,-1245,11,-117,-144,-388,0,0,1066,1025,142,-287,287,-423,250,2980,2367,622,13,5536,6339,
6185,5415,1,1,31,3
349,32235344,-1246,28,-135,-140,-388,0,0,1065,1024,238,-294,294,-450,257,3081,2479,626,-2,5130,6049,6508,5800,1,1,31,3
350,32255358,-1246,22,-133,-137,-389,0,0,1065,1024,-55,-301,301,-318,262,2623,2033,629,-23,5221,5725,6665,5783,1,1,31
,3
351,32275170,-1247,22,-132,-138,-389,0,0,1065,1024,0,-305,305,-272,266,2503,1891,632,-5,5313,5756,6607,5729,0,0,7,3
352,32295320,-1247,20,-130,-142,-390,0,0,1065,1024,0,-311,311,-438,271,3130,2494,635,19,5636,6197,6281,5189,1,1,31,3
353,32315331,-1247,19,-129
,-145,-391,0,0,1066,1024,11,-318,318,-497,277,3349,2720,639,11,5819,6564,5975,4952,1,1,31,3
354,32335328,-1248,18,-129,-143,-391,0,0,1066,1024,5,-325,325,-287,284,2592,1997,642,-31,5734,6414,5898,5210,1,1,31,3
355,32355337,-1248,32,-142,-140,-392,0,0,1066,1024,187,-
330,330,-382,288,3008,2357,645,24,5536,6132,6293,5301,1,1,31,3
356,32375335,-1249,43,-154,-143,-392,0,0,1066,1024,165,-338,338,-448,295,3242,2604,649,7,5290,5806,6691,5496,1,1,31,3
357,32395325,-1250,41,-154,-150,-393,0,0,1066,1024,15,-345,345,-459,301,3
305,2670,652,1,5164,5750,6767,5608,1,1,31,3
358,32415339,-1251,37,-148,-157,-394,0,0,1066,1024,-6,-351,351,-298,306,2736,2118,656,-23,5189,5891,6483,5741,1,1,31,3
359,32435330,-1251,50,-158,-158,-395,0,0,1067,1023,206,-355,355,-282,310,2728,2083,659,2,5562,6136,623
8,5371,1,1,31,3
360,32455350,-1252,53,-164,-150,-395,0,0,1068,1024,79,-363,363,-455,316,3369,2706,662,18,5398,6606,5897,5326,1,1,31,3
361,32475355,-1253,68,-179,-144,-396,0,0,1069,1023,242,-368,368,-362,321,3042,2401,666,-9,5892,6470,5884,4856,1,1,31,3
362,32495
354,-1255,62,-179,-145,-397,0,0,1070,1024,-1,-374,374,-299,326,2839,2196,669,-11,5441,5967,6328,5356,1,1,31,3
363,32515358,-1256,61,-174,-154,-398,0,0,1069,1024,47,-379,379,-313,330,2928,2263,672,8,5331,5655,6629,5407,1,1,31,3
364,32535360,-1257,62,-171,-169,-39
9,0,0,1070,1024,76,-387,387,-438,337,3394,2719,676,18,5126,5765,6718,5565,1,1,31,3
365,32555365,-1258,60,-165,-175,-400,0,0,1070,1024,33,-395,395,-273,344,2801,2161,679,-24,5119,6021,6268,5692,1,1,31,3
366,32575349,-1260,78,-179,-166,-401,0,0,1071,1024,282,-401,401
,-337,349,3083,2412,683,6,5194,6290,6131,5600,1,1,31,3
367,32595370,-1261,72,-179,-158,-402,0,0,1071,1024,5,-407,407,-443,355,3483,2805,686,12,5569,6427,6078,5097,1,1,31,3
368,32615370,-1263,47,-156,-158,-403,0,0,1073,1024,-329,-412,412,-438,359,3476,2806
,690,0,5676,6506,6022,5017,1,1,31,3
369,32635376,-1264,46,-146,-159,-403,0,0,1073,1024,29,-417,417,-356,364,3195,2531,694,-12,5582,6163,6209,5103,1,1,31,3
370,32655363,-1264,45,-141,-162,-404,0,0,1074,1024,31,-421,421,-298,367,3018,2343,697,-5,5352,5960,6349,536
4,1,1,31,3
371,32675382,-1265,54,-147,-164,-405,0,0,1075,1024,170,-425,425,-320,371,3115,2433,701,0,4896,5677,6618,5755,1,1,31,3
372,32695384,-1266,65,-157,-157,-406,0,0,1076,1024,190,-433,433,-396,378,3409,2715,705,10,4915,5971,6415,5671,1,1,31,3
373,32715385,-126
8,62,-158,-149,-407,0,0,1076,1024,24,-439,439,-385,383,3382,2699,708,-4,5229,6206,6117,5308,1,1,31,3
374,32735390,-1269,49,-149,-139,-407,0,0,1078,1025,-104,-445,445,-352,388,3285,2600,712,-7,5453,6585,5763,5160,1,1,31,3
375,32755377,-1270,47,-145,-131,-408,0,0,107
9,1025,21,-449,449,-435,391,3618,2913,716,13,5621,6597,5791,4857,1,1,31,3
376,32775397,-1271,22,-122,-130,-409,0,0,1079,1025,-296,-454,454,-384,396,3438,2745,720,-3,5803,6393,5922,4696,1,1,31,3
377,32795204,-1271,22,-116,-134,-410,0,0,1080,1025,0,-459,459,-327,400,3
252,2560,724,-8,5128,5733,6561,5449,0,0,7,3
378,32815360,-1272,28,-118,-136,-410,0,0,1081,1026,90,-463,463,-284,404,3117,2420,727,-6,5006,5673,6565,5586,1,1,31,3
379,32835365,-1272,33,-123,-132,-411,0,0,1082,1025,86,-468,468,-332,408,3323,2606,731,13,4813
,5888,6405,5726,1,1,31,3
380,32855363,-1273,30,-124,-121,-411,0,0,1082,1025,0,-473,473,-373,413,3479,2765,735,6,4778,6160,6143,5688,1,1,31,3
381,32875366,-1274,39,-133,-99,-412,0,0,1083,1026,144,-479,479,-296,418,3210,2508,738,-11,5259,6543,5732,5322,1,1,31,3
382,32895372
,-1274,52,-149,-80,-413,0,0,1083,1026,198,-483,483,-306,421,3275,2562,742,-1,5563,6445,5790,4943,1,1,31,3
383,32915372,-1275,47,-152,-72,-414,0,0,1084,1026,-13,-489,489,-358,427,3484,2758,746,11,5561,6239,6132,4970,1,1,31,3
384,32935374,-1276,36,-141,-77,-414,0,0,108
3,1026,-93,-494,494,-317,430,3348,2631,749,-3,5573,6225,6105,4990,1,1,31,3
385,32955376,-1277,36,-136,-84,-415,0,0,1084,1026,36,-498,498,-224,434,3030,2317,753,-13,5304,5880,6433,5410,1,1,31,3
386,32975383,-1278,30,-126,-90,-416,0,0,1083,1026,-43,-502,502,-217,438
,3032,2305,756,-1,5144,5779,6495,5529,1,1,31,3
387,32995385,-1278,38,-129,-94,-416,0,0,1082,1026,133,-506,506,-297,441,3340,2600,760,11,4985,6120,6322,5693,1,1,31,3
388,33015386,-1279,57,-149,-79,-417,0,0,1081,1026,275,-510,510,-219,445,3068,2338,763,-6,5055,6433,594
8,5706,1,1,31,3
389,33035391,-1280,52,-152,-56,-418,0,0,1080,1025,0,-515,515,-311,449,3427,2676,767,14,5373,6761,5811,5390,1,1,31,3
390,33055391,-1281,64,-166,-37,-418,0,0,1079,1025,205,-521,521,-323,454,3478,2733,770,2,5628,6574,6040,5149,1,1,31,3
391,33075397,
-1283,59,-166,-36,-419,0,0,1078,1025,2,-526,526,-253,459,3245,2504,774,-9,5696,6340,6275,5206,1,1,31,3
392,33095398,-1284,57,-162,-45,-420,0,0,1077,1024,36,-529,529,-177,461,2994,2250,778,-13,5582,6135,6436,5408,1,1,31,3
393,33115399,-1285,47,-148,-59,-421,0,0,1077,
1024,-73,-533,533,-248,465,328
0,2512,781,8,5248,5987,6721,5728,1,1,31,3
394,33135404,-1286,49,-146,-67,-422,0,0,1075,1024,65,-536,536,-181,468,3045,2285,784,-7,5272,6063,6522,5705,1,1,31,3
395,33155408,-1287,73,-169,-66,-423,0,0,1073,1023,451,-539,539,-89,470,2728,1971,787,-15,5417,6493,6085,57
20,1,1,31,3
396,33175410,-1288,93,-199,-52,-424,0,0,1071,1023,329,-541,541,-169,472,3054,2262,790,17,5516,6791,5900,5562,1,1,31,3
397,33195414,-1290,107,-226,-39,-425,0,0,1071,1022,263,-545,545,-208,475,3186,2406,794,-1,5663,6650,6154,5458,1,1,31,3
398,33215399,
-1292,99,-222,-43,-426,0,0,1068,1022,8,-549,549,-247,479,3349,2558,797,4,5683,6445,6397,5391,1,1,31,3
399,33235401,-1294,82,-197,-55,-427,0,0,1067,1021,-117,-552,552,-207,482,3217,2428,801,-4,5500,6257,6629,5687,1,1,31,3
400,33255424,-1296,106,-216,-73,-429,0,0,1065,102
1,397,-554,554,-25,483,2576,1794,803,-17,5618,6029,6681,5732,1,1,31,3
401,33275425,-1298,131,-250,-85,-430,0,0,1064,1020,516,-556,556,-109,485,2912,2096,806,13,5415,6491,6331,5869,1,1,31,3
402,33295430,-1301,150,-281,-82,-431,0,0,1061,1020,368,-559,559,-11
2,487,2912,2110,809,-7,5487,6767,6047,5789,1,1,31,3
403,33315238,-1304,150,-287,-76,-433,0,0,1060,1019,0,-560,560,-139,489,3042,2217,812,11,5779,6788,6126,5529,0,0,7,3
404,33335395,-1307,152,-290,-82,-435,0,0,1058,1019,180,-564,564,-266,492,3505,2670,816,15,6008,
6600,6437,5179,1,1,31,3
405,33355399,-1310,167,-307,-96,-436,0,0,1057,1018,336,-567,567,-246,495,3431,2611,820,-5,5751,6496,6567,5500,1,1,31,3
406,33375400,-1313,160,-298,-116,-438,0,0,1055,1018,76,-569,569,-36,497,2679,1876,823,-27,5503,6348,6443,5874,1,1,31,3
407
,33395400,-1316,186,-322,-125,-440,0,0,1055,1017,492,-571,571,-109,498,2981,2142,826,4,5373,6499,6396,5948,1,1,31,3
408,33415400,-1320,210,-356,-124,-442,0,0,1053,1017,487,-573,573,-87,500,2909,2071,829,-1,5348,6513,6291,5920,1,1,31,3
409,33435405,-1324,21
5,-370,-122,-444,0,0,1052,1017,275,-576,576,-125,502,3061,2214,832,2,5635,6721,6160,5630,1,1,31,3
410,33455406,-1328,209,-364,-130,-446,0,0,1050,1017,143,-578,578,-174,504,3246,2392,835,5,5888,6631,6267,5296,1,1,31,3
411,33475413,-1333,201,-351,-149,-448,
0,0,1050,1017,101,-580,580,-127,506,3070,2233,838,-14,5914,6419,6492,5376,1,1,31,3
412,33495416,-1337,182,-322,-169,-450,0,0,1049,1017,-39,-582,582,-57,507,2837,1994,841,-10,5608,6300,6432,5627,1,1,31,3
413,33515418,-1340,200,-333,-180,-452,0,0,1050,1017,407,-582,58
2,-95,508,3008,2133,844,18,5505,6402,6370,5679,1,1,31,3
414,33535424,-1344,224,-366,-178,-455,0,0,1049,1018,562,-585,585,-149,510,3187,2324,847,2,5119,6550,6172,5920,1,1,31,3
415,33555423,-1349,247,-402,-172,-457,0,0,1049,1018,515,-587,587,-176,512,3295,2429,851,
3,5136,6695,6076,5895,1,1,31,3
416,33575424,-1354,230,-386,-164,-459,0,0,1049,1018,25,-588,588,7,513,2626,1787,854,-24,5434,6566,5963,5708,1,1,31,3
417,33595429,-1358,210,-359,-169,-462,0,0,1049,1018,-16,-589,589,-91,513,3020,2138,856,15,5831,6079,6522,5176,1,1,31,3


418,33615431,-1363,186,-321,-194,-464,0,0,1049,1018,-228,-591,591,-107,515,3063,2198,859,-5,5971,6152,6402,4966,1,1,31,3
419,33635435,-1366,180,-304,-218,-466,0,0,1050,1018,115,-592,592,-52,516,2875,2009,862,-5,5798,6347,6193,5223,1,1,31,3
420,33655437,-1370,205,-
330,-223,-468,0,0,1049,1018,687,-592,592,10,516,2655,1790,865,-10,5136,6470,5966,5898,1,1,31,3
421,33675423,-1374,229,-369,-211,-470,0,0,1050,1018,849,-592,592,-70,517,2967,2077,868,14,5031,6625,5930,5957,1,1,31,3
422,33695445,-1379,211,-357,-182,-473,0,0,1050,1018,0,-594
,594,0,518,2697,1829,871,-10,4785,6447,5960,6197,1,1,31,3
423,33715428,-1383,215,-358,-161,-475,0,0,1051,1018,258,-594,594,20,518,2643,1762,873,1,5397,6093,6306,5606,1,1,31,3
424,33735432,-1387,190,-327,-165,-477,0,0,1050,1019,-314,-595,595,-99,519,3086,21
84,876,19,5651,6002,6448,5170,1,1,31,3
425,33755451,-1391,166,-292,-188,-479,0,0,1051,1019,-347,-597,597,-66,521,2938,2069,879,-16,6046,6133,6375,4911,1,1,31,3
426,33775449,-1394,166,-285,-209,-481,0,0,1051,1019,166,-597,597,36,521,2581,1714,882,-19,5536,6419,5940,5
460,1,1,31,3
427,33795458,-1397,190,-315,-202,-483,0,0,1052,1019,659,-595,595,91,519,2410,1521,884,2,5256,6620,5694,5786,1,1,31,3
428,33815456,-1401,215,-351,-177,-485,0,0,1052,1020,622,-595,595,4,518,2726,1822,886,15,4870,6547,5800,6038,1,1,31,3
429,33835267,-140
6,215,-361,-150,-488,0,0,1053,1020,0,-595,595,16,519,2664,1778,889,-4,4954,6242,6087,5969,0,0,7,3
430,33855420,-1410,225,-374,-142,-490,0,0,1053,1020,335,-596,596,-64,520,2968,2065,891,11,5524,5884,6513,5306,1,1,31,3
431,33875427,-1414,199,-344,-167,-492,0,0,105
3,1020,-320,-598,598,-85,522,3034,2140,894,-1,5719,6010,6404,5094,1,1,31,3
432,33895427,-1418,173,-307,-200,-494,0,0,1053,1020,-551,-598,598,15,522,2680,1794,897,-11,5759,6269,6112,5208,1,1,31,3
433,33915431,-1422,160,-284,-216,-496,0,0,1053,1020,7,-596,596,76,520,
2473,1577,899,-2,5590,6443,5884,5431,1,1,31,3
434,33935433,-1425,185,-310,-209,-498,0,0,1053,1021,584,-595,595,-8,518,2787,1868,902,19,5393,6577,5874,5585,1,1,31,3
435,33955438,-1429,210,-349,-192,-501,0,0,1052,1021,693,-596,596,-90,519,3065,2155,905,8,5
096,6564,5960,5810,1,1,31,3
436,33975437,-1433,235,-388,-176,-503,0,0,1052,1021,606,-596,596,27,520,2630,1742,907,-16,5173,6253,6228,5920,1,1,31,3
437,33995445,-1438,245,-410,-174,-506,0,0,1051,1020,356,-596,596,61,520,2524,1624,910,-8,5539,5894,6564,5587
,1,1,31,3
438,34015442,-1443,227,-391,-200,-508,0,0,1051,1020,24,-597,597,-26,520,2851,1932,912,7,5783,6045,6487,5244,1,1,31,3
439,34035451,-1447,203,-356,-227,-510,0,0,1050,1021,-312,-598,598,-15,521,2799,1895,915,-10,5816,6348,6172,5227,1,1,31,3
440,34055452,-1451,191,-335,-2
41,-513,0,0,1047,1020,58,-597,597,106,520,2366,1469,918,-19,5711,6429,6022,5490,1,1,31,3
441,34075
438,-1455,216,-362,-241,-515,0,0,1047,1020,541,-594,594,134,518,2286,1368,920,0,5587,6719,5802,5727,1,1,31,3
442,34095459,-1459,240,-398,-224,-518,0,0,1045,1020,522,-593,593,26,517,2675,1743,922,9,5009,6774,5791,6144,1,1,31,3
443,34115444,-1464,221,-384,-199,-520,0,
0,1045,1020,0,-593,593,41,517,2611,1687,924,-1,5101,6410,6170,6100,1,1,31,3
444,34135445,-1469,196,-350,-189,-522,0,0,1043,1019,-144,-593,593,116,517,2335,1420,927,-13,5610,5835,6630,5622,1,1,31,3
445,34155449,-1472,181,-321,-200,-525,0,0,1043,1019,0,-592,592,19,51
7,2709,1762,929,15,5738,5943,6674,5449,1,1,31,3
446,34175469,-1476,165,-296,-223,-527,0,0,1042,1019,-21,-593,593,19,517,2691,1760,931,-4,5968,6340,6242,5194,1,1,31,3
447,34195475,-1479,168,-298,-227,-529,0,0,1042,1019,204,-592,592,58,516,2551,1625,934,-12,5492,6868,
5693,5722,1,1,31,3
448,34215474,-1483,193,-330,-211,-531,0,0,1041,1019,484,-590,590,68
,515,2531,1586,936,4,5496,6781,5722,5671,1,1,31,3
449,34235477,-1487,217,-368,-184,-533,0,0,1041,1019,670,-589,589,75,513,2500,1556,938,1,5100,6502,6055,6137,1,1,31,3
450,34255477,-1491,211,-370,-163,-536,0,0,1039,1019,142,-588,588,53,513,2582,1630,940,7,5262,6099,6
442,5916,1,1,31,3
451,34275485,-1495,195,-351,-167,-538,0,0,1039,1018,5,-588,588,41,512,2617,1668,943,1,5695,6032,6570,5525,1,1,31,3
452,34295486,-1499,171,-317,-190,-540,0,0,1038,1018,-285,-587,587,94,512,2419,1483,945,-15,5924,6203,6326,5327,1,1,31,3
453,34315
489,-1502,165,-305,-211,-542,0,0,1039,1018,95,-584,584,169,509,2156,1213,947,-10,5873,6497,6015,5501,1,1,31,3
454,34335475,-1506,171,-310,-214,-545,0,0,1037,1018,250,-582,582,79,507,2493,1524,949,13,5789,6659,5927,5481,1,1,31,3
455,34355304,-1509,171,-312,-198,-547,
0,0,1037,1017,0,-580,580,59,506,2551,1586,951,6,5255,6606,6083,6087,0,0,7,3
456,34375457,-1513,195,-343,-182,-549,0,0,1037,1017,456,-579,579,60,505,2543,1579,953,2,5379,6425,6192,5895,1,1,31,3
457,34395455,-1517,179,-331,-170,-551,0,0,1037,1017,0,-579,579,85,505,24
46,1487,955,-6,5340,6087,6497,5953,1,1,31,3
458,34415445,-1520,166,-310,-173,-553,0,0,1037,1018,24,-577,577,110,504,2363,1396,957,1,5696,6082,6483,5622,1,1,31,3
459,34435447,-1523,141,-273,-184,-555,0,0,1035,1018,-322,-577,577,70,503,2507,1535,959,4,5875,6246,6301,534
9,1,1,31,3
460,34455468,-1526,115,-237,-195,-557,0,0,1036,1017,-210,-575,575,81,501,2463,1495,962,-2,5742,6551,6061,5569,1,1,31,3
461,34475469,-1529,112,-229,-192,-559,0,0,1035,1017,80,-574,574,52,500,2569,1589,964,6,5652,6716,5843,5550,1,1,31,3
462,34495471,-
1531,137,-259,-174,-560,0,0,1035,1018,414,-573,573,95,499,2401,1434,966,-8,5253,6730,5784,5993,1,1,31,3
463,34515474,-1534,127,-255,-149,-562,0,0,1035,1018,21,-572,572,51,499,2568,1586,968,5,5077,6497,6036,6099,1,1,31,3
464,34535475,-1536,146,-279,-129,-564,0,0,103
5,1018,362,-572,572,17,498,2689,1704,970,5,5372,5938,6625,5771,1,1,31,3
465,34555481,-1539,129,-264,-135,-566,0,0,1035,1018,-67,-572,572,68,498,2494,1522,973,-10,5642,5940,6510,5491,1,1,31,3
466,34575483,-1542,118,-248,-151,-567,0,0,1036,1018,-15,-570,570,145,497,221
6,1251,975,-17,5839,6237,6139,5367,1,1,31,3
467,34595486,-1544,106,-234,-163,-569,0,0,1036,1019,-25,-567,567,74,495,2488,1496,977,9,5653,6503,5899,5436,1,1,31,3
468,34615494,-1546,119,-250,-159,-571,0,0,1036,1019,270,-566,566,39,494,2595,1612,979,-1,5540,6595,5898
,5583,1,1,31,3
469,34635477,-1548,137,-277,-145,-573,0,0,1035,1019,347,-565,565,84,492,2430,1449,981,-4,5461,6484,5979,5720,1,1,31,3
470,34655495,-1551,127,-271,-139,-574,0,0,1036,1019,13,-564,564,80,492,2445,1459,983,-1,5415,6387,6156,5838,1,1,31,3
471,34675499,-
1554,117,-257,-139,-576,0,0,1035,1019,0,-561,561,223,489,1917,952,985,-22,5439,5714,6604,5867,1,1,31,3
472,34695500,-1556,93,-221,-148,-578,0,0,1036,1019,-212,-559,559,108,488,2354,1349,986,15,5586,5973,6488,5632,1,1,31,3
473,34715489,-1558,98,-222,-156,-579,0,0,1035
,1019,153,-558,558,39,487,2592,1590,989,10,5567,6205,6290,5560,1,1,31,3
474,34735509,-1560,82,-206,-161,-581,0,0,1037,1019,-106,-557,557,68,486,2465,1481,991,-10,5795,6675,5840,5418,1,1,31,3
475,34755513,-1562,75,-195,-147,-582,0,0,1036,1019,0,-553,553,294
,483,1643,678,992,-30,5645,6689,5528,5704,1,1,31,3
476,34775517,-1563,92,-216,-131,-584,0,0,1036,1019,293,-550,550,122,479,2304,1277,993,31,5699,6490,5965,5539,1,1,31,3
477,34795519,-1565,86,-213,-119,-585,0,0,1036,1019,17,-549,549,18,479,2635,1633,996,3,5187,6094,6
450,5965,1,1,31,3
478,34815503,-1567,62,-182,-115,-587,0,0,1037,1019,-281,-547,547,303,477,1590,623,997,-32,5495,5760,6509,5934,1,1,31,3
479,34835520,-1568,44,-157,-122,-588,0,0,1036,1019,-171,-542,542,269,473,1753,736,998,17,5658,5931,6319,5666,1,1,31,3
480,348
55510,-1569,36,-144,-123,-589,0,0,1037,1019,-51,-540,540,77,471,2422,1402,1000,18,5538,6304,6153,5639,1,1,31,3
481,34875333,-1569,36,-143,-118,-590,0,0,1037,1020,0,-539,539,92,470,2338,1342,1002,-7,5712,6576,5831,5460,0,0,7,3
482,34895488,-1570,37,-148,-111,-591,0,0,10
38,1020,45,-537,537,224,468,1853,870,1003,-22,5881,6525,5779,5444,1,1,31,3
483,34915493,-1571,31,-149,-103,-592,0,0,1037,1020,-36,-532,532,297,464,1600,606,1004,-11,5600,6313,5875,5742,1,1,31,3
484,34935480,-1572,27,-149,-94,-593,0,0,1038,1020,-11,-530,53
0,150,462,2136,1111,1006,18,5339,6260,6125,5919,1,1,31,3
485,34955498,-1572,27,-148,-81,-595,0,0,1037,1020,28,-527,527,246,459,1751,765,1007,-22,5379,5784,6409,5889,1,1,31,3
486,34975484,-1573,30,-150,-81,-596,0,0,1038,1020,64,-524,524,225,457,1842,831,1
008,3,5679,5911,6369,5629,1,1,31,3
487,34995502,-1573,10,-132,-88,-596,0,0,1037,1020,-226,-521,521,184,455,1982,967,1009,6,5654,6089,6205,5594,1,1,31,3
488,35015506,-1573,9,-126,-91,-597,0,0,1038,1020,0,-519,519,169,453,2022,1011,1011,0,5620,6304,6030,5646,1,1,31,
3
489,35035512,-1574,7,-126,-80,-598,0,0,1038,1020,-17,-516,516,229,450,1794,793,1012,-11,5522,6559,5648,5738,1,1,31,3
490,35055496,-1574,3,-126,-66,-599,0,0,1039,1020,-38,-512,512,174,447,1999,975,1013,11,5744,6467,5789,5457,1,1,31,3
491,35075516,-1574,2,-127,-60
,-600,0,0,1039,1020,-14,-510,510,138,445,2108,1093,1015,0,5861,6315,5991,5332,1,1,31,3
492,35095500,-1574,2,-128,-65,-601,0,0,1039,1020,6,-506,506,348,441,1336,344,1016,-23,5751,5881,6238,5662,1,1,31,3
493,35115521,-1574,-3,-122,-72,-602,0,0,1039,1020,-58,-500,500,
295,436,1540,515,1016,9,5374,5848,6273,5934,1,1,31,3
494,35135520,-1574,16,-137,-69,-603,0,0,1039,1020,238,-496,496,196,433,1877,851,1017,9,5180,6071,6185,6085,1,1,31,3
495,35155525,-1574,33,-159,-57,-604,0,0,1038,1020,225,-494,494,184,430,1899,882,1019,
-1,5481,6309,5972,5798,1,1,31,3
496,35175529,-1575,29,-164,-51,-605,0,0,1038,1020,-12,-490,490,261,427,1609,601,1020,-10,5890,6392,5907,5559,1,1,31,3
497,35195531,-1575,25,-163,-53,-606,0,0,1038,1019,-28,-486,486,234,424,1714,685,1020,8,6015,6407,5905,5391,1,1,31,3

498,35215538,-1576,22,-160,-60,-607,0,0,1038,1020,-8,-482,482,179,421,1890,866,1022,1,5868,6247,6088,5469,1,1,31,3
499,35235536,-1576,19,-154,-70,-608,0,0,1038,1020,-19,-479,479,225,418,1706,692,1023,-9,5621,6041,6227,5746,1,1,31,3
500,35255538,-1577,22,-152,-76
,-609,0,0,1038,1020,52,-474,474,294,413,1461,439,1023,-2,5485,5917,6342,6001,1,1,31,3
501,35275539,-1577,46,-174,-78,-610,0,0,1037,1020,401,-470,470,233,410,1669,637,1024,6,5418,5988,6296,5985,1,1,31,3
502,35295527,-1578,54,-188,-76,-611,0,0,1037,1020,142,-468,
468,200,408,1773,746,1025,1,5472,6290,6084,5966,1,1,31,3
503,35315548,-1579,60,-199,-74,-612,0,0,1037,1020,140,-465,465,249,405,1572,562,1026,-16,5884,6492,5761,5539,1,1,31,3
504,35335551,-1580,52,-195,-71,-613,0,0,1038,1020,-41,-459,459,192,400,1802,754,1027,20,5828
,6473,5861,5554,1,1,31,3
505,35355553,-1581,50,-189,-75,-614,0,0,1037,1020,20,-456,456,148,398,1921,892,1028,0,5927,6240,6071,5369,1,1,31,3
506,35375553,-1582,45,-179,-86,-616,0,0,1037,1020,-9,-454,454,166,396,1843,820,1030,-7,5852,6068,6292,5535,1,1,31,3
507,353
95365,-1583,45,-176,-97,-617,0,0,1037,1019,0,-451,451,215,393,1671,642,1031,-2,5467,5904,6413,5968,0,0,7,3
508,35415517,-1584,72,-198,-101,-618,0,0,1037,1019,493,-449,449,148,391,1906,869,1032,4,5267,6108,6255,6090,1,1,31,3
509,35435527,-1586,91,-225,-88,-6
19,0,0,1037,1019,301,-446,446,147,389,1905,866,1033,3,5385,6483,5883,5975,1,1,31,3
510,35455525,-1587,116,-262,-73,-621,0,0,1037,1019,413,-443,443,165,386,1823,793,1034,-6,5694,6419,5907,5669,1,1,31,3
511,35475530,-1590,106,-259,-76,-622,0,0,1038,1019,-15,
-440,440,53,384,2232,1179,1035,15,5879,6271,6165,5378,1,1,31,3
512,35495527,-1592,80,-226,-93,-624,0,0,1038,1019,-268,-438,438,158,382,1827,801,1037,-14,6128,6248,6109,5265,1,1,31,3
513,35515535,-1594,80,-215,-124,-625,0,0,1038,1018,0,-434,434,147,379,188
4,831,1038,10,5930,6055,6322,5452,0,0,7,3
514,35535535,-1595,79,-210,-139,-627,0,0,1038,1018,69,-433,433,91,377,2071,1019,1039,8,5407,6165,6277,5942,1,1,31,3
515,35555522,-1597,79,-207,-140,-628,0,0,1038,1018,0,-431,431,102,376,2018,973,1041,-1,5363,6242,6188,6001,0
,0,7,3
516,35575540,-1598,108,-242,-126,-629,0,0,1038,1018,536,-431,431,55,376,2186,1138,1042,1,5279,6366,6080,6013,1,1,31,3
517,35595545,-1600,135,-281,-108,-631,0,0,1039,1018,436,-429,429,179,374,1725,695,1043,-18,5600,6369,5957,5816,1,1,31,3
518,35615546,-160
3,124,-277,-104,-633,0,0,1039,1018,7,-426,426,115,371,1975,918,1045,8,5748,6190,6175,5574,1,1,31,3
519,35635553,-1606,108,-255,-118,-634,0,0,1040,1018,-65,-425,425,45,370,2215,1153,1046,10,6065,6022,6408,5196,1,1,31,3
520,35655553,-1608,110,-252,-143,-636
,0,0,1041,1018,135,-424,424,38,370,2225,1174,1048,-3,5886,6020,6408,5367,1,1,31,3
521,35675555,-1610,110,-249,-168,-637,0,0,1042,1019,0,-422,422,82,368,2073,1018,1049,1,5510,6310,6002,5708,0,0,7,3
522,35695559,-1612,102,-235,-171,-639,0,0,1043,1019,13,-421,421,38,367,22
32,1169,1051,7,5493,6296,6038,5663,1,1,31,3
523,35715563,-1614,129,-264,-164,-640,0,0,1043,1019,575,-420,420,68,367,2112,1059,1052,-3,5192,6034,6236,5962,1,1,31,3
524,35735564,-1617,129,-270,-158,-642,0,0,1044,1020,0,-419,419,104,366,1980,929,1054,-4,5363,6017,62
42,5850,0,0,7,3
525,35755553,-1619,117,-258,-159,-644,0,0,1045,1020,0,-418,418,106,365,1977,921,1055,0,5594,5986,6249,5597,1,1,31,3
526,35775572,-1622,104,-238,-172,-645,0,0,1047,1020,-30,-417,417,0,364,2361,1291,1057,12,5883,6133,6199,5202,1,1,31,3
527,3
5795575,-1624,77,-199,-191,-647,0,0,1047,1020,-202,-415,415,102,362,1976,927,1058,-9,5835,6111,6032,5265,1,1,31,3
528,35815576,-1625,104,-224,-200,-648,0,0,1049,1020,591,-414,414,-1,361,2351,1285,1060,6,5486,6148,6151,5571,1,1,31,3
529,35835582,-1627,131,-263,-195,-
650,0,0,1049,1020,737,-414,414,26,361,2253,1189,1061,4,5190,6219,6006,5845,1,1,31,3
530,35855585,-1630,157,-305,-178,-651,0,0,1051,1020,518,-413,413,81,360,2042,990,1063,-10,5247,6243,5992,5909,1,1,31,3
531,35875587,-1633,145,-300,-169,-653,0,0,1052,1020,1
9,-413,413,-14,360,2398,1324,1065,10,5415,6018,6286,5623,1,1,31,3
532,35895591,-1636,123,-269,-181,-655,0,0,1053,1020,-130,-413,413,0,360,2344,1274,1066,4,5707,5824,6489,5368,1,1,31,3
533,35915399,-1639,123,-260,-205,-656,0,0,1054,1021,0,-413,413,6,360,2320,1254,10
68,-1,5902,5876,6417,5166,0,0,7,3
534,35935553,-1641,122,-256,-223,-658,0,0,1055,1021,115,-412,412,-10,360,2374,1308,1070,-2,5784,6126,6190,5279,1,1,31,3
535,35955560,-1643,141,-280,-225,-660,0,0,1057,1021,346,-411,411,122,358,1892,841,1072,-19,5175,6542
,5609,5977,1,1,31,3
536,35975559,-1646,168,-319,-200,-662,0,0,1058,1021,794,-409,409,51,356,2169,1087,1073,12,5082,6460,5694,5928,1,1,31,3
537,35995563,-1650,194,-360,-174,-664,0,0,1059,1021,764,-407,407,92,355,1998,935,1074,-8,5362,6034,6106,5723,1,1,31,3
538,360
15565,-1653,203,-379,-179,-666,0,0,1060,1021,302,-406,406,75,354,2069,993,1076,4,5677,5670,6475,5377,1,1,31,3
539,36035551,-1658,188,-362,-200,-668,0,0,1061,1022,19,-406,406,-3,354,2344,1264,1077,8,5637,5788,6455,5367,1,1,31,3
540,36055570,-1661,162,-324,-2
31,-670,0,0,1062,1022,-454,-406,406,10,354,2288,1219,1079,-4,5851,5774,6443,5158,1,1,31,3
541,36075574,-1665,159,-309,-262,-672,0,0,1063,1022,124,-403,403,157,352,1762,699,1080,-13,5510,6207,5877,5643,1,1,31,3
542,36095575,-1668,177,-327,-260,-674,0,0,1063,1022
,386,-400,400,182,349,1672,600,1081,-5,5467,6321,5705,5676,1,1,31,3
543,36115561,-1671,202,-362,-251,-676,0,0,1064,1022,764,-398,398,80,347,2044,951,1082,17,5321,6414,5795,5808,1,1,31,3
544,36135583,-1675,227,-401,-234,-679,0,0,1065,1022,568,-397,397,52,346,2125,10
45,1084,2,5284,6135,6019,5748,1,1,31,3
545,36155583,-1680,209,-388,-232,-681,0,0,1066,1022,0,-396,396,111,345,1909,834,1085,-4,5441,5864,6218,5633,1,1,31,3
546,36175591,-1684,184,-350,-251,-683,0,0,1066,1022,-250,-394,394,187,343,1629,559,1086,-11,5902,5552,6425,521
4,1,1,31,3
547,36195587,-1688,160,-308,-285,-685,0,0,1067,1022,-466,-392,392,108,342,1918,833,1087,4,5785,5709,6388,5299,1,1,31,3
548,36215596,-1691,160,-298,-303,-687,0,0,1067,1022,170,-390,390,145,340,1773,695,1088,-4,5529,6018,6022,5574,1,1,31,3
549,36235596,-16
94,185,-327,-294,-689,0,0,1068,1022,722,-386,386,142,337,1786,701,1089,2,5130,6581,5515,6024,1,1,31,3
550,36255598,-1698,210,-367,-260,-692,0,0,1068,1022,612,-384,384,83,335,1994,899,1090,11,5147,6577,5566,5944,1,1,31,3
551,36275603,-1702,222,-391,-229,-69
4,0,0,1069,1022,368,-382,382,105,333,1897,814,1091,-3,5640,6154,6035,5548,1,1,31,3
552,36295600,-1706,222,-397,-230,-697,0,0,1068,1021,0,-381,381,47,332,2106,1014,1093,5,5910,5883,6349,5209,0,0,7,3
553,36315610,-1711,204,-375,-256,-699,0,0,1069,1021,9,-380,380,53,331,2081,989,1094,
2,5866,5587,6718,5341,1,1,31,3
554,36335609,-1715,187,-348,-290,-701,0,0,1069,1021,0,-379,379,81,331,1976,886,1095,-1,5808,5603,6587,5339,1,1,31,3
555,36355614,-1719,201,-357,-318,-703,0,0,1069,1021,351,-378,378,52,330,2089,988,1097,8,5552,6160,6087,5592,1
,1,31,3
556,36375616,-1723,225,-387,-311,-706,0,0,1069,1021,496,-378,378,60,330,2044,956,1098,-7,4999,6665,5542,6128,1,1,31,3
557,36395619,-1727,242,-416,-283,-708,0,0,1069,1021,436,-377,377,47,329,2105,1001,1099,8,5129,6574,5682,6016,1,1,31,3
558,36415620,-1732
,217,-392,-265,-711,0,0,1069,1020,-180,-377,377,-39,329,2410,1303,1101,8,5533,6300,6044,5537,1,1,31,3
559,36435416,-1736,217,-385,-270,-713,0,0,1069,1020,0,-377,377,-21,329,2340,1239,1103,-1,5829,5845,6508,5289,0,0,7,3
560,36455589,-1741,190,-350,-306,-715,0,0
,1069,1020,-669,-377,377,81,329,1967,879,1104,-17,6052,5512,6695,5116,1,1,31,3
561,36475589,-1745,163,-309,-348,-717,0,0,1069,1020,-355,-375,375,88,327,1964,854,1105,5,5750,5990,6274,5477,1,1,31,3
562,36495592,-1748,150,-282,-356,-719,0,0,1069,1020,0,-374,374,32,326
,2160,1044,1107,10,5287,6430,5875,5878,1,1,31,3
563,36515593,-1751,176,-310,-341,-721,0,0,1069,1020,690,-374,374,5,326,2240,1135,1108,-3,5447,6481,5901,5752,1,1,31,3
564,36535598,-1754,196,-345,-324,-723,0,0,1069,1020,426,-374,374,-12,326,2313,1197,1110,6,5326,63
96,6012,5861,1,1,31,3
565,36555598,-1758,196,-355,-301,-725,0,0,1069,1020,0,-374,374,91,326,1923,830,1111,-19,5447,5957,6348,5844,0,0,7,3
566,36575604,-1762,169,-324,-300,-727,0,0,1068,1020,-312,-373,373,43,326,2121,1000,1113,8,5700,5783,6535,5497,1,1,31,3

567,36595606,-1766,169,-316,-317,-729,0,0,1069,1020,0,-374,374,-33,326,2396,1269,1114,12,5804,5862,6588,5380,0,0,7,3
568,36615607,-1769,140,-280,-332,-731,0,0,1069,1020,-423,-374,374,49,326,2083,981,1116,-15,5736,6127,6203,5494,1,1,31,3
569,36635613,-1772,122,-25
1,-331,-733,0,0,1070,1020,-62,-372,372,77,324,2005,884,1117,3,5483,6437,5905,5800,1,1,31,3
570,36655613,-1774,112,-233,-311,-735,0,0,1070,1020,0,-370,370,83,322,1975,853,1118,3,5629,6413,5868,5609,1,1,31,3
571,36675618,-1776,122,-245,-288,-736,0,0,1071,1020,229,-369
,369,-22,322,2349,1219,1120,10,5479,6178,6219,5679,1,1,31,3
572,36695621,-1779,95,-216,-275,-738,0,0,1071,1020,-717,-368,368,196,321,1539,446,1121,-28,5682,5848,6311,5664,1,1,31,3
573,36715624,-1781,69,-182,-273,-739,0,0,1071,1020,-339,-365,365,172,318,1654,527,1122
,5,5615,5765,6472,5749,1,1,31,3
574,36735608,-1782,43,-152,-274,-741,0,0,1071,1020,-420,-363,363,101,317,1899,767,1122,10,5761,5930,6351,5517,1,1,31,3
575,36755629,-1783,25,-130,-270,-742,0,0,1073,1020,-180,-362,362,88,316,1933,811,1124,-2,5481,6334,5964,5796,1,1
,31,3
576,36775631,-1784,2,-106,-247,-742,0,0,1073,1020,-257,-359,359,204,313,1509,396,1124,-12,5592,6283,5815,5709,1,1,31,3
577,36795634,-1784,6,-109,-223,-743,0,0,1075,1020,56,-356,356,147,310,1730,590,1125,15,5632,6145,6020,5620,1,1,31,3
578,36815636,-1784,-9,-
100,-212,-744,0,0,1076,1020,-184,-355,355,31,309,2122,986,1126,8,5690,5987,6220,5397,1,1,31,3
579,36835638,-1783,-34,-77,-206,-745,0,0,1078,1020,-390,-352,352,304,307,1111,21,1127,-37,5615,5731,6200,5729,1,1,31,3
580,36855641,-1783,-57,-54,-198,-745,0,0,1078,1021
,-313,-349,349,170,304,1627,486,1127,15,5397,5736,6223,5703,1,1,31,3
581,36875630,-1782,-72,-35,-192,-745,0,0,1080,1021,-252,-347,347,194,302,1511,389,1128,-4,5629,5826,6142,5542,1,1,31,3
582,36895652,-1780,-97,-13,-182,-745,0,0,1081,1022,-399,-343,343,215,299,1
425,307,1129,-8,5508,6098,5809,5647,1,1,31,3
583,36915652,-1778,-94,-20,-157,-746,0,0,1083,1022,-58,-339,339,267,295,1239,115,1129,-2,5474,6105,5712,5689,1,1,31,3
584,36935654,-1776,-87,-33,-131,-746,0,0,1084,1022,-10,-335,335,190,292,1504,374,1129,6,5458,6052,5791,5
591,1,1,31,3
585,36955462,-1775,-87,-40,-118,-746,0,0,1085,1023,0,-333,333,176,290,1532,410,1130,-3,5817,5853,6037,5264,0,0,7,3
586,36975619,-1773,-100,-30,-120,-746,0,0,1086,1023,-236,-329,329,278,287,1155,44,1130,-14,5591,5609,6160,5568,1,1,31,3
587,36995617,-1771,-120,-6
,-121,-746,0,0,1086,1024,-345,-323,323,302,282,1064,-53,1130,-9,5430,5727,6007,5742,1,1,31,3
588,37015625,-1769,-111,-14,-115,-746,0,0,1088,1024,-4,-319,319,219,278,1352,222,1130,8,5449,5869,5933,5639,1,1,31,3
589,37035622,-1766,-113,-16,-105,-746,0,0,1088,1024,-137,-
315,315,325,275,943,-167,1130,-14,5608,5861,5837,5591,1,1,31,3
590,37055614,-1764,-118,-14,-99,-746,0,0,1091,1025,-176,-311,311,287,271,1087,-43,1130,7,5600,5943,5785,5553,1,1,31,3
591,37075630,-1762,-136,6,-83,-746,0,0,1091,1025,-336,-306,306,243,267,1226,100,1130
,5,5213,5938,5804,5882,1,1,31,3
592,37095637,-1759,-125,-5,-62,-746,0,0,1094,1025,0,-301,301,319,263,924,-183,1130,-16,5398,5720,5934,5768,1,1,31,3
593,37115635,-1756,-119,-17,-48,-746,0,0,1094,1025,-50,-295,295,249,257,1186,47,1130,18,5505,5730,5976,5575,1,1,31,3


594,37135638,-1754,-139,4,-43,-746,0,0,1095,1025,-369,-291,291,204,253,1312,187,1130,5,5540,5831,5900,5499,1,1,31,3
595,37155639,-1751,-143,12,-44,-746,0,0,1095,1025,-192,-286,286,212,250,1268,148,1130,0,5643,5743,6052,5483,1,1,31,3
596,37175650,-1748,-1
55,27,-47,-745,0,0,1096,1025,-296,-282,282,241,246,1147,29,1130,-4,5599,5868,5889,5553,1,1,31,3
597,37195648,-1745,-149,20,-44,-745,0,0,1096,1025,-71,-276,276,316,241,861,-250,1130,-12,5606,5871,5875,5686,1,1,31,3
598,37215656,-1742,-138,4,-37,-745,0,0,1096,1025,-1
9,-271,271,262,236,1058,-75,1130,12,5512,5871,5928,5728,1,1,31,3
599,37235649,-1740,-142,4,-28,-745,0,0,1096,1025,-187,-266,266,250,232,1071,-50,1130,0,5498,5879,5998,5813,1,1,31,3
600,37255657,-1737,-130,-12,-23,-744,0,0,1096,1025,10,-261,261,218,228,1170,50,1130,-1,554
7,5740,6166,5741,1,1,31,3
601,37275662,-1734,-147,3,-25,-744,0,0,1098,1025,-339,-256,256,278,224,940,-176,1130,-7,5655,5741,6139,5729,1,1,31,3
602,37295664,-1731,-135,-9,-32,-744,0,0,1097,1025,0,-252,252,181,220,1279,151,1130,7,5703,5936,5985,5543,1,1,31
,3
603,37315670,-1729,-126,-24,-37,-744,0,0,1097,1024,-20,-247,247,293,215,852,-259,1130,-13,5834,5974,5876,5566,1,1,31,3
604,37335668,-1726,-116,-41,-39,-744,0,0,1096,1024,-3,-243,243,186,212,1248,105,1129,22,5711,6107,5884,5621,1,1,31,3
605,37355670,-1724,-107,-57
,-38,-744,0,0,1097,1024,6,-240,240,207,209,1131,18,1130,-10,5536,6003,6029,5899,1,1,31,3
606,37375675,-1722,-99,-69,-36,-744,0,0,1095,1024,-8,-234,234,306,204,777,-342,1129,-6,5480,5761,6142,6013,1,1,31,3
607,37395675,-1720,-91,-81,-38,-744,0,0,1095,1023,0,-231,
231,202,201,1141,7,1129,11,5647,5837,6235,5824,1,1,31,3
608,37415666,-1718,-83,-88,-45,-744,0,0,1095,1023,7,-227,227,313,198,714,-397,1129,-14,5742,5855,6096,5832,1,1,31,3
609,37435684,-1716,-78,-86,-52,-745,0,0,1095,1023,-15,-222,222,297,193,771,-350,1128,-3,5679,
5984,5991,5888,1,1,31,3
610,37455686,-1715,-73,-93,-54,-745,0,0,1095,1022,-17,-217,217,211,189,1079,-62,1128,17,5687,6032,5994,5770,1,1,31,3
611,37475497,-1713,-73,-94,-57,-745,0,0,1095,1022,0,-212,212,250,185,904,-214,1128,-7,5748,5994,6002,5770,0,0,7,3
612,37495
652,-1712,-70,-97,-62,-746,0,0,1094,1022,-32,-207,207,300,180,710,-408,1127,-7,5756,5861,6051,5781,1,1,31,3
613,37515657,-1710,-63,-103,-66,-746,0,0,1095,1021,6,-203,203,145,177,1275,125,1127,25,5579,5921,6217,5886,1,1,31,3
614,37535662,-1709,-58,-108,-70,-746,0,0,1095,1021,-2,-201
,201,120,175,1325,200,1127,1,5551,5832,6281,5863,1,1,31,3
615,37555657,-1708,-57,-109,-76,-747,0,0,1094,1021,-38,-198,198,229,173,921,-190,1127,-15,5704,5766,6269,5845,1,1,31,3
616,37575663,-1707,-52,-113,-83,-747,0,0,1094,1021,7,-195,195,307,170,640,-476,1127,-10
,5811,5841,6110,5802,1,1,31,3
617,37595661,-1706,-56,-109,-88,-747,0,0,1094,1021,-106,-190,190,294,166,689,-440,1126,4,5628,6041,5878,5927,1,1,31,3
618,37615667,-1704,-53,-110,-82,-748,0,0,1096,1021,-21,-185,185,222,161,933,-199,1126,8,5614,6035,5950,5879,1,1,31,3


619,37635673,-1703,-50,-112,-79,-748,0,0,1094,1021,-14,-180,180,218,157,931,-201,1125,7,5750,5924,5994,5676,1,1,31,3
620,37655673,-1702,-55,-107,-83,-749,0,0,1095,1021,-111,-176,176,204,153,952,-169,1125,-4,5794,5884,6166,5755,1,1,31,3
621,37675679,-1701,-66,-94,-92,-749
,0,0,1094,1020,-193,-172,172,194,150,982,-144,1125,2,5672,5694,6341,5844,1,1,31,3
622,37695681,-1700,-60,-95,-101,-750,0,0,1095,1020,14,-168,168,179,147,1020,-104,1125,0,5575,5766,6333,5986,1,1,31,3
623,37715684,-1699,-56,-98,-103,-750,0,0,1094,1020,-20,
-164,164,281,143,627,-474,1124,-23,5580,5912,6065,6067,1,1,31,3
624,37735686,-1698,-42,-113,-102,-750,0,0,1095,1019,122,-161,161,137,140,1170,22,1124,23,5903,6023,6131,5633,1,1,31,3
625,37755671,-1697,-44,-116,-107,-751,0,0,1094,1019,-65,-159,159,117,138,1213,82,1124
,7,6050,6104,6032,5445,1,1,31,3
626,37775689,-1696,-41,-120,-116,-751,0,0,1095,1019,-3,-157,157,100,137,1260,136,1124,-1,6054,6214,5980,5474,1,1,31,3
627,37795697,-1695,-37,-124,-121,-752,0,0,1094,1020,2,-154,154,236,134,754,-349,1124,-21,5475,5947,6044,6119,1,1,31
,3
628,37815682,-1694,-35,-126,-115,-752,0,0,1095,1020,-3,-149,149,361,130,303,-802,1123,-19,5397,5764,6111,6318,1,1,31,3
629,37835701,-1694,-31,-129,-111,-753,0,0,1095,1020,17,-145,145,162,126,1041,-115,1123,33,5386,5533,6492,6089,1,1,31,3
630,37855701,-1693,-28,-1
32,-114,-753,0,0,1095,1019,0,-143,143,100,125,1226,94,1123,9,5557,5638,6456,5890,1,1,31,3
631,37875686,-1692,-53,-110,-120,-754,0,0,1094,1020,-441,-141,141,274,123,574,-526,1122,-23,5997,5863,6015,5579,1,1,31,3
632,37895707,-1691,-49,-106,-130,-754,0,0,1095,1019,0,
-135,135,245,118,698,-434,1121,10,6169,6306,5695,5463,1,1,31,3
633,37915711,-1690,-54,-101,-133,-755,0,0,1095,1019,-119,-132,132,75,115,1298,151,1121,25,5822,6297,5795,5584,1,1,31,3
634,37935714,-1689,-49,-103,-129,-755,0,0,1095,1019,8,-130,130,162,113,945,-165,1121
,-12,5606,5911,6108,5914,1,1,31,3
635,37955715,-1688,-44,-109,-125,-756,0,0,1095,1019,18,-126,126,280,110,518,-591,1121,-12,5543,5555,6329,6068,1,1,31,3
636,37975718,-1688,-40,-115,-128,-756,0,0,1095,1019,11,-124,124,71,108,1290,138,1120,31,5519,5618,6526,5944,1,1,3
1,3
637,37995512,-1687,-40,-116,-132,-757,0,0,1095,1019,0,-124,124,25,108,1417,293,1121,2,5659,5811,6346,5749,0,0,7,3
638,38015685,-1686,-36,-120,-140,-757,0,0,1096,1019,0,-122,122,189,107,809,-287,1121,-26,6045,6018,6023,5569,1,1,31,3
639,38035686,-1685,-47,-112,-1
44,-757,0,0,1095,1019,-160,-119,119,196,103,810,-317,1120,5,6002,6240,5735,5545,1,1,31,3
640,38055690,-1684,-33,-122,-142,-758,0,0,1096,1019,118,-117,117,-18,102,1573,430,1120,20,5796,6251,5932,5557,1,1,31,3
641,38075691,-1684,-30,-128,-141,-758,0,0,1095,1019,-
1,-116,116,76,101,1205,92,1121,-10,5797,5930,6135,5632,1,1,31,3
642,38095694,-1683,-27,-132,-148,-759,0,0,1095,1019,8,-113,113,204,98,746,-365,1120,-10,5858,5732,6297,5777,1,1,31,3
643,38115697,-1682,-24,-135,-159,-760,0,0,1095,1019,8,-111,111,33,97,1376,231,1120
,22,5654,5680,6485,5785,1,1,31,3
644,38135702,-1682,-22,-137,-168,-760,0,0,1095,1019,7,-111,111,88,97,1145,31,1121,-8,5597,5824,6347,5969,1,1,31,3
645,38155702,-1682,-20,-138,-170,-761,0,0,1094,1019,0,-108,108,141,94,963,-157,1120,-2,5646,5967,6126,5938,1,1,31,3
6
46,38175708,-1681,-7,-150,-167,-761,0,0,1094,1018,139,-106,106,86,92,1159,28,1120,8,5936,6159,6037,5648,1,1,31,3
647,38195708,-1681,-3,-157,-168,-762,0,0,1093,1018,43,-106,106,-43,92,1616,478,1121,14,6164,6216,6093,5292,1,1,31,3
648,38215714,-1681,-7,-154,-180,-76
3,0,0,1094,1018,-50,-105,105,47,92,1268,159,1121,-15,6058,6072,6221,5565,1,1,31,3
649,38235697,-1681,8,-166,-192,-763,0,0,1093,1018,179,-103,103,126,90,998,-120,1121,-7,5840,5888,6275,5797,1,1,31,3
650,38255717,-1681,12,-172,-201,-764,0,0,1093,1018,57,-101,101,169,8
8,840,-280,1121,-3,5976,5863,6308,5751,1,1,31,3
651,38275722,-1681,4,-165,-211,-765,0,0,1091,1018,-91,-100,100,33,87,1339,196,1121,19,5396,5914,6379,6189,1,1,31,3
652,38295722,-1681,28,-184,-207,-766,0,0,1092,1017,373,-101,101,0,88,1440,307,1121,7,5623,6056,6304,59
77,1,1,31,3
653,38315727,-1682,26,-186,-202,-766,0,0,1091,1017,2,-102,102,-54,89,1636,501,1122,7,5751,6079,6284,5748,1,1,31,3
654,38335729,-1682,24,-184,-206,-767,0,0,1091,1017,-1,-102,102,63,89,1203,93,1122,-17,6085,5978,6346,5604,1,1,31,3
655,38355732,-
1683,-1,-159,-217,-768,0,0,1090,1017,-305,-101,101,38,88,1315,181,1122,6,6351,6046,6291,5292,1,1,31,3
656,38375718,-1683,-21,-131,-234,-769,0,0,1090,1016,-254,-101,101,-26,88,1538,403,1123,5,6252,6125,6299,5360,1,1,31,3
657,38395722,-1682,4,-145,-242,-769,0,0,1088,
1017,374,-100,100,57,87,1231,109,1123,-8,5595,6045,6245,6045,1,1,31,3
658,38415739,-1682,26,-171,-236,-770,0,0,1089,1017,289,-100,100,15,87,1385,256,1123,-1,5396,6015,6348,6235,1,1,31,3
659,38435746,-1683,24,-177,-224,-771,0,0,1088,1017,0,-101,101,38,88,1304,175,
1124,-1,5217,5841,6450,6386,1,1,31,3
660,38455746,-1683,23,-177,-210,-772,0,0,1088,1017,2,-101,101,11,88,1410,272,1124,8,5796,5936,6391,5786,1,1,31,3
661,38475748,-1684,20,-173,-216,-772,0,0,1087,1016,-8,-101,101,67,88,1188,74,1124,-17,6173,5937,6286,5423,1,1,3
1,3
662,38495755,-1684,-4,-149,-234,-773,0,0,1088,1016,-666,-100,100,21,87,1381,236,1124,13,6522,6066,6272,5087,1,1,31,3
663,38515560,-1684,-4,-141,-252,-774,0,0,1086,1016,0,-100,100,-13,87,1481,354,1125,-7,5890,6158,6187,5673,0,0,7,3
664,38535717,-1684,-7,-137,-2
54,-774,0,0,1087,1016,-31,-100,100,-58,87,1657,515,1126,7,5769,6064,6414,5835,1,1,31,3
665,38555721,-1684,4,-146,-248,-775,0,0,1086,1016,124,-101,101,94,88,1088,-23,1126,-21,5459,5945,6337,6249,1,1,31,3
666,38575708,-1684,4,-150,-232,-776,0,0,1086,1016,0,
-100,100,63,87,1226,87,1126,5,5491,5990,6360,6212,1,1,31,3
667,38595709,-1684,4,-151,-224,-776,0,0,1085,1016,6,-101,101,-76,88,1732,579,1126,15,5773,5976,6467,5755,1,1,31,3
668,38615724,-1684,16,-163,-228,-777,0,0,1085,1015,155,-102,102,-8,89,1457,340,1127,-19,6079,
6021,6378,5550,1,1,31,3
669,38635731,-1685,5,-157,-234,-778,0,0,1084,1015,-124,-101,101,56,89,1248,117,1127,-5,6020,6101,6246,5668,1,1,31,3
670,38655728,-1685,4,-154,-237,-779,0,0,1084,1015,-5,-100,100,47,87,1284,148,1128,-1,5971,6275,6057,5683,1,1,31,3

671,38675720,-1685,4,-153,-237,-779,0,0,1083,1015,0,-100,100,-63,87,1687,531,1128,17,6152,6209,6231,5398,1,1,31,3
672,38695734,-1685,12,-160,-240,-780,0,0,1083,1016,103,-101,101,20,88,1357,238,1129,-19,5672,6022,6363,5996,1,1,31,3
673,38715740,-1685,11,-161,-233,-78
1,0,0,1082,1015,0,-99,99,196,86,735,-384,1129,-15,5528,5741,6483,6308,1,1,31,3
674,38735738,-1685,10,-160,-226,-781,0,0,1082,1015,0,-98,98,19,85,1399,236,1128,24,5586,5956,6425,6057,1,1,31,3
675,38755745,-1686,9,-159,-226,-782,0,0,1081,1015,0,-98,98,13,86,1401,258
,1129,4,6017,5943,6442,5629,1,1,31,3
676,38775744,-1686,8,-158,-235,-783,0,0,1081,1015,-6,-98,98,-28,86,1550,403,1129,7,6160,6152,6301,5474,1,1,31,3
677,38795751,-1686,-5,-146,-235,-783,0,0,1080,1014,-158,-98,98,4,86,1427,290,1130,-4,5634,6389,6035,6036,1
,1,31,3
678,38815751,-1686,1,-147,-219,-784,0,0,1080,1014,71,-97,97,119,85,1009,-117,1130,-12,5735,6122,6151,6005,1,1,31,3
679,38835759,-1686,2,-150,-207,-785,0,0,1080,1014,20,-96,96,-47,84,1632,464,1130,24,5767,5937,6503,5812,1,1,31,3
680,38855746,-1686,-13,-137,-209,-
785,0,0,1080,1014,-191,-99,99,-163,86,2034,874,1131,11,5793,5972,6592,5697,1,1,31,3
681,38875765,-1686,-37,-110,-219,-786,0,0,1079,1014,-356,-101,101,-70,88,1680,551,1132,-18,5960,5915,6498,5565,1,1,31,3
682,38895768,-1685,-35,-105,-223,-786,0,0,1079,1014,-1,-101,1
01,11,88,1410,274,1133,-9,5760,6183,6202,5881,1,1,31,3
683,38915769,-1684,-32,-108,-215,-786,0,0,1079,1014,-2,-101,101,-2,88,1469,321,1133,2,5899,6179,6145,5649,1,1,31,3
684,38935773,-1683,-35,-109,-208,-787,0,0,1079,1014,-66,-102,102,-156,89,2034,865,1134,19,592
1,6325,6189,5519,1,1,31,3
685,38955777,-1683,-48,-98,-201,-787,0,0,1078,1014,-202,-105,105,-172,92,2073,924,1135,-4,5690,6217,6286,5718,1,1,31,3
686,38975760,-1682,-60,-85,-197,-787,0,0,1079,1015,-201,-107,107,-117,93,1885,738,1137,-4,5794,6012,6460,5683,1
,1,31,3
687,38995782,-1681,-73,-69,-199,-787,0,0,1078,1015,-229,-108,108,-15,94,1514,381,1137,-17,5704,5709,6611,5818,1,1,31,3
688,39015782,-1679,-71,-69,-196,-787,0,0,1079,1015,-44,-109,109,-17,95,1542,394,1138,-1,5483,5880,6466,6049,1,1,31,3
689,39035785,-1678
,-68,-74,-191,-787,0,0,1079,1015,-30,-110,110,-105,96,1872,707,1139,12,5687,6031,6364,5720,1,1,31,3
690,39055592,-1676,-68,-78,-182,-787,0,0,1079,1015,0,-113,113,-155,98,2041,888,1140,-2,5548,6391,6047,5812,0,0,7,3
691,39075751,-1675,-66,-83,-162,-787,0,0,
1080,1015,-49,-113,113,-20,99,1557,417,1141,-11,5777,6304,5968,5673,1,1,31,3
692,39095737,-1674,-61,-91,-148,-787,0,0,1081,1016,0,-113,113,-95,99,1851,685,1141,12,5929,6232,6117,5442,1,1,31,3
693,39115741,-1673,-64,-91,-148,-787,0,0,1081,1016,-107,-116,116,-188,101
,2176,1015,1143,4,5845,6090,6315,5411,1,1,31,3
694,39135759,-1671,-77,-79,-156,-787,0,0,1081,1016,-220,-117,117,-76,102,1779,627,1144,-2,5645,5872,6501,5789,1,1,31,3
695,39155763,-1670,-70,-84,-159,-787,0,0,1081,1016,10,-121,121,-166,105,2113,950,1145,6,
5459,6019,6418,5862,1,1,31,3
696,39175765,-1668,-53,-101,-152,-787,0,0,1081,1016,139,-124,124,-129,108,1988,829,1146,1,5407,6148,6297,5988,1,1,31,3
697,39195768,-1667,-33,-126,-145,-787,0,0,1083,1016,197,-126,126,-190,110,2221,1056,1148,4,5621,6238,6311,5756,1,1,31,3


698,39215766,-1667,-30,-136,-136,-788,0,0,1083,1017,-2,-130,130,-156,113,2100,941,1149,-2,5682,6351,6095,5655,1,1,31,3
699,39235771,-1666,-28,-141,-132,-788,0,0,1084,1017,0,-132,132,-167,115,2156,993,1150,2,5902,6273,6189,5422,1,1,31,3
700,39255779,-1665,-47,-124,-1
41,-788,0,0,1083,1016,-265,-134,134,-111,117,1953,800,1152,-8,5935,6090,6327,5451,1,1,31,3
701,39275781,-1664,-53,-111,-151,-788,0,0,1084,1016,-128,-136,136,-140,118,2085,910,1153,11,5828,6129,6368,5569,1,1,31,3
702,39295784,-1663,-50,-110,-158,-788,0,0,1083,1017,-1
1,-139,139,-148,121,2110,943,1154,2,5571,6136,6337,5787,1,1,31,3
703,39315784,-1662,-32,-125,-154,-789,0,0,1083,1016,182,-142,142,-200,123,2319,1136,1155,16,5503,6182,6426,5880,1,1,31,3
704,39335786,-1662,-13,-148,-148,-789,0,0,1083,1016,206,-145,145,-238,
126,2455,1279,1157,5,5521,6247,6392,5822,1,1,31,3
705,39355790,-1661,-10,-156,-136,-789,0,0,1084,1016,19,-150,150,-181,130,2245,1087,1159,-14,5506,6342,6269,5919,1,1,31,3
706,39375793,-1661,-8,-160,-128,-790,0,0,1083,1015,23,-152,152,-161,133,2209,1030,11
60,5,5811,6256,6298,5576,1,1,31,3
707,39395795,-1661,-19,-150,-133,-790,0,0,1084,1015,-145,-155,155,-147,135,2164,989,1162,-1,6029,6231,6339,5398,1,1,31,3
708,39415797,-1661,-17,-147,-148,-790,0,0,1084,1015,6,-159,159,-275,139,2643,1452,1164,9,5971,6300,6368,5302,1,
1,31,3
709,39435802,-1660,-19,-141,-161,-791,0,0,1085,1015,-51,-162,162,-125,142,2094,932,1165,-19,5680,6140,6406,5761,1,1,31,3
710,39455806,-1660,-5,-152,-161,-791,0,0,1084,1015,168,-165,165,-153,144,2232,1042,1167,6,5324,6164,6411,6072,1,1,31,3
711,39475807,-1660
,15,-172,-158,-792,0,0,1085,1015,245,-167,167,-154,146,2242,1056,1168,2,5492,6198,6460,5982,1,1,31,3
712,39495810,-1660,14,-177,-148,-792,0,0,1084,1014,4,-170,170,-89,149,2000,832,1170,-17,5596,6305,6242,5894,1,1,31,3
713,39515796,-1661,13,-176,-143,-793,0,0,1086,1
014,-5,-171,171,-101,149,2076,884,1171,5,5847,6300,6294,5652,1,1,31,3
714,39535815,-1661,-12,-151,-150,-793,0,0,1085,1014,-312,-175,175,-214,153,2482,1287,1172,2,6034,6339,6292,5287,1,1,31,3
715,39555821,-1661,-25,-130,-165,-793,0,0,1086,1014,-175,-178,178,
-163,156,2298,1116,1174,-12,6010,6197,6437,5411,1,1,31,3
716,39575623,-1660,-25,-123,-176,-794,0,0,1086,1014,0,-180,180,-32,157,1839,663,1175,-16,5816,6095,6369,5676,0,0,7,3
717,39595767,-1660,-21,-124,-181,-794,0,0,1086,1014,13,-180,180,-67,157,1987,791,1176,2,584
6,6177,6392,5674,1,1,31,3
718,39615769,-1659,-18,-127,-171,-795,0,0,1086,1013,14,-182,182,-170,159,2376,1159,1178,18,5054,6312,6326,6329,1,1,31,3
719,39635790,-1659,7,-151,-149,-795,0,0,1087,1013,512,-186,186,-210,162,2503,1304,1180,-5,5053,6256,6403,6285
,1,1,31,3
720,39655789,-1659,33,-183,-133,-796,0,0,1087,1013,413,-188,188,-60,164,1969,788,1181,-20,5445,6141,6316,5973,1,1,31,3
721,39675794,-1660,25,-186,-128,-796,0,0,1089,1014,-59,-188,188,37,164,1626,448,1182,-19,5921,6165,6173,5557,1,1,31,3
722,39695799,-1660,0,-162
,-140,-797,0,0,1089,1014,-315,-188,188,-127,164,2256,1030,1183,23,6231,6204,6203,4986,1,1,31,3
723,39715783,-1660,-1,-152,-158,-798,0,0,1091,1014,-13,-190,190,-208,165,2538,1318,1185,12,6267,6206,6308,4907,1,1,31,3
724,39735806,-1660,-14,-137,-181,-798,0,0,1090,10
15,-160,-191,191,-53,167,1950,775,1186,-29,5648,6114,6241,5677,1,1,31,3
725,39755805,-1660,-7,-137,-182,-799,0,0,1091,1015,65,-190,190,114,166,1374,189,1187,-12,5389,6062,6182,6129,1,1,31,3
726,39775812,-1660,17,-160,-166,-799,0,0,1091,1015,541,-189,189,137,165,1290
,102,1187,-8,4752,5916,6293,6777,1,1,31,3
727,39795794,-1660,42,-191,-139,-800,0,0,1092,1015,358,-188,188,135,164,1303,106,1187,0,4927,5974,6262,6621,1,1,31,3
728,39815817,-1661,62,-217,-115,-801,0,0,1091,1015,289,-188,188,-24,164,1889,665,1188,22,5661,6149,6193
,5684,1,1,31,3
729,39835816,-1662,39,-203,-113,-802,0,0,1093,1015,-227,-189,189,-148,165,2322,1105,1189,12,6054,6279,6253,5252,1,1,31,3
730,39855819,-1663,14,-174,-129,-803,0,0,1094,1015,-388,-190,190,11,166,1728,545,1190,-20,6592,6178,6103,4776,1,1,31,3
731,39875
824,-1663,-10,-141,-159,-804,0,0,1094,1015,-595,-189,189,-26,165,1891,678,1191,8,6527,6210,6107,4792,1,1,31,3
732,39895825,-1663,10,-149,-181,-804,0,0,1094,1015,245,-188,188,-17,164,1851,642,1192,2,5432,6124,6171,5885,1,1,31,3
733,39915829,-1663,34,-175,-175,-805,0
,0,1094,1015,554,-188,188,129,164,1303,126,1193,-25,5099,6083,6092,6388,1,1,31,3
734,39935832,-1664,59,-205,-139,-806,0,0,1093,1015,693,-185,185,226,161,972,-221,1192,-7,4563,5891,6209,7023,1,1,31,3
735,39955835,-1665,54,-210,-91,-808,0,0,1094,1015,0,-181
,181,194,158,1098,-115,1192,14,4839,5944,6311,6836,1,1,31,3
736,39975839,-1666,34,-192,-57,-809,0,0,1094,1014,-203,-180,180,70,157,1528,312,1192,12,5533,6039,6308,6007,1,1,31,3
737,39995838,-1667,10,-162,-54,-809,0,0,1095,1014,-411,-179,179,-81,156,2079,842,1193,27,
6274,6177,6345,5150,1,1,31,3
738,40015842,-1667,-15,-130,-81,-810,0,0,1095,1014,-536,-178,178,87,155,1448,248,1194,-5,6760,6195,6131,4800,1,1,31,3
739,40035843,-1667,-26,-112,-119,-811,0,0,1095,1013,-151,-177,177,-9,155,1792,580,1194,0,6523,6308,6167,5006,1,1,31,3
740,4005
5849,-1666,-1,-130,-145,-811,0,0,1095,1013,359,-175,175,104,153,1378,179,1195,-9,5938,6200,6168,5702,1,1,31,3
741,40075851,-1666,23,-160,-145,-812,0,0,1094,1013,686,-174,174,111,151,1348,149,1195,-9,5294,6227,6185,6407,1,1,31,3
742,40095660,-1667,23,-171,-126,-813,0,0,1
094,1012,0,-172,172,165,150,1150,-49,1195,-8,5196,6031,6352,6580,0,0,7,3
743,40115798,-1667,50,-198,-115,-814,0,0,1094,1012,537,-170,170,156,148,1189,-21,1195,1,5552,5953,6479,6253,1,1,31,3
744,40135819,-1668,67,-221,-117,-815,0,0,1093,1012,260,-170,170,-5,148,1775
,543,1196,17,5895,6164,6378,5709,1,1,31,3
745,40155823,-1669,67,-228,-127,-816,0,0,1094,1012,65,-169,169,50,147,1560,346,1196,0,6103,6174,6317,5564,1,1,31,3
746,40175826,-1671,50,-213,-149,-817,0,0,1095,1012,-143,-167,167,54,146,1549,332,1197,3,6202,6285
,6112,5378,1,1,31,3
747,40195829,-1672,48,-204,-171,-818,0,0,1095,1012,29,-166,166,100,144,1361,162,1197,-14,6133,6268,6087,5503,1,1,31,3
748,40215831,-1673,73,-225,-181,-820,0,0,1095,1012,546,-164,164,92,143,1386,184,1197,-12,5684,6172,6178,5935,1,1,31,3
749,4023
5826,-1674,98,-259,-180,-821,0,0,1095,1012,379,-161,161,110,141,1335,115,1197,8,5610,6090,6326,6101,1,1,31,3
750,40255835,-1676,123,-296,-176,-823,0,0,1094,1012,524,-160,160,74,140,1451,234,1198,3,5470,6159,6290,6213,1,1,31,3
751,40275819,-1679,125,-306,-176,-824,0
,0,1094,1012,150,-160,160,-6,140,1745,515,1198,12,5642,6082,6472,5990,1,1,31,3
752,40295840,-1681,139,-323,-191,-826,0,0,1095,1012,295,-160,160,75,139,1425,229,1199,-19,6238,6103,6369,5482,1,1,31,3
753,40315841,-1684,114,-295,-212,-828,0,0,1095,1012,-346,-157,157,12
7,137,1257,46,1199,-3,6138,6325,6079,5602,1,1,31,3
754,40335846,-1686,93,-259,-228,-829,0,0,1096,1012,-154,-154,154,100,134,1358,132,1199,10,6043,6198,6235,5673,1,1,31,3
755,40355845,-1688,100,-257,-240,-831,0,0,1096,1012,188,-153,153,99,133,1332,124,1199,-
9,5865,6071,6293,5796,1,1,31,3
756,40375854,-1690,125,-286,-243,-832,0,0,1097,1012,487,-151,151,148,131,1159,-54,1199,0,5834,6014,6306,5874,1,1,31,3
757,40395849,-1692,131,-301,-245,-834,0,0,1097,1012,207,-150,150,111,131,1286,72,1199,-1,5631,6088,6254,6032
,1,1,31,3
758,40415857,-1695,135,-309,-242,-836,0,0,1099,1012,183,-149,149,27,130,1609,367,1199,23,5485,6266,6163,6094,1,1,31,3
759,40435859,-1698,160,-340,-232,-838,0,0,1099,1012,771,-149,149,35,130,1543,334,1200,-9,5697,6143,6162,5793,1,1,31,3
760,40455863,-1701,151,-336,-2
33,-839,0,0,1101,1013,46,-148,148,80,129,1386,178,1200,-8,5939,6130,6133,5592,1,1,31,3
761,40475845,-1704,139,-318,-243,-841,0,0,1101,1013,-3,-147,147,64,128,1453,233,1201,4,6089,6005,6238,5386,1,1,31,3
762,40495873,-1707,120,-289,-265,-843,0,0,1104,1013,-101,-147,147,-18,128,1
743,517,1201,7,6145,5960,6352,5247,1,1,31,3
763,40515870,-1709,127,-289,-280,-845,0,0,1106,1014,211,-146,146,88,128,1346,143,1202,-13,5661,5927,6233,5788,1,1,31,3
764,40535877,-1712,139,-304,-279,-846,0,0,1107,1015,284,-146,146,95,127,1322,116,1202,-7,5254,6178,588
2,6109,1,1,31,3
765,40555862,-1715,161,-332,-268,-848,0,0,1109,1015,411,-145,145,51,127,1492,269,1202,9,5253,6133,5961,6054,1,1,31,3
766,40575881,-1718,161,-340,-255,-850,0,0,1110,1015,168,-145,145,14,127,1613,399,1203,-1,5479,6081,5977,5727,1,1,31,3
767,40595885
,-1721,137,-312,-252,-852,0,0,1113,1015,-261,-145,145,-6,127,1693,471,1203,7,5684,5902,6196,5520,1,1,31,3
768,40615674,-1724,137,-304,-261,-854,0,0,1114,1016,0,-145,145,72,126,1399,195,1204,-9,6016,5663,6256,5164,0,0,7,3
769,40635847,-1726,125,-287,-284,-8
55,0,0,1116,1016,-5,-145,145,-75,126,1942,714,1205,13,5763,6015,6097,5323,1,1,31,3
770,40655851,-1729,99,-251,-294,-857,0,0,1117,1017,-232,-146,146,-87,127,1978,756,1206,7,5733,5975,6106,5303,1,1,31,3
771,40675853,-1731,123,-272,-294,-858,0,0,1118,1017,388,-146,146
,48,128,1466,279,1206,-26,5156,6143,5861,6074,1,1,31,3
772,40695857,-1733,148,-309,-270,-860,0,0,1119,1017,460,-146,146,64,127,1446,226,1207,7,5001,6046,5917,6199,1,1,31,3
773,40715857,-1736,136,-304,-250,-862,0,0,1121,1017,0,-146,146,12,128,1623,407,120
7,3,5122,5876,6188,6085,1,1,31,3
774,40735846,-1739,138,-306,-242,-864,0,0,1122,1017,162,-147,147,-3,128,1678,462,1208,3,5696,5731,6308,5456,1,1,31,3
775,40755866,-1742,113,-276,-256,-865,0,0,1124,1018,-438,-147,147,-52,128,1861,638,1208,8,6052,5770,6328,5064,1,1,31,3

776,40775869,-1744,103,-257,-276,-867,0,0,1124,1018,-14,-148,148,-37,129,1794,586,1209,-7,5768,6074,5932,5291,1,1,31,3
777,40795858,-1746,91,-239,-280,-868,0,0,1126,1018,-45,-147,147,28,129,1569,356,1210,-2,5682,6141,5858,5489,1,1,31,3
778,40815874,-1748,114,-2
63,-271,-870,0,0,1126,1019,376,-148,148,-51,129,1853,635,1211,2,5393,6120,5947,5696,1,1,31,3
779,40835870,-1750,131,-291,-257,-871,0,0,1126,1019,329,-149,149,39,130,1526,321,1211,-9,5236,5865,6157,5981,1,1,31,3
780,40855879,-1753,121,-286,-242,-873,0,0,1129,1019
,0,-149,149,54,130,1482,268,1212,-1,5250,5759,6245,5971,1,1,31,3
781,40875885,-1755,111,-274,-240,-874,0,0,1128,1019,-1,-149,149,-12,130,1729,503,1212,11,5766,5715,6359,5396,1,1,31,3
782,40895886,-1757,86,-241,-249,-876,0,0,1128,1019,-393,-150,150,-18,131,1739,523,
1213,1,6120,5893,6292,5147,1,1,31,3
783,40915892,-1759,62,-206,-269,-877,0,0,1127,1019,-464,-150,150,-21,131,1747,538,1214,-7,5984,6183,6007,5284,1,1,31,3
784,40935872,-1760,86,-227,-268,-878,0,0,1126,1019,409,-149,149,79,130,1393,184,1214,-7,5640,6351,5
830,5806,1,1,31,3
785,40955891,-1762,111,-264,-251,-880,0,0,1125,1018,531,-148,148,13,129,1640,413,1215,11,5347,6298,5971,6056,1,1,31,3
786,40975881,-1764,102,-264,-231,-881,0,0,1125,1018,0,-149,149,56,130,1469,258,1215,-8,5386,6043,6235,6117,1,1,31,3
787,4099589
8,-1766,78,-234,-222,-883,0,0,1124,1017,-336,-148,148,8,129,1665,429,1216,15,5644,5746,6591,5813,1,1,31,3
788,41015901,-1768,72,-220,-231,-884,0,0,1123,1017,1,-150,150,-19,131,1748,524,1216,1,5913,5783,6634,5581,1,1,31,3
789,41035902,-1769,65,-210,-241,-885,0,0,
1122,1017,-7,-151,151,-29,131,1791,566,1217,-1,5889,6154,6263,5583,1,1,31,3
790,41055891,-1771,70,-214,-245,-886,0,0,1121,1016,120,-151,151,2,131,1677,457,1218,-6,5987,6410,6054,5591,1,1,31,3
791,41075909,-1772,94,-247,-237,-888,0,0,1119,1015,389,-151,151,-
76,132,1972,735,1219,7,5835,6716,5872,5712,1,1,31,3
792,41095914,-1774,87,-247,-211,-889,0,0,1118,1015,2,-151,151,6,132,1665,444,1220,-11,5461,6471,6089,6220,1,1,31,3
793,41115916,-1776,92,-253,-193,-890,0,0,1117,1014,146,-152,152,-61,132,1932,681,1220,15,
5488,6005,6593,6090,1,1,31,3
794,41135706,-1778,92,-255,-193,-892,0,0,1116,1014,0,-153,153,-54,133,1893,658,1221,-2,5793,5769,6847,5824,0,0,7,3
795,41155881,-1779,65,-223,-211,-893,0,0,1114,1013,-334,-153,153,73,134,1430,212,1222,-17,6071,5853,6649,5676,1,1,31,3
796
,41175884,-1781,60,-210,-226,-894,0,0,1114,1013,5,-152,152,34,133,1592,351,1222,2,5893,6493,6073,5833,1,1,31,3
797,41195887,-1782,51,-199,-213,-895,0,0,1112,1012,-54,-152,152,-103,133,2101,833,1223,22,5483,6796,5876,6079,1,1,31,3
798,41215873,-1783,46,-192,-197,-896,
0,0,1111,1012,-6,-153,153,-167,134,2320,1060,1224,10,5914,6751,6049,5661,1,1,31,3
799,41235893,-1784,72,-217,-186,-897,0,0,1110,1011,499,-154,154,-93,135,2043,803,1226,-10,6095,6493,6236,5555,1,1,31,3
800,41255896,-1785,90,-248,-181,-898,0,0,1109,1011,299,-154,
154,65,135,1466,248,1227,-27,5540,5998,6566,6250,1,1,31,3
801,41275899,-1787,84,-249,-177,-900,0,0,1108,1011,15,-153,153,134,133,1239,1,1227,-5,5610,5879,6578,6193,1,1,31,3
802,41295902,-1789,79,-242,-181,-901,0,0,1107,1011,16,-153,153,-27,133,1839,568,1
227,20,5755,6027,6619,5921,1,1,31,3
803,41315903,-1790,54,-214,-186,-902,0,0,1106,1011,-326,-154,154,21,134,1632,396,1228,-13,5838,6271,6307,5878,1,1,31,3
804,41335907,-1791,49,-201,-184,-903,0,0,1106,1011,0,-152,152,48,133,1556,304,1228,3,5960,6466,6104,5
788,1,1,31,3
805,41355908,-1792,66,-215,-175,-905,0,0,1104,1011,266,-151,151,12,132,1679,428,1229,0,6002,6529,6059,5698,1,1,31,3
806,41375913,-1794,72,-226,-164,-906,0,0,1104,1011,135,-151,151,-94,132,2068,798,1230,12,5907,6640,6135,5776,1,1,31,3
807,41395918,-179
5,65,-222,-156,-907,0,0,1103,1010,-19,-152,152,-34,133,1840,588,1231,-4,5891,6309,6357,5804,1,1,31,3
808,41415919,-1796,56,-212,-155,-908,0,0,1102,1010,-49,-152,152,-51,133,1914,650,1232,5,5829,6189,6559,5908,1,1,31,3
809,41435925,-1798,52,-206,-161,-909,0,0,1101
,1009,10,-154,154,-131,134,2211,933,1233,13,5700,6043,6759,5934,1,1,31,3
810,41455906,-1799,65,-215,-168,-910,0,0,1100,1009,211,-155,155,-6,135,1736,495,1234,-20,5810,6108,6593,5974,1,1,31,3
811,41475927,-1800,68,-222,-166,-911,0,0,1100,1009,107,-155,155,4
7,135,1563,312,1234,-8,5753,6512,6070,6003,1,1,31,3
812,41495928,-1801,93,-254,-153,-913,0,0,1099,1009,519,-154,154,7,134,1725,454,1235,9,5782,6693,5949,5948,1,1,31,3
813,41515932,-1803,111,-286,-140,-914,0,0,1099,1009,331,-154,154,-61,134,1959,689,1236,2,5910,670
9,5969,5734,1,1,31,3
814,41535933,-1805,103,-282,-139,-915,0,0,1099,1009,5,-154,154,27,134,1631,381,1236,-13,6093,6402,6209,5657,1,1,31,3
815,41555937,-1807,96,-271,-159,-917,0,0,1098,1009,12,-152,152,144,132,1210,-33,1237,-14,6069,5664,6780,5737,1,1,31,3
816,4157594
0,-1809,71,-236,-188,-918,0,0,1098,1008,-250,-150,150,77,131,1469,197,1237,11,5967,5646,6885,5789,1,1,31,3
817,41595941,-1811,75,-231,-213,-920,0,0,1097,1009,125,-150,150,16,131,1682,407,1237,10,5672,5953,6613,6006,1,1,31,3
818,41615929,-1812,100,-259,-216,-921,0
,0,1097,1009,632,-150,150,35,131,1603,341,1238,-1,5612,6502,6081,6124,1,1,31,3
819,41635954,-1814,125,-297,-190,-923,0,0,1097,1008,760,-147,147,162,128,1136,-111,1238,-10,5686,6918,5471,6103,1,1,31,3
820,41655759,-1817,125,-306,-158,-925,0,0,1098,1009,0,-144,144,139,125
,1217,-38,1238,-3,5943,6698,5685,5797,0,0,7,3
821,41675908,-1819,132,-317,-151,-926,0,0,1099,1009,215,-141,141,63,123,1497,222,1238,12,6195,5967,6458,5440,1,1,31,3
822,41695900,-1822,106,-287,-169,-928,0,0,1100,1009,-299,-140,140,42,122,1552,286,1238,3,6164,5891,65
52,5459,1,1,31,3
823,41715920,-1824,80,-245,-203,-929,0,0,1099,1010,-439,-139,139,148,121,1152,-90,1238,-14,5823,5597,6689,5855,1,1,31,3
824,41735921,-1826,71,-222,-225,-931,0,0,1099,1010,-36,-136,136,206,119,942,-301,1238,-9,5521,5974,6297,6252,1,1,31,3
825,417
55924,-1827,96,-246,-218,-932,0,0,1100,1010,505,-133,133,147,116,1170,-99,1237,15,5433,6304,6003,6257,1,1,31,3
826,41775927,-1829,122,-284,-195,-934,0,0,1100,1011,576,-132,132,62,115,1458,191,1238,8,5718,6532,5881,5926,1,1,31,3
827,41795930,-1831,112,-283,-175,-936,
0,0,1101,1011,0,-129,129,169,113,1042,-193,1238,-17,5923,6567,5713,5807,1,1,31,3
828,41815933,-1834,105,-274,-169,-937,0,0,1103,1011,22,-126,126,225,110,845,-397,1237,-6,6173,6254,5961,5595,1,1,31,3
829,41835939,-1836,80,-242,-183,-939,0,0,1103,1011,-398,-
122,122,157,106,1092,-166,1237,7,6232,5815,6363,5370,1,1,31,3
830,41855933,-1837,74,-226,-206,-940,0,0,1103,1012,7,-119,119,144,104,1113,-135,1237,-2,6113,5864,6321,5483,1,1,31,3
831,41875940,-1839,53,-202,-219,-942,0,0,1104,1012,-193,-117,117,171,102,1008,-238,1236
,-2,5759,5927,6229,5864,1,1,31,3
832,41895921,-1840,77,-220,-219,-943,0,0,1104,1012,375,-115,115,82,101,1334,71,1236,11,5383,6096,6186,6195,1,1,31,3
833,41915946,-1841,102,-257,-203,-944,0,0,1105,1013,489,-114,114,124,100,1161,-82,1236,-6,5275,6318,5919,
6349,1,1,31,3
834,41935944,-1843,127,-298,-178,-946,0,0,1105,1013,416,-112,112,172,98,980,-257,1236,-10,5505,6495,5643,6116,1,1,31,3
835,41955937,-1846,115,-295,-161,-948,0,0,1107,1013,-21,-109,109,220,95,804,-433,1236,-7,6009,6325,5767,5658,1,1,31,3
836,41975951,-
1848,90,-264,-166,-949,0,0,1107,1013,-315,-105,105,205,92,862,-389,1235,7,6361,5876,6176,5235,1,1,31,3
837,41995957,-1850,66,-227,-195,-951,0,0,1107,1013,-678,-101,101,239,88,715,-522,1234,-5,6265,5591,6414,5363,1,1,31,3
838,42015956,-1851,62,-213,-222,-952,0,0,11
07,1014,23,-97,97,252,85,658,-578,1233,-4,5745,5857,6115,5880,1,1,31,3
839,42035966,-1853,87,-237,-217,-954,0,0,1109,1014,568,-93,93,225,81,748,-495,1233,4,5204,6182,5807,6389,1,1,31,3
840,42055964,-1854,112,-275,-189,-955,0,0,1109,1014,846,-89,89,221,78,746,-497,1232,4,
5237,6236,5763,6368,1,1,31,3
841,42075970,-1857,125,-302,-168,-957,0,0,1109,1014,280,-87,87,136,76,1045,-205,1231,9,5707,6211,5860,5813,1,1,31,3
842,42095967,-1859,100,-278,-160,-959,0,0,1109,1014,-305,-83,83,321,72,338,-867,1231,-29,6197,6047,5875,5547,1,1,31,3
843
,42115976,-1861,90,-260,-175,-961,0,0,1110,1014,-29,-75,75,291,66,472,-773,1229,12,6335,5862,6096,5373,1,1,31,3
844,42135980,-1863,66,-226,-195,-962,0,0,1111,1015,-297,-72,72,201,62,759,-479,1229,3,6204,5928,6123,5446,1,1,31,3
845,42155984,-1864,90,-246,-207,-964,0
,0,1109,1015,495,-67,67,255,58,546,-681,1228,-5,5577,6058,5955,6147,1,1,31,3
846,42175788,-1866,90,-251,-194,-966,0,0,1107,1014,0,-62,62,320,54,296,-925,1227,-9,5453,6130,5950,6471,0,0,7,3
847,42195947,-1868,116,-286,-173,-967,0,0,1106,1014,592,-59,59,149,52,923,-3
34,1226,24,5565,6179,6134,6261,1,1,31,3
848,42215946,-1870,141,-325,-159,-969,0,0,1106,1014,417,-57,57,187,50,750,-479,1225,-2,6031,6174,6170,5917,1,1,31,3
849,42235949,-1873,120,-309,-163,-971,0,0,1105,1013,-117,-54,54,286,47,375,-838,1224,-15,6250,6016,6178,5746,1,1,31,3
850,422
55957,-1875,110,-291,-185,-973,0,0,1106,1013,-3,-50,50,200,44,704,-542,1223,16,6514,6013,6292,5419,1,1,31,3
851,42275942,-1878,85,-255,-207,-974,0,0,1106,1013,-354,-47,47,200,41,674,-556,1222,0,6330,6023,6183,5520,1,1,31,3
852,42295961,-1879,78,-236,-223,-976,0,0,1
105,1013,0,-44,44,244,39,498,-719,1222,-10,5791,6085,6074,6105,1,1,31,3
853,42315963,-1881,103,-263,-216,-977,0,0,1104,1013,616,-41,41,302,36,282,-931,1220,-11,5332,6136,5954,6609,1,1,31,3
854,42335948,-1883,128,-301,-201,-979,0,0,1104,1013,520,-37,37,36
7,32,39,-1172,1219,-8,5604,6096,5963,6435,1,1,31,3
855,42355971,-1885,148,-336,-191,-981,0,0,1104,1013,383,-34,34,235,29,521,-719,1218,16,5968,6032,6129,5918,1,1,31,3
856,42375970,-1888,123,-314,-199,-983,0,0,1105,1013,-325,-31,31,205,27,597,-623,1217,-3,6116,5970
,6214,5753,1,1,31,3
857,42395974,-1891,113,-295,-218,-985,0,0,1105,1013,-2,-27,27,258,24,396,-817,1216,-7,6327,5902,6121,5487,1,1,31,3
858,42415979,-1893,89,-259,-234,-986,0,0,1106,1014,-374,-22,22,313,19,185,-1024,1214,-7,6093,5947,6011,5768,1,1,31,3
859,424359
80,-1895,99,-263,-242,-988,0,0,1105,1014,223,-17,17,317,15,155,-1055,1213,-4,5781,6041,5934,6112,1,1,31,3
860,42455984,-1897,124,-294,-228,-990,0,0,1104,1014,489,-10,10,398,9,-152,-1357,1211,-6,5630,6060,5888,6398,1,1,31,3
861,42475984,-1899,140,-321,-212
,-992,0,0,1104,1013,323,-5,5,286,5,244,-982,1209,14,5701,6041,6126,6337,1,1,31,3
862,42495971,-1902,129,-315,-202,-994,0,0,1103,1013,0,-2,2,271,2,270,-941,1208,1,5734,5914,6249,6286,1,1,31,3
863,42515990,-1905,117,-299,-206,-996,0,0,1103,1013,-17,3,-3,343,-3,-19,-1210,1207,
-16,6215,5874,6283,5952,1,1,31,3
864,42535992,-1907,107,-281,-221,-998,0,0,1102,1013,-17,9,-9,272,-8,238,-975,1205,5,6298,6050,6150,5777,1,1,31,3
865,42556000,-1909,96,-264,-232,-999,0,0,1102,1012,-24,13,-13,197,-11,501,-725,1204,16,6123,6237,6080,5931,1,1,31,3

866,42576003,-1911,121,-289,-229,-1001,0,0,1101,1012,407,17,-17,304,-15,70,-1116,1203,-17,5867,6199,5969,6264,1,1,31,3
867,42596001,-1914,145,-326,-213,-1003,0,0,1100,1012,447,22,-22,189,-19,504,-722,1201,19,5721,6264,6077,6354,1,1,31,3
868,42616006,-1916,134,-322,-
198,-1005,0,0,1099,1011,-1,25,-25,194,-22,452,-755,1200,1,5818,6110,6216,6269,1,1,31,3
869,42636007,-1919,123,-307,-198,-1007,0,0,1099,1011,1,29,-29,211,-25,374,-827,1199,-3,6055,5946,6410,6103,1,1,31,3
870,42656010,-1922,114,-291,-207,-1009,0,0,1098,1010,0,31,-3
1,149,-27,595,-615,1198,4,6134,6037,6372,5960,1,1,31,3
871,42676013,-1924,117,-291,-216,-1010,0,0,1098,1010,159,33,-33,120,-29,689,-520,1197,2,6108,6232,6252,6012,1,1,31,3
872,42695823,-1926,117,-291,-216,-1012,0,0,1097,1010,0,36,-36,141,-31,594,-604,1197,-7,5957,6412,5978,6
119,0,0,7,3
873,42715977,-1929,130,-307,-205,-1014,0,0,1097,1010,271,39,-39,142,-34,598,-612,1196,6,5939,6331,6092,6168,1,1,31,3
874,42735979,-1931,142,-325,-195,-1016,0,0,1096,1010,271,41,-41,134,-36,602,-594,1195,-7,5951,6228,6182,6141,1,1,31,3
875,42755983,-1934
,130,-316,-194,-1018,0,0,1097,1010,0,44,-44,171,-38,467,-734,1194,0,6087,6099,6291,6055,1,1,31,3
876,42775988,-1937,120,-300,-202,-1019,0,0,1097,1010,0,46,-46,117,-40,661,-552,1193,9,5993,6026,6362,6046,1,1,31,3
877,42795993,-1939,99,-270,-213,-1021,0,0,1
097,1010,-137,48,-48,113,-42,662,-543,1192,2,5972,6015,6355,6049,1,1,31,3
878,42815992,-1941,124,-294,-217,-1023,0,0,1097,1010,571,49,-49,60,-43,844,-359,1192,-1,5944,6210,6165,5985,1,1,31,3
879,42835992,-1943,134,-313,-216,-1024,0,0,1098,1010,253,50,-50,46,-44,893,-
315,1191,4,6069,6346,6021,5826,1,1,31,3
880,42855997,-1946,140,-325,-215,-1026,0,0,1098,1010,205,51,-51,31,-44,944,-265,1191,3,6050,6397,5956,5805,1,1,31,3
881,42876001,-1949,129,-315,-219,-1028,0,0,1099,1010,2,52,-52,87,-45,726,-466,1190,-9,5999,6167,6147,5932,1,1,31,3
8
82,42896002,-1952,119,-299,-227,-1030,0,0,1099,1010,0,54,-54,161,-47,455,-732,1189,-10,5865,5839,6338,6071,1,1,31,3
883,42916004,-1954,109,-283,-236,-1031,0,0,1100,1010,-4,56,-56,127,-49,590,-614,1188,7,5733,5686,6490,6132,1,1,31,3
884,42936009,-1956,90,-256,-241,
-1033,0,0,1101,1010,-131,56,-56,-43,-49,1214,-19,1188,27,5699,6011,6265,5937,1,1,31,3
885,42956015,-1958,115,-280,-237,-1034,0,0,1102,1010,641,55,-55,-7,-48,1046,-150,1188,-7,5827,6209,6057,5886,1,1,31,3
886,42976017,-1960,126,-300,-225,-1036,0,0,1103,1010,256,56,-5
6,-20,-49,1118,-98,1188,13,5827,6445,5798,5825,1,1,31,3
887,42996016,-1963,148,-334,-210,-1038,0,0,1104,1010,413,56,-56,26,-49,921,-266,1187,-14,5885,6354,5898,5881,1,1,31,3
888,43016021,-1966,137,-329,-207,-1039,0,0,1104,1010,1,57,-57,62,-50,801,-392,1187,-6,5933
,6050,6134,5829,1,1,31,3
889,43036025,-1968,126,-314,-218,-1041,0,0,1105,1010,-1,58,-58,41,-51,887,-321,1186,9,5844,5747,6508,5942,1,1,31,3
890,43056029,-1971,105,-284,-234,-1043,0,0,1106,1010,-145,57,-57,-86,-49,1344,126,1186,12,5714,5930,6411,5918,1,1,31,3
891,4
3076015,-1973,94,-263,-241,-1044,0,0,1107,1010,-27,55,-55,-56,-48,1224,24,1186,-3,5776,6037,6293,5907,1,1,31,3
892,43096035,-1975,119,-288,-243,-1046,0,0,1106,1010,495,55,-55,-50,-48,1215,7,1186,5,5914,6247,6077,5768,1,1,31,3
893,43116037,-1977,130,-308,-238,-104
7,0,0,1108,1010,257,55,-55,-60,-48,1246,43,1186,-1,5796,6702,5684,5932,1,1,31,3
894,43136037,-1980,152,-341,-215,-1049,0,0,1108,1010,414,55,-55,-26,-48,1121,-77,1186,-5,5670,6542,5710,5990,1,1,31,3
895,43156040,-1983,140,-335,-199,-1051,0,0,1110,1010,1,55,-55,28,-48
,921,-267,1186,-11,5890,6300,5909,5832,1,1,31,3
896,43176045,-1986,129,-320,-202,-1052,0,0,1110,1010,-1,56,-56,48,-49,860,-340,1186,1,5916,5761,6374,5766,1,1,31,3
897,43196046,-1988,119,-303,-225,-1054,0,0,1111,1010,-3,56,-56,-45,-49,1202,-14,1185,13,5844,5629,6627,
5777,1,1,31,3
898,43215854,-1991,119,-298,-245,-1056,0,0,1111,1011,0,54,-54,-60,-47,1244,40,1186,1,5728,5922,6315,5852,0,0,7,3
899,43236013,-1993,114,-291,-248,-1057,0,0,1113,1011,64,53,-53,-31,-46,1136,-58,1186,-7,5609,6351,5925,6067,1,1,31,3
900,43255995,-1995,118,-294,-2
33,-1059,0,0,1113,1011,158,53,-53,-30,-46,1150,-55,1185,4,5683,6398,5843,5951,1,1,31,3
901,43276018,-1998,141,-323,-219,-1060,0,0,1114,1011,393,51,-51,-135,-45,1531,315,1186,10,5801,6348,6061,5799,1,1,31,3
902,43296018,-2001,162,-358,-213,-1062,0,0,1115,1011,406,50,-50,-73,-44
,1298,101,1186,-7,5840,6083,6221,5780,1,1,31,3
903,43316025,-2004,149,-350,-217,-1064,0,0,1116,1011,1,49,-49,-90,-42,1362,163,1186,-5,6040,6079,6225,5545,1,1,31,3
904,43336021,-2007,137,-333,-233,-1066,0,0,1117,1011,0,48,-48,-42,-42,1199,-1,1186,-2,5974,5855,6399,56
48,1,1,31,3
905,43356028,-2009,112,-297,-255,-1067,0,0,1118,1012,-188,47,-47,-10,-41,1079,-112,1186,-9,5626,5982,6235,6022,1,1,31,3
906,43376015,-2012,105,-279,-256,-1069,0,0,1119,1012,26,46,-46,-104,-40,1434,222,1186,9,5584,6048,6208,5915,1,1,31,3
907,4
3396034,-2014,107,-277,-253,-1070,0,0,1120,1012,132,45,-45,-130,-39,1531,317,1187,10,5790,6146,6161,5708,1,1,31,3
908,43416037,-2016,99,-268,-251,-1071,0,0,1121,1012,0,43,-43,-71,-38,1304,113,1187,-12,5765,6269,5952,5768,1,1,31,3
909,43436022,-2018,88,-253,-240,
-1073,0,0,1122,1013,-41,43,-43,-72,-38,1328,121,1187,5,5618,6314,5891,5886,1,1,31,3
910,43456039,-2020,79,-240,-221,-1074,0,0,1123,1013,-23,42,-42,-97,-36,1417,211,1187,2,5592,6100,6068,5828,1,1,31,3
911,43476039,-2021,70,-228,-207,-1075,0,0,1123,1013,-31,40,-40,-9
2,-35,1393,196,1188,-5,5726,5969,6182,5690,1,1,31,3
912,43496045,-2023,49,-208,-203,-1076,0,0,1125,1014,-193,39,-39,-40,-34,1216,18,1188,-1,5821,5949,6147,5633,1,1,31,3
913,43516044,-2024,37,-192,-201,-1077,0,0,1125,1014,-109,37,-37,-99,-32,1435,231,1188,2,5770,604
7,6119,5639,1,1,31,3
914,43536055,-2024,21,-175,-195,-1078,0,0,1127,1014,-164,36,-36,-38,-32,1217,20,1188,-3,5621,6117,5984,5838,1,1,31,3
915,43556053,-2025,19,-171,-178,-1079,0,0,1127,1014,0,35,-35,-66,-31,1322,123,1188,-1,5537,6093,6068,5926,1,1,31,3
91
6,43576059,-2025,24,-177,-162,-1080,0,0,1129,1014,79,34,-34,-80,-30,1383,174,1189,8,5617,5990,6180,5823,1,1,31,3
917,43596056,-2026,15,-174,-150,-1080,0,0,1129,1014,-92,32,-32,-76,-28,1367,164,1189,3,5711,6051,6153,5771,1,1,31,3
918,43616063,-2026,-3,-15
9,-145,-1081,0,0,1130,1014,-207,31,-31,-46,-27,1253,63,1189,-10,5902,6066,6108,5610,1,1,31,3
919,43636060,-2026,-26,-135,-146,-1081,0,0,1130,1014,-307,30,-30,-70,-26,1359,153,1189,6,5871,6053,6186,5650,1,1,31,3
920,43656068,-2025,-24,-131,-146,-1082,0,0,1132,1015,0,29,-2
9,-47,-25,1272,73,1189,-1,5786,6045,6172,5759,1,1,31,3
921,43676053,-2025,-22,-135,-144,-1082,0,0,1132,1015,0,28,-28,-106,-24,1489,285,1190,2,5678,6068,6199,5802,1,1,31,3
922,43696078,-2024,-39,-124,-141,-1082,0,0,1133,1015,-233,26,-26,-83,-23,1406,207,1190,-2,5481,6
055,6190,6022,1,1,31,3
923,43716073,-2024,-52,-111,-132,-1083,0,0,1133,1015,-207,25,-25,-88,-22,1436,230,1190,4,5559,6159,6081,5923,1,1,31,3
924,43735887,-2023,-52,-109,-114,-1083,0,0,1134,1015,0,23,-23,-75,-20,1386,186,1191,-1,5700,6103,6124,5794,0,0,7,3
925,437
56043,-2022,-78,-86,-104,-1083,0,0,1136,1015,-354,22,-22,-61,-19,1344,144,1191,-2,5823,6033,6139,5640,1,1,31,3
926,43776043,-2020,-92,-67,-102,-1083,0,0,1135,1015,-254,20,-20,-190,-18,1824,603,1191,16,5895,5986,6240,5368,1,1,31,3
927,43796031,-2018,-110,-53,-109,-10
83,0,0,1136,1015,-313,18,-18,-133,-16,1603,408,1192,-8,5935,6022,6272,5512,1,1,31,3
928,43816051,-2016,-101,-60,-110,-1082,0,0,1136,1015,0,17,-17,37,-15,993,-186,1192,-20,5734,6055,6027,5823,1,1,31,3
929,43836058,-2014,-93,-75,-91,-1082,0,0,1138,1015,0,16,-16,-141,-
14,1672,445,1192,23,5159,6215,6037,6210,1,1,31,3
930,43856056,-2012,-68,-97,-72,-1082,0,0,1137,1015,245,13,-13,-239,-12,2019,796,1193,14,5242,6064,6246,6002,1,1,31,3
931,43876044,-2011,-79,-97,-65,-1082,0,0,1138,1015,-200,11,-11,-204,-9,1886,680,1194,-3,5725,6006,63
38,5624,1,1,31,3
932,43896064,-2009,-104,-83,-77,-1082,0,0,1138,1015,-1007,9,-9,-115,-8,1575,376,1195,-7,6212,5839,6401,5196,1,1,31,3
933,43916067,-2007,-129,-45,-97,-1081,0,0,1140,1015,-689,7,-7,-145,-6,1697,486,1196,3,5923,6052,6209,5442,1,1,31,3
934,43936069,
-2005,-153,-6,-102,-1081,0,0,1140,1015,-438,5,-5,-160,-4,1757,544,1196,5,5483,6180,6040,5809,1,1,31,3
935,43956073,-2001,-141,-13,-90,-1080,0,0,1140,1015,0,2,-2,-137,-2,1675,470,1197,-4,5400,6179,6034,5928,1,1,31,3
936,43976074,-1999,-116,-48,-72,-1080,0,0,1140,101
5,269,0,0,-189,0,1879,661,1198,7,5147,6102,6179,6142,1,1,31,3
937,43996077,-1996,-130,-43,-52,-1079,0,0,1141,1015,-290,-3,3,-141,2,1708,500,1199,-3,5375,5979,6262,5965,1,1,31,3
938,44016078,-1994,-155,-13,-41,-1079,0,0,1141,1015,-575,-7,7,-208,6,1960,744,1200,3,56
41,5795,6471,5589,1,1,31,3
939,44036083,-1991,-162,1,-49,-1078,0,0,1142,1015,-247,-11,11,-296,9,2301,1069,1201,15,5893,5866,6547,5305,1,1,31,3
940,44056086,-1987,-181,26,-61,-1077,0,0,1143,1015,-405,-15,15,-290,13,2273,1059,1202,-5,5884,6173,6220,5309,1,1,31,3
941,440
76090,-1984,-169,14,-62,-1076,0,0,1142,1015,-26,-18,18,-85,15,1539,349,1203,-24,5725,6415,5795,5672,1,1,31,3
942,44096092,-1980,-144,-21,-37,-1076,0,0,1143,1015,811,-19,19,-147,17,1802,574,1204,11,5264,6436,5897,6117,1,1,31,3
943,44116094,-1978,-133,-47,-5,-1075,0,0,1
143,1015,0,-24,24,-208,21,2018,795,1205,3,5254,6092,6279,6052,1,1,31,3
944,44136083,-1975,-157,-25,5,-1074,0,0,1143,1015,-486,-26,26,-210,23,2039,817,1206,0,5525,5996,6449,5843,1,1,31,3
945,44156100,-1972,-182,10,-4,-1074,0,0,1142,1014,-558,-28,28,-160,2
5,1869,648,1207,-2,6100,5678,6739,5331,1,1,31,3
946,44176101,-1968,-207,47,-25,-1073,0,0,1143,1014,-560,-31,31,-268,27,2281,1035,1208,18,5933,5985,6579,5427,1,1,31,3
947,44196105,-1964,-192,36,-37,-1072,0,0,1141,1014,-18,-36,36,-271,31,2284,1058,1210,-3,5
809,6373,6119,5476,1,1,31,3
948,44216111,-1960,-167,0,-32,-1071,0,0,1141,1014,436,-39,39,-153,34,1859,652,1211,-20,5488,6711,5775,6016,1,1,31,3
949,44236111,-1957,-143,-41,8,-1070,0,0,1140,1013,725,-41,41,-137,36,1834,604,1212,2,5148,6681,5775,6340,1,1,31,3
950,
44255919,-1954,-143,-54,48,-1070,0,0,1140,1013,0,-44,44,-183,39,2016,776,1213,7,5474,6195,6357,6014,0,0,7,3
951,44276074,-1951,-160,-37,52,-1069,0,0,1139,1013,-343,-47,47,-140,41,1861,633,1214,-5,5945,5862,6638,5572,1,1,31,3
952,44296081,-1948,-186,-1,32,-1068,0,0,
1139,1012,-589,-49,49,-145,43,1887,656,1215,-4,6068,5602,6938,5475,1,1,31,3
953,44316082,-1944,-211,39,-4,-1067,0,0,1138,1012,-643,-53,53,-186,46,2047,808,1216,-1,5902,6124,6421,5562,1,1,31,3
954,44336086,-1940,-186,16,-15,-1066,0,0,1137,1012,175,-56,56,-248,49,22
96,1040,1217,12,5745,6552,6118,5713,1,1,31,3
955,44356087,-1936,-160,-23,-6,-1066,0,0,1135,1012,636,-59,59,-196,52,2104,866,1219,-5,5724,6817,5872,5854,1,1,31,3
956,44376092,-1933,-135,-66,27,-1065,0,0,1135,1011,584,-62,62,-152,54,1958,720,1220,-6,5338,6921,5788,63
37,1,1,31,3
957,44396089,-1930,-110,-108,50,-1065,0,0,1134,1011,611,-64,64,-205,56,2175,919,1221,6,5561,6615,6112,6017,1,1,31,3
958,44416095,-1928,-135,-88,52,-1065,0,0,1133,1011,-634,-67,67,-167,59,2033,791,1222,-8,5931,5925,6780,5701,1,1,31,3
959,44436100,-1925
,-160,-51,19,-1064,0,0,1131,1010,-655,-70,70,-151,61,1994,741,1223,3,6194,5530,7159,5442,1,1,31,3
960,44456100,-1922,-185,-10,-24,-1063,0,0,1130,1010,-641,-72,72,-202,63,2194,930,1224,7,6029,5911,6859,5583,1,1,31,3
961,44476104,-1919,-167,-22,-48,-1063,0,0,1128,10
09,42,-76,76,-101,66,1817,582,1226,-19,5536,6578,6119,6202,1,1,31,3
962,44496107,-1915,-142,-56,-32,-1062,0,0,1127,1009,930,-77,77,-115,67,1903,642,1226,6,5500,6860,5939,6294,1,1,31,3
963,44516108,-1912,-117,-96,-2,-1062,0,0,1126,1008,760,-80,80,-204,70,2237,960,1227
,12,5540,6932,5959,6170,1,1,31,3
964,44536115,-1910,-93,-127,15,-1062,0,0,1125,1008,393,-83,83,-187,72,2167,908,1229,-7,5971,6590,6267,5742,1,1,31,3
965,44556100,-1908,-87,-137,12,-1062,0,0,1123,1008,-28,-85,85,-170,74,2125,859,1230,-1,6021,6170,6658,5685,1,1,31,3


966,44576118,-1906,-112,-110,-21,-1062,0,0,1122,1007,-635,-89,89,-168,77,2128,859,1231,-1,6284,5901,6967,5460,1,1,31,3
967,44596122,-1904,-100,-116,-64,-1061,0,0,1119,1008,46,-93,93,-223,81,2343,1063,1233,4,5924,6196,6695,5730,1,1,31,3
968,44616126,-1902,-75,-146,-
80,-1061,0,0,1119,1007,516,-96,96,-83,84,1831,583,1234,-19,5491,6604,6186,6332,1,1,31,3
969,44636128,-1901,-50,-176,-65,-1062,0,0,1116,1007,1033,-97,97,-75,85,1834,563,1235,1,5433,6685,6105,6389,1,1,31,3
970,44656128,-1900,-26,-205,-43,-1062,0,0,1115,1007,619,-10
0,100,-195,87,2291,992,1236,18,5669,6680,6231,6032,1,1,31,3
971,44676130,-1899,-23,-214,-36,-1062,0,0,1114,1007,12,-104,104,-190,91,2258,981,1237,-5,6059,6362,6541,5651,1,1,31,3
972,44696137,-1899,-21,-215,-54,-1063,0,0,1112,1006,-2,-108,108,-215,94,2370,1081,1239,
4,6228,6353,6579,5452,1,1,31,3
973,44716120,-1898,-17,-215,-77,-1063,0,0,1111,1006,38,-110,110,-255,96,2528,1234,1240,3,6334,6417,6557,5305,1,1,31,3
974,44736142,-1898,8,-234,-103,-1064,0,0,1109,1006,530,-114,114,-190,100,2293,1013,1242,-8,5481,6463,6448,6220,1,1,3
1,3
975,44756127,-1898,32,-259,-104,-1065,0,0,1108,1006,765,-116,116,-44,101,1767,508,1243,-19,5379,6397,6375,6461,1,1,31,3
976,44775953,-1899,32,-263,-92,-1066,0,0,1107,1006,0,-117,117,-122,102,2093,790,1244,17,5050,6454,6405,6704,0,0,7,3
977,44796106,-1899,59,-28
4,-79,-1067,0,0,1106,1005,516,-120,120,-207,105,2397,1093,1245,9,5628,6403,6536,6046,1,1,31,3
978,44816115,-1901,85,-314,-82,-1068,0,0,1106,1006,459,-124,124,-205,108,2397,1099,1247,0,6251,6432,6497,5413,1,1,31,3
979,44836112,-1902,77,-309,-105,-1069,0,0,1105,100
6,-7,-126,126,-151,110,2209,918,1248,-3,6343,6375,6446,5311,1,1,31,3
980,44856116,-1904,57,-281,-140,-1070,0,0,1104,1006,-175,-129,129,-178,112,2325,1018,1249,8,6094,6520,6367,5565,1,1,31,3
981,44876121,-1905,71,-284,-165,-1071,0,0,1102,1006,239,-132,132,-166,115,2279,9
85,1251,-6,5815,6433,6439,5854,1,1,31,3
982,44896122,-1906,97,-312,-172,-1073,0,0,1102,1006,729,-135,135,-89,117,2007,723,1252,-10,5649,6444,6392,6127,1,1,31,3
983,44916108,-1908,122,-345,-171,-1074,0,0,1100,1006,816,-136,136,-159,119,2289,980,1253,7,5355,6488,6422,
6347,1,1,31,3
984,44936110,-1911,147,-380,-168,-1076,0,0,1099,1006,577,-139,139,-180,122,2366,1057,1255,4,5432,6332,6599,6250,1,1,31,3
985,44956114,-1914,150,-387,-173,-1078,0,0,1098,1006,192,-143,143,-138,124,2211,920,1256,-10,5877,6316,6574,5845,1,1,31,3
986,4
4976133,-1917,126,-354,-196,-1079,0,0,1097,1006,-174,-144,144,-63,125,1953,663,1257,-7,6569,6225,6597,5222,1,1,31,3
987,44996136,-1919,101,-312,-231,-1081,0,0,1095,1006,-179,-144,144,-103,126,2115,808,1259,5,6497,6313,6512,5211,1,1,31,3
988,45016136,-1921,102,-299,-
255,-1083,0,0,1095,1006,108,-145,145,-76,126,2013,714,1260,-2,5908,6563,6275,5866,1,1,31,3
989,45036139,-1923,127,-323,-256,-1084,0,0,1093,1006,580,-145,145,-81,127,2033,734,1261,-4,5513,6750,6044,6208,1,1,31,3
990,45056128,-1926,151,-357,-232,-1086,0,0,1093,1006,9
05,-145,145,79,127,1445,169,1261,-14,4777,6560,6121,7141,1,1,31,3
991,45076129,-1929,176,-393,-196,-1088,0,0,1091,1006,518,-146,146,-23,127,1840,531,1262,11,4855,6241,6468,6883,1,1,31,3
992,45096127,-1932,156,-375,-174,-1090,0,0,1091,1006,-72,-150,150,-222,131,2570,
1236,1263,18,5390,5967,6981,6201,1,1,31,3
993,45116153,-1935,132,-337,-186,-1091,0,0,1089,1006,-680,-154,154,-90,134,2072,783,1265,-18,6451,6061,6760,5277,1,1,31,3
994,45136150,-1938,120,-312,-228,-1093,0,0,1089,1006,-16,-154,154,59,134,1539,268,1265,-25,6829,635
1,6326,5036,1,1,31,3
995,45156161,-1940,117,-301,-268,-1095,0,0,1088,1006,85,-150,150,79,131,1482,194,1266,-8,6736,6702,5963,5148,1,1,31,3
996,45176138,-1943,142,-328,-285,-1097,0,0,1088,1006,501,-147,147,32,128,1657,349,1266,8,6188,6667,6077,5680,1,1,31,3
997,451
96168,-1946,167,-364,-287,-1099,0,0,1085,1006,784,-146,146,-34,127,1880,572,1267,2,5679,6553,6249,6131,1,1,31,3
998,45216161,-1949,183,-392,-270,-1101,0,0,1085,1005,380,-147,147,-3,128,1761,463,1268,-7,4945,6058,6713,6896,1,1,31,3
999,45236157,-1953,183,-397,-255
,-1103,0,0,1082,1005,174,-149,149,21,130,1684,381,1268,-2,5125,6075,6676,6736,1,1,31,3
FLIGHTCFG,3.19000,3.18400,0.87200,0.12480,0.02600,0.00240,0.13530,0.03000,0.00200,0.35400,0.02500,0.00030,0.20100,0.00000,0.00000,0.21600,0.00000,0.00000,0.13100,0.00400,
0.00770,0.09030,0.00400,0.00630,0.13500,0.10000,0.00000,8.000,50.000
TRIMCFG,learn_rate=0.0100,limit_deg=0.80,delay_s=1.00,max_pos_cm=15.0,max_vel_cm_s=4.0,max_vel_target_cm_s=3.0
PROFILECFG,pos_correction_cm_s=10.0,profile_near_cm_s=7.0,profile_far_cm_s=15.0,total_
vel_cm_s=15.0,leash_start_cm=12.0,leash_max_cm=40.0
[PREFLIGHT],attempt=1,result=ACCEPTED,flags=0x00,time_us=9913869,mode=0,voltage=11.67,height_cm=6.40,imu=1,tof_ok=1,tof_raw=1,tof_stale=0,tof_stuck=0,tof_frames=5,flow=1,flow_raw=1,flow_obs=1,flow_ekf=1,flo
w_quality=245,flow_ready_ms=300,lc302_bytes=4657,lc302_frames=332,lc302_errors=0,lc302_last_rx_us=9894730,reason_imu=0,reason_tof=0,reason_flow_no_bytes=0,reason_flow_no_frame=0,reason_flow_quality=0,reason_flow_not_ready=0
DEBUG_STATE_END

