cost,rmse,lag_ms,quiet_rms,acc_gain,acc_alpha,q_z,q_vz,r_z,vel_obs,vel_alpha,r_vz
3.4884128970887898,1.788440302393499,78.00600000000007,1.5139502705579704,0.2,0.22,15.0,600.0,12.5,1,0.55,150.0
3.4937529748378546,1.7970848108169153,78.00600000000007,1.5045090400598233,0.2,0.12,15.0,600.0,12.5,1,0.55,150.0
3.4952599211314066,1.7950542699348815,78.00600000000007,1.514616146275784,0.2,0.22,40.0,600.0,12.5,1,0.55,150.0
3.4953391191141794,1.7926093174702067,78.00600000000007,1.5218280046970625,0.2,0.35,15.0,600.0,12.5,1,0.55,150.0
3.5007811955978663,1.8038750554593688,78.00600000000007,1.5051889718242755,0.2,0.12,40.0,600.0,12.5,1,0.55,150.0
3.502084128067857,1.7991331716901047,78.00600000000007,1.5224598753650047,0.2,0.35,40.0,600.0,12.5,1,0.55,150.0
3.5027369753518314,1.8015039708994385,78.00600000000007,1.5175514412925488,0.2,0.22,80.0,600.0,12.5,1,0.55,150.0
3.505262933764034,1.8032383124264497,78.00600000000007,1.519813203821668,0.2,0.22,40.0,600.0,25.0,1,0.55,150.0
3.5058850742914385,1.8029448426297532,78.00600000000007,1.5224292333190983,0.2,0.22,15.0,600.0,25.0,1,0.55,150.0
3.5081331004108547,1.805917960048617,78.00600000000007,1.5203575438921055,0.2,0.22,80.0,600.0,25.0,1,0.55,150.0
3.508370090865307,1.8127097609691607,78.00600000000007,1.501629513988988,0.2,0.08,15.0,600.0,12.5,1,0.55,150.0
3.508384490412574,1.8104397924062368,78.00600000000007,1.5081562800181045,0.2,0.12,80.0,600.0,12.5,1,0.55,150.0
3.509496363225132,1.805533444644039,78.00600000000007,1.5253511959459773,0.2,0.35,80.0,600.0,12.5,1,0.55,150.0
3.510877520407785,1.812148013369587,78.00600000000007,1.5103985915377067,0.2,0.12,40.0,600.0,25.0,1,0.55,150.0
3.5114816686041244,1.8118241117990572,78.00600000000007,1.5130501623001889,0.2,0.12,15.0,600.0,25.0,1,0.55,150.0
3.512065258513983,1.8073034580868002,78.00600000000007,1.527633715506234,0.2,0.35,40.0,600.0,25.0,1,0.55,150.0
3.5127004293544064,1.8070324770811226,78.00600000000007,1.5302227207808086,0.2,0.35,15.0,600.0,25.0,1,0.55,150.0
3.5130313771406967,1.8096622889409761,78.00600000000007,1.5236545377134836,0.2,0.22,40.0,600.0,50.0,1,0.55,150.0
3.5131867665236216,1.8100576344459238,78.00600000000007,1.5229689487934202,0.2,0.22,80.0,600.0,50.0,1,0.55,150.0
3.5138181551349863,1.8148942379610333,78.00600000000007,1.5109540490684346,0.2,0.12,80.0,600.0,25.0,1,0.55,150.0
3.5148962858298125,1.8099496991677517,78.00600000000007,1.5281616761773131,0.2,0.35,80.0,600.0,25.0,1,0.55,150.0
3.515661160151234,1.8113283005685519,78.00600000000007,1.526408170236233,0.2,0.22,15.0,600.0,50.0,1,0.55,150.0
3.5197928767200173,1.813698067575933,78.00600000000007,1.531442311840238,0.2,0.35,40.0,600.0,50.0,1,0.55,150.0
3.519938248904898,1.8140817235452316,78.00600000000007,1.5307615010276152,0.2,0.35,80.0,600.0,50.0,1,0.55,150.0
3.5223900502707988,1.8153465644966884,78.00600000000007,1.534152816497456,0.2,0.35,15.0,600.0,50.0,1,0.55,150.0
3.5622931163095513,1.838903618766771,78.00600000000007,1.5808557072650833,0.35,0.12,15.0,600.0,12.5,1,0.55,150.0
3.570634295101744,1.8465656334086495,78.00600000000007,1.5827961762659817,0.35,0.12,40.0,600.0,12.5,1,0.55,150.0
3.571991240266219,1.8401251634968492,78.00600000000007,1.6050745050553388,0.35,0.22,15.0,600.0,12.5,1,0.55,150.0
3.577645339345288,1.8568344920386841,78.00600000000007,1.573488135161722,0.35,0.08,15.0,600.0,12.5,1,0.55,150.0
3.578679666895436,1.8533837301795062,78.00600000000007,1.5863026763312256,0.35,0.12,80.0,600.0,12.5,1,0.55,150.0
3.5798592927726216,1.847347154383614,78.00600000000007,1.6069203953971625,0.35,0.22,40.0,600.0,12.5,1,0.55,150.0
3.580264798129569,1.8536576894510635,78.00600000000007,1.5900488819385858,0.35,0.12,15.0,600.0,25.0,1,0.55,150.0
3.580888080175341,1.8548658988700735,78.00600000000007,1.5883776608721891,0.35,0.12,40.0,600.0,25.0,1,0.55,150.0
3.5842402259501585,1.8578798699047545,78.00600000000007,1.5893438744154371,0.35,0.12,80.0,600.0,25.0,1,0.55,150.0
3.5863559862465575,1.8648142767569045,78.00600000000007,1.575576312827578,0.35,0.08,40.0,600.0,12.5,1,0.55,150.0
3.5876041907046776,1.85390016052348,78.00600000000007,1.6103258005177048,0.35,0.22,80.0,600.0,12.5,1,0.55,150.0
3.588869708997854,1.8613951639611275,78.00600000000007,1.5925272715335028,0.35,0.12,40.0,600.0,50.0,1,0.55,150.0
3.5894199975766456,1.8543989698481984,78.00600000000007,1.614088650652703,0.35,0.22,15.0,600.0,25.0,1,0.55,150.0
3.589423773211389,1.8620809199683626,78.00600000000007,1.5921510092657876,0.35,0.12,80.0,600.0,50.0,1,0.55,150.0
3.589931499066251,1.8554850765487378,78.00600000000007,1.6124469214786066,0.35,0.22,40.0,600.0,25.0,1,0.55,150.0
3.5905412903106155,1.8623367229377579,78.00600000000007,1.5946130496367334,0.35,0.12,15.0,600.0,50.0,1,0.55,150.0
3.5931072266550093,1.858337993511758,78.00600000000007,1.6133692375521436,0.35,0.22,80.0,600.0,25.0,1,0.55,150.0
3.594640430504681,1.8718386161759182,78.00600000000007,1.5791766123678912,0.35,0.08,80.0,600.0,12.5,1,0.55,150.0
3.5960846925165653,1.8720016744764714,78.00600000000007,1.5828371944002664,0.35,0.08,15.0,600.0,25.0,1,0.55,150.0
3.596802802318874,1.873291200373794,78.00600000000007,1.5812045769859389,0.35,0.08,40.0,600.0,25.0,1,0.55,150.0
3.5976998280569314,1.8618264691004882,78.00600000000007,1.6165238827326927,0.35,0.22,40.0,600.0,50.0,1,0.55,150.0
3.5981969826278757,1.8624551455899165,78.00600000000007,1.6161481058227367,0.35,0.22,80.0,600.0,50.0,1,0.55,150.0
3.599292151432355,1.8627133826763218,78.00600000000007,1.6185393393029486,0.35,0.22,15.0,600.0,50.0,1,0.55,150.0
3.600291205735342,1.8764217223557615,78.00600000000007,1.5822270953702273,0.35,0.08,80.0,600.0,25.0,1,0.55,150.0
3.6009372062260674,1.86042527066922,78.00600000000007,1.6297769587338486,0.35,0.35,15.0,600.0,12.5,1,0.55,150.0
3.604973900801857,1.87998842013353,78.00600000000007,1.5854156590523603,0.35,0.08,40.0,600.0,50.0,1,0.55,150.0
3.6055734806919237,1.8807128734796308,78.00600000000007,1.5850588777494057,0.35,0.08,80.0,600.0,50.0,1,0.55,150.0
3.6067033570520417,1.8809791315993365,78.00600000000007,1.5875263584362973,0.35,0.08,15.0,600.0,50.0,1,0.55,150.0
3.60845101941125,1.8673462894347614,78.00600000000007,1.631470657075679,0.35,0.35,40.0,600.0,12.5,1,0.55,150.0
3.6159835270726868,1.8737354243741904,78.00600000000007,1.6347374362814158,0.35,0.35,80.0,600.0,12.5,1,0.55,150.0
3.61803393502528,1.87445258128272,78.00600000000007,1.6385467249787393,0.35,0.35,15.0,600.0,25.0,1,0.55,150.0
3.618437695566327,1.8754282439902321,78.00600000000007,1.6369127187888404,0.35,0.35,40.0,600.0,25.0,1,0.55,150.0
3.6214842961837066,1.8781735226680538,78.00600000000007,1.6377736386161479,0.35,0.35,80.0,600.0,25.0,1,0.55,150.0
3.6260801764505173,1.8816780485387807,78.00600000000007,1.6408917940335297,0.35,0.35,40.0,600.0,50.0,1,0.55,150.0
3.6265296346477602,1.8822610589371043,78.00600000000007,1.6405102163161571,0.35,0.35,80.0,600.0,50.0,1,0.55,150.0
3.627653591302094,1.8825658185458183,78.00600000000007,1.6428507793036426,0.35,0.35,15.0,600.0,50.0,1,0.55,150.0
3.865356990839241,1.79184755985458,104.0080000000001,1.4668269456704568,0.1,0.22,15.0,600.0,12.5,1,0.55,150.0
3.8653972001113566,1.7913263285664918,104.0080000000001,1.4684310615567522,0.1,0.35,15.0,600.0,12.5,1,0.55,150.0
3.8717068807340094,1.7992784520936345,104.0080000000001,1.463738367543924,0.1,0.12,15.0,600.0,12.5,1,0.55,150.0
3.8718704342090886,1.7983622395077985,104.0080000000001,1.4668234134322546,0.1,0.22,40.0,600.0,12.5,1,0.55,150.0
3.8718941424427005,1.7978245440695388,104.0080000000001,1.468427423923315,0.1,0.35,40.0,600.0,12.5,1,0.55,150.0
3.878280047064198,1.805854676036623,104.0080000000001,1.4637296315073534,0.1,0.12,40.0,600.0,12.5,1,0.55,150.0
3.879302870307014,1.8048645941255326,104.0080000000001,1.4694807890899435,0.1,0.22,80.0,600.0,12.5,1,0.55,150.0
3.879314762173254,1.8043183493134516,104.0080000000001,1.4710754653137186,0.1,0.35,80.0,600.0,12.5,1,0.55,150.0
3.880902161824481,1.8088070354184338,104.0080000000001,1.4627860754458457,0.1,0.08,15.0,600.0,12.5,1,0.55,150.0
3.8819259173958383,1.806672355209073,104.0080000000001,1.4718101776764676,0.1,0.22,40.0,600.0,25.0,1,0.55,150.0
3.881949201995929,1.8061349707388101,104.0080000000001,1.47341208930605,0.1,0.35,40.0,600.0,25.0,1,0.55,150.0
3.883013384799103,1.8066541905382338,104.0080000000001,1.474969126459622,0.1,0.22,15.0,600.0,25.0,1,0.55,150.0
3.8830287466756888,1.8061154523507796,104.0080000000001,1.476552269499737,0.1,0.35,15.0,600.0,25.0,1,0.55,150.0
3.8847032827708974,1.8093344787776038,104.0080000000001,1.472139439980835,0.1,0.22,80.0,600.0,25.0,1,0.55,150.0
3.884719109568048,1.8087903450539895,104.0080000000001,1.4737393271830204,0.1,0.35,80.0,600.0,25.0,1,0.55,150.0
3.885758930465329,1.8124009721990861,104.0080000000001,1.4663941664749767,0.1,0.12,80.0,600.0,12.5,1,0.55,150.0
3.8875682502991773,1.81546492379144,104.0080000000001,1.462809504307817,0.1,0.08,40.0,600.0,12.5,1,0.55,150.0
3.8883772387006594,1.814206695820645,104.0080000000001,1.468715836800037,0.1,0.12,40.0,600.0,25.0,1,0.55,150.0
3.8894697130974847,1.8141857723839179,104.0080000000001,1.4718969734673304,0.1,0.12,15.0,600.0,25.0,1,0.55,150.0
3.8897631132169925,1.813217144711009,104.0080000000001,1.4755027671599488,0.1,0.22,40.0,600.0,50.0,1,0.55,150.0
3.889778055792201,1.8126740400855628,104.0080000000001,1.4770971877332484,0.1,0.35,40.0,600.0,50.0,1,0.55,150.0
3.8897831670638547,1.8135376297753243,104.0080000000001,1.4746443922529404,0.1,0.22,80.0,600.0,50.0,1,0.55,150.0
3.8897984693620793,1.8129933269213936,104.0080000000001,1.4762432641162413,0.1,0.35,80.0,600.0,50.0,1,0.55,150.0
3.8911791532619313,1.8168929668956821,104.0080000000001,1.4690462467607088,0.1,0.12,80.0,600.0,25.0,1,0.55,150.0
3.8928610748737498,1.8146581025667823,104.0080000000001,1.48023706373419,0.1,0.35,15.0,600.0,50.0,1,0.55,150.0
3.892867103118545,1.8152141403288413,104.0080000000001,1.4786656079705793,0.1,0.22,15.0,600.0,50.0,1,0.55,150.0
3.89510933637243,1.8220661405821643,104.0080000000001,1.4654948451150422,0.1,0.08,80.0,600.0,12.5,1,0.55,150.0
3.8962574661669116,1.820792353598255,104.0080000000001,1.4724146073390147,0.1,0.12,40.0,600.0,50.0,1,0.55,150.0
3.8962805715971993,1.8211176769715054,104.0080000000001,1.4715511275019781,0.1,0.12,80.0,600.0,50.0,1,0.55,150.0
3.8977247167231788,1.8238730179607778,104.0080000000001,1.4678048536068566,0.1,0.08,40.0,600.0,25.0,1,0.55,150.0
3.898794849342595,1.8238317196963634,104.0080000000001,1.4709803704178022,0.1,0.08,15.0,600.0,25.0,1,0.55,150.0
3.8993992196059377,1.82281797734683,104.0080000000001,1.4756035493117339,0.1,0.12,15.0,600.0,50.0,1,0.55,150.0
3.900561218645863,1.8265894468995958,104.0080000000001,1.4681479192750453,0.1,0.08,80.0,600.0,25.0,1,0.55,150.0
3.905626034606815,1.8196724857240436,104.0080000000001,1.5023815682364852,0.2,0.08,40.0,600.0,12.5,1,0.55,150.0
3.9056586000303164,1.830507475203594,104.0080000000001,1.4715174995049187,0.1,0.08,40.0,600.0,50.0,1,0.55,150.0
3.905692870547016,1.8308426656563201,104.0080000000001,1.4706577282591284,0.1,0.08,80.0,600.0,50.0,1,0.55,150.0
3.9087782276115375,1.8186656116704165,104.0080000000001,1.5142646169746272,0.2,0.12,40.0,600.0,50.0,1,0.55,150.0
3.908817156492657,1.8325464594516248,104.0080000000001,1.4747162772600884,0.1,0.08,15.0,600.0,50.0,1,0.55,150.0
3.9089499933952863,1.819079735424949,104.0080000000001,1.5135721656295316,0.2,0.12,80.0,600.0,50.0,1,0.55,150.0
3.9114741601536847,1.8203804858354418,104.0080000000001,1.5170676409092623,0.2,0.12,15.0,600.0,50.0,1,0.55,150.0
3.9133598049409235,1.8263514122467641,104.0080000000001,1.505395407697595,0.2,0.08,80.0,600.0,12.5,1,0.55,150.0
3.915838651854027,1.828054093071153,104.0080000000001,1.5076130250939213,0.2,0.08,40.0,600.0,25.0,1,0.55,150.0
3.9163940016244005,1.827686657984771,104.0080000000001,1.5102495532560811,0.2,0.08,15.0,600.0,25.0,1,0.55,150.0
3.918852595497474,1.8308638192397022,104.0080000000001,1.5081965035936293,0.2,0.08,80.0,600.0,25.0,1,0.55,150.0
3.9238180567453718,1.8346695754881717,104.0080000000001,1.51150994644914,0.2,0.08,40.0,600.0,50.0,1,0.55,150.0
3.9240138101269144,1.8351046204529418,104.0080000000001,1.5108262562113466,0.2,0.08,80.0,600.0,50.0,1,0.55,150.0
3.9265479097509965,1.8364120495377445,104.0080000000001,1.5143310291807166,0.2,0.08,15.0,600.0,50.0,1,0.55,150.0
4.273908045606265,2.1299074484179576,104.0080000000001,1.6682302776808746,0.1,0.22,15.0,600.0,12.5,1,0.35,150.0
4.27443769439509,2.129939505446403,104.0080000000001,1.669651968424816,0.1,0.35,15.0,600.0,12.5,1,0.35,150.0
4.280189889006493,2.1185589211407407,104.0080000000001,1.7186027653307185,0.2,0.22,15.0,600.0,12.5,1,0.35,150.0
4.28592491028274,2.127844945126959,104.0080000000001,1.7084570433022286,0.2,0.12,15.0,600.0,12.5,1,0.35,150.0
4.287092485575959,2.1230237381982415,104.0080000000001,1.7255678496506184,0.2,0.35,15.0,600.0,12.5,1,0.35,150.0
4.29307015871291,2.130971030758204,104.0080000000001,1.7199403655848704,0.2,0.22,40.0,600.0,12.5,1,0.35,150.0
4.298947175161515,2.140405929307415,104.0080000000001,1.7097749881545663,0.2,0.12,40.0,600.0,12.5,1,0.35,150.0
4.299901448561596,2.1353633614123044,104.0080000000001,1.7269088204265437,0.2,0.35,40.0,600.0,12.5,1,0.35,150.0
4.30161240864051,2.1446560186579893,104.0080000000001,1.705246828521485,0.2,0.08,15.0,600.0,12.5,1,0.35,150.0
4.305189206980492,2.141504116832303,104.0080000000001,1.724471686137679,0.2,0.22,80.0,600.0,12.5,1,0.35,150.0
4.307510562321808,2.141241345680788,104.0080000000001,1.7318549046886265,0.2,0.22,15.0,600.0,25.0,1,0.35,150.0
4.308281504855849,2.143342525320136,104.0080000000001,1.7280542272448898,0.2,0.22,40.0,600.0,25.0,1,0.35,150.0
4.311181697968091,2.151046387888078,104.0080000000001,1.7143294573714618,0.2,0.12,80.0,600.0,12.5,1,0.35,150.0
4.311961373666518,2.145847890996995,104.0080000000001,1.7314099504843476,0.2,0.35,80.0,600.0,12.5,1,0.35,150.0
4.313449427228713,2.1481818260697954,104.0080000000001,1.7289931461683317,0.2,0.22,80.0,600.0,25.0,1,0.35,150.0
4.313503041973365,2.1507627226864807,104.0080000000001,1.7217723408196657,0.2,0.12,15.0,600.0,25.0,1,0.35,150.0
4.314253205071864,2.1528680498133075,104.0080000000001,1.7179004435958718,0.2,0.12,40.0,600.0,25.0,1,0.35,150.0
4.31429280300233,2.14561220059197,104.0080000000001,1.7387445783153126,0.2,0.35,15.0,600.0,25.0,1,0.35,150.0
4.31508410977143,2.147711996950205,104.0080000000001,1.7350060366320668,0.2,0.35,40.0,600.0,25.0,1,0.35,150.0
4.320221526487746,2.15252253310102,104.0080000000001,1.7359399811049265,0.2,0.35,80.0,600.0,25.0,1,0.35,150.0
4.320305488505994,2.1532725707490283,104.0080000000001,1.7340369078770421,0.2,0.22,40.0,600.0,50.0,1,0.35,150.0
4.321139036681563,2.1544446980819036,104.0080000000001,1.7330695388561672,0.2,0.22,80.0,600.0,50.0,1,0.35,150.0
4.32351528206269,2.155001729607108,104.0080000000001,1.7382672927302305,0.2,0.22,15.0,600.0,50.0,1,0.35,150.0
4.326725442214761,2.1514023632703108,104.0080000000001,1.7577230826984271,0.2,0.22,15.0,300.0,12.5,1,0.55,150.0
4.327062770891498,2.157606691205391,104.0080000000001,1.7409602276745864,0.2,0.35,40.0,600.0,50.0,1,0.35,150.0
4.330442657522818,2.1567188955507803,104.0080000000001,1.7531536056343906,0.2,0.22,40.0,300.0,12.5,1,0.55,150.0
4.334552003521757,2.16413011693955,104.0080000000001,1.7437196759491576,0.2,0.12,15.0,300.0,12.5,1,0.55,150.0
4.337125483474014,2.157300663703757,104.0080000000001,1.770585199343587,0.2,0.35,15.0,300.0,12.5,1,0.55,150.0
4.337945971258577,2.1522272953867225,104.0080000000001,1.7874247882052945,0.35,0.12,15.0,600.0,12.5,1,0.35,150.0
4.338414829719254,2.16410417055554,104.0080000000001,1.7548304547534674,0.2,0.22,80.0,300.0,12.5,1,0.55,150.0
4.338634878413258,2.169782340377119,104.0080000000001,1.7392358229603928,0.2,0.12,40.0,300.0,12.5,1,0.55,150.0
4.340635704556795,2.1624063211221154,104.0080000000001,1.7660268098133673,0.2,0.35,40.0,300.0,12.5,1,0.55,150.0
4.343637380014217,2.1676082560046237,104.0080000000001,1.759740354313119,0.2,0.22,40.0,300.0,25.0,1,0.55,150.0
4.344128856333247,2.149839876253406,104.0080000000001,1.8119113716566866,0.35,0.22,15.0,600.0,12.5,1,0.35,150.0
4.345726534982468,2.170069545440058,104.0080000000001,1.7586771129783128,0.2,0.22,80.0,300.0,25.0,1,0.55,150.0
4.346860644843889,2.177393768886085,104.0080000000001,1.740991074165151,0.2,0.12,80.0,300.0,12.5,1,0.55,150.0
4.348362938080942,2.1699055113814736,104.0080000000001,1.7666783619984767,0.2,0.22,15.0,300.0,25.0,1,0.55,150.0
4.348474896717329,2.169670222747536,104.0080000000001,1.7676704970565473,0.2,0.35,80.0,300.0,12.5,1,0.55,150.0
4.351915040684159,2.1652844634306447,104.0080000000001,1.7900302207243242,0.35,0.12,40.0,600.0,12.5,1,0.35,150.0
4.352015522802752,2.1808438862882182,104.0080000000001,1.74586181861295,0.2,0.12,40.0,300.0,25.0,1,0.55,150.0
4.352359338293246,2.175555655849315,104.0080000000001,1.7619533784112276,0.2,0.22,80.0,300.0,50.0,1,0.55,150.0
4.353421111251488,2.1758928867090725,104.0080000000001,1.7640234986926129,0.2,0.22,40.0,300.0,50.0,1,0.55,150.0
4.3537652534997715,2.1732377654338304,104.0080000000001,1.7725928230455423,0.2,0.35,40.0,300.0,25.0,1,0.55,150.0
4.354244229257844,2.1834308743117594,104.0080000000001,1.7448381569888092,0.2,0.12,80.0,300.0,25.0,1,0.55,150.0
4.355776231113805,2.175622426640636,104.0080000000001,1.7715251556376224,0.2,0.35,80.0,300.0,25.0,1,0.55,150.0
4.356034130298862,2.1867715273882546,104.0080000000001,1.7404074368874454,0.2,0.08,15.0,300.0,12.5,1,0.55,150.0
4.356709942412353,2.183103831347063,104.0080000000001,1.75281746018654,0.2,0.12,15.0,300.0,25.0,1,0.55,150.0
4.356827726716753,2.173784593986478,104.0080000000001,1.7797803792293527,0.35,0.08,15.0,600.0,12.5,1,0.35,150.0
4.357681600468521,2.1624923317484837,104.0080000000001,1.8144836249143872,0.35,0.22,40.0,600.0,12.5,1,0.35,150.0
4.358522620896435,2.1755895435674275,104.0080000000001,1.7794659352257336,0.2,0.35,15.0,300.0,25.0,1,0.55,150.0
4.35912190415008,2.1797238951157745,104.0080000000001,1.769365740098012,0.2,0.22,15.0,300.0,50.0,1,0.55,150.0
4.360972616967282,2.189005236922243,104.0080000000001,1.7481353715572516,0.2,0.12,80.0,300.0,50.0,1,0.55,150.0
4.362004258536956,2.1893133430391636,104.0080000000001,1.7502026157079735,0.2,0.12,40.0,300.0,50.0,1,0.55,150.0
4.36237522690798,2.1810783262016664,104.0080000000001,1.774791144875176,0.2,0.35,80.0,300.0,50.0,1,0.55,150.0
4.36345805009738,2.181442132146692,104.0080000000001,1.776845479859106,0.2,0.35,40.0,300.0,50.0,1,0.55,150.0
4.364406977130169,2.176002560893641,104.0080000000001,1.795098332104362,0.35,0.12,80.0,600.0,12.5,1,0.35,150.0
4.365469953497281,2.174904401839165,104.0080000000001,1.8012730047374723,0.35,0.12,15.0,600.0,25.0,1,0.35,150.0
4.367237430803661,2.1776587807577585,104.0080000000001,1.7984532858454316,0.35,0.12,40.0,600.0,25.0,1,0.35,150.0
4.36910374839864,2.1852404720576137,104.0080000000001,1.7821236466886432,0.2,0.35,15.0,300.0,50.0,1,0.55,150.0
4.369881295989062,2.172947987522722,104.0080000000001,1.8194665956181104,0.35,0.22,80.0,600.0,12.5,1,0.35,150.0
4.370831402541632,2.1688586480581393,104.0080000000001,1.833865012809976,0.35,0.35,15.0,600.0,12.5,1,0.35,150.0
4.371077810423143,2.172006358831264,104.0080000000001,1.8255755759767938,0.35,0.22,15.0,600.0,25.0,1,0.35,150.0
4.371190563356517,2.1871784845905804,104.0080000000001,1.782548796474102,0.35,0.08,40.0,600.0,12.5,1,0.35,150.0
4.3727511448317005,2.1826986069129393,104.0080000000001,1.7998072511964573,0.35,0.12,80.0,600.0,25.0,1,0.35,150.0
4.372801393857465,2.174683827072909,104.0080000000001,1.8228501908130126,0.35,0.22,40.0,600.0,25.0,1,0.35,150.0
4.378154224055874,2.17957210533698,104.0080000000001,1.824177482053978,0.35,0.22,80.0,600.0,25.0,1,0.35,150.0
4.3793525317120165,2.187590962727879,104.0080000000001,1.8046901970975324,0.35,0.12,40.0,600.0,50.0,1,0.35,150.0
4.380499534019591,2.188965098150174,104.0080000000001,1.8040412453411876,0.35,0.12,80.0,600.0,50.0,1,0.35,150.0
4.381732285392385,2.188739767603414,104.0080000000001,1.8082071936827684,0.35,0.12,15.0,600.0,50.0,1,0.35,150.0
4.383934477384949,2.1981115827061593,104.0080000000001,1.7877225562251116,0.35,0.08,80.0,600.0,12.5,1,0.35,150.0
4.38408277466563,2.181238562146515,104.0080000000001,1.8363548929117524,0.35,0.35,40.0,600.0,12.5,1,0.35,150.0
4.38468902509366,2.1844148011655733,104.0080000000001,1.8290120683659585,0.35,0.22,40.0,600.0,50.0,1,0.35,150.0
4.384845593224599,2.1968920899770543,104.0080000000001,1.7938100092786937,0.35,0.08,15.0,600.0,25.0,1,0.35,150.0
4.385798518162524,2.185744645088291,104.0080000000001,1.8283824944978062,0.35,0.22,80.0,600.0,50.0,1,0.35,150.0
4.3867135169468625,2.1997343292683036,104.0080000000001,1.7910262505101662,0.35,0.08,40.0,600.0,25.0,1,0.35,150.0
4.386925839727727,2.185464878045008,104.0080000000001,1.832402747664908,0.35,0.22,15.0,600.0,50.0,1,0.35,150.0
4.392372102592722,2.204897006775608,104.0080000000001,1.792443130906037,0.35,0.08,80.0,600.0,25.0,1,0.35,150.0
4.39607659006077,2.191528470705602,104.0080000000001,1.8412231981576186,0.35,0.35,80.0,600.0,12.5,1,0.35,150.0
4.397415512832825,2.190743074971143,104.0080000000001,1.8472926796048026,0.35,0.35,15.0,600.0,25.0,1,0.35,150.0
4.398258284030757,2.2041316536087767,104.0080000000001,1.8114475154913692,0.2,0.22,15.0,600.0,12.5,1,0.55,350.0
4.399027302001819,2.2098402149031457,104.0080000000001,1.7973345345676344,0.35,0.08,40.0,600.0,50.0,1,0.35,150.0
4.3990943195007866,2.193349592899654,104.0080000000001,1.844642076003232,0.35,0.35,40.0,600.0,25.0,1,0.35,150.0
4.400223008236665,2.2112560074158147,104.0080000000001,1.796705716630998,0.35,0.08,80.0,600.0,50.0,1,0.35,150.0
4.401474611941939,2.2110435065053564,104.0080000000001,1.8008888726759478,0.35,0.08,15.0,600.0,50.0,1,0.35,150.0
4.404332481202187,2.1981372807367463,104.0080000000001,1.845929144186969,0.35,0.35,80.0,600.0,25.0,1,0.35,150.0
4.4099924172058635,2.210937377974295,104.0080000000001,1.8255286835187654,0.2,0.35,15.0,600.0,12.5,1,0.55,350.0
4.410841214465083,2.202972737643783,104.0080000000001,1.8507099337751376,0.35,0.35,40.0,600.0,50.0,1,0.35,150.0
4.411921241320762,2.204268105939503,104.0080000000001,1.85009467251788,0.35,0.35,80.0,600.0,50.0,1,0.35,150.0
4.413002917109767,2.2039875284663752,104.0080000000001,1.853986824695402,0.35,0.35,15.0,600.0,50.0,1,0.35,150.0
4.465944173053109,2.2509001554786594,104.0080000000001,1.871211478784139,0.35,0.12,15.0,300.0,12.5,1,0.55,150.0
4.4737460844700525,2.2592718079558436,104.0080000000001,1.8695836471834504,0.35,0.12,40.0,300.0,12.5,1,0.55,150.0
4.478421970993606,2.251849635173714,104.0080000000001,1.9041495309139742,0.35,0.22,15.0,300.0,12.5,1,0.55,150.0
4.48332215728448,2.267826076176371,104.0080000000001,1.8725030888803071,0.35,0.12,80.0,300.0,12.5,1,0.55,150.0
4.485350188022519,2.2594330397605913,104.0080000000001,1.9022775664626455,0.35,0.22,40.0,300.0,12.5,1,0.55,150.0
4.487533500453028,2.270542070468634,104.0080000000001,1.8767755142411242,0.35,0.12,40.0,300.0,25.0,1,0.55,150.0
4.487777769645306,2.2757061771544747,104.0080000000001,1.8627188356880866,0.35,0.08,15.0,300.0,12.5,1,0.55,150.0
4.489051751527423,2.2704086058424653,104.0080000000001,1.881494701957018,0.35,0.12,15.0,300.0,25.0,1,0.55,150.0
4.4909556045803445,2.273995744587116,104.0080000000001,1.8766853142663635,0.35,0.12,80.0,300.0,25.0,1,0.55,150.0
4.494376973048987,2.267504702912983,104.0080000000001,1.9050064861028655,0.35,0.22,80.0,300.0,12.5,1,0.55,150.0
4.496141969472981,2.2845204948323516,104.0080000000001,1.8614327846875087,0.35,0.08,40.0,300.0,12.5,1,0.55,150.0
4.497899226564589,2.2796831506217914,104.0080000000001,1.8802745026937036,0.35,0.12,80.0,300.0,50.0,1,0.55,150.0
4.497918847082184,2.2792330849580265,104.0080000000001,1.881616463211877,0.35,0.12,40.0,300.0,50.0,1,0.55,150.0
4.4987926783138334,2.2703961958562813,104.0080000000001,1.9093613784501449,0.35,0.22,40.0,300.0,25.0,1,0.55,150.0
4.500509381576981,2.270451564938876,104.0080000000001,1.9141080475374397,0.35,0.22,15.0,300.0,25.0,1,0.55,150.0
4.5013358647013195,2.281317156792613,104.0080000000001,1.8854248797391577,0.35,0.12,15.0,300.0,50.0,1,0.55,150.0
4.5018936963162375,2.273564178296693,104.0080000000001,1.909170051484409,0.35,0.22,80.0,300.0,25.0,1,0.55,150.0
4.506104369884215,2.293388152829615,104.0080000000001,1.8645606201559966,0.35,0.08,80.0,300.0,12.5,1,0.55,150.0
4.508660020239656,2.2790939711769775,104.0080000000001,1.9127029973219352,0.35,0.22,80.0,300.0,50.0,1,0.55,150.0
4.508780449857496,2.2787361592487305,104.0080000000001,1.914069401739327,0.35,0.22,40.0,300.0,50.0,1,0.55,150.0
4.510244375832039,2.29606297481906,104.0080000000001,1.86874686003708,0.35,0.08,40.0,300.0,25.0,1,0.55,150.0
4.511687709071962,2.295888324544003,104.0080000000001,1.8733696700798805,0.35,0.08,15.0,300.0,25.0,1,0.55,150.0
4.512041096413154,2.2806878217987405,104.0080000000001,1.9178093560411766,0.35,0.22,15.0,300.0,50.0,1,0.55,150.0
4.5138752248873875,2.2996812285417443,104.0080000000001,1.8687828467018341,0.35,0.08,80.0,300.0,25.0,1,0.55,150.0
4.517187209201715,2.278570289456065,104.0080000000001,1.9385626278447106,0.35,0.35,15.0,300.0,12.5,1,0.55,150.0
4.52094933951436,2.305022823655542,104.0080000000001,1.8737329024537617,0.35,0.08,40.0,300.0,50.0,1,0.55,150.0
4.520979672677154,2.3055071218334042,104.0080000000001,1.8724358595535666,0.35,0.08,80.0,300.0,50.0,1,0.55,150.0
4.523489910364405,2.285564373012784,104.0080000000001,1.9365872495760545,0.35,0.35,40.0,300.0,12.5,1,0.55,150.0
4.524546567809518,2.3072694339562894,104.0080000000001,1.8775918110092213,0.35,0.08,15.0,300.0,50.0,1,0.55,150.0
4.532147759732824,2.2933146911190017,104.0080000000001,1.9391801960394885,0.35,0.35,80.0,300.0,12.5,1,0.55,150.0
4.536754610269316,2.2963840048630875,104.0080000000001,1.9435731583035067,0.35,0.35,40.0,300.0,25.0,1,0.55,150.0
4.538673974956335,2.2966594335273336,104.0080000000001,1.9482701183685724,0.35,0.35,15.0,300.0,25.0,1,0.55,150.0
4.539630011193997,2.299344047315245,104.0080000000001,1.9433313253678588,0.35,0.35,80.0,300.0,25.0,1,0.55,150.0
4.544930692191237,2.3095932773058645,104.0080000000001,1.929192613958204,0.35,0.12,15.0,600.0,12.5,1,0.55,350.0
4.546305015627109,2.304799576309232,104.0080000000001,1.9468155409082166,0.35,0.35,80.0,300.0,50.0,1,0.55,150.0
4.5465124762788856,2.3045308033804144,104.0080000000001,1.9481762082813419,0.35,0.35,40.0,300.0,50.0,1,0.55,150.0
4.549756765224243,2.3064916096019044,104.0080000000001,1.9518433017781067,0.35,0.35,15.0,300.0,50.0,1,0.55,150.0
4.560570895421646,2.312813797776628,104.0080000000001,1.9646774218429048,0.35,0.22,15.0,600.0,12.5,1,0.55,350.0
4.562354383837697,2.328954745421221,104.0080000000001,1.9236561097613551,0.35,0.12,40.0,600.0,12.5,1,0.55,350.0
4.566282917709709,2.334287118017246,104.0080000000001,1.9196451419784637,0.35,0.08,15.0,600.0,12.5,1,0.55,350.0
4.575693425975961,2.3300736636119908,104.0080000000001,1.9585707496113407,0.35,0.22,40.0,600.0,12.5,1,0.55,350.0
4.5851576835654235,2.3494651001126576,104.0080000000001,1.9302073812936136,0.35,0.12,80.0,600.0,12.5,1,0.55,350.0
4.5953821499081755,2.3559333649542036,104.0080000000001,1.9409393855827748,0.35,0.12,40.0,600.0,25.0,1,0.55,350.0
4.597117411461416,2.349368614886238,104.0080000000001,1.9646537045005044,0.35,0.22,80.0,600.0,12.5,1,0.55,350.0
4.601878445195374,2.3575493962044076,104.0080000000001,1.9548829971170427,0.35,0.12,15.0,600.0,25.0,1,0.55,350.0
4.603110181893061,2.3424033079650957,104.0080000000001,2.0016767826513253,0.35,0.35,15.0,600.0,12.5,1,0.55,350.0
4.603337033568024,2.3641577263588913,104.0080000000001,1.9401694491689463,0.35,0.12,80.0,600.0,25.0,1,0.55,350.0
4.607892223348939,2.356310899047342,104.0080000000001,1.9756037837188463,0.35,0.22,40.0,600.0,25.0,1,0.55,350.0
4.614885321168552,2.358403687812398,104.0080000000001,1.989604666731864,0.35,0.22,15.0,600.0,25.0,1,0.55,350.0
4.6150182172813485,2.363798317107943,104.0080000000001,1.9745711433525828,0.35,0.22,80.0,600.0,25.0,1,0.55,350.0
4.616607223636588,2.358095091331033,104.0080000000001,1.9954060923015806,0.35,0.35,40.0,600.0,12.5,1,0.55,350.0
4.63136066015484,2.377182927649353,104.0080000000001,1.983022092872816,0.35,0.22,80.0,600.0,50.0,1,0.55,350.0
4.63214719918398,2.376623494007517,104.0080000000001,1.9868677290756054,0.35,0.22,40.0,600.0,50.0,1,0.55,350.0
4.637109783022553,2.3765741417626907,104.0080000000001,2.0011875464567472,0.35,0.35,80.0,600.0,12.5,1,0.55,350.0
4.642226582943284,2.382961412716969,104.0080000000001,1.9975576292180388,0.35,0.22,15.0,600.0,50.0,1,0.55,350.0
4.648383280799882,2.3839864280127028,104.0080000000001,2.0122195793919357,0.35,0.35,40.0,600.0,25.0,1,0.55,350.0
4.65493031001739,2.3909315768067887,104.0080000000001,2.0110820948874295,0.35,0.35,80.0,600.0,25.0,1,0.55,350.0
4.655893244185381,2.3866635013573143,104.0080000000001,2.026027836651616,0.35,0.35,15.0,600.0,25.0,1,0.55,350.0
4.6699005970375715,2.1371498689363952,130.01000000000013,1.664573508860497,0.1,0.12,15.0,600.0,12.5,1,0.35,150.0
4.67104718275064,2.404128590618139,104.0080000000001,2.019424548950001,0.35,0.35,80.0,600.0,50.0,1,0.55,350.0
4.672060367315399,2.4038037984598555,104.0080000000001,2.0232473395872637,0.35,0.35,40.0,600.0,50.0,1,0.55,350.0
4.67659760105815,2.142354280609315,130.01000000000013,1.6688380584252374,0.1,0.22,40.0,600.0,12.5,1,0.35,150.0
4.677126120342981,2.1423789621236384,130.01000000000013,1.6702775949124022,0.1,0.35,40.0,600.0,12.5,1,0.35,150.0
4.6793113439551055,2.14697478776892,130.01000000000013,1.6633901605319517,0.1,0.08,15.0,600.0,12.5,1,0.35,150.0
4.6820587289333275,2.410134031600017,104.0080000000001,2.0337277066665975,0.35,0.35,15.0,600.0,50.0,1,0.55,350.0
4.682598453529698,2.149642654585681,130.01000000000013,1.66515942555433,0.1,0.12,40.0,600.0,12.5,1,0.35,150.0
4.684525501623564,2.1463745496289226,130.01000000000013,1.6800027199846856,0.1,0.22,15.0,300.0,12.5,1,0.55,150.0
4.685401629421926,2.145936582643193,130.01000000000013,1.6837572765106608,0.1,0.35,15.0,300.0,12.5,1,0.55,150.0
4.686995821398671,2.1509615727645444,130.01000000000013,1.6739549960975004,0.1,0.22,40.0,300.0,12.5,1,0.55,150.0
4.687818134961429,2.1504613500104526,130.01000000000013,1.6777336712885,0.1,0.35,40.0,300.0,12.5,1,0.55,150.0
4.688730709601055,2.152998756232798,130.01000000000013,1.67309129533787,0.1,0.22,80.0,600.0,12.5,1,0.35,150.0
4.689250662967748,2.1530156896882295,130.01000000000013,1.6745284950843318,0.1,0.35,80.0,600.0,12.5,1,0.35,150.0
4.691546061588758,2.152973749657865,130.01000000000013,1.681206605516831,0.1,0.22,15.0,600.0,25.0,1,0.35,150.0
4.6919081743795195,2.154885077180903,130.01000000000013,1.6767802777103262,0.1,0.22,40.0,600.0,25.0,1,0.35,150.0
4.692048765051526,2.1529839997906426,130.01000000000013,1.6826136150310884,0.1,0.35,15.0,600.0,25.0,1,0.35,150.0
4.692101312909805,2.1595465060291152,130.01000000000013,1.664013733944822,0.1,0.08,40.0,600.0,12.5,1,0.35,150.0
4.692434948140226,2.1549070422410437,130.01000000000013,1.678222588283373,0.1,0.35,40.0,600.0,25.0,1,0.35,150.0
4.693558992713684,2.1571997063264954,130.01000000000013,1.6748836753919634,0.1,0.12,15.0,300.0,12.5,1,0.55,150.0
4.694636332959821,2.158217500098994,130.01000000000013,1.6750538081737876,0.1,0.22,80.0,300.0,12.5,1,0.55,150.0
4.694771082047753,2.160325721523914,130.01000000000013,1.669415315782389,0.1,0.12,80.0,600.0,12.5,1,0.35,150.0
4.695420736349097,2.1576799136638933,130.01000000000013,1.6788309219577187,0.1,0.35,80.0,300.0,12.5,1,0.55,150.0
4.696166949902383,2.1619143451571436,130.01000000000013,1.6688645849863926,0.1,0.12,40.0,300.0,12.5,1,0.55,150.0
4.697022092692497,2.159750929850071,130.01000000000013,1.6774890366926392,0.1,0.22,80.0,600.0,25.0,1,0.35,150.0
4.697545759797492,2.1597685678181477,130.01000000000013,1.678934834226694,0.1,0.35,80.0,600.0,25.0,1,0.35,150.0
4.697610767128523,2.160312769115518,130.01000000000013,1.6775657086085827,0.1,0.12,15.0,600.0,25.0,1,0.35,150.0
4.697948207884333,2.162213323424163,130.01000000000013,1.6730996698861953,0.1,0.12,40.0,600.0,25.0,1,0.35,150.0
4.700229889696198,2.1619916233291256,130.01000000000013,1.6802521896202005,0.1,0.22,40.0,300.0,25.0,1,0.55,150.0
4.701035191880754,2.161473103363817,130.01000000000013,1.6840345386198154,0.1,0.35,40.0,300.0,25.0,1,0.55,150.0
4.7019366137011716,2.1642373917939493,130.01000000000013,1.6787120625920584,0.1,0.22,80.0,300.0,25.0,1,0.55,150.0
4.702720057798424,2.1636953816432105,130.01000000000013,1.682499074729175,0.1,0.35,80.0,300.0,25.0,1,0.55,150.0
4.703080260978593,2.1670985342198894,130.01000000000013,1.6738049335962917,0.1,0.12,80.0,600.0,25.0,1,0.35,150.0
4.703911326666943,2.169263881751834,130.01000000000013,1.6699926997574484,0.1,0.12,80.0,300.0,12.5,1,0.55,150.0
4.7040425394018035,2.1649676376511917,130.01000000000013,1.6826425764303141,0.1,0.22,40.0,600.0,50.0,1,0.35,150.0
4.704334785187715,2.1702818243765787,130.01000000000013,1.6682941737460997,0.1,0.08,80.0,600.0,12.5,1,0.35,150.0
4.7045599005496985,2.164981761734596,130.01000000000013,1.6840803966145723,0.1,0.35,40.0,600.0,50.0,1,0.35,150.0
4.704761668290252,2.166094166991515,130.01000000000013,1.6814785751392431,0.1,0.22,80.0,600.0,50.0,1,0.35,150.0
4.7048665316119695,2.15739005821299,130.01000000000013,1.7066470668542204,0.2,0.08,40.0,600.0,12.5,1,0.35,150.0
4.705284163318167,2.166110123609406,130.01000000000013,1.6829258277393113,0.1,0.35,80.0,600.0,50.0,1,0.35,150.0
4.706294563547542,2.1652023845812614,130.01000000000013,1.6884062256179377,0.1,0.22,15.0,300.0,25.0,1,0.55,150.0
4.707093184864926,2.164690680106638,130.01000000000013,1.6921500135951022,0.1,0.35,15.0,300.0,25.0,1,0.55,150.0
4.707147896971039,2.1702491040280827,130.01000000000013,1.6764251226941547,0.1,0.08,15.0,600.0,25.0,1,0.35,150.0
4.70720969077918,2.1712242352820903,130.01000000000013,1.6738155871345388,0.1,0.08,15.0,300.0,12.5,1,0.55,150.0
4.70750629019084,2.1721686009289556,130.01000000000013,1.6719648264625222,0.1,0.08,40.0,600.0,25.0,1,0.35,150.0
4.70771372573869,2.166987706645721,130.01000000000013,1.6873600545513339,0.1,0.22,15.0,600.0,50.0,1,0.35,150.0
4.708196568035191,2.166980268142385,130.01000000000013,1.688760856836583,0.1,0.35,15.0,600.0,50.0,1,0.35,150.0
4.708585973044311,2.169792092001622,130.01000000000013,1.6818396601219625,0.1,0.22,80.0,300.0,50.0,1,0.55,150.0
4.709360354041241,2.169240371497436,130.01000000000013,1.6856285215537214,0.1,0.35,80.0,300.0,50.0,1,0.55,150.0
4.709486825553684,2.1730263905097313,130.01000000000013,1.675172671554147,0.1,0.12,40.0,300.0,25.0,1,0.55,150.0
4.70951010633317,2.157765727865495,130.01000000000013,1.7188410813362076,0.2,0.12,80.0,600.0,25.0,1,0.35,150.0
4.7099728558037395,2.17606466285498,130.01000000000013,1.6678805512821644,0.1,0.08,40.0,300.0,12.5,1,0.55,150.0
4.710057545663762,2.170402804992842,130.01000000000013,1.6842992590597663,0.1,0.22,40.0,300.0,50.0,1,0.55,150.0
4.710123813106843,2.1723350456672823,130.01000000000013,1.6789679069701666,0.1,0.12,40.0,600.0,50.0,1,0.35,150.0
4.710834270548886,2.169857014370587,130.01000000000013,1.6880778747951362,0.1,0.35,40.0,300.0,50.0,1,0.55,150.0
4.710840089537093,2.173462291293212,130.01000000000013,1.677793709268226,0.1,0.12,80.0,600.0,50.0,1,0.35,150.0
4.7112480139336546,2.17532146058434,130.01000000000013,1.6736472952837524,0.1,0.12,80.0,300.0,25.0,1,0.55,150.0
4.712672615967217,2.1770828629544616,130.01000000000013,1.6726850086078684,0.1,0.08,80.0,600.0,25.0,1,0.35,150.0
4.713849080705355,2.1743947366479914,130.01000000000013,1.6837266973067464,0.1,0.12,15.0,600.0,50.0,1,0.35,150.0
4.715558654328794,2.176238849726067,130.01000000000013,1.6833422988649303,0.1,0.12,15.0,300.0,25.0,1,0.55,150.0
4.716410036646584,2.1628921300000834,130.01000000000013,1.7239083047042836,0.2,0.12,40.0,600.0,50.0,1,0.35,150.0
4.716939067307377,2.1751001166163726,130.01000000000013,1.6905398591171519,0.1,0.22,15.0,300.0,50.0,1,0.55,150.0
4.717232411593013,2.168143048085527,130.01000000000013,1.7112553243070971,0.2,0.08,80.0,600.0,12.5,1,0.35,150.0
4.717248496059352,2.164075198826215,130.01000000000013,1.722923706380387,0.2,0.12,80.0,600.0,50.0,1,0.35,150.0
4.717679343008515,2.1745300370851055,130.01000000000013,1.694283731209739,0.1,0.35,15.0,300.0,50.0,1,0.55,150.0
4.717827162202099,2.1835054731457544,130.01000000000013,1.6690619687324055,0.1,0.08,80.0,300.0,12.5,1,0.55,150.0
4.717926112183596,2.1587732474102665,130.01000000000013,1.7400081850666518,0.2,0.35,80.0,600.0,50.0,1,0.35,150.0
4.717941526506317,2.18091816558157,130.01000000000013,1.6767810312135583,0.1,0.12,80.0,300.0,50.0,1,0.55,150.0
4.719406073255684,2.1815215169644495,130.01000000000013,1.6792415894035215,0.1,0.12,40.0,300.0,50.0,1,0.55,150.0
4.7194865654464335,2.167807134672828,130.01000000000013,1.718655516496011,0.2,0.08,15.0,600.0,25.0,1,0.35,150.0
4.7197194501270765,2.164692783934741,130.01000000000013,1.7282190462638098,0.2,0.12,15.0,600.0,50.0,1,0.35,150.0
4.71973349211582,2.182336124136337,130.01000000000013,1.6778496227985171,0.1,0.08,40.0,600.0,50.0,1,0.35,150.0
4.720241387744691,2.1593002586498997,130.01000000000013,1.7451175116994,0.2,0.35,15.0,600.0,50.0,1,0.35,150.0
4.720285249053584,2.1699558598066946,130.01000000000013,1.7147982549911045,0.2,0.08,40.0,600.0,25.0,1,0.35,150.0
4.720460655838571,2.183472789966977,130.01000000000013,1.6766796167759783,0.1,0.08,80.0,600.0,50.0,1,0.35,150.0
4.7233927538776035,2.1872658318903273,130.01000000000013,1.6742197771065,0.1,0.08,40.0,300.0,25.0,1,0.55,150.0
4.723478783377553,2.1844113203341906,130.01000000000013,1.6826213229810305,0.1,0.08,15.0,600.0,50.0,1,0.35,150.0
4.725212178421275,2.189608035134715,130.01000000000013,1.6727261236758804,0.1,0.08,80.0,300.0,25.0,1,0.55,150.0
4.725586856692863,2.1749169472721923,130.01000000000013,1.71577116977334,0.2,0.08,80.0,600.0,25.0,1,0.35,150.0
4.7263651670660165,2.1862846404013307,130.01000000000013,1.6855157904705256,0.1,0.12,15.0,300.0,50.0,1,0.55,150.0
4.729446233323431,2.1904659797602095,130.01000000000013,1.6823721530377704,0.1,0.08,15.0,300.0,25.0,1,0.55,150.0
4.731956718135769,2.1952500365332708,130.01000000000013,1.67587623314999,0.1,0.08,80.0,300.0,50.0,1,0.55,150.0
4.732519983682176,2.1800750864613034,130.01000000000013,1.720842563488201,0.2,0.08,40.0,600.0,50.0,1,0.35,150.0
4.733382824742906,2.1812792095545963,130.01000000000013,1.7198674719665932,0.2,0.08,80.0,600.0,50.0,1,0.35,150.0
4.733407876020148,2.1958433397793766,130.01000000000013,1.6783272464021974,0.1,0.08,40.0,300.0,50.0,1,0.55,150.0
4.73586906410873,2.1819068145912253,130.01000000000013,1.7251778557642943,0.2,0.08,15.0,600.0,50.0,1,0.35,150.0
4.740419417730752,2.2006516341387545,130.01000000000013,1.6846222388342744,0.1,0.08,15.0,300.0,50.0,1,0.55,150.0
4.750464126448226,2.1926784422030554,130.01000000000013,1.7361019549861978,0.2,0.08,40.0,300.0,12.5,1,0.55,150.0
4.7532136026602,2.1975815889482035,130.01000000000013,1.7299486106057,0.1,0.22,15.0,600.0,12.5,1,0.55,350.0
4.754428825458062,2.1973091202250883,130.01000000000013,1.7341991578084923,0.1,0.35,15.0,600.0,12.5,1,0.55,350.0
4.756120638029915,2.206529574874131,130.01000000000013,1.7126887518736646,0.1,0.22,40.0,600.0,12.5,1,0.55,350.0
4.757193556718809,2.206084182520615,130.01000000000013,1.717026783423405,0.1,0.35,40.0,600.0,12.5,1,0.55,350.0
4.757871559576166,2.1932597903770352,130.01000000000013,1.7556050548546527,0.2,0.12,15.0,300.0,50.0,1,0.55,150.0
4.758912314713103,2.2004731631304995,130.01000000000013,1.7379690045217198,0.2,0.08,80.0,300.0,12.5,1,0.55,150.0
4.762417519129268,2.208764560343571,130.01000000000013,1.724294167959128,0.1,0.12,15.0,600.0,12.5,1,0.55,350.0
4.764038975331374,2.203911162121246,130.01000000000013,1.742793752028933,0.2,0.08,40.0,300.0,25.0,1,0.55,150.0
4.765696189591815,2.218063160766552,130.01000000000013,1.707094368072177,0.1,0.12,40.0,600.0,12.5,1,0.55,350.0
4.76638624842611,2.20659333855013,130.01000000000013,1.741836885359938,0.2,0.08,80.0,300.0,25.0,1,0.55,150.0
4.7686952742279685,2.2061475406423603,130.01000000000013,1.749707810244588,0.2,0.08,15.0,300.0,25.0,1,0.55,150.0
4.77321373577425,2.2122547289432855,130.01000000000013,1.7451685909456054,0.2,0.08,80.0,300.0,50.0,1,0.55,150.0
4.773547151301108,2.2233580608251264,130.01000000000013,1.7143974013599435,0.1,0.22,80.0,600.0,12.5,1,0.55,350.0
4.774218017895536,2.2125429682936826,130.01000000000013,1.7472144274338623,0.2,0.08,40.0,300.0,50.0,1,0.55,150.0
4.774521722301721,2.2228128521174355,130.01000000000013,1.718739629097952,0.1,0.35,80.0,600.0,12.5,1,0.55,350.0
4.776569116430079,2.223367395169353,130.01000000000013,1.7230049178877849,0.1,0.08,15.0,600.0,12.5,1,0.55,350.0
4.780162120122565,2.216583017440413,130.01000000000013,1.7526545790918575,0.2,0.08,15.0,300.0,50.0,1,0.55,150.0
4.780261346736646,2.2330028712413563,130.01000000000013,1.706024215700824,0.1,0.08,40.0,600.0,12.5,1,0.55,350.0
4.783390690336659,2.235133799812574,130.01000000000013,1.7088768300688073,0.1,0.12,80.0,600.0,12.5,1,0.55,350.0
4.787789759028584,2.2328937723024045,130.01000000000013,1.7278456763605083,0.1,0.22,40.0,600.0,25.0,1,0.55,350.0
4.788819676339464,2.2324008773312136,130.01000000000013,1.7321965685949943,0.1,0.35,40.0,600.0,25.0,1,0.55,350.0
4.7908790686391205,2.237644921117612,130.01000000000013,1.7230975643471618,0.1,0.22,80.0,600.0,25.0,1,0.55,350.0
4.791850454743857,2.2370875595689967,130.01000000000013,1.727465414785309,0.1,0.35,80.0,600.0,25.0,1,0.55,350.0
4.794608472564435,2.2151124051096693,130.01000000000013,1.7981316212993235,0.2,0.22,40.0,600.0,12.5,1,0.55,350.0
4.795556193842282,2.2167374577211785,130.01000000000013,1.7961963889174337,0.2,0.12,15.0,600.0,12.5,1,0.55,350.0
4.797578033045724,2.2446310722765173,130.01000000000013,1.7222770307691584,0.1,0.12,40.0,600.0,25.0,1,0.55,350.0
4.798234921723607,2.2503046648463987,130.01000000000013,1.7079435910777312,0.1,0.08,80.0,600.0,12.5,1,0.55,350.0
4.800812266653513,2.249513089037055,130.01000000000013,1.7175690789041616,0.1,0.12,80.0,600.0,25.0,1,0.55,350.0
4.802849313763931,2.2286249375939757,130.01000000000013,1.7830696461998699,0.2,0.12,40.0,600.0,12.5,1,0.55,350.0
4.805803169461097,2.221349093577214,130.01000000000013,1.8122973596682306,0.2,0.35,40.0,600.0,12.5,1,0.55,350.0
4.806871943967891,2.251035136175838,130.01000000000013,1.730533736548715,0.1,0.22,80.0,600.0,50.0,1,0.55,350.0
4.807373209242524,2.2442084005566127,130.01000000000013,1.7514708819597395,0.1,0.22,15.0,600.0,25.0,1,0.55,350.0
4.807818573177732,2.250450739228982,130.01000000000013,1.7349080969964246,0.1,0.35,80.0,600.0,50.0,1,0.55,350.0
4.808377715638689,2.243731214443368,130.01000000000013,1.7557042891294832,0.1,0.35,15.0,600.0,25.0,1,0.55,350.0
4.811579710009094,2.2533214503418604,130.01000000000013,1.7374521704778056,0.1,0.22,40.0,600.0,50.0,1,0.55,350.0
4.812389499913538,2.259789688457961,130.01000000000013,1.7212851755873573,0.1,0.08,40.0,600.0,25.0,1,0.55,350.0
4.812532599603619,2.2527533409254694,130.01000000000013,1.7417978819375652,0.1,0.35,40.0,600.0,50.0,1,0.55,350.0
4.813020128094453,2.2323844720442056,130.01000000000013,1.8013875887149866,0.2,0.22,80.0,600.0,12.5,1,0.55,350.0
4.815774268975977,2.2647928616992266,130.01000000000013,1.7166611636478533,0.1,0.08,80.0,600.0,25.0,1,0.55,350.0
4.81691898858774,2.2630111539802673,130.01000000000013,1.7250223845927755,0.1,0.12,80.0,600.0,50.0,1,0.55,350.0
4.8171922633671205,2.255960005556592,130.01000000000013,1.7459493080300765,0.1,0.12,15.0,600.0,25.0,1,0.55,350.0
4.817524566224726,2.2400451936448946,130.01000000000013,1.7923696359423709,0.2,0.08,15.0,600.0,12.5,1,0.55,350.0
4.821609292661505,2.265279799353477,130.01000000000013,1.7319414094515033,0.1,0.12,40.0,600.0,50.0,1,0.55,350.0
4.821906183407319,2.246474237937691,130.01000000000013,1.7865198441989327,0.2,0.12,80.0,600.0,12.5,1,0.55,350.0
4.823878692366886,2.238307251736733,130.01000000000013,1.8154898303718592,0.2,0.35,80.0,600.0,12.5,1,0.55,350.0
4.825654960640263,2.252607509721441,130.01000000000013,1.7797070026251984,0.2,0.08,40.0,600.0,12.5,1,0.55,350.0
4.826177438439341,2.2411365309017097,130.01000000000013,1.8139740215360856,0.2,0.22,40.0,600.0,25.0,1,0.55,350.0
4.830389644229396,2.246551095708708,130.01000000000013,1.8105387100591066,0.2,0.22,80.0,600.0,25.0,1,0.55,350.0
4.831966169137552,2.2710963459870865,130.01000000000013,1.7449137804298978,0.1,0.08,15.0,600.0,25.0,1,0.55,350.0
4.832010262825483,2.2784047887972148,130.01000000000013,1.7241584972236177,0.1,0.08,80.0,600.0,50.0,1,0.55,350.0
4.8325730530279625,2.2679886527706716,130.01000000000013,1.7555268578779686,0.1,0.22,15.0,600.0,50.0,1,0.55,350.0
4.8334121938278525,2.2673417335585255,130.01000000000013,1.7597727436266437,0.1,0.35,15.0,600.0,50.0,1,0.55,350.0
4.834873666865563,2.255072321844601,130.01000000000013,1.79900384291703,0.2,0.12,40.0,600.0,25.0,1,0.55,350.0
4.8366692353267275,2.280650775846957,130.01000000000013,1.731052741370768,0.1,0.08,40.0,600.0,50.0,1,0.55,350.0
4.83721329813582,2.247229001295011,130.01000000000013,1.8280979909737352,0.2,0.35,40.0,600.0,25.0,1,0.55,350.0
4.839450798410777,2.26081521672089,130.01000000000013,1.79567309054253,0.2,0.12,80.0,600.0,25.0,1,0.55,350.0
4.841222623488224,2.2524402933229823,130.01000000000013,1.8246638004721134,0.2,0.35,80.0,600.0,25.0,1,0.55,350.0
4.841866366167692,2.2497595215444877,130.01000000000013,1.8341624132091505,0.2,0.22,15.0,600.0,25.0,1,0.55,350.0
4.842847438688879,2.2801574086961343,130.01000000000013,1.7501143714078364,0.1,0.12,15.0,600.0,50.0,1,0.55,350.0
4.845270632351373,2.2709156126487464,130.01000000000013,1.7834429134360728,0.2,0.08,80.0,600.0,12.5,1,0.55,350.0
4.846353542400078,2.259783626667847,130.01000000000013,1.8183426163777987,0.2,0.22,80.0,600.0,50.0,1,0.55,350.0
4.84986138242859,2.261253747143192,130.01000000000013,1.824164672243987,0.2,0.22,40.0,600.0,50.0,1,0.55,350.0
4.850503912383729,2.263616150820384,130.01000000000013,1.8192507473238375,0.2,0.12,15.0,600.0,25.0,1,0.55,350.0
4.852969643408646,2.255991628126044,130.01000000000013,1.8480800436645715,0.2,0.35,15.0,600.0,25.0,1,0.55,350.0
4.855658037226034,2.274272149794236,130.01000000000013,1.8035311069479896,0.2,0.12,80.0,600.0,50.0,1,0.55,350.0
4.857099967888433,2.2655933865038107,130.01000000000013,1.8324473753846304,0.2,0.35,80.0,600.0,50.0,1,0.55,350.0
4.8580817262972005,2.295678448297505,130.01000000000013,1.7492950799991256,0.1,0.08,15.0,600.0,50.0,1,0.55,350.0
4.858154344597717,2.2794725926270907,130.01000000000013,1.795805005630357,0.2,0.08,40.0,600.0,25.0,1,0.55,350.0
4.859090195753259,2.275670567931931,130.01000000000013,1.8093417937752183,0.2,0.12,40.0,600.0,50.0,1,0.55,350.0
4.860662057088222,2.267133797424509,130.01000000000013,1.8382235990391755,0.2,0.35,40.0,600.0,50.0,1,0.55,350.0
4.863034070462447,2.285456452878881,130.01000000000013,1.7926503359530417,0.2,0.08,80.0,600.0,25.0,1,0.55,350.0
4.8672672144418225,2.2732641723277784,130.01000000000013,1.8395801203258355,0.2,0.22,15.0,600.0,50.0,1,0.55,350.0
4.873708737235953,2.287978276541407,130.01000000000013,1.8159441734129815,0.2,0.08,15.0,600.0,25.0,1,0.55,350.0
4.876933337771862,2.288056934516867,130.01000000000013,1.8249325807285526,0.2,0.12,15.0,600.0,50.0,1,0.55,350.0
4.877889307660315,2.2790301813880127,130.01000000000013,1.8534546464922876,0.2,0.35,15.0,600.0,50.0,1,0.55,350.0
4.879490762516749,2.2991307895900284,130.01000000000013,1.800599922647767,0.2,0.08,80.0,600.0,50.0,1,0.55,350.0
4.88286068286586,2.3004865313782132,130.01000000000013,1.8063547185361275,0.2,0.08,40.0,600.0,50.0,1,0.55,350.0
4.901058389562144,2.3131831293728378,130.01000000000013,1.8220721719694404,0.2,0.08,15.0,600.0,50.0,1,0.55,350.0
4.975203795297855,2.3548047338045537,130.01000000000013,1.9149973185522828,0.35,0.08,40.0,600.0,12.5,1,0.55,350.0
4.998963047925711,2.376085737598402,130.01000000000013,1.922078029506593,0.35,0.08,80.0,600.0,12.5,1,0.55,350.0
5.008992314061792,2.38243907333694,130.01000000000013,1.9325806877852876,0.35,0.08,40.0,600.0,25.0,1,0.55,350.0
5.010152614494071,2.3779368379968013,130.01000000000013,1.948759361420765,0.35,0.12,80.0,600.0,50.0,1,0.55,350.0
5.0106809366752785,2.3771444074885335,130.01000000000013,1.9525329405335512,0.35,0.12,40.0,600.0,50.0,1,0.55,350.0
5.01533647649824,2.3839927778111947,130.01000000000013,1.9462677105344115,0.35,0.08,15.0,600.0,25.0,1,0.55,350.0
5.017471072198897,2.3910713483194983,130.01000000000013,1.9321420682268469,0.35,0.08,80.0,600.0,25.0,1,0.55,350.0
5.021281473071825,2.383934454529867,130.01000000000013,1.963420052977019,0.35,0.12,15.0,600.0,50.0,1,0.55,350.0
5.034656686262241,2.405192177216814,130.01000000000013,1.9408985972726436,0.35,0.08,80.0,600.0,50.0,1,0.55,350.0
5.035073793009183,2.4043299212941767,130.01000000000013,1.944553919185729,0.35,0.08,40.0,600.0,50.0,1,0.55,350.0
5.046270413465682,2.411655114539811,130.01000000000013,1.955615139788198,0.35,0.08,15.0,600.0,50.0,1,0.55,350.0
5.0985983137578295,2.491184125412717,130.01000000000013,1.8778976809860306,0.1,0.22,15.0,600.0,12.5,1,0.25,150.0
5.099858711433,2.491885328463501,130.01000000000013,1.879495379912847,0.1,0.35,15.0,600.0,12.5,1,0.25,150.0
5.100795205060245,2.475178595852754,130.01000000000013,1.9299045977356837,0.2,0.22,15.0,600.0,12.5,1,0.25,150.0
5.103586224598758,2.4976642704477507,130.01000000000013,1.8736341547171587,0.1,0.12,15.0,600.0,12.5,1,0.25,150.0
5.104035005956428,2.4923576756714927,130.01000000000013,1.8900780865283793,0.1,0.22,15.0,300.0,12.5,1,0.35,150.0
5.105362150987048,2.492339061165406,130.01000000000013,1.8939231137761154,0.1,0.35,15.0,300.0,12.5,1,0.35,150.0
5.105467237666966,2.483705007627469,130.01000000000013,1.9188920858271306,0.2,0.12,15.0,600.0,12.5,1,0.25,150.0
5.108370964352458,2.480355245305101,130.01000000000013,1.9367591972781595,0.2,0.35,15.0,600.0,12.5,1,0.25,150.0
5.112628981637873,2.50293193752922,130.01000000000013,1.8844201260247195,0.1,0.12,15.0,300.0,12.5,1,0.35,150.0
5.112778099663841,2.5073140387099304,130.01000000000013,1.872325888439741,0.1,0.08,15.0,600.0,12.5,1,0.25,150.0
5.1134745588468276,2.5039242653558036,130.01000000000013,1.8840008385457776,0.1,0.22,40.0,300.0,12.5,1,0.35,150.0
5.114777969290461,2.503863226119913,130.01000000000013,1.8878992662015617,0.1,0.35,40.0,300.0,12.5,1,0.35,150.0
5.11686194637382,2.509493551430296,130.01000000000013,1.8777668426957799,0.1,0.22,40.0,600.0,12.5,1,0.25,150.0
5.118134775172562,2.5101941069843576,130.01000000000013,1.8794019091091514,0.1,0.35,40.0,600.0,12.5,1,0.25,150.0
5.119229462714535,2.4933902560514776,130.01000000000013,1.930540590465873,0.2,0.22,40.0,600.0,12.5,1,0.25,150.0
5.121191598249324,2.500605386784861,130.01000000000013,1.915532032755605,0.2,0.08,15.0,600.0,12.5,1,0.25,150.0
5.12186704603441,2.516003627319766,130.01000000000013,1.873466910613264,0.1,0.12,40.0,600.0,12.5,1,0.25,150.0
5.1221728552553385,2.514600558887745,130.01000000000013,1.8783494181931173,0.1,0.12,40.0,300.0,12.5,1,0.35,150.0
5.12399896536794,2.502032045308341,130.01000000000013,1.9194769144559913,0.2,0.12,40.0,600.0,12.5,1,0.25,150.0
5.126034583956058,2.515678127066238,130.01000000000013,1.886304162542341,0.1,0.22,80.0,300.0,12.5,1,0.35,150.0
5.1262798346703455,2.487009178721916,130.01000000000013,1.9689161598526517,0.2,0.22,15.0,300.0,12.5,1,0.35,150.0
5.12641250481443,2.5171200342612035,130.01000000000013,1.8832642015806396,0.1,0.08,15.0,300.0,12.5,1,0.35,150.0
5.12676518699379,2.4985107070075827,130.01000000000013,1.9374413713891585,0.2,0.35,40.0,600.0,12.5,1,0.25,150.0
5.127308055874026,2.515584385699794,130.01000000000013,1.8902104862120848,0.1,0.35,80.0,300.0,12.5,1,0.35,150.0
5.131145334712803,2.525724828465309,130.01000000000013,1.8722014464214065,0.1,0.08,40.0,600.0,12.5,1,0.25,150.0
5.131416056312508,2.5188417402132703,130.01000000000013,1.8926409031406757,0.1,0.22,40.0,300.0,25.0,1,0.35,150.0
5.132700899846407,2.5187598957944517,130.01000000000013,1.8965457258627243,0.1,0.35,40.0,300.0,25.0,1,0.35,150.0
5.133193840707848,2.5240745303947083,130.01000000000013,1.8827694580375365,0.1,0.22,80.0,600.0,12.5,1,0.25,150.0
5.1344612152430305,2.5247678734232233,130.01000000000013,1.8844095480565886,0.1,0.35,80.0,600.0,12.5,1,0.25,150.0
5.13467229546653,2.500522137253816,130.01000000000013,1.9542861663220332,0.2,0.12,15.0,300.0,12.5,1,0.35,150.0
5.134816907220738,2.521768116005096,130.01000000000013,1.893996546330402,0.1,0.22,15.0,600.0,25.0,1,0.25,150.0
5.134826827324357,2.5264397165870753,130.01000000000013,1.8806774592493711,0.1,0.12,80.0,300.0,12.5,1,0.35,150.0
5.135519113713585,2.507832475981269,130.01000000000013,1.9358189649494673,0.2,0.22,80.0,600.0,12.5,1,0.25,150.0
5.1355455311434755,2.5195235424009925,130.01000000000013,1.9024913964070893,0.1,0.22,15.0,300.0,25.0,1,0.35,150.0
5.135733225275702,2.523640703611255,130.01000000000013,1.8912643476127022,0.1,0.22,80.0,300.0,25.0,1,0.35,150.0
5.136049960485311,2.5224446616347986,130.01000000000013,1.8955865681443171,0.1,0.35,15.0,600.0,25.0,1,0.25,150.0
5.1361137362368705,2.52891296090879,130.01000000000013,1.8772879295087967,0.1,0.08,40.0,300.0,12.5,1,0.35,150.0
5.136462057430327,2.492830296225554,130.01000000000013,1.9813764605850601,0.2,0.35,15.0,300.0,12.5,1,0.35,150.0
5.136580063784035,2.5257125203220165,130.01000000000013,1.887764409891476,0.1,0.22,40.0,600.0,25.0,1,0.25,150.0
5.136671453695088,2.5053387286747326,130.01000000000013,1.94623635720101,0.2,0.22,15.0,600.0,25.0,1,0.25,150.0
5.136678086997288,2.4989964194618373,130.01000000000013,1.964376192958426,0.2,0.22,40.0,300.0,12.5,1,0.35,150.0
5.136794392786587,2.51942913513003,130.01000000000013,1.9063293075901573,0.1,0.35,15.0,300.0,25.0,1,0.35,150.0
5.137005048714529,2.523541131705782,130.01000000000013,1.8951826200249853,0.1,0.35,80.0,300.0,25.0,1,0.35,150.0
5.137850698299815,2.5264083686416274,130.01000000000013,1.8894066561662457,0.1,0.35,40.0,600.0,25.0,1,0.25,150.0
5.138232121794293,2.530618113522154,130.01000000000013,1.8784685950632516,0.1,0.12,80.0,600.0,12.5,1,0.25,150.0
5.138825187999767,2.5094351132941903,130.01000000000013,1.9406859277302113,0.2,0.22,40.0,600.0,25.0,1,0.25,150.0
5.139903597057033,2.5283415653725463,130.01000000000013,1.889748661955671,0.1,0.12,15.0,600.0,25.0,1,0.25,150.0
5.139915322367825,2.5190924657730935,130.01000000000013,1.916208161699228,0.2,0.08,40.0,600.0,12.5,1,0.25,150.0
5.140014286288497,2.514504195543596,130.01000000000013,1.9296002592711408,0.1,0.22,15.0,600.0,12.5,1,0.35,350.0
5.140199566823682,2.529598978769553,130.01000000000013,1.8870016801546496,0.1,0.12,40.0,300.0,25.0,1,0.35,150.0
5.140390282732367,2.5165708520813825,130.01000000000013,1.924769801859952,0.2,0.12,80.0,600.0,12.5,1,0.25,150.0
5.141594016035034,2.5140943950950247,130.01000000000013,1.935284631257163,0.2,0.12,15.0,600.0,25.0,1,0.25,150.0
5.14160204351083,2.5145830022287674,130.01000000000013,1.9339115465201755,0.1,0.35,15.0,600.0,12.5,1,0.35,350.0
5.141622987791359,2.532261328680575,130.01000000000013,1.8834618831736627,0.1,0.12,40.0,600.0,25.0,1,0.25,150.0
5.143004332109874,2.512907149982067,130.01000000000013,1.9427062346508732,0.2,0.35,80.0,600.0,12.5,1,0.25,150.0
5.143687651261551,2.5181664221140116,130.01000000000013,1.9296320832786775,0.2,0.12,40.0,600.0,25.0,1,0.25,150.0
5.143820632318106,2.53273834099427,130.01000000000013,1.8883779752109562,0.1,0.22,80.0,600.0,25.0,1,0.25,150.0
5.144128629260292,2.5104175682974437,130.01000000000013,1.9530316027509886,0.2,0.35,15.0,600.0,25.0,1,0.25,150.0
5.144368284110484,2.530305818269259,130.01000000000013,1.896892759546352,0.1,0.12,15.0,300.0,25.0,1,0.35,150.0
5.14456129468407,2.5344394181762304,130.01000000000013,1.885633932879537,0.1,0.12,80.0,300.0,25.0,1,0.35,150.0
5.144772963417181,2.5311743079299918,130.01000000000013,1.895567587106251,0.1,0.22,80.0,300.0,50.0,1,0.35,150.0
5.145092081674772,2.533431669310479,130.01000000000013,1.8900297496122598,0.1,0.35,80.0,600.0,25.0,1,0.25,150.0
5.145264122159813,2.495670771290059,130.01000000000013,1.9984095739135783,0.35,0.12,15.0,600.0,12.5,1,0.25,150.0
5.145361245012662,2.5307485070495015,130.01000000000013,1.8984649656090253,0.1,0.22,40.0,300.0,50.0,1,0.35,150.0
5.14538010204523,2.5128041520060007,130.01000000000013,1.9497884286835083,0.2,0.12,40.0,300.0,12.5,1,0.35,150.0
5.146035003911358,2.5310638143726276,130.01000000000013,1.8994891129677973,0.1,0.35,80.0,300.0,50.0,1,0.35,150.0
5.146102251491746,2.51641381833335,130.01000000000013,1.941538380452554,0.2,0.22,80.0,600.0,25.0,1,0.25,150.0
5.146331671457377,2.514528965593335,130.01000000000013,1.9475791596115417,0.2,0.35,40.0,600.0,25.0,1,0.25,150.0
5.146616875788713,2.530638163782642,130.01000000000013,1.9023677485887711,0.1,0.35,40.0,300.0,50.0,1,0.35,150.0
5.146710632685122,2.504643648083319,130.01000000000013,1.976905670290859,0.2,0.35,40.0,300.0,12.5,1,0.35,150.0
5.14756937880812,2.540388345248093,130.01000000000013,1.877231524457213,0.1,0.08,80.0,600.0,12.5,1,0.25,150.0
5.148862616895706,2.5254941979815935,130.01000000000013,1.9234811968974597,0.1,0.12,15.0,600.0,12.5,1,0.35,350.0
5.148875362507182,2.539301601757827,130.01000000000013,1.8840678878552934,0.1,0.12,80.0,600.0,25.0,1,0.25,150.0
5.14887823345754,2.5408417421706755,130.01000000000013,1.8796756893910376,0.1,0.08,80.0,300.0,12.5,1,0.35,150.0
5.14922093161309,2.5380992006686416,130.01000000000013,1.888490659841279,0.1,0.08,15.0,600.0,25.0,1,0.25,150.0
5.149433205408828,2.5107454421860282,130.01000000000013,1.967250752065137,0.2,0.22,80.0,300.0,12.5,1,0.35,150.0
5.1509551217957545,2.5420316993112424,130.01000000000013,1.8822097785271727,0.1,0.08,40.0,600.0,25.0,1,0.25,150.0
5.151010222607651,2.5251931745965113,130.01000000000013,1.9304772800318215,0.2,0.12,80.0,600.0,25.0,1,0.25,150.0
5.15103476615098,2.4926121899049374,130.01000000000013,2.023635932131545,0.35,0.22,15.0,600.0,12.5,1,0.25,150.0
5.152408368249889,2.538985298660153,130.01000000000013,1.895065913113526,0.1,0.22,40.0,600.0,50.0,1,0.25,150.0
5.152689366014473,2.5352336901907915,130.01000000000013,1.906587645210514,0.1,0.22,15.0,300.0,50.0,1,0.35,150.0
5.153587535954917,2.5214835446422876,130.01000000000013,1.9484399751789367,0.2,0.35,80.0,600.0,25.0,1,0.25,150.0
5.153644835964566,2.5420144396510636,130.01000000000013,1.8899439894671446,0.1,0.12,80.0,300.0,50.0,1,0.35,150.0
5.1536692343329955,2.539671888268118,130.01000000000013,1.896706703042502,0.1,0.35,40.0,600.0,50.0,1,0.25,150.0
5.153792505780668,2.5409540008007268,130.01000000000013,1.8933957285141139,0.1,0.22,80.0,600.0,50.0,1,0.25,150.0
5.153884501318705,2.5350834234970003,130.01000000000013,1.910431650919152,0.1,0.35,15.0,300.0,50.0,1,0.35,150.0
5.154235622753833,2.5415883075949273,130.01000000000013,1.8928494718825852,0.1,0.12,40.0,300.0,50.0,1,0.35,150.0
5.154238986280157,2.5439977929759316,130.01000000000013,1.8859748380120676,0.1,0.08,40.0,300.0,25.0,1,0.35,150.0
5.154501701207599,2.5137108591102337,130.01000000000013,1.973259548849611,0.2,0.22,40.0,300.0,25.0,1,0.35,150.0
5.154521498626106,2.522540494548343,130.01000000000013,1.9480885830793182,0.2,0.22,40.0,600.0,50.0,1,0.25,150.0
5.156012440509681,2.524541617775392,130.01000000000013,1.9466309220979638,0.2,0.22,80.0,600.0,50.0,1,0.25,150.0
5.156435087752849,2.5337384308072686,130.01000000000013,1.9215618769873668,0.2,0.08,80.0,600.0,12.5,1,0.25,150.0
5.1565415330444395,2.540874181455119,130.01000000000013,1.9014781473980549,0.1,0.22,15.0,600.0,50.0,1,0.25,150.0
5.1572907562493535,2.5243144140530314,130.01000000000013,1.9509324062752023,0.2,0.08,15.0,300.0,12.5,1,0.35,150.0
5.1574575206062825,2.513678075968921,130.01000000000013,1.9817984132495998,0.2,0.22,15.0,300.0,25.0,1,0.35,150.0
5.157584535194235,2.5312232709729874,130.01000000000013,1.9320321834892715,0.2,0.08,15.0,600.0,25.0,1,0.25,150.0
5.15775742963627,2.5415333025844555,130.01000000000013,1.9030689344337492,0.1,0.35,15.0,600.0,50.0,1,0.25,150.0
5.158188068022185,2.5241526062703885,130.01000000000013,1.9539584621479869,0.2,0.22,15.0,600.0,50.0,1,0.25,150.0
5.1583747733337475,2.5247684690769554,130.01000000000013,1.9527322978765427,0.2,0.12,80.0,300.0,12.5,1,0.35,150.0
5.158390409436427,2.544694152040084,130.01000000000013,1.895846449703832,0.1,0.08,15.0,300.0,25.0,1,0.35,150.0
5.1586596887344776,2.5488846962114815,130.01000000000013,1.8846428357799847,0.1,0.08,80.0,300.0,25.0,1,0.35,150.0
5.159103533599694,2.5186228965544553,130.01000000000013,1.9723732487006795,0.2,0.22,80.0,300.0,25.0,1,0.35,150.0
5.159195231625731,2.5397244136626806,130.01000000000013,1.9123451941801388,0.1,0.22,40.0,600.0,12.5,1,0.35,350.0
5.159347423468757,2.5162793467505673,130.01000000000013,1.979765933480537,0.2,0.35,80.0,300.0,12.5,1,0.35,150.0
5.159484474973921,2.5313637212978195,130.01000000000013,1.937059296217426,0.2,0.12,40.0,600.0,50.0,1,0.25,150.0
5.159715290702732,2.5353274385119837,130.01000000000013,1.926393863402134,0.2,0.08,40.0,600.0,25.0,1,0.25,150.0
5.160720456600139,2.5396838799037766,130.01000000000013,1.9168187905610286,0.1,0.35,40.0,600.0,12.5,1,0.35,350.0
5.160968239542756,2.5333669199291857,130.01000000000013,1.9355751988959082,0.2,0.12,80.0,600.0,50.0,1,0.25,150.0
5.161668988111639,2.546159105872859,130.01000000000013,1.901028234967938,0.1,0.12,15.0,300.0,50.0,1,0.35,150.0
5.161982934749014,2.5275968843926364,130.01000000000013,1.9549601438753617,0.2,0.35,40.0,600.0,50.0,1,0.25,150.0
5.163143354171031,2.540254108759183,130.01000000000013,1.922112129748133,0.1,0.08,15.0,600.0,12.5,1,0.35,350.0
5.163280282083868,2.5330682830206137,130.01000000000013,1.9430342830378637,0.2,0.12,15.0,600.0,50.0,1,0.25,150.0
5.163394360324514,2.5276945071269616,130.01000000000013,1.9587138662787136,0.2,0.12,40.0,300.0,25.0,1,0.35,150.0
5.163482514145086,2.5295973818602984,130.01000000000013,1.9535289493851018,0.2,0.35,80.0,600.0,50.0,1,0.25,150.0
5.16446376739013,2.5192931792907802,130.01000000000013,1.9857731088552784,0.2,0.35,40.0,300.0,25.0,1,0.35,150.0
5.164523843182214,2.514270823917902,130.01000000000013,2.0002943407551705,0.35,0.12,40.0,600.0,12.5,1,0.25,150.0
5.165343668493795,2.5110691067366995,130.01000000000013,2.011784462163124,0.2,0.22,15.0,600.0,12.5,1,0.35,350.0
5.1655059518357245,2.518600740904962,130.01000000000013,1.9907291740878872,0.35,0.08,15.0,600.0,12.5,1,0.25,150.0
5.165566541349691,2.529161096673999,130.01000000000013,1.9607298419305457,0.2,0.35,15.0,600.0,50.0,1,0.25,150.0
5.166378630033417,2.5276666822413256,130.01000000000013,1.9673198508345426,0.2,0.12,15.0,300.0,25.0,1,0.35,150.0
5.167109662087393,2.5424133687362844,130.01000000000013,1.9272751238603034,0.2,0.08,80.0,600.0,25.0,1,0.25,150.0
5.16739374977224,2.5192771239252627,130.01000000000013,1.9941903595627888,0.2,0.35,15.0,300.0,25.0,1,0.35,150.0
5.168086284109984,2.5260557226630964,130.01000000000013,1.9768016041339587,0.2,0.22,80.0,300.0,50.0,1,0.35,150.0
5.168119582364319,2.5327201651947764,130.01000000000013,1.9578554776272616,0.2,0.12,80.0,300.0,25.0,1,0.35,150.0
5.168323435038811,2.52542450631411,130.01000000000013,1.9792826534991426,0.2,0.22,40.0,300.0,50.0,1,0.35,150.0
5.168333569751707,2.536862250213082,130.01000000000013,1.9466323415389224,0.2,0.08,40.0,300.0,12.5,1,0.35,150.0
5.169004158700833,2.5241392311574753,130.01000000000013,1.9848997929810182,0.2,0.35,80.0,300.0,25.0,1,0.35,150.0
5.169959109825597,2.5108669102398946,130.01000000000013,2.0255491416734306,0.35,0.22,40.0,600.0,12.5,1,0.25,150.0
5.1733271595425725,2.524564075678195,130.01000000000013,1.9960373824696462,0.2,0.12,15.0,600.0,12.5,1,0.35,350.0
5.174533188543009,2.529140087960351,130.01000000000013,1.9864088588075914,0.2,0.22,15.0,300.0,50.0,1,0.35,150.0
5.175619686546561,2.5486175581157435,130.01000000000013,1.9338632240880433,0.2,0.08,40.0,600.0,50.0,1,0.25,150.0
5.176727576239947,2.517678175143449,130.01000000000013,2.025426860275704,0.2,0.35,15.0,600.0,12.5,1,0.35,350.0
5.177062341955825,2.5113748067799913,130.01000000000013,2.044392957645234,0.35,0.35,15.0,600.0,12.5,1,0.25,150.0
5.177124547984167,2.550638322606698,130.01000000000013,1.9323892153641926,0.2,0.08,80.0,600.0,50.0,1,0.25,150.0
5.1772001763753766,2.540242990977734,130.01000000000013,1.9623062439932575,0.2,0.12,80.0,300.0,50.0,1,0.35,150.0
5.177424463191196,2.539594977411522,130.01000000000013,1.9647985307990616,0.2,0.12,40.0,300.0,50.0,1,0.35,150.0
5.177950586461559,2.5315384540409136,130.01000000000013,1.9893203783446978,0.2,0.35,80.0,300.0,50.0,1,0.35,150.0
5.1781917309779875,2.5309226825212088,130.01000000000013,1.9917687098765047,0.2,0.35,40.0,300.0,50.0,1,0.35,150.0
5.179466702486305,2.5503628929974407,130.01000000000013,1.9398680271110347,0.2,0.08,15.0,600.0,50.0,1,0.25,150.0
5.181068361685384,2.5287895625478503,130.01000000000013,2.006082283250089,0.35,0.12,80.0,600.0,12.5,1,0.25,150.0
5.181177496911536,2.525687091928669,130.01000000000013,2.015258299951043,0.35,0.12,15.0,600.0,25.0,1,0.25,150.0
5.18155900357786,2.5490138972878507,130.01000000000013,1.9497003036857372,0.2,0.08,80.0,300.0,12.5,1,0.35,150.0
5.183825435414808,2.543465051392571,130.01000000000013,1.9720296686349565,0.2,0.12,15.0,300.0,50.0,1,0.35,150.0
5.184159094562799,2.5302627369885857,130.01000000000013,2.010703878783459,0.35,0.12,40.0,600.0,25.0,1,0.25,150.0
5.184297646003339,2.5345738728567597,130.01000000000013,1.9987822089902187,0.2,0.35,15.0,300.0,50.0,1,0.35,150.0
5.18514866494104,2.537522413086611,130.01000000000013,1.9927892910126486,0.35,0.08,40.0,600.0,12.5,1,0.25,150.0
5.186236235236395,2.525141517509408,130.01000000000013,2.0312706220770997,0.35,0.22,80.0,600.0,12.5,1,0.25,150.0
5.186380946449116,2.5221227247874,130.01000000000013,2.040309204747756,0.35,0.22,15.0,600.0,25.0,1,0.25,150.0
5.186544553469098,2.5519238192125484,130.01000000000013,1.9556306693044208,0.2,0.08,40.0,300.0,25.0,1,0.35,150.0
5.187154955478883,2.537495331927312,130.01000000000013,1.9985989244330564,0.2,0.22,40.0,600.0,12.5,1,0.35,350.0
5.189390436388091,2.5266731498199606,130.01000000000013,2.0359065330517967,0.35,0.22,40.0,600.0,25.0,1,0.25,150.0
5.189485806659524,2.5518686724071102,130.01000000000013,1.96419181214975,0.2,0.08,15.0,300.0,25.0,1,0.35,150.0
5.191394520889851,2.5570481992086243,130.01000000000013,1.9548466333749275,0.2,0.08,80.0,300.0,25.0,1,0.35,150.0
5.191695183721198,2.5373583583732544,130.01000000000013,2.011962358136977,0.35,0.12,80.0,600.0,25.0,1,0.25,150.0
5.195748755508381,2.5293910489157514,130.01000000000013,2.0463077331217945,0.35,0.35,40.0,600.0,12.5,1,0.25,150.0
5.195972340668097,2.5517972778930096,130.01000000000013,1.982928750785959,0.2,0.12,40.0,600.0,12.5,1,0.35,350.0
5.196413324036812,2.548999389883398,130.01000000000013,1.9921826690097504,0.2,0.08,15.0,600.0,12.5,1,0.35,350.0
5.196790176341139,2.5336354893784563,130.01000000000013,2.0371562484648034,0.35,0.22,80.0,600.0,25.0,1,0.25,150.0
5.198148691244938,2.543633287572975,130.01000000000013,2.012472581919892,0.2,0.35,40.0,600.0,12.5,1,0.35,350.0
5.19988043242885,2.5433162821853124,130.01000000000013,2.0183261435529625,0.35,0.12,40.0,600.0,50.0,1,0.25,150.0
5.2005755413505765,2.5646580844945888,130.01000000000013,1.9593355910171044,0.2,0.08,80.0,300.0,50.0,1,0.35,150.0
5.2007699263530105,2.56398845762957,130.01000000000013,1.9618041963526822,0.2,0.08,40.0,300.0,50.0,1,0.35,150.0
5.201627766615259,2.545461338455799,130.01000000000013,2.017189794741309,0.35,0.12,80.0,600.0,50.0,1,0.25,150.0
5.201921451757917,2.5490476599301806,130.01000000000013,2.0077822623649575,0.35,0.08,15.0,600.0,25.0,1,0.25,150.0
5.2019437755733495,2.552251027194947,130.01000000000013,1.9986935667954329,0.35,0.08,80.0,600.0,12.5,1,0.25,150.0
5.202804674360964,2.54444562176824,130.01000000000013,2.023454435979208,0.35,0.12,15.0,600.0,50.0,1,0.25,150.0
5.204886387629267,2.5395265834773815,130.01000000000013,2.043456583291096,0.35,0.22,40.0,600.0,50.0,1,0.25,150.0
5.204986722916273,2.5536953601800216,130.01000000000013,2.003261036389286,0.35,0.08,40.0,600.0,25.0,1,0.25,150.0
5.206618223780037,2.541643320694945,130.01000000000013,2.0423568659574,0.35,0.22,80.0,600.0,50.0,1,0.25,150.0
5.2072852778975705,2.5679572519596077,130.01000000000013,1.9690800741084609,0.2,0.08,15.0,300.0,50.0,1,0.35,150.0
5.207612958149656,2.540518198744281,130.01000000000013,2.0484135983010665,0.35,0.22,15.0,600.0,50.0,1,0.25,150.0
5.211839295555994,2.543507536613679,130.01000000000013,2.0519478826923248,0.35,0.35,80.0,600.0,12.5,1,0.25,150.0
5.212049142449012,2.5405976459819994,130.01000000000013,2.060861418477174,0.35,0.35,15.0,600.0,25.0,1,0.25,150.0
5.212664828706284,2.560909057538694,130.01000000000013,2.004587917621682,0.35,0.08,80.0,600.0,25.0,1,0.25,150.0
5.215070253402521,2.545109595365117,130.01000000000013,2.056601880106862,0.35,0.35,40.0,600.0,25.0,1,0.25,150.0
5.216406832162669,2.564679035081578,130.01000000000013,2.004507991660254,0.2,0.22,80.0,600.0,12.5,1,0.35,350.0
5.2199505300634605,2.5769459182193453,130.01000000000013,1.9795846052688977,0.2,0.08,40.0,600.0,12.5,1,0.35,350.0
5.220909557880274,2.566922190375796,130.01000000000013,2.010963907155648,0.35,0.08,40.0,600.0,50.0,1,0.25,150.0
5.222374543683653,2.551981366733543,130.01000000000013,2.057837648428879,0.35,0.35,80.0,600.0,25.0,1,0.25,150.0
5.222701027767357,2.569104224492976,130.01000000000013,2.0098480093553692,0.35,0.08,80.0,600.0,50.0,1,0.25,150.0
5.223920553142366,2.568121627940118,130.01000000000013,2.016139786292133,0.35,0.08,15.0,600.0,50.0,1,0.25,150.0
5.225838153898442,2.579534181470825,130.01000000000013,1.9890113497931872,0.2,0.12,80.0,600.0,12.5,1,0.35,350.0
5.227100994607559,2.5705239149827612,130.01000000000013,2.0183630846422753,0.2,0.35,80.0,600.0,12.5,1,0.35,350.0
5.228699850861764,2.571756776803558,130.01000000000013,2.019408783023442,0.2,0.22,40.0,600.0,25.0,1,0.35,350.0
5.23042680571975,2.557851914364979,130.01000000000013,2.0640711181564813,0.35,0.35,40.0,600.0,50.0,1,0.25,150.0
5.232146496173663,2.559944037494129,130.01000000000013,2.0630070247986647,0.35,0.35,80.0,600.0,50.0,1,0.25,150.0
5.233036008228164,2.5587838072028397,130.01000000000013,2.068863431500922,0.35,0.35,15.0,600.0,50.0,1,0.25,150.0
5.237987196947618,2.5864933387950977,130.01000000000013,2.003839594721482,0.2,0.12,40.0,600.0,25.0,1,0.35,350.0
5.238801445244647,2.5829275237548877,130.01000000000013,2.0163540613993067,0.2,0.22,80.0,600.0,25.0,1,0.35,350.0
5.23952108720683,2.577734042933259,130.01000000000013,2.033248697924484,0.2,0.35,40.0,600.0,25.0,1,0.35,350.0
5.240373983434286,2.5749248185445013,130.01000000000013,2.043711899685094,0.2,0.22,15.0,600.0,25.0,1,0.35,350.0
5.242130446196676,2.5637266689664635,130.01000000000013,2.0807250778006017,0.35,0.12,15.0,300.0,12.5,1,0.35,150.0
5.24841519609814,2.5979637363596546,130.01000000000013,2.0008613135385236,0.2,0.12,80.0,600.0,25.0,1,0.35,350.0
5.249462471909736,2.5887289915951777,130.01000000000013,2.030238515184446,0.2,0.35,80.0,600.0,25.0,1,0.35,350.0
5.249762993178432,2.589696129138226,130.01000000000013,2.028333897257726,0.2,0.12,15.0,600.0,25.0,1,0.35,350.0
5.250303693715715,2.560302419844416,130.01000000000013,2.11386078248942,0.35,0.22,15.0,300.0,12.5,1,0.35,150.0
5.251103148083304,2.5809356393771967,130.01000000000013,2.057192882017447,0.2,0.35,15.0,600.0,25.0,1,0.35,350.0
5.255783935641538,2.577958272372936,130.01000000000013,2.0790733236245695,0.35,0.12,40.0,300.0,12.5,1,0.35,150.0
5.259946823707948,2.6004646790191557,130.01000000000013,2.0266632705394008,0.2,0.22,80.0,600.0,50.0,1,0.35,350.0
5.261464585423594,2.5995926316723983,130.01000000000013,2.0334912964319827,0.2,0.22,40.0,600.0,50.0,1,0.35,350.0
5.2631565223887105,2.5737915373264455,130.01000000000013,2.1120428144636105,0.35,0.22,40.0,300.0,12.5,1,0.35,150.0
5.268146110278746,2.5926443246682815,130.01000000000013,2.072433673172752,0.35,0.08,15.0,300.0,12.5,1,0.35,150.0
5.269763483320635,2.5905169033660647,130.01000000000013,2.083133085584483,0.35,0.12,80.0,300.0,12.5,1,0.35,150.0
5.27051523968578,2.6061790588767657,130.01000000000013,2.040531945168608,0.2,0.35,80.0,600.0,50.0,1,0.35,350.0
5.272042732901527,2.605348073487646,130.01000000000013,2.047270455468225,0.2,0.35,40.0,600.0,50.0,1,0.35,350.0
5.273996193225328,2.59287851758532,130.01000000000013,2.08847907325716,0.35,0.12,40.0,300.0,25.0,1,0.35,150.0
5.274270466072512,2.5909454892557666,130.01000000000013,2.094785648047837,0.35,0.12,15.0,300.0,25.0,1,0.35,150.0
5.276593869992678,2.58586863972992,130.01000000000013,2.11592922932216,0.35,0.22,80.0,300.0,12.5,1,0.35,150.0
5.278424435869204,2.61125264874403,130.01000000000013,2.048633677500491,0.2,0.22,40.0,600.0,12.5,1,0.55,700.0
5.27965307431943,2.5985129816543897,130.01000000000013,2.0885431219001105,0.35,0.12,80.0,300.0,25.0,1,0.35,150.0
5.280996706945667,2.5883791870761446,130.01000000000013,2.1213357710557745,0.35,0.22,40.0,300.0,25.0,1,0.35,150.0
5.281369453786399,2.586565848797687,130.01000000000013,2.127581728539173,0.35,0.22,15.0,300.0,25.0,1,0.35,150.0
5.282427108634293,2.607373618232531,130.01000000000013,2.071152829719315,0.35,0.08,40.0,300.0,12.5,1,0.35,150.0
5.28635140471572,2.59373945511343,130.01000000000013,2.1213198560065396,0.35,0.22,80.0,300.0,25.0,1,0.35,150.0
5.2864625680635875,2.585045285052742,130.01000000000013,2.146477951459552,0.35,0.35,15.0,300.0,12.5,1,0.35,150.0
5.288215661178323,2.604817709416918,130.01000000000013,2.094994147889725,0.35,0.12,40.0,300.0,50.0,1,0.35,150.0
5.288841480670328,2.6060567016910627,130.01000000000013,2.093242225655039,0.35,0.12,80.0,300.0,50.0,1,0.35,150.0
5.289742448393737,2.594946638066928,130.01000000000013,2.127559458076592,0.35,0.12,15.0,600.0,12.5,1,0.35,350.0
5.29073538092529,2.630167554524797,130.01000000000013,2.0297652182871184,0.2,0.12,40.0,600.0,12.5,1,0.55,700.0
5.292388769388871,2.618209812428434,130.01000000000013,2.0686541627441004,0.2,0.35,40.0,600.0,12.5,1,0.55,700.0
5.292416589607999,2.607075828098661,130.01000000000013,2.1005450328838204,0.35,0.12,15.0,300.0,50.0,1,0.35,150.0
5.29479645538504,2.599947438911169,130.01000000000013,2.127711475639625,0.35,0.22,40.0,300.0,50.0,1,0.35,150.0
5.295349059111345,2.601112954734894,130.01000000000013,2.125960298218425,0.35,0.22,80.0,300.0,50.0,1,0.35,150.0
5.296445490524343,2.6079340664344115,130.01000000000013,2.1096040688283693,0.2,0.22,15.0,600.0,12.5,1,0.55,700.0
5.296827663331629,2.620273378020448,130.01000000000013,2.0754408151748,0.35,0.08,80.0,300.0,12.5,1,0.35,150.0
5.298738639074289,2.601998507803918,130.01000000000013,2.133114660772483,0.35,0.22,15.0,300.0,50.0,1,0.35,150.0
5.298786708079445,2.598005141061724,130.01000000000013,2.1446616200506234,0.35,0.35,40.0,300.0,12.5,1,0.35,150.0
5.300913849823561,2.5936918051535756,130.01000000000013,2.1630629847713827,0.35,0.22,15.0,600.0,12.5,1,0.35,350.0
5.300975820861969,2.6225832072065907,130.01000000000013,2.0806931818725025,0.35,0.08,40.0,300.0,25.0,1,0.35,150.0
5.301153099431498,2.6205876050407992,130.01000000000013,2.08690141254485,0.35,0.08,15.0,300.0,25.0,1,0.35,150.0
5.305730819078186,2.624129167074176,130.01000000000013,2.0898618628685943,0.2,0.12,15.0,600.0,12.5,1,0.55,700.0
5.306864385049611,2.628401093950659,130.01000000000013,2.080895117425571,0.35,0.08,80.0,300.0,25.0,1,0.35,150.0
5.310180712871719,2.6444718433889123,130.01000000000013,2.0444539128080135,0.2,0.22,80.0,600.0,12.5,1,0.55,700.0
5.311876544013135,2.6097703296258787,130.01000000000013,2.148446326820726,0.35,0.35,80.0,300.0,12.5,1,0.35,150.0
5.31194288627768,2.616653672620218,130.01000000000013,2.1289691818784555,0.2,0.35,15.0,600.0,12.5,1,0.55,700.0
5.315190002380368,2.6236601065550555,130.01000000000013,2.1182282737866034,0.35,0.08,15.0,600.0,12.5,1,0.35,350.0
5.315538979301196,2.6348099109984227,130.01000000000013,2.0873687665793463,0.35,0.08,40.0,300.0,50.0,1,0.35,150.0
5.3162245912323405,2.6360920159845227,130.01000000000013,2.085664500708046,0.35,0.08,80.0,300.0,50.0,1,0.35,150.0
5.31643245598059,2.612430035221647,130.01000000000013,2.1538640593112586,0.35,0.35,40.0,300.0,25.0,1,0.35,150.0
5.316902672376937,2.6107674784708172,130.01000000000013,2.159957696874622,0.35,0.35,15.0,300.0,25.0,1,0.35,150.0
5.319931904451062,2.637237289456896,130.01000000000013,2.0929846142690405,0.35,0.08,15.0,300.0,50.0,1,0.35,150.0
5.3205024480541026,2.6276575714570063,130.01000000000013,2.121985361705985,0.35,0.12,40.0,600.0,12.5,1,0.35,350.0
5.321589231811302,2.6175990195292207,130.01000000000013,2.1538291779487992,0.35,0.35,80.0,300.0,25.0,1,0.35,150.0
5.323240841591575,2.6505242106679394,130.01000000000013,2.0644760883532394,0.2,0.35,80.0,600.0,12.5,1,0.55,700.0
5.329546240651984,2.6244049344039015,130.01000000000013,2.1571180178516585,0.35,0.22,40.0,600.0,12.5,1,0.35,350.0
5.329991305632371,2.623792439665985,130.01000000000013,2.160139617046811,0.35,0.35,40.0,300.0,50.0,1,0.35,150.0
5.3304875168905115,2.6248888396406316,130.01000000000013,2.1584247921425086,0.35,0.35,80.0,300.0,50.0,1,0.35,150.0
5.333824003411627,2.625790340627357,130.01000000000013,2.165381893669339,0.35,0.35,15.0,300.0,50.0,1,0.35,150.0
5.334178770099286,2.6539415487349807,130.01000000000013,2.085963489612297,0.2,0.08,15.0,600.0,12.5,1,0.55,700.0
5.340717280767473,2.621175511088506,130.01000000000013,2.1982621990827558,0.35,0.35,15.0,600.0,12.5,1,0.35,350.0
5.3476016805696895,2.657687144252358,130.01000000000013,2.1136129609066554,0.35,0.08,40.0,600.0,12.5,1,0.35,350.0
5.353180503235561,2.6571651998161383,130.01000000000013,2.131043724055487,0.35,0.12,80.0,600.0,12.5,1,0.35,350.0
5.360210610233598,2.68109134839788,130.01000000000013,2.0827693195306183,0.2,0.35,40.0,300.0,12.5,1,0.55,350.0
5.360338112623679,2.6811415705075707,130.01000000000013,2.0829901203317327,0.2,0.35,80.0,600.0,25.0,1,0.55,700.0
5.3607707828121,2.6754857454189778,130.01000000000013,2.100385821123201,0.2,0.35,40.0,600.0,25.0,1,0.55,700.0
5.360853926632471,2.6526925159376247,130.01000000000013,2.1657468876995534,0.35,0.22,80.0,600.0,12.5,1,0.35,350.0
5.363035555332807,2.6624683535537064,130.01000000000013,2.1440491479402835,0.35,0.12,40.0,600.0,25.0,1,0.35,350.0
5.366967328364522,2.6600801228943407,130.01000000000013,2.1621063013433712,0.35,0.12,15.0,600.0,25.0,1,0.35,350.0
5.367972483602296,2.650477040238006,130.01000000000013,2.1924155524693942,0.35,0.35,40.0,600.0,12.5,1,0.35,350.0
5.371180559555027,2.658409794606392,130.01000000000013,2.1789164712818105,0.35,0.22,40.0,600.0,25.0,1,0.35,350.0
5.375340896933268,2.6563124774274876,130.01000000000013,2.1967954843022235,0.35,0.22,15.0,600.0,25.0,1,0.35,350.0
5.376148574391451,2.67574082241152,130.01000000000013,2.143593577085512,0.35,0.12,80.0,600.0,25.0,1,0.35,350.0
5.3813302803508325,2.688042831737643,130.01000000000013,2.1232498531805364,0.35,0.08,80.0,600.0,12.5,1,0.35,350.0
5.3835063629708655,2.670969260526963,130.01000000000013,2.1782488641254307,0.35,0.22,80.0,600.0,25.0,1,0.35,350.0
5.390950293885961,2.693198216573587,130.01000000000013,2.136005935178206,0.35,0.08,40.0,600.0,25.0,1,0.35,350.0
5.394661667458234,2.6906813003637002,130.01000000000013,2.153801048841519,0.35,0.08,15.0,600.0,25.0,1,0.35,350.0
5.39688425253427,2.6909525870833786,130.01000000000013,2.159376187002543,0.35,0.12,40.0,600.0,50.0,1,0.35,350.0
5.397861027470794,2.693604362089922,130.01000000000013,2.1545904725167735,0.35,0.12,80.0,600.0,50.0,1,0.35,350.0
5.398410949789078,2.6779725280369973,130.01000000000013,2.200824062148797,0.35,0.35,80.0,600.0,12.5,1,0.35,350.0
5.403954293043481,2.6859414157210564,130.01000000000013,2.1938939352069213,0.35,0.22,40.0,600.0,50.0,1,0.35,350.0
5.404651871526173,2.7069326727523655,130.01000000000013,2.1359119964965894,0.35,0.08,80.0,600.0,25.0,1,0.35,350.0
5.4047411754185815,2.68840653674551,130.01000000000013,2.1890989676373427,0.35,0.22,80.0,600.0,50.0,1,0.35,350.0
5.409143357134865,2.6840908138862525,130.01000000000013,2.2140072664246015,0.35,0.35,40.0,600.0,25.0,1,0.35,350.0
5.40988211202656,2.6985152338147755,130.01000000000013,2.1749053663193783,0.35,0.12,15.0,600.0,50.0,1,0.35,350.0
5.413531107822754,2.6823840697892996,130.01000000000013,2.2314201086670096,0.35,0.35,15.0,600.0,25.0,1,0.35,350.0
5.41613751647729,2.6928351681787137,130.01000000000013,2.2090067094244987,0.35,0.22,15.0,600.0,50.0,1,0.35,350.0
5.420959790985066,2.6961503432652334,130.01000000000013,2.2133127077709447,0.35,0.35,80.0,600.0,25.0,1,0.35,350.0
5.425676080958429,2.7224133062157407,130.01000000000013,2.1517507849791038,0.35,0.08,40.0,600.0,50.0,1,0.35,350.0
5.4267934021169335,2.725161366366983,130.01000000000013,2.147091530714141,0.35,0.08,80.0,600.0,50.0,1,0.35,350.0
5.439303319577071,2.7305306894684747,130.01000000000013,2.1674932288816997,0.35,0.08,15.0,600.0,50.0,1,0.35,350.0
5.44131053146345,2.7110960025469284,130.01000000000013,2.228755796904342,0.35,0.35,40.0,600.0,50.0,1,0.35,350.0
5.441950119707452,2.713378473764721,130.01000000000013,2.2240618455506564,0.35,0.35,80.0,600.0,50.0,1,0.35,350.0
5.453144862423456,2.717800142722909,130.01000000000013,2.2434134848587006,0.35,0.35,15.0,600.0,50.0,1,0.35,350.0
5.506351283144881,2.7622646073831776,130.01000000000013,2.2683905021762927,0.35,0.12,15.0,600.0,12.5,1,0.55,700.0
5.526601295307483,2.7671751046875563,130.01000000000013,2.3122176874855,0.35,0.22,15.0,600.0,12.5,1,0.55,700.0
5.532611436718871,2.792091647937277,130.01000000000013,2.258199396518834,0.35,0.08,15.0,600.0,12.5,1,0.55,700.0
5.534556243847273,2.801331565297463,130.01000000000013,2.2373562244280234,0.35,0.12,40.0,600.0,12.5,1,0.55,700.0
5.5450925879921655,2.541644672335303,156.01200000000014,1.8950511875910312,0.1,0.35,80.0,600.0,50.0,1,0.25,150.0
5.547521342599672,2.545572056682911,156.01200000000014,1.8907693883335979,0.1,0.12,40.0,600.0,50.0,1,0.25,150.0
5.548214919170506,2.8004070227055373,130.01000000000013,2.2790225613284747,0.35,0.22,40.0,600.0,12.5,1,0.55,700.0
5.548270060384082,2.5490985756736664,156.01200000000014,1.8828328134583256,0.1,0.08,80.0,600.0,25.0,1,0.25,150.0
5.5488967807508605,2.5475371747236766,156.01200000000014,1.889084588649091,0.1,0.12,80.0,600.0,50.0,1,0.25,150.0
5.55172312385849,2.547510830642527,156.01200000000014,1.8972351234741724,0.1,0.12,15.0,600.0,50.0,1,0.25,150.0
5.556904476884416,2.5553865812360126,156.01200000000014,1.8895368447097176,0.1,0.08,40.0,600.0,50.0,1,0.25,150.0
5.557823528727958,2.556503643392019,156.01200000000014,1.8889711009598225,0.1,0.08,80.0,300.0,50.0,1,0.35,150.0
5.558289001311414,2.557359172740649,156.01200000000014,1.8878566530593248,0.1,0.08,80.0,600.0,50.0,1,0.25,150.0
5.558360124341341,2.5510001644584173,156.01200000000014,1.9062284568083505,0.1,0.12,40.0,600.0,12.5,1,0.35,350.0
5.558400936458606,2.556067939960025,156.01200000000014,1.8918657042816533,0.1,0.08,40.0,300.0,50.0,1,0.35,150.0
5.561132277203509,2.5573459891612327,156.01200000000014,1.8960179658350693,0.1,0.08,15.0,600.0,50.0,1,0.25,150.0
5.564493357322746,2.83376337128887,130.01000000000013,2.230228531525356,0.35,0.08,40.0,600.0,12.5,1,0.55,700.0
5.565891833187711,2.5606878735917955,156.01200000000014,1.9000684559883239,0.1,0.08,15.0,300.0,50.0,1,0.35,150.0
5.573063261845743,2.566097074484528,156.01200000000014,1.9051033924606078,0.1,0.08,40.0,600.0,12.5,1,0.35,350.0
5.577853473073288,2.566818031384684,156.01200000000014,1.916729833396007,0.1,0.22,80.0,600.0,12.5,1,0.35,350.0
5.579300843651901,2.5666901987429265,156.01200000000014,1.9212304140256375,0.1,0.35,80.0,600.0,12.5,1,0.35,350.0
5.579467928027673,2.80382272534958,130.01000000000013,2.358557721937401,0.35,0.35,15.0,600.0,12.5,1,0.55,700.0
5.58557185905753,2.849219722744428,130.01000000000013,2.246291818037427,0.35,0.12,80.0,600.0,12.5,1,0.55,700.0
5.5872325835581185,2.5783158897850247,156.01200000000014,1.9106762679231208,0.1,0.12,80.0,600.0,12.5,1,0.35,350.0
5.59105691117791,2.574474734351659,156.01200000000014,1.932577648074999,0.1,0.22,40.0,600.0,25.0,1,0.35,350.0
5.5925348057973645,2.5743808106045134,156.01200000000014,1.9370685576938562,0.1,0.35,40.0,600.0,25.0,1,0.35,350.0
5.595616885236314,2.845224835053066,130.01000000000013,2.286405857666419,0.35,0.22,80.0,600.0,12.5,1,0.55,700.0
5.596681468384899,2.832526491564622,130.01000000000013,2.3257285052007863,0.35,0.35,40.0,600.0,12.5,1,0.55,700.0
5.59860566898599,2.5847910174176465,156.01200000000014,1.9246704330524043,0.1,0.22,40.0,600.0,12.5,1,0.55,700.0
5.600304746200721,2.5852601160088264,156.01200000000014,1.9281846576911221,0.1,0.22,80.0,600.0,25.0,1,0.35,350.0
5.600320278065919,2.583989332762713,156.01200000000014,1.9318598437234418,0.1,0.35,40.0,600.0,12.5,1,0.55,700.0
5.600404810806643,2.585952925528979,156.01200000000014,1.9264911007933228,0.1,0.12,40.0,600.0,25.0,1,0.35,350.0
5.6017471132009575,2.5851169602942234,156.01200000000014,1.932714722590662,0.1,0.35,80.0,600.0,25.0,1,0.35,350.0
5.6022176705825695,2.593641291541453,156.01200000000014,1.9097039401174694,0.1,0.08,80.0,600.0,12.5,1,0.35,350.0
5.60614208449151,2.5797711507786034,156.01200000000014,1.9605455248940153,0.1,0.22,15.0,600.0,25.0,1,0.35,350.0
5.6075128415924524,2.579638138180686,156.01200000000014,1.9648420097478996,0.1,0.35,15.0,600.0,25.0,1,0.35,350.0
5.6076342449054675,2.859272245773334,130.01000000000013,2.2806057118060914,0.35,0.12,15.0,300.0,12.5,1,0.55,350.0
5.607956101725787,2.8622901140005674,130.01000000000013,2.2729028220720484,0.35,0.12,40.0,600.0,25.0,1,0.55,700.0
5.609772933083727,2.5968496094581273,156.01200000000014,1.9221237817874215,0.1,0.12,80.0,600.0,25.0,1,0.35,350.0
5.611771760988062,2.6005337131453587,156.01200000000014,1.9173087081220062,0.1,0.12,40.0,600.0,12.5,1,0.55,700.0
5.6153518945348955,2.6012635169808527,156.01200000000014,1.9254525072972617,0.1,0.08,40.0,600.0,25.0,1,0.35,350.0
5.615607999344761,2.5913273462171316,156.01200000000014,1.9545732946503667,0.1,0.12,15.0,600.0,25.0,1,0.35,350.0
5.617762607497237,2.8833124520319395,130.01000000000013,2.2408575870437017,0.35,0.08,80.0,600.0,12.5,1,0.55,700.0
5.619488452160594,2.8594783993629984,130.01000000000013,2.313885865135981,0.35,0.22,40.0,600.0,25.0,1,0.55,700.0
5.619907718369283,2.8570989760865233,130.01000000000013,2.3218821208078793,0.35,0.22,15.0,300.0,12.5,1,0.55,350.0
5.621579862302059,2.603035921101116,156.01200000000014,1.938182689145546,0.1,0.22,80.0,600.0,50.0,1,0.35,350.0
5.622995658175967,2.6028630477197154,156.01200000000014,1.9427217441607112,0.1,0.35,80.0,600.0,50.0,1,0.35,350.0
5.62412950296493,2.6027905070814206,156.01200000000014,1.9461685596671623,0.1,0.22,40.0,600.0,50.0,1,0.35,350.0
5.624333773260117,2.614182544704672,156.01200000000014,1.9142035101584096,0.1,0.22,80.0,600.0,12.5,1,0.55,700.0
5.624873402154911,2.6122805705925827,156.01200000000014,1.9211795187495038,0.1,0.08,80.0,600.0,25.0,1,0.35,350.0
5.625162486803977,2.881697351087894,130.01000000000013,2.2666146734745194,0.35,0.12,40.0,300.0,12.5,1,0.55,350.0
5.62532599909371,2.8817637541018866,130.01000000000013,2.2668921285480623,0.35,0.12,80.0,600.0,25.0,1,0.55,700.0
5.625528424980109,2.602618541718279,156.01200000000014,1.950656809319509,0.1,0.35,40.0,600.0,50.0,1,0.35,350.0
5.625740286102229,2.6130477673155874,156.01200000000014,1.9214643393904025,0.1,0.35,80.0,600.0,12.5,1,0.55,700.0
5.630518152933241,2.6066184374987333,156.01200000000014,1.9534849012414435,0.1,0.08,15.0,600.0,25.0,1,0.35,350.0
5.631161724028786,2.6147322663899213,156.01200000000014,1.9321413075396063,0.1,0.12,80.0,600.0,50.0,1,0.35,350.0
5.631641678326989,2.620549065357938,156.01200000000014,1.9168931799115696,0.1,0.08,40.0,600.0,12.5,1,0.55,700.0
5.6328298250451025,2.592370812618403,156.01200000000014,2.0007971783619927,0.1,0.22,15.0,600.0,12.5,1,0.55,700.0
5.633718405480596,2.6144873988907205,156.01200000000014,1.9401457331139262,0.1,0.12,40.0,600.0,50.0,1,0.35,350.0
5.634399251653644,2.8770025533013204,130.01000000000013,2.3064191381494923,0.35,0.22,40.0,300.0,12.5,1,0.55,350.0
5.6346379643403255,2.877102046553509,130.01000000000013,2.306816907962327,0.35,0.22,80.0,600.0,25.0,1,0.55,700.0
5.635024132032886,2.592192451832916,156.01200000000014,2.0075762291427677,0.1,0.35,15.0,600.0,12.5,1,0.55,700.0
5.638330474408588,2.630643764559074,156.01200000000014,1.9071620281414634,0.1,0.12,80.0,600.0,12.5,1,0.55,700.0
5.64042991128289,2.6051557518970867,156.01200000000014,1.9859833125308608,0.2,0.08,80.0,600.0,12.5,1,0.35,350.0
5.640932493598054,2.8784386976663408,130.01000000000013,2.3209822740906056,0.35,0.12,15.0,600.0,25.0,1,0.55,700.0
5.641764682854241,2.875178738406603,130.01000000000013,2.3326741269932443,0.35,0.35,80.0,600.0,12.5,1,0.55,700.0
5.644701956126986,2.606946449150346,156.01200000000014,1.9930728770761088,0.1,0.12,15.0,600.0,12.5,1,0.55,700.0
5.6463903822447294,2.6302744148847723,156.01200000000014,1.9312456210284454,0.1,0.08,80.0,600.0,50.0,1,0.35,350.0
5.646536302535543,2.6171257176883755,156.01200000000014,1.9692302424204715,0.1,0.22,15.0,600.0,50.0,1,0.35,350.0
5.6477518478371085,2.616829107440393,156.01200000000014,1.9735506868477513,0.1,0.35,15.0,600.0,50.0,1,0.35,350.0
5.648915135803238,2.630007641268151,156.01200000000014,1.939221412957387,0.1,0.08,40.0,600.0,50.0,1,0.35,350.0
5.651630628630947,2.906687684767472,130.01000000000013,2.2708369824670687,0.35,0.12,80.0,300.0,12.5,1,0.55,350.0
5.65247875821874,2.6120622213117164,156.01200000000014,2.0006758197343464,0.2,0.08,40.0,600.0,25.0,1,0.35,350.0
5.653454628418245,2.876349834286119,130.01000000000013,2.3627279832346413,0.35,0.22,15.0,600.0,25.0,1,0.55,700.0
5.656449227417418,2.629090439702788,156.01200000000014,1.9633679648989384,0.1,0.12,15.0,600.0,50.0,1,0.35,350.0
5.658988566971374,2.651284335253049,156.01200000000014,1.9072120906237797,0.1,0.08,80.0,600.0,12.5,1,0.55,700.0
5.659003035446635,2.9004495329842213,130.01000000000013,2.3097242927497503,0.35,0.22,80.0,300.0,12.5,1,0.55,350.0
5.659840680570366,2.615730367991631,156.01200000000014,2.0112294645106665,0.2,0.12,80.0,600.0,50.0,1,0.35,350.0
5.661247899295511,2.6450410724453373,156.01200000000014,1.9315052195719191,0.1,0.22,40.0,300.0,12.5,1,0.55,350.0
5.661271313107294,2.6450468850130533,156.01200000000014,1.9315555088406813,0.1,0.22,80.0,600.0,25.0,1,0.55,700.0
5.6613262211804845,2.614817722951637,156.01200000000014,2.0180814235109867,0.2,0.12,40.0,600.0,50.0,1,0.35,350.0
5.6626155273531245,2.6438478657046414,156.01200000000014,1.9388218904242323,0.1,0.35,40.0,300.0,12.5,1,0.55,350.0
5.662646338393762,2.6438566766647256,156.01200000000014,1.9388847477972433,0.1,0.35,80.0,600.0,25.0,1,0.55,700.0
5.663145446683333,2.9135679168105812,130.01000000000013,2.2840786567792843,0.35,0.12,40.0,300.0,25.0,1,0.55,350.0
5.663228040746943,2.623785426189554,156.01200000000014,1.9978931844496761,0.2,0.08,80.0,600.0,25.0,1,0.35,350.0
5.663309904257909,2.625974132648225,156.01200000000014,1.9918736331705214,0.1,0.08,15.0,600.0,12.5,1,0.55,700.0
5.663311999664114,2.9136353328418196,130.01000000000013,2.2843619052065507,0.35,0.12,80.0,600.0,50.0,1,0.55,700.0
5.66416013116383,2.6152114544879974,156.01200000000014,2.025053361930944,0.2,0.08,15.0,600.0,25.0,1,0.35,350.0
5.665933287328151,2.9124615840706625,130.01000000000013,2.2952048664499647,0.35,0.12,40.0,600.0,50.0,1,0.55,700.0
5.666995767448757,2.890727544289812,130.01000000000013,2.3603377804541217,0.35,0.35,40.0,600.0,25.0,1,0.55,700.0
5.667511396191218,2.6431606412408595,156.01200000000014,1.9547735855724462,0.1,0.22,40.0,600.0,25.0,1,0.55,700.0
5.668019630336258,2.888985479052597,130.01000000000013,2.3682404322390256,0.35,0.35,15.0,300.0,12.5,1,0.55,350.0
5.669072096568785,2.6421830729245164,156.01200000000014,1.9620257818407605,0.1,0.35,40.0,600.0,25.0,1,0.55,700.0
5.670508832811931,2.6115545470917367,156.01200000000014,2.0536408163434063,0.2,0.22,15.0,600.0,50.0,1,0.35,350.0
5.671166780969084,2.9078184909720424,130.01000000000013,2.3234236857058312,0.35,0.22,40.0,300.0,25.0,1,0.55,350.0
5.67141251510886,2.9079205658322462,130.01000000000013,2.323834140790319,0.35,0.22,80.0,600.0,50.0,1,0.55,700.0
5.671834147889294,2.6447716841721443,156.01200000000014,1.962521324906138,0.1,0.08,15.0,600.0,50.0,1,0.35,350.0
5.672058286225484,2.9161315121230587,130.01000000000013,2.3022193545783542,0.35,0.12,15.0,300.0,25.0,1,0.55,350.0
5.672366461377355,2.923757466777658,130.01000000000013,2.2813114131419874,0.35,0.12,80.0,300.0,25.0,1,0.55,350.0
5.673311038447121,2.6594641522992624,156.01200000000014,1.924762531851018,0.1,0.22,80.0,300.0,12.5,1,0.55,350.0
5.674512491153618,2.6580967164900575,156.01200000000014,1.932102213324456,0.1,0.35,80.0,300.0,12.5,1,0.55,350.0
5.674597322376681,2.9071536293783975,130.01000000000013,2.335124837137949,0.35,0.22,40.0,600.0,50.0,1,0.55,700.0
5.675525375283595,2.661763431239195,156.01200000000014,1.924519840126852,0.1,0.12,40.0,300.0,12.5,1,0.55,350.0
5.675530428425828,2.661761779975479,156.01200000000014,1.9245389955724215,0.1,0.12,80.0,600.0,25.0,1,0.55,700.0
5.679314314455183,2.917140802468897,130.01000000000013,2.3200671771036707,0.35,0.22,80.0,300.0,25.0,1,0.55,350.0
5.680309893171167,2.9067307845010943,130.01000000000013,2.3526545962002006,0.35,0.35,40.0,300.0,12.5,1,0.55,350.0
5.680456782448337,2.910580922550007,130.01000000000013,2.3420738854237935,0.35,0.22,15.0,300.0,25.0,1,0.55,350.0
5.680583532031105,2.906845852488334,130.01000000000013,2.3531076558364834,0.35,0.35,80.0,600.0,25.0,1,0.55,700.0
5.680767737856728,2.617103134835803,156.01200000000014,2.067098865774067,0.2,0.35,15.0,600.0,50.0,1,0.35,350.0
5.680934114528387,2.6272685755491163,156.01200000000014,2.038530111369338,0.2,0.12,15.0,600.0,50.0,1,0.35,350.0
5.680940303470418,2.650465985271005,156.01200000000014,1.9722694805697474,0.1,0.22,15.0,300.0,12.5,1,0.55,350.0
5.681318284111309,2.6594951081223064,156.01200000000014,1.9475519313971439,0.1,0.12,40.0,600.0,25.0,1,0.55,700.0
5.6825435550974,2.6495588764244538,156.01200000000014,1.9794419390655564,0.1,0.35,15.0,300.0,12.5,1,0.55,350.0
5.684877625453739,2.6417708989593627,156.01200000000014,2.00836207569821,0.2,0.08,80.0,600.0,50.0,1,0.35,350.0
5.686292442939164,2.6408094130169837,156.01200000000014,2.0151515140633696,0.2,0.08,40.0,600.0,50.0,1,0.35,350.0
5.688020748460319,2.676549828509553,156.01200000000014,1.917974057002184,0.1,0.12,80.0,300.0,12.5,1,0.55,350.0
5.6917030815725616,2.9400602729661305,130.01000000000013,2.289979453161227,0.35,0.12,80.0,300.0,50.0,1,0.55,350.0
5.692236183584804,2.938916337213882,130.01000000000013,2.2947709896311994,0.35,0.12,40.0,300.0,50.0,1,0.55,350.0
5.692331805070033,2.6754712566203107,156.01200000000014,1.9333729955706291,0.1,0.22,80.0,300.0,25.0,1,0.55,350.0
5.693511345582376,2.6740700881601525,156.01200000000014,1.9407464497777767,0.1,0.35,80.0,300.0,25.0,1,0.55,350.0
5.694641341801412,2.666705501021483,156.01200000000014,1.9650166879426498,0.1,0.12,15.0,300.0,12.5,1,0.55,350.0
5.6959348710939,2.6748437472598803,156.01200000000014,1.9454603538114827,0.1,0.22,40.0,300.0,25.0,1,0.55,350.0
5.695955539061397,2.6748484417853917,156.01200000000014,1.9455059922171538,0.1,0.22,80.0,600.0,50.0,1,0.55,700.0
5.696502500160435,2.6826769676704285,156.01200000000014,1.924701521400012,0.1,0.08,80.0,600.0,25.0,1,0.55,700.0
5.6965108446268875,2.6826840155288174,156.01200000000014,1.9247052259944815,0.1,0.08,40.0,300.0,12.5,1,0.55,350.0
5.697208001400948,2.6735461173186312,156.01200000000014,1.9528053830923267,0.1,0.35,40.0,300.0,25.0,1,0.55,350.0
5.697236442881413,2.673553941676198,156.01200000000014,1.9528642891577503,0.1,0.35,80.0,600.0,50.0,1,0.55,700.0
5.698006857822961,2.932890994277837,130.01000000000013,2.3284738958432047,0.35,0.22,80.0,300.0,50.0,1,0.55,350.0
5.698790245871725,2.9319141112289184,130.01000000000013,2.333503241836585,0.35,0.22,40.0,300.0,50.0,1,0.55,350.0
5.701882528094288,2.6801006974701336,156.01200000000014,1.9474338017832917,0.1,0.08,40.0,600.0,25.0,1,0.55,700.0
5.702376514815292,2.909256817644045,130.01000000000013,2.4084848490607,0.35,0.35,15.0,600.0,25.0,1,0.55,700.0
5.703701207834269,2.9290619787079875,130.01000000000013,2.3556835117893695,0.35,0.35,80.0,300.0,12.5,1,0.55,350.0
5.706275238935038,2.6535843317906904,156.01200000000014,2.0357454489838434,0.2,0.08,15.0,600.0,50.0,1,0.35,350.0
5.707188917222061,2.6926963757730698,156.01200000000014,1.9266072612828282,0.1,0.12,80.0,300.0,25.0,1,0.55,350.0
5.709378901536675,2.9313818360859654,130.01000000000013,2.3652773298591634,0.35,0.22,15.0,600.0,50.0,1,0.55,700.0
5.709404257428574,2.6977803813967207,156.01200000000014,1.9184110743767182,0.1,0.08,80.0,300.0,12.5,1,0.55,350.0
5.709659190718972,2.9389631737231974,130.01000000000013,2.3444171914164946,0.35,0.22,15.0,300.0,50.0,1,0.55,350.0
5.709702944514965,2.6905063299421954,156.01200000000014,1.940047470207907,0.1,0.22,80.0,300.0,50.0,1,0.55,350.0
5.710575797160726,2.6918932346048696,156.01200000000014,1.9385787501595872,0.1,0.12,40.0,300.0,25.0,1,0.55,350.0
5.710577183217096,2.6918901360505747,156.01200000000014,1.9385915633329145,0.1,0.12,80.0,600.0,50.0,1,0.55,700.0
5.710830784659913,2.689048923474361,156.01200000000014,1.9474338891015703,0.1,0.35,80.0,300.0,50.0,1,0.55,350.0
5.711563159281534,2.6617581422147714,156.01200000000014,2.0275000487621715,0.2,0.08,40.0,600.0,12.5,1,0.55,700.0
5.7143536191090805,2.664964261006238,156.01200000000014,2.0263124517224,0.2,0.12,80.0,600.0,12.5,1,0.55,700.0
5.715101323512789,2.6872343102583685,156.01200000000014,1.9648200378697662,0.1,0.08,15.0,300.0,12.5,1,0.55,350.0
5.7165216390036555,2.9370396143027597,130.01000000000013,2.3695200705739827,0.35,0.35,40.0,300.0,25.0,1,0.55,350.0
5.716804116733063,2.937157978660043,130.01000000000013,2.3699889659229094,0.35,0.35,80.0,600.0,50.0,1,0.55,700.0
5.7192061940602645,2.689269155625668,156.01200000000014,1.9707343955274121,0.1,0.22,40.0,600.0,50.0,1,0.55,700.0
5.720500993097198,2.6880183321770743,156.01200000000014,1.978007602628918,0.1,0.35,40.0,600.0,50.0,1,0.55,700.0
5.720649029895362,2.9370513167556838,130.01000000000013,2.3812791803990736,0.35,0.35,40.0,600.0,50.0,1,0.55,700.0
5.720865408351902,2.6973994169500353,156.01200000000014,1.9522456897196143,0.1,0.22,40.0,300.0,50.0,1,0.55,350.0
5.72200097168688,2.695962079549766,156.01200000000014,1.9595968346774646,0.1,0.35,40.0,300.0,50.0,1,0.55,350.0
5.723882076850519,2.945620773198618,130.01000000000013,2.3660322961482856,0.35,0.35,80.0,300.0,25.0,1,0.55,350.0
5.724752099493234,2.7079021955733245,156.01200000000014,1.9333425826283068,0.1,0.12,80.0,300.0,50.0,1,0.55,350.0
5.726587351449982,2.9405977516663064,130.01000000000013,2.3881131422390682,0.35,0.35,15.0,300.0,25.0,1,0.55,350.0
5.728743251510995,2.714074291214982,156.01200000000014,1.92711131513146,0.1,0.08,80.0,300.0,25.0,1,0.55,350.0
5.731930431176121,2.7131236602735664,156.01200000000014,1.9389336311501482,0.1,0.08,80.0,600.0,50.0,1,0.55,700.0
5.73194305728113,2.7131323711564708,156.01200000000014,1.938944817499022,0.1,0.08,40.0,300.0,25.0,1,0.55,350.0
5.733817797092584,2.706314584677408,156.01200000000014,1.9637806069004993,0.1,0.12,40.0,600.0,50.0,1,0.55,700.0
5.735917126720273,2.7148055444628123,156.01200000000014,1.9455188064498805,0.1,0.12,40.0,300.0,50.0,1,0.55,350.0
5.737222345427491,2.701970249750386,156.01200000000014,1.9859202733631514,0.1,0.22,15.0,300.0,25.0,1,0.55,350.0
5.737267536306577,2.668960910103499,156.01200000000014,2.080361789151649,0.2,0.22,40.0,600.0,25.0,1,0.55,700.0
5.737290969243858,2.6751678630594498,156.01200000000014,2.0626945890983035,0.2,0.22,40.0,300.0,12.5,1,0.55,350.0
5.7374008664632905,2.6752105227125194,156.01200000000014,2.06288669643077,0.2,0.22,80.0,600.0,25.0,1,0.55,700.0
5.738452652592363,2.700681395419739,156.01200000000014,1.9931178776360619,0.1,0.35,15.0,300.0,25.0,1,0.55,350.0
5.742277156598325,2.961099671366928,130.01000000000013,2.374364243518272,0.35,0.35,80.0,300.0,50.0,1,0.55,350.0
5.743393062758988,2.960442626935667,130.01000000000013,2.3794298166380554,0.35,0.35,40.0,300.0,50.0,1,0.55,350.0
5.746505236387208,2.7294445622753862,156.01200000000014,1.9339447831766274,0.1,0.08,80.0,300.0,50.0,1,0.55,350.0
5.746617842229542,2.6976901956537738,156.01200000000014,2.0249932759307594,0.2,0.08,80.0,600.0,12.5,1,0.55,700.0
5.746680307218507,2.67344348519304,156.01200000000014,2.0944480629298994,0.2,0.22,15.0,300.0,12.5,1,0.55,350.0
5.750864698129229,2.6890460869911395,156.01200000000014,2.0618246032516803,0.2,0.12,40.0,600.0,25.0,1,0.55,700.0
5.751967622974744,2.6961441882432626,156.01200000000014,2.044695527804226,0.2,0.12,40.0,300.0,12.5,1,0.55,350.0
5.751996713734869,2.71915430385042,156.01200000000014,1.9790354568127062,0.1,0.12,15.0,300.0,25.0,1,0.55,350.0
5.752037267466365,2.696169672438386,156.01200000000014,2.044821700079934,0.2,0.12,80.0,600.0,25.0,1,0.55,700.0
5.752925067737499,2.691919883375397,156.01200000000014,2.059500526748859,0.2,0.22,80.0,300.0,12.5,1,0.55,350.0
5.754226551485897,2.9674559928974733,130.01000000000013,2.390344453109776,0.35,0.35,15.0,300.0,50.0,1,0.55,350.0
5.754951201873604,2.960911398786461,130.01000000000013,2.4111137231061193,0.35,0.35,15.0,600.0,50.0,1,0.55,700.0
5.755165772700166,2.7275604791660526,156.01200000000014,1.9640722672403168,0.1,0.08,40.0,600.0,50.0,1,0.55,700.0
5.757591276714187,2.7245055361306427,156.01200000000014,1.9797306873815494,0.1,0.22,15.0,300.0,50.0,1,0.55,350.0
5.757680174086725,2.7363642019827634,156.01200000000014,1.9461027774398856,0.1,0.08,40.0,300.0,50.0,1,0.55,350.0
5.758543277355613,2.722920659112561,156.01200000000014,1.9869789092658554,0.1,0.35,15.0,300.0,50.0,1,0.55,350.0
5.759996557947973,2.6932800836408926,156.01200000000014,2.0758184980202246,0.2,0.12,15.0,300.0,12.5,1,0.55,350.0
5.760386536091549,2.680188475963042,156.01200000000014,2.1143373146528703,0.2,0.35,15.0,300.0,12.5,1,0.55,350.0
5.762282254681174,2.706201937885797,156.01200000000014,2.0454294765582124,0.1,0.22,15.0,600.0,25.0,1,0.55,700.0
5.76371533433917,2.7052420006477806,156.01200000000014,2.0522666676896795,0.1,0.35,15.0,600.0,25.0,1,0.55,700.0
5.765396989617415,2.6973749987159463,156.01200000000014,2.079548545432761,0.2,0.35,80.0,300.0,12.5,1,0.55,350.0
5.768549965003282,2.7136905001675387,156.01200000000014,2.041941328102116,0.2,0.12,80.0,300.0,12.5,1,0.55,350.0
5.772137179123093,2.7079052376081894,156.01200000000014,2.0687198328997205,0.2,0.22,80.0,300.0,25.0,1,0.55,350.0
5.7721816966169195,2.704810440058743,156.01200000000014,2.077689304451926,0.2,0.22,40.0,300.0,25.0,1,0.55,350.0
5.772292608172419,2.704853347711736,156.01200000000014,2.077883601316232,0.2,0.22,80.0,600.0,50.0,1,0.55,700.0
5.77314488101587,2.742359369485132,156.01200000000014,1.9731586043735332,0.1,0.12,15.0,300.0,50.0,1,0.55,350.0
5.773481365458464,2.7405141270118922,156.01200000000014,1.9793921098473435,0.1,0.08,15.0,300.0,25.0,1,0.55,350.0
5.776314632569556,2.722745624793804,156.01200000000014,2.0382543079307145,0.1,0.12,15.0,600.0,25.0,1,0.55,700.0
5.782962107822726,2.7217298775412466,156.01200000000014,2.06014922937565,0.2,0.08,40.0,600.0,25.0,1,0.55,700.0
5.78454840332567,2.713285998396493,156.01200000000014,2.088806871226214,0.2,0.35,80.0,300.0,25.0,1,0.55,350.0
5.784831157517317,2.7293743552236283,156.01200000000014,2.04364800655339,0.2,0.08,40.0,300.0,12.5,1,0.55,350.0
5.784872316778265,2.7293878610864297,156.01200000000014,2.0437270162623817,0.2,0.08,80.0,600.0,25.0,1,0.55,700.0
5.784877589213146,2.710481454040718,156.01200000000014,2.0977603862069327,0.2,0.35,40.0,300.0,25.0,1,0.55,350.0
5.785007005322426,2.7105322599264707,156.01200000000014,2.0979849868455824,0.2,0.35,80.0,600.0,50.0,1,0.55,700.0
5.787588426953499,2.7264353751318873,156.01200000000014,2.0599230052046003,0.2,0.12,40.0,300.0,25.0,1,0.55,350.0
5.787657020503769,2.726460327890289,156.01200000000014,2.0600476931813665,0.2,0.12,80.0,600.0,50.0,1,0.55,700.0
5.788041886942793,2.7299350227661225,156.01200000000014,2.051219611933338,0.2,0.12,80.0,300.0,25.0,1,0.55,350.0
5.789144517867984,2.714639615336911,156.01200000000014,2.0980711500887765,0.2,0.22,40.0,600.0,50.0,1,0.55,700.0
5.789692489408887,2.7229174112450667,156.01200000000014,2.0759859376109095,0.2,0.22,80.0,300.0,50.0,1,0.55,350.0
5.7919212307038785,2.7258512898659597,156.01200000000014,2.0739712595369078,0.2,0.08,15.0,300.0,12.5,1,0.55,350.0
5.795370804174922,2.7643031450311115,156.01200000000014,1.973964740410884,0.1,0.08,15.0,300.0,50.0,1,0.55,350.0
5.796984873348542,2.7434927255649795,156.01200000000014,2.038034707953032,0.1,0.08,15.0,600.0,25.0,1,0.55,700.0
5.797517736530012,2.7273836733844856,156.01200000000014,2.085583037558641,0.2,0.22,40.0,300.0,50.0,1,0.55,350.0
5.801967118603166,2.728163055923597,156.01200000000014,2.096068750513049,0.2,0.35,80.0,300.0,50.0,1,0.55,350.0
5.80199909514714,2.720502687657577,156.01200000000014,2.118046878541604,0.2,0.35,40.0,600.0,50.0,1,0.55,700.0
5.802146148289695,2.7474747172490908,156.01200000000014,2.041404088687434,0.2,0.08,80.0,300.0,12.5,1,0.55,350.0
5.803142271208784,2.7243766179679767,156.01200000000014,2.1102447235451582,0.2,0.22,15.0,300.0,25.0,1,0.55,350.0
5.804397604592374,2.7361821793185404,156.01200000000014,2.0801012150680926,0.2,0.12,40.0,600.0,50.0,1,0.55,700.0
5.805982992592477,2.745285991570438,156.01200000000014,2.0586200029201045,0.2,0.12,80.0,300.0,50.0,1,0.55,350.0
5.80986422154669,2.7327169825260347,156.01200000000014,2.1056206829161512,0.2,0.35,40.0,300.0,50.0,1,0.55,350.0
5.8112578163903335,2.7579742257311164,156.01200000000014,2.037438830454901,0.1,0.22,15.0,600.0,50.0,1,0.55,700.0
5.812032255135675,2.756310435411379,156.01200000000014,2.0444051992122683,0.1,0.35,15.0,600.0,50.0,1,0.55,700.0
5.812742077637246,2.717974278048191,156.01200000000014,2.155965141683009,0.2,0.22,15.0,600.0,25.0,1,0.55,700.0
5.813769307410781,2.749739015477737,156.01200000000014,2.068143691237265,0.2,0.12,40.0,300.0,50.0,1,0.55,350.0
5.815915554884123,2.7302045628276983,156.01200000000014,2.1300885487326373,0.2,0.35,15.0,300.0,25.0,1,0.55,350.0
5.818676651104312,2.7461625261057394,156.01200000000014,2.0923832142816305,0.2,0.12,15.0,300.0,25.0,1,0.55,350.0
5.8211653288089185,2.7602535412892517,156.01200000000014,2.0592336786276113,0.2,0.08,40.0,300.0,25.0,1,0.55,350.0
5.821204089345515,2.760266018247615,156.01200000000014,2.059308774565424,0.2,0.08,80.0,600.0,50.0,1,0.55,700.0
5.821949242308817,2.763983659819439,156.01200000000014,2.0508159499696434,0.2,0.08,80.0,300.0,25.0,1,0.55,350.0
5.825469972902953,2.7478416163629826,156.01200000000014,2.1069953043999075,0.2,0.22,15.0,300.0,50.0,1,0.55,350.0
5.826341337346838,2.7248243241095773,156.01200000000014,2.175248609249311,0.2,0.35,15.0,600.0,25.0,1,0.55,700.0
5.826489170001512,2.7382311071561753,156.01200000000014,2.137365893843815,0.2,0.12,15.0,600.0,25.0,1,0.55,700.0
5.827146185717092,2.776154364937254,156.01200000000014,2.030890916513819,0.1,0.12,15.0,600.0,50.0,1,0.55,700.0
5.837540457401227,2.7529510993699464,156.01200000000014,2.126883880089368,0.2,0.35,15.0,300.0,50.0,1,0.55,350.0
5.837982731307087,2.770069992449422,156.01200000000014,2.079236396736182,0.2,0.08,40.0,600.0,50.0,1,0.55,700.0
5.840261134015732,2.7796373557923477,156.01200000000014,2.058410794923949,0.2,0.08,80.0,300.0,50.0,1,0.55,350.0
5.8426422631075114,2.7710328664167565,156.01200000000014,2.0897982762592924,0.2,0.12,15.0,300.0,50.0,1,0.55,350.0
5.848093865266078,2.784153746850106,156.01200000000014,2.0678860526170566,0.2,0.08,40.0,300.0,50.0,1,0.55,350.0
5.849599806435631,2.7983279705588187,156.01200000000014,2.0316909596480284,0.1,0.08,15.0,600.0,50.0,1,0.55,700.0
5.852555207602104,2.780303793972714,156.01200000000014,2.091632610369681,0.2,0.08,15.0,300.0,25.0,1,0.55,350.0
5.858902328788045,2.7713349037186736,156.01200000000014,2.1353926430553414,0.2,0.08,15.0,600.0,25.0,1,0.55,700.0
5.861818251850803,2.768641059607772,156.01200000000014,2.1514205492657985,0.2,0.22,15.0,600.0,50.0,1,0.55,700.0
5.873822716228531,2.7738302917955178,156.01200000000014,2.1708926412371765,0.2,0.35,15.0,600.0,50.0,1,0.55,700.0
5.877929626856115,2.806264871455659,156.01200000000014,2.0899564440013014,0.2,0.08,15.0,300.0,50.0,1,0.55,350.0
5.879427970139687,2.7923080759955528,156.01200000000014,2.1341139832689495,0.2,0.12,15.0,600.0,50.0,1,0.55,700.0
5.880019641397863,2.8417692164328545,156.01200000000014,1.9944869284714457,0.1,0.22,40.0,100.0,12.5,1,0.55,150.0
5.881058191767402,2.839817819837655,156.01200000000014,2.003029634084986,0.1,0.35,40.0,100.0,12.5,1,0.55,150.0
5.883907613785136,2.847242032912696,156.01200000000014,1.9899588024926798,0.1,0.22,80.0,100.0,12.5,1,0.55,150.0
5.884863799627939,2.8452067125722085,156.01200000000014,1.998505963016368,0.1,0.35,80.0,100.0,12.5,1,0.55,150.0
5.892205393861847,2.8543233436525908,156.01200000000014,1.9934344291692976,0.1,0.22,80.0,100.0,25.0,1,0.55,150.0
5.8924754785150615,2.8469287139543016,156.01200000000014,2.0153336130307364,0.1,0.22,15.0,100.0,12.5,1,0.55,150.0
5.893147278392287,2.852268814164448,156.01200000000014,2.0019956120795324,0.1,0.35,80.0,100.0,25.0,1,0.55,150.0
5.893621011643341,2.845099046719969,156.01200000000014,2.0238341854953408,0.1,0.35,15.0,100.0,12.5,1,0.55,150.0
5.894947906059756,2.8548775713483003,156.01200000000014,1.999686670604155,0.1,0.22,40.0,100.0,25.0,1,0.55,150.0
5.895933211398975,2.8528693783630708,156.01200000000014,2.008239522959722,0.1,0.35,40.0,100.0,25.0,1,0.55,150.0
5.8962111775569905,2.8310689093366435,156.01200000000014,2.071320766343842,0.1,0.22,15.0,300.0,12.5,1,0.25,150.0
5.897280577734861,2.8613893123108185,156.01200000000014,1.9877464726401168,0.1,0.12,40.0,100.0,12.5,1,0.55,150.0
5.897370885752723,2.8218643276882482,156.01200000000014,2.1009330230413514,0.1,0.22,15.0,600.0,12.5,1,0.25,350.0
5.898301962632271,2.8316707882453005,156.01200000000014,2.0755747839627663,0.1,0.35,15.0,300.0,12.5,1,0.25,150.0
5.899652039385285,2.8225084373722007,156.01200000000014,2.1056102914659487,0.1,0.35,15.0,600.0,12.5,1,0.25,350.0
5.899667294055015,2.8608966380119285,156.01200000000014,1.9959733029802433,0.1,0.22,80.0,100.0,50.0,1,0.55,150.0
5.9005816842018355,2.8588129879332373,156.01200000000014,2.004539132195987,0.1,0.35,80.0,100.0,50.0,1,0.55,150.0
5.901373799453973,2.8670259948583854,156.01200000000014,1.983336584558814,0.1,0.12,80.0,100.0,12.5,1,0.55,150.0
5.903826707215966,2.840885206539912,156.01200000000014,2.0650328590744356,0.1,0.12,15.0,300.0,12.5,1,0.25,150.0
5.905321958709135,2.8645312015990805,156.01200000000014,2.001745020314438,0.1,0.22,40.0,100.0,50.0,1,0.55,150.0
5.905344351992099,2.832179208606879,156.01200000000014,2.094243266814907,0.1,0.12,15.0,600.0,12.5,1,0.25,350.0
5.906238572010382,2.862454174215602,156.01200000000014,2.010298279413655,0.1,0.35,40.0,100.0,50.0,1,0.55,150.0
5.909514722913162,2.8663843189130516,156.01200000000014,2.0084297257145964,0.1,0.12,15.0,100.0,12.5,1,0.55,150.0
5.909748660223855,2.8741770407356384,156.01200000000014,1.9868331985377565,0.1,0.12,80.0,100.0,25.0,1,0.55,150.0
5.911686667890681,2.8186859977319645,156.01200000000014,2.1509162004534685,0.2,0.22,15.0,300.0,12.5,1,0.25,150.0
5.912010144598621,2.8494693438940053,156.01200000000014,2.0638880020131802,0.1,0.22,40.0,300.0,12.5,1,0.25,150.0
5.9123999474572075,2.874662673361932,156.01200000000014,1.9930207831293532,0.1,0.12,40.0,100.0,25.0,1,0.55,150.0
5.914107138884,2.8500471703691472,156.01200000000014,2.068228481471002,0.1,0.35,40.0,300.0,12.5,1,0.25,150.0
5.914486369338339,2.8680387631507327,156.01200000000014,2.0179074462502977,0.1,0.22,15.0,100.0,25.0,1,0.55,150.0
5.915278422288721,2.828131545684574,156.01200000000014,2.1341910760118448,0.2,0.08,15.0,600.0,50.0,1,0.55,700.0
5.915451300790388,2.8660269371587894,156.01200000000014,2.026412467518849,0.1,0.35,15.0,100.0,25.0,1,0.55,150.0
5.915846190298044,2.811396704684755,156.01200000000014,2.1836271017522475,0.2,0.22,15.0,600.0,12.5,1,0.25,350.0
5.917308000006631,2.8808340235621475,156.01200000000014,1.9894113612699469,0.1,0.12,80.0,100.0,50.0,1,0.55,150.0
5.917466908544833,2.854927680441558,156.01200000000014,2.063883508866494,0.1,0.08,15.0,300.0,12.5,1,0.25,150.0
5.919178844277601,2.8316248394620955,156.01200000000014,2.135354299472867,0.2,0.12,15.0,300.0,12.5,1,0.25,150.0
5.919519078444515,2.846830243145897,156.01200000000014,2.092882386567474,0.1,0.08,15.0,600.0,12.5,1,0.25,350.0
5.919692513987275,2.8593574505426527,156.01200000000014,2.0575858955560586,0.1,0.12,40.0,300.0,12.5,1,0.25,150.0
5.9216842015083015,2.876779430144136,156.01200000000014,2.0134993467547515,0.1,0.22,15.0,100.0,50.0,1,0.55,150.0
5.921743984385249,2.885319148458921,156.01200000000014,1.9892709597895044,0.1,0.08,40.0,100.0,12.5,1,0.55,150.0
5.922523715365947,2.8746361761879764,156.01200000000014,2.0220215405084807,0.1,0.35,15.0,100.0,50.0,1,0.55,150.0
5.922558040353299,2.8250630306343716,156.01200000000014,2.1637571706255017,0.2,0.35,15.0,300.0,12.5,1,0.25,150.0
5.922977410433273,2.8844868880411054,156.01200000000014,1.9951729211204732,0.1,0.12,40.0,100.0,50.0,1,0.55,150.0
5.923144904283688,2.8244945613005434,156.01200000000014,2.167058122808979,0.2,0.12,15.0,600.0,12.5,1,0.25,350.0
5.926014106921139,2.891089038426372,156.01200000000014,1.9849859099850409,0.1,0.08,80.0,100.0,12.5,1,0.55,150.0
5.927782559983996,2.818450869685535,156.01200000000014,2.197576257995597,0.2,0.35,15.0,600.0,12.5,1,0.25,350.0
5.928291814376591,2.8373352729006807,156.01200000000014,2.1450758327883084,0.2,0.22,40.0,300.0,12.5,1,0.25,150.0
5.929069014979186,2.865568073574126,156.01200000000014,2.06663126115731,0.1,0.22,80.0,300.0,12.5,1,0.25,150.0
5.931035569282553,2.862744570235114,156.01200000000014,2.0803171401355374,0.1,0.22,40.0,600.0,12.5,1,0.25,350.0
5.931144906610689,2.8661182335268314,156.01200000000014,2.0709904945253026,0.1,0.35,80.0,300.0,12.5,1,0.25,150.0
5.932045311439679,2.887931127093952,156.01200000000014,2.011240526702074,0.1,0.12,15.0,100.0,25.0,1,0.55,150.0
5.933335366569922,2.86332062250266,156.01200000000014,2.085242125906459,0.1,0.35,40.0,600.0,12.5,1,0.25,350.0
5.933483662392936,2.873514004293202,156.01200000000014,2.0565418802849473,0.1,0.08,40.0,300.0,12.5,1,0.25,150.0
5.933813012676625,2.8902020404247373,156.01200000000014,2.00980277786253,0.1,0.08,15.0,100.0,12.5,1,0.55,150.0
5.933837002269306,2.8639807641124637,156.01200000000014,2.0847892518766864,0.1,0.22,40.0,600.0,12.5,1,0.35,700.0
5.93411212796807,2.867969904146716,156.01200000000014,2.0741777823467196,0.1,0.22,40.0,300.0,25.0,1,0.25,150.0
5.935926313295255,2.863474262885325,156.01200000000014,2.092205858314081,0.1,0.35,40.0,600.0,12.5,1,0.35,700.0
5.936020907383285,2.8505111016840585,156.01200000000014,2.1295137305692124,0.2,0.12,40.0,300.0,12.5,1,0.25,150.0
5.936093379997291,2.8395339022635384,156.01200000000014,2.1610842220964317,0.1,0.22,15.0,600.0,12.5,1,0.35,700.0
5.936190870810129,2.868526168593054,156.01200000000014,2.078527720620209,0.1,0.35,40.0,300.0,25.0,1,0.25,150.0
5.936512544319947,2.8661192769317685,156.01200000000014,2.0863236211090754,0.1,0.22,15.0,300.0,25.0,1,0.25,150.0
5.936833766399318,2.8755312608974446,156.01200000000014,2.060350015719634,0.1,0.12,80.0,300.0,12.5,1,0.25,150.0
5.938463517697036,2.8395133278207974,156.01200000000014,2.1679148282178202,0.1,0.35,15.0,600.0,12.5,1,0.35,700.0
5.938528276083222,2.8666464110863394,156.01200000000014,2.0905767571339458,0.1,0.35,15.0,300.0,25.0,1,0.25,150.0
5.9390749728833745,2.8435762969131453,156.01200000000014,2.1580533599149363,0.2,0.35,40.0,300.0,12.5,1,0.25,150.0
5.939198230175894,2.8732671138325676,156.01200000000014,2.0735746181237835,0.1,0.12,40.0,600.0,12.5,1,0.25,350.0
5.940830119424131,2.8752698699771315,156.01200000000014,2.0725149984199938,0.1,0.22,80.0,300.0,25.0,1,0.25,150.0
5.941878513938974,2.877937092356069,156.01200000000014,2.0678897759511514,0.1,0.12,40.0,300.0,25.0,1,0.25,150.0
5.94214129426867,2.855725507683774,156.01200000000014,2.1321022473854123,0.2,0.08,15.0,300.0,12.5,1,0.25,150.0
5.942904818652551,2.8758138686594137,156.01200000000014,2.076888428551813,0.1,0.35,80.0,300.0,25.0,1,0.25,150.0
5.9443522069078565,2.876137476736713,156.01200000000014,2.080099229060403,0.1,0.12,15.0,300.0,25.0,1,0.25,150.0
5.94546787154611,2.853352616609859,156.01200000000014,2.1483864426749966,0.2,0.22,80.0,300.0,12.5,1,0.25,150.0
5.946655277754376,2.8493175297655093,156.01200000000014,2.1633078513967563,0.2,0.08,15.0,600.0,12.5,1,0.25,350.0
5.946657873885868,2.8795057399821764,156.01200000000014,2.077063239724826,0.1,0.12,40.0,600.0,12.5,1,0.35,700.0
5.947804993627916,2.854036601718471,156.01200000000014,2.1531096911698366,0.1,0.12,15.0,600.0,12.5,1,0.35,700.0
5.9486297641766415,2.885269179357775,156.01200000000014,2.0662302423396137,0.1,0.12,80.0,300.0,25.0,1,0.25,150.0
5.950227007230271,2.855595383314683,156.01200000000014,2.1555760683302454,0.2,0.22,40.0,300.0,25.0,1,0.25,150.0
5.950733997737021,2.8897734444472793,156.01200000000014,2.0593730093992573,0.1,0.08,80.0,300.0,12.5,1,0.25,150.0
5.951524369147298,2.853131604735022,156.01200000000014,2.1663221840350677,0.2,0.22,15.0,300.0,25.0,1,0.25,150.0
5.951700421127258,2.852995641262574,156.01200000000014,2.1672136567562372,0.2,0.22,40.0,600.0,12.5,1,0.25,350.0
5.9517615423233945,2.8831658582701776,156.01200000000014,2.0811876687234703,0.1,0.22,40.0,300.0,50.0,1,0.25,150.0
5.95198405918892,2.884629195751742,156.01200000000014,2.07764246696336,0.1,0.22,80.0,300.0,50.0,1,0.25,150.0
5.953414569919409,2.8667248198642414,156.01200000000014,2.132885000157615,0.2,0.12,80.0,300.0,12.5,1,0.25,150.0
5.953783381060683,2.88823364204283,156.01200000000014,2.072484968622431,0.1,0.08,40.0,600.0,12.5,1,0.25,350.0
5.953812035021239,2.883693726886153,156.01200000000014,2.0855380232430982,0.1,0.35,40.0,300.0,50.0,1,0.25,150.0
5.954049205440391,2.8851619498156027,156.01200000000014,2.0820207303565352,0.1,0.35,80.0,300.0,50.0,1,0.25,150.0
5.955768236265807,2.89217838133102,156.01200000000014,2.0668852998136726,0.1,0.08,40.0,300.0,25.0,1,0.25,150.0
5.956151621813829,2.8594912473237115,156.01200000000014,2.1613724985431872,0.2,0.35,80.0,300.0,12.5,1,0.25,150.0
5.957177117874053,2.8629513844583947,156.01200000000014,2.154416381187591,0.2,0.22,80.0,300.0,25.0,1,0.25,150.0
5.958146248635202,2.8689455801725656,156.01200000000014,2.1400590527503853,0.2,0.12,40.0,300.0,25.0,1,0.25,150.0
5.958233578853795,2.8903778999654137,156.01200000000014,2.079073368252513,0.1,0.08,15.0,300.0,25.0,1,0.25,150.0
5.959312034714734,2.874864297779043,156.01200000000014,2.1264792483876827,0.2,0.08,40.0,300.0,12.5,1,0.25,150.0
5.959539115831209,2.8665376650785777,156.01200000000014,2.150918430721796,0.2,0.12,15.0,300.0,25.0,1,0.25,150.0
5.9595825711222075,2.887406577079471,156.01200000000014,2.0914171258363856,0.1,0.22,15.0,300.0,50.0,1,0.25,150.0
5.9596171707670855,2.893213247721155,156.01200000000014,2.07492549441694,0.1,0.12,40.0,300.0,50.0,1,0.25,150.0
5.959648117979384,2.8667546633064855,156.01200000000014,2.1506098704939904,0.2,0.12,40.0,600.0,12.5,1,0.25,350.0
5.960940588899755,2.8617699855160246,156.01200000000014,2.1685445810963646,0.2,0.35,40.0,300.0,25.0,1,0.25,150.0
5.961552188187912,2.8878822531193675,156.01200000000014,2.0956855287672647,0.1,0.35,15.0,300.0,50.0,1,0.25,150.0
5.962157401919362,2.8592892494804323,156.01200000000014,2.1791090069683654,0.2,0.35,15.0,300.0,25.0,1,0.25,150.0
5.963410292764727,2.8596819179514914,156.01200000000014,2.1815667851806677,0.2,0.35,40.0,600.0,12.5,1,0.25,350.0
5.9651979397385295,2.8763974112162205,156.01200000000014,2.1389157957780194,0.2,0.12,80.0,300.0,25.0,1,0.25,150.0
5.966533450867356,2.8731826880537263,156.01200000000014,2.1519164651817957,0.1,0.08,15.0,600.0,12.5,1,0.35,700.0
5.966698343630868,2.8996638949459443,156.01200000000014,2.0767269962426322,0.1,0.08,40.0,600.0,12.5,1,0.35,700.0
5.967570263710004,2.8975594779291436,156.01200000000014,2.0852308165167406,0.1,0.12,15.0,300.0,50.0,1,0.25,150.0
5.967702248872022,2.8705575079676193,156.01200000000014,2.1627564025839994,0.2,0.22,40.0,300.0,50.0,1,0.25,150.0
5.967847798088121,2.8690713605569966,156.01200000000014,2.167418392946064,0.2,0.35,80.0,300.0,25.0,1,0.25,150.0
5.968249020733472,2.872190724693313,156.01200000000014,2.159652274400449,0.2,0.22,80.0,300.0,50.0,1,0.25,150.0
5.974411190780691,2.874066899061751,156.01200000000014,2.1718979763398227,0.2,0.22,15.0,300.0,50.0,1,0.25,150.0
5.975827903413961,2.884091354482389,156.01200000000014,2.1473044255187728,0.2,0.12,40.0,300.0,50.0,1,0.25,150.0
5.976367287933347,2.8857257993389904,156.01200000000014,2.144175681698156,0.2,0.12,80.0,300.0,50.0,1,0.25,150.0
5.976936893935505,2.89126097753193,156.01200000000014,2.1299883325816373,0.2,0.08,80.0,300.0,12.5,1,0.25,150.0
5.978324534272285,2.876648460033557,156.01200000000014,2.175703069253502,0.2,0.35,40.0,300.0,50.0,1,0.25,150.0
5.978883993059802,2.878276470053,156.01200000000014,2.172650065733714,0.2,0.35,80.0,300.0,50.0,1,0.25,150.0
5.980174406286955,2.8457762180642203,156.01200000000014,2.269194823493524,0.2,0.22,15.0,600.0,12.5,1,0.35,700.0
5.981636725530594,2.89346930325977,156.01200000000014,2.1371069207737783,0.2,0.08,40.0,300.0,25.0,1,0.25,150.0
5.98278181562855,2.8877952039364714,156.01200000000014,2.1565903191202183,0.2,0.12,15.0,300.0,50.0,1,0.25,150.0
5.98300101636205,2.891049411914767,156.01200000000014,2.1479188698493763,0.2,0.08,15.0,300.0,25.0,1,0.25,150.0
5.983066136256104,2.8891119977041244,156.01200000000014,2.153640395862794,0.2,0.22,40.0,100.0,12.5,1,0.55,150.0
5.984045583413057,2.892268630595161,156.01200000000014,2.14741986519398,0.2,0.08,40.0,600.0,12.5,1,0.25,350.0
5.984888248706253,2.8800683681712775,156.01200000000014,2.1846853729570657,0.2,0.35,15.0,300.0,50.0,1,0.25,150.0
5.988328519185272,2.8891051025575893,156.01200000000014,2.1686954760790855,0.2,0.22,15.0,100.0,12.5,1,0.55,150.0
5.9888117078006715,2.901015658494753,156.01200000000014,2.1360458551597614,0.2,0.08,80.0,300.0,25.0,1,0.25,150.0
5.98944570947415,2.8963001217154494,156.01200000000014,2.151330250739138,0.2,0.22,80.0,100.0,12.5,1,0.55,150.0
5.990423004707829,2.862997317561791,156.01200000000014,2.2492733918458163,0.2,0.12,15.0,600.0,12.5,1,0.35,700.0
5.990955947976987,2.8898592332714474,156.01200000000014,2.174047756301535,0.2,0.22,80.0,600.0,12.5,1,0.25,350.0
5.9915040812891815,2.87849387185314,156.01200000000014,2.208086312674401,0.2,0.22,40.0,600.0,12.5,1,0.35,700.0
5.993299557919315,2.904779434881866,156.01200000000014,2.1381146372498483,0.1,0.22,15.0,600.0,25.0,1,0.25,350.0
5.99512214421315,2.8540522752668793,156.01200000000014,2.288256768417913,0.2,0.35,15.0,600.0,12.5,1,0.35,700.0
5.995368155924787,2.90521280705749,156.01200000000014,2.1427867110494154,0.1,0.35,15.0,600.0,25.0,1,0.25,350.0
5.995502178333465,2.893755005705596,156.01200000000014,2.175906207508192,0.2,0.35,40.0,100.0,12.5,1,0.55,150.0
5.997898454997172,2.903423155215647,156.01200000000014,2.155129427947209,0.2,0.22,80.0,100.0,25.0,1,0.55,150.0
5.998296890306632,2.902303021422838,156.01200000000014,2.1594681968108316,0.2,0.22,40.0,100.0,25.0,1,0.55,150.0
5.999465278848758,2.904126217691108,156.01200000000014,2.1575973175932806,0.2,0.12,80.0,600.0,12.5,1,0.25,350.0
5.9995172958782055,2.9087791427658356,156.01200000000014,2.144451866035337,0.2,0.08,40.0,300.0,50.0,1,0.25,150.0
6.00008280932643,2.9104307130672673,156.01200000000014,2.141348846454745,0.2,0.08,80.0,300.0,50.0,1,0.25,150.0
6.001108264110204,2.8940968605876223,156.01200000000014,2.190946867207373,0.2,0.35,15.0,100.0,12.5,1,0.55,150.0
6.001653993711228,2.9007252742554557,156.01200000000014,2.173567769873632,0.2,0.35,80.0,100.0,12.5,1,0.55,150.0
6.002161771966823,2.89493472199915,156.01200000000014,2.1915629999076325,0.2,0.22,40.0,600.0,25.0,1,0.25,350.0
6.0024140687117296,2.896280887227797,156.01200000000014,2.1884376613826597,0.2,0.35,80.0,600.0,12.5,1,0.25,350.0
6.002600590251547,2.9147542025258293,156.01200000000014,2.136189679216331,0.2,0.12,40.0,100.0,12.5,1,0.55,150.0
6.004533536267292,2.8982651602986986,156.01200000000014,2.188823931338832,0.2,0.12,40.0,600.0,12.5,1,0.35,700.0
6.005264282393954,2.885237379212278,156.01200000000014,2.2281340090904975,0.2,0.35,40.0,600.0,12.5,1,0.35,700.0
6.005537012710328,2.9100558855259435,156.01200000000014,2.158003220526807,0.2,0.22,80.0,100.0,50.0,1,0.55,150.0
6.006604593071039,2.912598096547708,156.01200000000014,2.1537899900666555,0.2,0.08,15.0,300.0,50.0,1,0.25,150.0
6.007348357827799,2.9143692252093167,156.01200000000014,2.150854664624229,0.2,0.12,15.0,100.0,12.5,1,0.55,150.0
6.00847953384805,2.8770600281060226,156.01200000000014,2.260684302120072,0.35,0.12,15.0,300.0,12.5,1,0.25,150.0
6.009126422717877,2.9121673198922875,156.01200000000014,2.162226008073107,0.2,0.22,40.0,100.0,50.0,1,0.55,150.0
6.0094161014511105,2.922287142668419,156.01200000000014,2.1341398822362567,0.2,0.12,80.0,100.0,12.5,1,0.55,150.0
6.0100714792337575,2.9078074091842017,156.01200000000014,2.177383057284441,0.2,0.35,80.0,100.0,25.0,1,0.55,150.0
6.010365916952657,2.892619985952705,156.01200000000014,2.221616945714144,0.2,0.22,15.0,600.0,25.0,1,0.25,350.0
6.010581682153072,2.9091272518311357,156.01200000000014,2.175069800919815,0.2,0.12,40.0,600.0,25.0,1,0.25,350.0
6.010600840229063,2.9068153566113817,156.01200000000014,2.1817299531933685,0.2,0.35,40.0,100.0,25.0,1,0.55,150.0
6.01142745681857,2.9107099958415725,156.01200000000014,2.172964174219988,0.2,0.22,15.0,100.0,25.0,1,0.55,150.0
6.01369954051202,2.901456181246121,156.01200000000014,2.2058953121882783,0.2,0.35,40.0,600.0,25.0,1,0.25,350.0
6.015619040975536,2.872269511913565,156.01200000000014,2.294770083034198,0.35,0.22,15.0,300.0,12.5,1,0.25,150.0
6.017642057628272,2.9143732090804373,156.01200000000014,2.1802538529938067,0.2,0.35,80.0,100.0,50.0,1,0.55,150.0
6.017729938002232,2.9118113391188256,156.01200000000014,2.187824568238301,0.2,0.22,80.0,600.0,25.0,1,0.25,350.0
6.018014004385152,2.929539004455762,156.01200000000014,2.1379857140839653,0.2,0.12,80.0,100.0,25.0,1,0.55,150.0
6.0182077913554775,2.9282666972381755,156.01200000000014,2.1421745546208566,0.2,0.12,40.0,100.0,25.0,1,0.55,150.0
6.0190709655128884,2.9069869703619857,156.01200000000014,2.2054399861454295,0.2,0.12,15.0,600.0,25.0,1,0.25,350.0
6.01993585111708,2.8938335224653593,156.01200000000014,2.2454923675763423,0.2,0.08,15.0,600.0,12.5,1,0.35,700.0
6.020537643700102,2.920650330359976,156.01200000000014,2.170592323828926,0.2,0.22,15.0,100.0,50.0,1,0.55,150.0
6.021263424666003,2.916519172175016,156.01200000000014,2.1844692928313845,0.2,0.35,40.0,100.0,50.0,1,0.55,150.0
6.021657051288746,2.8990773786511745,156.01200000000014,2.2354276361073415,0.2,0.35,15.0,600.0,25.0,1,0.25,350.0
6.021703522054397,2.8774876633104585,156.01200000000014,2.29724531069696,0.35,0.12,15.0,600.0,12.5,1,0.25,350.0
6.023771195440355,2.9152772304560837,156.01200000000014,2.195182757097914,0.2,0.35,15.0,100.0,25.0,1,0.55,150.0
6.024451393205926,2.9301061181548476,156.01200000000014,2.154757928717359,0.2,0.08,80.0,600.0,12.5,1,0.25,350.0
6.025844486189583,2.9363347508743765,156.01200000000014,2.1409421009005842,0.2,0.12,80.0,100.0,50.0,1,0.55,150.0
6.026422108060466,2.9262592052790173,156.01200000000014,2.171379722232705,0.2,0.12,80.0,600.0,25.0,1,0.25,350.0
6.027768516395861,2.897391473633982,156.01200000000014,2.257705836462505,0.35,0.12,40.0,300.0,12.5,1,0.25,150.0
6.029155687157501,2.9181870879336653,156.01200000000014,2.202253140639526,0.2,0.35,80.0,600.0,25.0,1,0.25,350.0
6.029330975070467,2.893204309603932,156.01200000000014,2.274133329904379,0.35,0.08,15.0,300.0,12.5,1,0.55,350.0
6.02944639976989,2.9384722760552893,156.01200000000014,2.145126067755996,0.2,0.12,40.0,100.0,50.0,1,0.55,150.0
6.029889537072516,2.8963366773918295,156.01200000000014,2.2667795990876702,0.35,0.08,40.0,600.0,25.0,1,0.55,700.0
6.031488585759762,2.8745721784594855,156.01200000000014,2.333532592286498,0.35,0.22,15.0,600.0,12.5,1,0.25,350.0
6.031498372970278,2.9368544658342315,156.01200000000014,2.1556111632458386,0.2,0.12,15.0,100.0,25.0,1,0.55,150.0
6.032567714696875,2.924903699987178,156.01200000000014,2.1928114705991293,0.2,0.35,15.0,100.0,50.0,1,0.55,150.0
6.034224573117234,2.8919483952502114,156.01200000000014,2.291703365334344,0.35,0.22,40.0,300.0,12.5,1,0.25,150.0
6.035471039453873,2.9350620666608833,156.01200000000014,2.1720827794085382,0.2,0.08,40.0,600.0,25.0,1,0.25,350.0
6.0366237424918054,2.931059050038558,156.01200000000014,2.1868134070092755,0.2,0.08,40.0,600.0,12.5,1,0.35,700.0
6.036776394840648,2.90813319662732,156.01200000000014,2.2527519948952164,0.35,0.08,15.0,300.0,12.5,1,0.25,150.0
6.0410120182043405,2.9526271108084026,156.01200000000014,2.137728306845532,0.2,0.08,40.0,100.0,12.5,1,0.55,150.0
6.041325003962386,2.9473794650867995,156.01200000000014,2.153615825358813,0.2,0.12,15.0,100.0,50.0,1,0.55,150.0
6.042268876115933,2.9294148839365874,156.01200000000014,2.2076399776552678,0.2,0.22,80.0,600.0,12.5,1,0.35,700.0
6.043184748410826,2.930115051061019,156.01200000000014,2.2082562781423,0.2,0.22,40.0,600.0,50.0,1,0.25,350.0
6.043515461052251,2.933370437084406,156.01200000000014,2.199900068479551,0.2,0.22,80.0,600.0,50.0,1,0.25,350.0
6.04389867313024,2.9329035988549443,156.01200000000014,2.2023287836436976,0.2,0.08,15.0,600.0,25.0,1,0.25,350.0
6.045525117526639,2.9521191521136325,156.01200000000014,2.152074186894297,0.2,0.08,15.0,100.0,12.5,1,0.55,150.0
6.045911342153416,2.9139736900496698,156.01200000000014,2.262164720296415,0.35,0.12,80.0,300.0,12.5,1,0.25,150.0
6.048132711368749,2.960377434797979,156.01200000000014,2.135929361630764,0.2,0.08,80.0,100.0,12.5,1,0.55,150.0
6.04825446090226,2.91649707650926,156.01200000000014,2.2616496696942825,0.35,0.08,40.0,300.0,12.5,1,0.55,350.0
6.048366142768027,2.916541037636972,156.01200000000014,2.2618431575172977,0.35,0.08,80.0,600.0,25.0,1,0.55,700.0
6.048933319160404,2.911746550373974,156.01200000000014,2.2771621965326507,0.35,0.12,15.0,300.0,25.0,1,0.25,150.0
6.049563107179397,2.908486951991168,156.01200000000014,2.2882747291092187,0.35,0.08,15.0,600.0,12.5,1,0.25,350.0
6.049960795036678,2.915744448212971,156.01200000000014,2.2686752766391582,0.35,0.12,40.0,300.0,25.0,1,0.25,150.0
6.051154485353937,2.896462763989852,156.01200000000014,2.3271763467545217,0.35,0.35,15.0,300.0,12.5,1,0.25,150.0
6.051856749350783,2.9080744320164746,156.01200000000014,2.296006620955159,0.35,0.22,80.0,300.0,12.5,1,0.25,150.0
6.054484352763893,2.9364157745329176,156.01200000000014,2.222538794945637,0.2,0.35,40.0,600.0,50.0,1,0.25,350.0
6.054849755480834,2.9396577878603734,156.01200000000014,2.214319907487026,0.2,0.35,80.0,600.0,50.0,1,0.25,350.0
6.05499212302618,2.9059968784676116,156.01200000000014,2.310900698738761,0.35,0.22,15.0,300.0,25.0,1,0.25,150.0
6.055208334643585,2.9353046108735885,156.01200000000014,2.227782067914272,0.2,0.35,80.0,600.0,12.5,1,0.35,700.0
6.056037376355575,2.9099625603796806,156.01200000000014,2.3025566170739786,0.35,0.22,40.0,300.0,25.0,1,0.25,150.0
6.056701654331755,2.9289607144430927,156.01200000000014,2.250174113967601,0.35,0.08,40.0,300.0,12.5,1,0.25,150.0
6.056883998943506,2.9677551624937286,156.01200000000014,2.139853818427927,0.2,0.08,80.0,100.0,25.0,1,0.55,150.0
6.056974195796267,2.966421757034021,156.01200000000014,2.143921253606412,0.2,0.08,40.0,100.0,25.0,1,0.55,150.0
6.05709627018768,2.9507373751722947,156.01200000000014,2.1890825571868078,0.2,0.12,80.0,600.0,12.5,1,0.35,700.0
6.057775769529612,2.9236370647832746,156.01200000000014,2.2684534421323868,0.35,0.12,80.0,300.0,25.0,1,0.25,150.0
6.063503612706516,2.9134103279326906,156.01200000000014,2.314037956496638,0.35,0.08,15.0,600.0,25.0,1,0.55,700.0
6.063584614682814,2.917607934834565,156.01200000000014,2.3022762281378455,0.35,0.22,80.0,300.0,25.0,1,0.25,150.0
6.063962717721571,2.9419514678106715,156.01200000000014,2.233803571173993,0.2,0.22,15.0,600.0,50.0,1,0.25,350.0
6.064894058714335,2.9746930802586506,156.01200000000014,2.1429170813019516,0.2,0.08,80.0,100.0,50.0,1,0.55,150.0
6.0649784217819995,2.9238713361921906,156.01200000000014,2.288363101685163,0.35,0.12,40.0,600.0,12.5,1,0.25,350.0
6.067697767810693,2.9308118962718606,156.01200000000014,2.2763024901109445,0.35,0.12,40.0,300.0,50.0,1,0.25,150.0
6.068567038591042,2.9769009526859165,156.01200000000014,2.147103102586069,0.2,0.08,40.0,100.0,50.0,1,0.55,150.0
6.068985638439909,2.9329290605095104,156.01200000000014,2.2739330798011324,0.35,0.12,80.0,300.0,50.0,1,0.25,150.0
6.069341701006731,2.915680000766236,156.01200000000014,2.3242334292585527,0.35,0.35,40.0,300.0,12.5,1,0.25,150.0
6.070479100241199,2.9013490882888817,156.01200000000014,2.368428605578045,0.35,0.35,15.0,600.0,12.5,1,0.25,350.0
6.070577315623268,2.9752990763811624,156.01200000000014,2.157423540691725,0.2,0.08,15.0,100.0,25.0,1,0.55,150.0
6.072573242092108,2.9330570997574186,156.01200000000014,2.2838175495276816,0.35,0.12,15.0,300.0,50.0,1,0.25,150.0
6.072926075149165,2.9191772159145866,156.01200000000014,2.3244824549559318,0.35,0.22,40.0,600.0,12.5,1,0.25,350.0
6.073351172098376,2.9246571283146947,156.01200000000014,2.310040125096227,0.35,0.22,40.0,300.0,50.0,1,0.25,150.0
6.0746002910340415,2.9267269066382497,156.01200000000014,2.3076953839879737,0.35,0.22,80.0,300.0,50.0,1,0.25,150.0
6.074603264777129,2.9481413839781867,156.01200000000014,2.2465196594255437,0.2,0.22,40.0,600.0,25.0,1,0.35,700.0
6.074821469961863,2.9479696463366136,156.01200000000014,2.2476337817864236,0.2,0.35,15.0,600.0,50.0,1,0.25,350.0
6.07527726489627,2.9458882111223703,156.01200000000014,2.2548830107825655,0.35,0.08,80.0,300.0,12.5,1,0.25,150.0
6.075831929856255,2.9422781988061817,156.01200000000014,2.266782088714488,0.35,0.08,80.0,300.0,12.5,1,0.55,350.0
6.077869835992712,2.9266214835155244,156.01200000000014,2.317338149934816,0.35,0.22,15.0,300.0,50.0,1,0.25,150.0
6.078135697048744,2.943567178139645,156.01200000000014,2.2696814825974188,0.35,0.08,15.0,300.0,25.0,1,0.25,150.0
6.079243721219542,2.947610850361594,156.01200000000014,2.2612939167369897,0.35,0.08,40.0,300.0,25.0,1,0.25,150.0
6.079610626887975,2.947911517532668,156.01200000000014,2.2614831695865867,0.2,0.22,15.0,300.0,12.5,1,0.35,350.0
6.080988779505051,2.986257975854685,156.01200000000014,2.1558594390010404,0.2,0.08,15.0,100.0,50.0,1,0.55,150.0
6.08626750629857,2.965834882381016,156.01200000000014,2.229293211193006,0.2,0.22,40.0,300.0,12.5,1,0.35,350.0
6.086373556036961,2.9658760753686058,156.01200000000014,2.229478516195298,0.2,0.22,80.0,600.0,25.0,1,0.35,700.0
6.086660200235611,2.931513071695513,156.01200000000014,2.3284775101145625,0.35,0.35,80.0,300.0,12.5,1,0.25,150.0
6.087294803623967,2.955687111550234,156.01200000000014,2.2612219773535176,0.35,0.08,80.0,300.0,25.0,1,0.25,150.0
6.08731515178069,2.949231813687489,156.01200000000014,2.279723823123424,0.35,0.08,40.0,300.0,25.0,1,0.55,350.0
6.087427321876694,2.9492758052272925,156.01200000000014,2.2799186189982823,0.35,0.08,80.0,600.0,50.0,1,0.55,700.0
6.0879009273308355,2.9544233154232975,156.01200000000014,2.2665646054501027,0.2,0.35,40.0,600.0,25.0,1,0.35,700.0
6.0889677618515385,2.9691190013957103,156.01200000000014,2.227625029873789,0.2,0.12,40.0,600.0,25.0,1,0.35,700.0
6.089911976474557,2.929649052432002,156.01200000000014,2.3430940686930106,0.35,0.35,15.0,300.0,25.0,1,0.25,150.0
6.090177550624283,2.948336032171682,156.01200000000014,2.29046148129314,0.35,0.08,40.0,600.0,50.0,1,0.55,700.0
6.0909598129947025,2.933526470822367,156.01200000000014,2.335009549063813,0.35,0.35,40.0,300.0,25.0,1,0.25,150.0
6.093008485519625,2.954365021159542,156.01200000000014,2.2813241838859453,0.2,0.35,15.0,300.0,12.5,1,0.35,350.0
6.093740148954654,2.939487875675994,156.01200000000014,2.325920780796167,0.35,0.12,15.0,600.0,50.0,1,0.55,700.0
6.093744715633865,2.968678219276215,156.01200000000014,2.242532846736137,0.2,0.12,15.0,300.0,12.5,1,0.35,350.0
6.094264539709928,2.9470384167256705,156.01200000000014,2.3058460656693027,0.35,0.12,15.0,300.0,50.0,1,0.55,350.0
6.094536010045891,2.956207166107104,156.01200000000014,2.2804252683965283,0.35,0.08,40.0,600.0,12.5,1,0.25,350.0
6.096813829598237,2.952466482031099,156.01200000000014,2.2976209930489606,0.35,0.08,15.0,300.0,25.0,1,0.55,350.0
6.097016637915954,2.959716770477474,156.01200000000014,2.2774853355385085,0.35,0.08,80.0,300.0,25.0,1,0.55,350.0
6.097338748676098,2.9629739430303923,156.01200000000014,2.269099444702011,0.35,0.08,40.0,300.0,50.0,1,0.25,150.0
6.098342352833198,2.9410007337037958,156.01200000000014,2.33474748322686,0.35,0.35,80.0,300.0,25.0,1,0.25,150.0
6.0986832193256175,2.965130191039554,156.01200000000014,2.266780080817318,0.35,0.08,80.0,300.0,50.0,1,0.25,150.0
6.099086314453087,2.971582711314769,156.01200000000014,2.249496008966621,0.2,0.35,40.0,300.0,12.5,1,0.35,350.0
6.099207060363698,2.9716301266347154,156.01200000000014,2.2497055249399454,0.2,0.35,80.0,600.0,25.0,1,0.35,700.0
6.102437708733465,2.9654146529119823,156.01200000000014,2.2766944452042304,0.35,0.08,15.0,300.0,50.0,1,0.25,150.0
6.106985210098102,2.9624160013505594,156.01200000000014,2.29825488213583,0.35,0.12,80.0,600.0,12.5,1,0.25,350.0
6.108035834259854,2.948014351898075,156.01200000000014,2.3424042353193646,0.35,0.35,40.0,300.0,50.0,1,0.25,150.0
6.109258853046569,2.9500338114242526,156.01200000000014,2.34012869034947,0.35,0.35,80.0,300.0,50.0,1,0.25,150.0
6.110827556256353,2.9447221091715066,156.01200000000014,2.359786991670987,0.35,0.35,40.0,600.0,12.5,1,0.25,350.0
6.112367376634452,2.949876898817096,156.01200000000014,2.349458508049583,0.35,0.35,15.0,300.0,50.0,1,0.25,150.0
6.113632172002704,2.9565573046133773,156.01200000000014,2.333985335398071,0.35,0.22,80.0,600.0,12.5,1,0.25,350.0
6.116110266238491,2.966085482972293,156.01200000000014,2.3138422379034176,0.35,0.12,40.0,600.0,25.0,1,0.25,350.0
6.116912188129321,2.9764626408974704,156.01200000000014,2.2864844206624273,0.35,0.08,80.0,300.0,50.0,1,0.55,350.0
6.117559424926637,2.9754759740679213,156.01200000000014,2.291152716739184,0.35,0.08,40.0,300.0,50.0,1,0.55,350.0
6.1175730755883375,2.9592366798436256,156.01200000000014,2.3375897021277434,0.35,0.12,15.0,600.0,25.0,1,0.25,350.0
6.123133213919387,2.9605639592793622,156.01200000000014,2.3496835846857813,0.35,0.22,40.0,600.0,25.0,1,0.25,350.0
6.12450806879894,2.9537672251370592,156.01200000000014,2.3730309818910844,0.35,0.22,15.0,600.0,25.0,1,0.25,350.0
6.131194079344521,2.9850169435429845,156.01200000000014,2.302848959432958,0.35,0.08,15.0,300.0,50.0,1,0.55,350.0
6.131755782664718,2.978679904863825,156.01200000000014,2.3225596508596897,0.35,0.08,15.0,600.0,50.0,1,0.55,700.0
6.1341781673510845,2.9845638349495895,156.01200000000014,2.312669521147121,0.35,0.12,80.0,600.0,25.0,1,0.25,350.0
6.137632544210513,2.9956198801129004,156.01200000000014,2.290950468850317,0.35,0.08,80.0,600.0,12.5,1,0.25,350.0
6.1404961241748675,2.9783934323586356,156.01200000000014,2.348350548046371,0.35,0.22,80.0,600.0,25.0,1,0.25,350.0
6.140579183862921,2.9846003302145747,156.01200000000014,2.3308538675666997,0.2,0.22,15.0,600.0,25.0,1,0.35,700.0
6.146520517441552,2.999145501202999,156.01200000000014,2.3062714749672866,0.35,0.08,40.0,600.0,25.0,1,0.25,350.0
6.1477963026748075,2.9922024854752247,156.01200000000014,2.329753763427374,0.35,0.08,15.0,600.0,25.0,1,0.25,350.0
6.150746767165722,2.981356868302028,156.01200000000014,2.3691711396105495,0.35,0.35,80.0,600.0,12.5,1,0.25,350.0
6.153494718095063,2.9909040507696343,156.01200000000014,2.3497447637869326,0.2,0.35,15.0,600.0,25.0,1,0.35,700.0
6.15548956425122,3.006035753235818,156.01200000000014,2.3122108886154313,0.2,0.12,15.0,600.0,25.0,1,0.35,700.0
6.1578687466322055,3.00160470319848,156.01200000000014,2.3316686955249253,0.35,0.12,40.0,600.0,50.0,1,0.25,350.0
6.160359651712738,3.0063008153454183,156.01200000000014,2.325368103906622,0.35,0.12,80.0,600.0,50.0,1,0.25,350.0
6.160566162126567,2.9857037119582075,156.01200000000014,2.384807000481021,0.35,0.35,40.0,600.0,25.0,1,0.25,350.0
6.161887951754837,2.979117937302339,156.01200000000014,2.407400041292846,0.35,0.35,15.0,600.0,25.0,1,0.25,350.0
6.1637996447521495,2.9951188961238326,156.01200000000014,2.3671449960809,0.35,0.22,40.0,600.0,50.0,1,0.25,350.0
6.165195481494096,3.0180932382569807,156.01200000000014,2.3054921235346093,0.35,0.08,80.0,600.0,25.0,1,0.25,350.0
6.166188349905282,2.9996949852517365,156.01200000000014,2.3608953275815527,0.35,0.22,80.0,600.0,50.0,1,0.25,350.0
6.169259070120915,2.980406422885404,156.01200000000014,2.4247789921014546,0.35,0.12,15.0,600.0,12.5,1,0.35,700.0
6.173132960694737,3.0095931523802024,156.01200000000014,2.3524565951843797,0.35,0.12,15.0,600.0,50.0,1,0.25,350.0
6.17750402382175,3.0030851273795967,156.01200000000014,2.383539704120431,0.35,0.35,80.0,600.0,25.0,1,0.25,350.0
6.177964289573762,3.0022213375937024,156.01200000000014,2.387322719943021,0.35,0.22,15.0,600.0,50.0,1,0.25,350.0
6.1850774870885985,2.980975344261872,156.01200000000014,2.468348979504929,0.35,0.22,15.0,600.0,12.5,1,0.35,700.0
6.189198233636374,3.0354219079660516,156.01200000000014,2.3245609304866277,0.35,0.08,40.0,600.0,50.0,1,0.25,350.0
6.191825306142501,3.0402073842035295,156.01200000000014,2.31839406268277,0.35,0.08,80.0,600.0,50.0,1,0.25,350.0
6.199357726368454,3.0139317558956376,156.01200000000014,2.4149884870651874,0.35,0.08,15.0,600.0,12.5,1,0.35,700.0
6.2006299348466225,3.0197283147110645,156.01200000000014,2.4020617718158745,0.35,0.35,40.0,600.0,50.0,1,0.25,350.0
6.202951025289803,3.0241719320226053,156.01200000000014,2.3959974093348433,0.35,0.35,80.0,600.0,50.0,1,0.25,350.0
6.205180710932779,3.0440391316335127,156.01200000000014,2.3456045122836118,0.35,0.08,15.0,600.0,50.0,1,0.25,350.0
6.214218149552591,3.0264947483304674,156.01200000000014,2.4215525749203484,0.35,0.35,15.0,600.0,50.0,1,0.25,350.0
6.220677969966775,3.0429740230522166,156.01200000000014,2.392925562613016,0.35,0.12,40.0,600.0,12.5,1,0.35,700.0
6.230113567581293,3.0377844079858685,156.01200000000014,2.4347118845583506,0.35,0.22,40.0,600.0,12.5,1,0.35,700.0
6.235392039211045,3.015494220967116,156.01200000000014,2.5134794806969354,0.35,0.35,15.0,600.0,12.5,1,0.35,700.0
6.2551028173061,3.079680464401646,156.01200000000014,2.3864067225841503,0.35,0.08,40.0,600.0,12.5,1,0.35,700.0
6.276581699132013,3.068128196982752,156.01200000000014,2.480781434712171,0.35,0.35,40.0,600.0,12.5,1,0.35,700.0
6.287953111660006,3.105957610727083,156.01200000000014,2.4051871455226292,0.35,0.12,80.0,600.0,12.5,1,0.35,700.0
6.293707213068645,3.097614479778017,156.01200000000014,2.445464952258934,0.35,0.22,80.0,600.0,12.5,1,0.35,700.0
6.303874662174331,3.1084659618775925,156.01200000000014,2.4435105722763897,0.35,0.12,15.0,300.0,12.5,1,0.35,350.0
6.307402613340282,3.1150336472516145,156.01200000000014,2.4348256173961875,0.35,0.12,40.0,600.0,25.0,1,0.35,700.0
6.3116939119392335,3.101841230685112,156.01200000000014,2.484779089297485,0.35,0.22,15.0,300.0,12.5,1,0.35,350.0
6.314538272591747,3.107804370828179,156.01200000000014,2.475868290753049,0.35,0.22,40.0,600.0,25.0,1,0.35,700.0
6.324504051285559,2.89831116485859,182.01400000000018,1.9885225326484754,0.1,0.08,80.0,100.0,25.0,1,0.55,150.0
6.324947106648052,3.1445945881125357,156.01200000000014,2.4004929101014674,0.35,0.08,80.0,600.0,12.5,1,0.35,700.0
6.327086554873941,2.8987485613509176,182.01400000000018,1.9946514100657726,0.1,0.08,40.0,100.0,25.0,1,0.55,150.0
6.329620660893887,2.896957630202447,182.01400000000018,2.0070086591183918,0.1,0.12,15.0,100.0,50.0,1,0.55,150.0
6.329935631589186,3.14487612650446,156.01200000000014,2.413941443099211,0.35,0.12,15.0,100.0,12.5,1,0.55,150.0
6.332161305500838,2.9050469713265827,182.01400000000018,1.9911552404978659,0.1,0.08,80.0,100.0,50.0,1,0.55,150.0
6.333995934996203,3.143753988789733,156.01200000000014,2.4287484177327645,0.35,0.12,40.0,300.0,12.5,1,0.35,350.0
6.334146297712743,3.1438148382637414,156.01200000000014,2.4290041698542844,0.35,0.12,80.0,600.0,25.0,1,0.35,700.0
6.3344752448991954,3.1356583864743213,156.01200000000014,2.4532481669282067,0.35,0.22,15.0,100.0,12.5,1,0.55,150.0
6.335766491311185,3.123413083650637,156.01200000000014,2.4919240218872742,0.35,0.12,15.0,600.0,25.0,1,0.35,700.0
6.337855910182686,2.9087236409852,182.01400000000018,1.9969207691356667,0.1,0.08,40.0,100.0,50.0,1,0.55,150.0
6.337970218694578,3.125848519727764,156.01200000000014,2.491261997048034,0.35,0.35,80.0,600.0,12.5,1,0.35,700.0
6.338875468697498,3.1346447142307845,156.01200000000014,2.468716441333464,0.35,0.22,40.0,300.0,12.5,1,0.35,350.0
6.339089469528137,3.134733336814703,156.01200000000014,2.4690746648955186,0.35,0.22,80.0,600.0,25.0,1,0.35,700.0
6.340052920793215,3.1466906098183527,156.01200000000014,2.437663745642458,0.35,0.08,15.0,300.0,12.5,1,0.35,350.0
6.341536774503865,3.15785580385788,156.01200000000014,2.410002773274239,0.35,0.12,40.0,100.0,12.5,1,0.55,150.0
6.343259702031182,3.1164702993344964,156.01200000000014,2.5331697219905256,0.35,0.22,15.0,600.0,25.0,1,0.35,700.0
6.34393582910225,3.1534745217176936,156.01200000000014,2.4293751639558687,0.35,0.08,40.0,600.0,25.0,1,0.35,700.0
6.344885178190259,3.1477619537212123,156.01200000000014,2.448409212768698,0.35,0.22,40.0,100.0,12.5,1,0.55,150.0
6.346859778386508,2.9121298461974066,182.01400000000018,2.0129140919688555,0.1,0.08,15.0,100.0,25.0,1,0.55,150.0
6.349856838758391,2.894668906217927,182.01400000000018,2.071365521544173,0.1,0.12,80.0,300.0,50.0,1,0.25,150.0
6.352606621180415,2.8995536088115004,182.01400000000018,2.0652657496254623,0.1,0.08,80.0,300.0,25.0,1,0.25,150.0
6.354597035753751,3.1701423121202534,156.01200000000014,2.4122134960957027,0.35,0.12,80.0,100.0,12.5,1,0.55,150.0
6.354725451890084,2.921401737840178,182.01400000000018,2.008896325856865,0.1,0.08,15.0,100.0,50.0,1,0.55,150.0
6.357107569146344,3.1593963660616167,156.01200000000014,2.450089151670645,0.35,0.22,80.0,100.0,12.5,1,0.55,150.0
6.357600844664829,3.1317897196251043,156.01200000000014,2.5303746429706395,0.35,0.35,15.0,300.0,12.5,1,0.35,350.0
6.358758886532307,3.1725082635493886,156.01200000000014,2.417344637094045,0.35,0.12,40.0,100.0,25.0,1,0.55,150.0
6.358910589111725,3.1708901385301513,156.01200000000014,2.422401287375919,0.35,0.12,15.0,100.0,25.0,1,0.55,150.0
6.359913059987829,2.899729675430021,182.01400000000018,2.0856382415937285,0.1,0.22,80.0,600.0,12.5,1,0.25,350.0
6.359963728027285,3.137196328432048,156.01200000000014,2.5216782845578156,0.35,0.35,40.0,600.0,25.0,1,0.35,700.0
6.361496634970272,3.1619053649322635,156.01200000000014,2.4554607715371612,0.35,0.22,40.0,100.0,25.0,1,0.55,150.0
6.36165808323542,3.1601917703084412,156.01200000000014,2.4608180369342185,0.35,0.22,15.0,100.0,25.0,1,0.55,150.0
6.362158148195615,2.900232220563327,182.01400000000018,2.090616936092244,0.1,0.35,80.0,600.0,12.5,1,0.25,350.0
6.363633480823442,2.9075341072101386,182.01400000000018,2.0739696388951456,0.1,0.08,40.0,300.0,50.0,1,0.25,150.0
6.36385401296062,2.9089963902742073,182.01400000000018,2.070421779104028,0.1,0.08,80.0,300.0,50.0,1,0.25,150.0
6.363942907701086,3.1779134026308844,156.01200000000014,2.4167128716291417,0.35,0.12,80.0,100.0,25.0,1,0.55,150.0
6.366235446844874,3.166981260228296,156.01200000000014,2.4544976760473616,0.35,0.22,80.0,100.0,25.0,1,0.55,150.0
6.368291242705606,2.910448855714444,182.01400000000018,2.0789496771175973,0.1,0.12,80.0,600.0,12.5,1,0.25,350.0
6.368852210425896,3.1842283444415327,156.01200000000014,2.412696759955319,0.35,0.08,15.0,100.0,12.5,1,0.55,150.0
6.369103733813898,3.176818958792604,156.01200000000014,2.4345850714894053,0.35,0.12,80.0,300.0,12.5,1,0.35,350.0
6.36980594721894,2.91222881903321,182.01400000000018,2.0781917948163624,0.1,0.22,80.0,600.0,12.5,1,0.35,700.0
6.37163958770515,2.911424414166567,182.01400000000018,2.0857290672530886,0.1,0.35,80.0,600.0,12.5,1,0.35,700.0
6.371654261694365,2.91193842613936,182.01400000000018,2.084302387300008,0.1,0.08,15.0,300.0,50.0,1,0.25,150.0
6.371916110541906,3.1831489866932277,156.01200000000014,2.424534639567647,0.35,0.08,40.0,300.0,12.5,1,0.35,350.0
6.371936646535351,2.9052675413004634,182.01400000000018,2.1041688720996725,0.1,0.22,40.0,600.0,25.0,1,0.25,350.0
6.371943237602466,3.1841293769625354,156.01200000000014,2.4218110303997955,0.35,0.12,40.0,100.0,50.0,1,0.55,150.0
6.372023194308974,3.1831912411117256,156.01200000000014,2.4247198662778486,0.35,0.08,80.0,600.0,25.0,1,0.35,700.0
6.372082515363996,3.16612337450588,156.01200000000014,2.4736546881660404,0.35,0.22,80.0,300.0,12.5,1,0.35,350.0
6.372602632377859,3.1624689968261115,156.01200000000014,2.4855818158621292,0.35,0.08,15.0,600.0,25.0,1,0.35,700.0
6.3726403470977,3.185324310442788,156.01200000000014,2.4203886761568896,0.35,0.12,80.0,100.0,50.0,1,0.55,150.0
6.3739905458016475,3.172959694414717,156.01200000000014,2.4595738611055116,0.35,0.22,40.0,100.0,50.0,1,0.55,150.0
6.3741892998498395,2.905788432030841,182.01400000000018,2.1091167651971316,0.1,0.35,40.0,600.0,25.0,1,0.25,350.0
6.374493806558821,3.185740990261915,156.01200000000014,2.4244937608482955,0.35,0.12,15.0,100.0,50.0,1,0.55,150.0
6.374621196586918,3.1741338165642734,156.01200000000014,2.458021085778979,0.35,0.22,80.0,100.0,50.0,1,0.55,150.0
6.375960109744812,3.174016772843659,156.01200000000014,2.4621809625747186,0.35,0.22,15.0,100.0,50.0,1,0.55,150.0
6.378833656107219,3.176751824216794,156.01200000000014,2.4625766625440684,0.35,0.12,40.0,600.0,50.0,1,0.35,700.0
6.379253882093744,3.181764601162616,156.01200000000014,2.449455088374646,0.35,0.12,40.0,300.0,25.0,1,0.35,350.0
6.379407899693369,3.1818267696221674,156.01200000000014,2.449717514489142,0.35,0.12,80.0,600.0,50.0,1,0.35,700.0
6.380310728652743,2.915988955196474,182.01400000000018,2.0974622098750486,0.1,0.12,40.0,600.0,25.0,1,0.25,350.0
6.380444366823118,3.1643844169067656,156.01200000000014,2.5025141426181476,0.35,0.35,15.0,100.0,12.5,1,0.55,150.0
6.380687917515075,3.197229206037807,156.01200000000014,2.4093677470779,0.35,0.08,40.0,100.0,12.5,1,0.55,150.0
6.382827156744974,3.1715211443956646,156.01200000000014,2.4889314638551645,0.35,0.22,40.0,300.0,25.0,1,0.35,350.0
6.382869028943633,3.1626155057712317,156.01200000000014,2.51449578049257,0.35,0.35,40.0,300.0,12.5,1,0.35,350.0
6.382903046626199,3.166856736799709,156.01200000000014,2.502475170932823,0.35,0.22,40.0,600.0,50.0,1,0.35,700.0
6.383048220098393,3.1716124184159913,156.01200000000014,2.489302290521142,0.35,0.22,80.0,600.0,50.0,1,0.35,700.0
6.38311356431727,3.1627175976833914,156.01200000000014,2.5149027618110753,0.35,0.35,80.0,600.0,25.0,1,0.35,700.0
6.383156067403181,2.925635196320814,182.01400000000018,2.0780310602353276,0.1,0.08,80.0,600.0,12.5,1,0.25,350.0
6.383410446754085,2.9284297993814605,182.01400000000018,2.070773278207491,0.1,0.12,80.0,600.0,12.5,1,0.35,700.0
6.3848893682290715,3.17968266229228,156.01200000000014,2.471504874105116,0.35,0.12,15.0,300.0,25.0,1,0.35,350.0
6.386802488627146,2.9219206991324387,182.01400000000018,2.0990622556991574,0.1,0.22,80.0,600.0,25.0,1,0.25,350.0
6.38856634589709,3.1694499939700362,156.01200000000014,2.5112467197915747,0.35,0.22,15.0,300.0,25.0,1,0.35,350.0
6.38904347728775,2.9224072451143686,182.01400000000018,2.104074949066797,0.1,0.35,80.0,600.0,25.0,1,0.25,350.0
6.389301853992363,3.1469742362481226,156.01200000000014,2.5775646221263955,0.35,0.35,15.0,600.0,25.0,1,0.35,700.0
6.3898259923309855,3.1755441306050227,156.01200000000014,2.4974338906456044,0.35,0.35,40.0,100.0,12.5,1,0.55,150.0
6.39191541937695,2.915650718360808,182.01400000000018,2.1315848600461136,0.1,0.12,15.0,600.0,25.0,1,0.25,350.0
6.393314795596423,3.1967783990826235,156.01200000000014,2.4467325614679942,0.35,0.12,80.0,300.0,25.0,1,0.35,350.0
6.394167645531831,3.2097804870284916,156.01200000000014,2.4120204528666793,0.35,0.08,80.0,100.0,12.5,1,0.55,150.0
6.395140766124003,2.9311660298024456,182.01400000000018,2.096470675204442,0.1,0.08,40.0,600.0,25.0,1,0.25,350.0
6.3952680588654305,2.932729434917314,182.01400000000018,2.0923674969946133,0.1,0.12,80.0,600.0,25.0,1,0.25,350.0
6.395828374620025,3.185667038056733,156.01200000000014,2.485660961609397,0.35,0.22,80.0,300.0,25.0,1,0.35,350.0
6.398430977198555,3.212280560577494,156.01200000000014,2.417058333203028,0.35,0.08,40.0,100.0,25.0,1,0.55,150.0
6.399179699003262,3.2112429376390192,156.01200000000014,2.4221621753264007,0.35,0.08,15.0,100.0,25.0,1,0.55,150.0
6.401477338001152,3.186666334572864,156.01200000000014,2.4989457240808184,0.35,0.35,80.0,100.0,12.5,1,0.55,150.0
6.403730570476435,3.2177224164577733,156.01200000000014,2.4166518686247427,0.35,0.08,80.0,100.0,25.0,1,0.55,150.0
6.40425845552458,2.949217602167037,182.01400000000018,2.070945295307258,0.1,0.08,80.0,600.0,12.5,1,0.35,700.0
6.406164123884818,3.1894361419577946,156.01200000000014,2.5044228055057767,0.35,0.35,40.0,100.0,25.0,1,0.55,150.0
6.406718518343131,3.1880697245899374,156.01200000000014,2.5099108392948333,0.35,0.35,15.0,100.0,25.0,1,0.55,150.0
6.40672995289919,2.9308316322997143,182.01400000000018,2.130538058855636,0.1,0.08,15.0,600.0,25.0,1,0.25,350.0
6.407478957301908,2.934629922477773,182.01400000000018,2.121825813783235,0.1,0.22,40.0,600.0,25.0,1,0.35,700.0
6.409403129099696,2.9339376158333867,182.01400000000018,2.1293014664751597,0.1,0.35,40.0,600.0,25.0,1,0.35,700.0
6.410247858822763,2.9480193518976,182.01400000000018,2.091481448357601,0.1,0.08,80.0,600.0,25.0,1,0.25,350.0
6.410535095413923,3.1941804992179668,156.01200000000014,2.5033559891312995,0.35,0.35,80.0,100.0,25.0,1,0.55,150.0
6.412141615969172,3.2242920961212067,156.01200000000014,2.421912913851323,0.35,0.08,40.0,100.0,50.0,1,0.55,150.0
6.41269089523809,3.225333552519797,156.01200000000014,2.420506693480833,0.35,0.08,80.0,100.0,50.0,1,0.55,150.0
6.412783276857241,2.9437694257444913,182.01400000000018,2.11086814603642,0.1,0.22,80.0,600.0,50.0,1,0.25,350.0
6.4134030104960535,2.941037529729892,182.01400000000018,2.120444230760454,0.1,0.22,40.0,600.0,50.0,1,0.25,350.0
6.413829343821878,2.9489708096934852,182.01400000000018,2.0989958117954015,0.1,0.22,40.0,300.0,12.5,1,0.35,350.0
6.413865569864041,2.948982481382469,182.01400000000018,2.0990659670901968,0.1,0.22,80.0,600.0,25.0,1,0.35,700.0
6.414926176610972,3.1930099276352766,156.01200000000014,2.519246425644839,0.35,0.35,80.0,300.0,12.5,1,0.35,350.0
6.414998224702698,2.9442257037841,182.01400000000018,2.1158929169102714,0.1,0.35,80.0,600.0,50.0,1,0.25,350.0
6.415305503512517,3.213146453826654,156.01200000000014,2.462797284816745,0.35,0.12,40.0,300.0,50.0,1,0.35,350.0
6.415578867172509,2.9414809074287493,182.01400000000018,2.125394170696447,0.1,0.35,40.0,600.0,50.0,1,0.25,350.0
6.415621644212425,2.9481041140632915,182.01400000000018,2.106592943283232,0.1,0.35,40.0,300.0,12.5,1,0.35,350.0
6.415625154238798,3.226691736402793,156.01200000000014,2.4250097652457203,0.35,0.08,15.0,100.0,50.0,1,0.55,150.0
6.415663826127001,2.9481181702455,182.01400000000018,2.1066733025185673,0.1,0.35,80.0,600.0,25.0,1,0.35,700.0
6.415978165505732,2.936693839915448,182.01400000000018,2.1402123588293755,0.1,0.22,15.0,300.0,12.5,1,0.35,350.0
6.416450597386612,3.2163075833441037,156.01200000000014,2.4570371829785906,0.35,0.12,80.0,300.0,50.0,1,0.35,350.0
6.41731399643048,3.201566666562943,156.01200000000014,2.5016209424786733,0.35,0.22,40.0,300.0,50.0,1,0.35,350.0
6.417903908185252,2.9360437824393886,182.01400000000018,2.147571787845319,0.1,0.35,15.0,300.0,12.5,1,0.35,350.0
6.418273500027894,3.204602956801354,156.01200000000014,2.495687266361538,0.35,0.22,80.0,300.0,50.0,1,0.35,350.0
6.418310209123151,3.2001713938379637,156.01200000000014,2.508453757957672,0.35,0.35,40.0,100.0,50.0,1,0.55,150.0
6.4187801903562285,3.2012041218739875,156.01200000000014,2.506845909949257,0.35,0.35,80.0,100.0,50.0,1,0.55,150.0
6.420317342889467,3.2012302053616377,156.01200000000014,2.5111632500795054,0.35,0.35,15.0,100.0,50.0,1,0.55,150.0
6.420950324022408,2.9507500046148905,182.01400000000018,2.1142580554500428,0.1,0.12,40.0,600.0,25.0,1,0.35,700.0
6.421361315866031,2.954682734296229,182.01400000000018,2.104195947342283,0.1,0.12,80.0,600.0,50.0,1,0.25,350.0
6.422015159691287,2.951972510411944,182.01400000000018,2.113807569369543,0.1,0.12,40.0,600.0,50.0,1,0.25,350.0
6.42205687160361,3.1887140867814825,156.01200000000014,2.5518936709203603,0.35,0.12,15.0,600.0,12.5,1,0.25,700.0
6.422791718540904,3.205994975755256,156.01200000000014,2.504619265101845,0.35,0.12,15.0,600.0,50.0,1,0.35,700.0
6.422898951847195,3.1925598234828976,156.01200000000014,2.54331179532656,0.35,0.22,15.0,600.0,50.0,1,0.35,700.0
6.4262274739664935,3.198946853658511,156.01200000000014,2.5345732008799473,0.35,0.35,40.0,300.0,25.0,1,0.35,350.0
6.426480611277232,3.1990521958169738,156.01200000000014,2.5349954727435904,0.35,0.35,80.0,600.0,50.0,1,0.35,700.0
6.426793196718033,3.1948239486028327,156.01200000000014,2.547969280329137,0.35,0.35,40.0,600.0,50.0,1,0.35,700.0
6.427713607996207,2.965432016941434,182.01400000000018,2.0916331172993443,0.1,0.12,40.0,300.0,12.5,1,0.35,350.0
6.427735124087064,2.9654377650045296,182.01400000000018,2.0916781688072366,0.1,0.12,80.0,600.0,25.0,1,0.35,700.0
6.42888748753992,3.221297572477842,156.01200000000014,2.4783140430345045,0.35,0.12,15.0,300.0,50.0,1,0.35,350.0
6.429379975710243,2.9527485935126303,182.01400000000018,2.1326325205646017,0.1,0.12,15.0,300.0,12.5,1,0.35,350.0
6.42939626763811,3.2083637984973645,156.01200000000014,2.516721340402122,0.35,0.22,15.0,300.0,50.0,1,0.35,350.0
6.432386253831198,3.1974337734799736,156.01200000000014,2.5564928010034933,0.35,0.35,15.0,300.0,25.0,1,0.35,350.0
6.435825596717454,3.187086607378749,156.01200000000014,2.595882826682008,0.35,0.22,15.0,600.0,12.5,1,0.25,700.0
6.436469799617027,2.9700821007896008,182.01400000000018,2.1033648537926366,0.1,0.08,80.0,600.0,50.0,1,0.25,350.0
6.436725439926108,2.973557658495251,182.01400000000018,2.0941650898024395,0.1,0.22,80.0,300.0,12.5,1,0.35,350.0
6.437097580310872,2.9673570904840676,182.01400000000018,2.112944256648004,0.1,0.08,40.0,600.0,50.0,1,0.25,350.0
6.4375454012442646,2.955131360041443,182.01400000000018,2.149154403436626,0.1,0.22,15.0,600.0,50.0,1,0.25,350.0
6.43837959004358,2.972535552209456,182.01400000000018,2.1018115366689174,0.1,0.35,80.0,300.0,12.5,1,0.35,350.0
6.438524098814738,3.2124016357818683,156.01200000000014,2.531264180093908,0.35,0.35,80.0,300.0,25.0,1,0.35,350.0
6.43947791212378,2.955413063495554,182.01400000000018,2.1538709960806384,0.1,0.35,15.0,600.0,50.0,1,0.25,350.0
6.441662126535921,2.952438970492758,182.01400000000018,2.168609017266174,0.2,0.08,80.0,600.0,25.0,1,0.25,350.0
6.441687416420201,2.971494783157934,182.01400000000018,2.1142360950350443,0.1,0.08,40.0,600.0,25.0,1,0.35,700.0
6.442177376005732,2.944790674658666,182.01400000000018,2.191933432420181,0.2,0.12,40.0,600.0,50.0,1,0.25,350.0
6.442488016790247,2.9480462263086893,182.01400000000018,2.1835194013758734,0.2,0.12,80.0,600.0,50.0,1,0.25,350.0
6.4465591575434,2.9663923646880948,182.01400000000018,2.142733693872295,0.1,0.12,15.0,600.0,50.0,1,0.25,350.0
6.448886083083919,2.986496217108406,182.01400000000018,2.091942474215744,0.1,0.08,40.0,300.0,12.5,1,0.35,350.0
6.448896862322637,2.986497672726357,182.01400000000018,2.0919691131322207,0.1,0.08,80.0,600.0,25.0,1,0.35,700.0
6.450002089639147,2.9734120701166837,182.01400000000018,2.132514341492743,0.1,0.08,15.0,300.0,12.5,1,0.35,350.0
6.451017073683383,2.990359109600631,182.01400000000018,2.0869941830935708,0.1,0.12,80.0,300.0,12.5,1,0.35,350.0
6.4566568535384326,2.9856620601021224,182.01400000000018,2.116527981246593,0.1,0.22,40.0,300.0,25.0,1,0.35,350.0
6.456691989018642,2.985673306872832,182.01400000000018,2.116596234702309,0.1,0.22,80.0,600.0,50.0,1,0.35,700.0
6.458350706110307,2.984687265537423,182.01400000000018,2.1241526873510925,0.1,0.35,40.0,300.0,25.0,1,0.35,350.0
6.45839209282059,2.984700999724958,182.01400000000018,2.1242316945589423,0.1,0.35,80.0,600.0,50.0,1,0.35,700.0
6.459616959794779,2.9927908663471134,182.01400000000018,2.104617409850467,0.1,0.22,80.0,300.0,25.0,1,0.35,350.0
6.45992901183313,3.228267732513531,156.01200000000014,2.547089369484561,0.35,0.35,40.0,300.0,50.0,1,0.35,350.0
6.460654171364138,3.2310480453568116,156.01200000000014,2.5412175028780717,0.35,0.35,80.0,300.0,50.0,1,0.35,350.0
6.46124764911049,2.9917330848250967,182.01400000000018,2.1122987551011163,0.1,0.35,80.0,300.0,25.0,1,0.35,350.0
6.461857858011944,2.9819626926841547,182.01400000000018,2.141957615222246,0.1,0.08,15.0,600.0,50.0,1,0.25,350.0
6.463704564444402,2.9572330024945908,182.01400000000018,2.2178901769994557,0.2,0.12,15.0,600.0,50.0,1,0.25,350.0
6.465403169613641,3.219523056252477,156.01200000000014,2.587714609603321,0.35,0.35,15.0,600.0,50.0,1,0.35,700.0
6.467583161861312,2.9711505988874634,182.01400000000018,2.1892073227824187,0.2,0.08,40.0,600.0,50.0,1,0.25,350.0
6.467956555360833,2.9744449199437475,182.01400000000018,2.1808618154773804,0.2,0.08,80.0,600.0,50.0,1,0.25,350.0
6.470908181467198,3.0024505780776924,182.01400000000018,2.109278866827151,0.1,0.12,40.0,300.0,25.0,1,0.35,350.0
6.47092785341015,3.0024556316741413,182.01400000000018,2.1093206335314467,0.1,0.12,80.0,600.0,50.0,1,0.35,700.0
6.471621798811879,3.2347856315290424,156.01200000000014,2.561874763665241,0.35,0.35,15.0,300.0,50.0,1,0.35,350.0
6.472597800344443,3.0117351196337387,182.01400000000018,2.0875790877448615,0.1,0.08,80.0,300.0,12.5,1,0.35,350.0
6.474056968163699,3.0097316506453913,182.01400000000018,2.0974723357665868,0.1,0.12,80.0,300.0,25.0,1,0.35,350.0
6.474424808477809,2.9938672137898763,182.01400000000018,2.1438502705369427,0.1,0.22,40.0,600.0,50.0,1,0.35,700.0
6.476075183275627,2.9928959819902357,182.01400000000018,2.15134057510111,0.1,0.35,40.0,600.0,50.0,1,0.35,700.0
6.480784752823272,2.9847397986907325,182.01400000000018,2.188099868950105,0.2,0.08,80.0,600.0,12.5,1,0.35,700.0
6.481270059948883,3.0114721560522235,182.01400000000018,2.113108296847589,0.1,0.22,80.0,300.0,50.0,1,0.35,350.0
6.4828475073038225,3.0103566423461627,182.01400000000018,2.120802471307593,0.1,0.35,80.0,300.0,50.0,1,0.35,350.0
6.485214519014155,3.2206951037655163,156.01200000000014,2.64096975785325,0.35,0.35,15.0,600.0,12.5,1,0.25,700.0
6.488711619953116,3.0107008474594514,182.01400000000018,2.1365736356961773,0.1,0.12,40.0,600.0,50.0,1,0.35,700.0
6.489537898195446,2.9839622827603978,182.01400000000018,2.215330329814418,0.2,0.08,15.0,600.0,50.0,1,0.25,350.0
6.4895834081729245,3.0151707441777402,182.01400000000018,2.1262933257005194,0.1,0.22,40.0,300.0,50.0,1,0.35,350.0
6.4907531669810075,2.9829998349483042,182.01400000000018,2.2215523772362875,0.1,0.22,15.0,600.0,25.0,1,0.35,700.0
6.491137651318226,3.0140547970098353,182.01400000000018,2.13392244088111,0.1,0.35,40.0,300.0,50.0,1,0.35,350.0
6.491230108328123,3.0046680318192958,182.01400000000018,2.161005932882358,0.1,0.22,15.0,300.0,25.0,1,0.35,350.0
6.4916717324895945,2.9876543945435055,182.01400000000018,2.21087810841739,0.2,0.12,40.0,300.0,12.5,1,0.35,350.0
6.491744828490307,2.9876816903035976,182.01400000000018,2.2110089662477317,0.2,0.12,80.0,600.0,25.0,1,0.35,700.0
6.492310845380858,2.9821612319065522,182.01400000000018,2.228398895640863,0.1,0.35,15.0,600.0,25.0,1,0.35,700.0
6.492464474060929,3.0238316456408563,182.01400000000018,2.10977950977163,0.1,0.08,40.0,300.0,25.0,1,0.35,350.0
6.492472901594743,3.023832227619837,182.01400000000018,2.109801925642581,0.1,0.08,80.0,600.0,50.0,1,0.35,700.0
6.492773165679173,3.0036296741373847,182.01400000000018,2.1683814044051037,0.1,0.35,15.0,300.0,25.0,1,0.35,350.0
6.495808563619979,3.0312537322585587,182.01400000000018,2.0981280896040513,0.1,0.08,80.0,300.0,25.0,1,0.35,350.0
6.495903623869784,3.0285833751872895,182.01400000000018,2.1060292819499775,0.1,0.12,80.0,300.0,50.0,1,0.35,350.0
6.501396423104394,3.0375097981982098,182.01400000000018,2.096218928303375,0.1,0.22,40.0,300.0,12.5,1,0.55,700.0
6.502093416619142,2.9921065978357144,182.01400000000018,2.2279337679526425,0.2,0.22,80.0,300.0,12.5,1,0.35,350.0
6.502806398751248,3.0352610602261483,182.01400000000018,2.1066723957859916,0.1,0.35,40.0,300.0,12.5,1,0.55,700.0
6.504249342503631,3.032315600026483,182.01400000000018,2.119210692791845,0.1,0.12,40.0,300.0,50.0,1,0.35,350.0
6.504684333555282,2.999507630144162,182.01400000000018,2.214190581174621,0.1,0.12,15.0,600.0,25.0,1,0.35,700.0
6.505721360494062,3.021673186261058,182.01400000000018,2.1538233549514305,0.1,0.12,15.0,300.0,25.0,1,0.35,350.0
6.510243021543725,3.0320874082862126,182.01400000000018,2.136987466450027,0.1,0.08,40.0,600.0,50.0,1,0.35,700.0
6.512421032805786,3.003027237485641,182.01400000000018,2.226239415200408,0.2,0.08,40.0,600.0,25.0,1,0.35,700.0
6.51432116375679,3.0590835885092833,182.01400000000018,2.07150735785001,0.1,0.22,80.0,300.0,12.5,1,0.55,700.0
6.514479507140267,2.997413699475615,182.01400000000018,2.248159450470426,0.2,0.35,80.0,300.0,12.5,1,0.35,350.0
6.515348013527385,3.056429547305182,182.01400000000018,2.0820241892062845,0.1,0.35,80.0,300.0,12.5,1,0.55,700.0
6.516980409189428,3.0024403676807125,182.01400000000018,2.24094297573918,0.2,0.08,15.0,300.0,12.5,1,0.35,350.0
6.51785529067613,3.0502690925300686,182.01400000000018,2.1067891375601677,0.1,0.08,80.0,300.0,50.0,1,0.35,350.0
6.518398293433792,3.0147058666960893,182.01400000000018,2.209949790679145,0.2,0.12,80.0,300.0,12.5,1,0.35,350.0
6.519064325334072,3.0021472370191145,182.01400000000018,2.2477345380427267,0.2,0.22,40.0,300.0,25.0,1,0.35,350.0
6.519172354829681,3.0021891186469696,182.01400000000018,2.247923531950597,0.2,0.22,80.0,600.0,50.0,1,0.35,700.0
6.520936969361459,3.059666052455955,182.01400000000018,2.0887454768728633,0.1,0.12,40.0,300.0,12.5,1,0.55,700.0
6.525055940832194,3.0112201541986794,182.01400000000018,2.2389308189528934,0.2,0.22,80.0,300.0,25.0,1,0.35,350.0
6.525505028117815,3.0203851048803,182.01400000000018,2.214028352107177,0.1,0.08,15.0,600.0,25.0,1,0.35,700.0
6.525937821503652,3.0221675925086315,182.01400000000018,2.210172082842908,0.2,0.08,40.0,300.0,12.5,1,0.35,350.0
6.525987737730542,3.0221852390864834,182.01400000000018,2.2102642818401623,0.2,0.08,80.0,600.0,25.0,1,0.35,700.0
6.526030831369422,3.0403070018922476,182.01400000000018,2.158610941363348,0.1,0.22,15.0,300.0,50.0,1,0.35,350.0
6.526207289121344,3.0540169449906416,182.01400000000018,2.1199438403734288,0.1,0.08,40.0,300.0,50.0,1,0.35,350.0
6.527303471061827,3.038978463856988,182.01400000000018,2.166042877728103,0.1,0.35,15.0,300.0,50.0,1,0.35,350.0
6.527386873833092,3.043174037766273,182.01400000000018,2.154293817333761,0.1,0.08,15.0,300.0,25.0,1,0.35,350.0
6.531200593094218,3.0064742422383466,182.01400000000018,2.270046716731056,0.2,0.22,40.0,600.0,50.0,1,0.35,700.0
6.531616549587145,3.0076301239176524,182.01400000000018,2.267932644769971,0.2,0.35,40.0,300.0,25.0,1,0.35,350.0
6.531740004958197,3.0076784973311588,182.01400000000018,2.2681471646486724,0.2,0.35,80.0,600.0,50.0,1,0.35,700.0
6.5348565471742255,3.082026501537203,182.01400000000018,2.064628701820059,0.1,0.12,80.0,300.0,12.5,1,0.55,700.0
6.53519255604864,3.0246324100096085,182.01400000000018,2.229571845825798,0.2,0.12,40.0,300.0,25.0,1,0.35,350.0
6.535265912925323,3.0246597502137056,182.01400000000018,2.229703322033184,0.2,0.12,80.0,600.0,50.0,1,0.35,700.0
6.537375467799342,3.0164461755169643,182.01400000000018,2.2591979779496434,0.2,0.35,80.0,300.0,25.0,1,0.35,350.0
6.541306334643593,3.057981498421899,182.01400000000018,2.1517566749191186,0.1,0.12,15.0,300.0,50.0,1,0.35,350.0
6.54165078177991,3.0340865996084307,182.01400000000018,2.2210119490613596,0.2,0.12,80.0,300.0,25.0,1,0.35,350.0
6.5437923230400195,3.012071879390003,182.01400000000018,2.290029839000037,0.2,0.35,40.0,600.0,50.0,1,0.35,700.0
6.544320756502646,3.0146695988278522,182.01400000000018,2.2841175933565476,0.2,0.22,15.0,300.0,25.0,1,0.35,350.0
6.546745169906252,3.0297550363292403,182.01400000000018,2.2479432387914557,0.2,0.22,80.0,300.0,50.0,1,0.35,350.0
6.547277116148983,3.028948557668904,182.01400000000018,2.251767309943076,0.2,0.12,40.0,600.0,50.0,1,0.35,700.0
6.548635553496267,3.086562348086462,182.01400000000018,2.0910377297422906,0.1,0.08,40.0,300.0,12.5,1,0.55,700.0
6.550554984101552,3.090170678241233,182.01400000000018,2.086212302458046,0.1,0.22,80.0,300.0,25.0,1,0.55,700.0
6.551513085193962,3.087425949929997,182.01400000000018,2.0967918150398934,0.1,0.35,80.0,300.0,25.0,1,0.55,700.0
6.552072812951071,3.031395686637346,182.01400000000018,2.258477503753492,0.2,0.22,40.0,300.0,50.0,1,0.35,350.0
6.553452066118132,3.0498121750910743,182.01400000000018,2.2097996886487308,0.2,0.08,80.0,300.0,12.5,1,0.35,350.0
6.556749674479826,3.020177267352823,182.01400000000018,2.303892591791428,0.2,0.35,15.0,300.0,25.0,1,0.35,350.0
6.558922437410958,3.034840283034298,182.01400000000018,2.268206155361879,0.2,0.35,80.0,300.0,50.0,1,0.35,350.0
6.560751390870652,3.03744257301993,182.01400000000018,2.2659966224306274,0.2,0.12,15.0,300.0,25.0,1,0.35,350.0
6.56339404413744,3.1095528372091916,182.01400000000018,2.067517734080701,0.1,0.08,80.0,300.0,12.5,1,0.55,700.0
6.563737729199753,3.0529685514456464,182.01400000000018,2.2301690792974385,0.2,0.12,80.0,300.0,50.0,1,0.35,350.0
6.563741648939607,3.080081581849897,182.01400000000018,2.1527144773991664,0.1,0.08,15.0,300.0,50.0,1,0.35,350.0
6.564265624219031,3.0365321963968928,182.01400000000018,2.278638365206101,0.2,0.35,40.0,300.0,50.0,1,0.35,350.0
6.56848602244474,3.0603666978519555,182.01400000000018,2.222598070265092,0.1,0.22,15.0,600.0,50.0,1,0.35,700.0
6.569072023473209,3.054628989620458,182.01400000000018,2.240665811007854,0.2,0.12,40.0,300.0,50.0,1,0.35,350.0
6.569365829935234,3.097187683572223,182.01400000000018,2.119908989608594,0.1,0.22,40.0,300.0,25.0,1,0.55,700.0
6.569370364189908,3.0588157200497226,182.01400000000018,2.229556126114807,0.1,0.35,15.0,600.0,50.0,1,0.35,700.0
6.570192994944381,3.0597469689597783,182.01400000000018,2.229245788527429,0.2,0.08,40.0,300.0,25.0,1,0.35,350.0
6.570242044535321,3.0597642450027474,182.01400000000018,2.2293365700930594,0.2,0.08,80.0,600.0,50.0,1,0.35,700.0
6.570530167585761,3.094672702770038,182.01400000000018,2.1304213280449176,0.1,0.35,40.0,300.0,25.0,1,0.55,700.0
6.571460966539575,3.1134407583103387,182.01400000000018,2.079457737797811,0.1,0.12,80.0,300.0,25.0,1,0.55,700.0
6.577023683513121,3.0694625141466547,182.01400000000018,2.2210033410470404,0.2,0.08,80.0,300.0,25.0,1,0.35,350.0
6.577634917210072,3.0748117202727525,182.01400000000018,2.2074662769637627,0.1,0.22,15.0,300.0,12.5,1,0.55,700.0
6.579132343126884,3.04026012428129,182.01400000000018,2.310463482415975,0.2,0.08,15.0,600.0,25.0,1,0.35,700.0
6.579576538837348,3.0732446140297904,182.01400000000018,2.2174912137358733,0.1,0.35,15.0,300.0,12.5,1,0.55,700.0
6.580235233518323,3.05047419084777,182.01400000000018,2.2844315504872887,0.2,0.22,15.0,300.0,50.0,1,0.35,350.0
6.582244054032673,3.0640982448839025,182.01400000000018,2.2512451689964776,0.2,0.08,40.0,600.0,50.0,1,0.35,700.0
6.584319777998564,3.0785418855098245,182.01400000000018,2.215908264253533,0.1,0.12,15.0,600.0,50.0,1,0.35,700.0
6.584659236475478,3.12051998424423,182.01400000000018,2.096940720660701,0.1,0.22,80.0,300.0,50.0,1,0.55,700.0
6.58547609882097,3.1176269093214324,182.01400000000018,2.1075405414272423,0.1,0.35,80.0,300.0,50.0,1,0.55,700.0
6.589833179709535,3.120138371926305,182.01400000000018,2.112813736523506,0.1,0.12,40.0,300.0,25.0,1,0.55,700.0
6.591960650446249,3.055259869989197,182.01400000000018,2.3042593727344274,0.2,0.35,15.0,300.0,50.0,1,0.35,350.0
6.595788793512217,3.095880499193611,182.01400000000018,2.1991379837674394,0.1,0.12,15.0,300.0,12.5,1,0.55,700.0
6.5959940898735105,3.072832830810981,182.01400000000018,2.265575025892932,0.2,0.08,15.0,300.0,25.0,1,0.35,350.0
6.598356448444065,3.0746937660606783,182.01400000000018,2.267007663952526,0.2,0.12,15.0,300.0,50.0,1,0.35,350.0
6.599493127884219,3.0886546501023036,182.01400000000018,2.230367079376894,0.2,0.08,80.0,300.0,50.0,1,0.35,350.0
6.600405393916498,3.141300288763249,182.01400000000018,2.082557443294987,0.1,0.08,80.0,300.0,25.0,1,0.55,700.0
6.604760034677555,3.072552134330747,182.01400000000018,2.291422572419443,0.1,0.22,15.0,600.0,12.5,1,0.25,700.0
6.604850963323596,3.090360674427378,182.01400000000018,2.2408008254177583,0.2,0.08,40.0,300.0,50.0,1,0.35,350.0
6.606072463652428,3.1442149428738215,182.01400000000018,2.0904214879388667,0.1,0.12,80.0,300.0,50.0,1,0.55,700.0
6.606944046475781,3.0595428281515358,182.01400000000018,2.3348320523549795,0.2,0.22,15.0,600.0,50.0,1,0.35,700.0
6.606993303999777,3.100889972417263,182.01400000000018,2.216838090235746,0.1,0.08,15.0,600.0,50.0,1,0.35,700.0
6.607630455894835,3.0729220029716964,182.01400000000018,2.2985670083518177,0.1,0.35,15.0,600.0,12.5,1,0.25,700.0
6.6158831590248255,3.0865972342145995,182.01400000000018,2.2830740708863533,0.1,0.12,15.0,600.0,12.5,1,0.25,700.0
6.618199808850186,3.0641363028939925,182.01400000000018,2.353867159874829,0.2,0.35,15.0,600.0,50.0,1,0.35,700.0
6.618481379647067,3.1477931816151505,182.01400000000018,2.115651994376898,0.1,0.08,40.0,300.0,25.0,1,0.55,700.0
6.619390277599712,3.144111092805862,182.01400000000018,2.128769099410994,0.1,0.22,40.0,300.0,50.0,1,0.55,700.0
6.620189424227672,3.1412280968926556,182.01400000000018,2.1392895066714686,0.1,0.35,40.0,300.0,50.0,1,0.55,700.0
6.621020925637088,3.3686336916368864,156.01200000000014,2.6063063828577153,0.35,0.12,15.0,300.0,12.5,1,0.55,700.0
6.622344853889084,3.1219611354023087,182.01400000000018,2.2004963385336342,0.1,0.08,15.0,300.0,12.5,1,0.55,700.0
6.625894921329735,3.084532795469295,182.01400000000018,2.3175775024583896,0.2,0.12,15.0,600.0,50.0,1,0.35,700.0
6.628311957794595,3.145341997055915,182.01400000000018,2.15074274496765,0.1,0.22,40.0,100.0,12.5,1,0.35,150.0
6.629149941920199,3.1260738234246315,182.01400000000018,2.2081889099873258,0.1,0.22,40.0,600.0,12.5,1,0.25,700.0
6.629801877592761,3.143722428323662,182.01400000000018,2.1596269979117046,0.1,0.35,40.0,100.0,12.5,1,0.35,150.0
6.631664275285788,3.3631580101303773,156.01200000000014,2.6523607575868833,0.35,0.22,15.0,300.0,12.5,1,0.55,700.0
6.631964502948527,3.1261085413114627,182.01400000000018,2.216131318963036,0.1,0.35,40.0,600.0,12.5,1,0.25,700.0
6.632556348015811,3.1031673977834675,182.01400000000018,2.283368429235257,0.2,0.22,40.0,300.0,12.5,1,0.55,700.0
6.632689560083121,3.142364143383444,182.01400000000018,2.171758333427643,0.1,0.22,15.0,100.0,12.5,1,0.35,150.0
6.634240539825782,3.1408354982358393,182.01400000000018,2.180557261685544,0.1,0.35,15.0,100.0,12.5,1,0.35,150.0
6.6346215401907385,3.1057208943701675,182.01400000000018,2.281973273773052,0.1,0.08,15.0,600.0,12.5,1,0.25,700.0
6.635108002381564,3.111249044503703,182.01400000000018,2.2675684510795957,0.2,0.08,15.0,300.0,50.0,1,0.35,350.0
6.635524056889854,3.1724742554111924,182.01400000000018,2.09382800422474,0.1,0.08,80.0,300.0,50.0,1,0.55,700.0
6.636916952745622,3.1552706490264977,182.01400000000018,2.14696086776892,0.1,0.22,80.0,100.0,12.5,1,0.35,150.0
6.638337528004504,3.1535759788580733,182.01400000000018,2.1558615689897955,0.1,0.35,80.0,100.0,12.5,1,0.35,150.0
6.640985544236309,3.167993258783837,182.01400000000018,2.1222351012927714,0.1,0.12,40.0,300.0,50.0,1,0.55,700.0
6.6411502679841155,3.140949199983246,182.01400000000018,2.1999744800024774,0.1,0.12,40.0,600.0,12.5,1,0.25,700.0
6.641309635636766,3.0714067462451244,182.01400000000018,2.399122541118969,0.2,0.22,15.0,600.0,12.5,1,0.25,700.0
6.645178886883814,3.164679160055249,182.01400000000018,2.1436849337958908,0.1,0.12,40.0,100.0,12.5,1,0.35,150.0
6.646582126818122,3.1613191253310338,182.01400000000018,2.1572942899631014,0.1,0.22,40.0,100.0,25.0,1,0.35,150.0
6.646708221110646,3.1081939203675604,182.01400000000018,2.3094408592659503,0.2,0.35,40.0,300.0,12.5,1,0.55,700.0
6.6467565848305785,3.16365347750185,182.01400000000018,2.1511231637963584,0.1,0.22,80.0,100.0,25.0,1,0.35,150.0
6.64801754999776,3.1596417607286935,182.01400000000018,2.166187969340182,0.1,0.35,40.0,100.0,25.0,1,0.35,150.0
6.648162346817355,3.1619390098641484,182.01400000000018,2.160038105580584,0.1,0.35,80.0,100.0,25.0,1,0.35,150.0
6.649374844448839,3.1615707102986974,182.01400000000018,2.1645546690003954,0.1,0.12,15.0,100.0,12.5,1,0.35,150.0
6.651397534120411,3.088643425586439,182.01400000000018,2.3786974529541993,0.2,0.12,15.0,600.0,12.5,1,0.25,700.0
6.653978613376785,3.174761450546311,182.01400000000018,2.1400204652299193,0.1,0.12,80.0,100.0,12.5,1,0.35,150.0
6.654400231035309,3.131701826128311,182.01400000000018,2.2642525854485576,0.2,0.12,40.0,300.0,12.5,1,0.55,700.0
6.655930000583923,3.1716995866212527,182.01400000000018,2.154344039893335,0.1,0.22,80.0,100.0,50.0,1,0.35,150.0
6.656535081561374,3.079852468923581,182.01400000000018,2.418493178965116,0.2,0.35,15.0,600.0,12.5,1,0.25,700.0
6.657307723821198,3.1699555640570387,182.01400000000018,2.1632633136118766,0.1,0.35,80.0,100.0,50.0,1,0.35,150.0
6.660221772587637,3.173842416570411,182.01400000000018,2.1604838743349255,0.1,0.22,40.0,100.0,50.0,1,0.35,150.0
6.661209906976314,3.161063909113746,182.01400000000018,2.1998171367501858,0.1,0.08,40.0,600.0,12.5,1,0.25,700.0
6.661587908943072,3.172095958497207,182.01400000000018,2.1693770012738924,0.1,0.35,40.0,100.0,50.0,1,0.35,150.0
6.6619153445503585,3.1363563128591063,182.01400000000018,2.272425804832141,0.2,0.22,80.0,300.0,12.5,1,0.55,700.0
6.66264848324969,3.1705011431953527,182.01400000000018,2.176963828726671,0.1,0.22,15.0,100.0,25.0,1,0.35,150.0
6.663164030917157,3.1216454682502914,182.01400000000018,2.3180244647624666,0.2,0.08,15.0,600.0,50.0,1,0.35,700.0
6.6636418689241586,3.180821253321939,182.01400000000018,2.1503160445777634,0.1,0.12,40.0,100.0,25.0,1,0.35,150.0
6.663895825174986,3.1832139416382255,182.01400000000018,2.144205381533592,0.1,0.12,80.0,100.0,25.0,1,0.35,150.0
6.664017278409531,3.1687896959218707,182.01400000000018,2.18576452139331,0.1,0.35,15.0,100.0,25.0,1,0.35,150.0
6.66897883440292,3.1117469210294675,182.01400000000018,2.362919752495571,0.2,0.22,15.0,300.0,12.5,1,0.55,700.0
6.669872688370221,3.1887643685723677,182.01400000000018,2.1454237708510013,0.1,0.08,40.0,100.0,12.5,1,0.35,150.0
6.670707557398415,3.196478980988728,182.01400000000018,2.125767361170526,0.1,0.08,40.0,300.0,50.0,1,0.55,700.0
6.673167487103341,3.1913436456741677,182.01400000000018,2.147468118369058,0.1,0.12,80.0,100.0,50.0,1,0.35,150.0
6.673890483296114,3.185539044258644,182.01400000000018,2.166118397249907,0.1,0.08,15.0,100.0,12.5,1,0.35,150.0
6.67503364281419,3.140376249339318,182.01400000000018,2.298421124213914,0.2,0.35,80.0,300.0,12.5,1,0.55,700.0
6.675889217106143,3.1847787398053917,182.01400000000018,2.1740013637164215,0.1,0.22,15.0,100.0,50.0,1,0.35,150.0
6.677137406328425,3.1829392783195054,182.01400000000018,2.18282322288262,0.1,0.35,15.0,100.0,50.0,1,0.35,150.0
6.677486910986685,3.193515083744313,182.01400000000018,2.153605220692485,0.1,0.12,40.0,100.0,50.0,1,0.35,150.0
6.677553176722273,3.1313922454736938,182.01400000000018,2.331288374995934,0.2,0.22,40.0,600.0,12.5,1,0.25,700.0
6.678855061046396,3.198981505068934,182.01400000000018,2.1418958742213117,0.1,0.08,80.0,100.0,12.5,1,0.35,150.0
6.679155094083583,3.4333700413478723,156.01200000000014,2.58744300781631,0.35,0.12,40.0,300.0,12.5,1,0.55,700.0
6.679859656837556,3.19014559599087,182.01400000000018,2.1700116024190934,0.1,0.12,15.0,100.0,25.0,1,0.35,150.0
6.6815784447794595,3.1200591229595656,182.01400000000018,2.3751694909139744,0.2,0.08,15.0,600.0,12.5,1,0.25,700.0
6.683575265001148,3.4232887696014176,156.01200000000014,2.628875701142083,0.35,0.22,40.0,300.0,12.5,1,0.55,700.0
6.684744283472945,3.1185745501066657,182.01400000000018,2.388456381046507,0.2,0.35,15.0,300.0,12.5,1,0.55,700.0
6.685759132452921,3.1664317595923266,182.01400000000018,2.254621065315974,0.2,0.12,80.0,300.0,12.5,1,0.55,700.0
6.686124717276702,3.3981640514324756,156.01200000000014,2.707944759554929,0.35,0.35,15.0,300.0,12.5,1,0.55,700.0
6.687895034517047,3.1380575274893294,182.01400000000018,2.3417928772220447,0.2,0.12,15.0,300.0,12.5,1,0.55,700.0
6.688530533472572,3.2050623361084845,182.01400000000018,2.1521662781831,0.1,0.08,40.0,100.0,25.0,1,0.35,150.0
6.688857697066661,3.207504773784549,182.01400000000018,2.146122637948885,0.1,0.08,80.0,100.0,25.0,1,0.35,150.0
6.690028475626882,3.150864173540193,182.01400000000018,2.3112980059619623,0.2,0.12,40.0,600.0,12.5,1,0.25,700.0
6.6920151134982095,3.1385858615368636,182.01400000000018,2.3520550056038383,0.2,0.35,40.0,600.0,12.5,1,0.25,700.0
6.693449666800015,3.2047079898235213,182.01400000000018,2.1672333627899745,0.1,0.12,15.0,100.0,50.0,1,0.35,150.0
6.693468521958214,3.192323613617064,182.01400000000018,2.2026711666889933,0.1,0.22,80.0,600.0,12.5,1,0.25,700.0
6.696092646325865,3.192103765012815,182.01400000000018,2.2107968037515655,0.1,0.35,80.0,600.0,12.5,1,0.25,700.0
6.697270580510769,3.173572365420203,182.01400000000018,2.267109185973037,0.2,0.08,40.0,300.0,12.5,1,0.55,700.0
6.698922852575146,3.167690332133352,182.01400000000018,2.2886357726908333,0.2,0.22,80.0,300.0,25.0,1,0.55,700.0
6.701009873930317,3.190277146281585,182.01400000000018,2.2300649361392284,0.1,0.22,15.0,300.0,25.0,1,0.55,700.0
6.701319239920086,3.1627875682885214,182.01400000000018,2.309490490375892,0.2,0.22,40.0,300.0,25.0,1,0.55,700.0
6.701918016254733,3.1876501960844648,182.01400000000018,2.240165200486473,0.1,0.35,15.0,300.0,25.0,1,0.55,700.0
6.70487174662705,3.2144988419842018,182.01400000000018,2.171894013265273,0.1,0.08,15.0,100.0,25.0,1,0.35,150.0
6.706186250355668,3.2078123894449733,182.01400000000018,2.194753888316264,0.1,0.12,80.0,600.0,12.5,1,0.25,700.0
6.711888918304721,3.1715300703312033,182.01400000000018,2.3147109942100443,0.2,0.35,80.0,300.0,25.0,1,0.55,700.0
6.71368534857239,3.17023211678783,182.01400000000018,2.3235520908130214,0.2,0.22,15.0,100.0,12.5,1,0.35,150.0
6.714905099281013,3.167237052454966,182.01400000000018,2.3355944195029843,0.2,0.35,40.0,300.0,25.0,1,0.55,700.0
6.715662976800627,3.177541303483192,182.01400000000018,2.308319066621234,0.2,0.22,40.0,100.0,12.5,1,0.35,150.0
6.722260917453063,3.2139921869147954,182.01400000000018,2.2230249443950427,0.1,0.12,15.0,300.0,25.0,1,0.55,700.0
6.722885262578854,3.184280575363519,182.01400000000018,2.309699106329525,0.2,0.08,40.0,600.0,12.5,1,0.25,700.0
6.72344340789762,3.198352807126962,182.01400000000018,2.271087430773301,0.2,0.12,80.0,300.0,25.0,1,0.55,700.0
6.724929911685189,3.1928236873001947,182.01400000000018,2.2911320696714053,0.2,0.12,40.0,300.0,25.0,1,0.55,700.0
6.726235208509611,3.2084109432276255,182.01400000000018,2.2503264722342378,0.1,0.22,40.0,600.0,25.0,1,0.25,700.0
6.726354936433534,3.1750369269106034,182.01400000000018,2.346022884351223,0.2,0.35,15.0,100.0,12.5,1,0.35,150.0
6.726391330802968,3.188832897614147,182.01400000000018,2.3067098091109104,0.2,0.22,80.0,100.0,12.5,1,0.35,150.0
6.728066693373926,3.182046754544758,182.01400000000018,2.3308855395119035,0.2,0.35,40.0,100.0,12.5,1,0.35,150.0
6.728883044910428,3.208258207400833,182.01400000000018,2.2583281071702643,0.1,0.35,40.0,600.0,25.0,1,0.25,700.0
6.729154330428114,3.178999819460129,182.01400000000018,2.3426986027656604,0.2,0.08,15.0,300.0,12.5,1,0.55,700.0
6.729938793406922,3.2091975602799927,182.01400000000018,2.258660666076932,0.2,0.08,80.0,300.0,12.5,1,0.55,700.0
6.730622078229995,3.2056898817464727,182.01400000000018,2.27063484709577,0.1,0.22,15.0,300.0,12.5,1,0.25,350.0
6.733180632749939,3.453577079212751,156.01200000000014,2.684067295820529,0.35,0.35,40.0,300.0,12.5,1,0.55,700.0
6.733226710090597,3.2055496992355623,182.01400000000018,2.278477173871521,0.1,0.35,15.0,300.0,12.5,1,0.25,350.0
6.73348160540885,3.1963781584760746,182.01400000000018,2.305409848379351,0.2,0.12,15.0,100.0,12.5,1,0.35,150.0
6.734082399087214,3.1984797976196853,182.01400000000018,2.3011217184786457,0.2,0.22,80.0,300.0,50.0,1,0.55,700.0
6.734092445614184,3.1934805443020133,182.01400000000018,2.3154340037490533,0.2,0.22,40.0,100.0,25.0,1,0.35,150.0
6.735930832869235,3.2040342448563166,182.01400000000018,2.29053310860833,0.2,0.12,40.0,100.0,12.5,1,0.35,150.0
6.736325494354377,3.197207501050456,182.01400000000018,2.3111656951540533,0.2,0.22,80.0,100.0,25.0,1,0.35,150.0
6.738587490996078,3.1931327964312035,182.01400000000018,2.329270555899634,0.2,0.35,80.0,100.0,12.5,1,0.35,150.0
6.738890089245649,3.223877789733167,182.01400000000018,2.2422922843213673,0.1,0.12,40.0,600.0,25.0,1,0.25,700.0
6.74325369497659,3.2211304862477204,182.01400000000018,2.262609167796763,0.1,0.12,15.0,300.0,12.5,1,0.25,350.0
6.744293633687501,3.198480260283175,182.01400000000018,2.3302953525837804,0.2,0.22,15.0,100.0,25.0,1,0.35,150.0
6.745600106397827,3.2052493031027653,182.01400000000018,2.314688009414455,0.2,0.22,80.0,100.0,50.0,1,0.35,150.0
6.745880359261759,3.1995182081919693,182.01400000000018,2.33186328877082,0.2,0.22,80.0,600.0,12.5,1,0.25,700.0
6.7463592250770406,3.1978508531188186,182.01400000000018,2.337995348452055,0.2,0.35,40.0,100.0,25.0,1,0.35,150.0
6.746724720202141,3.201998290293673,182.01400000000018,2.3271897997384694,0.2,0.35,80.0,300.0,50.0,1,0.55,700.0
6.747091319794907,3.2156672828789863,182.01400000000018,2.2891829626169087,0.2,0.12,80.0,100.0,12.5,1,0.35,150.0
6.748015656105305,3.206065277018714,182.01400000000018,2.319258225961682,0.2,0.22,40.0,100.0,50.0,1,0.35,150.0
6.748484218498103,3.201464101305802,182.01400000000018,2.3337431919779945,0.2,0.35,80.0,100.0,25.0,1,0.35,150.0
6.749346141888393,3.497941040249031,156.01200000000014,2.603500290398169,0.35,0.12,80.0,300.0,12.5,1,0.55,700.0
6.750074082343022,3.4851066953260146,156.01200000000014,2.642249677191443,0.35,0.22,80.0,300.0,12.5,1,0.55,700.0
6.753296855714068,3.210522363537186,182.01400000000018,2.3216128347910856,0.2,0.22,40.0,300.0,50.0,1,0.55,700.0
6.754748443990297,3.2203031533017956,182.01400000000018,2.297815116252853,0.2,0.12,40.0,100.0,25.0,1,0.35,150.0
6.756516117674783,3.202851508692017,182.01400000000018,2.3527274542364687,0.2,0.35,15.0,100.0,25.0,1,0.35,150.0
6.757175380191585,3.224174326471179,182.01400000000018,2.2936887249154374,0.2,0.12,80.0,100.0,25.0,1,0.35,150.0
6.757688560374858,3.2094368364920793,182.01400000000018,2.337262068236503,0.2,0.35,80.0,100.0,50.0,1,0.35,150.0
6.75788043962887,3.4867062604452728,156.01200000000014,2.6599833690959898,0.35,0.22,40.0,300.0,25.0,1,0.55,700.0
6.758995357489261,3.2135457952017106,182.01400000000018,2.329255892250135,0.2,0.22,15.0,100.0,50.0,1,0.35,150.0
6.759569146529068,3.2299429314071233,182.01400000000018,2.2840463289198323,0.2,0.12,80.0,300.0,50.0,1,0.55,700.0
6.759640972247737,3.2059351671621625,182.01400000000018,2.3528451573873475,0.2,0.35,80.0,600.0,12.5,1,0.25,700.0
6.760056605200705,3.2204515230329083,182.01400000000018,2.312557377622267,0.2,0.12,80.0,600.0,12.5,1,0.25,700.0
6.760111435137457,3.2102717211175746,182.01400000000018,2.3417991829139417,0.2,0.35,40.0,100.0,50.0,1,0.35,150.0
6.763903396631422,3.241755465223005,182.01400000000018,2.2626798040240423,0.1,0.08,15.0,300.0,12.5,1,0.25,350.0
6.7651772424749295,3.2255326075622697,182.01400000000018,2.3126703854647346,0.2,0.12,15.0,100.0,25.0,1,0.35,150.0
6.766054572403898,3.214162086722644,182.01400000000018,2.3476642448035756,0.2,0.35,40.0,300.0,50.0,1,0.55,700.0
6.766647808769918,3.2323832392711997,182.01400000000018,2.2972987699963316,0.2,0.12,80.0,100.0,50.0,1,0.35,150.0
6.768343937015788,3.24169745453882,182.01400000000018,2.2755328070770457,0.2,0.08,80.0,300.0,25.0,1,0.55,700.0
6.769093977405594,3.2332383122298767,182.01400000000018,2.3018447576449,0.2,0.12,40.0,100.0,50.0,1,0.35,150.0
6.769522599076953,3.2360485705826743,182.01400000000018,2.2950400814122163,0.2,0.08,40.0,300.0,25.0,1,0.55,700.0
6.770906107796611,3.2176026827802042,182.01400000000018,2.3516955000468687,0.2,0.35,15.0,100.0,50.0,1,0.35,150.0
6.773172636653317,3.2354805810633214,182.01400000000018,2.307091587399982,0.2,0.08,15.0,100.0,12.5,1,0.35,150.0
6.773793768203339,3.212464239748222,182.01400000000018,2.374627224157468,0.2,0.22,40.0,600.0,25.0,1,0.25,700.0
6.775014024953607,3.2077965201811782,182.01400000000018,2.391450013635501,0.2,0.22,15.0,300.0,12.5,1,0.25,350.0
6.7759223153976835,3.2433104503291044,182.01400000000018,2.2925767573387894,0.2,0.08,40.0,100.0,12.5,1,0.35,150.0
6.779098124858645,3.242358704668466,182.01400000000018,2.304369771971933,0.2,0.12,40.0,300.0,50.0,1,0.55,700.0
6.780620418072068,3.2412022539346674,182.01400000000018,2.312023326106854,0.2,0.12,15.0,100.0,50.0,1,0.35,150.0
6.787418072024602,3.255183212109541,182.01400000000018,2.291499599757308,0.2,0.08,80.0,100.0,12.5,1,0.35,150.0
6.787630313818076,3.2331540862667953,182.01400000000018,2.35504636443222,0.2,0.12,40.0,600.0,25.0,1,0.25,700.0
6.787785923302613,3.219188031867154,182.01400000000018,2.3953939755298763,0.2,0.35,40.0,600.0,25.0,1,0.25,700.0
6.788700144096294,3.2283412858786,182.01400000000018,2.3718538806219778,0.2,0.12,15.0,300.0,12.5,1,0.25,350.0
6.789021864356592,3.214636312960364,182.01400000000018,2.4119301468463554,0.2,0.35,15.0,300.0,12.5,1,0.25,350.0
6.789680405737821,3.223643955022003,182.01400000000018,2.3880755734737593,0.2,0.22,15.0,300.0,25.0,1,0.55,700.0
6.7904526542713395,3.5187993206494634,156.01200000000014,2.6613523817767826,0.35,0.22,80.0,300.0,25.0,1,0.55,700.0
6.794535614020258,3.2550961099674907,182.01400000000018,2.312084297293614,0.2,0.08,80.0,600.0,12.5,1,0.25,700.0
6.795106897282718,3.259869718639394,182.01400000000018,2.300077653266632,0.2,0.08,40.0,100.0,25.0,1,0.35,150.0
6.796128684725065,3.2413107410994884,182.01400000000018,2.3560226960730684,0.2,0.22,40.0,300.0,12.5,1,0.25,350.0
6.796214009252554,3.241343128134621,182.01400000000018,2.35617394605123,0.2,0.22,80.0,600.0,25.0,1,0.25,700.0
6.797069353341642,3.5130571860760678,156.01200000000014,2.696663335044491,0.35,0.35,80.0,300.0,12.5,1,0.55,700.0
6.7976599562218745,3.263819215409094,182.01400000000018,2.296087830893652,0.2,0.08,80.0,100.0,25.0,1,0.35,150.0
6.79833319832477,3.21714924829697,182.01400000000018,2.431354142936565,0.35,0.08,80.0,300.0,12.5,1,0.35,350.0
6.802121140654478,3.244741878753911,182.01400000000018,2.3633407482873294,0.1,0.22,15.0,600.0,25.0,1,0.25,700.0
6.803167643432939,3.228164503681169,182.01400000000018,2.4136946850050514,0.2,0.35,15.0,300.0,25.0,1,0.55,700.0
6.804158045842935,3.2442800892246098,182.01400000000018,2.370479876052349,0.1,0.35,15.0,600.0,25.0,1,0.25,700.0
6.805379417062573,3.273990792186262,182.01400000000018,2.2890817853608842,0.2,0.08,80.0,300.0,50.0,1,0.55,700.0
6.80581570881012,3.2653622637183863,182.01400000000018,2.3149812716906615,0.2,0.08,15.0,100.0,25.0,1,0.35,150.0
6.806420719495234,3.51597768487656,156.01200000000014,2.7150372417676336,0.35,0.35,40.0,300.0,25.0,1,0.55,700.0
6.807318254333898,3.272174609590587,182.01400000000018,2.299810413552309,0.2,0.08,80.0,100.0,50.0,1,0.35,150.0
6.807901777870757,3.2171818818202773,182.01400000000018,2.458599703001362,0.35,0.08,40.0,600.0,50.0,1,0.35,700.0
6.808366065671408,3.2220943823653263,182.01400000000018,2.4458905237316553,0.35,0.08,40.0,300.0,25.0,1,0.35,350.0
6.808474619978842,3.2221371194871034,182.01400000000018,2.4460785728335313,0.35,0.08,80.0,600.0,50.0,1,0.35,700.0
6.8097707020464515,3.247583887971154,182.01400000000018,2.377076611643701,0.2,0.35,40.0,300.0,12.5,1,0.25,350.0
6.809823010371556,3.273090004015678,182.01400000000018,2.3043514467310713,0.2,0.08,40.0,100.0,50.0,1,0.35,150.0
6.809868498296518,3.2476214322825756,182.01400000000018,2.377248760039828,0.2,0.35,80.0,600.0,25.0,1,0.25,700.0
6.810854789706948,3.2627419724992146,182.01400000000018,2.3368651920220898,0.2,0.12,40.0,300.0,12.5,1,0.25,350.0
6.810912532869365,3.2627629832027076,182.01400000000018,2.3369701419047257,0.2,0.12,80.0,600.0,25.0,1,0.25,700.0
6.814426606523701,3.220536222458862,182.01400000000018,2.467658240185247,0.35,0.08,15.0,300.0,25.0,1,0.35,350.0
6.814647901305067,3.255139093637821,182.01400000000018,2.3694251647635527,0.2,0.12,15.0,300.0,25.0,1,0.55,700.0
6.815504624819376,3.2608106376941457,182.01400000000018,2.355668534643504,0.1,0.12,15.0,600.0,25.0,1,0.25,700.0
6.818119835372315,3.540416748648168,156.01200000000014,2.678637390640415,0.35,0.22,40.0,300.0,50.0,1,0.55,700.0
6.821855261646838,3.2677011027904577,182.01400000000018,2.3541261681610766,0.2,0.08,40.0,600.0,25.0,1,0.25,700.0
6.821892200616205,3.281502415629268,182.01400000000018,2.314799385676953,0.2,0.08,15.0,100.0,50.0,1,0.35,150.0
6.822693851025409,3.26273947155913,182.01400000000018,2.370698227046506,0.2,0.08,15.0,300.0,12.5,1,0.25,350.0
6.823028924181309,3.2375082393418277,182.01400000000018,2.4437448138270814,0.35,0.08,80.0,300.0,25.0,1,0.35,350.0
6.82563938699947,3.2870623054934733,182.01400000000018,2.3096202328742663,0.2,0.08,40.0,300.0,50.0,1,0.55,700.0
6.8298506206295935,3.552619973201811,156.01200000000014,2.677287564079374,0.35,0.22,80.0,300.0,50.0,1,0.55,700.0
6.83144313900879,3.2769179110440843,182.01400000000018,2.3551863656134384,0.2,0.22,80.0,300.0,12.5,1,0.25,350.0
6.8335232442240015,3.2382140424198775,182.01400000000018,2.4717120051546337,0.2,0.22,15.0,600.0,25.0,1,0.25,700.0
6.834068981247297,3.2744581902548116,182.01400000000018,2.3697165456928087,0.2,0.22,15.0,300.0,50.0,1,0.55,700.0
6.836383396374653,3.2816864213475117,182.01400000000018,2.355677071506111,0.1,0.08,15.0,600.0,25.0,1,0.25,700.0
6.837183720718059,3.546471257294246,156.01200000000014,2.7158070383537467,0.35,0.35,80.0,300.0,25.0,1,0.55,700.0
6.844715787638031,3.282791599674026,182.01400000000018,2.3763262513257217,0.2,0.35,80.0,300.0,12.5,1,0.25,350.0
6.844976203619227,3.224831862989103,182.01400000000018,2.5426695446574903,0.35,0.08,15.0,600.0,12.5,1,0.25,700.0
6.845666180085332,3.277026998261786,182.01400000000018,2.3955119480672664,0.2,0.35,15.0,300.0,50.0,1,0.55,700.0
6.845676298567514,3.2544591133595495,182.01400000000018,2.4600205291656048,0.35,0.08,40.0,300.0,50.0,1,0.35,350.0
6.846168191353713,3.284026631111958,182.01400000000018,2.3769473149764333,0.2,0.22,40.0,300.0,25.0,1,0.25,350.0
6.846254968721528,3.28405951247428,182.01400000000018,2.3771013035635593,0.2,0.22,80.0,600.0,50.0,1,0.25,700.0
6.846658089756709,3.244643242938819,182.01400000000018,2.490870990908252,0.2,0.35,15.0,600.0,25.0,1,0.25,700.0
6.846769466803314,3.2575187290175034,182.01400000000018,2.4544021079594502,0.35,0.08,80.0,300.0,50.0,1,0.35,350.0
6.848406616917961,3.2597543308472114,182.01400000000018,2.452692245916421,0.2,0.12,15.0,600.0,25.0,1,0.25,700.0
6.854075076142582,3.2830889374787056,182.01400000000018,2.4022175390396368,0.2,0.22,40.0,600.0,50.0,1,0.25,700.0
6.8557279101779205,3.2497801717468295,182.01400000000018,2.502107824088822,0.35,0.08,15.0,600.0,50.0,1,0.35,700.0
6.859544266394741,3.290034125067979,182.01400000000018,2.39800040379074,0.2,0.35,40.0,300.0,25.0,1,0.25,350.0
6.859644125362227,3.2900723830295537,182.01400000000018,2.3981764066647715,0.2,0.35,80.0,600.0,50.0,1,0.25,700.0
6.8609080905974595,3.2640313055795738,182.01400000000018,2.4761908143368094,0.35,0.08,15.0,300.0,50.0,1,0.35,350.0
6.861393433928267,3.300346061351446,182.01400000000018,2.3738210645051954,0.2,0.08,15.0,300.0,25.0,1,0.55,700.0
6.864210382936415,3.310140606815854,182.01400000000018,2.353885074630167,0.2,0.12,15.0,300.0,50.0,1,0.55,700.0
6.865065744440691,3.5681913150868954,156.01200000000014,2.733412655296553,0.35,0.35,40.0,300.0,50.0,1,0.55,700.0
6.866729478437461,3.28996287922457,182.01400000000018,2.4187331406082513,0.2,0.22,15.0,300.0,25.0,1,0.25,350.0
6.867362646620958,3.2891291291489986,182.01400000000018,2.422924335634161,0.2,0.35,40.0,600.0,50.0,1,0.25,700.0
6.875964904065156,3.579718259383456,156.01200000000014,2.7316189848048524,0.35,0.35,80.0,300.0,50.0,1,0.55,700.0
6.87977209703263,3.2958593444667126,182.01400000000018,2.4391507216168997,0.2,0.35,15.0,300.0,25.0,1,0.25,350.0
6.882835514664037,3.294651447478962,182.01400000000018,2.4513544776716345,0.2,0.08,15.0,600.0,25.0,1,0.25,700.0
6.883718228372113,3.2739407907425107,182.01400000000018,2.5130498217988575,0.35,0.12,40.0,600.0,12.5,1,0.25,700.0
6.891632798592716,3.266945449919855,182.01400000000018,2.55564956763674,0.35,0.22,40.0,600.0,12.5,1,0.25,700.0
6.898529671802954,3.32753352595439,182.01400000000018,2.4022461309958874,0.2,0.22,40.0,300.0,12.5,1,0.35,700.0
6.9078675487611445,3.3091069509159046,182.01400000000018,2.4815731367006784,0.2,0.22,15.0,300.0,12.5,1,0.35,700.0
6.912616477084763,3.3323981342096434,182.01400000000018,2.4285952653574774,0.2,0.35,40.0,300.0,12.5,1,0.35,700.0
6.921288904306749,3.3135116314275717,182.01400000000018,2.5073350653690705,0.35,0.08,40.0,600.0,12.5,1,0.25,700.0
6.923264445094015,3.315578635097523,182.01400000000018,2.5070737428471106,0.2,0.35,15.0,300.0,12.5,1,0.35,700.0
6.927688416787777,3.336339864048987,182.01400000000018,2.460395864967962,0.2,0.12,15.0,300.0,12.5,1,0.35,700.0
6.937876820603257,3.2968351772462485,182.01400000000018,2.60237612387716,0.35,0.35,40.0,600.0,12.5,1,0.25,700.0
6.9664506697981405,3.3521002689496386,182.01400000000018,2.526115430995713,0.35,0.12,80.0,600.0,12.5,1,0.25,700.0
6.970759306243762,3.3420126318826138,182.01400000000018,2.567247641031845,0.35,0.22,80.0,600.0,12.5,1,0.25,700.0
6.976397580639717,3.346635224818253,182.01400000000018,2.5701495880613208,0.35,0.12,15.0,300.0,12.5,1,0.25,350.0
6.9824728250871555,3.338029981409452,182.01400000000018,2.612093839079143,0.35,0.22,15.0,300.0,12.5,1,0.25,350.0
6.982819969680503,3.3567521886707943,182.01400000000018,2.5595936600277316,0.35,0.12,40.0,600.0,25.0,1,0.25,700.0
6.988327493452341,3.34763322193429,182.01400000000018,2.601383632908709,0.35,0.22,40.0,600.0,25.0,1,0.25,700.0
7.006785972476927,3.393743105999523,182.01400000000018,2.5223796185068608,0.35,0.08,80.0,600.0,12.5,1,0.25,700.0
7.008495570079262,3.3580228815589455,182.01400000000018,2.629321967200898,0.35,0.12,15.0,600.0,25.0,1,0.25,700.0
7.013527956007287,3.348547743947825,182.01400000000018,2.6707720344555996,0.35,0.22,15.0,600.0,25.0,1,0.25,700.0
7.014980975773472,3.369902865225764,182.01400000000018,2.61390888727916,0.35,0.35,80.0,600.0,12.5,1,0.25,700.0
7.0157880387758835,3.3877743139140306,182.01400000000018,2.565153499605287,0.35,0.08,15.0,300.0,12.5,1,0.25,350.0
7.018384398951081,3.394952489919017,182.01400000000018,2.5520625972344626,0.35,0.12,40.0,300.0,12.5,1,0.25,350.0
7.018508235159533,3.395001759889333,182.01400000000018,2.5522756436291365,0.35,0.12,80.0,600.0,25.0,1,0.25,700.0
7.021783343587456,3.3840666961344636,182.01400000000018,2.5928761355799725,0.35,0.22,40.0,300.0,12.5,1,0.25,350.0
7.021962085716947,3.38413951641926,182.01400000000018,2.593178769421955,0.35,0.22,80.0,600.0,25.0,1,0.25,700.0
7.022619092471806,3.3981454580423542,182.01400000000018,2.5550389555127113,0.35,0.08,40.0,600.0,25.0,1,0.25,700.0
7.022944015111616,3.39549757622283,182.01400000000018,2.563532682539378,0.35,0.12,15.0,100.0,12.5,1,0.35,150.0
7.02305884777724,3.3818320489731497,182.01400000000018,2.6029051394402503,0.35,0.22,15.0,100.0,12.5,1,0.35,150.0
7.027981140202431,3.367394844836012,182.01400000000018,2.6582179867611875,0.35,0.35,15.0,300.0,12.5,1,0.25,350.0
7.033496986635583,3.3765353189324556,182.01400000000018,2.647861907723214,0.35,0.35,40.0,600.0,25.0,1,0.25,700.0
7.038298714200128,3.4647298296039213,182.01400000000018,2.409596813132012,0.2,0.22,40.0,100.0,12.5,1,0.55,350.0
7.038942577923957,3.3995030252945386,182.01400000000018,2.597798721798331,0.35,0.22,40.0,100.0,12.5,1,0.35,150.0
7.039995752549897,3.4140435917562293,182.01400000000018,2.559263316553327,0.35,0.12,40.0,100.0,12.5,1,0.35,150.0
7.048541455467235,3.3999951645813202,182.01400000000018,2.6238179739597474,0.35,0.08,15.0,600.0,25.0,1,0.25,700.0
7.050612122583488,3.4669396765606453,182.01400000000018,2.438464131493829,0.2,0.35,40.0,100.0,12.5,1,0.55,350.0
7.051520232063799,3.4099637213872986,182.01400000000018,2.6038471733614243,0.35,0.08,15.0,300.0,12.5,1,0.55,700.0
7.054708932952351,3.414471997336004,182.01400000000018,2.6000769589038413,0.35,0.22,80.0,100.0,12.5,1,0.35,150.0
7.056624580381128,3.429690771047191,182.01400000000018,2.5620680266683844,0.35,0.12,80.0,100.0,12.5,1,0.35,150.0
7.056722575509122,3.4120775981571874,182.01400000000018,2.6126713638626615,0.35,0.22,15.0,100.0,25.0,1,0.35,150.0
7.058400005353377,3.4160817373537062,182.01400000000018,2.606023622856197,0.35,0.22,40.0,100.0,25.0,1,0.35,150.0
7.058477147192948,3.377995285642945,182.01400000000018,2.7150624615714323,0.35,0.35,15.0,600.0,25.0,1,0.25,700.0
7.058522348042077,3.427329324685259,182.01400000000018,2.574237209590902,0.35,0.12,15.0,100.0,25.0,1,0.35,150.0
7.059690897190324,3.437388589503563,182.01400000000018,2.5488351648193075,0.35,0.08,40.0,300.0,12.5,1,0.25,350.0
7.059777922958294,3.437422315523461,182.01400000000018,2.5489874498138025,0.35,0.08,80.0,600.0,25.0,1,0.25,700.0
7.060106735359726,3.4311685348975773,182.01400000000018,2.567794858463276,0.35,0.12,40.0,100.0,25.0,1,0.35,150.0
7.061856225929125,3.436237733691281,182.01400000000018,2.5583099778224048,0.35,0.12,80.0,300.0,12.5,1,0.25,350.0
7.063394673478375,3.4238009061717993,182.01400000000018,2.598239335161638,0.35,0.22,80.0,300.0,12.5,1,0.25,350.0
7.065167272279603,3.423175777780091,182.01400000000018,2.6050899842843123,0.35,0.22,80.0,100.0,25.0,1,0.35,150.0
7.065729100296993,3.411679818137502,182.01400000000018,2.639540806169966,0.35,0.35,40.0,300.0,12.5,1,0.25,350.0
7.065934873921028,3.411764351169773,182.01400000000018,2.6398872078607245,0.35,0.35,80.0,600.0,25.0,1,0.25,700.0
7.066964170061738,3.439628054443933,182.01400000000018,2.5632174731937205,0.35,0.08,15.0,100.0,12.5,1,0.35,150.0
7.066971838777483,3.4298680422059067,182.01400000000018,2.5911251330616376,0.35,0.12,40.0,600.0,50.0,1,0.25,700.0
7.067311256388953,3.4088997195461963,182.01400000000018,2.6520043909792976,0.35,0.35,15.0,100.0,12.5,1,0.35,150.0
7.067319183059684,3.4385972229412696,182.01400000000018,2.567177028909751,0.35,0.12,80.0,100.0,25.0,1,0.35,150.0
7.0692974245564955,3.417996560558205,182.01400000000018,2.63168818285225,0.35,0.22,40.0,600.0,50.0,1,0.25,700.0
7.070040236882418,3.487246174618396,182.01400000000018,2.4359544636114854,0.2,0.35,80.0,100.0,12.5,1,0.55,350.0
7.070444840670806,3.4389479231375697,182.01400000000018,2.5751054786663827,0.35,0.12,40.0,300.0,25.0,1,0.25,350.0
7.070571618091105,3.438998235920203,182.01400000000018,2.575323949059712,0.35,0.12,80.0,600.0,50.0,1,0.25,700.0
7.072485510770565,3.426889018934556,182.01400000000018,2.615389976674302,0.35,0.22,40.0,300.0,25.0,1,0.25,350.0
7.0726701695457965,3.4269640217254227,182.01400000000018,2.6157032794867736,0.35,0.22,80.0,600.0,50.0,1,0.25,700.0
7.073124412099428,3.4320630128142495,182.01400000000018,2.6024325693862185,0.35,0.12,15.0,300.0,25.0,1,0.25,350.0
7.073582137337278,3.4294909761641317,182.01400000000018,2.6110890319232656,0.35,0.22,40.0,100.0,50.0,1,0.35,150.0
7.074902054575276,3.419730339697658,182.01400000000018,2.6427477567931845,0.35,0.22,15.0,300.0,25.0,1,0.25,350.0
7.075004657941563,3.4315735514877335,182.01400000000018,2.6092031612966484,0.35,0.22,80.0,100.0,50.0,1,0.35,150.0
7.075626172868864,3.430108517326495,182.01400000000018,2.6151647301210446,0.35,0.22,15.0,100.0,50.0,1,0.35,150.0
7.076025853000263,3.445184404544642,182.01400000000018,2.5732327098731957,0.35,0.12,40.0,100.0,50.0,1,0.35,150.0
7.077490046878145,3.4472722061526575,182.01400000000018,2.5714509735013853,0.35,0.12,80.0,100.0,50.0,1,0.35,150.0
7.078795111753588,3.4464658453260073,182.01400000000018,2.5774836183645093,0.35,0.12,15.0,100.0,50.0,1,0.35,150.0
7.082293357860248,3.4257044718364114,182.01400000000018,2.646796817210954,0.35,0.35,40.0,100.0,12.5,1,0.35,150.0
7.084427070527417,3.4583502910426276,182.01400000000018,2.5596193699565313,0.35,0.08,40.0,100.0,12.5,1,0.35,150.0
7.088258164370535,3.215713226933682,208.0160000000002,2.1494426783910003,0.1,0.08,80.0,100.0,50.0,1,0.35,150.0
7.089248383511411,3.458954891379641,182.01400000000018,2.5716671203764765,0.35,0.12,80.0,300.0,25.0,1,0.25,350.0
7.090299676037851,3.4460846591505185,182.01400000000018,2.611442905392372,0.35,0.22,80.0,300.0,25.0,1,0.25,350.0
7.09260075470659,3.2179079097027197,208.0160000000002,2.155579557153907,0.1,0.08,40.0,100.0,50.0,1,0.35,150.0
7.0975169372133005,3.4401754096998345,182.01400000000018,2.648947221467039,0.35,0.35,80.0,100.0,12.5,1,0.35,150.0
7.100030275821174,3.43826309507334,182.01400000000018,2.6615919449938032,0.35,0.35,15.0,100.0,25.0,1,0.35,150.0
7.101462705855366,3.442016960710767,182.01400000000018,2.6549592718417023,0.35,0.35,40.0,100.0,25.0,1,0.35,150.0
7.101562359933316,3.474337128469215,182.01400000000018,2.562900661325998,0.35,0.08,80.0,100.0,12.5,1,0.35,150.0
7.104033755592081,3.472577235575054,182.01400000000018,2.574990057191495,0.35,0.08,15.0,100.0,25.0,1,0.35,150.0
7.104544299338338,3.479681835876411,182.01400000000018,2.5561498956054973,0.35,0.08,80.0,300.0,12.5,1,0.25,350.0
7.1051024354419265,3.4759107756092495,182.01400000000018,2.568519028093356,0.35,0.08,40.0,100.0,25.0,1,0.35,150.0
7.106287809472821,3.4503894768992485,182.01400000000018,2.6448238073530557,0.35,0.35,80.0,300.0,12.5,1,0.25,350.0
7.107898459864511,3.4488010740580575,182.01400000000018,2.6539639594470037,0.35,0.35,80.0,100.0,25.0,1,0.35,150.0
7.108825113761382,3.229313461956076,208.0160000000002,2.169347576586579,0.1,0.08,15.0,100.0,50.0,1,0.35,150.0
7.109435316659738,3.473366943073386,182.01400000000018,2.5881667816752856,0.35,0.08,40.0,600.0,50.0,1,0.25,700.0
7.111177800731035,3.474934697388719,182.01400000000018,2.5886660095494674,0.35,0.08,40.0,300.0,12.5,1,0.55,700.0
7.112491624559736,3.48342956969542,182.01400000000018,2.568148728183753,0.35,0.08,80.0,100.0,25.0,1,0.35,150.0
7.112911624692177,3.4454510072240523,182.01400000000018,2.6778589070517764,0.35,0.35,40.0,600.0,50.0,1,0.25,700.0
7.112981651767894,3.4823679462652066,182.01400000000018,2.5725820157219568,0.35,0.08,40.0,300.0,25.0,1,0.25,350.0
7.113069723352629,3.48240200322859,182.01400000000018,2.5727363432115316,0.35,0.08,80.0,600.0,50.0,1,0.25,700.0
7.113133986653642,3.476325986605325,182.01400000000018,2.5902800001380397,0.35,0.12,40.0,300.0,50.0,1,0.25,350.0
7.113557027138514,3.462892853968318,182.01400000000018,2.6298690662005533,0.35,0.22,40.0,300.0,50.0,1,0.25,350.0
7.115681527080684,3.4456682189458223,182.01400000000018,2.6851523089567406,0.35,0.22,15.0,600.0,50.0,1,0.25,700.0
7.1158289552606515,3.453944509905868,182.01400000000018,2.661926986727946,0.35,0.35,40.0,300.0,25.0,1,0.25,350.0
7.115952083125583,3.4816410593719866,182.01400000000018,2.5831457821531245,0.35,0.12,80.0,300.0,50.0,1,0.25,350.0
7.116041981402139,3.4540317331652637,182.01400000000018,2.6622864235339225,0.35,0.35,80.0,600.0,50.0,1,0.25,700.0
7.1160665111476,3.475996463327758,182.01400000000018,2.5996001366281134,0.35,0.08,15.0,300.0,25.0,1,0.25,350.0
7.1162834667205335,3.455094028915959,182.01400000000018,2.6599412508702067,0.35,0.35,40.0,100.0,50.0,1,0.35,150.0
7.116287043342611,3.468158965497584,182.01400000000018,2.6226230795572154,0.35,0.22,80.0,300.0,50.0,1,0.25,350.0
7.11709021574949,3.2285452967301875,208.0160000000002,2.1951569114837164,0.1,0.08,80.0,600.0,12.5,1,0.25,700.0
7.117588005731812,3.4570626226304584,182.01400000000018,2.6580439517181462,0.35,0.35,80.0,100.0,50.0,1,0.35,150.0
7.118223033475392,3.455616341085656,182.01400000000018,2.663990549684951,0.35,0.35,15.0,100.0,50.0,1,0.35,150.0
7.118299407705116,3.447102631954655,182.01400000000018,2.688533645001308,0.35,0.35,15.0,300.0,25.0,1,0.25,350.0
7.118331052469118,3.4618827073890244,182.01400000000018,2.6463952716574037,0.35,0.12,15.0,600.0,50.0,1,0.25,700.0
7.121600110326076,3.4903609567307754,182.01400000000018,2.574369010272278,0.35,0.08,40.0,100.0,50.0,1,0.35,150.0
7.122947918650665,3.4923237867346684,182.01400000000018,2.5726118054742706,0.35,0.08,80.0,100.0,50.0,1,0.35,150.0
7.125300552583398,3.492424242952147,182.01400000000018,2.579046598946423,0.35,0.08,15.0,100.0,50.0,1,0.35,150.0
7.127030420166857,3.4693589696128275,182.01400000000018,2.6498898587257917,0.35,0.22,15.0,300.0,50.0,1,0.25,350.0
7.128500081130576,3.4844553271759713,182.01400000000018,2.6109564398702916,0.35,0.12,15.0,300.0,50.0,1,0.25,350.0
7.131966665570572,3.2398633164129103,208.0160000000002,2.2053238547361715,0.1,0.22,15.0,300.0,50.0,1,0.55,700.0
7.132023731526088,3.2363447344305905,208.0160000000002,2.215539991701415,0.1,0.35,15.0,300.0,50.0,1,0.55,700.0
7.13304157583696,3.4725147082046424,182.01400000000018,2.6580481932351847,0.35,0.35,80.0,300.0,25.0,1,0.25,350.0
7.133914609343908,3.2345561531944576,208.0160000000002,2.226052731855565,0.1,0.22,40.0,300.0,12.5,1,0.25,350.0
7.133941584741666,3.2345644002711524,208.0160000000002,2.226106241344318,0.1,0.22,80.0,600.0,25.0,1,0.25,700.0
7.136499785753929,3.2342745404964988,208.0160000000002,2.2342435578783673,0.1,0.35,40.0,300.0,12.5,1,0.25,350.0
7.136531621301691,3.234284684246374,208.0160000000002,2.2343055344437546,0.1,0.35,80.0,600.0,25.0,1,0.25,700.0
7.141792761860483,3.242387186193208,208.0160000000002,2.2261873590493506,0.1,0.08,15.0,300.0,25.0,1,0.55,700.0
7.146184697101444,3.499023620992087,182.01400000000018,2.6198602174552983,0.35,0.12,40.0,300.0,25.0,1,0.55,700.0
7.146908967503008,3.250300837210648,208.0160000000002,2.2181946579781635,0.1,0.12,40.0,300.0,12.5,1,0.25,350.0
7.146923904724028,3.2503043447000852,208.0160000000002,2.2182273143541154,0.1,0.12,80.0,600.0,25.0,1,0.25,700.0
7.147285277710825,3.4922015127227426,182.01400000000018,2.6424964713945145,0.35,0.12,15.0,300.0,25.0,1,0.55,700.0
7.148296432048131,3.478521068659481,182.01400000000018,2.6844724668247055,0.35,0.22,15.0,300.0,25.0,1,0.55,700.0
7.149684366171527,3.244577593961379,208.0160000000002,2.242476492028984,0.1,0.08,40.0,600.0,25.0,1,0.25,700.0
7.155839543539491,3.265710855389737,208.0160000000002,2.1996819661421463,0.1,0.12,15.0,300.0,50.0,1,0.55,700.0
7.156112308311582,3.489217722257977,182.01400000000018,2.676241674438864,0.35,0.35,40.0,300.0,50.0,1,0.25,350.0
7.157078609412085,3.4715470797892825,182.01400000000018,2.72949008463657,0.35,0.35,15.0,600.0,50.0,1,0.25,700.0
7.158711124660201,3.4942946535536636,182.01400000000018,2.6691613460186705,0.35,0.35,80.0,300.0,50.0,1,0.25,350.0
7.164936856253483,3.508965360003717,182.01400000000018,2.6450328464278963,0.35,0.08,15.0,600.0,50.0,1,0.25,700.0
7.166778009456317,3.268915728225196,208.0160000000002,2.221777946374628,0.1,0.22,80.0,300.0,12.5,1,0.25,350.0
7.168107749808344,3.2713076488613284,208.0160000000002,2.218743145562895,0.1,0.08,40.0,300.0,12.5,1,0.25,350.0
7.168113926714111,3.271307728474428,208.0160000000002,2.218760566399087,0.1,0.08,80.0,600.0,25.0,1,0.25,700.0
7.168874078025153,3.4951883720071106,182.01400000000018,2.695644874337256,0.35,0.35,15.0,300.0,50.0,1,0.25,350.0
7.169259615629527,3.268501774220086,208.0160000000002,2.2300509754555384,0.1,0.35,80.0,300.0,12.5,1,0.25,350.0
7.17185258207315,3.2756668947015064,208.0160000000002,2.2169876782046862,0.1,0.22,40.0,300.0,12.5,1,0.35,700.0
7.173613925267846,3.273671599277081,208.0160000000002,2.227720931402178,0.1,0.35,40.0,300.0,12.5,1,0.35,700.0
7.180144540500085,3.284966595730903,208.0160000000002,2.2141084136262257,0.1,0.12,80.0,300.0,12.5,1,0.25,350.0
7.180711169889717,3.532429814559118,182.01400000000018,2.6230610152302747,0.35,0.12,80.0,300.0,25.0,1,0.55,700.0
7.1828809928404755,3.5402978473504136,182.01400000000018,2.606780415685884,0.35,0.08,80.0,300.0,12.5,1,0.55,700.0
7.184216709268142,3.277814528994591,208.0160000000002,2.2461776579244246,0.1,0.22,40.0,300.0,25.0,1,0.25,350.0
7.184242528817338,3.277822347523408,208.0160000000002,2.2462290894112202,0.1,0.22,80.0,600.0,50.0,1,0.25,700.0
7.186704852736311,3.277425753967276,208.0160000000002,2.254397425054376,0.1,0.35,40.0,300.0,25.0,1,0.25,350.0
7.186735770974774,3.277435550360615,208.0160000000002,2.2544577731833066,0.1,0.35,80.0,600.0,50.0,1,0.25,700.0
7.187882008992172,3.296023203972682,208.0160000000002,2.2046251571985347,0.1,0.08,15.0,300.0,50.0,1,0.55,700.0
7.190631601424324,3.54244211628451,182.01400000000018,2.622798528970891,0.35,0.08,40.0,300.0,25.0,1,0.55,700.0
7.191126778960109,3.297625845644217,208.0160000000002,2.209316952331115,0.1,0.12,40.0,300.0,12.5,1,0.35,700.0
7.193148492760957,3.2911629033066676,208.0160000000002,2.2335588270122484,0.1,0.22,80.0,300.0,25.0,1,0.25,350.0
7.195607859362724,3.290713748406107,208.0160000000002,2.2418688884474696,0.1,0.35,80.0,300.0,25.0,1,0.25,350.0
7.195941573985673,3.5397092776809904,182.01400000000018,2.645777989441943,0.35,0.08,15.0,300.0,25.0,1,0.55,700.0
7.197366867345906,3.2803055192584276,208.0160000000002,2.2766324231070727,0.1,0.22,40.0,600.0,50.0,1,0.25,700.0
7.197578324566816,3.293882361640124,208.0160000000002,2.238445608361969,0.1,0.12,40.0,300.0,25.0,1,0.25,350.0
7.197591475570768,3.293885219387908,208.0160000000002,2.2384750176653068,0.1,0.12,80.0,600.0,50.0,1,0.25,700.0
7.198575816064919,3.5093688800144975,182.01400000000018,2.739991245858339,0.35,0.35,15.0,300.0,25.0,1,0.55,700.0
7.199744290173981,3.2798770822411396,208.0160000000002,2.2846491655223984,0.1,0.35,40.0,600.0,50.0,1,0.25,700.0
7.201754331872055,3.306277906950939,208.0160000000002,2.214961214060325,0.1,0.08,80.0,300.0,12.5,1,0.25,350.0
7.202699992164809,3.314136101785318,208.0160000000002,2.195211115369968,0.1,0.22,80.0,300.0,12.5,1,0.35,700.0
7.204130884281077,3.3117715806728665,208.0160000000002,2.2060551531663077,0.1,0.35,80.0,300.0,12.5,1,0.35,700.0
7.206662673769117,3.3073508708703554,208.0160000000002,2.225919436853599,0.1,0.12,80.0,300.0,25.0,1,0.25,350.0
7.208547321292372,3.337398948592076,208.0160000000002,2.1454524934294072,0.1,0.22,40.0,100.0,12.5,1,0.55,350.0
7.208998203355327,3.333541219524683,208.0160000000002,2.1577628109446887,0.1,0.35,40.0,100.0,12.5,1,0.55,350.0
7.2099123493253146,3.5555468626029096,182.01400000000018,2.640444247778291,0.35,0.12,40.0,300.0,50.0,1,0.55,700.0
7.21027748701173,3.542392873744644,182.01400000000018,2.6790703236202367,0.35,0.22,15.0,300.0,50.0,1,0.55,700.0
7.210839724232673,3.2964792575188464,208.0160000000002,2.2689156191823523,0.1,0.12,40.0,600.0,50.0,1,0.25,700.0
7.212681850661921,3.346623880156525,208.0160000000002,2.130908487158268,0.1,0.22,80.0,100.0,12.5,1,0.55,350.0
7.212930175802388,3.3425682923714715,208.0160000000002,2.143205381231185,0.1,0.35,80.0,100.0,12.5,1,0.55,350.0
7.213539045510326,3.289575457069409,208.0160000000002,2.296353109831185,0.1,0.22,15.0,300.0,25.0,1,0.25,350.0
7.215766958129594,3.289052370139876,208.0160000000002,2.304213108542043,0.1,0.35,15.0,300.0,25.0,1,0.25,350.0
7.2172036544287765,3.2822513536482028,208.0160000000002,2.3277494308016324,0.1,0.22,15.0,300.0,12.5,1,0.35,700.0
7.217764692256951,3.5628175759076646,182.01400000000018,2.6421060467122426,0.35,0.12,15.0,300.0,50.0,1,0.55,700.0
7.218740394569862,3.3133244897217793,208.0160000000002,2.2433597281373703,0.1,0.22,80.0,300.0,50.0,1,0.25,350.0
7.219069324372817,3.3246881201592413,208.0160000000002,2.211832012038782,0.1,0.08,40.0,300.0,12.5,1,0.35,700.0
7.219165477673885,3.315204808257522,208.0160000000002,2.239201912618173,0.1,0.08,40.0,300.0,25.0,1,0.25,350.0
7.2191694444193555,3.315204091001049,208.0160000000002,2.239215295480868,0.1,0.08,80.0,600.0,50.0,1,0.25,700.0
7.219309382948218,3.280808827941851,208.0160000000002,2.3378873000181852,0.1,0.35,15.0,300.0,12.5,1,0.35,700.0
7.221147794593703,3.312818534590106,208.0160000000002,2.2516836000102725,0.1,0.35,80.0,300.0,50.0,1,0.25,350.0
7.221592259284276,3.567445165625382,182.01400000000018,2.6398202675968347,0.35,0.12,80.0,300.0,50.0,1,0.55,700.0
7.222933701265022,3.3368456644600504,208.0160000000002,2.1881372480141987,0.1,0.12,80.0,300.0,12.5,1,0.35,700.0
7.224589859299755,3.3140369737940403,208.0160000000002,2.2580368157306037,0.1,0.22,40.0,300.0,50.0,1,0.25,350.0
7.225198857510763,3.5755378737091035,182.01400000000018,2.6270028108618755,0.35,0.08,80.0,300.0,25.0,1,0.55,700.0
7.226942150220231,3.3135102080373198,208.0160000000002,2.266262691951169,0.1,0.35,40.0,300.0,50.0,1,0.25,350.0
7.2272640227654925,3.3059591989174075,208.0160000000002,2.2887566395659507,0.1,0.12,15.0,300.0,25.0,1,0.25,350.0
7.227410864257294,3.544943618303136,182.01400000000018,2.720734988440443,0.35,0.12,15.0,300.0,12.5,1,0.35,700.0
7.228444642786249,3.3288072779377855,208.0160000000002,2.2268496138527447,0.1,0.08,80.0,300.0,25.0,1,0.25,350.0
7.23035869506889,3.3620840057155092,208.0160000000002,2.137241969581082,0.1,0.22,80.0,100.0,25.0,1,0.55,350.0
7.230557275467694,3.3579719249532447,208.0160000000002,2.1495581443269924,0.1,0.35,80.0,100.0,25.0,1,0.55,350.0
7.232412950339661,3.3178224728493793,208.0160000000002,2.269572792829371,0.1,0.08,40.0,600.0,50.0,1,0.25,700.0
7.232447757394063,3.3296801692960853,208.0160000000002,2.235793108851356,0.1,0.12,80.0,300.0,50.0,1,0.25,350.0
7.233812473408074,3.36464238078708,208.0160000000002,2.139800264631404,0.1,0.12,40.0,100.0,12.5,1,0.55,350.0
7.234152070915554,3.535650057792043,182.01400000000018,2.7665486089243108,0.35,0.22,15.0,300.0,12.5,1,0.35,700.0
7.235238813606866,3.3032487438821896,208.0160000000002,2.3192859134990673,0.1,0.12,15.0,300.0,12.5,1,0.35,700.0
7.235981251403397,3.2979015361184114,208.0160000000002,2.3366849008142387,0.2,0.08,40.0,300.0,12.5,1,0.25,350.0
7.236019763134563,3.2979147110811513,208.0160000000002,2.336757291581169,0.2,0.08,80.0,600.0,25.0,1,0.25,700.0
7.237078400459666,3.2990796667115396,208.0160000000002,2.3364535249946368,0.2,0.12,80.0,300.0,12.5,1,0.25,350.0
7.238365294746247,3.3304555519505907,208.0160000000002,2.250484979416152,0.1,0.12,40.0,300.0,50.0,1,0.25,350.0
7.238379316721145,3.3741778608546564,208.0160000000002,2.125604159618533,0.1,0.12,80.0,100.0,12.5,1,0.55,350.0
7.2412958695787575,3.3669661239872677,208.0160000000002,2.15454213026139,0.1,0.22,40.0,100.0,25.0,1,0.55,350.0
7.241586733745359,3.362948240302999,208.0160000000002,2.1668528384067374,0.1,0.35,40.0,100.0,25.0,1,0.55,350.0
7.243781207705309,3.349317082763524,208.0160000000002,2.212068928405093,0.1,0.22,80.0,300.0,25.0,1,0.35,700.0
7.245139996485376,3.3468592006133853,208.0160000000002,2.2229737024913923,0.1,0.35,80.0,300.0,25.0,1,0.35,700.0
7.246817648188247,3.377024408494333,208.0160000000002,2.1415806848397474,0.1,0.22,80.0,100.0,50.0,1,0.55,350.0
7.246931776975902,3.3728291282140206,208.0160000000002,2.153893282176799,0.1,0.35,80.0,100.0,50.0,1,0.55,350.0
7.247826349211465,3.2989741540617796,208.0160000000002,2.3674634147133804,0.2,0.22,80.0,300.0,25.0,1,0.25,350.0
7.248980191597941,3.3274272677466965,208.0160000000002,2.289465496717835,0.1,0.08,15.0,300.0,25.0,1,0.25,350.0
7.250137705775246,3.34411931123009,208.0160000000002,2.2450811272718663,0.1,0.22,40.0,300.0,25.0,1,0.35,700.0
7.251642472429011,3.3418505051803384,208.0160000000002,2.2558627635676296,0.1,0.35,40.0,300.0,25.0,1,0.35,700.0
7.251688714482017,3.3061256593075425,208.0160000000002,2.3580658719270637,0.2,0.12,40.0,300.0,25.0,1,0.25,350.0
7.251746446596416,3.3061466279450267,208.0160000000002,2.358170910432532,0.2,0.12,80.0,600.0,50.0,1,0.25,700.0
7.251748600525681,3.3645535940860594,208.0160000000002,2.191300018398911,0.1,0.08,80.0,300.0,12.5,1,0.35,700.0
7.253490094685983,3.3621958931280203,208.0160000000002,2.2030120044513137,0.1,0.22,15.0,100.0,12.5,1,0.55,350.0
7.25414488135099,3.358577680795123,208.0160000000002,2.2152205730167545,0.1,0.35,15.0,100.0,12.5,1,0.55,350.0
7.254432199813658,3.351299438878135,208.0160000000002,2.236836459815773,0.1,0.08,80.0,300.0,50.0,1,0.25,350.0
7.256279439754805,3.3898226913775247,208.0160000000002,2.132047852506509,0.1,0.12,80.0,100.0,25.0,1,0.55,350.0
7.256890069952616,3.5695669877167844,182.01400000000018,2.7346088063880845,0.35,0.35,15.0,300.0,50.0,1,0.55,700.0
7.25715578232506,3.600988636797985,182.01400000000018,2.6455918443630653,0.35,0.08,40.0,300.0,50.0,1,0.55,700.0
7.259679677831725,3.30528364291662,208.0160000000002,2.3833029569002915,0.2,0.12,40.0,600.0,50.0,1,0.25,700.0
7.26036126804266,3.3520983300726104,208.0160000000002,2.251494108485848,0.1,0.08,40.0,300.0,50.0,1,0.25,350.0
7.26103345691997,3.304766142302277,208.0160000000002,2.388649470336256,0.2,0.35,80.0,300.0,25.0,1,0.25,350.0
7.261771093236942,3.337875327691447,208.0160000000002,2.2961593301299805,0.1,0.22,15.0,300.0,50.0,1,0.25,350.0
7.26195974377428,3.329452884057845,208.0160000000002,2.320762456332665,0.1,0.08,15.0,300.0,12.5,1,0.35,700.0
7.263725124892183,3.321403817893387,208.0160000000002,2.348803734282268,0.2,0.12,80.0,300.0,25.0,1,0.25,350.0
7.263751441824308,3.337078417319657,208.0160000000002,2.3040943557275653,0.1,0.35,15.0,300.0,50.0,1,0.25,350.0
7.264389722448531,3.3723552561178702,208.0160000000002,2.2051270466590225,0.1,0.12,80.0,300.0,25.0,1,0.35,700.0
7.264770282100293,3.3896020103376525,208.0160000000002,2.1569379193218228,0.1,0.22,40.0,100.0,50.0,1,0.55,350.0
7.264859929896573,3.385390847226763,208.0160000000002,2.169225950485164,0.1,0.35,40.0,100.0,50.0,1,0.55,350.0
7.267123214271808,3.394660402586382,208.0160000000002,2.149208033386925,0.1,0.12,40.0,100.0,25.0,1,0.55,350.0
7.267356387481804,3.611492949084287,182.01400000000018,2.644724109707184,0.35,0.08,80.0,300.0,50.0,1,0.55,700.0
7.267572292424637,3.3965353681163055,208.0160000000002,2.1451340694523675,0.1,0.08,40.0,100.0,12.5,1,0.55,350.0
7.2703525527521755,3.3668787050997504,208.0160000000002,2.237810993292635,0.1,0.12,40.0,300.0,25.0,1,0.35,700.0
7.271759281935995,3.589919401746765,182.01400000000018,2.7189425148263644,0.35,0.08,15.0,300.0,12.5,1,0.35,700.0
7.27241202185696,3.406270292480231,208.0160000000002,2.1311477982192164,0.1,0.08,80.0,100.0,12.5,1,0.55,350.0
7.272778156186366,3.3125279906764082,208.0160000000002,2.400029044314158,0.2,0.12,15.0,300.0,25.0,1,0.25,350.0
7.2729899905251525,3.3348409198748756,208.0160000000002,2.336883059000783,0.2,0.08,80.0,300.0,12.5,1,0.25,350.0
7.27302737660393,3.4049925529962985,208.0160000000002,2.1365566388789397,0.1,0.12,80.0,100.0,50.0,1,0.55,350.0
7.273343230646338,3.3208985164196543,208.0160000000002,2.3777277549333746,0.2,0.22,80.0,300.0,50.0,1,0.25,350.0
7.273365352147843,3.6151480552759927,182.01400000000018,2.6514494196338516,0.35,0.08,15.0,300.0,50.0,1,0.55,700.0
7.2762687169495655,3.354911242923169,208.0160000000002,2.288907068646839,0.1,0.12,15.0,300.0,50.0,1,0.25,350.0
7.27640650910152,3.319781739254528,208.0160000000002,2.389670770991396,0.2,0.22,40.0,300.0,50.0,1,0.25,350.0
7.278534761032609,3.3893504067305917,208.0160000000002,2.1969838694343284,0.1,0.12,15.0,100.0,12.5,1,0.55,350.0
7.283754409261451,3.3847151319353572,208.0160000000002,2.22514079236026,0.1,0.22,80.0,300.0,50.0,1,0.35,700.0
7.2849676839669915,3.3821062757980545,208.0160000000002,2.2360611661969543,0.1,0.35,80.0,300.0,50.0,1,0.35,700.0
7.286409494341643,3.3265502735884223,208.0160000000002,2.3989120592949105,0.2,0.35,80.0,300.0,50.0,1,0.25,350.0
7.286853901648857,3.569046638956439,182.01400000000018,2.821706464835474,0.35,0.35,15.0,300.0,12.5,1,0.35,700.0
7.2875396010326305,3.3418953148609294,208.0160000000002,2.3582979604905683,0.2,0.08,40.0,300.0,25.0,1,0.25,350.0
7.287577145210496,3.3419081028121362,208.0160000000002,2.358368692566735,0.2,0.08,80.0,600.0,50.0,1,0.25,700.0
7.289427905576295,3.3254462905903455,208.0160000000002,2.410690328531274,0.2,0.35,40.0,300.0,50.0,1,0.25,350.0
7.28964425997359,3.3436753185638457,208.0160000000002,2.3592255468849763,0.2,0.12,80.0,300.0,50.0,1,0.25,350.0
7.290543627075331,3.4220976339511306,208.0160000000002,2.1377314089262787,0.1,0.08,80.0,100.0,25.0,1,0.55,350.0
7.29121152303414,3.417775358210331,208.0160000000002,2.151989042353733,0.1,0.12,40.0,100.0,50.0,1,0.55,350.0
7.29277746106182,3.3426290443311086,208.0160000000002,2.3711669049448827,0.2,0.12,40.0,300.0,50.0,1,0.25,350.0
7.293613913467685,3.400396418236811,208.0160000000002,2.208507129231062,0.1,0.08,80.0,300.0,25.0,1,0.35,700.0
7.295500401200264,3.3410987211430108,208.0160000000002,2.3833190858778575,0.2,0.08,40.0,600.0,50.0,1,0.25,700.0
7.296468051789422,3.3467617164401626,208.0160000000002,2.369903815283587,0.1,0.22,15.0,600.0,50.0,1,0.25,700.0
7.2978530456915625,3.345604818938954,208.0160000000002,2.3771663621503034,0.1,0.35,15.0,600.0,50.0,1,0.25,700.0
7.298778468667908,3.3769858826978427,208.0160000000002,2.2901502456287486,0.1,0.08,15.0,300.0,50.0,1,0.25,350.0
7.299251806053717,3.394700675670022,208.0160000000002,2.240888943953409,0.1,0.08,40.0,300.0,25.0,1,0.35,700.0
7.299963510658299,3.3574378644562493,208.0160000000002,2.3493875605772763,0.2,0.08,80.0,300.0,25.0,1,0.25,350.0
7.301433569565199,3.4269759739500283,208.0160000000002,2.1549074160433355,0.1,0.08,40.0,100.0,25.0,1,0.55,350.0
7.304876748644202,3.408180310537758,208.0160000000002,2.218446966018404,0.1,0.12,80.0,300.0,50.0,1,0.35,700.0
7.304935255758831,3.41321067904652,208.0160000000002,2.204241647749456,0.1,0.22,15.0,100.0,25.0,1,0.55,350.0
7.30499522053607,3.6293524056161814,182.01400000000018,2.701236614056816,0.35,0.12,40.0,300.0,12.5,1,0.35,700.0
7.305053341948066,3.409066791295763,208.0160000000002,2.216418716149433,0.1,0.35,15.0,100.0,25.0,1,0.55,350.0
7.305466579148046,3.3378587702465663,208.0160000000002,2.42105088257565,0.2,0.22,15.0,300.0,50.0,1,0.25,350.0
7.3054817191593555,3.6153413286921996,182.01400000000018,2.7426582584775794,0.35,0.22,40.0,300.0,12.5,1,0.35,700.0
7.3056827551669,3.358804873739716,208.0160000000002,2.361822518363373,0.2,0.08,15.0,300.0,50.0,1,0.55,700.0
7.307570215159583,3.4374806476508053,208.0160000000002,2.1424273357393577,0.1,0.08,80.0,100.0,50.0,1,0.55,350.0
7.308885148446841,3.348596593511162,208.0160000000002,2.400138728387643,0.2,0.08,15.0,300.0,25.0,1,0.25,350.0
7.311193224652308,3.3569170177845815,208.0160000000002,2.382960591050637,0.2,0.12,40.0,300.0,12.5,1,0.35,700.0
7.311617744747,3.4010210651089006,208.0160000000002,2.2581619418231336,0.1,0.22,40.0,300.0,50.0,1,0.35,700.0
7.311766730197697,3.364495341233138,208.0160000000002,2.3629468256130215,0.1,0.12,15.0,600.0,50.0,1,0.25,700.0
7.312406359696689,3.4213549048343737,208.0160000000002,2.202318442463749,0.1,0.08,15.0,100.0,12.5,1,0.55,350.0
7.312746255233365,3.3983779291505893,208.0160000000002,2.2689380745222083,0.1,0.35,40.0,300.0,50.0,1,0.35,700.0
7.317842478139372,3.343057836539123,208.0160000000002,2.441556118857849,0.2,0.35,15.0,300.0,50.0,1,0.25,350.0
7.320027653735798,3.4291180247264563,208.0160000000002,2.2019132257409675,0.1,0.35,15.0,100.0,50.0,1,0.55,350.0
7.320273034706749,3.4336336586167033,208.0160000000002,2.18971250311441,0.1,0.22,15.0,100.0,50.0,1,0.55,350.0
7.323178333423274,3.361862172610104,208.0160000000002,2.403074745180479,0.2,0.12,15.0,300.0,50.0,1,0.25,350.0
7.325236955892637,3.336744013779432,208.0160000000002,2.480722691752007,0.2,0.22,15.0,600.0,50.0,1,0.25,700.0
7.326090052848686,3.4505179909577346,208.0160000000002,2.158091605402709,0.1,0.08,40.0,100.0,50.0,1,0.55,350.0
7.326275832358621,3.380024031442873,208.0160000000002,2.3600337169021306,0.2,0.08,80.0,300.0,50.0,1,0.25,350.0
7.329433521014638,3.3790286502907265,208.0160000000002,2.371899630639743,0.2,0.08,40.0,300.0,50.0,1,0.25,350.0
7.331635306217985,3.4416697244827135,208.0160000000002,2.1992159478150546,0.1,0.12,15.0,100.0,25.0,1,0.55,350.0
7.332979793701271,3.424720758687704,208.0160000000002,2.2514829571816146,0.1,0.12,40.0,300.0,50.0,1,0.35,700.0
7.3340348454982545,3.375899741954027,208.0160000000002,2.393986010126356,0.2,0.22,80.0,300.0,12.5,1,0.35,700.0
7.334567441961908,3.386877384962757,208.0160000000002,2.3641430199975666,0.1,0.08,15.0,600.0,50.0,1,0.25,700.0
7.334613164728355,3.436622519719809,208.0160000000002,2.2221447000244097,0.1,0.08,80.0,300.0,50.0,1,0.35,700.0
7.336735744362144,3.341479649326671,208.0160000000002,2.5000459858156314,0.2,0.35,15.0,600.0,50.0,1,0.25,700.0
7.339394212323916,3.418619794214126,208.0160000000002,2.287241194599393,0.1,0.22,15.0,100.0,12.5,1,0.25,150.0
7.341731463061285,3.4176640635546467,208.0160000000002,2.296649712876104,0.1,0.35,15.0,100.0,12.5,1,0.25,150.0
7.342317019720794,3.42931155462436,208.0160000000002,2.2650441859898054,0.1,0.22,40.0,100.0,12.5,1,0.25,150.0
7.344238300184879,3.361886235521775,208.0160000000002,2.4631773276088627,0.2,0.12,15.0,600.0,50.0,1,0.25,700.0
7.344645087533166,3.4282990400374165,208.0160000000002,2.274588707130707,0.1,0.35,40.0,100.0,12.5,1,0.25,150.0
7.3471630862651915,3.3798015599163898,208.0160000000002,2.420347218139428,0.2,0.35,80.0,300.0,12.5,1,0.35,700.0
7.348092788924853,3.4629381936068686,208.0160000000002,2.1854702723370902,0.1,0.12,15.0,100.0,50.0,1,0.55,350.0
7.3517251742809,3.6753237344240413,182.01400000000018,2.7034041138767337,0.35,0.08,40.0,300.0,12.5,1,0.35,700.0
7.353813652410627,3.6443161612937134,182.01400000000018,2.797964260334031,0.35,0.35,40.0,300.0,12.5,1,0.35,700.0
7.3552437286098815,3.437131703363736,208.0160000000002,2.279634357846124,0.1,0.12,15.0,100.0,12.5,1,0.25,150.0
7.3553140475025796,3.4435426435466265,208.0160000000002,2.261518297017001,0.1,0.22,80.0,100.0,12.5,1,0.25,150.0
7.35555564518632,3.4001037189860006,208.0160000000002,2.386319789143761,0.2,0.08,40.0,300.0,12.5,1,0.35,700.0
7.357589125494216,3.442466165390529,208.0160000000002,2.271094171724811,0.1,0.35,80.0,100.0,12.5,1,0.25,150.0
7.35829477786599,3.4479067119529168,208.0160000000002,2.257565902608773,0.1,0.12,40.0,100.0,12.5,1,0.25,150.0
7.358684454786769,3.4068387252444934,208.0160000000002,2.376016370120781,0.2,0.12,80.0,300.0,12.5,1,0.35,700.0
7.360129198782652,3.378324503328659,208.0160000000002,2.4616134155828306,0.2,0.08,15.0,300.0,12.5,1,0.35,700.0
7.360869634787663,3.39913976253925,208.0160000000002,2.4042567778526043,0.2,0.08,15.0,300.0,50.0,1,0.25,350.0
7.362969169317458,3.4533806397497,208.0160000000002,2.2552815130507313,0.1,0.08,40.0,300.0,50.0,1,0.35,700.0
7.363698473605965,3.448050798565585,208.0160000000002,2.272593357258221,0.1,0.22,40.0,100.0,25.0,1,0.25,150.0
7.365443000496824,3.418979844631445,208.0160000000002,2.360637588186789,0.1,0.22,15.0,300.0,25.0,1,0.35,700.0
7.365973252404932,3.4469816267391793,208.0160000000002,2.2821475019021435,0.1,0.35,40.0,100.0,25.0,1,0.25,150.0
7.3664569984726835,3.416438761213123,208.0160000000002,2.3707949635987373,0.1,0.35,15.0,300.0,25.0,1,0.35,700.0
7.366558352693639,3.45315515486806,208.0160000000002,2.266180565215933,0.1,0.22,80.0,100.0,25.0,1,0.25,150.0
7.367067101397861,3.4748437355619997,208.0160000000002,2.205666759531026,0.1,0.08,15.0,100.0,25.0,1,0.55,350.0
7.367145299798164,3.3955248463908685,208.0160000000002,2.432515581163695,0.2,0.22,40.0,300.0,25.0,1,0.35,700.0
7.368819291993988,3.4520593366386527,208.0160000000002,2.2757713010152356,0.1,0.35,80.0,100.0,25.0,1,0.25,150.0
7.371470670443492,3.4622754610593045,208.0160000000002,2.254157741097671,0.1,0.12,80.0,100.0,12.5,1,0.25,150.0
7.37565717174932,3.4111376782090015,208.0160000000002,2.4122271244009017,0.2,0.22,80.0,300.0,25.0,1,0.35,700.0
7.376866763566806,3.4536077165179937,208.0160000000002,2.2943401344251724,0.1,0.22,15.0,100.0,25.0,1,0.25,150.0
7.377326772089859,3.4626200729524075,208.0160000000002,2.2699048546784235,0.1,0.22,80.0,100.0,50.0,1,0.25,150.0
7.379027434626243,3.4524741502408394,208.0160000000002,2.303752241101147,0.1,0.35,15.0,100.0,25.0,1,0.25,150.0
7.379560384005047,3.4614953596117175,208.0160000000002,2.279500069695221,0.1,0.35,80.0,100.0,50.0,1,0.25,150.0
7.379848914076591,3.461073757576228,208.0160000000002,2.281529018572458,0.1,0.08,15.0,100.0,12.5,1,0.25,150.0
7.379869028091399,3.4668085628493874,208.0160000000002,2.2652013292628848,0.1,0.12,40.0,100.0,25.0,1,0.25,150.0
7.380423010885379,3.4633688288509767,208.0160000000002,2.2766119486697165,0.1,0.22,40.0,100.0,50.0,1,0.25,150.0
7.3806355950118,3.399788347713425,208.0160000000002,2.4588778494239194,0.2,0.35,40.0,300.0,25.0,1,0.35,700.0
7.381466581465583,3.6687246956688675,182.01400000000018,2.807233959419177,0.35,0.22,15.0,300.0,25.0,1,0.35,700.0
7.382515373146911,3.399798376742213,208.0160000000002,2.4642199897277015,0.2,0.08,15.0,600.0,50.0,1,0.25,700.0
7.382630571292916,3.4622324648944813,208.0160000000002,2.2861660182812336,0.1,0.35,40.0,100.0,50.0,1,0.25,150.0
7.382792279707843,3.471956521232074,208.0160000000002,2.258845024216477,0.1,0.12,80.0,100.0,25.0,1,0.25,150.0
7.383077508704436,3.471956314528298,208.0160000000002,2.2596605547889586,0.1,0.08,40.0,100.0,12.5,1,0.25,150.0
7.384446619867228,3.688852192022137,182.01400000000018,2.75824122241454,0.35,0.22,80.0,300.0,12.5,1,0.35,700.0
7.384565028125659,3.496875597116314,208.0160000000002,2.192712660026694,0.1,0.08,15.0,100.0,50.0,1,0.55,350.0
7.385016106956264,3.686783570269357,182.01400000000018,2.765778676248296,0.35,0.12,15.0,300.0,25.0,1,0.35,700.0
7.386652391078463,3.4426742935501378,208.0160000000002,2.353537421509493,0.1,0.12,15.0,300.0,25.0,1,0.35,700.0
7.387809311534272,3.7057744267376305,182.01400000000018,2.7194996708475387,0.35,0.12,80.0,300.0,12.5,1,0.35,700.0
7.388409214072256,3.6860800814368804,182.01400000000018,2.777483236101065,0.35,0.22,40.0,300.0,25.0,1,0.35,700.0
7.388622378704082,3.4148493423312707,208.0160000000002,2.438665818208025,0.2,0.35,80.0,300.0,25.0,1,0.35,700.0
7.3908011150323505,3.702484880570955,182.01400000000018,2.7374463841754073,0.35,0.12,40.0,300.0,25.0,1,0.35,700.0
7.391604358090331,3.4264529104244135,208.0160000000002,2.414032707616899,0.2,0.12,40.0,300.0,25.0,1,0.35,700.0
7.393242015508354,3.4725513765364755,208.0160000000002,2.287001825633929,0.1,0.12,15.0,100.0,25.0,1,0.25,150.0
7.39365884885708,3.4815037288438293,208.0160000000002,2.2626146286092785,0.1,0.12,80.0,100.0,50.0,1,0.25,150.0
7.395834032021923,3.473284553642362,208.0160000000002,2.292312795370167,0.1,0.22,15.0,100.0,50.0,1,0.25,150.0
7.396437887364734,3.4864568578468766,208.0160000000002,2.256402941479586,0.1,0.08,80.0,100.0,12.5,1,0.25,150.0
7.3967986772072,3.4822943551607386,208.0160000000002,2.269326634418454,0.1,0.12,40.0,100.0,50.0,1,0.25,150.0
7.397885347902026,3.4720310328851647,208.0160000000002,2.3017551857624556,0.1,0.35,15.0,100.0,50.0,1,0.25,150.0
7.4010062373939185,3.442680922438076,208.0160000000002,2.3945294713024006,0.2,0.12,80.0,300.0,25.0,1,0.35,700.0
7.4045135445228265,3.4510447415593783,208.0160000000002,2.3806537227527,0.2,0.08,80.0,300.0,12.5,1,0.35,700.0
7.404849166501849,3.49101368688495,208.0160000000002,2.267415656048277,0.1,0.08,40.0,100.0,25.0,1,0.25,150.0
7.40784572841026,3.4962083853260606,208.0160000000002,2.2611352659548487,0.1,0.08,80.0,100.0,25.0,1,0.25,150.0
7.408892205505123,3.4352767454878133,208.0160000000002,2.4382156000494484,0.2,0.22,15.0,100.0,12.5,1,0.25,150.0
7.412552623765428,3.49250397771177,208.0160000000002,2.2851675601532997,0.1,0.12,15.0,100.0,50.0,1,0.25,150.0
7.416356500287488,3.446700715518334,208.0160000000002,2.426902242197576,0.2,0.22,80.0,300.0,50.0,1,0.35,700.0
7.4163572646065195,3.471213332653064,208.0160000000002,2.356868377009866,0.1,0.08,15.0,300.0,25.0,1,0.35,700.0
7.417628675186306,3.4497351714090825,208.0160000000002,2.4218671536492016,0.2,0.22,40.0,100.0,12.5,1,0.25,150.0
7.418354471484853,3.4968803791356446,208.0160000000002,2.289240263854874,0.1,0.08,15.0,100.0,25.0,1,0.25,150.0
7.418812400480613,3.5058341371097264,208.0160000000002,2.264966466773954,0.1,0.08,80.0,100.0,50.0,1,0.25,150.0
7.421977603288708,3.5066514392160135,208.0160000000002,2.2716747544934046,0.1,0.08,40.0,100.0,50.0,1,0.25,150.0
7.42240504409259,3.440604075471322,208.0160000000002,2.4616027674893304,0.2,0.35,15.0,100.0,12.5,1,0.25,150.0
7.422712770577039,3.496374643529025,208.0160000000002,2.3031375058514634,0.1,0.22,40.0,300.0,12.5,1,0.25,700.0
7.42517820677881,3.494886900635896,208.0160000000002,2.3144323032654626,0.1,0.35,40.0,300.0,12.5,1,0.25,700.0
7.4275571635467355,3.698880804939163,182.01400000000018,2.852761024593058,0.35,0.22,15.0,300.0,12.5,1,0.25,700.0
7.4281667980985695,3.461106785454163,208.0160000000002,2.419485750412584,0.2,0.12,15.0,100.0,12.5,1,0.25,150.0
7.428882559124412,3.7259614943224495,182.01400000000018,2.779174470862742,0.35,0.22,80.0,300.0,25.0,1,0.35,700.0
7.428984279725154,3.4500801995290997,208.0160000000002,2.4533259434172905,0.2,0.35,80.0,300.0,50.0,1,0.35,700.0
7.429276943523556,3.4888936525773833,208.0160000000002,2.3432665455604864,0.1,0.22,15.0,300.0,50.0,1,0.35,700.0
7.429397543845074,3.4854332927418716,208.0160000000002,2.3534978602948544,0.1,0.35,15.0,300.0,50.0,1,0.35,700.0
7.429657660074902,3.697695221845796,182.01400000000018,2.8621498235117238,0.35,0.35,15.0,300.0,25.0,1,0.35,700.0
7.4298586064341325,3.4526271813465765,208.0160000000002,2.4485469288215804,0.2,0.22,40.0,300.0,50.0,1,0.35,700.0
7.430270500350333,3.715535714775087,182.01400000000018,2.81292795878641,0.35,0.35,80.0,300.0,12.5,1,0.35,700.0
7.430969759839421,3.454824141443904,208.0160000000002,2.445444623987183,0.2,0.35,40.0,100.0,12.5,1,0.25,150.0
7.431982776886327,3.45894387102204,208.0160000000002,2.4365683024693867,0.2,0.22,15.0,100.0,12.5,1,0.55,350.0
7.43249698914862,3.465083411541044,208.0160000000002,2.420495936021641,0.2,0.22,80.0,100.0,12.5,1,0.25,150.0
7.433277234121211,3.743746599999113,182.01400000000018,2.7409160974917017,0.35,0.12,80.0,300.0,25.0,1,0.35,700.0
7.435600872737289,3.7139704152032174,182.01400000000018,2.8326298786687665,0.35,0.35,40.0,300.0,25.0,1,0.35,700.0
7.437291939561702,3.475840841542981,208.0160000000002,2.403460280053482,0.2,0.12,40.0,100.0,12.5,1,0.25,150.0
7.437735249112383,3.4710273431521315,208.0160000000002,2.4184797313149966,0.2,0.08,40.0,300.0,25.0,1,0.35,700.0
7.43800849533359,3.5170876791350425,208.0160000000002,2.287659474852987,0.1,0.08,15.0,100.0,50.0,1,0.25,150.0
7.43905791620917,3.468344341007583,208.0160000000002,2.4299245005759555,0.2,0.22,40.0,100.0,25.0,1,0.25,150.0
7.441301412617445,3.517748667162458,208.0160000000002,2.2951792727285296,0.1,0.12,40.0,300.0,12.5,1,0.25,700.0
7.441921835795069,3.4752961973778853,208.0160000000002,2.4182446811919474,0.1,0.22,15.0,300.0,12.5,1,0.25,700.0
7.442282823948229,3.44130587430072,208.0160000000002,2.5163912847071606,0.2,0.22,15.0,300.0,25.0,1,0.35,700.0
7.4424859124829865,3.456055015298056,208.0160000000002,2.474831134814082,0.2,0.35,40.0,300.0,50.0,1,0.35,700.0
7.442703723597986,3.4790676748869798,208.0160000000002,2.409702996317153,0.2,0.12,80.0,300.0,50.0,1,0.35,700.0
7.443789943224774,3.474650053519937,208.0160000000002,2.4254282562995257,0.2,0.22,80.0,100.0,25.0,1,0.25,150.0
7.4445032724930025,3.4742051661340234,208.0160000000002,2.4287374467399334,0.1,0.35,15.0,300.0,12.5,1,0.25,700.0
7.445045863129182,3.461825577579369,208.0160000000002,2.465657958713745,0.2,0.35,15.0,100.0,12.5,1,0.55,350.0
7.445659371779333,3.469985937709126,208.0160000000002,2.4440955259148707,0.2,0.35,80.0,100.0,12.5,1,0.25,150.0
7.4466692521189035,3.470079616945767,208.0160000000002,2.44671324335181,0.2,0.22,15.0,100.0,25.0,1,0.25,150.0
7.447575479134226,3.4874800357360347,208.0160000000002,2.3995869811376824,0.2,0.08,80.0,300.0,25.0,1,0.35,700.0
7.448304039001625,3.485510656772471,208.0160000000002,2.4072953777975785,0.2,0.22,80.0,100.0,12.5,1,0.55,350.0
7.452263142890852,3.473298968274991,208.0160000000002,2.453497641759598,0.2,0.35,40.0,100.0,25.0,1,0.25,150.0
7.452571794317213,3.4915096930030165,208.0160000000002,2.4023488608976957,0.2,0.12,80.0,100.0,12.5,1,0.25,150.0
7.4531969522263015,3.51478281752398,208.0160000000002,2.3376403848637697,0.1,0.12,15.0,300.0,50.0,1,0.35,700.0
7.454601221920531,3.484062264924215,208.0160000000002,2.429425591418039,0.2,0.22,80.0,100.0,50.0,1,0.25,150.0
7.455253870825654,3.445362403550487,208.0160000000002,2.5418613350719013,0.2,0.35,15.0,300.0,25.0,1,0.35,700.0
7.455932596412612,3.4836101671882815,208.0160000000002,2.434521226355223,0.2,0.22,40.0,100.0,50.0,1,0.25,150.0
7.456588368686626,3.485414338080089,208.0160000000002,2.431240087447241,0.2,0.12,40.0,300.0,50.0,1,0.35,700.0
7.456915545768697,3.4795094351050126,208.0160000000002,2.4490460304676636,0.2,0.35,80.0,100.0,25.0,1,0.25,150.0
7.457744002098978,3.7476976516917775,182.01400000000018,2.7995324297348527,0.35,0.22,40.0,300.0,50.0,1,0.35,700.0
7.459114667324092,3.4947805392101374,208.0160000000002,2.4116975088970056,0.2,0.12,40.0,100.0,25.0,1,0.25,150.0
7.459209895556155,3.5009329531135243,208.0160000000002,2.3943912641217926,0.2,0.12,40.0,100.0,12.5,1,0.55,350.0
7.459481283531618,3.4958967018013416,208.0160000000002,2.4095559478007837,0.1,0.12,15.0,300.0,12.5,1,0.25,700.0
7.459741325731785,3.4749785726352425,208.0160000000002,2.4700650088472558,0.2,0.35,15.0,100.0,25.0,1,0.25,150.0
7.462510905170609,3.4951699710970474,208.0160000000002,2.4202883830673105,0.2,0.12,15.0,100.0,12.5,1,0.55,350.0
7.462967346451592,3.4953493979079924,208.0160000000002,2.4210798529817077,0.2,0.22,40.0,100.0,25.0,1,0.55,350.0
7.464016537941404,3.501209084807131,208.0160000000002,2.4073355803836285,0.2,0.12,80.0,100.0,25.0,1,0.25,150.0
7.466757659176372,3.4902367672122745,208.0160000000002,2.446516834183126,0.2,0.22,15.0,100.0,50.0,1,0.25,150.0
7.4668971658558085,3.501478445388667,208.0160000000002,2.4147963441918265,0.2,0.22,80.0,100.0,25.0,1,0.55,350.0
7.467046580834099,3.496819688219635,208.0160000000002,2.428533978898463,0.2,0.12,15.0,100.0,25.0,1,0.25,150.0
7.4676572913265415,3.488853145034324,208.0160000000002,2.453040417977757,0.2,0.35,80.0,100.0,50.0,1,0.25,150.0
7.468396881605961,3.4739095415252583,208.0160000000002,2.4978495430877143,0.2,0.12,15.0,300.0,25.0,1,0.35,700.0
7.468864817238136,3.5009736594904446,208.0160000000002,2.4218604507076815,0.2,0.08,15.0,100.0,12.5,1,0.25,150.0
7.468969247776711,3.488403013282659,208.0160000000002,2.458074955697286,0.2,0.35,40.0,100.0,50.0,1,0.25,150.0
7.473058785742453,3.7638827508304393,182.01400000000018,2.7970458140343184,0.35,0.22,80.0,300.0,50.0,1,0.35,700.0
7.4744137882409,3.7523379005206086,182.01400000000018,2.833902536343683,0.35,0.35,80.0,300.0,25.0,1,0.35,700.0
7.474934055002026,3.497228402673021,208.0160000000002,2.449901863797151,0.2,0.35,40.0,100.0,25.0,1,0.55,350.0
7.475028208507404,3.510788667950214,208.0160000000002,2.411427258734821,0.2,0.12,80.0,100.0,50.0,1,0.25,150.0
7.476417130151933,3.510397423796518,208.0160000000002,2.416513446729752,0.2,0.12,40.0,100.0,50.0,1,0.25,150.0
7.4783152113758256,3.5158908796617436,208.0160000000002,2.406240947754515,0.2,0.08,40.0,100.0,12.5,1,0.25,150.0
7.478559921692437,3.5031050976172935,208.0160000000002,2.4434709259289744,0.2,0.35,80.0,100.0,25.0,1,0.55,350.0
7.479535440419192,3.4948329412383687,208.0160000000002,2.4698928548023455,0.2,0.35,15.0,100.0,50.0,1,0.25,150.0
7.479859513242957,3.7317007112983647,182.01400000000018,2.908425148413114,0.35,0.35,15.0,300.0,12.5,1,0.25,700.0
7.479966839997668,3.5222172232207503,208.0160000000002,2.392884619362616,0.2,0.12,80.0,100.0,12.5,1,0.55,350.0
7.4846266106126755,3.5171817720355154,208.0160000000002,2.4205852530775926,0.2,0.22,80.0,100.0,50.0,1,0.55,350.0
7.485526261244911,3.5452951891516036,208.0160000000002,2.342831634552299,0.1,0.08,15.0,300.0,50.0,1,0.35,700.0
7.486324234998662,3.522137966750857,208.0160000000002,2.4112750521365793,0.1,0.08,15.0,300.0,12.5,1,0.25,700.0
7.487878704530059,3.5175772478699328,208.0160000000002,2.428747019028927,0.2,0.12,15.0,100.0,50.0,1,0.25,150.0
7.488239129984147,3.512699947426828,208.0160000000002,2.443711950163761,0.2,0.22,15.0,100.0,25.0,1,0.55,350.0
7.489493944703781,3.5199188539019515,208.0160000000002,2.426671688005221,0.2,0.22,40.0,100.0,50.0,1,0.55,350.0
7.490212657744755,3.5245919328231015,208.0160000000002,2.415373499776146,0.2,0.08,80.0,300.0,50.0,1,0.35,700.0
7.493946374736206,3.531806465465982,208.0160000000002,2.4054283122006326,0.2,0.08,80.0,100.0,12.5,1,0.25,150.0
7.494889242725952,3.532374175179796,208.0160000000002,2.406500192989009,0.2,0.12,40.0,100.0,25.0,1,0.55,350.0
7.496105687656165,3.518636420384412,208.0160000000002,2.449226477919284,0.2,0.35,80.0,100.0,50.0,1,0.55,350.0
7.498960111299068,3.538508544184814,208.0160000000002,2.4006044774692894,0.2,0.12,80.0,100.0,25.0,1,0.55,350.0
7.500140099024602,3.5144721541758557,208.0160000000002,2.472651270996412,0.2,0.35,15.0,100.0,25.0,1,0.55,350.0
7.500515884373791,3.535126254634999,208.0160000000002,2.414713227825112,0.2,0.08,40.0,100.0,25.0,1,0.25,150.0
7.501018027745625,3.5213891849143635,208.0160000000002,2.455396693803596,0.2,0.35,40.0,100.0,50.0,1,0.55,350.0
7.50325497498412,3.774016063124337,182.01400000000018,2.8543683195993745,0.35,0.35,40.0,300.0,50.0,1,0.35,700.0
7.504743381289295,3.5315237077171515,208.0160000000002,2.437084781634689,0.2,0.08,40.0,300.0,50.0,1,0.35,700.0
7.50555309047133,3.5416367775802486,208.0160000000002,2.4105037511173686,0.2,0.08,80.0,100.0,25.0,1,0.25,150.0
7.5077361415717245,3.5108591963140023,208.0160000000002,2.5046769864506278,0.2,0.22,15.0,300.0,50.0,1,0.35,700.0
7.508730572136553,3.5374353600299724,208.0160000000002,2.4315863203045094,0.2,0.08,15.0,100.0,25.0,1,0.25,150.0
7.510716228793954,3.549429381424015,208.0160000000002,2.402990992485532,0.2,0.08,40.0,100.0,12.5,1,0.55,350.0
7.513499664749167,3.5398907760872316,208.0160000000002,2.4381968247483807,0.2,0.22,15.0,100.0,50.0,1,0.55,350.0
7.51366732444986,3.4936018362691517,208.0160000000002,2.5709299662305884,0.2,0.22,15.0,300.0,12.5,1,0.25,700.0
7.514956840950579,3.5446124474270015,208.0160000000002,2.4288696957816454,0.2,0.08,15.0,100.0,12.5,1,0.55,350.0
7.5164540033181035,3.5202804933418004,208.0160000000002,2.5026671713608577,0.2,0.08,15.0,300.0,25.0,1,0.35,700.0
7.516756274800529,3.5513655572038347,208.0160000000002,2.414716335990548,0.2,0.08,80.0,100.0,50.0,1,0.25,150.0
7.517222672144002,3.554627470139124,208.0160000000002,2.4067291485853577,0.2,0.12,80.0,100.0,50.0,1,0.55,350.0
7.517937523619732,3.789652447693584,182.01400000000018,2.851643074074702,0.35,0.35,80.0,300.0,50.0,1,0.35,700.0
7.51820277315198,3.551035552287037,208.0160000000002,2.419792059614115,0.2,0.08,40.0,100.0,50.0,1,0.25,150.0
7.518695370840719,3.512871842267056,208.0160000000002,2.5302386530675998,0.2,0.35,15.0,300.0,50.0,1,0.35,700.0
7.521903601156283,3.551368400840264,208.0160000000002,2.4294148580457615,0.2,0.12,15.0,100.0,25.0,1,0.55,350.0
7.52247954561601,3.502819402018697,208.0160000000002,2.5697718388494573,0.35,0.08,80.0,300.0,25.0,1,0.25,350.0
7.522565843874931,3.5578252660956275,208.0160000000002,2.412858793655146,0.2,0.12,40.0,100.0,50.0,1,0.55,350.0
7.524554099988225,3.540853331639856,208.0160000000002,2.467030766709619,0.2,0.35,15.0,100.0,50.0,1,0.55,350.0
7.527748579668426,3.5369292749019072,208.0160000000002,2.4873694421900465,0.2,0.22,40.0,300.0,12.5,1,0.25,700.0
7.529434241331936,3.500271015666249,208.0160000000002,2.5969235019019576,0.2,0.35,15.0,300.0,12.5,1,0.25,700.0
7.530231332328457,3.5586844329498626,208.0160000000002,2.4323054267959785,0.2,0.08,15.0,100.0,50.0,1,0.25,150.0
7.531673452194742,3.570777073653934,208.0160000000002,2.401875367259442,0.2,0.08,80.0,100.0,12.5,1,0.55,350.0
7.533476004237712,3.520922068957307,208.0160000000002,2.5494683865154357,0.2,0.12,15.0,300.0,12.5,1,0.25,700.0
7.539303153121599,3.547875307884495,208.0160000000002,2.4891081292488604,0.2,0.12,15.0,300.0,50.0,1,0.35,700.0
7.5426076842011955,3.5422591640221697,208.0160000000002,2.514595771940067,0.2,0.35,40.0,300.0,12.5,1,0.25,700.0
7.5470422547919975,3.52078859814764,208.0160000000002,2.5886104475553022,0.35,0.08,40.0,300.0,50.0,1,0.25,350.0
7.547352963340278,3.5815862079239187,208.0160000000002,2.4157907297610186,0.2,0.08,40.0,100.0,25.0,1,0.55,350.0
7.549300369136989,3.5801156742288103,208.0160000000002,2.4255562711662173,0.2,0.12,15.0,100.0,50.0,1,0.55,350.0
7.5498243069188815,3.526012754579972,208.0160000000002,2.5816330066825928,0.35,0.08,80.0,300.0,50.0,1,0.25,350.0
7.550078996767362,3.5661514329576396,208.0160000000002,2.4676787537420592,0.2,0.12,40.0,300.0,12.5,1,0.25,700.0
7.551063256253124,3.587372648682174,208.0160000000002,2.409858878774135,0.2,0.08,80.0,100.0,25.0,1,0.55,350.0
7.564163469992393,3.5304256093344613,208.0160000000002,2.6099938875940847,0.35,0.08,15.0,300.0,50.0,1,0.25,350.0
7.569803790956365,3.6038462917776513,208.0160000000002,2.416335711939172,0.2,0.08,80.0,100.0,50.0,1,0.55,350.0
7.576001660491508,3.6077416446547854,208.0160000000002,2.422914330962058,0.2,0.08,40.0,100.0,50.0,1,0.55,350.0
7.576800950596968,3.5636386888881026,208.0160000000002,2.551206462025321,0.2,0.08,15.0,300.0,12.5,1,0.25,700.0
7.57710153377106,3.6028122527275133,208.0160000000002,2.4401408029815532,0.2,0.08,15.0,100.0,25.0,1,0.55,350.0
7.588401222942243,3.600129109660136,208.0160000000002,2.4800917522345842,0.2,0.22,80.0,300.0,12.5,1,0.25,700.0
7.592324913264382,3.5979153479133394,208.0160000000002,2.4976273295744,0.2,0.08,15.0,300.0,50.0,1,0.35,700.0
7.595559724089334,3.6101999283348247,208.0160000000002,2.4717708450128772,0.2,0.08,40.0,300.0,12.5,1,0.25,700.0
7.602418469965523,3.604573602849825,208.0160000000002,2.5074424774734134,0.2,0.35,80.0,300.0,12.5,1,0.25,700.0
7.606230983443543,3.6327467425087456,208.0160000000002,2.4378406883851285,0.2,0.08,15.0,100.0,50.0,1,0.55,350.0
7.612392870098677,3.8787604947256846,182.01400000000018,2.8669210724942586,0.35,0.22,15.0,100.0,12.5,1,0.55,350.0
7.612689174633178,3.6308438933172456,208.0160000000002,2.4617293751883715,0.2,0.12,80.0,300.0,12.5,1,0.25,700.0
7.61566375663332,3.613138498358627,208.0160000000002,2.5208150236419735,0.2,0.22,40.0,300.0,25.0,1,0.25,700.0
7.617656138083184,3.8967199427464245,182.01400000000018,2.8306462723907346,0.35,0.12,15.0,100.0,12.5,1,0.55,350.0
7.629916220706026,3.6178614333897845,208.0160000000002,2.548042249474968,0.2,0.35,40.0,300.0,25.0,1,0.25,700.0
7.634313715837292,3.6391256893259984,208.0160000000002,2.499851504317973,0.2,0.22,80.0,300.0,25.0,1,0.25,700.0
7.639859670765643,3.643925036391874,208.0160000000002,2.5019846696393357,0.2,0.12,40.0,300.0,25.0,1,0.25,700.0
7.648166866739178,3.643379009286255,208.0160000000002,2.5272795927226315,0.2,0.35,80.0,300.0,25.0,1,0.25,700.0
7.660585091555407,3.906366798942703,182.01400000000018,2.925737978893433,0.35,0.35,15.0,100.0,12.5,1,0.55,350.0
7.665296214126566,3.657394771276907,208.0160000000002,2.5361755509990176,0.2,0.22,15.0,100.0,12.5,1,0.35,350.0
7.67629843668906,3.6776290265933,208.0160000000002,2.5097983145593075,0.2,0.22,40.0,100.0,12.5,1,0.35,350.0
7.678271684217928,3.6600962753844923,208.0160000000002,2.565529739524095,0.2,0.35,15.0,100.0,12.5,1,0.35,350.0
7.68098485562821,3.6461141400976183,208.0160000000002,2.6132306158016845,0.2,0.22,15.0,300.0,25.0,1,0.25,700.0
7.684768092019185,3.944650318329628,182.01400000000018,2.8854507819701567,0.35,0.22,15.0,100.0,25.0,1,0.55,350.0
7.6886688253421696,3.679743249377622,208.0160000000002,2.5391016456129862,0.2,0.35,40.0,100.0,12.5,1,0.35,350.0
7.688952613883137,3.6186891667075605,208.0160000000002,2.7143527062159247,0.35,0.22,15.0,100.0,12.5,1,0.25,150.0
7.6905301080867865,3.6342748143055648,208.0160000000002,2.674329410803483,0.35,0.12,15.0,100.0,12.5,1,0.25,150.0
7.691484171511949,3.949426991832282,182.01400000000018,2.8909919419418983,0.35,0.22,40.0,100.0,12.5,1,0.55,350.0
7.6942446747778686,3.6503134669824284,208.0160000000002,2.639117736558393,0.2,0.35,15.0,300.0,25.0,1,0.25,700.0
7.696734659779489,3.694526851184425,208.0160000000002,2.5199080245573175,0.2,0.12,15.0,100.0,12.5,1,0.35,350.0
7.698045710034084,3.967704109497213,182.01400000000018,2.8575188586767672,0.35,0.12,40.0,100.0,12.5,1,0.55,350.0
7.704065529442164,3.705764428077822,208.0160000000002,2.5087460038981106,0.2,0.22,80.0,100.0,12.5,1,0.35,350.0
7.7080824197531586,3.714745558215243,208.0160000000002,2.494562461536892,0.2,0.12,40.0,100.0,12.5,1,0.35,350.0
7.71033723596149,3.6422353949765527,208.0160000000002,2.7081766885283867,0.35,0.22,40.0,100.0,12.5,1,0.25,150.0
7.712983385457749,3.658617111404853,208.0160000000002,2.6689322115796954,0.35,0.12,40.0,100.0,12.5,1,0.25,150.0
7.715210818712575,3.711950984677041,208.0160000000002,2.522913811530089,0.2,0.22,40.0,100.0,25.0,1,0.35,350.0
7.715922712943312,3.7074216537610347,208.0160000000002,2.537888740520787,0.2,0.35,80.0,100.0,12.5,1,0.35,350.0
7.724574198674851,3.7233770773799173,208.0160000000002,2.5170203465569485,0.2,0.22,80.0,100.0,25.0,1,0.35,350.0
7.72722101325693,3.7137239027252087,208.0160000000002,2.552163172947769,0.2,0.35,40.0,100.0,25.0,1,0.35,350.0
7.728968840947412,3.654753319482058,208.0160000000002,2.725644347043861,0.35,0.22,15.0,100.0,25.0,1,0.25,150.0
7.729649570354742,3.660684214282139,208.0160000000002,2.7106438744931456,0.35,0.22,80.0,100.0,12.5,1,0.25,150.0
7.73080921151303,3.970286147131097,182.01400000000018,2.9437516125198013,0.35,0.35,15.0,100.0,25.0,1,0.55,350.0
7.732250486789995,3.984578092328544,182.01400000000018,2.9070354127469935,0.35,0.22,40.0,100.0,25.0,1,0.55,350.0
7.732518284542436,3.66123982999388,208.0160000000002,2.71725272728158,0.35,0.22,40.0,100.0,25.0,1,0.25,150.0
7.73253334786077,3.6719788146082646,208.0160000000002,2.6866129521500075,0.35,0.12,15.0,100.0,25.0,1,0.25,150.0
7.73314790660481,3.6777339204770865,208.0160000000002,2.671925674650631,0.35,0.12,80.0,100.0,12.5,1,0.25,150.0
7.73329849860153,3.6454724733126507,208.0160000000002,2.7645315008253624,0.35,0.35,15.0,100.0,12.5,1,0.25,150.0
7.734357402153524,3.9906496995520775,182.01400000000018,2.895707721718412,0.35,0.22,15.0,100.0,50.0,1,0.55,350.0
7.735844050969538,3.6781867015243095,208.0160000000002,2.6783352841292185,0.35,0.12,40.0,100.0,25.0,1,0.25,150.0
7.73632327368187,3.724921346021777,208.0160000000002,2.5461769361716864,0.2,0.35,80.0,100.0,25.0,1,0.35,350.0
7.7370207404664635,3.9749335303961666,182.01400000000018,2.9482206002008406,0.35,0.35,40.0,100.0,12.5,1,0.55,350.0
7.738314734634209,3.6817369893310006,208.0160000000002,2.675250700866306,0.35,0.08,15.0,100.0,12.5,1,0.25,150.0
7.740341622823587,4.004014323176822,182.01400000000018,2.874620856133605,0.35,0.12,40.0,100.0,25.0,1,0.55,350.0
7.741351037301973,3.6704781136643345,208.0160000000002,2.7160940675361047,0.35,0.22,80.0,100.0,25.0,1,0.25,150.0
7.744018864061069,3.9955838023292043,182.01400000000018,2.909214462091036,0.35,0.22,80.0,100.0,12.5,1,0.55,350.0
7.744593102648025,3.7410729634519524,208.0160000000002,2.5236575405602015,0.2,0.22,80.0,100.0,50.0,1,0.35,350.0
7.745096307330258,3.6877386907345726,208.0160000000002,2.6774789045590945,0.35,0.12,80.0,100.0,25.0,1,0.25,150.0
7.750332750193229,3.677043582488493,208.0160000000002,2.7229976220135237,0.35,0.22,40.0,100.0,50.0,1,0.25,150.0
7.752003806144842,4.0147041150068254,182.01400000000018,2.8773991175371796,0.35,0.12,80.0,100.0,12.5,1,0.55,350.0
7.752488312174678,3.677159198404246,208.0160000000002,2.728826039344085,0.35,0.22,15.0,100.0,50.0,1,0.25,150.0
7.752581219266641,3.6801188450349107,208.0160000000002,2.7206353549477926,0.35,0.22,80.0,100.0,50.0,1,0.25,150.0
7.75393265989158,3.6682497838182395,208.0160000000002,2.7584082173523927,0.35,0.35,40.0,100.0,12.5,1,0.25,150.0
7.754422877125301,3.6946167224503936,208.0160000000002,2.6844747276425864,0.35,0.12,40.0,100.0,50.0,1,0.25,150.0
7.756152031772741,3.7424401210604037,208.0160000000002,2.552776887749528,0.2,0.35,80.0,100.0,50.0,1,0.35,350.0
7.756673024250086,3.697666007534396,208.0160000000002,2.6821914763305337,0.35,0.12,80.0,100.0,50.0,1,0.25,150.0
7.757461711601527,3.695520914716975,208.0160000000002,2.6905737053844265,0.35,0.12,15.0,100.0,50.0,1,0.25,150.0
7.7612722549435516,3.706326760981416,208.0160000000002,2.670587125606095,0.35,0.08,40.0,100.0,12.5,1,0.25,150.0
7.7654900458344365,4.013666208563762,182.01400000000018,2.9188966779162024,0.35,0.22,80.0,100.0,25.0,1,0.55,350.0
7.7671814636062475,4.015506962953772,182.01400000000018,2.9184700018642076,0.35,0.22,40.0,100.0,50.0,1,0.55,350.0
7.772367002528056,3.6806486402739904,208.0160000000002,2.775652463583039,0.35,0.35,15.0,100.0,25.0,1,0.25,150.0
7.77274514177507,3.6862274023719506,208.0160000000002,2.7607935411517635,0.35,0.35,80.0,100.0,12.5,1,0.25,150.0
7.774027892761591,4.033208899510386,182.01400000000018,2.887454266432006,0.35,0.12,80.0,100.0,25.0,1,0.55,350.0
7.775822567189965,3.6869839232065895,208.0160000000002,2.7674246970953504,0.35,0.35,40.0,100.0,25.0,1,0.25,150.0
7.777027882287948,4.036235060627885,182.01400000000018,2.8873794904573167,0.35,0.12,40.0,100.0,50.0,1,0.55,350.0
7.777164945944151,4.009526923267253,182.01400000000018,2.964080064791132,0.35,0.35,40.0,100.0,25.0,1,0.55,350.0
7.778600162653726,4.014697884683013,182.01400000000018,2.953406508487744,0.35,0.35,15.0,100.0,50.0,1,0.55,350.0
7.781921708134626,3.720642930787738,208.0160000000002,2.688682220991101,0.35,0.08,15.0,100.0,25.0,1,0.25,150.0
7.781998324914545,3.7258245083802444,208.0160000000002,2.6740966186694246,0.35,0.08,80.0,100.0,12.5,1,0.25,150.0
7.784368650642409,3.69594096254952,208.0160000000002,2.7662505374082498,0.35,0.35,80.0,100.0,25.0,1,0.25,150.0
7.784733076391799,3.7263581924917224,208.0160000000002,2.68038538257164,0.35,0.08,40.0,100.0,25.0,1,0.25,150.0
7.786932107591634,4.032139153741473,182.01400000000018,2.9273798681433103,0.35,0.22,80.0,100.0,50.0,1,0.55,350.0
7.788132115628761,4.019957522526745,182.01400000000018,2.9656131231486063,0.35,0.35,80.0,100.0,12.5,1,0.55,350.0
7.7932745260575125,3.702453388126454,208.0160000000002,2.773088965517303,0.35,0.35,40.0,100.0,50.0,1,0.25,150.0
7.794195794441296,3.736025997093231,208.0160000000002,2.6797994209944656,0.35,0.08,80.0,100.0,25.0,1,0.25,150.0
7.795195233095453,3.7023863099805734,208.0160000000002,2.778768351756792,0.35,0.35,15.0,100.0,50.0,1,0.25,150.0
7.795449764642967,3.7054436788961844,208.0160000000002,2.7707602449908,0.35,0.35,80.0,100.0,50.0,1,0.25,150.0
7.796254235732981,4.052266346627058,182.01400000000018,2.896508254588345,0.35,0.12,80.0,100.0,50.0,1,0.55,350.0
7.803932478515876,3.7432537190358666,208.0160000000002,2.6869678842285913,0.35,0.08,40.0,100.0,50.0,1,0.25,150.0
7.806076333169079,3.7461860452908984,208.0160000000002,2.6847151082233673,0.35,0.08,80.0,100.0,50.0,1,0.25,150.0
7.807942436701462,3.7449711088175452,208.0160000000002,2.6935180796683293,0.35,0.08,15.0,100.0,50.0,1,0.25,150.0
7.809431325171359,4.037875765086657,182.01400000000018,2.9752730288134273,0.35,0.35,80.0,100.0,25.0,1,0.55,350.0
7.811260721164506,4.0397247961863165,182.01400000000018,2.9752169285091026,0.35,0.35,40.0,100.0,50.0,1,0.55,350.0
7.812873880429773,3.710280898592356,208.0160000000002,2.8067228052497555,0.35,0.12,15.0,300.0,12.5,1,0.25,700.0
7.826494261214502,3.7528999262137783,208.0160000000002,2.723869528573487,0.35,0.08,80.0,300.0,12.5,1,0.35,700.0
7.828086468912828,3.7383682717082753,208.0160000000002,2.769937706298717,0.35,0.08,15.0,300.0,25.0,1,0.35,700.0
7.830177260985497,3.7504481287997726,208.0160000000002,2.741397520530634,0.35,0.08,40.0,300.0,25.0,1,0.35,700.0
7.830539606182887,4.056055932792699,182.01400000000018,2.983639066829101,0.35,0.35,80.0,100.0,50.0,1,0.55,350.0
7.8504827395450985,3.747691289122044,208.0160000000002,2.8072898583515773,0.35,0.22,15.0,300.0,50.0,1,0.35,700.0
7.853891695068804,3.7671175794130254,208.0160000000002,2.761526044730791,0.35,0.12,40.0,300.0,50.0,1,0.35,700.0
7.859433542026676,3.544843802748809,234.01800000000023,2.298056397936754,0.1,0.08,40.0,300.0,12.5,1,0.25,700.0
7.8600928567011925,3.550967297824654,234.01800000000023,2.282444453932956,0.1,0.22,80.0,300.0,12.5,1,0.25,700.0
7.860400730046425,3.7581023036116084,208.0160000000002,2.8058812183851845,0.35,0.08,15.0,300.0,12.5,1,0.25,700.0
7.8622984911324,3.5491594102465376,234.01800000000023,2.293911659673885,0.1,0.35,80.0,300.0,12.5,1,0.25,700.0
7.863239414969518,3.7731145878017784,208.0160000000002,2.7710995061935355,0.35,0.12,15.0,300.0,50.0,1,0.35,700.0
7.864562710821016,3.567326466128592,234.01800000000023,2.2484749848354886,0.1,0.22,40.0,100.0,12.5,1,0.35,350.0
7.86539238017853,3.563734282156262,234.01800000000023,2.2611088514921875,0.1,0.35,40.0,100.0,12.5,1,0.35,350.0
7.869068300518308,3.7829496748260043,208.0160000000002,2.7596532162637195,0.35,0.12,80.0,300.0,50.0,1,0.35,700.0
7.873014809906593,3.791683685792181,208.0160000000002,2.7459746403268848,0.35,0.08,80.0,300.0,25.0,1,0.35,700.0
7.877726995299317,3.585086685468297,234.01800000000023,2.2353437423743348,0.1,0.22,80.0,100.0,12.5,1,0.35,350.0
7.878380163342506,3.5813139942599026,234.01800000000023,2.247989054521711,0.1,0.35,80.0,100.0,12.5,1,0.35,350.0
7.879579800156116,3.5730285483252833,234.01800000000023,2.2750892909452274,0.1,0.12,80.0,300.0,12.5,1,0.25,700.0
7.889595347790842,3.59437129439367,234.01800000000023,2.2427258668490544,0.1,0.12,40.0,100.0,12.5,1,0.35,350.0
7.8920460504006495,3.5749368412662066,234.01800000000023,2.305254883241257,0.1,0.22,15.0,100.0,12.5,1,0.35,350.0
7.892985615035951,3.5715218795241355,234.01800000000023,2.3176963871766083,0.1,0.35,15.0,100.0,12.5,1,0.35,350.0
7.894740237043127,3.7727626568368238,208.0160000000002,2.862107372018004,0.35,0.35,15.0,300.0,50.0,1,0.35,700.0
7.897463831772522,3.6023120087027243,234.01800000000023,2.2425194944851286,0.1,0.22,80.0,100.0,25.0,1,0.35,350.0
7.898065916039593,3.598481967644111,234.01800000000023,2.2551827097013697,0.1,0.35,80.0,100.0,25.0,1,0.35,350.0
7.9007879720216945,3.5733918451538074,234.01800000000023,2.33464607676538,0.1,0.22,40.0,300.0,25.0,1,0.25,700.0
7.9019331938349,3.6008885018428827,234.01800000000023,2.259356262834325,0.1,0.22,40.0,100.0,25.0,1,0.35,350.0
7.902598466649866,3.5971337204215463,234.01800000000023,2.271984989223759,0.1,0.35,40.0,100.0,25.0,1,0.35,350.0
7.902994949220694,3.5716312755228024,234.01800000000023,2.3459819248511082,0.1,0.35,40.0,300.0,25.0,1,0.25,700.0
7.903178894595135,3.6124277051724056,234.01800000000023,2.2299462554935037,0.1,0.12,80.0,100.0,12.5,1,0.35,350.0
7.9056571759260645,3.590063766954239,234.01800000000023,2.3009240256337766,0.1,0.22,80.0,300.0,25.0,1,0.25,700.0
7.906265237670947,3.8173003492829594,208.0160000000002,2.767785395394244,0.35,0.08,40.0,300.0,50.0,1,0.35,700.0
7.906522945474272,3.797657591452279,208.0160000000002,2.824643868634259,0.35,0.22,40.0,300.0,12.5,1,0.25,700.0
7.9077722319390364,3.813558722400034,208.0160000000002,2.7827814558257162,0.35,0.12,40.0,300.0,12.5,1,0.25,700.0
7.9077916983726855,3.5881637315446717,234.01800000000023,2.312451333794315,0.1,0.35,80.0,300.0,25.0,1,0.25,700.0
7.908572565905429,3.600766032201941,234.01800000000023,2.278675810581383,0.1,0.08,80.0,300.0,12.5,1,0.25,700.0
7.916415164546681,3.619417150090485,234.01800000000023,2.2477943270176945,0.1,0.22,80.0,100.0,50.0,1,0.35,350.0
7.916922195695451,3.601950059824678,234.01800000000023,2.2991489596307733,0.1,0.12,15.0,100.0,12.5,1,0.35,350.0
7.916930874878164,3.615502901284817,234.01800000000023,2.2604513531238406,0.1,0.35,80.0,100.0,50.0,1,0.35,350.0
7.920151298718078,3.8319108317640778,208.0160000000002,2.765715619868566,0.35,0.08,80.0,300.0,50.0,1,0.35,700.0
7.920325642215482,3.5955642359629625,234.01800000000023,2.327118303578615,0.1,0.12,40.0,300.0,25.0,1,0.25,700.0
7.923141308694635,3.629838565802613,234.01800000000023,2.2372364082629113,0.1,0.12,80.0,100.0,25.0,1,0.35,350.0
7.923684773213286,3.626478621886749,234.01800000000023,2.248389003790096,0.1,0.08,40.0,100.0,12.5,1,0.35,350.0
7.923921575278847,3.83012187967365,208.0160000000002,2.7815991303005556,0.35,0.08,15.0,300.0,50.0,1,0.35,700.0
7.92552035648611,3.6124510659604927,234.01800000000023,2.2937122586446095,0.1,0.12,80.0,300.0,25.0,1,0.25,700.0
7.927535429815993,3.6283873883639233,234.01800000000023,2.2539372612916195,0.1,0.12,40.0,100.0,25.0,1,0.35,350.0
7.930475327518571,3.627977730737156,234.01800000000023,2.263507419375462,0.1,0.22,40.0,100.0,50.0,1,0.35,350.0
7.930934655305738,3.6240271667675255,234.01800000000023,2.2761071101091703,0.1,0.35,40.0,100.0,50.0,1,0.35,350.0
7.937564043362171,3.644748168646288,234.01800000000023,2.2358453563310823,0.1,0.08,80.0,100.0,12.5,1,0.35,350.0
7.942385351576567,3.6471746666485827,234.01800000000023,2.2426876712228028,0.1,0.12,80.0,100.0,50.0,1,0.35,350.0
7.949396719797321,3.623420789763873,234.01800000000023,2.330588371524129,0.1,0.08,40.0,300.0,25.0,1,0.25,700.0
7.951070634470847,3.6341368479200944,234.01800000000023,2.3047536758592853,0.1,0.08,15.0,100.0,12.5,1,0.35,350.0
7.951195010210521,3.6303884462360108,234.01800000000023,2.3158187542128776,0.1,0.22,80.0,300.0,50.0,1,0.25,700.0
7.953184929561816,3.628339409352158,234.01800000000023,2.3273586291704427,0.1,0.35,80.0,300.0,50.0,1,0.25,700.0
7.954926733652864,3.640521775593842,234.01800000000023,2.2975284515971985,0.1,0.08,80.0,300.0,25.0,1,0.25,700.0
7.955088849070005,3.8264714648772467,208.0160000000002,2.8810782405507314,0.35,0.35,40.0,300.0,12.5,1,0.25,700.0
7.955200050910053,3.6361973510520067,234.01800000000023,2.310664856737264,0.1,0.22,15.0,100.0,25.0,1,0.35,350.0
7.955584263814661,3.63224551263271,234.01800000000023,2.3230535748055656,0.1,0.35,15.0,100.0,25.0,1,0.35,350.0
7.956701959179599,3.6559609139706883,234.01800000000023,2.2584887005968786,0.1,0.12,40.0,100.0,50.0,1,0.35,350.0
7.9577599236231515,3.6623423254873546,234.01800000000023,2.2432788518165543,0.1,0.08,80.0,100.0,25.0,1,0.35,350.0
7.958253036490188,3.862842266414536,208.0160000000002,2.786202200216143,0.35,0.08,40.0,300.0,12.5,1,0.25,700.0
7.962181277402732,3.6609199165007253,234.01800000000023,2.259975316862867,0.1,0.08,40.0,100.0,25.0,1,0.35,350.0
7.9715749818516315,3.653199704765852,234.01800000000023,2.3088722202450733,0.1,0.12,80.0,300.0,50.0,1,0.25,700.0
7.972281274872354,3.923567515944529,208.0160000000002,2.6527821683652073,0.2,0.35,40.0,100.0,12.5,1,0.55,700.0
7.97327545512354,3.640134652959917,234.01800000000023,2.3510594347531986,0.1,0.22,40.0,300.0,50.0,1,0.25,700.0
7.975106946587845,3.638003243218166,234.01800000000023,2.3623820096276456,0.1,0.35,40.0,300.0,50.0,1,0.25,700.0
7.977286072665579,3.679893206303217,234.01800000000023,2.2489224753210255,0.1,0.08,80.0,100.0,50.0,1,0.35,350.0
7.981183567168646,3.6661772852604755,234.01800000000023,2.299246519737622,0.1,0.22,15.0,100.0,50.0,1,0.35,350.0
7.98119614838114,3.6618482119173636,234.01800000000023,2.3116512470393538,0.1,0.35,15.0,100.0,50.0,1,0.35,350.0
7.981514485737094,3.6834119509465015,234.01800000000023,2.2509500994016807,0.1,0.35,40.0,100.0,12.5,1,0.55,700.0
7.981571773829806,3.6886501889365317,234.01800000000023,2.2361473854093465,0.1,0.22,40.0,100.0,12.5,1,0.55,700.0
7.981765632388044,3.664535361641788,234.01800000000023,2.3056007735607236,0.1,0.12,15.0,100.0,25.0,1,0.35,350.0
7.985104840776875,3.849907649479724,208.0160000000002,2.8998776894204235,0.35,0.22,15.0,300.0,25.0,1,0.25,700.0
7.991216012750325,3.870501050638955,208.0160000000002,2.8584998917467623,0.35,0.12,15.0,300.0,25.0,1,0.25,700.0
7.991926414423029,3.6889262702291488,234.01800000000023,2.2649432691253617,0.1,0.08,40.0,100.0,50.0,1,0.35,350.0
7.9939118277286445,3.703279989032456,234.01800000000023,2.229605253417671,0.1,0.35,80.0,100.0,12.5,1,0.55,700.0
7.993970981465076,3.663244922365667,234.01800000000023,2.344160168855444,0.1,0.12,40.0,300.0,50.0,1,0.25,700.0
7.994279214078136,3.708810289391601,234.01800000000023,2.2148540705329496,0.1,0.22,80.0,100.0,12.5,1,0.55,700.0
7.9977461318094205,3.875712252544028,208.0160000000002,2.862268226472542,0.35,0.22,40.0,300.0,25.0,1,0.25,700.0
7.9978059639211505,3.8832204247549535,208.0160000000002,2.840987254760557,0.35,0.22,80.0,300.0,12.5,1,0.25,700.0
8.001500693926735,3.6816722734497715,234.01800000000023,2.3130240585056003,0.1,0.08,80.0,300.0,50.0,1,0.25,700.0
8.002010595215706,3.894111536596358,208.0160000000002,2.821883024626701,0.35,0.12,40.0,300.0,25.0,1,0.25,700.0
8.002923262105632,3.9020464205739747,208.0160000000002,2.8018195472332996,0.35,0.12,80.0,300.0,12.5,1,0.25,700.0
8.00426979857644,3.6332531112296618,234.01800000000023,2.4592762495622122,0.1,0.22,15.0,300.0,25.0,1,0.25,700.0
8.00573072294172,3.631048176221142,234.01800000000023,2.469750133487357,0.1,0.35,15.0,300.0,25.0,1,0.25,700.0
8.008901498442203,3.695381799276317,234.01800000000023,2.29499914047395,0.1,0.12,15.0,100.0,50.0,1,0.35,350.0
8.01251790215213,3.7210153859101247,234.01800000000023,2.232092903548574,0.1,0.12,40.0,100.0,12.5,1,0.55,700.0
8.017501894738187,3.6979077769053066,234.01800000000023,2.312354622379649,0.1,0.08,15.0,100.0,25.0,1,0.35,350.0
8.024017662663784,3.729798393211076,234.01800000000023,2.239855055579159,0.1,0.35,80.0,100.0,25.0,1,0.55,700.0
8.02415267046077,3.691945422990835,234.01800000000023,2.348392135628377,0.1,0.08,40.0,300.0,50.0,1,0.25,700.0
8.024486393786578,3.735432653319603,234.01800000000023,2.225096401334205,0.1,0.22,80.0,100.0,25.0,1,0.55,700.0
8.02506502713729,3.656581024679021,234.01800000000023,2.4520400070236152,0.1,0.12,15.0,300.0,25.0,1,0.25,700.0
8.025622460443504,3.741433169047789,234.01800000000023,2.211197975416319,0.1,0.12,80.0,100.0,12.5,1,0.55,700.0
8.03268940986546,3.8781348827583764,208.0160000000002,2.955184363163093,0.35,0.35,15.0,300.0,25.0,1,0.25,700.0
8.03757327293742,3.9828968748524836,208.0160000000002,2.669818280242666,0.2,0.35,80.0,100.0,12.5,1,0.55,700.0
8.038784856545142,3.7353019525760423,234.01800000000023,2.266322582768848,0.1,0.35,40.0,100.0,25.0,1,0.55,700.0
8.039151207159897,3.7408318714485778,234.01800000000023,2.25156953060376,0.1,0.22,40.0,100.0,25.0,1,0.55,700.0
8.044028190513389,3.9098445055343114,208.0160000000002,2.8969819570830735,0.35,0.35,80.0,300.0,12.5,1,0.25,700.0
8.045134286540709,3.903408746971027,208.0160000000002,2.918530113056225,0.35,0.35,40.0,300.0,25.0,1,0.25,700.0
8.04572001423829,3.729545438666284,234.01800000000023,2.302584501634292,0.1,0.08,15.0,100.0,50.0,1,0.35,350.0
8.04606848716742,3.923681749308011,208.0160000000002,2.8632763938840156,0.35,0.22,80.0,300.0,25.0,1,0.25,700.0
8.047941464107428,3.925329069580646,208.0160000000002,2.8639211272193656,0.35,0.08,15.0,300.0,25.0,1,0.25,700.0
8.04934448955263,3.6704505251956148,234.01800000000023,2.4817827553057468,0.2,0.12,80.0,300.0,25.0,1,0.25,700.0
8.04976858332827,3.675974606955105,234.01800000000023,2.4672113610661732,0.2,0.08,80.0,300.0,12.5,1,0.25,700.0
8.05227027379823,3.943411254198479,208.0160000000002,2.8246257702849964,0.35,0.12,80.0,300.0,25.0,1,0.25,700.0
8.05243376796733,3.758123103113163,234.01800000000023,2.2401161852976066,0.1,0.08,40.0,100.0,12.5,1,0.55,700.0
8.05309831774873,3.7281384598254745,234.01800000000023,2.3276853083521525,0.1,0.22,15.0,100.0,12.5,1,0.55,700.0
8.053209956643597,3.723164379938058,234.01800000000023,2.3422159334443897,0.1,0.35,15.0,100.0,12.5,1,0.55,700.0
8.053682164895957,3.7568193076177483,234.01800000000023,2.247408163652015,0.1,0.35,80.0,100.0,50.0,1,0.55,700.0
8.054318236462178,3.7626079314455656,234.01800000000023,2.232686585761739,0.1,0.22,80.0,100.0,50.0,1,0.55,700.0
8.054950866747097,3.685184912141007,234.01800000000023,2.455702727445962,0.1,0.08,15.0,300.0,25.0,1,0.25,700.0
8.05525781579414,3.9455020052171834,208.0160000000002,2.827188030219873,0.35,0.08,40.0,300.0,25.0,1,0.25,700.0
8.055625166705465,3.9527223424164,208.0160000000002,2.807608069397317,0.35,0.08,80.0,300.0,12.5,1,0.25,700.0
8.056258099115514,3.7683925324829377,234.01800000000023,2.22170161895021,0.1,0.12,80.0,100.0,25.0,1,0.55,700.0
8.059575065075125,3.944977590617638,208.0160000000002,2.841021355592813,0.35,0.08,15.0,100.0,12.5,1,0.55,350.0
8.06544593693497,3.778503272701089,234.01800000000023,2.219064754953931,0.1,0.08,80.0,100.0,12.5,1,0.55,700.0
8.070331116363702,3.679387462816639,234.01800000000023,2.5162104387058855,0.2,0.22,80.0,300.0,50.0,1,0.25,700.0
8.071195560061348,3.774040386131461,234.01800000000023,2.248243354085383,0.1,0.12,40.0,100.0,25.0,1,0.55,700.0
8.076056978993174,3.9454024083832264,208.0160000000002,2.8868987731712696,0.35,0.22,40.0,300.0,50.0,1,0.25,700.0
8.07718752916225,3.6893891235312832,234.01800000000023,2.5072240160884687,0.2,0.08,40.0,300.0,25.0,1,0.25,700.0
8.0787949735256,3.6795653340339434,234.01800000000023,2.539884684261869,0.2,0.22,40.0,300.0,50.0,1,0.25,700.0
8.081010114022892,3.944371228136914,208.0160000000002,2.90399681681707,0.35,0.22,15.0,300.0,50.0,1,0.25,700.0
8.083844863130643,3.6833083209619732,234.01800000000023,2.543618691910479,0.2,0.35,80.0,300.0,50.0,1,0.25,700.0
8.084221152949468,3.966949723944648,208.0160000000002,2.848661225728047,0.35,0.12,40.0,300.0,50.0,1,0.25,700.0
8.08443668984165,3.760947407896701,234.01800000000023,2.3234836626998474,0.1,0.12,15.0,100.0,12.5,1,0.55,700.0
8.084892055334015,3.9662499476065154,208.0160000000002,2.8525774506499912,0.35,0.12,15.0,100.0,25.0,1,0.55,350.0
8.086656241147836,3.795997652394331,234.01800000000023,2.22968168215286,0.1,0.12,80.0,100.0,50.0,1,0.55,700.0
8.090278003833268,3.7232698255153296,234.01800000000023,2.4478233666226705,0.1,0.22,15.0,300.0,50.0,1,0.25,700.0
8.090841297886271,3.7201473211131106,234.01800000000023,2.458354219351878,0.1,0.35,15.0,300.0,50.0,1,0.25,700.0
8.091987439636684,3.949987021806361,208.0160000000002,2.9193154795152023,0.35,0.35,80.0,300.0,25.0,1,0.25,700.0
8.092176390065886,3.683449598778811,234.01800000000023,2.5670194036773446,0.2,0.35,40.0,300.0,50.0,1,0.25,700.0
8.094888895729637,3.9657336572979114,208.0160000000002,2.882614966947779,0.35,0.22,80.0,300.0,50.0,1,0.25,700.0
8.09634983006383,3.7115442582199925,234.01800000000023,2.498673062410954,0.2,0.12,80.0,300.0,50.0,1,0.25,700.0
8.097153456008352,3.716185229195522,234.01800000000023,2.4877092194652204,0.2,0.08,80.0,300.0,25.0,1,0.25,700.0
8.097308532748562,3.678934182265151,234.01800000000023,2.5945838585240195,0.2,0.12,15.0,300.0,25.0,1,0.25,700.0
8.102748067763756,3.986799204540638,208.0160000000002,2.844882466351757,0.35,0.12,80.0,300.0,50.0,1,0.25,700.0
8.105313945808254,3.7122378509354474,234.01800000000023,2.5223031282080086,0.2,0.12,40.0,300.0,50.0,1,0.25,700.0
8.10608713698948,3.9949467858863508,208.0160000000002,2.8311438602946493,0.35,0.08,80.0,300.0,25.0,1,0.25,700.0
8.11384089892624,3.74881895963309,234.01800000000023,2.442148397980418,0.1,0.12,15.0,300.0,50.0,1,0.25,700.0
8.121725652201187,3.9714942234845054,208.0160000000002,2.9428326534762257,0.35,0.35,40.0,300.0,50.0,1,0.25,700.0
8.122259440733657,3.7205162555616775,234.01800000000023,2.547066243348508,0.2,0.22,15.0,100.0,25.0,1,0.35,350.0
8.124538994574735,3.968593324432777,208.0160000000002,2.959159057548443,0.35,0.35,15.0,300.0,50.0,1,0.25,700.0
8.12668955544729,3.7434108388126504,234.01800000000023,2.4943106189561064,0.2,0.12,80.0,100.0,12.5,1,0.35,350.0
8.13401913578474,3.722067824515381,234.01800000000023,2.576232317912446,0.2,0.35,15.0,100.0,25.0,1,0.35,350.0
8.13635723459077,3.7405612971313906,234.01800000000023,2.530074107026791,0.2,0.22,40.0,100.0,50.0,1,0.35,350.0
8.137358902302783,4.013288572725536,208.0160000000002,2.8680866559349822,0.35,0.08,40.0,100.0,12.5,1,0.55,350.0
8.137948609946209,4.01463103824373,208.0160000000002,2.865935919149933,0.35,0.12,15.0,100.0,50.0,1,0.55,350.0
8.138099002126738,3.7499143123162484,234.01800000000023,2.5083276851728202,0.2,0.12,40.0,100.0,25.0,1,0.35,350.0
8.140140839389803,3.991419130024345,208.0160000000002,2.9385191696155846,0.35,0.35,80.0,300.0,50.0,1,0.25,700.0
8.140548551495382,4.017051527049197,208.0160000000002,2.8664486412748076,0.35,0.08,15.0,100.0,25.0,1,0.55,350.0
8.140771145470875,3.7453249940611277,234.01800000000023,2.5290747183135553,0.2,0.08,15.0,100.0,12.5,1,0.35,350.0
8.145127439701763,3.75802073594104,234.01800000000023,2.5052477250306273,0.2,0.08,80.0,300.0,50.0,1,0.25,700.0
8.146441238967274,3.779446548011611,234.01800000000023,2.4477848313018824,0.1,0.08,15.0,300.0,50.0,1,0.25,700.0
8.14646417529195,3.726158697796523,234.01800000000023,2.6001013642726365,0.2,0.08,15.0,300.0,25.0,1,0.25,700.0
8.147610725718327,3.761356490764217,234.01800000000023,2.5028120998688768,0.2,0.12,80.0,100.0,25.0,1,0.35,350.0
8.147908842993386,3.7419131540777353,234.01800000000023,2.559216254044708,0.2,0.35,40.0,100.0,50.0,1,0.35,350.0
8.151410083886029,3.764793225042738,234.01800000000023,2.503848168123681,0.2,0.08,40.0,100.0,12.5,1,0.35,350.0
8.154709192500937,3.759281926934848,234.01800000000023,2.5290207587602445,0.2,0.08,40.0,300.0,50.0,1,0.25,700.0
8.156857977771244,3.756103953350944,234.01800000000023,2.5442400697722745,0.2,0.22,15.0,100.0,50.0,1,0.35,350.0
8.156958293473668,3.7601871737795953,234.01800000000023,2.532860341983055,0.2,0.12,15.0,100.0,25.0,1,0.35,350.0
8.156983108146807,3.7343670970887075,234.01800000000023,2.6067028887374177,0.2,0.22,15.0,300.0,50.0,1,0.25,700.0
8.16773761227136,3.7568157722231383,234.01800000000023,2.573290971566335,0.2,0.35,15.0,100.0,50.0,1,0.35,350.0
8.168180605682034,3.7794814427855843,234.01800000000023,2.5097976082755626,0.2,0.12,80.0,100.0,50.0,1,0.35,350.0
8.168194076174672,3.736497966777941,234.01800000000023,2.632646026847789,0.2,0.35,15.0,300.0,50.0,1,0.25,700.0
8.170410333032601,3.779440839822103,234.01800000000023,2.5162842663156995,0.2,0.12,40.0,100.0,50.0,1,0.35,350.0
8.18029073448956,3.793608821204817,234.01800000000023,2.5040340379563997,0.2,0.08,80.0,100.0,12.5,1,0.35,350.0
8.180928682047997,4.05048744223492,208.0160000000002,2.886289256608782,0.35,0.08,40.0,100.0,25.0,1,0.55,350.0
8.188921602938933,3.771731253159705,234.01800000000023,2.591200999369213,0.2,0.12,15.0,300.0,50.0,1,0.25,700.0
8.191103159822793,4.059845504097735,208.0160000000002,2.888621873500157,0.35,0.08,80.0,100.0,12.5,1,0.55,350.0
8.192385993333087,3.800702413597902,234.01800000000023,2.518324513529091,0.2,0.08,40.0,100.0,25.0,1,0.35,350.0
8.19381651739098,3.7974331187295687,234.01800000000023,2.5317525676040207,0.2,0.12,15.0,100.0,50.0,1,0.35,350.0
8.195798108353772,4.066701758050834,208.0160000000002,2.8824467151512443,0.35,0.08,15.0,100.0,50.0,1,0.55,350.0
8.201464572101944,4.044956638548584,208.0160000000002,2.960765524438165,0.35,0.22,15.0,100.0,12.5,1,0.35,350.0
8.201620723587101,3.81186835682484,234.01800000000023,2.512806762177883,0.2,0.08,80.0,100.0,25.0,1,0.35,350.0
8.2106038009613,4.066717724352012,208.0160000000002,2.9247030760265305,0.35,0.12,15.0,100.0,12.5,1,0.35,350.0
8.213637974807188,4.078714613131643,208.0160000000002,2.899095319072978,0.35,0.08,80.0,100.0,25.0,1,0.55,350.0
8.213830927328672,3.813076739722595,234.01800000000023,2.5442405360173512,0.2,0.08,15.0,100.0,25.0,1,0.35,350.0
8.218888205575555,4.0835509318195955,208.0160000000002,2.900277925017017,0.35,0.08,40.0,100.0,50.0,1,0.55,350.0
8.222686823905892,3.830362346715006,234.01800000000023,2.5201556491168056,0.2,0.08,80.0,100.0,50.0,1,0.35,350.0
8.225716137167318,3.8309703528175993,234.01800000000023,2.5270736695706133,0.2,0.08,40.0,100.0,50.0,1,0.35,350.0
8.23648802243864,4.09820011335305,208.0160000000002,2.9087083116731094,0.35,0.08,80.0,100.0,50.0,1,0.55,350.0
8.243299390599184,3.822805001977064,234.01800000000023,2.600641110348905,0.2,0.08,15.0,300.0,50.0,1,0.25,700.0
8.248577979323079,4.071398513982257,208.0160000000002,3.0198270438309134,0.35,0.35,15.0,100.0,12.5,1,0.35,350.0
8.252568241511938,3.8516292657715865,234.01800000000023,2.54476850211528,0.2,0.08,15.0,100.0,50.0,1,0.35,350.0
8.265060486038076,3.8425688858736735,234.01800000000023,2.60634742904114,0.2,0.22,15.0,100.0,12.5,1,0.25,350.0
8.267218406465519,4.119330175565219,208.0160000000002,2.936137802572276,0.35,0.08,15.0,100.0,12.5,1,0.35,350.0
8.278715715910215,3.8456774333461348,234.01800000000023,2.636480807325934,0.2,0.35,15.0,100.0,12.5,1,0.25,350.0
8.282367881071677,4.118292218584431,208.0160000000002,2.9823876071064084,0.35,0.22,15.0,100.0,25.0,1,0.35,350.0
8.289645941799971,3.876706629202514,234.01800000000023,2.5790551788498672,0.2,0.22,40.0,100.0,12.5,1,0.25,350.0
8.290344314596737,4.125300009179005,208.0160000000002,2.9851551583363714,0.35,0.22,40.0,100.0,12.5,1,0.35,350.0
8.296456356494405,3.8797014868712174,234.01800000000023,2.589956770351956,0.2,0.12,15.0,100.0,12.5,1,0.25,350.0
8.296663225438788,4.143973988680428,208.0160000000002,2.9498549621667336,0.35,0.12,15.0,100.0,25.0,1,0.35,350.0
8.300262900994332,3.871445882705185,234.01800000000023,2.6244200522546963,0.2,0.22,15.0,100.0,12.5,1,0.55,700.0
8.300858229229995,4.147487609827338,208.0160000000002,2.951801769721869,0.35,0.12,40.0,100.0,12.5,1,0.35,350.0
8.302885649092332,3.8793501927942975,234.01800000000023,2.6093298751372305,0.2,0.35,40.0,100.0,12.5,1,0.25,350.0
8.313244037468387,3.8728087405950307,234.01800000000023,2.657615133923865,0.2,0.35,15.0,100.0,12.5,1,0.55,700.0
8.321276690832757,3.91372813986996,234.01800000000023,2.563653002750837,0.2,0.12,40.0,100.0,12.5,1,0.25,350.0
8.324976260399843,3.9121653116389803,234.01800000000023,2.5786884250310287,0.2,0.22,80.0,100.0,12.5,1,0.25,350.0
8.327212946878568,4.142662355883202,208.0160000000002,3.0408874028438984,0.35,0.35,15.0,100.0,25.0,1,0.35,350.0
8.332728511157095,3.914728001425554,234.01800000000023,2.59351574209011,0.2,0.22,40.0,100.0,25.0,1,0.25,350.0
8.334648193865025,4.163500767130666,208.0160000000002,3.002592647812448,0.35,0.22,40.0,100.0,25.0,1,0.35,350.0
8.335035265082725,4.149775688494928,208.0160000000002,3.042913075965128,0.35,0.35,40.0,100.0,12.5,1,0.35,350.0
8.337756612973894,3.9143870189816146,234.01800000000023,2.608855982835075,0.2,0.35,80.0,100.0,12.5,1,0.25,350.0
8.338829021662942,4.170430055863713,208.0160000000002,2.994739902283505,0.35,0.22,15.0,100.0,50.0,1,0.35,350.0
8.339635624385505,3.915344992921878,234.01800000000023,2.6114875184674937,0.2,0.12,15.0,100.0,12.5,1,0.55,700.0
8.342631263535102,3.9151925552587046,234.01800000000023,2.6204820236468405,0.2,0.22,15.0,100.0,25.0,1,0.25,350.0
8.345604304867212,3.9170292029879628,234.01800000000023,2.6237288625121344,0.2,0.35,40.0,100.0,25.0,1,0.25,350.0
8.346788919996488,4.1869311081115494,208.0160000000002,2.97033660538553,0.35,0.12,40.0,100.0,25.0,1,0.35,350.0
8.347309435433953,3.9313895309011673,234.01800000000023,2.587571155807951,0.2,0.22,80.0,100.0,25.0,1,0.25,350.0
8.348501490985148,4.176723697545063,208.0160000000002,3.004393695543096,0.35,0.22,80.0,100.0,12.5,1,0.35,350.0
8.350268391997682,3.9228910966396864,234.01800000000023,2.6203065581656917,0.2,0.22,40.0,100.0,12.5,1,0.55,700.0
8.351751912257871,3.931484219498421,234.01800000000023,2.599993407884136,0.2,0.08,15.0,100.0,12.5,1,0.25,350.0
8.355049300888833,3.9171391156694884,234.01800000000023,2.6504005291981176,0.2,0.35,15.0,100.0,25.0,1,0.25,350.0
8.355364068467702,4.197879330065776,208.0160000000002,2.9635563954340687,0.35,0.08,40.0,100.0,12.5,1,0.35,350.0
8.356889214575395,4.198759213698874,208.0160000000002,2.965400002504338,0.35,0.12,15.0,100.0,50.0,1,0.35,350.0
8.357403629777213,3.9496995887324364,234.01800000000023,2.564097260127924,0.2,0.12,80.0,100.0,12.5,1,0.25,350.0
8.35998127882827,3.933498372124698,234.01800000000023,2.617751162010198,0.2,0.35,80.0,100.0,25.0,1,0.25,350.0
8.360540893107979,4.199855824894156,208.0160000000002,2.9727001948966287,0.35,0.12,80.0,100.0,12.5,1,0.35,350.0
8.368420028607531,3.9474379905152652,234.01800000000023,2.6020343945493214,0.2,0.22,40.0,100.0,50.0,1,0.25,350.0
8.369570575531435,3.9510808863287545,234.01800000000023,2.594913397721938,0.2,0.22,80.0,100.0,50.0,1,0.25,350.0
8.371580047501979,4.196178726654152,208.0160000000002,3.0147466309937827,0.35,0.22,80.0,100.0,25.0,1,0.35,350.0
8.373221219437363,4.197617232314997,208.0160000000002,3.0153256774924677,0.35,0.22,40.0,100.0,50.0,1,0.35,350.0
8.378684496225922,4.187389133812864,208.0160000000002,3.0601581783230163,0.35,0.35,40.0,100.0,25.0,1,0.35,350.0
8.380833436757989,3.949316976274228,234.01800000000023,2.6321327442393057,0.2,0.35,40.0,100.0,50.0,1,0.25,350.0
8.381805027319025,4.193141105597233,208.0160000000002,3.0526397763479696,0.35,0.35,15.0,100.0,50.0,1,0.35,350.0
8.381985709575575,4.202259451719035,208.0160000000002,3.0271035938758226,0.35,0.22,15.0,100.0,12.5,1,0.25,350.0
8.382051028681117,3.953012596684905,234.01800000000023,2.62505266284631,0.2,0.35,80.0,100.0,50.0,1,0.25,350.0
8.384210201130484,4.219766422236863,208.0160000000002,2.9834393682674794,0.35,0.12,80.0,100.0,25.0,1,0.35,350.0
8.387238060594216,4.222443824471945,208.0160000000002,2.9844406746350503,0.35,0.12,40.0,100.0,50.0,1,0.35,350.0
8.388055266988056,3.9648121449043603,234.01800000000023,2.6084946345248343,0.2,0.12,40.0,100.0,12.5,1,0.55,700.0
8.391815588459432,4.200084685980897,208.0160000000002,3.06140257851009,0.35,0.35,80.0,100.0,12.5,1,0.35,350.0
8.394896149327108,4.216273761244847,208.0160000000002,3.023949680235023,0.35,0.22,80.0,100.0,50.0,1,0.35,350.0
8.40265648268811,3.9729809171037034,234.01800000000023,2.6268730445268678,0.2,0.08,15.0,100.0,12.5,1,0.55,700.0
8.405455356704012,3.9713302031264157,234.01800000000023,2.6395861530788354,0.2,0.22,15.0,100.0,25.0,1,0.55,700.0
8.408362040317272,4.240490326791715,208.0160000000002,2.993233467215867,0.35,0.12,80.0,100.0,50.0,1,0.35,350.0
8.412338020896005,3.977737953418224,234.01800000000023,2.6409430499365074,0.2,0.22,40.0,100.0,25.0,1,0.55,700.0
8.414710166169801,4.219363628912156,208.0160000000002,3.0717329635932638,0.35,0.35,80.0,100.0,25.0,1,0.35,350.0
8.415065922574119,4.250014717914871,208.0160000000002,2.985174870454989,0.35,0.08,80.0,100.0,12.5,1,0.35,350.0
8.416249978939634,3.9706845956199466,234.01800000000023,2.672272523770527,0.2,0.35,15.0,100.0,25.0,1,0.55,700.0
8.416385224052778,4.220740990160312,208.0160000000002,3.072583525407039,0.35,0.35,40.0,100.0,50.0,1,0.35,350.0
8.416411622823457,3.982845257385839,234.01800000000023,2.6379896155360414,0.2,0.22,80.0,100.0,12.5,1,0.55,700.0
8.423762961821392,3.9778551133270867,234.01800000000023,2.6732509956980057,0.2,0.35,40.0,100.0,25.0,1,0.55,700.0
8.429342357530347,4.228572511253857,208.0160000000002,3.087228132218534,0.35,0.35,15.0,100.0,12.5,1,0.25,350.0
8.437676539765095,4.239151080169868,208.0160000000002,3.0808155988434973,0.35,0.35,80.0,100.0,50.0,1,0.35,350.0
8.44620545758393,4.018328079610009,234.01800000000023,2.6217353656397693,0.2,0.08,40.0,100.0,12.5,1,0.55,700.0
8.449223121489277,4.011079490760795,234.01800000000023,2.651067516367083,0.2,0.22,80.0,100.0,25.0,1,0.55,700.0
8.452071336660017,4.0211214621362785,234.01800000000023,2.6305139272106732,0.2,0.12,40.0,100.0,25.0,1,0.55,700.0
8.45259233200704,4.001762671892922,234.01800000000023,2.6873133146117576,0.2,0.22,15.0,100.0,12.5,1,0.35,700.0
8.45449363905538,4.0246942967521555,234.01800000000023,2.6272266922949155,0.2,0.12,80.0,100.0,12.5,1,0.55,700.0
8.460222114030248,4.010945854485754,234.01800000000023,2.6828750272699784,0.2,0.35,80.0,100.0,25.0,1,0.55,700.0
8.465455879309426,4.002950707306688,234.01800000000023,2.7206719200078107,0.2,0.35,15.0,100.0,12.5,1,0.35,700.0
8.46610875241103,4.026717129495625,234.01800000000023,2.6546332083297197,0.2,0.22,40.0,100.0,50.0,1,0.55,700.0
8.473997819927817,3.7784834890665255,260.02000000000027,2.272040945317966,0.1,0.35,40.0,100.0,50.0,1,0.55,700.0
8.474759727709737,3.784375268686497,260.02000000000027,2.257384168637816,0.1,0.22,40.0,100.0,50.0,1,0.55,700.0
8.475919965235473,4.030706030410893,234.01800000000023,2.671268385213081,0.2,0.35,15.0,100.0,50.0,1,0.55,700.0
8.476716163123372,4.026123266009159,234.01800000000023,2.6866368488977446,0.2,0.35,40.0,100.0,50.0,1,0.55,700.0
8.48299379421936,4.040833934927079,234.01800000000023,2.662542455120792,0.2,0.22,80.0,100.0,50.0,1,0.55,700.0
8.486544134799532,3.805796381325395,260.02000000000027,2.2298507242118077,0.1,0.08,80.0,100.0,25.0,1,0.55,700.0
8.48688685968554,3.9727596580313618,234.01800000000023,2.868163433297646,0.35,0.12,15.0,300.0,50.0,1,0.25,700.0
8.488037566633995,4.053487462043459,234.01800000000023,2.640800298830097,0.2,0.12,80.0,100.0,25.0,1,0.55,700.0
8.492693411831667,3.780629422450775,260.02000000000027,2.3193256839453933,0.1,0.22,40.0,100.0,12.5,1,0.25,350.0
8.493654839201561,4.040405542137013,234.01800000000023,2.6942265630415565,0.2,0.35,80.0,100.0,50.0,1,0.55,700.0
8.494261544467298,3.7775676036890076,260.02000000000027,2.3325541165093897,0.1,0.35,40.0,100.0,12.5,1,0.25,350.0
8.502215725465426,3.8119557300972176,260.02000000000027,2.257028558194873,0.1,0.08,40.0,100.0,25.0,1,0.55,700.0
8.504563355223208,3.7722625978795845,260.02000000000027,2.377145020981773,0.1,0.22,15.0,100.0,12.5,1,0.25,350.0
8.506125969347764,3.7693004321107355,260.02000000000027,2.3900729635343554,0.1,0.35,15.0,100.0,12.5,1,0.25,350.0
8.508052898258994,3.818517570754043,260.02000000000027,2.254958078585563,0.1,0.12,40.0,100.0,50.0,1,0.55,700.0
8.508061259869326,4.071707805358198,234.01800000000023,2.645952727174638,0.2,0.12,40.0,100.0,50.0,1,0.55,700.0
8.511314901242615,4.077031178583678,234.01800000000023,2.6400392075969563,0.2,0.08,80.0,100.0,12.5,1,0.55,700.0
8.512021561612787,4.075948943592398,234.01800000000023,2.645150337201101,0.2,0.08,40.0,100.0,25.0,1,0.55,700.0
8.514353819803278,3.8066269347112054,260.02000000000027,2.306933957405911,0.1,0.22,80.0,100.0,12.5,1,0.25,350.0
8.515673857010972,3.798977961599207,260.02000000000027,2.3325597011764607,0.1,0.08,15.0,100.0,12.5,1,0.55,700.0
8.515781024605527,3.8034094568471297,260.02000000000027,2.3202044793096945,0.1,0.35,80.0,100.0,12.5,1,0.25,350.0
8.517081975355318,3.8070806263270396,260.02000000000027,2.31343242579507,0.1,0.12,40.0,100.0,12.5,1,0.25,350.0
8.517478221865725,3.833805033973441,260.02000000000027,2.23820910826366,0.1,0.08,80.0,100.0,50.0,1,0.55,700.0
8.52279461134767,4.083967987828543,234.01800000000023,2.6530189243403566,0.2,0.12,80.0,100.0,50.0,1,0.55,700.0
8.522816173899562,4.07278395416729,234.01800000000023,2.6850349135207634,0.2,0.22,40.0,100.0,12.5,1,0.35,700.0
8.528898629069316,3.79877794079668,260.02000000000027,2.370916252207517,0.1,0.12,15.0,100.0,12.5,1,0.25,350.0
8.530734208846917,4.020721263858656,234.01800000000023,2.856408414252164,0.35,0.08,40.0,300.0,50.0,1,0.25,700.0
8.534539545123884,3.818144072189123,260.02000000000027,2.3317013512421676,0.1,0.22,40.0,100.0,25.0,1,0.25,350.0
8.534903112799158,4.073368550127938,234.01800000000023,2.7178987504891894,0.2,0.35,40.0,100.0,12.5,1,0.35,700.0
8.535943447498548,3.8149214704009533,260.02000000000027,2.3449199345645444,0.1,0.35,40.0,100.0,25.0,1,0.25,350.0
8.536038370026633,3.825566032051921,260.02000000000027,2.314778108499167,0.1,0.22,80.0,100.0,25.0,1,0.25,350.0
8.537415134368025,3.822292236613311,260.02000000000027,2.3280654221563197,0.1,0.35,80.0,100.0,25.0,1,0.25,350.0
8.53913300903883,3.833343625974369,260.02000000000027,2.3013982373270223,0.1,0.12,80.0,100.0,12.5,1,0.25,350.0
8.543419146213342,3.8207477464092943,260.02000000000027,2.349632570868698,0.1,0.35,15.0,100.0,25.0,1,0.55,700.0
8.54439785338808,3.8267374084484507,260.02000000000027,2.335315556970356,0.1,0.22,15.0,100.0,25.0,1,0.55,700.0
8.54556177079912,4.106348534582078,234.01800000000023,2.654123532048684,0.2,0.08,80.0,100.0,25.0,1,0.55,700.0
8.548058389896664,4.0394263133059525,234.01800000000023,2.8524630759734473,0.35,0.08,80.0,300.0,50.0,1,0.25,700.0
8.550205429947018,3.857294168100541,260.02000000000027,2.264603605275642,0.1,0.08,40.0,100.0,50.0,1,0.55,700.0
8.551426223182125,3.839267548050587,260.02000000000027,2.3195962146615257,0.1,0.08,40.0,100.0,12.5,1,0.25,350.0
8.551893880771198,4.033521333468805,234.01800000000023,2.8802929922925413,0.35,0.08,15.0,300.0,50.0,1,0.25,700.0
8.557406901836849,3.844813299890662,260.02000000000027,2.3208388627033854,0.1,0.22,80.0,100.0,50.0,1,0.25,350.0
8.558697800741434,3.841456582149376,260.02000000000027,2.334117767405868,0.1,0.35,80.0,100.0,50.0,1,0.25,350.0
8.559501751649249,3.8450474490388578,260.02000000000027,2.326155150315389,0.1,0.12,40.0,100.0,25.0,1,0.25,350.0
8.56104399716767,3.852466880502367,260.02000000000027,2.3093631904722858,0.1,0.12,80.0,100.0,25.0,1,0.25,350.0
8.561483442746047,3.8548321171159934,260.02000000000027,2.3038609303715716,0.1,0.22,40.0,100.0,12.5,1,0.35,700.0
8.561703844703072,3.849784590216354,260.02000000000027,2.318912155676327,0.1,0.35,40.0,100.0,12.5,1,0.35,700.0
8.563280773397134,3.831043876201642,260.02000000000027,2.376962563415683,0.1,0.08,15.0,100.0,12.5,1,0.25,350.0
8.568071344005366,3.8496857455912044,260.02000000000027,2.337387424040454,0.1,0.22,40.0,100.0,50.0,1,0.25,350.0
8.569270284612745,3.846269901876803,260.02000000000027,2.3505725221026808,0.1,0.35,40.0,100.0,50.0,1,0.25,350.0
8.573785124443242,3.8657454771746114,260.02000000000027,2.307827563624652,0.1,0.08,80.0,100.0,12.5,1,0.25,350.0
8.579287679939656,3.843807218684256,260.02000000000027,2.3862298893011307,0.1,0.22,15.0,100.0,25.0,1,0.25,350.0
8.579306550254246,3.8622522984337606,260.02000000000027,2.333583576629948,0.1,0.12,15.0,100.0,25.0,1,0.55,700.0
8.580291404448555,3.84030980974614,260.02000000000027,2.399090270578321,0.1,0.35,15.0,100.0,25.0,1,0.25,350.0
8.58117693892329,4.137448362888621,234.01800000000023,2.667024502956187,0.2,0.08,80.0,100.0,50.0,1,0.55,700.0
8.582706989478337,3.8719437234399052,260.02000000000027,2.3156093315383663,0.1,0.12,80.0,100.0,50.0,1,0.25,350.0
8.587252633581475,3.8820642334281197,260.02000000000027,2.299681143295289,0.1,0.35,80.0,100.0,12.5,1,0.35,700.0
8.58730951850731,3.8873837719601827,260.02000000000027,2.2846449901346393,0.1,0.22,80.0,100.0,12.5,1,0.35,700.0
8.587435540546167,3.87059500444004,260.02000000000027,2.3329729603032066,0.1,0.35,15.0,100.0,50.0,1,0.55,700.0
8.589200724448261,3.8773355376191616,260.02000000000027,2.318757676654563,0.1,0.22,15.0,100.0,50.0,1,0.55,700.0
8.592333827990727,3.8870989670544773,260.02000000000027,2.299813888389275,0.1,0.12,40.0,100.0,12.5,1,0.35,700.0
8.593663378197801,3.8770720066651223,260.02000000000027,2.3322610615219297,0.1,0.12,40.0,100.0,50.0,1,0.25,350.0
8.594409857236112,3.8776613998002856,260.02000000000027,2.332709878388066,0.1,0.08,40.0,100.0,25.0,1,0.25,350.0
8.595932197254951,3.8850524551162198,260.02000000000027,2.315942120396364,0.1,0.08,80.0,100.0,25.0,1,0.25,350.0
8.599598900512559,4.142749118247491,234.01800000000023,2.7045136636144695,0.2,0.22,80.0,100.0,12.5,1,0.35,700.0
8.605334881076544,3.871652260309912,260.02000000000027,2.3810932021903697,0.1,0.12,15.0,100.0,25.0,1,0.25,350.0
8.607732440165623,3.869837983537159,260.02000000000027,2.3931270189384604,0.1,0.22,15.0,100.0,12.5,1,0.35,700.0
8.608004734013988,3.8649787095746357,260.02000000000027,2.407788641255284,0.1,0.35,15.0,100.0,12.5,1,0.35,700.0
8.610866935123786,4.142716963920138,234.01800000000023,2.736799917724698,0.2,0.35,80.0,100.0,12.5,1,0.35,700.0
8.615777458797679,3.883313440537293,260.02000000000027,2.3776114807439472,0.1,0.22,15.0,100.0,50.0,1,0.25,350.0
8.616417874252289,3.879446500216019,260.02000000000027,2.3904896401036146,0.1,0.35,15.0,100.0,50.0,1,0.25,350.0
8.617881291496037,3.9047450680981868,260.02000000000027,2.3223892097081316,0.1,0.08,80.0,100.0,50.0,1,0.25,350.0
8.618555234347973,3.919904031121007,260.02000000000027,2.281003437791322,0.1,0.12,80.0,100.0,12.5,1,0.35,700.0
8.61956781824215,3.9104799006689546,260.02000000000027,2.310822621637687,0.1,0.35,80.0,100.0,25.0,1,0.35,700.0
8.619728671323976,3.9159049201919145,260.02000000000027,2.295782146091596,0.1,0.22,80.0,100.0,25.0,1,0.35,700.0
8.623784129728394,3.9058029020349516,260.02000000000027,2.3362320791241125,0.1,0.35,40.0,100.0,25.0,1,0.35,700.0
8.623881838735697,3.911147373728524,260.02000000000027,2.321241328591912,0.1,0.22,40.0,100.0,25.0,1,0.35,700.0
8.623990690798331,3.9028342716634246,260.02000000000027,2.3453040546711548,0.1,0.08,15.0,100.0,25.0,1,0.55,700.0
8.626873689728107,3.914830018108194,260.02000000000027,2.319267633199743,0.1,0.12,15.0,100.0,50.0,1,0.55,700.0
8.629161138652808,3.910122838370209,260.02000000000027,2.3392522865216976,0.1,0.08,40.0,100.0,50.0,1,0.25,350.0
8.632603682379509,3.9244519351668927,260.02000000000027,2.3081478491788934,0.1,0.08,40.0,100.0,12.5,1,0.35,700.0
8.639028908331001,3.9025986491671225,260.02000000000027,2.3889435976110702,0.1,0.12,15.0,100.0,12.5,1,0.35,700.0
8.641336907669361,3.9051179425181375,260.02000000000027,2.388339900432057,0.1,0.08,15.0,100.0,25.0,1,0.25,350.0
8.64299180378998,3.9120262205872667,260.02000000000027,2.3733302377220302,0.1,0.12,15.0,100.0,50.0,1,0.25,350.0
8.645467181437102,4.172473681189174,234.01800000000023,2.750638572136928,0.2,0.35,80.0,100.0,25.0,1,0.35,700.0
8.651407421337696,3.9487646714049296,260.02000000000027,2.2924078569507502,0.1,0.12,80.0,100.0,25.0,1,0.35,700.0
8.652089658972317,3.9399769636429105,260.02000000000027,2.319464843798295,0.1,0.35,80.0,100.0,50.0,1,0.35,700.0
8.652422091409415,3.94555877617203,260.02000000000027,2.304466614963948,0.1,0.22,80.0,100.0,50.0,1,0.35,700.0
8.655844462236661,3.9442658862282913,260.02000000000027,2.3179387885953338,0.1,0.12,40.0,100.0,25.0,1,0.35,700.0
8.65878589642303,3.957259902483013,260.02000000000027,2.2892171255428964,0.1,0.08,80.0,100.0,12.5,1,0.35,700.0
8.660841129732788,4.431548630014307,208.0160000000002,3.1687214277670814,0.35,0.22,15.0,100.0,12.5,1,0.55,700.0
8.673225434632165,4.454679681670499,208.0160000000002,3.1380164370333263,0.35,0.12,15.0,100.0,12.5,1,0.55,700.0
8.674313925769317,3.9574081130541177,260.02000000000027,2.333159464900561,0.1,0.08,15.0,100.0,50.0,1,0.55,700.0
8.674782509582654,3.954033350404773,260.02000000000027,2.3441404547939344,0.1,0.35,40.0,100.0,50.0,1,0.35,700.0
8.675288250895523,3.9597474450609695,260.02000000000027,2.3292594452415747,0.1,0.22,40.0,100.0,50.0,1,0.35,700.0
8.680114127532926,3.9463032162494422,260.02000000000027,2.3814597465242273,0.1,0.08,15.0,100.0,50.0,1,0.25,350.0
8.680481667175455,3.9407961351566683,260.02000000000027,2.398244377196524,0.1,0.08,15.0,100.0,12.5,1,0.35,700.0
8.684674992432038,3.978853051206473,260.02000000000027,2.3014912606444646,0.1,0.12,80.0,100.0,50.0,1,0.35,700.0
8.692074386416875,3.9864565811838606,260.02000000000027,2.30090801495146,0.1,0.08,80.0,100.0,25.0,1,0.35,700.0
8.69719778507851,3.98243209465469,260.02000000000027,2.327044829782334,0.1,0.08,40.0,100.0,25.0,1,0.35,700.0
8.708522355219877,3.9938147182153036,260.02000000000027,2.326878962870198,0.1,0.12,40.0,100.0,50.0,1,0.35,700.0
8.710385391668401,4.458629960596762,208.0160000000002,3.232901231633248,0.35,0.35,15.0,100.0,12.5,1,0.55,700.0
8.719468789307804,3.972174189869133,260.02000000000027,2.419984569824763,0.1,0.35,15.0,100.0,25.0,1,0.35,700.0
8.720333157289401,3.9780794278923457,260.02000000000027,2.4055820839915762,0.1,0.22,15.0,100.0,25.0,1,0.35,700.0
8.747389589595144,4.19940159994372,234.01800000000023,2.964908541861205,0.35,0.08,15.0,100.0,25.0,1,0.35,350.0
8.755289479475298,4.001350039052326,260.02000000000027,2.4389698297799107,0.1,0.22,15.0,100.0,12.5,1,0.25,700.0
8.755486392376044,3.9526079929941313,260.02000000000027,2.578795426805455,0.2,0.12,40.0,100.0,25.0,1,0.25,350.0
8.755974603469125,3.99679632224591,260.02000000000027,2.4539379463520357,0.1,0.35,15.0,100.0,12.5,1,0.25,700.0
8.766029476907482,3.9648634090087382,260.02000000000027,2.573903051139255,0.2,0.08,40.0,100.0,12.5,1,0.25,350.0
8.76740812345187,3.9549206335358216,260.02000000000027,2.606249971188702,0.2,0.12,15.0,100.0,25.0,1,0.25,350.0
8.77018710517236,3.9692604124702227,260.02000000000027,2.573219122006093,0.2,0.12,80.0,100.0,25.0,1,0.25,350.0
8.776643004697055,3.9593204946740848,260.02000000000027,2.6200643143513367,0.2,0.22,15.0,100.0,50.0,1,0.25,350.0
8.783174439284247,4.226059165145495,234.01800000000023,2.9909864975392826,0.35,0.12,15.0,100.0,12.5,1,0.25,350.0
8.788181570862102,3.9604264263370164,260.02000000000027,2.649871841500232,0.2,0.35,15.0,100.0,50.0,1,0.25,350.0
8.788854044358922,4.548676211462595,208.0160000000002,3.1998223797037855,0.35,0.22,15.0,100.0,25.0,1,0.55,700.0
8.792402894253303,3.986251292089379,260.02000000000027,2.588147434754059,0.2,0.12,40.0,100.0,50.0,1,0.25,350.0
8.792694733188721,4.238294555130234,234.01800000000023,2.9832290801671006,0.35,0.08,40.0,100.0,25.0,1,0.35,350.0
8.793010960409953,3.989386659173664,260.02000000000027,2.5809265749608143,0.2,0.12,80.0,100.0,50.0,1,0.25,350.0
8.802528272562103,4.001035981455905,260.02000000000027,2.5748351174462742,0.2,0.08,80.0,100.0,12.5,1,0.25,350.0
8.810157661313998,4.255761459155229,234.01800000000023,2.9832177204536143,0.35,0.08,15.0,100.0,50.0,1,0.35,350.0
8.811229254342907,4.004503506752233,260.02000000000027,2.5897878502590603,0.2,0.08,40.0,100.0,25.0,1,0.25,350.0
8.813726775568698,4.00075872775098,260.02000000000027,2.607622993764899,0.2,0.12,15.0,100.0,50.0,1,0.25,350.0
8.825681159704494,4.008871247571506,260.02000000000027,2.618599748951385,0.2,0.08,15.0,100.0,25.0,1,0.25,350.0
8.82570225623629,4.020918101365562,260.02000000000027,2.584240442487785,0.2,0.08,80.0,100.0,25.0,1,0.25,350.0
8.82931429885268,4.270323041568893,234.01800000000023,2.996346449382239,0.35,0.08,80.0,100.0,25.0,1,0.35,350.0
8.834543419911181,4.274759578601648,234.01800000000023,2.9986109751700836,0.35,0.08,40.0,100.0,50.0,1,0.35,350.0
8.834826894294471,4.572581712295747,208.0160000000002,3.2628719485677755,0.35,0.35,15.0,100.0,25.0,1,0.55,700.0
8.84142517699029,4.020133778522344,260.02000000000027,2.6314039956226916,0.2,0.12,15.0,100.0,25.0,1,0.55,700.0
8.843762508563172,4.282141217887406,234.01800000000023,3.0038608305021803,0.35,0.08,15.0,100.0,12.5,1,0.25,350.0
8.849039196260536,4.041424430118722,260.02000000000027,2.592327903262315,0.2,0.08,80.0,100.0,50.0,1,0.25,350.0
8.849207049438277,4.0389173095375055,260.02000000000027,2.5999706854307654,0.2,0.08,40.0,100.0,50.0,1,0.25,350.0
8.854142843819806,4.291520941319546,234.01800000000023,3.0067197214293073,0.35,0.08,80.0,100.0,50.0,1,0.35,350.0
8.856870976283599,4.032874921348743,260.02000000000027,2.6391315855281485,0.2,0.22,15.0,100.0,50.0,1,0.55,700.0
8.861600882531647,4.283360304932556,234.01800000000023,3.0513445074259633,0.35,0.22,15.0,100.0,25.0,1,0.25,350.0
8.870665756703147,4.292649144053896,234.01800000000023,3.0507046075692816,0.35,0.22,40.0,100.0,12.5,1,0.25,350.0
8.87400481070111,4.056108342010698,260.02000000000027,2.621704196258307,0.2,0.08,15.0,100.0,50.0,1,0.25,350.0
8.87817478921825,4.311285979389141,234.01800000000023,3.0189108852260165,0.35,0.12,15.0,100.0,25.0,1,0.25,350.0
8.88283191355436,4.046452768744145,260.02000000000027,2.6745118423148884,0.2,0.12,15.0,100.0,12.5,1,0.35,700.0
8.883117533963496,4.316821760266036,234.01800000000023,3.0172164962784476,0.35,0.12,40.0,100.0,12.5,1,0.25,350.0
8.906623725714754,4.307547833942413,234.01800000000023,3.110873976492389,0.35,0.35,15.0,100.0,25.0,1,0.25,350.0
8.907918103515678,4.0851641854471294,260.02000000000027,2.6355826230529864,0.2,0.12,15.0,100.0,50.0,1,0.55,700.0
8.910558172537089,4.082131042971263,260.02000000000027,2.65179179875949,0.2,0.08,15.0,100.0,25.0,1,0.55,700.0
8.915883733100413,4.3171790161364205,234.01800000000023,3.1098134770399706,0.35,0.35,40.0,100.0,12.5,1,0.25,350.0
8.918483977710444,4.333969016873079,234.01800000000023,3.0692713166781798,0.35,0.22,40.0,100.0,25.0,1,0.25,350.0
8.925259632719685,4.3420433488190735,234.01800000000023,3.0655608111445947,0.35,0.22,15.0,100.0,50.0,1,0.25,350.0
8.9326373612538,4.359441630244239,234.01800000000023,3.036930660027307,0.35,0.12,40.0,100.0,25.0,1,0.25,350.0
8.934617220512227,4.34966048123015,234.01800000000023,3.070533540805926,0.35,0.22,80.0,100.0,12.5,1,0.25,350.0
8.938126654794683,4.66674966501674,208.0160000000002,3.288962827936975,0.35,0.35,15.0,100.0,50.0,1,0.55,700.0
8.941928697846626,4.3709762371747205,234.01800000000023,3.0305213162054336,0.35,0.08,40.0,100.0,12.5,1,0.25,350.0
8.942617649279981,4.665683963298356,208.0160000000002,3.3048391028046367,0.35,0.22,40.0,100.0,12.5,1,0.55,700.0
8.943138874238487,4.370420301454929,234.01800000000023,3.0355673508101586,0.35,0.08,15.0,100.0,25.0,1,0.25,350.0
8.945817336467398,4.3727972098578265,234.01800000000023,3.0364289331701944,0.35,0.12,15.0,100.0,50.0,1,0.25,350.0
8.947125883363244,4.105193124935192,260.02000000000027,2.6903793097944235,0.2,0.08,15.0,100.0,12.5,1,0.35,700.0
8.948631157667895,4.3748097259284915,234.01800000000023,3.0387183763982866,0.35,0.12,80.0,100.0,12.5,1,0.25,350.0
8.951566989398128,4.115606250722494,260.02000000000027,2.673316396216082,0.2,0.12,40.0,100.0,12.5,1,0.35,700.0
8.95337050171783,4.685746209888051,208.0160000000002,3.278240833799361,0.35,0.12,40.0,100.0,12.5,1,0.55,700.0
8.958007746430578,4.1103682616878325,260.02000000000027,2.7066842421221184,0.2,0.22,15.0,100.0,25.0,1,0.35,700.0
8.959252097165637,4.370489375116835,234.01800000000023,3.0814077772822825,0.35,0.22,80.0,100.0,25.0,1,0.25,350.0
8.959920738458749,4.127861683975114,260.02000000000027,2.6621687270960885,0.2,0.08,40.0,100.0,50.0,1,0.55,700.0
8.96078657129688,4.371426908895717,234.01800000000023,3.0831133211461688,0.35,0.22,40.0,100.0,50.0,1,0.25,350.0
8.96303111490532,4.35789822074189,234.01800000000023,3.128179697609792,0.35,0.35,40.0,100.0,25.0,1,0.25,350.0
8.96839197252662,4.364545214576821,234.01800000000023,3.1245050227137012,0.35,0.35,15.0,100.0,50.0,1,0.25,350.0
8.968575959354435,4.109466540252966,260.02000000000027,2.7394554831470423,0.2,0.35,15.0,100.0,25.0,1,0.35,700.0
8.973884736031195,4.396115672879998,234.01800000000023,3.049997323289129,0.35,0.12,80.0,100.0,25.0,1,0.25,350.0
8.976908508265751,4.39836809455126,234.01800000000023,3.0522011820413946,0.35,0.12,40.0,100.0,50.0,1,0.25,350.0
8.978529145318445,4.373118687158128,234.01800000000023,3.1289727376008956,0.35,0.35,80.0,100.0,12.5,1,0.25,350.0
8.979242561212743,4.1313591718852045,260.02000000000027,2.7073811123643865,0.2,0.22,40.0,100.0,25.0,1,0.35,700.0
8.979332257273285,4.123078747636765,260.02000000000027,2.7312957418186152,0.2,0.22,15.0,100.0,12.5,1,0.25,700.0
8.981667401841612,4.150303348061814,260.02000000000027,2.6601830107994133,0.2,0.08,15.0,100.0,50.0,1,0.55,700.0
8.984442996948587,4.392252765255476,234.01800000000023,3.0912006619803076,0.35,0.22,80.0,100.0,50.0,1,0.25,350.0
8.987786224745346,4.689836284408213,208.0160000000002,3.364885543820371,0.35,0.35,40.0,100.0,12.5,1,0.55,700.0
8.99068811984282,4.131366671184613,260.02000000000027,2.7400612818805823,0.2,0.35,40.0,100.0,25.0,1,0.35,700.0
8.992617998254891,4.124514134040233,260.02000000000027,2.76515389775616,0.2,0.35,15.0,100.0,12.5,1,0.25,700.0
8.992906715369708,4.414638098247405,234.01800000000023,3.051424620349427,0.35,0.08,40.0,100.0,25.0,1,0.25,350.0
8.999950290041552,4.418537692385447,234.01800000000023,3.0604074218745745,0.35,0.12,80.0,100.0,50.0,1,0.25,350.0
9.0029752470422,4.3937668634910905,234.01800000000023,3.139823953003161,0.35,0.35,80.0,100.0,25.0,1,0.25,350.0
9.004443462002047,4.394576423634878,234.01800000000023,3.141705823906189,0.35,0.35,40.0,100.0,50.0,1,0.25,350.0
9.004982920232417,4.160122181511623,260.02000000000027,2.698744967773687,0.2,0.12,15.0,100.0,25.0,1,0.35,700.0
9.007633548355521,4.428880148726009,234.01800000000023,3.052809713227168,0.35,0.08,80.0,100.0,12.5,1,0.25,350.0
9.01141603671208,4.170604480595042,260.02000000000027,2.6871758746200958,0.2,0.08,40.0,100.0,12.5,1,0.35,700.0
9.018267001091548,4.730731504967929,208.0160000000002,3.33512998892462,0.35,0.22,40.0,100.0,25.0,1,0.55,700.0
9.01975637217689,4.167950459927835,260.02000000000027,2.7185883207115737,0.2,0.12,15.0,100.0,12.5,1,0.25,700.0
9.01996286858557,4.175685681104242,260.02000000000027,2.6970776785180672,0.2,0.12,40.0,100.0,25.0,1,0.35,700.0
9.024429416790843,4.172697344371349,260.02000000000027,2.718377349769975,0.2,0.22,80.0,100.0,25.0,1,0.35,700.0
9.027809059255063,4.41521653376852,234.01800000000023,3.149492929961539,0.35,0.35,80.0,100.0,50.0,1,0.25,350.0
9.028739021073392,4.185590919889278,260.02000000000027,2.6938517176688848,0.2,0.12,80.0,100.0,12.5,1,0.35,700.0
9.029615970658083,4.180743973371042,260.02000000000027,2.7102057065343965,0.2,0.22,15.0,100.0,50.0,1,0.35,700.0
9.031674329701657,4.752667537929965,208.0160000000002,3.310762262204826,0.35,0.12,40.0,100.0,25.0,1,0.55,700.0
9.033470811387227,4.450611418080483,234.01800000000023,3.0645411237335445,0.35,0.08,80.0,100.0,25.0,1,0.25,350.0
9.03808168195176,4.184749960281698,260.02000000000027,2.7229477762001726,0.2,0.22,40.0,100.0,50.0,1,0.35,700.0
9.038352127644972,4.178224260395169,260.02000000000027,2.742365334999428,0.2,0.35,15.0,100.0,50.0,1,0.35,700.0
9.048676905033426,4.184020453020325,260.02000000000027,2.755304148608852,0.2,0.35,40.0,100.0,50.0,1,0.35,700.0
9.060721746899901,4.204643224093484,260.02000000000027,2.7307957794468964,0.2,0.22,80.0,100.0,50.0,1,0.35,700.0
9.06244693907821,4.754045233068079,208.0160000000002,3.3947477314575103,0.35,0.35,40.0,100.0,25.0,1,0.55,700.0
9.064291934096717,4.216113954934868,260.02000000000027,2.708222797605271,0.2,0.12,80.0,100.0,25.0,1,0.35,700.0
9.068095632729836,4.212685150097253,260.02000000000027,2.7288870932359415,0.2,0.22,40.0,100.0,12.5,1,0.25,700.0
9.0714396562839,4.204115341445928,260.02000000000027,2.7629266138227666,0.2,0.35,80.0,100.0,50.0,1,0.35,700.0
9.075528847040218,4.223338051208563,260.02000000000027,2.719687988090432,0.2,0.08,15.0,100.0,25.0,1,0.35,700.0
9.080835042624074,4.213661989655871,260.02000000000027,2.762494437051996,0.2,0.35,40.0,100.0,12.5,1,0.25,700.0
9.081101482293322,4.230749066421806,260.02000000000027,2.71443547391861,0.2,0.12,40.0,100.0,50.0,1,0.35,700.0
9.081658197137822,4.232033269635476,260.02000000000027,2.712356935720978,0.2,0.08,40.0,100.0,25.0,1,0.35,700.0
9.085206464133705,4.22758970430239,260.02000000000027,2.7351907423751776,0.2,0.08,15.0,100.0,12.5,1,0.25,700.0
9.087465827855851,4.239596371822705,260.02000000000027,2.707341302951838,0.2,0.08,80.0,100.0,12.5,1,0.35,700.0
9.09276211262792,4.795633249313413,208.0160000000002,3.3625396094700144,0.35,0.22,40.0,100.0,50.0,1,0.55,700.0
9.101602015896184,4.248811117146395,260.02000000000027,2.7214025678565292,0.2,0.12,80.0,100.0,50.0,1,0.35,700.0
9.106977757476255,4.255650475729272,260.02000000000027,2.7172208049913675,0.2,0.12,40.0,100.0,12.5,1,0.25,700.0
9.109445738945299,4.804798915273205,208.0160000000002,3.3840194962059758,0.35,0.22,80.0,100.0,12.5,1,0.55,700.0
9.115914479236128,4.016952830832289,286.0220000000003,2.3103761382966748,0.1,0.08,80.0,100.0,50.0,1,0.35,700.0
9.120728678775246,4.824539908621005,208.0160000000002,3.359853629012107,0.35,0.12,80.0,100.0,12.5,1,0.55,700.0
9.12154933933735,4.008913288429357,286.0220000000003,2.349445859737111,0.1,0.22,40.0,100.0,12.5,1,0.25,700.0
9.122337647887255,4.004276586944234,286.0220000000003,2.3649458884086245,0.1,0.35,40.0,100.0,12.5,1,0.25,700.0
9.123741192164308,4.270659693314565,260.02000000000027,2.7222328538563985,0.2,0.08,80.0,100.0,25.0,1,0.35,700.0
9.124041341844197,4.50819822264463,234.01800000000023,3.1587803405701798,0.35,0.08,15.0,100.0,12.5,1,0.55,700.0
9.126233598904077,4.807230067409383,208.0160000000002,3.4250386614134047,0.35,0.35,40.0,100.0,12.5,1,0.35,700.0
9.135522255254182,4.817790874689104,208.0160000000002,3.4214039444716438,0.35,0.35,40.0,100.0,50.0,1,0.55,700.0
9.13885306799989,4.275072850026505,260.02000000000027,2.752800622781089,0.2,0.22,40.0,100.0,25.0,1,0.25,700.0
9.141085773081242,4.032854366041339,286.0220000000003,2.3368611629711418,0.1,0.08,40.0,100.0,50.0,1,0.35,700.0
9.144750691540537,4.288485541442899,260.02000000000027,2.7313290002789588,0.2,0.08,40.0,100.0,50.0,1,0.35,700.0
9.145295934719018,4.0135929302670235,286.0220000000003,2.403922869862828,0.1,0.12,15.0,100.0,25.0,1,0.35,700.0
9.149383961626992,4.838381886805976,208.0160000000002,3.4021773566314657,0.35,0.22,80.0,100.0,25.0,1,0.55,700.0
9.150938348619299,4.275465863974311,260.02000000000027,2.7862070989856687,0.2,0.35,40.0,100.0,25.0,1,0.25,700.0
9.151985755774758,4.040766393235711,286.0220000000003,2.3453981786829816,0.1,0.12,40.0,100.0,12.5,1,0.25,700.0
9.152224328188245,4.8273279037411285,208.0160000000002,3.441875498420327,0.35,0.35,80.0,100.0,12.5,1,0.55,700.0
9.155290682728404,4.292657650331091,260.02000000000027,2.7495229497065994,0.2,0.22,80.0,100.0,12.5,1,0.25,700.0
9.159773975187086,4.053436546420934,286.0220000000003,2.331449796474709,0.1,0.22,80.0,100.0,12.5,1,0.25,700.0
9.160333723625543,4.048561430411378,286.0220000000003,2.3469779806118876,0.1,0.35,80.0,100.0,12.5,1,0.25,700.0
9.161603314795222,4.858779738695805,208.0160000000002,3.378810217426896,0.35,0.12,80.0,100.0,25.0,1,0.55,700.0
9.161940097832773,4.304001800667317,260.02000000000027,2.736109420472719,0.2,0.08,80.0,100.0,50.0,1,0.35,700.0
9.165467654942885,4.032326259072561,286.0220000000003,2.408032559629482,0.1,0.35,15.0,100.0,50.0,1,0.35,700.0
9.16716854868584,4.039018052575369,286.0220000000003,2.393772846029905,0.1,0.22,15.0,100.0,50.0,1,0.35,700.0
9.167271295299908,4.293053305671842,260.02000000000027,2.78262282750875,0.2,0.35,80.0,100.0,12.5,1,0.25,700.0
9.176319206654801,4.033808486717819,286.0220000000003,2.4348020569627913,0.1,0.12,15.0,100.0,12.5,1,0.25,700.0
9.177145977879837,4.537478037851835,234.01800000000023,3.2268512572228554,0.35,0.22,15.0,100.0,12.5,1,0.35,700.0
9.188782807543616,4.069425239448309,286.0220000000003,2.3686501945580045,0.1,0.22,40.0,100.0,25.0,1,0.25,700.0
9.1892492842444,4.064491797032007,286.0220000000003,2.3840785348925433,0.1,0.35,40.0,100.0,25.0,1,0.25,700.0
9.190259553187605,4.0543649912972874,286.0220000000003,2.415898748258039,0.1,0.08,15.0,100.0,25.0,1,0.35,700.0
9.190576421381987,4.085510695475424,286.0220000000003,2.327816359733023,0.1,0.12,80.0,100.0,12.5,1,0.25,700.0
9.191880939075208,4.8606655579703775,208.0160000000002,3.459929660299509,0.35,0.35,80.0,100.0,25.0,1,0.55,700.0
9.192040049882399,4.324318614179593,260.02000000000027,2.764061244865147,0.2,0.22,80.0,100.0,25.0,1,0.25,700.0
9.192522092757036,4.563494148041672,234.01800000000023,3.1964512706153143,0.35,0.12,15.0,100.0,12.5,1,0.35,700.0
9.192565731027134,4.0782672965856035,286.0220000000003,2.354195526975789,0.1,0.08,40.0,100.0,12.5,1,0.25,700.0
9.193098509537867,4.875703874128499,208.0160000000002,3.420441815455329,0.35,0.22,80.0,100.0,50.0,1,0.55,700.0
9.194347665937071,4.083839920871417,286.0220000000003,2.3433649859018604,0.1,0.22,80.0,100.0,25.0,1,0.25,700.0
9.194803162985504,4.07886025674591,286.0220000000003,2.3588940178274056,0.1,0.35,80.0,100.0,25.0,1,0.25,700.0
9.200731726188984,4.578550132800426,234.01800000000023,3.1768902668244414,0.35,0.12,15.0,100.0,25.0,1,0.55,700.0
9.2038175064959,4.324521538834554,260.02000000000027,2.7971313361752643,0.2,0.35,80.0,100.0,25.0,1,0.25,700.0
9.204957271342687,4.0765810300580805,286.0220000000003,2.3944178322417233,0.1,0.12,15.0,100.0,50.0,1,0.35,700.0
9.218016946285244,4.072118050104621,286.0220000000003,2.444482560516057,0.1,0.08,15.0,100.0,12.5,1,0.25,700.0
9.220341547715854,4.102131827267903,286.0220000000003,2.3653706298512724,0.1,0.12,40.0,100.0,25.0,1,0.25,700.0
9.225585854857904,4.1162530450647346,286.0220000000003,2.34000802798047,0.1,0.12,80.0,100.0,25.0,1,0.25,700.0
9.225936062343695,4.563730606328248,234.01800000000023,3.291244160044124,0.35,0.35,15.0,100.0,12.5,1,0.35,700.0
9.229911019446085,4.116004374833049,286.0220000000003,2.3530761274658,0.1,0.22,80.0,100.0,50.0,1,0.25,700.0
9.230193832010512,4.110868728160877,286.0220000000003,2.368557439570373,0.1,0.35,80.0,100.0,50.0,1,0.25,700.0
9.231151700610098,4.123035667560662,286.0220000000003,2.336531522998381,0.1,0.08,80.0,100.0,12.5,1,0.25,700.0
9.235037032606966,4.897536086888164,208.0160000000002,3.4778884163394292,0.35,0.35,80.0,100.0,50.0,1,0.55,700.0
9.246155254289175,4.123224589562873,286.0220000000003,2.378859042075134,0.1,0.22,40.0,100.0,50.0,1,0.25,700.0
9.246208716063787,4.11792096879984,286.0220000000003,2.3941649921826937,0.1,0.35,40.0,100.0,50.0,1,0.25,700.0
9.252745326729316,4.1194005112894505,286.0220000000003,2.4086137583996057,0.1,0.08,15.0,100.0,50.0,1,0.35,700.0
9.26172834583073,4.148852479200648,286.0220000000003,2.3501310475145027,0.1,0.12,80.0,100.0,50.0,1,0.25,700.0
9.262016333491564,4.140450749158072,286.0220000000003,2.374958812381393,0.1,0.08,40.0,100.0,25.0,1,0.25,700.0
9.266601823466907,4.154115761542618,286.0220000000003,2.349017319783669,0.1,0.08,80.0,100.0,25.0,1,0.25,700.0
9.269287150801372,4.1141011295907175,286.0220000000003,2.471017203458995,0.1,0.35,15.0,100.0,25.0,1,0.25,700.0
9.269731591860072,4.637496131836986,234.01800000000023,3.205615600065947,0.35,0.08,15.0,100.0,25.0,1,0.55,700.0
9.269768436597996,4.1197157104098565,286.0220000000003,2.456350646251814,0.1,0.22,15.0,100.0,25.0,1,0.25,700.0
9.279001357727621,4.1568856022225384,286.0220000000003,2.3765307300145095,0.1,0.12,40.0,100.0,50.0,1,0.25,700.0
9.285474783991662,4.6455230837605015,234.01800000000023,3.227662000660447,0.35,0.22,15.0,100.0,50.0,1,0.55,700.0
9.2906969321589,4.636826227317341,234.01800000000023,3.267430585261584,0.35,0.22,15.0,100.0,12.5,1,0.25,700.0
9.297838633100596,4.951310478641215,208.0160000000002,3.5036804413125107,0.35,0.35,80.0,100.0,12.5,1,0.35,700.0
9.303293865905701,4.187126360527601,286.0220000000003,2.359535729651703,0.1,0.08,80.0,100.0,50.0,1,0.25,700.0
9.304461251513667,4.154957976506068,286.0220000000003,2.454780785735983,0.1,0.12,15.0,100.0,25.0,1,0.25,700.0
9.31303092624869,4.661310902062836,234.01800000000023,3.2612857833881446,0.35,0.22,15.0,100.0,25.0,1,0.35,700.0
9.315013904225797,4.680187544024401,234.01800000000023,3.2130181720039768,0.35,0.12,15.0,100.0,50.0,1,0.55,700.0
9.321875082970053,4.196088123770184,286.0220000000003,2.3870198834281786,0.1,0.08,40.0,100.0,50.0,1,0.25,700.0
9.339613758028069,4.662956424306764,234.01800000000023,3.3325352392037173,0.35,0.35,15.0,100.0,12.5,1,0.25,700.0
9.349714627318614,4.195866949526694,286.0220000000003,2.467193365119758,0.1,0.08,15.0,100.0,25.0,1,0.25,700.0
9.35804123231366,4.684214934765292,234.01800000000023,3.324446564423897,0.35,0.35,15.0,100.0,25.0,1,0.35,700.0
9.393266733877963,4.729511139933139,234.01800000000023,3.2956731255566294,0.35,0.08,40.0,100.0,12.5,1,0.55,700.0
9.403658583026353,4.433759460878121,260.02000000000027,3.0559974918520783,0.35,0.08,15.0,100.0,50.0,1,0.25,350.0
9.426682499744947,4.764171584254751,234.01800000000023,3.2921169014005494,0.35,0.22,15.0,100.0,50.0,1,0.35,700.0
9.42872102906735,4.454609079559722,260.02000000000027,3.068034141450357,0.35,0.08,40.0,100.0,50.0,1,0.25,350.0
9.450290789844592,4.473545710875686,260.02000000000027,3.0755573684825763,0.35,0.08,80.0,100.0,50.0,1,0.25,350.0
9.468200827497613,4.784218383971298,234.01800000000023,3.3534641243608863,0.35,0.35,15.0,100.0,50.0,1,0.35,700.0
9.47158851004778,4.783770233428582,234.01800000000023,3.3644236474834126,0.35,0.22,40.0,100.0,12.5,1,0.35,700.0
9.471988640595763,4.234202663324097,286.0220000000003,2.707017077919032,0.2,0.12,15.0,100.0,50.0,1,0.35,700.0
9.473812122943608,4.7979224883664875,234.01800000000023,3.3303418130774802,0.35,0.08,40.0,100.0,25.0,1,0.55,700.0
9.485559043599437,4.806978457799495,234.01800000000023,3.3380302451426807,0.35,0.12,40.0,100.0,12.5,1,0.35,700.0
9.495409451625811,4.2408709351135645,286.0220000000003,2.7548814757492655,0.2,0.22,15.0,100.0,25.0,1,0.25,700.0
9.49933304533081,4.819683488110682,234.01800000000023,3.3410844492003533,0.35,0.12,40.0,100.0,50.0,1,0.55,700.0
9.506324054234748,4.2401664715879095,286.0220000000003,2.7880788075623864,0.2,0.35,15.0,100.0,25.0,1,0.25,700.0
9.542773800508002,4.290930850064392,286.0220000000003,2.747179858410301,0.2,0.12,15.0,100.0,25.0,1,0.25,700.0
9.547375974626616,4.300749841988918,286.0220000000003,2.732274664679127,0.2,0.08,15.0,100.0,50.0,1,0.35,700.0
9.550635084343721,4.851728350997155,234.01800000000023,3.396104952418754,0.35,0.22,40.0,100.0,25.0,1,0.35,700.0
9.553688905192141,4.866327546025404,234.01800000000023,3.363118169047811,0.35,0.08,40.0,100.0,50.0,1,0.55,700.0
9.557004143265004,4.864951525542282,234.01800000000023,3.3765217649220536,0.35,0.08,80.0,100.0,12.5,1,0.55,700.0
9.558311850618589,4.31180482698635,286.0220000000003,2.7319343532349536,0.2,0.08,40.0,100.0,12.5,1,0.25,700.0
9.567393502218428,4.876925531904177,234.01800000000023,3.3719942008978543,0.35,0.12,40.0,100.0,25.0,1,0.35,700.0
9.569806892595388,4.319569245475993,286.0220000000003,2.7425932774839725,0.2,0.12,40.0,100.0,25.0,1,0.25,700.0
9.577881977300244,4.320607067124186,286.0220000000003,2.762699743360153,0.2,0.22,15.0,100.0,50.0,1,0.25,700.0
9.584622329687935,4.335668387161661,286.0220000000003,2.7389255500750584,0.2,0.12,80.0,100.0,12.5,1,0.25,700.0
9.586890295050072,4.3182285916628915,286.0220000000003,2.7952334382490776,0.2,0.35,15.0,100.0,50.0,1,0.25,700.0
9.592967886679885,4.333062172191091,286.0220000000003,2.770216327110825,0.2,0.22,40.0,100.0,50.0,1,0.25,700.0
9.594273170024415,4.8743072125174285,234.01800000000023,3.456274164305669,0.35,0.35,40.0,100.0,25.0,1,0.35,700.0
9.59668309541429,4.897013180157945,234.01800000000023,3.3982854721609783,0.35,0.12,80.0,100.0,50.0,1,0.55,700.0
9.597444426968881,4.895389931666431,234.01800000000023,3.4050985580069923,0.35,0.22,40.0,100.0,12.5,1,0.25,700.0
9.598703777581099,4.899744673929349,234.01800000000023,3.3962545818621357,0.35,0.08,80.0,100.0,25.0,1,0.55,700.0
9.604184519561796,4.332706668239433,286.0220000000003,2.8032795752067425,0.2,0.35,40.0,100.0,50.0,1,0.25,700.0
9.614629949761397,4.355158790145121,286.0220000000003,2.768974741760775,0.2,0.08,15.0,100.0,25.0,1,0.25,700.0
9.620915513518979,4.358511205883574,286.0220000000003,2.777355164672573,0.2,0.22,80.0,100.0,50.0,1,0.25,700.0
9.622138836659527,4.367913039577524,286.0220000000003,2.753987991662854,0.2,0.12,80.0,100.0,25.0,1,0.25,700.0
9.628890848349874,4.919872585042166,234.01800000000023,3.424995038022012,0.35,0.22,40.0,100.0,50.0,1,0.35,700.0
9.630827953054613,4.374536817030578,286.0220000000003,2.759888960068659,0.2,0.12,15.0,100.0,50.0,1,0.25,700.0
9.632337404756639,4.358407006179382,286.0220000000003,2.8102868530778635,0.2,0.35,80.0,100.0,50.0,1,0.25,700.0
9.633003997412033,4.377106680865827,286.0220000000003,2.758763761560575,0.2,0.08,40.0,100.0,25.0,1,0.25,700.0
9.63625448487938,4.3792755861523815,286.0220000000003,2.761853996362843,0.2,0.12,40.0,100.0,50.0,1,0.25,700.0
9.642572841836158,4.91893449592789,234.01800000000023,3.466766702595043,0.35,0.35,40.0,100.0,12.5,1,0.25,700.0
9.644754751542052,4.938615944235134,234.01800000000023,3.4167680208769005,0.35,0.08,80.0,100.0,50.0,1,0.55,700.0
9.644957205416297,4.390963528863569,286.0220000000003,2.753324790150641,0.2,0.08,80.0,100.0,12.5,1,0.25,700.0
9.64554122619226,4.929468445548237,234.01800000000023,3.4451508018400565,0.35,0.22,80.0,100.0,12.5,1,0.35,700.0
9.646957307724584,4.620332600451487,260.02000000000027,3.218070592208841,0.35,0.08,15.0,100.0,12.5,1,0.35,700.0
9.648966177907383,4.947343994982385,234.01800000000023,3.403863379785701,0.35,0.12,40.0,100.0,50.0,1,0.35,700.0
9.660232696256116,4.952546321199911,234.01800000000023,3.4211896430177218,0.35,0.12,80.0,100.0,12.5,1,0.35,700.0
9.662025856510853,4.402872456294808,286.0220000000003,2.7680668577601155,0.2,0.12,80.0,100.0,50.0,1,0.25,700.0
9.671045573172583,4.941238915420978,234.01800000000023,3.4843904507188603,0.35,0.35,40.0,100.0,50.0,1,0.35,700.0
9.683215083917764,4.423762157705115,286.0220000000003,2.768922646321844,0.2,0.08,80.0,100.0,25.0,1,0.25,700.0
9.687055688782799,4.9644001696208315,234.01800000000023,3.463958626177043,0.35,0.22,80.0,100.0,25.0,1,0.35,700.0
9.697942493585112,4.66460656106127,260.02000000000027,3.2372455214966775,0.35,0.12,15.0,100.0,12.5,1,0.25,700.0
9.701477188893913,4.438256846109224,286.0220000000003,2.7796866936705262,0.2,0.08,40.0,100.0,50.0,1,0.25,700.0
9.702735295404162,4.98818013030801,234.01800000000023,3.44081475741757,0.35,0.12,80.0,100.0,25.0,1,0.35,700.0
9.724009395005112,4.989009858648521,234.01800000000023,3.4992272467331076,0.35,0.35,40.0,100.0,25.0,1,0.25,700.0
9.724020045207823,4.459388422530466,286.0220000000003,2.783718921935291,0.2,0.08,80.0,100.0,50.0,1,0.25,700.0
9.727870416803302,4.185047055445817,312.0240000000003,2.464181032449946,0.1,0.35,15.0,100.0,50.0,1,0.25,700.0
9.72836859115944,4.694472350391432,260.02000000000027,3.2388464021942944,0.35,0.12,15.0,100.0,25.0,1,0.35,700.0
9.729084851959891,4.985981257348977,234.01800000000023,3.5223816988883154,0.35,0.35,80.0,100.0,25.0,1,0.35,700.0
9.729215890563616,4.191464321054378,312.0240000000003,2.449690198597812,0.1,0.22,15.0,100.0,50.0,1,0.25,700.0
9.73270179651086,5.003386776290393,234.01800000000023,3.4829857720584667,0.35,0.22,80.0,100.0,50.0,1,0.35,700.0
9.749792097574483,5.0281439325479855,234.01800000000023,3.461080471504269,0.35,0.12,80.0,100.0,50.0,1,0.35,700.0
9.76559767539173,4.72428055616753,260.02000000000027,3.2600489120691316,0.35,0.08,15.0,100.0,12.5,1,0.25,700.0
9.766835533639203,4.228800855585007,312.0240000000003,2.450499080154835,0.1,0.12,15.0,100.0,50.0,1,0.25,700.0
9.774147871702864,5.024494116284214,234.01800000000023,3.541096444053276,0.35,0.35,80.0,100.0,50.0,1,0.35,700.0
9.77877611092217,5.04808031860902,234.01800000000023,3.4869308351804182,0.35,0.22,80.0,100.0,12.5,1,0.25,700.0
9.779860688254299,4.742510921572796,260.02000000000027,3.2487136190899997,0.35,0.08,15.0,100.0,50.0,1,0.55,700.0
9.80136888382124,4.757069085467914,260.02000000000027,3.268570852438066,0.35,0.08,15.0,100.0,25.0,1,0.35,700.0
9.814983398001733,4.27180379060715,312.0240000000003,2.465198878270228,0.1,0.08,15.0,100.0,50.0,1,0.25,700.0
9.821625413896902,5.070043603988408,234.01800000000023,3.5466051711671165,0.35,0.35,80.0,100.0,12.5,1,0.25,700.0
9.82490631466784,4.76781443952305,260.02000000000027,3.305119643270822,0.35,0.22,15.0,100.0,25.0,1,0.25,700.0
9.850254075730172,4.802602590410845,260.02000000000027,3.278147100912352,0.35,0.12,15.0,100.0,50.0,1,0.35,700.0
9.852478500577886,4.803085130512467,260.02000000000027,3.2831239144726148,0.35,0.12,15.0,100.0,25.0,1,0.25,700.0
9.864393232250995,5.106075987185875,234.01800000000023,3.565849271614617,0.35,0.35,80.0,100.0,25.0,1,0.25,700.0
9.869885490218136,4.790471818476904,260.02000000000027,3.368896204974939,0.35,0.35,15.0,100.0,25.0,1,0.25,700.0
9.929582095755292,4.869026160189115,260.02000000000027,3.315016958760497,0.35,0.08,15.0,100.0,50.0,1,0.35,700.0
9.929852436046245,4.854789178560825,260.02000000000027,3.356466449958334,0.35,0.08,40.0,100.0,12.5,1,0.35,700.0
9.946284993782902,4.877277369575185,260.02000000000027,3.339164640593464,0.35,0.22,15.0,100.0,50.0,1,0.25,700.0
9.98762763502042,4.896953170058388,260.02000000000027,3.4010698998915116,0.35,0.35,15.0,100.0,50.0,1,0.25,700.0
10.00330980141628,4.920419219708771,260.02000000000027,3.378830233450019,0.35,0.12,40.0,100.0,12.5,1,0.25,700.0
10.014053830414774,4.92633599800345,260.02000000000027,3.3926223783180602,0.35,0.08,40.0,100.0,25.0,1,0.35,700.0
10.061401766171011,4.971605784148913,260.02000000000027,3.3985599486345572,0.35,0.08,40.0,100.0,12.5,1,0.25,700.0
10.069979885561526,4.966371326834193,260.02000000000027,3.4380244535066535,0.35,0.22,40.0,100.0,25.0,1,0.25,700.0
10.088716813774937,4.993480081157467,260.02000000000027,3.414104950335616,0.35,0.12,40.0,100.0,25.0,1,0.25,700.0
10.097774896874913,4.442269230444766,312.0240000000003,2.786130475514698,0.2,0.08,15.0,100.0,50.0,1,0.25,700.0
10.0980531818296,4.998301223454682,260.02000000000027,3.4270055953569014,0.35,0.08,40.0,100.0,50.0,1,0.35,700.0
10.10127504057869,4.9973503306219875,260.02000000000027,3.438927742733425,0.35,0.08,80.0,100.0,12.5,1,0.35,700.0
10.14465485269962,5.033583487433209,260.02000000000027,3.4593467579040227,0.35,0.08,80.0,100.0,25.0,1,0.35,700.0
10.152209176350066,5.037987035223008,260.02000000000027,3.4683489746487273,0.35,0.22,40.0,100.0,50.0,1,0.25,700.0
10.174419791973591,5.06749861726609,260.02000000000027,3.44748907059285,0.35,0.12,40.0,100.0,50.0,1,0.25,700.0
10.18547403963153,5.073087083433152,260.02000000000027,3.46310558913821,0.35,0.12,80.0,100.0,12.5,1,0.25,700.0
10.192788746234674,5.074252190833717,260.02000000000027,3.480675872574153,0.35,0.08,80.0,100.0,50.0,1,0.35,700.0
10.194742165406554,5.05937760695952,260.02000000000027,3.528755881277231,0.35,0.35,40.0,100.0,50.0,1,0.25,700.0
10.2118814980039,5.084381396413199,260.02000000000027,3.506286004544848,0.35,0.22,80.0,100.0,25.0,1,0.25,700.0
10.22957971041404,5.11012373254143,260.02000000000027,3.4833027939217334,0.35,0.12,80.0,100.0,25.0,1,0.25,700.0
10.240610107516332,5.121542037931135,260.02000000000027,3.482194484529122,0.35,0.08,80.0,100.0,12.5,1,0.25,700.0
10.259515356563469,5.12511273259195,260.02000000000027,3.526007497061469,0.35,0.22,80.0,100.0,50.0,1,0.25,700.0
10.278687200204748,5.151882991959288,260.02000000000027,3.504297737844161,0.35,0.12,80.0,100.0,50.0,1,0.25,700.0
10.301458476806891,5.146321098970083,260.02000000000027,3.585249650962295,0.35,0.35,80.0,100.0,50.0,1,0.25,700.0
10.319154120577675,4.868842758005728,286.0220000000003,3.3142324644912615,0.35,0.08,15.0,100.0,25.0,1,0.25,700.0
10.37259741460867,4.918218823182654,286.0220000000003,3.325853118360034,0.35,0.12,15.0,100.0,50.0,1,0.25,700.0
10.456069643606936,4.988227335439587,286.0220000000003,3.3643208804781244,0.35,0.08,15.0,100.0,50.0,1,0.25,700.0
10.539328284901021,5.0463679106531245,286.0220000000003,3.4360867835654094,0.35,0.08,40.0,100.0,25.0,1,0.25,700.0
10.627629953152338,5.12207890367235,286.0220000000003,3.4720601413713843,0.35,0.08,40.0,100.0,50.0,1,0.25,700.0
10.675672541881802,5.159219294100281,286.0220000000003,3.503209279375758,0.35,0.08,80.0,100.0,25.0,1,0.25,700.0
10.725929222469954,5.201744287493235,286.0220000000003,3.52529981421919,0.35,0.08,80.0,100.0,50.0,1,0.25,700.0
