cost,rmse,lag_ms,quiet_rms,acc_gain,acc_alpha,q_z,q_vz,r_z,vel_obs,vel_alpha,r_vz
3.5197808632775223,1.3496311772665908,100.00500000000301,1.9144991028882465,0.2,0.35,15.0,600.0,12.5,1,0.55,350.0
3.5400524199123407,1.333046932588154,100.00500000000301,2.0198013923546916,0.35,0.35,15.0,600.0,12.5,1,0.35,150.0
3.5421677161298257,1.3656697846668737,100.00500000000301,1.9326369470368765,0.1,0.35,15.0,600.0,12.5,1,0.55,350.0
3.5440334298719653,1.3587159933447883,100.00500000000301,1.9578355329346626,0.2,0.35,25.0,600.0,12.5,1,0.55,350.0
3.5461997576738744,1.3331382012703823,100.00500000000301,2.0371044468669917,0.2,0.35,15.0,600.0,12.5,1,0.35,150.0
3.5486560217941907,1.3368077719668994,100.00500000000301,2.0336378566492748,0.35,0.35,25.0,600.0,12.5,1,0.35,150.0
3.5501393589382104,1.3544953268253996,100.00500000000301,1.9873400917507593,0.2,0.35,15.0,600.0,12.5,1,0.35,200.0
3.5506471250157836,1.3391965764232605,100.00500000000301,2.0325015674070803,0.35,0.35,15.0,600.0,25.0,1,0.35,150.0
3.55153727219158,1.3665744387240737,100.00500000000301,1.9568223813356036,0.2,0.35,15.0,600.0,25.0,1,0.55,350.0
3.5547213582868653,1.340682810910367,100.00500000000301,2.0398958496470088,0.35,0.35,25.0,600.0,25.0,1,0.35,150.0
3.5553152706625433,1.3371955655676317,100.00500000000301,2.0515563002710477,0.2,0.35,25.0,600.0,12.5,1,0.35,150.0
3.5553360468508095,1.353473772820741,100.00500000000301,2.0051064972286388,0.2,0.35,15.0,400.0,12.5,1,0.55,200.0
3.556019219185379,1.34028732266878,100.00500000000301,2.0447339900472983,0.35,0.35,40.0,600.0,12.5,1,0.35,150.0
3.5577198090635536,1.3399454199039733,100.00500000000301,2.0505696833129576,0.2,0.35,15.0,600.0,25.0,1,0.35,150.0
3.5578516170120906,1.3643031597934543,100.00500000000301,1.98135273491026,0.35,0.35,15.0,600.0,12.5,1,0.35,200.0
3.5588992825058363,1.3424516273656049,100.00500000000301,2.0467790146862472,0.35,0.35,40.0,600.0,25.0,1,0.35,150.0
3.562083513722953,1.3416031520822573,100.00500000000301,2.0583010332590024,0.2,0.35,25.0,600.0,25.0,1,0.35,150.0
3.5628271327819863,1.3600181991460885,100.00500000000301,2.0078112389595795,0.2,0.35,25.0,600.0,12.5,1,0.35,200.0
3.563147847110372,1.3409578374377598,100.00500000000301,2.063185741921621,0.2,0.35,40.0,600.0,12.5,1,0.35,150.0
3.5634054162699025,1.3699256298459965,100.00500000000301,1.981156532639602,0.2,0.35,25.0,600.0,25.0,1,0.55,350.0
3.565266756970966,1.36769134541413,100.00500000000301,1.9928583187336888,0.2,0.35,40.0,600.0,12.5,1,0.55,350.0
3.5655860529051417,1.4108611443179855,100.00500000000301,1.8704283102488888,0.2,0.35,15.0,400.0,12.5,1,0.55,350.0
3.566510385629679,1.3435150036848083,100.00500000000301,2.0654868055566453,0.2,0.35,40.0,600.0,25.0,1,0.35,150.0
3.566922158564819,1.364769594608268,100.00500000000301,2.005935897018588,0.2,0.35,15.0,600.0,25.0,1,0.35,200.0
3.5673750480852027,1.3750797627761384,100.00500000000301,1.9777722437400542,0.1,0.35,25.0,600.0,12.5,1,0.55,350.0
3.5697980040320134,1.369445459389013,100.00500000000301,2.000792984694159,0.35,0.35,25.0,600.0,12.5,1,0.35,200.0
3.5702327961089555,1.3602246781806262,100.00500000000301,2.028380336937955,0.2,0.35,15.0,300.0,12.5,1,0.55,150.0
3.5707545865081785,1.3595741668544086,100.00500000000301,2.031729770439213,0.2,0.35,25.0,400.0,12.5,1,0.55,200.0
3.5710961246696646,1.385061607645844,100.00500000000301,1.9598843343536436,0.2,0.35,15.0,300.0,12.5,1,0.55,200.0
3.5727166765851774,1.3754736503608311,100.00500000000301,1.9919086463551454,0.2,0.35,15.0,400.0,12.5,1,0.35,150.0
3.572999782012009,1.3669120790201,100.00500000000301,2.0171791514053257,0.2,0.35,25.0,600.0,25.0,1,0.35,200.0
3.5732958657109566,1.3402215663032702,100.00500000000301,2.0942837125932607,0.2,0.35,15.0,600.0,12.5,1,0.55,200.0
3.5734741902385747,1.373785639183253,100.00500000000301,1.9988958601579336,0.35,0.35,15.0,600.0,25.0,1,0.35,200.0
3.573789233129058,1.365271080876113,100.00500000000301,2.0241232921511427,0.2,0.35,40.0,600.0,12.5,1,0.35,200.0
3.5750670930787636,1.3854378732601724,100.00500000000301,1.970154913767275,0.1,0.18,15.0,600.0,12.5,1,0.55,350.0
3.575103976833311,1.3833016981229405,100.00500000000301,1.9763636534580735,0.1,0.35,15.0,600.0,25.0,1,0.55,350.0
3.5752252043167387,1.363677052339322,100.00500000000301,2.032780434221061,0.2,0.35,15.0,400.0,25.0,1,0.55,200.0
3.5758840976061017,1.3744844349016023,100.00500000000301,2.003784750584155,0.2,0.35,40.0,600.0,25.0,1,0.55,350.0
3.576188159717001,1.3821405768088633,100.00500000000301,1.9827788083088358,0.2,0.18,15.0,600.0,12.5,1,0.55,350.0
3.5770561674264743,1.3462173382521836,100.00500000000301,2.087896654783558,0.2,0.35,15.0,400.0,12.5,1,0.55,150.0
3.5780844263789544,1.4163257527404074,100.00500000000301,1.8905247818242912,0.2,0.35,15.0,600.0,12.5,1,0.35,350.0
3.5791011680332687,1.3756851886481942,100.00500000000301,2.009545655385799,0.35,0.35,25.0,600.0,25.0,1,0.35,200.0
3.5792476710057244,1.3695326084885002,100.00500000000301,2.02754303576337,0.2,0.35,40.0,600.0,25.0,1,0.35,200.0
3.5800892299627725,1.374330901701214,100.00500000000301,2.0162380807471822,0.35,0.35,40.0,600.0,12.5,1,0.35,200.0
3.580368435510949,1.3587089626730258,100.00500000000301,2.0616699223939374,0.1,0.35,15.0,600.0,12.5,1,0.35,150.0
3.5804118083571344,1.4050682869444724,100.00500000000301,1.9293386326074766,0.35,0.35,15.0,600.0,12.5,1,0.55,350.0
3.5821978097048306,1.3649972166910875,100.00500000000301,2.0489302657534227,0.2,0.35,25.0,300.0,12.5,1,0.55,150.0
3.5827620252558785,1.3661726937185683,100.00500000000301,2.0471838043921853,0.2,0.35,25.0,400.0,25.0,1,0.55,200.0
3.582804554713487,1.3798412596131582,100.00500000000301,2.0082522717150955,0.2,0.35,25.0,400.0,12.5,1,0.35,150.0
3.5828142514633505,1.3717890474781491,100.00500000000301,2.031286297100446,0.1,0.35,15.0,400.0,12.5,1,0.55,200.0
3.5838400510816815,1.3807858355010947,100.00500000000301,2.0085120445158338,0.1,0.35,15.0,600.0,12.5,1,0.35,200.0
3.5838780984862404,1.3558652694836686,100.00500000000301,2.0798223685786468,0.2,0.18,15.0,600.0,12.5,1,0.35,150.0
3.5839073469998723,1.365235970050849,100.00500000000301,2.0531325055685095,0.2,0.35,40.0,400.0,12.5,1,0.55,200.0
3.5849750954298205,1.378113487424929,100.00500000000301,2.019390308585276,0.35,0.35,40.0,600.0,25.0,1,0.35,200.0
3.585560799818996,1.3616134274987335,100.00500000000301,2.0682067780577635,0.35,0.35,15.0,600.0,12.5,1,0.55,200.0
3.585788965803797,1.3681856065777074,100.00500000000301,2.0500810263601266,0.2,0.35,15.0,300.0,25.0,1,0.55,150.0
3.5863948134232047,1.3907993855065264,100.00500000000301,1.987201222618952,0.2,0.35,25.0,300.0,12.5,1,0.55,200.0
3.586461006154919,1.3839001014086014,100.00500000000301,2.007102584989352,0.2,0.35,15.0,400.0,25.0,1,0.35,150.0
3.5867582821359596,1.3897646924988594,100.00500000000301,1.9911959703915854,0.35,0.35,15.0,400.0,12.5,1,0.35,150.0
3.5877286464576836,1.3869930869763338,100.00500000000301,2.0018873128037273,0.1,0.35,25.0,600.0,25.0,1,0.55,350.0
3.5878405298783425,1.3462196638320298,100.00500000000301,2.1187024744179075,0.2,0.35,25.0,600.0,12.5,1,0.55,200.0
3.5881517514172567,1.418417853645791,100.00500000000301,1.9133111364897724,0.2,0.35,25.0,400.0,12.5,1,0.55,350.0
3.588611418434548,1.3509783315004187,100.00500000000301,2.1073088198116694,0.2,0.35,25.0,400.0,12.5,1,0.55,150.0
3.589440096166767,1.3843947888004475,100.00500000000301,2.014200878189356,0.1,0.35,40.0,600.0,12.5,1,0.55,350.0
3.5898396524133673,1.3629920328205019,100.00500000000301,2.0764931988366295,0.1,0.35,25.0,600.0,12.5,1,0.35,150.0
3.5903524869440666,1.369101873608088,100.00500000000301,2.0605017523883817,0.2,0.35,40.0,400.0,25.0,1,0.55,200.0
3.5906950864674947,1.348398640509054,100.00500000000301,2.120632702738273,0.2,0.35,15.0,600.0,25.0,1,0.55,200.0
3.5911126239514317,1.3615192175770015,100.00500000000301,2.0843383039268155,0.35,0.18,15.0,600.0,12.5,1,0.35,150.0
3.59124583751458,1.385560067589109,100.00500000000301,2.016030771215503,0.2,0.35,25.0,400.0,25.0,1,0.35,150.0
3.5913648187073424,1.4002982393137415,100.00500000000301,1.974261655410159,0.1,0.35,15.0,300.0,12.5,1,0.55,200.0
3.5913813703046547,1.3531666543370264,100.00500000000301,2.108970617050238,0.2,0.35,15.0,400.0,25.0,1,0.55,150.0
3.591467484103595,1.3839845609677646,100.00500000000301,2.0211654946736726,0.2,0.35,40.0,400.0,12.5,1,0.35,150.0
3.5916037420878153,1.3701462831474365,100.00500000000301,2.0610927398295256,0.2,0.35,25.0,300.0,25.0,1,0.55,150.0
3.5920025661374693,1.3962611108762835,100.00500000000301,1.9876184436032598,0.2,0.35,15.0,300.0,25.0,1,0.55,200.0
3.5923437996177823,1.3693788021011013,100.00500000000301,2.0653999929046747,0.2,0.35,40.0,300.0,12.5,1,0.55,150.0
3.592560288157606,1.3660125468207511,100.00500000000301,2.0756364038194577,0.1,0.35,15.0,600.0,25.0,1,0.35,150.0
3.592870833169739,1.4103860099480108,100.00500000000301,1.9497423520619523,0.2,0.35,15.0,400.0,12.5,1,0.35,200.0
3.59322522681369,1.3600301049944008,100.00500000000301,2.094628919483554,0.2,0.18,25.0,600.0,12.5,1,0.35,150.0
3.5935607062542343,1.380801455622442,100.00500000000301,2.036240716090706,0.2,0.18,15.0,600.0,12.5,1,0.35,200.0
3.5952009882724205,1.3991768735502126,100.00500000000301,1.9884260420633229,0.1,0.12,15.0,600.0,12.5,1,0.55,350.0
3.595743670051341,1.3727061440583295,100.00500000000301,2.0656072171227606,0.35,0.35,15.0,400.0,12.5,1,0.55,150.0
3.5961350218842116,1.3875899521420485,100.00500000000301,2.024200199263195,0.2,0.35,40.0,400.0,25.0,1,0.35,150.0
3.596207155520675,1.3631758058531789,100.00500000000301,2.0941609990498606,0.2,0.18,15.0,600.0,25.0,1,0.35,150.0
3.5962508167287544,1.3938470335466615,100.00500000000301,2.0066536662344228,0.35,0.35,25.0,400.0,12.5,1,0.35,150.0
3.5970423584806124,1.3552503958880693,100.00500000000301,2.119191321692852,0.2,0.35,25.0,400.0,25.0,1,0.55,150.0
3.5970783506377035,1.3866395086465613,100.00500000000301,2.029610977117421,0.1,0.35,25.0,600.0,12.5,1,0.35,200.0
3.597147990957225,1.3678199057992424,100.00500000000301,2.0835802433083916,0.1,0.35,25.0,600.0,25.0,1,0.35,150.0
3.5974127439655357,1.3724011641011322,100.00500000000301,2.0712473710410237,0.2,0.35,40.0,300.0,25.0,1,0.55,150.0
3.597889502015101,1.3510829470920327,100.00500000000301,2.1335187283514943,0.2,0.35,25.0,600.0,25.0,1,0.55,200.0
3.597985685252305,1.366955296963912,100.00500000000301,2.088443966538137,0.1,0.35,40.0,600.0,12.5,1,0.35,150.0
3.5982018733036574,1.3974046670129077,100.00500000000301,2.0020634465448697,0.35,0.35,15.0,400.0,12.5,1,0.55,200.0
3.598377940669312,1.3789203542850546,100.00500000000301,2.0553788182406065,0.1,0.35,15.0,300.0,12.5,1,0.55,150.0
3.5983956315724672,1.3552425968815887,100.00500000000301,2.123080099116667,0.2,0.35,40.0,400.0,12.5,1,0.55,150.0
3.5988182464952834,1.3781452240080574,100.00500000000301,2.058851492820516,0.1,0.35,25.0,400.0,12.5,1,0.55,200.0
3.599044372825293,1.4299221165553613,100.00500000000301,1.9115635893425336,0.2,0.35,15.0,400.0,25.0,1,0.55,350.0
3.5993217489547673,1.3983273157274372,100.00500000000301,2.0026269520779576,0.2,0.35,25.0,300.0,25.0,1,0.55,200.0
3.5994520702518003,1.3673232304462761,100.00500000000301,2.0915823994442264,0.35,0.35,25.0,600.0,12.5,1,0.55,200.0
3.5995595595695185,1.396356911596598,100.00500000000301,2.0089361370653576,0.2,0.35,40.0,300.0,12.5,1,0.55,200.0
3.5996429542726167,1.3976260022414555,100.00500000000301,2.0055484343746173,0.35,0.35,15.0,400.0,25.0,1,0.35,150.0
3.60021706132179,1.3515922103924036,100.00500000000301,2.138713859798119,0.2,0.35,40.0,600.0,12.5,1,0.55,200.0
3.6002177104788338,1.3655295891542183,100.00500000000301,2.0988946323559157,0.35,0.18,25.0,600.0,12.5,1,0.35,150.0
3.6005828250075047,1.3949619129795996,100.00500000000301,2.0158454629367424,0.1,0.18,25.0,600.0,12.5,1,0.55,350.0
3.6006527604975735,1.3648632735025357,100.00500000000301,2.102041391414264,0.2,0.18,25.0,600.0,25.0,1,0.35,150.0
3.600748897222345,1.3917611044665883,100.00500000000301,2.0254651221591775,0.1,0.35,40.0,600.0,25.0,1,0.55,350.0
3.6012531326039428,1.3915613298827294,100.00500000000301,2.027476579203338,0.2,0.18,25.0,600.0,12.5,1,0.55,350.0
3.601310883039461,1.3639243345638252,100.00500000000301,2.106604424215973,0.2,0.18,40.0,600.0,12.5,1,0.35,150.0
3.6015123476232778,1.3917039209863238,100.00500000000301,2.027809790391168,0.1,0.35,15.0,600.0,25.0,1,0.35,200.0
3.6017498973620423,1.3698425933743625,100.00500000000301,2.090949439964671,0.1,0.35,40.0,600.0,25.0,1,0.35,150.0
3.601778849290022,1.3720073844321066,100.00500000000301,2.084847042451058,0.1,0.18,15.0,600.0,12.5,1,0.35,150.0
3.601899758085277,1.3691553296326497,100.00500000000301,2.093341224150235,0.35,0.35,15.0,600.0,25.0,1,0.55,200.0
3.602649371067994,1.3575217361144036,100.00500000000301,2.128721814152988,0.2,0.35,40.0,400.0,25.0,1,0.55,150.0
3.6032143559530607,1.3686134469938533,100.00500000000301,2.0986454541690356,0.35,0.18,15.0,600.0,25.0,1,0.35,150.0
3.6035027787380995,1.3824885816263632,100.00500000000301,2.0598262774619736,0.1,0.35,15.0,400.0,25.0,1,0.55,200.0
3.6039096523594667,1.4143974883460726,100.00500000000301,1.9698204686095682,0.35,0.35,25.0,600.0,12.5,1,0.55,350.0
3.603946217333102,1.3591730113417244,100.00500000000301,2.1277091599752356,0.1,0.35,15.0,600.0,12.5,1,0.55,200.0
3.6040569685651462,1.399095741563972,100.00500000000301,2.0139606485746553,0.35,0.35,25.0,400.0,25.0,1,0.35,150.0
3.6043883183435925,1.3977194110960016,100.00500000000301,2.0188397349929885,0.35,0.35,40.0,400.0,12.5,1,0.35,150.0
3.605044357945806,1.354001316655142,100.00500000000301,2.145622975116053,0.2,0.35,40.0,600.0,25.0,1,0.55,200.0
3.605177280064795,1.3668182670385998,100.00500000000301,2.10938289436043,0.2,0.18,40.0,600.0,25.0,1,0.35,150.0
3.6062517889170076,1.4159595097154325,100.00500000000301,1.972049369147229,0.2,0.35,25.0,400.0,12.5,1,0.35,200.0
3.6064749634548505,1.4023536195406314,100.00500000000301,2.0115609826119254,0.1,0.35,15.0,400.0,12.5,1,0.35,150.0
3.6065101806153885,1.4176663681065438,100.00500000000301,1.9679108928822848,0.2,0.35,15.0,300.0,12.5,1,0.35,150.0
3.606604507089977,1.3864750726972852,100.00500000000301,2.05729838397899,0.2,0.18,25.0,600.0,12.5,1,0.35,200.0
3.60676994089834,1.377255032192795,100.00500000000301,2.0841140248728567,0.35,0.35,25.0,400.0,12.5,1,0.55,150.0
3.60685795314366,1.4010429213777538,100.00500000000301,2.0164000907596034,0.2,0.35,40.0,300.0,25.0,1,0.55,200.0
3.6073157622881564,1.4062467330617232,100.00500000000301,2.002840083503966,0.1,0.35,25.0,300.0,12.5,1,0.55,200.0
3.6074776295737467,1.370179556901408,100.00500000000301,2.1063516362065537,0.35,0.18,25.0,600.0,25.0,1,0.35,150.0
3.6079640039996206,1.3940879781815076,100.00500000000301,2.039431502337337,0.1,0.35,25.0,600.0,25.0,1,0.35,200.0
3.6081029261934394,1.3692918594631904,100.00500000000301,2.1106744763720116,0.35,0.18,40.0,600.0,12.5,1,0.35,150.0
3.608117034199257,1.3657600207390364,100.00500000000301,2.1208057527433595,0.1,0.35,15.0,400.0,12.5,1,0.55,150.0
3.608511871455042,1.3921798078219605,100.00500000000301,2.046448753237247,0.1,0.35,40.0,600.0,12.5,1,0.35,200.0
3.6085394004013573,1.4267465533288144,100.00500000000301,1.947765277349994,0.2,0.35,40.0,400.0,12.5,1,0.55,350.0
3.6086469472092704,1.4009812541909534,100.00500000000301,2.0216876943379196,0.35,0.35,40.0,400.0,25.0,1,0.35,150.0
3.6086882133964937,1.3962724410126195,100.00500000000301,2.035259349668083,0.1,0.18,15.0,600.0,12.5,1,0.35,200.0
3.608719156546662,1.3716724523751664,100.00500000000301,2.1056334404898585,0.35,0.35,25.0,600.0,25.0,1,0.55,200.0
3.609137050478223,1.4037211534490166,100.00500000000301,2.0152597057976043,0.1,0.18,15.0,600.0,25.0,1,0.55,350.0
3.6092751723659293,1.379206783616965,100.00500000000301,2.085695396425484,0.35,0.35,15.0,400.0,25.0,1,0.55,150.0
3.609358543554686,1.431656876785637,100.00500000000301,1.9360761907685817,0.2,0.35,25.0,400.0,25.0,1,0.55,350.0
3.609892529853809,1.3736176973751473,100.00500000000301,2.1034280927960483,0.2,0.12,15.0,600.0,12.5,1,0.35,150.0
3.6103670240319587,1.384971757360748,100.00500000000301,2.0723436190604727,0.2,0.18,15.0,400.0,12.5,1,0.55,200.0
3.6103908448525113,1.4004949203980512,100.00500000000301,2.028059784155471,0.2,0.18,15.0,600.0,25.0,1,0.55,350.0
3.610798359457342,1.383895522999187,100.00500000000301,2.0766509613088857,0.1,0.35,25.0,300.0,12.5,1,0.55,150.0
3.611219993122236,1.3723940532098506,100.00500000000301,2.1107169711781157,0.35,0.35,40.0,600.0,12.5,1,0.55,200.0
3.6113279330991865,1.4219090252966566,100.00500000000301,1.969554022292814,0.35,0.35,15.0,600.0,25.0,1,0.55,350.0
3.611346402694678,1.3763314265011861,100.00500000000301,2.099828503409849,0.1,0.18,25.0,600.0,12.5,1,0.35,150.0
3.611467907840198,1.385202834088931,100.00500000000301,2.0748287821463487,0.1,0.35,25.0,400.0,25.0,1,0.55,200.0
3.611539522791252,1.3917894629533951,100.00500000000301,2.0562144566794633,0.2,0.18,15.0,600.0,25.0,1,0.35,200.0
3.6118718976015898,1.3720525846572864,100.00500000000301,2.1135551798407386,0.35,0.18,40.0,600.0,25.0,1,0.35,150.0
3.6119387137487986,1.4224022679569488,100.00500000000301,1.9698898451194413,0.2,0.35,15.0,400.0,25.0,1,0.35,200.0
3.6123196692154393,1.4059773173072414,100.00500000000301,2.0179067197375793,0.2,0.12,15.0,600.0,12.5,1,0.55,350.0
3.6124346168715853,1.403944593272402,100.00500000000301,2.0240429245689664,0.35,0.35,15.0,300.0,12.5,1,0.55,150.0
3.612462761852528,1.3840401499506576,100.00500000000301,2.0809931768623575,0.1,0.35,40.0,400.0,12.5,1,0.55,200.0
3.612963495637146,1.4033940311616746,100.00500000000301,2.0271270413583617,0.35,0.35,25.0,400.0,12.5,1,0.55,200.0
3.6143524844286103,1.3795458062957762,100.00500000000301,2.0992333660936837,0.1,0.18,15.0,600.0,25.0,1,0.35,150.0
3.6144645249336658,1.3906861298477888,100.00500000000301,2.067723985959519,0.1,0.18,15.0,400.0,12.5,1,0.55,200.0
3.6144911491547367,1.3968768069142652,100.00500000000301,2.0501124064012184,0.1,0.35,40.0,600.0,25.0,1,0.35,200.0
3.614549609285425,1.3872616804553577,100.00500000000301,2.0777512252286354,0.1,0.35,15.0,300.0,25.0,1,0.55,150.0
3.6146245883572123,1.3811612390545864,100.00500000000301,2.0953952837216594,0.35,0.35,25.0,400.0,25.0,1,0.55,150.0
3.6155039635502746,1.3965452764377349,100.00500000000301,2.0539533917499857,0.35,0.18,15.0,600.0,12.5,1,0.35,200.0
3.615546974174717,1.3744450255028684,100.00500000000301,2.1172198533480096,0.35,0.35,40.0,600.0,25.0,1,0.55,200.0
3.6158242892798493,1.3817859341962602,100.00500000000301,2.0970381573815544,0.1,0.12,15.0,600.0,12.5,1,0.35,150.0
3.616073592601551,1.3812994132410146,100.00500000000301,2.099140512458547,0.35,0.35,40.0,400.0,12.5,1,0.55,150.0
3.6169311477895656,1.4220318637809084,100.00500000000301,1.985212240024605,0.2,0.35,25.0,300.0,12.5,1,0.35,150.0
3.6170154555432417,1.4069839871802239,100.00500000000301,2.0284470524656357,0.1,0.35,25.0,400.0,12.5,1,0.35,150.0
3.6172862139394515,1.4072834247024917,100.00500000000301,2.028365112105471,0.35,0.35,15.0,400.0,25.0,1,0.55,200.0
3.617740670714624,1.3939704386914973,100.00500000000301,2.06770066292309,0.2,0.18,25.0,600.0,25.0,1,0.35,200.0
3.6177485686061375,1.3651939418595334,100.00500000000301,2.1499417907044553,0.2,0.18,15.0,600.0,12.5,1,0.55,200.0
3.617877637459818,1.421460196425303,100.00500000000301,1.9895498315270554,0.2,0.35,40.0,400.0,12.5,1,0.35,200.0
3.6179540430250063,1.391917824536202,100.00500000000301,2.074174909967883,0.2,0.18,40.0,600.0,12.5,1,0.35,200.0
3.6182119857003925,1.4243023333015234,100.00500000000301,1.9823847211394974,0.2,0.35,25.0,400.0,25.0,1,0.35,200.0
3.618965255544922,1.365431908062096,100.00500000000301,2.1527381356650888,0.1,0.35,25.0,600.0,12.5,1,0.55,200.0
3.61897169529339,1.3813620542503244,100.00500000000301,2.107241831551488,0.1,0.18,25.0,600.0,25.0,1,0.35,150.0
3.619301284291967,1.3778069276662412,100.00500000000301,2.1183410189305154,0.2,0.12,25.0,600.0,12.5,1,0.35,150.0
3.6193659624068744,1.3882721738212969,100.00500000000301,2.0886251102443785,0.1,0.35,40.0,400.0,25.0,1,0.55,200.0
3.6194785956478555,1.4037914557183737,100.00500000000301,2.0446061140841048,0.2,0.18,15.0,400.0,12.5,1,0.35,150.0
3.6196026789328544,1.3803497021808833,100.00500000000301,2.1119370764340752,0.1,0.18,40.0,600.0,12.5,1,0.35,150.0
3.619968333214402,1.383325582893267,100.00500000000301,2.1044792866316855,0.35,0.35,40.0,400.0,25.0,1,0.55,150.0
3.620063205298349,1.3707261860368916,100.00500000000301,2.140748626461178,0.1,0.35,25.0,400.0,12.5,1,0.55,150.0
3.6206942554718107,1.3893924929664676,100.00500000000301,2.089219321443709,0.1,0.35,25.0,300.0,25.0,1,0.55,150.0
3.620744360330773,1.4086765156152474,100.00500000000301,2.034265270615659,0.1,0.12,25.0,600.0,12.5,1,0.55,350.0
3.6208925413308566,1.4112563884893625,100.00500000000301,2.027317579546998,0.1,0.35,15.0,400.0,25.0,1,0.35,150.0
3.6210055306480977,1.4119963727126983,100.00500000000301,2.025526165529584,0.1,0.35,40.0,300.0,12.5,1,0.55,200.0
3.6210090434964783,1.4353442278031718,100.00500000000301,1.958828044837891,0.2,0.35,40.0,400.0,25.0,1,0.55,350.0
3.6213213164408917,1.3884566934050748,100.00500000000301,2.093684637245062,0.1,0.35,40.0,300.0,12.5,1,0.55,150.0
3.621395864079692,1.4269592565785014,100.00500000000301,1.9838903071461287,0.2,0.35,15.0,300.0,25.0,1,0.35,150.0
3.621852310910727,1.4074311218585447,100.00500000000301,2.0409891115775354,0.1,0.18,25.0,600.0,25.0,1,0.55,350.0
3.6220698157171753,1.4021795353421516,100.00500000000301,2.0566150867856545,0.1,0.18,25.0,600.0,12.5,1,0.35,200.0
3.622204031352133,1.367946755712452,100.00500000000301,2.154806501827531,0.1,0.35,15.0,600.0,25.0,1,0.55,200.0
3.6225304504995908,1.3811305110909784,100.00500000000301,2.1180712554530507,0.2,0.12,15.0,600.0,25.0,1,0.35,150.0
3.6225434051232366,1.4039383264043572,100.00500000000301,2.0529430820538135,0.2,0.18,25.0,600.0,25.0,1,0.55,350.0
3.622666892918769,1.4253524283287544,100.00500000000301,1.9921127559713412,0.35,0.35,25.0,600.0,25.0,1,0.55,350.0
3.6229980130796235,1.404440185383268,100.00500000000301,2.0528080791323164,0.1,0.18,40.0,600.0,12.5,1,0.55,350.0
3.6230957852382764,1.3731509362464485,100.00500000000301,2.1424852828336656,0.1,0.35,15.0,400.0,25.0,1,0.55,150.0
3.623340130628629,1.40095066406522,100.00500000000301,2.0637556187524684,0.2,0.18,40.0,600.0,12.5,1,0.55,350.0
3.6234505781350568,1.40124801054988,100.00500000000301,2.063221621671805,0.2,0.12,15.0,600.0,12.5,1,0.35,200.0
3.6236132712309934,1.3834003797545475,100.00500000000301,2.1146796899325735,0.1,0.18,40.0,600.0,25.0,1,0.35,150.0
3.62387272673981,1.408610259095804,100.00500000000301,2.0433927646970313,0.35,0.35,25.0,300.0,12.5,1,0.55,150.0
3.6241375806963236,1.3966508931456063,100.00500000000301,2.0783191072876344,0.2,0.18,40.0,600.0,25.0,1,0.35,200.0
3.6243217614935404,1.423349331481521,100.00500000000301,2.0025640857484963,0.35,0.35,40.0,600.0,12.5,1,0.55,350.0
3.6243996409420838,1.4096838105295166,100.00500000000301,2.0418309440357776,0.35,0.35,25.0,400.0,25.0,1,0.55,200.0
3.624790902065327,1.4269005709171658,100.00500000000301,1.9937580889946174,0.2,0.35,40.0,400.0,25.0,1,0.35,200.0
3.6249297646209238,1.4076212708597822,100.00500000000301,2.0492385536031317,0.1,0.12,15.0,600.0,12.5,1,0.35,200.0
3.6253103414221988,1.3735345935795533,100.00500000000301,2.1477164224074303,0.2,0.18,15.0,400.0,12.5,1,0.55,150.0
3.625414344678317,1.386115943565246,100.00500000000301,2.112066860322933,0.1,0.12,25.0,600.0,12.5,1,0.35,150.0
3.6255120690104112,1.408886401548196,100.00500000000301,2.0472876213204856,0.35,0.35,40.0,400.0,12.5,1,0.55,200.0
3.6257917751540996,1.3705775362869108,100.00500000000301,2.157540682477554,0.35,0.35,15.0,600.0,12.5,1,0.55,150.0
3.6259123839426683,1.4262808508776383,100.00500000000301,1.9987329516142425,0.2,0.35,40.0,300.0,12.5,1,0.35,150.0
3.625991221376477,1.4131145228711344,100.00500000000301,2.036576281443708,0.1,0.35,25.0,400.0,25.0,1,0.35,150.0
3.626032077091084,1.3921631550396143,100.00500000000301,2.0965540630040707,0.2,0.18,15.0,300.0,12.5,1,0.55,150.0
3.6260562739535716,1.4113501301098008,100.00500000000301,2.04180326812493,0.1,0.35,40.0,400.0,12.5,1,0.35,150.0
3.6261984955320545,1.3912633185129308,100.00500000000301,2.099600505768795,0.2,0.18,25.0,400.0,12.5,1,0.55,200.0
3.6262675155870854,1.4284767520389565,100.00500000000301,1.9934736101373824,0.2,0.35,25.0,300.0,25.0,1,0.35,150.0
3.626739114376749,1.3917560221824994,100.00500000000301,2.099737406269156,0.1,0.35,40.0,300.0,25.0,1,0.55,150.0
3.6269198386323547,1.4075191839312704,100.00500000000301,2.055216156288684,0.1,0.18,15.0,600.0,25.0,1,0.35,200.0
3.6269422415131323,1.359887545794283,100.00500000000301,2.1913705591965833,0.2,0.35,15.0,600.0,12.5,1,0.55,150.0
3.6269918869169464,1.382820558437747,100.00500000000301,2.12598950994044,0.2,0.12,25.0,600.0,25.0,1,0.35,150.0
3.6273538044359643,1.4116433032854903,100.00500000000301,2.0446728604297966,0.35,0.35,15.0,300.0,25.0,1,0.55,150.0
3.627465383094964,1.3817412528158557,100.00500000000301,2.1304260865116094,0.2,0.12,40.0,600.0,12.5,1,0.35,150.0
3.628241482849105,1.402054932568478,100.00500000000301,2.074604429373091,0.35,0.18,25.0,600.0,12.5,1,0.35,200.0
3.628545478755903,1.3894203149302207,100.00500000000301,2.1115718966446764,0.1,0.12,15.0,600.0,25.0,1,0.35,150.0
3.6290184084274384,1.375383302831782,100.00500000000301,2.1530288731303178,0.1,0.35,25.0,400.0,25.0,1,0.55,150.0
3.629322861357065,1.3741038068846188,100.00500000000301,2.1575544413497183,0.1,0.18,15.0,600.0,12.5,1,0.55,200.0
3.6297079724990122,1.3708118284204238,100.00500000000301,2.168060411652981,0.1,0.35,25.0,600.0,25.0,1,0.55,200.0
3.629852418186338,1.408277392110321,100.00500000000301,2.0614286459313482,0.2,0.18,25.0,400.0,12.5,1,0.35,150.0
3.63018530090124,1.3751771634445382,100.00500000000301,2.156951821304733,0.1,0.35,40.0,400.0,12.5,1,0.55,150.0
3.6303688835980106,1.398011652405709,100.00500000000301,2.0922349462635896,0.1,0.18,15.0,300.0,12.5,1,0.55,150.0
3.630476072546437,1.3872103059125238,100.00500000000301,2.1234021903824813,0.35,0.12,15.0,600.0,12.5,1,0.35,150.0
3.630623566738306,1.3971079424747848,100.00500000000301,2.095544640752789,0.1,0.18,25.0,400.0,12.5,1,0.55,200.0
3.630742950069157,1.4408128064066896,100.00500000000301,1.9710146961783492,0.35,0.35,15.0,400.0,12.5,1,0.35,200.0
3.6311100574100856,1.4152789336075573,100.00500000000301,2.0450174965785237,0.1,0.35,40.0,400.0,25.0,1,0.35,150.0
3.6313130377161658,1.4304800315482198,100.00500000000301,2.0021657319082884,0.2,0.35,40.0,300.0,25.0,1,0.35,150.0
3.631539427871211,1.3847831030080555,100.00500000000301,2.1333752138946007,0.2,0.12,40.0,600.0,25.0,1,0.35,150.0
3.6315833941417233,1.395973868395804,100.00500000000301,2.1015272164167835,0.2,0.18,15.0,400.0,25.0,1,0.55,200.0
3.6316420038008608,1.4125402841746522,100.00500000000301,2.0543620560747526,0.35,0.35,40.0,400.0,25.0,1,0.55,200.0
3.631762922868807,1.371047741288362,100.00500000000301,2.173257661658285,0.1,0.35,40.0,600.0,12.5,1,0.55,200.0
3.632615544790678,1.3713615849346217,100.00500000000301,2.1747970281600315,0.2,0.18,25.0,600.0,12.5,1,0.55,200.0
3.632831096499147,1.4135177564808479,100.00500000000301,2.0549666857664404,0.35,0.35,25.0,300.0,25.0,1,0.55,150.0
3.633101725044402,1.4208166109350273,100.00500000000301,2.0348860403123714,0.2,0.18,15.0,300.0,12.5,1,0.55,200.0
3.633167907798702,1.39123428925404,100.00500000000301,2.119596052984619,0.1,0.12,25.0,600.0,25.0,1,0.35,150.0
3.633201846091966,1.418988994158214,100.00500000000301,2.0403938626677336,0.1,0.18,15.0,400.0,12.5,1,0.35,150.0
3.6333721717117107,1.4073824187749526,100.00500000000301,2.074042151247751,0.35,0.18,15.0,600.0,25.0,1,0.35,200.0
3.6334158895607582,1.4099119067609593,100.00500000000301,2.0669399508564394,0.1,0.18,25.0,600.0,25.0,1,0.35,200.0
3.6334242520219404,1.4578940452901241,100.00500000000301,1.9298720192336323,0.35,0.35,15.0,600.0,12.5,1,0.35,350.0
3.633471574197684,1.4035686988624259,100.00500000000301,2.0852225009577534,0.1,0.12,15.0,400.0,12.5,1,0.55,200.0
3.6335475068722745,1.4128533626005335,100.00500000000301,2.058911840776273,0.35,0.35,40.0,300.0,12.5,1,0.55,150.0
3.633668583462037,1.4077962091136271,100.00500000000301,2.073706783852471,0.1,0.18,40.0,600.0,12.5,1,0.35,200.0
3.6337033838984314,1.39014941802404,100.00500000000301,2.124225616783847,0.1,0.12,40.0,600.0,12.5,1,0.35,150.0
3.634158850387905,1.4127658520659605,100.00500000000301,2.0609085666339992,0.2,0.18,15.0,400.0,25.0,1,0.35,150.0
3.634669407994375,1.429962207843643,100.00500000000301,2.0132348575733916,0.35,0.35,40.0,600.0,25.0,1,0.55,350.0
3.634822023094515,1.3777588003762256,100.00500000000301,2.162823493480697,0.1,0.35,40.0,400.0,25.0,1,0.55,150.0
3.634994983812246,1.4122431853041737,100.00500000000301,2.064790852880078,0.1,0.18,40.0,600.0,25.0,1,0.55,350.0
3.635361662052111,1.4086373406250792,100.00500000000301,2.07614091836282,0.2,0.18,40.0,600.0,25.0,1,0.55,350.0
3.6356085932057387,1.3746307543573972,100.00500000000301,2.1740081109951324,0.35,0.35,25.0,600.0,12.5,1,0.55,150.0
3.6356286269012363,1.3820388056677426,100.00500000000301,2.1528994892384246,0.1,0.18,15.0,400.0,12.5,1,0.55,150.0
3.6357657611388903,1.4017534950559714,100.00500000000301,2.0969636173796387,0.1,0.18,15.0,400.0,25.0,1,0.55,200.0
3.6363031710082607,1.3741145687954488,100.00500000000301,2.17746743489362,0.2,0.18,15.0,600.0,25.0,1,0.55,200.0
3.6365825979134976,1.4069489488228744,100.00500000000301,2.0844532831159377,0.2,0.12,25.0,600.0,12.5,1,0.35,200.0
3.6367138413042763,1.3750805288326668,100.00500000000301,2.1758808927758984,0.35,0.35,15.0,600.0,25.0,1,0.55,150.0
3.6371015554666832,1.3738619232202738,100.00500000000301,2.1804703778467553,0.1,0.35,40.0,600.0,25.0,1,0.55,200.0
3.6371235427709014,1.3784282902223643,100.00500000000301,2.167486435852834,0.2,0.18,25.0,400.0,12.5,1,0.55,150.0
3.6372071175484026,1.3641788670578399,100.00500000000301,2.2084378585443365,0.2,0.35,25.0,600.0,12.5,1,0.55,150.0
3.637526603586639,1.4154086810357913,100.00500000000301,2.062979778716579,0.2,0.12,25.0,600.0,12.5,1,0.55,350.0
3.6378169448314965,1.3932733473342422,100.00500000000301,2.127053135706312,0.1,0.12,40.0,600.0,25.0,1,0.35,150.0
3.6383061251493256,1.3970811506879457,100.00500000000301,2.1175713556038143,0.2,0.18,25.0,300.0,12.5,1,0.55,150.0
3.6383403278390274,1.4135308485040787,100.00500000000301,2.0706699409568667,0.1,0.12,25.0,600.0,12.5,1,0.35,200.0
3.638367952635698,1.4157102633652037,100.00500000000301,2.0645219693441406,0.35,0.35,40.0,300.0,25.0,1,0.55,150.0
3.638694055644028,1.3649300926834858,100.00500000000301,2.2105398941728494,0.2,0.35,15.0,600.0,25.0,1,0.55,150.0
3.6388240215626366,1.4125684067137894,100.00500000000301,2.0748017567108645,0.2,0.18,40.0,400.0,12.5,1,0.35,150.0
3.6390445316673077,1.414457099463377,100.00500000000301,2.0700355205825316,0.2,0.18,25.0,400.0,25.0,1,0.35,150.0
3.639267606450976,1.3985272360628984,100.00500000000301,2.116186772537234,0.2,0.18,25.0,400.0,25.0,1,0.55,200.0
3.639297251922499,1.4093969848735846,100.00500000000301,2.0852150487110555,0.35,0.18,25.0,600.0,25.0,1,0.35,200.0
3.6393462695130303,1.4073585216090714,100.00500000000301,2.0911792797254685,0.35,0.18,40.0,600.0,12.5,1,0.35,200.0
3.6397304305663303,1.391294048131742,100.00500000000301,2.138175378384409,0.35,0.12,25.0,600.0,12.5,1,0.35,150.0
3.639793033169176,1.397153778520609,100.00500000000301,2.1216121561386334,0.2,0.18,40.0,400.0,12.5,1,0.55,200.0
3.6400010841806996,1.4127204253420325,100.00500000000301,2.0777304538246346,0.1,0.18,40.0,600.0,25.0,1,0.35,200.0
3.6405407170912953,1.3810582785677465,100.00500000000301,2.169735538638582,0.2,0.18,15.0,400.0,25.0,1,0.55,150.0
3.641511183645953,1.376925842437273,100.00500000000301,2.1843152605961,0.35,0.35,25.0,600.0,25.0,1,0.55,150.0
3.641879821275278,1.4125164558235532,100.00500000000301,2.083681044147656,0.2,0.12,15.0,600.0,25.0,1,0.35,200.0
3.6425825813259505,1.400724467495325,100.00500000000301,2.1193803252302295,0.2,0.18,15.0,300.0,25.0,1,0.55,150.0
3.642905013117368,1.4030368754044158,100.00500000000301,2.1136946791797344,0.1,0.18,25.0,300.0,12.5,1,0.55,150.0
3.6431458395252565,1.3946779632229018,100.00500000000301,2.1382653608637407,0.35,0.12,15.0,600.0,25.0,1,0.35,150.0
3.643234252172797,1.4181740344628075,100.00500000000301,2.071386336314128,0.1,0.12,40.0,600.0,12.5,1,0.55,350.0
3.6433749862509437,1.4189996134795853,100.00500000000301,2.0694296364894673,0.1,0.12,15.0,600.0,25.0,1,0.35,200.0
3.643380196096679,1.4461441958886934,100.00500000000301,1.9918885720226875,0.35,0.35,25.0,400.0,12.5,1,0.35,200.0
3.643608361000601,1.3768487942025558,100.00500000000301,2.1905273337085713,0.2,0.18,25.0,600.0,25.0,1,0.55,200.0
3.6436376181671517,1.4477269843838443,100.00500000000301,1.9881018108093218,0.35,0.35,15.0,300.0,12.5,1,0.35,150.0
3.6437322983836,1.3669015963554167,100.00500000000301,2.21930200579468,0.2,0.35,25.0,600.0,25.0,1,0.55,150.0
3.6437779494294213,1.4044814294293562,100.00500000000301,2.1120614857143436,0.1,0.18,25.0,400.0,25.0,1,0.55,200.0
3.6438561327098213,1.4236604352251663,100.00500000000301,2.057487707098886,0.1,0.18,25.0,400.0,12.5,1,0.35,150.0
3.6439137744167738,1.3781578945013304,100.00500000000301,2.187659656901137,0.35,0.35,40.0,600.0,12.5,1,0.55,150.0
3.6440535176775963,1.416533959886251,100.00500000000301,2.078413022260859,0.2,0.18,40.0,400.0,25.0,1,0.35,150.0
3.6444480187953974,1.4030927598548462,100.00500000000301,2.1179435969728746,0.1,0.18,40.0,400.0,12.5,1,0.55,200.0
3.6444677509820957,1.3804250838125378,100.00500000000301,2.1827647633414653,0.1,0.18,25.0,600.0,12.5,1,0.55,200.0
3.644508943158006,1.38427064121709,100.00500000000301,2.1718951484024887,0.1,0.12,15.0,600.0,12.5,1,0.55,200.0
3.644761419200192,1.4075170985757046,100.00500000000301,2.1061980589269784,0.2,0.12,15.0,400.0,12.5,1,0.55,200.0
3.6451153904612745,1.3911565306958265,100.00500000000301,2.153953885044008,0.35,0.18,15.0,600.0,12.5,1,0.55,200.0
3.645348091051726,1.376937299662793,100.00500000000301,2.195245118253965,0.2,0.18,40.0,600.0,12.5,1,0.55,200.0
3.6454495801125666,1.3831427521775612,100.00500000000301,2.177805222671315,0.2,0.12,15.0,600.0,12.5,1,0.55,200.0
3.6455121897802045,1.4119788307486367,100.00500000000301,2.095595311518637,0.35,0.18,40.0,600.0,25.0,1,0.35,200.0
3.6459324197897667,1.367944249784502,100.00500000000301,2.2226090571577695,0.2,0.35,40.0,600.0,12.5,1,0.55,150.0
3.64627720872588,1.3788816480816166,100.00500000000301,2.1923444589834813,0.35,0.35,40.0,600.0,25.0,1,0.55,150.0
3.646291864603901,1.3831819959710214,100.00500000000301,2.180099624665241,0.2,0.18,25.0,400.0,25.0,1,0.55,150.0
3.6469986777601626,1.4066289132433096,100.00500000000301,2.1151278986194506,0.1,0.18,15.0,300.0,25.0,1,0.55,150.0
3.6470307120945393,1.4015348388478663,100.00500000000301,2.129773923561793,0.2,0.18,40.0,400.0,25.0,1,0.55,200.0
3.6471700657501893,1.4520272213214218,100.00500000000301,1.9859081269392067,0.35,0.35,15.0,300.0,12.5,1,0.55,200.0
3.647190746143812,1.3828507900653435,100.00500000000301,2.1836141602240673,0.2,0.18,40.0,400.0,12.5,1,0.55,150.0
3.6473810277537173,1.424834016923158,100.00500000000301,2.0642057452300415,0.2,0.12,15.0,600.0,25.0,1,0.55,350.0
3.647459449988496,1.396265409260874,100.00500000000301,2.146054402078791,0.35,0.12,25.0,600.0,25.0,1,0.35,150.0
3.647673677060186,1.3870525460785288,100.00500000000301,2.172988945661748,0.1,0.18,25.0,400.0,12.5,1,0.55,150.0
3.6477849233116215,1.3951502013289814,100.00500000000301,2.1501706342359865,0.35,0.12,40.0,600.0,12.5,1,0.35,150.0
3.648047680422276,1.4124448956444038,100.00500000000301,2.1015079565080765,0.2,0.12,40.0,600.0,12.5,1,0.35,200.0
3.648100757239834,1.4146969097230375,100.00500000000301,2.09522527861929,0.2,0.12,25.0,600.0,25.0,1,0.35,200.0
3.648122002266784,1.3832258751643718,100.00500000000301,2.185203220292478,0.1,0.18,15.0,600.0,25.0,1,0.55,200.0
3.648509315928557,1.4027305537425667,100.00500000000301,2.13058217767413,0.2,0.18,25.0,300.0,25.0,1,0.55,150.0
3.6487147544818557,1.3689714042201897,100.00500000000301,2.2276238578903453,0.2,0.35,40.0,600.0,25.0,1,0.55,150.0
3.6487824468310426,1.4016348158196161,100.00500000000301,2.13449323146109,0.2,0.18,40.0,300.0,12.5,1,0.55,150.0
3.648899074094016,1.4245582411870343,100.00500000000301,2.0693309511626765,0.35,0.18,15.0,400.0,12.5,1,0.35,150.0
3.648910791370774,1.4267685700429527,100.00500000000301,2.063049203793647,0.2,0.18,25.0,300.0,12.5,1,0.55,200.0
3.648954591596707,1.4523342472514862,100.00500000000301,1.99012955527193,0.35,0.35,15.0,400.0,25.0,1,0.35,200.0
3.6494791246975864,1.4109517341244482,100.00500000000301,2.10986397306598,0.1,0.12,15.0,300.0,12.5,1,0.55,150.0
3.6496437786658453,1.4099807547027927,100.00500000000301,2.113108639894307,0.1,0.12,25.0,400.0,12.5,1,0.55,200.0
3.649872016331477,1.4213853784038772,100.00500000000301,2.081176108364443,0.1,0.12,25.0,600.0,25.0,1,0.35,200.0
3.649985389192935,1.4191656452918986,100.00500000000301,2.0878421254314037,0.1,0.12,40.0,600.0,12.5,1,0.35,200.0
3.6508974920680375,1.3798362995175308,100.00500000000301,2.2028176930013195,0.2,0.18,40.0,600.0,25.0,1,0.55,200.0
3.6510285349289195,1.3896966974691995,100.00500000000301,2.175019535599071,0.1,0.18,15.0,400.0,25.0,1,0.55,150.0
3.6513223698704347,1.4255504799584837,100.00500000000301,2.073419685462588,0.2,0.12,15.0,400.0,12.5,1,0.35,150.0
3.65157205049976,1.4412620481253995,100.00500000000301,2.0292428639266156,0.35,0.18,15.0,600.0,12.5,1,0.55,350.0
3.6517377707185847,1.407575701343119,100.00500000000301,2.1259630553583446,0.1,0.18,40.0,400.0,25.0,1,0.55,200.0
3.651914239048877,1.398166670500345,100.00500000000301,2.1533501958528194,0.35,0.12,40.0,600.0,25.0,1,0.35,150.0
3.652006329999087,1.3855072879168548,100.00500000000301,2.1897829773776762,0.2,0.18,40.0,400.0,25.0,1,0.55,150.0
3.6520150187947715,1.3930514823073945,100.00500000000301,2.168252961392377,0.1,0.12,15.0,400.0,12.5,1,0.55,150.0
3.653179252590494,1.4087709566953515,100.00500000000301,2.126666559700279,0.1,0.18,25.0,300.0,25.0,1,0.55,150.0
3.653381041882133,1.466161238194783,100.00500000000301,1.9632708676780137,0.35,0.35,25.0,600.0,12.5,1,0.35,350.0
3.6534660569099797,1.4518898346617453,100.00500000000301,2.004289206423398,0.35,0.35,25.0,300.0,12.5,1,0.35,150.0
3.6535621319289415,1.4076655554875188,100.00500000000301,2.1309187898325077,0.1,0.18,40.0,300.0,12.5,1,0.55,150.0
3.654350594810868,1.4513877652244418,100.00500000000301,2.0082509416753753,0.35,0.35,40.0,400.0,12.5,1,0.35,200.0
3.654447894496904,1.4050450492861628,100.00500000000301,2.1409367006019875,0.2,0.18,40.0,300.0,25.0,1,0.55,150.0
3.6545290598564795,1.417384229657723,100.00500000000301,2.1059138005677465,0.2,0.12,40.0,600.0,25.0,1,0.35,200.0
3.654713381528146,1.454029144546205,100.00500000000301,2.001740677091131,0.35,0.35,25.0,400.0,25.0,1,0.35,200.0
3.65498848510393,1.4147686875940368,100.00500000000301,2.1146994214567076,0.1,0.12,15.0,400.0,25.0,1,0.55,200.0
3.6551812949531985,1.3929645433603772,100.00500000000301,2.177547861693646,0.2,0.12,15.0,400.0,12.5,1,0.55,150.0
3.655453886835634,1.4328336012023426,100.00500000000301,2.0644151018092742,0.2,0.18,15.0,300.0,25.0,1,0.55,200.0
3.6556636239249314,1.3861048383340926,100.00500000000301,2.198525101687983,0.1,0.18,25.0,600.0,25.0,1,0.55,200.0
3.656465441939178,1.4241917999099014,100.00500000000301,2.0919961200835187,0.1,0.12,40.0,600.0,25.0,1,0.35,200.0
3.656959112028749,1.3778626184977762,100.00500000000301,2.225775695802651,0.1,0.35,15.0,600.0,12.5,1,0.55,150.0
3.6569810553069466,1.3919397285786392,100.00500000000301,2.1856180763664645,0.1,0.18,25.0,400.0,25.0,1,0.55,150.0
3.6574147177557594,1.3861240265544659,100.00500000000301,2.2034734034321386,0.1,0.18,40.0,600.0,12.5,1,0.55,200.0
3.6578462194591177,1.45663144804484,100.00500000000301,2.0032564897549503,0.35,0.35,15.0,300.0,25.0,1,0.35,150.0
3.657912847194787,1.3915671614042169,100.00500000000301,2.189344816544357,0.1,0.18,40.0,400.0,12.5,1,0.55,150.0
3.6590321219270465,1.428932221420355,100.00500000000301,2.08578543001899,0.35,0.18,25.0,400.0,12.5,1,0.35,150.0
3.6592704107010596,1.4111535173809495,100.00500000000301,2.137262552343044,0.1,0.18,40.0,300.0,25.0,1,0.55,150.0
3.659544544353044,1.4282520542130994,100.00500000000301,2.089192828971141,0.2,0.12,25.0,600.0,25.0,1,0.55,350.0
3.659674152135988,1.3905944195413298,100.00500000000301,2.1971563788417514,0.1,0.12,25.0,600.0,12.5,1,0.55,200.0
3.659744889991045,1.3972679640886554,100.00500000000301,2.178291216863842,0.35,0.18,25.0,600.0,12.5,1,0.55,200.0
3.6598251798877106,1.4248787452553484,100.00500000000301,2.099632670378049,0.2,0.12,40.0,600.0,12.5,1,0.55,350.0
3.6600129920021534,1.4255326984474732,100.00500000000301,2.0983008387275284,0.35,0.12,15.0,600.0,12.5,1,0.35,200.0
3.6603876517795886,1.3893378453845775,100.00500000000301,2.2027851611284732,0.2,0.12,25.0,600.0,12.5,1,0.55,200.0
3.6604084416848957,1.405180063842149,100.00500000000301,2.157581079550576,0.35,0.18,15.0,400.0,12.5,1,0.55,150.0
3.660664669057518,1.4138213844010399,100.00500000000301,2.1336236704469513,0.2,0.12,25.0,400.0,12.5,1,0.55,200.0
3.660665232695238,1.4148453724255252,100.00500000000301,2.13069960077048,0.2,0.12,15.0,300.0,12.5,1,0.55,150.0
3.6608938888939417,1.45648759516215,100.00500000000301,2.0123751249478476,0.35,0.35,40.0,400.0,25.0,1,0.35,200.0
3.661763211636334,1.430054909683004,100.00500000000301,2.0903808627236717,0.2,0.12,25.0,400.0,12.5,1,0.35,150.0
3.6619373383524136,1.4559360038368334,100.00500000000301,2.016932384330101,0.35,0.35,40.0,300.0,12.5,1,0.35,150.0
3.661990206230979,1.4579746384335326,100.00500000000301,2.0112587651354317,0.35,0.35,25.0,300.0,12.5,1,0.55,200.0
3.6620243603563645,1.415969623243013,100.00500000000301,2.131370677466589,0.1,0.12,25.0,300.0,12.5,1,0.55,150.0
3.6623130383965363,1.457982648062382,100.00500000000301,2.0121582580974553,0.35,0.35,25.0,300.0,25.0,1,0.35,150.0
3.6625991831056646,1.432575757599689,100.00500000000301,2.085566930016945,0.2,0.18,40.0,300.0,12.5,1,0.55,200.0
3.662824160928719,1.3943333319543874,100.00500000000301,2.1954737970693903,0.1,0.18,40.0,400.0,25.0,1,0.55,150.0
3.66296723455281,1.434970138832415,100.00500000000301,2.0797774163438585,0.2,0.18,25.0,300.0,25.0,1,0.55,200.0
3.662991395525455,1.4174825743721013,100.00500000000301,2.1298109175808806,0.1,0.12,25.0,400.0,25.0,1,0.55,200.0
3.6631076345702023,1.3891789009100752,100.00500000000301,2.211010667600234,0.1,0.18,40.0,600.0,25.0,1,0.55,200.0
3.6632707752636637,1.4776418327852419,100.00500000000301,1.9587255499382188,0.35,0.35,15.0,600.0,25.0,1,0.35,350.0
3.663505761720868,1.4159769339071562,100.00500000000301,2.1355823651819046,0.1,0.12,40.0,400.0,12.5,1,0.55,200.0
3.6635072114569565,1.3935269148136296,100.00500000000301,2.1997294189808043,0.1,0.12,15.0,600.0,25.0,1,0.55,200.0
3.6635495375267695,1.433465884855281,100.00500000000301,2.085739007632696,0.35,0.18,15.0,400.0,25.0,1,0.35,150.0
3.6636141102622615,1.400072236444179,100.00500000000301,2.1813339251943926,0.35,0.18,15.0,600.0,25.0,1,0.55,200.0
3.6640728147834856,1.3980642114140698,100.00500000000301,2.188381723912487,0.1,0.12,25.0,400.0,12.5,1,0.55,150.0
3.6644226432757163,1.3923445185335102,100.00500000000301,2.2057232135490326,0.2,0.12,15.0,600.0,25.0,1,0.55,200.0
3.664441546236669,1.380574569872303,100.00500000000301,2.239405646755201,0.2,0.18,15.0,600.0,12.5,1,0.55,150.0
3.6662684188317356,1.419667137930742,100.00500000000301,2.132932231145567,0.1,0.12,15.0,300.0,25.0,1,0.55,150.0
3.66634881934239,1.4347348609269746,100.00500000000301,2.090111309758201,0.2,0.12,15.0,400.0,25.0,1,0.35,150.0
3.6664374180049117,1.4188015567102943,100.00500000000301,2.1358881751273495,0.2,0.12,15.0,400.0,25.0,1,0.55,200.0
3.667046188480929,1.3978754409231404,100.00500000000301,2.1974164215935525,0.2,0.12,25.0,400.0,12.5,1,0.55,150.0
3.667048786748742,1.4598742127036337,100.00500000000301,2.02028449727161,0.35,0.35,40.0,300.0,25.0,1,0.35,150.0
3.667533780937194,1.382340101072054,100.00500000000301,2.2431962281859863,0.1,0.35,25.0,600.0,12.5,1,0.55,150.0
3.6675663847227886,1.400809158738892,100.00500000000301,2.1905206456681476,0.1,0.12,15.0,400.0,25.0,1,0.55,150.0
3.6677026662909755,1.463327162163918,100.00500000000301,2.0122871546486065,0.35,0.35,15.0,300.0,25.0,1,0.55,200.0
3.667822296851134,1.43313304388907,100.00500000000301,2.0988978656057684,0.35,0.18,40.0,400.0,12.5,1,0.35,150.0
3.668208579026989,1.4350293300959003,100.00500000000301,2.094583568374411,0.35,0.18,25.0,400.0,25.0,1,0.35,150.0
3.669348203359736,1.383362449640949,100.00500000000301,2.2454592963392632,0.1,0.35,15.0,600.0,25.0,1,0.55,150.0
3.6700950205173366,1.4338909987530815,100.00500000000301,2.1032257764691713,0.35,0.18,15.0,400.0,12.5,1,0.55,200.0
3.6707136475211266,1.4027276461625169,100.00500000000301,2.194031432453041,0.35,0.18,25.0,600.0,25.0,1,0.55,200.0
3.6707205904994953,1.437775884883971,100.00500000000301,2.093913444615655,0.2,0.18,40.0,300.0,25.0,1,0.55,200.0
3.670732470066775,1.4006991923806833,100.00500000000301,2.199880793388705,0.2,0.12,15.0,400.0,25.0,1,0.55,150.0
3.670823863812526,1.4343848146046094,100.00500000000301,2.103897283451062,0.2,0.12,40.0,400.0,12.5,1,0.35,150.0
3.6709511718287016,1.4205687068765327,100.00500000000301,2.1437356141489254,0.1,0.12,40.0,400.0,25.0,1,0.55,200.0
3.671046801034275,1.396399093059424,100.00500000000301,2.2130648799280173,0.1,0.12,25.0,600.0,25.0,1,0.55,200.0
3.6712343834394647,1.4747645290583913,100.00500000000301,1.989699583945795,0.35,0.35,40.0,600.0,12.5,1,0.35,350.0
3.6712495524528266,1.436425276822745,100.00500000000301,2.099283644657247,0.2,0.12,25.0,400.0,25.0,1,0.35,150.0
3.6717415153013335,1.3950786195735227,100.00500000000301,2.2188225592221875,0.2,0.12,25.0,600.0,25.0,1,0.55,200.0
3.672033995850936,1.4100485958533275,100.00500000000301,2.1768868571358952,0.35,0.18,25.0,400.0,12.5,1,0.55,150.0
3.6721833880916384,1.479800809688127,100.00500000000301,1.978021652581332,0.35,0.35,25.0,600.0,25.0,1,0.35,350.0
3.6722742956995327,1.4027780561453922,100.00500000000301,2.1983463987259872,0.35,0.18,40.0,600.0,12.5,1,0.55,200.0
3.6724053782572335,1.4329454822992778,100.00500000000301,2.112528274165458,0.2,0.12,40.0,600.0,25.0,1,0.55,350.0
3.6724423354444573,1.4217991100772798,100.00500000000301,2.144480643906093,0.1,0.12,25.0,300.0,25.0,1,0.55,150.0
3.672659211427984,1.3963112998028442,100.00500000000301,2.2179226046431277,0.1,0.12,40.0,600.0,12.5,1,0.55,200.0
3.6727087373046645,1.4206064140981705,100.00500000000301,2.148649494875569,0.1,0.12,40.0,300.0,12.5,1,0.55,150.0
3.672978905855822,1.4311440985109913,100.00500000000301,2.1193137352708167,0.35,0.12,25.0,600.0,12.5,1,0.35,200.0
3.6729918574115628,1.4197731784596441,100.00500000000301,2.1518390827196385,0.2,0.12,25.0,300.0,12.5,1,0.55,150.0
3.673074917102855,1.4370366806882242,100.00500000000301,2.102752104041674,0.35,0.18,40.0,400.0,25.0,1,0.35,150.0
3.673219296308895,1.3949661692456714,100.00500000000301,2.223366077323368,0.2,0.12,40.0,600.0,12.5,1,0.55,200.0
3.673515840179763,1.4030457162402583,100.00500000000301,2.2011289255413136,0.1,0.12,25.0,400.0,25.0,1,0.55,150.0
3.6741308068266765,1.4213472671087972,100.00500000000301,2.15059582776524,0.2,0.12,25.0,400.0,25.0,1,0.55,200.0
3.674339492945486,1.4025904370346498,100.00500000000301,2.204783016887975,0.1,0.12,40.0,400.0,12.5,1,0.55,150.0
3.674367585396178,1.4197579397367792,100.00500000000301,2.155813273312439,0.2,0.12,40.0,400.0,12.5,1,0.55,200.0
3.6745730925285742,1.3854493752461081,100.00500000000301,2.2544249065212023,0.1,0.35,25.0,600.0,25.0,1,0.55,150.0
3.6746633817734082,1.4654666591684968,100.00500000000301,2.0260620645853327,0.35,0.35,25.0,300.0,25.0,1,0.55,200.0
3.674694446557994,1.463600870302152,100.00500000000301,2.0314816464451337,0.35,0.35,40.0,300.0,12.5,1,0.55,200.0
3.674919155707486,1.3849858361338494,100.00500000000301,2.256738055924547,0.2,0.18,25.0,600.0,12.5,1,0.55,150.0
3.675644484139726,1.412749818408384,100.00500000000301,2.1794847592322775,0.35,0.18,15.0,400.0,25.0,1,0.55,150.0
3.6762823766185115,1.4385064253023259,100.00500000000301,2.1077170037604014,0.2,0.12,40.0,400.0,25.0,1,0.35,150.0
3.676492828046057,1.4028215474449743,100.00500000000301,2.2102750874315378,0.2,0.12,25.0,400.0,25.0,1,0.55,150.0
3.6765402972662264,1.3862803883795607,100.00500000000301,2.2576711682474873,0.1,0.35,40.0,600.0,12.5,1,0.55,150.0
3.6769371643357127,1.4514096739543743,100.00500000000301,2.0727214010894097,0.35,0.18,25.0,600.0,12.5,1,0.55,350.0
3.6769689975143036,1.3861312822840308,100.00500000000301,2.2593220435149375,0.2,0.18,15.0,600.0,25.0,1,0.55,150.0
3.677004471027941,1.3955164668103301,100.00500000000301,2.2326085834787586,0.35,0.18,15.0,600.0,12.5,1,0.55,150.0
3.677188070847613,1.402335440636214,100.00500000000301,2.2136503720324385,0.2,0.12,40.0,400.0,12.5,1,0.55,150.0
3.6775568607976603,1.4236165519902086,100.00500000000301,2.153900882306876,0.2,0.12,15.0,300.0,25.0,1,0.55,150.0
3.677859506017489,1.4056713453023408,100.00500000000301,2.206037602043151,0.35,0.18,40.0,600.0,25.0,1,0.55,200.0
3.6782374361022,1.3901830934717987,100.00500000000301,2.2513695503724462,0.1,0.18,15.0,600.0,12.5,1,0.55,150.0
3.67849563707259,1.3994712351829324,100.00500000000301,2.225569719684608,0.1,0.12,40.0,600.0,25.0,1,0.55,200.0
3.678533354572928,1.4241756461900617,100.00500000000301,2.1550934525223475,0.1,0.12,40.0,300.0,25.0,1,0.55,150.0
3.6787153142884352,1.4368927366106274,100.00500000000301,2.119278793365036,0.35,0.12,15.0,600.0,25.0,1,0.35,200.0
3.679055286072919,1.3980734686924015,100.00500000000301,2.231162335372779,0.2,0.12,40.0,600.0,25.0,1,0.55,200.0
3.6793612456937015,1.4054364788157911,100.00500000000301,2.210999333936757,0.1,0.12,40.0,400.0,25.0,1,0.55,150.0
3.679706756875488,1.3876095078587973,100.00500000000301,2.2629207114761303,0.1,0.35,40.0,600.0,25.0,1,0.55,150.0
3.681224983237283,1.4148164988304108,100.00500000000301,2.1895242411623634,0.35,0.18,25.0,400.0,25.0,1,0.55,150.0
3.681916489820003,1.4243549263488093,100.00500000000301,2.164247324203281,0.2,0.12,40.0,400.0,25.0,1,0.55,200.0
3.6819182254016707,1.4682548624781318,100.00500000000301,2.0388238940671264,0.35,0.35,40.0,300.0,25.0,1,0.55,200.0
3.6819502788369736,1.4144396736111662,100.00500000000301,2.192673157787893,0.35,0.18,40.0,400.0,12.5,1,0.55,150.0
3.6820825545053526,1.3881403212270902,100.00500000000301,2.2681920950806207,0.2,0.18,25.0,600.0,25.0,1,0.55,150.0
3.682224776508039,1.405150719840291,100.00500000000301,2.2199973047648647,0.2,0.12,40.0,400.0,25.0,1,0.55,150.0
3.6823728672683913,1.483740027379079,100.00500000000301,1.9958795425407638,0.35,0.35,40.0,600.0,25.0,1,0.35,350.0
3.6828720209731762,1.5038423611393452,100.00500000000301,1.9398704566679597,0.35,0.35,15.0,400.0,12.5,1,0.55,350.0
3.683491086352382,1.4256178704047073,100.00500000000301,2.165137759850371,0.2,0.12,25.0,300.0,25.0,1,0.55,150.0
3.683547987481602,1.424360863512295,100.00500000000301,2.1688917827693204,0.2,0.12,40.0,300.0,12.5,1,0.55,150.0
3.6838785602988997,1.3888913487183439,100.00500000000301,2.271177747372887,0.2,0.18,40.0,600.0,12.5,1,0.55,150.0
3.6843417567871932,1.4365814891905784,100.00500000000301,2.136243621704486,0.35,0.12,40.0,600.0,12.5,1,0.35,200.0
3.684716815300218,1.4389370464935585,100.00500000000301,2.130585053733184,0.35,0.12,25.0,600.0,25.0,1,0.35,200.0
3.685756635837734,1.4155923989564372,100.00500000000301,2.2002549625178625,0.35,0.12,15.0,600.0,12.5,1,0.55,200.0
3.6858228452373436,1.4403481222011474,100.00500000000301,2.1297134943890037,0.35,0.18,25.0,400.0,12.5,1,0.55,200.0
3.6858489239930545,1.441292434386058,100.00500000000301,2.127089970305575,0.35,0.18,15.0,300.0,12.5,1,0.55,150.0
3.6868271277826867,1.4171168474846483,100.00500000000301,2.1989579437085527,0.35,0.18,40.0,400.0,25.0,1,0.55,150.0
3.687070253021675,1.4607153675578852,100.00500000000301,2.075085387039271,0.35,0.18,15.0,600.0,25.0,1,0.55,350.0
3.68715472643672,1.3902596264607108,100.00500000000301,2.2766288570741837,0.2,0.18,40.0,600.0,25.0,1,0.55,150.0
3.6872870456017024,1.3998380402109782,100.00500000000301,2.24964001540194,0.35,0.18,25.0,600.0,12.5,1,0.55,150.0
3.687712217679513,1.3954618403502306,100.00500000000301,2.263358220940679,0.2,0.12,15.0,600.0,12.5,1,0.55,150.0
3.688899663055871,1.39470821629398,100.00500000000301,2.268904133605275,0.1,0.18,25.0,600.0,12.5,1,0.55,150.0
3.6893574475897233,1.4009573157625583,100.00500000000301,2.2523575195060572,0.35,0.18,15.0,600.0,25.0,1,0.55,150.0
3.6894464569431618,1.4279326475477825,100.00500000000301,2.17553945541524,0.2,0.12,40.0,300.0,25.0,1,0.55,150.0
3.6909204724844993,1.3985612128376477,100.00500000000301,2.2636693132765893,0.1,0.12,15.0,600.0,12.5,1,0.55,150.0
3.690994931682601,1.3959275170684733,100.00500000000301,2.2714068988973795,0.1,0.18,15.0,600.0,25.0,1,0.55,150.0
3.691023278281805,1.4415576502867862,100.00500000000301,2.141116079985639,0.35,0.12,40.0,600.0,25.0,1,0.35,200.0
3.6916884903398164,1.4452615363345087,100.00500000000301,2.13243415430075,0.35,0.18,15.0,400.0,25.0,1,0.55,200.0
3.694331903271606,1.4028962412038546,100.00500000000301,2.2610304630505906,0.35,0.18,25.0,600.0,25.0,1,0.55,150.0
3.6960775412883744,1.4036576648904917,100.00500000000301,2.263842503993821,0.35,0.18,40.0,600.0,12.5,1,0.55,150.0
3.6961511271023744,1.4552518698991441,100.00500000000301,2.1166407348662433,0.35,0.12,15.0,400.0,12.5,1,0.35,150.0
3.6962482897549087,1.3980272606072766,100.00500000000301,2.2804172261359628,0.1,0.18,25.0,600.0,25.0,1,0.55,150.0
3.6980076771789823,1.39870827956269,100.00500000000301,2.283498278903563,0.1,0.18,40.0,600.0,12.5,1,0.55,150.0
3.698012235392322,1.4463137315417132,100.00500000000301,2.1474957252873246,0.35,0.18,25.0,300.0,12.5,1,0.55,150.0
3.6982456186003554,1.3999009631092858,100.00500000000301,2.2807704442600696,0.2,0.12,25.0,600.0,12.5,1,0.55,150.0
3.698594478124014,1.478877286162735,100.00500000000301,2.056120548460669,0.35,0.18,15.0,400.0,12.5,1,0.35,200.0
3.6991338278416372,1.4644299427904242,100.00500000000301,2.0989396715747652,0.35,0.18,25.0,600.0,25.0,1,0.55,350.0
3.6991824331297094,1.4478271844676998,100.00500000000301,2.1465149961770416,0.35,0.18,25.0,400.0,25.0,1,0.55,200.0
3.6991836755458536,1.4612647760454054,100.00500000000301,2.1081254271440084,0.35,0.18,40.0,600.0,12.5,1,0.55,350.0
3.6992992211923164,1.404966430606697,100.00500000000301,2.2693079731016415,0.35,0.18,40.0,600.0,25.0,1,0.55,150.0
3.6993343127742797,1.4463456764502527,100.00500000000301,2.15118181806852,0.35,0.18,40.0,400.0,12.5,1,0.55,200.0
3.6998301271508094,1.4954619908545124,100.00500000000301,2.012266103703577,0.35,0.18,15.0,600.0,12.5,1,0.35,350.0
3.7005276306622856,1.4012195709574797,100.00500000000301,2.283523027727888,0.2,0.12,15.0,600.0,25.0,1,0.55,150.0
3.7005864079520046,1.4218066397308642,100.00500000000301,2.2248707663459872,0.35,0.12,25.0,600.0,12.5,1,0.55,200.0
3.7014179567121883,1.4002063358974972,100.00500000000301,2.2889617737561316,0.1,0.18,40.0,600.0,25.0,1,0.55,150.0
3.7016026379405966,1.4030943198599937,100.00500000000301,2.281238051658737,0.1,0.12,25.0,600.0,12.5,1,0.55,150.0
3.7024274995881252,1.4721221615398608,100.00500000000301,2.0863723944234835,0.35,0.12,15.0,600.0,12.5,1,0.55,350.0
3.702653387086512,1.4501154600130237,100.00500000000301,2.1498940773526947,0.35,0.18,15.0,300.0,25.0,1,0.55,150.0
3.7038166607877687,1.4044028568875626,100.00500000000301,2.2838251540004597,0.1,0.12,15.0,600.0,25.0,1,0.55,150.0
3.7040861019140037,1.4315215570577613,100.00500000000301,2.20711298530342,0.35,0.12,15.0,400.0,12.5,1,0.55,150.0
3.7050243185347256,1.425017894076125,100.00500000000301,2.2283754984530164,0.35,0.12,15.0,600.0,25.0,1,0.55,200.0
3.7056560681383437,1.4032335912301237,100.00500000000301,2.292421362594786,0.2,0.12,25.0,600.0,25.0,1,0.55,150.0
3.7057822196124715,1.5129561276697259,100.00500000000301,1.9792888341220018,0.35,0.35,25.0,400.0,12.5,1,0.55,350.0
3.706463814664802,1.459703336042072,100.00500000000301,2.133387081779101,0.35,0.12,25.0,400.0,12.5,1,0.35,150.0
3.7068439023455295,1.4508846729179905,100.00500000000301,2.1596692269356965,0.35,0.18,40.0,400.0,25.0,1,0.55,200.0
3.707276290133876,1.4038482832098322,100.00500000000301,2.2952943054971375,0.2,0.12,40.0,600.0,12.5,1,0.55,150.0
3.708409373734309,1.4509379784816399,100.00500000000301,2.1639897007217823,0.35,0.18,40.0,300.0,12.5,1,0.55,150.0
3.708419048949538,1.4521179760050473,100.00500000000301,2.1606459226984156,0.35,0.18,25.0,300.0,25.0,1,0.55,150.0
3.7085134732486162,1.513079371886589,100.00500000000301,1.986740289605663,0.35,0.35,15.0,300.0,12.5,1,0.35,200.0
3.70907297854897,1.4065016720230592,100.00500000000301,2.292846590073902,0.1,0.12,25.0,600.0,25.0,1,0.55,150.0
3.7107401801964253,1.4071107695001597,100.00500000000301,2.295869744846343,0.1,0.12,40.0,600.0,12.5,1,0.55,150.0
3.710749454369605,1.405362509200973,100.00500000000301,2.3008912719102477,0.2,0.12,40.0,600.0,25.0,1,0.55,150.0
3.711446630120999,1.4645544300585511,100.00500000000301,2.133763428749722,0.35,0.12,15.0,400.0,25.0,1,0.35,150.0
3.7116912955173555,1.41619603480296,100.00500000000301,2.2726293163267153,0.35,0.12,15.0,600.0,12.5,1,0.55,150.0
3.7119479233339825,1.4693964444254735,100.00500000000301,2.1213613683098966,0.35,0.18,40.0,600.0,25.0,1,0.55,350.0
3.7121908026220125,1.427704904756044,100.00500000000301,2.2411739939026387,0.35,0.12,25.0,600.0,25.0,1,0.55,200.0
3.7122502636564714,1.484632205554048,100.00500000000301,2.0786944517210806,0.35,0.18,25.0,400.0,12.5,1,0.35,200.0
3.713054517772503,1.486611966875927,100.00500000000301,2.075335859704375,0.35,0.18,15.0,300.0,12.5,1,0.35,150.0
3.7133456167204013,1.4274488693415757,100.00500000000301,2.245204992510801,0.35,0.12,40.0,600.0,12.5,1,0.55,200.0
3.714249368203715,1.408682624224425,100.00500000000301,2.3014049827978442,0.1,0.12,40.0,600.0,25.0,1,0.55,150.0
3.71427090055306,1.4544629941882508,100.00500000000301,2.170665446756469,0.35,0.18,40.0,300.0,25.0,1,0.55,150.0
3.7154566448658386,1.4640060769539285,100.00500000000301,2.1467873368910437,0.35,0.12,40.0,400.0,12.5,1,0.35,150.0
3.715867244114575,1.4364670090474592,100.00500000000301,2.2266435287630593,0.35,0.12,25.0,400.0,12.5,1,0.55,150.0
3.716167333008778,1.4661421758709892,100.00500000000301,2.142714734679267,0.35,0.12,25.0,400.0,25.0,1,0.35,150.0
3.7170616215603074,1.5241632307892614,100.00500000000301,1.9794954022028606,0.35,0.35,15.0,400.0,25.0,1,0.55,350.0
3.7193804766215375,1.4918467804958833,100.00500000000301,2.078453417501741,0.35,0.18,15.0,400.0,25.0,1,0.35,200.0
3.719417262122236,1.4306888899364416,100.00500000000301,2.2532953491021392,0.35,0.12,40.0,600.0,25.0,1,0.55,200.0
3.7194243994305434,1.463727351466039,100.00500000000301,2.1589201370413127,0.35,0.12,15.0,400.0,12.5,1,0.55,200.0
3.7199171655853274,1.4394778195817919,100.00500000000301,2.2296124171528304,0.35,0.12,15.0,400.0,25.0,1,0.55,150.0
3.7211061356959236,1.4681793412751074,100.00500000000301,2.151005126916489,0.35,0.12,40.0,400.0,25.0,1,0.35,150.0
3.721306610170585,1.5184198357869436,100.00500000000301,2.0080336410959903,0.35,0.35,25.0,300.0,12.5,1,0.35,200.0
3.721724820524326,1.5044634354504458,100.00500000000301,2.049103957353814,0.35,0.18,25.0,600.0,12.5,1,0.35,350.0
3.722111376250132,1.420595536285205,100.00500000000301,2.2898309713282328,0.35,0.12,25.0,600.0,12.5,1,0.55,150.0
3.723648509649249,1.4910975443147436,100.00500000000301,2.092788472384172,0.35,0.18,25.0,300.0,12.5,1,0.35,150.0
3.724234018423708,1.490351130830237,100.00500000000301,2.0965939645526457,0.35,0.18,40.0,400.0,12.5,1,0.35,200.0
3.724566882256534,1.4219971009743448,100.00500000000301,2.292842232234698,0.35,0.12,15.0,600.0,25.0,1,0.55,150.0
3.7255365451694566,1.4936777183484684,100.00500000000301,2.0908109337741223,0.35,0.18,25.0,400.0,25.0,1,0.35,200.0
3.725550672271666,1.4415692751522544,100.00500000000301,2.2397325631981913,0.35,0.12,25.0,400.0,25.0,1,0.55,150.0
3.7259625761606565,1.4409579160171326,100.00500000000301,2.2426561718385116,0.35,0.12,40.0,400.0,12.5,1,0.55,150.0
3.7261359668084437,1.5221876312519813,100.00500000000301,2.0110666730183357,0.35,0.35,40.0,400.0,12.5,1,0.55,350.0
3.7262759250463566,1.4925534676576504,100.00500000000301,2.0961355925390315,0.35,0.18,15.0,300.0,12.5,1,0.55,200.0
3.7274581738578245,1.5267893437206759,100.00500000000301,2.0016966575345823,0.35,0.35,25.0,400.0,25.0,1,0.55,350.0
3.728242755627567,1.482423913028973,100.00500000000301,2.130696693138711,0.35,0.12,25.0,600.0,12.5,1,0.55,350.0
3.728283498716338,1.5258833896059498,100.00500000000301,2.006643168886694,0.35,0.35,15.0,300.0,25.0,1,0.35,200.0
3.7291997325426833,1.4966071579537354,100.00500000000301,2.092907355968294,0.35,0.18,15.0,300.0,25.0,1,0.35,150.0
3.7295893941104743,1.4239611901956812,100.00500000000301,2.301580582613566,0.35,0.12,25.0,600.0,25.0,1,0.55,150.0
3.731056770453968,1.4245100546494298,100.00500000000301,2.304204902298552,0.35,0.12,40.0,600.0,12.5,1,0.55,150.0
3.731215493036142,1.443899757169541,100.00500000000301,2.249259245333016,0.35,0.12,40.0,400.0,25.0,1,0.55,150.0
3.732159696455017,1.4963151365622618,100.00500000000301,2.1021987425505997,0.35,0.18,40.0,400.0,25.0,1,0.35,200.0
3.7325310107323717,1.5238319395063622,100.00500000000301,2.024640203502756,0.35,0.35,40.0,300.0,12.5,1,0.35,200.0
3.7328809388599935,1.4955024220346949,100.00500000000301,2.1065814766435813,0.35,0.18,40.0,300.0,12.5,1,0.35,150.0
3.7338960889716324,1.5273274545042024,100.00500000000301,2.0185532413353853,0.35,0.35,25.0,300.0,25.0,1,0.35,200.0
3.733967732305063,1.4980647721114935,100.00500000000301,2.1023656005529276,0.35,0.18,25.0,300.0,25.0,1,0.35,150.0
3.734335235906432,1.517744713605664,100.00500000000301,2.047187206573494,0.35,0.18,15.0,600.0,25.0,1,0.35,350.0
3.7346133728323143,1.4260626617108503,100.00500000000301,2.309930603204054,0.35,0.12,40.0,600.0,25.0,1,0.55,150.0
3.7353873656434615,1.4702827712561624,100.00500000000301,2.18579884110644,0.35,0.12,25.0,400.0,12.5,1,0.55,200.0
3.7356639204429216,1.4714103441083015,100.00500000000301,2.1833673609559283,0.35,0.12,15.0,300.0,12.5,1,0.55,150.0
3.7390363372678794,1.500092403530057,100.00500000000301,2.1110540963936497,0.35,0.18,40.0,300.0,25.0,1,0.35,150.0
3.7391037244630305,1.5311461019060006,100.00500000000301,2.0225217787342427,0.35,0.35,40.0,400.0,25.0,1,0.55,350.0
3.739499693705853,1.492479807288096,100.00500000000301,2.134128246907748,0.35,0.12,15.0,600.0,25.0,1,0.55,350.0
3.7401186114854927,1.5297375495533265,100.00500000000301,2.0294458912346323,0.35,0.35,40.0,300.0,25.0,1,0.35,200.0
3.7414844700694925,1.513914255312077,100.00500000000301,2.0785577564496296,0.35,0.18,40.0,600.0,12.5,1,0.35,350.0
3.741873365828763,1.4756162921498017,100.00500000000301,2.1890916390826165,0.35,0.12,15.0,400.0,25.0,1,0.55,200.0
3.7422616214769073,1.4990087370481326,100.00500000000301,2.1233653840820845,0.35,0.18,25.0,300.0,12.5,1,0.55,200.0
3.7439933343051592,1.5201182215563855,100.00500000000301,2.0680003221392234,0.35,0.18,25.0,600.0,25.0,1,0.35,350.0
3.748002352760608,1.4765067327637653,100.00500000000301,2.2040589142765645,0.35,0.12,25.0,300.0,12.5,1,0.55,150.0
3.749168049838947,1.4764152449633767,100.00500000000301,2.2076508710729277,0.35,0.12,40.0,400.0,12.5,1,0.55,200.0
3.749447252908877,1.478214177263733,100.00500000000301,2.203308787557426,0.35,0.12,25.0,400.0,25.0,1,0.55,200.0
3.7495321010090783,1.5053730259233173,100.00500000000301,2.125954500244903,0.35,0.18,15.0,300.0,25.0,1,0.55,200.0
3.750661069595429,1.5125628531958588,100.00500000000301,2.1086377611415,0.35,0.12,15.0,400.0,12.5,1,0.35,200.0
3.7510024598641785,1.4925145135735487,100.00500000000301,2.166894132258813,0.35,0.12,40.0,600.0,12.5,1,0.55,350.0
3.7517046888466354,1.4962351126325433,100.00500000000301,2.1582702177544206,0.35,0.12,25.0,600.0,25.0,1,0.55,350.0
3.753106477421718,1.480621092617558,100.00500000000301,2.2068868137260425,0.35,0.12,15.0,300.0,25.0,1,0.55,150.0
3.7550294220912743,1.5243724872592777,100.00500000000301,2.0873769566627183,0.35,0.18,40.0,600.0,25.0,1,0.35,350.0
3.7560918895920348,1.505176419665555,100.00500000000301,2.1452584855040984,0.35,0.18,40.0,300.0,12.5,1,0.55,200.0
3.7569694922069625,1.507696968033316,100.00500000000301,2.1405643547817186,0.35,0.18,25.0,300.0,25.0,1,0.55,200.0
3.7572029120580623,1.4813102921488044,100.00500000000301,2.21662177116918,0.35,0.12,40.0,400.0,25.0,1,0.55,200.0
3.758599820692428,1.4812320394522638,100.00500000000301,2.220836517828912,0.35,0.12,40.0,300.0,12.5,1,0.55,150.0
3.75893330892858,1.4826496719932125,100.00500000000301,2.2177389626723496,0.35,0.12,25.0,300.0,25.0,1,0.55,150.0
3.761651754523462,1.5446623373548003,100.00500000000301,2.0483269061960483,0.35,0.18,15.0,400.0,12.5,1,0.55,350.0
3.764696396296736,1.5012625289401835,100.00500000000301,2.181025335304307,0.35,0.12,40.0,600.0,25.0,1,0.55,350.0
3.764736228770476,1.5107064865752662,100.00500000000301,2.1541564062718996,0.35,0.18,40.0,300.0,25.0,1,0.55,200.0
3.764848393406108,1.5732774277973705,100.00500000000301,1.9757027588819782,0.35,0.35,15.0,400.0,12.5,1,0.35,350.0
3.7648558108146495,1.4850243198551503,100.00500000000301,2.227875688455583,0.35,0.12,40.0,300.0,25.0,1,0.55,150.0
3.7811269373358156,1.5257117224851635,100.00500000000301,2.1581148995731634,0.35,0.12,15.0,300.0,12.5,1,0.55,200.0
3.7848422199303493,1.581604535347778,100.00500000000301,2.00903624166436,0.35,0.35,25.0,400.0,12.5,1,0.35,350.0
3.7869176655212353,1.554638419939464,100.00500000000301,2.092012130233503,0.35,0.18,25.0,400.0,12.5,1,0.55,350.0
3.796932091152089,1.6000697619131772,100.00500000000301,1.9908209406824755,0.35,0.35,15.0,300.0,12.5,1,0.55,350.0
3.7973822651590208,1.5322610991783858,100.00500000000301,2.185846188515971,0.35,0.12,25.0,300.0,12.5,1,0.55,200.0
3.800855131207279,1.5675731185200121,100.00500000000301,2.0948771791063483,0.35,0.18,15.0,400.0,25.0,1,0.55,350.0
3.8031329559157383,1.5906596607404713,100.00500000000301,2.0354237005006346,0.35,0.35,40.0,400.0,12.5,1,0.35,350.0
3.8052861249309053,1.53903332778609,100.00500000000301,2.1890794204136297,0.35,0.12,15.0,300.0,25.0,1,0.55,200.0
3.8094962363352365,1.5648222242443628,100.00500000000301,2.1274257488309387,0.35,0.18,40.0,400.0,12.5,1,0.55,350.0
3.8115150512435534,1.538562903378057,100.00500000000301,2.2082204224727184,0.35,0.12,40.0,300.0,12.5,1,0.55,200.0
3.8122083898871675,1.5704830271695656,100.00500000000301,2.1190010363358764,0.35,0.18,25.0,400.0,25.0,1,0.55,350.0
3.8128198060198173,1.541392433276779,100.00500000000301,2.203863922122838,0.35,0.12,25.0,300.0,25.0,1,0.55,200.0
3.8194363974960215,1.6093271633853234,100.00500000000301,2.0286692403161517,0.35,0.35,25.0,300.0,12.5,1,0.55,350.0
3.8206963664070708,1.544440462099255,100.00500000000301,2.217659726593632,0.35,0.12,40.0,300.0,25.0,1,0.55,200.0
3.824900643387526,1.5752257693097667,100.00500000000301,2.1417139259363256,0.35,0.18,40.0,400.0,25.0,1,0.55,350.0
3.8334863096479648,1.622851999587564,100.00500000000301,2.030169457315301,0.35,0.35,15.0,300.0,25.0,1,0.55,350.0
3.839777845933871,1.61895871993961,100.00500000000301,2.0592689314120447,0.35,0.35,40.0,300.0,12.5,1,0.55,350.0
3.8431484492863284,1.6250746741921993,100.00500000000301,2.0514250716973814,0.35,0.35,25.0,300.0,25.0,1,0.55,350.0
3.854499830369178,1.629392707646285,100.00500000000301,2.071520350636709,0.35,0.35,40.0,300.0,25.0,1,0.55,350.0
3.8726455168423897,1.4202071738648387,120.00600000000361,1.8638524085071344,0.1,0.35,15.0,400.0,12.5,1,0.55,350.0
3.8961425301770234,1.4278075512839508,120.00600000000361,1.9092713682657674,0.1,0.35,25.0,400.0,12.5,1,0.55,350.0
3.8989573304487473,1.4246396457367632,120.00600000000361,1.9263648134626572,0.2,0.35,25.0,600.0,12.5,1,0.35,350.0
3.901811164598441,1.4393351689528888,120.00600000000361,1.8925314161299949,0.1,0.35,15.0,600.0,12.5,1,0.35,350.0
3.9067345025059046,1.4394479936079694,120.00600000000361,1.9062757397082306,0.1,0.35,15.0,400.0,25.0,1,0.55,350.0
3.9088283377431545,1.436500212891742,120.00600000000361,1.9206803567181665,0.2,0.35,15.0,600.0,25.0,1,0.35,350.0
3.9111439526485134,1.4434929070575373,120.00600000000361,1.9073172731169192,0.1,0.18,15.0,400.0,12.5,1,0.55,350.0
3.9129542218385973,1.411844990390573,120.00600000000361,2.0029120898513435,0.1,0.35,15.0,300.0,25.0,1,0.55,200.0
3.9142779621383945,1.4729522033025912,120.00600000000361,1.8321021681021408,0.1,0.35,15.0,300.0,12.5,1,0.55,350.0
3.917325709681249,1.4362696008485427,120.00600000000361,1.9456174538075774,0.1,0.35,40.0,400.0,12.5,1,0.55,350.0
3.9177109339088863,1.4334567788168942,120.00600000000361,1.9547547288341083,0.2,0.35,40.0,600.0,12.5,1,0.35,350.0
3.9179279914406,1.4414371723311155,120.00600000000361,1.9325737688840876,0.1,0.35,25.0,400.0,25.0,1,0.55,350.0
3.9184504517701657,1.438814358946679,120.00600000000361,1.9415602652098063,0.2,0.35,25.0,600.0,25.0,1,0.35,350.0
3.9207940915573145,1.4141398256831583,120.00600000000361,2.018755045354578,0.1,0.35,25.0,300.0,25.0,1,0.55,200.0
3.9221623133310355,1.435908459202534,120.00600000000361,1.9604681546527065,0.1,0.35,15.0,400.0,12.5,1,0.35,200.0
3.9237911569261046,1.4481897743354595,120.00600000000361,1.9300325216874024,0.1,0.35,25.0,600.0,12.5,1,0.35,350.0
3.925278150632191,1.4720097069335802,120.00600000000361,1.8662241248530202,0.2,0.35,15.0,300.0,12.5,1,0.55,350.0
3.927334564575002,1.4218679927751436,120.00600000000361,2.015361633713726,0.1,0.18,15.0,300.0,12.5,1,0.55,200.0
3.9286876180145023,1.416985023195452,120.00600000000361,2.0331788423399884,0.1,0.35,40.0,300.0,25.0,1,0.55,200.0
3.929207753019708,1.4428506805298298,120.00600000000361,1.9607630642566403,0.2,0.35,40.0,600.0,25.0,1,0.35,350.0
3.9296926232848657,1.417698880630902,120.00600000000361,2.034010693296884,0.1,0.12,15.0,600.0,25.0,1,0.55,350.0
3.930174970651442,1.4452347425767018,120.00600000000361,1.956714937356247,0.1,0.35,40.0,400.0,25.0,1,0.55,350.0
3.930622703258975,1.4487900465717503,120.00600000000361,1.9478361619633455,0.2,0.18,15.0,400.0,12.5,1,0.55,350.0
3.9312510593337215,1.4489028733417009,120.00600000000361,1.949309102834191,0.2,0.18,15.0,600.0,12.5,1,0.35,350.0
3.9329293865854225,1.4588818279907245,120.00600000000361,1.925593024556125,0.1,0.18,15.0,600.0,12.5,1,0.35,350.0
3.9336990368705624,1.4602975004949919,120.00600000000361,1.9237472467871892,0.1,0.35,15.0,600.0,25.0,1,0.35,350.0
3.934949423515879,1.459830686538935,120.00600000000361,1.9286535342196842,0.1,0.12,15.0,400.0,12.5,1,0.55,350.0
3.935077838325178,1.451235902031239,120.00600000000361,1.95357696083967,0.1,0.18,25.0,400.0,12.5,1,0.55,350.0
3.935504595188804,1.478735840024996,120.00600000000361,1.8762250147535826,0.1,0.35,25.0,300.0,12.5,1,0.55,350.0
3.9362234044414883,1.4418406532441466,120.00600000000361,1.9836935748493922,0.1,0.35,25.0,400.0,12.5,1,0.35,200.0
3.9365261570308405,1.4436518290271438,120.00600000000361,1.979383794296121,0.1,0.35,15.0,300.0,12.5,1,0.35,150.0
3.938579202021411,1.461373660089714,120.00600000000361,1.9346158340904074,0.2,0.35,15.0,300.0,12.5,1,0.35,200.0
3.942038461626701,1.4484742918497076,120.00600000000361,1.9813547707912549,0.1,0.35,15.0,400.0,25.0,1,0.35,200.0
3.942385719480934,1.4213762806294783,120.00600000000361,2.05976982528972,0.1,0.12,25.0,600.0,25.0,1,0.55,350.0
3.943473968111003,1.4574779818086006,120.00600000000361,1.9597313894352801,0.1,0.35,40.0,600.0,12.5,1,0.35,350.0
3.943479104394517,1.42789100474151,120.00600000000361,2.044280284722723,0.1,0.18,25.0,300.0,12.5,1,0.55,200.0
3.9442457441027874,1.4631404954354705,120.00600000000361,1.9457578533350361,0.1,0.35,25.0,600.0,25.0,1,0.35,350.0
3.9452675557020984,1.442192826925135,120.00600000000361,2.0085277965054553,0.2,0.18,15.0,400.0,12.5,1,0.35,200.0
3.9458129640272084,1.478139012610817,120.00600000000361,1.9073827183323924,0.2,0.35,25.0,300.0,12.5,1,0.55,350.0
3.9465036148535027,1.4633938196107181,120.00600000000361,1.9514851292649442,0.1,0.18,15.0,400.0,25.0,1,0.55,350.0
3.9474741791049857,1.4482960213036784,120.00600000000361,1.9973947365750084,0.1,0.35,25.0,300.0,12.5,1,0.35,150.0
3.948070040337412,1.428142484187547,120.00600000000361,2.0566787318566018,0.1,0.18,15.0,400.0,25.0,1,0.35,150.0
3.9483988923808706,1.4476382473277705,120.00600000000361,2.001916128722989,0.1,0.35,40.0,400.0,12.5,1,0.35,200.0
3.9484043246962623,1.4928267293287298,120.00600000000361,1.8728217010499386,0.1,0.35,15.0,300.0,25.0,1,0.55,350.0
3.9488253205855086,1.4506805986147902,120.00600000000361,1.9944420627733266,0.1,0.35,25.0,400.0,25.0,1,0.35,200.0
3.949040522029553,1.436648590804685,120.00600000000361,2.035148374928039,0.1,0.12,15.0,300.0,12.5,1,0.55,200.0
3.9495745413997985,1.4337898288969348,120.00600000000361,2.044842035722312,0.1,0.18,15.0,300.0,25.0,1,0.55,200.0
3.9505363164475154,1.431082222571683,120.00600000000361,2.0553259825022243,0.1,0.12,15.0,400.0,12.5,1,0.35,150.0
3.9519394796750085,1.4666900133625103,120.00600000000361,1.9575984751784123,0.2,0.35,25.0,300.0,12.5,1,0.35,200.0
3.952036242979217,1.4533653498206494,120.00600000000361,1.9959454090243234,0.1,0.35,15.0,300.0,25.0,1,0.35,150.0
3.952382811806807,1.4547418304226272,120.00600000000361,1.9930028039546461,0.1,0.18,15.0,400.0,12.5,1,0.35,200.0
3.952993570126517,1.457511087616178,120.00600000000361,1.9868356643150984,0.2,0.18,25.0,600.0,12.5,1,0.35,350.0
3.953042478997064,1.4280851996059545,120.00600000000361,2.07104936968873,0.1,0.18,40.0,400.0,12.5,1,0.35,150.0
3.9532044222499083,1.4300074567942054,120.00600000000361,2.0660199013018534,0.1,0.18,25.0,400.0,25.0,1,0.35,150.0
3.953440689802018,1.4733176801643233,120.00600000000361,1.9429514561075434,0.1,0.12,15.0,600.0,12.5,1,0.35,350.0
3.9542857600643804,1.4567349922465833,120.00600000000361,1.9927450509078366,0.2,0.18,25.0,400.0,12.5,1,0.55,350.0
3.9551629671153417,1.496598700411274,120.00600000000361,1.881355047725753,0.2,0.35,15.0,400.0,12.5,1,0.35,350.0
3.9552621361891225,1.4678321907457728,120.00600000000361,1.9638284155522734,0.1,0.18,25.0,600.0,12.5,1,0.35,350.0
3.955340959046545,1.4862188793129893,120.00600000000361,1.911520227810004,0.1,0.35,40.0,300.0,12.5,1,0.55,350.0
3.955527597535884,1.4261700624188713,120.00600000000361,2.0836215289055957,0.1,0.12,40.0,600.0,25.0,1,0.55,350.0
3.9556423909840115,1.467499566421247,120.00600000000361,1.9658652130363152,0.1,0.35,40.0,600.0,25.0,1,0.35,350.0
3.955764282097639,1.453473226420342,120.00600000000361,2.0062887305064088,0.1,0.35,40.0,400.0,25.0,1,0.35,200.0
3.9562852453238584,1.498412316027278,120.00600000000361,1.8793797979900744,0.1,0.18,15.0,300.0,12.5,1,0.55,350.0
3.956715272311665,1.4598866131250543,120.00600000000361,1.9906818833901618,0.1,0.18,40.0,400.0,12.5,1,0.55,350.0
3.956876423491829,1.4527720321225632,120.00600000000361,2.0114696896263187,0.1,0.35,40.0,300.0,12.5,1,0.35,150.0
3.9573009425680286,1.455117126977664,120.00600000000361,2.00598233025803,0.1,0.35,25.0,300.0,25.0,1,0.35,150.0
3.957382319272757,1.4337389770869653,120.00600000000361,2.0672952633878228,0.1,0.18,40.0,300.0,12.5,1,0.55,200.0
3.9574789282692047,1.4361031964870024,120.00600000000361,2.0608163765204237,0.1,0.18,25.0,300.0,25.0,1,0.55,200.0
3.9577654613991333,1.4931540659917026,120.00600000000361,1.8986325583067916,0.1,0.35,25.0,300.0,25.0,1,0.55,350.0
3.9578500334110065,1.4654189077848065,120.00600000000361,1.9781175017889878,0.1,0.18,25.0,400.0,25.0,1,0.55,350.0
3.9583693273420586,1.432186890802709,120.00600000000361,2.074549818683702,0.1,0.18,40.0,400.0,25.0,1,0.35,150.0
3.958739635588719,1.4742758814943149,120.00600000000361,1.955353583126714,0.2,0.35,15.0,300.0,25.0,1,0.35,200.0
3.9589240821751623,1.467538646518965,120.00600000000361,1.9751298161604098,0.1,0.12,25.0,400.0,12.5,1,0.55,350.0
3.9591048063532797,1.4479363961986689,120.00600000000361,2.031652600441591,0.2,0.18,25.0,400.0,12.5,1,0.35,200.0
3.9594003249124192,1.4922051655598711,120.00600000000361,1.906014741007126,0.2,0.35,15.0,300.0,25.0,1,0.55,350.0
3.9597068579098167,1.449884137138168,120.00600000000361,2.027807773633126,0.2,0.18,15.0,300.0,12.5,1,0.35,150.0
3.9601617834978096,1.4839743703854265,120.00600000000361,1.9317068946066545,0.1,0.35,15.0,300.0,12.5,1,0.35,200.0
3.961211270655665,1.4357535045208065,120.00600000000361,2.072479331813727,0.1,0.12,25.0,400.0,12.5,1,0.35,150.0
3.9626216736589477,1.4572692463148402,120.00600000000361,2.015035506697296,0.1,0.35,40.0,300.0,25.0,1,0.35,150.0
3.963345643227086,1.5132787496475597,120.00600000000361,1.8570768387984928,0.1,0.35,15.0,400.0,12.5,1,0.35,350.0
3.963668490785222,1.4721555933342547,120.00600000000361,1.9754939927168957,0.2,0.35,40.0,300.0,12.5,1,0.35,200.0
3.9644807626205134,1.4704124976830997,120.00600000000361,1.9827950426781698,0.2,0.18,15.0,600.0,25.0,1,0.35,350.0
3.9648172805878272,1.475799186160037,120.00600000000361,1.9683659840792458,0.2,0.35,25.0,300.0,25.0,1,0.35,200.0
3.9650380420456317,1.485766952562259,120.00600000000361,1.9405173985237663,0.2,0.35,40.0,300.0,12.5,1,0.55,350.0
3.9651984223861003,1.442655776469368,120.00600000000361,2.0641504169047944,0.1,0.12,25.0,300.0,12.5,1,0.55,200.0
3.9654512911578115,1.4389778063214653,120.00600000000361,2.075381385246549,0.1,0.18,40.0,300.0,25.0,1,0.55,200.0
3.9655528156878237,1.4403335024296935,120.00600000000361,2.0717980378802174,0.1,0.12,15.0,400.0,25.0,1,0.35,150.0
3.9657023107948786,1.4549660854896835,120.00600000000361,2.0304177865861166,0.2,0.18,15.0,400.0,25.0,1,0.35,200.0
3.96598437805773,1.4804520058655397,120.00600000000361,1.9584067776918181,0.1,0.18,15.0,600.0,25.0,1,0.35,350.0
3.9666238586616984,1.4607307068135962,120.00600000000361,2.0165804338515665,0.1,0.18,25.0,400.0,12.5,1,0.35,200.0
3.9668062712563783,1.4692744486493785,120.00600000000361,1.99269092173413,0.2,0.18,15.0,400.0,25.0,1,0.55,350.0
3.9671051660318546,1.4626637831802125,120.00600000000361,2.0124325224331088,0.1,0.18,15.0,300.0,12.5,1,0.35,150.0
3.9679380939685216,1.4924777771620044,120.00600000000361,1.9296294765898956,0.2,0.35,25.0,300.0,25.0,1,0.55,350.0
3.9683593832587567,1.4744223040760998,120.00600000000361,1.9824202262360069,0.2,0.12,15.0,600.0,12.5,1,0.35,350.0
3.9688853387313507,1.4959588523208365,120.00600000000361,1.9223899611727426,0.1,0.35,40.0,300.0,25.0,1,0.55,350.0
3.9702788037950683,1.4692769901623717,120.00600000000361,2.0026051818075508,0.1,0.18,40.0,400.0,25.0,1,0.55,350.0
3.9704174669814964,1.4401906341929915,120.00600000000361,2.086105236538431,0.1,0.12,40.0,400.0,12.5,1,0.35,150.0
3.97046976534403,1.4543795789709548,120.00600000000361,2.0457148182086304,0.2,0.18,25.0,300.0,12.5,1,0.35,150.0
3.9706871066837715,1.4421923641419345,120.00600000000361,2.0811564072622364,0.1,0.12,25.0,400.0,25.0,1,0.35,150.0
3.9707533330482776,1.4799605191279925,120.00600000000361,1.9734366112006605,0.1,0.12,15.0,400.0,25.0,1,0.55,350.0
3.9712108994051283,1.453650091408607,120.00600000000361,2.0499165942756212,0.2,0.18,40.0,400.0,12.5,1,0.35,200.0
3.9713756618125418,1.4782320962214601,120.00600000000361,1.9801530445457929,0.2,0.35,40.0,300.0,25.0,1,0.35,200.0
3.9715086953169996,1.4486994444713885,120.00600000000361,2.0649121452730195,0.1,0.12,15.0,300.0,25.0,1,0.55,200.0
3.9719842813753976,1.4684552041140548,120.00600000000361,2.009825935032253,0.1,0.12,15.0,400.0,12.5,1,0.35,200.0
3.9721067009195052,1.4464771221318349,120.00600000000361,2.0729702251074746,0.2,0.12,15.0,300.0,12.5,1,0.55,200.0
3.9721398888813937,1.4569107833217614,120.00600000000361,2.04325458731308,0.2,0.18,25.0,400.0,25.0,1,0.35,200.0
3.9726643856569375,1.4667119935841857,120.00600000000361,2.016749691636279,0.2,0.18,40.0,600.0,12.5,1,0.35,350.0
3.972824664341045,1.4767838163365248,120.00600000000361,1.9884309942984744,0.2,0.12,15.0,400.0,12.5,1,0.55,350.0
3.9728932936268775,1.4676515378857402,120.00600000000361,2.01471930211738,0.1,0.18,15.0,400.0,25.0,1,0.35,200.0
3.9742774653079507,1.4896370299291635,120.00600000000361,1.9558583867963806,0.1,0.35,25.0,300.0,12.5,1,0.35,200.0
3.974416432504931,1.4727926487200782,120.00600000000361,2.00438223938514,0.2,0.18,25.0,600.0,25.0,1,0.35,350.0
3.974990440677171,1.5038493738383882,120.00600000000361,1.9172887623963681,0.2,0.35,25.0,400.0,12.5,1,0.35,350.0
3.9753330278219576,1.4772700040277635,120.00600000000361,1.9942086394118281,0.1,0.18,40.0,600.0,12.5,1,0.35,350.0
3.975618067330644,1.4597459862538515,120.00600000000361,2.045091660219252,0.2,0.18,15.0,300.0,25.0,1,0.35,150.0
3.9757560209177853,1.465526206017999,120.00600000000361,2.0289708997135216,0.2,0.18,40.0,400.0,12.5,1,0.55,350.0
3.975835458539613,1.4822538839545516,120.00600000000361,1.981404498814307,0.1,0.12,25.0,600.0,12.5,1,0.35,350.0
3.9758576008304605,1.44436928565318,120.00600000000361,2.0897094719349316,0.1,0.12,40.0,400.0,25.0,1,0.35,150.0
3.9766400660516505,1.4833020817171196,120.00600000000361,1.9807085266699345,0.1,0.18,25.0,600.0,25.0,1,0.35,350.0
3.9775459876487935,1.4711315412249157,120.00600000000361,2.018069846925211,0.2,0.18,25.0,400.0,25.0,1,0.55,350.0
3.9780720762519137,1.5043712785243408,120.00600000000361,1.9246022792214823,0.1,0.18,25.0,300.0,12.5,1,0.55,350.0
3.9781876836101406,1.4673515323652517,120.00600000000361,2.0307032892709564,0.1,0.18,25.0,300.0,12.5,1,0.35,150.0
3.9785228779608754,1.4953391548620782,120.00600000000361,1.9516963517106944,0.2,0.35,40.0,300.0,25.0,1,0.55,350.0
3.9789110912540173,1.4595773751184677,120.00600000000361,2.054982046101416,0.2,0.18,40.0,400.0,25.0,1,0.35,200.0
3.979000987867412,1.4666112937197777,120.00600000000361,2.0351419832788005,0.1,0.18,40.0,400.0,12.5,1,0.35,200.0
3.9791425393774906,1.4485120695714981,120.00600000000361,2.087258485159824,0.1,0.12,40.0,300.0,12.5,1,0.55,200.0
3.9794016164141475,1.450995658468562,120.00600000000361,2.0809027369872313,0.1,0.12,25.0,300.0,25.0,1,0.55,200.0
3.9797371806438595,1.4698659937977603,120.00600000000361,2.0279462481315584,0.1,0.18,25.0,400.0,25.0,1,0.35,200.0
3.9798106720249007,1.45878904023639,120.00600000000361,2.059804662252733,0.2,0.18,40.0,300.0,12.5,1,0.35,150.0
3.9806143376749525,1.4612992245763547,120.00600000000361,2.054928894567268,0.2,0.18,25.0,300.0,25.0,1,0.35,150.0
3.980653883413968,1.4762049921267262,120.00600000000361,2.0124539751062502,0.1,0.12,40.0,400.0,12.5,1,0.55,350.0
3.9809804528997903,1.497292310074804,120.00600000000361,1.953137550928378,0.1,0.35,15.0,300.0,25.0,1,0.35,200.0
3.981028650443074,1.4666482841486668,120.00600000000361,2.0408296179838668,0.2,0.12,15.0,400.0,12.5,1,0.35,200.0
3.9820778135666584,1.4819480745896332,120.00600000000361,2.0001135399342034,0.1,0.12,25.0,400.0,25.0,1,0.55,350.0
3.9824950023260626,1.516436889538752,120.00600000000361,1.9027660365350179,0.1,0.12,15.0,300.0,12.5,1,0.55,350.0
3.9830903038175136,1.4726353900063942,120.00600000000361,2.0296140394601867,0.1,0.18,15.0,300.0,25.0,1,0.35,150.0
3.984282384779905,1.5208877390980942,120.00600000000361,1.895156130519306,0.1,0.35,25.0,400.0,12.5,1,0.35,350.0
3.985547739514816,1.4769495850570535,120.00600000000361,2.0243090127363086,0.2,0.18,40.0,600.0,25.0,1,0.35,350.0
3.9858042191566914,1.4633546632834273,120.00600000000361,2.0638844453520293,0.2,0.18,40.0,300.0,25.0,1,0.35,150.0
3.9862548956792994,1.474438674998767,120.00600000000361,2.0335034876585083,0.1,0.12,25.0,400.0,12.5,1,0.35,200.0
3.9865907290482214,1.4953791110338481,120.00600000000361,1.9746331943266262,0.1,0.35,40.0,300.0,12.5,1,0.35,200.0
3.9867491269159583,1.4726793953774344,120.00600000000361,2.039942090109915,0.1,0.18,40.0,400.0,25.0,1,0.35,200.0
3.9868249042280275,1.4764356748913676,120.00600000000361,2.0294263695331596,0.1,0.12,15.0,300.0,12.5,1,0.35,150.0
3.9869388565193775,1.4951247197672028,120.00600000000361,1.97635467643463,0.1,0.12,15.0,600.0,25.0,1,0.35,350.0
3.9873731398254053,1.4538592819897687,120.00600000000361,2.095496736673093,0.1,0.12,40.0,300.0,25.0,1,0.55,200.0
3.987678037922719,1.499157638059854,120.00600000000361,1.9669439996080316,0.1,0.35,25.0,300.0,25.0,1,0.35,200.0
3.987740582372842,1.471890001491964,120.00600000000361,2.0450302310880684,0.1,0.18,40.0,300.0,12.5,1,0.35,150.0
3.9879977841069634,1.452434990420473,120.00600000000361,2.1013508391041036,0.2,0.12,25.0,300.0,12.5,1,0.55,200.0
3.9880844800118207,1.518713745113543,120.00600000000361,1.9122306711377808,0.2,0.35,15.0,400.0,25.0,1,0.35,350.0
3.98817981000672,1.4876968667768695,120.00600000000361,2.0011226949422762,0.1,0.18,40.0,600.0,25.0,1,0.35,350.0
3.988398353652846,1.474394341370802,120.00600000000361,2.0397543208056854,0.1,0.18,25.0,300.0,25.0,1,0.35,150.0
3.989671197116147,1.4749903522544978,120.00600000000361,2.041688128175987,0.2,0.18,40.0,400.0,25.0,1,0.55,350.0
3.9903073528104382,1.4830597657221376,120.00600000000361,2.020450248823562,0.2,0.12,25.0,600.0,12.5,1,0.35,350.0
3.991774924151099,1.5189458058135716,120.00600000000361,1.9221117666784955,0.1,0.18,15.0,300.0,25.0,1,0.55,350.0
3.992730408790206,1.4814961677525063,120.00600000000361,2.031840688678989,0.1,0.12,15.0,400.0,25.0,1,0.35,200.0
3.9933943751488608,1.5123136193270958,120.00600000000361,1.945687873776316,0.2,0.35,40.0,400.0,12.5,1,0.35,350.0
3.993773800685961,1.4765624395498034,120.00600000000361,2.048918174674582,0.1,0.18,40.0,300.0,25.0,1,0.35,150.0
3.994155451077583,1.50511323544104,120.00600000000361,1.9684349018185407,0.1,0.18,15.0,300.0,12.5,1,0.35,200.0
3.9945101717543134,1.4857840546878807,120.00600000000361,2.024674620189653,0.1,0.12,40.0,400.0,25.0,1,0.55,350.0
3.9946529276180534,1.5017916769665574,120.00600000000361,1.9793464304326913,0.1,0.35,40.0,300.0,25.0,1,0.35,200.0
3.9949457401774833,1.458769104348301,120.00600000000361,2.10310467379751,0.2,0.12,15.0,300.0,25.0,1,0.55,200.0
3.9949683534439244,1.4724120546173651,120.00600000000361,2.0641894252185864,0.2,0.12,25.0,400.0,12.5,1,0.35,200.0
3.995196252937307,1.513050895732147,120.00600000000361,1.9487295920145886,0.2,0.18,15.0,300.0,12.5,1,0.55,350.0
3.995736441371002,1.4744797984867146,120.00600000000361,2.06047612252638,0.2,0.12,15.0,300.0,12.5,1,0.35,150.0
3.996008760132106,1.4917180271815575,120.00600000000361,2.0120020941442696,0.1,0.12,40.0,600.0,12.5,1,0.35,350.0
3.9964608309481977,1.5196959640802465,120.00600000000361,1.9333567624797066,0.2,0.35,25.0,400.0,25.0,1,0.35,350.0
3.9966708545304375,1.484723294720423,120.00600000000361,2.033878742314172,0.2,0.12,25.0,400.0,12.5,1,0.55,350.0
3.996819968510315,1.5357146460755347,120.00600000000361,1.8886152069563598,0.1,0.35,15.0,400.0,25.0,1,0.35,350.0
3.9970190509774945,1.4968507402910458,120.00600000000361,2.000223744818271,0.2,0.18,15.0,300.0,12.5,1,0.35,200.0
3.997588744769813,1.4979486058009817,120.00600000000361,1.9987146827679336,0.1,0.12,25.0,600.0,25.0,1,0.35,350.0
3.99792858885366,1.4811193174503294,120.00600000000361,2.0477693468665037,0.1,0.12,25.0,300.0,12.5,1,0.35,150.0
3.998455865028695,1.5120679072227639,120.00600000000361,1.9608513080167929,0.1,0.18,40.0,300.0,12.5,1,0.55,350.0
3.998683575848287,1.480333835190191,120.00600000000361,2.0521706875944057,0.1,0.12,40.0,400.0,12.5,1,0.35,200.0
3.9994665574235913,1.535933366731352,120.00600000000361,1.8955519734062432,0.1,0.18,15.0,400.0,12.5,1,0.35,350.0
3.999572125152201,1.4836989979030568,120.00600000000361,2.0450946492831164,0.1,0.12,25.0,400.0,25.0,1,0.35,200.0
4.001356820505113,1.5193317714906105,120.00600000000361,1.9483858543269954,0.1,0.18,25.0,300.0,25.0,1,0.55,350.0
4.0018076888411604,1.458285427131478,120.00600000000361,2.124092176313225,0.2,0.12,40.0,300.0,12.5,1,0.55,200.0
4.001963344968357,1.4797045941095486,120.00600000000361,2.0633392881678687,0.2,0.12,15.0,400.0,25.0,1,0.35,200.0
4.002471194601637,1.4608963176443597,120.00600000000361,2.1185282198777795,0.2,0.12,25.0,300.0,25.0,1,0.55,200.0
4.00251989202144,1.4964372222164382,120.00600000000361,2.017121913728423,0.2,0.12,15.0,600.0,25.0,1,0.35,350.0
4.002984646389152,1.4865044904499993,120.00600000000361,2.046829016968853,0.1,0.12,15.0,300.0,25.0,1,0.35,150.0
4.003575480817933,1.5296795889615582,120.00600000000361,1.925159691018058,0.1,0.35,40.0,400.0,12.5,1,0.35,350.0
4.004346449160193,1.5223633916144457,120.00600000000361,1.9482658787019806,0.1,0.12,25.0,300.0,12.5,1,0.55,350.0
4.006278728750766,1.5372224235815268,120.00600000000361,1.9113323004833855,0.1,0.35,25.0,400.0,25.0,1,0.35,350.0
4.006574470058076,1.4789905077344419,120.00600000000361,2.078554178067371,0.2,0.12,25.0,300.0,12.5,1,0.35,150.0
4.006591175853467,1.4865063140230004,120.00600000000361,2.0571281766583227,0.1,0.12,40.0,400.0,25.0,1,0.35,200.0
4.006664966981658,1.5230860290969375,120.00600000000361,1.9528255368133334,0.2,0.35,40.0,400.0,25.0,1,0.35,350.0
4.007209269859192,1.4781775600882392,120.00600000000361,2.082690599345425,0.2,0.12,40.0,400.0,12.5,1,0.35,200.0
4.007519220991158,1.4856683274172668,120.00600000000361,2.062173981639535,0.1,0.12,40.0,300.0,12.5,1,0.35,150.0
4.008291163377304,1.4882551019016383,120.00600000000361,2.056988747073177,0.1,0.12,25.0,300.0,25.0,1,0.35,150.0
4.008423523560602,1.4816458691282468,120.00600000000361,2.076250441235143,0.2,0.12,25.0,400.0,25.0,1,0.35,200.0
4.008491289439592,1.5108398331117838,120.00600000000361,1.9930327323650097,0.1,0.18,25.0,300.0,12.5,1,0.35,200.0
4.009142895655958,1.5023300577425511,120.00600000000361,2.019208108323865,0.1,0.12,40.0,600.0,25.0,1,0.35,350.0
4.00993534461848,1.4977423436143984,120.00600000000361,2.0345800028686507,0.2,0.12,15.0,400.0,25.0,1,0.55,350.0
4.010241320117599,1.4923545315660134,120.00600000000361,2.050847967290091,0.2,0.12,40.0,600.0,12.5,1,0.35,350.0
4.010250882086651,1.4636994920763826,120.00600000000361,2.1327468286006117,0.2,0.12,40.0,300.0,25.0,1,0.55,200.0
4.0109323385058415,1.5023570026616941,120.00600000000361,2.0242438166974095,0.2,0.18,25.0,300.0,12.5,1,0.35,200.0
4.012019202841534,1.4845520698868377,120.00600000000361,2.0782203798704075,0.2,0.12,15.0,300.0,25.0,1,0.35,150.0
4.012497159116752,1.498803814850405,120.00600000000361,2.038866697903696,0.2,0.12,25.0,600.0,25.0,1,0.35,350.0
4.012719378608059,1.5222166976738845,120.00600000000361,1.972607659811775,0.1,0.18,40.0,300.0,25.0,1,0.55,350.0
4.013671748941763,1.4904186989423958,120.00600000000361,2.0661801428551825,0.1,0.12,40.0,300.0,25.0,1,0.35,150.0
4.0152306649123695,1.484315941401609,120.00600000000361,2.0880706386020176,0.2,0.12,40.0,400.0,25.0,1,0.35,200.0
4.015663114285403,1.5187818443422334,120.00600000000361,1.990832199837474,0.1,0.18,15.0,300.0,25.0,1,0.35,200.0
4.015975685952211,1.533969313357649,120.00600000000361,1.9483324931271637,0.2,0.18,15.0,400.0,12.5,1,0.35,350.0
4.016014929471821,1.4834382516159763,120.00600000000361,2.092819079587971,0.2,0.12,40.0,300.0,12.5,1,0.35,150.0
4.016155281699278,1.5204928786764744,120.00600000000361,1.987349722922139,0.1,0.12,15.0,300.0,12.5,1,0.35,200.0
4.017032639513812,1.486103521537244,120.00600000000361,2.0881117656471826,0.2,0.12,25.0,300.0,25.0,1,0.35,150.0
4.0170599283583215,1.519606767661186,120.00600000000361,1.992466173420232,0.2,0.18,25.0,300.0,12.5,1,0.55,350.0
4.017191067583472,1.540890234331448,120.00600000000361,1.932030952148484,0.1,0.35,40.0,400.0,25.0,1,0.35,350.0
4.018397010499495,1.4935904355298772,120.00600000000361,2.0706187856273237,0.2,0.12,40.0,400.0,12.5,1,0.55,350.0
4.018456037481789,1.5371923973776442,120.00600000000361,1.946210400297402,0.1,0.12,15.0,300.0,25.0,1,0.55,350.0
4.018662245037826,1.5105265566745445,120.00600000000361,2.022987681037795,0.2,0.18,15.0,300.0,25.0,1,0.35,200.0
4.020700111584946,1.4995712192253272,120.00600000000361,2.0601111210273277,0.2,0.12,25.0,400.0,25.0,1,0.55,350.0
4.020877835059124,1.5436593753684487,120.00600000000361,1.934652741973203,0.1,0.18,25.0,400.0,12.5,1,0.35,350.0
4.021041185374895,1.5166723416481318,120.00600000000361,2.012225267790599,0.1,0.18,40.0,300.0,12.5,1,0.35,200.0
4.022249170904392,1.4881617530799078,120.00600000000361,2.097135479498373,0.2,0.12,40.0,300.0,25.0,1,0.35,150.0
4.022435437925443,1.5206586638883048,120.00600000000361,2.0048193543916684,0.1,0.18,25.0,300.0,25.0,1,0.35,200.0
4.02322299410129,1.5080543704929965,120.00600000000361,2.0430817817378255,0.2,0.18,40.0,300.0,12.5,1,0.35,200.0
4.0232715278748135,1.5526768979479033,120.00600000000361,1.9157275140767311,0.1,0.12,15.0,400.0,12.5,1,0.35,350.0
4.0236991765267645,1.502963898300063,120.00600000000361,2.0589865092189927,0.2,0.12,40.0,600.0,25.0,1,0.35,350.0
4.0248444152936225,1.5300795280512327,120.00600000000361,1.9847853921209597,0.1,0.12,40.0,300.0,12.5,1,0.55,350.0
4.024949727158701,1.5121043823620752,120.00600000000361,2.036443842275918,0.2,0.18,25.0,300.0,25.0,1,0.35,200.0
4.026354344784194,1.5631779922845976,120.00600000000361,1.8945324357129762,0.2,0.35,15.0,300.0,12.5,1,0.35,350.0
4.028026170038011,1.5375448590266685,120.00600000000361,1.9725466028893954,0.1,0.12,25.0,300.0,25.0,1,0.55,350.0
4.0295012248305255,1.5233171104601948,120.00600000000361,2.0174117553436464,0.1,0.18,40.0,300.0,25.0,1,0.35,200.0
4.030525052372376,1.52621034766841,120.00600000000361,2.012070584868319,0.1,0.12,25.0,300.0,12.5,1,0.35,200.0
4.0317448232040345,1.5146157174970063,120.00600000000361,2.048683159162783,0.2,0.18,40.0,300.0,25.0,1,0.35,200.0
4.032200622551593,1.5346465211661737,120.00600000000361,1.9927545753867577,0.2,0.18,15.0,300.0,25.0,1,0.55,350.0
4.0328862330361375,1.5034210176037333,120.00600000000361,2.083929186949572,0.2,0.12,40.0,400.0,25.0,1,0.55,350.0
4.0368515848480175,1.5240415603580373,120.00600000000361,2.036342927114074,0.2,0.12,15.0,300.0,12.5,1,0.35,200.0
4.036950473551639,1.5415568734414957,120.00600000000361,1.9865817146002542,0.2,0.18,25.0,400.0,12.5,1,0.35,350.0
4.037543925862734,1.5277286037311257,120.00600000000361,2.0277866346615836,0.2,0.18,40.0,300.0,12.5,1,0.55,350.0
4.037914519446619,1.5342908559743849,120.00600000000361,2.0100961813490854,0.1,0.12,15.0,300.0,25.0,1,0.35,200.0
4.039403829358527,1.5404109598381632,120.00600000000361,1.9968653414865971,0.1,0.12,40.0,300.0,25.0,1,0.55,350.0
4.040659149218818,1.552621611868043,120.00600000000361,1.9655643924306319,0.1,0.18,40.0,400.0,12.5,1,0.35,350.0
4.041150020216218,1.5435957662474755,120.00600000000361,1.9927550113391106,0.2,0.12,15.0,300.0,12.5,1,0.55,350.0
4.0412884943645935,1.5350667704264767,120.00600000000361,2.0175192112516083,0.2,0.18,25.0,300.0,25.0,1,0.55,350.0
4.043132943486418,1.5320560400242857,120.00600000000361,2.0313911527487925,0.1,0.12,40.0,300.0,12.5,1,0.35,200.0
4.044684772775467,1.5361543214718942,120.00600000000361,2.0241155751529107,0.1,0.12,25.0,300.0,25.0,1,0.35,200.0
4.044861708578923,1.5694345418493818,120.00600000000361,1.9295347620842498,0.2,0.35,25.0,300.0,12.5,1,0.35,350.0
4.0508845655928845,1.5295657960644515,120.00600000000361,2.0606536272239406,0.2,0.12,25.0,300.0,12.5,1,0.35,200.0
4.051656241602181,1.5574326487848276,120.00600000000361,1.9832388366208562,0.2,0.18,15.0,400.0,25.0,1,0.35,350.0
4.051758933995621,1.5388050289181159,120.00600000000361,2.0367540145070024,0.1,0.12,40.0,300.0,25.0,1,0.35,200.0
4.05246492096029,1.5381253847599208,120.00600000000361,2.0407129605723298,0.2,0.18,40.0,300.0,25.0,1,0.55,350.0
4.0528989100492545,1.5298896524333856,120.00600000000361,2.065483593188044,0.35,0.12,15.0,600.0,12.5,1,0.35,350.0
4.0564848986360165,1.5504467588666486,120.00600000000361,2.016994685055183,0.2,0.18,40.0,400.0,12.5,1,0.35,350.0
4.058515681477247,1.5631764004632467,120.00600000000361,1.9864265171827025,0.2,0.12,15.0,400.0,12.5,1,0.35,350.0
4.059026724583017,1.5379962014273445,120.00600000000361,2.05983006615891,0.2,0.12,15.0,300.0,25.0,1,0.35,200.0
4.060432627232108,1.586334510247876,120.00600000000361,1.9257374770976494,0.2,0.35,15.0,300.0,25.0,1,0.35,350.0
4.060473844126671,1.5585025641612331,120.00600000000361,2.0053750856153822,0.2,0.18,25.0,400.0,25.0,1,0.35,350.0
4.062619456624026,1.5774678760575997,120.00600000000361,1.9573188016182077,0.2,0.35,40.0,300.0,12.5,1,0.35,350.0
4.063240993726883,1.5501449051237466,120.00600000000361,2.037160253151666,0.2,0.12,25.0,300.0,12.5,1,0.55,350.0
4.063328178290301,1.5353152716109584,120.00600000000361,2.0797797333693966,0.2,0.12,40.0,300.0,12.5,1,0.35,200.0
4.064611515918717,1.5184241139698251,120.00600000000361,2.1317068627109657,0.35,0.12,25.0,400.0,12.5,1,0.35,200.0
4.065343774973092,1.5395717097596604,120.00600000000361,2.073377329181079,0.2,0.12,25.0,300.0,25.0,1,0.35,200.0
4.065671491987321,1.5205887880465725,120.00600000000361,2.128550582687699,0.35,0.12,15.0,300.0,12.5,1,0.35,150.0
4.067427825653306,1.5861551686035973,120.00600000000361,1.9462361629990126,0.2,0.35,25.0,300.0,25.0,1,0.35,350.0
4.071177947888384,1.5620389343807135,120.00600000000361,2.025854324307476,0.2,0.18,40.0,400.0,25.0,1,0.35,350.0
4.0721821103410525,1.5420862187833007,120.00600000000361,2.0857311187362795,0.2,0.12,40.0,300.0,25.0,1,0.35,200.0
4.072390491157425,1.5260643267628309,120.00600000000361,2.132103326841545,0.35,0.12,15.0,400.0,25.0,1,0.35,200.0
4.0753332216511176,1.5390683602498882,120.00600000000361,2.1033567468605012,0.35,0.12,25.0,600.0,12.5,1,0.35,350.0
4.076473295496431,1.5251550915458834,120.00600000000361,2.1463662970014084,0.35,0.12,25.0,300.0,12.5,1,0.35,150.0
4.076890660041798,1.5889417123163454,120.00600000000361,1.9653112792154241,0.2,0.35,40.0,300.0,25.0,1,0.35,350.0
4.076904553401576,1.5242855130977175,120.00600000000361,2.1500829722965826,0.35,0.12,40.0,400.0,12.5,1,0.35,200.0
4.078645110312632,1.5279314191862168,120.00600000000361,2.144639117503888,0.35,0.12,25.0,400.0,25.0,1,0.35,200.0
4.079117563129774,1.5656376315556473,120.00600000000361,2.038256947354494,0.2,0.12,15.0,300.0,25.0,1,0.55,350.0
4.07974518950315,1.5707853835636942,120.00600000000361,2.0253423026840034,0.2,0.12,25.0,400.0,12.5,1,0.35,350.0
4.082509651697718,1.5309815466734724,120.00600000000361,2.146966014354833,0.35,0.12,15.0,300.0,25.0,1,0.35,150.0
4.082550936409017,1.5546175419977741,120.00600000000361,2.0795525554605403,0.35,0.18,15.0,300.0,12.5,1,0.35,200.0
4.084020876653115,1.5583449906459526,120.00600000000361,2.073102531448882,0.2,0.12,40.0,300.0,12.5,1,0.55,350.0
4.085381527101592,1.5306106525919523,120.00600000000361,2.1562310700273875,0.35,0.12,40.0,400.0,25.0,1,0.35,200.0
4.0859359240152555,1.5296665008618417,120.00600000000361,2.1605126375810277,0.35,0.12,40.0,300.0,12.5,1,0.35,150.0
4.0873522020596065,1.5324678307398085,120.00600000000361,2.15655534662784,0.35,0.12,25.0,300.0,25.0,1,0.35,150.0
4.088251985894646,1.566036133652523,120.00600000000361,2.063216720691624,0.2,0.12,25.0,300.0,25.0,1,0.55,350.0
4.089104841411692,1.5531050249487692,120.00600000000361,2.102599475608196,0.35,0.12,15.0,600.0,25.0,1,0.35,350.0
4.092505512132605,1.5345273486059041,120.00600000000361,2.1653947529332767,0.35,0.12,40.0,300.0,25.0,1,0.35,150.0
4.095197218255499,1.5871229304201482,120.00600000000361,2.022812250957991,0.2,0.12,15.0,400.0,25.0,1,0.35,350.0
4.095681834152331,1.5487732162423593,120.00600000000361,2.1337674797426214,0.35,0.12,40.0,600.0,12.5,1,0.35,350.0
4.096548771010548,1.5604168678157428,120.00600000000361,2.102976866270718,0.35,0.18,25.0,300.0,12.5,1,0.35,200.0
4.098545230884405,1.5962442114987345,120.00600000000361,2.006317198244618,0.35,0.35,15.0,400.0,25.0,1,0.35,350.0
4.098946132801982,1.5555329097008743,120.00600000000361,2.1237806374315804,0.35,0.12,25.0,600.0,25.0,1,0.35,350.0
4.0995126820903645,1.5690903162537229,120.00600000000361,2.08666390239025,0.2,0.12,40.0,300.0,25.0,1,0.55,350.0
4.099592270751031,1.5797696516224602,120.00600000000361,2.0563789117957616,0.2,0.12,40.0,400.0,12.5,1,0.35,350.0
4.104076911915961,1.5881821481011746,120.00600000000361,2.0451564680420917,0.2,0.12,25.0,400.0,25.0,1,0.35,350.0
4.1050912749654085,1.5688933346489937,120.00600000000361,2.10316554376103,0.35,0.18,15.0,300.0,25.0,1,0.35,200.0
4.106760054788568,1.59771844810297,120.00600000000361,2.025576019101554,0.35,0.35,25.0,400.0,25.0,1,0.35,350.0
4.108939156863521,1.566336954750131,120.00600000000361,2.1214634346095305,0.35,0.18,40.0,300.0,12.5,1,0.35,200.0
4.110198984355656,1.559857896890956,120.00600000000361,2.143574535613273,0.35,0.12,40.0,600.0,25.0,1,0.35,350.0
4.111189563432114,1.5704889319297877,120.00600000000361,2.1160303757207775,0.35,0.18,25.0,300.0,25.0,1,0.35,200.0
4.114875035322423,1.5917225292834805,120.00600000000361,2.0658928743968246,0.2,0.12,40.0,400.0,25.0,1,0.35,350.0
4.116842722085785,1.6015288024500216,120.00600000000361,2.043496913244884,0.35,0.35,40.0,400.0,25.0,1,0.35,350.0
4.11794184218886,1.5730958146329495,120.00600000000361,2.1278743644453035,0.35,0.18,40.0,300.0,25.0,1,0.35,200.0
4.119301188295662,1.5796382570480814,120.00600000000361,2.113065517850074,0.35,0.12,15.0,400.0,12.5,1,0.55,350.0
4.138063406796847,1.614938256765989,120.00600000000361,2.065814714373725,0.35,0.18,15.0,400.0,12.5,1,0.35,350.0
4.1394660179375515,1.5911956703312393,120.00600000000361,2.1376581360178797,0.35,0.12,15.0,300.0,12.5,1,0.35,200.0
4.145097317735061,1.5897366245742772,120.00600000000361,2.157916266173515,0.35,0.12,25.0,400.0,12.5,1,0.55,350.0
4.153785267687278,1.5971039039030028,120.00600000000361,2.1616896108120605,0.35,0.12,25.0,300.0,12.5,1,0.35,200.0
4.160167198226267,1.6033776508278306,120.00600000000361,2.161998706852519,0.35,0.12,15.0,400.0,25.0,1,0.55,350.0
4.160426148845475,1.6240395845150501,120.00600000000361,2.103704469515344,0.35,0.18,25.0,400.0,12.5,1,0.35,350.0
4.162984978502166,1.6059914688669614,120.00600000000361,2.1625814561004306,0.35,0.12,15.0,300.0,25.0,1,0.35,200.0
4.166522998689936,1.6031701585217686,120.00600000000361,2.180750971908894,0.35,0.12,40.0,300.0,12.5,1,0.35,200.0
4.168268292427483,1.6001414200438662,120.00600000000361,2.1943910639530375,0.35,0.12,40.0,400.0,12.5,1,0.55,350.0
4.169202839243147,1.6076304246011441,120.00600000000361,2.17566404183414,0.35,0.12,25.0,300.0,25.0,1,0.35,200.0
4.171695178310373,1.6063235857290206,120.00600000000361,2.1865188359465675,0.35,0.12,25.0,400.0,25.0,1,0.55,350.0
4.176087889845241,1.6102824102676325,120.00600000000361,2.1877585130787263,0.35,0.12,40.0,300.0,25.0,1,0.35,200.0
4.176776227760894,1.6404217545565598,120.00600000000361,2.103612780583657,0.35,0.18,15.0,400.0,25.0,1,0.35,350.0
4.178731047992942,1.6428746764545272,120.00600000000361,2.1021896329667453,0.35,0.18,15.0,300.0,12.5,1,0.55,350.0
4.18096987997757,1.6339878832747132,120.00600000000361,2.1339771334365794,0.35,0.18,40.0,400.0,12.5,1,0.35,350.0
4.184604554319105,1.611121243359479,120.00600000000361,2.2096951741702044,0.35,0.12,40.0,400.0,25.0,1,0.55,350.0
4.185937353580056,1.642118803205331,120.00600000000361,2.1249387153562016,0.35,0.18,25.0,400.0,25.0,1,0.35,350.0
4.188234930136628,1.6732446364299225,120.00600000000361,2.0425722677332887,0.35,0.35,15.0,300.0,12.5,1,0.35,350.0
4.197076309200619,1.646270560290394,120.00600000000361,2.1449021397433454,0.35,0.18,40.0,400.0,25.0,1,0.35,350.0
4.197134351531049,1.6529616438286574,120.00600000000361,2.1259505934352485,0.35,0.12,15.0,400.0,12.5,1,0.35,350.0
4.203875126541398,1.6529684298079637,120.00600000000361,2.145190562095371,0.35,0.18,25.0,300.0,12.5,1,0.55,350.0
4.208459904284251,1.6819596363028053,120.00600000000361,2.0754579085182625,0.35,0.35,25.0,300.0,12.5,1,0.35,350.0
4.220122650584379,1.6622247805065862,120.00600000000361,2.1651653430792552,0.35,0.12,25.0,400.0,12.5,1,0.35,350.0
4.220451620161439,1.6681389288007702,120.00600000000361,2.1492076896017567,0.35,0.18,15.0,300.0,25.0,1,0.55,350.0
4.224789145506346,1.6985047230611043,120.00600000000361,2.07484120698625,0.35,0.35,15.0,300.0,25.0,1,0.35,350.0
4.22666107608266,1.6635389562184815,120.00600000000361,2.1800917710403565,0.35,0.18,40.0,300.0,12.5,1,0.55,350.0
4.2272193801267095,1.6915599580042158,120.00600000000361,2.1016269203498266,0.35,0.35,40.0,300.0,12.5,1,0.35,350.0
4.231202322051484,1.670618357024225,120.00600000000361,2.1728399000777276,0.35,0.18,25.0,300.0,25.0,1,0.55,350.0
4.232583415195528,1.6997239738539798,120.00600000000361,2.0936269752614103,0.35,0.35,25.0,300.0,25.0,1,0.35,350.0
4.2376289592961065,1.6793122027261973,120.00600000000361,2.1663621616281588,0.35,0.12,15.0,400.0,25.0,1,0.35,350.0
4.23994748468799,1.679945338035461,120.00600000000361,2.1711775618642144,0.35,0.12,15.0,300.0,12.5,1,0.55,350.0
4.2413365589442895,1.6724228826797254,120.00600000000361,2.196639075041458,0.35,0.12,40.0,400.0,12.5,1,0.35,350.0
4.242653289275978,1.703614055097572,120.00600000000361,2.1112835262238625,0.35,0.35,40.0,300.0,25.0,1,0.35,350.0
4.243746209347401,1.675317119601358,120.00600000000361,2.1952545421313996,0.35,0.18,40.0,300.0,25.0,1,0.55,350.0
4.2470140916664265,1.6810707890273804,120.00600000000361,2.188152293254262,0.35,0.12,25.0,400.0,25.0,1,0.35,350.0
4.2584139441075495,1.6852956789679343,120.00600000000361,2.208652186113031,0.35,0.12,40.0,400.0,25.0,1,0.35,350.0
4.264509825748492,1.7167781397322823,120.00600000000361,2.136119102903302,0.35,0.18,15.0,300.0,12.5,1,0.35,350.0
4.265659720043276,1.6901289035529847,120.00600000000361,2.2155451899721053,0.35,0.12,25.0,300.0,12.5,1,0.55,350.0
4.283340005675033,1.705954686803037,120.00600000000361,2.220843768205548,0.35,0.12,15.0,300.0,25.0,1,0.55,350.0
4.28733512444184,1.7262485870945765,120.00600000000361,2.174275820992026,0.35,0.18,25.0,300.0,12.5,1,0.35,350.0
4.289077203623693,1.7009005492221798,120.00600000000361,2.251676155432741,0.35,0.12,40.0,300.0,12.5,1,0.55,350.0
4.294279382144678,1.7084620330604985,120.00600000000361,2.244935283097501,0.35,0.12,25.0,300.0,25.0,1,0.55,350.0
4.306204653001592,1.7444632103388655,120.00600000000361,2.176146979036207,0.35,0.18,15.0,300.0,25.0,1,0.35,350.0
4.307063774695447,1.7132089895302829,120.00600000000361,2.267899386186027,0.35,0.12,40.0,300.0,25.0,1,0.55,350.0
4.308526950597557,1.7367337645094678,120.00600000000361,2.2048662459658144,0.35,0.18,40.0,300.0,12.5,1,0.35,350.0
4.315048266397587,1.7458819834943615,120.00600000000361,2.197360808294775,0.35,0.18,25.0,300.0,25.0,1,0.35,350.0
4.316957910828897,1.5719711755433852,140.0070000000042,1.8425192436727118,0.1,0.35,15.0,300.0,12.5,1,0.35,350.0
4.326294883728577,1.7501109053518433,120.00600000000361,2.217411366790512,0.35,0.18,40.0,300.0,25.0,1,0.35,350.0
4.326869618007166,1.7566505747465238,120.00600000000361,2.2003686950302517,0.35,0.12,15.0,300.0,12.5,1,0.35,350.0
4.334256367650081,1.5589861622464498,140.0070000000042,1.9290434440101936,0.1,0.18,15.0,400.0,25.0,1,0.35,350.0
4.336347191233169,1.5782922899744898,140.0070000000042,1.8798568607389026,0.1,0.35,25.0,300.0,12.5,1,0.35,350.0
4.343881474837498,1.560512141361045,140.0070000000042,1.9521838099325417,0.1,0.18,25.0,400.0,25.0,1,0.35,350.0
4.344778179762321,1.5603812528679006,140.0070000000042,1.9551197911267355,0.1,0.12,25.0,400.0,12.5,1,0.35,350.0
4.3503522872084535,1.7662616047979314,120.00600000000361,2.240001949744193,0.35,0.12,25.0,300.0,12.5,1,0.35,350.0
4.350926464460251,1.5949880019823481,140.0070000000042,1.8738098927938263,0.1,0.35,15.0,300.0,25.0,1,0.35,350.0
4.354809699404726,1.5864374633863647,140.0070000000042,1.9093349600522787,0.1,0.35,40.0,300.0,12.5,1,0.35,350.0
4.354993674609307,1.5642281399129023,140.0070000000042,1.973315813418119,0.1,0.18,40.0,400.0,25.0,1,0.35,350.0
4.356359118686138,1.5966368127492065,140.0070000000042,1.8846208741053379,0.1,0.18,15.0,300.0,12.5,1,0.35,350.0
4.358545144760397,1.5759595585420707,140.0070000000042,1.949944532052181,0.1,0.12,15.0,400.0,25.0,1,0.35,350.0
4.358979409278467,1.5952148163600446,140.0070000000042,1.8961702654810244,0.1,0.35,25.0,300.0,25.0,1,0.35,350.0
4.364683269569314,1.5693683318459883,140.0070000000042,1.9863141077807491,0.1,0.12,40.0,400.0,12.5,1,0.35,350.0
4.36816821545101,1.5774564638607094,140.0070000000042,1.9731621474006766,0.1,0.12,25.0,400.0,25.0,1,0.35,350.0
4.3691016802395755,1.5981657238739708,140.0070000000042,1.9166598753301196,0.1,0.35,40.0,300.0,25.0,1,0.35,350.0
4.37224674383272,1.7769836544106954,120.00600000000361,2.2719231126342034,0.35,0.12,40.0,300.0,12.5,1,0.35,350.0
4.376331230806244,1.6031000856374926,140.0070000000042,1.923217557624824,0.1,0.18,25.0,300.0,12.5,1,0.35,350.0
4.37930219806752,1.5811569932896674,140.0070000000042,1.9944005850793975,0.1,0.12,40.0,400.0,25.0,1,0.35,350.0
4.382380374720119,1.6149198666360247,140.0070000000042,1.906730023097232,0.1,0.12,15.0,300.0,12.5,1,0.35,350.0
4.391711733173938,1.6202711217207337,140.0070000000042,1.9181017470089754,0.1,0.18,15.0,300.0,25.0,1,0.35,350.0
4.391808439725461,1.6034477822145972,140.0070000000042,1.966444735745143,0.2,0.18,15.0,300.0,12.5,1,0.35,350.0
4.395364989787646,1.6114357165046995,140.0070000000042,1.9537836379510967,0.1,0.18,40.0,300.0,12.5,1,0.35,350.0
4.399989395234004,1.6205325655297311,140.0070000000042,1.9410052277263128,0.1,0.18,25.0,300.0,25.0,1,0.35,350.0
4.402454818516903,1.621363634293085,140.0070000000042,1.9456748120678706,0.1,0.12,25.0,300.0,12.5,1,0.35,350.0
4.410365560580352,1.6235469207991133,140.0070000000042,1.9620389708033574,0.1,0.18,40.0,300.0,25.0,1,0.35,350.0
4.411661864764338,1.6100728911066569,140.0070000000042,2.0042399247360527,0.2,0.18,25.0,300.0,12.5,1,0.35,350.0
4.418241467135285,1.6387782103080542,140.0070000000042,1.9410235909347657,0.1,0.12,15.0,300.0,25.0,1,0.35,350.0
4.42163271790915,1.629727644261183,140.0070000000042,1.9765716389940107,0.1,0.12,40.0,300.0,12.5,1,0.35,350.0
4.42652680082991,1.639014423500588,140.0070000000042,1.964021078083596,0.1,0.12,25.0,300.0,25.0,1,0.35,350.0
4.42877891828917,1.627935808204866,140.0070000000042,2.0021088859549736,0.2,0.18,15.0,300.0,25.0,1,0.35,350.0
4.430702982133681,1.6185589387028665,140.0070000000042,2.034397266945005,0.2,0.18,40.0,300.0,12.5,1,0.35,350.0
4.436320747779906,1.6278634249537252,140.0070000000042,2.0238637795031926,0.2,0.18,25.0,300.0,25.0,1,0.35,350.0
4.436935786192614,1.6420163893516704,140.0070000000042,1.9851839909739446,0.1,0.12,40.0,300.0,25.0,1,0.35,350.0
4.4378081508632805,1.634980443976707,140.0070000000042,2.007779162532886,0.2,0.12,15.0,300.0,12.5,1,0.35,350.0
4.446385356281932,1.6308177546185645,140.0070000000042,2.044178861895157,0.2,0.18,40.0,300.0,25.0,1,0.35,350.0
4.457956821475664,1.641628705996736,140.0070000000042,2.046351758511042,0.2,0.12,25.0,300.0,12.5,1,0.35,350.0
4.475808916550542,1.6599274268274522,140.0070000000042,2.0450756849229323,0.2,0.12,15.0,300.0,25.0,1,0.35,350.0
4.477347272874833,1.6502132289905136,140.0070000000042,2.077225839669303,0.2,0.12,40.0,300.0,12.5,1,0.35,350.0
4.483434154619744,1.6598533544334417,140.0070000000042,2.067073714817826,0.2,0.12,25.0,300.0,25.0,1,0.35,350.0
4.49361529208835,1.6628178513593188,140.0070000000042,2.0876926877970536,0.2,0.12,40.0,300.0,25.0,1,0.35,350.0
4.670355327104786,1.7851262509595958,140.0070000000042,2.2432116461289344,0.35,0.12,15.0,300.0,25.0,1,0.35,350.0
4.679437592382223,1.7866074985346623,140.0070000000042,2.2649288395642793,0.35,0.12,25.0,300.0,25.0,1,0.35,350.0
4.6909668717293,1.7909087527949221,140.0070000000042,2.285580339812327,0.35,0.12,40.0,300.0,25.0,1,0.35,350.0
