cost,rmse,lag_ms,quiet_rms,acc_gain,acc_alpha,q_z,q_vz,r_z,vel_obs,vel_alpha,r_vz
3.5065703146753977,1.8326049826737567,78.00600000000007,1.4396438057189729,0.1,0.22,15.0,600.0,12.5,1,0.55,150.0
3.508682334218145,1.8332427690013264,78.00600000000007,1.4438559006194782,0.1,0.35,15.0,600.0,12.5,1,0.55,150.0
3.512074840600886,1.8397681082240867,78.00600000000007,1.4349049496479944,0.1,0.12,15.0,600.0,12.5,1,0.55,150.0
3.513738883783832,1.8396538775299314,78.00600000000007,1.439985732153999,0.1,0.22,40.0,600.0,12.5,1,0.55,150.0
3.514811777465206,1.826309219136549,78.00600000000007,1.4811787380818744,0.2,0.22,15.0,600.0,12.5,1,0.55,150.0
3.5158229377328016,1.8402689182395746,78.00600000000007,1.4441829128377892,0.1,0.35,40.0,600.0,12.5,1,0.55,150.0
3.518064793110133,1.8345684135945632,78.00600000000007,1.4668753700444834,0.2,0.12,15.0,600.0,12.5,1,0.55,150.0
3.5193050735467484,1.8468754925568407,78.00600000000007,1.4352559456854481,0.1,0.12,40.0,600.0,12.5,1,0.55,150.0
3.5212085884203757,1.8493662186017472,78.00600000000007,1.4335781994817924,0.1,0.08,15.0,600.0,12.5,1,0.55,150.0
3.5214187997926896,1.8463945739835403,78.00600000000007,1.4426692165975659,0.1,0.22,80.0,600.0,12.5,1,0.55,150.0
3.5222636656991204,1.8334475529465135,78.00600000000007,1.4820746078645881,0.2,0.22,40.0,600.0,12.5,1,0.55,150.0
3.523481899826504,1.8469938056059236,78.00600000000007,1.4468516977730834,0.1,0.35,80.0,600.0,12.5,1,0.55,150.0
3.523844704543343,1.8481141952047093,78.00600000000007,1.4446871695389512,0.1,0.22,40.0,600.0,25.0,1,0.55,150.0
3.524495647521511,1.847774916193781,78.00600000000007,1.4475163752220825,0.1,0.22,15.0,600.0,25.0,1,0.55,150.0
3.525702301187377,1.8418772955719125,78.00600000000007,1.4678143017584684,0.2,0.12,40.0,600.0,12.5,1,0.55,150.0
3.5259176565503636,1.8487182670208768,78.00600000000007,1.4488839700842453,0.1,0.35,40.0,600.0,25.0,1,0.55,150.0
3.526464857584972,1.832688242334564,78.00600000000007,1.4962474721440202,0.2,0.35,15.0,600.0,12.5,1,0.55,150.0
3.5265645002501973,1.8483780423452119,78.00600000000007,1.4517041654428127,0.1,0.35,15.0,600.0,25.0,1,0.55,150.0
3.5268308724923676,1.8509498504286002,78.00600000000007,1.4451172058964743,0.1,0.22,80.0,600.0,25.0,1,0.55,150.0
3.5270333489092103,1.853660371584532,78.00600000000007,1.4379513637847936,0.1,0.12,80.0,600.0,12.5,1,0.55,150.0
3.5285285458798104,1.856551051998758,78.00600000000007,1.4339642682315765,0.1,0.08,40.0,600.0,12.5,1,0.55,150.0
3.528892144973883,1.8515446596023637,78.00600000000007,1.4493071010614822,0.1,0.35,80.0,600.0,25.0,1,0.55,150.0
3.529456773224449,1.8553825040183454,78.00600000000007,1.4399550548745796,0.1,0.12,40.0,600.0,25.0,1,0.55,150.0
3.5299667194272515,1.8401354759849593,78.00600000000007,1.4849749812636903,0.2,0.22,80.0,600.0,12.5,1,0.55,150.0
3.530110748190254,1.855042275835839,78.00600000000007,1.4427956352983264,0.1,0.12,15.0,600.0,25.0,1,0.55,150.0
3.531771614707491,1.8547996844540329,78.00600000000007,1.4482340864384502,0.1,0.22,40.0,600.0,50.0,1,0.55,150.0
3.53193688845745,1.8552285751560251,78.00600000000007,1.4474808951469245,0.1,0.22,80.0,600.0,50.0,1,0.55,150.0
3.5322962998132916,1.8417799421657113,78.00600000000007,1.4869324504216546,0.2,0.22,40.0,600.0,25.0,1,0.55,150.0
3.5324681746099014,1.8582413743054298,78.00600000000007,1.4403908580127731,0.1,0.12,80.0,600.0,25.0,1,0.55,150.0
3.5324902198261325,1.8504328344782315,78.00600000000007,1.4627639581368574,0.2,0.08,15.0,600.0,12.5,1,0.55,150.0
3.5325260578319844,1.8411822711085366,78.00600000000007,1.4892965334955637,0.2,0.22,15.0,600.0,25.0,1,0.55,150.0
3.5335362886239894,1.8486805547831793,78.00600000000007,1.4707592395451694,0.2,0.12,80.0,600.0,12.5,1,0.55,150.0
3.5337915654951564,1.8397239406994201,78.00600000000007,1.497078927987816,0.2,0.35,40.0,600.0,12.5,1,0.55,150.0
3.533828180429237,1.8553902584545883,78.00600000000007,1.4524226342132798,0.1,0.35,40.0,600.0,50.0,1,0.55,150.0
3.533992303415352,1.855817611668342,78.00600000000007,1.4516705478485972,0.1,0.35,80.0,600.0,50.0,1,0.55,150.0
3.53465249628057,1.8566404248182158,78.00600000000007,1.451205918463866,0.1,0.22,15.0,600.0,50.0,1,0.55,150.0
3.5353593342969707,1.8446307553760593,78.00600000000007,1.4875387969168878,0.2,0.22,80.0,600.0,25.0,1,0.55,150.0
3.535837355039608,1.8503080309920352,78.00600000000007,1.4726837829930621,0.2,0.12,40.0,600.0,25.0,1,0.55,150.0
3.5360460983423243,1.8496828823775202,78.00600000000007,1.4750663313280103,0.2,0.12,15.0,600.0,25.0,1,0.55,150.0
3.5363173184253642,1.8633887645416407,78.00600000000007,1.4366815825249213,0.1,0.08,80.0,600.0,12.5,1,0.55,150.0
3.5366886318723876,1.8572171306225715,78.00600000000007,1.455375717856614,0.1,0.35,15.0,600.0,50.0,1,0.55,150.0
3.537428889874211,1.8621109429911147,78.00600000000007,1.443508419665986,0.1,0.12,40.0,600.0,50.0,1,0.55,150.0
3.5375977987969174,1.8625440067087797,78.00600000000007,1.4427536916803902,0.1,0.12,80.0,600.0,50.0,1,0.55,150.0
3.538739486941718,1.8651138653906985,78.00600000000007,1.4386732044314812,0.1,0.08,40.0,600.0,25.0,1,0.55,150.0
3.5389724937883553,1.8532236127547752,78.00600000000007,1.4733110886673688,0.2,0.12,80.0,600.0,25.0,1,0.55,150.0
3.5393717313404904,1.8647548262004339,78.00600000000007,1.4415054432573013,0.1,0.08,15.0,600.0,25.0,1,0.55,150.0
3.540141727298196,1.8483462187443396,78.00600000000007,1.4905871672967301,0.2,0.22,40.0,600.0,50.0,1,0.55,150.0
3.540320027785991,1.857906510503066,78.00600000000007,1.4637814779512117,0.2,0.08,40.0,600.0,12.5,1,0.55,150.0
3.5403457966917635,1.863980652350815,78.00600000000007,1.4465004124027074,0.1,0.12,15.0,600.0,50.0,1,0.55,150.0
3.540428702902653,1.8488451441752807,78.00600000000007,1.4899815963639182,0.2,0.22,80.0,600.0,50.0,1,0.55,150.0
3.541411118922653,1.8463484009468836,78.00600000000007,1.4999220513593392,0.2,0.35,80.0,600.0,12.5,1,0.55,150.0
3.5417843410392864,1.8680014348052025,78.00600000000007,1.4391225892402373,0.1,0.08,80.0,600.0,25.0,1,0.55,150.0
3.5425851429701325,1.8498727946812525,78.00600000000007,1.4932067093967964,0.2,0.22,15.0,600.0,50.0,1,0.55,150.0
3.543781020292948,1.8480205548843132,78.00600000000007,1.5019156154532392,0.2,0.35,40.0,600.0,25.0,1,0.55,150.0
3.5437902692600285,1.8569718841223841,78.00600000000007,1.476366814678982,0.2,0.12,40.0,600.0,50.0,1,0.55,150.0
3.5440308227699178,1.8474467759752293,78.00600000000007,1.5042687051276784,0.2,0.35,15.0,600.0,25.0,1,0.55,150.0
3.54409457038884,1.8574884427976774,78.00600000000007,1.4757603645461752,0.2,0.12,80.0,600.0,50.0,1,0.55,150.0
3.5462977253328907,1.85854746004285,78.00600000000007,1.4790293294001138,0.2,0.12,15.0,600.0,50.0,1,0.55,150.0
3.5467644301208208,1.8718901092071432,78.00600000000007,1.4422409168962185,0.1,0.08,40.0,600.0,50.0,1,0.55,150.0
3.546796353239866,1.8508330291079913,78.00600000000007,1.5024952118053532,0.2,0.35,80.0,600.0,25.0,1,0.55,150.0
3.5469441763469765,1.8723324208004923,78.00600000000007,1.4414907301328088,0.1,0.08,80.0,600.0,50.0,1,0.55,150.0
3.548281822655192,1.8648199346692715,78.00600000000007,1.466776822816913,0.2,0.08,80.0,600.0,12.5,1,0.55,150.0
3.549697479604893,1.87377324081313,78.00600000000007,1.4452406822621764,0.1,0.08,15.0,600.0,50.0,1,0.55,150.0
3.550571984965093,1.8664454030935875,78.00600000000007,1.4686759482042993,0.2,0.08,40.0,600.0,25.0,1,0.55,150.0
3.550733036500125,1.8657791552962502,78.00600000000007,1.4710396605824954,0.2,0.08,15.0,600.0,25.0,1,0.55,150.0
3.551569282960413,1.8545424192081834,78.00600000000007,1.5055338964349405,0.2,0.35,40.0,600.0,50.0,1,0.55,150.0
3.5518433776810285,1.8550288333420706,78.00600000000007,1.504927269539877,0.2,0.35,80.0,600.0,50.0,1,0.55,150.0
3.5537785258507695,1.869421779657085,78.00600000000007,1.4693335605533822,0.2,0.08,80.0,600.0,25.0,1,0.55,150.0
3.553980219314945,1.8560502665029697,78.00600000000007,1.5081141508913558,0.2,0.35,15.0,600.0,50.0,1,0.55,150.0
3.5586325675263355,1.873205171021656,78.00600000000007,1.4723925614419393,0.2,0.08,40.0,600.0,50.0,1,0.55,150.0
3.558960275483254,1.8737416277037104,78.00600000000007,1.471796136512979,0.2,0.08,80.0,600.0,50.0,1,0.55,150.0
3.5611728389905477,1.874808000832943,78.00600000000007,1.4750709661645813,0.2,0.08,15.0,600.0,50.0,1,0.55,150.0
3.5774122635988466,1.8710610680930706,78.00600000000007,1.5321748443022136,0.35,0.12,15.0,600.0,12.5,1,0.55,150.0
3.586277776819087,1.8792058343904705,78.00600000000007,1.5342341212246169,0.35,0.12,40.0,600.0,12.5,1,0.55,150.0
3.5917185289730127,1.8726164107694365,78.00600000000007,1.5686060520102145,0.35,0.22,15.0,600.0,12.5,1,0.55,150.0
3.5922409812503004,1.8896396602635863,78.00600000000007,1.5214609171048945,0.35,0.08,15.0,600.0,12.5,1,0.55,150.0
3.594518952375025,1.886255787751437,78.00600000000007,1.5376376132102496,0.35,0.12,80.0,600.0,12.5,1,0.55,150.0
3.5955948080332387,1.886194441247777,78.00600000000007,1.5408867622441753,0.35,0.12,15.0,600.0,25.0,1,0.55,150.0
3.596542572642915,1.8876648323236322,78.00600000000007,1.539393543769377,0.35,0.12,40.0,600.0,25.0,1,0.55,150.0
3.6000622943063982,1.8908378678983169,78.00600000000007,1.5403840754516573,0.35,0.12,80.0,600.0,25.0,1,0.55,150.0
3.6000993870458724,1.880329036461276,78.00600000000007,1.5705152873845585,0.35,0.22,40.0,600.0,12.5,1,0.55,150.0
3.6014700589287307,1.8980912844820776,78.00600000000007,1.52368221270472,0.35,0.08,40.0,600.0,12.5,1,0.55,150.0
3.604587651964046,1.8943424535075648,78.00600000000007,1.5433005670185143,0.35,0.12,40.0,600.0,50.0,1,0.55,150.0
3.6052520953447087,1.895118744411617,78.00600000000007,1.5429810026659743,0.35,0.12,80.0,600.0,50.0,1,0.55,150.0
3.6061270482834393,1.8951765614202285,78.00600000000007,1.5453156767520275,0.35,0.12,15.0,600.0,50.0,1,0.55,150.0
3.608028875512767,1.8871130749525724,78.00600000000007,1.5737880016005534,0.35,0.22,80.0,600.0,12.5,1,0.55,150.0
3.6093334632597847,1.8872576662935052,78.00600000000007,1.5771022770465097,0.35,0.22,15.0,600.0,25.0,1,0.55,150.0
3.609948118559521,1.9053413273142707,78.00600000000007,1.5271908321292842,0.35,0.08,80.0,600.0,12.5,1,0.55,150.0
3.6101648293686273,1.888609438194607,78.00600000000007,1.5756154033543415,0.35,0.22,40.0,600.0,25.0,1,0.55,150.0
3.6108895838388624,1.9051774144546252,78.00600000000007,1.5303490553835313,0.35,0.08,15.0,600.0,25.0,1,0.55,150.0
3.6119309927000174,1.9067265646637555,78.00600000000007,1.528898365817888,0.35,0.08,40.0,600.0,25.0,1,0.55,150.0
3.613503812000131,1.8916239907020866,78.00600000000007,1.5765423465658372,0.35,0.22,80.0,600.0,25.0,1,0.55,150.0
3.6155849435746292,1.9100122028151443,78.00600000000007,1.5299506878842406,0.35,0.08,80.0,600.0,25.0,1,0.55,150.0
3.6179850903358552,1.8950923403640396,78.00600000000007,1.5794364284908986,0.35,0.22,40.0,600.0,50.0,1,0.55,150.0
3.618590947114707,1.8958130155553783,78.00600000000007,1.5791083758837934,0.35,0.22,80.0,600.0,50.0,1,0.55,150.0
3.6194463939612103,1.8958723766186245,78.00600000000007,1.5813829066930998,0.35,0.22,15.0,600.0,50.0,1,0.55,150.0
3.6201657080778515,1.9135691566755646,78.00600000000007,1.5328758611493873,0.35,0.08,40.0,600.0,50.0,1,0.55,150.0
3.6208750193157524,1.9143829213449985,78.00600000000007,1.5325774227735798,0.35,0.08,80.0,600.0,50.0,1,0.55,150.0
3.6217615422009155,1.9144509934583611,78.00600000000007,1.5349158535501526,0.35,0.08,15.0,600.0,50.0,1,0.55,150.0
3.6301461380540285,1.896452927704853,78.00600000000007,1.610294886711927,0.35,0.35,15.0,600.0,12.5,1,0.55,150.0
3.6381310634202553,1.903842768104374,78.00600000000007,1.6119951294739443,0.35,0.35,40.0,600.0,12.5,1,0.55,150.0
3.6458155116107744,1.9104399537844523,78.00600000000007,1.6151015937894888,0.35,0.35,80.0,600.0,12.5,1,0.55,150.0
3.647364823946799,1.910793809195616,78.00600000000007,1.6185171850033762,0.35,0.35,15.0,600.0,25.0,1,0.55,150.0
3.6480758038628496,1.9120311203209657,78.00600000000007,1.617013381548238,0.35,0.35,40.0,600.0,25.0,1,0.55,150.0
3.6512703418541435,1.914929654148722,78.00600000000007,1.6178591077297744,0.35,0.35,80.0,600.0,25.0,1,0.55,150.0
3.6557424789305695,1.9183979737753276,78.00600000000007,1.6207271575864024,0.35,0.35,40.0,600.0,50.0,1,0.55,150.0
3.6562954636248945,1.9190711476101434,78.00600000000007,1.6203837600421436,0.35,0.35,80.0,600.0,50.0,1,0.55,150.0
3.657184615752326,1.9191783413603412,78.00600000000007,1.6226179268342389,0.35,0.35,15.0,600.0,50.0,1,0.55,150.0
4.365881077113056,2.1911627271165046,104.0080000000001,1.7559952857044303,0.35,0.22,15.0,600.0,12.5,1,0.35,150.0
4.380175119141296,2.2043805201173545,104.0080000000001,1.7590702829255442,0.35,0.22,40.0,600.0,12.5,1,0.35,150.0
4.401195666393301,2.2131539379670198,104.0080000000001,1.794062081217943,0.35,0.35,15.0,600.0,12.5,1,0.35,150.0
4.492586262469772,2.287566730054933,104.0080000000001,1.8425700926138242,0.35,0.22,15.0,300.0,12.5,1,0.55,150.0
4.500096839212158,2.295545878403129,104.0080000000001,1.84123131659722,0.35,0.22,40.0,300.0,12.5,1,0.55,150.0
4.509323017771317,2.303815309582134,104.0080000000001,1.8439648805405198,0.35,0.22,80.0,300.0,12.5,1,0.55,150.0
4.513499307855208,2.3066301246197503,104.0080000000001,1.847854809244163,0.35,0.22,40.0,300.0,25.0,1,0.55,150.0
4.514878390626244,2.306506975664973,104.0080000000001,1.8521468998893404,0.35,0.22,15.0,300.0,25.0,1,0.55,150.0
4.516782831869403,2.3099282708977626,104.0080000000001,1.8478130313475396,0.35,0.22,80.0,300.0,25.0,1,0.55,150.0
4.523530622620077,2.3155189282070205,104.0080000000001,1.8511191268944434,0.35,0.22,80.0,300.0,50.0,1,0.55,150.0
4.5235356497381884,2.315097640812179,104.0080000000001,1.852337168360023,0.35,0.22,40.0,300.0,50.0,1,0.55,150.0
4.52670219543569,2.3170070740698967,104.0080000000001,1.8559289181879781,0.35,0.22,15.0,300.0,50.0,1,0.55,150.0
4.541221304376704,2.3165692910518336,104.0080000000001,1.8986628952139109,0.35,0.35,15.0,300.0,12.5,1,0.55,150.0
4.548062915026334,2.323958014309258,104.0080000000001,1.8970997163344994,0.35,0.35,40.0,300.0,12.5,1,0.55,150.0
4.5568875822858175,2.331894727334278,104.0080000000001,1.899636728432966,0.35,0.35,80.0,300.0,12.5,1,0.55,150.0
4.561254343230747,2.33487052113895,104.0080000000001,1.9036109202622715,0.35,0.35,40.0,300.0,25.0,1,0.55,150.0
4.56284847233778,2.3349619226238336,104.0080000000001,1.907904427754131,0.35,0.35,15.0,300.0,25.0,1,0.55,150.0
4.56429635192273,2.337959423209739,104.0080000000001,1.9034769391799695,0.35,0.35,80.0,300.0,25.0,1,0.55,150.0
4.570936143070093,2.3434618843002823,104.0080000000001,1.9067264536280284,0.35,0.35,80.0,300.0,50.0,1,0.55,150.0
4.571033464558707,2.3431280576411786,104.0080000000001,1.90795830547865,0.35,0.35,40.0,300.0,50.0,1,0.55,150.0
4.572076693793586,2.347830961159669,104.0080000000001,1.8975020932397595,0.35,0.22,15.0,600.0,12.5,1,0.55,350.0
4.574180075304199,2.345042613549608,104.0080000000001,1.91147846215597,0.35,0.35,15.0,300.0,50.0,1,0.55,150.0
4.624731704524293,2.379509111605861,104.0080000000001,1.9574359797669434,0.35,0.35,15.0,600.0,12.5,1,0.55,350.0
4.696028554922457,2.1778383967174517,130.01000000000013,1.6229718805857258,0.1,0.22,15.0,600.0,12.5,1,0.35,150.0
4.697951876761612,2.1642387921968083,130.01000000000013,1.667323098756577,0.2,0.22,15.0,600.0,12.5,1,0.35,150.0
4.698413717038782,2.1788350855831404,130.01000000000013,1.626938947016111,0.1,0.35,15.0,600.0,12.5,1,0.35,150.0
4.701129879438297,2.1848350749636682,130.01000000000013,1.6175565842132191,0.1,0.12,15.0,600.0,12.5,1,0.35,150.0
4.701594219960407,2.1731549774507646,130.01000000000013,1.6522549785989724,0.2,0.12,15.0,600.0,12.5,1,0.35,150.0
4.7091069075053,2.170548046022079,130.01000000000013,1.6811681756663392,0.2,0.35,15.0,600.0,12.5,1,0.35,150.0
4.709552598079132,2.1908619592115284,130.01000000000013,1.624401825336006,0.1,0.22,40.0,600.0,12.5,1,0.35,150.0
4.7104323231023795,2.19468090096674,130.01000000000013,1.6160040632446802,0.1,0.08,15.0,600.0,12.5,1,0.35,150.0
4.7116519891762705,2.1772281110109937,130.01000000000013,1.6693539376150723,0.2,0.22,40.0,600.0,12.5,1,0.35,150.0
4.711920907090245,2.191843706467566,130.01000000000013,1.6283634303505052,0.1,0.35,40.0,600.0,12.5,1,0.35,150.0
4.714699197004309,2.19790266675065,130.01000000000013,1.6189900864390225,0.1,0.12,40.0,600.0,12.5,1,0.35,150.0
4.715450354947181,2.186288845166807,130.01000000000013,1.6543185993724925,0.2,0.12,40.0,600.0,12.5,1,0.35,150.0
4.71680363785917,2.1939158244961683,130.01000000000013,1.636393752465713,0.1,0.22,15.0,300.0,12.5,1,0.55,150.0
4.716992199913036,2.1900879969523794,130.01000000000013,1.6478691513161559,0.2,0.08,15.0,600.0,12.5,1,0.35,150.0
4.719642187584767,2.1942997315546138,130.01000000000013,1.6434070172290034,0.1,0.35,15.0,300.0,12.5,1,0.55,150.0
4.720122473324945,2.1990089556428534,130.01000000000013,1.6313243362345435,0.1,0.22,40.0,300.0,12.5,1,0.55,150.0
4.7219675592887125,2.2017395114018887,130.01000000000013,1.6287944225337763,0.1,0.22,80.0,600.0,12.5,1,0.35,150.0
4.722703904440269,2.183450322269932,130.01000000000013,1.683153091915246,0.2,0.35,40.0,600.0,12.5,1,0.35,150.0
4.722894506502608,2.199330654099297,130.01000000000013,1.638325292580883,0.1,0.35,40.0,300.0,12.5,1,0.55,150.0
4.723836664346007,2.2012148212559524,130.01000000000013,1.6356338374001513,0.1,0.22,15.0,600.0,25.0,1,0.35,150.0
4.724034705754219,2.18799872194706,130.01000000000013,1.6739599537347376,0.2,0.22,80.0,600.0,12.5,1,0.35,150.0
4.724092853111353,2.2078235090049443,130.01000000000013,1.6174838403040204,0.1,0.08,40.0,600.0,12.5,1,0.35,150.0
4.724317003888828,2.2027061729475936,130.01000000000013,1.6327452312606645,0.1,0.35,80.0,600.0,12.5,1,0.35,150.0
4.724836364667447,2.2034996522284747,130.01000000000013,1.6319620355399167,0.1,0.22,40.0,600.0,25.0,1,0.35,150.0
4.725099977917793,2.2047059394817956,130.01000000000013,1.6292686812457013,0.1,0.12,15.0,300.0,12.5,1,0.55,150.0
4.725453742889455,2.187243584104772,130.01000000000013,1.680171882241947,0.2,0.22,15.0,600.0,25.0,1,0.35,150.0
4.72617618179623,2.202173110687174,130.01000000000013,1.6395802031687257,0.1,0.35,15.0,600.0,25.0,1,0.35,150.0
4.726820829923849,2.1897082150096274,130.01000000000013,1.6770360426120556,0.2,0.22,40.0,600.0,25.0,1,0.35,150.0
4.727157449435747,2.2088194186607586,130.01000000000013,1.6233943736428194,0.1,0.12,80.0,600.0,12.5,1,0.35,150.0
4.727192844693883,2.2044681900777445,130.01000000000013,1.6359275846175336,0.1,0.35,40.0,600.0,25.0,1,0.35,150.0
4.727956829851206,2.197167409773814,130.01000000000013,1.658969771649687,0.2,0.12,80.0,600.0,12.5,1,0.35,150.0
4.728073530737941,2.206484042988686,130.01000000000013,1.6326842507121524,0.1,0.22,80.0,300.0,12.5,1,0.55,150.0
4.728561568151427,2.2099192221862394,130.01000000000013,1.6242638456148175,0.1,0.12,40.0,300.0,12.5,1,0.55,150.0
4.729045712960748,2.208311806493138,130.01000000000013,1.6302397327645952,0.1,0.12,15.0,600.0,25.0,1,0.35,150.0
4.729366919181836,2.1964012357575258,130.01000000000013,1.665187666926596,0.2,0.12,15.0,600.0,25.0,1,0.35,150.0
4.730026272561315,2.2105846962112756,130.01000000000013,1.6265473610001087,0.1,0.12,40.0,600.0,25.0,1,0.35,150.0
4.730219257182409,2.20854832956332,130.01000000000013,1.632916936054533,0.1,0.22,80.0,600.0,25.0,1,0.35,150.0
4.730723054790723,2.1988679289977484,130.01000000000013,1.662014645122779,0.2,0.12,40.0,600.0,25.0,1,0.35,150.0
4.7307985420017875,2.2067645461910543,130.01000000000013,1.6396685594592317,0.1,0.35,80.0,300.0,12.5,1,0.55,150.0
4.731048837058317,2.2033871937987923,130.01000000000013,1.65003326645578,0.2,0.08,40.0,600.0,12.5,1,0.35,150.0
4.7322437599213885,2.1947313401485165,130.01000000000013,1.6781783422082013,0.2,0.22,80.0,600.0,25.0,1,0.35,150.0
4.732567080026001,2.209509658950873,130.01000000000013,1.636878345928932,0.1,0.35,80.0,600.0,25.0,1,0.35,150.0
4.7333860061489315,2.2101511650632184,130.01000000000013,1.6373852602448875,0.1,0.22,40.0,300.0,25.0,1,0.55,150.0
4.735006178947452,2.194158399311115,130.01000000000013,1.6877079418180994,0.2,0.35,80.0,600.0,12.5,1,0.35,150.0
4.735360228032492,2.2125592060005768,130.01000000000013,1.636145777234037,0.1,0.22,80.0,300.0,25.0,1,0.55,150.0
4.735429623094684,2.2156521751764156,130.01000000000013,1.6275069940521896,0.1,0.12,80.0,600.0,25.0,1,0.35,150.0
4.736131267038172,2.2104453010212155,130.01000000000013,1.6443884743341568,0.1,0.35,40.0,300.0,25.0,1,0.55,150.0
4.736209730777408,2.2039480829999287,130.01000000000013,1.663176136507079,0.2,0.12,80.0,600.0,25.0,1,0.35,150.0
4.736449249820376,2.1934271991657033,130.01000000000013,1.6939201447276335,0.2,0.35,15.0,600.0,25.0,1,0.35,150.0
4.736611365033629,2.2187907464210515,130.01000000000013,1.6219160531787884,0.1,0.08,80.0,600.0,12.5,1,0.35,150.0
4.736618945189407,2.2174849054097536,130.01000000000013,1.6256686850847168,0.1,0.12,80.0,300.0,12.5,1,0.55,150.0
4.737020630973993,2.2136956988860153,130.01000000000013,1.6376426631085037,0.1,0.22,40.0,600.0,50.0,1,0.35,150.0
4.737823295626606,2.195887279798275,130.01000000000013,1.6908171880809428,0.2,0.35,40.0,600.0,25.0,1,0.35,150.0
4.73794700934743,2.2149453987386702,130.01000000000013,1.6367188874535927,0.1,0.22,80.0,600.0,50.0,1,0.35,150.0
4.738079055392835,2.212829492544576,130.01000000000013,1.6431416081378785,0.1,0.35,80.0,300.0,25.0,1,0.55,150.0
4.738473348415527,2.218266787263733,130.01000000000013,1.6287330318622635,0.1,0.08,15.0,600.0,25.0,1,0.35,150.0
4.738742373492788,2.2188386463817817,130.01000000000013,1.6278677917457278,0.1,0.08,15.0,300.0,12.5,1,0.55,150.0
4.7388854102686935,2.199756174643945,130.01000000000013,1.682797816070704,0.2,0.22,40.0,600.0,50.0,1,0.35,150.0
4.738898999172219,2.213065290197786,130.01000000000013,1.6448105970698021,0.1,0.22,15.0,300.0,25.0,1,0.55,150.0
4.739359702543422,2.214648997882989,130.01000000000013,1.6416020133155176,0.1,0.35,40.0,600.0,50.0,1,0.35,150.0
4.739475612633291,2.2205569837683843,130.01000000000013,1.6250532253283008,0.1,0.08,40.0,600.0,25.0,1,0.35,150.0
4.7399136167951434,2.201048961716289,130.01000000000013,1.6820418716538665,0.2,0.22,80.0,600.0,50.0,1,0.35,150.0
4.740288623552219,2.215899844211067,130.01000000000013,1.6406822266889995,0.1,0.35,80.0,600.0,50.0,1,0.35,150.0
4.740330475509367,2.2155177301938993,130.01000000000013,1.6418935580441896,0.1,0.22,15.0,600.0,50.0,1,0.35,150.0
4.741512066777894,2.194810196190535,130.01000000000013,1.7044339159638768,0.2,0.22,15.0,300.0,12.5,1,0.55,150.0
4.741642561592128,2.213363745331242,130.01000000000013,1.6517966178882397,0.1,0.35,15.0,300.0,25.0,1,0.55,150.0
4.741769987544716,2.201300388157271,130.01000000000013,1.6866274268212662,0.2,0.22,15.0,600.0,50.0,1,0.35,150.0
4.741914139577572,2.221145249267128,130.01000000000013,1.6303396866012616,0.1,0.12,40.0,300.0,25.0,1,0.55,150.0
4.742026387116526,2.2181704678279526,130.01000000000013,1.6391597693959163,0.1,0.22,80.0,300.0,50.0,1,0.55,150.0
4.742254403463063,2.220821973804358,130.01000000000013,1.63223551331058,0.1,0.12,40.0,600.0,50.0,1,0.35,150.0
4.74235702017499,2.2241726338674566,130.01000000000013,1.62295538945009,0.1,0.08,40.0,300.0,12.5,1,0.55,150.0
4.742637528312883,2.216449125023077,130.01000000000013,1.6458240093994423,0.1,0.35,15.0,600.0,50.0,1,0.35,150.0
4.742896640339774,2.2090135031224754,130.01000000000013,1.6678089634779898,0.2,0.12,40.0,600.0,50.0,1,0.35,150.0
4.743179695849574,2.2220719526776875,130.01000000000013,1.6313078376339567,0.1,0.12,80.0,600.0,50.0,1,0.35,150.0
4.7432044294984035,2.200876142800342,130.01000000000013,1.6919379619944561,0.2,0.35,80.0,600.0,25.0,1,0.35,150.0
4.743315284615164,2.2186815792213332,130.01000000000013,1.6413820154109404,0.1,0.22,40.0,300.0,50.0,1,0.55,150.0
4.743685976056531,2.2143745610682197,130.01000000000013,1.6547468999665988,0.2,0.08,80.0,600.0,12.5,1,0.35,150.0
4.743932965924223,2.2103163902759597,130.01000000000013,1.6670473589950354,0.2,0.12,80.0,600.0,50.0,1,0.35,150.0
4.743944455623359,2.2236000636671274,130.01000000000013,1.6291268341606562,0.1,0.12,80.0,300.0,25.0,1,0.55,150.0
4.744731263258652,2.218426466656233,130.01000000000013,1.646156561721192,0.1,0.35,80.0,300.0,50.0,1,0.55,150.0
4.744912888467233,2.2256521959640887,130.01000000000013,1.626030550008981,0.1,0.08,80.0,600.0,25.0,1,0.35,150.0
4.7450296507198555,2.213562525788761,130.01000000000013,1.6609060712316923,0.2,0.08,15.0,600.0,25.0,1,0.35,150.0
4.74519071195171,2.193202300530979,130.01000000000013,1.7195383183449413,0.35,0.12,15.0,600.0,12.5,1,0.35,150.0
4.7456144650468435,2.2226836852760514,130.01000000000013,1.6365165136308295,0.1,0.12,15.0,600.0,50.0,1,0.35,150.0
4.745874616115419,2.210628914375013,130.01000000000013,1.6717020049725853,0.2,0.12,15.0,600.0,50.0,1,0.35,150.0
4.745975514877386,2.2005991233287245,130.01000000000013,1.70064683299617,0.2,0.22,40.0,300.0,12.5,1,0.55,150.0
4.746024388558896,2.21894280083296,130.01000000000013,1.648375964931241,0.1,0.35,40.0,300.0,50.0,1,0.55,150.0
4.746435652125458,2.2160697306533494,130.01000000000013,1.6577597756345896,0.2,0.08,40.0,600.0,25.0,1,0.35,150.0
4.7473708030589705,2.207683937868856,130.01000000000013,1.68439104340032,0.2,0.12,15.0,300.0,12.5,1,0.55,150.0
4.747429124467143,2.2240636095175446,130.01000000000013,1.6377586141417027,0.1,0.12,15.0,300.0,25.0,1,0.55,150.0
4.749825866180947,2.205885730916443,130.01000000000013,1.6965432436128625,0.2,0.35,40.0,600.0,50.0,1,0.35,150.0
4.74994053437663,2.2232431418663783,130.01000000000013,1.647278264314999,0.1,0.22,15.0,300.0,50.0,1,0.55,150.0
4.7505227424387355,2.2318264900027303,130.01000000000013,1.6244178641028673,0.1,0.08,80.0,300.0,12.5,1,0.55,150.0
4.750656402285394,2.2292541968454587,130.01000000000013,1.6321491583998093,0.1,0.12,80.0,300.0,50.0,1,0.55,150.0
4.750848885818678,2.207171550699778,130.01000000000013,1.6957923860539963,0.2,0.35,80.0,600.0,50.0,1,0.35,150.0
4.751755084602232,2.230839358289684,130.01000000000013,1.630759218035846,0.1,0.08,40.0,600.0,50.0,1,0.35,150.0
4.751936708217674,2.229758991473833,130.01000000000013,1.634364904982399,0.1,0.12,40.0,300.0,50.0,1,0.55,150.0
4.751996520902492,2.2212106486120393,130.01000000000013,1.6589596351155722,0.2,0.08,80.0,600.0,25.0,1,0.35,150.0
4.752208874777896,2.213794204164033,130.01000000000013,1.6807562017538897,0.2,0.12,40.0,300.0,12.5,1,0.55,150.0
4.75261393353605,2.2234781625699545,130.01000000000013,1.654245059903126,0.1,0.35,15.0,300.0,50.0,1,0.55,150.0
4.752653114701258,2.207394131049505,130.01000000000013,1.7003113818621463,0.2,0.35,15.0,600.0,50.0,1,0.35,150.0
4.752691407277203,2.232098138472826,130.01000000000013,1.6298379108696424,0.1,0.08,80.0,600.0,50.0,1,0.35,150.0
4.7542175800713515,2.2081990976193655,130.01000000000013,1.7024813784342419,0.2,0.22,80.0,300.0,12.5,1,0.55,150.0
4.755133784768769,2.232716786467391,130.01000000000013,1.6350485665753594,0.1,0.08,15.0,600.0,50.0,1,0.35,150.0
4.7558093563771155,2.235486296703763,130.01000000000013,1.6290658847810016,0.1,0.08,40.0,300.0,25.0,1,0.55,150.0
4.756622426739026,2.202211374328598,130.01000000000013,1.7264601497440737,0.2,0.35,15.0,300.0,12.5,1,0.55,150.0
4.757897060702899,2.2379864381128223,130.01000000000013,1.6278874931145,0.1,0.08,80.0,300.0,25.0,1,0.55,150.0
4.758635849333925,2.2343860424978157,130.01000000000013,1.6402851623888801,0.1,0.12,15.0,300.0,50.0,1,0.55,150.0
4.758717090142984,2.226308797930379,130.01000000000013,1.6635951206074369,0.2,0.08,40.0,600.0,50.0,1,0.35,150.0
4.759175252690784,2.211605580931705,130.01000000000013,1.7069133478830782,0.2,0.22,40.0,300.0,25.0,1,0.55,150.0
4.759778058360368,2.2276316026380414,130.01000000000013,1.6628470163495013,0.2,0.08,80.0,600.0,50.0,1,0.35,150.0
4.7599275762693285,2.20681701850134,130.01000000000013,1.7227444507656762,0.35,0.12,40.0,600.0,12.5,1,0.35,150.0
4.7607102528077645,2.2216140403159357,130.01000000000013,1.6827034642623617,0.2,0.12,80.0,300.0,12.5,1,0.55,150.0
4.760855165383747,2.2077894877381046,130.01000000000013,1.7226162218446868,0.2,0.35,40.0,300.0,12.5,1,0.55,150.0
4.761305220139289,2.238393450902166,130.01000000000013,1.6364621978203453,0.1,0.08,15.0,300.0,25.0,1,0.55,150.0
4.761499501723593,2.214219614401706,130.01000000000013,1.706085392348242,0.2,0.22,80.0,300.0,25.0,1,0.55,150.0
4.761732286381057,2.2279553344019,130.01000000000013,1.6675055770832992,0.2,0.08,15.0,600.0,50.0,1,0.35,150.0
4.763388026522555,2.2151736217498073,130.01000000000013,1.708755442207846,0.35,0.08,15.0,600.0,12.5,1,0.35,150.0
4.763436390364803,2.2136471136646665,130.01000000000013,1.7132550762860983,0.2,0.22,15.0,300.0,25.0,1,0.55,150.0
4.76465991113896,2.243685112419319,130.01000000000013,1.6309279963418264,0.1,0.08,80.0,300.0,50.0,1,0.55,150.0
4.765602567159506,2.2249759579105404,130.01000000000013,1.6870760264256108,0.2,0.12,40.0,300.0,25.0,1,0.55,150.0
4.76592676137303,2.2441803864673666,130.01000000000013,1.6331324997304622,0.1,0.08,40.0,300.0,50.0,1,0.55,150.0
4.7680694049139625,2.2277107352926944,130.01000000000013,1.6863104846321888,0.2,0.12,80.0,300.0,25.0,1,0.55,150.0
4.768136643246977,2.2197647045956517,130.01000000000013,1.7092055390037804,0.2,0.22,80.0,300.0,50.0,1,0.55,150.0
4.768788775881241,2.2306958609041736,130.01000000000013,1.679836899934473,0.2,0.08,15.0,300.0,12.5,1,0.55,150.0
4.768946058774238,2.215261037828842,130.01000000000013,1.7243857741296975,0.2,0.35,80.0,300.0,12.5,1,0.55,150.0
4.769042921650813,2.220014654022556,130.01000000000013,1.7110807646521589,0.2,0.22,40.0,300.0,50.0,1,0.55,150.0
4.769825579252214,2.226984406150418,130.01000000000013,1.6934033517194123,0.2,0.12,15.0,300.0,25.0,1,0.55,150.0
4.772666658720682,2.2177766575035673,130.01000000000013,1.727828574906034,0.35,0.12,80.0,600.0,12.5,1,0.35,150.0
4.772676466110999,2.2488518802018946,130.01000000000013,1.6390702454545794,0.1,0.08,15.0,300.0,50.0,1,0.55,150.0
4.772886581457202,2.216228720946416,130.01000000000013,1.7328796014593846,0.35,0.12,15.0,600.0,25.0,1,0.35,150.0
4.773940869752802,2.237052175460682,130.01000000000013,1.6763962694060521,0.2,0.08,40.0,300.0,12.5,1,0.55,150.0
4.773969925293734,2.2187203964289464,130.01000000000013,1.7288557967565306,0.2,0.35,40.0,300.0,25.0,1,0.55,150.0
4.7745562799564105,2.223744572918622,130.01000000000013,1.7161763058222501,0.2,0.22,15.0,300.0,50.0,1,0.55,150.0
4.774806185912458,2.233345542915359,130.01000000000013,1.689458979991706,0.2,0.12,80.0,300.0,50.0,1,0.55,150.0
4.7751989537981006,2.2193171751431335,130.01000000000013,1.730662224728471,0.35,0.12,40.0,600.0,25.0,1,0.35,150.0
4.775680137511527,2.2335682120100087,130.01000000000013,1.6913197871471894,0.2,0.12,40.0,300.0,50.0,1,0.55,150.0
4.776207304626508,2.221257172206926,130.01000000000013,1.7280003783416582,0.2,0.35,80.0,300.0,25.0,1,0.55,150.0
4.778270154660947,2.2208122185004497,130.01000000000013,1.7351655318871293,0.2,0.35,15.0,300.0,25.0,1,0.55,150.0
4.778518391896808,2.2291125088110966,130.01000000000013,1.71215966595917,0.35,0.08,40.0,600.0,12.5,1,0.35,150.0
4.780952059830785,2.2245361297630306,130.01000000000013,1.7321883716221487,0.35,0.12,80.0,600.0,25.0,1,0.35,150.0
4.781325968110731,2.2374123423582324,130.01000000000013,1.6964675021499924,0.2,0.12,15.0,300.0,50.0,1,0.55,150.0
4.78263524100311,2.2150777460322546,130.01000000000013,1.76402141420244,0.35,0.22,80.0,600.0,12.5,1,0.35,150.0
4.782662664974726,2.2450494621164228,130.01000000000013,1.6784662938808597,0.2,0.08,80.0,300.0,12.5,1,0.55,150.0
4.782800721590192,2.226763344113555,130.01000000000013,1.731106792790387,0.2,0.35,80.0,300.0,50.0,1,0.55,150.0
4.783003038464549,2.213670148935574,130.01000000000013,1.7690939700827788,0.35,0.22,15.0,600.0,25.0,1,0.35,150.0
4.783610437173061,2.2449270127626235,130.01000000000013,1.6815240697441018,0.1,0.22,15.0,600.0,12.5,1,0.55,350.0
4.7837310353032905,2.2270386477446396,130.01000000000013,1.7329782501675701,0.2,0.35,40.0,300.0,50.0,1,0.55,150.0
4.785255909639737,2.216684558196939,130.01000000000013,1.7669181469794182,0.35,0.22,40.0,600.0,25.0,1,0.35,150.0
4.786812771788789,2.2454243744211375,130.01000000000013,1.6892525639075713,0.1,0.35,15.0,600.0,12.5,1,0.55,350.0
4.787350011779281,2.2293797152043218,130.01000000000013,1.7366294187855922,0.35,0.12,40.0,600.0,50.0,1,0.35,150.0
4.787529461991363,2.2484020203807713,130.01000000000013,1.6827926903159718,0.2,0.08,40.0,300.0,25.0,1,0.55,150.0
4.788676341460798,2.230865919656363,130.01000000000013,1.7361726337269519,0.35,0.12,80.0,600.0,50.0,1,0.35,150.0
4.7887393948951456,2.2551347783438853,130.01000000000013,1.6670131901464544,0.1,0.22,40.0,600.0,12.5,1,0.55,350.0
4.789188203695544,2.230732839392133,130.01000000000013,1.7380153265811689,0.2,0.35,15.0,300.0,50.0,1,0.55,150.0
4.7894510448001455,2.23036985719256,130.01000000000013,1.7398033931645263,0.35,0.12,15.0,600.0,50.0,1,0.35,150.0
4.790113656268462,2.251228825719811,130.01000000000013,1.6820995158532819,0.2,0.08,80.0,300.0,25.0,1,0.55,150.0
4.790838964799992,2.2217545631221074,130.01000000000013,1.7683840047939503,0.35,0.22,80.0,600.0,25.0,1,0.35,150.0
4.791509835807862,2.240280520517827,130.01000000000013,1.7173694722572355,0.35,0.08,80.0,600.0,12.5,1,0.35,150.0
4.791578857856779,2.2386208951460502,130.01000000000013,1.7223084648877893,0.35,0.08,15.0,600.0,25.0,1,0.35,150.0
4.791712978912378,2.2503878391825256,130.01000000000013,1.6890718277995724,0.2,0.08,15.0,300.0,25.0,1,0.55,150.0
4.79176792265436,2.2554625028717386,130.01000000000013,1.6747297708074866,0.1,0.35,40.0,600.0,12.5,1,0.55,350.0
4.79208299206622,2.2561308667965476,130.01000000000013,1.673720357913345,0.1,0.12,15.0,600.0,12.5,1,0.55,350.0
4.793994219966169,2.2417933295537398,130.01000000000013,1.7201454011783655,0.35,0.08,40.0,600.0,25.0,1,0.35,150.0
4.796949900101799,2.256949099055079,130.01000000000013,1.6852880029906219,0.2,0.08,80.0,300.0,50.0,1,0.55,150.0
4.797166588151328,2.226540707156983,130.01000000000013,1.7727882314124102,0.35,0.22,40.0,600.0,50.0,1,0.35,150.0
4.797597041989562,2.2666687000073575,130.01000000000013,1.6593666913777203,0.1,0.12,40.0,600.0,12.5,1,0.55,350.0
4.797796349323339,2.257152550533917,130.01000000000013,1.687125139398343,0.2,0.08,40.0,300.0,50.0,1,0.55,150.0
4.798450127371678,2.227983914170286,130.01000000000013,1.7723320377182585,0.35,0.22,80.0,600.0,50.0,1,0.35,150.0
4.799132792032692,2.227433378537465,130.01000000000013,1.7758554671292166,0.35,0.22,15.0,600.0,50.0,1,0.35,150.0
4.7998920726844885,2.2471307255214774,130.01000000000013,1.7217467061800258,0.35,0.08,80.0,600.0,25.0,1,0.35,150.0
4.803545735005406,2.2610880494242105,130.01000000000013,1.6923076730891256,0.2,0.08,15.0,300.0,50.0,1,0.55,150.0
4.805161903679936,2.226075336111575,130.01000000000013,1.7969616216238853,0.35,0.35,40.0,600.0,12.5,1,0.35,150.0
4.806244777870461,2.2708616200310603,130.01000000000013,1.672094736683996,0.1,0.08,15.0,600.0,12.5,1,0.55,350.0
4.806345205710597,2.2520263214624454,130.01000000000013,1.7261968121375713,0.35,0.08,40.0,600.0,50.0,1,0.35,150.0
4.806924230886054,2.2724691975919145,130.01000000000013,1.6694429522689656,0.1,0.22,80.0,600.0,12.5,1,0.55,350.0
4.807720835811357,2.2535525365636633,130.01000000000013,1.7257665692791193,0.35,0.08,80.0,600.0,50.0,1,0.35,150.0
4.8085100704395645,2.2530701943640086,130.01000000000013,1.7293996459301546,0.35,0.08,15.0,600.0,50.0,1,0.35,150.0
4.809832990726595,2.2726896045260223,130.01000000000013,1.6771239605730588,0.1,0.35,80.0,600.0,12.5,1,0.55,350.0
4.810824940316649,2.2471486024662624,130.01000000000013,1.7529323938582404,0.2,0.22,15.0,600.0,12.5,1,0.55,350.0
4.812167447358636,2.2817232967243783,130.01000000000013,1.6579832875264444,0.1,0.08,40.0,600.0,12.5,1,0.55,350.0
4.816056069951712,2.2842370017873765,130.01000000000013,1.6619116233266684,0.1,0.12,80.0,600.0,12.5,1,0.55,350.0
4.816117565834431,2.2600247247896403,130.01000000000013,1.7312652601279692,0.2,0.12,15.0,600.0,12.5,1,0.55,350.0
4.817348312828365,2.2365844331021276,130.01000000000013,1.8017539420749593,0.35,0.35,80.0,600.0,12.5,1,0.35,150.0
4.817883433288819,2.235328536969972,130.01000000000013,1.8068711323395583,0.35,0.35,15.0,600.0,25.0,1,0.35,150.0
4.819094955870266,2.259294803569159,130.01000000000013,1.741857578003157,0.2,0.22,40.0,600.0,12.5,1,0.55,350.0
4.820068604802977,2.238265910357,130.01000000000013,1.8047219841313558,0.35,0.35,40.0,600.0,25.0,1,0.35,150.0
4.820457014141504,2.281739772104215,130.01000000000013,1.6816206915351073,0.1,0.22,40.0,600.0,25.0,1,0.55,350.0
4.823420743057096,2.2819994640391474,130.01000000000013,1.68934651147985,0.1,0.35,40.0,600.0,25.0,1,0.55,350.0
4.824215445004364,2.2868711616340858,130.01000000000013,1.677697952486502,0.1,0.22,80.0,600.0,25.0,1,0.55,350.0
4.8253840431948065,2.2730386200222084,130.01000000000013,1.7205583519217051,0.2,0.12,40.0,600.0,12.5,1,0.55,350.0
4.82551695484765,2.243226438942802,130.01000000000013,1.8061157597281339,0.35,0.35,80.0,600.0,25.0,1,0.35,150.0
4.827109477315482,2.2870665875247207,130.01000000000013,1.6854082565450295,0.1,0.35,80.0,600.0,25.0,1,0.55,350.0
4.827358841946827,2.2553461335670337,130.01000000000013,1.7767505953708316,0.2,0.35,15.0,600.0,12.5,1,0.55,350.0
4.829534397601209,2.2934805290544915,130.01000000000013,1.6740110529906154,0.1,0.12,40.0,600.0,25.0,1,0.55,350.0
4.830901968593722,2.299515167365097,130.01000000000013,1.6606765749389212,0.1,0.08,80.0,600.0,12.5,1,0.55,350.0
4.8318091796564895,2.247991483490749,130.01000000000013,1.8104791319021094,0.35,0.35,40.0,600.0,50.0,1,0.35,150.0
4.833054650187128,2.249397720750023,130.01000000000013,1.8100197983917234,0.35,0.35,80.0,600.0,50.0,1,0.35,150.0
4.8334422809583275,2.2987361901548593,130.01000000000013,1.670160259438475,0.1,0.12,80.0,600.0,25.0,1,0.55,350.0
4.833705789982735,2.2488495438013016,130.01000000000013,1.8134464176612335,0.35,0.35,15.0,600.0,50.0,1,0.35,150.0
4.8350311614120445,2.2669294195633762,130.01000000000013,1.7655764052819047,0.2,0.35,40.0,600.0,12.5,1,0.55,350.0
4.8380609225396904,2.2837508415891126,130.01000000000013,1.7261716598587893,0.2,0.08,15.0,600.0,12.5,1,0.55,350.0
4.83815852007732,2.277057815892619,130.01000000000013,1.74557344052771,0.2,0.22,80.0,600.0,12.5,1,0.55,350.0
4.838546312039658,2.2923112720277183,130.01000000000013,1.7031001143198246,0.1,0.22,15.0,600.0,25.0,1,0.55,350.0
4.840245113870839,2.300384559230696,130.01000000000013,1.6848872989718322,0.1,0.22,80.0,600.0,50.0,1,0.55,350.0
4.841498160009701,2.2925787919228426,130.01000000000013,1.710769623105307,0.1,0.35,15.0,600.0,25.0,1,0.55,350.0
4.843103405048575,2.300542979632717,130.01000000000013,1.6926012154738748,0.1,0.35,80.0,600.0,50.0,1,0.55,350.0
4.844350493943773,2.308750167394778,130.01000000000013,1.67271521871141,0.1,0.08,40.0,600.0,25.0,1,0.55,350.0
4.844492421552469,2.3024378784502963,130.01000000000013,1.6911558374347742,0.1,0.22,40.0,600.0,50.0,1,0.55,350.0
4.845107091836301,2.291361854316191,130.01000000000013,1.7245578214860224,0.2,0.12,80.0,600.0,12.5,1,0.55,350.0
4.847361809963014,2.3026103842002072,130.01000000000013,1.698861216465158,0.1,0.35,40.0,600.0,50.0,1,0.55,350.0
4.847639111077241,2.3040725166239726,130.01000000000013,1.69547598415219,0.1,0.12,15.0,600.0,25.0,1,0.55,350.0
4.848158085929204,2.297417939187103,130.01000000000013,1.715971847834569,0.2,0.08,40.0,600.0,12.5,1,0.55,350.0
4.848407102308496,2.3141226524948535,130.01000000000013,1.668955570896114,0.1,0.08,80.0,600.0,25.0,1,0.55,350.0
4.84958944438372,2.312358765186689,130.01000000000013,1.6773733691343706,0.1,0.12,80.0,600.0,50.0,1,0.55,350.0
4.85065516295876,2.285574263236376,130.01000000000013,1.756945427778234,0.2,0.22,40.0,600.0,25.0,1,0.55,350.0
4.85371617917579,2.284364894297598,130.01000000000013,1.7691465282234016,0.2,0.35,80.0,600.0,12.5,1,0.55,350.0
4.853814833418824,2.3143969056962637,130.01000000000013,1.6836226506358785,0.1,0.12,40.0,600.0,50.0,1,0.55,350.0
4.855449501770103,2.2913407044417826,130.01000000000013,1.7541679923666251,0.2,0.22,80.0,600.0,25.0,1,0.55,350.0
4.8574177583274505,2.299746276003283,130.01000000000013,1.7357756637833297,0.2,0.12,40.0,600.0,25.0,1,0.55,350.0
4.862414596934282,2.319322053596823,130.01000000000013,1.694121552392733,0.1,0.08,15.0,600.0,25.0,1,0.55,350.0
4.862585253767791,2.305828240978804,130.01000000000013,1.7331628936828163,0.2,0.12,80.0,600.0,25.0,1,0.55,350.0
4.864683264387145,2.327857102471531,130.01000000000013,1.6762176054731788,0.1,0.08,80.0,600.0,50.0,1,0.55,350.0
4.864809935081309,2.3167762745645164,130.01000000000013,1.7082390300479744,0.1,0.22,15.0,600.0,50.0,1,0.55,350.0
4.865093316860305,2.2935726553884335,130.01000000000013,1.7753447470624848,0.2,0.22,15.0,600.0,25.0,1,0.55,350.0
4.865510259671206,2.287301459409197,130.01000000000013,1.7944537150343067,0.35,0.12,15.0,300.0,12.5,1,0.55,150.0
4.866388163805553,2.2930257569396435,130.01000000000013,1.7806068767597376,0.2,0.35,40.0,600.0,25.0,1,0.55,350.0
4.867567643900442,2.316864680941286,130.01000000000013,1.7158656084547257,0.1,0.35,15.0,600.0,50.0,1,0.55,350.0
4.868435777056284,2.316185884499514,130.01000000000013,1.720285407305051,0.2,0.08,80.0,600.0,12.5,1,0.55,350.0
4.8688768847792,2.3298736608785235,130.01000000000013,1.6824377825733567,0.1,0.08,40.0,600.0,50.0,1,0.55,350.0
4.8709587838996455,2.298589457157045,130.01000000000013,1.7777695049788547,0.2,0.35,80.0,600.0,25.0,1,0.55,350.0
4.871420100585018,2.3047032681151594,130.01000000000013,1.7616195213424488,0.2,0.22,80.0,600.0,50.0,1,0.55,350.0
4.871776381757485,2.307675385302162,130.01000000000013,1.7541457041580588,0.2,0.12,15.0,600.0,25.0,1,0.55,350.0
4.873912742976821,2.2960462838280757,130.01000000000013,1.7934755975678383,0.35,0.12,40.0,300.0,12.5,1,0.55,150.0
4.874366133881237,2.3289438250732557,130.01000000000013,1.7007780251656561,0.1,0.12,15.0,600.0,50.0,1,0.55,350.0
4.874541580868042,2.305975750069421,130.01000000000013,1.7669023737103424,0.2,0.22,40.0,600.0,50.0,1,0.55,350.0
4.878808542945851,2.3194172125190984,130.01000000000013,1.7406895155050035,0.2,0.12,80.0,600.0,50.0,1,0.55,350.0
4.880668688704029,2.3245352833421844,130.01000000000013,1.7313811581766956,0.2,0.08,40.0,600.0,25.0,1,0.55,350.0
4.880912773224639,2.301150171214628,130.01000000000013,1.7988931486000268,0.2,0.35,15.0,600.0,25.0,1,0.55,350.0
4.881848179837082,2.3206223021124854,130.01000000000013,1.7459310792131275,0.2,0.12,40.0,600.0,50.0,1,0.55,350.0
4.883702415416152,2.304788088865715,130.01000000000013,1.7964695044298147,0.35,0.12,80.0,300.0,12.5,1,0.55,150.0
4.886136407224043,2.330850842752319,130.01000000000013,1.7289587556334938,0.2,0.08,80.0,600.0,25.0,1,0.55,350.0
4.886820482893516,2.3118537104364916,130.01000000000013,1.7851907784486345,0.2,0.35,80.0,600.0,50.0,1,0.55,350.0
4.887082493887825,2.3130886264224957,130.01000000000013,1.7824110499009371,0.35,0.08,15.0,300.0,12.5,1,0.55,150.0
4.887678340101258,2.3074428268823453,130.01000000000013,1.8002443234826004,0.35,0.12,40.0,300.0,25.0,1,0.55,150.0
4.888851326321446,2.3071374346332347,130.01000000000013,1.8044682619663126,0.35,0.12,15.0,300.0,25.0,1,0.55,150.0
4.889596623293094,2.344567909771457,130.01000000000013,1.6996534672046713,0.1,0.08,15.0,600.0,50.0,1,0.55,350.0
4.890003548041611,2.3131925963938214,130.01000000000013,1.790459861850824,0.2,0.35,40.0,600.0,50.0,1,0.55,350.0
4.891289580795934,2.3110187818598678,130.01000000000013,1.800345139817326,0.35,0.12,80.0,300.0,25.0,1,0.55,150.0
4.8914707161149105,2.3177592490153094,130.01000000000013,1.781604191713141,0.2,0.22,15.0,600.0,50.0,1,0.55,350.0
4.89494599559938,2.332426916391444,130.01000000000013,1.7496259405940973,0.2,0.08,15.0,600.0,25.0,1,0.55,350.0
4.896046005780295,2.3222647073297487,130.01000000000013,1.7818037098586965,0.35,0.08,40.0,300.0,12.5,1,0.55,150.0
4.898125281317887,2.316258840928331,130.01000000000013,1.8049041153987258,0.35,0.12,40.0,300.0,50.0,1,0.55,150.0
4.898223855210405,2.316769494449548,130.01000000000013,1.8037267450310177,0.35,0.12,80.0,300.0,50.0,1,0.55,150.0
4.899202564054775,2.3327764539386466,130.01000000000013,1.7607888860460765,0.2,0.12,15.0,600.0,50.0,1,0.55,350.0
4.901447392739395,2.3182991582031662,130.01000000000013,1.8085663843892188,0.35,0.12,15.0,300.0,50.0,1,0.55,150.0
4.902610180070193,2.344653118496202,130.01000000000013,1.73659160449711,0.2,0.08,80.0,600.0,50.0,1,0.55,350.0
4.905586726445026,2.3458165549454373,130.01000000000013,1.7417719185702512,0.2,0.08,40.0,600.0,50.0,1,0.55,350.0
4.906222139744514,2.3313111307669345,130.01000000000013,1.785031454221653,0.35,0.08,80.0,300.0,12.5,1,0.55,150.0
4.906750356201839,2.3248534961199896,130.01000000000013,1.8049910288052813,0.2,0.35,15.0,600.0,50.0,1,0.55,350.0
4.910131299488649,2.3339285606175055,130.01000000000013,1.7887221110604061,0.35,0.08,40.0,300.0,25.0,1,0.55,150.0
4.911227213745791,2.333581643973667,130.01000000000013,1.7928444850632086,0.35,0.08,15.0,300.0,25.0,1,0.55,150.0
4.913950795897519,2.337664751087423,130.01000000000013,1.7889601280288405,0.35,0.08,80.0,300.0,25.0,1,0.55,150.0
4.920899379714941,2.343007018968527,130.01000000000013,1.7935496021326054,0.35,0.08,40.0,300.0,50.0,1,0.55,150.0
4.921048286660293,2.343551465750092,130.01000000000013,1.7924194883148532,0.35,0.08,80.0,300.0,50.0,1,0.55,150.0
4.923285425260557,2.3582732805486986,130.01000000000013,1.7567489848910218,0.2,0.08,15.0,600.0,50.0,1,0.55,350.0
4.924397688679409,2.345205477053828,130.01000000000013,1.7972634617873688,0.35,0.08,15.0,300.0,50.0,1,0.55,150.0
4.941767249495408,2.3455190682327993,130.01000000000013,1.8459948036074485,0.35,0.12,15.0,600.0,12.5,1,0.55,350.0
4.960757077015495,2.365775693017367,130.01000000000013,1.8423753828517917,0.35,0.12,40.0,600.0,12.5,1,0.55,350.0
4.962923332938306,2.3712886910744997,130.01000000000013,1.832813262468015,0.35,0.08,15.0,600.0,12.5,1,0.55,350.0
4.978747482211748,2.3660469622801212,130.01000000000013,1.8930014855189292,0.35,0.22,40.0,600.0,12.5,1,0.55,350.0
4.98337954099392,2.3926737660403288,130.01000000000013,1.830159357010255,0.35,0.08,40.0,600.0,12.5,1,0.55,350.0
4.984066693361911,2.386701595295569,130.01000000000013,1.8491859944752598,0.35,0.12,80.0,600.0,12.5,1,0.55,350.0
4.993711577586643,2.3930315466837446,130.01000000000013,1.8586572311511331,0.35,0.12,40.0,600.0,25.0,1,0.55,350.0
4.999282107114569,2.3942569300189356,130.01000000000013,1.8710719345589453,0.35,0.12,15.0,600.0,25.0,1,0.55,350.0
5.000642371670422,2.3857849383996177,130.01000000000013,1.899164095059434,0.35,0.22,80.0,600.0,12.5,1,0.55,350.0
5.0021282329924555,2.401524398310618,130.01000000000013,1.8584395276623877,0.35,0.12,80.0,600.0,25.0,1,0.55,350.0
5.007646940531473,2.414349473752082,130.01000000000013,1.8375641907982556,0.35,0.08,80.0,600.0,12.5,1,0.55,350.0
5.010830540345131,2.39255308733415,130.01000000000013,1.908935580031369,0.35,0.22,40.0,600.0,25.0,1,0.55,350.0
5.016919889931122,2.3942394559642706,130.01000000000013,1.921515525619571,0.35,0.22,15.0,600.0,25.0,1,0.55,350.0
5.017106853770168,2.420572565840052,130.01000000000013,1.8468122512288985,0.35,0.08,40.0,600.0,25.0,1,0.55,350.0
5.018400925139804,2.40032937408629,130.01000000000013,1.9083472887243207,0.35,0.22,80.0,600.0,25.0,1,0.55,350.0
5.018886705238902,2.415442863670704,130.01000000000013,1.8665538330519897,0.35,0.12,80.0,600.0,50.0,1,0.55,350.0
5.019127608945402,2.4145254545610575,130.01000000000013,1.8698632982409804,0.35,0.12,40.0,600.0,50.0,1,0.55,350.0
5.02251736123163,2.42173163610126,130.01000000000013,1.8589592146581957,0.35,0.08,15.0,600.0,25.0,1,0.55,350.0
5.0260471993529965,2.4294635023105515,130.01000000000013,1.8469534201212656,0.35,0.08,80.0,600.0,25.0,1,0.55,350.0
5.029514047365354,2.421250669957937,130.01000000000013,1.8803239354497585,0.35,0.12,15.0,600.0,50.0,1,0.55,350.0
5.029669180210021,2.396163586211176,130.01000000000013,1.9524445542824114,0.35,0.35,40.0,600.0,12.5,1,0.55,350.0
5.034694421353744,2.4138499444240162,130.01000000000013,1.916269934084931,0.35,0.22,80.0,600.0,50.0,1,0.55,350.0
5.0352009712062555,2.4131585984531383,130.01000000000013,1.9196924935803295,0.35,0.22,40.0,600.0,50.0,1,0.55,350.0
5.043211975828295,2.4437171672593556,130.01000000000013,1.8552708816255346,0.35,0.08,80.0,600.0,50.0,1,0.55,350.0
5.04334013575458,2.4427300239717464,130.01000000000013,1.858457462236663,0.35,0.08,40.0,600.0,50.0,1,0.55,350.0
5.045068145298606,2.419438008419015,130.01000000000013,1.9299432482273964,0.35,0.22,15.0,600.0,50.0,1,0.55,350.0
5.050566309039452,2.415063580866318,130.01000000000013,1.9581506519232341,0.35,0.35,80.0,600.0,12.5,1,0.55,350.0
5.054310095115836,2.449976196311784,130.01000000000013,1.8690968537258574,0.35,0.08,15.0,600.0,50.0,1,0.55,350.0
5.061254935671922,2.4222617154465826,130.01000000000013,1.9681234863581072,0.35,0.35,40.0,600.0,25.0,1,0.55,350.0
5.06789290701851,2.424513507431255,130.01000000000013,1.9806554273921504,0.35,0.35,15.0,600.0,25.0,1,0.55,350.0
5.068208016060938,2.4294958549054746,130.01000000000013,1.967320460444177,0.35,0.35,80.0,600.0,25.0,1,0.55,350.0
5.084238216508897,2.442798709838536,130.01000000000013,1.975112876201026,0.35,0.35,80.0,600.0,50.0,1,0.55,350.0
5.084984234401654,2.4423366032128278,130.01000000000013,1.9785646605394984,0.35,0.35,40.0,600.0,50.0,1,0.55,350.0
5.094758309250901,2.4485963239273887,130.01000000000013,1.9886056723528867,0.35,0.35,15.0,600.0,50.0,1,0.55,350.0
5.131137329654678,2.5258373491223054,130.01000000000013,1.871857087235345,0.2,0.22,15.0,600.0,12.5,1,0.25,150.0
5.132825977778435,2.543654904983767,130.01000000000013,1.825774493699045,0.1,0.22,15.0,600.0,12.5,1,0.25,150.0
5.133789080045123,2.534043526851809,130.01000000000013,1.855987294838036,0.2,0.12,15.0,600.0,12.5,1,0.25,150.0
5.1357680708230635,2.5451679923076944,130.01000000000013,1.8298573671867622,0.1,0.35,15.0,600.0,12.5,1,0.25,150.0
5.136248061829335,2.5440990096623395,130.01000000000013,1.834283006191409,0.1,0.22,15.0,300.0,12.5,1,0.35,150.0
5.136974764790914,2.5499272805154756,130.01000000000013,1.8197070979298169,0.1,0.12,15.0,600.0,12.5,1,0.25,150.0
5.1393872770119895,2.544781236332803,130.01000000000013,1.8413029733690978,0.1,0.35,15.0,300.0,12.5,1,0.35,150.0
5.142569025401932,2.532571569689328,130.01000000000013,1.8852784448931477,0.2,0.35,15.0,600.0,12.5,1,0.25,150.0
5.144083582722535,2.5546303138265056,130.01000000000013,1.8265807682743656,0.1,0.12,15.0,300.0,12.5,1,0.35,150.0
5.1460358576546525,2.559580979772625,130.01000000000013,1.818013936805788,0.1,0.08,15.0,600.0,12.5,1,0.25,150.0
5.146806601049157,2.556227832240209,130.01000000000013,1.8297964823112765,0.1,0.22,40.0,300.0,12.5,1,0.35,150.0
5.149177795141343,2.551013696943927,130.01000000000013,1.8514688519926101,0.2,0.08,15.0,600.0,12.5,1,0.25,150.0
5.14990283388465,2.5568655943326024,130.01000000000013,1.8368206844344173,0.1,0.35,40.0,300.0,12.5,1,0.35,150.0
5.150546239999809,2.5446012054907112,130.01000000000013,1.8737000985974164,0.2,0.22,40.0,600.0,12.5,1,0.25,150.0
5.151656772425833,2.535374602197921,130.01000000000013,1.9032347720797447,0.2,0.22,15.0,300.0,12.5,1,0.35,150.0
5.152105721049978,2.5625120015156746,130.01000000000013,1.8269820558122907,0.1,0.22,40.0,600.0,12.5,1,0.25,150.0
5.153318398528548,2.5529201594650037,130.01000000000013,1.8578521116101188,0.2,0.12,40.0,600.0,12.5,1,0.25,150.0
5.154757979959476,2.566855003256842,130.01000000000013,1.8221513620075211,0.1,0.12,40.0,300.0,12.5,1,0.35,150.0
5.1550415263175,2.5640166309010217,130.01000000000013,1.8310711297613615,0.1,0.35,40.0,600.0,12.5,1,0.25,150.0
5.1562834027036235,2.5688134333478128,130.01000000000013,1.8209141981594532,0.1,0.12,40.0,600.0,12.5,1,0.25,150.0
5.157828113398352,2.5688856680449037,130.01000000000013,1.8251212724384203,0.1,0.08,15.0,300.0,12.5,1,0.35,150.0
5.158065998360359,2.548974345728511,130.01000000000013,1.88269043609099,0.2,0.12,15.0,300.0,12.5,1,0.35,150.0
5.159744898580355,2.568205457676365,130.01000000000013,1.8325412597256816,0.1,0.22,80.0,300.0,12.5,1,0.35,150.0
5.1619004262356265,2.5512643904849726,130.01000000000013,1.8871029592875765,0.2,0.35,40.0,600.0,12.5,1,0.25,150.0
5.162800070404108,2.5688062857449614,130.01000000000013,1.8395536704547002,0.1,0.35,80.0,300.0,12.5,1,0.35,150.0
5.163088040849293,2.547909440275809,130.01000000000013,1.9000817159242342,0.2,0.22,40.0,300.0,12.5,1,0.35,150.0
5.164738783838642,2.5712322048016145,130.01000000000013,1.838161654391502,0.1,0.22,40.0,300.0,25.0,1,0.35,150.0
5.1654323116757626,2.5785354480605793,130.01000000000013,1.8192767531862335,0.1,0.08,40.0,600.0,12.5,1,0.25,150.0
5.165982044222387,2.542466161872633,130.01000000000013,1.92390252099929,0.35,0.12,15.0,600.0,12.5,1,0.25,150.0
5.166191648038039,2.5424873095439264,130.01000000000013,1.9244409671260283,0.2,0.35,15.0,300.0,12.5,1,0.35,150.0
5.167135095525278,2.5592586520304224,130.01000000000013,1.879218409985299,0.2,0.22,80.0,600.0,12.5,1,0.25,150.0
5.167183243474296,2.55626996884406,130.01000000000013,1.8878950703720982,0.2,0.22,15.0,600.0,25.0,1,0.25,150.0
5.1677951315136275,2.5789154577466626,130.01000000000013,1.8249419250484653,0.1,0.12,80.0,300.0,12.5,1,0.35,150.0
5.1678072699047295,2.5718407436284623,130.01000000000013,1.8451900750750427,0.1,0.35,40.0,300.0,25.0,1,0.35,150.0
5.16807866424488,2.5715565064125787,130.01000000000013,1.8467775938065707,0.1,0.22,15.0,300.0,25.0,1,0.35,150.0
5.168660090989423,2.581229659748495,130.01000000000013,1.8208012321169311,0.1,0.08,40.0,300.0,12.5,1,0.35,150.0
5.168753559260249,2.5773024778418008,130.01000000000013,1.832288804052704,0.1,0.22,80.0,600.0,12.5,1,0.25,150.0
5.16890197666236,2.5700439152282097,130.01000000000013,1.8534516040975673,0.2,0.08,40.0,600.0,12.5,1,0.25,150.0
5.169230362884284,2.574497847340872,130.01000000000013,1.8416643301240303,0.1,0.22,15.0,600.0,25.0,1,0.25,150.0
5.169403488634703,2.576207361552436,130.01000000000013,1.8372746488064737,0.1,0.22,80.0,300.0,25.0,1,0.35,150.0
5.169821429831426,2.565477804920958,130.01000000000013,1.8691246426013335,0.1,0.22,15.0,600.0,12.5,1,0.35,350.0
5.169827962887367,2.561791050087922,130.01000000000013,1.8796768937126942,0.2,0.12,40.0,300.0,12.5,1,0.35,150.0
5.170020239412407,2.567675118243234,130.01000000000013,1.8634146319119174,0.2,0.12,80.0,600.0,12.5,1,0.25,150.0
5.170070001898548,2.5607266818777563,130.01000000000013,1.8834094857736854,0.2,0.22,40.0,600.0,25.0,1,0.25,150.0
5.170101010713448,2.564711043967626,130.01000000000013,1.8721141907023442,0.2,0.12,15.0,600.0,25.0,1,0.25,150.0
5.171121256310693,2.572151602846622,130.01000000000013,1.8537704384687683,0.1,0.35,15.0,300.0,25.0,1,0.35,150.0
5.171673077276429,2.5787929995526477,130.01000000000013,1.8363716506393697,0.1,0.35,80.0,600.0,12.5,1,0.25,150.0
5.171765864136982,2.578809109305561,130.01000000000013,1.836590728089768,0.1,0.22,40.0,600.0,25.0,1,0.25,150.0
5.17212706292793,2.5759711546426276,130.01000000000013,1.8457311665294314,0.1,0.35,15.0,600.0,25.0,1,0.25,150.0
5.172452310898531,2.576797182301404,130.01000000000013,1.8443003674203566,0.1,0.35,80.0,300.0,25.0,1,0.35,150.0
5.1727788472658505,2.5819419946167472,130.01000000000013,1.8305338647117175,0.1,0.12,40.0,300.0,25.0,1,0.35,150.0
5.172943931394104,2.5691424880964195,130.01000000000013,1.8675755522790944,0.2,0.12,40.0,600.0,25.0,1,0.25,150.0
5.172969810220232,2.583638255103726,130.01000000000013,1.8262330146185848,0.1,0.12,80.0,600.0,12.5,1,0.25,150.0
5.173271947296768,2.5662235857591504,130.01000000000013,1.8768524615360447,0.1,0.35,15.0,600.0,12.5,1,0.35,350.0
5.173484639573155,2.5808670748308207,130.01000000000013,1.8356216135495196,0.1,0.12,15.0,600.0,25.0,1,0.25,150.0
5.174690442922233,2.580299701763138,130.01000000000013,1.840687831883124,0.1,0.35,40.0,600.0,25.0,1,0.25,150.0
5.17598529619956,2.5851532537305277,130.01000000000013,1.830520121340086,0.1,0.12,40.0,600.0,25.0,1,0.25,150.0
5.1760990442254915,2.5397255202063027,130.01000000000013,1.9606386400548212,0.35,0.22,15.0,600.0,12.5,1,0.25,150.0
5.176148181727212,2.5822932278439317,130.01000000000013,1.8391570110950823,0.1,0.12,15.0,300.0,25.0,1,0.35,150.0
5.176187714034699,2.559885319458284,130.01000000000013,1.9032925559326093,0.2,0.22,80.0,300.0,12.5,1,0.35,150.0
5.177436468641459,2.5548448940427377,130.01000000000013,1.921261641710629,0.2,0.35,40.0,300.0,12.5,1,0.35,150.0
5.177491833138049,2.5869565453330994,130.01000000000013,1.8296722508712806,0.1,0.12,80.0,300.0,25.0,1,0.35,150.0
5.177647280259248,2.5678783312631093,130.01000000000013,1.8846255685603914,0.2,0.22,80.0,600.0,25.0,1,0.25,150.0
5.177904979340549,2.5764741634081276,130.01000000000013,1.8608023312354844,0.1,0.12,15.0,600.0,12.5,1,0.35,350.0
5.1784164146631495,2.565862983476753,130.01000000000013,1.8925812319611277,0.2,0.35,80.0,600.0,12.5,1,0.25,150.0
5.178441456979517,2.5837848573769775,130.01000000000013,1.8414474274358203,0.1,0.22,80.0,300.0,50.0,1,0.35,150.0
5.178458262334785,2.562877590207753,130.01000000000013,1.9012304917915155,0.2,0.35,15.0,600.0,25.0,1,0.25,150.0
5.178773592914872,2.583242162242025,130.01000000000013,1.843946944779557,0.1,0.22,40.0,300.0,50.0,1,0.35,150.0
5.179319521910571,2.5860056594039253,130.01000000000013,1.8376110357332682,0.1,0.22,80.0,600.0,25.0,1,0.25,150.0
5.18054615850462,2.573023051132908,130.01000000000013,1.878208878204884,0.2,0.08,15.0,300.0,12.5,1,0.35,150.0
5.180574327398251,2.5763413800843624,130.01000000000013,1.8688084208968196,0.2,0.12,80.0,600.0,25.0,1,0.25,150.0
5.180881664457743,2.562718658573533,130.01000000000013,1.9086085882405972,0.2,0.22,40.0,300.0,25.0,1,0.35,150.0
5.181376035672071,2.5673452646568213,130.01000000000013,1.896802202900708,0.2,0.35,40.0,600.0,25.0,1,0.25,150.0
5.181475882367183,2.5843595998443076,130.01000000000013,1.8484750929224945,0.1,0.35,80.0,300.0,50.0,1,0.35,150.0
5.181805158926388,2.5838168772853587,130.01000000000013,1.850966518974365,0.1,0.35,40.0,300.0,50.0,1,0.35,150.0
5.181807371333499,2.593376923739853,130.01000000000013,1.8236584216961262,0.1,0.08,80.0,300.0,12.5,1,0.35,150.0
5.18217808120275,2.593407935406743,130.01000000000013,1.824628987988587,0.1,0.08,80.0,600.0,12.5,1,0.25,150.0
5.182238466354655,2.5874908330321227,130.01000000000013,1.841707523778659,0.1,0.35,80.0,600.0,25.0,1,0.25,150.0
5.182671124511837,2.5906269377969755,130.01000000000013,1.8339833906138867,0.1,0.08,15.0,600.0,25.0,1,0.25,150.0
5.183124574009647,2.562356036462775,130.01000000000013,1.9160529644196294,0.2,0.22,15.0,300.0,25.0,1,0.35,150.0
5.183177517368194,2.5739764803508147,130.01000000000013,1.8830029629067924,0.2,0.12,80.0,300.0,12.5,1,0.35,150.0
5.183554592131715,2.5923640273954374,130.01000000000013,1.8315444706750736,0.1,0.12,80.0,600.0,25.0,1,0.25,150.0
5.185188779495643,2.5949246064223095,130.01000000000013,1.828897637352377,0.1,0.08,40.0,600.0,25.0,1,0.25,150.0
5.185459974376226,2.565679635316797,130.01000000000013,1.9132295401697892,0.35,0.08,15.0,600.0,12.5,1,0.25,150.0
5.185687409251285,2.5875433943929167,130.01000000000013,1.8514114710239051,0.1,0.22,15.0,300.0,50.0,1,0.35,150.0
5.185733368482094,2.584902986780765,130.01000000000013,1.8590868048609328,0.2,0.08,80.0,600.0,12.5,1,0.25,150.0
5.185756655481726,2.581905602924894,130.01000000000013,1.8677172930195176,0.2,0.08,15.0,600.0,25.0,1,0.25,150.0
5.185795728350548,2.573927825771649,130.01000000000013,1.8906225787968476,0.2,0.22,40.0,600.0,50.0,1,0.25,150.0
5.185804114556036,2.5678035712604275,130.01000000000013,1.9081444094160185,0.2,0.22,80.0,300.0,25.0,1,0.35,150.0
5.186187951110893,2.5616123700014266,130.01000000000013,1.9269302317413262,0.35,0.12,40.0,600.0,12.5,1,0.25,150.0
5.186575378750161,2.594576256508625,130.01000000000013,1.8338546349758145,0.1,0.12,80.0,300.0,50.0,1,0.35,150.0
5.18677981689525,2.596401910287619,130.01000000000013,1.8292225903075119,0.1,0.08,40.0,300.0,25.0,1,0.35,150.0
5.186906930280175,2.594034040867444,130.01000000000013,1.8363511126077978,0.1,0.12,40.0,300.0,50.0,1,0.35,150.0
5.1875235538391715,2.5760467614910105,130.01000000000013,1.889505120994742,0.2,0.22,80.0,600.0,50.0,1,0.25,150.0
5.187631709814464,2.592172749587339,130.01000000000013,1.8437398863632077,0.1,0.22,40.0,600.0,50.0,1,0.25,150.0
5.187820726993286,2.5767786913047854,130.01000000000013,1.8882629591099966,0.2,0.12,40.0,300.0,25.0,1,0.35,150.0
5.187948247725688,2.5584294243777506,130.01000000000013,1.9410537809941022,0.2,0.22,15.0,600.0,12.5,1,0.35,350.0
5.18864070188882,2.5863668540043236,130.01000000000013,1.8632109939557,0.2,0.08,40.0,600.0,25.0,1,0.25,150.0
5.1886624004572,2.588077206106118,130.01000000000013,1.858386269574515,0.1,0.35,15.0,300.0,50.0,1,0.35,150.0
5.188776885505873,2.5824387741368073,130.01000000000013,1.874823175340181,0.2,0.12,40.0,600.0,50.0,1,0.25,150.0
5.1889191188145,2.574467309530255,130.01000000000013,1.8980051693835533,0.2,0.35,80.0,600.0,25.0,1,0.25,150.0
5.189047839933687,2.5753486942226465,130.01000000000013,1.8958547020315395,0.2,0.22,15.0,600.0,50.0,1,0.25,150.0
5.189264554103579,2.594260660772808,130.01000000000013,1.8424396952307671,0.1,0.22,80.0,600.0,50.0,1,0.25,150.0
5.190076166854036,2.5764245449432375,130.01000000000013,1.895718919745134,0.2,0.12,15.0,300.0,25.0,1,0.35,150.0
5.190129725176792,2.5967440637190347,130.01000000000013,1.837816175593589,0.1,0.08,15.0,300.0,25.0,1,0.35,150.0
5.1903953862698575,2.566699850145643,130.01000000000013,1.9244158174977488,0.2,0.35,80.0,300.0,12.5,1,0.35,150.0
5.1905028683019205,2.5845593420675255,130.01000000000013,1.8736957892411241,0.2,0.12,80.0,600.0,50.0,1,0.25,150.0
5.190538982115568,2.593647411839431,130.01000000000013,1.8478330579318138,0.1,0.35,40.0,600.0,50.0,1,0.25,150.0
5.19131529898118,2.5938597245872876,130.01000000000013,1.8494444982682579,0.1,0.22,15.0,600.0,50.0,1,0.25,150.0
5.19155174143203,2.6014611972901185,130.01000000000013,1.8284015546911707,0.1,0.08,80.0,300.0,25.0,1,0.35,150.0
5.191894114780591,2.598556758311085,130.01000000000013,1.8376781613414397,0.1,0.12,40.0,600.0,50.0,1,0.25,150.0
5.191895934406516,2.5921189030144545,130.01000000000013,1.8560772325487436,0.1,0.22,40.0,600.0,12.5,1,0.35,350.0
5.192148320529084,2.583951208420483,130.01000000000013,1.8801346060245672,0.2,0.12,15.0,600.0,50.0,1,0.25,150.0
5.19216324442677,2.5913227174715914,130.01000000000013,1.8591157913005059,0.1,0.08,15.0,600.0,12.5,1,0.35,350.0
5.19217761314675,2.595738556771677,130.01000000000013,1.8465401610716334,0.1,0.35,80.0,600.0,50.0,1,0.25,150.0
5.192643932031602,2.586096105248539,130.01000000000013,1.8754223622373156,0.2,0.08,40.0,300.0,12.5,1,0.35,150.0
5.192791047326643,2.602160943375588,130.01000000000013,1.829943154145866,0.1,0.08,80.0,600.0,25.0,1,0.25,150.0
5.1928735611514245,2.5819727708090543,130.01000000000013,1.8878594009781964,0.2,0.12,80.0,300.0,25.0,1,0.35,150.0
5.193521148241057,2.6006408922670556,130.01000000000013,1.836372159925714,0.1,0.12,80.0,600.0,50.0,1,0.25,150.0
5.193916923188575,2.572124246219404,130.01000000000013,1.9189790770547692,0.2,0.12,15.0,600.0,12.5,1,0.35,350.0
5.193919443505095,2.598420299703307,130.01000000000013,1.8438546965765323,0.1,0.12,15.0,300.0,50.0,1,0.35,150.0
5.194181690951609,2.5953069842012795,130.01000000000013,1.8534991621437942,0.1,0.35,15.0,600.0,50.0,1,0.25,150.0
5.1947745671274035,2.57528420884454,130.01000000000013,1.9124010236653195,0.2,0.22,80.0,300.0,50.0,1,0.35,150.0
5.194779041814439,2.5745439587491825,130.01000000000013,1.9145288087578691,0.2,0.22,40.0,300.0,50.0,1,0.35,150.0
5.195140433787745,2.569573287790485,130.01000000000013,1.9297632742778816,0.2,0.35,40.0,300.0,25.0,1,0.35,150.0
5.195236517965087,2.592743353601471,130.01000000000013,1.8638376124674711,0.1,0.35,40.0,600.0,12.5,1,0.35,350.0
5.19564052699979,2.600293310200175,130.01000000000013,1.8434206194274645,0.1,0.12,15.0,600.0,50.0,1,0.25,150.0
5.195929489504125,2.558532518086493,130.01000000000013,1.9635627754789433,0.35,0.22,40.0,600.0,12.5,1,0.25,150.0
5.196343771799604,2.593622732203499,130.01000000000013,1.864488684560296,0.2,0.08,80.0,600.0,25.0,1,0.25,150.0
5.197040816581827,2.580496207247589,130.01000000000013,1.9039845980978192,0.2,0.35,40.0,600.0,50.0,1,0.25,150.0
5.197374743135371,2.569225884847866,130.01000000000013,1.937139595107152,0.2,0.35,15.0,300.0,25.0,1,0.35,150.0
5.198770718421194,2.582612862495631,130.01000000000013,1.9028795883587448,0.2,0.35,80.0,600.0,50.0,1,0.25,150.0
5.199988601872003,2.574590561006138,130.01000000000013,1.929280116759609,0.2,0.35,80.0,300.0,25.0,1,0.35,150.0
5.200216790934076,2.581869607187099,130.01000000000013,1.909134810705644,0.2,0.35,15.0,600.0,50.0,1,0.25,150.0
5.200294387443897,2.6033833478415946,130.01000000000013,1.8478886845780007,0.1,0.12,40.0,600.0,12.5,1,0.35,350.0
5.200638283666934,2.5781029177694017,130.01000000000013,1.9211010454215143,0.2,0.22,15.0,300.0,50.0,1,0.35,150.0
5.200685759505948,2.6091242495756743,130.01000000000013,1.8326043140864927,0.1,0.08,80.0,300.0,50.0,1,0.35,150.0
5.20100339550864,2.6085730575621526,130.01000000000013,1.8350866798471013,0.1,0.08,40.0,300.0,50.0,1,0.35,150.0
5.201148748089528,2.6083717727820805,130.01000000000013,1.8360770723069881,0.1,0.08,40.0,600.0,50.0,1,0.25,150.0
5.201932672127721,2.58878912655751,130.01000000000013,1.8942672730577397,0.2,0.12,40.0,300.0,50.0,1,0.35,150.0
5.201946182774117,2.589544583561517,130.01000000000013,1.892147426321709,0.2,0.12,80.0,300.0,50.0,1,0.35,150.0
5.202066106542352,2.572786404893608,130.01000000000013,1.9403705761392644,0.35,0.12,15.0,600.0,25.0,1,0.25,150.0
5.202785499721091,2.6104629046162713,130.01000000000013,1.8347788431566219,0.1,0.08,80.0,600.0,50.0,1,0.25,150.0
5.2030242306707,2.576355061861025,130.01000000000013,1.932911910884783,0.35,0.12,80.0,600.0,12.5,1,0.25,150.0
5.203826767747839,2.5662536998617402,130.01000000000013,1.9640659082459904,0.2,0.35,15.0,600.0,12.5,1,0.35,350.0
5.2045819171433045,2.5997546769589897,130.01000000000013,1.8705064005266094,0.2,0.08,40.0,600.0,50.0,1,0.25,150.0
5.204919037472279,2.610129022337617,130.01000000000013,1.8418286146704586,0.1,0.08,15.0,600.0,50.0,1,0.25,150.0
5.205745576361562,2.577702880876458,130.01000000000013,1.9368362728145772,0.35,0.12,40.0,600.0,25.0,1,0.25,150.0
5.206054693327491,2.585136062756768,130.01000000000013,1.9164818016306333,0.35,0.08,40.0,600.0,12.5,1,0.25,150.0
5.2062241751206475,2.5984631176653865,130.01000000000013,1.8788887355864567,0.2,0.08,80.0,300.0,12.5,1,0.35,150.0
5.206330156326266,2.6018918852472943,130.01000000000013,1.8693950602256282,0.2,0.08,80.0,600.0,50.0,1,0.25,150.0
5.207973462838611,2.592500984135651,130.01000000000013,1.9009213677227366,0.2,0.12,15.0,300.0,50.0,1,0.35,150.0
5.20800071800668,2.6013077640505164,130.01000000000013,1.8758370113033194,0.2,0.08,15.0,600.0,50.0,1,0.25,150.0
5.208070858204931,2.6130080278573136,130.01000000000013,1.842608086707474,0.1,0.08,15.0,300.0,50.0,1,0.35,150.0
5.208913095155071,2.582029740379334,130.01000000000013,1.9335238707878166,0.2,0.35,80.0,300.0,50.0,1,0.35,150.0
5.208927805730294,2.5813045996821486,130.01000000000013,1.9356377315661257,0.2,0.35,40.0,300.0,50.0,1,0.35,150.0
5.209973389606513,2.56101806388801,130.01000000000013,1.996586644910004,0.35,0.35,15.0,600.0,12.5,1,0.25,150.0
5.210835010133161,2.601252267558345,130.01000000000013,1.8840935502137552,0.2,0.08,40.0,300.0,25.0,1,0.35,150.0
5.21158416814988,2.569533217694585,130.01000000000013,1.9768598584436965,0.35,0.22,15.0,600.0,25.0,1,0.25,150.0
5.212423755069077,2.5862313910447883,130.01000000000013,1.9315496114979622,0.2,0.22,40.0,600.0,12.5,1,0.35,350.0
5.212477126107164,2.573031042080909,130.01000000000013,1.969417382932152,0.35,0.22,80.0,600.0,12.5,1,0.25,150.0
5.2130437520536255,2.6008728437486677,130.01000000000013,1.8914883094427308,0.2,0.08,15.0,300.0,25.0,1,0.35,150.0
5.213573956462676,2.584971052895187,130.01000000000013,1.9384368673356775,0.35,0.12,80.0,600.0,25.0,1,0.25,150.0
5.21468821421698,2.584797709769313,130.01000000000013,1.942115726993328,0.2,0.35,15.0,300.0,50.0,1,0.35,150.0
5.214975336029548,2.618555667124413,130.01000000000013,1.8464847683003813,0.1,0.08,40.0,600.0,12.5,1,0.35,350.0
5.215265846675796,2.574426063076835,130.01000000000013,1.9733993817113114,0.35,0.22,40.0,600.0,25.0,1,0.25,150.0
5.216012707469722,2.606541726861223,130.01000000000013,1.8837742303099905,0.2,0.08,80.0,300.0,25.0,1,0.35,150.0
5.216900591175447,2.596868478013822,130.01000000000013,1.9139488947474945,0.2,0.08,15.0,600.0,12.5,1,0.35,350.0
5.2192780496960935,2.600697023764511,130.01000000000013,1.9098029312330882,0.2,0.12,40.0,600.0,12.5,1,0.35,350.0
5.221444652987563,2.6197347356760767,130.01000000000013,1.861599763747099,0.1,0.22,80.0,600.0,12.5,1,0.35,350.0
5.221495377661368,2.5908660419415876,130.01000000000013,1.9442266734850806,0.35,0.12,40.0,600.0,50.0,1,0.25,150.0
5.222049952386091,2.5964218921889697,130.01000000000013,1.9299373148489125,0.35,0.08,15.0,600.0,25.0,1,0.25,150.0
5.222944385169783,2.5815630325302688,130.01000000000013,1.9749467218271775,0.35,0.22,80.0,600.0,25.0,1,0.25,150.0
5.223144488774759,2.6000827259870554,130.01000000000013,1.92260503653629,0.35,0.08,80.0,600.0,12.5,1,0.25,150.0
5.223469729883508,2.5931235872721192,130.01000000000013,1.9434175503182491,0.35,0.12,80.0,600.0,50.0,1,0.25,150.0
5.224043053427283,2.5918246515767702,130.01000000000013,1.9487668624300314,0.35,0.12,15.0,600.0,50.0,1,0.25,150.0
5.224681036853574,2.620263294213673,130.01000000000013,1.8693364075425687,0.1,0.35,80.0,600.0,12.5,1,0.35,350.0
5.225142238845429,2.613423140153525,130.01000000000013,1.8901974248340059,0.2,0.08,40.0,300.0,50.0,1,0.35,150.0
5.2251865793726076,2.6141992369770612,130.01000000000013,1.8881066925586985,0.2,0.08,80.0,300.0,50.0,1,0.35,150.0
5.225819585624915,2.601406902252515,130.01000000000013,1.9264648096354238,0.35,0.08,40.0,600.0,25.0,1,0.25,150.0
5.227822074886446,2.593582022166185,130.01000000000013,1.9545430077721713,0.2,0.35,40.0,600.0,12.5,1,0.35,350.0
5.229500455746755,2.579562836596717,130.01000000000013,1.9993931975715316,0.35,0.35,40.0,600.0,12.5,1,0.25,150.0
5.230099187032687,2.6312142627475663,130.01000000000013,1.8535283551003405,0.1,0.12,80.0,600.0,12.5,1,0.35,350.0
5.2307766236852515,2.587384820038474,130.01000000000013,1.9806908675622164,0.35,0.22,40.0,600.0,50.0,1,0.25,150.0
5.231292917142595,2.6172322681360063,130.01000000000013,1.896887568590248,0.2,0.08,15.0,300.0,50.0,1,0.35,150.0
5.232726884644388,2.589614913579206,130.01000000000013,1.9798913459005165,0.35,0.22,80.0,600.0,50.0,1,0.25,150.0
5.233140684370529,2.588207683630972,130.01000000000013,1.985094287827301,0.35,0.22,15.0,600.0,50.0,1,0.25,150.0
5.233690613375951,2.627057622893375,130.01000000000013,1.8756656870930706,0.1,0.22,40.0,600.0,25.0,1,0.35,350.0
5.233791853462092,2.6087891845790083,130.01000000000013,1.92815048252309,0.35,0.08,80.0,600.0,25.0,1,0.25,150.0
5.236963408819146,2.627609986612615,130.01000000000013,1.883438349161511,0.1,0.35,40.0,600.0,25.0,1,0.35,350.0
5.241495626985696,2.6371786585918384,130.01000000000013,1.869048481125302,0.1,0.22,40.0,600.0,12.5,1,0.55,700.0
5.2417731034369,2.61474047475108,130.01000000000013,1.933950367673765,0.35,0.08,40.0,600.0,50.0,1,0.25,150.0
5.2423095480968795,2.638527359446276,130.01000000000013,1.8675205390017198,0.1,0.12,40.0,600.0,25.0,1,0.35,350.0
5.242507802374307,2.6139415660222474,130.01000000000013,1.9383321038630237,0.2,0.22,80.0,600.0,12.5,1,0.35,350.0
5.243155516322512,2.6261300550774953,130.01000000000013,1.905358460700043,0.2,0.08,40.0,600.0,12.5,1,0.35,350.0
5.243793510740046,2.617033508336653,130.01000000000013,1.9331714354382614,0.35,0.08,80.0,600.0,50.0,1,0.25,150.0
5.243800877526617,2.6382596064458976,130.01000000000013,1.8725464888020498,0.1,0.22,80.0,600.0,25.0,1,0.35,350.0
5.244401655668414,2.6157683731108032,130.01000000000013,1.938523664450309,0.35,0.08,15.0,600.0,50.0,1,0.25,150.0
5.245030611678372,2.5904920109680787,130.01000000000013,2.0125388591722615,0.35,0.35,15.0,600.0,25.0,1,0.25,150.0
5.245061117379063,2.6466080482760894,130.01000000000013,1.8522944831513481,0.1,0.08,80.0,600.0,12.5,1,0.35,350.0
5.245064049425515,2.6368846327018116,130.01000000000013,1.8800840477820042,0.1,0.35,40.0,600.0,12.5,1,0.55,700.0
5.245821756143853,2.5938824323523373,130.01000000000013,2.005112353690039,0.35,0.35,80.0,600.0,12.5,1,0.25,150.0
5.246657956004954,2.631441767920988,130.01000000000013,1.9001891088113294,0.1,0.22,15.0,600.0,25.0,1,0.35,350.0
5.247021868452313,2.6387613555724116,130.01000000000013,1.8803157510854251,0.1,0.35,80.0,600.0,25.0,1,0.35,350.0
5.248693453343662,2.595339354809819,130.01000000000013,2.0091545672395497,0.35,0.35,40.0,600.0,25.0,1,0.25,150.0
5.249850277963346,2.63195129956774,130.01000000000013,1.9078542239874414,0.1,0.35,15.0,600.0,25.0,1,0.35,350.0
5.250000873067802,2.6289445278994097,130.01000000000013,1.9168752719096873,0.2,0.12,80.0,600.0,12.5,1,0.35,350.0
5.25254956984722,2.6498350505247257,130.01000000000013,1.8644700552071225,0.1,0.12,80.0,600.0,25.0,1,0.35,350.0
5.253308708109997,2.6061736203211434,130.01000000000013,1.991385965111005,0.35,0.12,15.0,300.0,12.5,1,0.35,150.0
5.253882411800222,2.620702098414314,130.01000000000013,1.9515151811025881,0.2,0.22,40.0,600.0,25.0,1,0.35,350.0
5.254059397305618,2.6530608885723246,130.01000000000013,1.8595671678094048,0.1,0.12,40.0,600.0,12.5,1,0.55,700.0
5.2553680884254454,2.642994323731487,130.01000000000013,1.8920678991255906,0.1,0.12,15.0,600.0,25.0,1,0.35,350.0
5.256253758695454,2.60237706127696,130.01000000000013,2.010647706909978,0.35,0.35,80.0,600.0,25.0,1,0.25,150.0
5.257235062729226,2.653910245492845,130.01000000000013,1.8662137635325118,0.1,0.08,40.0,600.0,25.0,1,0.35,350.0
5.257553827275323,2.6209839576614384,130.01000000000013,1.9611996274682357,0.2,0.35,80.0,600.0,12.5,1,0.35,350.0
5.261225611798002,2.6356060699286212,130.01000000000013,1.9299129767696561,0.2,0.12,40.0,600.0,25.0,1,0.35,350.0
5.263652614948338,2.6230406795844794,130.01000000000013,1.9727483867538746,0.2,0.22,15.0,600.0,25.0,1,0.35,350.0
5.264036306155268,2.6081665369694322,130.01000000000013,2.016342197673812,0.35,0.35,40.0,600.0,50.0,1,0.25,150.0
5.264774341901899,2.6322773330027798,130.01000000000013,1.9495628825689053,0.2,0.22,80.0,600.0,25.0,1,0.35,350.0
5.265074523559703,2.65613229263291,130.01000000000013,1.8822635169336897,0.1,0.22,80.0,600.0,50.0,1,0.35,350.0
5.2659633681983715,2.6103692576116924,130.01000000000013,2.0155546016762225,0.35,0.35,80.0,600.0,50.0,1,0.25,150.0
5.266046876576517,2.602216996310982,130.01000000000013,2.039085372187238,0.35,0.22,15.0,300.0,12.5,1,0.35,150.0
5.266293001413129,2.6089310818464386,130.01000000000013,2.020605484476253,0.35,0.35,15.0,600.0,50.0,1,0.25,150.0
5.266983698093111,2.655610305646183,130.01000000000013,1.889209692705503,0.1,0.22,40.0,600.0,50.0,1,0.35,350.0
5.267628468704993,2.665334067344928,130.01000000000013,1.8632697181716096,0.1,0.08,80.0,600.0,25.0,1,0.35,350.0
5.267893777447388,2.620886795255917,130.01000000000013,1.9910199491184832,0.35,0.12,40.0,300.0,12.5,1,0.35,150.0
5.268258534710117,2.65659525144529,130.01000000000013,1.8900379521852149,0.1,0.35,80.0,600.0,50.0,1,0.35,350.0
5.268944874604573,2.6673705807597576,130.01000000000013,1.8612122681280407,0.1,0.22,80.0,600.0,12.5,1,0.55,700.0
5.269065382879125,2.627856834151378,130.01000000000013,1.9744529963649864,0.2,0.35,40.0,600.0,25.0,1,0.35,350.0
5.270034691337515,2.642432124990993,130.01000000000013,1.9355787609900577,0.1,0.22,15.0,600.0,12.5,1,0.55,700.0
5.270159874530719,2.656073283292583,130.01000000000013,1.896961689251813,0.1,0.35,40.0,600.0,50.0,1,0.35,350.0
5.270250519798644,2.6583609271666133,130.01000000000013,1.890684550377225,0.1,0.08,15.0,600.0,25.0,1,0.35,350.0
5.2710543874304925,2.6379879855263195,130.01000000000013,1.951189719726204,0.2,0.12,15.0,600.0,25.0,1,0.35,350.0
5.2721586335122055,2.666742132520997,130.01000000000013,1.8721900028320202,0.1,0.35,80.0,600.0,12.5,1,0.55,700.0
5.2724614992362575,2.647469164097365,130.01000000000013,1.9281209575396876,0.2,0.12,80.0,600.0,25.0,1,0.35,350.0
5.2740032182108045,2.67320030411663,130.01000000000013,1.859008325983352,0.1,0.08,40.0,600.0,12.5,1,0.55,700.0
5.2741679323975985,2.6427326317938253,130.01000000000013,1.9465294302964895,0.1,0.35,15.0,600.0,12.5,1,0.55,700.0
5.274461866640163,2.654836325486701,130.01000000000013,1.912787260438457,0.2,0.08,80.0,600.0,12.5,1,0.35,350.0
5.278788259152457,2.6302223525296875,130.01000000000013,1.9954740189221927,0.2,0.35,15.0,600.0,25.0,1,0.35,350.0
5.278931318775414,2.6358290978337484,130.01000000000013,1.9798634884047543,0.35,0.08,15.0,300.0,12.5,1,0.35,150.0
5.279766031231224,2.6392542462146165,130.01000000000013,1.9724622429045886,0.2,0.35,80.0,600.0,25.0,1,0.35,350.0
5.279794221679982,2.6162101216261595,130.01000000000013,2.0383831430109156,0.35,0.22,40.0,300.0,12.5,1,0.35,150.0
5.281243165266969,2.6571918091609374,130.01000000000013,1.9254324460172287,0.1,0.12,15.0,600.0,12.5,1,0.55,700.0
5.282180899780964,2.6336599304059916,130.01000000000013,1.9953456267856287,0.35,0.12,80.0,300.0,12.5,1,0.35,150.0
5.282363243503189,2.6839500936613834,130.01000000000013,1.8521804281194403,0.1,0.12,80.0,600.0,12.5,1,0.55,700.0
5.285590158893529,2.661452204707116,130.01000000000013,1.9256798691040324,0.2,0.08,40.0,600.0,25.0,1,0.35,350.0
5.285710365939352,2.6337186268801562,130.01000000000013,2.0052621115976965,0.35,0.12,15.0,300.0,25.0,1,0.35,150.0
5.285892480186093,2.6499215978791906,130.01000000000013,1.9594882351625749,0.2,0.22,80.0,600.0,50.0,1,0.35,350.0
5.286057718382874,2.6359174983678093,130.01000000000013,1.9999720571858937,0.35,0.12,40.0,300.0,25.0,1,0.35,150.0
5.286833461588812,2.648796433804158,130.01000000000013,1.96539150795615,0.2,0.22,40.0,600.0,50.0,1,0.35,350.0
5.292004116468432,2.641705527932621,130.01000000000013,2.0004245386737396,0.35,0.12,80.0,300.0,25.0,1,0.35,150.0
5.293518199983184,2.628512469911494,130.01000000000013,2.042444943061968,0.35,0.22,80.0,300.0,12.5,1,0.35,150.0
5.293839710421521,2.665344361580618,130.01000000000013,1.938129568116862,0.2,0.12,80.0,600.0,50.0,1,0.35,350.0
5.294147749513623,2.6510254560923023,130.01000000000013,1.979920838346628,0.35,0.08,40.0,300.0,12.5,1,0.35,150.0
5.2947351958601185,2.6641824460275423,130.01000000000013,1.944007856664498,0.2,0.12,40.0,600.0,50.0,1,0.35,350.0
5.295313845413953,2.663784646494579,130.01000000000013,1.9467977111982058,0.2,0.08,15.0,600.0,25.0,1,0.35,350.0
5.297147830014952,2.6735600577705525,130.01000000000013,1.9241079206982772,0.2,0.08,80.0,600.0,25.0,1,0.35,350.0
5.297340998219266,2.6288199601156563,130.01000000000013,2.052488680296021,0.35,0.22,15.0,300.0,25.0,1,0.35,150.0
5.297542701086011,2.6362092505851225,130.01000000000013,2.0319527157168205,0.35,0.12,15.0,600.0,12.5,1,0.35,350.0
5.297567515633918,2.6309050548085113,130.01000000000013,2.047178459501155,0.35,0.22,40.0,300.0,25.0,1,0.35,150.0
5.299923631734593,2.676363690137157,130.01000000000013,1.9240284045640983,0.1,0.08,15.0,600.0,12.5,1,0.55,700.0
5.300340067104976,2.6479764558431533,130.01000000000013,2.006324603605203,0.35,0.12,40.0,300.0,50.0,1,0.35,150.0
5.3003401505247565,2.6581117261761364,130.01000000000013,1.9773669267103362,0.2,0.22,40.0,600.0,12.5,1,0.55,700.0
5.300769784487493,2.6567943627222537,130.01000000000013,1.9823583479006768,0.2,0.35,80.0,600.0,50.0,1,0.35,350.0
5.301170921267694,2.649304713668552,130.01000000000013,2.0049034502832574,0.35,0.12,80.0,300.0,50.0,1,0.35,150.0
5.301736051788005,2.6557085613375575,130.01000000000013,1.9882214012869872,0.2,0.35,40.0,600.0,50.0,1,0.35,350.0
5.303199066879983,2.636426771531034,130.01000000000013,2.0474922724255626,0.35,0.22,80.0,300.0,25.0,1,0.35,150.0
5.304269270174939,2.650126184532005,130.01000000000013,2.011408816122663,0.35,0.12,15.0,300.0,50.0,1,0.35,150.0
5.304932565084862,2.6603785075022044,130.01000000000013,1.9840115930933044,0.2,0.22,15.0,600.0,50.0,1,0.35,350.0
5.308858234150932,2.664130012606421,130.01000000000013,1.9845092044128843,0.35,0.08,80.0,300.0,12.5,1,0.35,150.0
5.310867582080233,2.6775881948970217,130.01000000000013,1.951798249094884,0.2,0.12,40.0,600.0,12.5,1,0.55,700.0
5.311377823386349,2.628938928889802,130.01000000000013,2.092253984275842,0.35,0.35,15.0,300.0,12.5,1,0.35,150.0
5.311415578710053,2.642596779102613,130.01000000000013,2.053339427449826,0.35,0.22,40.0,300.0,50.0,1,0.35,150.0
5.312165691847229,2.6438542870161785,130.01000000000013,2.051889728088709,0.35,0.22,80.0,300.0,50.0,1,0.35,150.0
5.312203411822253,2.6640808656054413,130.01000000000013,1.9942072749051718,0.35,0.08,15.0,300.0,25.0,1,0.35,150.0
5.312653524499,2.6663403695208374,130.01000000000013,1.9890375856518876,0.35,0.08,40.0,300.0,25.0,1,0.35,150.0
5.313388279457069,2.6342080982153444,130.01000000000013,2.082943374976352,0.35,0.22,15.0,600.0,12.5,1,0.35,350.0
5.313400934143015,2.676247434013705,130.01000000000013,1.962867143226596,0.2,0.12,15.0,600.0,50.0,1,0.35,350.0
5.313609192050795,2.6529105608618204,130.01000000000013,2.0301389462542088,0.2,0.22,15.0,600.0,12.5,1,0.55,700.0
5.315096626767998,2.644542016841356,130.01000000000013,2.0582988855046858,0.35,0.22,15.0,300.0,50.0,1,0.35,150.0
5.318782165977723,2.691650451748415,130.01000000000013,1.9342334692265861,0.2,0.08,80.0,600.0,50.0,1,0.35,350.0
5.318832795403102,2.6723065436107825,130.01000000000013,1.9896464336923347,0.35,0.08,80.0,300.0,25.0,1,0.35,150.0
5.3190277356799225,2.6659193942494332,130.01000000000013,2.0084524040871066,0.2,0.35,40.0,600.0,12.5,1,0.55,700.0
5.319528772535121,2.6670794402582882,130.01000000000013,2.0065695207909466,0.2,0.35,15.0,600.0,50.0,1,0.35,350.0
5.319604359347681,2.690441679433271,130.01000000000013,1.9400362283268808,0.2,0.08,40.0,600.0,50.0,1,0.35,350.0
5.321011349922128,2.6697458808440913,130.01000000000013,2.00318705450867,0.2,0.12,15.0,600.0,12.5,1,0.55,700.0
5.3226595193005135,2.665767924518851,130.01000000000013,2.0192616993761714,0.35,0.08,15.0,600.0,12.5,1,0.35,350.0
5.3245321373619765,2.64239784405456,130.01000000000013,2.091383695164042,0.35,0.35,40.0,300.0,12.5,1,0.35,150.0
5.32728195401367,2.678680158073118,130.01000000000013,1.9955765598301445,0.35,0.08,40.0,300.0,50.0,1,0.35,150.0
5.328174145158516,2.680050337360587,130.01000000000013,1.9942108794226505,0.35,0.08,80.0,300.0,50.0,1,0.35,150.0
5.330689329164519,2.670106541431598,130.01000000000013,2.0298079649512006,0.35,0.12,40.0,600.0,12.5,1,0.35,350.0
5.3313967785405145,2.680995787589552,130.01000000000013,2.0007171170027456,0.35,0.08,15.0,300.0,50.0,1,0.35,150.0
5.3334584230175945,2.6920099239304185,130.01000000000013,1.975138568820496,0.2,0.22,80.0,600.0,12.5,1,0.55,700.0
5.33396981048619,2.662426842746942,130.01000000000013,2.0611227649692747,0.2,0.35,15.0,600.0,12.5,1,0.55,700.0
5.337868792386072,2.654376706474,130.01000000000013,2.0952631026059145,0.35,0.35,80.0,300.0,12.5,1,0.35,150.0
5.338631799726149,2.7028254093072803,130.01000000000013,1.9590182583396187,0.2,0.08,15.0,600.0,50.0,1,0.35,350.0
5.341820062668026,2.7096467551421104,130.01000000000013,1.948638021502609,0.2,0.08,40.0,600.0,12.5,1,0.55,700.0
5.341976489537112,2.6549683285516155,130.01000000000013,2.1053090313871294,0.35,0.35,15.0,300.0,25.0,1,0.35,150.0
5.342077591257022,2.656904681636919,130.01000000000013,2.100065456057432,0.35,0.35,40.0,300.0,25.0,1,0.35,150.0
5.344315520293163,2.6661688648487796,130.01000000000013,2.0799904441268042,0.35,0.22,40.0,600.0,12.5,1,0.35,350.0
5.345866011620311,2.7130228002872276,130.01000000000013,1.9505520323802328,0.2,0.12,80.0,600.0,12.5,1,0.55,700.0
5.347488659986001,2.6622327209442322,130.01000000000013,2.100302682976476,0.35,0.35,80.0,300.0,25.0,1,0.35,150.0
5.349602391729043,2.700048665509867,130.01000000000013,1.998296360626212,0.2,0.08,15.0,600.0,12.5,1,0.55,700.0
5.3511565421594645,2.6989115860752495,130.01000000000013,2.0059855888120373,0.2,0.35,80.0,600.0,12.5,1,0.55,700.0
5.355655741462359,2.668375177148226,130.01000000000013,2.106087326611804,0.35,0.35,40.0,300.0,50.0,1,0.35,150.0
5.356339111707462,2.669564055597345,130.01000000000013,2.104643017457472,0.35,0.35,80.0,300.0,50.0,1,0.35,150.0
5.35746794284819,2.7009449419383267,130.01000000000013,2.0182085740281774,0.35,0.08,40.0,600.0,12.5,1,0.35,350.0
5.359233150244505,2.670265460692662,130.01000000000013,2.1109076844338337,0.35,0.35,15.0,300.0,50.0,1,0.35,150.0
5.362697679163075,2.6635284831531436,130.01000000000013,2.1400548457426556,0.35,0.35,15.0,600.0,12.5,1,0.35,350.0
5.364100056402453,2.700100968325306,130.01000000000013,2.039568823077558,0.35,0.12,80.0,600.0,12.5,1,0.35,350.0
5.369149906226181,2.7162046468922147,130.01000000000013,2.0079864552398994,0.2,0.22,40.0,600.0,25.0,1,0.55,700.0
5.37036215530896,2.722837348107166,130.01000000000013,1.9924994491479793,0.2,0.22,40.0,300.0,12.5,1,0.55,350.0
5.3704972956566746,2.7229028100228607,130.01000000000013,1.9926985303823201,0.2,0.22,80.0,600.0,25.0,1,0.55,700.0
5.373089633911174,2.7051627499960063,130.01000000000013,2.0507910969004732,0.35,0.12,40.0,600.0,25.0,1,0.35,350.0
5.375371770041506,2.7021288489727153,130.01000000000013,2.0659797744822535,0.35,0.12,15.0,600.0,25.0,1,0.35,350.0
5.376305108297865,2.6949720888149766,130.01000000000013,2.0890943413796785,0.35,0.22,80.0,600.0,12.5,1,0.35,350.0
5.377823863885115,2.720440708081005,130.01000000000013,2.0206661594403075,0.2,0.22,15.0,300.0,12.5,1,0.55,350.0
5.378286359194765,2.74619557088988,130.01000000000013,1.9484022522996645,0.2,0.08,80.0,600.0,12.5,1,0.55,700.0
5.381002494710912,2.7368397756338783,130.01000000000013,1.982893483077233,0.2,0.12,40.0,600.0,25.0,1,0.55,700.0
5.383328553138236,2.744341100946554,130.01000000000013,1.9681070062619426,0.2,0.12,40.0,300.0,12.5,1,0.55,350.0
5.383422185169697,2.7443888091150224,130.01000000000013,1.968238217299064,0.2,0.12,80.0,600.0,25.0,1,0.55,700.0
5.385774251965609,2.7004150913838947,130.01000000000013,2.1005976016620354,0.35,0.22,40.0,600.0,25.0,1,0.35,350.0
5.386643430736552,2.739887427297893,130.01000000000013,1.9903028669675902,0.2,0.22,80.0,300.0,12.5,1,0.55,350.0
5.386909138126477,2.7187838450244834,130.01000000000013,2.0513579802914057,0.35,0.12,80.0,600.0,25.0,1,0.35,350.0
5.38733289509949,2.7235309767394034,130.01000000000013,2.039005481028816,0.2,0.35,40.0,600.0,25.0,1,0.55,700.0
5.3879132928529385,2.729575760170818,130.01000000000013,2.023392950520338,0.2,0.35,40.0,300.0,12.5,1,0.55,350.0
5.388066563319869,2.7296493838729674,130.01000000000013,2.02362051270543,0.2,0.35,80.0,600.0,25.0,1,0.55,700.0
5.38834419061608,2.6976577915627167,130.01000000000013,2.115818283009605,0.35,0.22,15.0,600.0,25.0,1,0.35,350.0
5.389378568695362,2.7408339665004076,130.01000000000013,1.9954131491284355,0.2,0.12,15.0,300.0,12.5,1,0.55,350.0
5.391935600837668,2.731763955019326,130.01000000000013,2.0286332737666877,0.35,0.08,80.0,600.0,12.5,1,0.35,350.0
5.392089131728497,2.69407427872032,130.01000000000013,2.1367567228804996,0.35,0.35,40.0,600.0,12.5,1,0.35,350.0
5.3961985787224425,2.7279765672314915,130.01000000000013,2.051634318545567,0.2,0.35,15.0,300.0,12.5,1,0.55,350.0
5.39877493396132,2.713343763235133,130.01000000000013,2.100803344931958,0.35,0.22,80.0,600.0,25.0,1,0.35,350.0
5.4005837860678545,2.762166248701392,130.01000000000013,1.9664786781898862,0.2,0.12,80.0,300.0,12.5,1,0.55,350.0
5.40069699744584,2.7366881534186316,130.01000000000013,2.03959669722059,0.35,0.08,40.0,600.0,25.0,1,0.35,350.0
5.402742340599488,2.733528009294536,130.01000000000013,2.0544695180141423,0.35,0.08,15.0,600.0,25.0,1,0.35,350.0
5.403673568435385,2.746157643103736,130.01000000000013,2.021045500947567,0.2,0.35,80.0,300.0,12.5,1,0.55,350.0
5.405299579066115,2.752671006219642,130.01000000000013,2.0070816367042053,0.2,0.22,40.0,300.0,25.0,1,0.55,350.0
5.4054367608909315,2.752737774539536,130.01000000000013,2.0072828181468396,0.2,0.22,80.0,600.0,50.0,1,0.55,700.0
5.40579234905474,2.7559515877820413,130.01000000000013,1.9991164607791343,0.2,0.22,80.0,300.0,25.0,1,0.55,350.0
5.407091295110173,2.7339218183315146,130.01000000000013,2.065769933653303,0.35,0.12,40.0,600.0,50.0,1,0.35,350.0
5.408570268632157,2.7367714363828695,130.01000000000013,2.06185380642653,0.35,0.12,80.0,600.0,50.0,1,0.35,350.0
5.413263659803668,2.7699705694592667,130.01000000000013,1.980408829555428,0.2,0.08,40.0,600.0,25.0,1,0.55,700.0
5.415108445907436,2.750758836718842,130.01000000000013,2.040570311967407,0.35,0.08,80.0,600.0,25.0,1,0.35,350.0
5.416358819711329,2.7780130423698175,130.01000000000013,1.9662736495471715,0.2,0.08,40.0,300.0,12.5,1,0.55,350.0
5.416422975032716,2.7780484234610836,130.01000000000013,1.9663558616332284,0.2,0.08,80.0,600.0,25.0,1,0.55,700.0
5.41866607214249,2.728234140218641,130.01000000000013,2.1150912340681347,0.35,0.22,40.0,600.0,50.0,1,0.35,350.0
5.419018250625033,2.7748168225786416,130.01000000000013,1.9830040801325413,0.2,0.12,40.0,300.0,25.0,1,0.55,350.0
5.419111797037754,2.774865025151606,130.01000000000013,1.9831336339604186,0.2,0.12,80.0,600.0,50.0,1,0.55,700.0
5.419400363575061,2.7412432402004705,130.01000000000013,2.0800203524988246,0.35,0.12,15.0,600.0,50.0,1,0.35,350.0
5.419936130897283,2.73090377034418,130.01000000000013,2.111092458723147,0.35,0.22,80.0,600.0,50.0,1,0.35,350.0
5.420025289487804,2.778492217708288,130.01000000000013,1.9753802050843292,0.2,0.12,80.0,300.0,25.0,1,0.55,350.0
5.421464246176389,2.773850728192779,130.01000000000013,1.9927529085245939,0.2,0.08,15.0,300.0,12.5,1,0.55,350.0
5.421575782173158,2.7623393786537895,130.01000000000013,2.0259611529124766,0.2,0.22,40.0,600.0,50.0,1,0.55,700.0
5.422557735141657,2.7591339756538846,130.01000000000013,2.0379250271079146,0.2,0.35,40.0,300.0,25.0,1,0.55,350.0
5.422713973123529,2.759209270889008,130.01000000000013,2.0381562920986274,0.2,0.35,80.0,600.0,50.0,1,0.55,700.0
5.422742904956333,2.7621310022777212,130.01000000000013,2.0298911505103168,0.2,0.35,80.0,300.0,25.0,1,0.55,350.0
5.4231158577424186,2.7220625270097907,130.01000000000013,2.145438087807505,0.35,0.35,80.0,600.0,12.5,1,0.35,350.0
5.423380983027778,2.7710579138175557,130.01000000000013,2.0062087691720594,0.2,0.22,80.0,300.0,50.0,1,0.55,350.0
5.430188751578161,2.734895818235461,130.01000000000013,2.1289798095505654,0.35,0.22,15.0,600.0,50.0,1,0.35,350.0
5.430916531950234,2.7754545411714084,130.01000000000013,2.015177116510924,0.2,0.22,40.0,300.0,50.0,1,0.55,350.0
5.433009842245458,2.727873500243336,130.01000000000013,2.1571038342917697,0.35,0.35,40.0,600.0,25.0,1,0.35,350.0
5.435117923724517,2.784402395962277,130.01000000000013,2.0016157936063963,0.2,0.12,40.0,600.0,50.0,1,0.55,700.0
5.435265313243376,2.772002138338812,130.01000000000013,2.0374662140130355,0.2,0.22,15.0,300.0,25.0,1,0.55,350.0
5.435581954676922,2.7661610321151167,130.01000000000013,2.05505977874801,0.35,0.08,40.0,600.0,50.0,1,0.35,350.0
5.43587925828794,2.7254970815794253,130.01000000000013,2.172091933452894,0.35,0.35,15.0,600.0,25.0,1,0.35,350.0
5.4372055995047015,2.7691048138934873,130.01000000000013,2.051287958889179,0.35,0.08,80.0,600.0,50.0,1,0.35,350.0
5.438011476740312,2.7939339417525275,130.01000000000013,1.9826500999650927,0.2,0.12,80.0,300.0,50.0,1,0.55,350.0
5.439010175723749,2.768983219975506,130.01000000000013,2.056791302137834,0.2,0.35,40.0,600.0,50.0,1,0.55,700.0
5.440174715137186,2.777091096064418,130.01000000000013,2.036953197350759,0.2,0.35,80.0,300.0,50.0,1,0.55,350.0
5.441596933173345,2.764416971612853,130.01000000000013,2.077228461601402,0.2,0.22,15.0,600.0,25.0,1,0.55,700.0
5.445446542416985,2.740299608471348,130.01000000000013,2.1571340969875283,0.35,0.35,80.0,600.0,25.0,1,0.35,350.0
5.4477891042898205,2.7815698701381706,130.01000000000013,2.0459120975761387,0.2,0.35,40.0,300.0,50.0,1,0.55,350.0
5.448501859419205,2.774025870224488,130.01000000000013,2.0695028262706177,0.35,0.08,15.0,600.0,50.0,1,0.35,350.0
5.452620341945127,2.778604939334034,130.01000000000013,2.0681868646031174,0.2,0.35,15.0,300.0,25.0,1,0.55,350.0
5.459906238022556,2.772028704979596,130.01000000000013,2.1077929515513087,0.2,0.35,15.0,600.0,25.0,1,0.55,700.0
5.465228080472579,2.7551337468584305,130.01000000000013,2.1712695246118465,0.35,0.35,40.0,600.0,50.0,1,0.35,350.0
5.466325247265989,2.7576233992020764,130.01000000000013,2.1672909944683183,0.35,0.35,80.0,600.0,50.0,1,0.35,350.0
5.476415585781924,2.761599941084163,130.01000000000013,2.1847589848507396,0.35,0.35,15.0,600.0,50.0,1,0.35,350.0
5.504583362265535,2.7994786899147175,130.01000000000013,2.1570133495737576,0.35,0.12,15.0,600.0,12.5,1,0.55,700.0
5.529497234950369,2.8028025751125063,130.01000000000013,2.2186990281081713,0.35,0.22,15.0,600.0,12.5,1,0.55,700.0
5.531019293353666,2.8305732132750236,130.01000000000013,2.143703085938974,0.35,0.08,15.0,600.0,12.5,1,0.55,700.0
5.5363870974028,2.8395011449679695,130.01000000000013,2.1335312926709395,0.35,0.12,40.0,600.0,12.5,1,0.55,700.0
5.5545468272710306,2.837115324684646,130.01000000000013,2.1922328645325226,0.35,0.22,40.0,600.0,12.5,1,0.55,700.0
5.5665362082705165,2.873187076488578,130.01000000000013,2.1234260908055353,0.35,0.08,40.0,600.0,12.5,1,0.55,700.0
5.588338457110278,2.8877753203276186,130.01000000000013,2.1440375336647346,0.35,0.12,80.0,600.0,12.5,1,0.55,700.0
5.592947168786312,2.840538930877487,130.01000000000013,2.2921663940252075,0.35,0.35,15.0,600.0,12.5,1,0.55,700.0
5.602781275814301,2.8823855493435344,130.01000000000013,2.2007020756307596,0.35,0.22,80.0,600.0,12.5,1,0.55,700.0
5.608806314571046,2.8977922609748137,130.01000000000013,2.1738972959892284,0.35,0.12,15.0,300.0,12.5,1,0.55,350.0
5.609642180837696,2.900872345340055,130.01000000000013,2.1674852442789696,0.35,0.12,40.0,600.0,25.0,1,0.55,700.0
5.613344929460809,2.8704051579421654,130.01000000000013,2.2651136329104054,0.35,0.35,40.0,600.0,12.5,1,0.55,700.0
5.6207631829013245,2.9230947858783,130.01000000000013,2.135766848637207,0.35,0.08,80.0,600.0,12.5,1,0.55,700.0
5.625500720960218,2.8941621226455387,130.01000000000013,2.2319674237562235,0.35,0.22,15.0,300.0,12.5,1,0.55,350.0
5.62557533885381,2.896615924098793,130.01000000000013,2.2251697564429014,0.35,0.22,40.0,600.0,25.0,1,0.55,700.0
5.627667412092185,2.9204087893278334,130.01000000000013,2.1631674936124283,0.35,0.12,40.0,300.0,12.5,1,0.55,350.0
5.627856680591906,2.9204962271084844,130.01000000000013,2.163458438524057,0.35,0.12,80.0,600.0,25.0,1,0.55,700.0
5.640696223100829,2.917049653349615,130.01000000000013,2.209990199289177,0.35,0.12,15.0,600.0,25.0,1,0.55,700.0
5.640720822592891,2.9329404721042587,130.01000000000013,2.1646581442532287,0.35,0.08,15.0,300.0,12.5,1,0.55,350.0
5.64124795106761,2.9143071646600855,130.01000000000013,2.219402246878638,0.35,0.22,40.0,300.0,12.5,1,0.55,350.0
5.641514079457512,2.914428487301709,130.01000000000013,2.2198159775880013,0.35,0.22,80.0,600.0,25.0,1,0.55,700.0
5.641797076484056,2.936140731177457,130.01000000000013,2.158589558018848,0.35,0.08,40.0,600.0,25.0,1,0.55,700.0
5.6545625032418565,2.945540444189503,130.01000000000013,2.16820588300672,0.35,0.12,80.0,300.0,12.5,1,0.55,350.0
5.657692619854251,2.9135218836773897,130.01000000000013,2.268630674791028,0.35,0.22,15.0,600.0,25.0,1,0.55,700.0
5.659104511628981,2.9135070314719838,130.01000000000013,2.272707086162844,0.35,0.35,80.0,600.0,12.5,1,0.55,700.0
5.660991642648801,2.95642752193242,130.01000000000013,2.1554689163325116,0.35,0.08,40.0,300.0,12.5,1,0.55,350.0
5.661127300504389,2.956492068570704,130.01000000000013,2.1556720912390936,0.35,0.08,80.0,600.0,25.0,1,0.55,700.0
5.663970877020917,2.667815813389855,156.01200000000014,1.8742144675173142,0.1,0.12,80.0,600.0,50.0,1,0.35,350.0
5.665620035274661,2.9524746529438617,130.01000000000013,2.17998680665942,0.35,0.12,40.0,300.0,25.0,1,0.55,350.0
5.665813355938907,2.952564084254502,130.01000000000013,2.1802836333840094,0.35,0.12,80.0,600.0,50.0,1,0.55,700.0
5.665878936410017,2.6672963601454143,156.01200000000014,1.8811502178988597,0.1,0.12,40.0,600.0,50.0,1,0.35,350.0
5.666225225862837,2.9379269998919373,130.01000000000013,2.2232806456311374,0.35,0.22,80.0,300.0,12.5,1,0.55,350.0
5.668049525052421,2.9514577300995577,130.01000000000013,2.189833699865319,0.35,0.12,40.0,600.0,50.0,1,0.55,700.0
5.673448204955201,2.953181788199626,130.01000000000013,2.2003326193016375,0.35,0.08,15.0,600.0,25.0,1,0.55,700.0
5.674072194507574,2.955195119934418,130.01000000000013,2.1963630702090113,0.35,0.12,15.0,300.0,25.0,1,0.55,350.0
5.675190233601265,2.962698021920062,130.01000000000013,2.1781206048034343,0.35,0.12,80.0,300.0,25.0,1,0.55,350.0
5.677930101958337,2.945327869760177,130.01000000000013,2.2355778062804506,0.35,0.22,40.0,300.0,25.0,1,0.55,350.0
5.678204369515292,2.9454527998950524,130.01000000000013,2.236004484629251,0.35,0.22,80.0,600.0,50.0,1,0.55,700.0
5.678320971645655,2.669484128256173,156.01200000000014,1.9104481239699442,0.1,0.22,15.0,600.0,50.0,1,0.35,350.0
5.6791783527381945,2.6834244201926567,156.01200000000014,1.8730683787015323,0.1,0.08,80.0,600.0,50.0,1,0.35,350.0
5.681022154699823,2.9447486156348512,130.01000000000013,2.246067254471345,0.35,0.22,40.0,600.0,50.0,1,0.55,700.0
5.681052994446305,2.6828843720075093,156.01200000000014,1.8799674926822696,0.1,0.08,40.0,600.0,50.0,1,0.35,350.0
5.6813244452900955,2.6698196010482587,156.01200000000014,1.918070983548099,0.1,0.35,15.0,600.0,50.0,1,0.35,350.0
5.683287211067298,2.9289572788282436,130.01000000000013,2.2976569492544363,0.35,0.35,40.0,600.0,25.0,1,0.55,700.0
5.683850123202682,2.9271242659743657,130.01000000000013,2.304502449223757,0.35,0.35,15.0,300.0,12.5,1,0.55,350.0
5.6864003410641,2.954701399670683,130.01000000000013,2.2329969754097587,0.35,0.22,80.0,300.0,25.0,1,0.55,350.0
5.686780813584219,2.948248834012377,130.01000000000013,2.252519941633832,0.35,0.22,15.0,300.0,25.0,1,0.55,350.0
5.687491667917859,2.681435582591682,156.01200000000014,1.9025031009319284,0.1,0.12,15.0,600.0,50.0,1,0.35,350.0
5.689006892392523,2.982338645443087,130.01000000000013,2.1614807055698138,0.35,0.08,80.0,300.0,12.5,1,0.55,350.0
5.693121663003233,2.704701439219318,156.01200000000014,1.852114925096896,0.1,0.08,80.0,600.0,12.5,1,0.55,700.0
5.694519975884122,2.9790944553900247,130.01000000000013,2.186501487125985,0.35,0.12,80.0,300.0,50.0,1,0.55,350.0
5.694926394099502,2.9780045554477894,130.01000000000013,2.190776681862033,0.35,0.12,40.0,300.0,50.0,1,0.55,350.0
5.695793610622681,2.6983477877953863,156.01200000000014,1.8779023509351247,0.1,0.22,40.0,300.0,12.5,1,0.55,350.0
5.695840418082881,2.698376455643781,156.01200000000014,1.8779541783974216,0.1,0.22,80.0,600.0,25.0,1,0.55,700.0
5.697276238922384,2.945148376182051,130.01000000000013,2.2913653221152304,0.35,0.35,40.0,300.0,12.5,1,0.55,350.0
5.6975769583491775,2.9452861060598825,130.01000000000013,2.2918310065408374,0.35,0.35,80.0,600.0,25.0,1,0.55,700.0
5.698949927639035,2.697642765016697,156.01200000000014,1.8889347503495306,0.1,0.35,40.0,300.0,12.5,1,0.55,350.0
5.69900457439838,2.6976747824910103,156.01200000000014,1.8889994054496235,0.1,0.35,80.0,600.0,25.0,1,0.55,700.0
5.700042761350485,2.989342027936756,130.01000000000013,2.1730020954677913,0.35,0.08,40.0,300.0,25.0,1,0.55,350.0
5.700179830770565,2.9894075577674717,130.01000000000013,2.173206494294545,0.35,0.08,80.0,600.0,50.0,1,0.55,700.0
5.700552431732193,2.6958880451697755,156.01200000000014,1.898526818749759,0.1,0.22,40.0,600.0,25.0,1,0.55,700.0
5.702537897278951,2.988519980725817,130.01000000000013,2.182479761580379,0.35,0.08,40.0,600.0,50.0,1,0.55,700.0
5.702846361148689,2.6971828114698555,156.01200000000014,1.9013815705109476,0.1,0.08,15.0,600.0,50.0,1,0.35,350.0
5.703931360255734,2.695391696789847,156.01200000000014,1.909599038473959,0.1,0.35,40.0,600.0,25.0,1,0.55,700.0
5.705057333542525,2.970550162194281,130.01000000000013,2.2410204895664063,0.35,0.22,80.0,300.0,50.0,1,0.55,350.0
5.705721125461719,2.9696253169764084,130.01000000000013,2.245559452815169,0.35,0.22,40.0,300.0,50.0,1,0.55,350.0
5.706401276449094,2.9790985947813353,130.01000000000013,2.2204362333364487,0.35,0.12,15.0,600.0,50.0,1,0.55,700.0
5.707322257674637,2.986425392142067,130.01000000000013,2.202133901521623,0.35,0.12,15.0,300.0,50.0,1,0.55,350.0
5.708695413878163,2.713139994191815,156.01200000000014,1.8725011991038474,0.1,0.22,80.0,300.0,12.5,1,0.55,350.0
5.709066060558014,2.992704794659946,130.01000000000013,2.189175045423044,0.35,0.08,15.0,300.0,25.0,1,0.55,350.0
5.709503044196804,2.715192498844684,156.01200000000014,1.8689444152917658,0.1,0.12,40.0,300.0,12.5,1,0.55,350.0
5.70953083000794,2.715213357418529,156.01200000000014,1.8689642073983113,0.1,0.12,80.0,600.0,25.0,1,0.55,700.0
5.710097344522969,2.9998607151254375,130.01000000000013,2.17167608399294,0.35,0.08,80.0,300.0,25.0,1,0.55,350.0
5.711661613976798,2.712260484466146,156.01200000000014,1.8834889414590004,0.1,0.35,80.0,300.0,12.5,1,0.55,350.0
5.713054578546262,2.702842826824422,156.01200000000014,1.9143764334909665,0.1,0.22,15.0,300.0,12.5,1,0.55,350.0
5.7137702351743584,2.7123573297975483,156.01200000000014,1.8892368725051674,0.1,0.12,40.0,600.0,25.0,1,0.55,700.0
5.716363482676801,2.9696438455811798,130.01000000000013,2.275913248844629,0.35,0.22,15.0,600.0,50.0,1,0.55,700.0
5.71648913030446,2.7024111087296045,156.01200000000014,1.9254229187852943,0.1,0.35,15.0,300.0,12.5,1,0.55,350.0
5.716900284920864,2.9474563696535374,130.01000000000013,2.3408397579066405,0.35,0.35,15.0,600.0,25.0,1,0.55,700.0
5.716972283049221,2.9769912611278655,130.01000000000013,2.256660062632437,0.35,0.22,15.0,300.0,50.0,1,0.55,350.0
5.7209614549084735,2.9676523879556416,130.01000000000013,2.2947401912938004,0.35,0.35,80.0,300.0,12.5,1,0.55,350.0
5.722850218303315,2.7303380623503393,156.01200000000014,1.8638061598656388,0.1,0.12,80.0,300.0,12.5,1,0.55,350.0
5.726154256416052,2.71922148036476,156.01200000000014,1.9050079315751125,0.1,0.12,15.0,300.0,12.5,1,0.55,350.0
5.727695684130048,2.729220366520619,156.01200000000014,1.8808437645983653,0.1,0.22,80.0,300.0,25.0,1,0.55,350.0
5.729996555004786,3.0166926677681243,130.01000000000013,2.1804396778190287,0.35,0.08,80.0,300.0,50.0,1,0.55,350.0
5.730514005404687,3.015752340707062,130.01000000000013,2.1846047562789215,0.35,0.08,40.0,300.0,50.0,1,0.55,350.0
5.730562170991406,2.73622148557329,156.01200000000014,1.869030529766038,0.1,0.08,40.0,300.0,12.5,1,0.55,350.0
5.730576103352069,2.7362367355091686,156.01200000000014,1.8690267652654275,0.1,0.08,80.0,600.0,25.0,1,0.55,700.0
5.730598265439504,2.728324406910407,156.01200000000014,1.891696738654558,0.1,0.22,40.0,300.0,25.0,1,0.55,350.0
5.730630449866047,2.7282984429091908,156.01200000000014,1.8918628770195849,0.1,0.35,80.0,300.0,25.0,1,0.55,350.0
5.73064329618515,2.7283530022630704,156.01200000000014,1.891743696920224,0.1,0.22,80.0,600.0,50.0,1,0.55,700.0
5.733334357069243,2.9756253686101553,130.01000000000013,2.3073113955973863,0.35,0.35,40.0,300.0,25.0,1,0.55,350.0
5.7336409043025,2.7275025305315466,156.01200000000014,1.9027382107741466,0.1,0.35,40.0,300.0,25.0,1,0.55,350.0
5.733645038834765,2.9757674641704237,130.01000000000013,2.307793070469541,0.35,0.35,80.0,600.0,50.0,1,0.55,700.0
5.733694167439142,2.72753462312445,156.01200000000014,1.902798698041972,0.1,0.35,80.0,600.0,50.0,1,0.55,700.0
5.734408403224758,2.7330766487385856,156.01200000000014,1.8890050128176306,0.1,0.08,40.0,600.0,25.0,1,0.55,700.0
5.737149951964654,2.9757044824574463,130.01000000000013,2.3179870557348736,0.35,0.35,40.0,600.0,50.0,1,0.55,700.0
5.740975330568159,2.9842681373061315,130.01000000000013,2.3044491236057887,0.35,0.35,80.0,300.0,25.0,1,0.55,350.0
5.74200308560416,2.7465594540506273,156.01200000000014,1.8721818044386571,0.1,0.12,80.0,300.0,25.0,1,0.55,350.0
5.742987363317229,2.9793138454880386,130.01000000000013,2.3243529080833967,0.35,0.35,15.0,300.0,25.0,1,0.55,350.0
5.744305677764907,2.751671095535183,156.01200000000014,1.8641559492277773,0.1,0.08,80.0,300.0,12.5,1,0.55,350.0
5.744679164608277,2.745493467435482,156.01200000000014,1.8828734204936945,0.1,0.12,40.0,300.0,25.0,1,0.55,350.0
5.7447042250730505,2.745513905583581,156.01200000000014,1.8828866271127658,0.1,0.12,80.0,600.0,50.0,1,0.55,700.0
5.745138030650505,2.744342619349308,156.01200000000014,1.8874726037177019,0.1,0.22,80.0,300.0,50.0,1,0.55,350.0
5.746686962266589,2.739864989511648,156.01200000000014,1.904691350728396,0.1,0.08,15.0,300.0,12.5,1,0.55,350.0
5.748011154377086,2.7433584335971997,156.01200000000014,1.8984934879425266,0.1,0.35,80.0,300.0,50.0,1,0.55,350.0
5.752901210303411,2.7424292402766066,156.01200000000014,1.9151199143622912,0.1,0.22,40.0,600.0,50.0,1,0.55,700.0
5.755870320155456,2.751085455464378,156.01200000000014,1.8988710419745012,0.1,0.22,40.0,300.0,50.0,1,0.55,350.0
5.755980495123079,2.7416479349597442,156.01200000000014,1.9261501718952363,0.1,0.35,40.0,600.0,50.0,1,0.55,700.0
5.758757632748181,2.7501182550720107,156.01200000000014,1.9098839362176263,0.1,0.35,40.0,300.0,50.0,1,0.55,350.0
5.759299548228944,2.999827900160053,130.01000000000013,2.312347565911113,0.35,0.35,80.0,300.0,50.0,1,0.55,350.0
5.759641831483497,2.7618509885140634,156.01200000000014,1.8788881227698049,0.1,0.12,80.0,300.0,50.0,1,0.55,350.0
5.760307256328362,2.999213949237103,130.01000000000013,2.316980877403593,0.35,0.35,40.0,300.0,50.0,1,0.55,350.0
5.76363084379381,2.7680384610686124,156.01200000000014,1.8726068077862743,0.1,0.08,80.0,300.0,25.0,1,0.55,350.0
5.766120215758869,2.7668358667279445,156.01200000000014,1.8831552829454938,0.1,0.08,40.0,300.0,25.0,1,0.55,350.0
5.7661307894756195,2.7668504679623482,156.01200000000014,1.8831437757522005,0.1,0.08,80.0,600.0,50.0,1,0.55,700.0
5.7669348271793055,2.75959503714219,156.01200000000014,1.9061708286774692,0.1,0.12,40.0,600.0,50.0,1,0.55,700.0
5.770368754205515,2.7686044046388956,156.01200000000014,1.8902409987617665,0.1,0.12,40.0,300.0,50.0,1,0.55,350.0
5.7704378229117275,2.754958524953595,156.01200000000014,1.9294265655946574,0.1,0.22,15.0,300.0,25.0,1,0.55,350.0
5.771484853954341,3.0065294752259044,130.01000000000013,2.328015367795528,0.35,0.35,15.0,300.0,50.0,1,0.55,350.0
5.771934645455694,3.0001987309848155,130.01000000000013,2.347388327059648,0.35,0.35,15.0,600.0,50.0,1,0.55,700.0
5.77345740157769,2.7541357121673644,156.01200000000014,1.9404048268866372,0.1,0.35,15.0,300.0,25.0,1,0.55,350.0
5.7814684687672875,2.783491904342742,156.01200000000014,1.8794187554986945,0.1,0.08,80.0,300.0,50.0,1,0.55,350.0
5.784624547526315,2.7722606619218007,156.01200000000014,1.9205253874414663,0.1,0.12,15.0,300.0,25.0,1,0.55,350.0
5.788352582954097,2.780942241719829,156.01200000000014,1.9063724035264726,0.1,0.08,40.0,600.0,50.0,1,0.55,700.0
5.791371564458695,2.7576094160800437,156.01200000000014,1.9816632810818557,0.1,0.22,15.0,600.0,25.0,1,0.55,700.0
5.792172578332729,2.77802623081325,156.01200000000014,1.9256181357699347,0.1,0.22,15.0,300.0,50.0,1,0.55,350.0
5.792203666287625,2.79026055576555,156.01200000000014,1.8907517443487805,0.1,0.08,40.0,300.0,50.0,1,0.55,350.0
5.794674215850403,2.7571079610139155,156.01200000000014,1.9925321566756733,0.1,0.35,15.0,600.0,25.0,1,0.55,700.0
5.7948757875482455,2.776906748680998,156.01200000000014,1.936540111049272,0.1,0.35,15.0,300.0,50.0,1,0.55,350.0
5.804746778704418,2.774286713873404,156.01200000000014,1.9722287566600352,0.1,0.12,15.0,600.0,25.0,1,0.55,700.0
5.806175334689558,2.793719078526254,156.01200000000014,1.9207893033237222,0.1,0.08,15.0,300.0,25.0,1,0.55,350.0
5.807158450890954,2.7959842928300556,156.01200000000014,1.9171261658882754,0.1,0.12,15.0,300.0,50.0,1,0.55,350.0
5.824377617540675,2.7963832605258334,156.01200000000014,1.9651838771852563,0.2,0.08,80.0,300.0,12.5,1,0.55,350.0
5.825471604300706,2.7951395253549554,156.01200000000014,1.9718630827021397,0.1,0.08,15.0,600.0,25.0,1,0.55,700.0
5.829445975052865,2.818017432347377,156.01200000000014,1.917852979158533,0.1,0.08,15.0,300.0,50.0,1,0.55,350.0
5.835528653658631,2.7983170182047723,156.01200000000014,1.991518958439592,0.2,0.12,40.0,300.0,50.0,1,0.55,350.0
5.839108551302322,2.7943027985235944,156.01200000000014,2.0132164365106484,0.2,0.12,15.0,300.0,25.0,1,0.55,350.0
5.84279687315593,2.809066512179079,156.01200000000014,1.981572459933853,0.2,0.08,40.0,300.0,25.0,1,0.55,350.0
5.842859550700011,2.8091018688584715,156.01200000000014,1.981650519547251,0.2,0.08,80.0,600.0,50.0,1,0.55,700.0
5.843540154880827,2.7852129458653163,156.01200000000014,2.0518491686157394,0.2,0.12,15.0,600.0,25.0,1,0.55,700.0
5.843610982003931,2.810688384343722,156.01200000000014,1.979264564743447,0.1,0.22,15.0,600.0,50.0,1,0.55,700.0
5.844135304728031,2.8129707871686773,156.01200000000014,1.9742414787410048,0.2,0.08,80.0,300.0,25.0,1,0.55,350.0
5.846176289257471,2.8094835338715693,156.01200000000014,1.990036443959714,0.1,0.35,15.0,600.0,50.0,1,0.55,700.0
5.848846540147056,2.7959474449918615,156.01200000000014,2.036340271871978,0.2,0.22,15.0,300.0,50.0,1,0.55,350.0
5.858878822115352,2.8289667898210067,156.01200000000014,1.9706629494124102,0.1,0.12,15.0,600.0,50.0,1,0.55,700.0
5.858896990025101,2.8187136144473546,156.01200000000014,2.0000096445078412,0.2,0.08,40.0,600.0,50.0,1,0.55,700.0
5.862494843665446,2.8287102161874884,156.01200000000014,1.9817275070798728,0.2,0.08,80.0,300.0,50.0,1,0.55,350.0
5.8643387160546085,2.819627559916583,156.01200000000014,2.0129461603943533,0.2,0.12,15.0,300.0,50.0,1,0.55,350.0
5.86542619468944,2.801831191702787,156.01200000000014,2.0669000085332883,0.2,0.35,15.0,300.0,50.0,1,0.55,350.0
5.870025279175753,2.8331524850050593,156.01200000000014,1.9905508404876902,0.2,0.08,40.0,300.0,50.0,1,0.55,350.0
5.873144789197492,2.8288598085777203,156.01200000000014,2.0117285160564857,0.2,0.08,15.0,300.0,25.0,1,0.55,350.0
5.876081983698579,2.8187333859826404,156.01200000000014,2.049053136331247,0.2,0.08,15.0,600.0,25.0,1,0.55,700.0
5.881375849650339,2.8512222748338063,156.01200000000014,1.9713530709043734,0.1,0.08,15.0,600.0,50.0,1,0.55,700.0
5.883797145743624,2.816347950034578,156.01200000000014,2.077911987740127,0.2,0.22,15.0,600.0,50.0,1,0.55,700.0
5.899654539942345,2.840488021751327,156.01200000000014,2.054247194831477,0.2,0.12,15.0,600.0,50.0,1,0.55,700.0
5.899779498977537,2.855260617302027,156.01200000000014,2.012396804787166,0.2,0.08,15.0,300.0,50.0,1,0.55,350.0
5.900355271489081,2.822301054051608,156.01200000000014,2.1082120498213466,0.2,0.35,15.0,600.0,50.0,1,0.55,700.0
5.916437364597463,2.8967008937099963,156.01200000000014,1.941589916821329,0.1,0.22,40.0,100.0,12.5,1,0.55,150.0
5.9191519779107065,2.89515156409428,156.01200000000014,1.9537726109040698,0.1,0.35,40.0,100.0,12.5,1,0.55,150.0
5.920644233659045,2.9022890211817414,156.01200000000014,1.9376434642208635,0.1,0.22,80.0,100.0,12.5,1,0.55,150.0
5.923265639469424,2.900656246934794,156.01200000000014,1.9497982643846508,0.1,0.35,80.0,100.0,12.5,1,0.55,150.0
5.9280824351272035,2.9016027445925623,156.01200000000014,1.960856258670397,0.1,0.22,15.0,100.0,12.5,1,0.55,150.0
5.928756321993483,2.875591915322378,156.01200000000014,2.0370983047745814,0.1,0.22,15.0,600.0,12.5,1,0.25,350.0
5.928941646049234,2.9093960852900875,156.01200000000014,1.941044459311842,0.1,0.22,80.0,100.0,25.0,1,0.55,150.0
5.930435013612831,2.8857991518489072,156.01200000000014,2.012731033611205,0.1,0.22,15.0,300.0,12.5,1,0.25,150.0
5.93092250287708,2.9001699864403387,156.01200000000014,1.9730643326763984,0.1,0.35,15.0,100.0,12.5,1,0.55,150.0
5.931436003173474,2.9098703786885642,156.01200000000014,1.9468160699568762,0.1,0.22,40.0,100.0,25.0,1,0.55,150.0
5.931544684129979,2.907741000177883,156.01200000000014,1.9532105255774113,0.1,0.35,80.0,100.0,25.0,1,0.55,150.0
5.932794110872599,2.8768203380639252,156.01200000000014,2.0451250651676314,0.1,0.35,15.0,600.0,12.5,1,0.25,350.0
5.933227605405204,2.9164592114419463,156.01200000000014,1.9331096970378723,0.1,0.12,40.0,100.0,12.5,1,0.55,150.0
5.9340887556398805,2.9082600907330463,156.01200000000014,1.9589961854480937,0.1,0.35,40.0,100.0,25.0,1,0.55,150.0
5.93421209319326,2.887007029069279,156.01200000000014,2.0200716117827966,0.1,0.35,15.0,300.0,12.5,1,0.25,150.0
5.935620872944839,2.876687996573882,156.01200000000014,2.0535796467741596,0.2,0.08,15.0,600.0,50.0,1,0.55,700.0
5.93596439669288,2.8859145520594103,156.01200000000014,2.0281995560956227,0.1,0.12,15.0,600.0,12.5,1,0.25,350.0
5.93644004861862,2.915999632383578,156.01200000000014,1.9436011892429748,0.1,0.22,80.0,100.0,50.0,1,0.55,150.0
5.937305341615653,2.8955809608898635,156.01200000000014,2.0044125163593955,0.1,0.12,15.0,300.0,12.5,1,0.25,150.0
5.937646509759829,2.922207702449449,156.01200000000014,1.9293108780296508,0.1,0.12,80.0,100.0,12.5,1,0.55,150.0
5.939011209889718,2.914313370378618,156.01200000000014,1.9557652557459935,0.1,0.35,80.0,100.0,50.0,1,0.55,150.0
5.93965521933342,2.8705736465289404,156.01200000000014,2.082575922298507,0.2,0.22,15.0,300.0,12.5,1,0.25,150.0
5.940589586672059,2.862029009859786,156.01200000000014,2.1096587908922033,0.2,0.22,15.0,600.0,12.5,1,0.25,350.0
5.941961189505982,2.9195935007069447,156.01200000000014,1.9491076822829567,0.1,0.22,40.0,100.0,50.0,1,0.55,150.0
5.944536989656456,2.917912679526035,156.01200000000014,1.9612694575154836,0.1,0.35,40.0,100.0,50.0,1,0.55,150.0
5.9446350786241755,2.92120024599993,156.01200000000014,1.9521566646406954,0.1,0.12,15.0,100.0,12.5,1,0.55,150.0
5.945213425395292,2.8835830273563214,156.01200000000014,2.061286851539911,0.2,0.12,15.0,300.0,12.5,1,0.25,150.0
5.945894848734885,2.8752972809873856,156.01200000000014,2.0869073364214197,0.2,0.12,15.0,600.0,12.5,1,0.25,350.0
5.946023446608284,2.929384799325338,156.01200000000014,1.9327389922369818,0.1,0.12,80.0,100.0,25.0,1,0.55,150.0
5.947547424646907,2.9047465242677935,156.01200000000014,2.0074882867974626,0.1,0.22,40.0,300.0,12.5,1,0.25,150.0
5.948421623554574,2.9297920254043683,156.01200000000014,1.9384274232862957,0.1,0.12,40.0,100.0,25.0,1,0.55,150.0
5.948968003765123,3.1731292092008676,130.01000000000013,2.3591108416121536,0.35,0.22,15.0,100.0,12.5,1,0.55,150.0
5.9500946605863865,2.900632772992616,156.01200000000014,2.026519678839341,0.1,0.08,15.0,600.0,12.5,1,0.25,350.0
5.95057787146054,2.9229111728274484,156.01200000000014,1.9642477103802556,0.1,0.22,15.0,100.0,25.0,1,0.55,150.0
5.950888517487675,2.9096709362180144,156.01200000000014,2.0029645179133104,0.1,0.08,15.0,300.0,12.5,1,0.25,150.0
5.951305747183059,2.905927099991944,156.01200000000014,2.014853277688896,0.1,0.35,40.0,300.0,12.5,1,0.25,150.0
5.953216582201035,2.9212937969837274,156.01200000000014,1.9764079577637317,0.1,0.35,15.0,100.0,25.0,1,0.55,150.0
5.953621489129526,2.936071197148975,156.01200000000014,1.9353436913730002,0.1,0.12,80.0,100.0,50.0,1,0.55,150.0
5.954502631537032,2.9145954250516675,156.01200000000014,1.9992205899581816,0.1,0.12,40.0,300.0,12.5,1,0.25,150.0
5.954577771117543,2.878074451500865,156.01200000000014,2.1037809131905036,0.2,0.35,15.0,300.0,12.5,1,0.25,150.0
5.9567590519250535,2.8701542684573313,156.01200000000014,2.1326422384792,0.2,0.35,15.0,600.0,12.5,1,0.25,350.0
5.95750056690171,2.88976533424119,156.01200000000014,2.078729236172909,0.2,0.22,40.0,300.0,12.5,1,0.25,150.0
5.95779378124657,2.940485541578824,156.01200000000014,1.9346521133364138,0.1,0.08,40.0,100.0,12.5,1,0.55,150.0
5.958286895056866,2.9318142951318786,156.01200000000014,1.9608359997856715,0.1,0.22,15.0,100.0,50.0,1,0.55,150.0
5.959154040884436,2.9396828472104177,156.01200000000014,1.940831981925761,0.1,0.12,40.0,100.0,50.0,1,0.55,150.0
5.959585592376174,3.1851041292737725,130.01000000000013,2.355232751721139,0.35,0.22,40.0,100.0,12.5,1,0.55,150.0
5.960782660353182,2.9300656270859626,156.01200000000014,1.9729629521920509,0.1,0.35,15.0,100.0,50.0,1,0.55,150.0
5.9621542494629,2.891437208734169,156.01200000000014,2.0872486877963685,0.1,0.22,15.0,600.0,12.5,1,0.35,700.0
5.962388838853977,2.946365599336217,156.01200000000014,1.9309806843364554,0.1,0.08,80.0,100.0,12.5,1,0.55,150.0
5.963329034017854,2.9030010409175295,156.01200000000014,2.05756569457235,0.2,0.12,40.0,300.0,12.5,1,0.25,150.0
5.965037984846768,2.9210519239147255,156.01200000000014,2.0108744598058315,0.1,0.22,80.0,300.0,12.5,1,0.25,150.0
5.965828174788658,2.917889050362807,156.01200000000014,2.0221689269309984,0.1,0.22,40.0,600.0,12.5,1,0.25,350.0
5.966405784962184,2.89185152446666,156.01200000000014,2.0982121728443515,0.1,0.35,15.0,600.0,12.5,1,0.35,700.0
5.966910216474152,2.918546517581992,156.01200000000014,2.0233819968347357,0.1,0.22,40.0,600.0,12.5,1,0.35,700.0
5.967659826098374,2.9429373800740963,156.01200000000014,1.9558355600693589,0.1,0.12,15.0,100.0,25.0,1,0.55,150.0
5.967993950332742,2.9078763941774013,156.01200000000014,2.056964446158111,0.2,0.08,15.0,300.0,12.5,1,0.25,150.0
5.968239287032999,2.9287952045430274,156.01200000000014,1.9978973785427723,0.1,0.08,40.0,300.0,12.5,1,0.25,150.0
5.968762355814879,2.922200503856742,156.01200000000014,2.01823386273753,0.1,0.35,80.0,300.0,12.5,1,0.25,150.0
5.969035723473162,2.945114276511472,156.01200000000014,1.9535469913191106,0.1,0.08,15.0,100.0,12.5,1,0.55,150.0
5.969251353092661,2.900362727204509,156.01200000000014,2.0820246453947138,0.2,0.08,15.0,600.0,12.5,1,0.25,350.0
5.969628034422148,2.9233144170525494,156.01200000000014,2.0175246210559914,0.1,0.22,40.0,300.0,25.0,1,0.25,150.0
5.969822811737126,2.919044124513441,156.01200000000014,2.0302819634962384,0.1,0.35,40.0,600.0,12.5,1,0.25,350.0
5.970762574985572,2.918493761005598,156.01200000000014,2.034539468514206,0.1,0.35,40.0,600.0,12.5,1,0.35,700.0
5.970851506101134,2.953613136380863,156.01200000000014,1.9344524849150557,0.1,0.08,80.0,100.0,25.0,1,0.55,150.0
5.971076408856771,2.9211025404881084,156.01200000000014,2.027982481053315,0.1,0.22,15.0,300.0,25.0,1,0.25,150.0
5.971893528521242,3.196735680610715,130.01000000000013,2.3571652797443567,0.35,0.22,80.0,100.0,12.5,1,0.55,150.0
5.972082853879003,2.930973976877646,156.01200000000014,2.002653934289587,0.1,0.12,80.0,300.0,12.5,1,0.25,150.0
5.972287206019404,2.8971247142417984,156.01200000000014,2.099949976507439,0.2,0.35,40.0,300.0,12.5,1,0.25,150.0
5.973165992389464,2.9061002547680497,156.01200000000014,2.0768163932040347,0.1,0.12,15.0,600.0,12.5,1,0.35,700.0
5.973181064471165,2.953972282629794,156.01200000000014,1.9400822338324835,0.1,0.08,40.0,100.0,25.0,1,0.55,150.0
5.9732695131014255,2.928405137611546,156.01200000000014,2.0133839299710785,0.1,0.12,40.0,600.0,12.5,1,0.25,350.0
5.973359440737918,2.924465805735412,156.01200000000014,2.0248961000071524,0.1,0.35,40.0,300.0,25.0,1,0.25,150.0
5.9747593219424315,2.9222249579326984,156.01200000000014,2.035298182884946,0.1,0.35,15.0,300.0,25.0,1,0.25,150.0
5.975080026410004,2.9059959483994247,156.01200000000014,2.082583080030222,0.2,0.22,80.0,300.0,12.5,1,0.25,150.0
5.9757264565340495,2.952121657923395,156.01200000000014,1.9526422817447224,0.1,0.12,15.0,100.0,50.0,1,0.55,150.0
5.976173373907644,3.1993144390674737,130.01000000000013,2.3620255281147657,0.35,0.22,40.0,100.0,25.0,1,0.55,150.0
5.976444351531351,3.1978120826196026,130.01000000000013,2.3670921968907033,0.35,0.22,15.0,100.0,25.0,1,0.55,150.0
5.976670902034848,2.933243912261654,156.01200000000014,2.009277113637693,0.1,0.12,40.0,300.0,25.0,1,0.25,150.0
5.9767500533757465,2.930782553627628,156.01200000000014,2.0165357135660473,0.1,0.22,80.0,300.0,25.0,1,0.25,150.0
5.978178112506292,2.931084086677994,156.01200000000014,2.0197543595094167,0.1,0.12,15.0,300.0,25.0,1,0.25,150.0
5.978547484203448,2.9603773086629768,156.01200000000014,1.9371147872584829,0.1,0.08,80.0,100.0,50.0,1,0.55,150.0
5.979119056365336,2.9341900204879963,156.01200000000014,2.0135686739352527,0.1,0.12,40.0,600.0,12.5,1,0.35,700.0
5.979395950348848,2.908101460418456,156.01200000000014,2.0888985426582583,0.2,0.22,40.0,300.0,25.0,1,0.25,150.0
5.97965517885297,2.9050273842670964,156.01200000000014,2.0984222702453468,0.2,0.22,40.0,600.0,12.5,1,0.25,350.0
5.9798099075311715,2.905296421953261,156.01200000000014,2.098095673079738,0.2,0.22,15.0,300.0,25.0,1,0.25,150.0
5.980468977321695,2.9319203374470617,156.01200000000014,2.0239103996418013,0.1,0.35,80.0,300.0,25.0,1,0.25,150.0
5.980968870844881,3.204349781248494,130.01000000000013,2.3613402559896746,0.35,0.22,80.0,100.0,25.0,1,0.55,150.0
5.981140854875129,2.919423130664526,156.01200000000014,2.0615363548874304,0.2,0.12,80.0,300.0,12.5,1,0.25,150.0
5.983831983871674,2.940742563204827,156.01200000000014,2.008312630476701,0.1,0.12,80.0,300.0,25.0,1,0.25,150.0
5.9841044540344726,2.9640117675948963,156.01200000000014,1.94260767554164,0.1,0.08,40.0,100.0,50.0,1,0.55,150.0
5.98542336918968,2.9215136685769405,156.01200000000014,2.0677991446078217,0.2,0.12,40.0,300.0,25.0,1,0.25,150.0
5.985690512056184,2.918925776266128,156.01200000000014,2.075956387971582,0.2,0.12,40.0,600.0,12.5,1,0.25,350.0
5.985908096377017,2.9187667125129093,156.01200000000014,2.0770325253260187,0.2,0.12,15.0,300.0,25.0,1,0.25,150.0
5.985929188531453,2.945256999676188,156.01200000000014,2.0014062538721817,0.1,0.08,80.0,300.0,12.5,1,0.25,150.0
5.986443052585757,2.927538307937624,156.01200000000014,2.0534992704232296,0.2,0.08,40.0,300.0,12.5,1,0.25,150.0
5.986727528215132,2.9156255071524533,156.01200000000014,2.088348631607647,0.2,0.22,80.0,300.0,25.0,1,0.25,150.0
5.987368874316914,2.9385965491469057,156.01200000000014,2.024549500485732,0.1,0.22,40.0,300.0,50.0,1,0.25,150.0
5.987815787320324,2.943427064322342,156.01200000000014,2.012024922851373,0.1,0.08,40.0,600.0,12.5,1,0.25,350.0
5.98789676804478,2.9401758323661307,156.01200000000014,2.021545530510422,0.1,0.22,80.0,300.0,50.0,1,0.25,150.0
5.988737569298196,3.2104253951707133,130.01000000000013,2.3661776403642287,0.35,0.22,40.0,100.0,50.0,1,0.55,150.0
5.9893430516443065,3.2115345051484594,130.01000000000013,2.3647387042738455,0.35,0.22,80.0,100.0,50.0,1,0.55,150.0
5.989741467048028,2.91324521581252,156.01200000000014,2.1037607178157343,0.2,0.35,80.0,300.0,12.5,1,0.25,150.0
5.99050676859649,2.9475275010769466,156.01200000000014,2.007997907198692,0.1,0.08,40.0,300.0,25.0,1,0.25,150.0
5.991060434438997,3.211687122934819,130.01000000000013,2.369209461440503,0.35,0.22,15.0,100.0,50.0,1,0.55,150.0
5.991064216243717,2.939714594879196,156.01200000000014,2.0319132038986245,0.1,0.35,40.0,300.0,50.0,1,0.25,150.0
5.991601765812947,2.9412986080480703,156.01200000000014,2.02892330789964,0.1,0.35,80.0,300.0,50.0,1,0.25,150.0
5.99194628170734,2.9253643295081115,156.01200000000014,2.0754341491406456,0.1,0.08,15.0,600.0,12.5,1,0.35,700.0
5.99200203987809,2.9453679171077587,156.01200000000014,2.018440350772372,0.1,0.08,15.0,300.0,25.0,1,0.25,150.0
5.992543776112237,2.9672267736260585,156.01200000000014,1.9575342928176473,0.1,0.08,15.0,100.0,25.0,1,0.55,150.0
5.992867427842782,2.929129837327601,156.01200000000014,2.0673074014719406,0.2,0.12,80.0,300.0,25.0,1,0.25,150.0
5.994094659094946,2.9153800231176294,156.01200000000014,2.1100989599351845,0.2,0.35,40.0,300.0,25.0,1,0.25,150.0
5.994453701989637,2.9125582895316793,156.01200000000014,2.1191868927370163,0.2,0.35,15.0,300.0,25.0,1,0.25,150.0
5.994504047649696,2.9486058784070734,156.01200000000014,2.0163376264074864,0.1,0.12,40.0,300.0,50.0,1,0.25,150.0
5.994671879405941,2.9426417876574917,156.01200000000014,2.0338574049955658,0.1,0.22,15.0,300.0,50.0,1,0.25,150.0
5.995023711370049,2.9501769662563513,156.01200000000014,2.013333557467701,0.1,0.12,80.0,300.0,50.0,1,0.25,150.0
5.995480633602495,2.9127766481003956,156.01200000000014,2.121497101434563,0.2,0.35,40.0,600.0,12.5,1,0.25,350.0
5.996715129068952,2.8931733230559793,156.01200000000014,2.1810337314656314,0.2,0.22,15.0,600.0,12.5,1,0.35,700.0
5.996951282936786,2.923159303647517,156.01200000000014,2.096034226540764,0.2,0.22,40.0,300.0,50.0,1,0.25,150.0
5.997725701765054,2.9550678299242388,156.01200000000014,2.007079633830895,0.1,0.08,80.0,300.0,25.0,1,0.25,150.0
5.997782850019295,2.924903129592535,156.01200000000014,2.0934277726478814,0.2,0.22,80.0,300.0,50.0,1,0.25,150.0
5.998292880308011,2.9437072822678667,156.01200000000014,2.0411588515432633,0.1,0.35,15.0,300.0,50.0,1,0.25,150.0
5.999219503475674,2.9544431709052104,156.01200000000014,2.013132378772746,0.1,0.08,40.0,600.0,12.5,1,0.35,700.0
6.000928347221979,2.976653655497213,156.01200000000014,1.9545562620707555,0.1,0.08,15.0,100.0,50.0,1,0.55,150.0
6.00136705425158,2.9228471997657253,156.01200000000014,2.1095424413881525,0.2,0.35,80.0,300.0,25.0,1,0.25,150.0
6.001929864186243,2.9527556256395915,156.01200000000014,2.025697824418998,0.1,0.12,15.0,300.0,50.0,1,0.25,150.0
6.003192515468898,2.936753595894683,156.01200000000014,2.075025484497755,0.2,0.12,40.0,300.0,50.0,1,0.25,150.0
6.003202421529984,2.9264959602712146,156.01200000000014,2.104361317882192,0.2,0.22,15.0,300.0,50.0,1,0.25,150.0
6.004024707347419,2.9384975076002315,156.01200000000014,2.0724205707062424,0.2,0.12,80.0,300.0,50.0,1,0.25,150.0
6.004487709335386,2.944138225284104,156.01200000000014,2.057627097289372,0.2,0.08,80.0,300.0,12.5,1,0.25,150.0
6.004952349484034,3.2026678141628167,130.01000000000013,2.434670100917758,0.35,0.35,15.0,100.0,12.5,1,0.55,150.0
6.005027741393193,2.9109514025556007,156.01200000000014,2.1539895395359743,0.2,0.12,15.0,600.0,12.5,1,0.35,700.0
6.005724960965611,2.95536305104437,156.01200000000014,2.0290911712035418,0.1,0.22,80.0,600.0,12.5,1,0.25,350.0
6.0063725801789705,2.9378045556128596,156.01200000000014,2.0811086416174542,0.2,0.22,40.0,100.0,12.5,1,0.55,150.0
6.008436532215886,2.9629675862300036,156.01200000000014,2.0151112742453723,0.1,0.08,40.0,300.0,50.0,1,0.25,150.0
6.008738847821899,2.9462191467043413,156.01200000000014,2.0638277174787323,0.2,0.08,40.0,300.0,25.0,1,0.25,150.0
6.0089680823692335,2.9645448193333763,156.01200000000014,2.0121236086738734,0.1,0.08,80.0,300.0,50.0,1,0.25,150.0
6.009188757322159,2.943462058147743,156.01200000000014,2.072990569069755,0.2,0.08,15.0,300.0,25.0,1,0.25,150.0
6.009634140776672,2.956435587276798,156.01200000000014,2.037195867142492,0.1,0.35,80.0,600.0,12.5,1,0.25,350.0
6.00967379655956,2.9402824728392485,156.01200000000014,2.08346092491517,0.2,0.12,15.0,300.0,50.0,1,0.25,150.0
6.00994491253915,2.9446589544605524,156.01200000000014,2.0717313087959885,0.2,0.08,40.0,600.0,12.5,1,0.25,350.0
6.011099380762504,2.937697007746859,156.01200000000014,2.0949210657589794,0.2,0.22,15.0,100.0,12.5,1,0.55,150.0
6.011542147788704,2.9303451031516783,156.01200000000014,2.1171915561057832,0.2,0.35,40.0,300.0,50.0,1,0.25,150.0
6.012377411964023,2.932083489625952,156.01200000000014,2.114611206680194,0.2,0.35,80.0,300.0,50.0,1,0.25,150.0
6.012969326472927,2.9450610285126175,156.01200000000014,2.079223708458024,0.2,0.22,80.0,100.0,12.5,1,0.55,150.0
6.013399314475417,2.966070043768407,156.01200000000014,2.0204264877343086,0.1,0.12,80.0,600.0,12.5,1,0.25,350.0
6.014255274531472,2.9282427850219173,156.01200000000014,2.1309499700272934,0.2,0.22,40.0,600.0,12.5,1,0.35,700.0
6.01449366537067,3.213714504453556,130.01000000000013,2.4303690311917503,0.35,0.35,40.0,100.0,12.5,1,0.55,150.0
6.01489841264471,2.967637620531047,156.01200000000014,2.020230834610461,0.1,0.22,80.0,600.0,12.5,1,0.35,700.0
6.015926667131268,2.967174912342035,156.01200000000014,2.024490727969233,0.1,0.08,15.0,300.0,50.0,1,0.25,150.0
6.016307620493642,2.953926829540752,156.01200000000014,2.063430831293967,0.2,0.08,80.0,300.0,25.0,1,0.25,150.0
6.016360656669201,2.902180195194373,156.01200000000014,2.2114298899280764,0.2,0.35,15.0,600.0,12.5,1,0.35,700.0
6.016633624328456,2.9605594840153784,156.01200000000014,2.0454118294659294,0.1,0.22,40.0,600.0,25.0,1,0.25,350.0
6.017657963863136,2.9335918741228526,156.01200000000014,2.1253888278293758,0.2,0.35,15.0,300.0,50.0,1,0.25,150.0
6.018436862785227,2.967282932383488,156.01200000000014,2.0313540868621036,0.1,0.35,80.0,600.0,12.5,1,0.35,700.0
6.019886404333154,2.9423938620719414,156.01200000000014,2.1066072636034576,0.2,0.22,80.0,600.0,12.5,1,0.25,350.0
6.020561765772596,2.9616423604368696,156.01200000000014,2.053541158102072,0.1,0.35,40.0,600.0,25.0,1,0.25,350.0
6.021402341990931,2.952211917192111,156.01200000000014,2.082886927996624,0.2,0.22,80.0,100.0,25.0,1,0.55,150.0
6.021640027161747,2.951061092130142,156.01200000000014,2.0868541000902954,0.2,0.22,40.0,100.0,25.0,1,0.55,150.0
6.023241817512556,2.9239038115721887,156.01200000000014,2.1690228741153312,0.35,0.12,15.0,300.0,12.5,1,0.25,150.0
6.023264340125386,2.9430889532697266,156.01200000000014,2.1142725338733066,0.2,0.35,40.0,100.0,12.5,1,0.55,150.0
6.024294205089282,2.971277007617213,156.01200000000014,2.0366777070630504,0.1,0.12,40.0,600.0,25.0,1,0.25,350.0
6.024378211943563,2.9640248020773976,156.01200000000014,2.0576383139033236,0.2,0.12,40.0,100.0,12.5,1,0.55,150.0
6.025458686437373,2.959127225941453,156.01200000000014,2.074718458559766,0.1,0.22,15.0,600.0,25.0,1,0.25,350.0
6.025498496252983,2.9484910378789766,156.01200000000014,2.105221309640014,0.2,0.12,40.0,600.0,12.5,1,0.35,700.0
6.026195384110757,3.2248355991672826,130.01000000000013,2.432027956981351,0.35,0.35,80.0,100.0,12.5,1,0.55,150.0
6.026518651071305,2.9567862823544226,156.01200000000014,2.084435339191086,0.2,0.12,80.0,600.0,12.5,1,0.25,350.0
6.026707646882106,2.9616198354166787,156.01200000000014,2.071165175615501,0.2,0.08,40.0,300.0,50.0,1,0.25,150.0
6.027567744859735,2.963379997903419,156.01200000000014,2.0685935627323255,0.2,0.08,80.0,300.0,50.0,1,0.25,150.0
6.027925436778065,2.983937582034234,156.01200000000014,2.0108795849823675,0.1,0.12,80.0,600.0,12.5,1,0.35,700.0
6.028226502553896,2.9813056884198597,156.01200000000014,2.0192594689543846,0.1,0.08,80.0,600.0,12.5,1,0.25,350.0
6.028360843185739,2.94332057601435,156.01200000000014,2.128172191918251,0.2,0.35,15.0,100.0,12.5,1,0.55,150.0
6.0285681257294215,2.9635445421669186,156.01200000000014,2.070981667321432,0.2,0.12,15.0,100.0,12.5,1,0.55,150.0
6.029060038620014,2.9588766759378498,156.01200000000014,2.0857238933776077,0.2,0.22,80.0,100.0,50.0,1,0.55,150.0
6.029241136663728,2.9601216123761924,156.01200000000014,2.082684355107241,0.1,0.35,15.0,600.0,25.0,1,0.25,350.0
6.029614633236039,2.950128691697456,156.01200000000014,2.1123026901102326,0.2,0.35,80.0,100.0,12.5,1,0.55,150.0
6.0300068993948495,2.9471367443514875,156.01200000000014,2.1219718715524576,0.2,0.22,40.0,600.0,25.0,1,0.25,350.0
6.030777311650616,3.227661245972149,130.01000000000013,2.437045901938472,0.35,0.35,40.0,100.0,25.0,1,0.55,150.0
6.0314235181148605,2.971619604856562,156.01200000000014,2.056068323595133,0.2,0.12,80.0,100.0,12.5,1,0.55,150.0
6.03144450200557,3.226495233549838,130.01000000000013,2.4422836241592303,0.35,0.35,15.0,100.0,25.0,1,0.55,150.0
6.032500796489147,2.977615170658254,156.01200000000014,2.042016073802546,0.1,0.22,80.0,600.0,25.0,1,0.25,350.0
6.032506626364821,2.935755373599259,156.01200000000014,2.1616321507587437,0.2,0.35,40.0,600.0,12.5,1,0.35,700.0
6.032541295981451,2.9228328676836566,156.01200000000014,2.19865265227941,0.35,0.12,15.0,600.0,12.5,1,0.25,350.0
6.032591086229838,2.9609920668486502,156.01200000000014,2.0897686268033895,0.2,0.22,40.0,100.0,50.0,1,0.55,150.0
6.033292349182425,2.969997386855383,156.01200000000014,2.0660427495058293,0.1,0.12,15.0,600.0,25.0,1,0.25,350.0
6.033316421035871,2.9652623770270368,156.01200000000014,2.079640125739523,0.2,0.08,15.0,300.0,50.0,1,0.25,150.0
6.034612995666778,2.959487581072734,156.01200000000014,2.0998440416972626,0.2,0.22,15.0,100.0,25.0,1,0.55,150.0
6.034627476350736,2.9421972660995865,156.01200000000014,2.1492863150032773,0.2,0.08,15.0,600.0,12.5,1,0.35,700.0
6.034802955883422,2.918665714296479,156.01200000000014,2.2170206902484053,0.35,0.22,15.0,300.0,12.5,1,0.25,150.0
6.035187268542174,3.232369726162482,130.01000000000013,2.4361929782276848,0.35,0.35,80.0,100.0,25.0,1,0.55,150.0
6.0353988290315215,2.949862705344756,156.01200000000014,2.1295889248193225,0.2,0.35,80.0,600.0,12.5,1,0.25,350.0
6.035834885968532,2.943939325997969,156.01200000000014,2.1477587427730334,0.2,0.22,15.0,600.0,25.0,1,0.25,350.0
6.036396423527343,2.978661368550637,156.01200000000014,2.05015729993344,0.1,0.35,80.0,600.0,25.0,1,0.25,350.0
6.03653396047033,2.961471645522202,156.01200000000014,2.0996637569946466,0.2,0.12,40.0,600.0,25.0,1,0.25,350.0
6.038004347022879,2.9572328492078093,156.01200000000014,2.115975708043051,0.2,0.35,80.0,100.0,25.0,1,0.55,150.0
6.038382258813816,2.9562072056421616,156.01200000000014,2.1199858662047206,0.2,0.35,40.0,100.0,25.0,1,0.55,150.0
6.039086663177798,2.986506885358939,156.01200000000014,2.035427936625308,0.1,0.08,40.0,600.0,25.0,1,0.25,350.0
6.040007771973831,2.9788997271621933,156.01200000000014,2.059794413747529,0.2,0.12,80.0,100.0,25.0,1,0.55,150.0
6.040033532715892,2.97759918352363,156.01200000000014,2.063583854835029,0.2,0.12,40.0,100.0,25.0,1,0.55,150.0
6.040267374603825,2.988415548114831,156.01200000000014,2.033348075682835,0.1,0.12,80.0,600.0,25.0,1,0.25,350.0
6.042581475736235,2.9584542590325493,156.01200000000014,2.1255634762962363,0.2,0.12,15.0,600.0,25.0,1,0.25,350.0
6.04296345682782,3.2384481623891612,130.01000000000013,2.4410436983961628,0.35,0.35,40.0,100.0,50.0,1,0.55,150.0
6.043405144585117,3.239419509051031,130.01000000000013,2.4395303872402407,0.35,0.35,80.0,100.0,50.0,1,0.55,150.0
6.043711258613514,2.944735797267709,156.01200000000014,2.167987032416579,0.35,0.12,40.0,300.0,12.5,1,0.25,150.0
6.044153105243896,2.9695494836133562,156.01200000000014,2.0983532046586792,0.2,0.22,15.0,100.0,50.0,1,0.55,150.0
6.045300124988959,3.239705765428708,130.01000000000013,2.4441267416007126,0.35,0.35,15.0,100.0,50.0,1,0.55,150.0
6.045585221041463,2.9638269187939876,156.01200000000014,2.118795149278497,0.2,0.35,80.0,100.0,50.0,1,0.55,150.0
6.045619148713065,2.9546891701264637,156.01200000000014,2.1449999388188545,0.2,0.35,40.0,600.0,25.0,1,0.25,350.0
6.046516417139506,2.9644126380158573,156.01200000000014,2.1197822260675614,0.2,0.22,80.0,600.0,25.0,1,0.25,350.0
6.046902101430215,2.919271466514902,156.01200000000014,2.2498589569008884,0.35,0.22,15.0,600.0,12.5,1,0.25,350.0
6.0478632203147376,2.9857256969118913,156.01200000000014,2.0627357811509834,0.2,0.12,80.0,100.0,50.0,1,0.55,150.0
6.048059696135699,2.9852338239562037,156.01200000000014,2.0647024919414085,0.1,0.08,15.0,600.0,25.0,1,0.25,350.0
6.0491499132194075,2.965974747936047,156.01200000000014,2.1228433293810265,0.2,0.35,40.0,100.0,50.0,1,0.55,150.0
6.0505453217082765,2.989471889825059,156.01200000000014,2.0596955196663305,0.1,0.22,40.0,600.0,25.0,1,0.35,700.0
6.051060634387686,2.955557767324345,156.01200000000014,2.158065334466682,0.35,0.08,15.0,300.0,12.5,1,0.25,150.0
6.051267455622167,2.9514258050935585,156.01200000000014,2.17046185865316,0.2,0.35,15.0,600.0,25.0,1,0.25,350.0
6.051365372768291,2.9829724405318014,156.01200000000014,2.080608377818536,0.2,0.08,80.0,600.0,12.5,1,0.25,350.0
6.051397478838503,2.9646825674918933,156.01200000000014,2.1329568895617372,0.2,0.35,15.0,100.0,25.0,1,0.55,150.0
6.051403442996156,2.987865743130139,156.01200000000014,2.066736285331472,0.2,0.12,40.0,100.0,50.0,1,0.55,150.0
6.053156438396672,2.9861999125832095,156.01200000000014,2.0765043594670307,0.2,0.12,15.0,100.0,25.0,1,0.55,150.0
6.053342704375113,2.9789927802571565,156.01200000000014,2.097628354622727,0.2,0.12,80.0,600.0,25.0,1,0.25,350.0
6.054198508254764,2.9892089527740775,156.01200000000014,2.070884444230527,0.1,0.35,40.0,600.0,25.0,1,0.35,700.0
6.05453346990188,2.9388655750898893,156.01200000000014,2.215679699462825,0.35,0.22,40.0,300.0,12.5,1,0.25,150.0
6.057695791121391,2.9816602035263733,156.01200000000014,2.1024445359857595,0.2,0.08,40.0,600.0,12.5,1,0.35,700.0
6.0578607253563375,2.9911272445025836,156.01200000000014,2.075867088153575,0.1,0.22,15.0,300.0,12.5,1,0.35,350.0
6.059974595457986,2.954519958304597,156.01200000000014,2.1864989632953895,0.35,0.08,15.0,600.0,12.5,1,0.25,350.0
6.0605919613537065,2.9744310316228244,156.01200000000014,2.1313740849453713,0.2,0.35,15.0,100.0,50.0,1,0.55,150.0
6.061285032038048,2.9876193701273843,156.01200000000014,2.0956733197447477,0.2,0.08,40.0,600.0,25.0,1,0.25,350.0
6.061535701222006,2.990902661290935,156.01200000000014,2.087008685517339,0.1,0.35,15.0,300.0,12.5,1,0.35,350.0
6.061976820067385,2.9718157266823857,156.01200000000014,2.142803123957136,0.2,0.35,80.0,600.0,25.0,1,0.25,350.0
6.062237523310248,2.9615284217413644,156.01200000000014,2.172940290196803,0.35,0.12,80.0,300.0,12.5,1,0.25,150.0
6.06305440163352,3.0023430873925028,156.01200000000014,2.0586608978314724,0.2,0.08,40.0,100.0,12.5,1,0.55,150.0
6.063432475053711,2.996838116368288,156.01200000000014,2.0754695962440604,0.2,0.12,15.0,100.0,50.0,1,0.55,150.0
6.064003573806918,2.958891618221527,156.01200000000014,2.185519873101113,0.35,0.12,15.0,300.0,25.0,1,0.25,150.0
6.065850338809712,2.9631827837004128,156.01200000000014,2.1785358717408507,0.35,0.12,40.0,300.0,25.0,1,0.25,150.0
6.066768081497198,2.9799393578749003,156.01200000000014,2.1332820674922752,0.2,0.22,80.0,600.0,12.5,1,0.35,700.0
6.067006844405695,3.00173494304048,156.01200000000014,2.0716911467577517,0.2,0.08,15.0,100.0,12.5,1,0.55,150.0
6.067254227113364,2.984587910887712,156.01200000000014,2.1213894749304303,0.2,0.08,15.0,600.0,25.0,1,0.25,350.0
6.0704055575335225,3.0101536040187247,156.01200000000014,2.057348438613703,0.2,0.08,80.0,100.0,12.5,1,0.55,150.0
6.070646718873083,3.007300045316454,156.01200000000014,2.0661904958760786,0.1,0.12,15.0,300.0,12.5,1,0.35,350.0
6.071227884801658,2.982541994593767,156.01200000000014,2.138588257736826,0.2,0.22,40.0,600.0,50.0,1,0.25,350.0
6.072175494098779,2.9768712560871027,156.01200000000014,2.157497822890499,0.35,0.08,40.0,300.0,12.5,1,0.25,150.0
6.072266504485918,2.986058647671253,156.01200000000014,2.1315081623276084,0.2,0.22,80.0,600.0,50.0,1,0.25,350.0
6.0725216947762215,2.955212210445963,156.01200000000014,2.220369955229307,0.35,0.22,80.0,300.0,12.5,1,0.25,150.0
6.074029534380516,2.9712320087321116,156.01200000000014,2.1789072161382927,0.35,0.12,80.0,300.0,25.0,1,0.25,150.0
6.074445943063229,2.952708198871954,156.01200000000014,2.233022126260781,0.35,0.22,15.0,300.0,25.0,1,0.25,150.0
6.076274308804133,2.9569716206326846,156.01200000000014,2.2260648233469906,0.35,0.22,40.0,300.0,25.0,1,0.25,150.0
6.0783146557191206,2.997353889514683,156.01200000000014,2.116516474869817,0.2,0.12,40.0,600.0,50.0,1,0.25,350.0
6.078417805747976,3.0053780033871305,156.01200000000014,2.093885149602409,0.2,0.08,80.0,600.0,25.0,1,0.25,350.0
6.0788525473285135,2.9704878296624457,156.01200000000014,2.1948134790459037,0.35,0.12,40.0,600.0,12.5,1,0.25,350.0
6.078909719163379,2.9445967291212547,156.01200000000014,2.2689514001203492,0.35,0.35,15.0,300.0,12.5,1,0.25,150.0
6.0790671622681725,3.0161955315244446,156.01200000000014,2.0648332306963595,0.2,0.08,40.0,100.0,25.0,1,0.55,150.0
6.079145524127789,3.017558306053063,156.01200000000014,2.0611634802134975,0.2,0.08,80.0,100.0,25.0,1,0.55,150.0
6.079353613539771,3.0008678675209906,156.01200000000014,2.109444988625082,0.2,0.12,80.0,600.0,50.0,1,0.25,350.0
6.079876676193656,3.0016978818655398,156.01200000000014,2.1085679837946145,0.2,0.12,80.0,600.0,12.5,1,0.35,700.0
6.083661726652163,2.978357707235323,156.01200000000014,2.1860686269052496,0.35,0.12,40.0,300.0,50.0,1,0.25,150.0
6.0840897223850385,2.986593248343273,156.01200000000014,2.163761354405039,0.2,0.35,80.0,600.0,12.5,1,0.35,700.0
6.084167250145108,2.964780835862808,156.01200000000014,2.2263040408065673,0.35,0.22,80.0,300.0,25.0,1,0.25,150.0
6.085216114118852,2.980571140499676,156.01200000000014,2.1841856389119263,0.35,0.12,80.0,300.0,50.0,1,0.25,150.0
6.08656368002849,2.989854314115391,156.01200000000014,2.161512474037421,0.2,0.35,40.0,600.0,50.0,1,0.25,350.0
6.087181772491359,3.024524440467116,156.01200000000014,2.064220948640686,0.2,0.08,80.0,100.0,50.0,1,0.55,150.0
6.087614364916392,2.9933578313800404,156.01200000000014,2.1545043815324285,0.2,0.35,80.0,600.0,50.0,1,0.25,350.0
6.088144733605905,2.9804699907970114,156.01200000000014,2.1928421223111174,0.35,0.12,15.0,300.0,50.0,1,0.25,150.0
6.0907901207940345,2.993943555735829,156.01200000000014,2.1619044715948683,0.2,0.22,15.0,600.0,50.0,1,0.25,350.0
6.090791477096263,3.026731813648651,156.01200000000014,2.0682276098503163,0.2,0.08,40.0,100.0,50.0,1,0.55,150.0
6.091139014802721,2.9939997703768744,156.01200000000014,2.1627406983595563,0.35,0.08,80.0,300.0,12.5,1,0.25,150.0
6.091240104022752,2.9652049676011005,156.01200000000014,2.245300389776142,0.35,0.22,40.0,600.0,12.5,1,0.25,350.0
6.092496138770539,3.0250753497982106,156.01200000000014,2.0778308256352176,0.2,0.08,15.0,100.0,25.0,1,0.55,150.0
6.09273347297917,2.991275907117017,156.01200000000014,2.1750787596061447,0.35,0.08,15.0,300.0,25.0,1,0.25,150.0
6.093646435053666,2.9717776867619885,156.01200000000014,2.2333964236904986,0.35,0.22,40.0,300.0,50.0,1,0.25,150.0
6.094670194415167,2.995610536046286,156.01200000000014,2.168227595339657,0.35,0.08,40.0,300.0,25.0,1,0.25,150.0
6.094866761876852,2.94767959829507,156.01200000000014,2.3057347530908023,0.35,0.35,15.0,600.0,12.5,1,0.25,350.0
6.095150060121796,2.9739459964641703,156.01200000000014,2.231497324736068,0.35,0.22,80.0,300.0,50.0,1,0.25,150.0
6.097265721565461,2.9982208366848115,156.01200000000014,2.168185385373278,0.2,0.22,40.0,600.0,25.0,1,0.35,700.0
6.097791566119122,2.9736127096712566,156.01200000000014,2.2399967327081822,0.35,0.22,15.0,300.0,50.0,1,0.25,150.0
6.098140608341338,2.9643276379174837,156.01200000000014,2.2675227726395795,0.35,0.35,40.0,300.0,12.5,1,0.25,150.0
6.098585302001321,3.0093537705419147,156.01200000000014,2.140147232741155,0.2,0.12,15.0,600.0,50.0,1,0.25,350.0
6.101249777296969,2.9976594150829694,156.01200000000014,2.1811724634685654,0.2,0.22,15.0,300.0,12.5,1,0.35,350.0
6.103088379117906,3.0038381841211863,156.01200000000014,2.168771985704908,0.35,0.08,80.0,300.0,25.0,1,0.25,150.0
6.103354588183814,3.0361439163406634,156.01200000000014,2.0772304909804267,0.2,0.08,15.0,100.0,50.0,1,0.55,150.0
6.1035836551391895,3.023917954540896,156.01200000000014,2.1128162874236915,0.2,0.08,40.0,600.0,50.0,1,0.25,350.0
6.104689827603103,3.0274688192744725,156.01200000000014,2.1058314523675086,0.2,0.08,80.0,600.0,50.0,1,0.25,350.0
6.105711358706364,3.0009718231329163,156.01200000000014,2.18445581592413,0.2,0.35,15.0,600.0,50.0,1,0.25,350.0
6.108005580559595,3.0034735153496683,156.01200000000014,2.183863043456929,0.35,0.08,40.0,600.0,12.5,1,0.25,350.0
6.10988392133574,3.019663220534069,156.01200000000014,2.1429734308619124,0.2,0.12,40.0,600.0,25.0,1,0.35,700.0
6.110550696713235,3.016466039202414,156.01200000000014,2.1540133071737673,0.2,0.22,40.0,300.0,12.5,1,0.35,350.0
6.110676575189862,3.0165247415465317,156.01200000000014,2.154205238980939,0.2,0.22,80.0,600.0,25.0,1,0.35,700.0
6.11284277681,3.011074718227348,156.01200000000014,2.175965881664713,0.35,0.08,40.0,300.0,50.0,1,0.25,150.0
6.113609987816654,3.018898088468922,156.01200000000014,2.1558054267078006,0.2,0.12,15.0,300.0,12.5,1,0.35,350.0
6.11364782913619,3.0360517620845417,156.01200000000014,2.1069030487189893,0.2,0.08,80.0,600.0,12.5,1,0.35,700.0
6.114456487005939,3.013325946528909,156.01200000000014,2.1741444013629385,0.35,0.08,80.0,300.0,50.0,1,0.25,150.0
6.114982616741662,3.0052270056525714,156.01200000000014,2.198787460254538,0.2,0.35,40.0,600.0,25.0,1,0.35,700.0
6.1157699263515095,2.9803698663215057,156.01200000000014,2.272057314371435,0.35,0.35,80.0,300.0,12.5,1,0.25,150.0
6.117540721867461,3.0133793241134366,156.01200000000014,2.18280399358292,0.35,0.08,15.0,300.0,50.0,1,0.25,150.0
6.117864002954447,2.978068153497027,156.01200000000014,2.2846167127354806,0.35,0.35,15.0,300.0,25.0,1,0.25,150.0
6.119099620678732,3.004829552387404,156.01200000000014,2.211685909403789,0.2,0.35,15.0,300.0,12.5,1,0.35,350.0
6.119654137912276,2.9822430860812035,156.01200000000014,2.277803005231633,0.35,0.35,40.0,300.0,25.0,1,0.25,150.0
6.121777789494464,3.009519928317088,156.01200000000014,2.205936746221069,0.35,0.12,80.0,600.0,12.5,1,0.25,350.0
6.124230670377219,3.038727375595584,156.01200000000014,2.129495127947523,0.2,0.12,40.0,300.0,12.5,1,0.35,350.0
6.124265226707345,3.0362821373257254,156.01200000000014,2.1365802553760496,0.2,0.08,15.0,600.0,50.0,1,0.25,350.0
6.124322529964792,3.038771654059335,156.01200000000014,2.1296310740155855,0.2,0.12,80.0,600.0,25.0,1,0.35,700.0
6.12735446126262,2.9898781466354736,156.01200000000014,2.2779894703632686,0.35,0.35,80.0,300.0,25.0,1,0.25,150.0
6.127716939253539,3.022946825475971,156.01200000000014,2.1845431822216175,0.2,0.35,40.0,300.0,12.5,1,0.35,350.0
6.12785802130815,3.0230123217111116,156.01200000000014,2.184759141705819,0.2,0.35,80.0,600.0,25.0,1,0.35,700.0
6.129110711399047,3.00532520203567,156.01200000000014,2.2388728838953575,0.35,0.12,15.0,600.0,25.0,1,0.25,350.0
6.12983950029926,3.0129142434298015,156.01200000000014,2.219272162484165,0.35,0.12,40.0,600.0,25.0,1,0.25,350.0
6.132798858776938,3.0031002921456893,156.01200000000014,2.255767333232134,0.35,0.22,80.0,600.0,12.5,1,0.25,350.0
6.1345550231865085,3.0255623041074955,156.01200000000014,2.1966077687971746,0.35,0.08,15.0,300.0,50.0,1,0.55,350.0
6.134663468667448,3.0194047270835878,156.01200000000014,2.2145106902395946,0.35,0.08,15.0,600.0,50.0,1,0.55,700.0
6.136758672628971,2.99682835479131,156.01200000000014,2.285000908107596,0.35,0.35,40.0,300.0,50.0,1,0.25,150.0
6.137197937448816,3.0430834952965147,156.01200000000014,2.154098406149427,0.2,0.22,80.0,300.0,12.5,1,0.35,350.0
6.137914631900427,2.9923712511122345,156.01200000000014,2.301038230823402,0.35,0.35,40.0,600.0,12.5,1,0.25,350.0
6.13822163503455,2.998946120085278,156.01200000000014,2.2831300427122008,0.35,0.35,80.0,300.0,50.0,1,0.25,150.0
6.140537444115864,2.9992542722086317,156.01200000000014,2.2888662054492306,0.35,0.22,15.0,600.0,25.0,1,0.25,350.0
6.1407299153274595,2.9985612268101725,156.01200000000014,2.291396252906529,0.35,0.35,15.0,300.0,50.0,1,0.25,150.0
6.141259462588453,3.0068021821148805,156.01200000000014,2.2693636584959167,0.35,0.22,40.0,600.0,25.0,1,0.25,350.0
6.143425493930691,3.0539271831394794,156.01200000000014,2.140909459403456,0.2,0.08,40.0,600.0,25.0,1,0.35,700.0
6.146929791026876,3.0530170070409093,156.01200000000014,2.153522239959901,0.2,0.08,15.0,300.0,12.5,1,0.35,350.0
6.1487999252402314,3.0317561876036683,156.01200000000014,2.2196106789616032,0.35,0.12,80.0,600.0,25.0,1,0.25,350.0
6.151844742425135,3.0661054333206113,156.01200000000014,2.1301694545843484,0.2,0.12,80.0,300.0,12.5,1,0.35,350.0
6.152031308596502,3.043350423572163,156.01200000000014,2.1957168143552503,0.35,0.08,80.0,600.0,12.5,1,0.25,350.0
6.15333949372651,3.052944588766518,156.01200000000014,2.1720425855999714,0.2,0.22,40.0,300.0,25.0,1,0.35,350.0
6.153468169632819,3.0530047999531296,156.01200000000014,2.172238199084824,0.2,0.22,80.0,600.0,50.0,1,0.35,700.0
6.153875115619186,3.049121777440856,156.01200000000014,2.1844952519380803,0.2,0.35,80.0,300.0,12.5,1,0.35,350.0
6.158714520411639,3.0333876760129637,156.01200000000014,2.2432766982819223,0.2,0.22,15.0,600.0,25.0,1,0.35,700.0
6.158918380500815,3.0389322167466557,156.01200000000014,2.228017610726166,0.35,0.08,15.0,600.0,25.0,1,0.25,350.0
6.159469263605114,3.0250144914796,156.01200000000014,2.269356491787176,0.35,0.22,80.0,600.0,25.0,1,0.25,350.0
6.15985918877166,3.0466113188861397,156.01200000000014,2.2087653425300524,0.35,0.08,40.0,600.0,25.0,1,0.25,350.0
6.160078980826384,3.062261206636648,156.01200000000014,2.1646793548278103,0.2,0.22,80.0,300.0,25.0,1,0.35,350.0
6.1643915697728495,3.0569811664987183,156.01200000000014,2.1920868664975117,0.2,0.22,40.0,600.0,50.0,1,0.35,700.0
6.167582846319184,3.020793416395977,156.01200000000014,2.3045983712091593,0.35,0.12,15.0,600.0,12.5,1,0.35,700.0
6.170199859694233,3.0591394251834307,156.01200000000014,2.202515527173716,0.2,0.35,40.0,300.0,25.0,1,0.35,350.0
6.170344490051451,3.0592067261679223,156.01200000000014,2.2027364682386485,0.2,0.35,80.0,600.0,50.0,1,0.35,700.0
6.171741021177141,3.0552802084932966,156.01200000000014,2.2179451790966906,0.2,0.12,15.0,600.0,25.0,1,0.35,700.0
6.171780096744532,3.0486841943786906,156.01200000000014,2.2369025781881127,0.35,0.12,40.0,600.0,50.0,1,0.25,350.0
6.17492830817019,3.0536002072912125,156.01200000000014,2.2318517167970717,0.35,0.12,80.0,600.0,50.0,1,0.25,350.0
6.176172955849022,3.0403893221004843,156.01200000000014,2.273153239281531,0.2,0.35,15.0,600.0,25.0,1,0.35,700.0
6.1766713658087165,3.068203512925296,156.01200000000014,2.195108151095483,0.2,0.35,80.0,300.0,25.0,1,0.35,350.0
6.176969514146257,3.0650259419520767,156.01200000000014,2.2050387776976526,0.2,0.22,15.0,300.0,25.0,1,0.35,350.0
6.178579244393898,3.02949824394144,156.01200000000014,2.311145715578447,0.35,0.35,80.0,600.0,12.5,1,0.25,350.0
6.179433649938428,3.0659099997753576,156.01200000000014,2.209553286180197,0.35,0.08,80.0,600.0,25.0,1,0.25,350.0
6.181328991058668,3.063283546612393,156.01200000000014,2.222472698417922,0.2,0.35,40.0,600.0,50.0,1,0.35,700.0
6.182069830183796,3.0416211593589044,156.01200000000014,2.286481916642543,0.35,0.22,40.0,600.0,50.0,1,0.25,350.0
6.185085751543561,3.0464228036665557,156.01200000000014,2.281379851077153,0.35,0.22,80.0,600.0,50.0,1,0.25,350.0
6.186019878008339,3.0563546755739543,156.01200000000014,2.255672006955377,0.35,0.12,15.0,600.0,50.0,1,0.25,350.0
6.1867235761433585,3.0261720893929476,156.01200000000014,2.343918533572599,0.35,0.35,15.0,600.0,25.0,1,0.25,350.0
6.187392513331761,3.033512546111275,156.01200000000014,2.3248570492013827,0.35,0.35,40.0,600.0,25.0,1,0.25,350.0
6.1880795995273825,3.019942625784755,156.01200000000014,2.3655913535503577,0.35,0.22,15.0,600.0,12.5,1,0.35,700.0
6.193757266213662,3.071234689267347,156.01200000000014,2.2352645055608953,0.2,0.35,15.0,300.0,25.0,1,0.35,350.0
6.195260832431772,3.0484175860205336,156.01200000000014,2.30475213260353,0.35,0.22,15.0,600.0,50.0,1,0.25,350.0
6.197754462279906,3.0554130357948304,156.01200000000014,2.2918897899573536,0.35,0.08,15.0,600.0,12.5,1,0.35,700.0
6.2027266402035295,3.083121899157534,156.01200000000014,2.2269278315599803,0.35,0.08,40.0,600.0,50.0,1,0.25,350.0
6.205109118749917,3.0512723906470574,156.01200000000014,2.324733508865309,0.35,0.35,80.0,600.0,25.0,1,0.25,350.0
6.2054315189282026,3.0898425560276443,156.01200000000014,2.2154541797158753,0.2,0.08,15.0,600.0,25.0,1,0.35,700.0
6.206017737909374,3.0881246954496033,156.01200000000014,2.222037264170767,0.35,0.08,80.0,600.0,50.0,1,0.25,350.0
6.217660674982143,3.091410494045762,156.01200000000014,2.245914802675366,0.35,0.08,15.0,600.0,50.0,1,0.25,350.0
6.224284040883942,3.0849571152590656,156.01200000000014,2.283276930356786,0.35,0.12,40.0,600.0,12.5,1,0.35,700.0
6.2275309955141145,3.067771400005681,156.01200000000014,2.341655987166948,0.35,0.35,40.0,600.0,50.0,1,0.25,350.0
6.23044290638661,3.0724413977261635,156.01200000000014,2.3366328818869864,0.35,0.35,80.0,600.0,50.0,1,0.25,350.0
6.238153895606387,3.0784800253726656,156.01200000000014,2.3414110578106277,0.35,0.22,40.0,600.0,12.5,1,0.35,700.0
6.240179634623253,3.0742299858204967,156.01200000000014,2.359341853722157,0.35,0.35,15.0,600.0,50.0,1,0.25,350.0
6.248610053179204,3.0554607155402556,156.01200000000014,2.437055250396992,0.35,0.35,15.0,600.0,12.5,1,0.35,700.0
6.2588299108436525,3.122720317180858,156.01200000000014,2.274084553322263,0.35,0.08,40.0,600.0,12.5,1,0.35,700.0
6.263840742879865,3.151968745458851,156.01200000000014,2.20483427834575,0.2,0.22,40.0,300.0,12.5,1,0.55,700.0
6.292979957831866,3.1484991450166366,156.01200000000014,2.2980023223292223,0.35,0.12,80.0,600.0,12.5,1,0.35,700.0
6.294481873127284,3.1098860691222594,156.01200000000014,2.412616582871491,0.35,0.35,40.0,600.0,12.5,1,0.35,700.0
6.303037012543429,3.1389390680151275,156.01200000000014,2.3540512700808565,0.35,0.22,80.0,600.0,12.5,1,0.35,700.0
6.306433350067751,3.150651507932617,156.01200000000014,2.33029097752895,0.35,0.12,15.0,300.0,12.5,1,0.35,350.0
6.310804392786345,3.157398535540108,156.01200000000014,2.323502449274958,0.35,0.12,40.0,600.0,25.0,1,0.35,700.0
6.318625336831275,3.1427473537257575,156.01200000000014,2.3877085231586133,0.35,0.22,15.0,300.0,12.5,1,0.35,350.0
6.322275201774604,3.148903035046594,156.01200000000014,2.3805490477943083,0.35,0.22,40.0,600.0,25.0,1,0.35,700.0
6.330120520939529,3.188157535174929,156.01200000000014,2.2908085307559958,0.35,0.08,80.0,600.0,12.5,1,0.35,700.0
6.330397576572535,3.183863818095715,156.01200000000014,2.3038678813623403,0.35,0.12,15.0,100.0,12.5,1,0.55,150.0
6.335569674098201,3.1651956148182667,156.01200000000014,2.371983026514093,0.35,0.12,15.0,600.0,25.0,1,0.35,700.0
6.338732114589903,3.1864349519423607,156.01200000000014,2.320334750421544,0.35,0.12,40.0,300.0,12.5,1,0.35,350.0
6.338903095183657,3.1865121787475803,156.01200000000014,2.320602618388782,0.35,0.12,80.0,600.0,25.0,1,0.35,700.0
6.342235507746819,3.196701798781336,156.01200000000014,2.301010597044231,0.35,0.12,40.0,100.0,12.5,1,0.55,150.0
6.342766135836632,3.1898985102485677,156.01200000000014,2.3219646445373203,0.35,0.08,15.0,300.0,12.5,1,0.35,350.0
6.34749821400593,3.196862997543776,156.01200000000014,2.315586332749006,0.35,0.08,40.0,600.0,25.0,1,0.35,700.0
6.3475566966453245,3.1569911575999217,156.01200000000014,2.4296729687011442,0.35,0.22,15.0,600.0,25.0,1,0.35,700.0
6.347861972285371,3.176099924459883,156.01200000000014,2.375948708072817,0.35,0.22,40.0,300.0,12.5,1,0.35,350.0
6.348098109180009,3.1762056866913806,156.01200000000014,2.376321207110363,0.35,0.22,80.0,600.0,25.0,1,0.35,700.0
6.355406091673579,3.2089741206357814,156.01200000000014,2.3035770601079864,0.35,0.12,80.0,100.0,12.5,1,0.55,150.0
6.356967067614767,3.1682298412923133,156.01200000000014,2.4244492180641486,0.35,0.35,80.0,600.0,12.5,1,0.35,700.0
6.3594614282620565,3.211415974527624,156.01200000000014,2.308187010669803,0.35,0.12,40.0,100.0,25.0,1,0.55,150.0
6.359722222728472,3.210005037283063,156.01200000000014,2.3129633869868784,0.35,0.12,15.0,100.0,25.0,1,0.55,150.0
6.3647128886587145,3.2167752715615086,156.01200000000014,2.3078789059920126,0.35,0.12,80.0,100.0,25.0,1,0.55,150.0
6.3698096226204255,3.22446549038373,156.01200000000014,2.3004689492476937,0.35,0.08,15.0,100.0,12.5,1,0.55,150.0
6.372513306451499,3.205232867701849,156.01200000000014,2.3631441107132822,0.35,0.08,15.0,600.0,25.0,1,0.35,700.0
6.372739728006765,3.223085461393377,156.01200000000014,2.3127836188953883,0.35,0.12,40.0,100.0,50.0,1,0.55,150.0
6.3734126897358045,3.2242157616379807,156.01200000000014,2.3114769374223485,0.35,0.12,80.0,100.0,50.0,1,0.55,150.0
6.3743192562789455,3.173674257733352,156.01200000000014,2.4584714244159755,0.35,0.35,15.0,300.0,12.5,1,0.35,350.0
6.374525453946136,3.219729603445313,156.01200000000014,2.327473858573777,0.35,0.12,80.0,300.0,12.5,1,0.35,350.0
6.375657022624937,3.2248937905461115,156.01200000000014,2.315952091653779,0.35,0.12,15.0,100.0,50.0,1,0.55,150.0
6.3768265774042465,3.226843140602099,156.01200000000014,2.313724105148986,0.35,0.08,40.0,300.0,12.5,1,0.35,350.0
6.376952780493101,3.226901370465362,156.01200000000014,2.313918314364965,0.35,0.08,80.0,600.0,25.0,1,0.35,700.0
6.377433544924267,3.179286245445738,156.01200000000014,2.451335141367222,0.35,0.35,40.0,600.0,25.0,1,0.35,700.0
6.381685873560935,3.207841890847947,156.01200000000014,2.381897093465675,0.35,0.22,80.0,300.0,12.5,1,0.35,350.0
6.38188616650355,3.2373344815785523,156.01200000000014,2.298204814071418,0.35,0.08,40.0,100.0,12.5,1,0.55,150.0
6.382715754659689,3.219536967938422,156.01200000000014,2.351425104917899,0.35,0.12,40.0,600.0,50.0,1,0.35,700.0
6.38395159552886,3.2246300601968745,156.01200000000014,2.34040438666281,0.35,0.12,40.0,300.0,25.0,1,0.35,350.0
6.384127058401643,3.224709381075244,156.01200000000014,2.340679078075419,0.35,0.12,80.0,600.0,50.0,1,0.35,700.0
6.388406212195693,3.2224401266877285,156.01200000000014,2.3593888157370353,0.35,0.12,15.0,300.0,25.0,1,0.35,350.0
6.391024842856137,3.2084232353711433,156.01200000000014,2.4069188785285482,0.35,0.22,40.0,600.0,50.0,1,0.35,700.0
6.391719778710538,3.2131726892281494,156.01200000000014,2.395334541378249,0.35,0.22,40.0,300.0,25.0,1,0.35,350.0
6.3919638946893915,3.213281919398777,156.01200000000014,2.3957199294017495,0.35,0.22,80.0,600.0,50.0,1,0.35,700.0
6.395480716993162,3.2498699293909272,156.01200000000014,2.3012308217206656,0.35,0.08,80.0,100.0,12.5,1,0.55,150.0
6.396339698107655,3.2109946249002,156.01200000000014,2.414757352021292,0.35,0.22,15.0,300.0,25.0,1,0.35,350.0
6.398616496810753,3.2397673496223662,156.01200000000014,2.3390547062525293,0.35,0.12,80.0,300.0,25.0,1,0.35,350.0
6.399642820793972,3.252441617063328,156.01200000000014,2.3057748678018375,0.35,0.08,40.0,100.0,25.0,1,0.55,150.0
6.400495266156496,3.251595019698414,156.01200000000014,2.310629275594516,0.35,0.08,15.0,100.0,25.0,1,0.55,150.0
6.401465554333995,3.205077632276375,156.01200000000014,2.4463083487360526,0.35,0.35,40.0,300.0,12.5,1,0.35,350.0
6.401732178658099,3.2051976989004665,156.01200000000014,2.446727085021802,0.35,0.35,80.0,600.0,25.0,1,0.35,700.0
6.403512055728295,3.188440889944974,156.01200000000014,2.499689045095196,0.35,0.35,15.0,600.0,25.0,1,0.35,700.0
6.405011018461536,3.257840034070509,156.01200000000014,2.3056885268315,0.35,0.08,80.0,100.0,25.0,1,0.55,150.0
6.405284061022704,3.2274607479309645,156.01200000000014,2.393266608833538,0.35,0.22,80.0,300.0,25.0,1,0.35,350.0
6.413452318854905,3.2644963144432846,156.01200000000014,2.310788584033192,0.35,0.08,40.0,100.0,50.0,1,0.55,150.0
6.413911632008421,3.261057634193499,156.01200000000014,2.321925708042631,0.35,0.08,80.0,300.0,12.5,1,0.35,350.0
6.4139785789624515,3.265477850494653,156.01200000000014,2.3094877956222746,0.35,0.08,80.0,100.0,50.0,1,0.55,150.0
6.417292626566277,3.2670788498776484,156.01200000000014,2.31438221911036,0.35,0.08,15.0,100.0,50.0,1,0.55,150.0
6.420261864790493,3.256200469491338,156.01200000000014,2.3539468437118662,0.35,0.12,40.0,300.0,50.0,1,0.35,350.0
6.421746924214225,3.2593859103742924,156.01200000000014,2.3490886109712315,0.35,0.12,80.0,300.0,50.0,1,0.35,350.0
6.421937556913974,3.260954071845937,156.01200000000014,2.3451528144801004,0.35,0.08,40.0,600.0,50.0,1,0.35,700.0
6.4223627820324545,3.2318351073597484,156.01200000000014,2.429564784779157,0.35,0.12,15.0,600.0,12.5,1,0.25,700.0
6.423228888414612,3.265956851444704,156.01200000000014,2.334548677056875,0.35,0.08,40.0,300.0,25.0,1,0.35,350.0
6.423357316439902,3.266016314959238,156.01200000000014,2.334745718516179,0.35,0.08,80.0,600.0,50.0,1,0.35,700.0
6.426034980398969,3.2489288532347596,156.01200000000014,2.3912175061834495,0.35,0.12,15.0,600.0,50.0,1,0.35,700.0
6.426414570532252,3.2434291662841375,156.01200000000014,2.4080154407088945,0.35,0.22,40.0,300.0,50.0,1,0.35,350.0
6.4276946917610225,3.2464921791287544,156.01200000000014,2.4029214646636166,0.35,0.22,80.0,300.0,50.0,1,0.35,350.0
6.428089128724498,3.2642702947138362,156.01200000000014,2.353253811459027,0.35,0.08,15.0,300.0,25.0,1,0.35,350.0
6.430439975521856,3.234334362710824,156.01200000000014,2.4455017508886594,0.35,0.22,15.0,600.0,50.0,1,0.35,700.0
6.433774938662822,3.264462935333633,156.01200000000014,2.368948580940534,0.35,0.12,15.0,300.0,50.0,1,0.35,350.0
6.434040074749275,3.235733893475217,156.01200000000014,2.451789089354445,0.35,0.35,80.0,300.0,12.5,1,0.35,350.0
6.438441976736562,3.250358396912636,156.01200000000014,2.4225816566397826,0.35,0.22,15.0,300.0,50.0,1,0.35,350.0
6.438501030361145,3.281490370365338,156.01200000000014,2.3338018857023015,0.35,0.08,80.0,300.0,25.0,1,0.35,350.0
6.438863316846643,3.0048072530876744,182.01400000000018,2.0109887535970454,0.1,0.08,80.0,600.0,12.5,1,0.35,700.0
6.44077945922631,3.2289085954587105,156.01200000000014,2.4905453250502796,0.35,0.22,15.0,600.0,12.5,1,0.25,700.0
6.444512600045058,3.237351181692773,156.01200000000014,2.477089766720807,0.35,0.35,40.0,600.0,50.0,1,0.35,700.0
6.4446606209935045,3.2415721630668775,156.01200000000014,2.4654527369332158,0.35,0.35,40.0,300.0,25.0,1,0.35,350.0
6.444936771353592,3.2416963371721623,156.01200000000014,2.4658869548040787,0.35,0.35,80.0,600.0,50.0,1,0.35,700.0
6.445241287598947,3.003754593696726,182.01400000000018,2.03221912543491,0.1,0.08,80.0,600.0,25.0,1,0.25,350.0
6.448355288085132,2.9965298701921204,182.01400000000018,2.0617583368371686,0.1,0.22,40.0,600.0,50.0,1,0.25,350.0
6.4484989656176195,2.999539527904872,182.01400000000018,2.0535698220364127,0.1,0.22,80.0,600.0,50.0,1,0.25,350.0
6.448810519839821,3.004469675802039,182.01400000000018,2.0403738401079416,0.1,0.22,40.0,300.0,12.5,1,0.35,350.0
6.448864820003987,3.0044986932724784,182.01400000000018,2.040446076375733,0.1,0.22,80.0,600.0,25.0,1,0.35,700.0
6.449773924893942,3.239932395115705,156.01200000000014,2.484747227937816,0.35,0.35,15.0,300.0,25.0,1,0.35,350.0
6.452188597381163,2.997524608950787,182.01400000000018,2.069868538372494,0.1,0.35,40.0,600.0,50.0,1,0.25,350.0
6.452290456329198,3.004036202415865,182.01400000000018,2.0515550111809424,0.1,0.35,40.0,300.0,12.5,1,0.35,350.0
6.4523510924114245,3.004067925496165,182.01400000000018,2.0516376197578765,0.1,0.35,80.0,600.0,25.0,1,0.35,700.0
6.452358599946287,3.000547196384519,182.01400000000018,2.061718295890758,0.1,0.35,80.0,600.0,50.0,1,0.25,350.0
6.453448716641665,3.0057060510939144,182.01400000000018,2.050093330136424,0.1,0.12,40.0,600.0,25.0,1,0.35,700.0
6.456260760867943,3.0074589034743684,182.01400000000018,2.053119592553064,0.1,0.12,40.0,600.0,50.0,1,0.25,350.0
6.456382266217129,3.0104455895617432,182.01400000000018,2.0449333618725234,0.1,0.12,80.0,600.0,50.0,1,0.25,350.0
6.4574597029399445,3.2551770071230135,156.01200000000014,2.4631505594769427,0.35,0.35,80.0,300.0,25.0,1,0.35,350.0
6.4621273657857214,3.021033511302682,182.01400000000018,2.031096727094391,0.1,0.12,40.0,300.0,12.5,1,0.35,350.0
6.462166409234298,3.0210563038448517,182.01400000000018,2.0311431582555532,0.1,0.12,80.0,600.0,25.0,1,0.35,700.0
6.4711075435481105,3.0101200589280026,182.01400000000018,2.0879356703431564,0.1,0.22,15.0,600.0,50.0,1,0.25,350.0
6.471305445583978,3.0228923736799134,182.01400000000018,2.0520087768687496,0.1,0.08,40.0,600.0,50.0,1,0.25,350.0
6.47145560793005,3.0258927616177593,182.01400000000018,2.0438652751779647,0.1,0.08,80.0,600.0,50.0,1,0.25,350.0
6.472716315890178,3.029443679934464,182.01400000000018,2.0373218170163208,0.1,0.22,80.0,300.0,12.5,1,0.35,350.0
6.474247554793326,3.026536748017913,182.01400000000018,2.0500023050725997,0.1,0.08,40.0,600.0,25.0,1,0.35,700.0
6.474715335072334,3.010951913549764,182.01400000000018,2.095866918635906,0.1,0.35,15.0,600.0,50.0,1,0.25,350.0
6.476027682363312,3.0288531164966157,182.01400000000018,2.0484701881905543,0.1,0.35,80.0,300.0,12.5,1,0.35,350.0
6.478499385597877,3.2710893884699024,156.01200000000014,2.4777999917942095,0.35,0.35,40.0,300.0,50.0,1,0.35,350.0
6.479388842083541,3.021371680208614,182.01400000000018,2.0794490339283547,0.1,0.12,15.0,600.0,50.0,1,0.25,350.0
6.479518992227898,3.2739029177452976,156.01200000000014,2.472674498521707,0.35,0.35,80.0,300.0,50.0,1,0.35,350.0
6.481358226858237,3.0280510790289066,182.01400000000018,2.065991850940939,0.1,0.08,15.0,300.0,12.5,1,0.35,350.0
6.482541806272273,3.2622416014624083,156.01200000000014,2.514629156599608,0.35,0.35,15.0,600.0,50.0,1,0.35,700.0
6.483363560232129,3.0421776465476484,182.01400000000018,2.0313597533842227,0.1,0.08,40.0,300.0,12.5,1,0.35,350.0
6.4833915001571425,3.042195976428918,182.01400000000018,2.031387210652061,0.1,0.08,80.0,600.0,25.0,1,0.35,700.0
6.486459418939482,3.0463386819880593,182.01400000000018,2.0283163912897706,0.1,0.12,80.0,300.0,12.5,1,0.35,350.0
6.490130629814569,3.27773115281093,156.01200000000014,2.4920556485818226,0.35,0.35,15.0,300.0,50.0,1,0.35,350.0
6.4917223030127476,3.041303571123206,182.01400000000018,2.0577392339701097,0.1,0.22,40.0,300.0,25.0,1,0.35,350.0
6.491776271239713,3.041332963599055,182.01400000000018,2.0578094504018734,0.1,0.22,80.0,600.0,50.0,1,0.35,700.0
6.4946403210184585,3.0369890159308146,182.01400000000018,2.0784037288218316,0.1,0.08,15.0,600.0,50.0,1,0.25,350.0
6.4950849710917815,3.0407505262999615,182.01400000000018,2.0689269851194796,0.1,0.35,40.0,300.0,25.0,1,0.35,350.0
6.495145583616953,3.0407827414523636,182.01400000000018,2.069008120470249,0.1,0.35,80.0,600.0,50.0,1,0.35,700.0
6.495565239103561,3.0487330214381045,182.01400000000018,2.0474920504727256,0.1,0.22,80.0,300.0,25.0,1,0.35,350.0
6.498844184744834,3.0480989010056563,182.01400000000018,2.0586722392547867,0.1,0.35,80.0,300.0,25.0,1,0.35,350.0
6.500050786699716,3.2634340737791065,156.01200000000014,2.5612477512017358,0.35,0.35,15.0,600.0,12.5,1,0.25,700.0
6.505414985987835,3.0581921366265203,182.01400000000018,2.0486081410323216,0.1,0.12,40.0,300.0,25.0,1,0.35,350.0
6.5054529221791615,3.0582150190958255,182.01400000000018,2.048651151666667,0.1,0.12,80.0,600.0,50.0,1,0.35,700.0
6.5081039087468335,3.0677887921711284,182.01400000000018,2.0288717616448637,0.1,0.08,80.0,300.0,12.5,1,0.35,350.0
6.508163744430295,3.0490959843387753,182.01400000000018,2.0824507431186197,0.1,0.22,40.0,600.0,50.0,1,0.35,700.0
6.509461943662135,3.0657687736874446,182.01400000000018,2.0385233427848233,0.1,0.12,80.0,300.0,25.0,1,0.35,350.0
6.511508136042597,3.0485427806646674,182.01400000000018,2.0935867296512205,0.1,0.35,40.0,600.0,50.0,1,0.35,700.0
6.517276638269709,3.067485831133306,182.01400000000018,2.0559451632468577,0.1,0.22,80.0,300.0,50.0,1,0.35,350.0
6.518505961873755,3.036141206103378,182.01400000000018,2.149013587915354,0.1,0.22,15.0,600.0,25.0,1,0.35,700.0
6.520492459270415,3.0667884134833434,182.01400000000018,2.067125845105913,0.1,0.35,80.0,300.0,50.0,1,0.35,350.0
6.521866257859547,3.066030269266036,182.01400000000018,2.073217110267166,0.1,0.12,40.0,600.0,50.0,1,0.35,700.0
6.521876022440895,3.0357174250520584,182.01400000000018,2.159853135396671,0.1,0.35,15.0,600.0,25.0,1,0.35,700.0
6.524274246408422,3.0596677207555056,182.01400000000018,2.0982757875797526,0.1,0.22,15.0,300.0,25.0,1,0.35,350.0
6.524997129076213,3.070995222057872,182.01400000000018,2.067976877195251,0.1,0.22,40.0,300.0,50.0,1,0.35,350.0
6.527036081717531,3.0796486404588275,182.01400000000018,2.049078403596288,0.1,0.08,40.0,300.0,25.0,1,0.35,350.0
6.5270623921209,3.079666871365256,182.01400000000018,2.049101487873262,0.1,0.08,80.0,600.0,50.0,1,0.35,700.0
6.5275219321370335,3.059045288508491,182.01400000000018,2.109333267510113,0.1,0.35,15.0,300.0,25.0,1,0.35,350.0
6.528201373535774,3.0702955347229524,182.01400000000018,2.0791309680366243,0.1,0.35,40.0,300.0,50.0,1,0.35,350.0
6.531279103552544,3.087363819723772,182.01400000000018,2.039157953796483,0.1,0.08,80.0,300.0,25.0,1,0.35,350.0
6.531371728962897,3.0846906682897517,182.01400000000018,2.047060173351839,0.1,0.12,80.0,300.0,50.0,1,0.35,350.0
6.53174657778924,3.0527616516515876,182.01400000000018,2.1393569318218546,0.1,0.12,15.0,600.0,25.0,1,0.35,700.0
6.537434200001205,3.0931678462043903,182.01400000000018,2.040161010848036,0.1,0.22,40.0,300.0,12.5,1,0.55,700.0
6.538167063591875,3.0767712346513374,182.01400000000018,2.0891023684015293,0.1,0.12,15.0,300.0,25.0,1,0.35,350.0
6.539112766018581,3.08823389204178,182.01400000000018,2.059053925647996,0.1,0.12,40.0,300.0,50.0,1,0.35,350.0
6.540481479834555,3.0912253944722408,182.01400000000018,2.054417386749461,0.1,0.35,40.0,300.0,12.5,1,0.55,700.0
6.543457313095678,3.0874914602539905,182.01400000000018,2.0735881509762457,0.1,0.08,40.0,600.0,50.0,1,0.35,700.0
6.5486505324433475,3.0735874377095755,182.01400000000018,2.1281516992393414,0.2,0.08,40.0,300.0,12.5,1,0.35,350.0
6.548718403657827,3.0736217750596393,182.01400000000018,2.1282475102805294,0.2,0.08,80.0,600.0,25.0,1,0.35,700.0
6.551632658281444,3.1151018359859273,182.01400000000018,2.018059492272897,0.1,0.22,80.0,300.0,12.5,1,0.55,700.0
6.552605664282813,3.0737214346484194,182.01400000000018,2.1390692275268317,0.1,0.08,15.0,600.0,25.0,1,0.35,700.0
6.553389527434265,3.1064471308005355,182.01400000000018,2.0478068475249347,0.1,0.08,80.0,300.0,50.0,1,0.35,350.0
6.554245233513858,3.112757623882488,182.01400000000018,2.0322217418039066,0.1,0.35,80.0,300.0,12.5,1,0.55,700.0
6.556582691127525,3.1155150985707962,182.01400000000018,2.031021693019216,0.1,0.12,40.0,300.0,12.5,1,0.55,700.0
6.557826812448253,3.075864795026137,182.01400000000018,2.147862906920324,0.2,0.12,40.0,300.0,25.0,1,0.35,350.0
6.557919700981086,3.075909910006781,182.01400000000018,2.14799940278372,0.2,0.12,80.0,600.0,50.0,1,0.35,700.0
6.559887981051353,3.0983447467676233,182.01400000000018,2.089523526524934,0.1,0.08,15.0,300.0,25.0,1,0.35,350.0
6.560632900295827,3.0958399508011514,182.01400000000018,2.0988084271276377,0.1,0.22,15.0,300.0,50.0,1,0.35,350.0
6.561134638974236,3.1100054488875033,182.01400000000018,2.059769114533516,0.1,0.08,40.0,300.0,50.0,1,0.35,350.0
6.563566112466108,3.0949254096627534,182.01400000000018,2.1098020080095754,0.1,0.35,15.0,300.0,50.0,1,0.35,350.0
6.565058526074006,3.085552425668835,182.01400000000018,2.1408460011576236,0.2,0.12,80.0,300.0,25.0,1,0.35,350.0
6.568789537395088,3.0798910744708157,182.01400000000018,2.167681322640771,0.2,0.12,40.0,600.0,50.0,1,0.35,700.0
6.571810664095024,3.1382236307440423,182.01400000000018,2.009648666717082,0.1,0.12,80.0,300.0,12.5,1,0.55,700.0
6.5718237071763435,3.0808782822499703,182.01400000000018,2.1735297855039177,0.2,0.22,80.0,300.0,50.0,1,0.35,350.0
6.575335100367722,3.1135997031702125,182.01400000000018,2.090072563421448,0.1,0.12,15.0,300.0,50.0,1,0.35,350.0
6.576678494333429,3.0823911961138104,182.01400000000018,2.183077994913187,0.2,0.22,40.0,300.0,50.0,1,0.35,350.0
6.577055193701216,3.1015481830757765,182.01400000000018,2.12942003035839,0.2,0.08,80.0,300.0,12.5,1,0.35,350.0
6.581702634979974,3.0882293034619837,182.01400000000018,2.1807523757656817,0.2,0.12,15.0,300.0,25.0,1,0.35,350.0
6.584431859443579,3.1425154993973825,182.01400000000018,2.033446742989126,0.1,0.08,40.0,300.0,12.5,1,0.55,700.0
6.587183478055256,3.1045130613492056,182.01400000000018,2.149886904874422,0.2,0.12,80.0,300.0,50.0,1,0.35,350.0
6.587864919434985,3.146267584779456,182.01400000000018,2.0325352418729343,0.1,0.22,80.0,300.0,25.0,1,0.55,700.0
6.588253328825823,3.08666964806235,182.01400000000018,2.2039248021813465,0.2,0.35,80.0,300.0,50.0,1,0.35,350.0
6.590392214195893,3.1438217533660464,182.01400000000018,2.0467441737995538,0.1,0.35,80.0,300.0,25.0,1,0.55,700.0
6.5920280783340885,3.1060459130565583,182.01400000000018,2.159349043650076,0.2,0.12,40.0,300.0,50.0,1,0.35,350.0
6.592957151501901,3.1113166102488514,182.01400000000018,2.1469444035801333,0.2,0.08,40.0,300.0,25.0,1,0.35,350.0
6.593024888729801,3.111351351871712,182.01400000000018,2.1470386767373904,0.2,0.08,80.0,600.0,50.0,1,0.35,700.0
6.593140614460718,3.088230251176375,182.01400000000018,2.213429609383828,0.2,0.35,40.0,300.0,50.0,1,0.35,350.0
6.597823324894461,3.1357633735308004,182.01400000000018,2.090999861039023,0.1,0.08,15.0,300.0,50.0,1,0.35,350.0
6.599842327257369,3.1148173513129596,182.01400000000018,2.1566142169840194,0.1,0.22,15.0,600.0,50.0,1,0.35,700.0
6.600494472965414,3.165850309928359,182.01400000000018,2.01266903724872,0.1,0.08,80.0,300.0,12.5,1,0.55,700.0
6.600563474426457,3.121262181514706,182.01400000000018,2.1402608368907106,0.2,0.08,80.0,300.0,25.0,1,0.35,350.0
6.602452813803393,3.113679425148412,182.01400000000018,2.1673239675856513,0.1,0.35,15.0,600.0,50.0,1,0.35,700.0
6.603877419817891,3.115373591221941,182.01400000000018,2.1665537959884227,0.2,0.08,40.0,600.0,50.0,1,0.35,700.0
6.604368209633532,3.101344928915525,182.01400000000018,2.208037944908581,0.2,0.22,15.0,300.0,50.0,1,0.35,350.0
6.605685934463525,3.153052491240325,182.01400000000018,2.0640669806377043,0.1,0.22,40.0,300.0,25.0,1,0.55,700.0
6.608424349725011,3.169716615149879,182.01400000000018,2.0242792416432263,0.1,0.12,80.0,300.0,25.0,1,0.55,700.0
6.60845193975321,3.1508298147107974,182.01400000000018,2.07832035726403,0.1,0.35,40.0,300.0,25.0,1,0.55,700.0
6.608996730021297,3.1292741091927545,182.01400000000018,2.1414646309386853,0.1,0.22,15.0,300.0,12.5,1,0.55,700.0
6.612688286058591,3.127989263213382,182.01400000000018,2.1556829224148775,0.1,0.35,15.0,300.0,12.5,1,0.55,700.0
6.615029001177418,3.1330712764665622,182.01400000000018,2.1478506420310084,0.1,0.12,15.0,600.0,50.0,1,0.35,700.0
6.616030821111423,3.4078359508902722,156.01200000000014,2.480042486346139,0.35,0.12,15.0,300.0,12.5,1,0.55,700.0
6.617059195880142,3.1239467940787913,182.01400000000018,2.179721148003852,0.2,0.08,15.0,300.0,25.0,1,0.35,350.0
6.620367131907189,3.1068295989616748,182.01400000000018,2.2380786655586045,0.2,0.35,15.0,300.0,50.0,1,0.35,350.0
6.6208124653012845,3.1259682016094104,182.01400000000018,2.184669324833916,0.2,0.12,15.0,300.0,50.0,1,0.35,350.0
6.6221311160136365,3.1767119712457585,182.01400000000018,2.043454699336785,0.1,0.22,80.0,300.0,50.0,1,0.55,700.0
6.623074063811217,3.1405282806645025,182.01400000000018,2.1495308089906033,0.2,0.08,80.0,300.0,50.0,1,0.35,350.0
6.624497334413994,3.1741110437666107,182.01400000000018,2.0576465447068037,0.1,0.35,80.0,300.0,50.0,1,0.55,700.0
6.62578027950983,3.1761844657739555,182.01400000000018,2.0553880392453467,0.1,0.12,40.0,300.0,25.0,1,0.55,700.0
6.62665942164329,3.1505448815476345,182.01400000000018,2.1311558288447223,0.1,0.12,15.0,300.0,12.5,1,0.55,700.0
6.62793848344958,3.1421043082446793,182.01400000000018,2.1589262148711366,0.2,0.08,40.0,300.0,50.0,1,0.35,350.0
6.628574784404589,3.109652748884166,182.01400000000018,2.25346295862977,0.2,0.22,15.0,600.0,50.0,1,0.35,700.0
6.630700890085672,3.4005878823783786,156.01200000000014,2.5426657363065486,0.35,0.22,15.0,300.0,12.5,1,0.55,700.0
6.631617164229041,3.1261035144550946,182.01400000000018,2.215153285068411,0.1,0.22,15.0,600.0,12.5,1,0.25,700.0
6.636312806454743,3.1268689054700407,182.01400000000018,2.226382574242,0.1,0.35,15.0,600.0,12.5,1,0.25,700.0
6.637517723570073,3.197673632336843,182.01400000000018,2.027525974952078,0.1,0.08,80.0,300.0,25.0,1,0.55,700.0
6.637733801859776,3.1554782669772887,182.01400000000018,2.1487015282356694,0.1,0.08,15.0,600.0,50.0,1,0.35,700.0
6.6420270455336325,3.1402971942214397,182.01400000000018,2.204342432320544,0.1,0.12,15.0,600.0,12.5,1,0.25,700.0
6.643208686343064,3.200581203745039,182.01400000000018,2.035478521708635,0.1,0.12,80.0,300.0,50.0,1,0.55,700.0
6.644199991694841,3.11494389634271,182.01400000000018,2.2829888438632238,0.2,0.35,15.0,600.0,50.0,1,0.35,700.0
6.645735368051495,3.1350320284488062,182.01400000000018,2.229980970293389,0.2,0.12,15.0,600.0,50.0,1,0.35,700.0
6.653361300011211,3.176724755743028,182.01400000000018,2.132647269337658,0.1,0.08,15.0,300.0,12.5,1,0.55,700.0
6.654579072993522,3.2039336222711774,182.01400000000018,2.0583870020638364,0.1,0.08,40.0,300.0,25.0,1,0.55,700.0
6.656440790918449,3.2002234404568837,182.01400000000018,2.074306715604465,0.1,0.22,40.0,300.0,50.0,1,0.55,700.0
6.657675936830844,3.1628342184529066,182.01400000000018,2.1846620525083877,0.2,0.08,15.0,300.0,50.0,1,0.35,350.0
6.658800727085183,3.1976286108408862,182.01400000000018,2.0884631892694125,0.1,0.35,40.0,300.0,50.0,1,0.55,700.0
6.65913645988727,3.1209035886714873,182.01400000000018,2.3086367749022267,0.2,0.22,15.0,600.0,12.5,1,0.25,700.0
6.660798617687864,3.1595205633313843,182.01400000000018,2.203051583875648,0.1,0.08,15.0,600.0,12.5,1,0.25,700.0
6.664109173522696,3.1823810590731703,182.01400000000018,2.1471946127129216,0.1,0.22,40.0,600.0,12.5,1,0.25,700.0
6.66551182960115,3.2020805272375434,182.01400000000018,2.094918006753153,0.1,0.22,40.0,100.0,12.5,1,0.35,150.0
6.6672764157929185,3.1386450664342993,182.01400000000018,2.2812038553103338,0.2,0.12,15.0,600.0,12.5,1,0.25,700.0
6.668576976831914,3.2008198437073228,182.01400000000018,2.107277523213112,0.1,0.35,40.0,100.0,12.5,1,0.35,150.0
6.66859707937625,3.1828225348651844,182.01400000000018,2.1587558414601777,0.1,0.35,40.0,600.0,12.5,1,0.25,700.0
6.668848133754792,3.198799161908636,182.01400000000018,2.113825633846153,0.1,0.22,15.0,100.0,12.5,1,0.35,150.0
6.672001629634932,3.1976261937719808,182.01400000000018,2.126186959608423,0.1,0.35,15.0,100.0,12.5,1,0.35,150.0
6.6725018060136625,3.1574380263779886,182.01400000000018,2.2424393703876313,0.2,0.35,40.0,300.0,12.5,1,0.55,700.0
6.674323569578979,3.1812149021900185,182.01400000000018,2.179710478254165,0.2,0.12,40.0,300.0,12.5,1,0.55,700.0
6.674502988893216,3.212131394308689,182.01400000000018,2.091890270241498,0.1,0.22,80.0,100.0,12.5,1,0.35,150.0
6.6755146011554505,3.1973681902745668,182.01400000000018,2.136961173945372,0.1,0.12,40.0,600.0,12.5,1,0.25,700.0
6.675886478288208,3.471619606303293,156.01200000000014,2.468819634242612,0.35,0.12,40.0,300.0,12.5,1,0.55,700.0
6.677484905253374,3.210795499133305,182.01400000000018,2.1042268746287616,0.1,0.35,80.0,100.0,12.5,1,0.35,150.0
6.678906578690069,3.130018680569927,182.01400000000018,2.339079708914684,0.2,0.35,15.0,600.0,12.5,1,0.25,700.0
6.681922685408059,3.221536800628122,182.01400000000018,2.0862168136569563,0.1,0.12,40.0,100.0,12.5,1,0.35,150.0
6.683074342580929,3.172439386657379,182.01400000000018,2.2297855883529936,0.2,0.08,15.0,600.0,50.0,1,0.35,700.0
6.683846178856304,3.2181079087317164,182.01400000000018,2.101509343213102,0.1,0.22,40.0,100.0,25.0,1,0.35,150.0
6.68395580666283,3.18522748897243,182.01400000000018,2.195766621972564,0.2,0.22,80.0,300.0,12.5,1,0.55,700.0
6.684149188340578,3.459800768588184,156.01200000000014,2.526195485006834,0.35,0.22,40.0,300.0,12.5,1,0.55,700.0
6.684336662869676,3.2205342074491345,182.01400000000018,2.095978444058682,0.1,0.22,80.0,100.0,25.0,1,0.35,150.0
6.685054965644368,3.2181282530772224,182.01400000000018,2.1049048930489804,0.1,0.12,15.0,100.0,12.5,1,0.35,150.0
6.6868481408469425,3.216785561420889,182.01400000000018,2.1138645126458613,0.1,0.35,40.0,100.0,25.0,1,0.35,150.0
6.68706338473255,3.1602166001096577,182.01400000000018,2.2761050989225433,0.2,0.22,15.0,300.0,12.5,1,0.55,700.0
6.68729983811984,3.2191756806083727,182.01400000000018,2.108326164318468,0.1,0.35,80.0,100.0,25.0,1,0.35,150.0
6.691117790054538,3.2317380658314856,182.01400000000018,2.0833420692087152,0.1,0.12,80.0,100.0,12.5,1,0.35,150.0
6.6935440064428375,3.2286051288087574,182.01400000000018,2.099225364668791,0.1,0.22,80.0,100.0,50.0,1,0.35,150.0
6.695606555515332,3.4360249849709055,156.01200000000014,2.626861630126928,0.35,0.35,15.0,300.0,12.5,1,0.55,700.0
6.695622153496199,3.2175600198784235,182.01400000000018,2.136720381765065,0.1,0.08,40.0,600.0,12.5,1,0.25,700.0
6.697496785089632,3.1704118727103032,182.01400000000018,2.2767854639409317,0.2,0.08,15.0,600.0,12.5,1,0.25,700.0
6.697643535977558,3.230692631660347,182.01400000000018,2.1049740123348806,0.1,0.22,40.0,100.0,50.0,1,0.35,150.0
6.699322743400919,3.2271181468037713,182.01400000000018,2.1199845617061284,0.1,0.22,15.0,100.0,25.0,1,0.35,150.0
6.700454507258337,3.2377275825435814,182.01400000000018,2.092905499185008,0.1,0.12,40.0,100.0,25.0,1,0.35,150.0
6.701468463078849,3.1896973247243365,182.01400000000018,2.233031823870029,0.2,0.35,80.0,300.0,12.5,1,0.55,700.0
6.702271412163892,3.225759730339391,182.01400000000018,2.132290519498566,0.1,0.35,15.0,100.0,25.0,1,0.35,150.0
6.702794945722735,3.183422675409728,182.01400000000018,2.254749343751441,0.2,0.22,40.0,600.0,12.5,1,0.25,700.0
6.704443430433453,3.1872465240309373,182.01400000000018,2.2485340182928932,0.2,0.12,15.0,300.0,12.5,1,0.55,700.0
6.706471070795054,3.2159943454649627,182.01400000000018,2.1721906438002554,0.2,0.12,80.0,300.0,12.5,1,0.55,700.0
6.707467319992828,3.167443347433475,182.01400000000018,2.3137542073124306,0.2,0.35,15.0,300.0,12.5,1,0.55,700.0
6.709667850073894,3.2421686497232822,182.01400000000018,2.106540572430314,0.1,0.08,15.0,100.0,12.5,1,0.35,150.0
6.713528232738055,3.2033243979830934,182.01400000000018,2.228553813585595,0.2,0.12,40.0,600.0,12.5,1,0.25,700.0
6.717594789902805,3.2235772988424496,182.01400000000018,2.182307117315293,0.2,0.08,40.0,300.0,12.5,1,0.55,700.0
6.720887625561056,3.2166542644648235,182.01400000000018,2.2114953174177967,0.2,0.22,80.0,300.0,25.0,1,0.55,700.0
6.721530984710218,3.191311609200127,182.01400000000018,2.285741072885967,0.2,0.35,40.0,600.0,12.5,1,0.25,700.0
6.722805174300725,3.2118325252504425,182.01400000000018,2.230750425857944,0.2,0.22,40.0,300.0,25.0,1,0.55,700.0
6.737765857701958,3.221346826023151,182.01400000000018,2.246311519082296,0.2,0.22,15.0,100.0,12.5,1,0.35,150.0
6.738215199458425,3.22092350985744,182.01400000000018,2.248804827431379,0.2,0.35,80.0,300.0,25.0,1,0.55,700.0
6.74055402869427,3.228841253973118,182.01400000000018,2.2328650706318554,0.2,0.22,40.0,100.0,12.5,1,0.35,150.0
6.740796779361424,3.2166994500714674,182.01400000000018,2.268249512257012,0.2,0.35,40.0,300.0,25.0,1,0.55,700.0
6.743925801100976,3.4905961021043366,156.01200000000014,2.6089991399903933,0.35,0.35,40.0,300.0,12.5,1,0.55,700.0
6.744107591394032,3.2480076410962626,182.01400000000018,2.188257000850765,0.2,0.12,80.0,300.0,25.0,1,0.55,700.0
6.745078743534458,3.2425603675405097,182.01400000000018,2.206595359982703,0.2,0.12,40.0,300.0,25.0,1,0.55,700.0
6.746082471241914,3.2286435117710357,182.01400000000018,2.249225598488217,0.2,0.08,15.0,300.0,12.5,1,0.55,700.0
6.7462742004247085,3.5358273537113796,156.01200000000014,2.486476704895221,0.35,0.12,80.0,300.0,12.5,1,0.55,700.0
6.746453974189809,3.237053736761353,182.01400000000018,2.2262578212241513,0.2,0.08,40.0,600.0,12.5,1,0.25,700.0
6.750727405759601,3.521296095960723,156.01200000000014,2.5407180279967894,0.35,0.22,80.0,300.0,12.5,1,0.55,700.0
6.751054875880179,3.2592540246204935,182.01400000000018,2.1759738607419523,0.2,0.08,80.0,300.0,12.5,1,0.55,700.0
6.751584870987024,3.2402231671181614,182.01400000000018,2.2318620110538854,0.2,0.22,80.0,100.0,12.5,1,0.35,150.0
6.752963609757717,3.537516988888305,156.01200000000014,2.5007617739126,0.35,0.12,40.0,300.0,25.0,1,0.55,700.0
6.754684533307958,3.226727002008084,182.01400000000018,2.279278660856776,0.2,0.35,15.0,100.0,12.5,1,0.35,150.0
6.7560368917719815,3.247991669949126,182.01400000000018,2.2223863480652954,0.2,0.12,15.0,100.0,12.5,1,0.35,150.0
6.7561436627915885,3.2475477371402066,182.01400000000018,2.2239597875753696,0.2,0.22,80.0,300.0,50.0,1,0.55,700.0
6.757163752844573,3.233928839389668,182.01400000000018,2.2657854670140067,0.2,0.35,40.0,100.0,12.5,1,0.35,150.0
6.758399456670882,3.523489076058104,156.01200000000014,2.5563725160365065,0.35,0.22,40.0,300.0,25.0,1,0.55,700.0
6.759018835433392,3.24483850982387,182.01400000000018,2.2399152160271973,0.2,0.22,40.0,100.0,25.0,1,0.35,150.0
6.759330848821954,3.2558264764442284,182.01400000000018,2.20941249250778,0.2,0.12,40.0,100.0,12.5,1,0.35,150.0
6.759504537379576,3.5169115776494726,156.01200000000014,2.5783227420860038,0.35,0.22,15.0,300.0,25.0,1,0.55,700.0
6.761495548213147,3.2486210020870905,182.01400000000018,2.2361844175030123,0.2,0.22,80.0,100.0,25.0,1,0.35,150.0
6.764196254578129,3.2617985584724347,182.01400000000018,2.206250560301976,0.1,0.22,15.0,300.0,12.5,1,0.25,350.0
6.767962328561459,3.2451055597198772,182.01400000000018,2.2647050538330826,0.2,0.35,80.0,100.0,12.5,1,0.35,150.0
6.768468205228696,3.2620400435767594,182.01400000000018,2.2177661761483822,0.1,0.35,15.0,300.0,12.5,1,0.25,350.0
6.76883821233487,3.249778560944676,182.01400000000018,2.253856146829119,0.2,0.22,15.0,100.0,25.0,1,0.35,150.0
6.77078932368908,3.256691196427623,182.01400000000018,2.239680363604153,0.2,0.22,80.0,100.0,50.0,1,0.35,150.0
6.770810775975114,3.2675430927761586,182.01400000000018,2.2087362377112947,0.2,0.12,80.0,100.0,12.5,1,0.35,150.0
6.7730770750453475,3.2574870793303985,182.01400000000018,2.243942844899847,0.2,0.22,40.0,100.0,50.0,1,0.35,150.0
6.773107321696793,3.251483527985637,182.01400000000018,2.2611822677461557,0.2,0.35,80.0,300.0,50.0,1,0.55,700.0
6.773155535942418,3.252318731131462,182.01400000000018,2.258933728031294,0.2,0.22,80.0,600.0,12.5,1,0.25,700.0
6.77542327381035,3.259807328071509,182.01400000000018,2.244016987825254,0.2,0.22,40.0,300.0,50.0,1,0.55,700.0
6.775473751226671,3.249783966778089,182.01400000000018,2.272799384138799,0.2,0.35,40.0,100.0,25.0,1,0.35,150.0
6.776223798503955,3.277349790641344,182.01400000000018,2.196182879607453,0.1,0.12,15.0,300.0,12.5,1,0.25,350.0
6.777827631520128,3.2534547810191343,182.01400000000018,2.2690367157171183,0.2,0.35,80.0,100.0,25.0,1,0.35,150.0
6.77819580199949,3.272149702169539,182.01400000000018,2.2166745709427085,0.2,0.12,40.0,100.0,25.0,1,0.35,150.0
6.780359311762166,3.279692294490914,182.01400000000018,2.2013057636321407,0.2,0.12,80.0,300.0,50.0,1,0.55,700.0
6.7808774781556185,3.276073613030469,182.01400000000018,2.2131253289289923,0.2,0.12,80.0,100.0,25.0,1,0.35,150.0
6.784063551414966,3.264981530241807,182.01400000000018,2.253920060494731,0.2,0.22,15.0,100.0,50.0,1,0.35,150.0
6.785264580535833,3.254721161547973,182.01400000000018,2.286666911393877,0.2,0.35,15.0,100.0,25.0,1,0.35,150.0
6.785677245665372,3.2736433035528334,182.01400000000018,2.233782691750104,0.2,0.12,80.0,600.0,12.5,1,0.25,700.0
6.787042028515482,3.2614524582642503,182.01400000000018,2.2725130578606536,0.2,0.35,80.0,100.0,50.0,1,0.35,150.0
6.787464428131756,3.570421220517184,156.01200000000014,2.50532345032734,0.35,0.12,80.0,300.0,25.0,1,0.55,700.0
6.788223381957969,3.277313995330899,182.01400000000018,2.2305696760773355,0.2,0.12,15.0,100.0,25.0,1,0.35,150.0
6.789343101854465,3.2622658747785174,182.01400000000018,2.2767635059312705,0.2,0.35,40.0,100.0,50.0,1,0.35,150.0
6.789422610053081,3.2918404463680218,182.01400000000018,2.1924918962430193,0.2,0.08,80.0,300.0,25.0,1,0.55,700.0
6.790083835875621,3.286258339237718,182.01400000000018,2.210329990394004,0.2,0.08,40.0,300.0,25.0,1,0.55,700.0
6.790375214674424,3.2843090751103907,182.01400000000018,2.2167318273258028,0.2,0.12,80.0,100.0,50.0,1,0.35,150.0
6.790898501366841,3.555093227957124,156.01200000000014,2.5589293525991845,0.35,0.22,80.0,300.0,25.0,1,0.55,700.0
6.7910590089457035,3.2594232186715035,182.01400000000018,2.289787972211993,0.2,0.35,80.0,600.0,12.5,1,0.25,700.0
6.792504782070527,3.2638575997633006,182.01400000000018,2.2812490923063513,0.2,0.35,40.0,300.0,50.0,1,0.55,700.0
6.79268727623109,3.2851429734645587,182.01400000000018,2.2209551507615104,0.2,0.12,40.0,100.0,50.0,1,0.35,150.0
6.795953243891251,3.287447041998973,182.01400000000018,2.2237034339779314,0.2,0.08,15.0,100.0,12.5,1,0.35,150.0
6.798908961542726,3.2597467544631664,182.01400000000018,2.3112920202273073,0.2,0.22,15.0,300.0,12.5,1,0.25,350.0
6.798922854894585,3.2647738773402564,182.01400000000018,2.2969685072980752,0.2,0.22,40.0,600.0,25.0,1,0.25,700.0
6.799550770382399,3.295457399582345,182.01400000000018,2.211095345143002,0.2,0.08,40.0,100.0,12.5,1,0.35,150.0
6.79994029994679,3.2923073811683707,182.01400000000018,2.2212083393669055,0.2,0.12,40.0,300.0,50.0,1,0.55,700.0
6.800140008244963,3.269609665308922,182.01400000000018,2.2866295512458215,0.2,0.35,15.0,100.0,50.0,1,0.35,150.0
6.804213847493251,3.293112064139128,182.01400000000018,2.2311193810117724,0.2,0.12,15.0,100.0,50.0,1,0.35,150.0
6.807730607444526,3.5497659375500916,156.01200000000014,2.622241913984093,0.35,0.35,80.0,300.0,12.5,1,0.55,700.0
6.810218170873244,3.2730913552523124,182.01400000000018,2.305476616059799,0.2,0.22,15.0,300.0,25.0,1,0.55,700.0
6.8108551169948885,3.280715393291143,182.01400000000018,2.285513496296409,0.2,0.12,15.0,300.0,12.5,1,0.25,350.0
6.811058265816409,3.2858811724462678,182.01400000000018,2.2713345524861106,0.2,0.12,40.0,600.0,25.0,1,0.25,700.0
6.811366934500507,3.307411187762082,182.01400000000018,2.2107021335383497,0.2,0.08,80.0,100.0,12.5,1,0.35,150.0
6.8169795457635765,3.553226283065207,156.01200000000014,2.638780750566763,0.35,0.35,40.0,300.0,25.0,1,0.55,700.0
6.817118154770445,3.27215146749039,182.01400000000018,2.327876249371579,0.2,0.35,40.0,600.0,25.0,1,0.25,700.0
6.817165773996296,3.267235118562165,182.01400000000018,2.3420590155260825,0.2,0.35,15.0,300.0,12.5,1,0.25,350.0
6.81878546245774,3.312067066495121,182.01400000000018,2.2185954170360453,0.2,0.08,40.0,100.0,25.0,1,0.35,150.0
6.819100055239128,3.57739883436723,156.01200000000014,2.575774916776845,0.35,0.22,40.0,300.0,50.0,1,0.55,700.0
6.819865746608796,3.548182774874452,156.01200000000014,2.6614370620981216,0.35,0.35,15.0,300.0,25.0,1,0.55,700.0
6.8202339701376555,3.308577136962004,182.01400000000018,2.2327052376447085,0.2,0.08,80.0,600.0,12.5,1,0.25,700.0
6.821593875957556,3.3160694687317074,182.01400000000018,2.215184020645277,0.2,0.08,80.0,100.0,25.0,1,0.35,150.0
6.82318212691939,3.294196649940606,182.01400000000018,2.282215648510803,0.2,0.22,40.0,300.0,12.5,1,0.25,350.0
6.823283404384634,3.294243235069606,182.01400000000018,2.2823719123286454,0.2,0.22,80.0,600.0,25.0,1,0.25,700.0
6.826589088312194,3.324219813942097,182.01400000000018,2.206169355343125,0.2,0.08,80.0,300.0,50.0,1,0.55,700.0
6.828153481172574,3.2780120397528054,182.01400000000018,2.3426612611993316,0.2,0.35,15.0,300.0,25.0,1,0.55,700.0
6.8290867260983825,3.3174866463154093,182.01400000000018,2.2325430850942025,0.2,0.08,15.0,100.0,25.0,1,0.35,150.0
6.83027032378452,3.5890194946207403,156.01200000000014,2.574488083325078,0.35,0.22,80.0,300.0,50.0,1,0.55,700.0
6.83063500642096,3.2994110936509147,182.01400000000018,2.288611179342979,0.1,0.22,15.0,600.0,25.0,1,0.25,700.0
6.8312788507004605,3.3244494840826078,182.01400000000018,2.2189124760509995,0.2,0.08,80.0,100.0,50.0,1,0.35,150.0
6.833647976030404,3.3253415395482726,182.01400000000018,2.223132675663225,0.2,0.08,40.0,100.0,50.0,1,0.35,150.0
6.833763828177611,3.3052091492185856,182.01400000000018,2.2809847970257784,0.2,0.12,15.0,300.0,25.0,1,0.55,700.0
6.834426247900122,3.299325122822474,182.01400000000018,2.299688928793273,0.1,0.35,15.0,600.0,25.0,1,0.25,700.0
6.836277762702027,3.3160241092408365,182.01400000000018,2.257267581317681,0.2,0.12,40.0,300.0,12.5,1,0.25,350.0
6.836350535066279,3.316058829857339,182.01400000000018,2.2573763005969627,0.2,0.12,80.0,600.0,25.0,1,0.25,700.0
6.84093349771167,3.3011286313743926,182.01400000000018,2.3131281895350706,0.2,0.35,40.0,300.0,12.5,1,0.25,350.0
6.841047763439648,3.301180917594964,182.01400000000018,2.313305273841945,0.2,0.35,80.0,600.0,25.0,1,0.25,700.0
6.843318853398137,3.3155832051798644,182.01400000000018,2.2786447091950564,0.1,0.12,15.0,600.0,25.0,1,0.25,700.0
6.844924195680047,3.315410122109351,182.01400000000018,2.283725924487697,0.2,0.08,15.0,300.0,12.5,1,0.25,350.0
6.845265754454745,3.268913420330709,182.01400000000018,2.4175495260686684,0.35,0.08,15.0,600.0,12.5,1,0.25,700.0
6.845364279674782,3.3207228973390155,182.01400000000018,2.269803949530752,0.2,0.08,40.0,600.0,25.0,1,0.25,700.0
6.845708452541405,3.33375063820353,182.01400000000018,2.233565183822493,0.2,0.08,15.0,100.0,50.0,1,0.35,150.0
6.846891883658873,3.337466761362476,182.01400000000018,2.2263289208468375,0.2,0.08,40.0,300.0,50.0,1,0.55,700.0
6.8475826975824905,3.583252324523479,156.01200000000014,2.640429637311457,0.35,0.35,80.0,300.0,25.0,1,0.55,700.0
6.850839313534334,3.2984933677976955,182.01400000000018,2.3489598449618176,0.35,0.08,40.0,300.0,50.0,1,0.35,350.0
6.852276752646562,3.3015823093806382,182.01400000000018,2.3442412664740595,0.35,0.08,80.0,300.0,50.0,1,0.35,350.0
6.852950761113883,3.2890013900066477,182.01400000000018,2.382112488877806,0.2,0.22,15.0,600.0,25.0,1,0.25,700.0
6.857972316687886,3.3245501456803592,182.01400000000018,2.294891917164355,0.2,0.22,15.0,300.0,50.0,1,0.55,700.0
6.859086696066115,3.2936359145487577,182.01400000000018,2.386402232906731,0.35,0.08,15.0,600.0,50.0,1,0.35,700.0
6.86594446716952,3.3109489270035506,182.01400000000018,2.3565301147599036,0.2,0.12,15.0,600.0,25.0,1,0.25,700.0
6.865977306079883,3.308150613128512,182.01400000000018,2.3646191227181985,0.35,0.08,15.0,300.0,50.0,1,0.35,350.0
6.870470985673009,3.2960686066966147,182.01400000000018,2.4119782256468327,0.2,0.35,15.0,600.0,25.0,1,0.25,700.0
6.873796627554914,3.327528169657063,182.01400000000018,2.3315955939938524,0.2,0.35,15.0,300.0,50.0,1,0.55,700.0
6.875934199219318,3.6056259340563175,156.01200000000014,2.65750932903714,0.35,0.35,40.0,300.0,50.0,1,0.55,700.0
6.880881443948414,3.3508120470864697,182.01400000000018,2.285312562462689,0.2,0.08,15.0,300.0,25.0,1,0.55,700.0
6.886265584917476,3.6165851244240095,156.01200000000014,2.6557156014099,0.35,0.35,80.0,300.0,50.0,1,0.55,700.0
6.890749184141422,3.318981997068959,182.01400000000018,2.4044491059213158,0.35,0.12,40.0,600.0,12.5,1,0.25,700.0
6.9004071760230055,3.3461278898436886,182.01400000000018,2.3544836747980407,0.2,0.08,15.0,600.0,25.0,1,0.25,700.0
6.902982836175992,3.310818845471872,182.01400000000018,2.4627256877260506,0.35,0.22,40.0,600.0,12.5,1,0.25,700.0
6.926125487082158,3.35912397615465,182.01400000000018,2.390832888364302,0.2,0.22,15.0,300.0,12.5,1,0.35,700.0
6.928361908185219,3.359463267500629,182.01400000000018,2.396253259098822,0.35,0.08,40.0,600.0,12.5,1,0.25,700.0
6.944395609858631,3.387008128579272,182.01400000000018,2.3633642322267328,0.2,0.12,15.0,300.0,12.5,1,0.35,700.0
6.9460374629246315,3.365973386057521,182.01400000000018,2.428154505334595,0.2,0.35,15.0,300.0,12.5,1,0.35,700.0
6.958656148757759,3.3416742230941043,182.01400000000018,2.5336340733247193,0.35,0.35,40.0,600.0,12.5,1,0.25,700.0
6.975295036913122,3.397755693036683,182.01400000000018,2.420940982504104,0.35,0.12,80.0,600.0,12.5,1,0.25,700.0
6.982124119448209,3.3917874861190325,182.01400000000018,2.457504666654784,0.35,0.12,15.0,300.0,12.5,1,0.25,350.0
6.98376333684919,3.386571243747597,182.01400000000018,2.477091694575974,0.35,0.22,80.0,600.0,12.5,1,0.25,700.0
6.98964773688387,3.402138674093598,182.01400000000018,2.4494258936864832,0.35,0.12,40.0,600.0,25.0,1,0.25,700.0
6.992474737923349,3.3820255469870952,182.01400000000018,2.514969116960717,0.35,0.22,15.0,300.0,12.5,1,0.25,350.0
6.9993758272524245,3.3918758701168783,182.01400000000018,2.506542734672982,0.35,0.22,40.0,600.0,25.0,1,0.25,700.0
7.010369460403521,3.40249466701834,182.01400000000018,2.507613695386223,0.35,0.12,15.0,600.0,25.0,1,0.25,700.0
7.015699743694098,3.440270187784568,182.01400000000018,2.4149130168843636,0.35,0.08,80.0,600.0,12.5,1,0.25,700.0
7.019863475725837,3.3918838914529656,182.01400000000018,2.5650559550653416,0.35,0.22,15.0,600.0,25.0,1,0.25,700.0
7.021587596999864,3.433804922894656,182.01400000000018,2.450207640300587,0.35,0.08,15.0,300.0,12.5,1,0.25,350.0
7.025750799227858,3.4379812440983843,182.01400000000018,2.450170157512773,0.35,0.12,15.0,100.0,12.5,1,0.35,150.0
7.026941579106344,3.4407305040841845,182.01400000000018,2.4457173572061617,0.35,0.12,40.0,300.0,12.5,1,0.25,350.0
7.027082106689601,3.4407931750177734,182.01400000000018,2.445939804776643,0.35,0.12,80.0,600.0,25.0,1,0.25,700.0
7.0295277507714164,3.444409301005308,182.01400000000018,2.4425955707603006,0.35,0.08,40.0,600.0,25.0,1,0.25,700.0
7.029827885206705,3.422974109249841,182.01400000000018,2.504696502733888,0.35,0.22,15.0,100.0,12.5,1,0.35,150.0
7.0344487692581845,3.428741180314579,182.01400000000018,2.501421682696011,0.35,0.22,40.0,300.0,12.5,1,0.25,350.0
7.03464559733554,3.4288281282971083,182.01400000000018,2.5017356258240846,0.35,0.22,80.0,600.0,25.0,1,0.25,700.0
7.03718799412037,3.4154194515405605,182.01400000000018,2.5473101216565937,0.35,0.35,80.0,600.0,12.5,1,0.25,700.0
7.043372503340082,3.4565101468243933,182.01400000000018,2.447578161473391,0.35,0.12,40.0,100.0,12.5,1,0.35,150.0
7.046233555516971,3.440642883579179,182.01400000000018,2.50108763410797,0.35,0.22,40.0,100.0,12.5,1,0.35,150.0
7.0472907842334624,3.450462577963932,182.01400000000018,2.4760520179129357,0.35,0.08,15.0,300.0,12.5,1,0.55,700.0
7.047359196815162,3.4122807947164695,182.01400000000018,2.5853382917105394,0.35,0.35,15.0,300.0,12.5,1,0.25,350.0
7.050432692449291,3.4453117415636307,182.01400000000018,2.4997455739590198,0.35,0.08,15.0,600.0,25.0,1,0.25,700.0
7.053847915776487,3.421678301688704,182.01400000000018,2.5770274688222288,0.35,0.35,40.0,600.0,25.0,1,0.25,700.0
7.060221413541301,3.4721826377697145,182.01400000000018,2.4509393593473807,0.35,0.12,80.0,100.0,12.5,1,0.35,150.0
7.061756505826921,3.4699603781203643,182.01400000000018,2.4616746505901546,0.35,0.12,15.0,100.0,25.0,1,0.35,150.0
7.062188921368216,3.455649503581948,182.01400000000018,2.503798336532189,0.35,0.22,80.0,100.0,12.5,1,0.35,150.0
7.062838678747973,3.228933425276232,208.0160000000002,2.0390435813478254,0.1,0.08,80.0,300.0,50.0,1,0.55,700.0
7.063493702183609,3.473695671861531,182.01400000000018,2.4559658009202137,0.35,0.12,40.0,100.0,25.0,1,0.35,150.0
7.063859262834677,3.4533917072338713,182.01400000000018,2.5150215874308626,0.35,0.22,15.0,100.0,25.0,1,0.35,150.0
7.065673415301631,3.4572882445922852,182.01400000000018,2.50907191631241,0.35,0.22,40.0,100.0,25.0,1,0.35,150.0
7.0677133701860555,3.224272130130253,208.0160000000002,2.0662892573022873,0.1,0.12,40.0,300.0,50.0,1,0.55,700.0
7.06834424251108,3.484029984057759,182.01400000000018,2.4402978812951956,0.35,0.08,40.0,300.0,12.5,1,0.25,350.0
7.068446702919816,3.484076742561412,182.01400000000018,2.4404570295954326,0.35,0.08,80.0,600.0,25.0,1,0.25,700.0
7.070186560518847,3.4831705363884082,182.01400000000018,2.448017211801247,0.35,0.08,15.0,100.0,12.5,1,0.35,150.0
7.070875931045062,3.4811167517604638,182.01400000000018,2.455854797955987,0.35,0.12,80.0,100.0,25.0,1,0.35,150.0
7.071294885957064,3.4822701330936385,182.01400000000018,2.4537564367526383,0.35,0.12,80.0,300.0,12.5,1,0.25,350.0
7.072593832080983,3.4643806153755237,182.01400000000018,2.508580619158449,0.35,0.22,80.0,100.0,25.0,1,0.35,150.0
7.074357043360274,3.475653502792769,182.01400000000018,2.4814101159071478,0.35,0.12,40.0,600.0,50.0,1,0.25,700.0
7.074385109495722,3.422200887142601,182.01400000000018,2.6342120638660527,0.35,0.35,15.0,600.0,25.0,1,0.25,700.0
7.0768580187045265,3.468763542564335,182.01400000000018,2.508241360400542,0.35,0.22,80.0,300.0,12.5,1,0.25,350.0
7.078979694101622,3.4848927553814195,182.01400000000018,2.4682198249148555,0.35,0.12,40.0,300.0,25.0,1,0.25,350.0
7.07912383969438,3.4849571149235916,182.01400000000018,2.468447785059388,0.35,0.12,80.0,600.0,50.0,1,0.25,700.0
7.079530882570848,3.4877654127155036,182.01400000000018,2.461587056729548,0.35,0.12,40.0,100.0,50.0,1,0.35,150.0
7.079949326831291,3.4777715849863085,182.01400000000018,2.4913364052713702,0.35,0.12,15.0,300.0,25.0,1,0.25,350.0
7.080802963374694,3.4626875260578056,182.01400000000018,2.5368726780482445,0.35,0.22,40.0,600.0,50.0,1,0.25,700.0
7.080948779848933,3.470760484645303,182.01400000000018,2.5142237005817947,0.35,0.22,40.0,100.0,50.0,1,0.35,150.0
7.081053264781161,3.4898209847402133,182.01400000000018,2.460063657259845,0.35,0.12,80.0,100.0,50.0,1,0.35,150.0
7.082423566095242,3.4728106713289164,182.01400000000018,2.5125796993323504,0.35,0.22,80.0,100.0,50.0,1,0.35,150.0
7.082504702289284,3.4891722740259805,182.01400000000018,2.4660640807522856,0.35,0.12,15.0,100.0,50.0,1,0.35,150.0
7.083194691097313,3.4715123755408466,182.01400000000018,2.518492330161325,0.35,0.22,15.0,100.0,50.0,1,0.35,150.0
7.083633666335737,3.4507851239029694,182.01400000000018,2.578967264093611,0.35,0.35,15.0,100.0,12.5,1,0.35,150.0
7.085072548051902,3.4717434179517093,182.01400000000018,2.523197514571972,0.35,0.22,40.0,300.0,25.0,1,0.25,350.0
7.085276045137313,3.471833232280734,182.01400000000018,2.5235223224473624,0.35,0.22,80.0,600.0,50.0,1,0.25,700.0
7.0858779188684995,3.464351158487751,182.01400000000018,2.546619315373558,0.35,0.22,15.0,300.0,25.0,1,0.25,350.0
7.086504700298299,3.227215134789061,208.0160000000002,2.111570187169243,0.1,0.35,80.0,100.0,50.0,1,0.35,150.0
7.087541283378333,3.4572663196606594,182.01400000000018,2.571614182050487,0.35,0.35,40.0,300.0,12.5,1,0.25,350.0
7.08776532947207,3.457365799251128,182.01400000000018,2.5719700863455404,0.35,0.35,80.0,600.0,25.0,1,0.25,700.0
7.088224067220892,3.50188039794997,182.01400000000018,2.446096197916914,0.35,0.08,40.0,100.0,12.5,1,0.35,150.0
7.090597333543647,3.229299500878819,208.0160000000002,2.1173080933280746,0.1,0.35,40.0,100.0,50.0,1,0.35,150.0
7.091061533488436,3.2402108054763574,208.0160000000002,2.087459222891648,0.1,0.12,80.0,100.0,25.0,1,0.35,150.0
7.096745024648727,3.245693526253273,208.0160000000002,2.088032852558433,0.1,0.08,40.0,100.0,12.5,1,0.35,150.0
7.097579700077318,3.252842032386608,208.0160000000002,2.0699933362591656,0.1,0.08,40.0,300.0,50.0,1,0.55,700.0
7.098570888042645,3.5050557207003115,182.01400000000018,2.466586192406661,0.35,0.12,80.0,300.0,25.0,1,0.25,350.0
7.099064992337762,3.467600201204058,182.01400000000018,2.575013688953433,0.35,0.35,40.0,100.0,12.5,1,0.35,150.0
7.1003695317876545,3.2483645416613904,208.0160000000002,2.090757114646463,0.1,0.12,80.0,100.0,50.0,1,0.35,150.0
7.103177261247896,3.241557160458636,208.0160000000002,2.118228859397877,0.1,0.22,15.0,100.0,50.0,1,0.35,150.0
7.1036195417938055,3.4911136042648985,182.01400000000018,2.5208455357968704,0.35,0.22,80.0,300.0,25.0,1,0.25,350.0
7.10449177366345,3.2504801515486794,208.0160000000002,2.09649034889934,0.1,0.12,40.0,100.0,50.0,1,0.35,150.0
7.105583954726969,3.5178890150939073,182.01400000000018,2.449956970380167,0.35,0.08,80.0,100.0,12.5,1,0.35,150.0
7.105984791056146,3.2400703564299556,208.0160000000002,2.1304983846462524,0.1,0.35,15.0,100.0,50.0,1,0.35,150.0
7.106096967356208,3.246877547574287,208.0160000000002,2.111369770805483,0.1,0.12,15.0,100.0,25.0,1,0.35,150.0
7.106122543631784,3.2560279396565353,208.0160000000002,2.0852988685007023,0.1,0.08,80.0,100.0,12.5,1,0.35,150.0
7.10769161024674,3.5162525907204056,182.01400000000018,2.4606543415038034,0.35,0.08,15.0,100.0,25.0,1,0.35,150.0
7.108695285041,3.514553877202395,182.01400000000018,2.468375450967436,0.35,0.08,40.0,300.0,12.5,1,0.55,700.0
7.108919220326268,3.519495136978349,182.01400000000018,2.4548973809940446,0.35,0.08,40.0,100.0,25.0,1,0.35,150.0
7.11443368043324,3.4821099954579435,182.01400000000018,2.5774676713579825,0.35,0.35,80.0,100.0,12.5,1,0.35,150.0
7.115472106983497,3.2620382937097063,208.0160000000002,2.09483946649654,0.1,0.08,40.0,100.0,25.0,1,0.35,150.0
7.116122470438213,3.264570913545547,208.0160000000002,2.089461591121892,0.1,0.08,80.0,100.0,25.0,1,0.35,150.0
7.116479436981737,3.52700710658561,182.01400000000018,2.455035229703214,0.35,0.08,80.0,100.0,25.0,1,0.35,150.0
7.116638192365835,3.4803141656090464,182.01400000000018,2.588897219305101,0.35,0.35,15.0,100.0,25.0,1,0.35,150.0
7.116923954186653,3.5199923960832304,182.01400000000018,2.476347308866913,0.35,0.08,40.0,600.0,50.0,1,0.25,700.0
7.118184981942457,3.4839683120861973,182.01400000000018,2.5828761995893066,0.35,0.35,40.0,100.0,25.0,1,0.35,150.0
7.120283172190476,3.261596864052321,208.0160000000002,2.1098465946804335,0.1,0.12,15.0,100.0,50.0,1,0.35,150.0
7.1207369033478916,3.249433759345567,208.0160000000002,2.1458946971494903,0.1,0.22,80.0,600.0,12.5,1,0.25,700.0
7.121975010638852,3.5224491041431163,182.01400000000018,2.4837597328449537,0.35,0.12,40.0,300.0,50.0,1,0.25,350.0
7.12298510634689,3.52253581189093,182.01400000000018,2.486397984159881,0.35,0.08,15.0,300.0,25.0,1,0.25,350.0
7.12416209023529,3.5075477831634942,182.01400000000018,2.5325837344908364,0.35,0.12,15.0,600.0,50.0,1,0.25,700.0
7.124748341594944,3.4907545399398527,182.01400000000018,2.5822394333002547,0.35,0.35,80.0,100.0,25.0,1,0.35,150.0
7.124902362120226,3.245649484353545,208.0160000000002,2.1686082221905107,0.1,0.22,15.0,300.0,25.0,1,0.55,700.0
7.1249645187551165,3.2496146968451733,208.0160000000002,2.157456634028404,0.1,0.35,80.0,600.0,12.5,1,0.25,700.0
7.125280744469333,3.5278224857954714,182.01400000000018,2.4778521676395986,0.35,0.12,80.0,300.0,50.0,1,0.25,350.0
7.12552946178529,3.272802467188131,208.0160000000002,2.092819984563307,0.1,0.08,80.0,100.0,50.0,1,0.35,150.0
7.125539670923112,3.533993246284162,182.01400000000018,2.4609612132541328,0.35,0.08,40.0,100.0,50.0,1,0.35,150.0
7.1257536167514965,3.490305814823502,182.01400000000018,2.586393719794261,0.35,0.22,15.0,600.0,50.0,1,0.25,700.0
7.126396303563875,3.507948761979692,182.01400000000018,2.537821547383372,0.35,0.22,40.0,300.0,50.0,1,0.25,350.0
7.126946957143251,3.535927463308257,182.01400000000018,2.459455696671404,0.35,0.08,80.0,100.0,50.0,1,0.35,150.0
7.12747004458601,3.243304052540412,208.0160000000002,2.1826456915588444,0.1,0.35,15.0,300.0,25.0,1,0.55,700.0
7.128780293658553,3.496261498906815,182.01400000000018,2.578025127862101,0.35,0.35,80.0,300.0,12.5,1,0.25,350.0
7.1294339270058185,3.5361693644214336,182.01400000000018,2.4658701788125232,0.35,0.08,15.0,100.0,50.0,1,0.35,150.0
7.129583383163958,3.5132752455899383,182.01400000000018,2.5317089644971897,0.35,0.22,80.0,300.0,50.0,1,0.25,350.0
7.129673982811486,3.274940586445736,208.0160000000002,2.098552561044994,0.1,0.08,40.0,100.0,50.0,1,0.35,150.0
7.131204325210109,3.271297593807415,208.0160000000002,2.1133335182934063,0.1,0.08,15.0,100.0,25.0,1,0.35,150.0
7.132905397269037,3.2650170105807392,208.0160000000002,2.136138247680844,0.1,0.12,80.0,600.0,12.5,1,0.25,700.0
7.133066480224186,3.497103986129242,182.01400000000018,2.5878642688426896,0.35,0.35,40.0,100.0,50.0,1,0.35,150.0
7.133577375870753,3.4910144089498547,182.01400000000018,2.6067227626311302,0.35,0.35,40.0,600.0,50.0,1,0.25,700.0
7.134414030588869,3.4990429305496638,182.01400000000018,2.586174571540579,0.35,0.35,80.0,100.0,50.0,1,0.35,150.0
7.135196076473354,3.4977571309591426,182.01400000000018,2.5920827014691685,0.35,0.35,15.0,100.0,50.0,1,0.35,150.0
7.13694759038445,3.5305900451430774,182.01400000000018,2.5032787006896275,0.35,0.12,15.0,300.0,50.0,1,0.25,350.0
7.1374920643035535,3.4996804773994974,182.01400000000018,2.5931473911544374,0.35,0.35,40.0,300.0,25.0,1,0.25,350.0
7.1377241265569085,3.499783369048789,182.01400000000018,2.5935164500231895,0.35,0.35,80.0,600.0,50.0,1,0.25,700.0
7.1384666751262955,3.4925915708201507,182.01400000000018,2.616186012303263,0.35,0.35,15.0,300.0,25.0,1,0.25,350.0
7.139514691665396,3.5144501759120113,182.01400000000018,2.5567271878668083,0.35,0.22,15.0,300.0,50.0,1,0.25,350.0
7.144795658181666,3.5322348029236537,182.01400000000018,2.5210024435943117,0.35,0.12,15.0,300.0,25.0,1,0.55,700.0
7.14570129218365,3.26951575126699,208.0160000000002,2.159844402619021,0.1,0.12,15.0,300.0,25.0,1,0.55,700.0
7.145722113880388,3.286266321840801,208.0160000000002,2.1120451201131,0.1,0.08,15.0,100.0,50.0,1,0.35,150.0
7.15121018072611,3.264938221723521,208.0160000000002,2.1886627400073917,0.1,0.22,40.0,600.0,25.0,1,0.25,700.0
7.1538297140865685,3.2858150048730628,208.0160000000002,2.1364991691814375,0.1,0.08,80.0,600.0,12.5,1,0.25,700.0
7.155360144397497,3.5184311553024386,182.01400000000018,2.5906256831287298,0.35,0.35,80.0,300.0,25.0,1,0.25,350.0
7.155498175937029,3.2651695772185345,208.0160000000002,2.200253139195692,0.1,0.35,40.0,600.0,25.0,1,0.25,700.0
7.163284911282877,3.280512565420024,208.0160000000002,2.178663845322431,0.1,0.12,40.0,600.0,25.0,1,0.25,700.0
7.169293910457838,3.2960152519930674,208.0160000000002,2.1515390241850527,0.1,0.22,15.0,300.0,50.0,1,0.55,700.0
7.1708918657112495,3.2927829784186424,208.0160000000002,2.165339677978869,0.1,0.35,15.0,300.0,50.0,1,0.55,700.0
7.1709998910796635,3.2917333027688316,208.0160000000002,2.168647395173801,0.1,0.22,40.0,300.0,12.5,1,0.25,350.0
7.171041315474231,3.291755485672448,208.0160000000002,2.1687023708622313,0.1,0.22,80.0,600.0,25.0,1,0.25,700.0
7.175172282590511,3.291837309675492,208.0160000000002,2.1802713511857625,0.1,0.35,40.0,300.0,12.5,1,0.25,350.0
7.175218914816579,3.291861687494126,208.0160000000002,2.180334935207001,0.1,0.35,80.0,600.0,25.0,1,0.25,700.0
7.175333593859681,3.2979769950622635,208.0160000000002,2.1631902822783275,0.1,0.08,15.0,300.0,25.0,1,0.55,700.0
7.176373079231976,3.5170520818445126,182.01400000000018,2.6546028496784615,0.35,0.35,15.0,600.0,50.0,1,0.25,700.0
7.1779522060416,3.53514179492787,182.01400000000018,2.607429746039221,0.35,0.35,40.0,300.0,50.0,1,0.25,350.0
7.180612127836107,3.579559244094433,182.01400000000018,2.488122524976204,0.35,0.08,80.0,300.0,12.5,1,0.55,700.0
7.180968928663045,3.54028373893681,182.01400000000018,2.6013576849320943,0.35,0.35,80.0,300.0,50.0,1,0.25,350.0
7.183454837821477,3.3075757578148117,208.0160000000002,2.1589688000190375,0.1,0.12,40.0,300.0,12.5,1,0.25,350.0
7.18348376112434,3.3075929286476224,208.0160000000002,2.1590023785049,0.1,0.12,80.0,600.0,25.0,1,0.25,700.0
7.184099678397932,3.3012813598510955,208.0160000000002,2.1787951958480964,0.1,0.08,40.0,600.0,25.0,1,0.25,700.0
7.18695054746799,3.2980453649864527,208.0160000000002,2.1961862356615263,0.1,0.08,15.0,300.0,12.5,1,0.25,350.0
7.188273074531375,3.5822788609039318,182.01400000000018,2.502240610364116,0.35,0.08,40.0,300.0,25.0,1,0.55,700.0
7.190377042741266,3.541144182045851,182.01400000000018,2.6257796019868933,0.35,0.35,15.0,300.0,50.0,1,0.25,350.0
7.1927813531711955,3.321987315569516,208.0160000000002,2.144440107433364,0.1,0.12,15.0,300.0,50.0,1,0.55,700.0
7.194256980095023,3.5809661411273352,182.01400000000018,2.5230881113362438,0.35,0.08,15.0,300.0,25.0,1,0.55,700.0
7.204707907196055,3.328646022611823,208.0160000000002,2.1594910988120866,0.1,0.08,40.0,300.0,12.5,1,0.25,350.0
7.204727773723644,3.32865961908915,208.0160000000002,2.159509013241406,0.1,0.08,80.0,600.0,25.0,1,0.25,700.0
7.204976524595007,3.3264529749827183,208.0160000000002,2.166524427463675,0.1,0.22,80.0,300.0,12.5,1,0.25,350.0
7.207308619529909,3.594201451769786,182.01400000000018,2.522563336457486,0.35,0.12,40.0,300.0,50.0,1,0.55,700.0
7.208508070767517,3.332574095678615,208.0160000000002,2.1591256431111443,0.1,0.22,40.0,300.0,12.5,1,0.35,700.0
7.2090085872444565,3.3264219418582703,208.0160000000002,2.1781332725319538,0.1,0.35,80.0,300.0,12.5,1,0.25,350.0
7.211832484925748,3.3308595622031865,208.0160000000002,2.173522636350168,0.1,0.35,40.0,300.0,12.5,1,0.35,700.0
7.21466470718877,3.5811223103935936,182.01400000000018,2.5809497051290675,0.35,0.22,15.0,300.0,50.0,1,0.55,700.0
7.217828392835171,3.342593722112718,208.0160000000002,2.157127630635573,0.1,0.12,80.0,300.0,12.5,1,0.25,350.0
7.218419632131271,3.605529347207144,182.01400000000018,2.5219436712117838,0.35,0.12,80.0,300.0,50.0,1,0.55,700.0
7.218659101949131,3.6031394872185856,182.01400000000018,2.5294560420872645,0.35,0.12,15.0,300.0,50.0,1,0.55,700.0
7.221376007797322,3.3351040780799406,208.0160000000002,2.188662656335369,0.1,0.22,40.0,300.0,25.0,1,0.25,350.0
7.2214168913193175,3.3351264845143382,208.0160000000002,2.188715448014217,0.1,0.22,80.0,600.0,50.0,1,0.25,700.0
7.222814335709968,3.6148962914782556,182.01400000000018,2.5077372692334574,0.35,0.08,80.0,300.0,25.0,1,0.55,700.0
7.223235431757147,3.5863356218014477,182.01400000000018,2.5905423141591326,0.35,0.12,15.0,300.0,12.5,1,0.35,700.0
7.22492997615214,3.3523486856524465,208.0160000000002,2.1495465442848336,0.1,0.08,15.0,300.0,50.0,1,0.55,700.0
7.225432534895388,3.3350902406747718,208.0160000000002,2.2002922692017544,0.1,0.35,40.0,300.0,25.0,1,0.25,350.0
7.225478875969893,3.3351149358615544,208.0160000000002,2.2003541145952457,0.1,0.35,80.0,600.0,50.0,1,0.25,700.0
7.227401205017176,3.354705522431749,208.0160000000002,2.149873378815499,0.1,0.12,40.0,300.0,12.5,1,0.35,700.0
7.231298825117365,3.348742366948426,208.0160000000002,2.1780470233398197,0.1,0.22,80.0,300.0,25.0,1,0.25,350.0
7.232964203329156,3.337162878382633,208.0160000000002,2.215889499847201,0.1,0.22,40.0,600.0,50.0,1,0.25,700.0
7.2339832420401615,3.57540382213593,182.01400000000018,2.6524840568692247,0.35,0.22,15.0,300.0,12.5,1,0.35,700.0
7.234207650223691,3.3512672727780206,208.0160000000002,2.179143935559052,0.1,0.12,40.0,300.0,25.0,1,0.25,350.0
7.234235384726602,3.3512844324284807,208.0160000000002,2.1791741494231966,0.1,0.12,80.0,600.0,50.0,1,0.25,700.0
7.235300013574891,3.3486688924408066,208.0160000000002,2.189688917525947,0.1,0.35,80.0,300.0,25.0,1,0.25,350.0
7.236944831175426,3.3371075425303403,208.0160000000002,2.227420824700236,0.1,0.35,40.0,600.0,50.0,1,0.25,700.0
7.239493684690748,3.363963248247761,208.0160000000002,2.1579726755513833,0.1,0.08,80.0,300.0,12.5,1,0.25,350.0
7.24086237646506,3.3714369034800913,208.0160000000002,2.1405299228141867,0.1,0.22,80.0,300.0,12.5,1,0.35,700.0
7.2437928296175285,3.3693547002156707,208.0160000000002,2.1548517982910145,0.1,0.35,80.0,300.0,12.5,1,0.35,700.0
7.244303576996727,3.3650214955694193,208.0160000000002,2.1686916612208735,0.1,0.12,80.0,300.0,25.0,1,0.25,350.0
7.245873323523271,3.3534316548406617,208.0160000000002,2.206290481950304,0.1,0.12,40.0,600.0,50.0,1,0.25,700.0
7.246546459220463,3.394023761673835,208.0160000000002,2.0922362787046436,0.1,0.22,40.0,100.0,12.5,1,0.55,350.0
7.248240634458861,3.3377519829022173,208.0160000000002,2.2578532901618305,0.1,0.22,15.0,300.0,12.5,1,0.35,700.0
7.2482901798220505,3.346183408594815,208.0160000000002,2.233905060649238,0.1,0.22,15.0,300.0,25.0,1,0.25,350.0
7.248416888293746,3.390383529425732,208.0160000000002,2.1079810253371756,0.1,0.35,40.0,100.0,12.5,1,0.55,350.0
7.249513882442064,3.3301414019962836,208.0160000000002,2.283235658416507,0.2,0.22,80.0,300.0,12.5,1,0.25,350.0
7.250763108725434,3.4032204082906183,208.0160000000002,2.078007715528037,0.1,0.22,80.0,100.0,12.5,1,0.55,350.0
7.2520540567720735,3.336572485968356,208.0160000000002,2.2721187737249005,0.1,0.35,15.0,300.0,12.5,1,0.35,700.0
7.252137194660737,3.3460323500401987,208.0160000000002,2.2453281274872454,0.1,0.35,15.0,300.0,25.0,1,0.25,350.0
7.252410651854197,3.3993832773186723,208.0160000000002,2.093678212958633,0.1,0.35,80.0,100.0,12.5,1,0.55,350.0
7.2542503189551235,3.336525339505305,208.0160000000002,2.278528512713759,0.1,0.08,15.0,600.0,25.0,1,0.25,700.0
7.255403488193843,3.6409653255996464,182.01400000000018,2.526366178840554,0.35,0.08,40.0,300.0,50.0,1,0.55,700.0
7.255490651325898,3.3818519451859372,208.0160000000002,2.152567731828452,0.1,0.08,40.0,300.0,12.5,1,0.35,700.0
7.255850565544417,3.3726491810946637,208.0160000000002,2.1798896698564314,0.1,0.08,40.0,300.0,25.0,1,0.25,350.0
7.25586880785608,3.3726626111228875,208.0160000000002,2.179903419237687,0.1,0.08,80.0,600.0,50.0,1,0.25,700.0
7.2569452463688044,3.3709596459503084,208.0160000000002,2.1878445726242672,0.1,0.22,80.0,300.0,50.0,1,0.25,350.0
7.260758171220912,3.3943071214495437,208.0160000000002,2.1320315707753315,0.1,0.12,80.0,300.0,12.5,1,0.35,700.0
7.260884461142315,3.3708241848235487,208.0160000000002,2.1994865037678952,0.1,0.35,80.0,300.0,50.0,1,0.25,350.0
7.261432692091599,3.3626594753142847,208.0160000000002,2.2243806193637483,0.1,0.12,15.0,300.0,25.0,1,0.25,350.0
7.261492961112218,3.3514687457842105,208.0160000000002,2.256526329508586,0.2,0.08,40.0,300.0,12.5,1,0.25,350.0
7.261545840532055,3.3514953728017978,208.0160000000002,2.2566013363721558,0.2,0.08,80.0,600.0,25.0,1,0.25,700.0
7.262104938138272,3.3714792099885837,208.0160000000002,2.2011020804276717,0.1,0.22,40.0,300.0,50.0,1,0.25,350.0
7.26327282058222,3.3370518715977004,208.0160000000002,2.3028027113843335,0.2,0.22,40.0,300.0,25.0,1,0.25,350.0
7.263376214695581,3.3370996256586687,208.0160000000002,2.3029616829626005,0.2,0.22,80.0,600.0,50.0,1,0.25,700.0
7.263535446932272,3.3526814951453536,208.0160000000002,2.258897005105472,0.2,0.12,80.0,300.0,12.5,1,0.25,350.0
7.265037842603499,3.6509325159565162,182.01400000000018,2.525415218991374,0.35,0.08,80.0,300.0,50.0,1,0.55,700.0
7.265773469135844,3.3589335011016184,208.0160000000002,2.247428480097781,0.1,0.12,15.0,300.0,12.5,1,0.35,700.0
7.266005429190029,3.3713220273779214,208.0160000000002,2.2126954337488716,0.1,0.35,40.0,300.0,50.0,1,0.25,350.0
7.266142922605835,3.3865351581574425,208.0160000000002,2.169622184138255,0.1,0.08,80.0,300.0,25.0,1,0.25,350.0
7.266827398659064,3.336670632499491,208.0160000000002,2.3140479033130594,0.2,0.35,80.0,300.0,12.5,1,0.25,350.0
7.26749603789569,3.3748335923821133,208.0160000000002,2.206921272895924,0.1,0.08,40.0,600.0,50.0,1,0.25,700.0
7.268278528166927,3.6324765308663225,182.01400000000018,2.587405706573146,0.35,0.08,15.0,300.0,12.5,1,0.35,700.0
7.2684420542621115,3.418700136964924,208.0160000000002,2.0842911922776723,0.1,0.22,80.0,100.0,25.0,1,0.55,350.0
7.269825693020182,3.3357796395675106,208.0160000000002,2.3251601527219097,0.2,0.22,40.0,600.0,50.0,1,0.25,700.0
7.270031083385448,3.4148024332955154,208.0160000000002,2.0999675716855175,0.1,0.35,80.0,100.0,25.0,1,0.55,350.0
7.270148424931192,3.3874052416689433,208.0160000000002,2.178580523606417,0.1,0.12,80.0,300.0,50.0,1,0.25,350.0
7.270979252559968,3.608727498271191,182.01400000000018,2.6629764408250707,0.35,0.35,15.0,300.0,50.0,1,0.55,700.0
7.271613653473501,3.4214772866144627,208.0160000000002,2.0854181910258167,0.1,0.12,40.0,100.0,12.5,1,0.55,350.0
7.275016542545273,3.6566831965847655,182.01400000000018,2.5374952741728687,0.35,0.08,15.0,300.0,50.0,1,0.55,700.0
7.275360377295286,3.3879874290889003,208.0160000000002,2.1918084234468096,0.1,0.12,40.0,300.0,50.0,1,0.25,350.0
7.275783702677974,3.352249046172438,208.0160000000002,2.2951275900158103,0.2,0.22,80.0,300.0,25.0,1,0.25,350.0
7.276275832240919,3.4309842151220984,208.0160000000002,2.0715760489109085,0.1,0.12,80.0,100.0,12.5,1,0.55,350.0
7.276851174568186,3.3608106568550937,208.0160000000002,2.273715764894542,0.2,0.12,15.0,300.0,50.0,1,0.55,700.0
7.277157304314693,3.3595403773844237,208.0160000000002,2.2782197912293363,0.2,0.12,40.0,300.0,25.0,1,0.25,350.0
7.277230688825955,3.3595757055127073,208.0160000000002,2.278328523752129,0.2,0.12,80.0,600.0,50.0,1,0.25,700.0
7.279417498726726,3.4236356314524703,208.0160000000002,2.101548192212155,0.1,0.22,40.0,100.0,25.0,1,0.55,350.0
7.280718572566436,3.3436987386830204,208.0160000000002,2.333656668238325,0.2,0.35,40.0,300.0,25.0,1,0.25,350.0
7.280835583914897,3.3437524372148797,208.0160000000002,2.33383756200004,0.2,0.35,80.0,600.0,50.0,1,0.25,700.0
7.281107295002004,3.4198303757703346,208.0160000000002,2.1172483406619045,0.1,0.35,40.0,100.0,25.0,1,0.55,350.0
7.281771914455087,3.342470211927611,208.0160000000002,2.3401762929356384,0.2,0.22,15.0,300.0,25.0,1,0.25,350.0
7.2819240619985575,3.4066792066158786,208.0160000000002,2.1571567296647896,0.1,0.22,80.0,300.0,25.0,1,0.35,700.0
7.283193401800247,3.3841844370597696,208.0160000000002,2.225054184972788,0.1,0.08,15.0,300.0,25.0,1,0.25,350.0
7.283741586278452,3.3583635858860634,208.0160000000002,2.3003942868353873,0.2,0.12,40.0,600.0,50.0,1,0.25,700.0
7.284766389724518,3.4044935204655986,208.0160000000002,2.1715224835969056,0.1,0.35,80.0,300.0,25.0,1,0.35,700.0
7.284951728667964,3.433657838295581,208.0160000000002,2.088725401063944,0.1,0.22,80.0,100.0,50.0,1,0.55,350.0
7.286445677924657,3.4296744913439725,208.0160000000002,2.10437481880195,0.1,0.35,80.0,100.0,50.0,1,0.55,350.0
7.287039913268122,3.4011970313694806,208.0160000000002,2.1874368054246807,0.1,0.22,40.0,300.0,25.0,1,0.35,700.0
7.287238589815329,3.3424550644434246,208.0160000000002,2.3558386439197223,0.2,0.35,40.0,600.0,50.0,1,0.25,700.0
7.28971665736114,3.4220946612958785,208.0160000000002,2.135377131615027,0.1,0.08,80.0,300.0,12.5,1,0.35,700.0
7.290072504544053,3.399195933773715,208.0160000000002,2.201818773629529,0.1,0.35,40.0,300.0,25.0,1,0.35,700.0
7.290111541177431,3.3750588019945837,208.0160000000002,2.2708935405224158,0.2,0.12,80.0,300.0,25.0,1,0.25,350.0
7.2910860552527605,3.4188593695217744,208.0160000000002,2.1485333878028094,0.1,0.22,15.0,100.0,12.5,1,0.55,350.0
7.29219099702959,3.4090798100879303,208.0160000000002,2.17963196269045,0.1,0.08,80.0,300.0,50.0,1,0.25,350.0
7.2926344703934,3.385220873954021,208.0160000000002,2.2490674183982216,0.1,0.08,15.0,300.0,12.5,1,0.35,700.0
7.293013858774322,3.3586829025706857,208.0160000000002,2.325974160581812,0.2,0.35,80.0,300.0,25.0,1,0.25,350.0
7.2931955666242985,3.415453150588891,208.0160000000002,2.164292617244015,0.1,0.35,15.0,100.0,12.5,1,0.55,350.0
7.294183912051943,3.446648301522878,208.0160000000002,2.0779874586544644,0.1,0.12,80.0,100.0,25.0,1,0.55,350.0
7.2961043150030935,3.365418944438789,208.0160000000002,2.3155582016122933,0.2,0.12,15.0,300.0,25.0,1,0.25,350.0
7.296860087885232,3.609205965783524,182.01400000000018,2.7355546345763004,0.35,0.35,15.0,300.0,12.5,1,0.35,700.0
7.297411739359425,3.409684966188215,208.0160000000002,2.192819351917735,0.1,0.08,40.0,300.0,50.0,1,0.25,350.0
7.2982180290093455,3.394973780825954,208.0160000000002,2.2371549948096847,0.1,0.22,15.0,300.0,50.0,1,0.25,350.0
7.298962819640561,3.348999961934657,208.0160000000002,2.3706367363025755,0.2,0.35,15.0,300.0,25.0,1,0.25,350.0
7.29954001045873,3.38871749848125,208.0160000000002,2.2588071770785074,0.2,0.08,80.0,300.0,12.5,1,0.25,350.0
7.3013278732353815,3.3742417443249346,208.0160000000002,2.3052746540298417,0.2,0.22,80.0,300.0,50.0,1,0.25,350.0
7.301766502486757,3.39454599099691,208.0160000000002,2.2485157471138404,0.1,0.35,15.0,300.0,50.0,1,0.25,350.0
7.3022054876640325,3.4298780502869683,208.0160000000002,2.148821249648748,0.1,0.12,80.0,300.0,25.0,1,0.35,700.0
7.30312159670075,3.4463092509249766,208.0160000000002,2.104492416502205,0.1,0.22,40.0,100.0,50.0,1,0.55,350.0
7.303803311280699,3.3729809420686916,208.0160000000002,2.3159496263200134,0.2,0.22,40.0,300.0,50.0,1,0.25,350.0
7.303870569334668,3.6703060746616827,182.01400000000018,2.5810128419228087,0.35,0.12,40.0,300.0,12.5,1,0.35,700.0
7.304587384853747,3.4423092305618934,208.0160000000002,2.1201090122624318,0.1,0.35,40.0,100.0,50.0,1,0.55,350.0
7.305058335794704,3.4515357046605306,208.0160000000002,2.0950932318119166,0.1,0.12,40.0,100.0,25.0,1,0.55,350.0
7.3055532188787415,3.453474919556664,208.0160000000002,2.090966569491643,0.1,0.08,40.0,100.0,12.5,1,0.55,350.0
7.306893364796631,3.424119642874681,208.0160000000002,2.1786677769198497,0.1,0.12,40.0,300.0,25.0,1,0.35,700.0
7.308111156141581,3.654701523886216,182.01400000000018,2.63771323501532,0.35,0.22,40.0,300.0,12.5,1,0.35,700.0
7.310484290723744,3.4631845630001026,208.0160000000002,2.077313507781828,0.1,0.08,80.0,100.0,12.5,1,0.55,350.0
7.310988393210704,3.461833451986105,208.0160000000002,2.082614117784561,0.1,0.12,80.0,100.0,50.0,1,0.55,350.0
7.311167222660514,3.3782500481071307,208.0160000000002,2.3219347844382336,0.2,0.22,40.0,300.0,12.5,1,0.35,700.0
7.312164456245691,3.412090070447469,208.0160000000002,2.22809824513777,0.1,0.12,15.0,300.0,50.0,1,0.25,350.0
7.313103437331708,3.3955861763744397,208.0160000000002,2.277935031306472,0.2,0.08,40.0,300.0,25.0,1,0.25,350.0
7.313155944389159,3.3956130511473117,208.0160000000002,2.278008266405271,0.2,0.08,80.0,600.0,50.0,1,0.25,700.0
7.315900064617867,3.4462114424026504,208.0160000000002,2.1412817777577526,0.1,0.12,15.0,100.0,12.5,1,0.55,350.0
7.316071174747116,3.397395177316632,208.0160000000002,2.2812457069442336,0.2,0.12,80.0,300.0,50.0,1,0.25,350.0
7.318396253643363,3.380525947003283,208.0160000000002,2.3360865904002215,0.2,0.35,80.0,300.0,50.0,1,0.25,350.0
7.31859236676566,3.3962046228320673,208.0160000000002,2.2918506969531136,0.2,0.12,40.0,300.0,50.0,1,0.25,350.0
7.319647247021658,3.3944515863801645,208.0160000000002,2.299873316118546,0.2,0.08,40.0,600.0,50.0,1,0.25,700.0
7.3208526420342945,3.3792758541559462,208.0160000000002,2.3466765367952758,0.2,0.35,40.0,300.0,50.0,1,0.25,350.0
7.3220486088740575,3.4421546058416452,208.0160000000002,2.170440008664025,0.1,0.22,80.0,300.0,50.0,1,0.35,700.0
7.324725413399843,3.4398116319363776,208.0160000000002,2.184782232752753,0.1,0.35,80.0,300.0,50.0,1,0.35,700.0
7.326448278511048,3.4113652415805533,208.0160000000002,2.2709801055156933,0.2,0.08,80.0,300.0,25.0,1,0.25,350.0
7.328624376518639,3.4790299450499518,208.0160000000002,2.083869804196242,0.1,0.08,80.0,100.0,25.0,1,0.55,350.0
7.328626338044349,3.4098487422094115,208.0160000000002,2.281535988099813,0.2,0.08,15.0,300.0,50.0,1,0.55,700.0
7.32891000735153,3.402672693044557,208.0160000000002,2.3028494694484847,0.1,0.22,15.0,600.0,50.0,1,0.25,700.0
7.329387155683117,3.47468320213847,208.0160000000002,2.098468438698982,0.1,0.12,40.0,100.0,50.0,1,0.55,350.0
7.329546981476101,3.3835274073360075,208.0160000000002,2.3593702118288298,0.2,0.35,40.0,300.0,12.5,1,0.35,700.0
7.3315761817539045,3.457996292282761,208.0160000000002,2.152399684203259,0.1,0.08,80.0,300.0,25.0,1,0.35,700.0
7.331952423870341,3.4018880376225473,208.0160000000002,2.3137839607079744,0.1,0.35,15.0,600.0,50.0,1,0.25,700.0
7.332110794175966,3.390859136451491,208.0160000000002,2.3457475934984937,0.2,0.22,15.0,300.0,50.0,1,0.25,350.0
7.332288124980658,3.401755612680803,208.0160000000002,2.3151214637138633,0.2,0.08,15.0,300.0,25.0,1,0.25,350.0
7.332435962721026,3.408269170405167,208.0160000000002,2.296933692331018,0.2,0.12,40.0,300.0,12.5,1,0.35,700.0
7.3347174631892385,3.434213151499158,208.0160000000002,2.229326604828794,0.1,0.08,15.0,300.0,50.0,1,0.25,350.0
7.335940479182296,3.4520168354601912,208.0160000000002,2.181953267777436,0.1,0.08,40.0,300.0,25.0,1,0.35,700.0
7.339546009417848,3.4839522045417346,208.0160000000002,2.1010108710746005,0.1,0.08,40.0,100.0,25.0,1,0.55,350.0
7.342855269746383,3.4657760016897274,208.0160000000002,2.162397908733293,0.1,0.12,80.0,300.0,50.0,1,0.35,700.0
7.343517949600799,3.4700519022452445,208.0160000000002,2.152074421015864,0.1,0.22,15.0,100.0,25.0,1,0.55,350.0
7.343562439373282,3.4204778973709966,208.0160000000002,2.2938415485779506,0.1,0.12,15.0,600.0,50.0,1,0.25,700.0
7.345028708948806,3.466119321617399,208.0160000000002,2.1676268209468725,0.1,0.35,15.0,100.0,25.0,1,0.55,350.0
7.3457060482032475,3.4944265330189013,208.0160000000002,2.0886843290981267,0.1,0.08,80.0,100.0,50.0,1,0.55,350.0
7.348198116796227,3.4152202921788875,208.0160000000002,2.322108070335249,0.2,0.12,15.0,300.0,50.0,1,0.25,350.0
7.348535895782336,3.396688080517041,208.0160000000002,2.376022329329407,0.2,0.35,15.0,300.0,50.0,1,0.25,350.0
7.348549436340754,3.3888232732741934,208.0160000000002,2.3985318944758807,0.2,0.22,15.0,600.0,50.0,1,0.25,700.0
7.349259895396043,3.4583168217015787,208.0160000000002,2.202008781984176,0.1,0.22,40.0,300.0,50.0,1,0.35,700.0
7.349953339088656,3.4783035308164107,208.0160000000002,2.1468851664921225,0.1,0.08,15.0,100.0,12.5,1,0.55,350.0
7.351873759721981,3.455937322131728,208.0160000000002,2.2162755359721444,0.1,0.35,40.0,300.0,50.0,1,0.35,700.0
7.352804399789719,3.4340119059339136,208.0160000000002,2.281578553873722,0.2,0.08,80.0,300.0,50.0,1,0.25,350.0
7.355345745260285,3.4328703686102773,208.0160000000002,2.292101076142871,0.2,0.08,40.0,300.0,50.0,1,0.25,350.0
7.357683030306076,3.426786242083724,208.0160000000002,2.3161622520638567,0.2,0.22,80.0,300.0,12.5,1,0.35,700.0
7.359717010657333,3.490553408493937,208.0160000000002,2.1397817204668352,0.1,0.22,15.0,100.0,50.0,1,0.55,350.0
7.360805549182866,3.48624908402434,208.0160000000002,2.1551899004529242,0.1,0.35,15.0,100.0,50.0,1,0.55,350.0
7.364238538310234,3.394194323275661,208.0160000000002,2.4280120429559164,0.2,0.35,15.0,600.0,50.0,1,0.25,700.0
7.3644365246416985,3.5075235533659685,208.0160000000002,2.1047799179306486,0.1,0.08,40.0,100.0,50.0,1,0.55,350.0
7.36577277617614,3.4143062218125046,208.0160000000002,2.3749330124675248,0.2,0.12,15.0,600.0,50.0,1,0.25,700.0
7.366251539029802,3.684147355485528,182.01400000000018,2.7196976672693474,0.35,0.35,40.0,300.0,12.5,1,0.35,700.0
7.366381430057366,3.442903942276464,208.0160000000002,2.29496425080257,0.1,0.08,15.0,600.0,50.0,1,0.25,700.0
7.370017050552329,3.498692973225091,208.0160000000002,2.1459545066492467,0.1,0.12,15.0,100.0,25.0,1,0.55,350.0
7.370282542604446,3.4821655913276346,208.0160000000002,2.193934146505171,0.1,0.12,40.0,300.0,50.0,1,0.35,700.0
7.372738089497263,3.494291106453611,208.0160000000002,2.166305665839,0.1,0.08,80.0,300.0,50.0,1,0.35,700.0
7.374996260412924,3.4311056915033897,208.0160000000002,2.3532873397415193,0.2,0.35,80.0,300.0,12.5,1,0.35,700.0
7.377166749747616,3.4518733016172805,208.0160000000002,2.300152708943808,0.2,0.08,40.0,300.0,12.5,1,0.35,700.0
7.377185115850171,3.429387779075049,208.0160000000002,2.3644495336432,0.2,0.08,15.0,300.0,12.5,1,0.35,700.0
7.377558204395023,3.4763971635414044,208.0160000000002,2.231202973867475,0.1,0.22,15.0,100.0,12.5,1,0.25,150.0
7.381044970117762,3.458337937166894,208.0160000000002,2.2927629512881884,0.2,0.12,80.0,300.0,12.5,1,0.35,700.0
7.38140139293771,3.4757597115036347,208.0160000000002,2.2440048040973504,0.1,0.35,15.0,100.0,12.5,1,0.25,150.0
7.38164019466876,3.487384027130619,208.0160000000002,2.211474764394682,0.1,0.22,40.0,100.0,12.5,1,0.25,150.0
7.383569155721119,3.7094609243686083,182.01400000000018,2.696852089578594,0.35,0.22,15.0,300.0,25.0,1,0.35,700.0
7.385438503578342,3.486691478032187,208.0160000000002,2.2243057872747234,0.1,0.35,40.0,100.0,12.5,1,0.25,150.0
7.385965588281455,3.4527493010396424,208.0160000000002,2.3227893921194602,0.2,0.08,15.0,300.0,50.0,1,0.25,350.0
7.387284983488922,3.7465276326182804,182.01400000000018,2.601563859630395,0.35,0.12,80.0,300.0,12.5,1,0.35,700.0
7.387363674872919,3.5200359875745884,208.0160000000002,2.134536249423795,0.1,0.12,15.0,100.0,50.0,1,0.55,350.0
7.387537392828517,3.7280570889034315,182.01400000000018,2.655058011214524,0.35,0.22,80.0,300.0,12.5,1,0.35,700.0
7.389752599100382,3.743673763895371,182.01400000000018,2.616768100585736,0.35,0.12,40.0,300.0,25.0,1,0.35,700.0
7.389902306745204,3.446457712464083,208.0160000000002,2.35201312651748,0.2,0.22,40.0,300.0,25.0,1,0.35,700.0
7.39098371806757,3.725705289263694,182.01400000000018,2.6716240822967805,0.35,0.22,40.0,300.0,25.0,1,0.35,700.0
7.392962090866601,3.495025996467551,208.0160000000002,2.2219888411401363,0.1,0.12,15.0,100.0,12.5,1,0.25,150.0
7.395050447842343,3.5017250341561064,208.0160000000002,2.208815467674956,0.1,0.22,80.0,100.0,12.5,1,0.25,150.0
7.397201329330352,3.5060935605854437,208.0160000000002,2.2024793392711604,0.1,0.12,40.0,100.0,12.5,1,0.25,150.0
7.398778923657573,3.5009679567083594,208.0160000000002,2.2216313341406004,0.1,0.35,80.0,100.0,12.5,1,0.25,150.0
7.398949538890501,3.4753124636647987,208.0160000000002,2.295420214930571,0.1,0.22,15.0,300.0,25.0,1,0.35,700.0
7.399217490499533,3.4621028693600495,208.0160000000002,2.3339274889699455,0.2,0.22,80.0,300.0,25.0,1,0.35,700.0
7.400414516510524,3.5108911552141793,208.0160000000002,2.1979524608466914,0.1,0.08,40.0,300.0,50.0,1,0.35,700.0
7.4015807023430495,3.4730336092035117,208.0160000000002,2.309448837541529,0.1,0.35,15.0,300.0,25.0,1,0.35,700.0
7.403081865610926,3.5061614724196524,208.0160000000002,2.219086837689346,0.1,0.22,40.0,100.0,25.0,1,0.25,150.0
7.404079156898181,3.452456357104177,208.0160000000002,2.3753794279828613,0.2,0.08,15.0,600.0,50.0,1,0.25,700.0
7.405612209399609,3.5319449558669445,208.0160000000002,2.1526492958076084,0.1,0.08,15.0,100.0,25.0,1,0.55,350.0
7.406287207325759,3.511352309662347,208.0160000000002,2.213413993324029,0.1,0.22,80.0,100.0,25.0,1,0.25,150.0
7.4068179667705305,3.5054086335598575,208.0160000000002,2.231912380601915,0.1,0.35,40.0,100.0,25.0,1,0.25,150.0
7.4076118994406945,3.4511106079208265,208.0160000000002,2.389317975771045,0.2,0.35,40.0,300.0,25.0,1,0.35,700.0
7.409997661237414,3.5105732704976504,208.0160000000002,2.2262411163993177,0.1,0.35,80.0,100.0,25.0,1,0.25,150.0
7.410802062904587,3.520569425212183,208.0160000000002,2.199978964835432,0.1,0.12,80.0,100.0,12.5,1,0.25,150.0
7.413051020490916,3.478001293778422,208.0160000000002,2.3280277906071176,0.2,0.12,40.0,300.0,25.0,1,0.35,700.0
7.415556434782664,3.511537542989487,208.0160000000002,2.239368262266212,0.1,0.22,15.0,100.0,25.0,1,0.25,150.0
7.416335282748575,3.466213308739524,208.0160000000002,2.3710913543115653,0.2,0.35,80.0,300.0,25.0,1,0.35,700.0
7.417087495577233,3.5208358841081555,208.0160000000002,2.217176032768787,0.1,0.22,80.0,100.0,50.0,1,0.25,150.0
7.417656246965416,3.5190257712633617,208.0160000000002,2.223972787720149,0.1,0.08,15.0,100.0,12.5,1,0.25,150.0
7.418840789807106,3.525032159535302,208.0160000000002,2.2101960864908636,0.1,0.12,40.0,100.0,25.0,1,0.25,150.0
7.419198102264687,3.510719453443224,208.0160000000002,2.2521104252041737,0.1,0.35,15.0,100.0,25.0,1,0.25,150.0
7.419697165643989,3.4991420375021245,208.0160000000002,2.2866146518338906,0.1,0.12,15.0,300.0,25.0,1,0.35,700.0
7.419963367828083,3.5215285739666218,208.0160000000002,2.223413696747023,0.1,0.22,40.0,100.0,50.0,1,0.25,150.0
7.420766042357863,3.5200261527356274,208.0160000000002,2.2299996846349543,0.1,0.35,80.0,100.0,50.0,1,0.25,150.0
7.422074821939666,3.5302004344815985,208.0160000000002,2.204669678451616,0.1,0.08,40.0,100.0,12.5,1,0.25,150.0
7.422118644617461,3.5302654877998156,208.0160000000002,2.204609019478979,0.1,0.12,80.0,100.0,25.0,1,0.25,150.0
7.423306633677887,3.4942579030471173,208.0160000000002,2.3108820875164797,0.2,0.12,80.0,300.0,25.0,1,0.35,700.0
7.423622620325591,3.520706860134061,208.0160000000002,2.2362164576900803,0.1,0.35,40.0,100.0,50.0,1,0.25,150.0
7.423977597058212,3.554049630366086,208.0160000000002,2.1419656191203527,0.1,0.08,15.0,100.0,50.0,1,0.55,350.0
7.427244555942407,3.502958645239342,208.0160000000002,2.297274030580177,0.2,0.08,80.0,300.0,12.5,1,0.35,700.0
7.431499560611163,3.530591107705944,208.0160000000002,2.230481294014906,0.1,0.12,15.0,100.0,25.0,1,0.25,150.0
7.431762500619558,3.765265151242661,182.01400000000018,2.675106712505413,0.35,0.22,80.0,300.0,25.0,1,0.35,700.0
7.43301966996597,3.5398306298332334,208.0160000000002,2.2084258289506695,0.1,0.12,80.0,100.0,50.0,1,0.25,150.0
7.435137529529115,3.5313556913187334,208.0160000000002,2.2386909663153696,0.1,0.22,15.0,100.0,50.0,1,0.25,150.0
7.435682868046988,3.488315107610891,208.0160000000002,2.363222172674556,0.2,0.22,15.0,100.0,12.5,1,0.25,150.0
7.435860020479927,3.544806588079878,208.0160000000002,2.202324092571562,0.1,0.08,80.0,100.0,12.5,1,0.25,150.0
7.4359325978232516,3.540564539597841,208.0160000000002,2.2146515949297383,0.1,0.12,40.0,100.0,50.0,1,0.25,150.0
7.438646013740077,3.5304168569021734,208.0160000000002,2.251397590965432,0.1,0.35,15.0,100.0,50.0,1,0.25,150.0
7.440012864076496,3.4977588455400945,208.0160000000002,2.34861148153257,0.2,0.22,80.0,300.0,50.0,1,0.35,700.0
7.441567578703119,3.738834344882474,182.01400000000018,2.7786378109161216,0.35,0.35,15.0,300.0,25.0,1,0.35,700.0
7.44297415015458,3.755222325300325,182.01400000000018,2.7358337852978605,0.35,0.35,80.0,300.0,12.5,1,0.35,700.0
7.443912158568645,3.5492928696345603,208.0160000000002,2.212512254097378,0.1,0.08,40.0,100.0,25.0,1,0.25,150.0
7.445391177986931,3.502976741345759,208.0160000000002,2.349069818974771,0.2,0.22,40.0,100.0,12.5,1,0.25,150.0
7.447263593278153,3.5545726483896716,208.0160000000002,2.207002699681371,0.1,0.08,80.0,100.0,25.0,1,0.25,150.0
7.447851233168212,3.75402890190385,182.01400000000018,2.753178089326741,0.35,0.35,40.0,300.0,25.0,1,0.35,700.0
7.4484961578498625,3.5131009631798533,208.0160000000002,2.3290148419143026,0.2,0.22,40.0,100.0,12.5,1,0.55,350.0
7.449529677785328,3.527733101081823,208.0160000000002,2.2901616477242923,0.1,0.08,15.0,300.0,25.0,1,0.35,700.0
7.451438926097967,3.550680929473121,208.0160000000002,2.230051418928125,0.1,0.12,15.0,100.0,50.0,1,0.25,150.0
7.452801848042279,3.5080301703839223,208.0160000000002,2.355804793309584,0.2,0.22,15.0,100.0,12.5,1,0.55,350.0
7.453219066135367,3.494163180945142,208.0160000000002,2.396616814829209,0.2,0.35,15.0,100.0,12.5,1,0.25,150.0
7.453291249237187,3.5037893589304603,208.0160000000002,2.369319686590644,0.2,0.22,40.0,300.0,50.0,1,0.35,700.0
7.45350059092919,3.5145965641981602,208.0160000000002,2.3390400763743635,0.2,0.12,15.0,100.0,12.5,1,0.25,150.0
7.456699290718757,3.554973016764136,208.0160000000002,2.2328179255846266,0.1,0.08,15.0,100.0,25.0,1,0.25,150.0
7.45675221637609,3.5015258523788217,208.0160000000002,2.3856753257064733,0.2,0.35,80.0,300.0,50.0,1,0.35,700.0
7.458264939918198,3.5642155057592,208.0160000000002,2.2108840975971273,0.1,0.08,80.0,100.0,50.0,1,0.25,150.0
7.459562445226576,3.5229750426533313,208.0160000000002,2.3324211502092616,0.2,0.08,40.0,300.0,25.0,1,0.35,700.0
7.460607938861115,3.518413140035723,208.0160000000002,2.3484422823582563,0.2,0.22,80.0,100.0,12.5,1,0.25,150.0
7.460848085867876,3.787543373154217,182.01400000000018,2.694556322039018,0.35,0.22,40.0,300.0,50.0,1,0.35,700.0
7.461056186732823,3.5542629971434962,208.0160000000002,2.2472948273980697,0.1,0.22,40.0,300.0,12.5,1,0.25,700.0
7.461202274374185,3.564975386049924,208.0160000000002,2.2171053952121675,0.1,0.08,40.0,100.0,50.0,1,0.25,150.0
7.462696891657738,3.5085909177284336,208.0160000000002,2.382474211226577,0.2,0.35,40.0,100.0,12.5,1,0.25,150.0
7.4629994118608565,3.4922534313082356,208.0160000000002,2.4300170872931974,0.2,0.22,15.0,300.0,25.0,1,0.35,700.0
7.463643626100447,3.5295277797145803,208.0160000000002,2.3253595611024678,0.2,0.12,40.0,100.0,12.5,1,0.25,150.0
7.464989437501821,3.5155756327285217,208.0160000000002,2.369068013637989,0.2,0.35,40.0,100.0,12.5,1,0.55,350.0
7.465001857120711,3.5530307398402075,208.0160000000002,2.262088906515719,0.1,0.35,40.0,300.0,12.5,1,0.25,700.0
7.465130266294006,3.530727959333018,208.0160000000002,2.3261780198885296,0.2,0.12,80.0,300.0,50.0,1,0.35,700.0
7.4665011788493745,3.545987431181356,208.0160000000002,2.2864964219086183,0.1,0.22,15.0,300.0,50.0,1,0.35,700.0
7.466857699272099,3.5216339243216574,208.0160000000002,2.3570964998583985,0.2,0.22,40.0,100.0,25.0,1,0.25,150.0
7.468114299126745,3.5427931709046914,208.0160000000002,2.300231794920147,0.1,0.35,15.0,300.0,50.0,1,0.35,700.0
7.468192757197977,3.533626065724198,208.0160000000002,2.3266476899250765,0.2,0.22,80.0,100.0,12.5,1,0.55,350.0
7.470051906963912,3.507600352032576,208.0160000000002,2.4063187283752376,0.2,0.35,40.0,300.0,50.0,1,0.35,700.0
7.4700752483358634,3.5111672340249935,208.0160000000002,2.396194326602479,0.2,0.35,15.0,100.0,12.5,1,0.55,350.0
7.470256788335217,3.5394662788001985,208.0160000000002,2.315858598671475,0.2,0.08,80.0,300.0,25.0,1,0.35,700.0
7.47187791280873,3.5279984223625864,208.0160000000002,2.3532556869889754,0.2,0.22,80.0,100.0,25.0,1,0.25,150.0
7.473955340441166,3.5232815512674898,208.0160000000002,2.3726679690676415,0.2,0.22,15.0,100.0,25.0,1,0.25,150.0
7.474007932566317,3.53173124364782,208.0160000000002,2.3486762540528408,0.1,0.22,15.0,300.0,12.5,1,0.25,700.0
7.475925912640056,3.8032937634043416,182.01400000000018,2.6926347121020346,0.35,0.22,80.0,300.0,50.0,1,0.35,700.0
7.4769804553099295,3.575314933016699,208.0160000000002,2.2326443494092234,0.1,0.08,15.0,100.0,50.0,1,0.25,150.0
7.4777046533107026,3.5238405890725932,208.0160000000002,2.3817830406803058,0.2,0.35,80.0,100.0,12.5,1,0.25,150.0
7.4782472840862955,3.5308835285263913,208.0160000000002,2.3632107301711467,0.1,0.35,15.0,300.0,12.5,1,0.25,700.0
7.478362296818047,3.550084923845932,208.0160000000002,2.30867820849175,0.2,0.12,40.0,100.0,12.5,1,0.55,350.0
7.478765919160812,3.537163620679065,208.0160000000002,2.346749424233555,0.2,0.12,40.0,300.0,50.0,1,0.35,700.0
7.4792931173437776,3.5452783778599093,208.0160000000002,2.325070684239617,0.2,0.12,80.0,100.0,12.5,1,0.25,150.0
7.4792945476449555,3.5758022759239108,208.0160000000002,2.2378636334886925,0.1,0.12,40.0,300.0,12.5,1,0.25,700.0
7.480292788457678,3.4966898916899147,208.0160000000002,2.466751133622173,0.2,0.35,15.0,300.0,25.0,1,0.35,700.0
7.482284491397128,3.545006914377729,208.0160000000002,2.3343930771982775,0.2,0.12,15.0,100.0,12.5,1,0.55,350.0
7.482709465273321,3.537433965875717,208.0160000000002,2.357244283993147,0.2,0.22,80.0,100.0,50.0,1,0.25,150.0
7.483209925771244,3.5437679018878097,208.0160000000002,2.34057721109552,0.2,0.22,40.0,100.0,25.0,1,0.55,350.0
7.483874915086534,3.536954617464129,208.0160000000002,2.3619437074925766,0.2,0.22,40.0,100.0,50.0,1,0.25,150.0
7.484009082910814,3.5271072476022916,208.0160000000002,2.39046238659577,0.2,0.35,40.0,100.0,25.0,1,0.25,150.0
7.484108495392826,3.535628199603482,208.0160000000002,2.366400845112405,0.2,0.35,80.0,100.0,12.5,1,0.55,350.0
7.485516185322545,3.548511850426589,208.0160000000002,2.33361238541701,0.2,0.12,40.0,100.0,25.0,1,0.25,150.0
7.486754565432861,3.5496171987114247,208.0160000000002,2.333992476346953,0.2,0.22,80.0,100.0,25.0,1,0.55,350.0
7.486851789439607,3.7920933484814765,182.01400000000018,2.755852688451792,0.35,0.35,80.0,300.0,25.0,1,0.35,700.0
7.487677892128591,3.525411428579536,208.0160000000002,2.405789895854434,0.2,0.12,15.0,300.0,25.0,1,0.35,700.0
7.4889299051191385,3.533377816270158,208.0160000000002,2.3866059681399374,0.2,0.35,80.0,100.0,25.0,1,0.25,150.0
7.490030249479382,3.5719849242297665,208.0160000000002,2.279443786427464,0.1,0.12,15.0,300.0,50.0,1,0.35,700.0
7.490721044388355,3.5549965610944523,208.0160000000002,2.329955666554003,0.2,0.12,80.0,100.0,25.0,1,0.25,150.0
7.491000879497447,3.528697175272535,208.0160000000002,2.4058962977854548,0.2,0.35,15.0,100.0,25.0,1,0.25,150.0
7.491071339831862,3.552506624559027,208.0160000000002,2.3380706150652357,0.1,0.12,15.0,300.0,12.5,1,0.25,700.0
7.492906080814432,3.5504577134884503,208.0160000000002,2.349166763788513,0.2,0.12,15.0,100.0,25.0,1,0.25,150.0
7.494388612294225,3.554757699286482,208.0160000000002,2.3411168943078304,0.2,0.08,15.0,100.0,12.5,1,0.25,150.0
7.494620527347102,3.543567514694235,208.0160000000002,2.3737514647224693,0.2,0.22,15.0,100.0,50.0,1,0.25,150.0
7.498861973144633,3.5711146988819626,208.0160000000002,2.307163640750479,0.2,0.12,80.0,100.0,12.5,1,0.55,350.0
7.499315025922737,3.54590295691804,208.0160000000002,2.3804916257276987,0.2,0.35,40.0,100.0,25.0,1,0.55,350.0
7.4996824723820295,3.5427416418524595,208.0160000000002,2.3905738015130504,0.2,0.35,80.0,100.0,50.0,1,0.25,150.0
7.5008382697703375,3.542263450815119,208.0160000000002,2.395242339872046,0.2,0.35,40.0,100.0,50.0,1,0.25,150.0
7.501759428918836,3.5645976644710777,208.0160000000002,2.3340621841364437,0.2,0.12,80.0,100.0,50.0,1,0.25,150.0
7.5025495412012635,3.5515029449742004,208.0160000000002,2.373733132077315,0.2,0.35,80.0,100.0,25.0,1,0.55,350.0
7.502973271992194,3.5641780403051615,208.0160000000002,2.338729233391513,0.2,0.12,40.0,100.0,50.0,1,0.25,150.0
7.504121979163431,3.526560474694341,208.0160000000002,2.449490012768822,0.35,0.08,80.0,300.0,12.5,1,0.25,350.0
7.50450774979229,3.5653357544194297,208.0160000000002,2.339805701065309,0.2,0.22,80.0,100.0,50.0,1,0.55,350.0
7.504859951216752,3.5698727795920324,208.0160000000002,2.327849061784908,0.2,0.08,40.0,100.0,12.5,1,0.25,150.0
7.507534592250063,3.6029685504487245,208.0160000000002,2.240931548003817,0.1,0.08,40.0,300.0,12.5,1,0.25,700.0
7.5099262984809245,3.5683484386922655,208.0160000000002,2.3466795993961638,0.2,0.22,40.0,100.0,50.0,1,0.55,350.0
7.510003461047047,3.561907198104052,208.0160000000002,2.3653036084085506,0.2,0.22,15.0,100.0,25.0,1,0.55,350.0
7.5113271340824905,3.5486797335694207,208.0160000000002,2.4068782871801937,0.2,0.35,15.0,100.0,50.0,1,0.25,150.0
7.511662948634047,3.529159972337279,208.0160000000002,2.463608503705045,0.35,0.08,40.0,300.0,25.0,1,0.25,350.0
7.511767072222003,3.5292076859512833,208.0160000000002,2.463769675059193,0.35,0.08,80.0,600.0,50.0,1,0.25,700.0
7.5130252794612025,3.5766531544144247,208.0160000000002,2.331806071562215,0.2,0.08,80.0,300.0,50.0,1,0.35,700.0
7.514147787611432,3.581565254472205,208.0160000000002,2.3209786661120715,0.2,0.12,40.0,100.0,25.0,1,0.55,350.0
7.514343212600911,3.571335175509863,208.0160000000002,2.3507658202601296,0.2,0.12,15.0,100.0,50.0,1,0.25,150.0
7.515877205482603,3.8142839182477326,182.01400000000018,2.7753808206710513,0.35,0.35,40.0,300.0,50.0,1,0.35,700.0
7.517839177037203,3.5874285236041548,208.0160000000002,2.3147732955229885,0.2,0.12,80.0,100.0,25.0,1,0.55,350.0
7.518045150449877,3.578819258097221,208.0160000000002,2.339959692436153,0.1,0.08,15.0,300.0,12.5,1,0.25,700.0
7.520097792914293,3.5670450894412733,208.0160000000002,2.379464867065763,0.2,0.35,80.0,100.0,50.0,1,0.55,350.0
7.520861643647895,3.585867395938871,208.0160000000002,2.3278692791686315,0.2,0.08,80.0,100.0,12.5,1,0.25,150.0
7.522465154951204,3.6025319482357663,208.0160000000002,2.284837733472673,0.1,0.08,15.0,300.0,50.0,1,0.35,700.0
7.525544539918573,3.570072212868062,208.0160000000002,2.3863780772871657,0.2,0.35,40.0,100.0,50.0,1,0.55,350.0
7.5259953039254395,3.5639337660289057,208.0160000000002,2.4052043939900907,0.2,0.35,15.0,100.0,25.0,1,0.55,350.0
7.5271131680772365,3.589148836117348,208.0160000000002,2.336355234171105,0.2,0.08,40.0,100.0,25.0,1,0.25,150.0
7.5272997649932725,3.583654689025768,208.0160000000002,2.3525859313357205,0.2,0.08,40.0,300.0,50.0,1,0.35,700.0
7.530288984856701,3.8294971797780244,182.01400000000018,2.7730908716533547,0.35,0.35,80.0,300.0,50.0,1,0.35,700.0
7.530416876209967,3.5991271775059186,208.0160000000002,2.317284853440129,0.2,0.08,40.0,100.0,12.5,1,0.55,350.0
7.531924338418461,3.5497618979207335,208.0160000000002,2.462635544279214,0.35,0.08,80.0,300.0,25.0,1,0.25,350.0
7.532141245832302,3.5624900334636203,208.0160000000002,2.4268891781962294,0.2,0.22,15.0,300.0,50.0,1,0.35,700.0
7.532453890740933,3.5957153917167477,208.0160000000002,2.3328528543548064,0.2,0.08,80.0,100.0,25.0,1,0.25,150.0
7.5334581953963315,3.544969172216738,208.0160000000002,2.4807114947988307,0.2,0.22,15.0,300.0,12.5,1,0.25,700.0
7.534779562549355,3.5913578885096125,208.0160000000002,2.351947640113542,0.2,0.08,15.0,100.0,25.0,1,0.25,150.0
7.53527243242073,3.5949459219310826,208.0160000000002,2.3431043156847005,0.2,0.08,15.0,100.0,12.5,1,0.55,350.0
7.535977698891305,3.5890115766074264,208.0160000000002,2.36207463509679,0.2,0.22,15.0,100.0,50.0,1,0.55,350.0
7.536078559081959,3.5721188724529567,208.0160000000002,2.410627676082857,0.2,0.08,15.0,300.0,25.0,1,0.35,700.0
7.536141121925466,3.6035588537563155,208.0160000000002,2.320977909054709,0.2,0.12,80.0,100.0,50.0,1,0.55,350.0
7.5420409898194425,3.6070183044928514,208.0160000000002,2.3279505295045397,0.2,0.12,40.0,100.0,50.0,1,0.55,350.0
7.542691805735092,3.601299406221302,208.0160000000002,2.3461497128965356,0.2,0.12,15.0,100.0,25.0,1,0.55,350.0
7.543685117211103,3.6054638759354445,208.0160000000002,2.33708926078759,0.2,0.08,80.0,100.0,50.0,1,0.25,150.0
7.544955076909211,3.6051036505804213,208.0160000000002,2.3417469323679634,0.2,0.08,40.0,100.0,50.0,1,0.25,150.0
7.547187314209788,3.5648915921085043,208.0160000000002,2.463016348860804,0.2,0.35,15.0,300.0,50.0,1,0.35,700.0
7.5510215125805695,3.590228155893,208.0160000000002,2.4015810191073346,0.2,0.35,15.0,100.0,50.0,1,0.55,350.0
7.551116556248016,3.620232321718812,208.0160000000002,2.3161263843691478,0.2,0.08,80.0,100.0,12.5,1,0.55,350.0
7.551731622597587,3.572895206593248,208.0160000000002,2.4531326171552457,0.2,0.12,15.0,300.0,12.5,1,0.25,700.0
7.552705911037485,3.589158121851075,208.0160000000002,2.4094508262468803,0.2,0.22,40.0,300.0,12.5,1,0.25,700.0
7.553613195009589,3.5519909769384794,208.0160000000002,2.518234908774592,0.2,0.35,15.0,300.0,12.5,1,0.25,700.0
7.556010811689028,3.567741679561055,208.0160000000002,2.4800832346513464,0.35,0.08,40.0,300.0,50.0,1,0.25,350.0
7.556883029576708,3.6127220114888106,208.0160000000002,2.3540600516797,0.2,0.08,15.0,100.0,50.0,1,0.25,150.0
7.559285473013901,3.5730279041851336,208.0160000000002,2.474335910939327,0.35,0.08,80.0,300.0,50.0,1,0.25,350.0
7.560823993167662,3.5554084059746476,208.0160000000002,2.529073106265748,0.35,0.08,15.0,600.0,50.0,1,0.25,700.0
7.562409573525739,3.600011436843579,208.0160000000002,2.4061661048061653,0.2,0.12,15.0,300.0,50.0,1,0.35,700.0
7.567161571892017,3.63131662830992,208.0160000000002,2.330299838805985,0.2,0.08,40.0,100.0,25.0,1,0.55,350.0
7.570494306080725,3.636848117382448,208.0160000000002,2.324017681995073,0.2,0.08,80.0,100.0,25.0,1,0.55,350.0
7.570850177471802,3.6299565398893217,208.0160000000002,2.344724678807079,0.2,0.12,15.0,100.0,50.0,1,0.55,350.0
7.571669321674524,3.5948676864684574,208.0160000000002,2.4473189577316115,0.2,0.35,40.0,300.0,12.5,1,0.25,700.0
7.572710527159124,3.5773652360985726,208.0160000000002,2.500300831601571,0.35,0.08,15.0,300.0,50.0,1,0.25,350.0
7.573730476151052,3.6189689447734215,208.0160000000002,2.3843472325075097,0.2,0.12,40.0,300.0,12.5,1,0.25,700.0
7.58927478008818,3.653330276953238,208.0160000000002,2.330584294671258,0.2,0.08,80.0,100.0,50.0,1,0.55,350.0
7.595372443573782,3.615960779851649,208.0160000000002,2.4547761820632297,0.2,0.08,15.0,300.0,12.5,1,0.25,700.0
7.5960199068674426,3.6574696759338323,208.0160000000002,2.3380292312388784,0.2,0.08,40.0,100.0,50.0,1,0.55,350.0
7.598407634915805,3.6532265650542683,208.0160000000002,2.3569744853186685,0.2,0.08,15.0,100.0,25.0,1,0.55,350.0
7.609674396880308,3.9145093130368305,182.01400000000018,2.7570145252670706,0.35,0.22,15.0,100.0,12.5,1,0.55,350.0
7.614568155925696,3.65254442165123,208.0160000000002,2.405096383641322,0.2,0.22,80.0,300.0,12.5,1,0.25,700.0
7.615736852448861,3.650361465171407,208.0160000000002,2.4146725350784313,0.2,0.08,15.0,300.0,50.0,1,0.35,700.0
7.619542877512197,3.663381063977723,208.0160000000002,2.38834803866992,0.2,0.08,40.0,300.0,12.5,1,0.25,700.0
7.628263261072512,3.6830747970237874,208.0160000000002,2.3569956115677773,0.2,0.08,15.0,100.0,50.0,1,0.55,350.0
7.632559638485753,3.6573712971093952,208.0160000000002,2.442709546789585,0.2,0.35,80.0,300.0,12.5,1,0.25,700.0
7.637641769258422,3.6838247556263557,208.0160000000002,2.3816486103773244,0.2,0.12,80.0,300.0,12.5,1,0.25,700.0
7.64076301883364,3.6655514232666135,208.0160000000002,2.4427759873343557,0.2,0.22,40.0,300.0,25.0,1,0.25,700.0
7.659044956871409,3.670632182201057,208.0160000000002,2.4804936419152845,0.2,0.35,40.0,300.0,25.0,1,0.25,700.0
7.66039186816345,3.6916055432590795,208.0160000000002,2.424418071155337,0.2,0.22,80.0,300.0,25.0,1,0.25,700.0
7.663708145603668,3.696906648802103,208.0160000000002,2.418747133718751,0.2,0.12,40.0,300.0,25.0,1,0.25,700.0
7.66766932103029,3.9423260682309342,182.01400000000018,2.843237865141013,0.35,0.35,15.0,100.0,12.5,1,0.55,350.0
7.67818683484408,3.696223608244653,208.0160000000002,2.4620663617126426,0.2,0.35,80.0,300.0,25.0,1,0.25,700.0
7.682887789547795,3.980413477888023,182.01400000000018,2.777898033313625,0.35,0.22,15.0,100.0,25.0,1,0.55,350.0
7.687136687633915,3.9837217771913633,182.01400000000018,2.780585458407284,0.35,0.22,40.0,100.0,12.5,1,0.55,350.0
7.68736273552442,3.707944841025417,208.0160000000002,2.4547939842828574,0.2,0.22,15.0,100.0,12.5,1,0.35,350.0
7.69053335315248,4.003819645411228,182.01400000000018,2.7328677364035734,0.35,0.12,40.0,100.0,12.5,1,0.55,350.0
7.697119828783478,3.679507703920943,208.0160000000002,2.5639203567500934,0.35,0.12,15.0,100.0,12.5,1,0.25,150.0
7.698109834691476,3.7276410899857306,208.0160000000002,2.429224984873549,0.2,0.22,40.0,100.0,12.5,1,0.35,350.0
7.6993643510828145,3.6627021859632714,208.0160000000002,2.6183490431986898,0.35,0.22,15.0,100.0,12.5,1,0.25,150.0
7.703267070911847,3.6983372073411185,208.0160000000002,2.5276853244877886,0.2,0.22,15.0,300.0,25.0,1,0.25,700.0
7.7043921193082445,3.710889275964975,208.0160000000002,2.4950366952664758,0.2,0.35,15.0,100.0,12.5,1,0.35,350.0
7.71447302016765,3.7300052202409475,208.0160000000002,2.4692222855048565,0.2,0.35,40.0,100.0,12.5,1,0.35,350.0
7.71778311170658,3.745760938438345,208.0160000000002,2.4336633521949516,0.2,0.12,15.0,100.0,12.5,1,0.35,350.0
7.720372459672043,3.703886351670103,208.0160000000002,2.560703165719819,0.35,0.12,40.0,100.0,12.5,1,0.25,150.0
7.72071527348885,3.7028918945436318,208.0160000000002,2.5645239398434723,0.2,0.35,15.0,300.0,25.0,1,0.25,700.0
7.721482889935329,3.68629997359043,208.0160000000002,2.6141226181282766,0.35,0.22,40.0,100.0,12.5,1,0.25,150.0
7.725715355160323,3.7555765432755774,208.0160000000002,2.4282823196706937,0.2,0.22,80.0,100.0,12.5,1,0.35,350.0
7.727882632686227,4.0189166837645836,182.01400000000018,2.7964455683475444,0.35,0.22,40.0,100.0,25.0,1,0.55,350.0
7.728144515544424,3.731666762198138,208.0160000000002,2.50353643813224,0.2,0.12,15.0,300.0,25.0,1,0.25,700.0
7.728922489636707,3.765465872871815,208.0160000000002,2.4091903336139704,0.2,0.12,40.0,100.0,12.5,1,0.35,350.0
7.733022006237567,4.026107798678158,182.01400000000018,2.790583450169732,0.35,0.22,15.0,100.0,50.0,1,0.55,350.0
7.737099350110114,3.7620053957222974,208.0160000000002,2.442439869679467,0.2,0.22,40.0,100.0,25.0,1,0.35,350.0
7.738515302976888,4.006254530012918,182.01400000000018,2.863002208468477,0.35,0.35,15.0,100.0,25.0,1,0.55,350.0
7.739057024137825,4.029390137217451,182.01400000000018,2.798448248343916,0.35,0.22,80.0,100.0,12.5,1,0.55,350.0
7.73961655287869,3.7173569592674935,208.0160000000002,2.577198838889127,0.35,0.12,15.0,100.0,25.0,1,0.25,150.0
7.739810144378529,3.6989374414574137,208.0160000000002,2.6303791512031798,0.35,0.22,15.0,100.0,25.0,1,0.25,150.0
7.740832413927649,3.7230414080516274,208.0160000000002,2.564431445360053,0.35,0.12,80.0,100.0,12.5,1,0.25,150.0
7.7410537488556965,3.704799648958765,208.0160000000002,2.6171831425626544,0.35,0.22,80.0,100.0,12.5,1,0.25,150.0
7.741351092500438,3.717493416936362,208.0160000000002,2.581764787325924,0.35,0.08,40.0,300.0,12.5,1,0.35,700.0
7.741524389327552,3.757484896086837,208.0160000000002,2.4679985521163217,0.2,0.35,80.0,100.0,12.5,1,0.35,350.0
7.742392498652478,4.009463146218114,182.01400000000018,2.8649124355267483,0.35,0.35,40.0,100.0,12.5,1,0.55,350.0
7.743254565328833,3.7235111894879473,208.0160000000002,2.570009645259666,0.35,0.12,40.0,100.0,25.0,1,0.25,150.0
7.74365720102254,3.7053662064337747,208.0160000000002,2.623002841682179,0.35,0.22,40.0,100.0,25.0,1,0.25,150.0
7.7439169512649775,4.05032091592686,182.01400000000018,2.7525315295374724,0.35,0.12,80.0,100.0,12.5,1,0.55,350.0
7.745240016595963,3.7278861790477604,208.0160000000002,2.563182392994858,0.35,0.08,15.0,100.0,12.5,1,0.25,150.0
7.746191704008008,3.773209134443447,208.0160000000002,2.4364073416130236,0.2,0.22,80.0,100.0,25.0,1,0.35,350.0
7.7527054290124795,3.714618081154107,208.0160000000002,2.622420993881057,0.35,0.22,80.0,100.0,25.0,1,0.25,150.0
7.752744286306631,3.7330707054980117,208.0160000000002,2.5698102308817625,0.35,0.12,80.0,100.0,25.0,1,0.25,150.0
7.75283242709563,3.690162936753445,208.0160000000002,2.6926556866919484,0.35,0.35,15.0,100.0,12.5,1,0.25,150.0
7.753060036514532,3.764020119618654,208.0160000000002,2.4822854768453593,0.2,0.35,40.0,100.0,25.0,1,0.35,350.0
7.7573646784604495,3.7939303202960555,208.0160000000002,2.409126737612545,0.2,0.12,80.0,100.0,12.5,1,0.35,350.0
7.760437194970246,4.047498137237243,182.01400000000018,2.8077973078085696,0.35,0.22,80.0,100.0,25.0,1,0.55,350.0
7.761584186183425,3.7212309994500137,208.0160000000002,2.6288948192383104,0.35,0.22,40.0,100.0,50.0,1,0.25,150.0
7.7618752411528895,3.774997514605749,208.0160000000002,2.476107790134681,0.2,0.35,80.0,100.0,25.0,1,0.35,350.0
7.7619720612731795,3.739992697344591,208.0160000000002,2.5763981826531026,0.35,0.12,40.0,100.0,50.0,1,0.25,150.0
7.762936037816065,4.0498187956251765,182.01400000000018,2.8083064062596708,0.35,0.22,40.0,100.0,50.0,1,0.55,350.0
7.763845032908848,3.7214437693374856,208.0160000000002,2.6347464673467433,0.35,0.22,15.0,100.0,50.0,1,0.25,150.0
7.763933761315066,3.7242887074474886,208.0160000000002,2.626871582478785,0.35,0.22,80.0,100.0,50.0,1,0.25,150.0
7.764333504020855,3.7430246444165767,208.0160000000002,2.5744824560122157,0.35,0.12,80.0,100.0,50.0,1,0.25,150.0
7.76511029001861,3.7409840137292574,208.0160000000002,2.5825322179695727,0.35,0.12,15.0,100.0,50.0,1,0.25,150.0
7.76623657966955,3.7909185632241864,208.0160000000002,2.443080046986744,0.2,0.22,80.0,100.0,50.0,1,0.35,350.0
7.769000558047602,3.752514335041782,208.0160000000002,2.560703494302335,0.35,0.08,40.0,100.0,12.5,1,0.25,150.0
7.7734362767934435,3.7290193923389743,208.0160000000002,2.6405053841556185,0.35,0.12,15.0,300.0,25.0,1,0.35,700.0
7.7741052497825125,3.7130018439328123,208.0160000000002,2.688181159570566,0.35,0.35,40.0,100.0,12.5,1,0.25,150.0
7.781708153062231,3.792525765489006,208.0160000000002,2.4826925359234937,0.2,0.35,80.0,100.0,50.0,1,0.35,350.0
7.781853127872316,4.065981587914338,182.01400000000018,2.8161758284513563,0.35,0.22,80.0,100.0,50.0,1,0.55,350.0
7.782441109389462,4.044085922531981,182.01400000000018,2.880414819592797,0.35,0.35,40.0,100.0,25.0,1,0.55,350.0
7.786676888235264,4.050359918661267,182.01400000000018,2.874591341639985,0.35,0.35,15.0,100.0,50.0,1,0.55,350.0
7.789347136651784,3.7669216961518446,208.0160000000002,2.577672687142677,0.35,0.08,15.0,100.0,25.0,1,0.25,150.0
7.790025811767961,3.772045858512548,208.0160000000002,2.5649712950154573,0.35,0.08,80.0,100.0,12.5,1,0.25,150.0
7.792241139209357,3.7255044779668847,208.0160000000002,2.7042761749784834,0.35,0.35,15.0,100.0,25.0,1,0.25,150.0
7.792491805406247,3.772594563308023,208.0160000000002,2.570449263137775,0.35,0.08,40.0,100.0,25.0,1,0.25,150.0
7.7928163283067216,4.054003561431727,182.01400000000018,2.8817221910714084,0.35,0.35,80.0,100.0,12.5,1,0.55,350.0
7.793124281092291,3.731031048407217,208.0160000000002,2.6910092362430604,0.35,0.35,80.0,100.0,12.5,1,0.25,150.0
7.795955532341878,3.731787635023908,208.0160000000002,2.6969368494799095,0.35,0.35,40.0,100.0,25.0,1,0.25,150.0
7.802192759422884,3.7822698313542116,208.0160000000002,2.5705226516247714,0.35,0.08,80.0,100.0,25.0,1,0.25,150.0
7.804684413030573,3.7407613224685847,208.0160000000002,2.6962374016056763,0.35,0.35,80.0,100.0,25.0,1,0.25,150.0
7.810907223981954,3.753583600869962,208.0160000000002,2.677381780319968,0.35,0.12,15.0,300.0,12.5,1,0.25,700.0
7.811833963000765,3.789535290659159,208.0160000000002,2.5773104924045835,0.35,0.08,40.0,100.0,50.0,1,0.25,150.0
7.813485090708696,3.7473141434850676,208.0160000000002,2.702659849210358,0.35,0.35,40.0,100.0,50.0,1,0.25,150.0
7.813994840428335,4.07193565614615,182.01400000000018,2.890997669377666,0.35,0.35,80.0,100.0,25.0,1,0.55,350.0
7.814090238929346,3.7924533251618255,208.0160000000002,2.5754197536214796,0.35,0.08,80.0,100.0,50.0,1,0.25,150.0
7.815508309526227,3.747342426809063,208.0160000000002,2.7083596649061774,0.35,0.35,15.0,100.0,50.0,1,0.25,150.0
7.815746861105951,3.7502889293661923,208.0160000000002,2.700622662113588,0.35,0.35,80.0,100.0,50.0,1,0.25,150.0
7.815932025821723,3.791327671413442,208.0160000000002,2.5838981554522236,0.35,0.08,15.0,100.0,50.0,1,0.25,150.0
7.816577134875118,4.074251892935351,182.01400000000018,2.891757834113612,0.35,0.35,40.0,100.0,50.0,1,0.55,350.0
7.819575171496922,3.7406467270157293,208.0160000000002,2.7391098413748285,0.35,0.22,15.0,300.0,12.5,1,0.25,700.0
7.822633773767473,3.7845976409208326,208.0160000000002,2.6222746652761084,0.35,0.12,80.0,300.0,25.0,1,0.35,700.0
7.826705416398915,3.794866932596966,208.0160000000002,2.60456709657699,0.35,0.08,80.0,300.0,12.5,1,0.35,700.0
7.827213381668641,3.781689477630945,208.0160000000002,2.6436682972505543,0.35,0.08,15.0,300.0,25.0,1,0.35,700.0
7.829894406499384,3.7928255522868195,208.0160000000002,2.61951101203589,0.35,0.08,40.0,300.0,25.0,1,0.35,700.0
7.835038159261722,4.090119139511912,182.01400000000018,2.899168627856594,0.35,0.35,80.0,100.0,50.0,1,0.55,350.0
7.8535004973516855,3.808485380025253,208.0160000000002,2.642214620932657,0.35,0.12,40.0,300.0,50.0,1,0.35,700.0
7.856144616472261,3.788895015617575,208.0160000000002,2.7057417167276685,0.35,0.22,15.0,300.0,50.0,1,0.35,700.0
7.859060546288346,3.802463008061278,208.0160000000002,2.675307252077331,0.35,0.08,15.0,300.0,12.5,1,0.25,700.0
7.865435363719238,3.8157547731226606,208.0160000000002,2.655544544561639,0.35,0.12,15.0,300.0,50.0,1,0.35,700.0
7.868452133899726,3.823893687861941,208.0160000000002,2.6409098458222346,0.35,0.12,80.0,300.0,50.0,1,0.35,700.0
7.8731051500125355,3.833740038975383,208.0160000000002,2.6260717458204264,0.35,0.08,80.0,300.0,25.0,1,0.35,700.0
7.8817920792763765,3.7738430754487675,208.0160000000002,2.8220257252217333,0.35,0.35,15.0,300.0,12.5,1,0.25,700.0
7.900021799606111,3.609216495018686,234.01800000000023,2.230100870249776,0.1,0.22,80.0,300.0,12.5,1,0.25,700.0
7.903438156651733,3.62488771161881,234.01800000000023,2.195086985808343,0.1,0.22,40.0,100.0,12.5,1,0.35,350.0
7.903632194862752,3.6076639085921975,234.01800000000023,2.244852246487288,0.1,0.35,80.0,300.0,12.5,1,0.25,700.0
7.9056074518563815,3.6214959203770207,234.01800000000023,2.210975804226736,0.1,0.35,40.0,100.0,12.5,1,0.35,350.0
7.906656900510977,3.8598324763532603,208.0160000000002,2.6473840690220403,0.35,0.08,40.0,300.0,50.0,1,0.35,700.0
7.909805399200172,3.8143793010884695,208.0160000000002,2.7862459946048563,0.35,0.35,15.0,300.0,50.0,1,0.35,700.0
7.9099245780402185,3.856717676152339,208.0160000000002,2.6656197196796487,0.35,0.12,40.0,300.0,12.5,1,0.25,700.0
7.9123114923880316,3.839328951062608,208.0160000000002,2.722121546644059,0.35,0.22,40.0,300.0,12.5,1,0.25,700.0
7.9167495911633985,3.6426365227123174,234.01800000000023,2.182408767003078,0.1,0.22,80.0,100.0,12.5,1,0.35,350.0
7.918716138562709,3.639064487547905,234.01800000000023,2.1982332886137166,0.1,0.35,80.0,100.0,12.5,1,0.35,350.0
7.919210163094047,3.6314323782977063,234.01800000000023,2.2214508137038202,0.1,0.12,80.0,300.0,12.5,1,0.25,700.0
7.920319851627858,3.8740476723125252,208.0160000000002,2.6458062266152313,0.35,0.08,80.0,300.0,50.0,1,0.35,700.0
7.926804602420581,3.873824449112651,208.0160000000002,2.6649718665940783,0.35,0.08,15.0,300.0,50.0,1,0.35,700.0
7.928296983102289,3.65212550815984,234.01800000000023,2.1882899284069874,0.1,0.12,40.0,100.0,12.5,1,0.35,350.0
7.9302466821558575,3.632457438363558,234.01800000000023,2.2500549822637033,0.1,0.22,15.0,100.0,12.5,1,0.35,350.0
7.932577952251413,3.6292396145105217,234.01800000000023,2.265909536402539,0.1,0.35,15.0,100.0,12.5,1,0.35,350.0
7.936483806675342,3.6598760813807,234.01800000000023,2.1895363579846783,0.1,0.22,80.0,100.0,25.0,1,0.35,350.0
7.938390570885754,3.6562428856887164,234.01800000000023,2.2053648148486698,0.1,0.35,80.0,100.0,25.0,1,0.35,350.0
7.939350312869881,3.6314118747962922,234.01800000000023,2.279052680210243,0.1,0.22,40.0,300.0,25.0,1,0.25,700.0
7.940922711202229,3.658483157728302,234.01800000000023,2.2061987242112098,0.1,0.22,40.0,100.0,25.0,1,0.35,350.0
7.94204424225282,3.6701698754875434,234.01800000000023,2.1760124764722066,0.1,0.12,80.0,100.0,12.5,1,0.35,350.0
7.942906761686715,3.654924197638365,234.01800000000023,2.222035897280991,0.1,0.35,40.0,100.0,25.0,1,0.35,350.0
7.943001984184736,3.6298944629902876,234.01800000000023,2.2938214891269872,0.1,0.35,40.0,300.0,25.0,1,0.25,700.0
7.945557489355086,3.6483579638886634,234.01800000000023,2.2483700727611993,0.1,0.22,80.0,300.0,25.0,1,0.25,700.0
7.948337190815329,3.6592367054832424,234.01800000000023,2.2252299580916697,0.1,0.08,80.0,300.0,12.5,1,0.25,700.0
7.949080921140216,3.6467037544211216,234.01800000000023,2.2631633334831167,0.1,0.35,80.0,300.0,25.0,1,0.25,700.0
7.954906612561473,3.659652554176908,234.01800000000023,2.2428115953844623,0.1,0.12,15.0,100.0,12.5,1,0.35,350.0
7.955481787881565,3.6769930666531314,234.01800000000023,2.1949106320812324,0.1,0.22,80.0,100.0,50.0,1,0.35,350.0
7.9572913480245715,3.673273366980656,234.01800000000023,2.2107085172683205,0.1,0.35,80.0,100.0,50.0,1,0.35,350.0
7.958557886157193,3.6537406771344925,234.01800000000023,2.2701348829219916,0.1,0.12,40.0,300.0,25.0,1,0.25,700.0
7.961050742108197,3.9070956520347853,208.0160000000002,2.6677574002097417,0.35,0.08,40.0,300.0,12.5,1,0.25,700.0
7.962009883428451,3.687594609935221,234.01800000000023,2.18327220998065,0.1,0.12,80.0,100.0,25.0,1,0.35,350.0
7.96256276280592,3.684319606291504,234.01800000000023,2.1942090186126073,0.1,0.08,40.0,100.0,12.5,1,0.35,350.0
7.965132849380081,3.670899870101111,234.01800000000023,2.239894226511333,0.1,0.12,80.0,300.0,25.0,1,0.25,700.0
7.966362847683428,3.686170840791452,234.01800000000023,2.1997771625484934,0.1,0.12,40.0,100.0,25.0,1,0.35,350.0
7.969695293138338,3.6856012783261956,234.01800000000023,2.210925756606112,0.1,0.22,40.0,100.0,50.0,1,0.35,350.0
7.970336031713492,3.868575788554531,208.0160000000002,2.8043435518827384,0.35,0.35,40.0,300.0,12.5,1,0.25,700.0
7.971449562655897,3.6818450889931365,234.01800000000023,2.2266699247507358,0.1,0.35,40.0,100.0,50.0,1,0.35,350.0
7.975097344912241,3.96899312018009,208.0160000000002,2.5310406420918525,0.2,0.22,40.0,100.0,12.5,1,0.55,700.0
7.976601237634668,3.7025796098022123,234.01800000000023,2.18214750809272,0.1,0.08,80.0,100.0,12.5,1,0.35,350.0
7.981306558802622,3.70494059645993,234.01800000000023,2.188845606693396,0.1,0.12,80.0,100.0,50.0,1,0.35,350.0
7.987767902279083,3.681660144764094,234.01800000000023,2.273822164328532,0.1,0.08,40.0,300.0,25.0,1,0.25,700.0
7.9892348639303785,3.691911720876695,234.01800000000023,2.2487232658676577,0.1,0.08,15.0,100.0,12.5,1,0.35,350.0
7.9894856100358815,3.8926405221810416,208.0160000000002,2.790300251013822,0.35,0.22,15.0,300.0,25.0,1,0.25,700.0
7.991104503748373,3.9697260619031027,208.0160000000002,2.574681262415051,0.2,0.35,40.0,100.0,12.5,1,0.55,700.0
7.991230282059176,3.688738978926674,234.01800000000023,2.263489437521424,0.1,0.22,80.0,300.0,50.0,1,0.25,700.0
7.99193710983354,3.914625497544527,208.0160000000002,2.7344903208257434,0.35,0.12,15.0,300.0,25.0,1,0.25,700.0
7.994409057621043,3.6938737224867086,234.01800000000023,2.2579009575266586,0.1,0.22,15.0,100.0,25.0,1,0.35,350.0
7.994588593465166,3.686929786393362,234.01800000000023,2.278253734490859,0.1,0.35,80.0,300.0,50.0,1,0.25,700.0
7.994676289645504,3.699035149985909,234.01800000000023,2.24391754188455,0.1,0.08,80.0,300.0,25.0,1,0.25,700.0
7.995771282318255,3.7137681489376573,234.01800000000023,2.2049518096588416,0.1,0.12,40.0,100.0,50.0,1,0.35,350.0
7.9961206858277585,3.6901182996451323,234.01800000000023,2.273521103378923,0.1,0.35,15.0,100.0,25.0,1,0.35,350.0
7.9968009042184764,3.7201865288368556,234.01800000000023,2.1895553582331932,0.1,0.08,80.0,100.0,25.0,1,0.35,350.0
8.001182806729537,3.718786660772086,234.01800000000023,2.206074702735565,0.1,0.08,40.0,100.0,25.0,1,0.35,350.0
8.001791855479883,3.9342804759324093,208.0160000000002,2.706489655849918,0.35,0.12,15.0,100.0,12.5,1,0.55,350.0
8.003502505492104,3.917633807178369,208.0160000000002,2.7589391380392367,0.35,0.22,40.0,300.0,25.0,1,0.25,700.0
8.004261061967904,3.937488954399758,208.0160000000002,2.704377450194697,0.35,0.12,40.0,300.0,25.0,1,0.25,700.0
8.004323234731821,3.924814173368575,208.0160000000002,2.740768746752123,0.35,0.22,80.0,300.0,12.5,1,0.25,700.0
8.005962839754782,3.9450801934977315,208.0160000000002,2.68755041787728,0.35,0.12,80.0,300.0,12.5,1,0.25,700.0
8.011334263687381,3.711700624454631,234.01800000000023,2.2553246835221312,0.1,0.12,80.0,300.0,50.0,1,0.25,700.0
8.01255551540314,3.6983294258433412,234.01800000000023,2.2970173987422755,0.1,0.22,40.0,300.0,50.0,1,0.25,700.0
8.01578680093958,3.6964370844450407,234.01800000000023,2.3116563328415314,0.1,0.35,40.0,300.0,50.0,1,0.25,700.0
8.016378292587971,3.7377456858931897,234.01800000000023,2.195321733413651,0.1,0.08,80.0,100.0,50.0,1,0.35,350.0
8.017758384326193,3.744821649699899,234.01800000000023,2.179047813217973,0.1,0.22,40.0,100.0,12.5,1,0.55,700.0
8.018937033260913,3.739696262173292,234.01800000000023,2.197059345964623,0.1,0.35,40.0,100.0,12.5,1,0.55,700.0
8.020789553327031,3.7223783099462593,234.01800000000023,2.251832123945055,0.1,0.12,15.0,100.0,25.0,1,0.35,350.0
8.021325638811172,3.7239304383246887,234.01800000000023,2.248929144247089,0.1,0.22,15.0,100.0,50.0,1,0.35,350.0
8.022602149762934,3.7197975216451216,234.01800000000023,2.2643846517651687,0.1,0.35,15.0,100.0,50.0,1,0.35,350.0
8.029177939647862,3.76450348668632,234.01800000000023,2.155441294175829,0.1,0.22,80.0,100.0,12.5,1,0.55,700.0
8.030038407206085,3.759083845066032,234.01800000000023,2.1733844632572836,0.1,0.35,80.0,100.0,12.5,1,0.55,700.0
8.031163499458588,3.746813686618232,234.01800000000023,2.2116566081152906,0.1,0.08,40.0,100.0,50.0,1,0.35,350.0
8.032944711613565,3.721582672480485,234.01800000000023,2.2888343975230785,0.1,0.12,40.0,300.0,50.0,1,0.25,700.0
8.038801881820158,3.6904205154649063,234.01800000000023,2.394603903872138,0.1,0.22,15.0,300.0,25.0,1,0.25,700.0
8.039133730320788,4.027889397425618,208.0160000000002,2.545726665414764,0.2,0.22,80.0,100.0,12.5,1,0.55,700.0
8.041396856456673,3.7402339366152866,234.01800000000023,2.259694056689668,0.1,0.08,80.0,300.0,50.0,1,0.25,700.0
8.04182720429714,3.688457857719538,234.01800000000023,2.4088552759359967,0.1,0.35,15.0,300.0,25.0,1,0.25,700.0
8.046606286476154,3.921245254032865,208.0160000000002,2.8717743784093885,0.35,0.35,15.0,300.0,25.0,1,0.25,700.0
8.048691726044087,3.777461514886451,234.01800000000023,2.174172031878948,0.1,0.12,40.0,100.0,12.5,1,0.55,700.0
8.048888773627965,3.7532969626795847,234.01800000000023,2.2437766027096453,0.1,0.12,15.0,100.0,50.0,1,0.35,350.0
8.049325248083298,3.9704266953818417,208.0160000000002,2.7390244362898652,0.35,0.08,15.0,300.0,25.0,1,0.25,700.0
8.052385689998511,3.9653664090240577,208.0160000000002,2.7622265170698603,0.35,0.22,80.0,300.0,25.0,1,0.25,700.0
8.054281282223315,4.027994047451661,208.0160000000002,2.588706385061858,0.2,0.35,80.0,100.0,12.5,1,0.55,700.0
8.054825182256435,3.983949803508829,208.0160000000002,2.716101082136007,0.35,0.08,15.0,100.0,12.5,1,0.55,350.0
8.055170644326354,3.9865339211365782,208.0160000000002,2.709704923399352,0.35,0.12,80.0,300.0,25.0,1,0.25,700.0
8.056687917538989,3.7558137531509437,234.01800000000023,2.2588690411086922,0.1,0.08,15.0,100.0,25.0,1,0.35,350.0
8.058195920781444,3.9899456416573083,208.0160000000002,2.7086007974975215,0.35,0.08,40.0,300.0,25.0,1,0.25,700.0
8.059144414907264,3.7138760568687084,234.01800000000023,2.385709594395862,0.1,0.12,15.0,300.0,25.0,1,0.25,700.0
8.059318898488922,3.996843424614545,208.0160000000002,2.6921013539267844,0.35,0.08,80.0,300.0,12.5,1,0.25,700.0
8.059338653467929,3.7911263150480443,234.01800000000023,2.165549538342517,0.1,0.22,80.0,100.0,25.0,1,0.55,700.0
8.059777763629244,3.951880487416821,208.0160000000002,2.8218779320354854,0.35,0.35,80.0,300.0,12.5,1,0.25,700.0
8.060082314663491,3.7855975226468437,234.01800000000023,2.1834708343332707,0.1,0.35,80.0,100.0,25.0,1,0.55,700.0
8.060214415467408,3.945728354081135,208.0160000000002,2.840703032532202,0.35,0.35,40.0,300.0,25.0,1,0.25,700.0
8.060514371643308,3.7974132983108597,234.01800000000023,2.1509459238069835,0.1,0.12,80.0,100.0,12.5,1,0.55,700.0
8.063260017808304,3.7503372066436333,234.01800000000023,2.293293746184762,0.1,0.08,40.0,300.0,50.0,1,0.25,700.0
8.07423584190137,3.7234947432716567,234.01800000000023,2.401345996084883,0.2,0.12,80.0,300.0,25.0,1,0.25,700.0
8.07505207609476,3.7293142851864003,234.01800000000023,2.3870508311667367,0.2,0.08,80.0,300.0,12.5,1,0.25,700.0
8.075397003473096,3.796995551678702,234.01800000000023,2.194661290841117,0.1,0.22,40.0,100.0,25.0,1,0.55,700.0
8.07622829151406,3.7915725861714034,234.01800000000023,2.2125305866932905,0.1,0.35,40.0,100.0,25.0,1,0.55,700.0
8.079986357074771,4.003791370824164,208.0160000000002,2.7312999607160156,0.35,0.12,15.0,100.0,25.0,1,0.55,350.0
8.082404018504064,3.987542673819807,208.0160000000002,2.784632413383589,0.35,0.22,40.0,300.0,50.0,1,0.25,700.0
8.0858476811775,3.787521358227877,234.01800000000023,2.2515894941417707,0.1,0.08,15.0,100.0,50.0,1,0.35,350.0
8.087192423012011,4.010501893962582,208.0160000000002,2.732715797284075,0.35,0.12,40.0,300.0,50.0,1,0.25,700.0
8.08881003121527,3.8147074406687644,234.01800000000023,2.182378830132865,0.1,0.08,40.0,100.0,12.5,1,0.55,700.0
8.089127843181247,3.8182753609106053,234.01800000000023,2.1730928064875386,0.1,0.22,80.0,100.0,50.0,1,0.55,700.0
8.089149586438817,3.7425216815601914,234.01800000000023,2.3895940139389205,0.1,0.08,15.0,300.0,25.0,1,0.25,700.0
8.08929669101905,3.9876238111945246,208.0160000000002,2.8040939423557765,0.35,0.22,15.0,300.0,50.0,1,0.25,700.0
8.089684596061597,3.812589035048493,234.01800000000023,2.190930174323144,0.1,0.35,80.0,100.0,50.0,1,0.55,700.0
8.091113101901685,3.824372308543645,234.01800000000023,2.1613451238801056,0.1,0.12,80.0,100.0,25.0,1,0.55,700.0
8.091304502033568,3.7851788950957155,234.01800000000023,2.2738731626795685,0.1,0.22,15.0,100.0,12.5,1,0.55,700.0
8.092674519589051,3.780322670200368,234.01800000000023,2.2916624268247983,0.1,0.35,15.0,100.0,12.5,1,0.55,700.0
8.096503483273175,3.7319440508475012,234.01800000000023,2.4408269497876263,0.2,0.22,80.0,300.0,50.0,1,0.25,700.0
8.100537190610513,3.834639307280116,234.01800000000023,2.158936809515412,0.1,0.08,80.0,100.0,12.5,1,0.55,700.0
8.101211298972478,4.007520019575862,208.0160000000002,2.781289369704608,0.35,0.22,80.0,300.0,50.0,1,0.25,700.0
8.101379204131002,3.742716939073092,234.01800000000023,2.4239779001654487,0.2,0.08,40.0,300.0,25.0,1,0.25,700.0
8.10174619342622,4.0173316927841585,208.0160000000002,2.7547842875487394,0.35,0.12,15.0,300.0,50.0,1,0.25,700.0
8.104583116296169,3.7321784204717408,234.01800000000023,2.4632419880697856,0.2,0.22,40.0,300.0,50.0,1,0.25,700.0
8.105723740602134,4.030008159924059,208.0160000000002,2.729930230508779,0.35,0.12,80.0,300.0,50.0,1,0.25,700.0
8.107447087555782,3.8304721366814873,234.01800000000023,2.190585573926545,0.1,0.12,40.0,100.0,25.0,1,0.55,700.0
8.107481645082038,3.9920858460618645,208.0160000000002,2.843302282914772,0.35,0.35,80.0,300.0,25.0,1,0.25,700.0
8.109668524273896,4.039148056382537,208.0160000000002,2.7150870511181635,0.35,0.08,80.0,300.0,25.0,1,0.25,700.0
8.113916733686125,3.736219115213481,234.01800000000023,2.4783646242075443,0.2,0.35,80.0,300.0,50.0,1,0.25,700.0
8.12136607252696,3.7646556276799887,234.01800000000023,2.4184012709913385,0.2,0.12,80.0,300.0,50.0,1,0.25,700.0
8.121429656628216,3.83468138251792,234.01800000000023,2.2185093546008385,0.1,0.35,40.0,100.0,50.0,1,0.55,700.0
8.121477557261308,3.8519484943789277,234.01800000000023,2.1693116082353643,0.1,0.12,80.0,100.0,50.0,1,0.55,700.0
8.121902860618833,3.736414618853946,234.01800000000023,2.500623547899667,0.2,0.35,40.0,300.0,50.0,1,0.25,700.0
8.122385627921249,3.769583117902036,234.01800000000023,2.407235742912029,0.2,0.08,80.0,300.0,25.0,1,0.25,700.0
8.122600243834004,3.8182118574539197,234.01800000000023,2.26890967537166,0.1,0.12,15.0,100.0,12.5,1,0.55,700.0
8.122911130224258,4.0401630399194115,208.0160000000002,2.7500231151566976,0.35,0.12,40.0,100.0,25.0,1,0.55,350.0
8.128659334368576,3.781128134583003,234.01800000000023,2.3921748565301995,0.1,0.22,15.0,300.0,50.0,1,0.25,700.0
8.129909350162926,3.7653914178619585,234.01800000000023,2.440708378002757,0.2,0.12,40.0,300.0,50.0,1,0.25,700.0
8.130652715852468,3.778250671657627,234.01800000000023,2.406091554842391,0.1,0.35,15.0,300.0,50.0,1,0.25,700.0
8.130978091763982,4.050876345140715,208.0160000000002,2.7424621332093286,0.35,0.08,40.0,100.0,12.5,1,0.55,350.0
8.131566905871422,3.8619303220454544,234.01800000000023,2.169618810931326,0.1,0.08,80.0,100.0,25.0,1,0.55,700.0
8.133665332471587,4.0518618366348,208.0160000000002,2.747324273819384,0.35,0.12,15.0,100.0,50.0,1,0.55,350.0
8.136767557869197,4.055992999495418,208.0160000000002,2.7443844524965053,0.35,0.08,15.0,100.0,25.0,1,0.55,350.0
8.137230855282487,4.014022948101198,208.0160000000002,2.865622591946531,0.35,0.35,40.0,300.0,50.0,1,0.25,700.0
8.141925173143097,4.0122348131587335,208.0160000000002,2.8841438856696047,0.35,0.35,15.0,300.0,50.0,1,0.25,700.0
8.145329687019682,3.771191060170945,234.01800000000023,2.468196076710668,0.2,0.22,15.0,100.0,25.0,1,0.35,350.0
8.151846529309532,3.806778883795095,234.01800000000023,2.3851361300412397,0.1,0.12,15.0,300.0,50.0,1,0.25,700.0
8.154031518723354,3.8304245121374336,234.01800000000023,2.3238200188169063,0.1,0.22,15.0,100.0,12.5,1,0.25,350.0
8.15556436518205,4.033602958282654,208.0160000000002,2.8620611625696943,0.35,0.35,80.0,300.0,50.0,1,0.25,700.0
8.15591385364317,4.0688506744190445,208.0160000000002,2.762351940640352,0.35,0.12,80.0,100.0,25.0,1,0.55,350.0
8.158453418088328,3.7906291513427313,234.01800000000023,2.450155047844553,0.2,0.22,40.0,100.0,50.0,1,0.35,350.0
8.159047355437533,3.8006684496393404,234.01800000000023,2.4231683022805393,0.2,0.12,40.0,100.0,25.0,1,0.35,350.0
8.159780487532942,4.07234479050911,208.0160000000002,2.763416277210943,0.35,0.12,40.0,100.0,50.0,1,0.55,350.0
8.161018494280775,3.772985170076568,234.01800000000023,2.507895212012009,0.2,0.35,15.0,100.0,25.0,1,0.35,350.0
8.162331574674782,3.7969926979089523,234.01800000000023,2.4430539336166475,0.2,0.08,15.0,100.0,12.5,1,0.35,350.0
8.167640360084253,3.77918231855687,234.01800000000023,2.509108690078225,0.2,0.08,15.0,300.0,25.0,1,0.25,700.0
8.168298653216786,3.811894896680207,234.01800000000023,2.4175250186759323,0.2,0.12,80.0,100.0,25.0,1,0.35,350.0
8.170489049230934,3.811477734914402,234.01800000000023,2.4249751837615086,0.2,0.08,80.0,300.0,50.0,1,0.25,700.0
8.172762186980213,3.815987786489074,234.01800000000023,2.4185840014032443,0.2,0.08,40.0,100.0,12.5,1,0.35,350.0
8.173908979275554,3.792220532836895,234.01800000000023,2.489766989824727,0.2,0.35,40.0,100.0,50.0,1,0.35,350.0
8.174615476612873,4.088100083055122,208.0160000000002,2.760786838736427,0.35,0.08,40.0,100.0,25.0,1,0.55,350.0
8.178150320339926,4.087913600060083,208.0160000000002,2.771419200799545,0.35,0.12,80.0,100.0,50.0,1,0.55,350.0
8.179081753953113,3.811517586707596,234.01800000000023,2.4494119064157522,0.2,0.12,15.0,100.0,25.0,1,0.35,350.0
8.179644901311068,3.8127642380058795,234.01800000000023,2.4474590380148142,0.2,0.08,40.0,300.0,50.0,1,0.25,700.0
8.180766642998284,3.8067273773323165,234.01800000000023,2.46791218761704,0.2,0.22,15.0,100.0,50.0,1,0.35,350.0
8.183177626296274,3.7872476010216904,234.01800000000023,2.5304572150702285,0.2,0.22,15.0,300.0,50.0,1,0.25,700.0
8.184146757763218,4.096946836719008,208.0160000000002,2.7627426315548758,0.35,0.08,80.0,100.0,12.5,1,0.55,350.0
8.184543929038595,3.837431237501924,234.01800000000023,2.390979118676194,0.1,0.08,15.0,300.0,50.0,1,0.25,700.0
8.188910257345562,3.830029392615982,234.01800000000023,2.424602470655929,0.2,0.12,80.0,100.0,50.0,1,0.35,350.0
8.191593942529321,3.8301987141847103,234.01800000000023,2.431786366698881,0.2,0.12,40.0,100.0,50.0,1,0.35,350.0
8.19258505944337,4.105343603402389,208.0160000000002,2.762861302974227,0.35,0.08,15.0,100.0,50.0,1,0.55,350.0
8.195463935850624,3.807681665812473,234.01800000000023,2.5071779143947075,0.2,0.35,15.0,100.0,50.0,1,0.35,350.0
8.198321162047447,3.7897419928630556,234.01800000000023,2.5665976262411094,0.2,0.35,15.0,300.0,50.0,1,0.25,700.0
8.200662509168199,4.082965815657308,208.0160000000002,2.849876267173967,0.35,0.22,15.0,100.0,12.5,1,0.35,350.0
8.201505074490642,3.8446114997372365,234.01800000000023,2.418924499295434,0.2,0.08,80.0,100.0,12.5,1,0.35,350.0
8.206636942683705,4.115837879821234,208.0160000000002,2.773025893892767,0.35,0.08,80.0,100.0,25.0,1,0.55,350.0
8.206703021902733,4.106417545543133,208.0160000000002,2.8001299324559925,0.35,0.12,15.0,100.0,12.5,1,0.35,350.0
8.212755691023265,4.121119901801139,208.0160000000002,2.7754165406346396,0.35,0.08,40.0,100.0,50.0,1,0.55,350.0
8.21384789780324,3.8519242571450527,234.01800000000023,2.4332961161662383,0.2,0.08,40.0,100.0,25.0,1,0.35,350.0
8.21384803602411,3.825070407797814,234.01800000000023,2.510021794932267,0.2,0.12,15.0,300.0,50.0,1,0.25,700.0
8.216830488623684,3.8487054392884823,234.01800000000023,2.4510144266719953,0.2,0.12,15.0,100.0,50.0,1,0.35,350.0
8.222821708862194,3.8628877069079492,234.01800000000023,2.427611434154974,0.2,0.08,80.0,100.0,25.0,1,0.35,350.0
8.22950427993652,4.1353251173163095,208.0160000000002,2.7826833217720264,0.35,0.08,80.0,100.0,50.0,1,0.55,350.0
8.236441491099692,3.86482616263523,234.01800000000023,2.4609866527555972,0.2,0.08,15.0,100.0,25.0,1,0.35,350.0
8.243929860567151,3.881388274290485,234.01800000000023,2.435061675076179,0.2,0.08,80.0,100.0,50.0,1,0.35,350.0
8.247405756966408,3.882191031301198,234.01800000000023,2.4426992161863064,0.2,0.08,40.0,100.0,50.0,1,0.35,350.0
8.25728316970071,4.109605160804221,208.0160000000002,2.935537168275676,0.35,0.35,15.0,100.0,12.5,1,0.35,350.0
8.264402942694822,4.160315420662873,208.0160000000002,2.810992920091275,0.35,0.08,15.0,100.0,12.5,1,0.35,350.0
8.268495190689741,3.876406311551928,234.01800000000023,2.519482511822311,0.2,0.08,15.0,300.0,50.0,1,0.25,700.0
8.276031928557032,3.903321418070795,234.01800000000023,2.4641157442463824,0.2,0.08,15.0,100.0,50.0,1,0.35,350.0
8.282501458414014,4.156353564829298,208.0160000000002,2.874022553099182,0.35,0.22,15.0,100.0,25.0,1,0.35,350.0
8.2883765931551,4.1620899861905984,208.0160000000002,2.874418877041424,0.35,0.22,40.0,100.0,12.5,1,0.35,350.0
8.289110583441538,3.894260813960658,234.01800000000023,2.5273707699453607,0.2,0.22,15.0,100.0,12.5,1,0.25,350.0
8.293850303245542,4.1836880799384275,208.0160000000002,2.8283492094488873,0.35,0.12,15.0,100.0,25.0,1,0.35,350.0
8.295829607986835,4.185973791042119,208.0160000000002,2.827473762699185,0.35,0.12,40.0,100.0,12.5,1,0.35,350.0
8.30665450978011,3.897594464291773,234.01800000000023,2.5679715585380953,0.2,0.35,15.0,100.0,12.5,1,0.25,350.0
8.313616980391451,3.927934267663056,234.01800000000023,2.501179179223977,0.2,0.22,40.0,100.0,12.5,1,0.25,350.0
8.31954055856396,3.932034231079414,234.01800000000023,2.506389507098692,0.2,0.12,15.0,100.0,12.5,1,0.25,350.0
8.319566311351009,3.9200079813332316,234.01800000000023,2.5408238000507843,0.2,0.22,15.0,100.0,12.5,1,0.55,700.0
8.330656703887092,3.9308074187993824,234.01800000000023,2.541655100250586,0.2,0.35,40.0,100.0,12.5,1,0.25,350.0
8.332673710619547,4.200339073322373,208.0160000000002,2.8916989637062067,0.35,0.22,40.0,100.0,25.0,1,0.35,350.0
8.336486276575103,3.921436482886959,234.01800000000023,2.585085124823261,0.2,0.35,15.0,100.0,12.5,1,0.55,700.0
8.33662962822938,4.180917782157555,208.0160000000002,2.9584909887766373,0.35,0.35,15.0,100.0,25.0,1,0.35,350.0
8.339676745920006,4.208256748280875,208.0160000000002,2.8890857075403686,0.35,0.22,15.0,100.0,50.0,1,0.35,350.0
8.341825267771078,4.225453792056207,208.0160000000002,2.8460899306139087,0.35,0.12,40.0,100.0,25.0,1,0.35,350.0
8.34245176561089,4.186784406653572,208.0160000000002,2.9583638827351875,0.35,0.35,40.0,100.0,12.5,1,0.35,350.0
8.344343098238198,3.9656181250799944,234.01800000000023,2.481299923309147,0.2,0.12,40.0,100.0,12.5,1,0.25,350.0
8.346066585543976,4.213104834229507,208.0160000000002,2.8934907180413343,0.35,0.22,80.0,100.0,12.5,1,0.35,350.0
8.348811282559932,3.963208002597668,234.01800000000023,2.500952228463604,0.2,0.22,80.0,100.0,12.5,1,0.25,350.0
8.351403037285165,4.237703637420288,208.0160000000002,2.838455428185356,0.35,0.08,40.0,100.0,12.5,1,0.35,350.0
8.354874982614376,4.2382283953471545,208.0160000000002,2.846875963620629,0.35,0.12,15.0,100.0,50.0,1,0.35,350.0
8.355092679983517,4.237921174696741,208.0160000000002,2.848375729390783,0.35,0.12,80.0,100.0,12.5,1,0.35,350.0
8.356767710339527,3.9659876127884197,234.01800000000023,2.5157431358603,0.2,0.22,40.0,100.0,25.0,1,0.25,350.0
8.358296777984656,3.9647449788072118,234.01800000000023,2.5236622833641182,0.2,0.12,15.0,100.0,12.5,1,0.55,700.0
8.365341170429602,3.965659873234764,234.01800000000023,2.5411751348423857,0.2,0.35,80.0,100.0,12.5,1,0.25,350.0
8.367682338649065,3.9669882240449614,234.01800000000023,2.5440688988688565,0.2,0.22,15.0,100.0,25.0,1,0.25,350.0
8.369057343785387,4.232585498394561,208.0160000000002,2.9035195582594957,0.35,0.22,80.0,100.0,25.0,1,0.35,350.0
8.371110109720144,3.9824475730797184,234.01800000000023,2.5096929618297796,0.2,0.22,80.0,100.0,25.0,1,0.25,350.0
8.371403179619625,4.2344439115951795,208.0160000000002,2.9049121943555503,0.35,0.22,40.0,100.0,50.0,1,0.35,350.0
8.373399985247069,3.9685107971541465,234.01800000000023,2.556054823122626,0.2,0.35,40.0,100.0,25.0,1,0.25,350.0
8.375307102607772,3.9842032601690596,234.01800000000023,2.516668121253457,0.2,0.08,15.0,100.0,12.5,1,0.25,350.0
8.378707575107724,4.257856244624867,208.0160000000002,2.858889515665297,0.35,0.12,80.0,100.0,25.0,1,0.35,350.0
8.380364906045482,4.001402813842036,234.01800000000023,2.481977406295549,0.2,0.12,80.0,100.0,12.5,1,0.25,350.0
8.382492128387305,4.260941114650039,208.0160000000002,2.860888610677895,0.35,0.12,40.0,100.0,50.0,1,0.35,350.0
8.383857248353275,3.9691597442502413,234.01800000000023,2.584078583151515,0.2,0.35,15.0,100.0,25.0,1,0.25,350.0
8.386017745225027,4.22443292220325,208.0160000000002,2.9752709229193566,0.35,0.35,40.0,100.0,25.0,1,0.35,350.0
8.387513846169298,3.9847799640003383,234.01800000000023,2.5498968061970197,0.2,0.35,80.0,100.0,25.0,1,0.25,350.0
8.391747183319154,4.231161509967063,208.0160000000002,2.972416209577394,0.35,0.35,15.0,100.0,50.0,1,0.35,350.0
8.392355990152513,4.25269441164176,208.0160000000002,2.9126330814592865,0.35,0.22,80.0,100.0,50.0,1,0.35,350.0
8.393391500363528,4.002147464597115,234.01800000000023,2.517068673618312,0.2,0.22,80.0,100.0,50.0,1,0.25,350.0
8.39867870780362,4.236689073403522,208.0160000000002,2.976427526857416,0.35,0.35,80.0,100.0,12.5,1,0.35,350.0
8.398783203276684,4.278146264589765,208.0160000000002,2.858276967676906,0.35,0.08,40.0,100.0,25.0,1,0.35,350.0
8.402267087550108,4.0118560818430025,234.01800000000023,2.5146885877345775,0.2,0.12,40.0,100.0,12.5,1,0.55,700.0
8.402878018436724,4.278588374696493,208.0160000000002,2.868713267829226,0.35,0.12,80.0,100.0,50.0,1,0.35,350.0
8.409581287872184,4.004298906758465,234.01800000000023,2.5571782317534737,0.2,0.35,80.0,100.0,50.0,1,0.25,350.0
8.41068160101363,4.289427643678826,208.0160000000002,2.860039878099436,0.35,0.08,80.0,100.0,12.5,1,0.35,350.0
8.421455551677818,4.2559826226771325,208.0160000000002,2.9863797971448096,0.35,0.35,80.0,100.0,25.0,1,0.35,350.0
8.421999306437062,4.0229193046163845,234.01800000000023,2.539457148059073,0.2,0.08,15.0,100.0,12.5,1,0.55,700.0
8.423789639050991,4.25776881332619,208.0160000000002,2.9879452163565663,0.35,0.35,40.0,100.0,50.0,1,0.35,350.0
8.426546073918878,4.01994748432483,234.01800000000023,2.5609388274115554,0.2,0.22,15.0,100.0,25.0,1,0.55,700.0
8.427278314563203,4.023846420958128,234.01800000000023,2.5518911245859193,0.2,0.22,40.0,100.0,25.0,1,0.55,700.0
8.434857546804507,4.309757161949461,208.0160000000002,2.871029671014409,0.35,0.08,80.0,100.0,25.0,1,0.35,350.0
8.441032823965646,4.019367602652807,234.01800000000023,2.6039863466081,0.2,0.35,15.0,100.0,25.0,1,0.55,700.0
8.442589963258051,4.024009423019239,234.01800000000023,2.5951729721108823,0.2,0.35,40.0,100.0,25.0,1,0.55,700.0
8.444364836729076,4.275777348844074,208.0160000000002,2.9952785368142827,0.35,0.35,80.0,100.0,50.0,1,0.35,350.0
8.46112732330433,4.06604250388096,234.01800000000023,2.5280423412096193,0.2,0.08,40.0,100.0,12.5,1,0.55,700.0
8.461903772710873,4.056133085309538,234.01800000000023,2.5585733925752283,0.2,0.22,80.0,100.0,25.0,1,0.55,700.0
8.4664172178478,4.068160057825385,234.01800000000023,2.5371061714926064,0.2,0.12,40.0,100.0,25.0,1,0.55,700.0
8.466604742111873,4.070703447592766,234.01800000000023,2.530375127197434,0.2,0.12,80.0,100.0,12.5,1,0.55,700.0
8.47275514223275,4.051200770573635,234.01800000000023,2.603669633311744,0.2,0.22,15.0,100.0,12.5,1,0.35,700.0
8.476827885362505,4.056043073337657,234.01800000000023,2.601470891499555,0.2,0.35,80.0,100.0,25.0,1,0.55,700.0
8.48117558080357,4.072707942290171,234.01800000000023,2.566278967181127,0.2,0.22,40.0,100.0,50.0,1,0.55,700.0
8.489459789813132,4.052454165509366,234.01800000000023,2.647816069439322,0.2,0.35,15.0,100.0,12.5,1,0.35,700.0
8.495582660677762,4.072155682008611,234.01800000000023,2.6090199390547113,0.2,0.35,40.0,100.0,50.0,1,0.55,700.0
8.495633379229444,4.085856519412325,234.01800000000023,2.570019599477475,0.2,0.22,80.0,100.0,50.0,1,0.55,700.0
8.500103322191924,4.099504460556423,234.01800000000023,2.5437967475299916,0.2,0.12,80.0,100.0,25.0,1,0.55,700.0
8.510179957999576,4.085466027363656,234.01800000000023,2.6126969446740507,0.2,0.35,80.0,100.0,50.0,1,0.55,700.0
8.511068701589178,3.840468448110177,260.02000000000027,2.200857867082847,0.1,0.22,40.0,100.0,50.0,1,0.55,700.0
8.522573138026925,4.118618831188021,234.01800000000023,2.5533837338254255,0.2,0.12,40.0,100.0,50.0,1,0.55,700.0
8.524147063937127,4.12375286333373,234.01800000000023,2.543212001723982,0.2,0.08,80.0,100.0,12.5,1,0.55,700.0
8.527067631662064,4.123649196154851,234.01800000000023,2.551852672877738,0.2,0.08,40.0,100.0,25.0,1,0.55,700.0
8.532901922843294,3.838829524669544,260.02000000000027,2.2679211376392767,0.1,0.22,40.0,100.0,12.5,1,0.25,350.0
8.534406441424528,4.065313464783519,234.01800000000023,2.7394942189743032,0.35,0.08,40.0,300.0,50.0,1,0.25,700.0
8.5348451548317,4.12994922656248,234.01800000000023,2.556074080769191,0.2,0.12,80.0,100.0,50.0,1,0.55,700.0
8.53571930227383,3.8359494459133425,260.02000000000027,2.284199589601381,0.1,0.35,40.0,100.0,12.5,1,0.25,350.0
8.538658266532707,3.868520346545279,260.02000000000027,2.199536914249783,0.1,0.08,40.0,100.0,25.0,1,0.55,700.0
8.53893354418836,4.120008425772779,234.01800000000023,2.596157481187362,0.2,0.22,40.0,100.0,12.5,1,0.35,700.0
8.544382527022485,3.8748725018937127,260.02000000000027,2.197742928939337,0.1,0.12,40.0,100.0,50.0,1,0.55,700.0
8.546941329368561,3.827642956763964,260.02000000000027,2.339995350298835,0.1,0.35,15.0,100.0,12.5,1,0.25,350.0
8.55173408366844,4.083700878285792,234.01800000000023,2.7364663010932766,0.35,0.08,80.0,300.0,50.0,1,0.25,700.0
8.552490742084638,3.889907948850454,260.02000000000027,2.1779508378119403,0.1,0.08,80.0,100.0,50.0,1,0.55,700.0
8.554040492798297,3.8563276509337836,260.02000000000027,2.2783224053271702,0.1,0.08,15.0,100.0,12.5,1,0.55,700.0
8.554670832878815,3.8647998634615663,260.02000000000027,2.2559170554778425,0.1,0.22,80.0,100.0,12.5,1,0.25,350.0
8.554852557334126,4.120648342035894,234.01800000000023,2.639812043709225,0.2,0.35,40.0,100.0,12.5,1,0.35,700.0
8.557155842764939,3.8654675143397323,260.02000000000027,2.2611095097862925,0.1,0.12,40.0,100.0,12.5,1,0.25,350.0
8.557315544116149,3.861763714386569,260.02000000000027,2.272148084941646,0.1,0.35,80.0,100.0,12.5,1,0.25,350.0
8.557388069442013,4.079034252170099,234.01800000000023,2.7659537636340317,0.35,0.08,15.0,300.0,50.0,1,0.25,700.0
8.558351328914942,4.153074931436655,234.01800000000023,2.5571611356522364,0.2,0.08,80.0,100.0,25.0,1,0.55,700.0
8.56821043223741,3.857115455965476,260.02000000000027,2.316557075062662,0.1,0.12,15.0,100.0,12.5,1,0.25,350.0
8.574836303243718,3.8763620965432732,260.02000000000027,2.2804977334298315,0.1,0.22,40.0,100.0,25.0,1,0.25,350.0
8.576344717814216,3.8837470702104375,260.02000000000027,2.263707564582213,0.1,0.22,80.0,100.0,25.0,1,0.25,350.0
8.577468110004784,3.8733168793763726,260.02000000000027,2.2967178017954466,0.1,0.35,40.0,100.0,25.0,1,0.25,350.0
8.578930235062295,3.8806510055046046,260.02000000000027,2.2799406558791038,0.1,0.35,80.0,100.0,25.0,1,0.25,350.0
8.579334924577719,3.891702893966276,260.02000000000027,2.2495200874612555,0.1,0.12,80.0,100.0,12.5,1,0.25,350.0
8.583979817399438,3.8838516295464136,260.02000000000027,2.285223393865774,0.1,0.22,15.0,100.0,25.0,1,0.55,700.0
8.584131873790682,3.8779801978931334,260.02000000000027,2.302433359707273,0.1,0.35,15.0,100.0,25.0,1,0.55,700.0
8.586702724455703,3.9137782856538283,260.02000000000027,2.2074983965767765,0.1,0.08,40.0,100.0,50.0,1,0.55,700.0
8.591663184538334,3.8977300516438165,260.02000000000027,2.267523236841467,0.1,0.08,40.0,100.0,12.5,1,0.25,350.0
8.593945381086023,4.184135826575844,234.01800000000023,2.5701130128862166,0.2,0.08,80.0,100.0,50.0,1,0.55,700.0
8.597744164350555,3.9029981219319505,260.02000000000027,2.2698458354817173,0.1,0.22,80.0,100.0,50.0,1,0.25,350.0
8.598274838343004,3.911565937325193,260.02000000000027,2.246882574336595,0.1,0.22,40.0,100.0,12.5,1,0.35,700.0
8.599670965140767,3.9066244231022336,260.02000000000027,2.264990120110083,0.1,0.35,40.0,100.0,12.5,1,0.35,700.0
8.599675727156777,3.9034482509276422,260.02000000000027,2.274078503511803,0.1,0.12,40.0,100.0,25.0,1,0.25,350.0
8.600232669646314,3.8998169437617687,260.02000000000027,2.2860449310986883,0.1,0.35,80.0,100.0,50.0,1,0.25,350.0
8.601241036914061,3.910833897720913,260.02000000000027,2.257448969123272,0.1,0.12,80.0,100.0,25.0,1,0.25,350.0
8.602761829166454,3.889443651739919,260.02000000000027,2.32290907836152,0.1,0.08,15.0,100.0,12.5,1,0.25,350.0
8.608561709770916,3.9079151832741483,260.02000000000027,2.286704361419326,0.1,0.22,40.0,100.0,50.0,1,0.25,350.0
8.610963416757631,3.904675259703265,260.02000000000027,2.302823305869609,0.1,0.35,40.0,100.0,50.0,1,0.25,350.0
8.61372265163546,4.189009085375306,234.01800000000023,2.6126959036004274,0.2,0.22,80.0,100.0,12.5,1,0.35,700.0
8.614144424678955,3.924182681608577,260.02000000000027,2.2561764087724994,0.1,0.08,80.0,100.0,12.5,1,0.25,350.0
8.618892212801187,3.9195662783503917,260.02000000000027,2.2829312412879763,0.1,0.12,15.0,100.0,25.0,1,0.55,700.0
8.6197356166217,3.902082502566165,260.02000000000027,2.335294611587229,0.1,0.22,15.0,100.0,25.0,1,0.25,350.0
8.62198894078685,3.898764811669397,260.02000000000027,2.351211797478427,0.1,0.35,15.0,100.0,25.0,1,0.25,350.0
8.62283992269625,3.9436728485105728,260.02000000000027,2.225334497673357,0.1,0.22,80.0,100.0,12.5,1,0.35,700.0
8.622941016113595,3.9303126459203583,260.02000000000027,2.263795343409239,0.1,0.12,80.0,100.0,50.0,1,0.25,350.0
8.623943290268755,3.9384567531628067,260.02000000000027,2.2433901060169856,0.1,0.35,80.0,100.0,12.5,1,0.35,700.0
8.628733799268263,3.927653164849696,260.02000000000027,2.287944669767324,0.1,0.35,15.0,100.0,50.0,1,0.55,700.0
8.62880301201166,4.189028835034642,234.01800000000023,2.6557262199343326,0.2,0.35,80.0,100.0,12.5,1,0.35,700.0
8.629131558867758,3.9440926501691793,260.02000000000027,2.242111167710215,0.1,0.12,40.0,100.0,12.5,1,0.35,700.0
8.629504208897131,3.934279895604329,260.02000000000027,2.2712123236937125,0.1,0.22,15.0,100.0,50.0,1,0.55,700.0
8.634042958405395,3.935479307051469,260.02000000000027,2.2807532895826332,0.1,0.12,40.0,100.0,50.0,1,0.25,350.0
8.63474439494491,3.9361345835289847,260.02000000000027,2.2808851754740602,0.1,0.08,40.0,100.0,25.0,1,0.25,350.0
8.63628702265005,3.943496392295503,260.02000000000027,2.2642589438701264,0.1,0.08,80.0,100.0,25.0,1,0.25,350.0
8.645629116933119,3.9300883082879645,260.02000000000027,2.329259453271857,0.1,0.12,15.0,100.0,25.0,1,0.25,350.0
8.646336614854716,3.927335325817574,260.02000000000027,2.339146540106109,0.1,0.22,15.0,100.0,12.5,1,0.35,700.0
8.64782757615125,3.922588528841132,260.02000000000027,2.356968706600328,0.1,0.35,15.0,100.0,12.5,1,0.35,700.0
8.653831077456896,4.465613317262558,208.0160000000002,3.0513650291266736,0.35,0.22,15.0,100.0,12.5,1,0.55,700.0
8.65410075353306,3.9764636827135194,260.02000000000027,2.220963059484389,0.1,0.12,80.0,100.0,12.5,1,0.35,700.0
8.655204723673013,3.972190195507411,260.02000000000027,2.23632722333028,0.1,0.22,80.0,100.0,25.0,1,0.35,700.0
8.656188758338978,3.96686369555905,260.02000000000027,2.2543573222283566,0.1,0.35,80.0,100.0,25.0,1,0.35,700.0
8.657104043550428,3.941634148300522,260.02000000000027,2.329056843571147,0.1,0.22,15.0,100.0,50.0,1,0.25,350.0
8.658271525036866,3.963189419192053,260.02000000000027,2.270806016699456,0.1,0.08,80.0,100.0,50.0,1,0.25,350.0
8.658925064270395,3.9379462771885385,260.02000000000027,2.344796534519579,0.1,0.35,15.0,100.0,50.0,1,0.25,350.0
8.660713492021516,3.967863851012583,260.02000000000027,2.2644275457397978,0.1,0.22,40.0,100.0,25.0,1,0.35,700.0
8.66175320730496,3.962619833009376,260.02000000000027,2.282381069415945,0.1,0.35,40.0,100.0,25.0,1,0.35,700.0
8.663716673196722,3.960217256076015,260.02000000000027,2.294855477487723,0.1,0.08,15.0,100.0,25.0,1,0.55,700.0
8.663786412480723,4.490694525858915,208.0160000000002,3.008148247490872,0.35,0.12,15.0,100.0,12.5,1,0.55,700.0
8.667213166088485,3.971973567787103,260.02000000000027,2.271255995146797,0.1,0.12,15.0,100.0,50.0,1,0.55,700.0
8.669597029775094,3.981569420511223,260.02000000000027,2.25065031218248,0.1,0.08,40.0,100.0,12.5,1,0.35,700.0
8.669694511932747,3.9685995965792293,260.02000000000027,2.28798547243861,0.1,0.08,40.0,100.0,50.0,1,0.25,350.0
8.677600239229276,3.960308883187948,260.02000000000027,2.3342610172609275,0.1,0.12,15.0,100.0,12.5,1,0.35,700.0
8.681781917562388,3.9636073452578233,260.02000000000027,2.3367844922987455,0.1,0.08,15.0,100.0,25.0,1,0.25,350.0
8.68419746200445,3.9705031239465574,260.02000000000027,2.3239838230225414,0.1,0.12,15.0,100.0,50.0,1,0.25,350.0
8.686908007116356,4.005319672854651,260.02000000000027,2.232252383604858,0.1,0.12,80.0,100.0,25.0,1,0.35,700.0
8.687843891586017,4.001813834046235,260.02000000000027,2.2449430215422237,0.1,0.22,80.0,100.0,50.0,1,0.35,700.0
8.688636619395293,3.996327555931204,260.02000000000027,2.2628830384688183,0.1,0.35,80.0,100.0,50.0,1,0.35,700.0
8.692700854968786,4.001235680028443,260.02000000000027,2.260471928400969,0.1,0.12,40.0,100.0,25.0,1,0.35,700.0
8.694521635134203,4.013959115129154,260.02000000000027,2.2293214857287005,0.1,0.08,80.0,100.0,12.5,1,0.35,700.0
8.712163747123373,4.016386865844333,260.02000000000027,2.2727910893686736,0.1,0.22,40.0,100.0,50.0,1,0.35,700.0
8.71274984158751,4.0107711808542,260.02000000000027,2.2905104592380137,0.1,0.35,40.0,100.0,50.0,1,0.35,700.0
8.712826595511153,4.492615358514802,208.0160000000002,3.1427749628467136,0.35,0.35,15.0,100.0,12.5,1,0.55,700.0
8.714702578792364,4.014618489745401,260.02000000000027,2.2850973972770237,0.1,0.08,15.0,100.0,50.0,1,0.55,700.0
8.719254090698923,3.9985819271143193,260.02000000000027,2.3439204673845757,0.1,0.08,15.0,100.0,12.5,1,0.35,700.0
8.720130256129435,4.035375106435043,260.02000000000027,2.241300427698251,0.1,0.12,80.0,100.0,50.0,1,0.35,700.0
8.721447524349886,4.004831131721599,260.02000000000027,2.3323325503665195,0.1,0.08,15.0,100.0,50.0,1,0.25,350.0
8.727763569856165,4.043149485985805,260.02000000000027,2.240897382486732,0.1,0.08,80.0,100.0,25.0,1,0.35,700.0
8.734238429527771,4.039520541360822,260.02000000000027,2.269765394762702,0.1,0.08,40.0,100.0,25.0,1,0.35,700.0
8.745639470803873,4.240385463110516,234.01800000000023,2.842811450552441,0.35,0.08,15.0,100.0,25.0,1,0.35,350.0
8.773981461122306,4.242114255532443,234.01800000000023,2.918849158828172,0.35,0.22,15.0,100.0,12.5,1,0.25,350.0
8.778652149383952,4.004521344118148,260.02000000000027,2.4966594436165757,0.2,0.12,40.0,100.0,25.0,1,0.25,350.0
8.78213937097921,4.267512306887662,234.01800000000023,2.8695916116901294,0.35,0.12,15.0,100.0,12.5,1,0.25,350.0
8.782685793443408,3.9987027404092936,260.02000000000027,2.524808722954602,0.2,0.22,40.0,100.0,50.0,1,0.25,350.0
8.783980338853619,4.582702732255491,208.0160000000002,3.0886788759946406,0.35,0.22,15.0,100.0,25.0,1,0.55,700.0
8.789559092042742,4.017175263175985,260.02000000000027,2.4916680824764375,0.2,0.08,40.0,100.0,12.5,1,0.25,350.0
8.791566762079814,4.007328033744648,260.02000000000027,2.52553922381475,0.2,0.12,15.0,100.0,25.0,1,0.25,350.0
8.793128982450417,4.020977865082793,260.02000000000027,2.4910031924789187,0.2,0.12,80.0,100.0,25.0,1,0.25,350.0
8.798806447973256,4.000801603163936,260.02000000000027,2.5648709851694775,0.2,0.35,40.0,100.0,50.0,1,0.25,350.0
8.802550020872172,4.011063407074111,260.02000000000027,2.54624746799445,0.2,0.22,15.0,100.0,50.0,1,0.25,350.0
8.809148570099405,4.29650643393587,234.01800000000023,2.8639203890386615,0.35,0.08,15.0,100.0,50.0,1,0.35,350.0
8.81579347574097,4.0381598363478375,260.02000000000027,2.5066675411232247,0.2,0.12,40.0,100.0,50.0,1,0.25,350.0
8.815988864125147,4.041108586919771,260.02000000000027,2.4988007920153517,0.2,0.12,80.0,100.0,50.0,1,0.25,350.0
8.817723070089754,4.01239415551843,260.02000000000027,2.5857968987752002,0.2,0.35,15.0,100.0,50.0,1,0.25,350.0
8.825946381514768,4.053168352136599,260.02000000000027,2.4927943696518993,0.2,0.08,80.0,100.0,12.5,1,0.25,350.0
8.830550305362259,4.268607198410886,234.01800000000023,3.0047803055753426,0.35,0.35,15.0,100.0,12.5,1,0.25,350.0
8.830875767998732,4.314579839411044,234.01800000000023,2.874359795964811,0.35,0.08,40.0,100.0,50.0,1,0.35,350.0
8.83485870190378,4.056832251460681,260.02000000000027,2.5077898584088465,0.2,0.08,40.0,100.0,25.0,1,0.25,350.0
8.838797438043372,4.053104997891143,260.02000000000027,2.5296926861492133,0.2,0.12,15.0,100.0,50.0,1,0.25,350.0
8.838976003767652,4.606520088275501,208.0160000000002,3.177759758548995,0.35,0.35,15.0,100.0,25.0,1,0.55,700.0
8.843733934422232,4.32477628639391,234.01800000000023,2.88196470865234,0.35,0.08,15.0,100.0,12.5,1,0.25,350.0
8.849104339969855,4.073062503948015,260.02000000000027,2.502119531490963,0.2,0.08,80.0,100.0,25.0,1,0.25,350.0
8.849741167396248,4.330959115199343,234.01800000000023,2.8814630062768587,0.35,0.08,80.0,100.0,50.0,1,0.35,350.0
8.850282898878202,4.061649633403333,260.02000000000027,2.538095044213899,0.2,0.08,15.0,100.0,25.0,1,0.25,350.0
8.861982587107969,4.069549754543861,260.02000000000027,2.548950950183159,0.2,0.12,15.0,100.0,25.0,1,0.55,700.0
8.86456588014836,4.323279042651736,234.01800000000023,2.945762392847486,0.35,0.22,15.0,100.0,25.0,1,0.25,350.0
8.87175998582209,4.331418941297755,234.01800000000023,2.943060127212376,0.35,0.22,40.0,100.0,12.5,1,0.25,350.0
8.872477011904301,4.093570345794752,260.02000000000027,2.5103047603129864,0.2,0.08,80.0,100.0,50.0,1,0.25,350.0
8.873052325011308,4.091236092480033,260.02000000000027,2.5186178072322063,0.2,0.08,40.0,100.0,50.0,1,0.25,350.0
8.878293007694648,4.352761692073199,234.01800000000023,2.900746616061276,0.35,0.12,15.0,100.0,25.0,1,0.25,350.0
8.878949795534908,4.081086178148837,260.02000000000027,2.564467478245905,0.2,0.22,15.0,100.0,50.0,1,0.55,700.0
8.881269662558195,4.357193328186985,234.01800000000023,2.896589526774879,0.35,0.12,40.0,100.0,12.5,1,0.25,350.0
8.891488183589667,4.078973878856789,260.02000000000027,2.606326584951067,0.2,0.35,15.0,100.0,50.0,1,0.55,700.0
8.899477030976932,4.108824580463464,260.02000000000027,2.5438641443241843,0.2,0.08,15.0,100.0,50.0,1,0.25,350.0
8.902368177055498,4.096682828020161,260.02000000000027,2.586815282958095,0.2,0.12,15.0,100.0,12.5,1,0.35,700.0
8.918566371394924,4.347644473569006,234.01800000000023,3.0304339937883307,0.35,0.35,15.0,100.0,25.0,1,0.25,350.0
8.91958265446335,4.372785733036077,234.01800000000023,2.9615054897921986,0.35,0.22,40.0,100.0,25.0,1,0.25,350.0
8.926031451989541,4.356147442868887,234.01800000000023,3.027468597487576,0.35,0.35,40.0,100.0,12.5,1,0.25,350.0
8.929032725866662,4.381761393628597,234.01800000000023,2.9628609492516045,0.35,0.22,15.0,100.0,50.0,1,0.25,350.0
8.929270139130075,4.695941116289154,208.0160000000002,3.180254350974057,0.35,0.22,40.0,100.0,12.5,1,0.55,700.0
8.92950525069929,4.134181386681854,260.02000000000027,2.557211040049808,0.2,0.12,15.0,100.0,50.0,1,0.55,700.0
8.930865060479801,4.399847373157799,234.01800000000023,2.9164219637771396,0.35,0.12,40.0,100.0,25.0,1,0.25,350.0
8.931691970031352,4.132063673122099,260.02000000000027,2.5695094197407116,0.2,0.08,15.0,100.0,25.0,1,0.55,700.0
8.935326815279396,4.388062541807824,234.01800000000023,2.962840781347341,0.35,0.22,80.0,100.0,12.5,1,0.25,350.0
8.937505292880347,4.717993455344827,208.0160000000002,3.1407766786729083,0.35,0.12,40.0,100.0,12.5,1,0.55,700.0
8.941059398846253,4.412576911332911,234.01800000000023,2.9091785357523947,0.35,0.08,40.0,100.0,12.5,1,0.25,350.0
8.943158617822135,4.699969563253633,208.0160000000002,3.2084258701957125,0.35,0.35,15.0,100.0,50.0,1,0.55,700.0
8.944234545509545,4.413059110193534,234.01800000000023,2.916872672331454,0.35,0.08,15.0,100.0,25.0,1,0.25,350.0
8.946451630375169,4.414800351249447,234.01800000000023,2.9182322260734805,0.35,0.12,80.0,100.0,12.5,1,0.25,350.0
8.946833729126949,4.4140583247297585,234.01800000000023,2.921444012563389,0.35,0.12,15.0,100.0,50.0,1,0.25,350.0
8.959879043611163,4.408915534455635,234.01800000000023,2.973410026158645,0.35,0.22,80.0,100.0,25.0,1,0.25,350.0
8.962059333893531,4.410236320540748,234.01800000000023,2.9758657524365173,0.35,0.22,40.0,100.0,50.0,1,0.25,350.0
8.967066850691419,4.163716746754012,260.02000000000027,2.580143154106867,0.2,0.12,40.0,100.0,12.5,1,0.35,700.0
8.967319856088652,4.155919489973269,260.02000000000027,2.6031439031867962,0.2,0.08,15.0,100.0,12.5,1,0.35,700.0
8.971655460618358,4.4361288155050715,234.01800000000023,2.9293047003236663,0.35,0.12,80.0,100.0,25.0,1,0.25,350.0
8.973104913742594,4.396901248994913,234.01800000000023,3.045524756421933,0.35,0.35,40.0,100.0,25.0,1,0.25,350.0
8.97509881452122,4.175430769497703,260.02000000000027,2.569622985781464,0.2,0.08,40.0,100.0,50.0,1,0.55,700.0
8.975371865143481,4.438751581091452,234.01800000000023,2.932429383005789,0.35,0.12,40.0,100.0,50.0,1,0.25,350.0
8.979979536351067,4.159859022761201,260.02000000000027,2.628058610256749,0.2,0.22,15.0,100.0,25.0,1,0.35,700.0
8.98093810017742,4.404441483449742,234.01800000000023,3.046361762079071,0.35,0.35,15.0,100.0,50.0,1,0.25,350.0
8.983816857915379,4.720033364404297,208.0160000000002,3.2672671243173705,0.35,0.35,40.0,100.0,12.5,1,0.55,700.0
8.985058261723367,4.430692632747594,234.01800000000023,2.9831303685021973,0.35,0.22,80.0,100.0,50.0,1,0.25,350.0
8.988194092862619,4.411723592602471,234.01800000000023,3.0462871436004155,0.35,0.35,80.0,100.0,12.5,1,0.25,350.0
8.992125218643746,4.456263255073839,234.01800000000023,2.930262753056866,0.35,0.08,40.0,100.0,25.0,1,0.25,350.0
8.994140064024135,4.159024003406546,260.02000000000027,2.670903030335958,0.2,0.35,15.0,100.0,25.0,1,0.35,700.0
8.995435009815479,4.178586726710388,260.02000000000027,2.6187093803002472,0.2,0.22,40.0,100.0,25.0,1,0.35,700.0
8.997745080577815,4.458558413932348,234.01800000000023,2.9397619047013244,0.35,0.12,80.0,100.0,50.0,1,0.25,350.0
9.000738406706768,4.173212222484981,260.02000000000027,2.6492176692050973,0.2,0.22,15.0,100.0,12.5,1,0.25,700.0
9.003665604841148,4.199846733120302,260.02000000000027,2.581482490630975,0.2,0.08,15.0,100.0,50.0,1,0.55,700.0
9.004943749954977,4.761002453480454,208.0160000000002,3.210575132784348,0.35,0.22,40.0,100.0,25.0,1,0.55,700.0
9.006423718256741,4.470107252618273,234.01800000000023,2.931561330395618,0.35,0.08,80.0,100.0,12.5,1,0.25,350.0
9.010634642906654,4.178639579794686,260.02000000000027,2.661985894605613,0.2,0.35,40.0,100.0,25.0,1,0.35,700.0
9.01252711639117,4.432385432136434,234.01800000000023,3.0567762407278107,0.35,0.35,80.0,100.0,25.0,1,0.25,350.0
9.014602277021034,4.433568435996305,234.01800000000023,3.059325260070644,0.35,0.35,40.0,100.0,50.0,1,0.25,350.0
9.015954689328364,4.784915454066296,208.0160000000002,3.173712100748755,0.35,0.12,40.0,100.0,25.0,1,0.55,700.0
9.017756885491048,4.174707886028434,260.02000000000027,2.693568569893175,0.2,0.35,15.0,100.0,12.5,1,0.25,700.0
9.026436112285182,4.210363620958216,260.02000000000027,2.6164928323627543,0.2,0.12,15.0,100.0,25.0,1,0.35,700.0
9.027588960079166,4.219330667382909,260.02000000000027,2.5941665505607254,0.2,0.08,40.0,100.0,12.5,1,0.35,700.0
9.032222230709742,4.491857592035709,234.01800000000023,2.943127539068655,0.35,0.08,80.0,100.0,25.0,1,0.25,350.0
9.035589909248554,4.223787042730532,260.02000000000027,2.604293904337195,0.2,0.12,40.0,100.0,25.0,1,0.35,700.0
9.037308526176108,4.4538426801345095,234.01800000000023,3.066273845833134,0.35,0.35,80.0,100.0,50.0,1,0.25,350.0
9.038478752712752,4.218964568280116,260.02000000000027,2.626326241236092,0.2,0.22,80.0,100.0,25.0,1,0.35,700.0
9.04056525615709,4.2188434331548725,260.02000000000027,2.632633780006321,0.2,0.12,15.0,100.0,12.5,1,0.25,700.0
9.042254625379904,4.232756068048045,260.02000000000027,2.597710163805303,0.2,0.12,80.0,100.0,12.5,1,0.35,700.0
9.052660357593137,4.229862985659171,260.02000000000027,2.635706776954178,0.2,0.22,15.0,100.0,50.0,1,0.35,700.0
9.053328044327372,4.218783872339135,260.02000000000027,2.669269062823523,0.2,0.35,80.0,100.0,25.0,1,0.35,700.0
9.054404856972377,4.2318664053906305,260.02000000000027,2.6349670045192637,0.2,0.22,40.0,100.0,50.0,1,0.35,700.0
9.058362645270032,4.784238122620791,208.0160000000002,3.2968129218549675,0.35,0.35,40.0,100.0,25.0,1,0.55,700.0
9.064748478746138,4.227402419370243,260.02000000000027,2.677274455359691,0.2,0.35,15.0,100.0,50.0,1,0.35,700.0
9.068665239138976,4.231178606190403,260.02000000000027,2.6776760941387754,0.2,0.35,40.0,100.0,50.0,1,0.35,700.0
9.074727619454821,4.250880011204382,260.02000000000027,2.638707452144101,0.2,0.22,80.0,100.0,50.0,1,0.35,700.0
9.077758828831717,4.2632845406228235,260.02000000000027,2.611926537739686,0.2,0.12,80.0,100.0,25.0,1,0.35,700.0
9.079596414754896,4.825742795409272,208.0160000000002,3.238896055273204,0.35,0.22,40.0,100.0,50.0,1,0.55,700.0
9.08560945309217,4.2607377636266595,260.02000000000027,2.6416333984728775,0.2,0.22,40.0,100.0,12.5,1,0.25,700.0
9.089187022418018,4.250389763323813,260.02000000000027,2.6814207402691506,0.2,0.35,80.0,100.0,50.0,1,0.35,700.0
9.093443593743203,4.833618224723378,208.0160000000002,3.2559581971994938,0.35,0.22,80.0,100.0,12.5,1,0.55,700.0
9.096898465563447,4.278728337743225,260.02000000000027,2.6224860794863383,0.2,0.12,40.0,100.0,50.0,1,0.35,700.0
9.097533703018595,4.274052677450697,260.02000000000027,2.6376600730511264,0.2,0.08,15.0,100.0,25.0,1,0.35,700.0
9.097947745392062,4.2807413060829305,260.02000000000027,2.6197326837403665,0.2,0.08,40.0,100.0,25.0,1,0.35,700.0
9.101659633615666,4.287414378117146,260.02000000000027,2.6112721585671914,0.2,0.08,80.0,100.0,12.5,1,0.35,700.0
9.10204261400202,4.261763555390032,260.02000000000027,2.6856544531770985,0.2,0.35,40.0,100.0,12.5,1,0.25,700.0
9.102228129801528,4.855337565000682,208.0160000000002,3.2190016137166966,0.35,0.12,80.0,100.0,12.5,1,0.55,700.0
9.106636024923844,4.2789449184806445,260.02000000000027,2.6496888755519894,0.2,0.08,15.0,100.0,12.5,1,0.25,700.0
9.115050971996363,4.29594618422278,260.02000000000027,2.6251565364959397,0.2,0.12,80.0,100.0,50.0,1,0.35,700.0
9.116097567516167,4.545719197900226,234.01800000000023,3.028881056045535,0.35,0.08,15.0,100.0,12.5,1,0.55,700.0
9.123913319446693,4.304550282342719,260.02000000000027,2.6258943917256308,0.2,0.12,40.0,100.0,12.5,1,0.25,700.0
9.131436500315477,4.847814098472909,208.0160000000002,3.3239497195501886,0.35,0.35,40.0,100.0,50.0,1,0.55,700.0
9.133240491183441,4.867217803856633,208.0160000000002,3.273664820933731,0.35,0.22,80.0,100.0,25.0,1,0.55,700.0
9.1354676504765,4.050700972916177,286.0220000000003,2.269819078743769,0.1,0.12,40.0,100.0,50.0,1,0.35,700.0
9.137888643809166,4.3184799745863565,260.02000000000027,2.626024769208017,0.2,0.08,80.0,100.0,25.0,1,0.35,700.0
9.143018825577036,4.889592946134032,208.0160000000002,3.237673941265716,0.35,0.12,80.0,100.0,25.0,1,0.55,700.0
9.145506366946448,4.856091329570136,208.0160000000002,3.340500106789454,0.35,0.35,80.0,100.0,12.5,1,0.55,700.0
9.150332332380898,4.035627072689391,286.0220000000003,2.3553578848328676,0.1,0.22,15.0,100.0,25.0,1,0.35,700.0
9.150558842077425,4.029835048276016,286.0220000000003,2.3725536965754404,0.1,0.35,15.0,100.0,25.0,1,0.35,700.0
9.151551718097394,4.073610741997467,286.0220000000003,2.250317074571208,0.1,0.08,80.0,100.0,50.0,1,0.35,700.0
9.156414884131976,4.323119814141882,260.02000000000027,2.6657001999716843,0.2,0.22,40.0,100.0,25.0,1,0.25,700.0
9.158952084498496,4.065989794683142,286.0220000000003,2.2932351137581457,0.1,0.22,40.0,100.0,12.5,1,0.25,700.0
9.160847370864273,4.061449716823976,286.0220000000003,2.3116218686865513,0.1,0.35,40.0,100.0,12.5,1,0.25,700.0
9.161174947620733,4.337067000725179,260.02000000000027,2.6394512768444307,0.2,0.08,40.0,100.0,50.0,1,0.35,700.0
9.170813615241938,4.3397885486936705,260.02000000000027,2.6592144758521834,0.2,0.22,80.0,100.0,12.5,1,0.25,700.0
9.17142159961355,4.572913713756065,234.01800000000023,3.1092511024499507,0.35,0.22,15.0,100.0,12.5,1,0.35,700.0
9.172114949569794,4.3235523761061865,260.02000000000027,2.7093216384674395,0.2,0.35,40.0,100.0,25.0,1,0.25,700.0
9.17606313306842,4.351783172446561,260.02000000000027,2.6399427446338715,0.2,0.08,80.0,100.0,50.0,1,0.35,700.0
9.1768796403801,4.9045068414843325,208.0160000000002,3.2918079968450447,0.35,0.22,80.0,100.0,50.0,1,0.55,700.0
9.178161895918986,4.089855548606559,286.0220000000003,2.279932420892634,0.1,0.08,40.0,100.0,50.0,1,0.35,700.0
9.184414990912094,4.600804163169887,234.01800000000023,3.06668807926344,0.35,0.12,15.0,100.0,12.5,1,0.35,700.0
9.184620688247369,4.0591769573344525,286.0220000000003,2.38603923117975,0.1,0.22,15.0,100.0,12.5,1,0.25,700.0
9.18496869131373,4.889431230227019,208.0160000000002,3.3579927459620276,0.35,0.35,80.0,100.0,25.0,1,0.55,700.0
9.185278332081527,4.071329125925071,286.0220000000003,2.3531977318755737,0.1,0.12,15.0,100.0,25.0,1,0.35,700.0
9.186458754978228,4.340229660599783,260.02000000000027,2.702654555366973,0.2,0.35,80.0,100.0,12.5,1,0.25,700.0
9.186474370456086,4.0547280890329125,286.0220000000003,2.4040465183519086,0.1,0.35,15.0,100.0,12.5,1,0.25,700.0
9.18805283017766,4.927787512467707,208.0160000000002,3.2572151934570037,0.35,0.12,80.0,100.0,50.0,1,0.55,700.0
9.189421774578147,4.098096060803594,286.0220000000003,2.2885591822129947,0.1,0.12,40.0,100.0,12.5,1,0.25,700.0
9.193658849486194,4.614489120895065,234.01800000000023,3.053999224546074,0.35,0.12,15.0,100.0,25.0,1,0.55,700.0
9.195798369364008,4.110058255700417,286.0220000000003,2.2726003247531046,0.1,0.22,80.0,100.0,12.5,1,0.25,700.0
9.197443377864612,4.105276680529177,286.0220000000003,2.29096199238695,0.1,0.35,80.0,100.0,12.5,1,0.25,700.0
9.207134046554495,4.0898099220992075,286.0220000000003,2.3628403555865285,0.1,0.35,15.0,100.0,50.0,1,0.35,700.0
9.207480326423363,4.371453073676958,260.02000000000027,2.6735064364182897,0.2,0.22,80.0,100.0,25.0,1,0.25,700.0
9.207882925908708,4.096392400520125,286.0220000000003,2.3461729296816505,0.1,0.22,15.0,100.0,50.0,1,0.35,700.0
9.215606463686179,4.091843085290084,286.0220000000003,2.3812382239888334,0.1,0.12,15.0,100.0,12.5,1,0.25,700.0
9.222891278504841,4.3716929076590825,260.02000000000027,2.716852488130729,0.2,0.35,80.0,100.0,25.0,1,0.25,700.0
9.226173032677265,4.126469455779356,286.0220000000003,2.3124959339940143,0.1,0.22,40.0,100.0,25.0,1,0.25,700.0
9.2266447244183,4.142395627338739,286.0220000000003,2.2683402773701586,0.1,0.12,80.0,100.0,12.5,1,0.25,700.0
9.227707902032149,4.121627327698035,286.0220000000003,2.3307159266688844,0.1,0.35,40.0,100.0,25.0,1,0.25,700.0
9.227976822995409,4.9262595599273675,208.0160000000002,3.375649323051544,0.35,0.35,80.0,100.0,50.0,1,0.55,700.0
9.22948397319055,4.599087141108408,234.01800000000023,3.2003623773775427,0.35,0.35,15.0,100.0,12.5,1,0.35,700.0
9.230179828809767,4.135711066641719,286.0220000000003,2.2975393204801287,0.1,0.08,40.0,100.0,12.5,1,0.25,700.0
9.23029950806876,4.140452113277644,286.0220000000003,2.2843354136888947,0.1,0.22,80.0,100.0,25.0,1,0.25,700.0
9.23038103671551,4.112160805951102,286.0220000000003,2.3654006593268684,0.1,0.08,15.0,100.0,25.0,1,0.35,700.0
9.231824879617546,4.135561282028127,286.0220000000003,2.3026674216840397,0.1,0.35,80.0,100.0,25.0,1,0.25,700.0
9.245717825118183,4.134141905097741,286.0220000000003,2.3464169143441054,0.1,0.12,15.0,100.0,50.0,1,0.35,700.0
9.250273791188583,4.6590706155452075,234.01800000000023,3.0883805018382042,0.35,0.08,15.0,100.0,12.5,1,0.35,700.0
9.257494607593086,4.13022122365263,286.0220000000003,2.3912668112584345,0.1,0.08,15.0,100.0,12.5,1,0.25,700.0
9.25778317606404,4.15942276560401,286.0220000000003,2.308658315600073,0.1,0.12,40.0,100.0,25.0,1,0.25,700.0
9.261590806711549,4.173127601735394,286.0220000000003,2.280380585646145,0.1,0.12,80.0,100.0,25.0,1,0.25,700.0
9.264010501581168,4.674928148623206,234.01800000000023,3.0823210084513124,0.35,0.08,15.0,100.0,25.0,1,0.55,700.0
9.265773627707318,4.172578554314879,286.0220000000003,2.2939002096926764,0.1,0.22,80.0,100.0,50.0,1,0.25,700.0
9.267106331528845,4.16752888803152,286.0220000000003,2.3121355528494925,0.1,0.35,80.0,100.0,50.0,1,0.25,700.0
9.267389353770211,4.180049406635779,286.0220000000003,2.277171277526939,0.1,0.08,80.0,100.0,12.5,1,0.25,700.0
9.281853727723405,4.678846464549612,234.01800000000023,3.122106466210831,0.35,0.22,15.0,100.0,50.0,1,0.55,700.0
9.283504949100738,4.180174249326241,286.0220000000003,2.3228591422128395,0.1,0.22,40.0,100.0,50.0,1,0.25,700.0
9.284580147847473,4.174959993297313,286.0220000000003,2.3408290130004437,0.1,0.35,40.0,100.0,50.0,1,0.25,700.0
9.28677862280285,4.673412997494632,234.01800000000023,3.1517017865948977,0.35,0.22,15.0,100.0,12.5,1,0.25,700.0
9.293553964690037,4.177018034637659,286.0220000000003,2.3605883715782126,0.1,0.08,15.0,100.0,50.0,1,0.35,700.0
9.29765283334081,4.205686318885168,286.0220000000003,2.2903900413018263,0.1,0.12,80.0,100.0,50.0,1,0.25,700.0
9.299624161318409,4.197850860930638,286.0220000000003,2.318409429679334,0.1,0.08,40.0,100.0,25.0,1,0.25,700.0
9.302774218445808,4.2111175536192595,286.0220000000003,2.2895047566472697,0.1,0.08,80.0,100.0,25.0,1,0.25,700.0
9.309234512986794,4.715438347415914,234.01800000000023,3.0957890444882215,0.35,0.12,15.0,100.0,50.0,1,0.55,700.0
9.309501675174202,4.696734400546594,234.01800000000023,3.1499922132217244,0.35,0.22,15.0,100.0,25.0,1,0.35,700.0
9.310305902616788,4.177549354702101,286.0220000000003,2.4069329940419495,0.1,0.22,15.0,100.0,25.0,1,0.25,700.0
9.310863770238289,4.172040504036576,286.0220000000003,2.42426647486202,0.1,0.35,15.0,100.0,25.0,1,0.25,700.0
9.316417436935978,4.214075508318545,286.0220000000003,2.3200340817640863,0.1,0.12,40.0,100.0,50.0,1,0.25,700.0
9.339378788656493,4.2440854684323535,286.0220000000003,2.29989520064039,0.1,0.08,80.0,100.0,50.0,1,0.25,700.0
9.344781201629328,4.6994602661048726,234.01800000000023,3.2430026729270085,0.35,0.35,15.0,100.0,12.5,1,0.25,700.0
9.345030624131855,4.212975144647623,286.0220000000003,2.4049299413835126,0.1,0.12,15.0,100.0,25.0,1,0.25,700.0
9.359433122864383,4.2533835618844265,286.0220000000003,2.330627317085579,0.1,0.08,40.0,100.0,50.0,1,0.25,700.0
9.363352016340116,4.719552840178201,234.01800000000023,3.2386547890340323,0.35,0.35,15.0,100.0,25.0,1,0.35,700.0
9.378871191877666,4.7633888087265435,234.01800000000023,3.157749666146055,0.35,0.08,40.0,100.0,12.5,1,0.55,700.0
9.39041147563059,4.253937189315882,286.0220000000003,2.4175551037562983,0.1,0.08,15.0,100.0,25.0,1,0.25,700.0
9.405587355414795,4.476185804411775,260.02000000000027,2.9402901457229067,0.35,0.08,15.0,100.0,50.0,1,0.25,350.0
9.42454169065142,4.798956849736672,234.01800000000023,3.186613831184988,0.35,0.22,15.0,100.0,50.0,1,0.35,700.0
9.42816843097487,4.496204861801023,260.02000000000027,2.9476101976395506,0.35,0.08,40.0,100.0,50.0,1,0.25,350.0
9.449071444824714,4.514794969650391,260.02000000000027,2.954218500498051,0.35,0.08,80.0,100.0,50.0,1,0.25,350.0
9.459567357060283,4.831790836190405,234.01800000000023,3.192875773913931,0.35,0.08,40.0,100.0,25.0,1,0.55,700.0
9.459990684617384,4.815680868546741,234.01800000000023,3.2401137602018264,0.35,0.22,40.0,100.0,12.5,1,0.35,700.0
9.471515075039546,4.840801075660822,234.01800000000023,3.201268569653487,0.35,0.12,40.0,100.0,12.5,1,0.35,700.0
9.474517996106957,4.818904797715244,234.01800000000023,3.2724091382620313,0.35,0.35,15.0,100.0,50.0,1,0.35,700.0
9.483860419036525,4.851757391390157,234.01800000000023,3.2052372218467546,0.35,0.12,40.0,100.0,50.0,1,0.55,700.0
9.49455739741611,4.284074923990596,286.0220000000003,2.6290070669300247,0.2,0.12,15.0,100.0,50.0,1,0.35,700.0
9.513824710772369,4.839078421219987,234.01800000000023,3.327075113006798,0.35,0.35,40.0,100.0,12.5,1,0.35,700.0
9.518563656202746,4.291034522352276,286.0220000000003,2.6777118110013265,0.2,0.22,15.0,100.0,25.0,1,0.25,700.0
9.532957612112224,4.290392553531935,286.0220000000003,2.720671595943672,0.2,0.35,15.0,100.0,25.0,1,0.25,700.0
9.539068229017326,4.883657380892607,234.01800000000023,3.271830994642049,0.35,0.22,40.0,100.0,25.0,1,0.35,700.0
9.539650017855095,4.900018428772685,234.01800000000023,3.226747397378309,0.35,0.08,40.0,100.0,50.0,1,0.55,700.0
9.539973077640708,4.897405640741139,234.01800000000023,3.2351355339987578,0.35,0.08,80.0,100.0,12.5,1,0.55,700.0
9.55350042317403,4.9107522287664365,234.01800000000023,3.2356519840216915,0.35,0.12,40.0,100.0,25.0,1,0.35,700.0
9.56543756856929,4.341811137853484,286.0220000000003,2.666561230616579,0.2,0.12,15.0,100.0,25.0,1,0.25,700.0
9.570328631066372,4.351101050133546,286.0220000000003,2.653993088379489,0.2,0.08,15.0,100.0,50.0,1,0.35,700.0
9.575867285907302,4.361277363182659,286.0220000000003,2.64074263635611,0.2,0.08,40.0,100.0,12.5,1,0.25,700.0
9.581603298548428,4.9322105634309725,234.01800000000023,3.2546363860498606,0.35,0.08,80.0,100.0,25.0,1,0.55,700.0
9.586841681472773,4.368450889078821,286.0220000000003,2.6516022639827055,0.2,0.12,40.0,100.0,25.0,1,0.25,700.0
9.587957729032391,4.928634394022247,234.01800000000023,3.283009528600403,0.35,0.22,40.0,100.0,12.5,1,0.25,700.0
9.591725420887569,4.906157026635685,234.01800000000023,3.357995412148231,0.35,0.35,40.0,100.0,25.0,1,0.35,700.0
9.599577483752169,4.383662969501777,286.0220000000003,2.644527183572536,0.2,0.12,80.0,100.0,12.5,1,0.25,700.0
9.602036804049451,4.370399562251308,286.0220000000003,2.6894492622803954,0.2,0.22,15.0,100.0,50.0,1,0.25,700.0
9.61061906346067,4.38099314566501,286.0220000000003,2.683702622273302,0.2,0.22,40.0,100.0,50.0,1,0.25,700.0
9.614274850159003,4.368077107111234,286.0220000000003,2.731050694422186,0.2,0.35,15.0,100.0,50.0,1,0.25,700.0
9.617504526106389,4.951656633829717,234.01800000000023,3.301651120790479,0.35,0.22,40.0,100.0,50.0,1,0.35,700.0
9.625359181936366,4.380673969892268,286.0220000000003,2.726729177268839,0.2,0.35,40.0,100.0,50.0,1,0.25,700.0
9.627639208697584,4.97103886283372,234.01800000000023,3.275229559611033,0.35,0.08,80.0,100.0,50.0,1,0.55,700.0
9.631427871598282,4.960042528933278,234.01800000000023,3.3174724076142894,0.35,0.22,80.0,100.0,12.5,1,0.35,700.0
9.635342585196351,4.981011480091843,234.01800000000023,3.2687460145842997,0.35,0.12,40.0,100.0,50.0,1,0.35,700.0
9.636295010555237,4.405611879376386,286.0220000000003,2.686723231939559,0.2,0.22,80.0,100.0,50.0,1,0.25,700.0
9.637036521490234,4.4159092056301015,286.0220000000003,2.6594209024575104,0.2,0.12,80.0,100.0,25.0,1,0.25,700.0
9.637804343628877,4.406477189704553,286.0220000000003,2.688563296926626,0.2,0.08,15.0,100.0,25.0,1,0.25,700.0
9.6420232909194,4.952111211026031,234.01800000000023,3.3704059425524746,0.35,0.35,40.0,100.0,12.5,1,0.25,700.0
9.643698355505785,4.985019840568783,234.01800000000023,3.2811671855342857,0.35,0.12,80.0,100.0,12.5,1,0.35,700.0
9.65064639115865,4.426551937892007,286.0220000000003,2.6678984379046806,0.2,0.08,40.0,100.0,25.0,1,0.25,700.0
9.651309703722621,4.405539562828633,286.0220000000003,2.7298289739828108,0.2,0.35,80.0,100.0,50.0,1,0.25,700.0
9.653417132988965,4.42802950486359,286.0220000000003,2.6715932232153463,0.2,0.12,40.0,100.0,50.0,1,0.25,700.0
9.654535448790444,4.425045120955482,286.0220000000003,2.6833152223855974,0.2,0.12,15.0,100.0,50.0,1,0.25,700.0
9.66052976716737,4.4395645562750365,286.0220000000003,2.658957745406654,0.2,0.08,80.0,100.0,12.5,1,0.25,700.0
9.668516985141434,4.972936410327601,234.01800000000023,3.386601642325228,0.35,0.35,40.0,100.0,50.0,1,0.35,700.0
9.672802967012581,4.994991580360941,234.01800000000023,3.3358325332903918,0.35,0.22,80.0,100.0,25.0,1,0.35,700.0
9.676887741501268,4.4508295234819855,286.0220000000003,2.6735091943407956,0.2,0.12,80.0,100.0,50.0,1,0.25,700.0
9.682808754386985,4.981826369294146,234.01800000000023,3.402035385979532,0.35,0.35,80.0,100.0,12.5,1,0.35,700.0
9.686118215763333,5.020669439254189,234.01800000000023,3.300510790026117,0.35,0.12,80.0,100.0,25.0,1,0.35,700.0
9.6916977981327,4.703006822392443,260.02000000000027,3.1096885021150107,0.35,0.12,15.0,100.0,12.5,1,0.25,700.0
9.698731740069729,4.472361602161192,286.0220000000003,2.674400394024372,0.2,0.08,80.0,100.0,25.0,1,0.25,700.0
9.718378990163142,5.033949735874237,234.01800000000023,3.354740726539724,0.35,0.22,80.0,100.0,50.0,1,0.35,700.0
9.719209595970229,4.487569261074885,286.0220000000003,2.6894580997009716,0.2,0.08,40.0,100.0,50.0,1,0.25,700.0
9.722684637503129,4.731727467318196,260.02000000000027,3.116163343385515,0.35,0.12,15.0,100.0,25.0,1,0.35,700.0
9.723832527467165,5.016500689071379,234.01800000000023,3.4201766811308083,0.35,0.35,80.0,100.0,25.0,1,0.35,700.0
9.73178905400289,4.493218585772743,286.0220000000003,2.7092584806575495,0.2,0.08,15.0,100.0,50.0,1,0.25,700.0
9.733163874662754,5.060598255936439,234.01800000000023,3.320844624932321,0.35,0.12,80.0,100.0,50.0,1,0.35,700.0
9.739493268171945,4.507945236467303,286.0220000000003,2.6891943762989623,0.2,0.08,80.0,100.0,50.0,1,0.25,700.0
9.760743260674793,4.764041470072215,260.02000000000027,3.1325765445787876,0.35,0.08,15.0,100.0,12.5,1,0.25,700.0
9.766852447465235,5.0800497753574225,234.01800000000023,3.361521920308025,0.35,0.22,80.0,100.0,12.5,1,0.25,700.0
9.768752372709283,5.054976387101564,234.01800000000023,3.4385885303077632,0.35,0.35,80.0,100.0,50.0,1,0.35,700.0
9.769871769362613,4.242774468936859,312.0240000000003,2.419249429787858,0.1,0.35,15.0,100.0,50.0,1,0.25,700.0
9.770320926929285,4.249089693493522,312.0240000000003,2.4024892383878824,0.1,0.22,15.0,100.0,50.0,1,0.25,700.0
9.77516873069891,4.779280555245636,260.02000000000027,3.13025192986649,0.35,0.08,15.0,100.0,50.0,1,0.55,700.0
9.79699202794795,4.795735058778041,260.02000000000027,3.145591340485444,0.35,0.08,15.0,100.0,25.0,1,0.35,700.0
9.808005903563062,4.286606964922724,312.0240000000003,2.4029683961152433,0.1,0.12,15.0,100.0,50.0,1,0.25,700.0
9.818523483233946,5.10194950465468,234.01800000000023,3.4465827959407513,0.35,0.35,80.0,100.0,12.5,1,0.25,700.0
9.823201246756401,4.8043980241528,260.02000000000027,3.1957234931531353,0.35,0.22,15.0,100.0,25.0,1,0.25,700.0
9.84600354038944,4.839228393741888,260.02000000000027,3.161357561850133,0.35,0.12,15.0,100.0,50.0,1,0.35,700.0
9.848672458420307,4.84143492040373,260.02000000000027,3.1626786800473563,0.35,0.12,15.0,100.0,25.0,1,0.25,700.0
9.856188533870048,4.329659676394187,312.0240000000003,2.4176253070738816,0.1,0.08,15.0,100.0,50.0,1,0.25,700.0
9.876826380460693,4.826968079545196,260.02000000000027,3.2844522883299825,0.35,0.35,15.0,100.0,25.0,1,0.25,700.0
9.917227592143504,4.890157844875264,260.02000000000027,3.2193421350521043,0.35,0.08,40.0,100.0,12.5,1,0.35,700.0
9.926370134654295,4.907083143523769,260.02000000000027,3.1971056889443514,0.35,0.08,15.0,100.0,50.0,1,0.35,700.0
9.946004534162821,4.913259274642044,260.02000000000027,3.235557884345066,0.35,0.22,15.0,100.0,50.0,1,0.25,700.0
9.99144918385199,4.955512918304045,260.02000000000027,3.2446750444226957,0.35,0.12,40.0,100.0,12.5,1,0.25,700.0
9.995596431985911,4.932836349640102,260.02000000000027,3.321314520988019,0.35,0.35,15.0,100.0,50.0,1,0.25,700.0
10.001583399962449,4.961697943010218,260.02000000000027,3.255958448434938,0.35,0.08,40.0,100.0,25.0,1,0.35,700.0
10.05088034213928,5.0081732875305915,260.02000000000027,3.2640201560248148,0.35,0.08,40.0,100.0,12.5,1,0.25,700.0
10.060524427610048,4.999634407329225,260.02000000000027,3.3159714865166277,0.35,0.22,40.0,100.0,25.0,1,0.25,700.0
10.077005506831417,5.028577011281048,260.02000000000027,3.2803671301438984,0.35,0.12,40.0,100.0,25.0,1,0.25,700.0
10.085808979307792,5.033499164425388,260.02000000000027,3.2914566139497183,0.35,0.08,40.0,100.0,50.0,1,0.35,700.0
10.08615545705244,5.031394359226706,260.02000000000027,3.2984602795020885,0.35,0.08,80.0,100.0,12.5,1,0.35,700.0
10.113379793905304,5.0221891607715845,260.02000000000027,3.4025446660963325,0.35,0.35,40.0,100.0,25.0,1,0.25,700.0
10.12946624113183,5.067639280120462,260.02000000000027,3.3186484600324744,0.35,0.08,80.0,100.0,25.0,1,0.35,700.0
10.142934186591253,5.071112564780017,260.02000000000027,3.3472046337463794,0.35,0.22,40.0,100.0,50.0,1,0.25,700.0
10.162976381819606,5.102442268895012,260.02000000000027,3.3149546083559724,0.35,0.12,40.0,100.0,50.0,1,0.25,700.0
10.171203365282768,5.106892243541085,260.02000000000027,3.3257460621190797,0.35,0.12,80.0,100.0,12.5,1,0.25,700.0
10.177588652052695,5.108268478408925,260.02000000000027,3.34005763898219,0.35,0.08,80.0,100.0,50.0,1,0.35,700.0
10.194098423040922,5.092412827235143,260.02000000000027,3.4325302737307855,0.35,0.35,40.0,100.0,50.0,1,0.25,700.0
10.199820517509323,5.116367620263254,260.02000000000027,3.3804368492744756,0.35,0.22,80.0,100.0,25.0,1,0.25,700.0
10.215227392424392,5.143943697736667,260.02000000000027,3.345667699107778,0.35,0.12,80.0,100.0,25.0,1,0.25,700.0
10.24738397445972,5.157071950639704,260.02000000000027,3.400034353771462,0.35,0.22,80.0,100.0,50.0,1,0.25,700.0
10.251130482874283,5.137985368748615,260.02000000000027,3.4652717546447507,0.35,0.35,80.0,100.0,25.0,1,0.25,700.0
10.264322342012347,5.185668861058824,260.02000000000027,3.3667242312957706,0.35,0.12,80.0,100.0,50.0,1,0.25,700.0
10.29802134993491,5.178195233421804,260.02000000000027,3.4843603328945747,0.35,0.35,80.0,100.0,50.0,1,0.25,700.0
10.316583410279165,4.908532307465644,286.0220000000003,3.1934888651814712,0.35,0.08,15.0,100.0,25.0,1,0.25,700.0
10.370261528153193,4.955970378922442,286.0220000000003,3.2113175692307085,0.35,0.12,15.0,100.0,50.0,1,0.25,700.0
10.45468944733616,5.027334022874114,286.0220000000003,3.2486440698915455,0.35,0.08,15.0,100.0,50.0,1,0.25,700.0
10.528956417903974,5.08292709282643,286.0220000000003,3.3019980716501087,0.35,0.08,40.0,100.0,25.0,1,0.25,700.0
10.617478280381516,5.158478760702822,286.0220000000003,3.3390557705105413,0.35,0.08,40.0,100.0,50.0,1,0.25,700.0
10.617696277794458,5.156843976813396,286.0220000000003,3.344349431374454,0.35,0.08,80.0,100.0,12.5,1,0.25,700.0
10.662659350297762,5.194531785523742,286.0220000000003,3.3651358993543314,0.35,0.08,80.0,100.0,25.0,1,0.25,700.0
10.712901161554658,5.237017763569444,286.0220000000003,3.387295422814884,0.35,0.08,80.0,100.0,50.0,1,0.25,700.0
