:020000041028C2
:1000000000000C28993C2910D5472910C14529101A
:10001000D9472910DD472910E147291000000000C9
:1000200000000000000000000000000089462910C8
:10003000E547291000000000E9472910ED47291085
:100040001F3B2910453B29106B3B2910913B291080
:10005000B73B2910DD3B2910033C2910293C29100E
:10006000F1472910F5472910F9472910FD472910B4
:100070000148291005482910094829100D48291060
:1000800019191A1A1A1B1B1C1C1C1D1D1E1E1F1FB2
:100090001F20202121222223232424252526262730
:1000A000282829292A2A2B2C2C2D2E2E2F3030318E
:1000B00032323334343536373738393A3A3B3C3DCF
:1000C0003E3E3F40414243434445464748494A4AF1
:1000D0004B4C4D4E4F5051525354555556575859FD
:1000E0005A5B5C5D5E5F6061616263646566676800
:1000F000696A6A6B6C6D6E6F70707172737474750F
:1001000076777778797A7A7B7C7D7D7E7F7F808138
:1001100081828383848485868687878889898A8A81
:100120008B8B8C8C8D8D8E8E8F8F909091919192E8
:100130009293939494949595969696971919191A63
:100140001A1B1B1B1C1C1D1D1D1E1E1F1F202021DA
:10015000212222232324242525262627272828294F
:100160002A2A2B2B2C2D2D2E2F2F303131323333A9
:1001700034353636373839393A3B3C3D3D3E3F40E1
:1001800041424243444546474849494A4B4C4D4EFB
:100190004F50515253545555565758595A5B5C5D00
:1001A0005E5F60616262636465666768696A6B6B03
:1001B0006C6D6E6F70707172737475757677787818
:1001C000797A7B7B7C7D7E7E7F8080818282838347
:1001D000848585868787888889898A8A8B8B8C8D98
:1001E0008D8E8E8E8F8F9090919192929393939407
:1001F00094959595969696971919191A1A1A1B1B84
:100200001C1C1C1D1D1E1E1F1F1F20202121222201
:10021000232324242525262727282829292A2B2B70
:100220002C2D2D2E2E2F30303132333334353536C0
:10023000373839393A3B3C3C3D3E3F4041414243EF
:10024000444546474848494A4B4C4D4E4F50515201
:1002500053545455565758595A5B5C5D5E5F606104
:100260006263636465666768696A6B6C6C6D6E6F08
:10027000707171727374757676777879797A7B7C20
:100280007C7D7E7E7F808081828283848485868659
:1002900087878888898A8A8B8B8C8C8D8D8E8E8FB0
:1002A0008F90909191919292939394949495959626
:1002B00096969797181919191A1A1B1B1B1C1C1DA7
:1002C0001D1D1E1E1F1F2020212122222323242426
:1002D0002525262627272829292A2A2B2C2C2D2E8E
:1002E0002E2F3030313232333435353637383839D5
:1002F0003A3B3B3C3D3E3F404041424344454647FC
:100300004748494A4B4C4D4E4F5051525354545507
:10031000565758595A5B5C5D5E5F60616263646406
:1003200065666768696A6B6C6D6D6E6F707172720D
:1003300073747576767778797A7A7B7C7C7D7E7F2C
:100340007F8081818283838485858686878888896A
:10035000898A8A8B8B8C8C8D8D8E8E8F8F909091CD
:100360009192929393939494959595969696979748
:10037000181919191A1A1A1B1B1C1C1C1D1D1E1ECC
:100380001F1F202020212122222323242525262649
:1003900027272828292A2A2B2B2C2D2D2E2F2F30AA
:1003A0003131323334343536373738393A3B3B3CE8
:1003B0003D3E3F3F40414243444546464748494A07
:1003C0004B4C4D4E4F50515253545455565758590B
:1003D0005A5B5C5D5E5F6061626364656566676809
:1003E000696A6B6C6D6E6E6F707172737374757613
:1003F000777778797A7A7B7C7D7D7E7F7F8081823A
:10040000828383848585868787888889898A8B8B80
:100410008C8C8D8D8E8E8F8F9090919191929293E6
:10042000939494949595969696979797181819196A
:10043000191A1A1B1B1B1C1C1D1D1E1E1E1F1F20F4
:10044000202121222223232424252526262728286B
:1004500029292A2B2B2C2D2D2E2F2F3031313233C1
:1004600033343536363738393A3A3B3C3D3E3E3FF9
:1004700040414243444545464748494A4B4C4D4E0E
:100480004F50515253535455565758595A5B5C5D0F
:100490005E5F60616263646566666768696A6B6C0B
:1004A0006D6E6F6F7071727374747576777878791A
:1004B0007A7B7B7C7D7E7E7F808081828283848448
:1004C00085868687878889898A8A8B8B8C8C8D8D97
:1004D0008E8E8F8F90909191929292939394949507
:1004E000959596969797979818181919191A1A1A90
:1004F0001B1B1C1C1C1D1D1E1E1F1F20202121221A
:1005000022232324242525262627272829292A2A89
:100510002B2C2C2D2E2E2F303031323333343535D9
:1005200036373839393A3B3C3D3E3E3F4041424305
:10053000444445464748494A4B4C4D4E4F50515212
:1005400052535455565758595A5B5C5D5E5F606113
:100550006263646566676768696A6B6C6D6E6F700D
:100560007071727374757576777879797A7B7C7C23
:100570007D7E7E7F80818182838384858586868758
:10058000888889898A8A8B8B8C8D8D8E8E8F8F90AF
:100590009090919192929393949494959596969627
:1005A000979797981818181919191A1A1B1B1B1CBA
:1005B0001C1D1D1E1E1E1F1F202021212222232341
:1005C000242425262627272828292A2A2B2B2C2DA8
:1005D0002D2E2F2F303132323334353536373838EF
:1005E000393A3B3C3D3D3E3F404142434344454612
:1005F0004748494A4B4C4D4E4F5051515253545518
:10060000565758595A5B5C5D5E5F60616263646512
:1006100066676868696A6B6C6D6E6F707171727312
:1006200074757676777879797A7B7C7D7D7E7F7F2D
:10063000808181828383848585868787888889896C
:100640008A8B8B8C8C8D8D8E8E8F8F9090919192CA
:100650009292939394949595959696979797989848
:100660001718181819191A1A1A1B1B1C1C1C1D1DE7
:100670001E1E1F1F20202121222223232424252562
:10068000262627282829292A2B2B2C2D2D2E2F2FC3
:10069000303131323334343536373738393A3B3C00
:1006A0003C3D3E3F40414242434445464748494A1B
:1006B0004B4C4D4E4F50505152535455565758591C
:1006C0005A5B5C5D5E5F6061626364656667686912
:1006D0006A6A6B6C6D6E6F70717272737475767717
:1006E0007778797A7A7B7C7D7D7E7F80808182823B
:1006F00083848485868687878889898A8A8B8B8C80
:100700008C8D8D8E8E8F8F909091919292939394E9
:100710009494959596969697979798981718181871
:100720001919191A1A1B1B1B1C1C1D1D1E1E1F1F0D
:100730001F20202121222223232425252626272786
:100740002829292A2A2B2C2C2D2E2E2F30313132DC
:100750003333343536363738393A3B3B3C3D3E3F10
:1007600040414142434445464748494A4B4C4D4E1F
:100770004E4F505152535455565758595A5B5C5D21
:100780005E5F606162636465666768696A6B6B6C13
:100790006D6E6F7071727373747576777778797A1E
:1007A0007B7B7C7D7E7E7F80808182838384848549
:1007B000868687888889898A8A8B8C8C8D8D8E8E97
:1007C0008F8F909091919292929393949495959506
:1007D0009696979797989898171718181819191A9E
:1007E0001A1A1B1B1C1C1D1D1D1E1E1F1F20202135
:1007F0002122222323242425252627272828292AA5
:100800002A2B2C2C2D2E2E2F3030313232333435F2
:1008100036363738393A3A3B3C3D3E3F404041421C
:10082000434445464748494A4B4C4C4D4E4F505126
:1008300052535455565758595A5B5C5D5E5F606120
:1008400062636465666768696A6B6C6C6D6E6F7015
:1008500071727374747576777878797A7B7C7C7D25
:100860007E7F7F8081818283838485858687878858
:1008700088898A8A8B8B8C8C8D8D8E8E8F8F9090B1
:100880009191929293939394949595969696979727
:100890009798989917171818181919191A1A1B1BCD
:1008A0001B1C1C1D1D1E1E1F1F202020212122235A
:1008B0002324242525262627282829292A2B2B2CC2
:1008C0002D2D2E2F2F303132323334353536373807
:1008D00039393A3B3C3D3E3E3F4041424344454628
:1008E0004748494A4A4B4C4D4E4F5051525354552C
:1008F000565758595A5B5C5D5E5F60616263646520
:10090000666768696A6B6C6D6E6E6F707172737416
:10091000757576777879797A7B7C7D7D7E7F7F802F
:1009200081828283848485868687878889898A8A6A
:100930008B8B8C8D8D8E8E8F8F90909191919292CA
:100940009393949495959596969797979898989948
:1009500017171718181919191A1A1A1B1B1C1C1DFE
:100960001D1D1E1E1F1F202021212222232324247F
:1009700025262627272829292A2A2B2C2C2D2E2FDD
:100980002F303131323334343536373838393A3B19
:100990003C3D3D3E3F40414243444546474848492F
:1009A0004A4B4C4D4E4F505152535455565758592F
:1009B0005A5B5C5D5E5F606162636465666768691F
:1009C0006A6B6C6D6E6F6F7071727374757676771B
:1009D00078797A7A7B7C7D7D7E7F8080818282833C
:1009E000848485868687888889898A8B8B8C8C8D80
:1009F0008D8E8E8F8F9090919192929393939494E9
:100A00009595969696979797989899991717171876
:100A100018181919191A1A1B1B1C1C1C1D1D1E1E27
:100A20001F1F20202121222223232424252526279D
:100A3000272828292A2A2B2C2C2D2E2E2F303031F6
:100A4000323333343536373738393A3B3C3C3D3E28
:100A50003F40414243444546464748494A4B4C4D36
:100A60004E4F505152535455565758595A5B5C5D2E
:100A70005E5F606162636465666768696A6B6C6D1E
:100A80006E6F7070717273747576777778797A7B20
:100A90007B7C7D7E7E7F8081818283838485858649
:100AA00087878888898A8A8B8B8C8C8D8D8E8E8F98
:100AB0008F90909191929293939494949595969609
:100AC00096979798989899991617171718181919AB
:100AD000191A1A1B1B1B1C1C1D1D1E1E1E1F1F204E
:100AE00020212122222324242525262627282829BF
:100AF000292A2B2B2C2D2D2E2F303031323333340D
:100B00003536363738393A3B3B3C3D3E3F40414233
:100B100043444445464748494A4B4C4D4E4F50513B
:100B200052535455565758595A5B5C5D5E5F60612D
:100B300062636465666768696A6B6C6D6E6F70711D
:100B4000727273747576777878797A7B7C7C7D7E27
:100B50007F7F808181828384848585868787888959
:100B6000898A8A8B8B8C8D8D8E8E8F8F90909191B0
:100B70009292929393949495959596969797979829
:100B8000989999991617171718181819191A1A1ADF
:100B90001B1B1C1C1C1D1D1E1E1F1F202021212273
:100BA000222323242425262627272829292A2B2BDC
:100BB0002C2D2D2E2F2F3031323233343535363720
:100BC00038393A3A3B3C3D3E3F404142424344453E
:100BD000464748494A4B4C4D4E4F5051525354553D
:100BE000565758595A5B5C5D5E5F6061626364652D
:100BF000666768696A6B6C6D6E6F7071727373741F
:100C00007576777879797A7B7C7C7D7E7F7F808131
:100C1000828283848485868687888889898A8B8B6B
:100C20008C8C8D8D8E8E8F8F9090919192929393CC
:100C3000949494959596969697979898989999994B
:100C4000161617171718181919191A1A1B1B1B1C17
:100C50001C1D1D1E1E1F1F20202121222223232494
:100C60002425252627272828292A2A2B2C2C2D2EF7
:100C70002E2F303131323334343536373839393A32
:100C80003B3C3D3E3F404141424344454647484945
:100C90004A4B4C4D4E4F505152535455565758593C
:100CA0005A5B5C5D5E5F606162636465666768692C
:100CB0006A6B6C6D6E6F7071727374747576777821
:100CC00079797A7B7C7D7D7E7F808081828383843D
:100CD00085858687878888898A8A8B8B8C8C8D8D81
:100CE0008E8F8F90909191919292939394949595E9
:100CF00095969697979798989999999A161617177F
:100D00001718181819191A1A1A1B1B1C1C1D1D1D3F
:100D10001E1E1F1F202021212222232424252526B8
:100D200026272828292A2A2B2B2C2D2E2E2F30300F
:100D300031323334343536373838393A3B3C3D3E3E
:100D40003F3F404142434445464748494A4B4C4D4A
:100D50004E4F505152535455565758595A5B5C5D3B
:100D60005E606162636465666768696A6A6B6C6D20
:100D70006E6F70717273747575767778797A7A7B25
:100D80007C7D7E7E7F80818182838384858586874A
:100D9000878889898A8A8B8B8C8D8D8E8E8F8F9098
:100DA0009091919292939393949495959696969709
:100DB000979898989999999A1616161717171818B8
:100DC0001919191A1A1B1B1B1C1C1D1D1E1E1F1F67
:100DD00020202121222223232424252626272728D8
:100DE00029292A2B2B2C2D2D2E2F30303132333325
:100DF000343536373738393A3B3C3D3D3E3F40414C
:100E000042434445464748494A4B4C4D4E4F50514A
:100E100052535455565758595A5B5C5D5F60616236
:100E2000636465666768696A6B6C6C6D6E6F707120
:100E30007273747576767778797A7B7B7C7D7E7F2A
:100E40007F8081818283848485868687888889895A
:100E50008A8B8B8C8C8D8D8E8E8F8F9090919192B2
:100E6000929393949495959596969797979898982A
:100E700099999A9A16161617171718181819191AF1
:100E80001A1A1B1B1C1C1D1D1E1E1E1F1F2020218D
:100E900022222323242425252627272828292A2AF5
:100EA0002B2C2C2D2E2F2F30313232333435363639
:100EB0003738393A3B3C3C3D3E3F40414243444554
:100EC000464748494A4B4C4D4E4F5051525354554A
:100ED000565758595A5B5C5E5F6061626364656631
:100EE0006768696A6B6C6D6E6F6F70717273747521
:100EF00076777778797A7B7C7C7D7E7F7F80818234
:100F000082838484858686878888898A8A8B8B8C6D
:100F10008C8D8E8E8F8F90909191929293939394CB
:100F200094959596969697979898989999999A9A4C
:100F30001516161617171818181919191A1A1B1B2F
:100F40001C1C1C1D1D1E1E1F1F20202121222223B0
:100F5000242425252626272828292A2A2B2C2C2D0F
:100F60002E2E2F3031313233343535363738393A49
:100F70003B3B3C3D3E3F4041424344454647484958
:100F80004A4B4C4D4E4F5051525354555657585949
:100F90005A5B5D5E5F606162636465666768696A2B
:100FA0006B6C6D6E6F707171727374757677787823
:100FB000797A7B7C7D7D7E7F80808182838384853E
:100FC000858687878889898A8A8B8B8C8D8D8E8E82
:100FD0008F8F9090919192929393949494959596EB
:100FE0009697979798989899999A9A9A1516161687
:100FF00017171718181819191A1A1B1B1B1C1C1D58
:101000001D1E1E1F1F2020212122222323242425D0
:10101000262627272829292A2B2B2C2D2E2E2F3028
:1010200031313233343435363738393A3A3B3C3D56
:101030003E3F404142434445464748494A4B4C4D58
:101040004E4F505152535455565758595A5B5D5E46
:101050005F606162636465666768696A6B6C6D6E28
:101060006F7071727273747576777879797A7B7C28
:101070007D7E7E7F8081818283838485858687874C
:101080008889898A8B8B8C8C8D8D8E8E8F8F90909A
:10109000919192929393949495959596969797970C
:1010A00098989999999A9A9A1515161616171718C5
:1010B000181819191A1A1A1B1B1C1C1D1D1D1E1E7F
:1010C0001F1F2020212222232324242525262727F1
:1010D0002829292A2B2B2C2D2D2E2F30303132333D
:1010E00033343536373838393A3B3C3D3E3F404162
:1010F00042434445464748494A4B4C4D4E4F505158
:1011000052535455565758595A5C5D5E5F60616240
:10111000636465666768696A6B6C6D6E6F70717227
:1011200073747475767778797A7A7B7C7D7E7E7F2E
:101130008081818283848485868687888889898A5C
:101140008B8B8C8C8D8E8E8F8F90909191929293B1
:10115000939394949595969696979798989899992D
:10116000999A9A9B15151616161717171818191904
:10117000191A1A1B1B1B1C1C1D1D1E1E1F1F2020A5
:101180002121222223242425252627272828292A0D
:101190002A2B2C2C2D2E2F2F303132333334353651
:1011A000373738393A3B3C3D3E3F40414243434468
:1011B000454647494A4B4C4D4E4F5051525354555A
:1011C000565758595A5C5D5E5F606162636465663C
:1011D0006768696A6B6C6D6E6F7071727374757528
:1011E000767778797A7B7B7C7D7E7F7F8081828237
:1011F000838484858687878888898A8A8B8B8C8D6F
:101200008D8E8E8F8F9090919192929393949495CE
:101210009595969697979798989999999A9A9A9B4F
:10122000151515161617171718181819191A1A1A46
:101230001B1B1C1C1D1D1E1E1F1F202021212222C6
:1012400023232425252626272828292A2A2B2C2C27
:101250002D2E2E2F30313232333435363637383961
:101260003A3B3C3D3E3F404041424344454647486F
:10127000494A4C4D4E4F5051525354555657585958
:101280005A5C5D5E5F606162636465666768696A37
:101290006B6C6D6E6F707172737475767777787929
:1012A0007A7B7C7C7D7E7F80808182838384858540
:1012B0008687878889898A8A8B8C8C8D8D8E8E8F84
:1012C0008F909091919292939394949595969696EF
:1012D00097979898989999999A9A9A9B151515168F
:1012E000161617171718181919191A1A1B1B1C1C70
:1012F0001D1D1D1E1E1F1F202021222223232424EA
:1013000025262627272829292A2B2B2C2D2E2E2F40
:101310003031313233343535363738393A3B3C3D6C
:101320003D3E3F404142434445464748494A4B4D74
:101330004E4F505152535455565758595A5C5D5E52
:101340005F606162636465666768696A6B6C6D6E35
:101350006F70717273747576777878797A7B7C7D2B
:101360007D7E7F808181828383848586868788884D
:1013700089898A8B8B8C8C8D8E8E8F8F909091919A
:10138000929293939494949595969697979798980C
:101390009899999A9A9A9B9B1415151616161717D1
:1013A0001718181819191A1A1B1B1B1C1C1D1D1E97
:1013B0001E1F1F2020212122222324242525262709
:1013C000272829292A2B2B2C2D2D2E2F3030313256
:1013D00033343435363738393A3B3B3C3D3E3F4079
:1013E0004142434445464748494A4B4C4E4F505171
:1013F00052535455565758595B5C5D5E5F6061624D
:10140000636465666768696A6B6C6D6E6F70717234
:1014100073747576777879797A7B7C7D7E7E7F8030
:10142000818182838484858686878888898A8A8B5D
:101430008B8C8D8D8E8E8F8F9090919192929393B5
:101440009494959595969697979798989999999A2F
:101450009A9A9B9B14151515161616171718181817
:1014600019191A1A1A1B1B1C1C1D1D1E1E1F1F20BA
:101470002021212222232324252526262728282926
:101480002A2A2B2C2D2D2E2F303031323333343568
:10149000363738393A3A3B3C3D3E3F40414243447F
:1014A00045464748494A4B4C4D4F5051525354556D
:1014B000565758595B5C5D5E5F6061626364656648
:1014C0006768696A6B6C6D6E6F7071727374757634
:1014D0007778797A7A7B7C7D7E7F7F808182828338
:1014E0008484858687878888898A8A8B8C8C8D8D71
:1014F0008E8E8F8F909091919292939394949595D4
:10150000969696979798989899999A9A9A9B9B9B52
:101510001415151516161617171718181919191A5C
:101520001A1B1B1C1C1C1D1D1E1E1F1F20202122E0
:101530002223232424252626272828292A2A2B2C3F
:101540002C2D2E2F2F303132333334353637383976
:10155000393A3B3C3D3E3F40414243444546474883
:10156000494A4B4C4D4F5051525354555657585968
:101570005B5C5D5E5F6061626364656667686A6B41
:101580006C6D6E6F70717272737475767778797A2C
:101590007B7B7C7D7E7F7F80818282838485858644
:1015A00087878889898A8B8B8C8C8D8D8E8F8F9085
:1015B00090919192929393949494959596969797EF
:1015C0009798989999999A9A9A9B9B9B1414151598
:1015D00015161617171718181819191A1A1B1B1B86
:1015E0001C1C1D1D1E1E1F1F202021212223232401
:1015F0002425262627272829292A2B2B2C2D2E2E59
:101600002F3031323233343536373738393A3B3C84
:101610003D3E3F404142434445464748494A4B4C82
:101620004D4E505152535455565758595B5C5D5E60
:101630005F6061626364656668696A6B6C6D6E6F3A
:1016400070717273747475767778797A7B7C7C7D2F
:101650007E7F808081828383848585868788888950
:10166000898A8B8B8C8C8D8E8E8F8F90909191929E
:101670009293939494959595969697979898989910
:1016800099999A9A9A9B9B9B1414151515161616E0
:10169000171718181819191A1A1A1B1B1C1C1D1DAC
:1016A0001E1E1F1F2020212122222324242525261F
:1016B00027272829292A2B2B2C2D2E2E2F3031316C
:1016C0003233343536363738393A3B3C3D3E3F408D
:1016D0004142434445464748494A4B4C4D4E505180
:1016E00052535455565758595B5C5D5E5F6061625A
:1016F0006364656768696A6B6C6D6E6F7071727335
:10170000747576767778797A7B7C7D7D7E7F808133
:101710008182838484858686878888898A8A8B8B60
:101720008C8D8D8E8E8F8F909091919292939394B9
:10173000949595969696979798989899999A9A9A33
:101740009B9B9B9C14141415151616161717171827
:10175000181919191A1A1B1B1C1C1D1D1D1E1E1FD2
:10176000202021212222232324252526262728283C
:10177000292A2A2B2C2D2D2E2F303031323334357F
:1017800035363738393A3B3C3D3E3F404142434491
:1017900045464748494A4B4C4D4E4F51525354557C
:1017A000565758595B5C5D5E5F6061626364666753
:1017B00068696A6B6C6D6E6F707172737475767731
:1017C0007778797A7B7C7D7D7E7F8081818283843E
:1017D00084858686878888898A8A8B8C8C8D8D8E75
:1017E0008E8F9090919192929393949494959596D4
:1017F0009697979798989999999A9A9A9B9B9B9C58
:101800001414141515151616171717181818191972
:101810001A1A1B1B1B1C1C1D1D1E1E1F1F202021F6
:10182000222223232424252626272828292A2A2B56
:101830002C2C2D2E2F30303132333434353637388E
:10184000393A3B3C3D3E3F40414243444546474890
:10185000494A4B4C4D4E4F51525354555657585977
:101860005B5C5D5E5F6061626365666768696A6B49
:101870006C6D6E6F70717273747576777878797A33
:101880007B7C7D7E7E7F8081828283848585868746
:10189000878889898A8B8B8C8C8D8D8E8F8F909089
:1018A00091919292939394949595959696979798F3
:1018B00098989999999A9A9B9B9B9C9C141414159F
:1018C0001515161616171718181819191A1A1A1B9B
:1018D0001B1C1C1D1D1E1E1F1F2020212122232317
:1018E000242425262627272829292A2B2C2C2D2E6F
:1018F0002F2F30313233333435363738393A3B3C99
:101900003D3E3E3F4041434445464748494A4B4C93
:101910004D4E4F5052535455565758595B5C5D5E6F
:101920005F6061626365666768696A6B6C6D6E6F44
:1019300070717273747576777879797A7B7C7D7E35
:101940007F7F808182828384858586878788898955
:101950008A8B8B8C8C8D8E8E8F8F909091919292A2
:101960009393949495959696969797989898999915
:101970009A9A9A9B9B9B9C9C1314141415151616EB
:101980001617171718181919191A1A1B1B1C1C1DC2
:101990001D1E1E1F1F202021212222232424252535
:1019A0002627272829292A2B2B2C2D2E2E2F303184
:1019B0003233333435363738393A3B3B3C3D3E3FA2
:1019C0004041424345464748494A4B4C4D4E4F5093
:1019D00052535455565758595B5C5D5E5F60616267
:1019E0006465666768696A6B6C6D6E6F707172733F
:1019F0007475767778797A7B7B7C7D7E7F80808139
:101A000082838384858686878888898A8A8B8B8C63
:101A10008D8D8E8E8F8F90909192929293939494BD
:101A20009595969697979798989999999A9A9A9B37
:101A30009B9B9C9C13141414151515161617171739
:101A400018181819191A1A1B1B1C1C1C1D1D1E1EE8
:101A50001F1F202121222223232425252627272852
:101A600029292A2B2B2C2D2E2E2F30313232333494
:101A70003536373839393A3B3C3D3E3F40414243A9
:101A800044454748494A4B4C4D4E4F50525354558C
:101A9000565758595B5C5D5E5F606162646566675E
:101AA00068696A6B6C6D6E6F70717273747576773E
:101AB00078797A7B7B7C7D7E7F8080818283848441
:101AC000858686878888898A8A8B8C8C8D8D8E8E78
:101AD0008F909091919292939394949595959696D8
:101AE00097979798989999999A9A9B9B9B9C9C9C5D
:101AF0001314141415151516161617171818181987
:101B0000191A1A1A1B1B1C1C1D1D1E1E1F1F20200C
:101B100021222223232424252626272828292A2A6D
:101B20002B2C2D2D2E2F30313132333435363738A2
:101B300038393A3B3C3D3E3F4041424344454648AC
:101B4000494A4B4C4D4E4F50525354555657585985
:101B50005B5C5D5E5F6061636465666768696A6B54
:101B60006C6D6E6F707172737475767778797A7B3D
:101B70007C7C7D7E7F80818182838484858687874B
:101B80008889898A8A8B8C8C8D8D8E8F8F9090918D
:101B900091929293939494959596969697979898F8
:101BA0009899999A9A9A9B9B9B9C9C9C13131414AA
:101BB000151515161616171717181819191A1A1AAF
:101BC0001B1B1C1C1D1D1E1E1F1F2020212122232C
:101BD000232424252626272828292A2A2B2C2D2D84
:101BE0002E2F3030313233343536363738393A3BB0
:101BF0003C3D3E3F4041424344454647494A4B4CA9
:101C00004D4E4F50525354555657585A5B5C5D5E7B
:101C10005F6061636465666768696A6B6C6D6E6F4F
:101C2000707172737475767778797A7B7C7D7D7E3E
:101C30007F80818182838484858687878889898A59
:101C40008B8B8C8C8D8E8E8F8F90909191929293A6
:101C50009394949595969696979798989999999A1A
:101C60009A9A9B9B9B9C9C9C1313141414151515FA
:101C7000161617171718181919191A1A1B1B1C1CD6
:101C80001D1D1E1E1F1F202021212222232424254A
:101C90002526272728292A2A2B2C2C2D2E2F303099
:101CA000313233343535363738393A3B3C3D3E3FB7
:101CB0004041424344454647494A4B4C4D4E4F50A4
:101CC000515354555657585A5B5C5D5E5F60616373
:101CD0006465666768696A6B6C6D6F707172737446
:101CE0007575767778797A7B7C7D7E7E7F80818240
:101CF00082838485858687878889898A8B8B8C8D6A
:101D00008D8E8E8F8F9090919292939393949495C1
:101D100095969697979798989999999A9A9A9B9B3E
:101D20009C9C9C9D13131414141515151616161748
:101D30001718181819191A1A1B1B1C1C1C1D1D1EFC
:101D40001E1F202021212222232424252526272767
:101D50002829292A2B2C2C2D2E2F2F3031323334A9
:101D60003435363738393A3B3C3D3E3F40414243BB
:101D700044454647484A4B4C4D4E4F50515354559D
:101D80005657585A5B5C5D5E5F6062636465666768
:101D900068696A6B6C6E6F70717273747576777741
:101DA00078797A7B7C7D7E7E7F8081828283848548
:101DB0008586878888898A8A8B8B8C8D8D8E8E8F7D
:101DC00090909191929293939494959595969697DD
:101DD000979898989999999A9A9B9B9B9C9C9C9D63
:101DE000131314141415151516161617171818189A
:101DF00019191A1A1B1B1B1C1C1D1D1E1E1F1F2020
:101E00002021222223232425252627272829292A81
:101E10002B2B2C2D2E2F2F303132333434353637B7
:101E200038393A3B3C3D3E3F4041424344454647BA
:101E3000484A4B4C4D4E4F50515354555657585A93
:101E40005B5C5D5E5F6062636465666768696A6C5F
:101E50006D6E6F70717273747576777878797A7B3E
:101E60007C7D7E7F7F808182838384858686878850
:101E700088898A8A8B8C8C8D8D8E8F8F9090919192
:101E800092929393949495959696969797989898FE
:101E900099999A9A9A9B9B9B9C9C9C9D13131314B3
:101EA00014141515161616171717181819191A1AC3
:101EB0001A1B1B1C1C1D1D1E1E1F1F202021222241
:101EC00023232425252626272828292A2B2B2C2D99
:101ED0002E2E2F30313233333435363738393A3BC2
:101EE0003C3D3E3F404142434445464748494B4CB8
:101EF0004D4E4F50515354555657585A5B5C5D5E8A
:101F00005F6062636465666768696A6C6D6E6F7056
:101F1000717273747576777879797A7B7C7D7E7F40
:101F200080808182838384858686878888898A8A5F
:101F30008B8C8C8D8D8E8F8F9090919192929393AC
:101F400094949595969696979798989999999A9A20
:101F50009A9B9B9B9C9C9C9D131313141414151506
:101F600015161617171718181919191A1A1B1B1CEA
:101F70001C1D1D1E1E1F1F2020212122232324245F
:101F8000252626272828292A2B2B2C2D2E2E2F30AC
:101F9000313232333435363738393A3B3C3D3E3FC7
:101FA000404142434445464748494B4C4D4E4F50B3
:101FB000515354555657585A5B5C5D5E5F6062637F
:101FC0006465666768696B6C6D6E6F70717273744F
:101FD00075767778797A7A7B7C7D7E7F8080818246
:101FE000838484858687878889898A8B8B8C8C8D6E
:101FF0008E8E8F8F909091919292939394949595C9
:10200000969697979798989999999A9A9A9B9B9C44
:102010009C9C9D9D13131314141415151516161658
:10202000171718181819191A1A1B1B1C1C1D1D1E0E
:102030001E1F1F202021212222232424252626277B
:102040002828292A2A2B2C2D2D2E2F3031323233BD
:102050003435363738393A3B3C3D3E3F40414243C8
:102060004445464748494B4C4D4E4F5051535455AB
:102070005657585A5B5C5D5E5F6162636465666774
:10208000686A6B6C6D6E6F70717273747576777849
:10209000797A7B7B7C7D7E7F80818182838484854D
:1020A0008687878889898A8B8B8C8C8D8E8E8F8F83
:1020B00090909192929393949494959596969797E5
:1020C0009798989999999A9A9B9B9B9C9C9C9D9D6B
:1020D00013131314141415151516161617171818AC
:1020E0001819191A1A1B1B1C1C1C1D1D1E1E1F2033
:1020F0002021212222232424252526272728292A96
:102100002A2B2C2D2D2E2F303131323334353637CA
:1021100038393A3B3C3D3E3F4041424344454647C7
:1021200048494A4C4D4E4F50515354555657585AA2
:102130005B5C5D5E5F61626364656667686A6B6C69
:102140006D6E6F707172737475767778797A7B7C47
:102150007C7D7E7F80818182838485858687878858
:1021600089898A8B8B8C8D8D8E8E8F8F9091919299
:102170009293939494959595969697979898989905
:10218000999A9A9A9B9B9B9C9C9C9D9D13131313BD
:102190001414151515161616171718181819191AD4
:1021A0001A1B1B1B1C1C1D1D1E1E1F1F2021212254
:1021B00022232424252526272728292A2A2B2C2CAC
:1021C0002D2E2F30303132333435363738393A3AD4
:1021D0003B3C3D3E404142434445464748494A4CCA
:1021E0004D4E4F50515354555657585A5B5C5D5E97
:1021F0005F61626364656667696A6B6C6D6E6F7060
:102200007172737475767778797A7B7C7D7D7E7F49
:10221000808182828384858586878788898A8A8B64
:102220008B8C8D8D8E8E8F909091919292939394B2
:10223000949595969696979798989899999A9A9A28
:102240009B9B9B9C9C9C9D9D121313131414141513
:1022500015161616171717181819191A1A1A1B1BFC
:102260001C1C1D1D1E1E1F1F202021222223232473
:1022700025252627272829292A2B2C2C2D2E2F30BF
:1022800030313233343536373838393A3B3C3D3EDD
:102290003F4142434445464748494A4C4D4E4F50C2
:1022A000515254555657585A5B5C5D5E5F6162638C
:1022B00064656667696A6B6C6D6E6F70717273745A
:1022C00075767778797A7B7C7D7D7E7F808182824E
:1022D0008384858586878888898A8A8B8C8C8D8D76
:1022E0008E8F8F90909191929293939494959596CE
:1022F0009696979798989999999A9A9A9B9B9B9C4E
:102300009C9C9D9D12131313141414151515161669
:1023100017171718181919191A1A1B1B1C1C1D1D21
:102320001E1E1F1F2020212222232324252526278D
:10233000272829292A2B2C2C2D2E2F3030313233CF
:10234000343536373738393A3B3C3D3E3F404243DF
:102350004445464748494A4C4D4E4F5051525455BA
:102360005657585A5B5C5D5E5F6162636465666781
:10237000696A6B6C6D6E6F70717273747576777855
:10238000797A7B7C7D7E7E7F808182828384858654
:1023900086878888898A8A8B8C8C8D8D8E8F8F908A
:1023A00090919192929393949495959696979797EE
:1023B00098989999999A9A9A9B9B9C9C9C9D9D9D73
:1023C00012131313141414151515161617171718BE
:1023D000181919191A1A1B1B1C1C1D1D1E1E1F1F44
:1023E00020202121222323242525262627282929A8
:1023F0002A2B2B2C2D2E2F2F3031323334353636DD
:102400003738393A3B3C3D3E3F40414344454647DF
:1024100048494A4B4D4E4F50515254555657585AB1
:102420005B5C5D5E5F61626364656668696A6B6C74
:102430006D6E6F707172737475767778797A7B7C54
:102440007D7E7E7F8081828383848586868788885F
:10245000898A8A8B8C8C8D8E8E8F8F9090919192A1
:10246000929393949495959696979797989899990F
:10247000999A9A9B9B9B9C9C9C9D9D9D12131313C8
:1024800014141415151516161617171818181919E7
:102490001A1A1B1B1C1C1D1D1E1E1F1F2020212164
:1024A0002223232424252626272828292A2B2B2CBF
:1024B0002D2E2F2F30313233343535363738393AE7
:1024C0003B3C3D3E3F4041434445464748494A4BDB
:1024D0004D4E4F50515254555657585A5B5C5D5EA5
:1024E0005F61626364656668696A6B6C6D6E6F706C
:1024F0007172737475767778797A7B7C7D7E7F7F55
:10250000808182838384858686878888898A8A8B6E
:102510008C8C8D8E8E8F8F909091919292939394BC
:10252000949595969697979898989999999A9A9B31
:102530009B9B9C9C9C9D9D9D12131313141414151E
:102540001515161616171718181819191A1A1B1B0D
:102550001C1C1D1D1E1E1F1F202021212223232481
:1025600024252626272828292A2B2B2C2D2E2E2FD2
:1025700030313233343535363738393A3B3C3D3EED
:102580003F4041424445464748494A4B4D4E4F50D3
:10259000515254555657585A5B5C5D5E5F61626399
:1025A00064656668696A6B6C6D6E6F707172737466
:1025B00075767778797A7B7C7D7E7F7F8081828358
:1025C0008384858686878889898A8B8B8C8C8D8E7F
:1025D0008E8F8F90909192929393949494959596D8
:1025E00096979798989899999A9A9A9B9B9B9C9C56
:1025F0009C9D9D9D12131313131414151515161677
:1026000016171718181819191A1A1B1B1C1C1C1D31
:102610001D1E1F1F2020212122222324242526269F
:10262000272828292A2B2B2C2D2E2E2F30313233E0
:10263000343435363738393A3B3C3D3E3F404142F1
:102640004445464748494A4B4D4E4F5051525455C8
:102650005657585A5B5C5D5E5F616263646566688D
:10266000696A6B6C6D6E6F70717273747576777862
:10267000797A7B7C7D7E7F7F80818283848485865E
:1026800086878889898A8B8B8C8C8D8E8E8F8F9094
:1026900091919292939394949595959696979798F5
:1026A000989899999A9A9A9B9B9B9C9C9C9D9D9D7E
:1026B00012121313131414141515161616171718CF
:1026C000181819191A1A1B1B1B1C1C1D1D1E1E1F56
:1026D00020202121222223242425262627282829B8
:1026E0002A2B2B2C2D2E2E2F3031323334343536ED
:1026F0003738393A3B3C3D3E3F40414244454647EE
:1027000048494A4B4D4E4F50515254555657585ABE
:102710005B5C5D5E6061626364656668696A6B6C80
:102720006D6E6F707172737475767778797A7B7C61
:102730007D7E7F8080818283848485868787888967
:10274000898A8B8B8C8D8D8E8E8F8F9091919292AA
:102750009393949495959596969797989898999918
:102760009A9A9A9B9B9B9C9C9C9D9D9D12121313D5
:1027700013141414151516161617171718181919F7
:102780001A1A1A1B1B1C1C1D1D1E1E1F2020212176
:102790002222232424252626272828292A2A2B2CCE
:1027A0002D2E2E2F30313233333435363738393AF7
:1027B0003B3C3D3E3F4041424345464748494A4BEA
:1027C0004D4E4F50515254555657585A5B5C5D5EB2
:1027D0006061626364656668696A6B6C6D6E6F7078
:1027E0007172737576767778797A7B7C7D7E7F805F
:1027F000808182838484858687878889898A8B8B78
:102800008C8D8D8E8E8F8F909191929293939494C4
:102810009595969696979798989899999A9A9A9B3B
:102820009B9B9C9C9C9D9D9D12121313131414142E
:102830001515161616171717181819191A1A1A1B1C
:102840001B1C1C1D1D1E1E1F1F2021212222232494
:1028500024252626272828292A2A2B2C2D2E2E2FE0
:1028600030313233333435363738393A3B3C3D3EFC
:102870003F4041424345464748494A4B4D4E4F50E1
:10288000515254555657585A5B5C5D5E60616263A5
:1028900064656768696A6B6C6D6E6F70717374756F
:1028A00076777778797A7B7C7D7E7F808081828362
:1028B0008484858687878889898A8B8B8C8D8D8E89
:1028C0008E8F9090919192929393949495959696E1
:1028D00096979798989999999A9A9A9B9B9C9C9C61
:1028E0009D9D9D9D12121313131414141515151686
:1028F00016171717181819191A1A1A1B1B1C1C1D42
:102900001D1E1E1F1F2021212222232424252526AF
:10291000272828292A2A2B2C2D2D2E2F30313233EF
:10292000333435363738393A3B3C3D3E3F404142FF
:102930004345464748494A4B4D4E4F5051525455D6
:102940005657585A5B5C5D5E606162636465676898
:10295000696A6B6C6D6E6F70717374757677787869
:10296000797A7B7C7D7E7F8080818283848485866A
:1029700087878889898A8B8B8C8D8D8E8E8F90909E
:102980009191929293939494959596969697979801
:10299000989999999A9A9A9B9B9C9C9C9D9D9D9E87
:1029A00012121313131414141515151616171717DE
:1029B000181819191A1A1A1B1B1C1C1D1D1E1E1F64
:1029C0001F202121222223242425252627272829C8
:1029D0002A2A2B2C2D2D2E2F3031323333343536FD
:1029E0003738393A3B3C3D3E3F40414243454647FC
:1029F00048494A4B4D4E4F50515254555657585ACC
:102A00005B5C5D5E6061626364656768696A6B6C8C
:102A10006D6E6F707273747576777878797A7B7C67
:102A20007D7E7F8080818283848485868787888974
:102A3000898A8B8B8C8D8D8E8E8F909091919292B6
:102A40009393949495959696969797989899999923
:102A50009A9A9A9B9B9C9C9C9D9D9D9E12121313DF
:102A60001314141415151516161717171818191905
:102A7000191A1A1B1B1C1C1D1D1E1E1F1F20212185
:102A80002222232424252526272728292A2A2B2CDD
:102A90002D2D2E2F30313232333435363738393A06
:102AA0003B3C3D3E3F4041424345464748494A4BF7
:102AB0004C4E4F50515254555657585A5B5C5D5EC0
:102AC0006061626364656768696A6B6C6D6E6F7084
:102AD0007273747576777879797A7B7C7D7E7F8066
:102AE000818182838484858687878889898A8B8B84
:102AF0008C8D8D8E8E8F90909191929293939494D1
:102B00009595969697979798989999999A9A9A9B46
:102B10009B9C9C9C9D9D9D9E121213131314141438
:102B2000151515161617171718181919191A1A1B2B
:102B30001B1C1C1D1D1E1E1F1F20212122222324A1
:102B400024252526272728292A2A2B2C2D2D2E2FF0
:102B500030313232333435363738393A3B3C3D3E0A
:102B60003F4041424345464748494A4B4C4E4F50EF
:102B7000515254555657585A5B5C5D5E60616263B2
:102B800064656768696A6B6C6D6E6F70727374757B
:102B900076777879797A7B7C7D7E7F80818182836C
:102BA0008484858687878889898A8B8B8C8D8D8E96
:102BB0008E8F9090919192929393949495959696EE
:102BC00097979798989999999A9A9B9B9B9C9C9C6C
:102BD0009D9D9D9E12121313131414141515151692
:102BE0001617171718181919191A1A1B1B1C1C1D50
:102BF0001D1E1E1F1F2021212222232324252526BE
:102C0000272728292A2A2B2C2D2D2E2F30313232FE
:102C1000333435363738393A3B3C3D3E3F4041420C
:102C20004345464748494A4B4C4E4F5051525455E4
:102C30005657585A5B5C5D5E6061626364656768A5
:102C4000696A6B6C6D6E6F70727374757677787974
:102C5000797A7B7C7D7E7F80818182838484858676
:102C600087878889898A8B8B8C8D8D8E8E8F9090AB
:102C7000919192929393949495959696979797980D
:102C8000989999999A9A9B9B9B9C9C9C9D9D9D9E93
:102C900012121313131414141515151616171717EB
:102CA00018181919191A1A1B1B1C1C1D1D1E1E1F72
:102CB0001F202121222223232425252627272829D6
:102CC0002A2A2B2C2D2D2E2F30313232333435360B
:102CD0003738393A3B3C3D3E3F4041424345464709
:102CE00048494A4B4C4E4F50515254555657585ADA
:102CF0005B5C5D5E6061626364656768696A6B6C9A
:102D00006D6E6F707273747576777879797A7B7C73
:102D10007D7E7F8081818283848485868787888980
:102D2000898A8B8B8C8D8D8E8E8F909091919292C3
:102D3000939394949595969697979798989999992F
:102D40009A9A9B9B9B9C9C9C9D9D9D9E12121313EB
:102D50001314141415151516161717171818191912
:102D6000191A1A1B1B1C1C1D1D1E1E1F1F20212192
:102D70002222232424252526272728292A2A2B2CEA
:102D80002D2D2E2F30313232333435363738393A13
:102D90003B3C3D3E3F4041424345464748494A4B04
:102DA0004C4E4F50515254555657585A5B5C5D5ECD
:102DB0006061626364656768696A6B6C6D6E6F7091
:102DC0007273747576777879797A7B7C7D7E7F8073
:102DD000818182838484858687878889898A8B8B91
:102DE0008C8D8D8E8E8F90909191929293939494DE
:102DF0009595969697979798989999999A9A9B9B53
:102E00009B9C9C9C9D9D9D9E121213131314141445
:102E1000151515161617171718181919191A1A1B38
:102E20001B1C1C1D1D1E1E1F1F20212122222324AE
:102E300024252526272728292A2A2B2C2D2D2E2FFD
:102E400030313232333435363738393A3B3C3D3E17
:102E50003F4041424345464748494A4B4C4E4F50FC
:102E6000515254555657585A5B5C5D5E60616263BF
:102E700064656768696A6B6C6D6E6F707273747588
:102E800076777879797A7B7C7D7E7F808181828379
:102E90008484858687878889898A8B8B8C8D8D8EA3
:102EA0008E8F9090919192929393949495959696FB
:102EB00097979798989999999A9A9A9B9B9C9C9C7A
:102EC0009D9D9D9E1212131313141414151515169F
:102ED00016171717181819191A1A1A1B1B1C1C1D5C
:102EE0001D1E1E1F1F2021212222232424252526CA
:102EF000272728292A2A2B2C2D2D2E2F303132330B
:102F0000333435363738393A3B3C3D3E3F40414219
:102F10004345464748494A4B4D4E4F5051525455F0
:102F20005657585A5B5C5D5E6061626364656768B2
:102F3000696A6B6C6D6E6F70727374757677787882
:102F4000797A7B7C7D7E7F80808182838484858684
:102F500087878889898A8B8B8C8D8D8E8E8F9090B8
:102F6000919192929393949495959696969797981B
:102F7000989999999A9A9A9B9B9C9C9C9D9D9D9EA1
:102F800012121313131414141515151616171717F8
:102F9000181819191A1A1A1B1B1C1C1D1D1E1E1F7E
:102FA0001F202121222223242425252627282829E1
:102FB0002A2A2B2C2D2D2E2F303132333334353617
:102FC0003738393A3B3C3D3E3F4041424345464716
:102FD00048494A4B4D4E4F50515254555657585AE6
:102FE0005B5C5D5E6061626364656768696A6B6CA7
:102FF0006D6E6F707173747576777878797A7B7C83
:103000007D7E7F808081828384848586878788898E
:10301000898A8B8B8C8D8D8E8E8F909091919292D0
:10302000939394949595969696979798989999993D
:103030009A9A9A9B9B9C9C9C9D9D9D9E12121313F9
:10304000131414141515161616171717181819191E
:103050001A1A1A1B1B1C1C1D1D1E1E1F1F2021219E
:103060002222232424252626272828292A2A2B2CF5
:103070002D2E2E2F30313233333435363738393A1E
:103080003B3C3D3E3F4041424345464748494A4B11
:103090004D4E4F50515254555657585A5B5C5D5ED9
:1030A0006061626364656768696A6B6C6D6E6F709E
:1030B0007173747576777778797A7B7C7D7E7F8083
:1030C000808182838484858687878889898A8B8B9F
:1030D0008C8D8D8E8E8F90909191929293939494EB
:1030E0009595969696979798989999999A9A9A9B62
:1030F0009B9C9C9C9D9D9D9D121213131314141454
:103100001515161616171717181819191A1A1A1B43
:103110001B1C1C1D1D1E1E1F2020212122222324BA
:1031200024252626272828292A2A2B2C2D2E2E2F07
:1031300030313233333435363738393A3B3C3D3E23
:103140003F4041424345464748494A4B4D4E4F5008
:10315000515254555657585A5B5C5D5E60616263CC
:1031600064656668696A6B6C6D6E6F707172737599
:1031700076767778797A7B7C7D7E7F80808182838A
:103180008484858687878889898A8B8B8C8D8D8EB0
:103190008E8F8F9091919292939394949595969609
:1031A00096979798989899999A9A9A9B9B9B9C9C8A
:1031B0009C9D9D9D121213131314141415151616AD
:1031C00016171718181819191A1A1B1B1B1C1C1D67
:1031D0001D1E1E1F202021212222232424252626D5
:1031E000272828292A2B2B2C2D2E2E2F3031323315
:1031F000343435363738393A3B3C3D3E3F40414226
:103200004445464748494A4B4D4E4F5051525455FC
:103210005657585A5B5C5D5E6061626364656668C0
:10322000696A6B6C6D6E6F70717273747576777896
:10323000797A7B7C7D7E7F80808182838484858691
:1032400087878889898A8B8B8C8D8D8E8E8F8F90C6
:103250009191929293939494959595969697979829
:10326000989899999A9A9A9B9B9B9C9C9C9D9D9DB2
:103270001213131313141415151516161617171801
:10328000181819191A1A1B1B1C1C1C1D1D1E1F1F88
:1032900020202121222223242425262627282829EC
:1032A0002A2B2B2C2D2E2E2F303132333434353621
:1032B0003738393A3B3C3D3E3F4041424445464722
:1032C00048494A4B4D4E4F50515254555657585AF3
:1032D0005B5C5D5E5F61626364656668696A6B6CB6
:1032E0006D6E6F707172737475767778797A7B7C96
:1032F0007D7E7F7F8081828384848586868788899E
:10330000898A8B8B8C8C8D8E8E8F8F9091919292DF
:10331000939394949595959696979798989899994C
:103320009A9A9A9B9B9B9C9C9C9D9D9D1213131308
:103330001414141515151616161717181818191928
:103340001A1A1B1B1C1C1D1D1E1E1F1F20202121A5
:103350002223232424252626272828292A2B2B2C00
:103360002D2E2E2F30313233343535363738393A29
:103370003B3C3D3E3F4041424445464748494A4B1D
:103380004D4E4F50515254555657585A5B5C5D5EE6
:103390005F61626364656668696A6B6C6D6E6F70AD
:1033A0007172737475767778797A7B7C7D7E7F7F96
:1033B000808182838384858686878889898A8B8BAE
:1033C0008C8C8D8E8E8F8F909091929293939494FB
:1033D0009495959696979798989899999A9A9A9B72
:1033E0009B9B9C9C9C9D9D9D121313131414141560
:1033F0001515161616171718181819191A1A1B1B4F
:103400001C1C1D1D1E1E1F1F2020212122232324C2
:1034100024252626272828292A2B2B2C2D2E2F2F12
:1034200030313233343535363738393A3B3C3D3E2E
:103430003F4041434445464748494A4B4D4E4F5013
:10344000515254555657585A5B5C5D5E5F616263DA
:1034500064656668696A6B6C6D6E6F7071727374A7
:1034600075767778797A7B7C7D7E7F7F8081828399
:103470008384858686878888898A8A8B8C8C8D8EC2
:103480008E8F8F909091919292939394949595961C
:103490009697979898989999999A9A9B9B9B9C9C98
:1034A0009C9D9D9D121313131414141515151616B7
:1034B00017171718181919191A1A1B1B1C1C1D1D70
:1034C0001E1E1F1F202021212223232425252626DE
:1034D000272829292A2B2B2C2D2E2F2F3031323320
:1034E000343536363738393A3B3C3D3E3F40414330
:1034F0004445464748494A4B4D4E4F50515254550A
:103500005657585A5B5C5D5E5F61626364656668CE
:10351000696A6B6C6D6E6F707172737475767778A3
:10352000797A7B7C7D7E7E7F8081828383848586A1
:1035300086878888898A8A8B8C8C8D8E8E8F8F90D7
:10354000909191929293939494959596969797973C
:1035500098989999999A9A9B9B9B9C9C9C9D9D9DC0
:10356000121313131414141515151616171717180C
:10357000181919191A1A1B1B1C1C1D1D1E1E1F1F92
:1035800020202122222323242525262727282929F4
:103590002A2B2C2C2D2E2F30303132333435363728
:1035A0003738393A3B3C3D3E3F404243444546472D
:1035B00048494A4C4D4E4F50515254555657585AFF
:1035C0005B5C5D5E5F61626364656667696A6B6CC4
:1035D0006D6E6F707172737475767778797A7B7CA3
:1035E0007D7E7E7F808182828384858686878888AF
:1035F000898A8A8B8C8C8D8D8E8F8F9090919192F1
:10360000929393949495959696979797989899995D
:10361000999A9A9A9B9B9C9C9C9D9D9D1213131317
:103620001414141515161616171717181819191A31
:103630001A1A1B1B1C1C1D1D1E1E1F1F20202122B1
:103640002223232425252627272829292A2B2C2C09
:103650002D2E2F3030313233343536373838393A31
:103660003B3C3D3E3F4142434445464748494A4C26
:103670004D4E4F50515254555657585A5B5C5D5EF3
:103680005F61626364656667696A6B6C6D6E6F70BB
:103690007172737475767778797A7B7C7D7D7E7FA5
:1036A000808182828384858586878888898A8A8BBF
:1036B0008C8C8D8D8E8F8F9090919192929393940C
:1036C000949595969696979798989999999A9A9A83
:1036D0009B9B9B9C9C9C9D9D13131313141415156D
:1036E00015161616171718181819191A1A1B1B1B56
:1036F0001C1C1D1D1E1E1F1F2021212222232424CD
:10370000252526272728292A2A2B2C2C2D2E2F3019
:10371000303132333435363738393A3A3B3C3D3E36
:10372000404142434445464748494A4C4D4E4F501C
:10373000515354555657585A5B5C5D5E5F616263E6
:1037400064656667696A6B6C6D6E6F7071727374B5
:1037500075767778797A7B7C7D7D7E7F80818282A9
:103760008384858586878788898A8A8B8B8C8D8DD3
:103770008E8E8F909091919292939394949595962A
:103780009696979798989899999A9A9A9B9B9B9CAA
:103790009C9C9D9D131313141414151515161616C1
:1037A000171718181819191A1A1B1B1C1C1C1D1D79
:1037B0001E1E1F20202121222223242425252627E6
:1037C0002728292A2A2B2C2D2D2E2F303131323328
:1037D0003435363738393A3B3C3D3E3F4041424331
:1037E0004445464748494A4C4D4E4F505153545515
:1037F0005657585A5B5C5D5E5F61626364656667DD
:10380000686A6B6C6D6E6F707172737475767778B1
:10381000797A7B7C7C7D7E7F8081818283848585B3
:103820008687878889898A8B8B8C8D8D8E8E8F8FEA
:10383000909191929293939494959595969697974B
:1038400098989899999A9A9A9B9B9B9C9C9C9D9DD1
:103850001313131414141515151616161717181814
:103860001819191A1A1B1B1C1C1D1D1E1E1F1F2098
:103870002021212222232424252626272828292AFC
:103880002A2B2C2D2D2E2F30313232333435363732
:1038900038393A3B3C3D3E3F404142434445464730
:1038A00048494B4C4D4E4F50515354555657585A0A
:1038B0005B5C5D5E5F61626364656667686A6B6CD2
:1038C0006D6E6F707172737475767778797A7B7BB1
:1038D0007C7D7E7F808181828384848586878788C2
:1038E00089898A8B8B8C8C8D8E8E8F8F9090919204
:1038F0009293939494949595969697979798989970
:1039000099999A9A9B9B9B9C9C9C9D9D1313131425
:103910001414151515161617171718181919191A3A
:103920001A1B1B1C1C1D1D1E1E1F1F2020212122B7
:1039300023232424252626272828292A2B2B2C2D0F
:103940002E2E2F30313232333435363738393A3B38
:103950003C3D3E3F404142434445464748494B4C2D
:103960004D4E4F50515354555657585A5B5C5D5EFF
:103970005F6062636465666768696B6C6D6E6F70CB
:103980007172737475767778797A7A7B7C7D7E7FB5
:1039900080808182838484858687878889898A8BD1
:1039A0008B8C8C8D8E8E8F8F909091919292939321
:1039B00094949595969697979798989999999A9A95
:1039C0009A9B9B9C9C9C9D9D13131314141415157A
:1039D000161616171717181819191A1A1A1B1B1C5E
:1039E0001C1D1D1E1E1F1F202021222223232425D3
:1039F000252626272828292A2B2B2C2D2E2E2F3022
:103A0000313233333435363738393A3B3C3D3E3F3B
:103A1000404142434445464748494B4C4D4E4F5028
:103A2000515354555657585A5B5C5D5E5F606263F4
:103A30006465666768696A6C6D6E6F7071727374C5
:103A40007576777879797A7B7C7D7E7F80808182BC
:103A5000838384858686878888898A8A8B8C8C8DE7
:103A60008D8E8F8F9090919192929393949495953F
:103A7000969696979798989999999A9A9A9B9B9BBC
:103A80009C9C9C9D131314141415151516161617CB
:103A90001718181819191A1A1B1B1B1C1C1D1D1E80
:103AA0001E1F1F20202122222323242525262727ED
:103AB0002829292A2B2B2C2D2E2F2F30313233342D
:103AC0003435363738393A3B3C3D3E3F404142433E
:103AD00044454647484A4B4C4D4E4F505153545520
:103AE0005657585A5B5C5D5E5F60626364656667EB
:103AF00068696A6C6D6E6F707172737475767778C1
:103B000078797A7B7C7D7E7F7F80818283838485C8
:103B10008686878888898A8A8B8C8C8D8D8E8F8FFC
:103B2000909091919292939394949595969696975E
:103B30009798989899999A9A9A9B9B9B9C9C9C9DE4
:103B4000131314141415151516161617171818181C
:103B500019191A1A1B1B1C1C1C1D1D1E1E1F2020A0
:103B60002121222223242425252627272829292A02
:103B70002B2C2C2D2E2F2F30313233343435363739
:103B800038393A3B3C3D3E3F40414243444546473D
:103B9000484A4B4C4D4E4F50515354555657585A16
:103BA0005B5C5D5E5F6062636465666768696A6BE3
:103BB0006C6E6F70717273747576777778797A7BC3
:103BC0007C7D7E7E7F8081828283848585868788D6
:103BD00088898A8A8B8B8C8D8D8E8E8F9090919117
:103BE0009292939394949595959696979798989882
:103BF0009999999A9A9B9B9B9C9C9C9D1313141436
:103C000014151515161617171718181919191A1A41
:103C10001B1B1C1C1D1D1E1E1F1F202021212222BC
:103C2000232424252526272728292A2A2B2C2C2D16
:103C30002E2F3030313233343535363738393A3B40
:103C40003C3D3E3F4041424344454647494A4B4C38
:103C50004D4E4F50515354555657585A5B5C5D5E0C
:103C60005F6061636465666768696A6B6C6D6F70DD
:103C7000717273747575767778797A7B7C7D7E7EC8
:103C80007F80818282838485858687878889898AE7
:103C90008B8B8C8D8D8E8E8F8F9090919292939333
:103CA0009394949595969697979798989999999AA9
:103CB0009A9A9B9B9C9C9C9D131314141515151686
:103CC0001616171717181819191A1A1A1B1B1C1C65
:103CD0001D1D1E1E1F1F20202121222323242425D9
:103CE0002626272828292A2A2B2C2D2D2E2F303026
:103CF000313233343536363738393A3B3C3D3E3F46
:103D00004041424344454647494A4B4C4D4E4F5033
:103D1000525354555657585A5B5C5D5E5F60616301
:103D20006465666768696A6B6C6D6E6F70717273DB
:103D30007475767778797A7B7C7D7D7E7F808181D2
:103D400082838484858687878889898A8B8B8C8CFB
:103D50008D8E8E8F8F909091919292939394949553
:103D600095969696979798989999999A9A9A9B9BCF
:103D70009B9C9C9C131414141515151616161717D6
:103D800018181819191A1A1A1B1B1C1C1D1D1E1E87
:103D90001F1F2020212222232324242526262728F2
:103DA00028292A2A2B2C2D2D2E2F30313132333435
:103DB0003536373838393A3B3C3D3E3F4041424347
:103DC00044454648494A4B4C4D4E4F50525354552A
:103DD000565758595B5C5D5E5F60616364656667FA
:103DE00068696A6B6C6D6E6F7071727374757677DB
:103DF00078797A7B7C7C7D7E7F80818182838484DC
:103E0000858687878889898A8A8B8C8C8D8D8E8F11
:103E10008F90909191929293939494959596969673
:103E2000979798989899999A9A9A9B9B9B9C9C9CF7
:103E30001314141415151516161717171818181922
:103E4000191A1A1B1B1C1C1C1D1D1E1E1F1F2021A6
:103E500021222223232425252627272829292A2B06
:103E60002B2C2D2E2E2F303132323334353637383D
:103E700039393A3B3C3D3E3F404142434445474847
:103E8000494A4B4C4D4E4F50525354555657585922
:103E90005B5C5D5E5F6061626465666768696A6BF2
:103EA0006C6D6E6F707172737475767778797A7BDA
:103EB0007B7C7D7E7F8080818283848485868687EB
:103EC0008888898A8A8B8C8C8D8D8E8E8F9090912C
:103ED0009192929393949495959596969797979897
:103EE000989999999A9A9B9B9B9C9C9C1314141447
:103EF000151516161617171718181919191A1A1B47
:103F00001B1C1C1D1D1E1E1F1F20202121222223C1
:103F1000242425252627272829292A2B2B2C2D2E1A
:103F20002E2F30313233333435363738393A3B3B44
:103F30003C3D3E3F4041424345464748494A4B4C41
:103F40004D4E4F5052535455565758595B5C5D5E19
:103F50005F6061626465666768696A6B6C6D6E6FED
:103F6000707172737475767778797A7B7B7C7D7EDD
:103F70007F80808182838384858686878888898AFA
:103F80008A8B8B8C8D8D8E8E8F8F9090919292924A
:103F900093939494959596969797979898999999BD
:103FA0009A9A9A9B9B9B9C9C141414151515161693
:103FB00016171718181819191A1A1A1B1B1C1C1D6A
:103FC0001D1E1E1F1F2020212122232324242526DD
:103FD0002627272829292A2B2C2C2D2E2F2F30312C
:103FE0003233333435363738393A3B3C3D3E3E3F49
:103FF0004041434445464748494A4B4C4D4E4F503B
:1040000052535455565758595B5C5D5E5F60616210
:104010006365666768696A6B6C6D6E6F70717273E9
:10402000747576777879797A7B7C7D7E7F7F8081E5
:104030008282838485858687878889898A8B8B8C11
:104040008C8D8E8E8F8F9090919192929393949469
:104050009595969696979798989899999A9A9A9BE3
:104060009B9B9C9C141414151515161617171718DE
:10407000181819191A1A1B1B1B1C1C1D1D1E1E1F8C
:104080001F202021222223232424252626272828F6
:10409000292A2A2B2C2C2D2E2F3030313233343438
:1040A00035363738393A3B3C3D3E3F404142434448
:1040B00045464748494A4B4C4D4E4F515253545533
:1040C000565758595B5C5D5E5F6061626365666709
:1040D00068696A6B6C6D6E6F7071727374757677E8
:1040E0007878797A7B7C7D7E7E7F808182828384F2
:1040F00085858687878889898A8B8B8C8C8D8D8E28
:104100008F8F909091919292939394949595959688
:104110009697979898989999999A9A9B9B9B9C9C0B
:104120001414141515161616171717181819191927
:104130001A1A1B1B1C1C1D1D1D1E1E1F20202121A9
:10414000222223232425252626272828292A2A2B0C
:104150002C2D2D2E2F303031323334353536373843
:10416000393A3B3C3D3E3F40414243444546474847
:10417000494A4B4C4D4E4F5152535455565758592E
:104180005B5C5D5E5F6061626364666768696A6B01
:104190006C6D6E6F70717273747576777778797AEB
:1041A0007B7C7D7D7E7F8081818283848485868601
:1041B000878888898A8A8B8C8C8D8D8E8E8F909043
:1041C00091919292939394949495959696979797AC
:1041D00098989999999A9A9A9B9B9B9C1414151557
:1041E00015161616171718181819191A1A1A1B1B4C
:1041F0001C1C1D1D1E1E1F1F2020212122222324C6
:104200002425252627272829292A2B2B2C2D2E2E1D
:104210002F3031313233343536363738393A3B3C4A
:104220003D3E3F404142434445464748494A4B4C46
:104230004D4E505152535455565758595B5C5D5E24
:104240005F6061626364656768696A6B6C6D6E6FFD
:1042500070717273747576767778797A7B7C7D7DF0
:104260007E7F808181828384848586868788888911
:104270008A8A8B8B8C8D8D8E8E8F8F909091919260
:1042800092939394949595969696979798989899D3
:10429000999A9A9A9B9B9B9C1414151515161617A0
:1042A000171718181819191A1A1B1B1B1C1C1D1D6F
:1042B0001E1E1F1F202021212223232424252626E1
:1042C00027272829292A2B2B2C2D2E2E2F3031322F
:1042D0003233343536373738393A3B3C3D3E3F4050
:1042E0004142434445464748494A4B4C4D4E505144
:1042F00052535455565758595B5C5D5E5F6061621E
:104300006364656668696A6B6C6D6E6F70717273F9
:10431000747475767778797A7B7C7C7D7E7F8080FB
:10432000818283838485858687888889898A8B8B27
:104330008C8C8D8E8E8F8F9090919192929393947E
:1043400094959595969697979898989999999A9AF9
:104350009A9B9B9B141515151616161717171818E8
:104360001919191A1A1B1B1C1C1C1D1D1E1E1F1F90
:1043700020202122222323242425262627282829F9
:104380002A2A2B2C2C2D2E2F2F303132333334353B
:1043900036373839393A3B3C3D3E3F404142434451
:1043A00045464748494A4B4C4D4F5051525354553E
:1043B000565758595B5C5D5E5F6061626364656619
:1043C00067686A6B6C6D6E6F7071727273747576FC
:1043D0007778797A7B7B7C7D7E7F7F808182828308
:1043E0008485858687878889898A8B8B8C8C8D8D3F
:1043F0008E8F8F909091919292939394949495959F
:10440000969697979798989999999A9A9A9B9B9B21
:1044100014151515161616171718181819191A1A2B
:104420001A1B1B1C1C1D1D1E1E1F1F2020212122AC
:104430002223232425252626272828292A2A2B2C0F
:104440002D2D2E2F30303132333334353637383945
:104450003A3A3B3C3D3E3F40414243444546474853
:10446000494A4B4C4D4F5051525354555657585939
:104470005B5C5D5E5F606162636465666768696A14
:104480006B6C6D6E6F707172737475767778797A04
:104490007A7B7C7D7E7F7F80818282838484858617
:1044A00087878888898A8A8B8C8C8D8D8E8E8F8F5A
:1044B00090909191929293939494959596969697C5
:1044C0009798989899999A9A9A9B9B9B1415151668
:1044D000161617171718181819191A1A1B1B1B1C50
:1044E0001C1D1D1E1E1F1F202021212222232424CB
:1044F00025252627272829292A2B2B2C2D2D2E2F21
:104500003030313233343435363738393A3B3B3C4E
:104510003D3E3F404142434445464748494A4B4C53
:104520004E4F505152535455565758595B5C5D5E2F
:104530005F606162636465666768696A6B6C6D6E13
:104540006F70717273747576777879797A7B7C7D08
:104550007E7E7F8081818283848485868687888829
:10456000898A8A8B8B8C8D8D8E8E8F8F9090919176
:1045700092929393949495959596969797979898E9
:104580009999999A9A9A9B9B1515151616161717AD
:104590001718181919191A1A1B1B1C1C1D1D1D1E72
:1045A0001E1F1F20202122222323242425262627E4
:1045B000272829292A2B2B2C2D2E2E2F3031313232
:1045C00033343535363738393A3B3C3D3D3E3F4054
:1045D0004142434445464748494A4B4D4E4F50514E
:1045E00052535455565758595A5C5D5E5F6061622C
:1045F000636465666768696A6B6C6D6E6F70717213
:1046000073747576777878797A7B7C7D7D7E7F8010
:1046100081818283838485868687888889898A8B3D
:104620008B8C8C8D8E8E8F8F909091919292939394
:104630009494949595969697979798989899999A0F
:104640009A9A9B9B151515161617171718181819EF
:10465000191A1A1A1B1B1C1C1D1D1E1E1F1F202091
:104660002121222223232425252626272828292AFA
:104670002A2B2C2C2D2E2E2F30313232333435363E
:10468000363738393A3B3C3D3E3F40404142434457
:1046900045464748494A4C4D4E4F50515253545548
:1046A000565758595A5C5D5E5F6061626364656627
:1046B0006768696A6B6C6D6E6F7071727374757612
:1046C000777778797A7B7C7C7D7E7F80808182831E
:1046D000838485858687878889898A8A8B8C8C8D57
:1046E0008D8E8E8F8F9090919192929393949495BA
:1046F0009596969697979898989999999A9A9A9B39
:10470000151516161617171718181919191A1A1B2E
:104710001B1B1C1C1D1D1E1E1F1F202021212222B1
:1047200023242425252627272828292A2A2B2C2C10
:104730002D2E2F2F30313233333435363737383949
:104740003A3B3C3D3E3F4041424343444546474956
:104750004A4B4C4D4E4F5051525354555657585941
:104760005A5C5D5E5F606162636465666768696A22
:104770006B6C6D6E6F707172737475757677787916
:104780007A7B7B7C7D7E7F7F80818282838484852F
:104790008687878888898A8A8B8B8C8D8D8E8E8F71
:1047A0008F909091919292939394949595959696DB
:1047B00097979798989999999A9A9A9B151516167A
:1047C00016171718181819191A1A1A1B1B1C1C1D52
:1047D0001D1D1E1E1F1F20202122222323242425CD
:1047E000252627272829292A2B2B2C2D2D2E2F3023
:1047F0003031323333343536373838393A3B3C3D53
:104800003E3F404142434445464748494A4B4C4D50
:104810004E4F505152535455565758595A5C5D5E3D
:104820005F606162636465666768696A6B6C6D6E20
:104830006F70717273747475767778797A7A7B7C1D
:104840007D7E7E7F80818182838484858686878841
:104850008889898A8B8B8C8C8D8E8E8F8F9090918E
:104860009192929393939494959596969697979800
:1048700098989999999A9A9B1516161617171718BA
:10488000181819191A1A1B1B1B1C1C1D1D1E1E1F74
:104890001F202021212222232324242526262727E6
:1048A0002829292A2B2B2C2D2E2E2F303131323333
:1048B000343435363738393A3A3B3C3D3E3F404157
:1048C00042434445464748494A4B4C4D4E4F505150
:1048D00052535455565758595A5B5D5E5F6061623A
:1048E000636465666768696A6B6C6D6E6F70717220
:1048F0007273747576777879797A7B7C7D7E7E7F2A
:104900008081818283838485858687878889898A57
:104910008B8B8C8C8D8D8E8E8F8F909091919292AF
:104920009393949495959596969797979898999927
:10493000999A9A9A151616161717181818191919F8
:104940001A1A1B1B1C1C1C1D1D1E1E1F1F20202194
:1049500021222223242425252626272828292A2AFD
:104960002B2C2C2D2E2E2F30313132333435353641
:104970003738393A3B3B3C3D3E3F4041424344455A
:10498000464748494A4B4C4D4E4F5051525354554F
:10499000565758595A5B5D5E5F6061626364656635
:1049A0006768696A6B6C6D6E6F7071717273747524
:1049B00076777878797A7B7C7D7D7E7F8080818236
:1049C00083838485858687878889898A8A8B8B8C6F
:1049D0008D8D8E8E8F8F90909191929293939494CF
:1049E000949595969697979798989899999A9A9A50
:1049F00016161617171718181819191A1A1A1B1B32
:104A00001C1C1D1D1E1E1E1F1F20202122222323B1
:104A1000242425252627272828292A2A2B2C2C2D13
:104A20002E2F2F3031323233343536363738393A4B
:104A30003B3C3C3D3E3F404142434445464748495C
:104A40004A4B4C4D4E4F505152535455565758594E
:104A50005A5B5C5E5F606162636465666768696A31
:104A60006B6C6D6E6F6F707172737475767777782B
:104A7000797A7B7C7C7D7E7F7F8081828283848447
:104A8000858686878888898A8A8B8B8C8C8D8E8E8A
:104A90008F8F9090919192929393939494959596F1
:104AA000969697979898989999999A9A161616178C
:104AB000171718181919191A1A1B1B1B1C1C1D1D56
:104AC0001E1E1F1F202021212222232324242526CD
:104AD0002627272829292A2B2B2C2D2D2E2F303025
:104AE00031323333343536373738393A3B3C3D3D54
:104AF0003E3F404142434445464748494A4B4C4D5E
:104B00004E4F505152535455565758595A5B5C5D4D
:104B10005F606162636465666768696A6B6C6C6D2F
:104B20006E6F70717273747576767778797A7B7B35
:104B30007C7D7E7F7F808181828384848586868759
:104B4000888889898A8B8B8C8C8D8D8E8E8F8F90A7
:104B50009091919292939394949595959696979718
:104B60009798989899999A9A1616171717181818C7
:104B700019191A1A1A1B1B1C1C1D1D1D1E1E1F1F76
:104B800020202121222223242425252626272828E7
:104B9000292A2A2B2B2C2D2E2E2F30303132333434
:104BA000343536373838393A3B3C3D3E3F3F40415B
:104BB00042434445464748494A4B4C4D4E4F50515D
:104BC00052535455565758595A5B5C5D5E6061624A
:104BD000636465666768696A6A6B6C6D6E6F707135
:104BE0007273747575767778797A7A7B7C7D7E7E40
:104BF0007F80818182838384858586878788898970
:104C00008A8A8B8B8C8D8D8E8E8F8F9090919192C6
:104C1000929393939494959596969697979898983F
:104C20009999999A161617171718181919191A1AFF
:104C30001B1B1B1C1C1D1D1E1E1F1F202021212293
:104C4000222323242425252627272828292A2A2BFE
:104C50002C2C2D2E2E2F3031313233343435363743
:104C60003839393A3B3C3D3E3F404141424344455F
:104C7000464748494A4B4C4D4E4F5051525354555C
:104C8000565758595A5B5C5D5E5F6061626364654C
:104C9000666768696A6B6C6D6E6F7071727374743D
:104CA0007576777879797A7B7C7D7D7E7F8080814F
:104CB0008283838485858687878888898A8A8B8B87
:104CC0008C8C8D8D8E8F8F909091919192929393E9
:104CD0009494959595969697979798989999999A67
:104CE0001617171718181819191A1A1A1B1B1C1C33
:104CF0001C1D1D1E1E1F1F202021212222232324B4
:104D00002425262627272829292A2B2B2C2D2D2E12
:104D10002F2F3031323233343535363738393A3A4D
:104D20003B3C3D3E3F404142424344454647484963
:104D30004A4B4C4D4E4F505152535455565758595B
:104D40005A5B5C5D5E5F606162636465666768694B
:104D50006A6B6C6D6E6F7071727373747576777841
:104D600079797A7B7C7C7D7E7F7F8081828283845F
:104D70008485868687888889898A8B8B8C8C8D8DA3
:104D80008E8E8F8F9090919192929393949494950C
:104D900095969696979798989899999916171717A0
:104DA00018181919191A1A1B1B1B1C1C1D1D1E1E55
:104DB0001E1F1F20202121222223242425252626D0
:104DC00027282829292A2B2B2C2D2D2E2F30303126
:104DD000323333343536363738393A3B3B3C3D3E57
:104DE0003F40414243444445464748494A4B4C4D65
:104DF0004E4F505152535455565758595A5B5C5D5B
:104E00005E5F606162636465666768696A6B6C6D4A
:104E10006E6F7071727273747576777878797A7B49
:104E20007C7C7D7E7F7F8081818283848485858672
:104E300087878889898A8A8B8B8C8D8D8E8E8F8FC0
:104E40009090919192929293939494959595969631
:104E500097979798989999991717171818181919D3
:104E6000191A1A1B1B1C1C1C1D1D1E1E1F1F202077
:104E700021212222232324242525262727282829E7
:104E80002A2A2B2C2C2D2E2E2F3030313233333436
:104E90003536373738393A3B3C3C3D3E3F4041425E
:104EA00043444546464748494A4B4C4D4E4F505166
:104EB00052535455565758595A5B5C5D5E5F60615A
:104EC00062636465666768696A6B6C6D6E6F70704B
:104ED000717273747576777778797A7B7B7C7D7E57
:104EE0007E7F808181828383848585868787888889
:104EF000898A8A8B8B8C8C8D8D8E8E8F8F909091E2
:104F00009192929393949494959596969697979858
:104F10009898999917171718181919191A1A1A1B06
:104F20001B1C1C1D1D1D1E1E1F1F20202121222297
:104F30002323242425262627272829292A2A2B2CFF
:104F40002C2D2E2F2F303131323334343536373843
:104F500038393A3B3C3D3D3E3F4041424344454663
:104F6000474848494A4B4C4D4E4F50515253545567
:104F7000565758595A5B5C5D5E5F60616263646559
:104F8000666768696A6B6C6D6E6F6F70717273744F
:104F90007576767778797A7A7B7C7D7D7E7F808066
:104FA00081828283848485868687888889898A8BA2
:104FB0008B8C8C8D8D8E8E8F8F9090919192929301
:104FC0009393949495959696969797979898999980
:104FD00017171818181919191A1A1B1B1B1C1C1D36
:104FE0001D1E1E1F1F2020202121222323242425B3
:104FF00025262627282829292A2B2B2C2D2D2E2F14
:105000002F303132323334353536373839393A3B4F
:105010003C3D3E3E3F404142434445464748494A65
:105020004A4B4C4D4E4F5051525354555657585968
:105030005A5B5C5D5E5F6061626364656667686958
:105040006A6B6C6D6E6E6F70717273747575767756
:105050007879797A7B7C7D7D7E7F7F808182828377
:10506000848485868687878889898A8A8B8B8C8DBC
:105070008D8E8E8F8F909091919192929393949424
:1050800095959596969797979898989917171818B1
:105090001819191A1A1A1B1B1C1C1D1D1D1E1E1F58
:1050A0001F202021212222232324242525262727CF
:1050B0002828292A2A2B2C2C2D2E2E2F3030313225
:1050C0003233343536363738393A3A3B3C3D3E3F59
:1050D00040404142434445464748494A4B4C4C4D69
:1050E0004E4F505152535455565758595A5B5C5D68
:1050F0005E5F606162636465666768696A6B6C6C59
:105100006D6E6F7071727374747576777878797A62
:105110007B7C7C7D7E7F7F8081818283838485858B
:105120008687878888898A8A8B8B8C8C8D8D8E8EDA
:105130008F8F90909191929293939394949595964A
:105140009696979797989899171818181919191AE1
:105150001A1B1B1B1C1C1D1D1E1E1F1F1F20202178
:105160002122222323242525262627272829292AE8
:105170002A2B2C2C2D2E2E2F303131323333343537
:1051800036363738393A3B3B3C3D3E3F4041414261
:10519000434445464748494A4B4C4D4E4E4F50516B
:1051A00052535455565758595A5B5C5D5E5F606167
:1051B00062636465666768696A6B6B6C6D6E6F705D
:1051C00071727373747576777778797A7B7B7C7D6F
:1051D0007E7E7F80808182838384848586868788A3
:1051E0008889898A8A8B8C8C8D8D8E8E8F8F9090FA
:1051F0009191929292939394949595959696979770
:10520000979898981718181819191A1A1A1B1B1C0E
:105210001C1C1D1D1E1E1F1F202021212222232396
:1052200024242525262627282829292A2B2B2C2DFE
:105230002D2E2F2F30313132333434353637373845
:10524000393A3B3C3C3D3E3F404142424344454667
:105250004748494A4B4C4D4E4F505051525354556C
:10526000565758595A5B5C5D5E5F60616263646566
:10527000666768696A6A6B6C6D6E6F707172727363
:10528000747576777778797A7A7B7C7D7D7E7F807E
:105290008081828283848485868687878889898ABB
:1052A0008A8B8B8C8C8D8D8E8E8F8F90909191921E
:1052B0009293939494949595969696979797989899
:1052C0001818181919191A1A1B1B1B1C1C1D1D1E36
:1052D0001E1E1F1F202021212222232324242526B5
:1052E0002627272828292A2A2B2B2C2D2D2E2F2F15
:1052F000303132323334353536373838393A3B3C51
:105300003D3D3E3F40414243434445464748494A6C
:105310004B4C4D4E4F50515152535455565758596E
:105320005A5B5C5D5E5F6061626364656667686866
:10533000696A6B6C6D6E6F7071717273747576766D
:10534000777879797A7B7C7D7D7E7F7F8081818291
:105350008383848585868787888889898A8B8B8CD7
:105360008C8D8D8E8E8F8F9090919192929293933F
:1053700094949595959696979797989818181919C3
:10538000191A1A1A1B1B1C1C1C1D1D1E1E1F1F2058
:1053900020212122222323242425252626272728CD
:1053A00029292A2A2B2C2C2D2E2E2F303031323326
:1053B0003334353536373839393A3B3C3D3E3E3F5C
:1053C00040414243444445464748494A4B4C4D4E70
:1053D0004F50515252535455565758595A5B5C5D71
:1053E0005E5F60616263646566676768696A6B6C6B
:1053F0006D6E6F7070717273747575767778797978
:105400007A7B7C7C7D7E7E7F8081818283838485A4
:1054100085868687888889898A8A8B8B8C8D8D8EF4
:105420008E8F8F9090909191929293939494949563
:10543000959696969797979818181919191A1A1BEE
:105440001B1B1C1C1D1D1E1E1E1F1F202021212278
:1054500022232324242525262627282829292A2BE8
:105460002B2C2D2D2E2F2F30313132333334353636
:10547000363738393A3A3B3C3D3E3E3F4041424365
:10548000444545464748494A4B4C4D4E4F50515272
:1054900053535455565758595A5B5C5D5E5F606173
:1054A0006263646566666768696A6B6C6D6E6F6F70
:1054B0007071727374747576777878797A7B7B7C87
:1054C0007D7E7E7F808081828283848485868687BC
:1054D000878889898A8A8B8B8C8C8D8D8E8E8F8F15
:1054E000909091919292929393949495959596968B
:1054F00097979798181919191A1A1A1B1B1C1C1C14
:105500001D1D1E1E1F1F2020202121222223232497
:105510002525262627272828292A2A2B2B2C2D2DFE
:105520002E2F2F3031313233343435363737383946
:105530003A3B3B3C3D3E3F3F40414243444546466B
:105540004748494A4B4C4D4E4F5051525354545575
:10555000565758595A5B5C5D5E5F60616263646573
:1055600065666768696A6B6C6D6E6E6F7071727379
:1055700073747576777778797A7A7B7C7D7D7E7F98
:105580007F808182828383848585868787888889D6
:10559000898A8B8B8C8C8D8D8E8E8F8F9090919134
:1055A00091929293939494949595969696979797B3
:1055B000181919191A1A1B1B1B1C1C1D1D1D1E1E38
:1055C0001F1F2020212122222323242425252626B3
:1055D00027272829292A2A2B2C2C2D2E2E2F303014
:1055E0003132323334353536373838393A3B3B3C53
:1055F0003D3E3F4040414243444546474748494A73
:105600004B4C4D4E4F505152535454555657585978
:105610005A5B5C5D5E5F6061626364646566676877
:10562000696A6B6C6D6D6E6F707172727374757682
:10563000767778797A7A7B7C7C7D7E7F7F808181AA
:10564000828383848585868687888889898A8A8BF0
:105650008B8C8C8D8D8E8E8F8F909091919292935A
:105660009393949495959596969697971919191AD8
:105670001A1A1B1B1C1C1C1D1D1E1E1F1F1F202059
:1056800021212222232324242525262727282829CF
:10569000292A2B2B2C2D2D2E2E2F30303132333327
:1056A00034353536373839393A3B3C3C3D3E3F405E
:1056B00041414243444546474848494A4B4C4D4E78
:1056C0004F50515253545455565758595A5B5C5D7C
:1056D0005E5F60616263636465666768696A6B6C7C
:1056E0006C6D6E6F70717172737475767677787990
:1056F000797A7B7C7C7D7E7E7F80808182828384C0
:105700008485868687878888898A8A8B8B8C8C8D0E
:105710008D8E8E8F8F90909191919292939394947D
:1057200094959596969697971919191A1A1B1B1BFB
:105730001C1C1D1D1D1E1E1F1F2020212122222377
:105740002324242525262627272828292A2A2B2BE7
:105750002C2D2D2E2F2F3031313233333435363638
:10576000373839393A3B3C3D3D3E3F404142424368
:10577000444546474849494A4B4C4D4E4F5051527B
:1057800053545555565758595A5B5C5D5E5F60617E
:105790006262636465666768696A6B6B6C6D6E6F85
:1057A000707071727374757576777878797A7B7B9F
:1057B0007C7D7E7E7F8080818282838384858586D6
:1057C0008787888889898A8A8B8B8C8D8D8E8E8E2F
:1057D0008F8F9090919192929393939494959595A5
:1057E0009696969719191A1A1A1B1B1C1C1C1D1D1C
:1057F0001E1E1F1F1F202021212222232324242597
:1058000025262627282829292A2A2B2C2C2D2E2EFE
:105810002F30303132323334343536373738393A45
:105820003A3B3C3D3E3E3F40414243434445464770
:1058300048494A4A4B4C4D4E4F505152535455557E
:10584000565758595A5B5C5D5E5F60616162636484
:1058500065666768696A6A6B6C6D6E6F707071728D
:105860007374747576777778797A7A7B7C7D7D7EB0
:105870007F7F8081818283838484858686878788F1
:1058800089898A8A8B8B8C8C8D8D8E8E8F8F909050
:1058900091919192929393949494959596969697CC
:1058A00016161615151515151414141414131313B0
:1058B00013131212121211111111111010101010D5
:1058C0000F0F0F0F0E0E0E0E0E0D0D0D0D0D0C0CFD
:1058D0000C0C0C0B0B0B0B0B0B0A0A0A0A0A09091E
:1058E0000909090909080808080808080808070735
:1058F0000707070707070707070707070707070738
:105900000707070707070707070707070707080825
:1059100008080808080808090909090909090A0AFC
:105920000A0A0A0B0B0B0B0B0B0C0C0C0C0C0D0DC1
:105930000D0D0D0E0E0E0E0E0F0F0F0F101010107E
:105940001011111111111212121213131313131437
:1059500014141414151515151516161617161616F3
:1059600016161515151515141414141413131313F2
:1059700012121212121111111111101010100F0F1A
:105980000F0F0F0E0E0E0E0E0D0D0D0D0D0C0C0C3F
:105990000C0C0B0B0B0B0B0B0A0A0A0A0A0A09095F
:1059A0000909090909090808080808080808080871
:1059B0000808070707070707070707070707070775
:1059C0000707080808080808080808080808090957
:1059D0000909090909090A0A0A0A0A0A0B0B0B0B29
:1059E0000B0B0C0C0C0C0C0D0D0D0D0D0E0E0E0EEC
:1059F0000E0F0F0F0F0F10101010111111111112A7
:105A0000121212121313131314141414141515155F
:105A10001515161616161617171717171616161623
:105A20001615151515151414141413131313131236
:105A3000121212121111111111101010100F0F0F5C
:105A40000F0F0E0E0E0E0E0D0D0D0D0D0C0C0C0C81
:105A50000C0C0B0B0B0B0B0B0A0A0A0A0A0A09099E
:105A600009090909090909090808080808080808AE
:105A700008080808080808080808080808080808A6
:105A800008080808090909090909090909090A0A88
:105A90000A0A0A0A0B0B0B0B0B0B0C0C0C0C0C0C54
:105AA0000D0D0D0D0D0E0E0E0E0E0F0F0F0F0F1014
:105AB00010101011111111111212121212131313CE
:105AC0001313141414141515151515161616161689
:105AD000171717171817171717171616161616155C
:105AE000151515151414141414131313131312127B
:105AF0001212121111111110101010100F0F0F0FA0
:105B00000F0E0E0E0E0E0D0D0D0D0D0C0C0C0C0CC3
:105B10000C0B0B0B0B0B0B0B0A0A0A0A0A0A0A09DD
:105B200009090909090909090909090909090909E5
:105B300008080808090909090909090909090909D9
:105B400009090909090A0A0A0A0A0A0A0B0B0B0BB6
:105B50000B0B0B0C0C0C0C0C0C0D0D0D0D0D0E0E7F
:105B60000E0E0E0F0F0F0F0F10101010101111113D
:105B700011121212121213131313131414141414F7
:105B800015151515151616161616171717171718B3
:105B9000181818181717171717161616161615159A
:105BA00015151514141414141313131313121212BD
:105BB00012111111111110101010100F0F0F0F0FE3
:105BC0000E0E0E0E0E0D0D0D0D0D0D0C0C0C0C0C05
:105BD0000C0B0B0B0B0B0B0B0A0A0A0A0A0A0A0A1C
:105BE0000A0A090909090909090909090909090923
:105BF000090909090909090909090A0A0A0A0A0A0F
:105C00000A0A0A0A0B0B0B0B0B0B0B0C0C0C0C0CE3
:105C10000C0D0D0D0D0D0D0E0E0E0E0E0F0F0F0FA8
:105C20000F10101010101111111111121212121365
:105C3000131313131414141414151515151516161F
:105C400016161617171717171818181819191818DD
:105C500018181817171717171616161616151515DC
:105C600015151414141414131313131312121212FF
:105C7000111111111110101010100F0F0F0F0F0E26
:105C80000E0E0E0E0E0D0D0D0D0D0C0C0C0C0C0C45
:105C90000C0B0B0B0B0B0B0B0B0B0A0A0A0A0A0A59
:105CA0000A0A0A0A0A0A0A0A0A0A0A0A0A0A0A0A54
:105CB0000A0A0A0A0A0A0A0A0A0A0B0B0B0B0B0B3E
:105CC0000B0B0B0C0C0C0C0C0C0C0D0D0D0D0D0E10
:105CD0000E0E0E0E0E0F0F0F0F0F101010101011D2
:105CE000111111111212121213131313131414148D
:105CF0001414151515151516161616161717171749
:105D0000171818181818191919191919191818180D
:105D1000181817171717171616161616151515151E
:105D20001514141414141313131313121212121142
:105D30001111111110101010100F0F0F0F0F0F0E67
:105D40000E0E0E0E0D0D0D0D0D0D0D0C0C0C0C0C84
:105D50000C0C0B0B0B0B0B0B0B0B0B0B0B0B0B0A92
:105D60000A0A0A0A0A0A0A0A0A0A0A0A0A0B0B0B90
:105D70000B0B0B0B0B0B0B0B0B0B0C0C0C0C0C0C6D
:105D80000C0D0D0D0D0D0D0D0E0E0E0E0E0F0F0F39
:105D90000F0F0F10101010101111111111121212FB
:105DA00012131313131314141414141515151515B5
:105DB0001616161616171717171718181818181971
:105DC000191919191A1A1A19191919191818181844
:105DD0001817171717171616161616151515151561
:105DE0001414141414131313131312121212121185
:105DF0001111111110101010100F0F0F0F0F0E0EA8
:105E00000E0E0E0E0D0D0D0D0D0D0D0C0C0C0C0CC3
:105E10000C0C0C0C0C0B0B0B0B0B0B0B0B0B0B0BCD
:105E20000B0B0B0B0B0B0B0B0B0B0B0B0B0B0B0CC1
:105E30000C0C0C0C0C0C0C0C0C0D0D0D0D0D0D0D9B
:105E40000E0E0E0E0E0E0F0F0F0F0F101010101063
:105E50001111111111121212121213131313131420
:105E600014141414151515151516161616161717DD
:105E7000171717181818181819191919191A1A1A9A
:105E80001B1A1A1A1A1A1919191919181818181880
:105E900017171717171616161616151515151514A4
:105EA00014141414131313131312121212121111C7
:105EB00011111110101010100F0F0F0F0F0F0E0EE9
:105EC0000E0E0E0E0E0D0D0D0D0D0D0D0D0C0C0C00
:105ED0000C0C0C0C0C0C0C0C0C0C0C0C0C0C0C0C02
:105EE0000C0C0C0C0C0C0C0C0C0C0C0C0C0C0C0DF1
:105EF0000D0D0D0D0D0D0D0E0E0E0E0E0E0E0F0FC7
:105F00000F0F0F0F1010101010111111111112128C
:105F10001212121313131313141414141415151549
:105F20001515161616161617171717171818181806
:105F30001819191919191A1A1A1A1A1B1B1B1B1BC3
:105F40001A1A1A1A1A1919191919181818181817C3
:105F500017171717161616161615151515151414E6
:105F60001414141313131313121212121211111109
:105F700011111010101010100F0F0F0F0F0F0E0E29
:105F80000E0E0E0E0E0E0D0D0D0D0D0D0D0D0D0D3B
:105F90000D0D0C0C0C0C0C0C0C0C0C0C0C0C0C0C3F
:105FA0000C0C0D0D0D0D0D0D0D0D0D0D0D0D0E0E21
:105FB0000E0E0E0E0E0E0F0F0F0F0F0F10101010F3
:105FC00010101111111111121212121213131313B6
:105FD0001314141414141515151515161616161673
:105FE0001717171717181818181819191919191A2F
:105FF0001A1A1A1A1B1B1B1B1C1C1B1B1B1B1B1AF4
:106000001A1A1A1A19191919191918181818181703
:106010001717171716161616151515151514141427
:10602000141413131313131212121212121111114A
:1060300011111010101010100F0F0F0F0F0F0F0E67
:106040000E0E0E0E0E0E0E0E0E0D0D0D0D0D0D0D77
:106050000D0D0D0D0D0D0D0D0D0D0D0D0D0D0D0D70
:106060000D0D0D0E0E0E0E0E0E0E0E0E0E0F0F0F50
:106070000F0F0F0F1010101010101111111111121D
:1060800012121212121313131313141414141415DE
:106090001515151516161616171717171718181899
:1060A00018181919191919191A1A1A1A1A1B1B1B57
:1060B0001B1B1C1C1C1C1C1C1C1B1B1B1B1B1A1A2B
:1060C0001A1A1A1A19191919191818181818171745
:1060D0001717171616161616151515151514141468
:1060E000141413131313131212121212111111118B
:1060F0001111101010101010100F0F0F0F0F0F0FA5
:106100000F0E0E0E0E0E0E0E0E0E0E0E0E0E0E0EAE
:106110000E0E0E0E0E0E0E0E0E0E0E0E0E0E0E0E9F
:106120000E0E0E0F0F0F0F0F0F0F0F10101010107D
:106130001010111111111111121212121213131346
:106140001313141414141415151515151616161604
:1061500016171717171718181818181919191919C1
:106160001A1A1A1A1A1A1B1B1B1B1B1C1C1C1C1C80
:106170001D1D1D1C1C1C1C1C1B1B1B1B1B1B1A1A66
:106180001A1A1A1919191919181818181817171787
:1061900017171616161616151515151514141414AA
:1061A00014131313131313121212121211111111CB
:1061B00011111110101010101010100F0F0F0F0FE1
:1061C0000F0F0F0F0F0F0F0E0E0E0E0E0E0E0E0EE8
:1061D0000E0E0E0E0E0F0F0F0F0F0F0F0F0F0F0FD4
:1061E0000F101010101010101011111111111111A9
:1061F000121212121213131313131314141414146F
:10620000151515151516161616161717171717182C
:106210001818181819191919191A1A1A1A1A1B1BE9
:106220001B1B1B1B1C1C1C1C1C1D1D1D1E1D1D1DAA
:106230001D1D1C1C1C1C1C1C1B1B1B1B1B1A1A1AA7
:106240001A1A1919191919181818181817171717C9
:1062500017161616161616151515151514141414EA
:106260001413131313131312121212121211111109
:1062700011111111101010101010101010100F0F1C
:106280000F0F0F0F0F0F0F0F0F0F0F0F0F0F0F0F1E
:106290000F0F0F0F0F0F1010101010101010101004
:1062A00011111111111111121212121212131313D2
:1062B0001313131414141414151515151516161696
:1062C0001616161717171717181818181819191956
:1062D00019191A1A1A1A1A1B1B1B1B1B1C1C1C1C13
:1062E0001C1C1D1D1D1D1D1E1E1E1E1E1D1D1D1DDB
:1062F0001D1D1C1C1C1C1C1B1B1B1B1B1B1A1A1AE8
:106300001A1A191919191918181818181717171708
:10631000171616161616151515151514141414142B
:106320001413131313131312121212121212111147
:106330001111111111111110101010101010101056
:10634000101010101010101010101010101010104D
:106350001010101010111111111111111111121230
:1063600012121212121313131313131414141414FD
:1063700014151515151516161616161717171717BF
:10638000181818181819191919191A1A1A1A1A1B7B
:106390001B1B1B1B1B1C1C1C1C1C1D1D1D1D1D1D3C
:1063A0001E1E1E1E1F1F1E1E1E1E1E1E1D1D1D1D0F
:1063B0001D1C1C1C1C1C1C1B1B1B1B1B1A1A1A1A29
:1063C0001A1919191919181818181817171717174B
:1063D000171616161616151515151514141414146B
:1063E0001413131313131313121212121212121284
:1063F000111111111111111111111111111111118D
:10640000111111111111111111111111111111117C
:10641000111111111212121212121212131313135C
:106420001313131414141414141515151515161626
:1064300016161617171717171718181818181919E6
:106440001919191A1A1A1A1A1B1B1B1B1B1C1C1CA4
:106450001C1C1C1D1D1D1D1D1E1E1E1E1E1E1F1F65
:106460001F1F1F1F1F1F1E1E1E1E1E1D1D1D1D1D4B
:106470001D1C1C1C1C1C1B1B1B1B1B1B1A1A1A1A69
:106480001A1919191919181818181817171717178A
:1064900016161616161615151515151514141414AA
:1064A00014141313131313131313121212121212C0
:1064B00012121212121211111111111111111111C6
:1064C00011111111111112121212121212121212B2
:1064D0001212131313131313131314141414141488
:1064E000151515151515161616161616171717174E
:1064F00017181818181819191919191A1A1A1A1A0E
:106500001B1B1B1B1B1B1C1C1C1C1C1D1D1D1D1DCC
:106510001D1E1E1E1E1E1F1F1F1F1F1F202020208E
:106520001F1F1F1F1F1F1E1E1E1E1E1D1D1D1D1D8A
:106530001D1C1C1C1C1C1B1B1B1B1B1A1A1A1A1AA9
:1065400019191919191918181818181717171717CA
:1065500016161616161615151515151514141414E9
:1065600014141414131313131313131313131212F9
:1065700012121212121212121212121212121212FB
:1065800012121212121213131313131313131313E1
:1065900014141414141414141515151515151616B1
:1065A0001616161617171717171818181818191976
:1065B000191919191A1A1A1A1A1B1B1B1B1B1C1C36
:1065C0001C1C1C1D1D1D1D1D1D1E1E1E1E1E1F1FF5
:1065D0001F1F1F1F20202020212020202020201FBF
:1065E0001F1F1F1F1F1E1E1E1E1E1E1D1D1D1D1DCB
:1065F0001C1C1C1C1C1C1B1B1B1B1B1A1A1A1A1AEA
:106600001919191919191818181818171717171709
:106610001716161616161615151515151515141424
:106620001414141414141413131313131313131333
:10663000131313131313131313131313131313132A
:10664000131313131314141414141414141415150D
:1066500015151515151616161616161717171717DA
:106660001718181818181919191919191A1A1A1A9D
:106670001A1B1B1B1B1B1C1C1C1C1C1C1D1D1D1D5D
:106680001D1E1E1E1E1E1E1F1F1F1F1F1F2020201F
:106690002020202121212121212020202020201FF5
:1066A0001F1F1F1F1F1E1E1E1E1E1E1D1D1D1D1D0A
:1066B0001C1C1C1C1C1C1B1B1B1B1B1A1A1A1A1A29
:1066C0001919191919191818181818171717171749
:1066D0001716161616161616151515151515151561
:1066E0001514141414141414141414141414141469
:1066F000141414141414141414141414141414145A
:106700001414141515151515151515151616161638
:106710001616161717171717171818181818191903
:10672000191919191A1A1A1A1A1B1B1B1B1B1C1CC4
:106730001C1C1C1C1D1D1D1D1D1E1E1E1E1E1E1F85
:106740001F1F1F1F1F202020202020212121212149
:106750002222222121212121212020202020201F2E
:106760001F1F1F1F1F1E1E1E1E1E1E1D1D1D1D1D49
:106770001C1C1C1C1C1C1B1B1B1B1B1A1A1A1A1A68
:106780001919191919191818181818181717171787
:10679000171717161616161616161615151515159B
:1067A000151515151515151515151414141414149F
:1067B000141415151515151515151515151515158B
:1067C0001516161616161616161717171717171763
:1067D0001818181818181919191919191A1A1A1A2B
:1067E0001A1B1B1B1B1B1C1C1C1C1C1C1D1D1D1DEC
:1067F0001D1E1E1E1E1E1E1F1F1F1F1F1F202020AE
:106800002020202121212121212222222322222273
:106810002222222121212121212020202020201F6D
:106820001F1F1F1F1F1E1E1E1E1E1E1D1D1D1D1D88
:106830001C1C1C1C1C1C1B1B1B1B1B1A1A1A1A1AA7
:106840001A191919191919181818181818171717C3
:1068500017171717171616161616161616161616D3
:1068600016151515151515151515151515151515D7
:1068700015151516161616161616161616161617BA
:10688000171717171717171818181818181919198C
:106890001919191A1A1A1A1A1A1B1B1B1B1B1C1C52
:1068A0001C1C1C1C1D1D1D1D1D1E1E1E1E1E1E1F14
:1068B0001F1F1F1F1F2020202020202121212121D8
:1068C00021222222222222232323232323222222A3
:1068D0002222222221212121212120202020201FAB
:1068E0001F1F1F1F1F1E1E1E1E1E1E1D1D1D1D1DC8
:1068F0001C1C1C1C1C1C1B1B1B1B1B1B1A1A1A1AE6
:106900001A1A1919191919191818181818181818FD
:10691000171717171717171717171616161616160D
:106920001616161616161616161616161616161607
:1069300016161717171717171717171718181818E5
:10694000181818181919191919191A1A1A1A1A1AB5
:106950001B1B1B1B1B1B1C1C1C1C1C1C1D1D1D1D79
:106960001D1E1E1E1E1E1E1F1F1F1F1F1F2020203C
:106970002020212121212121222222222222222300
:1069800023232323242424232323232323232222D6
:1069900022222222212121212121202020202020E9
:1069A0001F1F1F1F1F1E1E1E1E1E1E1D1D1D1D1D07
:1069B0001D1C1C1C1C1C1B1B1B1B1B1B1A1A1A1A24
:1069C0001A1A1A191919191919191818181818183A
:1069D0001818181817171717171717171717171743
:1069E0001717171717171717171717171717171737
:1069F0001818181818181818181819191919191911
:106A0000191A1A1A1A1A1A1A1B1B1B1B1B1B1C1CDD
:106A10001C1C1C1D1D1D1D1D1D1E1E1E1E1E1E1FA1
:106A20001F1F1F1F20202020202021212121212164
:106A30002222222222222323232323232324242429
:106A4000252424242424242423232323232322220F
:106A50002222222221212121212120202020202028
:106A60001F1F1F1F1F1F1E1E1E1E1E1D1D1D1D1D45
:106A70001D1C1C1C1C1C1C1B1B1B1B1B1B1B1A1A60
:106A80001A1A1A1A1A191919191919191919181873
:106A90001818181818181818181818181818181876
:106AA0001818181818181818181818181818191964
:106AB000191919191919191A1A1A1A1A1A1A1B1B3B
:106AC0001B1B1B1B1B1C1C1C1C1C1C1D1D1D1D1D06
:106AD0001D1E1E1E1E1E1F1F1F1F1F1F20202020C9
:106AE000202021212121212122222222222223238E
:106AF0002323232324242424242424252525252555
:106B0000252424242424242423232323232322224E
:106B10002222222222212121212121202020202065
:106B20001F1F1F1F1F1F1E1E1E1E1E1E1D1D1D1D83
:106B30001D1D1C1C1C1C1C1C1C1B1B1B1B1B1B1B9A
:106B40001A1A1A1A1A1A1A1A1A19191919191919AC
:106B500019191919191919191919191919191919A5
:106B600019191919191919191919191A1A1A1A1A90
:106B70001A1A1A1A1B1B1B1B1B1B1B1C1C1C1C1C64
:106B80001C1C1D1D1D1D1D1D1E1E1E1E1E1E1F1F2D
:106B90001F1F1F1F202020202021212121212122F1
:106BA00022222222222223232323232324242424B7
:106BB0002424242525252525262626252525252585
:106BC000252524242424242424232323232323228B
:106BD00022222222222121212121212020202020A5
:106BE000201F1F1F1F1F1F1E1E1E1E1E1E1D1D1DC0
:106BF0001D1D1D1D1C1C1C1C1C1C1C1B1B1B1B1BD6
:106C00001B1B1B1B1A1A1A1A1A1A1A1A1A1A1A1AE0
:106C10001A1A1A1A1A1A1A1A1A1A1A1A1A1A1A1AD4
:106C20001A1A1A1A1A1A1A1A1B1B1B1B1B1B1B1BBC
:106C30001B1C1C1C1C1C1C1C1D1D1D1D1D1D1D1E8C
:106C40001E1E1E1E1E1F1F1F1F1F1F202020202054
:106C50002021212121212122222222222223232319
:106C600023232324242424242424252525252525E1
:106C700025262626272626262626262625252525B8
:106C800025252524242424242423232323232323C8
:106C900022222222222221212121212120202020E2
:106CA00020201F1F1F1F1F1F1E1E1E1E1E1E1E1DFB
:106CB0001D1D1D1D1D1D1C1C1C1C1C1C1C1C1B1B10
:106CC0001B1B1B1B1B1B1B1B1B1B1B1B1B1B1B1A15
:106CD0001A1A1A1A1A1B1B1B1B1B1B1B1B1B1B1B09
:106CE0001B1B1B1B1B1B1C1C1C1C1C1C1C1C1D1DE8
:106CF0001D1D1D1D1D1E1E1E1E1E1E1E1F1F1F1FB5
:106D00001F1F20202020202021212121212122227B
:106D10002222222223232323232323242424242442
:106D2000242525252525252526262626262626270B
:106D300027272727272726262626262626252525F0
:106D40002525252524242424242423232323232305
:106D5000232222222222222121212121212020201E
:106D60002020201F1F1F1F1F1F1F1E1E1E1E1E1E36
:106D70001E1D1D1D1D1D1D1D1D1C1C1C1C1C1C1C49
:106D80001C1C1C1C1C1C1C1C1B1B1B1B1B1B1B1B4B
:106D90001B1B1B1B1C1C1C1C1C1C1C1C1C1C1C1C37
:106DA0001C1C1C1D1D1D1D1D1D1D1D1E1E1E1E1E11
:106DB0001E1E1F1F1F1F1F1F1F20202020202021DD
:106DC00021212121212222222222222323232323A3
:106DD000232324242424242425252525252525266C
:106DE0002626262626262727272727272828282835
:106DF000272727272727272626262626262625252E
:106E00002525252525242424242424232323232342
:106E1000232322222222222221212121212120205A
:106E200020202020201F1F1F1F1F1F1F1E1E1E1E71
:106E30001E1E1E1E1E1D1D1D1D1D1D1D1D1D1D1D7D
:106E40001D1D1C1C1C1C1C1C1C1C1C1C1C1C1C1C80
:106E50001C1C1D1D1D1D1D1D1D1D1D1D1D1D1D1E63
:106E60001E1E1E1E1E1E1E1E1F1F1F1F1F1F1F2039
:106E70002020202020202121212121212222222204
:106E800022222323232323232324242424242425CC
:106E90002525252525252626262626262627272795
:106EA0002727272728282828292828282828282865
:106EB000282727272727272726262626262626256A
:106EC0002525252525252424242424242323232380
:106ED0002323232222222222222121212121212196
:106EE000202020202020201F1F1F1F1F1F1F1F1FAB
:106EF0001E1E1E1E1E1E1E1E1E1E1E1E1E1D1D1DB5
:106F00001D1D1D1D1D1D1D1D1D1D1D1D1D1D1D1EB0
:106F10001E1E1E1E1E1E1E1E1E1E1E1E1F1F1F1F8D
:106F20001F1F1F1F1F202020202020202121212162
:106F3000212121222222222222232323232323232D
:106F400024242424242425252525252525262626F4
:106F500026262626272727272727272828282828C0
:106F60002828282929292929292929282828282899
:106F700028282727272727272727262626262626A5
:106F800026252525252525242424242424242323BB
:106F900023232323232222222222222121212121D1
:106FA00021212120202020202020201F1F1F1F1FE3
:106FB0001F1F1F1F1F1F1F1F1E1E1E1E1E1E1E1EE9
:106FC0001E1E1E1E1E1E1E1E1E1E1E1E1F1F1F1FDD
:106FD0001F1F1F1F1F1F1F1F1F20202020202020BA
:106FE000202121212121212121222222222222238A
:106FF0002323232323232424242424242425252554
:10700000252525262626262626262727272727271D
:1070100027272828282828282829292929292929EB
:107020002A2A2A2A292929292929292928282828D0
:1070300028282828272727272727272626262626E1
:1070400026262525252525252524242424242424F5
:10705000232323232323232222222222222221210B
:107060002121212121212120202020202020202019
:107070002020201F1F1F1F1F1F1F1F1F1F1F1F1F1D
:107080001F1F1F1F1F1F1F1F1F2020202020202009
:1070900020202020202121212121212121212222E3
:1070A00022222222222323232323232324242424B1
:1070B000242424252525252525252626262626267D
:1070C0002627272727272727282828282828282849
:1070D00029292929292929292A2A2A2A2B2B2A2A16
:1070E0002A2A2A2A2A2A292929292929292928280C
:1070F000282828282828272727272727272626261D
:107100002626262625252525252525242424242430
:107110002424232323232323232322222222222243
:10712000222221212121212121212121212121204E
:10713000202020202020202020202020202020204F
:107140002020202020212121212121212121212134
:10715000212122222222222222222323232323230B
:1071600023232424242424242425252525252525DA
:1071700026262626262626272727272727272828A4
:1071800028282828282829292929292929292A2A73
:107190002A2A2A2A2A2A2B2B2B2B2B2B2B2B2B2B45
:1071A0002A2A2A2A2A2A2A2A292929292929292947
:1071B0002828282828282828272727272727272658
:1071C000262626262626252525252525252424246C
:1071D000242424242423232323232323232322227C
:1071E0002222222222222222222221212121212185
:1071F000212121212121212121212121212121217F
:10720000212122222222222222222222222223235E
:107210002323232323232324242424242424242534
:107220002525252525252626262626262627272701
:1072300027272727282828282828282829292929CE
:10724000292929292A2A2A2A2A2A2A2A2B2B2B2B9E
:107250002B2B2B2B2C2C2C2C2C2C2B2B2B2B2B2B78
:107260002B2B2A2A2A2A2A2A2A2A2A292929292981
:107270002929282828282828282827272727272792
:1072800027262626262626262625252525252525A4
:1072900025242424242424242424232323232323B3
:1072A00023232323232323222222222222222222B7
:1072B00022222222222222222222222222232323AB
:1072C0002323232323232323232324242424242488
:1072D000242424252525252525252526262626265C
:1072E000262626272727272727272828282828282B
:1072F0002828292929292929292A2A2A2A2A2A2AF9
:107300002A2A2B2B2B2B2B2B2B2B2C2C2C2C2C2CC9
:107310002D2D2D2C2C2C2C2C2C2C2C2C2B2B2B2BAE
:107320002B2B2B2B2B2A2A2A2A2A2A2A2A292929BB
:1073300029292929292828282828282827272727CC
:1073400027272727262626262626262625252525DD
:1073500025252525252524242424242424242424E7
:1073600024242423232323232323232323232323EA
:1073700023232323232323232324242424242424D6
:1073800024242424242425252525252525252525B3
:107390002626262626262626272727272727272785
:1073A0002828282828282829292929292929292A53
:1073B0002A2A2A2A2A2A2A2B2B2B2B2B2B2B2B2B24
:1073C0002C2C2C2C2C2C2C2C2C2D2D2D2D2D2D2DF6
:1073D0002D2D2D2D2D2D2C2C2C2C2C2C2C2C2C2BE8
:1073E0002B2B2B2B2B2B2B2B2A2A2A2A2A2A2A2AF5
:1073F0002929292929292929282828282828282805
:107400002727272727272727262626262626262614
:10741000262625252525252525252525252525241B
:10742000242424242424242424242424242424241C
:107430002424242424252525252525252525252501
:1074400025252626262626262626262627272727DA
:1074500027272727282828282828282829292929AC
:10746000292929292A2A2A2A2A2A2A2A2B2B2B2B7C
:107470002B2B2B2B2B2C2C2C2C2C2C2C2C2C2D2D4F
:107480002D2D2D2D2D2D2D2D2E2E2E2E2E2E2E2E24
:107490002D2D2D2D2D2D2D2D2D2C2C2C2C2C2C2C23
:1074A0002C2C2B2B2B2B2B2B2B2B2B2A2A2A2A2A2F
:1074B0002A2A2A292929292929292928282828283E
:1074C000282828282727272727272727272726264A
:1074D0002626262626262626262626262525252550
:1074E000252525252525252525252525252525254C
:1074F000262626262626262626262626262627272A
:107500002727272727272727282828282828282803
:107510002829292929292929292A2A2A2A2A2A2AD5
:107520002A2B2B2B2B2B2B2B2B2B2C2C2C2C2C2CA6
:107530002C2C2C2D2D2D2D2D2D2D2D2D2E2E2E2E7A
:107540002E2E2E2E2F2F2F2F2F2E2E2E2E2E2E2E56
:107550002E2E2E2D2D2D2D2D2D2D2D2D2D2C2C2C5B
:107560002C2C2C2C2C2B2B2B2B2B2B2B2B2B2A2A68
:107570002A2A2A2A2A2A2A29292929292929292974
:107580002828282828282828282827272727272781
:107590002727272727272727272726262626262681
:1075A0002626262626262626262627272727272775
:1075B0002727272727272727272728282828282855
:1075C000282828282929292929292929292A2A2A2C
:1075D0002A2A2A2A2A2A2B2B2B2B2B2B2B2B2B2C00
:1075E0002C2C2C2C2C2C2C2D2D2D2D2D2D2D2D2DD2
:1075F0002D2E2E2E2E2E2E2E2E2E2E2F2F2F2F2FA7
:1076000030302F2F2F2F2F2F2F2F2F2F2F2E2E2E8B
:107610002E2E2E2E2E2E2E2D2D2D2D2D2D2D2D2D93
:107620002C2C2C2C2C2C2C2C2C2B2B2B2B2B2B2BA1
:107630002B2B2A2A2A2A2A2A2A2A2A2A29292929AC
:1076400029292929292928282828282828282828B4
:1076500028282828282828282727272727272727B2
:10766000272727272828282828282828282828289E
:107670002828282828282929292929292929292980
:107680002A2A2A2A2A2A2A2A2A2A2B2B2B2B2B2B54
:107690002B2B2B2C2C2C2C2C2C2C2C2C2D2D2D2D29
:1076A0002D2D2D2D2D2E2E2E2E2E2E2E2E2E2E2FFE
:1076B0002F2F2F2F2F2F2F2F2F2F303030303030D4
:1076C0003030303030302F2F2F2F2F2F2F2F2F2FC4
:1076D0002F2E2E2E2E2E2E2E2E2E2E2D2D2D2D2DCE
:1076E0002D2D2D2D2C2C2C2C2C2C2C2C2C2C2B2BD8
:1076F0002B2B2B2B2B2B2B2A2A2A2A2A2A2A2A2AE3
:107700002A2A2A29292929292929292929292929E6
:1077100029292929292929292929292929292929D9
:1077200029292929292929292929292929292929C9
:10773000292A2A2A2A2A2A2A2A2A2A2A2A2B2B2BA7
:107740002B2B2B2B2B2B2C2C2C2C2C2C2C2C2C2C7F
:107750002D2D2D2D2D2D2D2D2D2E2E2E2E2E2E2E52
:107760002E2E2E2F2F2F2F2F2F2F2F2F2F2F30302A
:107770003030303030303030313131313131313101
:1077800030303030303030303030302F2F2F2F2FFE
:107790002F2F2F2F2F2F2E2E2E2E2E2E2E2E2E2E03
:1077A0002D2D2D2D2D2D2D2D2D2C2C2C2C2C2C2C10
:1077B0002C2C2C2C2B2B2B2B2B2B2B2B2B2B2B2A16
:1077C0002A2A2A2A2A2A2A2A2A2A2A2A2A2A2A2A19
:1077D0002A2A2A2A2A2A2A2A2A2A2A2A2A2A2A2A09
:1077E0002A2A2A2A2A2A2A2A2A2A2A2A2A2B2B2BF6
:1077F0002B2B2B2B2B2B2B2B2C2C2C2C2C2C2C2CD1
:107800002C2C2C2D2D2D2D2D2D2D2D2D2E2E2E2EA7
:107810002E2E2E2E2E2E2F2F2F2F2F2F2F2F2F2F7E
:107820002F30303030303030303030303131313155
:107830003131313132323232313131313131313134
:107840003131313131303030303030303030303033
:107850002F2F2F2F2F2F2F2F2F2F2F2E2E2E2E2E3D
:107860002E2E2E2E2E2D2D2D2D2D2D2D2D2D2D2D43
:107870002C2C2C2C2C2C2C2C2C2C2C2C2B2B2B2B4C
:107880002B2B2B2B2B2B2B2B2B2B2B2B2B2B2B2B48
:107890002B2B2B2B2B2B2B2B2B2B2B2B2B2B2B2B38
:1078A0002B2B2B2B2B2B2B2B2C2C2C2C2C2C2C2C20
:1078B0002C2C2C2C2D2D2D2D2D2D2D2D2D2D2D2EFB
:1078C0002E2E2E2E2E2E2E2E2E2F2F2F2F2F2F2FD1
:1078D0002F2F2F2F303030303030303030303031AB
:1078E0003131313131313131313131313232323284
:1078F0003332323232323232323232323232313169
:10790000313131313131313131313030303030306D
:107910003030303030302F2F2F2F2F2F2F2F2F2F71
:107920002F2E2E2E2E2E2E2E2E2E2E2E2D2D2D2D7A
:107930002D2D2D2D2D2D2D2D2D2C2C2C2C2C2C2C7E
:107940002C2C2C2C2C2C2C2C2C2C2C2C2C2C2C2C77
:107950002C2C2C2C2C2C2C2C2C2C2C2C2C2C2C2C67
:107960002C2C2C2D2D2D2D2D2D2D2D2D2D2D2D2D4A
:107970002E2E2E2E2E2E2E2E2E2E2E2F2F2F2F2F22
:107980002F2F2F2F2F2F30303030303030303030FD
:1079900030303131313131313131313131313232D7
:1079A00032323232323232323232323333333333B2
:1079B00033333333333333323232323232323232A0
:1079C00032323232323131313131313131313131A2
:1079D0003130303030303030303030302F2F2F2FAA
:1079E0002F2F2F2F2F2F2F2F2E2E2E2E2E2E2E2EAF
:1079F0002E2E2E2E2E2E2E2D2D2D2D2D2D2D2D2DB0
:107A00002D2D2D2D2D2D2D2D2D2D2D2D2D2D2D2DA6
:107A10002D2D2D2D2D2D2D2D2D2D2D2D2D2E2E2E93
:107A20002E2E2E2E2E2E2E2E2E2E2E2E2F2F2F2F72
:107A30002F2F2F2F2F2F2F2F30303030303030304E
:107A40003030303131313131313131313131313228
:107A50003232323232323232323232323233333303
:107A600033333333333333333434343434343434DE
:107A700033333333333333333333333333333332D7
:107A800032323232323232323232323231313131DA
:107A900031313131313131313030303030303030DE
:107AA00030303030302F2F2F2F2F2F2F2F2F2F2FE1
:107AB0002F2F2F2F2F2E2E2E2E2E2E2E2E2E2E2EE1
:107AC0002E2E2E2E2E2E2E2E2E2E2E2E2E2E2E2ED6
:107AD0002E2E2E2E2E2E2E2F2F2F2F2F2F2F2F2FBD
:107AE0002F2F2F2F2F2F2F3030303030303030309D
:107AF000303030303131313131313131313131317A
:107B00003232323232323232323232323233333352
:107B10003333333333333333333333333434343431
:107B20003434343435353535343434343434343411
:107B3000343434343434343433333333333333330D
:107B4000333333333333323232323232323232320F
:107B50003232323231313131313131313131313111
:107B60003131303030303030303030303030303013
:107B7000303030302F2F2F2F2F2F2F2F2F2F2F2F11
:107B80002F2F2F2F2F2F2F2F2F2F2F2F2F2F2F2F05
:107B900030303030303030303030303030303030E5
:107BA00030303131313131313131313131313131C7
:107BB00032323232323232323232323232323333A3
:107BC0003333333333333333333333333434343481
:107BD0003434343434343434343434343535353561
:107BE0003535353535353535353535353535353545
:107BF0003534343434343434343434343434343444
:107C00003433333333333333333333333333333244
:107C10003232323232323232323232323232313146
:107C20003131313131313131313131313131313144
:107C3000313131313130303030303030303030303F
:107C4000303030303030303131313131313131312B
:107C50003131313131313131313131313131323212
:107C600032323232323232323232323232333333F1
:107C700033333333333333333333333434343434CF
:107C800034343434343434343434343535353535AF
:107C90003535353535353535353535353636363690
:107CA000363636363636363636363535353535357A
:107CB0003535353535353535353535343434343479
:107CC0003434343434343434343434333333333379
:107CD0003333333333333333333333333232323278
:107CE0003232323232323232323232323232323274
:107CF0003232323232323232323232323232323264
:107D00003232323232323232323232323232323253
:107D1000323232323232323233333333333333333B
:107D2000333333333333333333343434343434341C
:107D300034343434343434343435353535353535FC
:107D400035353535353535353535363636363636DD
:107D500036363636363636363737373737373737BB
:107D600037373636363636363636363636363636B1
:107D700036363636363535353535353535353535AE
:107D800035353535353535343434343434343434AC
:107D900034343434343434343433333333333333AA
:107DA00033333333333333333333333333333333A3
:107DB0003333333333333333333333333333333393
:107DC0003333333333333333333333333333333383
:107DD0003333333434343434343434343434343466
:107DE0003434343434353535353535353535353548
:107DF000353535353535353636363636363636362A
:107E0000363636363636363636363737373737370C
:107E100037373737383838383837373737373737ED
:107E200037373737373737373737373737373736E3
:107E300036363636363636363636363636363636E2
:107E400036363635353535353535353535353535DF
:107E500035353535353535343434343434343434DB
:107E600034343434343434343434343434343434D2
:107E700034343434343434343434343434343434C2
:107E800034343434343434343434343434353535AF
:107E90003535353535353535353535353535353592
:107EA0003536363636363636363636363636363673
:107EB0003636363636373737373737373737373757
:107EC000373737373737373737373738383838383D
:107ED0003838383838383838383838383838383822
:107EE000383838383838383837373737373737371A
:107EF0003737373737373737373737373737373613
:107F00003636363636363636363636363636363611
:107F1000363636363636353535353535353535350B
:107F20003535353535353535353535353535353501
:107F300035353535353535353535353535353535F1
:107F400035353535353536363636363636363636D7
:107F500036363636363636363636363636373737BE
:107F600037373737373737373737373737373737A1
:107F70003737373738383838383838383838383885
:107F8000383838383838383838383838393939396D
:107F90003939393939393939393939393939393951
:107FA0003938383838383838383838383838383850
:107FB0003838383838383838383838373737373746
:107FC0003737373737373737373737373737373741
:107FD000373737373737373636363636363636363A
:107FE0003636363636363636363636363636363631
:107FF000363636363636363636363636363737371E
:108000003737373737373737373737373737373700
:1080100037373737373737373738383838383838E9
:1080200038383838383838383838383838383838D0
:1080300038383839393939393939393939393939B3
:1080400039393939393939393A3A3A3A3A3A3A3A98
:108050003A3A3A3A3A3A3A39393939393939393989
:108060003939393939393939393939393939393980
:10807000393939393939383838383838383838387A
:108080003838383838383838383838383838383870
:108090003838383838383838383838373737373765
:1080A0003737373737373737373737373737373760
:1080B0003738383838383838383838383838383841
:1080C0003838383838383838383838383838383830
:1080D0003838383838383939393939393939393916
:1080E0003939393939393939393939393939393900
:1080F00039393939393A3A3A3A3A3A3A3A3A3A3AE5
:108100003A3A3A3A3B3B3B3B3B3B3B3A3A3A3A3AC8
:108110003A3A3A3A3A3A3A3A3A3A3A3A3A3A3A3ABF
:108120003A3A3A3A3A3A3A3A3A3A3A3A3A3A3A3AAF
:108130003A3A3939393939393939393939393939AD
:10814000393939393939393939393939393939399F
:10815000393939393939393939393939393939398F
:10816000393939393939393939393939393939397F
:10817000393939393939393939393939393939396F
:10818000393939393939393939393939393939395F
:1081900039393A3A3A3A3A3A3A3A3A3A3A3A3A3A41
:1081A0003A3A3A3A3A3A3A3A3A3A3A3A3A3A3A3A2F
:1081B0003A3A3A3A3A3A3A3A3A3B3B3B3B3B3B3B18
:1081C0003B3B3B3B3B3B3B3B3B3B3B3B3B3B3B3BFF
:1081D0003B3B3B3B3B3B3B3B3B3B3B3B3B3B3B3BEF
:1081E0003B3B3B3B3B3B3B3B3B3B3B3B3B3B3A3AE1
:1081F0003A3A3A3A3A3A3A3A3A3A3A3A3A3A3A3ADF
:108200003A3A3A3A3A3A3A3A3A3A3A3A3A3A3A3ACE
:108210003A3A3A3A3A3A3A3A3A3A3A3A3A3A3A3ABE
:108220003A3A3A3A3A3A3A3A3A3A3A3A3A3A3A3AAE
:108230003A3A3A3A3A3A3A3A3A3A3A3A3A3A3A3A9E
:108240003A3A3A3A3A3A3A3A3A3A3A3A3A3A3B3B8C
:108250003B3B3B3B3B3B3B3B3B3B3B3B3B3B3B3B6E
:108260003B3B3B3B3B3B3B3B3B3B3B3B3B3B3B3B5E
:108270003B3B3B3B3B3B3B3B3B3B3B3B3C3C3C3C4A
:108280003C3C3C3C3C3C3C3C3C3C3C3C3C3C3C3C2E
:108290003C3C3C3C3C3C3C3C3C3C3C3C3C3C3C3C1E
:1082A0003C3C3C3C3C3C3C3C3C3C3B3B3B3B3B3B14
:1082B0003B3B3B3B3B3B3B3B3B3B3B3B3B3B3B3B0E
:1082C0003B3B3B3B3B3B3B3B3B3B3B3B3B3B3B3BFE
:1082D0003B3B3B3B3B3B3B3B3B3B3B3B3B3B3B3BEE
:1082E0003B3B3B3B3B3B3B3B3B3B3B3B3B3B3B3BDE
:1082F0003B3B3B3B3B3B3B3B3B3B3B3B3B3B3B3BCE
:108300003B3B3B3B3B3B3B3B3B3B3C3C3C3C3C3CB7
:108310003C3C3C3C3C3C3C3C3C3C3C3C3C3C3C3C9D
:108320003C3C3C3C3C3C3C3C3C3C3C3C3C3C3C3C8D
:108330003C3C3C3C3C3C3C3C3D3D3D3D3D3D3D3D75
:108340003D3D3D3D3D3D3D3D3D3D3D3D3D3D3D3D5D
:108350003D3D3D3D3D3D3D3D3D3D3D3D3D3D3D3D4D
:108360003D3D3D3D3D3D3C3C3C3C3C3C3C3C3C3C47
:108370003C3C3C3C3C3C3C3C3C3C3C3C3C3C3C3C3D
:108380003C3C3C3C3C3C3C3C3C3C3C3C3C3C3C3C2D
:108390003C3C3C3C3C3C3C3C3C3C3C3C3C3C3C3C1D
:1083A0003C3C3C3C3C3C3C3C3C3C3C3C3C3C3C3C0D
:1083B0003C3C3C3C3C3C3C3C3C3C3C3C3C3C3C3CFD
:1083C0003C3C3C3C3C3C3D3D3D3D3D3D3D3D3D3DE3
:1083D0003D3D3D3D3D3D3D3D3D3D3D3D3D3D3D3DCD
:1083E0003D3D3D3D3D3D3D3D3D3D3D3D3D3D3D3DBD
:1083F0003D3D3D3D3E3E3E3E3E3E3E3E3E3E3E3EA1
:108400003E3E3E3E3E3E3E3E3E3E3E3E3E3E3E3E8C
:108410003E3E3E3E3E3E3E3E3E3E3E3E3E3E3E3E7C
:108420003E3E3D3D3D3D3D3D3D3D3D3D3D3D3D3D7A
:108430003D3D3D3D3D3D3D3D3D3D3D3D3D3D3D3D6C
:108440003D3D3D3D3D3D3D3D3D3D3D3D3D3D3D3D5C
:108450003D3D3D3D3D3D3D3D3D3D3D3D3D3D3D3D4C
:108460003D3D3D3D3D3D3D3D3D3D3D3D3D3D3D3D3C
:108470003D3D3D3D3D3D3D3D3D3D3D3D3D3D3D3D2C
:108480003D3D3E3E3E3E3E3E3E3E3E3E3E3E3E3E0E
:108490003E3E3E3E3E3E3E3E3E3E3E3E3E3E3E3EFC
:1084A0003E3E3E3E3E3E3E3E3E3E3E3E3E3E3E3EEC
:1084B0003E3E3E3E3E3E3E3E3E3E3E3E3E3E3E3EDC
:1084C0003E3E3E3E3E3E3E3E3E3E3E3E3E3E3E3ECC
:1084D0003E3E3E3E3E3E3E3E3E3E3E3E3E3E3F3FBA
:1084E0003F3F3F3F3F3F3F3F3F3F3F3F3F3F3F3F9C
:1084F0003F3F3F3F3F3F3F3F3F3F3F3F3F3F3F3F8C
:108500003F3F3F3F3F3F3F3F3F3F3F3F3F3F3F3F7B
:108510003F3F3F3F3F3F3F3F3F3F3F3F3F3F3F3F6B
:108520003F3F3F3F3F3F3F3F3F3F3F3F3F3F3F3F5B
:108530003F3F3F3F3F3F3F3F3F3F3F3F3F3F3E3E4D
:108540003E3E3E3E3E3E3E3E3E3E3E3E3E3E3E3E4B
:108550003E3E3E3E3E3E3E3E3E3E3E3E3E3E3E3E3B
:108560003E3E3E3E3E3E3E3E3E3E3E3E3F3F3F3F27
:108570003F3F3F3F3F3F3F3F3F3F3F3F3F3F3F3F0B
:108580003F3F3F3F3F3F3F3F3F3F3F3F3F3F3F3FFB
:108590003F3F3F3F3F3F3F3F3F3F404040404040E5
:1085A00040404040404040404040404040404040CB
:1085B00040404040404040404040404040404040BB
:1085C00040404040404040404040404040404040AB
:1085D000404040404040404040404040404040409B
:1085E000404040404040404040404040404040408B
:1085F000404040404040404040403F3F3F3F3F3F81
:108600003F3F3F3F3F3F3F3F3F3F3F3F3F3F3F3F7A
:108610003F3F3F3F3F3F3F3F3F3F3F3F3F3F3F3F6A
:108620003F3F3F3F3F3F3F3F404040404040404052
:10863000404040404040404040404040404040403A
:10864000404040404040404040404040404040402A
:108650004040404040404141414141414141414110
:1086600041414141414141414141414141414141FA
:1086700041414141414141414141414141414141EA
:1086800041414141414141414141414141414141DA
:1086900041414141414141414141414141414141CA
:1086A00041414141414141414141414141414141BA
:1086B00041414141414140404040404040404040B4
:1086C00040404040404040404040404040404040AA
:1086D000404040404040404040404040404040409A
:1086E000404040404141414141414141414141417E
:1086F000414141414141414141414141414141416A
:108700004141414141414141414141414141414159
:10871000414142424242424242424242424242423B
:108720004242424242424242424242424242424229
:108730004242424242424242424242424242424219
:108740004242424242424242424242424242424209
:1087500042424242424242424242424242424242F9
:1087600042424242424242424242424242424242E9
:1087700042424141414141414141414141414141E7
:1087800041414141414141414141414141414141D9
:1087900041414141414141414141414141414141C9
:1087A00041414141414141424242424242424242B0
:1087B0004242424242424242424242424242424299
:1087C0004242424242424242424242424242434387
:1087D0004343434343434343434343434343434369
:1087E0004343434343434343434343434343434359
:1087F0004343434343434343434343434343434349
:108800004343434343434343434343434343434338
:108810004343434343434343434343434343434328
:10882000434343434343434343434343434342421A
:108830004242424242424242424242424242424218
:108840004242424242424242424242424242424208
:1088500042424242424141414141414142424242FF
:1088600042424242424242424242424343434343E3
:1088700043434343434343434343434343434343C8
:1088800043434343434343434343444444444444B2
:108890004444444444444444444444444444444498
:1088A0004444444444444444444444444444444587
:1088B0004545454545454545454545454545454568
:1088C0004545454545444444444444444444444463
:1088D0004444444444444444444444444444444458
:1088E000444444444444444444444343434343434E
:1088F0004343434343434343434343434343434348
:10890000434343434343434343424242424242423E
:10891000424242424242424243434343434343432F
:108920004343434343434343434343434444444413
:1089300044444444444444444444444444444444F7
:1089400044444444444445454545454545454545DD
:1089500045454545454545454545454545454545C7
:1089600045454546464646464646464646464646AA
:108970004646464646464646464646464646464697
:10898000464646464646464646454545454545458E
:108990004545454545454545454545454545454587
:1089A0004545454545454444444444444444444481
:1089B0004444444444444444444444444444444477
:1089C0004343434343434343434343434343434377
:1089D000434343434444444444444444444444445B
:1089E0004444444444444444444444444545454543
:1089F0004545454545454545454545454545454527
:108A00004545454646464646464646464646464609
:108A100046464646464646464646474747474747F0
:108A200047474747474747474747474747474747D6
:108A300047474747474747474747474747474747C6
:108A400047474747474747474747464646464646BC
:108A500046464646464646464646464646464646B6
:108A600046454545454545454545454545454545B5
:108A700045454545454545454444444444444444AE
:108A800044444444444444444444444444444444A6
:108A9000444444444445454545454545454545458B
:108AA0004545454545454545454545464646464671
:108AB0004646464646464646464646464646464755
:108AC0004747474747474747474747474747474736
:108AD0004747474848484848484848484848484819
:108AE0004848484848484848484848484848484806
:108AF00048484848484848484848484848484848F6
:108B000048484848484848484847474747474747EC
:108B100047474747474747474747474747464646E8
:108B200046464646464646464646464646464646E5
:108B300046454545454545454545454545454545E4
:108B400045454545454545444444444445454545DA
:108B500045454545454546464646464646464646BB
:108B6000464646464646464646474747474747479E
:108B70004747474747474747474747484848484880
:108B80004848484848484848484848484849494962
:108B90004949494949494949494949494949494945
:108BA0004949494949494949494949494949494935
:108BB0004949494949494949494949494949494925
:108BC000494949494949494848484848484848481E
:108BD000484848484848484848474747474747471C
:108BE000474747474747474747474746464646461A
:108BF0004646464646464646464646464646454517
:108C0000454545454545454546464646464646460C
:108C100046464646464647474747474747474747EA
:108C200047474747474747484848484848484848CB
:108C300048484848484848494949494949494949AB
:108C400049494949494949494A4A4A4A4A4A4A4A8C
:108C50004A4A4A4A4A4A4A4A4A4A4A4A4A4A4A4A74
:108C60004A4A4A4A4A4A4A4A4A4A4A4A4A4A4A4A64
:108C70004A4A4A4A4A4A4A4A4A4A4A4A4A4A4A4A54
:108C80004A4A4A4A49494949494949494949494950
:108C9000494949494948484848484848484848484F
:108CA000484848484847474747474747474747474F
:108CB000474747474747464646464646464646464E
:108CC0004646464647474747474747474747474738
:108CD0004747474747484848484848484848484819
:108CE00048484848484949494949494949494949F9
:108CF0004949494A4A4A4A4A4A4A4A4A4A4A4A4AD7
:108D00004A4A4B4B4B4B4B4B4B4B4B4B4B4B4B4BB5
:108D10004B4B4B4B4B4B4B4B4C4C4C4C4C4C4C4C9B
:108D20004C4C4C4C4C4C4C4C4C4C4C4C4B4B4B4B87
:108D30004B4B4B4B4B4B4B4B4B4B4B4B4B4B4B4B83
:108D40004B4B4A4A4A4A4A4A4A4A4A4A4A4A4A4A81
:108D50004A49494949494949494949494949494883
:108D60004848484848484848484848484848484784
:108D70004747474747474747474747474747474783
:108D80004747474748484848484848484848484867
:108D90004848484849494949494949494949494947
:108DA00049494A4A4A4A4A4A4A4A4A4A4A4A4A4A25
:108DB0004B4B4B4B4B4B4B4B4B4B4B4B4B4B4C4C01
:108DC0004C4C4C4C4C4C4C4C4C4C4C4C4C4C4C4CE3
:108DD0004D4D4D4D4D4D4D4D4D4D4D4D4D4D4D4DC3
:108DE0004D4D4D4D4D4D4D4D4D4D4D4D4C4C4C4CB7
:108DF0004C4C4C4C4C4C4C4C4C4C4C4C4C4C4B4BB5
:108E00004B4B4B4B4B4B4B4B4B4B4B4B4A4A4A4AB6
:108E10004A4A4A4A4A4A4A4A4A4A494949494949B8
:108E200049494949494949494848484848484848BA
:108E300048484848484848484747474748484848B6
:108E40004848484849494949494949494949494996
:108E500049494A4A4A4A4A4A4A4A4A4A4A4A4A4A74
:108E60004B4B4B4B4B4B4B4B4B4B4B4B4C4C4C4C4E
:108E70004C4C4C4C4C4C4C4C4C4D4D4D4D4D4D4D2B
:108E80004D4D4D4D4D4D4D4D4D4E4E4E4E4E4E4E0B
:108E90004E4E4E4E4E4E4E4E4E4E4E4E4E4E4E4EF2
:108EA0004E4E4E4E4E4E4E4E4E4E4E4D4D4D4D4DE7
:108EB0004D4D4D4D4D4D4D4D4D4D4D4C4C4C4C4CE7
:108EC0004C4C4C4C4C4C4C4C4B4B4B4B4B4B4B4BEA
:108ED0004B4B4B4B4A4A4A4A4A4A4A4A4A4A4A4AEE
:108EE0004A4A4949494949494949494949494949F0
:108EF00048484848484848484949494949494949EA
:108F00004949494A4A4A4A4A4A4A4A4A4A4A4A4AC4
:108F10004A4B4B4B4B4B4B4B4B4B4B4B4B4C4C4C9F
:108F20004C4C4C4C4C4C4C4C4D4D4D4D4D4D4D4D79
:108F30004D4D4D4D4E4E4E4E4E4E4E4E4E4E4E4E55
:108F40004E4E4E4F4F4F4F4F4F4F4F4F4F4F4F4F34
:108F50004F4F4F4F4F4F4F4F4F4F4F4F4F4F4F4F21
:108F60004F4F4F4F4F4F4F4F4F4E4E4E4E4E4E4E18
:108F70004E4E4E4E4E4E4E4E4D4D4D4D4D4D4D4D19
:108F80004D4D4D4D4C4C4C4C4C4C4C4C4C4C4C4B1E
:108F90004B4B4B4B4B4B4B4B4B4B4B4A4A4A4A4A26
:108FA0004A4A4A4A4A4A4A4A4A4949494949494928
:108FB00049494949494A4A4A4A4A4A4A4A4A4A4A16
:108FC0004A4A4B4B4B4B4B4B4B4B4B4B4B4B4C4CF1
:108FD0004C4C4C4C4C4C4C4C4C4C4D4D4D4D4D4DCB
:108FE0004D4D4D4D4D4E4E4E4E4E4E4E4E4E4E4EA6
:108FF0004F4F4F4F4F4F4F4F4F4F4F4F4F5050507E
:109000005050505050505050505050505050505060
:109010005050505050505050505050505050505050
:10902000505050505050504F4F4F4F4F4F4F4F4F49
:109030004F4F4F4F4E4E4E4E4E4E4E4E4E4E4E4D4D
:109040004D4D4D4D4D4D4D4D4D4D4C4C4C4C4C4C56
:109050004C4C4C4C4C4C4B4B4B4B4B4B4B4B4B4B5A
:109060004B4B4A4A4A4A4A4A4A4A4A4A4A4A4A495F
:109070004A4A4A4A4B4B4B4B4B4B4B4B4B4B4B4B44
:109080004B4C4C4C4C4C4C4C4C4C4C4C4D4D4D4D1D
:109090004D4D4D4D4D4D4D4E4E4E4E4E4E4E4E4EF7
:1090A0004E4F4F4F4F4F4F4F4F4F4F4F50505050CD
:1090B00050505050505050505151515151515151A8
:1090C0005151515151515151515151515151515190
:1090D0005151515151515151515151515151515180
:1090E000515151515050505050505050505050507C
:1090F0004F4F4F4F4F4F4F4F4F4F4F4E4E4E4E4E85
:109100004E4E4E4E4E4D4D4D4D4D4D4D4D4D4D4D8A
:109110004C4C4C4C4C4C4C4C4C4C4C4B4B4B4B4B94
:109120004B4B4B4B4B4B4B4B4A4A4A4A4B4B4B4B93
:109130004B4B4B4B4C4C4C4C4C4C4C4C4C4C4C4D72
:109140004D4D4D4D4D4D4D4D4D4D4E4E4E4E4E4E49
:109150004E4E4E4E4F4F4F4F4F4F4F4F4F50505020
:1091600050505050505050505151515151515151F7
:1091700051515152525252525252525252525252D2
:1091800052525252525252525252525252525252BF
:1091900052525252525252525252525252525252AF
:1091A00052515151515151515151515150505050B2
:1091B000505050505050504F4F4F4F4F4F4F4F4FB8
:1091C0004E4E4E4E4E4E4E4E4E4E4D4D4D4D4D4DC5
:1091D0004D4D4D4D4D4C4C4C4C4C4C4C4C4C4C4CCA
:1091E0004B4B4B4B4B4B4B4B4C4C4C4C4C4C4C4CC7
:1091F0004C4C4D4D4D4D4D4D4D4D4D4D4D4E4E4E9E
:109200004E4E4E4E4E4E4E4F4F4F4F4F4F4F4F4F75
:109210005050505050505050505051515151515148
:109220005151515252525252525252525252525320
:1092300053535353535353535353535353535353FE
:1092400053535353535353535353535353535353EE
:1092500053535353535353535353535353525252E1
:1092600052525252525252525251515151515151E5
:109270005151505050505050505050504F4F4F4FF0
:109280004F4F4F4F4F4E4E4E4E4E4E4E4E4E4E4DFA
:109290004D4D4D4D4D4D4D4D4D4D4C4C4C4C4C4C04
:1092A0004C4C4C4C4C4C4D4D4D4D4D4D4D4D4D4DF4
:1092B0004D4E4E4E4E4E4E4E4E4E4E4F4F4F4F4FCA
:1092C0004F4F4F4F5050505050505050505151519F
:1092D0005151515151515252525252525252525373
:1092E0005353535353535353535354545454545448
:1092F000545454545454545454545454555555552A
:109300005555555555555555545454545454545415
:109310005454545454545454545453535353535313
:10932000535353535352525252525252525251511A
:109330005151515151515150505050505050505026
:109340004F4F4F4F4F4F4F4F4F4E4E4E4E4E4E4E34
:109350004E4E4E4D4D4D4D4D4D4D4D4D4D4D4C4C3C
:109360004D4D4D4D4D4E4E4E4E4E4E4E4E4E4E4F21
:109370004F4F4F4F4F4F4F4F4F50505050505050F6
:1093800050515151515151515151525252525252C8
:10939000525252535353535353535353545454549C
:1093A0005454545454545555555555555555555573
:1093B0005555555555555656565656565656565653
:1093C0005656565656565555555555555555555547
:1093D0005555555555555454545454545454545447
:1093E0005353535353535353535252525252525254
:1093F0005252515151515151515151505050505060
:109400005050504F4F4F4F4F4F4F4F4F4F4E4E4E6C
:109410004E4E4E4E4E4E4E4D4D4D4D4D4E4E4E4E71
:109420004E4E4E4E4F4F4F4F4F4F4F4F4F5050504D
:109430005050505050505151515151515151515221
:1094400052525252525252535353535353535354F2
:1094500054545454545454545555555555555555C4
:10946000555556565656565656565656565656569E
:10947000575757575757575757575757575757577C
:109480005757575756565656565656565656565678
:10949000565655555555555555555555545454547E
:1094A000545454545453535353535353535252528A
:1094B0005252525252515151515151515151505099
:1094C000505050505050504F4F4F4F4F4F4F4F4FA5
:1094D0004E4E4E4E4E4E4E4E4F4F4F4F4F4F4F4FA4
:1094E0004F4F505050505050505050515151515179
:1094F000515151515252525252525252535353534C
:10950000535353535454545454545454555555551B
:1095100055555555565656565656565656565757ED
:1095200057575757575757575757575858585858C6
:1095300058585858585858585858585858585858AB
:1095400058575757575757575757575757575656AC
:1095500056565656565656565555555555555555B3
:1095600054545454545454545353535353535353C3
:1095700052525252525252525151515151515151D3
:10958000515050505050505050504F4F4F4F4F4FE0
:109590004F4F4F4F4F4F4F505050505050505050D2
:1095A00051515151515151515152525252525252A4
:1095B0005253535353535353535454545454545475
:1095C0005555555555555555565656565656565643
:1095D0005757575757575757575758585858585815
:1095E00058585858585858595959595959595959F2
:1095F00059595959595959595959595959585858DE
:1096000058585858585858585858575757575757E0
:1096100057575757565656565656565655555555EA
:1096200055555555545454545454545353535353FB
:10963000535353525252525252525251515151510C
:10964000515151515050505050505050504F4F4F19
:1096500050505050505051515151515151515252FE
:1096600052525252525252535353535353535454CF
:10967000545454545454555555555555555656569D
:10968000565656565657575757575757575858586C
:109690005858585858585959595959595959595940
:1096A00059595A5A5A5A5A5A5A5A5A5A5A5A5A5A1C
:1096B0005A5A5A5A5A5A5A5A5A5A59595959595910
:1096C0005959595959595858585858585858585715
:1096D0005757575757575756565656565656565524
:1096E0005555555555555454545454545454535336
:1096F0005353535353525252525252525252515147
:10970000515151515151505050505050515151514F
:109710005151515152525252525252525353535329
:1097200053535353545454545454545455555555F9
:1097300055555556565656565656575757575757C6
:109740005758585858585858585959595959595993
:1097500059595A5A5A5A5A5A5A5A5A5A5A5A5B5B69
:109760005B5B5B5B5B5B5B5B5B5B5B5B5B5B5B5B49
:109770005B5B5B5B5B5B5A5A5A5A5A5A5A5A5A5A43
:109780005A5A59595959595959595958585858584C
:10979000585858575757575757575656565656565C
:1097A0005655555555555555545454545454545470
:1097B0005353535353535353525252525252525281
:1097C0005151515151515151515152525252525283
:1097D0005252535353535353535354545454545455
:1097E0005454555555555555555656565656565624
:1097F00057575757575757585858585858585959EE
:109800005959595959595A5A5A5A5A5A5A5A5B5BBC
:109810005B5B5B5B5B5B5B5B5B5B5B5C5C5C5C5C93
:109820005C5C5C5C5C5C5C5C5C5C5C5C5C5C5C5C78
:109830005C5B5B5B5B5B5B5B5B5B5B5B5B5B5A5A79
:109840005A5A5A5A5A5A5959595959595959585884
:109850005858585858575757575757575656565697
:1098600056565655555555555555545454545454AB
:1098700054545353535353535353525252525252BC
:1098800052525151525252525353535353535353B2
:10989000545454545454545455555555555555567F
:1098A000565656565656575757575757575858584B
:1098B00058585858595959595959595A5A5A5A5A17
:1098C0005A5A5B5B5B5B5B5B5B5B5B5C5C5C5C5CE5
:1098D0005C5C5C5C5C5C5C5D5D5D5D5D5D5D5D5DBF
:1098E0005D5D5D5D5D5D5D5D5D5D5D5D5D5C5C5CAB
:1098F0005C5C5C5C5C5C5C5C5C5B5B5B5B5B5B5BAF
:109900005B5B5A5A5A5A5A5A5A59595959595959BC
:1099100058585858585858575757575757575656D2
:1099200056565656565555555555555554545454E6
:1099300054545454535353535353535352525252F7
:1099400053535353535353545454545454545555DC
:1099500055555555555556565656565656575757AA
:109960005757575858585858585859595959595974
:10997000595A5A5A5A5A5A5B5B5B5B5B5B5B5B5C3E
:109980005C5C5C5C5C5C5C5D5D5D5D5D5D5D5D5D0E
:109990005D5D5D5D5E5E5E5E5E5E5E5E5E5E5E5EEB
:1099A0005E5E5E5E5E5E5E5E5D5D5D5D5D5D5D5DDF
:1099B0005D5D5D5D5D5C5C5C5C5C5C5C5C5B5B5BE5
:1099C0005B5B5B5B5B5A5A5A5A5A5A5959595959F7
:1099D000595958585858585858575757575757560D
:1099E0005656565656565555555555555555545423
:1099F000545454545453535353535353535454542F
:109A00005454545454555555555555555656565607
:109A100056565657575757575757585858585858D3
:109A2000595959595959595A5A5A5A5A5A5B5B5B9A
:109A30005B5B5B5B5C5C5C5C5C5C5C5D5D5D5D5D65
:109A40005D5D5D5D5E5E5E5E5E5E5E5E5E5E5E5E3A
:109A50005E5F5F5F5F5F5F5F5F5F5F5F5F5F5F5F17
:109A60005F5F5F5E5E5E5E5E5E5E5E5E5E5E5E5E13
:109A70005D5D5D5D5D5D5D5D5D5C5C5C5C5C5C5C1D
:109A80005B5B5B5B5B5B5B5A5A5A5A5A5A59595932
:109A90005959595958585858585857575757575748
:109AA000575656565656565655555555555555545E
:109AB0005454545454545453545454545555555563
:109AC0005555555656565656565657575757575733
:109AD00057585858585858595959595959595A5AFC
:109AE0005A5A5A5A5B5B5B5B5B5B5C5C5C5C5C5CC4
:109AF0005C5D5D5D5D5D5D5D5E5E5E5E5E5E5E5E8F
:109B00005E5F5F5F5F5F5F5F5F5F5F5F5F5F606064
:109B100060606060606060606060606060605F5F47
:109B20005F5F5F5F5F5F5F5F5F5F5F5E5E5E5E5E4A
:109B30005E5E5E5E5D5D5D5D5D5D5D5C5C5C5C5C56
:109B40005C5C5B5B5B5B5B5B5A5A5A5A5A5A59596D
:109B50005959595959585858585858575757575785
:109B6000575756565656565656555555555555559A
:109B70005454545455555555555556565656565693
:109B8000565757575757575758585858585859595C
:109B900059595959595A5A5A5A5A5A5B5B5B5B5B25
:109BA0005B5C5C5C5C5C5C5D5D5D5D5D5D5D5E5EEB
:109BB0005E5E5E5E5E5F5F5F5F5F5F5F5F606060B7
:109BC0006060606060606060606060606161616191
:109BD000616161616161616160606060606060607D
:109BE000606060606060605F5F5F5F5F5F5F5F5E7F
:109BF0005E5E5E5E5E5E5D5D5D5D5D5D5D5C5C5C92
:109C00005C5C5C5B5B5B5B5B5B5A5A5A5A5A5A59A9
:109C100059595959595958585858585857575757C2
:109C200057575756565656565656555555555555D7
:109C300055565656565656565757575757575758BC
:109C40005858585858595959595959595A5A5A5A85
:109C50005A5A5B5B5B5B5B5B5C5C5C5C5C5C5D5D4C
:109C60005D5D5D5D5E5E5E5E5E5E5E5F5F5F5F5F13
:109C70005F5F6060606060606060616161616161E0
:109C800061616161616161616161616262626262BF
:109C900062616161616161616161616161616161B3
:109CA000616160606060606060605F5F5F5F5F5FB8
:109CB0005F5E5E5E5E5E5E5E5D5D5D5D5D5D5C5CCD
:109CC0005C5C5C5C5B5B5B5B5B5B5A5A5A5A5A5AE6
:109CD0005959595959595958585858585857575700
:109CE0005757575756565656565656555656565710
:109CF00057575757575758585858585858595959E7
:109D00005959595A5A5A5A5A5A5B5B5B5B5B5B5CAE
:109D10005C5C5C5C5C5D5D5D5D5D5D5E5E5E5E5E73
:109D20005E5F5F5F5F5F5F5F60606060606060613B
:109D3000616161616161616162626262626262620B
:109D400062626262626262626262626262626262F3
:109D500062626262626262626262626261616161E7
:109D60006161616161606060606060605F5F5F5FF2
:109D70005F5F5F5E5E5E5E5E5E5D5D5D5D5D5D5C08
:109D80005C5C5C5C5C5B5B5B5B5B5B5A5A5A5A5A23
:109D90005A5959595959595858585858585857573D
:109DA0005757575757565656575757575758585843
:109DB000585858585959595959595A5A5A5A5A5A11
:109DC0005A5B5B5B5B5B5B5C5C5C5C5C5D5D5D5DD7
:109DD0005D5D5E5E5E5E5E5E5F5F5F5F5F5F60609B
:109DE0006060606060616161616161616262626264
:109DF0006262626262636363636363636363636338
:109E00006363636363636363636363636363636322
:109E1000636363636363636262626262626262621B
:109E200061616161616161606060606060605F5F2D
:109E30005F5F5F5F5E5E5E5E5E5E5D5D5D5D5D5D44
:109E40005C5C5C5C5C5B5B5B5B5B5B5A5A5A5A5A62
:109E50005A5A595959595959585858585858585779
:109E60005757575757585858585858585959595973
:109E700059595A5A5A5A5A5A5B5B5B5B5B5B5C5C3A
:109E80005C5C5C5C5D5D5D5D5D5D5E5E5E5E5E5FFF
:109E90005F5F5F5F5F6060606060606161616161C2
:109EA000616162626262626262636363636363638D
:109EB0006363646464646464646464646464646464
:109EC0006464646464646464646464646464646452
:109ED0006464636363636363636363626262626255
:109EE0006262616161616161616060606060605F68
:109EF0005F5F5F5F5F5E5E5E5E5E5D5D5D5D5D5D83
:109F00005C5C5C5C5C5C5B5B5B5B5B5B5A5A5A5A9F
:109F10005A5A5959595959595858585858585857B8
:109F2000585858595959595959595A5A5A5A5A5A9E
:109F30005B5B5B5B5B5B5C5C5C5C5C5C5D5D5D5D63
:109F40005D5E5E5E5E5E5E5F5F5F5F5F5F60606026
:109F500060606161616161616262626262626263EA
:109F600063636363636364646464646464646464B7
:109F70006565656565656565656565656565656591
:109F80006565656565656565656565656464646485
:109F9000646464646464636363636363636262628E
:109FA0006262626261616161616160606060605FA4
:109FB0005F5F5F5F5F5E5E5E5E5E5E5D5D5D5D5DC1
:109FC0005C5C5C5C5C5C5B5B5B5B5B5B5A5A5A5ADF
:109FD0005A5A5959595959595958585859595959F2
:109FE000595A5A5A5A5A5A5A5B5B5B5B5B5B5C5CC8
:109FF0005C5C5C5D5D5D5D5D5D5E5E5E5E5E5E5F8C
:10A000005F5F5F5F6060606060606161616161614E
:10A010006262626262626363636363636464646412
:10A0200064646464656565656565656565656666E2
:10A0300066666666666666666666666666666666C0
:10A0400066666666666665656565656565656565BA
:10A0500064646464646464646363636363636262CA
:10A0600062626262616161616161606060606060E2
:10A070005F5F5F5F5F5E5E5E5E5E5E5D5D5D5D5D00
:10A080005D5C5C5C5C5C5B5B5B5B5B5B5A5A5A5A1D
:10A090005A5A5A5959595959595A5A5A5A5A5A5B25
:10A0A0005B5B5B5B5B5C5C5C5C5C5C5D5D5D5D5DF0
:10A0B0005D5E5E5E5E5E5E5F5F5F5F5F60606060B4
:10A0C0006060616161616162626262626263636376
:10A0D000636363646464646464656565656565653C
:10A0E000656666666666666666666666666767670E
:10A0F00067676767676767676767676767676766F1
:10A1000066666666666666666666666565656565F4
:10A110006565656464646464646363636363636204
:10A120006262626262616161616160606060606020
:10A130005F5F5F5F5F5E5E5E5E5E5E5D5D5D5D5D3F
:10A140005D5C5C5C5C5C5C5B5B5B5B5B5B5A5A5A5A
:10A150005A5A5A595A5A5A5B5B5B5B5B5B5C5C5C54
:10A160005C5C5C5D5D5D5D5D5D5E5E5E5E5E5E5F1A
:10A170005F5F5F5F606060606060616161616162DC
:10A18000626262626363636363636464646464649D
:10A190006565656565656566666666666666666765
:10A1A000676767676767676767676767676768683D
:10A1B0006868686868686767676767676767676729
:10A1C000676767676766666666666666666565652D
:10A1D0006565656564646464646463636363636341
:10A1E0006262626262616161616160606060606060
:10A1F0005F5F5F5F5F5E5E5E5E5E5E5D5D5D5D5D7F
:10A200005D5C5C5C5C5C5C5B5B5B5B5B5B5A5A5A99
:10A210005B5B5B5B5B5C5C5C5C5C5C5D5D5D5D5D7E
:10A220005D5E5E5E5E5E5E5F5F5F5F5F6060606042
:10A230006060616161616162626262626363636303
:10A2400063636464646464656565656565666666C4
:10A25000666666666767676767676767676868688F
:10A26000686868686868686868686868686868686E
:10A27000686868686868686868686868686868675F
:10A280006767676767676767666666666666666567
:10A29000656565656564646464646363636363637F
:10A2A000626262626261616161616060606060609F
:10A2B0005F5F5F5F5F5E5E5E5E5E5E5D5D5D5D5DBE
:10A2C0005D5C5C5C5C5C5C5B5B5B5B5B5B5C5C5CD3
:10A2D0005C5C5C5D5D5D5D5D5D5E5E5E5E5E5E5FA9
:10A2E0005F5F5F5F6060606060606161616161626B
:10A2F000626262626363636363636464646464652B
:10A3000065656565656666666666666767676767ED
:10A3100067676868686868686868686969696969BA
:10A32000696969696969696969696969696969699D
:10A330006969696969696969696868686868686894
:10A3400068686767676767676766666666666665A3
:10A3500065656565656464646464636363636363BE
:10A3600062626262626161616161606060606060DE
:10A370005F5F5F5F5F5E5E5E5E5E5E5D5D5D5D5DFD
:10A380005D5C5C5C5C5C5C5B5C5C5C5C5D5D5D5D09
:10A390005D5D5E5E5E5E5E5F5F5F5F5F5F606060D3
:10A3A0006060616161616162626262626363636392
:10A3B0006363646464646465656565656666666652
:10A3C0006666676767676767686868686868686817
:10A3D000696969696969696969696A6A6A6A6A6AE7
:10A3E0006A6A6A6A6A6A6A6A6A6A6A6A6A6A6A6ACD
:10A3F0006A6A6969696969696969696968686868CF
:10A4000068686868676767676767666666666666DE
:10A4100065656565656464646464636363636363FD
:10A420006262626262616161616160606060605F1E
:10A430005F5F5F5F5F5E5E5E5E5E5D5D5D5D5D5D3D
:10A440005C5C5C5C5D5D5D5D5D5D5E5E5E5E5E5F39
:10A450005F5F5F5F5F6060606060616161616161FB
:10A4600062626262626363636363646464646465BA
:10A47000656565656666666666666767676767677A
:10A4800068686868686869696969696969696A6A40
:10A490006A6A6A6A6A6A6A6A6A6A6B6B6B6B6B6B16
:10A4A0006B6B6B6B6B6B6B6B6B6B6A6A6A6A6A6A02
:10A4B0006A6A6A6A6A6A6969696969696969686808
:10A4C000686868686767676767676666666666661E
:10A4D000656565656564646464646363636363623E
:10A4E0006262626261616161616160606060605F5F
:10A4F0005F5F5F5F5F5E5E5E5E5E5D5D5D5D5D5D7D
:10A500005D5D5E5E5E5E5E5E5F5F5F5F5F60606062
:10A510006060606161616161626262626263636323
:10A5200063636464646464656565656565666666E1
:10A5300066666767676767686868686868696969A1
:10A54000696969696A6A6A6A6A6A6A6A6B6B6B6B6B
:10A550006B6B6B6B6B6B6B6B6B6B6B6B6B6B6B6B4B
:10A560006B6B6B6B6B6B6B6B6B6B6B6B6B6B6B6B3B
:10A570006A6A6A6A6A6A6A6A696969696969696844
:10A58000686868686867676767676666666666655D
:10A59000656565656564646464646363636363627D
:10A5A0006262626261616161616060606060605F9F
:10A5B0005F5F5F5F5E5E5E5E5E5E5D5D5E5E5E5EB9
:10A5C0005F5F5F5F5F5F606060606061616161618C
:10A5D000616262626262636363636364646464644D
:10A5E0006565656565666666666667676767676809
:10A5F00068686868686969696969696A6A6A6A6ACB
:10A600006A6A6B6B6B6B6B6B6B6B6B6C6C6C6C6C97
:10A610006C6C6C6C6C6C6C6C6C6C6C6C6C6C6C6C7A
:10A620006C6C6C6C6C6C6C6C6C6B6B6B6B6B6B6B71
:10A630006B6B6A6A6A6A6A6A6A6969696969696880
:10A64000686868686867676767676666666666659C
:10A6500065656565646464646463636363636262BF
:10A6600062626261616161616160606060605F5FE0
:10A670005F5F5F5F5E5E5E5E5E5F5F5F5F5F6060ED
:10A6800060606060616161616162626262626363B5
:10A690006363636464646464656565656566666672
:10A6A0006666666767676767686868686869696932
:10A6B0006969696A6A6A6A6A6A6B6B6B6B6B6B6BF6
:10A6C0006C6C6C6C6C6C6C6C6C6C6D6D6D6D6D6DC4
:10A6D0006D6D6D6D6D6D6D6D6D6D6D6D6D6D6D6DAA
:10A6E0006D6D6C6C6C6C6C6C6C6C6C6C6B6B6B6BAC
:10A6F0006B6B6B6A6A6A6A6A6A69696969696968BF
:10A7000068686868676767676766666666666665DD
:10A7100065656565646464646463636363636262FE
:10A7200062626261616161616060606060605F5F20
:10A730005F5F5F5E5F5F5F6060606060616161611D
:10A7400061616262626262636363636364646464DE
:10A75000646565656565666666666667676767679B
:10A7600068686868686969696969696A6A6A6A6A59
:10A770006B6B6B6B6B6B6B6C6C6C6C6C6C6C6D6D1E
:10A780006D6D6D6D6D6D6D6D6D6D6D6E6E6E6E6EF4
:10A790006E6E6E6E6E6E6E6E6E6D6D6D6D6D6D6DE0
:10A7A0006D6D6D6D6D6D6C6C6C6C6C6C6C6B6B6BE6
:10A7B0006B6B6B6B6A6A6A6A6A69696969696968FD
:10A7C000686868686767676767666666666665651E
:10A7D0006565656464646464636363636362626241
:10A7E000626261616161616160606060605F5F5F62
:10A7F0006060606060616161616162626262626248
:10A800006363636363646464646465656565656606
:10A8100066666666676767676768686868686969C3
:10A820006969696A6A6A6A6A6B6B6B6B6B6B6C6C81
:10A830006C6C6C6C6C6D6D6D6D6D6D6D6D6E6E6E4A
:10A840006E6E6E6E6E6E6E6E6E6E6E6E6E6E6E6E28
:10A850006E6E6E6E6E6E6E6E6E6E6E6E6E6E6E6D19
:10A860006D6D6D6D6D6D6D6C6C6C6C6C6C6C6B6B23
:10A870006B6B6B6B6A6A6A6A6A696969696968683D
:10A880006868686767676767666666666665656560
:10A890006565646464646463636363636262626283
:10A8A000626261616161616060606060606061619D
:10A8B0006161616262626262636363636363646471
:10A8C000646464656565656566666666676767672F
:10A8D00067686868686869696969696A6A6A6A6AEA
:10A8E0006A6B6B6B6B6B6C6C6C6C6C6C6D6D6D6DAB
:10A8F0006D6D6D6E6E6E6E6E6E6E6E6E6E6F6F6F78
:10A900006F6F6F6F6F6F6F6F6F6F6F6F6F6F6F6F57
:10A910006F6F6F6F6F6F6F6E6E6E6E6E6E6E6E6E50
:10A920006E6D6D6D6D6D6D6D6C6C6C6C6C6C6B6B60
:10A930006B6B6B6A6A6A6A6A6A696969696968687D
:10A9400068686867676767676666666665656565A0
:10A9500065646464646463636363636362626262C4
:10A9600062616161616160606161616162626262D4
:10A970006263636363636464646464656565656599
:10A980006666666666676767676768686868686955
:10A99000696969696A6A6A6A6A6B6B6B6B6B6C6C12
:10A9A0006C6C6C6C6D6D6D6D6D6D6E6E6E6E6E6ED5
:10A9B0006E6E6F6F6F6F6F6F6F6F6F6F6F6F7070A7
:10A9C00070707070707070707070707070706F6F89
:10A9D0006F6F6F6F6F6F6F6F6F6F6E6E6E6E6E6E8D
:10A9E0006E6E6D6D6D6D6D6D6C6C6C6C6C6C6B6B9F
:10A9F0006B6B6B6A6A6A6A6A6969696969686868BF
:10AA000068686767676767666666666665656565E1
:10AA10006564646464646363636363626262626204
:10AA20006161616161626262626263636363636404
:10AA300064646464656565656566666666666767C1
:10AA4000676767686868686869696969696A6A6A7E
:10AA50006A6A6B6B6B6B6B6C6C6C6C6C6D6D6D6D3B
:10AA60006D6D6E6E6E6E6E6E6E6F6F6F6F6F6F6F01
:10AA70006F707070707070707070707070707070D7
:10AA800070707070707070707070707070707070C6
:10AA90007070706F6F6F6F6F6F6F6F6E6E6E6E6EC8
:10AAA0006E6E6D6D6D6D6D6D6C6C6C6C6C6B6B6BDF
:10AAB0006B6B6A6A6A6A6A69696969696868686801
:10AAC0006867676767676666666666656565656524
:10AAD0006464646464636363636362626262626148
:10AAE000626262636363636364646464646565652E
:10AAF00065656666666666676767676768686868EB
:10AB00006869696969696A6A6A6A6A6B6B6B6B6BA7
:10AB10006C6C6C6C6C6D6D6D6D6D6E6E6E6E6E6E64
:10AB20006F6F6F6F6F6F6F7070707070707070702C
:10AB30007071717171717171717171717171717106
:10AB400071717171717171717171717070707070FA
:10AB500070707070706F6F6F6F6F6F6F6E6E6E6E04
:10AB60006E6E6D6D6D6D6D6C6C6C6C6C6B6B6B6B20
:10AB70006B6A6A6A6A6A6969696969686868686843
:10AB80006767676767666666666665656565656467
:10AB90006464646463636363636262626363636384
:10ABA0006364646464646565656565666666666657
:10ABB0006767676767686868686869696969696A13
:10ABC0006A6A6A6B6B6B6B6B6C6C6C6C6C6D6D6DCD
:10ABD0006D6D6D6E6E6E6E6E6F6F6F6F6F6F6F708F
:10ABE000707070707070717171717171717171715B
:10ABF0007171717272727272727272727272727238
:10AC00007271717171717171717171717171707035
:10AC100070707070706F6F6F6F6F6F6F6E6E6E6E43
:10AC20006E6D6D6D6D6D6D6C6C6C6C6C6B6B6B6B60
:10AC30006B6A6A6A6A696969696968686868686785
:10AC400067676767666666666665656565656464A9
:10AC500064646463636363636363646464646465BA
:10AC6000656565656666666666676767676768687F
:10AC700068686869696969696A6A6A6A6B6B6B6B3B
:10AC80006B6C6C6C6C6C6D6D6D6D6D6E6E6E6E6EF6
:10AC90006E6F6F6F6F6F70707070707070717171B8
:10ACA000717171717171727272727272727272728A
:10ACB0007272727272727272727272727272727274
:10ACC000727272727272717171717171717171706F
:10ACD0007070707070706F6F6F6F6F6E6E6E6E6E83
:10ACE0006E6D6D6D6D6D6C6C6C6C6C6B6B6B6B6BA2
:10ACF0006A6A6A6A696969696968686868686767C9
:10AD000067676766666666666565656565646464EB
:10AD100064646363646464646565656565666666EA
:10AD200066666767676767686868686869696969A8
:10AD3000696A6A6A6A6B6B6B6B6B6C6C6C6C6C6D62
:10AD40006D6D6D6D6E6E6E6E6E6F6F6F6F6F6F701F
:10AD500070707070707171717171717172727272E4
:10AD600072727272727273737373737373737373B9
:10AD700073737373737373737373737373737272A5
:10AD800072727272727272727171717171717170AC
:10AD900070707070706F6F6F6F6F6F6E6E6E6E6EC3
:10ADA0006D6D6D6D6D6C6C6C6C6C6B6B6B6B6B6AE5
:10ADB0006A6A6A696969696968686868686767670B
:10ADC000676766666666666565656565646464642E
:10ADD0006465656565656666666666676767676715
:10ADE000686868686869696969696A6A6A6A6A6BD1
:10ADF0006B6B6B6C6C6C6C6C6D6D6D6D6D6E6E6E8B
:10AE00006E6E6F6F6F6F6F70707070707071717148
:10AE10007171717272727272727272737373737310
:10AE200073737373737373737373737374747474EE
:10AE300073737373737373737373737373737373E2
:10AE400073727272727272727271717171717170E9
:10AE500070707070706F6F6F6F6F6E6E6E6E6E6D04
:10AE60006D6D6D6D6C6C6C6C6C6B6B6B6B6A6A6A28
:10AE70006A6A69696969696868686868676767674D
:10AE8000676666666666656565656564656565656C
:10AE9000666666666667676767676868686869693F
:10AEA0006969696A6A6A6A6A6B6B6B6B6B6C6C6CFA
:10AEB0006C6D6D6D6D6D6E6E6E6E6E6F6F6F6F6FB4
:10AEC0007070707070707171717171727272727273
:10AED0007272737373737373737373737474747440
:10AEE0007474747474747474747474747474747422
:10AEF000747474747474747473737373737373731A
:10AF00007373727272727272727171717171707028
:10AF1000707070706F6F6F6F6F6E6E6E6E6E6D6D46
:10AF20006D6D6D6C6C6C6C6B6B6B6B6B6A6A6A6A6B
:10AF30006A69696969696868686867676767676691
:10AF400066666666656565656566666666666767A4
:10AF50006767676868686868696969696A6A6A6A68
:10AF60006A6B6B6B6B6B6C6C6C6C6D6D6D6D6D6E21
:10AF70006E6E6E6E6F6F6F6F6F70707070707171DC
:10AF8000717171717272727272727373737373739F
:10AF90007373747474747474747474747474757571
:10AFA0007575757575757575757575757575747453
:10AFB0007474747474747474747473737373737357
:10AFC0007373727272727272717171717171707069
:10AFD0007070706F6F6F6F6F6E6E6E6E6E6D6D6D89
:10AFE0006D6D6C6C6C6C6B6B6B6B6B6A6A6A6A6AAE
:10AFF00069696969686868686867676767676666D6
:10B0000066666665666666676767676768686868D4
:10B010006869696969696A6A6A6A6B6B6B6B6B6C90
:10B020006C6C6C6C6D6D6D6D6E6E6E6E6E6F6F6F49
:10B030006F6F707070707071717171717172727206
:10B0400072727373737373737374747474747474CB
:10B0500074747575757575757575757575757575A2
:10B060007575757575757575757575757575757590
:10B070007575747474747474747474737373737393
:10B0800073737272727272717171717171707070AA
:10B0900070706F6F6F6F6F6E6E6E6E6E6D6D6D6DCB
:10B0A0006C6C6C6C6C6B6B6B6B6B6A6A6A6A6969F3
:10B0B0006969696868686868676767676766666618
:10B0C00080B5F02806D2872904D292B289B280B224
:10B0D00001F086FB01BD2DE9F84304000D001600C8
:10B0E0001F00A4B2ADB2B6B25FF00008D6F10109FC
:10B0F00003E019EB480919F10109464544DB3A0020
:10B1000092B218EB05013019FFF7DAFF3A0092B25C
:10B11000711918EB0400FFF7D3FF3A0092B27119CE
:10B12000B4EB0800FFF7CCFF3A0092B218EB050130
:10B13000A01BFFF7C5FF3A0092B2B5EB0801A01BB8
:10B14000FFF7BEFF3A0092B2A91BB4EB0800FFF76D
:10B15000B7FF3A0092B2A91B18EB0400FFF7B0FF4B
:10B160003A0092B2B5EB08013019FFF7A9FF18F1C8
:10B170000108B9F1000FBCD4761EB8EB060019EB3C
:10B18000400919F10109B8E7BDE8F1832DE9FC4157
:10B1900006000F0090461D00B6B2BFB21FFA88F835
:10B1A000D8F1000429E0002800D50020F02900DBB8
:10B1B000EF212A0092B20092624613009BB20A006D
:10B1C00092B2614689B280B201F048FB14E008FBFC
:10B1D00008F004FB140000EE100AB8EEC00A01F0FB
:10B1E000CBFFBDEEC00A10EE101A701A891914EBCD
:10B1F000070CBCF1870FD6D3641CA045E7DABDE885
:10B20000F381002801D5002003E0F02801DBEF20C6
:10B21000FFE77047002801D5002003E0872801DB05
:10B220008620FFE770472DE9F8432DED028B84B0AF
:10B2300005000020039078200290BC200190782027
:10B240000090BC23DFF8802907211A2001F084FD3B
:10B25000687A002813D0B5F916401A34B5F91800E9
:10B26000C01DFFF7D7FF06002000FFF7CAFF4FF40D
:10B2700078430522310089B280B2FFF72CFFA87A0B
:10B28000002872D0B5F91E601A36B5F92070FF1D7E
:10B29000B3EE068A95ED090A20EE080ABDEEC00A53
:10B2A00010EE100A8019FFF7ACFF040095ED0A0AB2
:10B2B00020EE080ABDEEC00A10EE100AC019FFF712
:10B2C000A9FF05003000FFF79CFF06003800FFF7DC
:10B2D000A1FF07004FF4FC6306223800010089B289
:10B2E000300080B2FFF7F7FE701DFFF78AFF81463E
:10B2F000701FFFF786FF40F2FF784146009139004A
:10B300000B009BB24A4692B2390089B280B201F07A
:10B31000A5FA781DFFF77EFF8146781FFFF77AFFB9
:10B32000CDF800804B469BB231000A0092B201007A
:10B3300089B2300080B201F091FA4FF6E0784046D1
:10B340000090280003009BB22000020092B2390056
:10B3500089B2300080B201F081FA4346022229000E
:10B3600089B2200080B2FFF711FF04B0BDEC028B60
:10B37000BDE8F18308E00A00D2B2825C825C0B0077
:10B38000DBB2C254C9B2415C0A00D2B2825C0B008B
:10B39000DBB29A42EFD10800C0B2704770B504002A
:10B3A0001500C9B22000FFF7E5FF06002900C9B269
:10B3B0002000FFF7DFFF31000200C9B2D2B2914294
:10B3C0000AD031000200C9B2D2B2914202D2C0B258
:10B3D000265401E0F6B2A05570BD10B4002112E071
:10B3E000DFF8E807425CDFF8E807435CDFF8E44792
:10B3F000DBB2BC20434304EB0300D2B2805CDFF835
:10B40000D8275054491C45F620008142E8D310BC8F
:10B4100070470000B0F90010D1F15E0100EE101A83
:10B42000F8EEC00AF5EE400AF1EE10FA01D5F1EEA1
:10B43000600AC18800EE101AB8EE400A808801EE5A
:10B44000100ABBEE671A30EE010A9FED041A71EE86
:10B45000600A9FED031A00EE810A70470000BC42AB
:10B460009A99993E7EB4C27A1100C9B2042910D3C8
:10B4700003221300DBB20C214B4300EB030191EDDF
:10B48000130ADDED020AB4EE600AF1EE10FA14DBE5
:10B490002FE0C17A491CC1720FE01300DBB24B43AD
:10B4A000034444331400E4B201FB04F10144383195
:10B4B00091E8700083E87000521E1100C9B20029A3
:10B4C0000DD00C211300DBB24B43034493ED100A63
:10B4D000DDED020AB4EE600AF1EE10FADDD4D2B26C
:10B4E0000C214A4310444430694691E81C0080E82E
:10B4F0001C0077BC7047F0B4049D059C2600F6B292
:10B5000031F916602F00FFB230F91770BE4209DA28
:10B510002E00F6B230F916602000C0B231F91000EA
:10B52000361A14E02E00F6B231F916602700FFB289
:10B5300030F91770BE4209DA2600F6B230F916600B
:10B540002800C0B231F91000361A00E000262000B1
:10B55000C0B233F910002900C9B232F91110884283
:10B5600007DAEDB232F91510E4B233F91400091A12
:10B5700012E02800C0B233F910002100C9B232F93C
:10B580001110884207DAE4B232F91410EDB233F93F
:10B590001500091A00E00021072E03DA072901DA55
:10B5A000012000E00020C0B2F0BC70472DE9FF4F41
:10B5B00081B02DED088BC4B08021002224AC200086
:10B5C00001F028FE0020ADF80A0001208DF80800E7
:10B5D0002BE0BDF80A00210089B2884220D2ADF8E4
:10B5E0000A40802204A924AC200001F04BFE17E0A1
:10B5F00000EE106AB8EEC00A00EE905AF8EEE00ACB
:10B6000080EE200AF7EE000AB4EE600AF1EE10FABE
:10B6100006D4DFEDC50AB4EE600AF1EE10FAD8DB0D
:10B620009DF80800401C8DF808009DF838019DF831
:10B6300008108842C0F0CA808021002204AC20009B
:10B6400001F0E8FD5FF001090024BC250020039013
:10B65000782600274F989DF8081030F81100082828
:10B66000DED30DF1100801209DF8081008F8010044
:10B670005FFA89F9B9F1000F40D05FF000095FF07F
:10B68000010A16E05846C0B201905046C0B2009080
:10B690005C9B5B9A5A995098FFF72DFF00282AD09F
:10B6A00001205146C9B208F801005FF001091AF102
:10B6B000010A9DF838015146C9B28842D8D3504694
:10B6C000C0B218F80000002806D14F985146C9B200
:10B6D00030F81100082800D2E9E75FF0010B9DF86F
:10B6E00038015946C9B28842E1D35846C0B218F869
:10B6F00000000028C6D11BF1010BF0E701213FE05B
:10B700004F980A00D2B230F81200041950980A007B
:10B71000D2B230F91200A84204DA50980A00D2B22C
:10B7200030F9125003985A9A0B00DBB232F9132009
:10B73000904205DA5A980A00D2B230F9120003900A
:10B740005B980A00D2B230F91200B04204DA5B987A
:10B750000A00D2B230F912605C980A00D2B230F915
:10B76000120087420BDA5C980A00D2B230F91270EC
:10B7700005E00800C0B218F800000028C0D1491C3C
:10B780009DF838010A00D2B29042F2D2200080B275
:10B790001E3840F2CB318842BFF442AF0398451BBC
:10B7A0006D1CBE1B761C012D01DB012E00DA37E774
:10B7B000AE42BFF61DAF00EE105AB8EEC00A00EE62
:10B7C000906AF8EEE00A80EE200A1BE7BDF80A0056
:10B7D0007828C0F0E8810022002300219FEDC20AF2
:10B7E000DFEDC10A9FEDC01A9FEDC0AAB0EE4A9AE4
:10B7F000DFEDBFAAF0EE6A9A00240025002600E0E3
:10B80000761C782E1EDA002703E0BA18F318491CBC
:10B8100016E0BC2FF4DADFF8140C5FF0BC0C0CFB64
:10B8200006FC6044C05D84465FFA8CFCBCF1000FEE
:10B8300006D00DF1900CC0B21CF800000028E4D135
:10B840007F1CE6E71E29C0F2AE8101EE902AF8EED9
:10B85000E11A02EE101AB8EEC22A81EE828A01EED7
:10B86000903AF8EEE11A02EE101AB8EEC22AC1EED2
:10B87000828A002200E0521C782A28DA002312E093
:10B8800001EE903AF8EEE11A71EEC81A02EE102AB3
:10B89000B8EEC22A32EE682A01EEA10A42EE020A8E
:10B8A00001EE821A11E0BC2BE5DADFF8800BBC2632
:10B8B00006FB02F63044C05C0600F6B2002E04D04F
:10B8C00024AEC0B2305C0028DAD15B1CEBE701EE9D
:10B8D000901AF8EEE11A80EE210A01EE901AF8EEC5
:10B8E000E11AC0EEA10A01EE901AF8EEE11A81EE1B
:10B8F00021BAB0EECB1AF6EE001AB4EE611AF1EEF0
:10B9000010FA16D5B4EE600AF1EE10FA02DBB7EECB
:10B91000001A01E09FED741AB4EE600AF1EE10FA1D
:10B9200004DBDFED710A24E001008040F7EE000A3D
:10B930001FE030EE600AF6EE000A60EE20BA2BEE51
:10B94000AB0A0BEE0B0A01F017FC70EE6BBA2BEE94
:10B950000B0A0BEEAB0A01F00FFCDFED960AB4EE1A
:10B96000600AF1EE10FA00F11E818BEE001ACBEEA8
:10B97000800AF1EE601AB0EE410A002100E0491C95
:10B9800078294DDA002238E0B4EE4A2AF1EE10FAB6
:10B9900001D5B0EE42AAF4EE42AAF1EE10FA01D5BA
:10B9A000F0EE42AA6D1C27E002EE102AB8EEC22A81
:10B9B00072EE482A02EE101AB8EEC22A32EE683A47
:10B9C00022EE812A03EE202A62EEA12A43EE002A0B
:10B9D000F5EE402AF1EE10FAD6DBB4EE492AF1EE8C
:10B9E00010FA01D5B0EE429AF4EE429AF1EE10FA56
:10B9F00001D5F0EE429A641C521CBC2ABFDADFF873
:10BA00002C0ABC2303FB01F31844805C0300DBB267
:10BA1000002B04D024ABC0B2185C0028C4D1EBE7E3
:10BA2000A4B2022CC0F0BF80ADB2022DC0F0BB802A
:10BA300079EEC90A3AEECA1AF4EE410AF1EE10FAAA
:10BA400002D5B0EE602A01E0B0EE412AB4EE601AF1
:10BA5000F1EE10FA02D5F0EE602A01E0F0EE412A94
:10BA60009FED553AB4EE432AF1EE10FA08D482EE77
:10BA7000822ADFED522AB4EE622AF1EE10FA00D5E6
:10BA800091E0F4EE410AF1EE10FA04DBF1EE611AF6
:10BA9000B1EE400AFFE7DFF8A4190878002814D0B7
:10BAA000DFF89C09D0ED000A60EEA10ADFF89409E6
:10BAB00090ED001A41EE000AF5EE400AF1EE10FAA0
:10BAC00003D5F1EE611AB1EE400A0878002811D1D1
:10BAD000DFF86C09C0ED001ADFF8680980ED000A94
:10BAE000012008701EE000BF00000000286B6E4EB1
:10BAF000286B6ECEDFED320A9FED321ADFF8400977
:10BB000090ED002A22EE012A01EEA02A80ED002A03
:10BB1000DFF83009D0ED001A21EE811A00EE201A6C
:10BB200080ED001ADFF81C59DFF8144994ED000A83
:10BB3000D4ED000A20EE200AD5ED000A95ED001A9A
:10BB400000EE810A01F018FBDFED1A0AB4EE600A7C
:10BB5000F1EE10FA27D44D98D4ED000AC0EE800A19
:10BB6000C4ED000AD5ED000A80EE800A85ED000ADA
:10BB700001218172BDF80A108182B6EE000A38EE0A
:10BB8000000ABDEEC00A10EE101AC183B6EE000A1C
:10BB900038EE800ABDEEC00A10EE101A018421684A
:10BBA00041622968816244B0BDEC088B05B0BDE8F4
:10BBB000F08F0000BD378635CECCCC3D3333933F7C
:10BBC0003333333F9A99993E5C0708288000281048
:10BBD000A05828107C5F08289CB708282DE9F14F51
:10BBE0002DED048BADF5416D802100220DF5316402
:10BBF000200001F00FFB4FF4807100220DF521644D
:10BC0000200001F007FB4FF40074210000220DF525
:10BC10000165280001F0FEFA210000220DF5C26541
:10BC2000280001F0F7FA00220DF5826521002800B6
:10BC300001F0F0FA5FF001080024DFED908AB0EE29
:10BC4000688A00250020ADF80C0045F6200100228E
:10BC5000DFF8D8673700380001F0DCFA00201DE07B
:10BC60000DF539610200D2B28854BC21C4AA030088
:10BC7000DBB222F81310002184AA0300DBB222F801
:10BC80001310782144AA0300DBB222F8131000211C
:10BC900004AA0300DBB222F81310401C0100C9B251
:10BCA0008029DDD3002700E07F1C782F80F2E88018
:10BCB0005FF00009CFE0C24618F101080BFB07F066
:10BCC000304400F809A0B9F1010F13DB0BFB07F0BA
:10BCD0003044484410F8010C00280BD00BFB07F04F
:10BCE0003044484410F8012C5146C9B20DF5396072
:10BCF000FFF754FB012F13DB0BFB07F030444844E4
:10BD000010F8BC0C00280BD00BFB07F03044484463
:10BD100010F8BC2C5146C9B20DF53960FFF73EFB57
:10BD2000B9F1010F15DB012F13DB0BFB07F03044DA
:10BD3000484410F8BD0C00280BD00BFB07F0304432
:10BD4000484410F8BD2C5146C9B20DF53960FFF7D3
:10BD500025FB19F10100BC287BDA012F79DB0BFBF5
:10BD600007F03044484410F8BB0C002871D00BFB9E
:10BD700007FB06EB0B00484410F8BB2C5146C9B238
:10BD80000DF53960FFF70AFB63E0B9F1010F0ADB3B
:10BD90000BFB07F03044484410F8010C0100C9B215
:10BDA000002900D08246012F14DB0BFB07F0304442
:10BDB000484410F8BC0C0100C9B200290AD0514611
:10BDC000C9B2002905D001005246C9B2D2B291428F
:10BDD00000D28246B9F1010F16DB012F14DB0BFBF9
:10BDE00007F03044484410F8BD0C0100C9B20029E6
:10BDF0000AD05146C9B2002905D001005246C9B245
:10BE0000D2B2914200D2824619F10100BC2816DA62
:10BE1000012F14DB0BFB07F03044484410F8BB0C37
:10BE20000100C9B200290AD05146C9B2002905D083
:10BE300001005246C9B2D2B2914200D28246504667
:10BE4000C0B200287FF43AAF4046C0B28028FFF469
:10BE500032AF19F10109B9F1BC0FBFF625AF5FF0A0
:10BE6000000A5FF0BC0BDFF8E0050BFB07F10844AC
:10BE700010F80900002888D1EBE700BF0050C3C7C5
:10BE8000002700E07F1C782F80F28F805FF0000891
:10BE900078E0C9B20DF53960FFF76CFA01000DF5D5
:10BEA00031620800C0B2105C002803D1641C080095
:10BEB000C0B21454C9B2505C09FB07F1314401F817
:10BEC00008000DF521610200D2B231F81220521C97
:10BED0000300DBB221F813200DF501610200D2B29C
:10BEE00051F8222018EB02020300DBB241F82320B4
:10BEF0000DF5C2610200D2B251F82220BA18030037
:10BF0000DBB241F823200DF582610200D2B251F874
:10BF10002220DFF8383509FB07F94B4413F80830C5
:10BF200052FA83F20300DBB241F82320C4A90200D5
:10BF3000D2B231F91220904503DA0200D2B221F8D0
:10BF4000128084A90200D2B231F91220424503DAEC
:10BF50000200D2B221F8128044A90200D2B231F913
:10BF60001220974203DA0200D2B221F8127004A91B
:10BF70000200D2B231F91220BA4213DAC0B221F86B
:10BF800010700FE0B8F1BC0FBFF67CAF5FF0BC09DA
:10BF900009FB07F0304410F808100800C0B2002870
:10BFA0007FF477AF18F10108ECE7DDF8206C34720C
:10BFB00004A8029044A8019084A80090C4AB0DF599
:10BFC00021622100C9B23000FFF7F0FAB07A0028F0
:10BFD0000CD0F08BDFF878140880308CDFF8741404
:10BFE00008800020DFF87014087007E0DFF86804AC
:10BFF0000178FF2902D00178491C0170012755E022
:10C00000F4EE408AF1EE10FA4FD5F0EE408ABDF81A
:10C0100000007083BDF80200B08346E0684690E8F7
:10C020000E003000FFF71EFA9DED020ADFF82C0427
:10C03000B0F90010002925D4BDF90010B0F90000B6
:10C04000091A00EE901AF8EEE00ABDF90210DFF8C6
:10C050001004B0F90000091A01EE101AB8EEC11A66
:10C0600060EEA00A41EE010A9FEDA71AC0EE810A18
:10C07000B7EE001A70EE810A9FEDA41AC1EE200AF5
:10C0800030EE800AB4EE408AF1EE10FAB8D5F0EE48
:10C09000488A7583BDF80C00B083B0EE408ABDF9C4
:10C0A0000050BDF90200ADF80C007F1C20003900E3
:10C0B000C0B2C9B28842C0F0C0800DF5216138001D
:10C0C000C0B231F81000001F40F229129042ECD2A9
:10C0D00084A83A00D2B230F91220C4A83B00DBB2E7
:10C0E00030F91300121A521C04A83B00DBB230F9DD
:10C0F000133044A8BC465FFA8CFC30F91C001B1AB4
:10C100005B1C012A01DB012B00DACEE793420ADA3D
:10C1100000EE102AB8EEC00A00EE903AF8EEE00AFF
:10C1200080EE209A09E000EE103AB8EEC00A00EE68
:10C13000902AF8EEE00A80EE209A3800C0B231F87A
:10C14000100000EE100AB8EE400A00EE902AF8EE59
:10C15000E00A01EE103AB8EEC11A60EE810AC0EEB4
:10C16000209A0DF501603A00D2B250F822003A0050
:10C17000D2B231F8122010EB52003A00D2B231F8AC
:10C180001220B0FBF2F0ADF800000DF5C2603A00ED
:10C19000D2B250F822003A00D2B231F8122010EB9D
:10C1A00052003A00D2B231F81220B0FBF2F0ADF8F2
:10C1B00002003800C0B231F81000ADF804000DF5EF
:10C1C00082603A00D2B250F822003A00D2B231F87E
:10C1D0001210B0FBF1F0ADF806006846FFF71AF94F
:10C1E0008DED020ABDF80600C8280DD39FED8C0A1C
:10C1F000B4EE409AF1EE10FA06DA9FED8A0AF4EEF8
:10C20000409AF1EE10FA00D54FE7934800780928DC
:10C21000BFF404AFBDF900108D48B0F90000091A51
:10C22000BDF902208B48B0F90000121A524301FBFD
:10C2300001216529BFF6F2AE37E79FED7B0AB4EE28
:10C24000408AF1EE10FA58DB8648B0F90010002958
:10C2500005D50580BDF80C10834A118035E0DFED6F
:10C26000740A9FED741AB0F9001001EE901AF8EEFE
:10C27000E11A61EE811A2DB202EE105AB8EEC22A0E
:10C2800042EE201AB6EE002A71EE821AFDEEE11A95
:10C2900011EE901A01807449B1F9002001EE902A44
:10C2A000F8EEE11A21EE811ABDF90C2001EE902A78
:10C2B000F8EEE11A01EEA01AF6EE000A71EE200A7D
:10C2C000FDEEE00A10EE902A0A800188634A118090
:10C2D00065490A88624B1A80012272720088F082D6
:10C2E0000888308386ED038AF4EE408AF1EE10FA76
:10C2F00001DADFED518AC6ED048A0DF5416DBDEC22
:10C30000048BBDE8F18F00000000C842000020420D
:10C3100080B50020554908605FF0FF304F49088024
:10C320004F4908804F4908804F4908804448002100
:10C33000016044480021016000204049087000204D
:10C3400043490880002043490880FF204249087083
:10C3500000F0F6FF002001F0B5F87823BC223B493D
:10C36000022001F074F9002000F016FA00F0B0FD90
:10C37000002000F0DBF901F008FB01BD10B5A4B00E
:10C380003B490878002801D1002046E000200870D1
:10C390007421002207AC200000F03CFF45F620028B
:10C3A0003449354C200000F06DFFFFF716F8FF20F0
:10C3B00000900023B4223149314801F099FB07A8CD
:10C3C000FFF70CFC01A800F0ECFF00280DD001984D
:10C3D0001290029813900298089003981490049871
:10C3E00015900598169006981790204C2068401CD0
:10C3F00020602068079007A801F010F864202168E9
:10C400002268B2FBF0F200FB1210002801D101F00B
:10C410002DF907A8FEF707FF012024B010BD00008A
:10C420009A99D93F3433B33E7F4FC3C7BC0F092815
:10C430006666663FCDCCCC3D0000000089C209286D
:10C440004CC2092850C209285C0708289CB7082854
:10C4500084C2092886C209285607082844070828E4
:10C4600046070828480708284A07082848C2092814
:10C470008DC20928DC6709287C5F0828080708287E
:10C48000F806082880B501000820DFF8B4281060FD
:10C49000C9B2012001F0D6FD0820DFF8B418086009
:10C4A00001BD2DE9F047060015001F00DFF8948854
:10C4B0003000B8F8002080B2904201D2012000E0A4
:10C4C00000200C00DFF88098B0224946C0B202F08C
:10C4D00089FADFF878A82000BAF8001080B2884204
:10C4E00001D2012000E00020B1224946C0B202F092
:10C4F00079FA2800B8F8001080B2884201D20120F1
:10C5000000E00020B2224946C0B202F06BFA3800C7
:10C51000BAF8001080B2884201D2012000E0002069
:10C52000B3224946C0B202F05DFADFF8280800786D
:10C53000002805D0022847D024D3032866D086E0FF
:10C540002A20FFF79FFF2836310089B2012001F031
:10C5500029FE2835290089B2012001F023FE2B2075
:10C56000FFF790FF3434210089B2012001F01AFE58
:10C570003437390089B2012001F014FE2C20FFF776
:10C5800081FF64E02A20FFF77DFF2836310089B261
:10C59000012001F007FE2835290089B2012001F0B1
:10C5A00001FE2B20FFF76EFF3534210089B20120F8
:10C5B00001F0F8FD3537390089B2012001F0F2FDB4
:10C5C0002C20FFF75FFF42E02A20FFF75BFF3436A5
:10C5D000310089B2012001F0E5FD3435290089B22E
:10C5E000012001F0DFFD2B20FFF74CFF2834210054
:10C5F00089B2012001F0D6FD2837390089B2012027
:10C6000001F0D0FD2C20FFF73DFF20E02A20FFF7AE
:10C6100039FF3536310089B2012001F0C3FD3535CF
:10C62000290089B2012001F0BDFD2B20FFF72AFF70
:10C630002834210089B2012001F0B4FD28373900E7
:10C6400089B2012001F0AEFD2C20FFF71BFFBDE8F1
:10C65000F08700B585B0684602F0E2F90120ADF838
:10C660000000DFF8E0060088ADF80200DFF8DC0625
:10C670000088ADF80400DFF838080078002803D0FF
:10C6800002280FD007D30DE006208DF80600082001
:10C690008DF8070006E008208DF8060010208DF8C0
:10C6A0000700FFE70FF2ED5003900FF21100049026
:10C6B000684602F0C5F905B000BD0000F8B5DFF826
:10C6C00084462088400002F0F5F905000020002093
:10C6D0000820DFF8E0170860DFF870663088431E36
:10C6E0009BB22088421E92B200210020FFF7D9FEA3
:10C6F000002005E0DFF8C017098825F81010401C5D
:10C7000021888842F6D3002705E0228829000120ED
:10C7100001F09DFD7F1C30888742F6D30820DFF8AA
:10C720009C170860280002F0CEF9F1BDF8B50600AC
:10C73000DFF810462088400002F0BCF90500002018
:10C7400000200820DFF86C170860DFF800763888D2
:10C75000431E9BB22088421E92B200210020FFF7A8
:10C76000A0FE002002E025F81060401C21888842CD
:10C77000F9D3002605E022882900012001F067FD99
:10C78000761C38888642F6D30820DFF83017086018
:10C79000280002F098F9F1BDDFF8B81508700878A4
:10C7A0000028012803D9801E012809D910E0F020B3
:10C7B000DFF8901508808720DFF89015088007E0E3
:10C7C0008720DFF880150880F020DFF880150880CA
:10C7D0007047DFF8EC261080DFF8DC060180704738
:10C7E000F8B504000D0016002000DFF85815098880
:10C7F00080B2884201D2012000E00020DFF84875B5
:10C8000040F27D123900C0B202F0ECF82800DFF8E7
:10C810003C15098880B2884201D2012000E0002046
:10C820004FF4BF723900C0B202F0DCF80820DFF824
:10C83000841608602B009BB2220092B2290089B2B4
:10C84000200080B2FFF72DFE310089B2012001F0F7
:10C85000A9FC0820DFF864160860F1BD2DE9F04757
:10C860002DED028B060015001F00DFF8D884300084
:10C87000B8F8002080B2904201D2012000E00020F0
:10C880000C00DFF8C49440F295124946C0B202F0A1
:10C89000A9F8DFF8B8A42000BAF8001080B28842E6
:10C8A00001D2012000E000204FF4CB724946C0B213
:10C8B00002F098F82800B8F8001080B2884201D23F
:10C8C000012000E0002040F297124946C0B202F079
:10C8D00089F83800BAF8001080B2884201D20120ED
:10C8E00000E000204FF4CC724946C0B202F07AF862
:10C8F0003000290080B289B2884202D25FF001097B
:10C9000001E05FF0FF392000390080B289B288422F
:10C9100002D25FF0010A01E05FF0FF3A9FED5F0A8B
:10C920009FED5E0ADDF828803000290080B289B2D0
:10C93000884238D0210089B2380080B2091A00EE4E
:10C94000101AB8EEC00A310089B2280080B2091A64
:10C9500000EE901AF8EEE00A80EE208A200080B205
:10C9600000EE100AF8EE408A300080B200EE100AA5
:10C97000B8EE400A40EE488A310089B2280080B201
:10C98000091A00291ED4310089B2280080B2091A80
:10C990001DE0424692B2210089B2300080B2FFF71A
:10C9A0001FFF1AEB04042000390080B289B28842CC
:10C9B000EFD1424692B2210089B2300080B2FFF737
:10C9C0000FFF66E0290089B2300080B2091A220008
:10C9D00092B2380080B2121A002A05D4220092B214
:10C9E000380080B2121A04E03A0092B2200080B2FD
:10C9F000121A91423FDA17E0424692B2210089B200
:10CA0000300080B2FFF7ECFE1AEB0404200080B285
:10CA100000EE100AB8EE400A30EE680A80EE080A0E
:10CA2000BDEEC00A10EE106A2000390080B289B253
:10CA30008842E1D1424692B2210089B2300080B2F0
:10CA4000FFF7CEFE25E0424692B2210089B23000C7
:10CA500080B2FFF7C5FE19EB0606300080B200EE8B
:10CA6000100AB8EE400AF0EE680A40EE080ABDEE81
:10CA7000E00A10EE104A3000290080B289B28842E4
:10CA8000E1D1424692B2210089B2300080B2FFF774
:10CA9000A7FEBDEC028BBDE8F0870000000000009F
:10CAA000F8B5D8B005000E0014002800DFF8941285
:10CAB000098880B2884201D2012000E00020DFF81E
:10CAC00088724FF4EA723900C0B201F08BFF300077
:10CAD000DFF87812098880B2884201D2012000E094
:10CAE000002040F2D5123900C0B201F07BFF0020D7
:10CAF00000200820DFF8BC130860DFF8B4030078DA
:10CB0000002804D0022800F0BF8046D3BCE0F31D0B
:10CB10009BB26A1D92B2310089B2280080B2FFF741
:10CB2000C0FC002000E0401C0100C9B206292EDA3A
:10CB30000621DFF890232300DBB24B431A440300A5
:10CB4000DBB21A4412F8C02C00230BE040AD1E00EB
:10CB5000F6B24E4356FA80F6DFF85C733F8825F84C
:10CB6000167010E01D00EDB2082DDCDAD507EDD50A
:10CB700040AD1E00F6B24E4356FA80F6DFF8407321
:10CB80003F8825F81670D2B252085B1CEAE73022C3
:10CB900040A9012001F05BFB76E016F10F039BB288
:10CBA000EA1D92B2310089B2280080B2FFF779FC09
:10CBB000002000E0401C0100C9B208295EDADFF85D
:10CBC00008232100C9B2090111440300DBB2194452
:10CBD000B1F5007109782300DBB21B011A44030090
:10CBE000DBB21A44B2F5FC72127800231BE06D46EA
:10CBF0001E00F6B2F60056FA80F6DFF8BC723F88E7
:10CC000025F816700CE0CD07F1D56D461E00F6B282
:10CC1000F60056FA80F6DFF8A8723F8825F81670FD
:10CC2000C9B249085B1C1D00EDB2082DEBDB0021E9
:10CC30000DE06B460D00EDB2ED0055FA80F503EB0B
:10CC40004503DFF874522D88A3F8805012E00B00E2
:10CC5000DBB2082BAEDAD307EBD56B460D00EDB295
:10CC6000ED0055FA80F503EB4503DFF854522D88AB
:10CC7000A3F88050D2B25208491CE8E780226946E6
:10CC8000012001F0E4FAFFE70820DFF8C014086093
:10CC900059B0F0BDF8B504000E0015002000DFF813
:10CCA000A410098880B2884201D2012000E000204F
:10CCB000DFF8947040F22B223900C0B201F092FEEE
:10CCC0003000DFF88810098880B2884201D2012044
:10CCD00000E000204FF40B723900C0B201F082FE78
:10CCE00000270EE00CE0380080B22A5C310089B2E7
:10CCF000380080B2C00010FA84F080B2FFF7D0FE96
:10CD00007F1C380080B2285C002817D0DFF8BC01F7
:10CD10000078002803D00228E4D0E4D3F0E73800FC
:10CD200080B22A5C310089B23B009BB206204343AB
:10CD300013FA84F080B2FFF7B3FEE1E7F1BD000023
:10CD4000040B31404C070828844329104E0708285B
:10CD5000080B31408CC209282DE9F84F8046140099
:10CD60009A464046DFF8EC23128880B2904201D206
:10CD7000012000E000200F00DFF8DC934FF43F7249
:10CD80004946C0B201F02EFE3800DFF8C41309880E
:10CD900080B2884201D2012000E0002040F2FD2252
:10CDA0004946C0B201F01EFE002C01D0012000E077
:10CDB00000200C9D0B9E40F2FE224946C0B201F0BD
:10CDC00011FE0020002000200020300080B2400032
:10CDD00001F070FE8146082036490860E819431EBC
:10CDE0009BB216EB0800421E92B2390089B240464F
:10CDF00080B2FFF756FB5FF0000B0A9FDDF834802E
:10CE000007E0320092B24946012001F020FA1BF1FE
:10CE1000010B280080B2834541D2380080B200FB6C
:10CE20000BF0290089B2B0FBF1F1504680B24143CA
:10CE3000214400220EE04FF6FF7029F8120008E0AE
:10CE40004346DBB280B29BB29842F4D2002029F86C
:10CE50001200521C300080B28242D2D2504680B2C0
:10CE600000FB02F033009BB2B0FBF3F0085C4346DA
:10CE7000DBB2002BE4D10300DBB2DB08DBB2DB0268
:10CE800084465FFA8CFC5FEA9C0C5FFA8CFC53EAE8
:10CE90004C13C0F3C400034329F81230D9E708202B
:10CEA000DFF8A8120860484601F00DFEBDE8F18FDA
:10CEB0005807082804063140520708280806314060
:10CEC00050070828F0322910C02A291058070828CE
:10CED0001FB508200290042001900120009001233A
:10CEE000A14A0021012001F086FA0323002201213A
:10CEF000B32001F062FE032300220121B42001F0DF
:10CF00005CFE032301220121632001F056FE03236E
:10CF100001220121582001F050FE944C2078FFF7A7
:10CF20003BFC8F4801888F480088FFF752FC102097
:10CF30008F490860052001F064FF10208D490860CA
:10CF4000782001F05EFF0820844908601120FFF777
:10CF500099FA3620FFF796FA2078002805D00228A3
:10CF60000DD007D303280FD012E0A021012001F03B
:10CF700069F80DE07021012001F064F808E000215B
:10CF8000012001F05FF803E0C021012001F05AF810
:10CF90003A20FFF777FA0521012001F053F8B2207B
:10CFA000FFF770FA0C21012001F04CF80C21012050
:10CFB00001F048F80021012001F044F8332101205C
:10CFC00001F040F83321012001F03CF8B720FFF7D1
:10CFD00059FA3521012001F035F8BB20FFF752FA4C
:10CFE0003721012001F02EF8C020FFF74BFA2C2149
:10CFF000012001F027F8C220FFF744FA01210120A7
:10D0000001F020F8C320FFF73DFA1221012001F0C2
:10D0100019F8C420FFF736FA2021012001F012F898
:10D02000C620FFF72FFA0F21012001F00BF8D020C6
:10D03000FFF728FAA421012001F004F8A121012022
:10D0400001F000F8E020FFF71DFAD021012000F0E8
:10D05000F9FF0421012000F0F5FF0D21012000F06F
:10D06000F1FF1121012000F0EDFF1321012000F05C
:10D07000E9FF2B21012000F0E5FF3F21012000F016
:10D08000E1FF5421012000F0DDFF4C21012000F0E0
:10D09000D9FF1821012000F0D5FF0D21012000F05B
:10D0A000D1FF0B21012000F0CDFF1F21012000F056
:10D0B000C9FF2321012000F0C5FFE120FFF7E2F9BD
:10D0C000D021012000F0BEFF0421012000F0BAFFB2
:10D0D0000C21012000F0B6FF1121012000F0B2FF69
:10D0E0001321012000F0AEFF2C21012000F0AAFF47
:10D0F0003F21012000F0A6FF4421012000F0A2FF03
:10D100005121012000F09EFF2F21012000F09AFF05
:10D110001F21012000F096FF1F21012000F092FF47
:10D120002021012000F08EFF2321012000F08AFF42
:10D130002120FFF7A7F92920FFF7A4F908200349C8
:10D140000860FFF7BBFAFFF784FA1FBD08063140FD
:10D150004E0708284C07082884432910040631404C
:10D16000520708285007082880C3C9018CC2092823
:10D17000040B3140080B3140B5EEC00AF1EE10FA55
:10D1800002D4B1EEC00A70476FF0004C00EE10CA36
:10D19000AFF300807047F0B402461068956813182A
:10D1A000506803EB5004C00748BF4D44A3422DD044
:10D1B00013F8016B16F0030004BF13F8010BC01C39
:10D1C00031090F2907D113F8011B0F3103E013F8C0
:10D1D000017B05F8017B401EF9D10029E6D013F848
:10D1E000010BC6F38106032E08BF13F8016B00EB99
:10D1F0000620404228440026B71E8F421EBF10F86A
:10D20000017B05F8017B761CF6D1CFE7F0BC02F17B
:10D210000C00704762F30F2262F31F42401810F0B7
:10D22000030308D0C91A1FD3DB0748BF00F8012D3C
:10D2300028BF20F8022D130030B4144615461039CB
:10D2400028BF20E93C00FAD8490728BF20E90C0094
:10D2500048BF40F8042D890028BF20F8022D48BFA0
:10D2600000F8012D30BC7047C91818BF00F8012D17
:10D27000CB0728BF00F8012D70470268531C0360DC
:10D280001170704762B38B0708D0521E11F8013B32
:10D2900000F8013B00F024808B07F6D1830740F0B3
:10D2A000208000BF103A07D330B4B1E83810103AEC
:10D2B000A0E83810F9D230BC530724BFB1E80810F9
:10D2C000A0E8081044BF51F8043B40F8043BD207E3
:10D2D00024BF31F8022B20F8022B44BF0B780370D7
:10D2E0007047121F17D35B0009D151F8043B20F897
:10D2F000023B1B0C121F20F8023BF6D20BE051F848
:10D30000043B00F8013B1B0A20F8023B1B0C121FD8
:10D3100000F8013BF3D238BF121D521E24BF11F892
:10D32000013B00F8013BF8D87047000010B400231F
:10D3300002E0CC5CC4545B1C9342FAD310BC70472F
:10D3400010B45A495A48086000204860002088609C
:10D3500000200BE0A02303FB00F30B441344002444
:10D3600083F82040521CA02AF4D3401C022801D28A
:10D370000022F8E7BFF35F8F4FF4B072012A0EDB93
:10D3800011F01F008218BFF34F8F4A48016020310F
:10D39000203A012AF9DABFF34F8FBFF36F8F10BC29
:10D3A000704770B586B00400002C01D1002033E036
:10D3B0002021414D2A0001290EDB12F01F004118E7
:10D3C000BFF34F8F3E480260203220390129F9DA3D
:10D3D000BFF34F8FBFF36F8FBFF35F8F286837495D
:10D3E000884201D0002017E06E68684615F10801F8
:10D3F0001822FFF757FF200069461822FFF752FF57
:10D40000BFF35F8F6868864204D12068864201D1ED
:10D41000012000E00020C0B206B070BD70B5010070
:10D42000002941D0214CA56895F0010515F00105B2
:10D43000A026742206FB05F020442030FFF776FF7B
:10D44000BFF35F8FA02106FB05F604EB060010F189
:10D45000200201290EDB12F01F004118BFF34F8F8D
:10D4600014480260203220390129F9DABFF34F8FC6
:10D47000BFF36F8FA5606068401C60600C4820603F
:10D48000BFF35F8F202101290EDB14F01F0041182C
:10D49000BFF34F8F07480460203420390129F9DA9F
:10D4A000BFF34F8FBFF36F8F70BD000000100028D7
:10D4B000314E535670EF00E00012002831544156AF
:10D4C0005CEF00E0C0B200280AD001280FD003288A
:10D4D00014D0042819D005281ED0062823D022E015
:10D4E0001148124908601248124908601BE01248AE
:10D4F0000E49086011480F49086014E010480B49B4
:10D50000086010480B4908600DE00F4807490860A3
:10D510000E480849086006E00D48044908600D48B7
:10D5200004490860FFE77047C3E92810F00608289F
:10D53000D3E92810F406082801442910474429108B
:10D54000493D2910AD3D291001392910F93929101B
:10D55000853129104D3229102DE9F84306000C00C1
:10D560001F005FF00008DFF84801AA2101700221C6
:10D570004170002C01D0002100E00121089D7301C1
:10D5800053EA01131A4382700821C1708780C58055
:10D59000DFF820910821D9F800209047F6B2012E3B
:10D5A00004D014D3032E0DD007D310E0BFB2ADB218
:10D5B0006F43082097FBF0F809E0BFB2ADB26F43AC
:10D5C000B84604E0BFB2ADB26F437F00B846002C4E
:10D5D00004D041462000D9F800209047BDE8F183EF
:10D5E000F8B504000020DFF8D0008588817889062E
:10D5F00000D56D00DFF8BC60082132689047002735
:10D6000020E03800C0B204EB8000C068002808D0D9
:10D61000290089B23800C0B204EB8000C0683268CB
:10D6200090473800C0B204EB8000C06A002808D0E0
:10D63000290089B23800C0B204EB8000C06A3268A9
:10D6400090477F1C3800C0B20828DADBF1BD30B447
:10D65000194CAA252570032565700825E570184C1E
:10D6600020722160A280E38030BC704738B5144C32
:10D67000207A002801D0012000E000204FF4BC7285
:10D680000E49C0B201F0AEF90B4DE0880090A388BE
:10D69000AA7812F00F022168207AFFF75DFFA878C0
:10D6A00010F00F0F02D02000FFF79AFF31BD0000ED
:10D6B00018C20928F006082820C20928843F29102A
:10D6C00000C10928022801D3012010E00B00DBB2C1
:10D6D000042B01DB01200AE0DFF8C03303EB8000FC
:10D6E000C9B2405C824201D3012000E000207047B3
:10D6F000F8B506000F0015001C00022E01D3012012
:10D700001DE02A003900C9B23000FFF7DBFF012815
:10D7100001D1012013E03800C0B2002812D1B4F5C5
:10D72000807F0DD2DFF878037603304400EB85006C
:10D7300010F58050016864F30F2101600020F2BDF4
:10D740000120FCE7FFB2012F10D1B4F5803F0BD2CE
:10D75000D3487603304400EB850010F5A0500168F3
:10D7600064F317210160E9E70120E8E70120E6E71B
:10D7700000B20012C0B27047F8B505000E001700E5
:10D78000280000B2FFF7F4FF04002000C0B2022816
:10D7900001D3012023E03A003100C9B22000C0B219
:10D7A000FFF790FF012801D1012018E0BC492000BB
:10D7B000C0B2400308442A00D2B200EB8200D0F885
:10D7C000000CF6B266F3092067F30700E4B26403C5
:10D7D0002144EDB201EB8501C1F8000C0020F2BD3F
:10D7E00070B504000D001600022C01D301201CE0CE
:10D7F00032002900C9B22000FFF764FF012801D1DF
:10D80000012012E0A6496003085850F0004050F093
:10D81000407050F47F00EDB265F3092066F3070015
:10D820006203885064030859002070BD10B59D48FC
:10D8300001F045FC45F6200213009B490C00012B2A
:10D840000EDB14F01F00C318BFF34F8F974804601E
:10D850002034203B012BF9DABFF34F8FBFF36F8FDA
:10D86000934C2000FFF70EFD92490868002803D072
:10D87000086880479049086001209049087010BDF1
:10D8800010B596B040F26114002201212000FFF78C
:10D8900073FF2000FFF76CFF092300220121C0B2B3
:10D8A000FFF726FF2000FFF763FF00220121C0B22F
:10D8B000FFF796FF4FF4CD70ADF800000320ADF8F0
:10D8C000020001208DF8040000227D49684601F025
:10D8D00055FC5021002202AC2000FFF79BFC0020E9
:10D8E000029000208DF80C0001208DF80D00002022
:10D8F0008DF80E0000208DF8100003208DF84C00EC
:10D900000120149000208DF8540000208DF855005F
:10D91000644C02A9200001F003FB200001F0C0FBD1
:10D92000200001F0C6FB674801F043FC16B010BDB3
:10D9300010B58EB001248A20009089234FF4C8725C
:10D9400000210AA801F0FCFE0AA801F0A9FF0028A6
:10D9500017D168465C492822FFF7A4FC5B48017890
:10D96000491CBC2211FB02F1ADF812100078401CDA
:10D97000782110FB01F0ADF81600684601F0C0FFF9
:10D9800004002000C0B20EB010BD2DE9F843002005
:10D99000BFF34F8FBFF36F8F4D4C206830F40030D2
:10D9A00020604C4E00203060BFF34F8FBFF36F8F6D
:10D9B000494F00203860BFF34F8F206830F480302B
:10D9C0002060BFF34F8FDFF81481D8F80010C1F347
:10D9D0004E32C1F3C90343F6E07515EA421050EA2E
:10D9E0008370DFF8FCC0CCF800001800431E00284C
:10D9F000F1D11000421E0028EBD1BFF34F8FBFF3CF
:10DA00006F8F782037490880BC2037490880FFF79E
:10DA10008FFF81464846C0B2002801D1FFF730FF92
:10DA20002068800311D4BFF34F8FBFF36F8F0020A6
:10DA30003060BFF34F8FBFF36F8F206850F400301A
:10DA40002060BFF34F8FBFF36F8F2068C00321D4D6
:10DA500000203860BFF34F8FD8F80010C1F34E326A
:10DA6000C1F3C90315EA421050EA83701F4E3060BB
:10DA70001800431E0028F5D11000421E0028EFD1E7
:10DA8000BFF34F8F206850F480302060BFF34F8F7A
:10DA9000BFF36F8F4846C0B2BDE8F28368472910D4
:10DAA00000000440801D5840246002285CEF00E024
:10DAB000DC67092860C209285CC209288DC20928D0
:10DAC0002DD82810001E58402C4529108EC2092838
:10DAD00014ED00E050EF00E084ED00E080ED00E0A8
:10DAE00074EF00E0F06B0028F26B002860EF00E0BC
:10DAF000F0B544684D68AC4228D184688D68AC426A
:10DB000024D10025059C00E06D1C8668B5421DDA15
:10DB1000002601E027000FE04768BE42F4DA0768FC
:10DB2000D0F80CC00CFB056C17F80C7094465FFA2B
:10DB30008CFC6745EED21F00D1F800C0D1F80CE094
:10DB40000EFB056E0CF80E70761CE5E7F0BD0000CC
:10DB5000D0F80803C005C00D704710F541710A6880
:10DB600052F480320A6010F541710A6832F4803252
:10DB70000A60D0F804037047C0F840127047D0F82C
:10DB80000802C005C00D7047D0F80802C0F3C030CD
:10DB9000704738B505002800FFF7F1FF04002800A2
:10DBA000FFF7F2FF0419002C01D1012000E0002052
:10DBB000C0B232BD0068C0F38130002801D180209E
:10DBC00000E040207047016851F00041016070475B
:10DBD0002030026861F39B620260704780B5FFF7F6
:10DBE000B7FF02BD80B5FFF7B8FF01BD022801D322
:10DBF000012010E00B00DBB2042B01DB01200AE066
:10DC0000DFF8003703EB8000C9B2405C824201D3E9
:10DC1000012000E000207047F8B504000F00150057
:10DC20001E00022C01D301202AE02A003900C9B2CB
:10DC30002000FFF7DBFF012801D1012020E006983A
:10DC40003900C9B202291ED1B6F5803F19D2202869
:10DC500017D24FF4C052DFF8B01663030B4403EB46
:10DC6000850313441F6866F317271F60640321446C
:10DC700001EB850111440A6860F3C7020A600020C5
:10DC8000F2BD0120FCE7FFB2032F1FD1B6F1807F68
:10DC90001AD2202818D24FF4E052DFF86C16630332
:10DCA0000B4403EB850313441F6807F0FF0757EA93
:10DCB00006271F606403214401EB850111440A68B3
:10DCC00060F3C7020A60DAE70120D9E70120D7E74D
:10DCD00000B20012C0B27047F8B505000E00170080
:10DCE000280000B2FFF7F4FF04002000C0B20228B1
:10DCF00001D3012024E03A003100C9B22000C0B2B3
:10DD0000FFF774FF012801D1012019E0DFF8F815B1
:10DD10002000C0B2400308442A00D2B200EB8200C7
:10DD2000D0F8000CF6B266F3092067F30700E4B2FE
:10DD300064032144EDB201EB8501C1F8000C002021
:10DD4000F2BD70B504000D001600022C01D30120B5
:10DD50001DE032002900C9B22000FFF747FF01286B
:10DD600001D1012013E0DFF8A0156003085850F03E
:10DD7000004050F0407050F47F00EDB265F3092090
:10DD800066F307006203885064030859002070BDE1
:10DD90000100C020C9B2002905D0022907D004D350
:10DDA000032906D006E0122004E0622002E07A2077
:10DDB00000E01A20C0B270470100C020C9B200299B
:10DDC00005D0022907D004D3032906D006E011208C
:10DDD00004E0612002E0792000E01920C0B2704721
:10DDE0000100C020C9B2002905D0022907D004D300
:10DDF000032906D006E0102004E0602002E078202D
:10DE000000E01820C0B270470100C020C9B200294C
:10DE10000BD002290DD00AD304290ED00BD306292A
:10DE20000FD00CD307290ED00EE013200CE01420E5
:10DE30000AE0632008E0642006E07B2004E029205B
:10DE400002E01B2000E01C20C0B27047010000204F
:10DE5000C9B2002905D0022907D004D3032906D06E
:10DE600006E0132004E0132002E0132000E013205A
:10DE7000C0B2704701000020C9B2002905D00229B4
:10DE800007D004D3032906D006E0132004E01320B2
:10DE900002E0132000E01320C0B270470100002010
:10DEA000C9B2002905D0022907D004D3032906D01E
:10DEB00006E0132004E0132002E0132000E013200A
:10DEC000C0B2704701000020C9B200290BD002295E
:10DED0000DD00AD304290ED00BD306290FD00CD3B2
:10DEE00007290ED00EE013200CE013200AE01320C7
:10DEF00008E0132006E0132004E0132002E01320C2
:10DF000000E01320C0B27047C9B2082902D010291E
:10DF100046D096E0DFF8F4130200D2B251F8222086
:10DF2000126832F440420300DBB251F823301A6029
:10DF30000200D2B251F82220D2F800225209520136
:10DF40000300DBB251F82330C3F800220200D2B242
:10DF500051F82220D2F8002252F007020300DBB26F
:10DF600051F82330C3F800220200D2B251F8222027
:10DF7000D2F80023520952010300DBB251F82330DA
:10DF8000C3F800230200D2B251F82220D2F80023B5
:10DF900052F00702C0B251F82000C0F8002350E050
:10DFA000DFF868130200D2B251F82220126832F46E
:10DFB00040420300DBB251F823301A600200D2B2B3
:10DFC00051F82220126852F480420300DBB251F86B
:10DFD00023301A600200D2B251F82220D2F8002277
:10DFE000520952010300DBB251F82330C3F800227A
:10DFF0000200D2B251F82220D2F8002252F00F02D1
:10E000000300DBB251F82330C3F800220200D2B281
:10E0100051F82220D2F80023520952010300DBB24A
:10E0200051F82330C3F800230200D2B251F8222065
:10E03000D2F8002352F00F02C0B251F82000C0F80D
:10E0400000237047F8B504000E0008212000C0B27C
:10E05000FFF75AFFDFF8B8522000C0B2285C08284A
:10E060000FD02000C0B2285CC010DFF8A81211EB5E
:10E07000C01101202200D2B2AA5C12F00702904027
:10E080000860DFF88872F6B231002000C0B257F89D
:10E090002000FFF771FD2000C0B257F82000FFF705
:10E0A00089FD06002000C0B257F82000FFF767FD89
:10E0B0008642F0D02000C0B257F82000FFF769FD7B
:10E0C0000028F7D02000C0B2285C08280ED020001D
:10E0D000C0B2285CC010DFF8401211EBC011012063
:10E0E000E4B22A5D12F0070290400860F1BD2DE90C
:10E0F000F84307000D00140008213800C0B2FFF7F4
:10E1000003FFDFF80C623800C0B2305C08280FD083
:10E110003800C0B2305CC010DFF8F81111EBC0114C
:10E1200001203A00D2B2B25C12F0070290400860BF
:10E13000DFF8D88129783800C0B258F82000FFF7FE
:10E140001BFD6D1C3800C0B258F82000FFF732FDEF
:10E1500081463800C0B258F82000FFF710FD814515
:10E16000F0D0641E002CE3D13800C0B258F8200073
:10E17000FFF70FFD0028F7D03800C0B2305C082848
:10E180000ED03800C0B2305CC010DFF88C1111EB3B
:10E19000C0110120FFB2F25D12F00702904008604A
:10E1A000BDE8F183F8B504000E0010212000C0B2D4
:10E1B000FFF7AAFEDFF858512000C0B2285C0828FB
:10E1C0000FD02000C0B2285CC010DFF8481111EB5E
:10E1D000C01101202200D2B2AA5C12F007029040C6
:10E1E0000860DFF82871B6B231002000C0B257F8DD
:10E1F0002000FFF7C1FC2000C0B257F82000FFF755
:10E20000D9FC06002000C0B257F82000FFF7B7FC89
:10E210008642F0D02000C0B257F82000FFF7B9FCCA
:10E220000028F7D02000C0B2285C08280ED02000BB
:10E23000C0B2285CC010DFF8E01011EBC011012063
:10E24000E4B22A5D12F0070290400860F1BD2DE9AA
:10E25000F84307000D00140010213800C0B2FFF78A
:10E2600053FEDFF8AC603800C0B2305C08280FD035
:10E270003800C0B2305CC010DFF8981011EBC0114C
:10E2800001203A00D2B2B25C12F00702904008605E
:10E29000DFF8788029883800C0B258F82000FFF7EE
:10E2A0006BFCAD1C3800C0B258F82000FFF782FCB0
:10E2B00081463800C0B258F82000FFF760FC814565
:10E2C000F0D0641E002CE3D13800C0B258F8200012
:10E2D000FFF75FFC0028F7D03800C0B2305C082898
:10E2E0000ED03800C0B2305CC010DFF82C1011EB3B
:10E2F000C0110120FFB2F25D12F0070290400860E9
:10E30000BDE8F18368472910000004401807082879
:10E3100064C2092804003140080031402DE9F84367
:10E3200080460D0016001C0008214046C0B2FFF7D1
:10E33000EBFDDFF874734046C0B2385C08280FD09C
:10E340004046C0B2385CC010DFF8601311EBC0115A
:10E3500001204246D2B2BA5C12F007029040086037
:10E36000DFF84C934046C0B259F82000FFF736FC66
:10E37000002805D04046C0B259F82000FFF732FC13
:10E3800029784046C0B259F82000FFF7F5FB6D1C14
:10E390004046C0B259F82000FFF7FBFB0028F7D039
:10E3A0004046C0B259F82000FFF718FC0028F7D00B
:10E3B0004046C0B259F82000D0F840033070761CB7
:10E3C000641E002CDCD14046C0B2385C082810D056
:10E3D0004046C0B2385CC010DFF8D81211EBC01153
:10E3E00001205FFA88F817F8082012F00702904021
:10E3F0000860BDE8F1832DE9F84F2DED028B9EB04A
:10E4000006000F009946042080B202FB00F2AA48E1
:10E41000B0FBF2F8A84802FB180000EE100AB8EEB4
:10E42000400B01EE102AB8EE411B80EE010BBFEE4F
:10E43000ED0B10EE100B08EE100A3421002201AC97
:10E440002000FEF7E7FE3C2100220EAC2000FEF784
:10E45000E1FE30004946C0B2C9B2884201D1012074
:10E4600000E000202A9DDFF854A24FF4707251465C
:10E47000C0B200F0B7FA48462900C0B2C9B288421B
:10E4800001D1012000E000202B9C40F2C132514616
:10E49000C0B200F0A7FA062002902800C0B2FFF731
:10E4A000E9FC8DF80C002800C0B2FFF785FC82461D
:10E4B0005FF0080B2800C0B2FFF77EFC804D01AA78
:10E4C0009AFBFBF10BFB11AA5146C0B2C010C00170
:10E4D000284401F02AFE062002904846C0B2FFF709
:10E4E000B5FC8DF80C004846C0B2FFF751FC8246DF
:10E4F0005FF0080B4846C0B2FFF74AFC01AA9AFB3E
:10E50000FBF10BFB11AA5146C0B2C010C001284458
:10E5100001F00BFE2000C0B204281ED0082002909B
:10E520002000C0B2FFF7BAFC8DF80C002000C0B28A
:10E53000FFF756FC81465FF0080A2000C0B2FFF7E3
:10E540004FFC01AA99FBFAF10AFB11994946C0B2A6
:10E55000C010C001284401F0E8FD2C9C2000C0B28E
:10E5600008281ED0062002902000C0B2FFF7AAFCA7
:10E570008DF80C002000C0B2FFF746FC81465FF02A
:10E58000080A2000C0B2FFF73FFC01AA99FBFAF18C
:10E590000AFB11994946C0B2C010C001284401F0DD
:10E5A000C4FD3000C0B2032803D23000C0B2401C0A
:10E5B00000E000203200D2B2D21D032110F58F708E
:10E5C00000B2FFF789FB3000C0B2032803D230004D
:10E5D000C0B2401C00E0002010F58F7000B2FFF7C1
:10E5E00077FB8DED008AB8F1010843463200D2B2C4
:10E5F000D21D0321C0B2FFF70FFB3000C0B20328C9
:10E6000003D23000C0B2401C00E0002010F58F7033
:10E6100000B2FFF75DFB3200D2B2D21D0321C0B2BF
:10E62000FFF78FFBFFB2002F05D0022F09D005D3D3
:10E63000032F09D00AE00020109007E0012010907D
:10E6400004E00220109001E00320109001200E90C1
:10E6500000200F90042011900820129008201390A1
:10E6600001208DF8500001208DF85300104D00223C
:10E670000EA93000C0B255F8200001F095FD002130
:10E680003000C0B255F82000FFF7A2FA3000C0B247
:10E6900055F82000FFF797FA0348F6B284551EB0EC
:10E6A000BDEC028BBDE8F18F64C209280400314043
:10E6B000180708280800314000B4C4047C4429101D
:10E6C0000000314082B00020019000200090002026
:10E6D000019009E00098401C00900098B0F5005FA0
:10E6E000F8D30198401C01900198B0F5805F02D2E8
:10E6F00000200090F1E702B0704780B501000220D1
:10E7000001F08BFE01BD2DE9F043ADF5137D07004F
:10E71000884616001C000020ADF802000020ADF86D
:10E720000000002002900020ADF804000020ADF8A9
:10E730000600404601F082FE0290DFF84853288828
:10E74000002801D028698047DFF83C0300780028C2
:10E7500000F033812888002800F01181BDF90600FF
:10E76000411CADF806103A00010089B20020EB68A8
:10E7700098474746404601F061FE02906888A979B3
:10E7800090FBF1F0ADF804003800471C0078002839
:10E79000FAD10020ADF800000EE07F1E38782F2857
:10E7A00002D038785C2804D1BDF80000401CADF8D8
:10E7B00000000298401E0290BDF80000022802DA14
:10E7C00002980028E9D50298002806D47A1CDFF8C0
:10E7D000BC1253A801F04EFE0EE0BDF80000002868
:10E7E00005D13A00AA4953A801F044FE04E03A00DA
:10E7F000A64953A801F03EFE0020ADF8020042E019
:10E80000BDF80010BDF80020BDF8023053AF9BB238
:10E81000BDF90400434313FA82F0385C43AA89B27D
:10E820005054BDF80000401CADF80000BDF80000D9
:10E8300080B2BDF9041088420EDA53A801F0FEFD43
:10E84000BDF80020BDF802309BB2BDF904104B4367
:10E8500013FA82F18842D3D2002043A9BDF80020E8
:10E860008854BDF90600411CADF8061043AAE979A9
:10E8700011FB00F189B20020EB689847BDF8020057
:10E88000401CADF80200BDF8027053A801F0D6FD9F
:10E89000BDF90410B0FBF1F0401CBFB2874203D2B7
:10E8A0000020ADF80000C1E732007A4953A801F01A
:10E8B000E1FDBDF90600411CADF8061053AAE97947
:10E8C00011FB00F189B20020EB689847002C74D04E
:10E8D0000020ADF8020041E0BDF80010BDF80020B6
:10E8E000BDF802309BB2BDF90400434313FA82F035
:10E8F000205C43AA89B25054BDF80000401CADF81A
:10E900000000BDF8000080B2BDF9041088420EDAA4
:10E91000200001F093FDBDF80020BDF802309BB24D
:10E92000BDF904104B4313FA82F18842D4D200207F
:10E9300043A9BDF800208854BDF90600411CADF87C
:10E94000061043AAE97911FB00F189B20020EB68B7
:10E950009847BDF80200401CADF80200BDF8026007
:10E96000200001F06BFDBDF90410B0FBF1F0401C7C
:10E97000B6B2864221D20020ADF80000C1E74FF4C4
:10E98000807100220DF10C094846FEF743FC380067
:10E99000A9688847002C07D00094330042463E49BE
:10E9A00003A801F067FD05E0330042463B4903A898
:10E9B00001F060FD03A8A96888470DF5137DBDE847
:10E9C000F08380B50A000100022001F017FD00204D
:10E9D00002BD02B5010000236A46314801F09FFEE6
:10E9E000009802BD38B50C001500C0B2002803D154
:10E9F0002C480078002800D131BD2B490878002828
:10EA000000D0FEE70878401C087000F0ABFB002344
:10EA10002A0021002548FFF776FEFFF753FEF6E7B0
:10EA2000002101804FF6FF7141808180FF218171BB
:10EA3000C171002181600021C16000210161704726
:10EA4000104902880A8042884A8082888A808279B6
:10EA50008A71C279CA7182688A60C268CA600069B4
:10EA60000861012008490870704700B585B0684604
:10EA7000FFF7D6FF0E4802906846FFF7E1FF05B0AA
:10EA800000BD0000F4C109288AC2092838472910AE
:10EA900008472910444729106C462910F0462910D0
:10EAA0007CC10928570708288BC209281847291054
:10EAB000FBE6281010B501F0E7FF040008BF02F0E4
:10EAC00081F8204610BD02F080B800000069C840FF
:10EAD00010F001007047012212FA01F181607047C5
:10EAE000012212FA01F14160704710B48900436CB1
:10EAF0000F248C40A34312F00F0212FA01F11943C4
:10EB0000416410BC704780B5C9B200290ED0010025
:10EB1000C9B2082291FBF2F302FB1311494AC0B2B9
:10EB2000C010C0011044FFF7D6FF0DE00100C9B2CC
:10EB3000082291FBF2F302FB1311424AC0B2C0104B
:10EB4000C0011044FFF7CCFF01BD80B50100C9B280
:10EB5000082291FBF2F302FB13113A4AC0B2C01033
:10EB6000C0011044FFF7B2FFC0B202BD10B5C9B278
:10EB700000290BD1D2B2002A02D0022A02D003E02F
:10EB80000F220BE00B2209E00A2207E0D2B2042A8E
:10EB900001D10C2200E00E2212F007020100C9B2DE
:10EBA000082391FBF3F403FB1411264BC0B2C010F1
:10EBB000C0011844FFF799FF10BD2DE9F8418DB051
:10EBC00004000E0015001F0034210022E8464046D4
:10EBD000FEF720FBF6B2002E0ED1FFB2002F02D0BE
:10EBE000022F03D005E00F2001900DE008200190D6
:10EBF0000AE00820019007E0FFB2042F02D10F20A5
:10EC0000019001E00E2001902000C0B2C0280FD07A
:10EC10002100C9B208206A4691FBF0F300FB1311F2
:10EC200008482300DBB2DB10DB01184401F07DFA59
:10EC30002900C9B22000C0B2FFF765FF0EB0BDE8E1
:10EC4000F081000000003140022801D301200FE0D4
:10EC50000B00DBB2042B01DB012009E0AA4B03EB24
:10EC60008000C9B2405C824201D3012000E0002054
:10EC70007047F8B506000F0015001C00022E01D3E6
:10EC800001201CE02A003900C9B23000FFF7DCFF88
:10EC9000012801D1012012E03800C0B2002811D1B2
:10ECA000B4F5807F0CD299487603304400EB8500A0
:10ECB00010F58050016864F30F2101600020F2BD5F
:10ECC0000120FCE7FFB2012F10D1B4F5803F0BD239
:10ECD0008E487603304400EB850010F5A0500168A3
:10ECE00064F317210160E9E70120E8E70120E6E786
:10ECF00000B20012C0B27047F8B505000E00170050
:10ED0000280000B2FFF7F4FF04002000C0B2022880
:10ED100001D3012023E03A003100C9B22000C0B283
:10ED2000FFF792FF012801D1012018E07749200068
:10ED3000C0B2400308442A00D2B200EB8200D0F8EF
:10ED4000000CF6B266F3092067F30700E4B264032F
:10ED50002144EDB201EB8501C1F8000C0020F2BDA9
:10ED600070B504000D001600022C01D301201CE038
:10ED700032002900C9B22000FFF766FF012801D147
:10ED8000012012E061496003085850F0004050F043
:10ED9000407050F47F00EDB265F3092066F3070080
:10EDA0006203885064030859002070BDF8B506005E
:10EDB000F600574C574D00212078C001284400F040
:10EDC00074F912E02078C001284400F070F9B842CC
:10EDD000F8D32078C001284400F069F9361A0021E0
:10EDE0002078C001284400F060F94CF25137BE424F
:10EDF000E8D22078C001284400F059F98642F8D2C0
:10EE0000F1BDF8B504004FF4FA504443404D414E73
:10EE100000212878C001304400F047F914E0287838
:10EE2000C001304400F043F9B842F8D33A4F3C19DE
:10EE30002878C001304400F03AF93F1839002878AA
:10EE4000C001304400F031F94CF25137BC42E6D2F7
:10EE50002878C001304400F02AF98442F8D2F1BD8C
:10EE600038B594B0502100226C462000FEF7D2F94C
:10EE70002A4C00220121B4F90000FFF73DFFB4F94C
:10EE80000000FFF735FF092300220121C0B2FFF780
:10EE9000F0FEB4F90000FFF72BFF00220121C0B201
:10EEA000FFF75EFF5FF0FF30009000208DF8040058
:10EEB00000208DF8050000208DF8060000208DF858
:10EEC000080003208DF844000120129001208DF8E5
:10EED00007000F4C0F4D69462078C001284400F010
:10EEE0001FF82078C001284400F0DAF800212078CB
:10EEF000C001284400F0D9F82078C001284400F06F
:10EF000058F915B030BD00006847291000000440D2
:10EF10005907082800005940B03CFFFF5407082853
:10EF200010B4012291F84C30052B03D291F84D30EA
:10EF3000052B01D31000A7E0002800F0A4800029D1
:10EF400000F0A180514A12684B7963F392428B79A9
:10EF500013F0030363F311420B7A13F0070363F317
:10EF60001A62CB7963F39E720B7D63F3000291F812
:10EF7000243063F3410202600A7910F130031C6807
:10EF800062F307041C604A79012A0BD18A79002AAE
:10EF900002D10022826007E08A79012A04D10A683E
:10EFA000826001E001228260CA6802610A694261EE
:10EFB000CA6982610A6AC2610A680262344A1268D6
:10EFC0000B7E03F0FF03120A12021A4391F830304D
:10EFD00003F0FF0363F3174291F8403003F0FF039F
:10EFE00063F31F6291F8483003F0FF0363F30F22CD
:10EFF0004264284A126891F8383003F0FF03120A7D
:10F0000012021A4391F8283003F0FF0363F30F2232
:10F010008264214A12688B7D13F0030392089200E8
:10F020001A4391F8253013F0030363F38B2291F810
:10F030002C3013F0030363F3051291F8343013F00E
:10F04000030363F3092291F83C3013F0030363F3E5
:10F05000871291F8443013F0030363F38302C26410
:10F060000E4A126891F84C3013F00703D208D20010
:10F070001A4391F84D3013F0070363F3061242650B
:10F08000497D81670022100010BC7047B8472910E5
:10F09000BC472910C0472910C4472910C847291068
:10F0A000016851F0004101607047816070478068DD
:10F0B00070477830016851F001010160704710F12C
:10F0C00070010A6852F001020A60006F7047000088
:10F0D000010009B2002908D4012210F01F018A4062
:10F0E0001B4900B2400941F820207047010009B2D5
:10F0F000002908D4012210F01F018A40154900B2EE
:10F10000400941F820207047020012B2002A04D4BE
:10F110004901114A00B2115407E049010F4A00B2F7
:10F1200010F00F00104400F8041C7047002800D1B4
:10F1300062B60B480168491C0160704772B6084905
:10F140000868002802D00868401E086008687047F8
:10F1500000E100E080E200E000E400E018ED00E003
:10F1600058C2092880B5FFF7E9FF01F031FD01BD64
:10F1700080B5C9B200B2FFF7C7FF01BD70B504008A
:10F180000D001600200001F033FD2900B4F9000045
:10F1900001F06DFD3100C9B2B4F90200FFF7E8FFDC
:10F1A000B4F90200FFF7A2FFB4F90200FFF790FFE5
:10F1B00070BD4030016851F01001016070470000DF
:10F1C0001CB50400002C01D0012000E000204122E9
:10F1D000DFF8A414C0B2FFF705FCDFF8A00401219A
:10F1E0002278D21010EBC212237813F0070311FA21
:10F1F00003F313602279D21010EBC210227912F0BF
:10F20000070211FA02F20260E06800900098421EC4
:10F2100000920028FAD1DFF868242079C01012EBA0
:10F22000C010237913F0070311FA03F30360E068B9
:10F2300000900098431E00930028FAD12078C01057
:10F2400012EBC012207810F0070081401160E068D6
:10F2500000900098411E00910028FAD113BD1CB502
:10F260000400002C01D0012000E000205522DFF82E
:10F270000814C0B2FFF7B6FBDFF8040401212279BD
:10F28000D21010EBC212237913F0070311FA03F323
:10F2900013602278D21010EBC210227812F007020D
:10F2A00011FA02F20260E06800900098421E00929B
:10F2B0000028FAD1DFF8C4232078C01012EBC01068
:10F2C000237813F0070311FA03F30360E06800905A
:10F2D0000098431E00930028FAD12079C01012EB49
:10F2E000C012207910F0070081401160E0680090A2
:10F2F0000098411E00910028FAD113BD38B50400D2
:10F300000D00002C01D0012000E000206A22DFF86F
:10F310006813C0B2FFF766FBDFF8641301222078A0
:10F32000C01011EBC010237813F0070312FA03F397
:10F330000360EDB2002D0CD02079C010DFF83C3313
:10F3400013EBC013207910F0070012FA00F01860D8
:10F3500009E02079C01011EBC010237913F00703E6
:10F3600012FA03F30360E06800900098431E0093D4
:10F370000028FAD1DFF804332078C01013EBC01056
:10F38000257815F0070512FA05F50560E06800908C
:10F390000098451E00950028FAD12078C01011EB86
:10F3A000C011207810F0070012FA00F008602079F0
:10F3B000C01013EBC013207910F0070082401A60D0
:10F3C00031BD2DE9FC410400002C01D0012000E0FA
:10F3D00000208622DFF8A012C0B2FFF703FB002551
:10F3E000DFF8EC6201272078C01016EBC0102178FE
:10F3F00011F0070117FA01F10160DFF8808220792E
:10F40000C01018EBC010217911F0070117FA01F1B3
:10F410000160002200216068C0B2FFF7A7FBE0682E
:10F4200000900098411E00910028FAD12078C01069
:10F4300018EBC018207810F0070017FA00F0C8F891
:10F440000000E06800900098411E00910028FAD169
:10F450006068C0B2FFF779FB002800D00125207852
:10F46000C01016EBC016207810F0070087403760F8
:10F47000032201216068C0B2FFF778FBE0680090CA
:10F480000098411E00910028FAD12800C0B2BDE8C2
:10F49000F6817CB504000D00002C01D0012000E0B5
:10F4A0000020A822DFF8D011C0B2FFF79BFA80211C
:10F4B0000800C0B200284ED02800C0B208420CD0CC
:10F4C0000120227912F0070290402279D210DFF851
:10F4D000AC3113EBC21318600BE00120227912F05B
:10F4E000070290402279D210DFF8E43113EBC21307
:10F4F0001860C9B24908E068400800900098421EB0
:10F5000000920028FAD10122207810F0070012FAA8
:10F5100000F02378DB10DFF8646116EBC31630606F
:10F52000E06800900098431E00930028FAD12078EC
:10F5300010F0070082402078C010DFF8943113EB00
:10F54000C0131A60E068400800900098421E0092C4
:10F550000028FAD1ACE72000FFF733FF012801D1E2
:10F56000002000E00120C0B276BD2DE9FC47040078
:10F570000D00002C01D0012000E00020C222DFF8A5
:10F58000F810C0B2FFF72EFA00260827DFF8F08047
:10F590005FF001092078C01018EBC010217811F03D
:10F5A000070119FA01F10160E06800900098411E1E
:10F5B00000910028FAD1DFF8C4A02079C0101AEB1E
:10F5C000C010217911F0070119FA01F10160002240
:10F5D00000216068C0B2FFF7C9FA27E02078C010A8
:10F5E00018EBC010217811F0070119FA01F1016040
:10F5F000E06800900098411E00910028FAD1207820
:10F60000C0101AEBC010217811F0070119FA01F1AE
:10F610000160E06800900098411E00910028FAD136
:10F620006068C0B2FFF791FA50EA46063800471EFC
:10F63000C0B20028D2D12078C01018EBC0182078B2
:10F6400010F0070019FA00F9C8F800900322012110
:10F650006068C0B2FFF78AFAE06800900098411E27
:10F6600000910028FAD12900C9B22000FFF746FE18
:10F670003000C0B2BDE8F6870C42291008003140C6
:10F680000400314070B504000D001600002C01D0BC
:10F69000012000E0002040F28D224749C0B2FFF770
:10F6A000A1F92000FFF78CFD217A4900C9B22000A2
:10F6B000FFF7EFFE2900C9B22000FFF7EAFE310094
:10F6C000C9B22000FFF7E5FE2000FFF7C8FD70BDBE
:10F6D0000400314038B504000D00002C01D0012099
:10F6E00000E0002040F29F223349C0B2FFF77AF9D0
:10F6F00000202000FFF764FD217A4900C9B22000F4
:10F70000FFF7C7FE2900C9B22000FFF7C2FE2000A4
:10F71000FFF7A5FD2000FFF753FD217A490051F0C6
:10F720000101C9B22000FFF7B4FE01212000FFF75C
:10F730001CFF05002000FFF792FD2800C0B232BD7B
:10F740002DE9F843040088461700002C01D0012061
:10F7500000E00020089D1E00DFF85C9040F2BA2215
:10F760004946C0B2FFF73EF930002900C0B2C9B225
:10F77000884201D0012000E0002040F2BB2249462F
:10F78000C0B2FFF72FF93000C0B220602800C0B22D
:10F79000606084F80880E7600323012201213000C3
:10F7A000C0B2FFF70AFA0323012201212800C0B2E8
:10F7B000FFF703FABDE8F1830C42291070B504008D
:10F7C0000D00DFF834682A0092B2120AD2B221008A
:10F7D000C9B23000FFF756FF2A00D2B2F021300044
:10F7E000FFF750FF70BD2DE9F04704000D00012622
:10F7F00000275FF000085FF00A09484640B2002881
:10F8000036D0484640B2052190FBF1F201FB1200D0
:10F81000002810D1DFF8E0A72A0092B2120AD2B273
:10F820002100C9B25046FFF72DFF2A00D2B2F021C5
:10F830005046FFF727FFDFF8C0A72100C9B25046A6
:10F84000FFF748FF0700F0215046FFF743FF8046CF
:10F85000280080B23900C9B24246D2B252EA01222F
:10F86000904202D10020060002E0B9F10109C4E78C
:10F87000300040B2BDE8F08770B50400DFF878676B
:10F880002100C9B23000FFF725FF0500F02130004C
:10F89000FFF720FFEDB2C0B250EA052080B270BD84
:10F8A000F8B50400002500260127DFF84C075C218D
:10F8B0000172E168C16021680160616841600020F7
:10F8C000FFF7DAFF0600300041F2243180B28842AF
:10F8D0000BD0300041F2113180B2884205D03000A7
:10F8E00041F2133180B2884202D10020070004E0C7
:10F8F0006D1C2800C0B21528E1DB3800C0B2F2BD93
:10F900002DE9F14F8AB05FF0000A00240020ADF825
:10F91000200000250020ADF806000020ADF81E00F4
:10F920000020ADF81C0000265FF0000800270A98B0
:10F93000C088ADF808000A984089ADF80A000A9816
:10F94000C089ADF80C000A98408AADF80E000A98FC
:10F95000C08AADF810000A98408BADF812000A98E2
:10F96000C08BADF814000A98408CADF816000A98C8
:10F97000C08CADF81A004BF6EF61FE20FFF71EFFBA
:10F9800003210C20FFF71AFF0020FFF775FF070087
:10F9900041F224393800494680B288420BD0380001
:10F9A00041F2113180B2884205D0380041F2133162
:10F9B00080B2884200D109E018F101084046C0B287
:10F9C000142802DB0120060000E0DDE73000C0B2B1
:10F9D000002840F00C83BDF81000792807DABDF844
:10F9E00010008000ADF806005AF0020A15E0BDF8DC
:10F9F0001000F12807DABDF810004000ADF806004D
:10FA00005AF0010A09E0BDF8100040F2E111884205
:10FA100003DABDF81000ADF80600BDF80E00BD28F1
:10FA200006DABDF80E00800005005AF0080A15E05D
:10FA3000BDF80E0040F27911884206DABDF80E00DA
:10FA4000400005005AF0040A08E0BDF80E0040F23C
:10FA5000F121884202DABDF80E000500DFF89CB5FE
:10FA600040F24E31280080B2091ACBF8001038005D
:10FA7000494680B288427AD148F288310720FFF7A0
:10FA8000B2FE80190600DFF87815BDF81020921C30
:10FA90002B009BB2DBF80000C3185A43121D91FBE8
:10FAA000F2F00400200080B240F2F511884202DB3F
:10FAB0004FF4FA7004002000BDF80C1080B28842A8
:10FAC00001D2ADF80C40DFF83C15DFF83405BDF885
:10FAD0000C2090FBF2F2121F2B009BB2DBF800000F
:10FAE000C31892FBF3F2BDF81000121A0A6047F631
:10FAF00021600A68824202DA0A68022A0EDA0A687B
:10FB0000022A02DA0220086008E00A68824203DB67
:10FB100047F62060086001E008680860DFF8E0044C
:10FB2000BDF80C2090FBF2F2121F0968BDF810001E
:10FB3000411892FBF1F1280080B2091ACBF80010AD
:10FB4000DBF800003D2803DA3D20CBF8000081E01F
:10FB5000DBF80000B0F5806F04DB40F2FF30CBF83B
:10FB6000000077E0DBF80000CBF8000072E0DFF87F
:10FB70009014BDF81020121D2B009BB2DBF8000082
:10FB8000C3185A43121D91FBF2F00400200080B20A
:10FB900040F2F511884202DB4FF4FA7004002000B5
:10FBA000BDF80C1080B2884201D2ADF80C40DFF8ED
:10FBB0005414DFF84C04BDF80C2090FBF2F2121F35
:10FBC0002B009BB2DBF80000C31892FBF3F2BDF8E8
:10FBD0001000121A0A6040F6B9300A68824202DA4E
:10FBE0000A68042A0EDA0A68042A02DA0420086085
:10FBF00008E00A68824203DB40F6B830086001E0A2
:10FC000008680860DFF8F803BDF80C2090FBF2F2FA
:10FC1000121F0968BDF81000411892FBF1F128008D
:10FC200080B2091ACBF80010DBF800002B2803DAA9
:10FC30002B20CBF800000DE0DBF80000B0F5806F62
:10FC400004DB40F2FF30CBF8000003E0DBF80000FB
:10FC5000CBF80000DFF8AC030168BDF810004118D4
:10FC6000891EBDF80A00814208DADFF898030168AE
:10FC7000BDF810004118881EADF80A00280080B2B7
:10FC8000D0F53C70022190FBF1F0BDF9121002009A
:10FC900012B2D14203DA010009B2494209E001007F
:10FCA000BDF9122009B2914201DA010001E0BDF96B
:10FCB0001210ADF81210401CBDF91210411AADF827
:10FCC0001E10BDF80610D1F5F071022291FBF2F181
:10FCD000BDF914200B001BB2DA4203DA080000B2AF
:10FCE000404209E00800BDF9142000B2904201DA58
:10FCF000080001E0BDF91400ADF81400091DADF8CD
:10FD00002010BDF92010BDF914004118ADF81C10E9
:10FD100001211B20FFF767FD80198DF804009DF875
:10FD200004000090BDF81E100120FFF75CFD009953
:10FD300040188DF804009DF804000090BDF81C10D8
:10FD40000220FFF750FD009940188DF804009DF83F
:10FD500004000090BDF806100320FFF744FD009951
:10FD600040188DF804009DF804000090290089B225
:10FD70000420FFF738FD009940188DF804009DF825
:10FD800004000090DBF80000010089B20520FFF7B5
:10FD90002AFD009940188DF804009DF804B0994898
:10FDA0000068010089B20620FFF71DFD10EB0B0B68
:10FDB0008DF804B09DF804B04FF4B2710A20FFF73B
:10FDC00012FD10EB0B0B8DF804B09DF804B040F25F
:10FDD000BB110820FFF707FD10EB0B0B8DF804B0EB
:10FDE0009DF804B040F2D9110920FFF7FCFC10EB9C
:10FDF0000B0BBDF80800002807D1BDF80A100B2036
:10FE0000FFF7F1FC10EB0B0083465AF44C7189B2FA
:10FE10000D20FFF7E8FC10EB0B008DF804009DF8B7
:10FE2000046027213120FFF7DEFC86198DF804607D
:10FE30009DF804601A213220FFF7D5FC86198DF851
:10FE400004609DF8046005213320FFF7CCFC86197F
:10FE5000BDF816103520FFF7C6FC80198DF8040098
:10FE6000380080B2484529D1504680B2042801DBD1
:10FE7000012100E000219DF80460C9B2090189B2A6
:10FE80007220FFF7B0FC86198DF804609DF804908D
:10FE900040F201110F20FFF7A6FC10EB09098121A8
:10FEA0004720FFF7A0FC83461BEB090BEC21482001
:10FEB000FFF799FC060016EB0B0615E09DF8049081
:10FEC00011210F20FFF78FFC10EB0909812147203A
:10FED000FFF789FC83461BEB090BE7214820FFF75E
:10FEE00082FC060016EB0B064FF462710720FFF749
:10FEF0007AFC80198DF804009DF804B040F20331BB
:10FF00001C20FFF770FC10EB0B0B03212C20FFF7DC
:10FF10006AFC814619EB0B09BDF80800002807D1DF
:10FF20000021AF20FFF75FFC060016EB09064DE04D
:10FF3000BDF80810A520FFF756FC060016EB0906D1
:10FF40000221A620FFF74FFC83461BEB060B022184
:10FF5000A820FFF748FC10EB0B008DF80400BDF85B
:10FF60000E10BDF810004143042091FBF0F0B0F5F5
:10FF7000803F08DABDF80E10BDF8100041430420A0
:10FF800091FBF0F101E04FF6FF719DF8046089B23A
:10FF9000B020FFF728FC86198DF804609DF80490C6
:10FFA0001421AE20FFF71FFC10EB090940F20111EC
:10FFB000AF20FFF718FC83461BEB090BBDF80A10B6
:10FFC000AD20FFF710FC060016EB0B06BDF808008D
:10FFD0000D490860BDF80A000C490860BDF8100022
:10FFE0000B4908604DF6AD61FE20FFF7E7FB3000DE
:10FFF000C0B20BB0BDE8F08F08C209286CC2092856
:020000041029C1
:10000000C0FC9B0168C2092870C2092874C2092873
:1000100078C2092830B4614B1818C009604C14EB41
:10002000001404290DD223681F25C8008540AB4366
:10003000D2B212F01F02C90012FA01F11943216075
:100040000CE0091F63681F25C8008540AB43D2B28E
:1000500012F01F02C9008A401A43626030BC704728
:10006000002A04D1012212FA01F1416003E00122C9
:1000700012FA01F18160704710B48900436C0F24BB
:100080008C40A34312F00F0212FA01F119434164AC
:1000900010BC704710B4836C01248C40A34312F051
:1000A000010212FA01F11943816410BC704710B4C7
:1000B000C36C01248C40A34312F0010212FA01F137
:1000C0001943C16410BC704710B449001031C36CAF
:1000D00003248C40A34312F0030212FA01F11943E6
:1000E000C16410BC70474269012212FA01F14161FA
:1000F0004069704710B4836901248C40A34312F017
:10010000010212FA01F11943816110BC704710B469
:100110004900036C03248C40A34312F0030212FA3B
:1001200001F11943016410BC7047F8B505000E00D9
:1001300014000027002D2ED0002C2CD02268310076
:100140002800FFF78DFF227A31002800FFF762FFB9
:10015000626931002800FFF79DFFA2693100280085
:10016000FFF7A5FFE26931002800FFF7ADFF6268E5
:1001700031002800FFF780FFE26831002800FFF718
:10018000C6FF31002800FFF7AEFF226931002800CA
:10019000FFF7B0FF00E0034F3800F2BD0000CFBF13
:1001A0000000304001005A002DE9F041DFF8D03165
:1001B0001C00DFF8D051D5F800C0DFF8CC512D6815
:1001C000DFF8C8613668DFF8C8713F685FF0000E7D
:1001D0005FF0000E002800F0D080002900F0CD80F4
:1001E0004C68002C01D18C6805E04C68022C01D1D0
:1001F000002400E00224D1F810E0D1F81480C645B4
:1002000002D3D1F810E001E0D1F814E0BEF1090FFB
:1002100008D23CF4404C91F82130002B12D05CF411
:10022000807C11E0BEF1110F03D2012363F38F3CF8
:10023000F1E7BEF1210F03D2022363F38F3CEAE71B
:1002400018009BE03CF4807CCB685B1E13F00F032E
:100250005FEA1C1C5FEA0C1C53EA0C0C012363F3DD
:10026000196CC0F800C00B7F002B01D0002300E008
:10027000012363F300054B681B0963F34105CB7E43
:1002800063F304154B7E63F345150B68012B01D115
:10029000012300E0002363F3DF7523005B0863F3B1
:1002A000820564F3C3054B7F63F308258B7F63F3FB
:1002B0004925CB7F63F38A2591F8203063F3CB2562
:1002C0000B7913F0030363F3196505620B7E63F387
:1002D00008278B7E63F349270B695B1E13F01F030E
:1002E0007F097F011F43C0F8007391F8243003F0A9
:1002F000FF0310F5417425682D0A2D022B4323605E
:100300000B7E63F308264B695B1E13F01F0376090F
:1003100076011E43C0F8006291F82C3003F0FF0311
:1003200010F5017425682D0A2D022B4323600B6BF9
:10033000C0F8883F8B6AC0F8C83F91F8383010F594
:100340007064256863F34925256091F8391010F52C
:1003500074631C6861F3CB241C600021C0F8C81EC4
:10036000002A09D000201060002090610020D06099
:100370000020D0610748106200242000BDE8F08111
:100380000140AA00A0472910A4472910A847291016
:10039000AC472910EFCDAB00C0F840127047D0F841
:1003A0000802C005C00D7047D0F80802C0F3C03085
:1003B000704738B505002800FFF7F1FF040028005A
:1003C000FFF7F2FF0419002C01D1012000E000200A
:1003D000C0B232BD38B50400DFF85C50C9B22000AD
:1003E000C0B255F82000FFF7D7FF2000C0B255F883
:1003F0002000FFF7DEFF0028F7D031BD70B5050003
:100400000E00140006E031782800C0B2FFF7E2FFCA
:10041000641E761C002CF6D170BD38B504000D00AA
:1004200005E029782000C0B2FFF7D4FF6D1C2878C2
:100430000028F6D131BD00002807082800F101038B
:10044000810704D010F8011B820781B1FAD102683C
:10045000A2F10131914311F0803104BF50F8042F13
:10046000F6E709BAB1FA81F100EBD100401CC01ADD
:10047000704700000CB430B583B00A4606A902915B
:10048000044600250194009502AB01A90848784470
:100490001E3000F006FC019A157000284EBF04467D
:1004A0000198041B204603B030BC5DF80CFB00BF74
:1004B000CBCDFFFF82688918816003E082684169C3
:1004C000521A8260816842699142F7D27047C268CD
:1004D0008918C16003E0C2684169521AC260C168EC
:1004E00042699142F7D2704770B50400002C01D0E8
:1004F000012000E000205422DFF88815C0B2FEF78A
:1005000071FA0025207850F0010020700020A060D2
:100510000020E060606920616078002803D0022834
:1005200010D007D315E06169002266683000FCF73F
:1005300071FE0EE061694900002266683000FCF738
:1005400069FE06E061698900002266683000FCF7F8
:1005500061FE002020702800C0B270BD10B50400FC
:10056000002C01D0012000E000207022DFF81415DB
:10057000C0B2FEF737FA60692169401A10BD2DE953
:10058000F84305001600002D01D0012000E00020F6
:100590000C00AA22DFF8EC14C0B2FEF723FA002701
:1005A0000020002C01D10327B5E0287810F0050FBA
:1005B00001D00427AFE0287850F0040028702869A3
:1005C000B042C0F0A380D5F81480A868B8EB00084A
:1005D000B04567D26878002803D0022841D01FD3E5
:1005E00090E0424621006868AB6800EB030948468A
:1005F000FCF748FE41462800FFF75CFFB6EB080217
:1006000004EB08016868AB6800EB03042000FCF70A
:1006100039FEB6EB080841462800FFF74BFF71E0B2
:100620005FEA480221006868AB6800EB430948466E
:10063000FCF728FE41462800FFF73CFFB6EB080216
:10064000520004EB48016868AB6800EB43042000EB
:10065000FCF718FEB6EB080841462800FFF72AFF12
:1006600050E05FEA880221006868AB6800EB83090C
:100670004846FCF707FE41462800FFF71BFFB6EB94
:100680000802920004EB88016868AB6800EB830401
:100690002000FCF7F7FDB6EB080841462800FFF7FD
:1006A00009FF2FE06878002803D002281DD00ED360
:1006B00028E0320021006868AB6800EB03042000EA
:1006C000FCF7E0FD31002800FFF7F4FE1AE07200AD
:1006D00021006868AB6800EB43042000FCF7D2FD02
:1006E00031002800FFF7E6FE0CE0B2002100686848
:1006F000AB6800EB83042000FCF7C4FD3100280048
:10070000FFF7D8FE2869861B2E6100E005272878B0
:1007100010F0FB0028703800C0B2BDE8F2832DE96C
:10072000F04705000E001F00002D01D0012000E061
:1007300000201400DFF84C8340F25B124146C0B247
:10074000FEF750F9002C01D0012000E000204FF40A
:10075000AE724146C0B2FEF745F95FF000080020D6
:100760000020002E02D15FF003088BE0297811F001
:10077000030F03D020605FF006089CE02800FFF71D
:10078000EDFE2168884209D220605FF0070800284A
:1007900004D1287810F0F70028708CE0287850F009
:1007A00008002870D5F81490E868B9EB00092068B3
:1007B000814522D36878002803D0022813D008D3BB
:1007C0005CE022686868E96801443000FCF75AFD83
:1007D00054E0226852006868E96800EB410130008B
:1007E000FCF750FD4AE0226892006868E96800EB77
:1007F00081013000FCF746FD40E06878002803D016
:10080000022827D011D339E04A466868E9680144D4
:10081000B2465046FCF736FD2268B2EB0902696821
:100820004E443000FCF72EFD28E05FEA490268687C
:10083000E96800EB4101B2465046FCF723FD22680F
:10084000B2EB09025200696806EB49063000FCF77A
:1008500019FD13E05FEA89026868E96800EB81012D
:10086000B2465046FCF70EFD2268B2EB0902920038
:10087000696806EB89063000FCF704FD287810F063
:10088000F7002870FFB2002F15D128780B2802D16D
:100890005FF002080FE0287850F00200287021680D
:1008A0002800FFF714FE296920684118296128787B
:1008B00010F0FD0028704046C0B2BDE8F0872DE979
:1008C000F04705000E001F00002D01D0012000E0C0
:1008D00000201400DFF8AC814FF4DF724146C0B253
:1008E000FEF780F8002C01D0012000E0002040F24B
:1008F000BF124146C0B2FEF775F85FF00008002055
:100900000020002E02D15FF00308ABE0297811F03F
:10091000070F03D020605FF00608AFE02800FFF764
:100920001DFE2168884209D220605FF00708002878
:1009300004D1287810F0F70028709FE0287850F054
:1009400008002870E868A968884203D3A86821686D
:10095000884228D36878002803D0022817D00AD309
:100960007CE022686968AB6820681B1A1944300073
:10097000FCF788FC72E0226852006968AB68206866
:100980001B1A01EB43013000FCF77CFC66E0226897
:1009900092006968AB6820681B1A01EB8301300084
:1009A000FCF770FC5AE0D4F80090A868B9EB000995
:1009B0006878002803D0022835D018D34EE04A4684
:1009C00068686969B1EB09010144B2465046FCF719
:1009D00059FC2268B2EB09026968AB6820681B1AEF
:1009E000194406EB09042000FCF74CFC36E05FEAF2
:1009F000490268686969B1EB090100EB4101B2463F
:100A00005046FCF73FFC2268B2EB090252006968CD
:100A1000AB6820681B1A01EB430106EB4904200078
:100A2000FCF730FC1AE05FEA890268686969B1EB9B
:100A3000090100EB8101B2465046FCF723FC226815
:100A4000B2EB090292006968AB6820681B1A01EBDF
:100A5000830106EB89042000FCF714FC287810F0D1
:100A6000F7002870FFB2002F08D128780B2802D198
:100A70005FF0020802E02800FFF736FD4046C0B2F2
:100A8000BDE8F0878C42291010B50446AFF3008012
:100A9000204600F005F80446AFF30080204610BD64
:100AA000F8B500F10F04E408E400A0422BD2082CB2
:100AB00004D2082402E0083000F047F8DFF80021F3
:100AC0001368190005D1002007E00568A5420DD282
:100AD000011D08680028F8D11868111D00E0191DD3
:100AE0000B6883420BD01D68A542F8D359B10B683F
:100AF00018680838A04208D2586808600FE001F072
:100B000025F80028D7D10020F2BD181908601D1D56
:100B1000586828511E680F68361B3E601C600968C3
:100B200000291DBF48680028081D0020106003F13F
:100B30000800F2BD10B5040006D0AFF300802046D7
:100B400000F003F8AFF3008010BD002800D170471B
:100B500070B4A0F108021368072B2ED913F0070F09
:100B60002BD1DFF85C40616809B18A4203D2516041
:100B7000626015E00146486808B19042FAD30868FF
:100B80000E18B24219D3964203D11B180B600A46C5
:100B900006E0486810B1134498420ED350604A6092
:100BA000506850B11368D518854206D100262660DA
:100BB0000168CB1813604068506070BC704700003B
:100BC00028C20928012000F0D7BFFFF7B3BF0000FB
:100BD000002007E00549C2018A5822F00042C30103
:100BE000CA50401C3F28F5DB704700000000584009
:100BF00030B40021234A1368234A1468002832D0F5
:100C0000224A1568C5F303250E2D0FD01268C2F3D2
:100C100003220D2A28D1827812F00F022409240120
:100C200014430279002A15D0012214E0827812F0D0
:100C30000F021B091B0113430279002A01D0012274
:100C400000E0002262F3DF73114AB0F9000042F8BD
:100C5000203009E0002262F3DF740E4AB0F9000090
:100C600042F8204000E00649080030BC70470A4BBB
:100C70001A68002A03D01A6800B242F820107047A0
:100C800001005600B0472910B44729100000204049
:100C900000A0204000C02040EC06082840F02000C2
:100CA00070472DE9F14FB0B0924604910DF1420129
:100CB0003A9A2B9199464A7000200AE01AF8011BD3
:100CC0000498309A90470028049000F034860D98DC
:100CD000401C0D909AF8000050B12528EED100215B
:100CE00000220791089209910A920B910C9204E05C
:100CF0000D9800F022BE41F001011AF8010F2028E2
:100D0000F9D023280CD02B2804D02D2805D030284A
:100D100009D00BE041F00201EFE741F00401ECE7FC
:100D200041F00801E9E741F01001E6E72A280FD178
:100D3000D9F8002052F8040BC9F8002000280F90C1
:100D400003D540420F9041F004010AF1010A14E07A
:100D50000F92DFF8EC3B0AE00F98984205DA00EBBF
:100D6000800402EB4402303A0F920AF1010A9AF829
:100D70000020A2F130000A28EED39AF800002E28B5
:100D800003D04FF0FF320E9229E01AF8010F2A2803
:100D900009D1D9F8000050F8042BC9F800000E92D0
:100DA0000AF1010A1BE02D280CBF0AF1010A0020FC
:100DB00000220E92DFF8884B0BE040B90E9AA24257
:100DC00005DA02EB820503EB4503303B0E930AF193
:100DD000010A9AF80030A3F130020A2AEDD3ADF8E7
:100DE00040100FF660309AF8001000F0CFFE08B106
:100DF0001AF8010B8DF842009DF84200682805D1D1
:100E00009AF8000068280CD1622106E06C2804BF23
:100E10009AF800006C2804D171218DF842100AF173
:100E2000010A12A806901AF801BBBBF125012CD0CB
:100E30001C3900F09481091F022940F29081133976
:100E400000F0AB84093900F08A81891E00F04085EA
:100E5000491E00F0ED84491E022940F28081091FDD
:100E600000F0E684491F00F0EF80491E00F09584F1
:100E7000491E00F0D780C91E0CD0891E00F08D8459
:100E8000C91E00F08A8400F02EBD0123079325219E
:100E900000F026BDD9F8000050F8044BC9F8000056
:100EA000002C059440F0AB802B994878002800F086
:100EB000A1804FF0FF340FF6942000F073FE241A47
:100EC00040F0398500F01BBD01236A4602A9304677
:100ED00000F000FE002840F02E85641EF4D130960C
:100EE000079C12AF74B1309E17F8011B0498B047ED
:100EF0000028049000F01F850D98401C641E0D9082
:100F0000F2D130960A9C3021002C8DF800100CDDB7
:100F1000309E01236A4602A9304600F0DBFD00281E
:100F200040F00985641EF4D13096059F089C74B189
:100F3000309E17F8011B0498B0470028049000F079
:100F4000FA840D98401C641E0D90F2D130960B9CD3
:100F50003021002C8DF800100CDD309E01236A46F4
:100F600002A9304600F0B6FD002840F0E484641E7B
:100F7000F4D1309605980899099C471874B1309EB1
:100F800017F8011B0498B0470028049000F0D384A0
:100F90000D98401C641E0D90F2D130960C9C3021AF
:100FA000002C8DF800100CDD309E01236A4602A94A
:100FB000304600F08FFD002840F0BD84641EF4D15F
:100FC00030969DF8400041077FF584AE2020002D2B
:100FD0008DF800007FF77EAE309C01236A4602A99F
:100FE000204600F077FD002840F0A5846D1EF4D166
:100FF00030946FE60FF63C30059000F080BC0E9DFB
:10100000002D04D52046FFF719FA044607E02A46CA
:10101000204600F0E7FD002814BF041B2C4608946E
:1010200000F06DBCD9F8001051F8040BC9F800109D
:1010300020F00004002121F0FF35CDE9024512AB7C
:101040000593782100F040BC2B99487820B14FF0EF
:10105000FF340FF6B02030E79DF84200622860D0E0
:10106000682817D06A283FD06C2806D0712847D04E
:1010700074282CD07A281DD062E0D9F8001051F8DD
:10108000040BC9F80010002866D14FF0FF340FF6AA
:101090008C2012E7D9F8001051F8040BC9F80010A1
:1010A00020B94FF0FF340FF6742006E70D99018048
:1010B00000F025BCD9F8001051F8040BC9F8001055
:1010C000002849D14FF0FF340FF65020F5E6D9F84B
:1010D000001051F8040BC9F8001000283CD14FF063
:1010E000FF340FF63820E8E6D9F8001051F8040B69
:1010F000C9F8001080B94FF0FF340FF62020DCE66D
:10110000D9F8001051F8040BC9F8001020B94FF0BD
:10111000FF340FF60820D0E60D9AD317C0E900235C
:10112000EDE3D9F8001051F8040BC9F8001020B90C
:101130004FF0FF340FF6E410BFE60D990170DEE3C7
:10114000D9F8001051F8040BC9F8001020B94FF07D
:10115000FF340FF6C810B0E60D990160CFE39DF89B
:1011600042004C2807BFD9F80010CA1DD9F800006A
:10117000C21D22F00702C9F80020D2E9000108329E
:10118000C9F80020CDE90201C80F02D007982D212F
:101190000AE0BDF84000810702D507982B2103E043
:1011A000C00705D50798202112AA1154401C0790AA
:1011B00012A807994BF0200300EB010CDDE90201B6
:1011C000CDE92C01612BCDF814C021AC0BD00E98C9
:1011D000002848BF062105D404BF4BF02000672833
:1011E00001D101210E91DDE902014F0047EAD077DC
:1011F0007E15FF174FF0FF32974208BF964210D17D
:10120000090341EA10510003002908BF002808D053
:10121000ABF1610503211A2D089118D30FF61C11AB
:1012200010E0DDE902014A00521512F1010F11D15F
:1012300008030FD1ABF1610503211A2D08911FD3CB
:101240000FF6001103226046FCF71CF857E30FF677
:10125000E801F7E7DDE902016A4600F0EFFCCDE9BD
:1012600002014BF02000612811D105983021017056
:10127000821C0592BBF1610F0CBF7821582102E05E
:101280000FF6BC01DEE741700798801C0790DDE98E
:10129000020120F0000231F0004308BF002A02D111
:1012A0000026002542E14BF02008B8F1610F40F024
:1012B00092800E98002847BF21210191401C019087
:1012C000019FDDE92C017F1C00220023DDE902459E
:1012D00000F0ECFC38BF85F0004500998DF88420C3
:1012E000091F002F00910DF1850632DD20462946A9
:1012F0000022002300F0F4FC2BD21C2200F00AFD97
:1013000004460D4600F088FDFF1F002F804609DDD2
:1013100000F089FD02460B462046294600F08AFD72
:1013200004460D46F01D0721B8F1000F0CDD491EE3
:101330005EBF08F00F0200F8012D4FEA2818F3D520
:1013400002E0002200F8012D491EFAD5C61D002F2B
:10135000CCDC0DF18500361A01980DF1850486422A
:10136000D8BF304600282FD4B04206DA0DF18501EF
:101370000A5C082AA8BF0F2100DA0021024621AB2F
:10138000134400E0401E13F80159521E8D42F9D05B
:101390000F2904D10DF185018B5C5B1C8B54002A55
:1013A00004D50099091D21AC401C0091411E0BD4AD
:1013B000621813783033DDB23A2DA4BF5B443A3B58
:1013C000491E02F80139F4D50E99002940F1AC808C
:1013D000421E0E92A8E00099DFF8E82647F29750E7
:1013E000414391FBF2F20092DDE92C45C2F1070284
:1013F000002A25F0004504DD2046294600F03EFB8A
:101400000BE052420020DFF8C01600F037FB024626
:101410000B462046294600F016FD04460D46B8F15D
:10142000660F06BF009F0A3706270E983F18142F35
:10143000C8BF142730208DF884000DF18506002FD9
:1014400034DD2046294600F007FD01460A4606F134
:10145000080304200A26B2FBF6F606EB860EA2EB82
:101460004E02303203F8012C0A22B6FBF2F202EBF4
:10147000820EA6EB4E063036401E03F8026DE9D10F
:10148000083F002F03F10806D9DD084600F0EBFC09
:1014900002460B462046294600F0CCFC0022DFF82D
:1014A0002C3600F0E7FC04460D46CAE70DF1850036
:1014B000361A0DF1850404E00098401E761E009057
:1014C000641C20783028F7D0B8F1660F02D100985C
:1014D000401C04E0B8F1650F0CBF012000200E99FC
:1014E00040188642B8BF701E00281DD4B04204DAEE
:1014F000215C3429C8BF392100DC30210246631E3B
:101500009D1800E0401E15F80169521E8E42F9D068
:10151000392902D1A15C491CA154002A04D50099A3
:10152000491C1C46401C00910646009D0E9F30B28F
:10153000002802DC01260FF210644BF02000662820
:1015400008BF6D1C15D067280FFA85F841D118F136
:10155000040F44DBB84542DA9DF840006D1C0107DA
:1015600003D430B2B842D8BF074628B23F1A48BFAA
:1015700000270FFA85F8B8F1000F00F3AF80089844
:10158000411C0891302205990A54002F03DC9DF874
:101590004000010705D50898411C08912E220599A5
:1015A0000A5417EB080FB8BF7D422DB26842ED19FF
:1015B00032B20B909542B8BF2E46059B089836B2C2
:1015C0000996324621461844FBF75CFEAD1B0C958C
:1015D000CCE0BBF1610F15D14FF0700B17E030B2CA
:1015E000B84204DA9DF840100A0758BF07467F1E2C
:1015F00048BF0027BBF1670F14BF4FF0450B4FF0FA
:10160000650B04E0BBF1410F08BF4FF0500B089889
:10161000411C0891002F059914F8012B0A5403DC92
:101620009DF84000010719D50898411C08912E2209
:1016300005990A54002F11DD761E30B28742B8BFDB
:101640003E460598089B32B221461844FBF71AFE25
:10165000089836B23018BF1B08900B970598089968
:101660000844B8F1000F80F800B003D42B22427078
:10167000821C04E02D2145464170821C6D420021F0
:101680002CAB28460AE004460A2094FBF0F000EB5D
:101690008005A4EB450403F8014B491C00B2002867
:1016A000F1DC012906DC4BF02000652804BF302066
:1016B00002F8010B00292CAB08D1302002F8010BF5
:1016C00006E0491E585C303002F8010B0029F8DCB6
:1016D000059908980844121A099247E030B229B2D5
:1016E00088421BDA0598089B32B221461844FBF762
:1016F000C9FD089936B271180891A8EB0600002FB1
:101700000B9003DC9DF84000020705D5059A2E20BA
:1017100050540999491C09910C9727E00598089B9A
:101720002AB221461844FBF7ADFD0898761B4044C9
:10173000002F089003DC9DF840100A0704D5411CD7
:1017400008912E2205990A5430B28742B8BF3E460E
:101750000598089B32B204EB08011844FBF792FD90
:10176000089836B23018BE1B08900B969DF84000C2
:1017700000F01400102840F0C280079A08980B99D6
:10178000821809988A1882180C980F998018884234
:1017900080F2B580081A0A90B1E09DF842006228F4
:1017A00008D068280ED06A2814D06C281FD0712861
:1017B00010D01CE0D9F8001051F8040BC9F8001043
:1017C000C0B21AE0D9F8001051F8040BC9F80010A3
:1017D00080B212E0D9F80000C21D22F00702C9F859
:1017E0000020D2E900010832C9F8002006E0D9F84B
:1017F000001051F8040BC9F800100021CDE90201D6
:101800009DF8400001075AD5DDE90223002B08BFEF
:10181000002A54D04BF02000782850D1079812A904
:1018200030220A54401C431C079301F800B046E0E4
:101830009DF84200622808D068280ED06A2814D08B
:101840006C281FD0712810D01CE0D9F8001051F876
:10185000040BC9F8001040B21AE0D9F8001051F892
:10186000040BC9F8001000B212E0D9F80000C21D44
:1018700022F00702C9F80020D2E900010832C9F8B5
:10188000002006E0D9F8001051F8040BC9F8001048
:10189000C117CDE90201002902D507982D210AE0E0
:1018A000BDF84000810702D507982B2103E0C0074F
:1018B00005D50798202112AA1154401C079012A8A0
:1018C000079901440591594602A800F04DF816E029
:1018D00001200790D9F8000050F8041BC9F8000057
:1018E0008DF848100BE001212522BBF1000F079174
:1018F0008DF8482003D0022207928DF849B00F9D41
:1019000007990A986D1A08992D1A0B986D1A09995A
:101910002D1A0C986D1A9DF840102D1A48073FF5A6
:10192000DFAA2021002D8DF800107FF7D9AA309E64
:101930002C46FFF7C9BA4FF0FF3031B0BDE8F08F49
:10194000CBCCCC0C686A6C747A4C00007072696EF7
:1019500074665F733A206261642025732061726748
:10196000756D656E740000002DE9FC4707468A46D8
:101970003C6950466F2808BF082505D0FFF78EF94F
:10198000782814BF0A251025D7E900013C26804697
:101990008946BAF1640F18BFBAF1690F05D1002961
:1019A00003D5D8F1000869EB4909B9F1000F08BF68
:1019B000B8F1000F0CD1386B50B9082D3AD197F817
:1019C0003800010736D530223B2684F83B2031E031
:1019D0008DF800A0404649462A46EB1700F054FA1D
:1019E0003032D0B2761E3A2801960EDAA255404621
:1019F00049462A46EB1700F047FA80465FEA01099C
:101A000008BFB8F1000F05D108E09DF800001218DA
:101A1000513AEBE7F868A1198842DBD3082D09D1C8
:101A200097F83800010705D5A05D302802D0761E52
:101A30003020A055C6F13C03BB61A119F960386B99
:101A4000834208DAC31A3B624FF6EF70398F0140C8
:101A50003987BDE8F38700280ED597F8380000F0E5
:101A60001400102808D17A6B7969386A521A121A50
:101A7000D21A002AC8BF3A62BDE8F3872DE9D043E5
:101A800006460F4614464FF00008DFF8449012E077
:101A9000E00707D542464B463046394600F0EAF9A2
:101AA00006460F464046494642464B4600F0E2F99C
:101AB000641080468946002CEAD130463946BDE89C
:101AC000D0830000A08601000000F03F84D797413A
:101AD00000002440F8B505460E4617461C46002077
:101AE0005CB117F8011BB068A847B06030B1F06A6C
:101AF000401CF0620020641EF3D1F2BD4FF0FF30B5
:101B0000F2BD00007072696E74665F733A20256ED4
:101B100020646973616C6C6F776564007072696EC4
:101B200074663A2062616420256E20617267756D6B
:101B3000656E7400000000006E616E004E414E0044
:101B4000696E6600494E460030000000074908688B
:101B500008B1002070470648C008C0000860054969
:101B6000C908C900091A0160704700BF7CC2092872
:101B700007DC0B2800E00B2880B5AFF30080024A99
:101B800011001820ABBEFBE726000200C9B20278A4
:101B90008A421AB11CBF10F8012FF9E718BF0020C4
:101BA0007047000080B500B906A005490B681BB15D
:101BB00022220021984701E0FFF704F8222002BD0D
:101BC00080C20928636F6E73747261696E742068D5
:101BD000616E646C65723A20626164206D65737336
:101BE00061676500C9B2830706D0521E22D310F880
:101BF000013B9942F7D11FE0083A13D302F10402E6
:101C000041EA012141EA014150F8043B121F21BF82
:101C10004B40A3F1013C2CEA030C1CF0803FF3D0B5
:101C2000C9B2001F083210F8013B521E28BF91EACA
:101C3000030FF8D818BF0120401E704710B5144696
:101C400000F002F8226010BDC1F30A5343B14A000C
:101C500012F5001F28D2A3F2FE32A1EB0251704709
:101C600050EA410C20D001F0004C31EA0C01B1FAED
:101C700081F204BFB0FA80F3D2180B3AB2F120031C
:101C80002CBF00FA03F1914041EA0C013EBFC2F1C2
:101C9000200C20FA0CF319439040524240F2FD33DD
:101CA000D21A01EB035170470022704741EA030C3E
:101CB00050EA4C0C52EA0C0C4FF4001C09D307D02C
:101CC0001CEB410F9CBF1CEB430F8B4208BF8242B1
:101CD00070471CEB430FFBD8994208BF90427047F6
:101CE00041EA030C50EA4C0C52EA0C0C4FF4001C75
:101CF00009D307D01CEB410F9CBF1CEB430F99424B
:101D000008BF904270471CEB410FFBD88B4208BFC5
:101D10008242704700B541EC100B104600F004F809
:101D200051EC100B00BD00BF020030EE101B40F262
:101D3000FF7C37D41CEA115313D063456BD09B183A
:101D4000634504D201EB025120EE101B704701F0F5
:101D5000004141EA0C51002041EC100BAFF3008030
:101D6000704710EE100B50EA410054D0B2F57F7F5F
:101D700008D202EB5C010905002041EC110B20EEBA
:101D8000010B70474FF0FE41002341EC113B20EE68
:101D9000010BB2F57E7230EE101B4FEA410342EBAD
:101DA0005353CDE752421CEA115316D0634532D04B
:101DB0009A4204D2A1EB025120EE101B70475B1E29
:101DC000D21AA1EB035120EE101B372A0CD30020AE
:101DD00001F0004141EC100BC0E710EE100B50EA8F
:101DE000410018D0372AF2D2C2EB5C021105002064
:101DF00041EC110BF1EE100A20F01F0121F4F85113
:101E0000E1EE101A20EE010BF1EE101AE1EE100ACD
:101E100011F0080FA2D1704741EC100BBDEEC00BC2
:101E200010EE100A704700EE100AB8EEC00B51EC2D
:101E3000100B704741EC100B43EC112B30EE410BB3
:101E400051EC100B704741EC100B43EC112B80EE62
:101E5000010B51EC100B704741EC100BBCEEC00BAA
:101E600010EE100A704700EE100AB8EE400B51EC6D
:101E7000100B704741EC100B43EC112B20EE010BC3
:101E800051EC100B70470000BBBBE1B1B2F5803FD5
:101E900080F07E80022A1ED98C46B1FBF2F102FB53
:101EA00011C31B0443EA1043B3FBF2FC02FB1C33D7
:101EB00080B240EA0343B3FBF2F002FB103240EA87
:101EC0000C4000237047022A05D98446B0FBF2F08B
:101ED00002FB10C270474AB105D100F00102490867
:101EE0005FEA3000704700220023704700F0E4B83A
:101EF0000B000200002100207047904271EB030CA0
:101F0000F6D3B3F5803F2FD2F0B5B3FA83F7B1FA29
:101F100081F4A7F10F0E3D1B5340CEF1200602FACB
:101F20000EF2F3415340B5F10F0746D80F3C2C4455
:101F30004140C4F12006A040F1414140B1FBF3F61D
:101F400003FB1611A2FB0645001BA94102D2761E17
:101F50008018594180EA010221FA0EF362FA0EF26A
:101F600000215A403046F0BD30B4B1FBF3FC03FB16
:101F70001C11A2FB0C45001BA94103D2ACF1010CC2
:101F80008018594130BC02460B466046002170471C
:101F9000B2F1807F65D3F0B5B2FA82F7B1FA81F47D
:101FA000C7F10F063D1B22FA06F307F1110EF241AD
:101FB00020355A40B5F10F07B8D94140C4F1200689
:101FC000A040F1414140B1FBF3FC03FB1C11A2FB1B
:101FD0000C45001BA94103D2BCF1010C80185941EA
:101FE0000F2F12D30F3FC90341EA5041B1FBF3F663
:101FF00003FB1611A2FB0645D4EBC030A94102D267
:10200000761E8018594146EACC3C07B34140C7F1DF
:102010002006B840F1414140B1FBF3F603FB161135
:10202000A2FB0645001BA94102D2761E8018594129
:1020300080EA010221FA0EF3C7F1200462FA0EF2DF
:102040000CFA07F05A402CFA04F13043F0BD80EA54
:10205000010221FA0EF3002162FA0EF260465A40A4
:10206000F0BD8C46B1FBF2F102FB11C31B0243EA47
:102070001063B3FBF2FC02FB1C331B024CEA002092
:1020800043EA1063B3FBF2FC02FB1C331B024CEA75
:10209000002043EA1063B3FBF2FC02FB1C331B027B
:1020A0004CEA002043EA1063B3FBF2FC02FB1C3253
:1020B0004CEA00200023704770470000DFF8C4118D
:1020C0000868C0F34000002801D0022002E0086840
:1020D00010F001007047DFF8B001006810F0010057
:1020E00070470000C21E022A01D3012002E0C01E78
:1020F0000860002070471CB5FF246946FFF7F2FF17
:10210000C0B2002802D02000C0B207E0DFF8FC0116
:10211000009950F8210010F00100C0B216BD000077
:10212000002801D0032801D3012002E0401E0860EE
:10213000002070471CB5FF246946FFF7F1FFC0B2CD
:10214000002802D02000C0B208E0DFF8C4010099E6
:1021500009010844C06810F00100C0B216BD0000BB
:10216000DFF8BC010068800810F00100704738B546
:1021700004002000C0B2082811D3DFF898511822BB
:10218000DFF89411280000F00DFC0020E87540F6FF
:102190005B00DFF888110860002000F03BFCDFF8EE
:1021A000CC112000C0B251F82000C0F3002000285C
:1021B00005D0E4B251F8240010F00F0000E0FF2039
:1021C00032BD38B504002000C0B2082811D3DFF8B2
:1021D00044511822DFF84011280000F0E3FB0020F2
:1021E000E8754FF40960DFF834110860002000F052
:1021F00011FCDFF87801E4B250F82400C0F30110BC
:10220000C0B232BDDFF868211368C3F3072303604F
:102210001068C0F3C40008607047DFF858211368E5
:10222000C3F3072303601068C0F3C400086070475D
:1022300038B50400072C11D3DFF8D8501822DFF886
:10224000C411280000F0AEFB0020E8754FF4CE70FA
:10225000DFF8C8100860002000F0DCFBDFF8A00108
:1022600050F8240010F00700010009B2042907D13A
:10227000DFF8880150F8240010F01F0050F480703F
:1022800000B232BD2415264040152640DFF8B012BA
:1022900009688A03920B0260090E11F00101C171F5
:1022A000DFF8A01209680A00D204D20C82800A006A
:1022B000120C02F0FF020281090C01F0FF014181C2
:1022C000DFF84411096811F00F0202730A00C2F32B
:1022D000031242730A00120AD204D20CC281090FFF
:1022E00011F003010174DFF8641309680A00120A8F
:1022F00012F0070282710A00120CD205D20D42823E
:10230000890F11F001010175704700004016264049
:102310000019264064C10928E03D291030C209286F
:10232000100027401CB50C006946FFF7DBFE0100DA
:10233000C9B2002901D0C0B217E0DFF8B404009997
:1023400050F8210010F07F012160C0F3042161608A
:10235000C0F30441A1600100090F11F00301617392
:10236000C00E10F001002073002016BD4012264060
:1023700008002040080420401CB50C006946FFF707
:10238000CFFE0100C9B2002901D0C0B235E0DFF8AC
:10239000101500980001085800F0FF022260C0F3F9
:1023A00004226260C0F30442A260000F10F0030038
:1023B000207300980001084442681000C00F607349
:1023C000C2F30270002801D0012000E00020A073B9
:1023D00022F07F42226100980001084480680100D9
:1023E000C90F21750100090E11F001016175A07579
:1023F000000C10F00700E075002016BD000126401B
:10240000001226406C3E29103815264080B5010088
:10241000DFF868051822FAF745FF0120DFF860159C
:102420000870002002BDDFF85C150968C90F00299B
:1024300008D0DFF84C150978002907D10021016088
:1024400003207047002101600320FAE7DFF82C1514
:10245000096801600020F4E710B50400FFF72EFEC4
:10246000002803D10020206003200DE0DFF81005D4
:102470000078002805D0DFF804058068206000207F
:1024800002E000202060032010BD0000DFF8F014FF
:102490000978002905D0DFF8E414496801600020BC
:1024A00002E00021016003207047DFF8DC140968B6
:1024B000C90F002908D0DFF8C8140978002907D10E
:1024C0000021016003207047002101600320FAE72A
:1024D000DFF8A814C96801600020F4E7DFF8AC1445
:1024E0000968C90F002908D0DFF894140978002979
:1024F00007D1002101600320704700210160032003
:10250000FAE7DFF87814096901600020F4E710B5F4
:102510000400FFF725FE002803D1002020600320DF
:102520000DE0DFF85C040078002805D0DFF84C04EB
:1025300040692060002002E000202060032010BDE0
:10254000301526403415264010B50C00C0B2FFF7F8
:102550006FFE00280ED0012810D0022812D0B0F54E
:10256000887F13D040F21111884213D0B0F58A7FD2
:1025700014D017E02000FFF756FF16E02000FFF709
:1025800085FF12E02000FFF767FF0EE02000FFF755
:102590008CFF0AE02000FFF7BAFF06E02000FFF7FB
:1025A0009DFF02E000202060032010BD80B50100E7
:1025B0000020FFF7C9FF02BD80B50322D2B28242DC
:1025C00003D200200860012003E0401CC0B2FFF7E6
:1025D000BBFF02BD18B587B004006846FFF7E6FFF1
:1025E0000100C9B2002903D000212160C0B22BE054
:1025F00001A8FFF74BFE9DF81400022803D10098B4
:102600002060002020E0DFF888030068C00F002869
:1026100008D0FFF760FDC0B2002807D1002020607D
:10262000032011E00098206000200DE0009901983F
:102630004143BDF80800B1FBF0F09DF80B10491CB8
:10264000B0FBF1F02060002008B010BD3C15264022
:10265000F0B58BB005000C0069462800C0B2FFF74A
:10266000ABFF0100C9B2002903D000212160C0B234
:10267000BCE02800C0B202284CD307A92800C0B291
:10268000401CFFF74FFEC0B2002811D0DFF80463F2
:102690001822DFF80413300000F084F90020F075F0
:1026A00040F66310DFF8F4120860002000F0B2F981
:1026B0004F482900C9B200EB810050F8080CC00F48
:1026C000002807D09DF82900022807D10098206033
:1026D00000208BE000982060002087E0EDB26D1CA8
:1026E0002800FFF708FD0100C9B2002902D0C0B2DE
:1026F000FF2803D100202060032077E0009907988D
:1027000041430898B1FBF0F00999B0FBF1F020606B
:1027100000206BE001A92800C0B2401CFFF72CFE8E
:10272000C0B2002811D0DFF86C621822DFF86812FE
:10273000300000F037F90020F07540F67F10DFF828
:102740005C120860002000F065F955482900C9B204
:1027500009014058C00F002807D09DF8100002283A
:1027600007D100982060002040E000982060002001
:102770003CE0EDB26D1C2800FFF7DCFC0100C9B2A3
:10278000002902D0C0B2FF2803D10020206003201E
:102790002CE09DF8110001281DD1009A0023019E14
:1027A00000273F0647EA1627360605980021361807
:1027B0004F41A6FB020106FB031107FB0211029A1F
:1027C000039BA3FB0223FFF75FFB000E40EA0120FF
:1027D000090E206009E00099019841430298B1FB7D
:1027E000F0F00399B0FBF1F0206000200BB0F0BDD9
:1027F0000016264010B50323421E0400E4B2002C4C
:1028000003D10800FFF7E6FE0CE01400DBB2E4B2EF
:10281000A34204D31000C0B2FFF71AFF02E0C0B217
:10282000FFF792FE10BD38B505000C002800C0B2BD
:10283000FFF79DFC0100C9B2FF2904D12000FFF77A
:10284000F2FDC0B21BE06946C0B2FFF7D3FF010042
:10285000C9B2002903D000212160C0B20FE02800D6
:10286000C0B2FFF7AEFCC0B2002805D002280BD0E2
:1028700006D303280CD00FE000982060002032BD62
:10288000009840082060F9E7009880082060F5E78C
:102890000098C0082060F1E7002020600320EEE7E8
:1028A000001926401FB5040002A90120FFF7BBFF55
:1028B0000100C9B2002903D000212160C0B21AE092
:1028C000694601A8FFF79EFC01980021421C71F1A6
:1028D000FF335B0143EAD2635201009800211218D2
:1028E0004B4102980021490141EAD0614001FFF7C4
:1028F000CBFA2060002004B010BD1FB5040002A96F
:102900000120FFF790FF0100C9B2002903D0002188
:102910002160C0B21AE0694601A8FFF77EFC019869
:102920000021421C71F1FF335B0143EAD263520183
:102930000098002112184B4102980021490141EAF8
:10294000D0614001FFF7A0FA2060002004B010BD64
:1029500080B5DFF84C100A68C2F303220E2A07D0B4
:102960000968C1F303210D2905D1FFF7C6FF02BD98
:10297000FFF798FFFBE70120F9E700004CC10928A9
:1029800088C2092818152640081526400C1526402F
:102990003015264064C109286C3E291030C2092830
:1029A0000000204001B58B071AD1830724D1121FE4
:1029B00021D351F8043BA3F1013C2CEA030C1CF099
:1029C000803C04BF40F8043BF1E79CFA8CFCBCFA65
:1029D0008CF1C1F118018B40CB4040F8043B13E06F
:1029E000042A09D311F8013B521E00F8013B5BB1E8
:1029F0008B07F7D1D9E7121D5AB111F8013B521ECE
:102A000000F8013B03B1F8D111001CBF0022FAF716
:102A100005FC01BD01BEFEE780B5234A23490B68D2
:102A200093423ED00A60224A12684A62214A8A6270
:102A300002684A6042688A608268CA60C2680A6145
:102A400002694A6142698A618269CA61C2690A622D
:102A5000F1EE102A12F0900F23D0174A8A62026A10
:102A6000CA62426A0A63826A4A63C26A8A63026B02
:102A7000CA63426B0A64826B4A64C26B8A64026CEA
:102A8000CA64426C0A65826C4A65C26C8A65026DD2
:102A9000CA65426D0A66826D4A66C26D8A66006EBC
:102AA000C86600F00BF801BDFAF9F8F790C00928E4
:102AB00028ED00E0A4A3A2A1ABAAA9A8FEE700000C
:102AC0000000000000000000000000000000000006
:102AD000000000F80000000000000033300000009B
:102AE00000100C06100C06000000000000000000A2
:102AF00040C07840C0784000043F04043F04040014
:102B0000007088FC08300000001820FF211E000023
:102B1000F008F000E018000000211C031E211E0038
:102B200000F00888700000001E21232419272110BE
:102B300010160E0000000000000000000000000061
:102B4000000000E018040200000000071820400008
:102B500000020418E00000000040201807000000F8
:102B6000404080F0804040000202010F010202005C
:102B7000000000F0000000000101011F0101010040
:102B8000000000000000000080B0700000000000A5
:102B9000000000000000000000010101010101012E
:102BA00000000000000000000030300000000000C5
:102BB000000000008060180400601806010000009A
:102BC00000E010080810E000000F102020100F0097
:102BD000001010F8000000000020203F202000001E
:102BE0000070080808887000003028242221300076
:102BF00000300888884830000018202020110E007E
:102C00000000C02010F8000000070424243F240026
:102C100000F80888880808000019212020110E00FB
:102C200000E0108888180000000F112020110E000D
:102C300000380808C83808000000003F0000000005
:102C40000070880808887000001C222121221C00C6
:102C500000E010080810E0000000312222110F00EF
:102C6000000000C0C0000000000000303000000084
:102C700000000080000000000000806000000000F4
:102C8000000080402010080000010204081020000D
:102C90004040404040404000040404040404040058
:102CA00000081020408000000020100804020100ED
:102CB000007048080808F0000000003036010000ED
:102CC000C030C828E810E0000718272423140B00A0
:102CD0000000C038E0000000203C2302022738201A
:102CE00008F8888888700000203F202020110E00FE
:102CF000C0300808080838000718202020100800F5
:102D000008F808080810E000203F202020100F00DD
:102D100008F88888E8081000203F202023201800A9
:102D200008F88888E8081000203F20000300000011
:102D3000C03008080838000007182020221E0200B2
:102D400008F808000008F808203F210101213F2071
:102D5000000808F8080800000020203F202000009C
:102D600000000808F8080800C08080807F0000008C
:102D700008F888C028180800203F200126382000C5
:102D800008F8080000000000203F2020202030002C
:102D900008F8F800F8F80800203F003F003F200046
:102DA00008F830C00008F808203F200007183F004E
:102DB000E01008080810E0000F10202020100F007D
:102DC00008F808080808F000203F21010101000070
:102DD000E01008080810E0000F18242438504F00B5
:102DE00008F8888888887000203F2000030C302075
:102DF00000708808080838000038202121221C00B3
:102E0000180808F8080818000000203F20000000FB
:102E100008F808000008F808001F202020201F00E4
:102E20000878880000C83808000007380E01000044
:102E3000F80800F80008F800033C0700073C03000E
:102E4000081868808068180820302C03032C302074
:102E50000838C800C83808000000203F20000000E3
:102E600010080808C838080020382621202018003B
:102E7000000000FE020202000000007F404040000F
:102E8000000C30C000000000000000010638C00047
:102E900000020202FE000000004040407F000000EF
:102EA0000000040202020400000000000000000014
:102EB0000000000000000000808080808080808012
:102EC00000020204000000000000000000000000FA
:102ED00000008080808000000019242222223F20F0
:102EE00008F8008080000000003F112020110E0033
:102EF0000000008080800000000E112020201100C2
:102F0000000000808088F800000E112020103F2073
:102F10000000808080800000001F222222221300F7
:102F2000008080F0888888180020203F2020000042
:102F30000000808080808000006B949494936000F7
:102F400008F8008080800000203F210000203F2002
:102F500000809898000000000020203F2020000002
:102F6000000000809898000000C08080807F0000F2
:102F700008F8000080808000203F24022D302000CF
:102F8000000808F8000000000020203F202000007A
:102F90008080808080808000203F20003F20003F94
:102FA0008080008080800000203F210000203F20A2
:102FB0000000808080800000001F202020201F0053
:102FC000808000808000000080FFA12020110E0082
:102FD0000000008080808000000E112020A0FF8073
:102FE000808080008080800020203F212000010020
:102FF0000000808080808000003324242424190075
:10300000008080E0808000000000001F2020000081
:103010008080000000808000001F202020103F20C2
:10302000808080000080808000010E300806010052
:1030300080800080008080800F300C030C300F00F7
:1030400000808000808080000020312E0E31200022
:10305000808080000080808080818E701806010052
:1030600000808080808080000021302C2221300070
:1030700000000000807C020200000000003F404091
:1030800000000000FF00000000000000FF00000042
:103090000002027C800000000040403F0000000071
:1030A000000601010202040400000000000000000C
:1030B00038B504000025642044431420FBF745FD87
:1030C000002805D10A20FBF771FE6D1CA542F4D340
:1030D000A54201D3012000E00020C0B232BD38B5C6
:1030E00004000D000820DFF8F4110860042322001A
:1030F00021000020FBF712F9280080B2002806D03A
:10310000ADB22B00221D211D0020FBF707F908207E
:10311000DFF8CC11086031BDF8B504000D001600D1
:103120000820DFF8B8110860022028706E800423A0
:103130002A0029000020FBF7F1F8300080B2212896
:103140000EDB20232A1D21000020FBF7E7F8B6B292
:10315000203E320014F120010020FAF7C8FF0CE0F5
:10316000B6B22F1D320021003800FAF78BF8202369
:103170002A1D291D0020FBF7D1F80820DFF8601177
:103180000860F1BDF0B589B006000C00554D2878F7
:10319000002858D1012028701CE03A0092B26946FC
:1031A0003000FFF7B9FF9DF80000902803D09DF88C
:1031B0000000912809D1BDF80200002805D0BDF813
:1031C000022001A94848FDF7DAF9380080B2241A34
:1031D000BFB23E44002C2AD040F6F970844202D39C
:1031E00040F6F87700E027004FF47A70FFF760FFB1
:1031F0000028D2D01BE002208DF800000020ADF89E
:10320000020020216846FFF76AFF9DF80000902821
:1032100003D09DF80000912809D1BDF802000028D4
:1032200005D0BDF8022001A92F48FDF7A8F99DF8A7
:103230000000902805D14FF47A70FFF739FF00287D
:10324000D9D000202870200009B0F0BD38B58AB070
:1032500004000D00002C01D0012000E000204FF4FC
:103260000E722249C0B2FBF7BDFB00951D4D2878B8
:1032700000282AD1012028704FF47A70FFF718FF38
:10328000002820D102208DF804000020ADF80600AF
:10329000202101A8FFF723FF9DF80400902803D008
:1032A0009DF80400912809D1BDF80600002805D03A
:1032B000BDF8062002A90C48FDF761F99DF804004D
:1032C0009028D9D0FFE70020287000236A4621000B
:1032D0000548FDF724FA00980BB030BD04013140D9
:1032E000080131408FC20928ACC109280C412910BE
:1032F0000000000000000000002F00000000070098
:10330000070000147F147F1400242A7F2A12006211
:1033100064081323003649552250000005030000BD
:1033200000001C224100000041221C000014083E45
:1033300008140008083E0808000000A0600000080B
:10334000080808080000606000004020100804021F
:10335000003E5149453E0000427F4000004261511D
:103360004946002141454B31001814127F100027B7
:1033700045454539003C4A4949300001710905037A
:1033800000364949493600064949291E00003636AB
:10339000000000005636000000081422410000140E
:1033A00014141414000041221408000201510906EB
:1033B00000324959513E007C1211127C007F49496C
:1033C0004936003E41414122007F4141221C007F9D
:1033D00049494941007F09090901003E4149497AAB
:1033E000007F0808087F0000417F41000020404125
:1033F0003F01007F08142241007F40404040007F91
:10340000020C027F007F0408107F003E4141413ED4
:10341000007F09090906003E4151215E007F09191C
:1034200029460046494949310001017F0101003F19
:103430004040403F001F2040201F003F4038403F99
:1034400000631408146300070870080700615149FD
:10345000454300007F414100020408102040000065
:1034600041417F000004020102040040404040400E
:10347000000001020400002054545478007F4844A6
:10348000443800384444442000384444487F0038DD
:103490005454541800087E0901020018A4A4A47C06
:1034A000007F080404780000447D400000408084D0
:1034B0007D00007F102844000000417F4000007C18
:1034C00004180478007C0804047800384444443824
:1034D00000FC242424180018242418FC007C080470
:1034E000040800485454542000043F444020003C49
:1034F0004040207C001C2040201C003C4030403CD0
:10350000004428102844001CA0A0A07C004464545F
:103510004C4414141414141438B500F077F900F066
:1035200042F800F0C9F871490868800312D4BFF36B
:103530004F8FBFF36F8F00206D4A1060BFF34F8F26
:10354000BFF36F8F086850F400300860BFF34F8FEF
:10355000BFF36F8F0868C00324D40020654A106051
:10356000BFF34F8F64480268C2F34E33C2F3C904FD
:1035700043F6E07010EA431050EA84705F4D286013
:103580002000441E0028F3D11800431E0028EDD16E
:10359000BFF34F8F086850F480300860BFF34F8F3F
:1035A000BFF36F8F31BD70B586B06846544918229D
:1035B000F9F778FE00200AE069460200D2B201EB7A
:1035C000C2014968491C11F0070F0DD1401C0100D0
:1035D000C9B2032909D269460200D2B211F83210E9
:1035E00011F0070FE8D0FEE7FEE7464C207810F018
:1035F000070F00D0FEE7444D2868401C10F0070F6D
:1036000000D0FEE7002622E068463100C9B200EB98
:10361000C10041683000C0B252F8300000F043F8F9
:1036200014E000200028EFD02168491E3000C0B20D
:1036300052F8300000F037F868463100C9B200EBAC
:10364000C10041682868401C00F02DF8761C30004D
:10365000C0B2032825D26A463000C0B252F830000A
:10366000002813D020683100C9B252F831108842C6
:103670000AD368463100C9B200EBC1004068216836
:10368000884201D30120CDE70020CBE76846310016
:10369000C9B200EBC100406821688842C1D3012053
:1036A000C0E706B070BD0022002302E0C0E900239D
:1036B00008308842FAD3704730B41448800814495F
:1036C000144A002308E01C00E4B252F824401D0014
:1036D000EDB241F825405B1C1C000500E4B2EDB2E0
:1036E000AC42F0D30C48016030BC704714ED00E0F0
:1036F00050EF00E084ED00E080ED00E060EF00E0DE
:10370000C0462910403D2910443D2910800000008A
:1037100000C309280000281008ED00E010B50020C3
:1037200042490860BFF34F8F41480168C1F34E32F0
:10373000C1F3C90343F6E07010EA421050EA837007
:103740003C4C20601800431E0028F3D11000421E9C
:103750000028EDD1BFF34F8FBFF36F8FBFF34F8FB3
:10376000BFF36F8F002034490860BFF34F8FBFF362
:103770006F8F00F001F810BD38B586B068462F494C
:103780001822F9F78FFD6846FEF740FEC0B2002808
:103790000DD02B4C18222B492000FFF703F90020F5
:1037A000E0754E20284908600020FFF733F9274DC7
:1037B0002800FFF7CDF8C0B200280DD0204C182209
:1037C00020492000FFF7EEF80020E07550201E4948
:1037D00008600020FFF71EF91D49286808600A6884
:1037E0001C4882181C48B2FBF0F01C4A10601C48B0
:1037F000096801F2E7314FF47A72B1FBF2F101602E
:103800000068C0031749086007B030BD80B500F0FC
:103810002DF815490A6852F470020A60BFF34F8F01
:10382000BFF36F8F00F026F801BD000084ED00E0CB
:1038300080ED00E074EF00E050EF00E0D846291082
:1038400064C10928F83E291030C2092834C2092869
:1038500038C209283F420F0040420F0040C20928E9
:103860003CC2092844C2092888ED00E0EFF310802B
:1038700072B6704780F3108870470000FEB50400F0
:103880000D0001260821002201AF3800F9F7C2FC23
:10389000082000900120FBF7B4FA082000900123D3
:1038A0006A4601A9DFF85000FDF709F8210001A8D8
:1038B00000F0CAF8002812D1DFF8401001A800F08B
:1038C000C3F800280DD1DFF8601101A800F0BCF8A2
:1038D000002806D12800451E0028DBD102E0002682
:1038E00000E001263000C0B2FEBD80B5DFF8080060
:1038F000FCF7FAFD01BD0000C4C10928704729107A
:103900002DE9F04188B004000D00002C01D0012009
:1039100000E0002040F2BB32DFF81C11C0B2FBF720
:1039200061F842F21076370020210022E846404636
:10393000F9F770FCDFF8FC8098F89300012852D169
:1039400098F8910000283FD1FFF7CFFF2900684683
:1039500000F090F842F20100854205D3DFF8DC1058
:103960000120FCF75AFD04E0DFF8D4100120FCF739
:1039700054FD98F89200012803D12CA10120FCF7F6
:103980004CFD69460120FCF748FD29A10120FCF708
:1039900044FD18A731003800FFF770FF002822D13E
:1039A000FFF7A3FF2A0021000120FCF727FD3100CB
:1039B0003800FFF763FF002815D1002513E02178B8
:1039C0000120FCF707FD641C2800451E00280AD0D2
:1039D000B620FBF7BAF8002803D03800471E0128AC
:1039E000F6DA012FEBDAFFF780FF280008B0BDE818
:1039F000F08100004F4B000038B504000D00002C92
:103A000001D0012000E000204FF486620A49C0B2D4
:103A1000FAF7E8FF009500236A4621000948FCF701
:103A20007EFE009832BD000078472910302C00003F
:103A30000D0A0000FCBF09288C41291028472910D5
:103A400050472910C4C1092870B50D462C7834B9E7
:103A500070BD11F8013F1678B34206D0401C2146D4
:103A6000FEF794F828B101462A4612F8013F002BD0
:103A7000EFD170BD38B584B005000C00002D01D029
:103A8000012000E000209F22DFF87010C0B2FAF79A
:103A9000A9FF00200021002D2DD0002C04D52D21C0
:103AA00029706D1C644206E0002C04D1302028707F
:103AB00021E049420AE0002C19D00A2194FBF1F2DE
:103AC00001FB12410200501C0029F2D46B46D2B215
:103AD00099540A2194FBF1F4EDE769460200D2B251
:103AE000114411F8011C303129706D1C401E010079
:103AF000C9B20029F1D105B030BD00008C402910B9
:103B0000010009B2002908D4012210F01F018A40E7
:103B10004F4900B2400941F820207047FEE780B5C8
:103B20004C4800684C4801680800C00F002805D0C8
:103B30004A488905890D50F8210080470020FFF789
:103B4000DFFF01BD80B546480068464801680800AF
:103B5000C00F002805D041488905890D50F8210083
:103B600080470120FFF7CCFF01BD80B53E480068CB
:103B70003E4801680800C00F002805D03748890575
:103B8000890D50F8210080470220FFF7B9FF01BDE1
:103B900080B537480068374801680800C00F002822
:103BA00005D02E488905890D50F821008047032053
:103BB000FFF7A6FF01BD80B52F4800682F480168B8
:103BC0000800C00F002805D024488905890D50F849
:103BD000210080470420FFF793FF01BD80B52848EE
:103BE0000068284801680800C00F002805D01B485D
:103BF0008905890D50F8210080470520FFF780FFD7
:103C000001BD80B520480068204801680800C00F49
:103C1000002805D011488905890D50F821008047FA
:103C20000620FFF76DFF01BD80B5194800681948EF
:103C300001680800C00F002805D008488905890DD3
:103C400050F8210080470720FFF75AFF01BD000010
:103C500080E200E08047291000052040000008288D
:103C60008447291004052040884729100805204072
:103C70008C4729100C052040904729101005204042
:103C80009447291014052040984729101805204012
:103C90009C4729101C05204072B61D4908684FEA50
:103CA000102000F00F000E2808BF1A490D2808BF89
:103CB0001949072808BF1949082808BF1849086882
:103CC00020F00B0008600868BFF34F8F15481649B5
:103CD0000860BFF34F8F1549086840F0070008607F
:103CE0001349086840F007000860BFF34F8FBFF327
:103CF0006F8F00200021124AE2E802016A45FBD1E1
:103D00000C4FB8470C4FB8470C4FB847FEE70000C0
:103D1000000020400C0020400C0420400C082040F3
:103D20000C0C20400000281008ED00E090EF00E0AF
:103D300094EF00E01935291055452910A5462910A2
:103D400000FF0B28FFFF0B2870B505000C00002DAD
:103D500001D0012000E0002063221F49C0B2FAF721
:103D600041FE002607E01E2229000120FCF746FB49
:103D70001E351E3C0026002C0CD0B620FAF7E5FEBE
:103D8000002809D11E2CEED2220029000120FCF7C8
:103D900035FB0024200070BD761C300080B2642802
:103DA00003DA0120FBF72DF8E5E7F3E738B5040067
:103DB0000D00002C01D0012000E00020B8220649AF
:103DC000C0B2FAF70FFE009500236A4621000348AF
:103DD000FCF7A5FC009832BD0843291094C10928BE
:103DE000453A5C435954344242375F4C69627261D0
:103DF00072792D6D61737465725C4359543442421B
:103E0000375F4C6962726172792D6D61737465728E
:103E10005C5365656B667265655F43595434424215
:103E20005F4F70656E736F757263655F4C69627228
:103E30006172795C6C69627261726965735C7364EA
:103E40006B5C747669696268346D5C7372635C6420
:103E50007269766572735C737973636C6B5C63799A
:103E60005F737973636C6B2E68000000453A5C43A6
:103E70005954344242375F4C6962726172792D6DD8
:103E800061737465725C435954344242375F4C69C4
:103E900062726172792D6D61737465725C536565D0
:103EA0006B667265655F4359543442425F4F70657B
:103EB0006E736F757263655F4C6962726172795C73
:103EC0006C69627261726965735C73646B5C747651
:103ED00069696268346D5C7372635C64726976658B
:103EE00072735C737973636C6B5C63795F73797302
:103EF000636C6B2E63000000453A5C4359543442B6
:103F000042375F4C6962726172792D6D61737465BD
:103F1000725C435954344242375F4C696272617239
:103F2000792D6D61737465725C5365656B6672653E
:103F3000655F4359543442425F4F70656E736F75CD
:103F40007263655F4C6962726172795C6C696272FE
:103F500061726965735C73646B5C747669696268CD
:103F6000346D5C7372635C73797374656D5C7379C3
:103F70007374656D5F747669696268346D5F636DD3
:103F8000372E6300453A5C435954344242375F4C04
:103F90006962726172792D6D61737465725C4359E7
:103FA00054344242375F4C6962726172792D6D619F
:103FB000737465725C5365656B667265655F4359C2
:103FC000543442425F4F70656E736F757263655F04
:103FD0004C6962726172795C6C6962726172696566
:103FE000735C7A665F636F6D706F6E656E74735C21
:103FF0007365656B667265655F6173736973746120
:104000006E742E6300000000453A5C4359543442FC
:1040100042375F4C6962726172792D6D61737465AC
:10402000725C435954344242375F4C696272617228
:10403000792D6D61737465725C5365656B6672652D
:10404000655F4359543442425F4F70656E736F75BC
:104050007263655F4C6962726172795C6C696272ED
:1040600061726965735C7A665F6465766963655CD5
:104070007A665F6465766963655F776972656C65AA
:1040800073735F756172742E63000000453A5C4380
:104090005954344242375F4C6962726172792D6DB6
:1040A00061737465725C435954344242375F4C69A2
:1040B00062726172792D6D61737465725C536565AE
:1040C0006B667265655F4359543442425F4F706559
:1040D0006E736F757263655F4C6962726172795C51
:1040E0006C69627261726965735C7A665F636F6D39
:1040F0006D6F6E5C7A665F636F6D6D6F6E5F667518
:104100006E6374696F6E2E6300000000453A5C4375
:104110005954344242375F4C6962726172792D6D35
:1041200061737465725C435954344242375F4C6921
:1041300062726172792D6D61737465725C5365652D
:104140006B667265655F4359543442425F4F7065D8
:104150006E736F757263655F4C6962726172795CD0
:104160006C69627261726965735C7A665F646576B8
:104170006963655C7A665F6465766963655F7769C4
:1041800066695F7370692E6300000000453A5C4306
:104190005954344242375F4C6962726172792D6DB5
:1041A00061737465725C435954344242375F4C69A1
:1041B00062726172792D6D61737465725C536565AD
:1041C0006B667265655F4359543442425F4F706558
:1041D0006E736F757263655F4C6962726172795C50
:1041E0006C69627261726965735C7A665F64657638
:1041F0006963655C7A665F6465766963655F776944
:1042000066695F756172742E63000000453A5C4315
:104210005954344242375F4C6962726172792D6D34
:1042200061737465725C435954344242375F4C6920
:1042300062726172792D6D61737465725C5365652C
:104240006B667265655F4359543442425F4F7065D7
:104250006E736F757263655F4C6962726172795CCF
:104260006C69627261726965735C7A665F647269B7
:104270007665725C7A665F6472697665725F736F89
:1042800066745F6969632E6300000000453A5C4311
:104290005954344242375F4C6962726172792D6DB4
:1042A00061737465725C435954344242375F4C69A0
:1042B00062726172792D6D61737465725C536565AC
:1042C0006B667265655F4359543442425F4F706557
:1042D0006E736F757263655F4C6962726172795C4F
:1042E0006C69627261726965735C7A665F636F6D37
:1042F0006D6F6E5C7A665F636F6D6D6F6E5F666922
:10430000666F2E6300000000453A5C435954344206
:1043100042375F4C6962726172792D6D61737465A9
:10432000725C435954344242375F4C696272617225
:10433000792D6D61737465725C5365656B6672652A
:10434000655F4359543442425F4F70656E736F75B9
:104350007263655F4C6962726172795C6C696272EA
:1043600061726965735C7A665F6465766963655CD2
:104370007A665F6465766963655F626C6536613233
:10438000302E6300453A5C435954344242375F4C07
:104390006962726172792D6D61737465725C4359E3
:1043A00054344242375F4C6962726172792D6D619B
:1043B000737465725C5365656B667265655F4359BE
:1043C000543442425F4F70656E736F757263655F00
:1043D0004C6962726172795C6C6962726172696562
:1043E000735C7A665F6465766963655C7A665F6450
:1043F00065766963655F6970733131342E630000DF
:1044000038B505000C00002D01D0012000E000208F
:1044100062221849C0B2FAF7E5FA002007E01E222E
:1044200029000220FBF7EAFF1E351E3C0020002C6D
:1044300007D01E2CF3D2220029000220FBF7DEFF5A
:104440000024200032BD38B504000D00002C01D03E
:10445000012000E00020B6220649C0B2FAF7C2FAF5
:10446000009500236A4621000348FCF758F900989C
:1044700032BD000008402910DCC10928453A5C43E0
:104480005954344242375F4C6962726172792D6DC2
:1044900061737465725C435954344242375F4C69AE
:1044A00062726172792D6D61737465725C536565BA
:1044B0006B667265655F4359543442425F4F706565
:1044C0006E736F757263655F4C6962726172795C5D
:1044D0006C69627261726965735C7A665F64726945
:1044E0007665725C7A665F6472697665725F737016
:1044F000692E630030B4002512E050F8042BD30776
:1045000044BF4A44521E091F042942F8045BFAD2F0
:1045100013468C0744BF15809B1CC90748BF1D70FC
:1045200050F8041B0029E8D130BC7047000000009F
:1045300001000000020090010300320004000000AE
:104540000500000006000000070000000800200031
:104550000900000010B5074979441831064C7C4425
:10456000163404E00A68081D114488470146A14238
:10457000F8D110BD2C000000480000004EF6885114
:10458000CEF20001086840F470000860BFF34F8F5E
:10459000BFF36F8F4FF00170E1EE100A704700001B
:1045A00055FFFFFF34BB01005C0708280000000036
:1045B000E78BFFFF5C020000DC0000000000082821
:1045C00004207146084202D0EFF3098001E0EFF3C6
:1045D000088000B50149884700BD0000192A29104C
:1045E000801C800803D0401C801EFCD100BF704797
:1045F000EFF3108072B6704780F3108870470000A8
:1046000000F00EF8002801D0FFF7A4FFAFF3008000
:104610000020AFF3008000F005F800F011F8000072
:104620000020704780B5054800F00CF8FAF71DFA35
:10463000F7F76EFEF7F7A2FEFCE700BF80B2E60ECA
:1046400000F00EB880B505490860FFF767F8FAF783
:1046500007FC0020FAF76AFD01BD000054C20928DA
:1046600007463846FDF788FAFBE700000D0A666941
:104670006C65202573206C696E652025643A2025C1
:10468000732E0D0A0000000004207146084201D07C
:10469000EFF30980EFF3088000B50149884700BDBA
:1046A0005D4729100548014603B4684680F3098830
:1046B000AFF30080FFF762FFFFF7A2FFA5EDF5FE65
:1046C00000000828FFFF0B2800000020FF3F00200B
:1046D00000000000FF3F000000127A000000000010
:1046E0000024F40000800000008000000080000032
:1046F0000D0A66696C65202573206C696E6520253E
:10470000642E0D0A0000000066696C653A206D6435
:104710006B2F257300000000417373657274206570
:1047200072726F720000000041542B434950534590
:104730004E444C3D0000000066696C653A202573CC
:10474000000000006C696E653A20256400000000DE
:1047500041542B43495053454E443D00816911F863
:10476000021CC9B201607047030100001011001063
:104770004552524F520000006275737900000000EC
:104780000000000000000000000000000000000029
:104790000000000000000000000000000000000019
:1047A0000000000000000000000000000000000009
:1047B00000000000000000000000000000000000F9
:1047C000000000000000000000000000080070472A
:1047D00000207047FFF7FEBFFFF7F2BEFFF7F0BE05
:1047E000FFF7EEBEFFF7FEBFFFF7FEBFFFF7FEBF0E
:1047F000FFF7FEBFFFF7FEBFFFF7FEBFFFF7FEBFED
:10480000FFF7FEBFFFF7FEBFFFF7FEBFFFF7FEBFDC
:10481000F002FF1D3B291004F1FF04F1FF04F1FF3A
:1048200004F1FF04F1FF04F17704100700000828E9
:10483000CD472910D10410079CB70828BC00000000
:1048400078042108C35C07101005000067400000D1
:10485000680412690412660412600412650412648A
:10486000041263044362402450016640FF01000CBF
:10487000F000870000F8FFFF7801FF01010700004A
:104880000000000000000000000000000000000028
:104890000000000000000000000000000000000018
:1048A0000000000000000000000000000000000008
:1048B00000000000000000000000000000000000F8
:1048C00000000000000000000000000000000000E8
:1048D00000000000000000000000000000000000D8
:1048E00000000000000000000000000000000000C8
:1048F00000000000000000000000000000000000B8
:1049000000000000000000000000000000000000A7
:104910000000000000000000000000000000000097
:104920000000000000000000000000000000000087
:104930000000000000000000000000000000000077
:104940000000000000000000000000000000000067
:104950000000000000000000000000000000000057
:0F49600000000000000000000000000000000048
:04000005102946A5D3
:00000001FF
