seq,time_us,dt_ms,armed,phase,voltage,loc_ready,loc_hold,loc_weight,yaw_deg,pos_err_x_e,pos_err_y_e,vel_x_e,vel_y_e,vel_tgt_x_e,vel_tgt_y_e,vel_err_x_b,vel_err_y_b,loc_raw_roll,loc_raw_pitch,loc_trim_roll,loc_trim_pitch,loc_ramped_roll,loc_ramped_pitch,loc_vel_p_x,loc_vel_i_x
,loc_vel_d_x,loc_vel_p_y,loc_vel_i_y,loc_vel_d_y,roll_tgt,roll_cur,pitch_tgt,pitch_cur,sp_rate_ff_roll,sp_rate_ff_pitch,rate_tgt_r,rate_fb_r,rate_out_r,rate_p_r,rate_i_r,rate_d_r,rate_tgt_p,rate_fb_p,rate_out_p,imu_acc_body_y_m_s2,flow_obs_vx_e,flow_obs_vy_e,ekf_vx_e,ekf
_vy_e,flow_valid,flow_obs_valid,flow_ekf_used,flow_gate_clipped,throttle,height_cm,vel_z_cm_s,m1,m2,m3,m4,att_voltage_scale,goal_pos_x_e,goal_pos_y_e,profile_pos_x_e,profile_pos_y_e,profile_vel_x_e,profile_vel_y_e
422,53620669,19.98,1,3,10.40,1,1,1.00,-6.96,40
.60,-22.61,-4.64,-5.02,4.09,0.00,6.19,5.44,0.24,-1.46,0.00,0.00,0.24,-1.46,0.81,0.38,0.27,0.49,-0.40,0.15,0.24,-1.17,-1.46,0.04,0.66,-2.80,6.71,4.51,1.11,0.41,0.52,0.22,-9.34,-0.19,-1.02,0.9977,-32.84,-4.60,-4.64,-5.02,1,1,1,0,37.19,130.99,0.66,5338,5943,6508,5314,0.972,0.00,0.00,-23.32,28.72,0.62,
-0.76
423,53640676,20.01,1,3,10.40,1,1,1.00,-6.96,40.69,-22.50,-5.96,-6.08,4.03,0.00,7.67,6.21,0.33,-1.72,0.00,0.00,0.33,-1.72,1.00,0.38,0.33,0.56,-0.40,0.16,0.33,-1.07,-1.72,0.07,0.98,-2.80,7.01,5.6
1,0.51,0.14,0.52,-0.13,-10.72,2.32,-1.89,0.5072,-21.36,-18.48,-5.96,-6.08,1,1,1,0,36.87,131.08,2.50,5201,5890,6525,5566,0.972,0.00,0.00,-23.31,28.71,0.53,-0.66
424,53660687,20.01,1,3,10.40,1,1,1.00,-6.95,40.81,-22.38,-6.38,-8.52,3.95,0.00,8.30,8.01,0.64,-1.78,0.00,0.00
,0.64,-1.78,1.09,0.38,0.31,0.72,-0.40,0.24,0.64,-1.01,-1.78,0.07,2.53,-2.22,9.81,2.18,1.31,0.61,0.52,0.22,-10.48,-2.93,-0.67,0.3320,-11.38,-37.23,-6.38,-8.52,1,1,1,0,36.93,131.05,2.17,5395,5933,6457,5226,0.972,0.00,0.00,-23.30,28.70,0.44,-0.54
425,53680686,20.00,1,3,1
0.40,1,1,1.00,-6.95,40.93,-22.21,-4.70,-9.80,3.88,0.00,7.42,9.36,0.83,-1.54,0.00,0.00,0.83,-1.54,0.97,0.38,0.18,0.85,-0.40,0.28,0.83,-0.98,-1.54,-0.05,2.80,0.06,10.86,2.05,1.45,0.98,0.53,-0.01,-6.40,-10.04,0.47,0.2194,14.98,-24.76,-4.70,-9.80,1,1,1,0,36.71,131.13,3.42,
5591,6056,6315,5084,0.971,0.00,0.00,-23.30,28.69,0.33,-0.41
426,53700684,20.00,1,3,10.40,1,1,1.00,-6.93,41.03,-22.02,-4.70,-9.80,3.82,0.00,7.04,9.90,0.85,-1.42,0.00,0.00,0.85,-1.42,0.92,0.38,0.12,0.89,-0.40,0.26,0.85,-0.90,-1.42,-0.26,1.98,0.75,9.78,3.27,1.43,0.95,0.53
,-0.01,-4.08,-11.17,0.69,0.2692,0.00,0.00,-4.70,-9.80,1,0,0,0,36.78,131.15,3.02,5612,6035,6229,5052,0.971,0.00,0.00,-23.29,28.68,0.26,-0.32
427,53720688,20.00,1,3,10.40,1,1,1.00,-6.93,41.12,-21.82,-2.08,-10.51,3.77,0.00,5.24,10.34,0.88,-1.02,0.00,0.00,0.88,-1.02,0.69,0
.38,-0.04,0.93,-0.40,0.24,0.88,-0.84,-1.02,-0.42,1.47,2.80,9.08,3.43,1.23,0.80,0.53,-0.06,0.86,-10.64,0.86,0.5419,64.03,-18.25,-2.08,-10.51,1,1,1,1,36.78,131.15,3.02,5541,6170,6268,4987,0.971,0.00,0.00,-23.29,28.68,0.19,-0.23
428,53740693,20.00,1,3,10.40,1,1,1.00,-6.9
5,41.16,-21.61,-4.68,-9.59,3.74,0.00,6.11,10.16,0.79,-1.21,0.00,0.00,0.79,-1.21,0.80,0.38,0.03,0.92,-0.40,0.18,0.79,-0.76,-1.21,-0.51,0.39,0.65,7.18,3.62,1.16,0.69,0.54,-0.02,-1.70
,-4.32,0.21,0.6506,-40.44,0.55,-4.68,-9.59,1,1,1,1,36.72,131.25,3.35,5463,6075,6328,5100,0.971,0.00,0.00,-23.28,28.67,0.14,-0.18
429,53760690,20.00,1,3,10.40,1,1,1.00,-6.95,41.26,-21.42,-6.78,-9.28,3.70,0.00,7.72,10.05,0.74,-1.54,0.00,0.00,0.74,-1.54,1.01,0.38,0.15,0.
91,-0.40,0.13,0.74,-0.69,-1.54,-0.52,-0.07,-1.59,6.11,6.38,0.20,0.10,0.54,-0.44,-5.74,2.97,-1.68,0.4572,-30.20,-5.84,-6.78,-9.28,1,1,1,0,36.72,131.25,3.35,5103,5921,6416,5494,0.971,0.00,0.00,-23.28,28.67,0.09,-0.11
430,53780683,19.99,1,3,10.41,1,1,1.00,-6.95,41.39,-21
.23,-9.34,-9.14,3.68,0.00,9.88,10.11,0.73,-2.00,0.00,0.00,0.73,-2.00,1.29,0.38,0.29,0.91,-0.39,0.11,0.73,-0.64,-2.00,-0.46,-0.12,-2.80,5.76,3.08,1.03,0.38,0.54,0.15,-9.50,6.59,-2.21,0.5494,-51.63,-7.59,-9.34,-9.14,1,1,1,1,36.52,131.34,4.49,5141,5743,6599,5452,0.971,0.00
,0.00,-23.28,28.67,0.04,-0.05
431,53800690,20.01,1,3,10.41,1,1,1.00,-6.95,41.58,-21.05,-11.88,-10.94,3.69,0.00,12.13,11.39,0.96,-2.48,0.00,0.00,0.96,-2.48,1.59,0.38,0.40,1.03,-0.39,0.17,0.96,-0.55,-2.48,-0.33,1.38,-2.80,7.98,6.26,0.28,-0.06,0.54,-0.19,-12.54,7.68,-2.41
,0.3396,-43.69,-31.30,-11.88,-10.94,1,1,1,1,36.52,131.34,4.49,5022,5756,6466,5584,0.971,0.00,0.00,-23.28,28.67,0.01,-0.01
432,53820699,20.01,1,3,10.41,1,1,1.00,-6.95,41.82,-20.83,-11.17,-12.09,3.70,0.00,12.53,12.54,1.14,-2.46,0.00,0.00,1.14,-2.46,1.64,0.39,0.35,1.13,-0.39,0.21,1.14,-
0.45,-2.46,-0.26,1.96,-1.69,8.91,3.86,1.32,0.52,0.54,0.31,-11.64,-3.24,-0.41,0.2755,-3.06,-25.14,-11.17,-12.09,1,1,1,0,36.35,131.44,5.30,5384,5922,6379,5142,0.970,0.00,0.00,-23.40,28.62,0.00,0.00
433,53840693,19.99,1,3,10.42,1,1,1.00,-6.94,42.04,-20.59,-8.65,-13.53,3.
69,0.00,11.08,13.67,1.30,-2.01,0.00,0.00,1.30,-2.01,1.45,0.39,0.17,1.23,-0.39,0.24,1.30,-0.38,-2.01,-0.41,2.30,1.65,9.73,3.64,1.09,0.66,0.54,-0.08,-5.37,-12.27,0.84,0.2076,24.13,-29.98,-8.65,-13.53,1,1,1,1,36.33,131.44,5.30,5519,6071,6138,5009,0.970,0.00,0.00,-23.67,2
8.50,0.00,0.00
434,53860700,20.01,1,3,10.42,1,1,1.00,-6.94,42.21,-20.32,-6.15,-13.85,3.68,0.00,8.98,14.13,1.33,-1.54,0.00,0.00,1.33,-1.54,1.18,0.39,-0.03,1.28,-0.39,0.22,1.33,-0.30,-1.54,-0.66,1.64,2.80,8.83,2.92,1.37,0.86,0.55,0.01,-0.55,-14.92,1.38,0.2975,46.18,-17.49,-6.15,-13.85,1,1,1,1,36.56,1
31.50,3.94,5609,6119,6115,4884,0.969,0.00,0.00,-23.92,28.40,0.00,0.00
435,53880694,19.99,1,3,10.42,1,1,1.00,-6.95,42.34,-20.04,-6.26,-13.26,3.66,0.00,8.24,13.97,1.24,-1.39,0.00,0.00,1.24,-1.39,1.08,0.39,-0.08,1.26,-0.39,0.17,1.24,-0.25,-1.39,-0.84,0.55,2.73,7.06,3.56,
1.02,0.66,0.55,-0.16,0.96,-10.81,0.88,0.1153,-7.54,-6.51,-6.26,-13.26,1,1,1,0,36.56,131.50,3.94,5472,6185,6224,4970,0.969,0.00,0.00,-24.12,28.30,0.00,0.00
436,53900703,20.01,1,3,10.42,1,1,1.00,-6.96,42.46,-19.78,-8.75,-11.40,3.65,0.00,9.55,12.98,1.01,-1.69,0.00,0.00,1
.01,-1.69,1.25,0.39,0.04,1.17,-0.39,0.07,1.01,-0.14,-1.69,-0.87,-1.05,-0.05,3.80,5.36,0.65,0.21,0.55,-0.09,-3.02,4.63,-1.83,0.0967,-53.07,10.09,-8.75,-11.40,1,1,1,1,36.63,131.49,3.59,5139,5803,6459,5451,0.969,0.00,0.00,-24.33,28.21,0.00,0.00
437,53920701,20.00,1,3,10.4
2,1,1,1.00,-6.95,42.64,-19.55,-11.23,-9.40,3.63,0.00,11.69,11.57,0.74,-2.21,0.00,0.00,0.74,-2.21,1.53,0.39,0.20,1.04,-0.39,-0.03,0.74,-0.06,-2.21,-0.75,-2.39,-2.80,0.49,4.08,0.56,-0.04,0.55,0.07,-9.13,9.65,-2.38,0.1678,-93.21,13.77,-11.23,-9.40,1,1,1,1,36.63,131.49,3.59
,5067,5747,6524,5547,0.969,0.00,0.00,-24.56,28.10,0.00,0.00
438,53940701,20.00,1,3,10.42,1,1,1.00,-6.94,42.86,-19.36,-13.71,-8.69,3.63,0.00,14.07,10.76,0.61,-2.74,0.00,0.00,0.61,-2.74,1.84,0.39,0.34,0.97,-0.39,-0.08,0.61,0.00,-2.74,-0.53,-2.35,-2.80,-0.40,2.74,0.26,-0
.28,0.55,0.00,-12.82,8.60,-2.36,0.0764,-53.96,-0.46,-13.71,-8.69,1,1,1,1,36.81,131.44,2.62,5042,5778,6470,5596,0.969,0.00,0.00,-24.81,27.98,0.00,0.00
439,53960701,20.00,1,3,10.42,1,1,1.00,-6.94,43.14,-19.19,-13.32,-9.13,3.62,0.00,14.76,10.67,0.62,-2.80,0.00,0.00,0.62,-
2.80,1.93,0.39,0.33,0.96,-0.39,-0.07,0.62,0.02,-2.80,-0.44,-1.44,-2.21,0.47,-2.01,1.19,0.20,0.55,0.47,-12.74,-1.24,-0.87,0.2063,-8.87,-14.17,-13.32,-9.13,1,1,1,0,36.81,131.44,2.62,5327,5933,6475,5243,0.969,0.00,0.00,-25.10,27.84,0.00,0.00
440,53980706,20.00,1,3,10.42,
1,1,1.00,-6.95,43.40,-19.00,-10.85,-11.59,3.62,0.00,13.38,11.92,0.89,-2.37,0.00,0.00,0.89,-2.37,1.75,0.39,0.15,1.08,-0.38,0.02,0.89,-0.02,-2.37,-0.53,0.73,1.21,4.30,-4.39,1.48,0.61,0.55,0.37,-6.99,-11.19,0.59,0.3680,29.31,-46.78,-10.85,-11.59,1,1,1,1,36.98,131
.44,1.70,5565,6081,6317,5018,0.969,0.00,0.00,-25.39,27.70,0.00,0.00
441,54000710,20.00,1,3,10.42,1,1,1.00,-6.96,43.62,-18.77,-8.39,-13.51,3.61,0.00,11.22,13.39,1.16,-1.82,0.00,0.00,1.16,-1.82,1.47,0.39,-0.04,1.21,-0.38,0.11,1.16,-0.12,-1.82,-0.79,2.12,2.80,7.58,-4.74,
1.55,1.14,0.56,-0.09,-1.41,-15.25,1.37,0.0516,45.96,-35.84,-8.39,-13.51,1,1,1,1,36.70,131.58,3.27,5701,6195,6243,4928,0.969,0.00,0.00,-25.66,27.57,0.00,0.00
442,54020709,20.00,1,3,10.41,1,1,1.00,-6.95,43.79,-18.50,-8.41,-12.36,3.60,0.00,10.44,13.29,1.09,-1.67,0.00,0.00,1.09,-
1.67,1.37,0.39,-0.09,1.20,-0.38,0.08,1.09,-0.17,-1.67,-1.01,0.94,2.75,6.31,-3.97,2.06,1.45,0.56,0.11,0.58,-13.16,1.32,0.5946,-8.70,1.06,-8.41,-12.36,1,1,1,0,37.06,131.44,1.29,5755,6054,6248,4863,0.969,0.00,0.00,-25.90,27.45,0.00,0.00
443,54040710,20.00,1,3,10.41,1,1,1
.00,-6.96,43.96,-18.26,-10.70,-10.13,3.58,0.00,11.65,12.09,0
.83,-2.01,0.00,0.00,0.83,-2.01,1.53,0.40,0.02,1.09,-0.38,-0.01,0.83,-0.18,-2.01,-1.11,-0.96,-0.31,3.15,2.35,0.34,0.50,0.57,-0.71,-3.77,-0.53,-0.97,0.0600,-37.46,15.89,-10.70,-10.13,1,1,1,0,36.94,131.47,1.98,5225,6076,6420,5390,0.969,0.00,0.00,-26.13,27.33,0.00,0.00
444
,54060714,20.00,1,3,10.41,1,1,1.00,-6.96,44.17,-18.05,-13.16,-8.76,3.58,0.00,13.69,10.97,0.63,-2.51,0.00,0.00,0.63,-2.51,1.79,0.40,0.17,0.99,-0.38,-0.08,0.63,-0.11,-2.51,-1.00,-1.86,-2.80,0.68,3.53,0.32,-0.05,0.57,-0.18,-9.38,9.89,-2.94,0.0380,-60.02,7.33,-13.16,-8.76,
1,1,1,1,37.23,131.34,0.42,5002,5746,6609,5694,0.970,0.00,0.00,-26.38,27.20,0.00,0.00
445,54080713,20.00,1,3,10.41,1,1,1.00,-6.95,44.43,-17.88,-15.62,-7.60,3.57,0.00,16.05,10.01,0.47,-3.05,0.00,0.00,0.47,-3.05,2.10,0.40,0.32,0.90,-0.38,-0.12,0.47,-0.03,-3.05,-0.78,-2.1
7,-2.80,-0.57,3.20,0.30,-0.32,0.56,0.06,-13.01,9.02,-2.54,0.1309,-48.88,5.96,-15.62,-7.60,1,1,1,1,37.39,131.26,-0.37,5067,5864,6613,5661,0.970,0.00,0.00,-26.66,27.05,0.00,0.00
446,54100698,19.99,1,3,10.40,1,1,1.00,-6.95,44.75,-17.73,-14.52,-8.09,3.57,0.00,16.31,9.84,0.
48,-3.00,0.00,0.00,0.48,-3.00,2.14,0.40,0.27,0.89,-0.38,-0.11,0.48,0.00,-3.00,-0.68,-1.35,-1.56,0.18,-1.06,0.96,0.06,0.56,0.37,-11.95,-0.59,-1.03,0.3566,-1.69,-13.85,-14.52,-8.09,1,1,1,0,37.48,131.20,-0.78,5350,6022,6547,5367,0.971,0.00,0.00,-26.97,26.90,0.00,0.00
447
,54120719,20.02,1,3,10.40,1,1,1.00,-6.97,45.04,-17.56,-13.62,-9.39,3.57,0.00,15.78,10.47,0.64,-2.81,0.00,0.00,0.64,-2.81,2.07,0.40,0.18,0.95,-0.38,-0.05,0.64,-0.05,-2.81,-0.79,0.08,0.19,2.39,-5.88,1.56,0.76,0.57,0.28,-8.89,-12.90,0.93,0.6346,-3.00,-24.55,-13.62,-9.39,1,
1,1,0,37.55,131.11,-1.11,5672,6241,6406,5015,0.971,0.00,0.00,-27.27,26.74,0.00,0.00
448,54140717,20.00,1,3,10.39,1,1,1.00,-6.98,45.31,-17.38,-12.78,-10.55,3.57,0.00,14.98,11.36,0.82,-2.58,0.00,0.00,0.82,-2.58,1.96,0.40,0.08,1.03,-0.38,0.02,0.82,-0.11,-2.58,-1.03,1.14,1
.53,4.83,-3.04,1.16,0.68,0.57,-0.06,-5.26,-15.12,1.04,0.0877,-2.96,-24.20,-12.78,-10.55,1,1,1,0,37.55,131.07,-0.98,5654,6307,6338,5074,0.972,0.00,0.00,-27.56,26.59,0.00,0.00
449,54160718,20.00,1,3,10.39,1,1,1.00,-6.99,45.56,-17.16,-13.24,-9.54,3.56,0.00,15.0
0,11.15,0.76,-2.58,0.00,0.00,0.76,-2.58,1.96,0.40,0.07,1.01,-0.38,0.00,0.76,-0.17,-2.58,-1.26,0.36,0.95,3.98,-2.64,1.44,0.94,0.57,-0.03,-4.70,-9.70,0.06,0.2007,-18.63,2.28,-13.24,-9.54,1,1,1,0,37.41,131.09,-0.11,5605,6095,6461,5209,0.972,0.00,0.00,-27.85,26.44,0.00,0.00

450,54180721,20.00,1,3,10.39,1,1,1.00,-6.99,45.83,-16.97,-14.90,-7.41,3.56,0.00,16.14,9.93,0.51,-2.87,0.00,0.00,0.51,-2.87,2.11,0.40,0.14,0.90,-0.38,-0.08,0.51,-0.17,-2.87,-1.37,-1.27,-1.11,0.98,0.30,0.78,0.46,0.58,-0.23,-7.63,-2.61,-1.09,0.1845,-34.32,17.57,-14.90,-
7.41,1,1,1,0,37.70,130.94,-1.67,5301,6060,6554,5381,0.973,0.00,0.00,-28.13,26.29,0.00,0.00
451,54200723,20.00,1,3,10.39,1,1,1.00,-7.00,46.13,-16.83,-15.79,-6.58,3.56,0.00,17.20,9.00,0.36,-3.09,0.00,0.00,0.36,-3.09,2.25,0.41,0.19,0.81,-0.37,-0.12,0.36,-0.17,-3.09,-1.36
,-1.73,-2.08,-0.04,-1.68,1.03,0.34,0.58,0.14,-9.72,0.29,-1.46,0.7043,-26.27,3.23,-15.79,-6.58,1,1,1,0,37.77,130.85,-1.91,5355,5985,6642,5471,0.973,0.00,0.00,-28.43,26.14,0.00,0.00
452,54220717,19.99,1,3,10.39,1,1,1.00,-7.00,46.44,-16.69,-15.79,-6.58,3.56,0.00,17.6
2,8.63,0.33,-3.14,0.00,0.00,0.33,-3.14,2.31,0.41,0.19,0.78,-0.37,-0.12,0.33,-0.17,-3.14,-1.31,-1.32,-1.66,0.27,-1.38,0.80,0.17,0.58,0.08,-9.81,1.00,-1.54,0.4687,0.00,0.00,-15.79,-6.58,1,0,0,0,37.87,130.71,-2.36,5336,6000,6619,5532,0.973,0.00,0.00,-28.73,25.98,0.00,0.00


453,54240724,20.01,1,3,10.38,1,1,1.00,-7.01,46.76,-16.56,-14.91,-5.97,3.56,0.00,17.31,8.06,0.25,-3.02,0.00,0.00,0.25,-3.02,2.27,0.41,0.13,0.73,-0.37,-0.13,0.25,-0.20,-3.02,-1.32,-1.38,-0.32,0.06,-3.47,1.11,0.47,0.58,0.09,-7.79,-4.20,-0.46,0.4898,-5.33,0.66,-14.91,-5.
97,1,1,1,0,37.65,130.71,-1.02,5479,6169,6585,5308,0.973,0.00,0.00,-29.03,25.82,0.00,0.00
454,54260724,20.00,1,3,10.38,1,1,1.00,-7.02,47.06,-16.44,-12.90,-5.57,3.57,0.00,16.02,7.45,0.16,-2.66,0.00,0.00,0.16,-2.66,2.10,0.41,0.00,0.67,-0.37,-0.14,0.16,-0.23,-2.66,-1.41,-1
.42,1.94,-0.17,-1.32,0.56,0.17,0.58,-0.18,-3.38,-7.90,0.25,0.3778,9.28,-1.14,-12.90,-5.57,1,1,1,0,37.68,130.62,-1.10,5504,6274,6355,5291,0.974,0.00,0.00,-29.31,25.67,0.00,0.00
455,54280727,20.00,1,3,10.38,1,1,1.00,-7.02,47.31,-16.33,-10.32,-5.30,3.57,0.00,13.99,6.86,0
.10,-2.17,0.00,0.00,0.10,-2.17,1.83,0.41,-0.15,0.62,-0.37,-0.15,0.10,-0.25,-2.17,-1.54,-1.32,2.80,-0.23,-2.51,0.95,0.29,0.58,0.10,0.77,-6.23,0.10,0.3648,19.29,-2.38,-10.32,-5.30,1,1,1,1,37.88,130.50,-2.05,5563,6186,6408,5286,0.974,0.00,0.00,-29.56,25.54,0.00,0.00
456,5
4300729,20.00,1,3,10.38,1,1,1.00,-7.01,47.52,-16.23,-11.44,-4.35,3.57,0.00,13.91,6.13,0.01,-2.22,0.00,0.00,0.01,-2.22,1.82,0.41,-0.13,0.55,-0.37,-0.17,0.01,-0.28,-2.22,-1.61,-1.35,1.50,-0.40,-2.98,0.98,0.35,0.58,0.07,-0.49,-2.30,-0.01,0.3601,-23.99,6.41,-11.44,-4.35,1,
1,1,0,37.74,130.50,-1.18,5571,6197,6459,5316,0.974,0.00,0.00,-29.77,25.44,0.00,0.00
457,54320729,20.00,1,3,10.37,1,1,1.00,-7.01,47.75,-16.14,-13.98,-3.55,3.57,0.00,15.45,5.55,-0.04,-2.65,0.00,0.00,-0.04,-2.65,2.02,0.41,0.01,0.50,-0.37,-0.17,-0.04,-0.37,-2.65,-1.56,-1.
21,-1.64,-0.16,-6.66,1.64,0.79,0.59,0.31,-6.14,4.70,-1.45,0.2112,-44.22,5.43,-13.98,-3.55,1,1,1,1,37.85,130.42,-1.68,5481,5871,6688,5431,0.975,0.00,0.00,-29.98,25.32,0.00,0.00
458,54340732,20.00,1,3,10.37,1,1,1.00,-7.00,48.03,-16.07,-16.46,-2.82,3.58,0.00,17.60,5.07,-0
.08,-3.17,0.00,0.00,-0.08,-3.17,2.31,0.42,0.18,0.46,-0.37,-0.17,-0.08,-0.46,-3.17,-1.41,-1.03,-2.80,0.18,-4.99,1.11,0.61,0.59,-0.06,-10.59,7.18,-2.27,0.2715,-44.63,5.48,-16.46,-2.82,1,1,1,0,37.88,130.37,-1.76,5254,5912,6803,5559,0.975,0.00,0.00,-30.23,25.20,0.00,0.00
4
59,54360732,20.00,1,3,10.37,1,1,1.00,-7.00,48.36,-16.01,-17.59,-3.22,3.59,0.00,19.12,5.20,-0.03,-3.48,0.00,0.00,-0.03,-3.48,2.50,0.42,0.26,0.47,-0.37,-0.13,-0.03,-0.53,-3.48,-1.32,-0.34,-2.80,1.26,-6.30,1.52,0.82,0.59,0.15,-12.57,2.05,-1.36,0.8931,-30.57,-7.8
3,-17.59,-3.22,1,1,1,0,37.94,130.29,-2.00,5468,5947,6705,5425,0.975,0.00,0.00,-30.52,25.05,0.00,0.00
460,54380733,20.00,1,3,10.37,1,1,1.00,-7.01,48.71,-15.95,-16.09,-2.20,3.59,0.00,18.91,4.53,-0.10,-3.35,0.00,0.00,-0.10,-3.35,2.48,0.42,0.19,0.41,-0.37,-0.14,-0.10,-0.57
,-3.35,-1.33,-0.70,-0.99,0.81,-0.15,0.17,0.18,0.59,-0.59,-10.07,-6.57,-0.18,0.1471,1.18,9.60,-16.09,-2.20,1,1,1,0,37.88,130.23,-1.55,5428,6314,6408,5430,0.976,0.00,0.00,-30.83,24.90,0.00,0.00
461,54400736,20.00,1,3,10.37,1,1,1.00,-7.01,49.03,-15.90,-14.75,-1.61,3.60,0
.00,18.08,3.81,-0.18,-3.10,0.00,0.00,-0.18,-3.10,2.37,0.42,0.09,0.34,-0.37,-0.16,-0.18,-0.56,-3.10,-1.48,-0.95,0.87,0.24,-1.07,0.85,0.24,0.59,0.04,-6.26,-14.08,1.11,0.7643,0.63,5.13,-14.75,-1.61,1,1,1,0,38.03,130.12,-2.27,5700,6366,6297,5184,0.976,0.00,0.00,-31.10,24.76
,0.00,0.00
462,54420733,20.00,1,3,10.36,1,1,1.00,-6.99,49.33,-15.87,-12.26,-1.47,3.61,0.00,16.28,3.26,-0.24,-2.64,0.00,0.00,-0.24,-2.64,2.13,0.42,-0.07,0.29,-0.37,-0.16,-0.24,-0.53,-2.64,-1.72,-0.94,2.80,0.01,0.00,0.54,0.03,0.59,-0.07,-0.81,-12.25,0.58,0.
3666,43.24,0.13,-12.26,-1.47,1,1,1,1,37.84,130.14,-1.08,5640,6326,6317,5344,0.976,0.00,0.00,-31.35,24.64,0.00,0.00
463,54440736,20.00,1,3,10.36,1,1,1.00,-6.98,49.57,-15.84,-13.80,-1.05,3.62,0.00,16.51,2.90,-0.26,-2.75,0.00,0.00,-0.26,-2.75,2.16,0.42,-0.04,0.26,-0.37,-
0.15,-0.26,-0.55,-2.75,-1.85,-0.75,1.15,0.19,-4.88,1.66,0.62,0.60,0.49,-2.30,-4.74,-0.12,0.4606,-31.56,3.87,-13.80,-1.05,1,1,1,0,37.83,130.12,-0.94,5645,6087,6555,5238,0.976,0.00,0.00,-31.56,24.54,0.00,0.00
464,54460738,20.00,1,3,10.36,1,1,1.00,-6.98,49.85,-15.82,-16.27,-1.78,3.63,0.00,18.03,3.37,-0.16,-3.14,0.00,0.00,-0.16,-3.14,2.36,0.42,0.09,0.30,-0.37,-
0.09,-0.16,-0.66,-3.14,-1.85,0.14,-1.68,1.74,-7.82,1.85,1.01,0.60,0.29,-7.16,3.18,-1.78,0.9818,-49.64,-10.30,-16.27,-1.78,1,1,1,1,37.64,130.14,0.20,5421,5868,6826,5403,0.977,0.00,0.00,-31.80,24.43,0.00,0.00
465,54480727,19.99,1,3,10.36,1,1,1.00,-6.98,50.17,-15.78,-18.75,-1.15,3.64,0.00,20.16,3.36,-0.14,-3.64,0.00,0.00,-0.14,-3.64,2.64,0.43,0.23,0.30,-0.37,
-0.07,-0.14,-0.76,-3.64,-1.72,0.20,-2.80,2.23,-7.51,1.75,1.16,0.60,0.02,-11.42,8.23,-2.65,0.5474,-51.15,6.27,-18.75,-1.15,1,1,1,1,37.88,130.00,-1.04,5304,5705,6867,5543,0.977,0.00,0.00,-32.08,24.30,0.00,0.00
466,54500729,20.00,1,3,10.36,1,1,1.00,-6.98,50.55,-15.76,-17.
34,-1.64,3.65,0.00,20.14,3.55,-0.10,-3.55,0.00,0.00,-0.10,-3.55,2.64,0.43,0.19,0.32,-0.37,-0.05,-0.10,-0.82,-3.55,-1.57,0.40,-1.25,2.88,-1.26,0.44,0.44,0.61,-0.59,-10.18,4.60,-2.17,0.3306,-0.90,-7.38,-17.34,-1.64,1,1,1,0,37.68,130.03,0.13,5223,5978,6666,5678,0.977,0.00
,0.00,-32.39,24.15,0.00,0.00
467,54520742,20.01,1,3,10.36,1,1,1.00,-6.97,50.90,-15.73,-14.87,-0.33,3.66,0.00,18.77,2.67,-0.22,-3.16,0.00,0.00,-0.22,-3.16,2.46,0.43,0.04,0.24,-0.37,-0.09,-0.22,-0.78,-3.16,-1.55,-0.51,1.57,1.29,2.86,0.22,0.00,0.61,-0.39,-5.50,-6.20,0.25,
0.5597,20.75,14.87,-14.87,-0.33,1,1,1,1,37.81,129.97,-0.50,5490,6297,6288,5366,0.977,0.00,0.00,-32.69,24.01,0.00,0.00
468,54540740,20.00,1,3,10.36,1,1,1.00,-6.96,51.19,-15.72,-13.70,-0.31,3.67,0.00,17.53,2.21,-0.27,-2.86,0.00,0.00,-0.27,-2.86,2.30,0.43,-0.06,0.20,-0.3
7,-0.10,-0.27,-0.69,-2.86,-1.72,-0.64,2.80,0.68,3.13,0.30,-0.23,0.61,-0.06,-1.97,-12.28,1.38,0.4650,0.00,0.00,-13.70,-0.31,1,1,1,0,37.67,130.02,0.36,5696,6422,6139,5252,0.976,0.00,0.00,-32.94,23.90,0.00,0.00
469,54560742,20.00,1,3,10.36,1,1,1.00,-6.93,51.47,-15.72,-11.
24,-1.84,3.68,0.00,15.46,2.76,-0.17,-2.37,0.00,0.00,-0.17,-2.37,2.03,0.43,-0.21,0.25,-0.37,-0.05,-0.17,-0.65,-2.37,-1.92,0.22,2.80,1.76,-2.59,1.64,0.41,0.61,0.66,1.38,-8.67,0.41,0.4553,25.48,-19.79,-11.24,-1.84,1,1,1,1,37.79,129.97,-0.28,5719,6105,6431,5178,0.977,0.00,
0.00,-33.17,23.80,0.00,0.00
470,54580742,20.00,1,3,10.35,1,1,1.00,-6.92,51.69,-15.68,-12.23,-1.47,3.68,0.00,15.26,2.83,-0.15,-2.40,0.00,0.00,-0.15,-2.40,2.00,0.43,-0.18,0.26,-0.37,-0.03,-0.15,-0.72,-2.40,-2.00,0.27,1.63,2.10,-9.14,2.68,1.37,0.61,0.76,0.37,-4.79,0.29,1.2063,-23.89,2.90,-12.23,-1.47,
1,1,1,0,37.52,130.07,1.30,5845,5981,6614,5061,0.977,0.00,0.00,-33.37,23.71,0.00,0.00
471,54600735,19.99,1,3,10.35,1,1,1.00,-6.92,51.94,-15.65,-14.69,-0.88,3.69,0.00,16.69,2.68,-0.16,-2.81,0.00,0.00,-0.16,-2.81,2.19,0.43,-0.04,0.24,-0.37,-0.04,-0.16,-0.86,-2
.81,-1.94,0.08,-1.46,2.44,-7.91,1.72,1.26,0.62,-0.12,-4.72,9.03,-2.44,0.2389,-49.76,6.04,-14.69,-0.88,1,1,1,1,37.57,130.00,1.08,5308,5725,6824,5499,0.978,0.00,0.00,-33.59,23.62,0.00,0.00
472,54620748,20.01,1,3,10.36,1,1,1.00,-6.90,52.23,-15.63,-13.68,-2.03,3.70,0.00,16.58,
3.24,-0.07,-2.76,0.00,0.00,-0.07,-2.76,2.17,0.43,-0.04,0.29,-0.37,0.01,-0.07,-0.96,-2.76,-1.76,0.62,-0.65,4.06,-3.67,0.71,0.77,0.62,-0.67,-4.69,11.83,-2.87,0.6981,-1.88,-15.51,-13.68,-2.03,1,1,1,0,37.37,130.05,2.26,5147,5788,6732,5717,0.978,0.00,0.00,-33.85,23.51,0.00,
0.00
473,54640749,20.00,1,3,10.36,1,1,1.00,-6.89,52.50,-15.59,-13.74,-0.38,3.70,0.00,16.70,2.48,-0.19,-2.80,0.00,0.00,-0.19,-2.80,2.19,0.44,-0.02,0.22,-0.37,-0.04,-0.19,-0.93,-2.80,-1.55,-0.32,-0.67,2.28,3.19,0.11,0.11,0.62,-0.62,-5.97,5.62,-0.76,0.3952,-14.47,18.92,-1
3.74,-0.38,1,1,1,0,37.48,129.99,1.68,5323,6113,6344,5495,0.977,0.00,0.00,-34.09,23.40,0.00,0.00
474,54660748,20.00,1,3,10.36,1,1,1.00,-6.87,52.78,-15.58,-11.29,-0.55,3.71,0.00,15.27,2.10,-0.24,-2.44,0.00,0.00,-0.24,-2.44,2.00,0.44,-0.13,0.19,-0.37,-0.06,-0.24,-0.81,-2.
44,-1.49,-0.51,1.79,1.31,4.68,0.32,-0.30,0.62,0.01,-1.95,-1.65,-0.16,0.2869,21.09,-2.54,-11.29,-0.55,1,1,1,1,37.32,130.08,2.57,5495,6129,6257,5452,0.977,0.00,0.00,-34.33,23.30,0.00,0.00
475,54680753,20.00,1,3,10.36,1,1,1.00,-6.81,53.00,-15.57,-10.41,-1.52,3.71,0.00,14
.12,2.45,-0.17,-2.19,0.00,0.00,-0.17,-2.19,1.85,0.44,-0.19,0.22,-0.37,-0.02,-0.17,-0.73,-2.19,-1.56,0.07,2.66,1.86,-0.20,1.31,0.19,0.62,0.53,0.63,-6.63,0.94,0.6083,-0.07,-12.86,-10.41,-1.52,1,1,1,0,37.51,130.06,1.52,5755,6119,6217,5159,0.977,0.00,0.00,-34.53,23.22,0.00
,0.00
476,54700753,20.00,1,3,10.36,1,1,1.00,-6.77,53.21,-15.54,-8.55,-3.91,3.72,0.00,12.38,3.88,0.05,-1.81,0.00,0.00,0.05,-1.81,1.62,0.44,-0.29,0.35,-0.37,0.07,0.05,-0.79,-1.81,-1.65,1.42,2.80,4.59,-6.85,2.25,1.10,0.62,0.59,2.30,-3.85,0.25,0.5108,13.25,-31.96,-8.55,-3.
91,1,1,1,0,37.24,130.21,3.06,5806,5934,6464,5147,0.976,0.00,0.00,-34.71,23.14,0.00,0.00
477,54720756,20.00,1,3,10.36,1,1,1.00,-6.76,53.38,-15.46,-8.87,-6.36,3.72,0.00,11.70,5.93,0.36,-1.72,0.00,0.00,0.36,-1.72,1.53,0.44,-0.28,0.54,-0.37,0.19,0.36,-0.91,-1.72,-1.69,2.8
0,2.32,8.23,-9.36,2.54,1.75,0.63,0.22,2.20,-0.47,-0.37,0.5043,-12.60,-42.45,-8.87,-6.36,1,1,1,1,37.48,130.14,1.72,5646,5859,6629,5072,0.976,0.00,0.00,-34.89,23.07,0.00,0.00
478,54740747,19.99,1,3,10.36,1,1,1.00,-6.75,53.56,-15.34,-8.87,-6.36,3.71,0.00,11.43,6.75,0.45,
-1.72,0.00,0.00,0.45,-1.72,1.50,0.44,-0.25,0.61,-0.37,0.20,0.45,-1.01,-1.72,-1.62,2.36,1.51,8.71,-5.79,2.24,1.76,0.64,-0.11,1.17,6.75,-1.23,0.4798,0.00,0.00,-8.87,-6.36,1,0,0,0,37.30,130.18,2.79,5597,5747,6661,5331,0.976,0.00,0.00,-35.08,22.99,0.00,0.00
479,54760754,20
.01,1,3,10.36,1,1,1.00,-6.72,53.74,-15.21,-8.12,-5.83,3.71,0.00,10.91,6.70,0.40,-1.65,0.00,0.00,0.40,-1.65,1.43,0.44,-0.24,0.61,-0.37,0.16,0.40,-1.01,-1.65,-1.47,1.18,1.46,7.26,6.22,-0.55,0.31,0.64,-1.52,0.90,11.88,-2.27,0.3203,0.00,0.00,-8.12,-5.83,1,1,1,0,37
.28,130.16,2.91,5100,5921,6373,5845,0.977,0.00,0.00,-35.28,22.91,0.00,0.00
480,54780758,20.00,1,3,10.37,1,1,1.00,-6.68,53.90,-15.09,-8.35,-3.23,3.71,0.00,11.02,5.14,0.13,-1.73,0.00,0.00,0.13,-1.73,1.44,0.44,-0.18,0.46,-0.37,0.03,0.13,-0.75,-1.73,-1.22,-0.88,0.42,2.46,1
5.64,-1.26,-1.05,0.64,-0.87,-1.22,10.03,-1.23,0.2597,-10.81,54.28,-8.35,-3.23,1,1,1,1,37.03,130.28,4.31,5110,6180,6173,5767,0.977,0.00,0.00,-35.46,22.83,0.00,0.00
481,54800759,20.00,1,3,10.37,1,1,1.00,-6.64,54.07,-15.03,-7.55,-0.65,3.71,0.00,10.77,2.93,-0.22,-1.70,0.0
0,0.00,-0.22,-1.70,1.41,0.44,-0.16,0.26,-0.37,-0.12,-0.22,-0.48,-1.70,-1.05,-2.69,0.46,-1.87,11.84,-0.32,-1.18,0.64,0.22,-1.68,6.54,-0.89,0.4941,1.34,35.85,-7.55,-0.65,1,1,1,1,37.
16,130.30,3.57,5304,6010,6161,5623,0.976,0.00,0.00,-35.62,22.77,0.00,0.00
482,54820750,19.99,1,3,10.37,1,1,1.00,-6.61,54.22,-15.02,-4.99,-3.21,3.71,0.00,8.97,3.38,-0.13,-1.35,0.00,0.00,-0.13,-1.35,1.18,0.44,-0.27,0.31,-0.37,-0.07,-0.13,-0.41,-1.35,-1.02,-1.18,2.46,-0.26,-3.14
,1.97,0.16,0.63,1.22,1.42,-1.75,0.36,0.9774,55.80,-70.44,-4.99,-3.21,1,1,1,1,36.97,130.44,4.61,5741,5936,6361,5127,0.976,0.00,0.00,-35.76,22.71,0.00,0.00
483,54840761,20.01,1,3,10.37,1,1,1.00,-6.57,54.32,-14.95,-2.45,-5.75,3.71,0.00,6.57,4.90,0.12,-0.90,0.00,0.00,0.12,
-0.90,0.86,0.44,-0.40,0.44,-0.37,0.04,0.12,-0.58,-0.90,-1.07,0.74,2.80,3.10,-15.80,3.68,1.96,0.64,1.18,3.35,-5.48,1.06,0.4622,34.67,-92.57,-2.45,-5.75,1,1,1,1,37.05,130.44,4.17,6037,5774,6466,4785,0.975,0.00,0.00,-35.87,22.67,0.00,0.00
484,54860764,20.00,1,3,10.37,1,1,
1.00,-6.55,54.37,-14.84,0.08,-8.27,3.70,0.00,3.92,6.84,0.44,-0.43,0.00,0.00,0.44,-0.43,0.51,0.44,-0.52,0.62,-0.37,0.16,0.44,-0.85,-0.43,-1.14,2.47,2.80,7.97,-16.52,3.12,2.47,0.65,0.08,5.20,-3.57,0.50,0.3759,30.15,-77.21,0.08,-8.27,1,1,1,1,36.81,130.57,5.35,5870,5815,650
5,4915,0.975,0.00,0.00,-35.95,22.63,0.00,0.00
485,54880765,20.00,1,3,10.38,1,1,1.00,-6.51,54.37,-14.67,0.69,-9.00,3.69,0.00,2.45,8.00,0.61,-0.23,0.00,0.00,0.61,-0.23,0.32,0.44,-0.53,0.72,-0.37,0.20,0.61,-1.03,-0.23,-1.10,2.63,2.80,9.87,-4.57,1.00,1.58,0.66,-1.21,6.11,
5.76,-1.01,-0.0492,7.70,-17.27,0.69,-9.00,1,1,1,0,36.92,130.56,4.70,5464,5759,6290,5465,0.975,0.00,0.00,-36.01,22.60,0.00,0.00
486,54900764,20.00,1,3,10.38,1,1,1.00,-6.45,54.35,-14.49,1.39,-6.49,3.68,0.00,1.60,6.93,0.35,-0.16,0.00,0.00,0.35,-0.16,0.21,0.44,-0.49,0.63,
-0.37,0.09,0.35,-0.98,-0.16,-0.93,0.11,2.24,5.82,7.78,-0.38,0.26,0.66,-1.32,4.97,11.11,-1.44,0.1926,9.44,69.32,1.39,-6.49,1,1,1,1,36.77,130.68,5.37,5215,5924,6203,5697,0.974,0.00,0.00,-36.06,22.58,0.00,0.00
487,54920765,20.00,1,3,10.38,1,1,1.00,-6.39,54.32,-14.36,-0.6
8,-4.00,3.67,0.00,2.67,5.14,0.06,-0.48,0.00,0.00,0.06,-0.48,0.35,0.44,-0.31,0.46,-0.37,-0.04,0.06,-0.73,-0.48,-0.66,-1.71,-0.50,1.10,14.68,-1.25,-1.11,0.66,-0.82,0.08,13.28,-1.43,0.4010,-24.53,61.81,-0.68,-4.00,1,1,1,1,36.94,130.71,4.41,5062,6039,6089,5770,0.9
74,0.00,0.00,-36.09,22.57,0.00,0.00
488,54940767,20.00,1,3,10.39,1,1,1.00,-6.37,54.34,-14.28,-0.83,-2.12,3.66,0.00,3.30,3.32,-0.21,-0.68,0.00,0.00,-0.21,-0.68,0.43,0.44,-0.20,0.30,-0.37,-0.15,-0.21,-0.51,-0.68,-0.46,-2.77,-1.52,-1.82,8.00,0.40,-0.87,0.65,0.63,-2.20,9.
36,-1.12,0.7093,-2.61,19.54,-0.83,-2.12,1,1,1,0,36.81,130.84,4.98,5322,5907,6309,5510,0.974,0.00,0.00,-36.13,22.55,0.00,0.00
489,54960755,19.99,1,3,10.39,1,1,1.00,-6.33,54.35,-14.24,1.64,-4.61,3.66,0.00,1.92,3.91,-0.09,-0.43,0.00,0.00,-0.09,-0.43,0.25,0.44,-0.27,0.35,-
0.37,-0.08,-0.09,-0.47,-0.43,-0.37,-1.07,0.53,0.13,-3.66,1.86,0.23,0.65,1.03,0.33,2.30,-0.24,1.2747,30.23,-69.28,1.64,-4.61,1,1,1,1,36.96,130.83,4.09,5659,5768,6322,5230,0.973,0.00,0.00,-36.16,22.54,0.00,0.00
490,54980768,20.01,1,3,10.39,1,1,1.00,-6.26,54.32,-14.15,3.2
0,-7.08,3.65,0.00,0.27,5.52,0.17,-0.14,0.00,0.00,0.17,-0.14,0.04,0.44,-0.34,0.50,-0.37,0.04,0.17,-0.64,-0.14,-0.38,0.91,2.12,3.88,-13.40,3.19,1.70,0.66,0.92,2.90,-3.40,0.82,0.4774,21.43,-73.87,3.20,-7.08,1,1,1,1,36.73,130.94,5.25,6043,5704,6331,4984,0.973,0.00,0.00,-36
.17,22.53,0.00,0.00
491,55000771,20.00,1,3,10.39,1,1,1.00,-6.19,54.26,-14.01,5.19,-6.99,3.64,0.00,-0.57,5.98,0.23,-0.03,0.00,0.00,0.23,-0.03,-0.07,0.44,-0.34,0.54,-0.37,0.06,0.23,-0.90,-0.03,-0.45,0.98,2.04,5.68,-12.36,2.54,2.04,0.67,-0.10,3.39,-4.02,0.76,0.4192,28.2
6,-5.96,5.19,-6.99,1,1,1,0,36.95,130.93,4.01,5876,5794,6264,5005,0.973,0.00,0.00,-36.17,22.53,0.00,0.00
492,55020756,19.99,1,3,10.39,1,1,1.00,-6.14,54.15,-13.87,5.00,-4.52,3.62,0.00,-1.05,4.70,0.03,0.00,0.00,0.00,0.03,0.00,-0.14,0.44,-0.31,0.42,-0.37,-0.03,0.03,-1
.02,0.00,-0.47,-0.64,1.52,3.65,-3.22,1.00,1.12,0.67,-0.76,3.03,1.31,-0.30,0.1104,2.86,26.60,5.00,-4.52,1,1,1,1,37.02,130.96,3.63,5549,5899,6243,5363,0.973,0.00,0.00,-36.17,22.53,0.00,-0.00
493,55040773,20.02,1,3,10.39,1,1,1.00,-6.10,54.05,-13.77,4.85,-2.06,3.60,0.00,-1
.00,2.73,-0.27,-0.07,0.00,0.00,-0.27,-0.07,-0.13,0.44,-0.24,0.25,-0.37,-0.15,-0.27,-1.03,-0.07,-0.44,-2.22,0.55,0.43,2.45,-0.13,0.15,0.68,-0.96,1.72,4.28,-0.92,0.4036,3.01,28.20,4.85,-2.06,1,1,1,1,37.13,130.94,2.99,5339,5963,6172,5616,0.973,0.00,0.00,-36.17,22.53,0.00,
-0.00
494,55060777,20.00,1,3,10.39,1,1,1.00,-6.05,53.96,-13.73,4.47,-1.90,3.58,0.00,-0.74,1.87,-0.37,-0.17,0.00,0.00,-0.37,-0.17,-0.10,0.44,-0.17,0.17,-0.37,-0.18,-0.37,-0.92,-0.17,-0.29,-2.07,-0.26,-0.32,7.08,-0.53,-0.84,0.67,-0.38,0.14,9
.39,-1.56,0.7173,0.00,0.00,4.4
7,-1.90,1,1,1,0,36.97,131.00,3
.88,5252,5911,6183,5805,0.973,0.00,0.00,-36.17,22.53,0.01,-0.01
495,55080775,20.00,1,3,10.39,1,1,1.00,-5.98,53.87,-13.70,3.41,-1.87,3.58,0.00,-0.02,1
.57,-0.38,-0.35,0.00,0.00,-0.38,-0.35,-0.00,0.44,-0.08,0.14,-0.37,-0.16,-0.38,-0.78,-0.35,-0.11,-1.41,-1.30,-0.13,3.07,0.68,-0.43,0.67,0.46,-2.09,9.60,-1.52,0.7091,-8.92,-1.63,3.41,-1.87,1,1,1,0,37.06,130.99,3.42,5421,5712,6293,5641,0.973,0.00,0.00,-36.17,22.53,0.02,-0.
01
496,55100774,20.00,1,3,10.39,1,1,1.00,-5.92,53.80,-13.66,2.62,-3.21,3.57,0.00,0.00,2.30,-0.24,-0.37,0.00,0.00,-0.24,-0.37,0.00,0.44,-0.06,0.21,-0.37,-0.08,-0.24,-0.76,-0.37,0.04,-0.04,-0.97,1.62,-3.50,1.74,0.42,0.67,0.70,-2.29,4.77,-0.68,0.5595,-6.62,-18.81,2.62,-3.
21,1,1,1,0,37.01,131.06,3.69,5657,5720,6360,5376,0.973,0.00,0.00,-36.17,22.53,0.03,-0.02
497,55120778,20.00,1,3,10.39,1,1,1.00,-5.85,53.75,-13.59,4.04,-3.35,3.56,0.00,0.00,2.59,-0.18,-0.39,0.00,0.00,-0.18,-0.39,0.00,0.44,-0.05,0.23,-0.37,-0.05,-0.18,-0.87,-0.39,0.08,0.
34,-0.70,2.65,-7.26,2.03,1.12,0.68,0.29,-2.18,-2.06,0.33,0.3680,20.68,-5.06,4.04,-3.35,1,1,1,0,36.97,131.13,3.87,5845,5784,6233,5224,0.973,0.00,0.00,-36.17,22.53,0.03,-0.02
498,55140781,20.00,1,3,10.39,1,1,1.00,-5.78,53.67,-13.53,5.94,-4.29,3.56,0.00,-1.35,3.15,-0.09,-
0.12,0.00,0.00,-0.09,-0.12,-0.18,0.44,-0.15,0.28,-0.37,-0.00,-0.09,-0.97,-0.12,-0.00,0.80,1.20,4.19,-4.88,1.41,0.95,0.68,-0.18,0.83,-6.48,0.75,0.1688,28.23,-15.24,5.94,-4.29,1,1,1,0,36.96,131.21,3.92,5774,5960,6131,5203,0.973,0.00,0.00,-36.16,22.53,0.04,-0.02
499,55160
780,20.00,1,3,10.39,1,1,1.00,-5.74,53.55,-13.44,5.72,-1.83,3.55,0.00,-1.64,1.93,-0.27,-0.08,0.00,0.00,-0.27,-0.08,-0.21,0.44,-0.14,0.17,-0.37,-0.08,-0.27,-0.97,-0.08,-0.10,-0.63,0.97,1.71,1.53,0.45,0.33,0.68,-0.56,1.01,-5.96,0.79,0.8272,3.04,30.29,5.72,-1.83,1,1,1,1,37.
17,131.18,2.77,5638,6100,6011,5311,0.973,0.00,0.00,-36.16,22.53,0.05,-0.03
500,55180781,20.00,1,3,10.39,1,1,1.00,-5.67,53.43,-13.40,4.58,0.11,3.55,0.00,-0.96,0.35,-0.50,-0.25,0.00,0.00,-0.50,-0.25,-0.13,0.44,-0.06,0.03,-0.37,-0.16,-0.50,-0.84,-0.25,-0.12,-1.79,-0.40,-0
.70,7.33,-0.59,-0.71,0.68,-0.58,-0.83,3.07,-1.26,0.3411,-8.79,22.84,4.58,0.11,1,1,1,0,37.12,131.21,3.02,5350,5903,6080,5836,0.973,0.00,0.00,-36.16,22.53,0.08,-0.05
501,55200786,20.00,1,3,10.39,1,1,1.00,-5.61,53.34,-13.41,2.12,0.15,3.56,0.00,0.00,0.00,-0.52,-0.46,0.00,0
.00,-0.52,-0.46,0.00,0.44,0.03,0.00,-0.37,-0.15,-0.52,-0.71,-0.46,-0.00,-1.30,-1.55,-0.68,5.52,0.09,-0.78,0.68,0.19,-3.02,8.81,-2.05,0.4912,-31.64,0.73,2.12,0.15,1,1,1,1,37.22,131.18,2.48,5239,5792,6357,5758,0.973,0.00,0.00,-36.16,22.53,0.11,-0.07
502,55220786,20.00,1,3,10.39,1,1,1.00,-5.57,53.30,-
13.41,1.78,-1.64,3.57,0.00,0.56,0.70,-0.38,-0.57,0.00,0.00,-0.38,-0.57,0.07,0.44,0.06,0.06,-0.37,-0.08,-0.38,-0.68,-0.57,0.17,-0.00,-1.69,0.95,-4.31,2.07,0.46,0.68,0.99,-4.25,6.37,-1.23,0.5678,-2.22,-22.72,1.78,-1.64,1,1,1,0,37.11,131.24,3.16,5609,5665,6537,5389,0.972,0.00,0.00,-36.16,22.53,0.12,-0.
08
503,55240787,20.00,1,3,10.39,1,1,1.00,-5.51,53.26,-13.38,1.64,-1.51,3.57,0.00,0.97,0.98,-0.32,-0.65,0.00,0.00,-0.32,-0.65,0.13,0.44,0.08,0.09,-0.37,-0.04,-0.32,-0.79,-0.65,0.21,0.36,-1.54,1.83,-7.26,1.99,1.03,0.68,0.33,-4.77,-2.50,0.31,0.3672,0.00,0.00,1.64,-1.51,1,
1,1,0,37.17,131.26,2.81,5847,5803,6246,5241,0.972,0.00,0.00,-36.15,22.53,0.13,-0.08
504,55260776,19.99,1,3,10.39,1,1,1.00,-5.43,53.23,-13.35,1.64,-1.51,3.57,0.00,1.14,1.10,-0.30,-0.67,0.00,0.00,-0.30,-0.67,0.15,0.44,0.08,0.10,-0.37,-0.03,-0.30,-0.90,-0.67,0.1
0,0.39,-1.12,2.33,-5.96,1.53,0.98,0.68,-0.09,-3.81,-8.47,0.84,0.3489,0.00,0.00,1.64,-1.51,1,0,0,0,37.17,131.26,2.81,5868,5939,6121,5243,0.972,0.00,0.00,-36.15,22.52,0.14,-0.08
505,55280778,20.00,1,3,10.39,1,1,1.00,-5.37,53.20,-13.32,1.71,-2.52,3.57,0.00,1.12,
1.73,-0.20,-0.64,0.00,0.00,-0.20,-0.64,0.15,0.44,0.06,0.16,-0.37,0.02,-0.20,-0.91,-0.64,-0.04,0.88,-0.59,3.33,1.87,0.08,0.06,0.69,-0.66,-2.53,-7.53,0.22,0.2027,2.45,-13.43,1.71,-2.52,1,1,1,0,37.30,131.29,2.08,5545,6099,6063,5466,0.973,0.00,0.00,-36.15,22.52,0.14,-0.09


506,55300787,20.01,1,3,10.39,1,1,1.00,-5.33,53.16,-13.27,3.19,-0.39,3.56,0.00,0.35,0.65,-0.37,-0.47,0.00,0.00,-0.37,-0.47,0.05,0.44,-0.01,0.06,-0.37,-0.05,-0.37,-0.85,-0.47,-0.13,-0.46,0.67,1.09,4.50,0.29,-0.15,0.69,-0.24,-0.42,-5.43,-0.05,1.0627,19.49,22.97,3.19,-0.39
,1,1,1,0,37.31,131.29,2.08,5578,6029,6120,5515,0.973,0.00,0.00,-36.15,22.52,0.14,-0.09
507,55320791,20.00,1,3,10.39,1,1,1.00,-5.28,53.10,-13.26,0.80,2.18,3.57,0.00,1.59,-0.14,-0.48,-0.73,0.00,0.00,-0.48,-0.73,0.21,0.44,0.09,-0.01,-0.37,-0.09,-0.48,-0.73,-0.73,-0.13,-0.
98,-1.15,-0.17,5.62,0.07,-0.57,0.68,-0.04,-3.08,2.83,-1.16,0.4153,-25.78,32.89,0.80,2.18,1,1,1,1,37.08,131.37,3.35,5404,5911,6236,5693,0.973,0.00,0.00,-36.14,22.52,0.17,-0.10
508,55340774,19.98,1,3,10.39,1,1,1.00,-5.25,53.08,-13.30,-1.39,2.20,3.59,0.00,3.39,-0.78,-0.5
6,-1.09,0.00,0.00,-0.56,-1.09,0.44,0.44,0.21,-0.07,-0.37,-0.11,-0.56,-0.69,-1.09,-0.08,-1.12,-2.80,-0.70,0.69,0.92,-0.11,0.68,0.37,-6.88,3.54,-1.28,0.7550,-25.94,2.38,-1.39,2.20,1,1,1,0,37.09,131.37,3.35,5421,5803,6385,5517,0.973,0.00,0.00,-36.14,22.52,0.18,-0.11
509,5
5360796,20.02,1,3,10.39,1,1,1.00,-5.20,53.11,-13.35,-3.93,-0.34,3.59,0.00,5.49,0.00,-0.41,-1.48,0.00,0.00,-0.41,-1.48,0.72,0.44,0.33,0.00,-0.37,-0.04,-0.41,-0.70,-1.48,0.02,0.14,-2.80,1.05,-2.05,1.09,0.17,0.68,0.27,-9.35,4.18,-1.69,0.2678,-38.51,-31.50,-3.93,-0.34,1,1,
1,1,37.01,131.40,3.78,5495,5623,6357,5651,0.973,0.00,0.00,-36.14,22.51,0.18,-0.11
510,55380791,20.00,1,3,10.39,1,1,1.00,-5.11,53.19,-13.34,-3.56,-1.95,3.57,0.00,6.04,1.05,-0.25,-1.53,0.00,0.00,-0.25,-1.53,0.79,0.44,0.31,0.09,-0.37,0.03,-0.25,-0.73,-1.53,0.05,1.12,-2.1
2,2.68,-2.45,1.16,0.44,0.68,0.07,-9.04,-2.99,-0.47,0.3860,0.65,-20.24,-3.56,-1.95,1,1,1,0,37.01,131.40,3.78,5676,5743,6174,5494,0.973,0.00,0.00,-36.13,22.51,0.14,-0.09
511,55400800,20.01,1,3,10.39,1,1,1.00,-5.04,53.26,-13.30,-3.21,-2.83,3.55,0.00,6.00,2.15,-0.08,-1.4
6,0.00,0.00,-0.08,-1.46,0.79,0.44,0.24,0.19,-0.37,0.09,-0.08,-0.74,-1.46,-0.06,1.72,-0.95,3.88,0.02,0.84,0.33,0.69,-0.16,-7.00,-9.55,0.48,0.1661,0.81,-12.89,-3.21,-2.83,1,1,1,0,36.92,131.58,4.23,5691,5979,6074,5344,0.973,0.00,0.00,-36.13,22.51,0.11,-0.07

512,55420792,19.99,1,3,10.39,1,1,1.00,-4.99,53.33,-13.24,-0.70,-3.06,3.54,0.00,4.48,2.60,-0.03,-1.10,0.00,0.00,-0.03,-1.10,0.59,0.44,0.08,0.24,-0.37,0.10,-0.03,-0.71,-1.10,-0.29,1.43,1.61,3.66,2.35,0.60,0.19,0.69,-0.26,-1.33,-13.95,1.12,0.2940,38.38,-5.73,-0.
70,-3.06,1,1,1,1,36.92,131.58,4.23,5718,6098,5959,5263,0.972,0.00,0.00,-36.13,22.51,0.08,-0.05
513,55440796,20.00,1,3,10.39,1,1,1.00,-4.95,53.34,-13.18,1.57,-3.01,3.53,0.00,2.52,2.64,-0.05,-0.68,0.00,0.00,-0.05,-0.68,0.33,0.44,-0.09,0.24,-0.37,0.09,-0.05,-0.67,-0.68,-0
.48,0.83,2.80,2.86,2.11,0.75,0.19,0.69,-0.12,2.18,-12.42,1.02,0.0498,27.69,-2.40,1.57,-3.01,1,1,1,0,37.11,131.58,3.16,5687,6100,6029,5222,0.972,0.00,0.00,-36.13,22.51,0.07,-0.04
514,55460783,19.99,1,3,10.39,1,1,1.00,-4.92,53.31,-13.12,0.22,-2.67,3.52,0.00,2.54,2.51,-0
.09,-0.70,0.00,0.00,-0.09,-0.70,0.33,0.44,-0.07,0.23,-0.37,0.06,-0.09,-0.64,-0.70,-0.60,0.32,1.69,2.10,2.11,0.79,0.09,0.69,0.03,1.38,-8.35,0.96,0.4465,-15.31,1.32,0.22,-2.67,1,1,1,0,37.11,131.58,3.16,5778,6045,6000,5315,0.972,0.00,0.00,-36.13,22.51,0.07,-0.04

515,55480800,20.02,1,3,10.39,1,1,1.00,-4.87,53.30,-13.07,-2.26,-2.44,3.51,0.00,4.02,2.45,-0.11,-1.02,0.00,0.00,-0.11,-1.02,0.53,0.44,0.06,0.22,-0.37,0.04,-0.11,-0.60,-1.02,-0.61,0.08,-0.88,1.64,3.35,0.43,-0.16,0.69,-0.09,-2.17,4.88,-1.82,0.2001,-38.65,0.17,-2.26,-2.44
,1,1,1,1,36.79,131.68,4.85,5332,5759,6351,5699,0.972,0.00,0.00,-36.13,22.51,0.06,-0.04
516,55500798,20.00,1,3,10.39,1,1,1.00,-4.84,53.35,-13.02,-2.10,-2.42,3.50,0.00,4.52,2.40,-0.12,-1.11,0.00,0.00,-0.12,-1.11,0.59,0.44,0.08,0.22,-0.37,0.03,-0.12,-0.55,-1.11,-0.46,-0.
05,-1.14,1.32,2.67,0.62,-0.13,0.69,0.08,-3.28,13.53,-3.07,0.3938,-0.18,-2.12,-2.10,-2.42,1,1,1,0,36.77,131.68,4.85,5172,5502,6475,5820,0.972,0.00,0.00,-36.12,22.51,0.04,-0.03
517,55520800,20.00,1,3,10.39,1,1,1.00,-4.78,53.39,-12.97,-1.95,-3.97,3.50,0.00,4.57,3.30,0.01,
-1.10,0.00,0.00,0.01,-1.10,0.60,0.44,0.07,0.30,-0.37,0.08,0.01,-0.49,-1.10,-0.21,0.76,-0.69,2.35,2.54,0.50,-0.15,0.69,-0.02,-4.18,11.04,-1.85,0.4233,-0.30,-22.03,-1.95,-3.97,1,1,1,0,36.57,131.78,5.79,5346,5645,6264,5703,0.972,0.00,0.00,-36.12,22.51,0.03,-0.02
518,55540
791,19.99,1,3,10.40,1,1,1.00,-4.74,53.43,-12.89,-1.34,-4.04,3.49,0.00,4.22,3.67,0.05,-1.02,0.00,0.00,0.05,-1.02,0.55,0.44,0.03,0.33,-0.37,0.09,0.05,-
0.45,-1.02,-0.10,0.74,0.08,2.32,0.20,1.23,0.27,0.69,0.30,-3.49,0.13,0.13,0.8482,5.79,-4.84,-1.34,-4.04,1,1,1,0,36.38,131.94,6.69,5657,5805,6095,5299,0.972,0.00,0.00,-36.12,22.51,0.02,-0.01
519,55560803,20.01,1,3,10.40,1,1,1.00,-4.69,53.46,-12.81,1.13,-4.67,3.49,0.00,2.
58,4.07,0.09,-0.67,0.00,0.00,0.09,-0.67,0.34,0.44,-0.10,0.37,-0.37,0.10,0.09,-0.42,-0.67,-0.22,0.75,2.17,2.39,-0.11,1.08,0.31,0.69,0.12,0.73,-13.08,2.20,0.5647,45.94,-12.02,1.13,-4.67,1,1,1,1,36.25,132.06,7.21,5881,6076,5782,5014,0.972,0.00,0.00,-36.12,22.51,0.01,-0.00


520,55580806,20.00,1,3,10.41,1,1,1.00,-4.62,53.43,-12.72,3.59,-5.90,3.48,0.00,0.39,4.84,0.19,-0.24,0.00,0.00,0.19,-0.24,0.05,0.44,-0.25,0.44,-0.37,0.13,0.19,-0.42,-0.24,-0.46,1.09,2.80,3.05,-1.18,1.27,0.45,0.69,0.16,3.51,-13.61,1.81,0.2388,51.93,-20.29,3.59,-5.90,1,1,1
,1,36.10,132.23,7.84,5867,5953,5810,5055,0.971,0.00,0.00,-36.12,22.51,0.00,-0.00
521,55600807,20.00,1,3,10.41,1,1,1.00,-4.58,53.36,-12.60,2.67,-5.51,3.47,0.00,0.07,4.96,0.18,-0.22,0.00,0.00,0.18,-0.22,0.01,0.43,-0.22,0.45,-0.37,0.11,0.18,-0.43,-0.22,-0.61,0.67,1.93,2.65,-0.46,
0.98,0.44,0.69,-0.13,3.18,-5.36,0.01,0.0798,-8.09,-0.97,2.67,-5.51,1,1,1,0,36.30,132.24,6.54,5487,5819,6074,5226,0.971,0.00,0.00,-36.12,22.51,0.01,-0.00
522,55620808,20.00,1,3,10.41,1,1,1.00,-4.53,53.31,-12.49,0.21,-4.98,3.46,0.00,1.42,4.82,0.14,-0.54,0.00,0.00,0.14,-0.54,0.1
9,0.43,-0.08,0.43,-0.37,0.08,0.14,-0.41,-0.54,-0.53,0.17,-0.74,1.92,1.11,0.69,0.19,0.69,-0.18,-0.77,9.69,-2.33,0.1729,-44.18,1.19,0.21,-4.98,1,1,1,1,36.13,132.39,7.32,5256,5485,6282,5689,0.970,0.00,0.00,-36.12,22.51,0.00,-0.00
523,55640812,20.00,1,3,10.41,1,1,1.00,-4.
46,53.30,-12.39,0.19,-4.59,3.45,0.00,1.99,4.52,0.08,-0.68,0.00,0.00,0.08,-0.68,0.26,0.43,-0.02,0.41,-0.37,0.04,0.08,-0.34,-0.68,-0.28,-0.26,-1.30,1.09,3.63,0.23,-0.21,0.69,-0.24,-2.57,13.29,-2.47,0.2587,0.00,0.00,0.19,-4.59,1,1,1,0,36.32,132.43,6.09,5160,5498,6211,5752,
0.970,0.00,0.00,-36.12,22.51,0.00,-0.00
524,55660810,20.00,1,3,10.42,1,1,1.00,-4.39,53.30,-12.30,-2.12,-3.68,3.45,0.00,3.64,3.97,-0.02,-1.02,0.00,0.00,-0.02,-1.02,0.48,0.43,0.11,0.36,-0.37,-0.00,-0.02,-0.24,-1.02,-0.05,-0.75,-2.80,-0.03,4.88,0.04,-0.48,0.69,-0.17,-6.7
4,7.59,-1.03,0.3318,-29.22,7.01,-2.12,-3.68,1,1,1,0,36.44,132.48,5.25,5319,5768,6053,5580,0.969,0.00,0.00,-36.12,22.51,0.00,-0.00
525,55680813,20.00,1,3,10.42,1,1,1.00,-4.33,53.34,-12.22,-1.57,-3.42,3.45,0.00,4.00,3.56,-0.08,-1.08,0.00,0.00,-0.08,-1.08,0.52,0.43,0.12,
0.32,-0.37,-0.03,-0.08,-0.16,-1.08,0.00,-0.87,-2.14,-0.60,0.48,1.06,-0.06,0.69,0.47,-6.59,-3.27,0.16,0.3933,4.85,-0.37,-1.57,-3.42,1,1,1,0,36.60,132.49,4.21,5646,5789,6025,5323,0.969,0.00,0.00,-36.17,22.48,0.00,0.00
526,55700816,20.00,1,3,10.42,1,1,1.00,-4.29,53.37,-12
.16,0.88,-5.31,3.45,0.00,2.60,4.40,0.06,-0.76,0.00,0.00,0.06,-0.76,0.34,0.43,-0.01,0.40,-0.37,0.03,0.06,-0.19,-0.76,-0.10,0.26,0.53,1.03,-4.47,1.61,0.49,0.69,0.49,-1.64,-11.13,1.14,0.2532,45.18,-27.54,0.88,-5.31,1,1,1,1,36.54,132.58,4.39,5827,5908,6033,5100,0.
969,0.00,0.00,-36.22,22.44,0.00,0.00
527,55720802,19.99,1,3,10.42,1,1,1.00,-4.25,53.36,-12.05,3.34,-7.50,3.44,0.00,0.49,5.93,0.29,-0.32,0.00,0.00,0.29,-0.32,0.06,0.43,-0.17,0.54,-0.37,0.12,0.29,-0.25,-0.32,-0.26,1.61,2.80,3.33,-7.59,2.10,1.08,0.69,0.39,2.60,-15.89,2.16
,0.9220,40.36,-33.19,3.34,-7.50,1,1,1,1,36.50,132.64,4.50,6055,5935,5919,4929,0.968,0.00,0.00,-36.26,22.42,0.00,0.00
528,55740820,20.02,1,3,10.42,1,1,1.00,-4.19,53.29,-11.90,4.84,-7.25,3.42,0.00,-0.23,6.33,0.32,-0.21,0.00,0.00,0.32,-0.21,-0.03,0.43,-0.19,0.57,-0.37,0.12,0.32,-0
.36,-0.21,-0.47,1.23,2.52,3.52,-3.39,0.89,0.84,0.70,-0.62,3.36,-5.33,-0.29,0.3214,22.50,-4.22,4.84,-7.25,1,1,1,0,36.48,132.64,4.47,5583,5749,6060,5424,0.969,0.00,0.00,-36.28,22.41,0.00,0.00
529,55760818,20.00,1,3,10.42,1,1,1.00,-4.14,53.19,-11.75,2.39,-6.67,3.40,0.00,
0.00,6.26,0.29,-0.30,0.00,0.00,0.29,-0.30,0.00,0.43,-0.14,0.57,-0.37,0.09,0.29,-0.33,-0.30,-0.44,0.58,1.11,2.59,4.52,-0.10,-0.13,0.70,-0.68,1.56,7.31,-1.72,0.1116,-33.01,0.05,2.39,-6.67,1,1,1,1,36.73,132.57,3.07,5256,5693,6121,5738,0.968,0.00,0.00,-36.28,22.41,0.00,-0.
00
530,55780812,19.99,1,3,10.42,1,1,1.00,-4.09,53.15,-11.62,2.39,-6.67,3.39,0.00,0.00,6.23,0.26,-0.32,0.00,0.00,0.26,-0.32,0.00,0.43,-0.11,0.56,-0.37,0.07,0.26,-0.24,-0.32,-0.29,0.23,0.56,1.85,6.51,-0.06,-0.49,0.70,-0.26,0.44,12.77,-2.34,0.6760,0.00,0.00,2.39,-6.67,1,
0,0,0,36.59,132.64,3.87,5261,5592,6195,5893,0.968,0.00,0.00,-36.30,22.40,0.00,0.00
531,55800819,20.01,1,3,10.42,1,1,1.00,-4.02,53.10,-11.49,-0.24,-5.95,3.37,0.00,1.48,5.90,0.20,-0.65,0.00,0.00,0.20,-0.65,0.19,0.43,0.03,0.53,-0.37,0.04,0.20,-0.08,-0.65,-0.00,-0.25,-1.6
5,0.62,7.51,-0.05,-0.71,0.70,-0.04,-3.79,12.14,-1.59,0.2845,-102.27,1.98,-0.24,-5.95,1,1,1,1,36.74,132.59,3.03,5306,5707,6112,5739,0.968,0.00,0.00,-36.33,22.38,0.00,0.00
532,55820823,20.00,1,3,10.42,1,1,1.00,-3.95,53.10,-11.37,-2.17,-5.54,3.36,0.00,3.31,5.59,0.14,-1.03,0.0
0,0.00,0.14,-1.03,0.43,0.43,0.16,0.51,-0.37,0.01,0.14,0.04,-1.03,0.17,-0.49,-2.80,-0.15,1.76,1.09,-0.14,0.69,0.57,-7.82,3.53,-0.50,0.3343,-23.39,-1.05,-2.17,-5.54,1,1,1,0,36.75,132.63,2.95,5622,5717,6137,5468,0.968,0.00,0.00,-36.38,22.34,0.00,0.00
533,55840825,20.00,1
,3,10.42,1,1,1.00,-3.90,53.15,-11.26,-0.41,-7.61,3.35,0.00,2.96,6.61,0.31,-0.92,0.00,0.00,0.31,-0.92,0.39,0.43,0.10,0.60,-0.37,0.07,0.31,-0.00,-0.92,0.15,0.73,-1.18,1.75,-5.96,2.00,0.73,0.70,0.64,-5.57,-6.83,0.43,0.4336,19.07,-30.70,-0.41,-7.61,1,1,1,0,36.64,132.72,3.58
,5851,5739,6152,5209,0.969,0.00,0.00,-36.46,22.29,0.00,0.00
534,55860827,20.00,1,3,10.42,1,1,1.00,-3.83,53.15,-11.11,2.14,-10.17,3.34,0.00,1.22,8.42,0.65,-0.54,0.00,0.00,0.65,-0.54,0.16,0.43,-0.05,0.76,-0.37,0.17,0.65,-0.10,-0.54,-0.02,2.52,1.58,5.11,-4.55,1.36,0.79,0
.70,-0.09,-0.09,-10.77,0.86,0.2893,101.46,-101.10,2.14,-10.17,1,1,1,1,36.81,132.70,2.61,5831,5842,5974,5243,0.969,0.00,0.00,-36.54,22.24,0.00,0.00
535,55880811,19.98,1,3,10.42,1,1,1.00,-3.79,53.11,-10.90,1.83,-11.43,3.32,0.00,0.63,9.90,0.88,-0.43,0.00,0.00,0.88,-0.43,0
.08,0.43,-0.09,0.89,-0.37,0.23,0.88,-0.15,-0.43,-0.19,2.80,1.73,7.03,-2.56,1.45,0.97,0.70,-0.17,0.96,-10.68,1.26,0.1156,-1.70,-25.61,1.83,-11.43,1,1,1,0,36.91,132.69,2.09,5881,5942,5992,5167,0.969,0.00,0.00,-36.60,22.19,0.00,0.00
536,55900825,20.01,1,3,10.42,1,1,1.00,-
3.74,53.07,-10.67,0.89,-8.90,3.29,0.00,1.00,9.09,0.64,-0.52,0.00,0.00,0.64,-0.52,0.13,0.43,-0.04,0.82,-0.37,0.13,0.64,-0.16,-0.52,-0.32,0.33,0.54,3.23,0.78,1.02,0.79,0.71,-0.44,-0.12,-4.50,-0.31,0.5479,-9.74,24.58,0.89,-8.90,1,1,1,1,37.07,132.61,1.23,5688,5745,6097,5502
,0.969,0.00,0.00,-36.69,22.14,0.00,0.00
537,55920826,20.00,1,3,10.42,1,1,1.00,-3.66,53.06,-10.50,-1.62,-8.23,3.28,0.00,2.63,8.45,0.50,-0.87,0.00,0.00,0.50,-0.87,0.34,0.43,0.09,0.76,-0.37,0.07,0.50,-0.07,-0.87,-0.26,-0.64,-1.77,1.17,7.78,-0.57,-0.57,0.71,-0.72,-3.72,6.
73,-1.94,0.2023,-40.72,-0.55,-1.62,-8.23,1,1,1,1,36.97,132.60,1.80,5297,5748,6110,5961,0.969,0.00,0.00,-36.76,22.09,0.00,0.00
538,55940817,19.99,1,3,10.41,1,1,1.00,-3.62,53.09,-10.33,-4.12,-7.45,3.26,0.00,4.77,7.82,0.37,-1.30,0.00,0.00,0.37,-1.30,0.63,0.43,0.24,0.71,-
0.37,0.01,0.37,0.04,-1.30,-0.17,-1.21,-2.80,-0.16,9.20,-0.49,-1.01,0.70,-0.20,-7.48,7.07,-1.80,0.6960,-49.89,1.53,-4.12,-7.45,1,1,1,1,37.20,132.47,0.57,5267,5791,6136,5873,0.969,0.00,0.00,-36.86,22.02,0.00,0.00
539,55960831,20.01,1,3,10.41,1,1,1.00,-3.57,53.17,-10.18,
-6.54,-5.78,3.25,0.00,7.13,6.68,0.17,-1.74,0.00,0.00,0.17,-1.74,0.93,0.43,0.37,0.60,-0.37,-0.06,0.17,0.16,-1.74,-0.06,-2.00,-2.80,-1.97,5.05,0.32,-0.66,0.70,0.29,-10.18,4.35,-1.65,0.6110,-34.35,13.43,-6.54,-5.78,1,1,1,0,36.83,132.55,2.70,5450,5709,6230,5800,0.969,0.00,0.00,-36.98,21.92,0.00,0.00
540,55980833,20.00,1,3,10.41,1,1
,1.00,-3.51,53.30,-10.07,-4.55,-8.27,3.25,0.00,6.90,7.54,0.36,-1.62,0.00,0.00,0.36,-1.62,0.90,0.43,0.28,0.68,-0.37,0.01,0.36,0.22,-1.62,-0.04,-0.13,-1.08,0.31,-1.68,1.34,-0.04,0.70,0.72,-7.98,-4.35,-0.26,0.2878,18.46,-56.38,-4.55,-8.27,1,1,1,1,37.03,132.47,1.64,5706,572
3,6144,5420,0.970,0.00,0.00,-37.12,21.82,0.00,0.00
541,56000837,20.00,1,3,10.41,1,1,1.00,-3.44,53.39,-9.90,-4.20,-10.34,3.24,0.00,6.54,9.08,0.66,-1.48,0.00,0.00,0.66,-1.48,0.86,0.43,0.20,0.82,-0.37,0.10,0.66,0.15,-1.48,-0.21,1.72,0.11,3.35,-6.75,2.17,0.89,0.70,0.65,-5.
31,-13.12,1.32,0.2787,-0.16,-34.36,-4.20,-10.34,1,1,1,0,36.99,132.51,1.85,6072,5823,6049,5151,0.970,0.00,0.00,-37.26,21.72,0.00,0.00
542,56020822,19.99,1,3,10.41,1,1,1.00,-3.38,53.48,-9.69,-1.72,-12.82,3.23,0.00,4.88,11.05,1.01,-1.10,0.00,0.00,1.01,-1.10,0.64,0.43,0.03,1.00
,-0.37,0.21,1.01,0.02,-1.10,-0.47,2.80,2.42,6.79,-6.90,1.99,1.29,0.71,0.06,0.36,-15.62,1.38,0.2358,29.60,-43.08,-1.72,-12.82,1,1,1,1,37.27,132.42,0.37,6046,5857,6019,5155,0.970,0.00,0.00,-37.41,21.61,0.00,0.00
543,56040835,20.01,1,3,10.41,1,1,1.00,-3.32,53.51,-9.44,0.71,-12.11,3.21,0.00,2.81,11.41,1.00,-0.66,0.00,0.00,1.00,-0.66,0.37,0.43,-0.14,1.03,-0.37,0.19,1.00,-0.05,-0.66
,-0.71,1.75,2.80,6.06,-0.70,1.04,0.94,0.71,-0.58,2.96,-8.83,0.40,0.0201,29.01,-3.87,0.71,-12.11,1,1,1,0,37.24,132.41,0.58,5791,5927,6095,5409,0.970,0.00,0.00,-37.56,21.50,0.00,0.00
544,56060836,20.00,1,3,10.41,1,1,1.00,-3.28,53.50,-9.20,-1.44,-9.64,3.18,0.00,3.20,10.2
3,0.71,-0.77,0.00,0.00,0.71,-0.77,0.42,0.43,-0.08,0.92,-0.37,0.08,0.71,-0.01,-0.77,-0.78,-
0.62,1.16,1.85,4.29,0.39,0.22,0.71,-0.54,1.18,-2.82,0.00,0.7047,-26.54,25.95,-1.44,-9.64,1,1,1,1,37.37,132.33,-0.13,5702,5902,6003,5599,0.970,0.00,0.00,-37.67,21.42,0.00,0.00
545,56080838,20.00,1,3,10.40,1,1,1.00,-3.22,53.53,-9.00,-3.91,-8.87,3.17,0.00,4.77,9.37,0.54,
-1.11,0.00,0.00,0.54,-1.11,0.62,0.43,0.06,0.85,-0.37,0.01,0.54,0.09,-1.11,-0.72,-1.42,-1.34,0.02,9.00,-0.94,-0.90,0.71,-0.78,-2.61,8.89,-2.48,0.2794,-43.54,0.07,-3.91,-8.87,1,1,1,1,37.20,132.32,0.90,5219,5766,6173,6120,0.970,0.00,0.00,-37.78,21.33,0.00,0.00
546,5610082
7,19.99,1,3,10.40,1,1,1.00,-3.16,53.61,-8.83,-6.37,-6.41,3.15,0.00,6.91,7.68,0.22,-1.55,0.00,0.00,0.22,-1.55,0.90,0.43,0.21,0.69,-0.37,-0.10,0.22,0.29,-1.55,-0.50,-2.80,-2.80,-3.01,9.90,-0.62,-1.24,0.71,-0.10,-7.08,11.35,-2.36,0.3383,-63.44,23.37,-6.37,-6.41,
1,1,1,1,37.34,132.23,0.23,5229,5743,6202,6014,0.971,0.00,0.00,-37.91,21.22,0.00,0.00
547,56120840,20.01,1,3,10.40,1,1,1.00,-3.11,53.73,-8.70,-5.77,-6.40,3.15,0.00,7.52,6.91,0.12,-1.63,0.00,0.00,0.12,-1.63,0.98,0.43,0.22,0.62,-0.37,-0.13,0.12,0.40,-1.63,-0.33,-2.42,-2.3
4,-3.30,0.98,0.92,-0.50,0.70,0.75,-7.90,3.26,-0.97,0.5820,1.24,-6.26,-5.77,-6.40,1,1,1,0,37.26,132.24,0.71,5630,5743,6242,5644,0.971,0.00,0.00,-38.05,21.11,0.00,0.00
548,56140842,20.00,1,3,10.40,1,1,1.00,-3.07,53.85,-8.57,-3.74,-7.88,3.15,0.00,6.61,7.33,0.25,-1.40,0.00
,0.00,0.25,-1.40,0.87,0.43,0.10,0.66,-0.37,-0.08,0.25,0.36,-1.40,-0.35,-0.82,-0.10,-1.18,-8.06,2.23,0.60,0.70,1.00,-4.40,-9.28,1.18,0.4254,20.03,-25.16,-3.74,-7.88,1,1,1,0,37.25,132.24,0.81,6059,5862,6139,5157,0.971,0.00,0.00,-38.18,21.01,0.00,0.00
549,56160843,20.00,
1,3,10.39,1,1,1.00,-3.03,53.92,-8.41,-3.64,-10.33,3.14,0.00,6.07,8.87,0.57,-1.27,0.00,0.00,0.57,-1.27,0.80,0.43,0.04,0.80,-0.37,0.04,0.57,0.21,-1.27,-0.53,1.46,0.74,2.63,-13.30,2.71,1.52,0.71,0.55,-1.79,-16.65,2.13,0.6419,-2.45,-46.28,-3.64,-10.33,1,1,1,1,37.1
9,132.24,1.20,6271,5899,6051,4993,0.972,0.00,0.00,-38.31,20.91,0.00,0.00
550,56180845,20.00,1,3,10.40,1,1,1.00,-2.98,54.00,-8.21,-3.50,-12.23,3.12,0.00,5.70,10.60,0.89,-1.18,0.00,0.00,0.89,-1.18,0.75,0.43,0.00,0.96,-0.37,0.14,0.89,0.05,-1.18,-0.75,2.80,1.01,5.90,-9.3
1,1.81,1.50,0.71,-0.35,-0.36,-14.40,1.21,0.6931,-1.80,-34.48,-3.50,-12.23,1,1,1,0,37.42,132.09,-0.01,6048,5862,6021,5249,0.972,0.00,0.00,-38.45,20.79,0.00,0.00
551,56200844,20.00,1,3,10.40,1,1,1.00,-2.93,54.07,-7.96,-5.95,-9.78,3.11,0.00,6.95,10.07,0.71,-1.44,0.00,0.0
0,0.71,-1.44,0.91,0.43,0.10,0.91,-0.37,0.08,0.71,0.03,-1.44,-0.85,0.73,-0.93,2.98,5.45,-0.54,0.06,0.72,-1.33,-2.82,1.23,-1.70,-0.0516,-51.25,80.94,-5.95,-9.78,1,1,1,1,37.05,132.18,2.11,5361,5841,6147,5953,0.972,0.00,0.00,-38.61,20.66,0.00,0.00
552,56220844,20.00,1,3,
10.40,1,1,1.00,-2.87,54.18,-7.77,-8.19,-7.32,3.10,0.00,8.80,8.54,0.39,-1.83,0.00,0.00,0.39,-1.83,1.15,0.43,0.22,0.77,-0.37,-0.04,0.39,0.20,-1.83,-0.76,-1.48,-2.80,-0.86,12.95,-1.27,-1.25
,0.71,-0.76,-7.20,7.90,-2.29,0.2341,-34.51,58.58,-8.19,-7.32,1,1,1,1,37.33,132.07,0.56,5162,5786,6056,6101,0.972,0.00,0.00,-38.78,20.52,0.00,0.00
553,56240852,20.01,1,3,10.39,1,1,1.00,-2.80,54.35,-7.62,-10.65,-6.82,3.10,0.00,11.01,7.64,0.25,-2.32,0.00,0.00,0.25,-2.32,1
.44,0.43,0.35,0.69,-0.37,-0.09,0.25,0.48,-2.32,-0.54,-1.84,-2.80,-2.60,12.88,-1.03,-1.73,0.71,-0.04,-10.71,9.75,-2.62,0.3597,-47.76,-0.90,-10.65,-6.82,1,1,1,1,37.24,132.08,1.12,5199,5738,6157,6163,0.972,0.00,0.00,-38.95,20.38,0.00,0.00
554,56260849,20.00,1,3,10.39,1,1,
1.00,-2.75,54.56,-7.48,-11.81,-5.60,3.10,0.00,12.68,6.59,0.09,-2.64,0.00,0.00,0.09,-2.64,1.66,0.43,0.41,0.59,-0.37,-0.13,0.09,0.67,-2.64,-0.42,-2.14,-2.80,-4.00,4.15,0.73,-0.85,0.70,0.90,-12.85,-0.91,-0.62,0.2448,-25.46,8.65,-11.81,-5.60,1,1,1,0,37.46,131.99,-0.07,5599,
5843,6200,5569,0.972,0.00,0.00,-39.14,20.22,0.00,0.00
555,56280852,20.00,1,3,10.39,1,1,1.00,-2.69,54.80,-7.37,-10.82,-6.58,3.11,0.00,12.87,6.62,0.13,-2.57,0.00,0.00,0.13,-2.57,1.69,0.43,0.34,0.60,-0.37,-0.11,0.13,0.64,-2.57,-0.55,-1.18,-1.38,-2.81,-7.45,2.21,0.43,0.70,
1.14,-10.44,-13.04,0.80,0.3547,0.82,-18.11,-10.82,-6.58,1,1,1,0,37.22,132.10,1.34,6129,5745,6117,5335,0.972,0.00,0.00,-39.34,20.06,0.00,0.00
556,56300846,19.99,1,3,10.39,1,1,1.00,-2.63,55.01,-7.24,-10.82,-6.58,3.11,0.00,12.96,6.63,0.15,-2.52,0.00,0.00,0.15,-2.52,1.70,
0.44,0.28,0.60,-0.37,-0.08,0.15,0.49,-2.52,-0.80,-0.63,-0.60,-1.70,-13.91,2.88,1.40,0.70,0.86,-8.21,-21.13,2.04,0.3948,0.00,0.00,-10.82,-6.58,1,0,0,0,37.40,132.04,0.37,6288,5847,6070,4991,0.973,0.00,0.00,-39.53,19.90,0.00,0.00
557,56320854,20.01,1,3,10.39,1,1,1.00,-2.
60,55.23,-7.11,-8.19,-6.90,3.12,0.00,11.55,6.74,0.19,-2.09,0.00,0.00,0.19,-2.09,1.51,0.44,0.11,0.61,-0.37,-0.06,0.19,0.25,-2.09,-1.18,-0.17,2.23,-0.36,-7.62,0.69,0.74,0.71,-0.75,-1.34,-16.67,0.37,-0.3199,143.50,-10.29,-8.19,-6.90,1,1,1,1,37.30,132.06,0.96,5744,5999,608
3,5466,0.973,0.00,0.00,-39.73,19.74,0.00,0.00
558,56340853,20.00,1,3,10.39,1,1,1.00,-2.54,55.39,-6.97,-9.37,-4.30,3.12,0.00,11.64,5.37,-0.02,-2.12,0.00,0.00,-0.02,-2.12,1.52,0.44,0.10,0.49,-0.37,-0.13,-0.02,0.21,-2.12,-1.39,-1.37,1.24,-2.08,3.01,-0.72,-0.42,0.71,-1.03,-1.27,-7.05,-0.18,0.0380,-22.3
4,64.72,-9.37,-4.30,1,1,1,1,37.61,131.93,-0.69,5560,6012,5870,5798,0.973,0.00,0.00,-39.89,19.61,0.00,0.00
559,56360855,20.00,1,3,10.38,1,1,1.00,-2.46,55.58,-6.88,-11.95,-1.72,3.12,0.00,13.17,3.39,-0.29,-2.51,0.00,0.00,-0.29,-2.51,1.73,0.44,0.20,0.31,-0.37,-0.23,-0.29,
0.32,-2.51,-1.42,-2.59,-1.53,-4.58,5.76,-0.51,-0.99,0.71,-0.25,-6.01,2.38,-1.59,0.2907,-70.99,101.16,-11.95,-1.72,1,1,1,1,37.62,131.89,-0.68,5490,5791,6076,6047,0.973,0.00,0.00,-40.05,19.48,0.00,0.00
560,56380855,20.00,1,3,10.38,1,1,1.00,-2.41,55.82,-6.85,-13.80,0.84,3
.14,0.00,14.96,1.12,-0.60,-2.90,0.00,0.00,-0.60,-2.90,1.96,0.44,0.30,0.10,-0.37,-0.33,-0.60,0.37,-2.90,-1.36,-2.80,-2.80,-6.71,0.55,0.53,-0.65,0.70,0.49,-9.49,3.67,-1.84,0.7292,-34.55,30.65,-13.80,0.84,1,1,1,1,37.67,131.83,-0.86,5504,5714,6341,5851,0.973,0.00,0.00,-40.2
1,19.35,0.00,0.00
561,56400848,19.99,1,3,10.38,1,1,1.00,-2.39,56.10,-6.87,-16.01,0.91,3.16,0.00,17.02,0.12,-0.68,-3.33,0.00,0.00,-0.68,-3.33,2.23,0.44,0.39,0.01,-0.37,-0.33,-0.68,0.36,-3.33,-1.30,-2.36,-2.80,-6.64,-3.99,0.78,-0.34,0.70,0.44,-11.99,1.46,-1.52,0.4835,-41.04,1.71,-16.01,0.91,1,1,1,0,
37.51,131.82,0.15,5567,5749,6357,5763,0.974,0.00,0.00,-40.37,19.22,0.00,0.00
562,56420859,20.01,1,3,10.38,1,1,1.00,-2.35,56.42,-6.88,-13.49,0.60,3.19,0.00,16.52,0.00,-0.64,-3.08,0.00,0.00,-0.64,-3.08,2.16,0.44,0.28,0.00,-0.37,-0.27,-0.64,0.23,-3.08,-1.35,-1.24,-0.2
4,-4.51,-11.33,1.76,0.59,0.70,0.52,-7.87,-9.10,0.15,0.6213,27.99,-2.88,-13.49,0.60,1,1,1,1,37.39,131.82,0.83,5962,5752,6178,5457,0.974,0.00,0.00,-40.56,19.08,0.00,0.00
563,56440861,20.00,1,3,10.38,1,1,1.00,-2.29,56.69,-6.90,-10.97,-0.52,3.21,0.00,14.86,0.21,-0.55,-2.60
,0.00,0.00,-0.55,-2.60,1.95,0.44,0.09,0.02,-0.37,-0.20,-0.55,0.05,-2.60,-1.56,-0.28,2.76,-2.20,-10.46,1.23,0.75,0.70,-0.19,-1.52,-15.86,1.46,0.2654,86.92,-13.37,-10.97,-0.52,1,1,1,1,37.20,131.86,1.96,6073,5958,5897,5362,0.975,0.00,0.00,-40.73,18.95,0.00,0.00
564,56460
863,20.00,1,3,10.38,1,1,1.00,-2.22,56.91,-6.89,-9.90,0.72,3.22,0.00,13.57,0.00,-0.54,-2.28,0.00,0.00,-0.54,-2.28,1.78,0.44,-0.02,0.00,-0.37,-0.17,-0.54,-0.05,-2.28,-1.83,-0.14,2.80,-1.73,-1.34,-0.19,-0.11,0.71,-0.79,1.35,-13.78,1.36,0.2268,2.40,14.93,-9.90,0.72,1,1,1,0,
37.41,131.78,0.81,5794,6160,5749,5483,0.974,0.00,0.00,-40.87,18.84,0.00,0.00
565,56480862,20.00,1,3,10.38,1,1,1.00,-2.17,57.10,-6.90,-8.13,3.21,3.24,0.00,12.06,-0.95,-0.65,-1.93,0.00,0.00,-0.65,-1.93,1.58,0.44,-0.14,-0.09,-0.37,-0.20,-0.65,-0.02,-1.93,-2.00,-0.77,2.80,
-2.84,1.47,0.06,-0.40,0.70,-0.24,3.04,-4.99,-0.16,0.2149,12.22,55.11,-8.13,3.21,1,1,1,1,37.23,131.86,1.85,5692,5917,5973,5718,0.974,0.00,0.00,-41.00,18.75,0.00,0.00
566,56500865,20.00,1,3,10.38,1,1,1.00,-2.10,57.27,-6.96,-10.46,4.95,3.26,0.00,12.80,-2.65,-0.88,-2.18,0
.00,0.00,-0.88,-2.18,1.68,0.44,-0.05,-0.24,-0.37,-0.27,-0.88,0.02,-2.18,-1.99,-1.86,0.27,-5.31,0.57,0.36,-0.43,0.70,0.10,-0.33,3.22,-0.86,0.3896,-37.38,25.06,-10.46,4.95,1,1,1,0,37.46,131.79,0.63,5624,5749,6073,5757,0.974,0.00,0.00,-41.07,18.70,0.00,0.00
567,56520868,
20.00,1,3,10.38,1,1,1.00,-2.04,57.48,-7.06,-11.80,4.64,3.28,0.00,13.90,-3.18,-0.90,-2.46,0.00,0.00,-0.90,-2.46,1.82,0.44,0.04,-0.29,-0.37,-0.25,-0.90,0.02,-2.46,-1.88,-1.38,-1.52,-4.99,-3.08,0.70,-0.28,0.70,0.29,-3.37,7.00,-1.74,0.5457,-27.23,0.97,-11.80,4.64,1,1,1,0,37.52,131.75,0.32,5557,5645,6288
,5832,0.974,0.00,0.00,-41.16,18.63,0.00,0.00
568,56540867,20.00,1,3,10.38,1,1,1.00,-1.99,57.71,-7.16,-10.85,4.61,3.30,0.00,13.82,-3.42,-0.89,-2.40,0.00,0.00,-0.89,-2.40,1.81,0.44,0.03,-0.31,-0.37,-0.21,-0.89,-0.05,-2.40,-1.70,-0.82,-0.68,-3.99,-4.74,0.82,-0.03,0.70,0.
18,-3.04,6.81,-1.58,0.2856,0.15,4.36,-10.85,4.61,1,1,1,0,37.56,131.72,0.17,5575,5687,6321,5774,0.974,0.00,0.00,-41.28,18.55,0.00,0.00
569,56560866,20.00,1,3,10.37,1,1,1.00,-1.95,57.93,-7.25,-9.74,3.97,3.33,0.00,13.15,-3.17,-0.81,-2.23,0.00,0.00,-0.81,-2.23,1.72,0.45,-0.03,-0.29,-0.37,-0.15,-0.81,-0.13,-2.23,-1.61,-0.05,0.65,-
2.35,-5.88,1.10,0.24,0.70,0.19,-1.35,0.02,-0.02,0.5174,3.09,-3.56,-9.74,3.97,1,1,1,0,37.34,131.81,1.41,5830,5854,6150,5544,0.975,0.00,0.00,-41.38,18.48,0.00,0.00
570,56580868,20.00,1,3,10.37,1,1,1.00,-1.92,58.12,-7.33,-7.35,3.43,3.35,0.00,11.47,-2.81,-0.73,-1.81,0.00,0
.00,-0.73,-1.81,1.50,0.45,-0.15,-0.25,-0.37,-0.10,-0.73,-0.19,-1.81,-1.62,0.50,2.80,-1.21,-6.54,1.42,0.53,0.70,0.22,2.19,-6.23,1.12,0.7793,20.53,-2.81,-7.35,3.43,1,1,1,0,37.51,131.74,0.54,6006,5920,5999,5338,0.975,0.00,0.00,-41.48,18.42,0.00,0.00
571,56600871,20.00,1
,3,10.37,1,1,1.00,-1.88,58.27,-7.40,-6.75,3.84,3.36,0.00,10.44,-2.91,-0.72,-1.61,0.00,0.00,-0.72,-1.61,1.37,0.45,-0.20,-0.26,-0.37,-0.09,-0.72,-0.28,-1.61,-1.74,0.34,2.80,-1.06,-4.14,0.57,0.37,0.71,-0.49,3.22,-8.70,1.33,0.8084,0.28,8.61,-6.75,3.84,1,1,1,0,37.28,131.78,1
.86,5936,6090,5889,5435,0.975,0.00,0.00,-41.55,18.37,0.00,0.00
572,56620870,20.00,1,3,10.38,1,1,1.00,-1.82,58.41,-7.47,-5.80,5.42,3.38,0.00,9.49,-3.91,-0.86,-1.46,0.00,0.00,-0.86,-1.46,1.24,0.45,-0.23,-0.35,-0.37,-0.13,-0.86,-0.25,-1.46,-1.78,-0.61,2.78,-2.59,3.75,-0.53,-0.6
0,0.70,-0.64,3.82,1.59,-0.86,0.2772,5.32,23.85,-5.80,5.42,1,1,1,0,37.53,131.65,0.54,5516,5872,5959,5882,0.975,0.00,0.00,-41.61,18.33,0.00,0.00
573,56640871,20.00,1,3,10.37,1,1,1.00,-1.76,58.52,-7.58,-7.79,6.84,3.39,0.00,10.30,-5.13,-1.02,-1.70,0.00,0.00,-1.02,-1.70,1.
35,0.45,-0.12,-0.46,-0.37,-0.18,-1.02,-0.15,-1.70,-1.66,-1.39,0.30,-4.73,3.62,-0.07,-0.78,0.70,0.01,0.15,8.28,-1.43,0.5023,-31.10,23.46,-7.79,6.84,1,1,1,0,37.49,131.66,0.80,5517,5786,6144,5912,0.975,0.00,0.00,-41.64,18.31,0.00,0.00
574,56660875,20.00,1,3,10.37,1,1,1.00
,-1.71,58.68,-7.72,-10.25,7.38,3.41,0.00,12.11,-5.91,-1.11,-2.18,0.00,0.00,-1.11,-2.18,1.59,0.45,0.04,-0.53,-0.38,-0.20,-1.11,-0.10,-2.18,-1.44,-1.43,-2.72,-5.53,-1.51,0.69,-0.40,0.70,0.41,-5.28,9.62,-1.67,0.5595,-43.42,13.69,-10.25,7.38,1,1,1,1,37.42,131.70,
1.22,5551,5678,6300,5810,0.975,0.00,0.00,-41.69,18.28,0.00,0.00
575,56680876,20.00,1,3,10.37,1,1,1.00,-1.67,58.88,-7.87,-10.30,7.28,3.44,0.00,12.90,-6.18,-1.11,-2.34,0.00,0.00,-1.11,-2.34,1.69,0.45,0.09,-0.56,-0.38,-0.17,-1.11,-0.15,-2.34,-1.27,-0.94,-2.73,-4.78,-4.82,
0.85,-0.09,0.70,0.26,-7.13,4.12,-1.11,0.3557,-10.89,6.12,-10.30,7.28,1,1,1,0,37.27,131.79,2.09,5638,5720,6237,5708,0.975,0.00,0.00,-41.78,18.23,0.00,0.00
576,56700877,20.00,1,3,10.37,1,1,1.00,-1.62,59.09,-8.01,-8.23,6.31,3.46,0.00,11.98,-5.76,-1.01,-2.07,0.00,0.00,-1.0
1,-2.07,1.57,0.45,0.00,-0.52,-0.38,-0.11,-1.01,-0.24,-2.07,-1.23,-0.00,-0.12,-2.70,-6.12,1.01,0.17,0.70,0.17,-3.19,-3.43,-0.09,0.2495,15.99,-5.09,-8.23,6.31,1,1,1,0,37.36,131.80,1.57,5838,5748,6040,5595,0.975,0.00,0.00,-41.87,18.18,0.00,0.00
577,56720877,20.00,1,3,10.
37,1,1,1.00,-1.56,59.25,-8.14,-7.45,5.68,3.48,0.00,11.15,-5.23,-0.91,-1.87,0.00,0.00,-0.91,-1.87,1.46,0.45,-0.06,-0.47,-0.38,-0.06,-0.91,-0.33,-1.87,-1.34,0.63,1.14,-1.22,-4.12,0.68,0.18,0.70,-0.19,-0.53,-9.39,1.17,0.2833,1.68,-1.70,-7.45,5.68,1,1,1,0,37.44,131.81,1.16
,5914,6031,5901,5427,0.975,0.00,0.00,-41.93,18.14,0.00,0.00
578,56740883,20.01,1,3,10.37,1,1,1.00,-1.52,59.40,-8.25,-5.00,6.51,3.50,0.00,9.37,-5.55,-0.95,-1.49,0.00,0.00,-0.95,-1.49,1.23,0.45,-0.19,-0.50,-0.38,-0.07,-0.95,-0.37,-1.49,-1.50,0.17,2.80,-1.66,-3.34,0.95,0.
27,0.70,0.01,2.84,-9.73,1.01,0.3839,30.13,16.22,-5.00,6.51,1,1,1,1,37.57,131.77,0.48,5907,6016,6001,5390,0.975,0.00,0.00,-42.00,18.10,0.00,0.00
579,56760868,19.99,1,3,10.37,1,1,1.00,-1.50,59.50,-8.38,-4.59,6.54,3.51,0.00,8.41,-5.71,-0.96,-1.33,0.00,0.00,-0.96,-1.33,1.
10,0.45,-0.22,-0.52,-0.38,-0.06,-0.96,-0.40,-1.33,-1.59,0.04,2.80,-1.76,-3.08,0.89,0.18,0.70,0.04,3.63,-6.30,0.83,0.9780,0.18,6.89,-4.59,6.54,1,1,1,0,37.40,131.83,1.45,5938,5971,5988,5485,0.975,0.00,0.00,-42.02,18.09,0.00,0.00
580,56780885,20.02,1,3,10.38,1,1,1.00,-1.45,59.59,-8.51,-5.23,8.99,3.53,
0.00,8.45,-7.24,-1.24,-1.38,0.00,0.00,-1.24,-1.38,1.11,0.45,-0.17,-0.65,-0.38,-0.15,-1.24,-0.44,-1.38,-1.59,-1.68,1.49,-4.55,-0.95,0.21,-0.10,0.70,-0.39,2.16,6.24,-1.96,0.3178,-12.71,45.84,-5.23,8.99,1,1,1,1,37.42,131.79,1.39,5500,5629,6200
,5963,0.975,0.00,0.00,-42.03,18.08,0.00,0.00
581,56800878,19.99,1,3,10.37,1,1,1.00,-1.38,59.70,-8.69,-4.64,9.56,3.55,0.00,8.13,-8.21,-1.37,-1.35,0.00,0.00,-1.37,-1.35,1.07,0.45,-0.16,-0.74,-0.38,-0.18,-1.37,-0.41,-1.35,-1.33,-1.94,1.17,-5.83,1.54,-0.34,-0.77,0.70,-0.2
9,1.10,14.61,-2.51,0.3314,2.31,16.29,-4.64,9.56,1,1,1,0,37.43,131.79,1.39,5361,5627,6200,6115,0.975,0.00,0.00,-42.04,18.08,0.00,0.00
582,56820879,20.00,1,3,10.37,1,1,1.00,-1.33,59.79,-8.88,-4.64,9.56,3.57,0.00,8.01,-8.61,-1.40,-1.36,0.00,0.00,-1.40,-1.36,1.05,0.45,-0.14,-0.7
8,-0.38,-0.17,-1.40,-0.35,-1.36,-1.04,-1.42,0.71,-5.72,0.80,-0.05,-0.83,0.69,0.09,-0.30,10.80,-1.20,0.4361,0.00,0.00,-4.64,9.56,1,0,0,0,37.51,131.78,0.95,5507,5829,6133,5838,0.975,0.00,0.00,-42.04,18.08,0.00,-0.00
583,56840884,20.00,1,3,10.37,1,1,1.00,-1.30,
59.88,-9.07,-6.37,9.28,3.59,0.00,9.00,-8.57,-1.35,-1.60,0.00,0.00,-1.35,-1.60,1.18,0.45,-0.04,-0.77,-0.38,-0.13,-1.35,-0.37,-1.60,-0.92,-0.63,-0.98,-4.61,-5.59,1.37,-0.02,0.69,0.72,-3.20,3.48,-0.08,0.4368,-25.25,6.15,-6.37,9.28,1,1,1,0,37.52,131.78,0.95,5850,5805,6186,
5509,0.975,0.00,0.00,-42.04,18.08,0.00,-0.00
584,56860888,20.00,1,3,10.37,1,1,1.00,-1.27,60.01,-9.26,-3.77,8.27,3.61,0.00,7.84,-7.99,-1.21,-1.36,0.00,0.00,-1.21,-1.36,1.03,0.45,-0.12,-0.72,-0.38,-0.07,-1.21,-0.49,-1.36,-0.91,0.46,0.80,-2.00,-10.08,1.90,0.69,0.69,0.57,-
0.64,-3.92,0.51,0.6787,57.17,-2.78,-3.77,8.27,1,1,1,1,37.46,131.79,1.33,6047,5764,6133,5411,0.975,0.00,0.00,-42.06,18.07,0.00,0.00
585,56880884,20.00,1,3,10.37,1,1,1.00,-1.23,60.09,-9.42,-1.20,5.70,3.62,0.00,5.80,-6.25,-0.90,-0.96,0.00,0.00,-0.90,-0.96,0.76,0.45,-0.25,
-0.56,-0.39,0.05,-0.90,-0.63,-0.96,-0.98,2.23,2.80,1.38,-9.08,1.40,0.89,0.70,-0.16,2.87,-6.42,0.74,0.4650,56.02,-29.19,-1.20,5.70,1,1,1,1,37.46,131.79,1.33,5990,5866,6040,5428,0.975,0.00,0.00,-42.06,18.07,0.00,-0.00
586,56900889,20.00,1,3,10.37,1,1,1.00,-1.18,60.11,-9
.54,0.91,6.27,3.63,0.00,3.73,-5.93,-0.86,-0.58,0.00,0.00,-0.86,-0.58,0.49,0.45,-0.36,-0.54,-0.39,0.06,-0.86,-0.69,-0.58,-1.05,1.68,2.80,1.15,-0.59,0.23,0.25,0.70,-0.72,4.29,-0.54,-0.31,0.2881,24.53,12.71,0.91,6.27,1,1,1,0,37.42,131.73,1.61,5728,5854,5995,5749,0.975,0.00
,0.00,-42.06,18.07,0.00,-0.00
587,56920891,20.00,1,3,10.38,1,1,1.00,-1.11,60.09,-9.66,1.07,8.81,3.63,0.00,2.83,-7.33,-1.14,-0.47,0.00,0.00,-1.14,-0.47,0.37,0.45,-0.36,-0.66,-0.39,-0.04,-1.14,-0.61,-0.47,-0.97,-0.64,2.52,-2.32,6.24,-0.63,-0.64,0.70,-0.71,4.14,6.21,-1.0
6,0.2302,2.86,49.49,1.07,8.81,1,1,1,1,37.43,131.73,1.61,5528,5844,5957,5976,0.975,0.00,0.00,-42.06,18.07,0.00,-0.00
588,56940893,20.00,1,3,10.38,1,1,1.00,-1.06,60.07,-9.84,-0.80,11.27,3.64,0.00,3.62,-9.34,-1.52,-0.70,0.00,0.00,-1.52,-0.70,0.47,0.45,-0.23,-0.84,-0.39,-
0.16,-1.52,-0.51,-0.70,-0.84,-2.72,0.20,-6.83,2.64,0.49,-0.62,0.70,0.43,0.64,7.39,-0.74,0.7075,-22.01,39.25,-0.80,11.27,1,1,1,0,37.43,131.78,1.65,5681,5778,6103,5746,0.975,0.00,0.00,-42.06,18.07,0.02,-0.01
589,56960889,20.00,1,3,10.38,1,1,1.00,-1.03,60.09,-10.07,-1.9
9,10.39,3.66,0.00,4.65,-9.61,-1.50,-0.96,0.00,0.00,-1.50,-0.96,0.61,0.45,-0.10,-0.87,-0.39,-0.14,-1.50,-0.49,-0.96,-0.66,-1.66,-1.46,-5.79,-1.17,0.17,-0.71,0.69,0.20,-2.41,8.31,-1
.43,0.5396,-15.67,0.28,-1.99,10.39,1,1,1,0,37.43,131.78,1.65,5496,5780,6203,5827,0.975,0.00,0.00,-42.06,18.07,0.03,-0.01
590,56980881,19.99,1,3,10.37,1,1,1.00,-1.01,60.13,-10.27,-1.58,7.88,3.68,0.00,4.79,-8.22,-1.18,-1.01,0.00,0.00,-1.18,-1.01,0.63,0.45,-0.07,-0.74,-0.
39,-0.03,-1.18,-0.54,-1.01,-0.55,0.85,-1.26,-1.26,-7.42,1.46,0.21,0.69,0.60,-2.74,4.72,-1.01,0.3981,3.21,-22.48,-1.58,7.88,1,1,1,1,37.38,131.79,1.95,5759,5630,6281,5639,0.975,0.00,0.00,-42.06,18.07,0.04,-0.02
591,57000891,20.01,1,3,10.37,1,1,1.00,-0.96,60.16,-10.43,0.
92,7.03,3.69,0.00,3.35,-7.17,-1.00,-0.73,0.00,0.00,-1.00,-0.73,0.44,0.45,-0.17,-0.65,-0.39,0.04,-1.00,-0.71,-0.73,-0.49,1.71,0.93,0.79,-8.67,1.67,0.93,0.70,0.09,0.19,-1.08,-0.07,0.
4066,33.80,-2.81,0.92,7.03,1,1,1,1,37.39,131.79,1.95,5958,5664,6125,5536,0.975,0.00,0.00,-42.05,18.07,0.05,-0.02
592,57020899,20.01,1,3,10.38,1,1,1.00,-0.90,60.14,-10.57,3.41,6.03,3.71,0.00,1.28,-6.18,-0.85,-0.33,0.00,0.00,-0.85,-0.33,0.17,0.45,-0.29,-0.56,-0.39,0.10,-
0.85,-0.80,-0.33,-0.53,1.99,2.80,1.82,-3.04,0.65,0.48,0.70,-0.52,3.45,-4.07,0.65,0.4104,46.82,-5.49,3.41,6.03,1,1,1,1,37.42,131.79,1.77,5880,5933,5934,5538,0.975,0.00,0.00,-42.05,18.07,0.07,-0.03
593,57040891,19.99,1,3,10.37,1,1,1.00,-0.86,60.07,-10.69,5.75,7.70,3.74,0
.00,0.00,-6.81,-0.99,-0.12,0.00,0.00,-0.99,-0.12,0.00,0.45,-0.33,-0.61,-0.39,0.04,-0.99,-0.79,-0.12,-0.59,0.43,2.80,-0.21,1.12,0.44,0.09,0.70,-0.33,4.31,-3.80,0.76,0.5486,32.85,27.02,5.75,7.70,1,1,1,0,37.43,131.79,1.77,5875,5979,5895,5556,0.975,0.00,0.00,-42.05,18.
07,0.12,-0.05
594,57060889,20.00,1,3,10.38,1,1,1.00,-0.83,59.96,-10.85,5.32,8.76,3.80,0.00,-0.50,-7.69,-1.17,-0.08,0.00,0.00,-1.17,-0.08,-
0.07,0.45,-0.31,-0.69,-0.39,-0.02,-1.17,-0.74,-0.08,-0.62,-0.79,2.06,-2.15,1.29,0.45,-0.19,0.70,-0.05,3.76,-2.01,0.47,1.6606,0.30,21.05,5.32,8.76,1,1,1,0,37.59,131.71,0.91,5846,5931,5927,5604,0.975,0.00,0.00,-42.05,18.07,0.20,-0.08
595,57080898,20.01,1,3,10.37,1,1,1.00
,-0.79,59.85,-11.02,4.93,10.56,3.88,0.00,-0.45,-9.12,-1.44,-0.15,0.00,0.00,-1.44,-0.15,-0.06,0.45,-0.24,-0.82,-0.40,-0.11,-1.44,-0.75,-0.15,-0.60,-2.16,0.89,-4.47,-1.08,0.65,-0.13,0.70,0.10,2.30,4.30,-0.96,0.9527,0.43,31.50,4.93,10.56,1,1,1,0,37.31,131.76,2.53,5716,5728
,6152,5798,0.975,0.00,0.00,-42.04,18.06,0.30,-0.13
596,57100903,20.00,1,3,10.37,1,1,1.00,-0.74,59.75,-11.23,3.39,9.74,3.98,0.00,0.00,-9.18,-1.40,-0.29,0.00,0.00,-1.40,-0.29,0.00,0.45,-0.16,-0.83,-0.40,-0.09,-1.40,-0.78,-0.29,-0.49,-1.18,-0.28,-3.20,-4.06,0.83,-0.05,0.7
0,0.20,0.33,8.72,-1.68,0.9175,-14.59,0.19,3.39,9.74,1,1,1,0,37.28,131.72,2.72,5606,5571,6235,5832,0.975,0.00,0.00,-42.03,18.06,0.41,-0.18
597,57120905,20.00,1,3,10.37,1,1,1.00,-0.71,59.69,-11.43,4.77,8.48,4.07,0.00,0.00,-8.47,-1.24,-0.33,0.00,0.00,-1.24,-0.33,0.00,0.45
,-0.13,-0.76,-0.40,-0.03,-1.24,-0.83,-0.33,-0.30,0.24,-0.37,-1.07,-4.96,1.06,0.22,0.70,0.16,-0.45,9.23,-1.43,0.5069,20.87,-6.22,4.77,8.48,1,1,1,0,37.15,131.79,3.48,5620,5617,6274,5719,0.975,0.00,0.00,-42.02,18.06,0.52,-0.22
598,57140906,20.00,1,3,10.38,1,1
,1.00,-0.68,59.59,-11.60,6.28,7.31,4.18,0.00,-0.84,-7.49,-1.05,-0.18,0.00,0.00,-1.05,-0.18,-0.11,0.45,-0.17,-0.68,-0.40,0.04,-1.05,-0.89,-0.18,-0.18,1.32,0.68,0.82,-4.28,1.01,0.40,0.70,-0.07,0.68,4.28,-0.50,0.3809,24.00,-6.35,6.28,7.31,1,1,1,0,37.28,131.77,2.7
3,5743,5705,6102,5608,0.975,0.00,0.00,-42.01,18.05,0.64,-0.28
599,57160908,20.00,1,3,10.38,1,1,1.00,-0.64,59.46,-11.74,8.16,6.94,4.31,0.00,-2.29,-6.88,-0.95,0.13,0.00,0.00,-0.95,0.13,-0.30,0.45,-0.24,-0.62,-0.40,0.07,-0.95,-0.92,0.13,-0.14,1.44,2.28,1.34,-2.
56,0.95,0.43,0.70,-0.15,3.12,-0.66,0.38,0.6342,30.05,2.59,8.16,6.94,1,1,1,0,37.28,131.79,2.76,5871,5845,5995,5519,0.975,0.00,0.00,-41.99,18.04,0.80,-0.34
0,57180906,20.00,1,3,10.38,1,1,1.00,-0.61,59.30,-11.88,10.61,7.76,4.48,0.00,-4.23,-7.14,-1.03,0.55,0.00,0.00,-1.03,
0.55,-0.55,0.45,-0.34,-0.64,-0.40,0.04,-1.03,-0.93,0.55,-0.16,0.44,2.80,0.10,-2.14,1.20,0.44,0.71,0.09,5.20,-4.82,1.28,0.6488,48.28,17.43,10.61,7.76,1,1,1,1,37.37,131.76,2.25,6009,5942,5922,5355,0.975,0.00,0.00,-41.97,18.03,1.00,-0.43
1,57200911,20.00,1,3,10.38,1,1,1.0
0,-0.58,59.09,-12.04,12.06,7.70,4.73,0.00,-5.72,-7.21,-1.05,0.84,0.00,0.00,-1.05,0.84,-0.75,0.45,-0.39,-0.65,-0.40,0.03,-1.05,-0.92,0.84,-0.21,0.18,2.80,-0.22,1.82,-0.12,-0.22,0.71,-0.62,7.08,-0.37,-0.06,0.5403,28.99,6.92,12.06,7.70,1,1,1,0,37.18,131.83,3.32,5706,5916,
5900,5756,0.975,0.00,0.00,-41.95,18.02,1.28,-0.55
2,57220912,20.00,1,3,10.38,1,1,1.00,-0.52,58.85,-12.19,11.74,9.64,5.02,0.00,-5.95,-8.38,-1.29,0.80,0.00,0.00,-1.29,0.80,-0.78,0.45,-0.33,-0.76,-0.40,-0.05,-1.29,-0.83,0.80,-0.12,-1.37,1.58,-2.85,3.77,0.05,-0.50,0.70,
-0.15,5.18,7.73,-0.99,0.4825,7.96,32.44,11.74,9.64,1,1,1,0,37.35,131.79,2.39,5621,5706,5981,5870,0.974,0.00,0.00,-41.92,18.01,1.62,-0.70
3,57240911,20.00,1,3,10.38,1,1,1.00,-0.46,58.61,-12.38,9.28,10.22,5.35,0.00,-4.41,-9.17,-1.42,0.34,0.00,0.00,-1.42,0.34,-0.58,0.45,
-0.15,-0.83,-0.40,-0.09,-1.42,-0.74,0.34,0.08,-1.68,-1.78,-3.94,1.10,0.43,-0.50,0.70,0.24,-0.96,11.00,-1.36,0.6311,-20.18,16.98,9.28,10.22,1,1,1,1,37.31,131.84,2.66,5597,5679,6151,5841,0.974,0.00,0.00,-41.88,1
7.99,1.98,-0.85
4,57260910,20.00,1,3,10.37,1,1,1.00,-0.44,58.43,-12.59,9.83,9.41,5.63,0.00,-3.94,-9.02,-1.36,0.23,0.00,0.00,-1.36,0.23,-0.52,0.45,-0.08,-0.81,-0.40,-0.06,-1.36,-0.75,0.23,0.30,-0.69,-1.84,-2.66,-3.66,1.03,-0.03,0.70,0.39,-2.06,8.74,-1.45,0.5139,16.19,-0
.12,9.83,9.41,1,1,1,0,37.64,131.74,0.83,5593,5645,6301,5704,0.975,0.00,0.00,-41.83,17.97,2.29,-0.98
5,57280917,20.01,1,3,10.37,1,1,1.00,-0.42,58.23,-12.78,12.28,7.80,5.92,-0.00,-5.00,-8.03,-1.14,0.51,0.00,0.00,-1.14,0.51,-0.65,0.45,-0.15,-0.72,-0.40,0.01,-1.14,-0.81,0.51,0.41,0.
84,0.52,-0.21,-4.96,1.08,0.29,0.70,0.12,0.84,1.53,-0.12,0.4414,48.49,-11.08,12.28,7.80,1,1,1,1,37.55,131.78,1.37,5873,5806,6123,5618,0.975,0.00,0.00,-41.78,17.95,2.61,-1.12
6,57300912,20.00,1,3,10.37,1,1,1.00,-0.38,57.98,-12.93,14.73,5.86,6.26,-0.21,-6.66,-6.61,-0.90,
0.90,0.00,0.00,-0.90,0.90,-0.87,0.45,-0.24,-0.60,-0.41,0.10,-0.90,-0.89,0.90,0.39,2.02,2.74,1.96,-9.92,2.60,1.22,0.70,0.74,4.38,-7.86,1.91,0.8620,73.43,-16.93,14.73,5.86,1,1,1,1,37.73,131.72,0.43,6337,5853,6036,5146,0.975,0.00,0.00,-41.72,17.92,2.99,-1.29
7,57320918,20
.01,1,3,10.37,1,1,1.00,-0.36,57.69,-13.05,17.18,5.37,6.65,-0.43,-8.53,-5.87,-0.81,1.32,0.00,0.00,-0.81,1.32,-1.12,0.45,
-0.34,-0.53,-0.41,0.13,-0.81,-0.99,1.32,0.25,1.89,2.80,2.47,-1.25,0.06,0.40,0.71,-1.05,7.18,-6.24,0.94,0.4372,55.38,-0.35,17.18,5.37,1,1,1,1,37.33,131.84,2.71,5866,6116,5883,5602,0.975,0.00,0.00,-41.65,17.90,3.43,-1.47
8,57340896,19.98,1,3,10.37,1,1,1.00,-0.33,57.35,-13.16,17.18,5.37,7.11,-0.68,-9.05,-5.68,-0.81,1.36,0.00,0.00
,-0.81,1.36,-1.19,0.44,-0.31,-0.51,-0.41,0.11,-0.81,-0.93,1.36,0.21,1.25,2.08,1.64,6.82,-0.54,-0.55,0.71,-0.72,6.86,0.08,0.23,0.2237,0.00,0.00,17.18,5.37,1,0,0,0,37.34,131.84,2.63,5664,6022,5819,5748,0.975,0.00,0.00,-41.57,17.86,3.94,-1.69
9,57360920,20.02,1,3,10.37,1
,1,1.00,-0.31,57.00,-13.26,16.24,8.00,7.56,-0.92,-8.50,-7.18,-1.09,1.15,0.00,0.00,-1.09,1.15,-1.11,0.44,-0.21,-0.65,-0.41,-0.00,-1.09,-0.82,1.15,0.28,-0.93,0.09,-1.81,7.61,-0.11,-0.75,0.70,-0.07,3.41,8.70,-1.32,-0.0181,6.01,49.34,16.24,8.
00,1,1,1,1,37.21,131.88,3.39,5499,5783,6103,5877,0.975,0.00,0.00,-41.48,17.82,4.44,-1.91
10,57380920,20.00,1,3,10.37,1,1,1.00,-0.29,56.68,-13.42,13.64,9.49,8.00,-1.17,-6.58,-8.77,-1.38,0.64,0.00,0.00,-1.38,0.64,-0.86,0.44,-0.02,-0.79,-0.41,-0.10,-1.38,-0.76,0.64,0.41,-
2.37,-2.80,-4.39,2.74,0.52,-0.57,0.70,0.40,-2.08,12.85,-2.14,0.8615,-25.96,25.96,13.64,9.49,1,1,1,1,36.91,131.99,4.91,5465,5565,6268,5893,0.975,0.00,0.00,-41.38,17.78,4.92,-2.11
11,57400901,19.98,1,3,10.38,1,1,1.00,-0.27,56.40,-13.61,11.07,8.72,8.35,-1.39,-4
.14,-9.17,-1.40,0.05,0.00,0.00,-1.40,0.05,-0.54,0.44,0.17,-0.83,-0.41,-0.11,-1.40,-0.78,0.05,0.60,-1.66,-2.80,-3.66,-3.32,0.92,-0.13,0.70,0.38,-4.55,12.52,-2.27,0.9212,-32.78,0.16,11.07,8.72,1,1,1,1,36.89,131.9
9,4.91,5466,5453,6294,5821,0.975,0.00,0.00,-41.28,17.74,5.31,-2.28
12,57420924,20.02,1,3,10.38,1,1,1.00,-0.24,56.18,-13.79,13.44,6.17,8.60,-1.56,-4.17,-8.08,-1.16,0.16,0.00,0.00,-1.16,0.16,-0.55,0.44,0.14,-0.73,-0.41,-0.02,-1.16,-0.86,0.16,0.71,0.40,-1.13,-0.53,-5.37,0
.81,0.21,0.70,-0.09,-2.90,1.84,-0.40,0.6534,40.04,-28.57,13.44,6.17,1,1,1,1,36.58,132.16,6.43,5714,5692,6010,5606,0.975,0.00,0.00,-41.17,17.69,5.58,-2.40
13,57440924,20.00,1,3,10.38,1,1,1.00,-0.19,55.91,-13.91,15.98,5.48,8.88,-1.73,-5.38,-7.30,-1.04,0.52,0.00,0.00,-1.04,0.52,-0.70,0.44,0.02,-0.66,-
0.41,0.03,-1.04,-0.89,0.52,0.69,1.01,1.44,0.56,-1.76,0.68,0.16,0.70,-0.16,0.88,-4.92,0.71,0.4383,81.34,-2.22,15.98,5.48,1,1,1,1,36.69,132.19,5.61,5822,5794,5787,5456,0.974,0.00,0.00,-41.05,17.64,5.90,-2.53
14,57460922,20.00,1,3,10.38,1,1,1.00,-0.16,55.60,
-14.02,18.51,4.90,9.21,-1.92,-7.08,-6.73,-0.96,0.95,0.00,0.00,-0.96,0.95,-0.93,0.44,-0.12,-0.61,-0.41,0.06,-0.96,-0.88,0.95,0.58,1.14,2.80,0.89,0.36,0.60,0.02,0.70,-0.12,3.96,-7.96,1.27,0.5452,88.22,-1.72,18.51,4.90,1,1,1,1,36.64,132.31,5.70,5833,5962,5785,5340,0.974,
0.00,0.00,-40.92,17.58,6.26,-2.69
15,57480928,20.01,1,3,10.39,1,1,1.00,-0.15,55.23,-14.12,19.90,5.89,9.58,-2.13,-8.39,-7.07,-1.02,1.24,0.00,0.00,-1.0
2,1.24,-1.10,0.44,-0.20,-0.64,-0.41,0.03,-1.02,-0.84,1.24,0.48,0.34,2.80,-0.23,1.00,0.62,-0.01,0.70,-0.05,5.46,-4.07,0.50,0.3524,35.81,17.24,19.90,5.89,1,1,1,0,36.84,132.29,4.44,5730,5848,5880,5435,0.974,0.00,0.00,-40.79,17.53,6.68,-2.87
16,57500925,20.00,1,3,10.39,1,
1,1.00,-0.12,54.83,-14.24,19.87,8.22,9.95,-2.35,-8.81,-8.50,-1.29,1.29,0.00,0.00,-1.29,1.29,-1.15,0.44,-0.19,-0.77,-0.41,-0.07,-1.29,-0.83,1.29,0.46,-1.39,2.11,-2.86,-1.28,1.03,0.13,0.70,0.23,5.17,0.15,0.07,0.7460,19.51,34.92,19.87,8.22,1,1,1,0,36.65,132.42,5.34,5822,56
95,5951,5531,0.973,0.00,0.00,-40.65,17.46,7.10,-3.05
17,57520916,19.99,1,3,10.39,1,1,1.00,-0.09,54.43,-14.40,18.01,8.11,10.29,-2.57,-7.92,-9.24,-1.38,1.01,0.00,0.00,-1.38,1.01,-1.04,0.44,-0.08,-0.83,-0.41,-0.10,-1.38,-0.85,1.01,0.49,-1.50,-0.32,-3.21,-2.25,0.61,-0.08,0
.70,0.00,1.33,4.32,-0.51,1.1557,-3.34,6.88,18.01,8.11,1,1,1,0,36.73,132.40,4.78,5677,5637,5933,5651,0.973,0.00,0.00,-40.50,17.40,7.49,-3.22
18,57540929,20.01,1,3,10.39,1,1,1.00,-0.05,54.07,-14.56,15.52,8.42,10.55,-2.75,-6.15,-9.83,-1.46,0.55,0.00,0.00,-1.46,0.55,-0.81
,0.44,0.07,-0.89,-0.42,-0.12,-1.46,-0.86,0.55,0.66,-1.47,-2.80,-3.42,-0.36,0.09,-0.36,0.70,-0.25,-3.14,12.17,-2.36,0.5307,-22.35,12.01,15.52,8.42,1,1,1,1,36.47,132.52,6.06,5348,549
7,6146,5947,0.972,0.00,0.00,-40.34,17.33,7.79,-3.35
19,57560930,20.00,1,3,10.40,1,1,1.00,-0.02,53.76,-14.73,13.92,8.31,10.72,-2.89,-4.40,-10.14,-1.48,0.16,0.00,0.00,-1.48,0.16,-0
.58,0.44,0.19,-0.92,-0.42,-0.11,-1.48,-0.82,0.16,0.88,-1.09,-2.80,-3.28,0.93,0.06,-0.55,0.70,-0.09,-5.27,8.60,-1.54,0.4463,-4.63,7.01,13.92,8.31,1,1,1,0,36.69,132.50,4.65,5397,5597,6020,5787,0.972,0.00,0.00,-40.18,17.26,7.99,-3.43
20,57580935,20.00,1,3,10.40,1,1,1.00,0
.02,53.48,-14.90,15.15,8.29,10.84,-3.00,-4.02,-10.34,-1.49,0.15,0.00,0.00,-1.49,0.15,-0.53,0.44,0.18,-0.93,-0.42,-0.10,-1.49,-0.79,0.15,0.96,-0.75,-1.84,-3.14,0.28,0.23,-0.45,0.70,-0.02,-4.79,-0.85,-0.07,0.4947,29.45,7.98,15.15,8.29,1,1,1,0,36.55,132.63,5.30,5695,5745,
5825,5655,0.972,0.00,0.00,-40.02,17.19,8.14,-3.50
21,57600921,19.99,1,3,10.40,1,1,1.00,0.08,53.18,-15.06,17.63,7.64,10.96,-3.11,-4.91,-10.18,-1.43,0.45,0.00,0.00,-1.43,0.45,-0.64,0.43,0.08,-0.92,-0.42,-0.07,-1.43,-0.79,0.45,0.87,-0.10,0.63,-2.19,-3.70,1.07,0.07,0.70,0.
34,-0.71,-9.51,1.05,0.6093,64.98,0.09,17.63,7.64,1,1,1,1,36.67,132.67,4.46,5950,5749,5755,5389,0.972,0.00,0.00,-39.85,17.12,8.28,-3.56
22,57620935,20.01,1,3,10.40,1,1,1.00,0.11,52.82,-15.22,20.10,6.13,11.08,-3.23,-6.45,-9.46,-1.29,0.86,0.00,0.00,-1.29,0.86,-0.84,0.43,-0.06,-0
.85,-0.42,-0.01,-1.29,-0.89,0.86,0.69,0.81,2.80,-0.44,-8.10,1.61,0.74,0.70,0.21,3.35,-12.31,1.43,0.0929,65.06,-11.38,20.10,6.13,1,1,1,1,36.63,132.74,4.55,5972,5860,5907,5170,0.972,0.00,0.00,-39.68,17.05,8.44,-3.63
23,57640935,20.00,1,3,10.40,1,1,1.00,0.13,52.42,-15.34
,22.55,6.88,11.19,-3.34,-8.30,-9.44,-1.28,1.31,0.00,0.00,-1.28,1.31,-1.09,0.43,-0.19,-0.85,-0.42,-0.01,-1.28,-0.99,1.31,0.52,0.55,2.80,-0.37,-2.90,0.36,0.31,0.70,-0.64,5.65,-6.52,0.44,0.3775,51.19,15.64,22.55,6.88,1,1,1,0,36.78,132.71,3.71,5751,5809,5786,5540,0.971,0.0
0,0.00,-39.51,16.98,8.60,-3.69
24,57660924,19.99,1,3,10.40,1,1,1.00,0.18,51.97,-15.48,20.11,8.66,11.26,-3.44,-8.21,-10.23,-1.45,1.18,0.00,0.00,-1.45,1.18,-1.08,0.43,-0.14,-0.92,-0.42,-0.06,-1.45,-0.95,1.18,0.50,-0.68,1.03,-2.28,3.50,-0.29,-0.49,0.70,-0.51,3.28,3.89,-0.74,0.4250,-8.36,29.38,20.11,8.
66,1,1,1,0,36.81,132.74,3.54,5581,5707,5824,5852,0.971,0.00,0.00,-39.34,16.90,8.72,-3.75
25,57680939,20.01,1,3,10.40,1,1,1.00,0.23,51.57,-15.65,18.52,10.22,11.27,-3.52,-7.48,-11.36,-1.66,0.95,0.00,0.00,-1.66,0.95,-0.98,0.43,-0.06,-1.03,-0.42,-0.12,-1.66,-0.83,0.95,0.6
6,-1.72,-0.72,-4.77,5.79,-0.61,-1.02,0.70,-0.31,0.22,10.15,-1.77,0.4503,-0.11,28.45,18.52,10.22,1,1,1,0,37.06,132.67,2.14,5348,5674,5979,5977,0.971,0.00,0.00,-39.16,16.83,8.78,-3.77
26,57700942,20.00,1,3,10.40,1,1,1.00,0.25,51.20,-15.86,16.06,10.99,11.23,-3.58,-6.06,-1
2.34,-1.81,0.57,0.00,0.00,-1.81,0.57,-0.79,0.43,0.06,-1.11,-0.42,-0.15,-1.81,-0.78,0.57,0.80,-2.04,-2.79,-6.26,-0.82,0.83,-0.50,0.69,0.66,-3.50,7.08,-1.01,0.6267,-22.81,20.04,16.06,10.99,1,1,1,1,37.09,132.66,1.96,5654,5634,6121,5703,0.971,0.00,0.00,-38.99,16.75,8.78,-3.77
27,57720942,20.00,1,3,10.40,1,1,1.00,0.28,50.88,-16.08,1
7.65,10.14,11.17,-3.63,-5.92,-12.57,-1.79,0.61,0.00,0.00,-1.79,0.61,-0.78,0.43,0.06,-1.13,-0.43,-0.14,-1.79,-0.77,0.61,0.93,-1.20,-1.62,-5.36,-1.23,0.19,-0.63,0.69,0.14,-2.65,2.99,-0.69,0.3569,36.31,0.18,17.65,10.14,1,1,1,0,37.14,132.64,1.73,5628,5755,5988,5760,0.971,0.00,0.00
,-38.81,16.68,8.75,-3.76
28,57740944,20.00,1,3,10.39,1,1,1.00,0.32,50.52,-16.28,19.16,8.93,11.10,-3.67,-6.46,-12.22,-1.67,0.78,0.00,0.00,-1.67,0.78,-0.85,0.43,0.01,-1.10,-0.43,-0.09,-1.67,-0.82,0.78,0.91,-0.07,-0.01,-3.32,-8.18,1.87,0.35,0.69,0.88,-0.44,-5.99,1.06,0.6018,36.80,-5.22,19.16,8.93,1,1,1,0,37.06,132.70,2.20,6122,57
35,5950,5349,0.972,0.00,0.00,-38.64,16.60,8.71,-3.74
29,57760931,19.99,1,3,10.39,1,1,1.00,0.35,50.14,-16.46,21.61,6.79,11.03,-3.71,-7.76,-11.18,-1.44,1.12,0.00,0.00,-1.44,1.12,-1.02,0.43,-0.09,-1.01,-0.43,-0.01,-1.44,-0.95,1.12,0.79,1.37,2.12,-0.21,-6.81,0.96,0.44,0.6
9,-0.15,3.19,-9.17,1.14,0.4402,56.00,-18.39,21.61,6.79,1,1,1,1,37.11,132.69,1.94,5935,5924,5875,5380,0.972,0.00,0.00,-38.46,16.53,8.68,-3.73
30,57780945,20.01,1,3,10.39,1,1,1.00,0.37,49.71,-16.59,23.17,6.27,10.94,-3.75,-9.15,-10.37,-1.32,1.44,0.00,0.00,-1.32,1.44,-1.20
,0.43,-0.18,-0.94,-0.43,0.05,-1.32,-1.02,1.44,0.63,1.65,2.80,0.72,-1.45,0.20,0.16,0.70,-0.64,5.76,-4.57,0.23,0.2331,41.42,0.27,23.17,6.27,1,1,1,0,37.04,132.73,2.36,5737,5895,5887,5622,0.972,0.00,0.00,-38.29,16.45,8.65,-3.72
31,57800947,20.00,1,3,10.40,1,1,1.00,0.41,49
.25,-16.72,22.43,8.73,10.85,-3.78,-9.74,-10.79,-1.44,1.51,0.00,0.00,-1.44,1.51,-1.28,0.43,-0.19,-0.97,-0.43,0.01,-1.44,-0.98,1.51,0.61,0.33,2.22,-1.15,3.43,-0.10,-0.34,0.70,-0.46,5.72,2.00,-0.29,0.3497,13.71,46.79,22.43,8.73,1,1,1,1,37.22,132.68,1.35,5668,5805,5855,577
3,0.972,0.00,0.00,-38.12,16.38,8.62,-3.70
32,57820947,20.00,1,3,10.39,1,1,1.00,0.46,48.80,-16.89,19.97,10.15,10.77,-3.82,-9.25,-11.57,-1.61,1.29,0.00,0.00,-1.61,1.29,-1.21,0.43,-0.12,-1.04,-0.43,-0.04,-1.61,-0.86,1.29,0.71,-0.80,0.15,-3.36,4.69,-0.22,-0.73,0.69,-0.18,2.01,8.1
0,-1.09,0.4465,-15.66,26.82,19.97,10.15,1,1,1,1,37.14,132.73,1.83,5569,5741,5973,5915,0.972,0.00,0.00,-37.95,16.30,8.58,-3.69
33,57840951,20.00,1,3,10.39,1,1,1.00,0.48,48.40,-17.10,17.52,11.08,10.69,-3.86,-8.12,-12.40,-1.76,0.96,0.00,0.00,-1.76,0.96,-1.06,0.42,-0.01,-1
.12,-0.43,-0.08,-1.76,-0.76,0.96,0.87,-1.44,-1.93,-5.47,3.07,0.06,-0.81,0.69,0.18,-1.64,8.14,-1.12,0.6451,-28.41,22.04,17.52,11.08,1,1,1,1,37.34,132.66,0.73,5514,5769,6078,5794,0.972,0.00,0.00,-37.78,16.23,8.55,-3.67
34,57860944,19.99,1,3,10.39,1,1,1.00,0.50,
48.05,-17.32,17.52,11.08,10.62,-3.91,-7.42,-12.95,-1.82,0.82,0.00,0.00,-1.82,0.82,-0.97,0.42,0.05,-1.17,-0.43,-0.10,-1.82,-0.71,0.82,1.00,-1.35,-2.15,-5.98,-0.39,0.30,-0.64,0.69,0.26,-2.74,4.11,-0.74,0.5234,0.00,0.00,17.52,11.08,1,0,0,0,37.18,132.73,1.68,5645,5791,6066,
5761,0.972,0.00,0.00,-37.61,16.16,8.52,-3.66
35,57880938,19.99,1,3,10.39,1,1,1.00,0.51,47.70,-17.54,16.70,10.16,10.55,-3.96,-6.71,-13.00,-1.78,0.65,0.00,0.00,-1.78,0.65,-0.88,0.42,0.09,-1.17,-0.43,-0.09,-1.78,-0.72,0.65,1.03,-0.64,-2.39,-5.01,-3.52,0.62,-0.31,0.68,0.2
6,-3.57,-1.72,0.04,0.4138,7.78,0.07,16.70,10.16,1,1,1,0,37.17,132.76,1.72,5786,5811,5964,5614,0.973,0.00,0.00,-37.44,16.08,8.49,-3.65
36,57900953,20.01,1,3,10.39,1,1,1.00,0.54,47.36,-17.74,19.30,8.10,10.49,-4.01,-7.13,-12.35,-1.61,0.84,0.00,0.00,-1.61,0.84,-0
.93,0.42,0.04,-1.12,-0.44,-0.03,-1.61,-0.82,0.84,0.94,0.67,-0.42,-2.12,-5.96,0.78,0.12,0.68,-0.00,-0.73,-6.81,0.43,0.4797,52.75,-14.59,19.30,8.10,1,1,1,1,37.01,132.86,2.66,5831,5870,5962,5511,0.973,0.00,0.00,-37.27,16.01,8.46,-3.63
37,57920955,20.00,1,3,10.39,1,1,1.00
,0.55,46.98,-17.90,21.56,6.16,10.41,-4.05,-8.16,-11.30,-1.41,1.13,0.00,0.00,-1.41,1.13,-1.07,0.42,-0.04,-1.02,-0.44,0.04,-1.41,-0.92,1.13,0.80,1.63,1.51,0.04,-6.69,1.20,0.57,0.69,-0.03,2.57,-9.69,1.13,0.5660,46.68,-15.33,21.56,6.16,1,1,1,0,37.23,132.80,1.41,5940,5902,5919,5324,0.973,0.00,0.00,-37.1
0,15.94,8.43,-3.62
38,57940956,20.00,1,3,10.39,1,1,1.00,0.56,46.55,-18.03,22.79,7.88,10.33,-4.08,-9.26,-11.15,-1.42,1.3
9,0.00,0.00,-1.42,1.39,-1.21,0.42,-0.12,-1.01,-0.44,0.04,-1.
42,-0.96,1.39,0.68,1.01,2.56,-0.47,0.95,-0.20,-0.11,0.69,-0.78,4.97,-2.72,-0.12,0.2836,36.53,27.17,22.79,7.88,1,1,1,0,37.21,132.82,1.57,5654,5915,5894,5741,0.973,0.00,0.00,-36.93,15.87,8.40,-3.61
39,57960957,20.00,1,3,10.39,1,1,1.00,0.59,46.09,-18.18,20.91,9.55,10.24,-
4.11,-9.43,-11.59,-1.55,1.35,0.00,0.00,-1.55,1.35,-1.24,0.42,-0.11,-1.05,-0.44,0.01,-1.55,-0.87,1.35,0.68,-0.13,1.40,-2.40,5.16,-0.31,-0.71,0.69,-0.30,3.60,2.13,-0.16,0.3803,-0.29,28.40,20.91,9.55,1,1,1,0,37.58,132.67,-0.46,5643,5910,5871,5767,0.973,0.00,0.00,-36.76,15.
80,8.37,-3.60
40,57980956,20.00,1,3,10.38,1,1,1.00,0.60,45.67,-18.38,18.38,11.30,10.16,-4.16,-8.79,-12.45,-1.74,1.12,0.00,0.00,-1.74,1.12,-1.15,0.42,-0.04,-1.12,-0.44,-0.05,-1.74,-0.81,1.12,0.73,-1.23,-0.49,-4.91,2.44,0.30,-0.61,0.68,0.23,0.74,3.69,-0.42,0.4817,-19.36,
31.13,18.38,11.30,1,1,1,1,37.22,132.78,1.63,5696,5888,6077,5728,0.973,0.00,0.00,-36.60,15.72,8.34,-3.58
41,58000960,20.00,1,3,10.38,1,1,1.00,0.59,45.30,-18.60,16.90,10.39,10.09,-4.21,-7.93,-12.78,-1.75,0.88,0.00,0.00,-1.75,0.88,-1.04,0.42,0.04,-1.15,-0.44,-
0.06,-1.75,-0.75,0.88,0.87,-0.89,-1.74,-4.96,1.34,-0.04,-0.79,0.68,0.06,-1.69,6.96,-1.34,0.4522,0.00,0.00,16.90,10.39,1,1,1,0,37.14,132.80,2.10,5447,5796,6140,5812,0.974,0.00,0.00,-36.43,15.65,8.31,-3.57
42,58020962,20.00,1,3,10.38,1,1,1.00,0.60,44.97,-18.81,15.55,9.55,10.03,
-4.25,-6.93,-12.77,-1.71,0.64,0.00,0.00,-1.71,0.64,-0.91,0.42,0.11,-1.15,-0.44,-0.05,-1.71,-0.73,0.64,0.98,-0.35,-2.60,-4.34,-1.42,0.48,-0.44,0.68,0.26,-3.66,3.05,-0.57,0.4416,0.00,0.00,15.55,9.55,1,1,1,0,37.01,132.89,2.79,5648,5780,6055,5671,0.974,0.00,0.00,-36.26,15.
58,8.28,-3.56
43,58040961,20.00,1,3,10.38,1,1,1.00,0.61,44.65,-19.00,18.00,7.14,9.97,-4.30,-7.00,-12.04,-1.52,0.75,0.00,0.00,-1.52,0.75,-0.92,0.42,0.08,-1.09,-0.44,0.01,-1.52,-0.76,0.75,0.98,0.95,-1.03,-1.74,-3.83,0.86,-0.06,0.68,0.27,-1.74,-3.72,0.33,0.4438,46.17,-20
.72,18.00,7.14,1,1,1,0,37.32,132.81,1.12,5808,5822,5963,5495,0.974,0.00,0.00,-36.10,15.51,8.25,-3.55
44,58060963,20.00,1,3,10.38,1,1,1.00,0.62,44.29,-19.14,20.29,6.61,9.90,-4.33,-7.75,-11.37,-1.42,0.99,0.00,0.00,-1.42,0.99,-1.02,0.42,0.01,-1.03,-0.44,0.05,-1.42,-0.80,0
.99,0.85,1.22,0.81,-0.77,-3.13,0.80,0.17,0.68,-0.03,1.29,-8.35,1.02,0.3845,46.78,0.50,20.29,6.61,1,1,1,0,37.09,132.93,2.39,5902,5991,5933,5421,0.974,0.00,0.00,-35.93,15.44,8.22,-3.53
45,58080967,20.00,1,3,10.38,1,1,1.00,0.62,43.89,-19.28,22.77,8.52,9.83,-4.36,-9.05,-1
1.48,-1.49,1.34,0.00,0.00,-1.49,1.34,-1.19,0.42,-0.10,-1.04,-0.45,0.03,-1.49,-0.81,1.34,0.68,0.39,2.65,-1.88,0.57,0.16,-0.17,0.68,-0.34,4.82,-7.64,0.92,0.3213,60.74,30.72,22.77,8.52,1,1,1,1,37.20,132.93,1.76,5770,6038,5836,5483,0.974,0.00,0.00,-35.77,15.37,8.19,-3.52
4
6,58100962,20.00,1,3,10.38,1,1,1.00,0.63,43.43,-19.45,20.95,9.18,9.74,-4.40,-9.44,-11.78,-1.56,1.35,0.00,0.00,-1.56,1.35,-1.24,0.41,-0.11,-1.06,-0.45,0.01,-1.56,-0.76,1.35,0.59,-0.19,1.78,-3.07,1.33,0.28,-0.40,0.68,0.01,4.44,-4.28,0.80,0.3547,-0.18,16.86,20.95,9.18,1,1
,1,0,37.24,132.94,1.56,5813,5992,5854,5529,0.974,0.00,0.00,-35.61,15.30,8.17,-3.51
47,58120965,20.00,1,3,10.38,1,1,1.00,0.63,43.01,-19.63,18.48,10.01,9.66,-4.45,-9.00,-12.25,-1.66,1.16,0.00,0.00,-1.66,1.16,-1.18,0.41,-0.05,-1.11,-0.45,-0.02,-1.66,-0.74,1.16,0.60,-0.74
,0.02,-4.37,1.92,-0.09,-0.63,0.67,-0.14,1.83,4.15,-1.11,0.1091,-31.82,19.63,18.48,10.01,1,1,1,1,37.26,132.91,1.49,5513,5798,6068,5830,0.974,0.00,0.00,-35.44,15.23,8.14,-3.50
48,58140967,20.00,1,3,10.38,1,1,1.00,0.66,42.64,-19.83,16.01,9.18,9.59,-4.49,-7.98,-12.36,-1.
65,0.87,0.00,0.00,-1.65,0.87,-1.04,0.41,0.04,-1.12,-0.45,-0.03,-1.65,-0.68,0.87,0.78,-0.41,-1.81,-4.30,2.01,-0.15,-0.80,0.67,-0.02,-1.53,10.73,-2.00,0.4146,-42.36,-0.49,16.01,9.18,1,1,1,1,37.04,132.97,2.73,5443,5639,6127,6010,0.974,0.00,0.00,-35.28,15.16,8.11,-3.48
49
,58160954,19.99,1,3,10.38,1,1,1.00,0.66,42.32,-20.01,14.74,8.46,9.53,-4.54,-6.89,-12.23,-1.60,0.61,0.00,0.00,-1.60,0.61,-0.90,0.41,0.11,-1.10,-0.45,-0.01,-1.60,-0.64,0.61,0.92,0.01,-2.74,-3.85,-0.52,0.47,-0.48,0.67,0.29,-3.72,7.10,-1.15,0.7994,0.00,0.00,14.74,8.46,1,1,
1,0,37.16,132.95,2.07,5515,5733,6161,5695,0.975,0.00,0.00,-35.12,15.09,8.08,-3.47
50,58180971,20.02,1,3,10.38,1,1,1.00,0.65,42.03,-20.18,15.08,8.22,9.48,-4.58,-6.25,-12.08,-1.57,0.51,0.00,0.00,-1.57,0.51,-0.82,0.41,0.14,-1.09,-0.45,-0.00,-1.57,-0.65,0.51,0.99,0.20,-2.4
0,-3.44,-2.01,0.54,-0.23,0.67,0.12,-3.92,-1.80,0.29,0.6352,18.95,5.47,15.08,8.22,1,1,1,0,37.02,133.02,2.87,5737,5922,5988,5519,0.975,0.00,0.00,-34.96,15.02,8.05,-3.46
51,58200973,20.00,1,3,10.37,1,1,1.00,0.66,41.73,-20.35,16.53,7.78,9.42,-4.61,-6.25,-11.85,-1.52,0.58,0
.00,0.00,-1.52,0.58,-0.82,0.41,0.11,-1.07,-0.45,0.01,-1.52,-0.64,0.58,0.90,0.43,-1.12,-2.95,-1.13,0.35,-0.29,0.66,-0.01,-2.12,-8.12,0.85,0.4839,33.57,2.58,16.53,7.78,1,1,1,0,37.08,133.02,2.54,5816,5956,5823,5497,0.975,0.00,0.00,-34.80,14.95,8.03,-3.45

52,58220970,20.00,1,3,10.37,1,1,1.00,0.67,41.40,-20.50,15.22,8.11,9.36,-4.65,-5.88,-11.80,-1.53,0.49,0.00,0.00,-1.53,0.49,-0.77,0.41,0.12,-1.07,-0.45,0.01,-1.53,-0.64,0.49,0.73,0.23,-1.30,-3.20,-0.86,0.33,-0.26,0.66,-0.06,-2.07,-8.67,0.74,0.4989,-0.14,12.00,15.2
2,8.11,1,1,1,0,36.75,133.19,4.22,5768,5990,5881,5485,0.975,0.00,0.00,-34.64,14.88,8.00,-3.44
53,58240972,20.00,1,3,10.38,1,1,1.00,0.66,41.09,-20.67,16.34,9.01,9.30,-4.69,-5.97,-12.05,-1.60,0.57,0.00,0.00,-1.60,0.57,-0.78,0.41,0.09,-1.09,-
0.45,-0.00,-1.60,-0.64,0.57,0.62,-0.26,-0.37,-4.11,-2.42,0.81,-0.10,0.66,0.26,-0.53,-8.80,0.67,0.5508,29.49,19.51,16.34,9.01,1,1,1,0,36.95,133.18,3.09,5753,5899,5935,5363,0.975,0.00,0.00,-34.48,14.81,7.97,-3.43
54,58260976,20.00,1,3,10.38,1,1,1.00,0.67,40.77,-20.85,16.
50,8.32,9.24,-4.73,-6.10,-12.02,-1.57,0.62,0.00,0.00,-1.57,0.62,-0.80,0.41,0.06,-1.09,-0.45,-0.00,-1.57,-0.71,0.62,0.53,-0.02,0.07,-3.31,-4.08,0.57,-0.00,0.66,-0.08,0.35,-2.58,-0.70,0.5429,18.31,0.22,16.50,8.32,1,1,1,0,36.74,133.27,4.11,5665,5678,6011,5700,0.974,0.00,0
.00,-34.32,14.75,7.95,-3.41
55,58280977,20.00,1,3,10.38,1,1,1.00,0.70,40.44,-21.01,14.04,8.63,9.18,-4.77,-5.48,-12.12,-1.60,0.43,0.00,0.00,-1.60,0.43,-0.72,0.41,0.10,-1.09,-0.46,-0.01,-1.60,-0.70,0.43,0.57,-0.17,-1.13,-3.67,1.23,-0.29,-0.57,0.66,-0.39,-1.59,4.18,-1.26,
0.3572,-26.97,12.30,14.04,8.63,1,1,1,1,36.89,133.25,3.26,5439,5700,5957,5850,0.974,0.00,0.00,-34.16,14.68,7.92,-3.40
56,58300976,20.00,1,3,10.38,1,1,1.00,0.71,40.16,-21.18,12.92,9.25,9.13,-4.81,-4.73,-12.38,-1.66,0.26,0.00,0.00,-1.66,0.26,-0.62,0.41,0.13,-1.12,-0.46,-
0.02,-1.66,-0.64,0.26,0.67,-0.48,-1.78,-4.66,2.50,-0.26,-0.78,0.66,-0.15,-3.09,4.34,-1.05,0.4426,-0.20,16.51,12.92,9.25,1,1,1,0,36.76,133.35,3.86,5436,5799,6007,5781,0.974,0.00,0.00,-34.00,14.61,7.89,-3.39
57,58320981,20.00,1,3,10.38,1,1,1.00,0.71,39.90,-21.37,11.89,9.
94,9.08,-4.86,-3.90,-12.80,-1.74,0.08,0.00,0.00,-1.74,0.08,-0.51,0.41,0.17,-1.16,-0.46,-0.04,-1.74,-0.57,0.08,0.72,-0.81,-2.22,-5.71,1.57,-0.01,-0.78,0.65,0.12,-4.30,-0.13,-0.24,0.5731,-0.22,18.09,11.89,9.94,1,1,1,0,37.08,133.29,2.05,5550,5864,5923,5617,0.974,0.00,0.00,
-33.85,14.54,7.87,-3.38
58,58340977,20.00,1,3,10.38,1,1,1.00,0.71,39.66,-21.57,12.60,10.64,9.04,-4.90,-3.56,-13.31,-1.83,0.07,0.00,0.00,-1.83,0.07,-0.47,0.41,0.16,-1.20,-0.46,-0.07,-1.83,-0.55,0.07,0.67,-1.08,-1.54,-6.53,-2.35,0.57,-0.42,0.65,0.36,-3.47,-5.0
8,0.24,0.4459,20.99,18.83,12.60,10.64,1,1,1,0,37.09,133.29,2.05,5753,5874,5961,5538,0.974,0.00,0.00,-33.69,14.48,7.84,-3.37
59,58360982,20.00,1,3,10.38,1,1,1.00,0.72,39.41,-21.78,11.62,9.53,9.00,-4.95,-3.03,-13.35,-1.79,-0.04,0.00,0.00,-1.79,-0.04,-0.40,0.41,0.17,-1.2
1,-0.46,-0.06,-1.79,-0.61,-0.04,0.54,-0.47,-1.65,-5.45,-5.17,0.69,-0.17,0.65,0.23,-3.52,-7.47,0.49,0.4510,0.04,-3.48,11.62,9.53,1,1,1,0,37.10,133.37,1.94,5803,5889,5943,5492,0.974,0.00,0.00,-33.53,14.41,7.82,-3.36
60,58380971,19.99,1,3,10.38,1,1,1.00,0.72,39.17,-21.97
,11.62,9.53,8.96,-5.00,-2.68,-13.39,-1.79,-0.08,0.00,0.00,-1.79,-0.08,-0.35,0.41,0.16,-1.21,-0.46,-0.05,-1.79,-0.69,-0.0
8,0.43,-0.28,-1.32,-4.83,-5.68,0.74,0.03,0.65,0.07,-2.93,-5.06,-0.29,0.4834,0.00,0.00,11.62,9.53,1,0,0,0,37.11,133.37,1.94,5676,5815,6086,5558,0.974,0.00,0.00,-33.38,14.34,7.79,-3.35
61,58400983,20.01,1,3,10.38,1,1,1.00,0.72,38.94,-22.16,13.66,7.22,8.92,-5.04,-3.04,-12
.74,-1.61,0.09,0.00,0.00,-1.61,0.09,-0.40,0.41,0.10,-1.15,-0.46,0.00,-1.61,-0.77,0.09,0.35,0.92,0.18,-2.22,-3.99,0.34,-0.11,0.65,-0.20,-0.65,-3.68,-0.26,0.3502,35.87,-17.93,13.66,7.22,1,1,1,0,37.25,133.36,1.16,5669,5831,5990,5648,0.974,0.00,0.00,-33.22,14.27,7.77,-3.34


62,58420980,20.00,1,3,10.38,1,1,1.00,0.73,38.67,-22.31,11.06,9.82,8.87,-5.08,-2.54,-13.08,-1.74,-0.07,0.00,0.00,-1.74,-0.07,-0.33,0.41,0.12,-1.18,-0.46,-0.02,-1.74,-0.80,-0.07,0.30,-0.22,-0.86,-3.96,-2.14,0.54,-0.01,0.65,-0.09,-2.04,-2.20,-0.13,0.4114,-62.97,78.10,11.06,9.82
,1,1,1,1,37.25,133.36,1.16,5736,5835,6012,5630,0.974,0.00,0.00,-33.07,14.21,7.74,-3.33
63,58440988,20.01,1,3,10.38,1,1,1.00,0.74,38.45,-22.50,9.54,11.01,8.83,-5.12,-1.75,-13.69,-1.87,-0.25,0.00,0.00,-1.87,-0.25,-0.23,0.41,0.16,-1.24,-0.46,-0.05,-1.87,-0.80,-0.25,0.28,-
0.93,-1.69,-5.36,0.43,-0.21,-0.55,0.65,-0.32,-3.39,-1.37,-0.41,0.4185,-7.32,24.20,9.54,11.01,1,1,1,0,37.27,133.39,1.06,5570,5931,5982,5733,0.974,0.00,0.00,-32.91,14.14,7.72,-3.32
64,58460984,20.00,1,3,10.38,1,1,1.00,0.73,38.26,-22.72,7.90,12.80,8.80,-5.17,-0.72,-14.70
,-2.07,-0.49,0.00,0.00,-2.07,-0.49,-0.09,0.41,0.21,-1.33,-0.47,-0.11,-2.07,-0.76,-0.49,0.27,-1.82,-2.52,-7.41,-0.06,0.01,-0.67,0.65,0.03,-5.14,-1.28,-0.56,0.4664,-10.52,32.90,7.90,12.80,1,1,1,0,37.28,133.39,1.06,5578,5886,6039,5723,0.974,0.00,0.00,-32.76,14.08,7.70,-3.
31
65,58480987,20.00,1,3,10.38,1,1,1.00,0.73,38.10,-22.98,7.47,12.72,8.78,-5.23,0.00,-15.41,-2.16,-0.61,0.00,0.00,-2.16,-0.61,0.00,0.41,0.22,-1.39,-0.47,-0.13,-2.16,-0.75,-0.61,0.23,-1.71,-2.38,-7.79,-1.72,0.07,-0.72,0.64,0.14,-5.51,-3.21,-0.39,0.4642,2.56,11
.82,7.47,12.72,1,1,1,0,37.33,133.41,0.82,5606,5907,6026,5690
,0.974,0.00,0.00,-32.61,14.01,7.67,-3.30
66,58500986,20.00,1,3,10.38,1,1,1.00,0.73,37.95,-23.23,7.63,11.58,8.75,-5.29,0.00,-15.57,-2.12,-0.56,0.00,0.00,-2.12,-0.56,0.00,0.41,0.18,-1.41,-0.47,-0.11,-2.12,-0.79,-0.56,0.16,-0.90,-1.25,-6.59,-5.19,0.64,-0.33,0.64,0.34,-3.7
2,-4.85,-0.19,0.5478,9.54,-1.42,7.63,11.58,1,1,1,0,37.33,133.41,0.82,5736,5841,6060,5617,0.974,0.00,0.00,-32.45,13.94,7.65,-3.29
67,58520992,20.01,1,3,10.37,1,1,1.00,0.73,37.80,-23.47,6.75,10.64,8.73,-5.35,0.00,-15.41,-2.05,-0.55,0.00,0.00,-2.05,-0.55,0.00,0.41,0.14,-1
.39,-0.47,-0.08,-2.05,-0.87,-0.55,0.07,-0.13,-0.74,-5.06,-5.80,0.68,-0.10,0.64,0.16,-2.72,-6.37,0.30,0.4508,-3.40,-0.04,6.75,10.64,1,1,1,0,37.37,133.42,0.67,5776,5931,6033,5518,0.975,0.00,0.00,-32.30,13.88,7.62,-3.28
68,58540986,19.99,1,3,10.37,1,1,1.00,0.72,37.66,-23.68,7.64,9.64,8.71,-5.40,0.00,-14.99,-1.94,-0.50,0.00,0.00,-1
.94,-0.50,0.00,0.41,0.11,-1.35,-0.47,-0.04,-1.94,-0.97,-0.50,-0.05,0.59,-0.17,-3.30,-5.82,0.71,0.10,0.64,-0.01,-1.61,-6.04,0.21,0.4056,17.93,-1.85,7.64,9.64,1,1,1,0,37.37,133.42,0.67,5767,5925,6057,5526,0.975,0.00,0.00,-32.15,13.81,7.60,-3.27
69,58560993,20.01,1,3,10.3
7,1,1,1.00,0.72,37.51,-23.87,5.15,12.14,8.69,-5.44,0.52,-15.56,-2.10,-0.61,0.00,0.00,-2.10,-0.61,0.07,0.41,0.13,-1.41,-0.47,-0.07,-2.10,-1.03,-0.61,-0.15,-0.58,-0.78,-4.97,-2.83,0.36,-0.06,0.64,-0.21,-2.24,-4.99,0.10,0.3685,-24.60,57.
17,5.15,12.14,1,1,1,1,37.38,133.44,0.63,5737,5928,5997,5615,0.975,0.00,0.00,-32.00,13.75,7.58,-3.26
70,58580990,20.00,1,3,10.37,1,1,1.00,0.73,37.41,-24.11,4.88,12.30,8.67,-5.50,1.26,-16.04,-2.16,-0.73,0.00,0.00,-2.16,-0.73,0.17,0.41,0.16,-1.45,-0.47,-0.08,-2.16,-1.04,-
0.73,-0.21,-0.79,-1.29,-5.43,-0.53,-0.22,-0.56,0.64,-0.31,-2.95,-2.76,-0.38,0.3594,1.83,14.22,4.88,12.30,1,1,1,0,37.39,133.44,0.63,5627,5914,5957,5786,0.975,0.00,0.00,-31.85,13.68,7.56,-3.25
71,58600996,20.01,1,3,10.37,1,1,1.00,0.74,37.31,-24.36,3.33,14.17,8.66,-5.56,
2.31,-17.06,-2.36,-0.92,0.00,0.00,-2.36,-0.92,0.30,0.41,0.21,-1.54,-0.47,-0.13,-2.36,-1.02,-0.92,-0.24,-1.72,-1.97,-7.48,0.20,-0.15,-0.71,0.64,-0.08,-4.21,-2.29,-0.38,0.5369,-14.65,35.83,3.33,14.17,1,1,1,0,37.33,133.49,0.98,5599,5944,6005,5739,0.975,0.00,0.00,
-31.69,13.62,7.53,-3.24
72,58620997,20.00,1,3,10.37,1,1,1.00,0.73,37.24,-24.64,3.06,13.51,8.62,-5.61,3.10,-17.53,-2.39,-1.04,0.00,0.00,-2.39,-1.04,0.41,0.41,0.23,-1.58,-0.48,-0.13,-2.39,-1.00,-1.04,-0.28,-1.29,-2.04,-7.28,-1.41,0.00,-0.76,0.63,0.13,-4.70,-3.34,-0.30,0.5420,-0
.07,5.87,3.06,13.51,1,1,1,0,37.22,133.57,1.59,5609,5941,6019,5687,0.975,0.00,0.00,-31.55,13.55,7.47,-3.21
73,58640999,20.00,1,3,10.37,1,1,1.00,0.73,37.18,-24.91,3.07,12.45,8.50,-5.62,3.58,-17.45,-2.32,-1.10,0.00,0.00,-2.32,-1.10,0.47,0.41,0.22,-1.58,-0.48,-0.10,-2.32,
-1.03,-1.10,-0.35,-0.40,-1.66,-5.91,-4.49,0.62,-0.35,0.63,0.36,-4.26,-5.19,-0.01,0.6640,3.23,0.04,3.07,12.45,1,1,1,0,37.42,133.50,0.52,5726,5871,6037,5564,0.976,0.00,0.00,-31.40,13.49,7.34,-3.15
74,58660998,20.00,1,3,10.37,1,1,1.00,0.72,37.12,-25.16,2.24,11.46,8.33,-5
.61,4.17,-17.00,-2.20,-1.18,0.00,0.00,-2.20,-1.18,0.55,0.41,0.22,-1.54,-0.48,-0.05,-2.20,-1.10,-1.18,-0.45,0.45,-1.56,-4.09,-6.02,0.80,0.01,0.63,0.18,-4.04,-6.34,0.14,0.4899,-7.51,-0.09,2.24,11.46,1,1,1,0,37.10,133.67,2.28,5792,5896,6071,5544,0.976,0.00,0.00,-31.26,13.4
3,7.15,-3.07
75,58681002,20.00,1,3,10.37,1,1,1.00,0.71,37.07,-25.39,3.52,9.84,8.12,-5.57,3.94,-16.06,-2.00,-1.09,0.00,0.00,-2.00,-1.09,0.52,0.41,0.16,-1.45,-0.48,0.02,-2.00,-1.18,-1.09,-0.56,1.54,-0.46,-1.46,-4.77,0.64,0.09,0.63,-0.06,-2.14,-8.05,0.50,0.4621,18.44,-8.
96,3.52,9.84,1,1,1,0,37.21,133.67,1.66,5736,5963,6001,5435,0.976,0.00,0.00,-31.12,13.37,6.92,-2.97
76,58700998,20.00,1,3,10.37,1,1,1.00,0.70,37.00,-25.59,4.23,10.81,7.90,-5.53,3.42,-15.87,-2.00,-0.94,0.00,0.00,-2.00,-0.94,0.45,0.41,0.09,-1.43,-0.48,0.03,-2.00,-1.22,-0.
94,-0.68,0.98,0.56,-1.83,-1.73,0.46,0.03,0.63,-0.20,-0.29,-8.42,0.67,0.3391,12.51,22.08,4.23,10.81,1,1,1,0,37.14,133.71,2.08,5804,5970,5914,5507,0.975,0.00,0.00,-30.98,13.31,6.69,-2.87
77,58720990,19.99,1,3,10.37,1,1,1.00,0.72,36.92,-25.80,5.35,11.11,7.64,-5.47,2.52,-1
5.86,-2.02,-0.74,0.00,0.00,-2.02,-0.74,0.33,0.41,0.00,-1.43,-0.48,0.02,-2.02,-1.19,-0.74,-0.79,0.55,1.62,-2.50,1.41,-0.04,-0.41,0.63,-0.27,1.77,-7.06,0.65,0.7132,18.55,14.69,5.35,11.11,1,1,1,0,37.11,133.75,2.23,5794,5956,5772,5632,0.975,0.00,0.00,-30.85,13.26,6.42,-2.7
6
78,58741010,20.02,1,3,10.38,1,1,1.00,0.75,36.81,-26.03,2.89,11.71,7.36,-5.41,2.96,-16.12,-2.08,-0.83,0.00,0.00,-2.08,-0.83,0.39,0.41,0.03,-1.46,-0.48,0.00,-2.08,-1.13,-0.83,-0.87,-0.03,0.50,-3.85,3.02,-0.34,-0.69,0.63,-0.28,0.62,-1.66,-0.43,0.6893,-32.36,18.73,2.89,1
1.71,1,1,1,1,36.77,133.90,3.99,5571,5885,5909,5774,0.975,0.00,0.00,-30.73,13.20,6.14,-2.64
79,58761006,20.00,1,3,10.38,1,1,1.00,0.75,36.75,-26.26,1.00,10.77,7.04,-5.33,3.94,-15.82,-2.01,-1.03,0.00,0.00,-2.01,-1.03,0.52,0.41,0.10,-1.43,-0.48,0.02,-2.01,-1.03,-1.03,-0.8
1,0.42,-0.89,-3.54,3.36,-0.31,-0.91,0.63,-0.04,-1.58,3.96,-1.14,0.5002,-21.22,-0.28,1.00,10.77,1,1,1,0,36.97,133.88,2.86,5397,5781,6001,5780,0.975,0.00,0.00,-30.62,13.15,5.81,-2.49
80,58781008,20.00,1,3,10.38,1,1,1.00,0.74,36.73,-26.48,-1.46,9.12,6.71,-5.23,5.50,-14.8
5,-1.82,-1.33,0.00,0.00,-1.82,-1.33,0.72,0.41,0.20,-1.34,-0.49,0.08,-1.82,-0.96,-1.33,-0.71,1.44,-2.44,-1.78,-0.13,0.55,-0.43,0.62,0.37,-4.46,3.13,-0.81,0.6209,-34.60,-10.26,-1.46,9.12,1,1,1,1,36.73,134.03,4.00,5581,5736,6097,5651,0.974,0.00,0.00,-30.51,13.11,5.46,-2.35

81,58801012,20.00,1,3,10.38,1,1,1.00,0.74,36.76,-26.66,-1.34,8.40,6.39,-5.13,6.15,-13.94,-1.67,-1.43,0.00,0.00,-1.67,-1.43,0.81,0.41,0.21,-1.26,-0.49,0.12,-1.67,-0.97,-1.43,-0.69,1.83,-2.18,-0.53,-4.66,1.51,0.36,0.62,0.57,-4.72,-3.03,0.12,0.8436,0.00,0.00,-1.34,8.40,1
,1,1,0,36.89,134.03,3.10,5790,5711,6080,5360,0.974,0.00,0.00,-30.40,13.06,5.11,-2.20
82,58821009,20.00,1,3,10.38,1,1,1.00,0.74,36.79,-26.83,1.11,7.78,6.09,-5.04,5.17,-13.10,-1.55,-1.18,0.00,0.00,-1.55,-1.18,0.68,0.41,0.09,-1.18,-0.49,0.15,-1.55,-1.03,-1.18,-0.77,1.95,0.09,0.
30,-5.14,1.36,0.58,0.62,0.19,-1.24,-9.33,1.02,1.2114,35.45,0.46,1.11,7.78,1,1,1,1,36.60,134.16,4.59,5943,5838,5927,5317,0.974,0.00,0.00,-30.31,13.02,4.79,-2.06
83,58841010,20.00,1,3,10.39,1,1,1.00,0.75,36.77,-26.98,3.56,7.22,5.82,-4.96,3.32,-12.33,-1.44,-0.78,0.00,0.0
0,-1.44,-0.78,0.44,0.41,-0.07,-1.11,-0.49,0.17,-1.44,-1.07,-0.78,-0.93,1.91,2.53,0.73,0.90,-0.18,-0.08,0.63,-0.74,3.02,-10.18,1.09,0.5886,52.32,0.69,3.56,7.22,1,1,1,1,36.60,134.16,4.42,5709,6013,5677,5469,0.974,0.00,0.00,-30.22,12.98,4.50,-1.93
84,58861013,20.00,1,3,10
.39,1,1,1.00,0.76,36.70,-27.13,3.95,6.66,5.58,-4.89,2.07,-11.62,-1.36,-0.53,0.00,0.00,-1.36,-0.53,0.27,0.41,-0.15,-1.05,-0.49,0.18,-1.36,-0.94,-0.53,-1.05,1.73,2.80,0.37,9.44,-1.18,-1.10,0.62,-0.74,4.44,-5.00,0.46,0.2495,8.51,0.11,3.95,6.66,1,1,1,0,36.51,134.23,4.78,55
17,6042,5609,5705,0.973,0.00,0.00,-30.13,12.95,4.26,-1.83
85,58881015,20.00,1,3,10.39,1,1,1.00,0.77,36.62,-27.26,2.67,7.34,5.36,-4.83,1.97,-11.60,-1.40,-0.54,0.00,0.00,-1.40,-0.54,0.26,0.41,-0.13,-1.05,-0.49,0.14,-1.40,-0.78,-0.54,-1.07,0.87,1.76,-1.15,9.52,-0.46,-1.15,0.62,0.06,3.43,0.37,-0.11,0.
1123,-12.35,15.36,2.67,7.34,1,1,1,0,36.53,134.27,4.50,5509,5873,5782,5659,0.973,0.00,0.00,-30.05,12.91,4.04,-1.73
86,58901011,20.00,1,3,10.39,1,1,1.00,0.77,36.57,-27.41,2.67,7.34,5.12,-4.77,1.81,-11.55,-1.43,-0.53,0.00,0.00,-1.43,-0.53,0.24,0.41,-0.11,-1.04,-0.49,0.12
,-1.43,-0.68,-0.53,-0.99,0.42,1.20,-2.18,4.12,0.46,-0.66,0.61,0.52,2.65,6.05,-0.99,0.3302,0.00,0.00,2.67,7.34,1,0,0,0,36.23,134.43,6.01,5500,5655,6039,5640,0.972,0.00,0.00,-29.98,12.88,3.79,-1.63
87,58921017,20.01,1,3,10.40,1,1,1.00,0.78,36.51,-27.55,0.04,6.15,4.88,-4
.70,2.99,-10.90,-1.34,-0.80,0.00,0.00,-1.34,-0.80,0.39,0.41,-0.00,-0.98,-0.49,0.14,-1.34,-0.65,-0.80,-0.88,0.80,-0.87,-1.52,-2.37,1.43,0.02,0.61,0.83,-0.62,5.42,-0.44,1.5332,-60.20,-6.82,0.04,6.15,1,1,1,1,36.13,134.52,6.39,5700,5523,6015,5438,0.972,0.00,0.00,-29.91,12.
85,3.55,-1.53
88,58941013,20.00,1,3,10.40,1,1,1.00,0.78,36.51,-27.68,0.07,3.70,4.66,-4.63,3.45,-9.25,-1.12,-0.90,0.00,0.00,-1.12,-0.90,0.45,0.41,0.04,-0.84,-0.49,0.21,-1.12,-0.66,-0.90,-0.75,1.90,-1.16,0.44,-0.41,0.26,-0.14,0.61,-0.21,-1.65,3.82,-0.69,0.2599,0.32,-23.
35,0.07,3.70,1,1,1,0,36.11,134.52,6.39,5449,5681,5931,5563,0.972,0.00,0.00,-29.84,12.82,3.32,-1.42
89,58961018,20.00,1,3,10.40,1,1,1.00,0.78,36.51,-27.75,2.64,1.12,4.50,-4.58,2.24,-7.05,-0.82,-0.64,0.00,0.00,-0.82,-0.64,0.29,0.41,-0.07,-0.64,-0.49,0.31,-0.82,-0.63,-0.64,-0.70,2.80,0.84,2.20,1.39,0
.34,-0.12,0.61,-0.14,1.04,-1.21,0.17,0.2223,61.39,-56.88,2.64,1.12,1,1,1,1,36.00,134.78,6.72,5584,5766,5811,5449,0.971,0.00,0.00,-29.78,12.79,3.15,-1.35
90,58981022,20.00,1,3,10.41,1,1,1.00,0.78,36.46,-27.77,5.07,1.33,4.43,-4.56,0.33,-6.10,-0.74,-0.26,0.00,0.00,-0.74,-
0.26,0.04,0.41,-0.20,-0.55,-0.49,0.31,-0.74,-0.56,-0.26,-0.77,2.33,2.80,1.75,3.72,0.24,-0.19,0.61,-0.17,4.43,-6.08,1.16,0.2601,32.30,3.73,5.07,1.33,1,1,1,0,36.44,134.70,4.11,5664,5920,5677,5293,0.971,0.00,0.00,-29.72,12.77,3.08,-1.32
91,59001022,20.00,1,3,10.41,1,1,1.0
0,0.78,36.36,-27.80,4.66,1.23,4.38,-4.56,0.00,-5.60,-0.72,-0.23,0.00,0.00,-0.72,-0.23,0.00,0.41,-0.18,-0.51,-0.50,0.28,-0.72,-0.45,-0.23,-0.88,1.60,2.00,0.71,5.96,-0.16,-0.53,0.61,-0.25,4.12,-5.33,1.05,0.2421,0.00,0.00,4.66,1.23,1,1,1,0,36.37,134.81,4.36,5664,6007,5685
,5429,0.970,0.00,0.00,-29.65,12.74,3.03,-1.30
92,59021010,19.99,1,3,10.41,1,1,1.00,0.78,36.26,-27.82,4.50,1.73,4.32,-4.55,0.00,-5.64,-0.79,-0.26,0.00,0.00,-0.79,-0.26,0.00,0.41,-0.15,-0.51,-0.50,0.22,-0.79,-0.32,-0.26,-0.92,0.66,1.07,-0.83,6.32,-0.16,-0.71,0.61,-0.06,3.20,0.
19,-0.15,0.2272,2.67,7.52,4.50,1.73,1,1,1,0,36.69,134.74,2.52,5522,5812,5810,5602,0.970,0.00,0.00,-29.59,12.72,2.98,-1.28
93,59041024,20.01,1,3,10.41,1,1,1.00,0.79,36.17,-27.86,1.98,2.01,4.26,-4.53,0.57,-5.82,-0.86,-0.41,0.00,0.00,-0.86,-0.41,0.08,0.41,-0.07,-0.53,-0.5
0,0.16,-0.86,-0.24,-0.41,-0.85,-0.01,-0.21,-2.02,3.89,0.08,-0.59,0.61,0.07,1.19,5.84,-1.31,0.3201,-49.62,5.11,1.98,2.01,1,1,1,1,36.42,134.87,3.91,5437,5677,6044,5760,0.970,0.00,0.00,-29.54,12.69,2.92,-1.26
94,59061010,19.99,1,3,10.41,1,1,1.00,0.79,36.13,-27.90,-0.52,2.13,4.17,-4.51,2.44,-5.98,-0.9
2,-0.82,0.00,0.00,-0.92,-0.82,0.32,0.41,0.08,-0.54,-0.50,0.12,-0.92,-0.15,-0.82,-0.69,-0.35,-2.61,-3.07,4.56,-0.27,-0.83,0.60,-0.05,-3.02,8.16,-1.34,0.1805,-41.28,3.50,-0.52,2.13,1,1,1,1,36.53,134.86,3.18,5343,5691,5975,5767,0.970,0.00,0.00,-29.48,12.67,2.83,-1.22
95,5
9081024,20.01,1,3,10.41,1,1,1.00,0.78,36.14,-27.94,-3.02,0.93,4.06,-4.47,4.61,-5.40,-0.85,-1.25,0.00,0.00,-0.85,-1.25,0.60,0.41,0.23,-0.49,-0.50,0.13,-0.85,-0.08,-1.25,-0.55,0.17,-2.80,-2.57,2.98,-0.08,-0.76,0.60,0.08,-5.14,4.76,-0.97,0.3380,-35.04,-12.81,-3.02,0.93,1,1
,1,1,36.64,134.84,2.55,5378,5781,6017,5656,0.970,0.00,0.00,-29.43,12.64,2.71,-1.17
96,59101028,20.00,1,3,10.41,1,1,1.00,0.77,36.20,-27.96,-2.77,0.04,3.97,-4.43,5.42,-4.62,-0.76,-1.37,0.00,0.00,-0.76,-1.37,0.71,0.41,0.25,-0.42,-0.50,0.16,-0.76,-0.05,-1.37,-0.53,0.67,-2
.57,-1.74,-2.10,1.15,-0.06,0.60,0.65,-5.73,-5.17,0.72,0.7053,0.14,-10.24,-2.77,0.04,1,1,1,0,36.79,134.79,1.75,5831,5806,5918,5337,0.970,0.00,0.00,-29.37,12.62,2.60,-1.12
97,59121027,20.00,1,3,10.41,1,1,1.00,0.78,36.26,-27.96,-0.28,-1.87,3.91,-4.40,4.41,-3.18,-0.57,-1.
11,0.00,0.00,-0.57,-1.11,0.58,0.41,0.12,-0.29,-0.50,0.22,-0.57,-0.08,-1.11,-0.68,1.59,-0.07,0.04,-3.30,0.88,0.20,0.60,0.12,-1.45,-12.55,1.27,0.3903,51.57,-24.09,-0.28,-1.87,1,1,1,1,36.72,134.80,2.16,5911,5910,5807,5341,0.970,0.00,0.00,-29.32,12.60,2.51,-1.08
98,5914103
0,20.00,1,3,10.41,1,1,1.00,0.79,36.26,-27.92,-0.24,-3.10,3.90,-4.39,3.93,-1.85,-0.41,-0.99,0.00,0.00,-0.41,-0.99,0.52,0.41,0.06,-0.17,-0.50,0.26,-0.41,-0.12,-0.99,-0.92,2.02,0.71,1.11,-1.67,0.66,0.22,0.60,-0.14,0.48,-12.08,1.23,0.1139,0.24,-17.34,-0.24,-3.10,1,1,1,0,37
.00,134.69,0.62,5843,5947,5797,5345,0.970,0.00,0.00,-29.27,12.58,2.50,-1.07
99,59161029,20.00,1,3,10.41,1,1,1.00,0.80,36.27,-27.86,1.43,-2.83,3.93,-4.39,2.82,-1.39,-0.39,-0.75,0.00,0.00,-0.39,-0.75,0.37,0.41,-0.04,-0.13,-0.50,0.23,-0.39,-0.11,-0.75,-1.09,1.44,1.95,0.54
,2.55,0.00,-0.18,0.60,-0.42,3.06,-6.19,0.15,0.0430,20.84,0.29,1.43,-2.83,1,1,1,0,36.93,134.72,1.04,5680,5899,5859,5640,0.970,0.00,0.00,-29.22,12.56,2.52,-1.08
100,59181030,20.00,1,3,10.41,1,1,1.00,0.82,36.24,-27.81,-0.28,-2.63,3.96,-4.39,3.26,-1.30,-0.42,-0.85,0.00,0.
00,-0.42,-0.85,0.43,0.41,0.00,-0.12,-0.50,0.19,-0.42,-0.02,-0.85,-1.12,0.73,0.66,-0.57,5.62,-0.31,-0.64,0.60,-0.28,1.52,2.29,-0.78,0.0932,-20.22,-0.29,-0.28,-2.63,1,1,1,0,37.09,134.65,0.16,5544,5772,5894,5831,0.970,0.00,0.00,-29.17,12.53,2.54,-1.09
101,592010
34,20.00,1,3,10.40,1,1,1.00,0.84,36.25,-27.75,-2.75,-2.46,3.98,-4.39,4.81,-1.37,-0.47,-1.17,0.00,0.00,-0.47,-1.17,0.63,0.41,0.12,-0.12,-0.50,0.15,-0.47,0.09,-1.17,-1.04,0.17,-1.54,-1.62,5.67,-0.21,-0.79,0.59,-0.02,-1.94,5.05,-0.94,0.4652,-31.81,-0.47,-2.75,-2.46,1,1,1,1
,37.16,134.61,-0.20,5519,5798,5991,5820,0.970,0.00,0.00,-29.12,12.51,2.55,-1.09
102,59221025,19.99,1,3,10.40,1,1,1.00,0.84,36.30,-27.70,-5.21,-1.64,3.97,-4.37,6.84,-1.86,-0.58,-1.57,0.00,0.00,-0.58,-1.57,0.90,0.41,0.25,-0.17,-0.50,0.09,-0.58,0.16,-1.57,-0.96,-0.53,
-2.80,-3.10,3.79,0.04,-0.68,0.59,0.14,-4.75,3.79,-0.94,0.5555,-39.01,7.99,-5.21,-1.64,1,1,1,1,37.32,134.49,-0.98,5509,5825,6086,5746,0.971,0.00,0.00,-29.07,12.49,2.52,-1.08
103,59241034,20.01,1,3,10.40,1,1,1.00,0.84,36.41,-27.67,-4.80,-1.51,3.93,-4.33,7.52,-2.13,-0.64
,-1.66,0.00,0.00,-0.64,-1.66,0.98,0.42,0.26,-0.19,-0.50,0.05,-0.64,0.19,-1.66,-0.95,-0.71,-2.38,-3.76,-0.29,0.56,-0.35,0.59,0.34,-4.76,-1.84,-0.22,0.9740,0.00,0.00,-4.80,-1.51,1,1,1,0,37.08,134.50,0.41,5739,5828,6033,5648,0.971,0.00,0.00,-29.02,12.47,2.44,-1.05
104,592
61038,20.00,1,3,10.40,1,1,1.00,0.85,36.50,-27.64,-2.34,-1.34,3.88,-4.30,6.47,-2.30,-0.67,-1.39,0.00,0.00,-0.67,-1.39,0.85,0.42,0.12,-0.21,-0.50,0.03,-0.67,0.16,-1.39,-1.01,-0.69,0.10,-3.80,-3.18,0.71,-0.07,0.59,0.22,-1.11,-6.72,0.51,0.7131,38.57,0.57,-2.34,-1.34,1,1,1,
1,37.07,134.42,0.52,5869,5827,5880,5548,0.972,0.00,0.00,-28.97,12.45,2.37,-1.02
105,59281038,20.00,1,3,10.39,1,1,1.00,0.87,36.55,-27.61,-2.16,-1.24,3.85,-4.28,5.87,-2.43,-0.70,-1.24,0.00,0.00,-0.70,-1.24,0.77,0.42,0.05,-0.22,-0.50,0.02,-0.70,0.11,-1.24,-1.14,-0.61,0.
98,-3.58,-2.33,0.21,-0.19,0.59,-0.19,0.67,-8.64,0.91,0.5154,0.00,0.00,-2.16,-1.24,1,1,1,0,36.89,134.42,1.59,5821,5978,5793,5527,0.972,0.00,0.00,-28.93,12.43,2.32,-1.00
106,59301041,20.00,1,3,10.39,1,1,1.00,0.87,36.59,-27.59,-2.01,-0.10,3.82,-4.26,5.49,-3.09,-0.81,-1.15
,0.00,0.00,-0.81,-1.15,0.72,0.42,0.01,-0.28,-0.50,-0.03,-0.81,0.13,-1.15,-1.22,-1.04,1.18,-4.78,1.75,-0.36,-0.67,0.58,-0.29,1.42,-2.40,-0.26,0.1011,-0.20,13.24,-2.01,-0.10,1,1,1,0,36.91,134.39,1.49,5543,5899,5872,5708,0.972,0.00,0.00,-28.88,12.41,2.28,-0.98
107,59321
042,20.00,1,3,10.39,1,1,1.00,0.89,36.63,-27.59,-2.73,1.36,3.77,-4.23,5.67,-4.18,-0.97,-1.18,0.00,0.00,-0.97,-1.18,0.74,0.42,0.02,-0.38,-0.50,-0.09,-0.97,0.17,-1.18,-1.21,-1.67,0.56,-6.40,0.55,0.01,-0.67,0.58,0.10,0.63,2.17,-0.70,0.2227,-11.22,18.48,-2.73,1.36,1,1,1,0,36
.87,134.42,1.72,5578,5754,5941,5762,0.972,0.00,0.00,-28.84,12.39,2.21,-0.95
108,59341026,19.98,1,3,10.39,1,1,1.00,0.90,36.69,-27.61,-4.30,3.82,3.68,-4.19,6.54,-6.01,-1.23,-1.36,0.00,0.00,-1.23,-1.36,0.86,0.42,0.09,-0.54,-0.50,-0.19,-1.23,0.16,-1.36,-1.13,-2.70,-0.72,-
8.70,-2.56,0.31,-0.48,0.58,0.23,-1.45,3.74,-0.77,0.2640,-22.77,38.01,-4.30,3.82,1,1,1,1,37.17,134.31,0.10,5599,5704,5990,5721,0.973,0.00,0.00,-28.80,12.37,2.10,-0.90
109,59361044,20.02,1,3,10.39,1,1,1.00,0.91,36.77,-27.69,-3.56,4.36,3.53,-4.14,6.45,-7.11,-1.36,-1.32,0
.00,0.00,-1.36,-1.32,0.84,0.42,0.06,-0.64,-0.50,-0.22,-1.36,0.10,-1.32,-1.06,-2.57,-0.25,-8.92,-3.84,-0.06,-0.61,0.58,-0.03,-1.08,1.49,-0.51,0.2437,5.18,10.78,-3.56,4.36,1,1,1,0,37.19,134.28,0.03,5582,5870,5989,5731,0.973,0.00,0.00,-28.76,12.36,1.92,-0.83
110,59381044
,20.00,1,3,10.39,1,1,1.00,0.92,36.84,-27.78,-2.08,4.33,3.38,-4.09,5.51,-7.56,-1.39,-1.12,0.00,0.00,-1.39,-1.12,0.72,0.42,-0.02,-0.68,-0.50,-0.20,-1.39,0.05,-1.12,-1.04,-1.82,1.11,-8.05,-5.73,0.42,-0.40,0.57,0.26,0.87,-2.03,0.30,0.7872,15.31,3.90,-2.08,4.33,1,1,1,0,37.54
,134.10,-1.84,5807,5864,5895,5617,0.973,0.00,0.00,-28.72,12.34,1.75,-0.75
111,59401030,19.99,1,3,10.38,1,1,1.00,0.93,36.88,-27.86,0.37,6.78,3.25,-4.05,3.64,-9.08,-1.58,-0.73,0.00,0.00,-1.58,-0.73,0.48,0.42,-0.16,-0.82,-0.50,-0.26,-1.58,-0.05,-0.73,-1.09,-2.36,2.80,-9.0
3,-7.69,0.60,-0.05,0.57,0.09,3.95,-3.59,0.45,0.4245,31.43,45.03,0.37,6.78,1,1,1,1,37.17,134.14,0.33,5851,5952,5993,5573,0.973,0.00,0.00,-28.69,12.33,1.61,-0.69

112,59421041,20.01,1,3,10.38,1,1,1.00,0.94,36.88,-28.00,0.37,6.78,3.10,-4.01,2.71,-9.74,-1.63,-0.57,0.00,0.00,-1.63,-0.57,0.36,0.42,-0.20,-0.88,-0.50,-0.25,-1.63,-0.16,-0.57,-1.14,-1.85,2.80,-8.25,-8.11,0.50,-0.12,0.57,0.05,4.63,-3.58,0.80,0.8566,0.00,0.00,0.37,6.78,1,0,0,0,37.20,134.05,0.25,5854,5943,5862,5511,0.974,0.00,0.00,-28.66,12.32,1.44
,-0.62
113,59441049,20.01,1,3,10.38,1,1,1.00,0.95,36.87,-28.14,2.55,5.09,2.95,-3.97,1.01,-9.05,-1.48,-0.26,0.00,0.00,-1.48,-0.26,0.13,0.42,-0.29,-0.82,-0.50,-0.16,-1.48,-0.24,-0.26,-1.12,-0.25,2.80,-5.49,-1.43,-0.98,-0.86,0.57,-0.72,6.08,4.10,-0.85,0.3497,26.18,-13.35
,2.55,5.09,1,1,1,0,36.94,134.08,1.69,5480,5888,5854,5963,0.974,0.00,0.00,-28.64,12.30,1.29,-0.56
114,59461052,20.00,1,3,10.38,1,1,1.00,0.98,36.82,-28.24,0.41,6.44,2.85,-3.96,1.41,
-9.52,-1.52,-0.40,0.00,0.00,-1.52,-0.40,0.18,0.42,-0.20,-0.86,-0.51,-0.15,-1.52,-0.22,-0.40,-0.97,-0.42,0.96,-5.95,0.37,-0.26,-0.74,0.57,-0.10,2.78,8.73,-0.86,0.2990,-23.06,21.32,0.41,6.44,1,1,1,0,37.09,134.02,0.89,5525,5773,5931,5822,0.974,0.00,0.00,-28.61,12.29,1.20,-
0.52
115,59481050,20.00,1,3,10.38,1,1,1.00,0.98,36.81,-28.37,-1.04,7.46,2.72,-3.93,2.33,-10.32,-1.63,-0.63,0.00,0.00,-1.63,-0.63,0.30,0.42,-0.09,-0.93,-0.51,-0.17,-1.63,-0.20,-0.63,-0.79,-0.93,-0.80,-7.09,-0.03,-0.14,-0.75,0.57,0.04,-0.29,6.97,-0.68,0.2303,-17.20,18.88,-1.04,7.46,1,1,1,0,37.12,134.02,0.79,5548,5839,5982,5763,0.
974,0.00,0.00,-28.59,12.28,1.07,-0.46
116,59501052,20.00,1,3,10.38,1,1,1.00,0.99,36.83,-28.51,-0.69,7.84,2.57,-3.90,2.44,-10.86,-1.69,-0.67,0.00,0.00,-1.69,-0.67,0.32,0.42,-0.06,-0.98,-0.51,-0.17,-1.69,-0.19,-0.67,-0.67,-0.97,-0.77,-7.47,-0.62,-0.25,-0.81,0.56,-0.00,-0.78,3.36,-0.43,0.2856,3.28,12.07,-0.69,7.84,1,1,1,0,37.44,133.88,-0.95,5603,5857,5903,578
1,0.974,0.00,0.00,-28.57,12.28,0.91,-0.39
117,59521053,20.00,1,3,10.38,1,1,1.00,1.01,36.85,-28.67,1.86,7.69,2.43,-3.87,0.94,-10.96,-1.66,-0.37,0.00,0.00,-1.66,-0.37,0.12,0.42,-0.17,-0.99,-0.51,-0.14,-1.66,-0.20,-0.37,-0.64,-0.49,1.33,-6.85,-1.78,-0.04,-0.72,0.56,0.12,
2.17,-0.87,0.16,0.3331,35.43,5.99,1.86,7.69,1,1,1,1,37.21,133.96,0.38,5737,5962,5910,5705,0.974,0.00,0.00,-28.56,12.27,0.77,-0.33
118,59541055,20.00,1,3,10.37,1,1,1.00,1.01,36.81,-28.83,4.38,7.12,2.32,-3.86,-0.18,-10.65,-1.57,-0.18,0.00,0.00,-1.57,-0.18,-0.02,0.42,-0.22,-0.96,-0.51,-0.10,-1.57,-0.23,-0.18,-0.67,0.26,2.08,-5.49
,-2.66,0.13,-0.53,0.56,0.11,3.66,-3.39,0.78,0.2924,38.81,0.68,4.38,7.12,1,1,1,1,37.23,133.95,0.32,5778,6025,5853,5536,0.975,0.00,0.00,-28.54,12.26,0.66,-0.28
119,59561058,20.00,1,3,10.37,1,1,1.00,1.01,36.72,-28.97,6.01,6.58,2.22,-3.86,-2.09,-10.18,-1.48,0.18,0.00,0.00,
-1.48,0.18,-0.27,0.42,-0.32,-0.92,-0.51,-0.05,-1.48,-0.27,0.18,-0.72,0.73,2.80,-4.34,-3.45,0.38,-0.26,0.56,0.09,6.28,-1.56,0.35,0.2546,24.55,0.43,6.01,6.58,1,1,1,0,37.14,133.99,0.82,5768,5924,5933,5575,0.975,0.00,0.00,-28.53,12.26,0.58,-0.25
120,59581056,20.00,1,3,10.3
7,1,1,1.00,1.01,36.60,-29.10,6.89,7.71,2.14,-3.86,-3.47,-10.65,-1.56,0.40,0.00,0.00,-1.56,0.40,-0.45,0.42,-0.36,-0.96,-0.51,-0.07,-1.56,-0.32,0.40,-0.70,-0.02,2.80,-5.25,-2.52,0.20,-0.23,0.55,-0.12,7.38,2.07,0.05,0.2858,17.07,20.64,6.89,7.71,1,1,1,0,37.29,133.93,0.02,5
698,5892,5932,5633,0.975,0.00,0.00,-28.52,12.25,0.52,-0.22
121,59601059,20.00,1,3,10.37,1,1,1.00,1.02,36.46,-29.25,6.32,8.35,2.05,-3.87,-3.77,-11.23,-1.65,0.39,0.00,0.00,-1.65,0.39,-0.49,0.42,-0.31,-1.01,-0.51,-0.09,-1.65,-0.33,0.39,-0.61,-0.60,1.75,-6.27,-0.15,-0.32,-
0.64,0.55,-0.24,5.79,6.35,-0.41,0.2893,-0.28,15.74,6.32,8.35,1,1,1,0,37.35,133.89,-0.27,5597,5912,5935,5790,0.975,0.00,0.00,-28.51,12.25,0.46,-0.20
122,59621061,20.00,1,3,10.37,1,1,1.00,1.01,36.34,-29.42,4.67,10.84,1.96,-3.87,-2.99,-12.97,-1.98,0.17,0.00,0.00,-1.98
,0.17,-0.39,0.42,-0.19,-1.17,-0.51,-0.18,-1.98,-0.31,0.17,-0.45,-2.38,-0.23,-9.77,0.57,-0.41,-0.86,0.55,-0.11,1.74,8.50,-0.79,0.3292,-14.33,46.87,4.67,10.84,1,1,1,1,37.39,133.86,-0.42,5499,5926,6026,5816,0.975,0.00,0.00,-28.51,12.25,0.39,-0.17
123,59641059,20.00,1,3,1
0.37,1,1,1.00,1.00,36.24,-29.64,3.35,10.99,1.84,-3.88,-1.96,-13.79,-2.07,-0.09,0.00,0.00,-2.07,-0.09,-0.26,0.42,-0.07,-1.25,-0.51,-0.20,-2.07,-0.31,-0.09,-0.33,-2.13,-1.70,-9.99,-1.53,-0.36,-1.04,0.54,0.12,-0.91,7.00,-0.87,0.0249,-11.97,12.73,3.35,10.99,1,1,1,0,37.40,1
33.83,-0.41,5478,5936,6070,5803,0.975,0.00,0.00,-28.50,12.25,0.29,-0.12
124,59661049,19.99,1,3,10.37,1,1,1.00,0.99,36.18,-29.86,3.09,10.12,1.74,-3.89,-1.44,-13.60,-1.98,-0.21,0.00,0.00,-1.98,-0.21,-0.19,0.42,-0.02,-1.23,-0.51,-0.15,-1.98,-0.35,-0.21,-0.26,-0.
82,-1.86,-8.01,-5.34,0.36,-0.58,0.54,0.41,-1.71,2.33,-0.27,0.7163,0.00,0.00,3.09,10.12,1,1,1,0,37.44,133.77,-0.56,5714,5860,6026,5691,0.975,0.00,0.00,-28.50,12.24,0.19,-0.08
125,59681063,20.01,1,3,10.37,1,1,1.00,1.00,36.11,-30.06,4.57,8.15,1.65,-3.90,-2.15,-12.34,-1.70
,-0.07,0.00,0.00,-1.70,-0.07,-0.28,0.42,-0.07,-1.11,-0.52,-0.04,-1.70,-0.46,-0.07,-0.26,1.19,-0.33,-4.06,-8.79,1.08,0.10,0.54,0.47,0.30,-3.45,0.62,1.0387,21.80,-14.80,4.57,8.15,1,1,1,0,37.07,133.84,1.53,5946,5875,5996,5495,0.975,0.00,0.00,-28.49,12.24,0.12,-0.05
126,59
701067,20.00,1,3,10.38,1,1,1.00,1.00,36.02,-30.22,7.04,6.45,1.60,-3.92,-3.93,-10.80,-1.42,0.30,0.00,0.00,-1.42,0.30,-0.52,0.42,-0.19,-0.98,-0.52,0.07,-1.42,-0.57,0.30,-0.33,2.46,2.00,-0.74,-9.15,1.25,0.64,0.54,0.10,4.01,-6.10,0.96,0.7555,42.58,-13.29,7.04,6.45,1,1,1,1,37.03,133.81,1.77,5928,5884,59
61,5344,0.975,0.00,0.00,-28.49,12.24,0.08,-0.04
127,59721055,19.99,1,3,10.38,1,1,1.00,0.99,35.88,-30.35,8.90,5.86,1.55,-3.94,-5.79,-9.82,-1.29,0.70,0.00,0.00,-1.29,0.70,-0.76,0.42,-0.30,-0.89,-0.52,0.12,-1.29,-0.64,0.70,-0.40,2.43,2.80,0.31,-1.59,0.10,0.11,0.55,-0.54,7
.33,-4.73,0.99,0.4285,30.67,-0.99,8.90,5.86,1,1,1,0,36.65,133.93,3.75,5771,6038,5805,5483,0.975,0.00,0.00,-28.49,12.24,0.06,-0.03
128,59741067,20.01,1,3,10.38,1,1,1.00,1.00,35.70,-30.47,8.80,8.33,1.50,-3.96,-6.52,-10.92,-1.52,0.79,0.00,0.00,-1.52,0.79,-0.85,0.42,-0.2
9,-0.99,-0.52,0.02,-1.52,-0.53,0.79,-0.37,0.18,2.38,-3.84,11.62,-2.16,-1.42,0.54,-1.34,7.23,6.59,-1.06,0.1668,7.61,64.09,8.80,8.33,1,1,1,1,36.77,133.88,3.08,5185,5983,5693,6037,0.974,0.00,0.00,-28.49,12.24,0.05,-0.02
129,59761067,20.00,1,3,10.38,1,1,1.00,1.00,35.53,-3
0.64,8.11,7.67,1.44,-3.99,-6.43,-10.99,-1.51,0.69,0.00,0.00,-1.51,0.69,-0.84,0.42,-0.23,-
0.99,-0.52,0.01,-1.51,-0.29,0.69,-0.21,0.14,0.94,-5.03,13.88,-1.85,-2.23,0.53,-0.21,4.44,11.65,-1.15,0.3616,0.00,0.00,8.11,7.67,1,1,1,0,36.52,134.03,4.35,5194,5981,5797,5988,0.974,0.00,0.00,-28.49,12.24,0.03,-0.01
130,59781069,20.00,1,3,10.39,1,1,1.00,0.99,35.37,-30.7
9,5.65,8.40,1.40,-4.01,-4.95,-11.50,-1.62,0.30,0.00,0.00,-1.62,0.30,-0.65,0.41,-0.07,-1.04,-0.52,-0.02,-1.62,-0.15,0.30,-0.05,-0.55,-1.78,-6.91,6.08,-0.08,-1.40,0.53,0.79,-0.65,11.64,-1.38,0.6358,-31.74,16.96,5.65,8.40,1,1,1,1,36.60,134.02,3.79,5348,5703,6044,5733,0.974
,0.00,0.00,-28.49,12.24,0.02,-0.01
131,59801070,20.00,1,3,10.39,1,1,1.00,0.99,35.25,-30.96,3.19,6.74,1.36,-4.04,-2.89,-10.75,-1.46,-0.14,0.00,0.00,-1.46,-0.14,-0.38,0.41,0.10,-0.97,-0.52,0.03,-1.46,-0.12,-0.14,0.14,0.61,-2.80,-5.15,-3.04,1.01,-0.49,0.52,1.01,-3.68,8.5
9,-1.21,0.7894,-27.19,-12.71,3.19,6.74,1,1,1,1,36.42,134.10,4.64,5592,5521,6108,5646,0.973,0.00,0.00,-28.49,12.24,0.00,-0.00
132,59821073,20.00,1,3,10.39,1,1,1.00,1.00,35.19,-31.09,5.37,4.29,1.35,-4.07,-3.35,-8.97,-1.20,-0.02,0.00,0.00,-1.20,-0.02,-0.44,0.41,0.05,-0.81,-0.52,0.14,-1.20,-0.20,-0.02,0.27,2.02,-1.10,-2.01,-6.47,1.04,0.1
7,0.52,0.38,-2.01,1.89,-0.37,0.2865,30.87,-34.32,5.37,4.29,1,1,1,1,36.46,134.14,4.26,5665,5625,5996,5489,0.973,0.00,0.00,-28.49,12.25,0.00,0.00
133,59841060,19.99,1,3,10.39,1,1,1.00,1.00,35.08,-31.18,7.82,2.98,1.32,-4.08,-5.02,-7.45,-0.99,0.36,0.00,0.00,-0.99,0.36,-0.
66,0.41,-0.09,-0.67,-0.52,0.20,-0.99,-0.29,0.36,0.23,2.57,1.63,0.23,-5.29,0.88,0.41,0.52,-0.03,2.05,-6.73,1.14,0.3257,41.70,-12.35,7.82,2.98,1,1,1,1,36.32,134.28,4.90,5817,5883,5814,5284,0.973,0.00,0.00,-28.51,12.29,0.00,0.00
134,59861076,20.02,1,3,10.39,1,1,1.00,0.98,
34.93,-31.24,10.28,4.88,1.29,-4.09,-7.19,-7.97,-1.11,0.87,0.00,0.00,-1.11,0.87,-0.94,0.41,-0.24,-0.72,-0.52,0.13,-1.11,-0.33,0.87,0.06,0.93,2.80,-1.88,2.65,-0.64,-0.30,0.52,-0.88,5.74,-8.81,1.33,0.0296,50.32,27.15,10.28,4.88,1,1,1,1,36.31,134.37,4.77,5589,6122,5602,5408
,0.973,0.00,0.00,-28.51,12.30,0.00,0.00
135,59881071,20.00,1,3,10.39,1,1,1.00,0.97,34.72,-31.34,9.42,7.21,1.25,-4.11,-7.60,-9.59,-1.39,0.88,0.00,0.00,-1.39,0.88,-1.00,0.41,-0.22,-0.87,-0.52,0.00,-1.39,-0.19,0.88,-0.04,-1.09,1.90,-6.15,8.95,-1.47,-1.36,0.52,-0.67,5.55,-
1.49,0.17,0.1807,-0.59,34.60,9.42,7.21,1,1,1,0,36.29,134.37,4.77,5374,6031,5597,5716,0.972,0.00,0.00,-28.52,12.32,0.00,0.00
136,59901075,20.00,1,3,10.39,1,1,1.00,0.97,34.53,-31.48,6.97,6.60,1.20,-4.12,-6.31,-9.91,-1.44,0.50,0.00,0.00,-1.44,0.50,-0.83,0.41,-0.08,-0.89,-0.52,-0.0
2,-1.44,0.02,0.50,0.02,-1.01,-1.13,-7.31,8.70,-1.34,-1.87,0.51,-0.02,0.40,7.78,-1.40,0.2067,-35.56,-0.60,6.97,6.60,1,1,1,1,36.45,134.45,3.74,5180,5803,5819,5904,0.972,0.00,0.00,-28.54,12.40,0.00,0.00
137,59921075,20.00,1,3,10.40,1,1,1.00,0.97,34.39,-31.61,6.42,6.08,1.1
7,-4.13,-5.48,-9.74,-1.41,0.30,0.00,0.00,-1.41,0.30,-0.72,0.41,0.00,-0.88,-0.53,-0.00,-1.41,0.12,0.30,0.22,-0.47,-1.90,-7.17,0.29,0.37,-0.96,0.51,0.84,-1.63,11.17,-2.00,0.4237,0.00,0.00,6.42,6.08,1,1,1,0,36.43,134.45,3.74,5346,5521,6148,5775,0.972,0.00,0.00,-28.56,12.4
8,0.00,0.00
138,59941075,20.00,1,3,10.40,1,1,1.00,0.97,34.26,-31.73,6.42,6.08,1.14,-4.14,-5.16,-9.67,-1.40,0.24,0.00,0.00,-1.40,0.24,-0.68,0.41,0.02,-0.87,-0.53,0.00,-1.40,0.08,0.24,0.40,-0.25,-1.63,-6.68,-5.28,0.79,-0.24,0.50,0.55,-2.15,5.20,-0.61,0.2901,0.00,0.00,6.
42,6.08,1,0,0,0,36.57,134.50,2.87,5579,5650,6019,5530,0.972,0.00,0.00,-28.59,12.56,0.00,0.00
139,59961076,20.00,1,3,10.40,1,1,1.00,0.97,34.13,-31.85,5.33,5.56,1.11,-4.15,-4.39,-9.35,-1.35,0.09,0.00,0.00,-1.35,0.09,-0.58,0.41,0.08,-0.84,-0.53,0.02,-1.35,-0.03,0.09,0.43,
0.13,-2.01,-5.51,-6.34,0.55,-0.04,0.50,0.11,-3.11,-2.68,0.55,0.1905,-6.59,-0.11,5.33,5.56,1,1,1,0,36.57,134.50,2.87,5699,5874,5875,5409,0.971,0.00,0.00,-28.61,12.63,0.00,0.00
140,59981081,20.00,1,3,10.40,1,1,1.00,0.96,34.03,-31.97,7.93,5.17,1.08,-4.16,-5.66,-8.97,-1.3
0,0.39,0.00,0.00,-1.30,0.39,-0.74,0.41,-0.03,-0.81,-0.53,0.04,-1.30,-0.11,0.39,0.35,0.42,0.59,-4.59,-3.86,0.12,-0.21,0.50,-0.17,0.74,-7.23,0.68,0.2459,53.92,0.90,7.93,5.17,1,1,1,1,36.68,134.54,2.26,5674,5934,5788,5462,0.972,0.00,0.00,-28.63,12.71,0.00,0.00
141,60001079
,20.00,1,3,10.40,1,1,1.00,0.95,33.87,-32.07,10.50,6.40,1.05,-4.17,-7.74,-9.53,-1.39,0.90,0.00,0.00,-1.39,0.90,-1.01,0.41,-0.19,-0.86,-0.53,-0.00,-1.39,-0.14,0.90,0.22,-0.31,2.80,-5.63,-0.97,-0.25,-0.46,0.50,-0.31,5.07,-7.09,0.90,0.1605,54.16,20.04,10.50,6.40,1,1,1,1,36.
68,134.54,2.26,5669,6025,5720,5498,0.972,0.00,0.00,-28.65,12.76,0.00,0.00
142,60021085,20.01,1,3,10.40,1,1,1.00,0.95,33.66,-32.20,9.61,7.82,1.00,-4.18,-8.08,-10.63,-1.58,0.91,0.00,0.00,-1.58,0.91,-1.06,0.41,-0.18,-0.96,-0.53,-0.07,-1.58,-0.13,0.91,0.13,-1.36,1.87,-7.66,-0.34
,-0.14,-0.67,0.50,0.02,4.63,-4.15,0.92,0.5237,-0.39,23.77,9.61,7.82,1,1,1,0,36.63,134.61,2.51,5701,6000,5718,5494,0.972,0.00,0.00,-28.66,12.83,0.00,0.00
143,60041070,19.99,1,3,10.39,1,1,1.00,0.95,33.47,-32.35,8.83,7.33,0.96,-4.19,-7.77,-10.78,-1.58,0.78,0.00,0.00,-1.5
8,0.78,-1.02,0.41,-0.12,-0.97,-0.53,-0.07,-1.58,-0.14,0.78,0.10,-0.86,0.46,-7.07,-2.50,-0.06,-0.65,0.50,0.09,2.74,-0.72,0.14,1.0288,-0.03,1.74,8.83,7.33,1,1,1,0,36.63,134.61,2.51,5607,5875,5821,5584,0.972,0.00,0.00,-28.69,12.93,0.00,0.00
144,60061089,20.02,1,3,10.39,1
,1,1.00,0.95,33.29,-32.50,6.30,8.27,0.92,-4.21,-6.16,-11.44,-1.69,0.37,0.00,0.00,-1.69,0.37,-0.81,0.41,0.03,-1.03,-0.53,-0.09,-1.69,-0.16,0.37,0.27,-1.28,-2.25,-7.98,-0.01,-0.64,-0.89,0.49,-0.27,-1.93,15.24,-3.23,0.2600,-51.81,18.97,6.30,8.27,1,1,1,1,36.59,134.56,2.80,5
084,5508,6190,6106,0.972,0.00,0.00,-28.71,13.03,0.00,0.00
145,60081085,20.00,1,3,10.39,1,1,1.00,0.95,33.16,-32.67,5.78,8.79,0.89,-4.21,-5.22,-12.03,-1.78,0.18,0.00,0.00,-1.78,0.18,-0.68,0.41,0.10,-1.09,-0.53,-0.11,-1.78,-0.13,0.18,0.60,-1.37,-2.61,-8.64,1.25,-0.83,-1.1
6,0.49,-0.18,-3.96,14.78,-2.40,0.2516,-0.25,14.75,5.78,8.79,1,1,1,0,36.59,134.56,2.80,5133,5666,6081,5984,0.972,0.00,0.00,-28.74,13.16,0.00,0.00
146,60101090,20.00,1,3,10.39,1,1,1.00,0.95,33.05,-32.84,7.22,8.98,0.86,-4.22,-5.73,-12.37,-1.82,0.32,0.00,0.00,-1.82,0.32,-0
.75,0.41,0.04,-1.12,-0.53,-0.11,-1.82,-0.11,0.32,0.80,-1.11,-0.86,-8.67,-1.47,-0.09,-0.90,0.48,0.32,-2.41,3.09,-0.11,0.3963,23.75,11.21,7.22,8.98,1,1,1,0,36.80,134.51,1.63,5549,5853,5858,5604,0.972,0.00,0.00,-28.77,13.30,0.00,0.00
147,60121088,20.00,1,3,10.39,1,1,1.00
,0.95,32.90,-33.02,9.71,8.36,0.82,-4.23,-7.45,-12.11,-1.74,0.76,0.00,0.00,-1.74,0.76,-0.98,0.41,-0.10,-1.09,-0.53,-0.07,-1.74,-0.16,0.76,0.75,-0.23,2.13,-7.12,-5.81,0.58,-0.36,0.48,0.47,2.15,-8.11,1.54,0.3552,74.06,1.23,9.71,8.36,1,1,1,1,36.80,134.51,1.63,5934,5960,570
7,5374,0.972,0.00,0.00,-28.80,13.45,0.00,0.00
148,60141091,20.00,1,3,10.39,1,1,1.00,0.96,32.71,-33.19,12.20,7.22,0.78,-4.24,-9.65,-11.31,-1.56,1.27,0.00,0.00,-1.56,1.27,-1.26,0.41,-0.25,-1.02,-0.53,-0.01,-1.56,-0.28,1.27,0.55,0.91,2.80,-4.56,-7.49,0.72,0.05,0.48,0.21
,5.25,-10.86,1.81,0.3316,74.16,-5.96,12.20,7.22,1,1,1,1,36.97,134.46,0.72,5921,6045,5757,5253,0.972,0.00,0.00,-28.83,13.57,0.00,0.00
149,60161093,20.00,1,3,10.39,1,1,1.00,0.95,32.47,-33.33,11.24,6.08,0.73,-4.25,-9.97,-10.31,-1.41,1.26,0.00,0.00,-1.41,1.26,-1.31,0.41,-
0.23,-0.93,-0.54,0.06,-1.41,-0.40,1.26,0.40,1.53,1.75,-2.58,-7.82,1.01,0.41,0.48,0.15,4.99,-5.95,0.93,0.4647,0.12,-7.19,11.24,6.08,1,1,1,0,36.77,134.55,1.83,5892,5887,5908,5378,0.973,0.00,0.00,-28.84,13.66,0.00,0.00
150,60181094,20.00,1,3,10.39,1,1,1.00,0.96,32.24,-3
3.45,10.34,6.22,0.68,-4.26,-9.59,-10.01,-1.38,1.11,0.00,0.00,-1.38,1.11,-1.26,0.40,-0.15,-0.90,-0.54,0.06,-1.38,-0.47,1.11,0.39,1.20,0.21,-2.31,-4.12,0.28,0.19,0.48,-0.39,2.64,3.11,-0.91,0.9469,-0.13,7.86,10.34,6.22,1,1,1,0,37.06,134.37,0.26,5577,5664,5978,574
2,0.973,0.00,0.00,-28.86,13.74,0.00,0.00
151,60201095,20.00,1,3,10.39,1,1,1.00,0.98,32.03,-33.58,7.87,8.32,0.64,-4.27,-8.00,-11.18,-1.61,0.67,0.00,0.00,-1.61,0.67,-1.05,0.40,0.00,-1.01,-0.54,-0.02,-1.61,-0.43,0.67,0.61,-0.62,-2.51,-5.56,5.33,-1.34,-0.96,0.48,-0.90,-2.3
0,14.23,-2.62,0.2166,-31.71,32.81,7.87,8.32,1,1,1,1,37.12,134.27,0.02,5148,5717,6054,6196,0.973,0.00,0.00,-28.87,13.83,0.00,0.00
152,60221099,20.00,1,3,10.39,1,1,1.00,0.98,31.88,-33.75,5.40,10.79,0.60,-4.27,-5.93,-13.16,-1.98,0.21,0.00,0.00,-1.98,0.21,-0.78,0.40,0.16,-1.19,-
0.54,-0.14,-1.98,-0.25,0.21,0.89,-2.70,-2.80,-10.35,9.07,-1.72,-1.84,0.48,-0.41,-5.04,11.96,-1.97,0.2936,-41.35,50.64,5.40,10.79,1,1,1,1,37.33,134.15,-1.07,5144,5908,5973,6120,0.973,0.00,0.00,-28.89,13.97,0.00,0.00
153,60241100,20.00,1,3,10.38,1,1,1.00,0.97,3
1.77,-33.96,4.76,12.65,0.57,-4.28,-4.76,-15.08,-2.30,0.00,0.00,0.00,-2.30,0.00,-0.62,0.40,0.22,-1.36,-0.54,-0.23,-2.30,-0.10,0.00,1.05,-2.80,-2.80,-12.81,3.42,-0.72,-1.73,0.47,0.53,-7.10,2.17,-0.29,0.4217,-2.65,34.34,4.76,12.65,1,1,1,0,37.36,134.10,-1.19,5562,5989,5875,
5828,0.973,0.00,0.00,-28.92,14.16,0.00,0.00
154,60261101,20.00,1,3,10.38,1,1,1.00,0.98,31.67,-34.21,7.22,11.72,0.55,-4.28,-5.77,-15.26,-2.26,0.27,0.00,0.00,-2.26,0.27,-0.76,0.40,0.10,-1.38,-0.54,-0.20,-2.26,-0.12,0.27,0.98,-1.54,-0.18,-11.21,-7.54,0.84,-0.66,0.46,1.07
,-2.60,-8.48,0.85,0.5462,50.80,0.87,7.22,11.72,1,1,1,1,37.48,134.02,-1.78,5944,5917,5915,5497,0.974,0.00,0.00,-28.95,14.40,0.00,0.00
155,60281103,20.00,1,3,10.38,1,1,1.00,0.99,31.53,-34.45,9.69,9.26,0.51,-4.28,-7.65,-13.84,-1.92,0.75,0.00,0.00,-1.92,0.75,-1.00,0.40,-0
.07,-1.25,-0.54,-0.07,-1.92,-0.34,0.75,0.76,1.04,2.80,-5.89,-15.74,1.81,0.57,0.46,0.83,2.77,-13.02,1.65,0.4690,57.68,-30.15,9.69,9.26,1,1,1,1,37.49,133.97,-1.72,6160,5944,5986,5246,0.974,0.00,0.00,-28.98,14.61,0.00,0.00
156,60301102,20.00,1,3,10.38,1,1,1.00,0.98,31.34,
-34.63,10.48,9.61,0.47,-4.29,-8.91,-13.47,-1.86,1.03,0.00,0.00,-1.86,1.03,-1.17,0.40,-0.15,-1.22,-0.54,-0.03,-1.86,-0.63,1.03,0.52,1.04,2.80,-4.18,-13.98,1.38,1.02,0.47,-0.07,4.43,-10.28,1.34,0.2808,19.82,13.65,10.48,9.61,1,1,1,0,37.63,133.87,-2.34,6010,6014,6024,5291,0
.974,0.00,0.00,-29.00,14.77,0.00,0.00
157,60321102,20.00,1,3,10.37,1,1,1.00,0.98,31.13,-34.83,8.03,12.07,0.42,-4.30,-7.99,-14.82,-2.14,0.73,0.00,0.00,-2.14,0.73,-1.05,0.40,-0.05,-1.34,-0.54,-0.11,-2.14,-0.81,
0.73,0.41,-1.03,0.02,-6.71,-5.30,-0.25,0.14,0.47,-0.87,1.06,-0.13,-0.49,0.1177,-28.86,76.04,8.03,12.07,1,1,1,1,37.72,133.78,-2.65,5659,5919,5981,5855,0.975,0.00,0.00,-29.02,14.94,0.00,0.00
158,60341105,20.00,1,3,10.37,1,1,1.00,1.00,30.97,-35.07,5.57,14.52,0.39,-4.30,-6
.20,-16.87,-2.51,0.31,0.00,0.00,-2.51,0.31,-0.81,0.40,0.10,-1.52,-0.55,-0.22,-2.51,-0.81,0.31,0.50,-2.80,-2.55,-10.34,3.02,-1.58,-1.22,0.47,-0.86,-3.15,9.08,-2.19,0.3209,-55.24,74.39,5.57,14.52,1,1,1,1,37.99,133.60,-3.97,5269,5883,6045,6264,0.975,0.00,0.00,-29.04,15.16
,0.00,0.00
159,60361105,20.00,1,3,10.36,1,1,1.00,1.00,30.85,-35.36,5.06,16.98,0.36,-4.30,-5.22,-19.16,-2.89,0.13,0.00,0.00,-2.89,0.13,-0.68,0.40,0.15,-1.73,-0.55,-0.32,-2.89,-0.74,0.13,0.64,-2.80,-2.78,-12.58,3.16,-1.37,-1.70,0.46,-0.16,-4.41,9.08,-1.94,0.7619,-0.94,53
.97,5.06,16.98,1,1,1,1,38.13,133.44,-4.49,5312,5979,6129,6185,0.976,0.00,0.00,-29.06,15.44,0.00,0.00
160,60381096,19.99,1,3,10.36,1,1,1.00,0.99,30.75,-35.70,4.34,17.39,0.33,-4.31,-4.42,-20.34,-3.02,-0.01,0.00,0.00,-3.02,-0.01,-0.58,0.40,0.18,-1.84,-0.55,-0.33,-3.02,-0
.72,-0.01,0.73,-2.62,-2.64,-12.98,-2.10,-0.41,-1.32,0.45,0.45,-5.15,1.94,-0.45,0.8820,-4.03,22.22,4.34,17.39,1,1,1,0,38.13,133.29,-4.29,5668,6051,6063,5895,0.976,0.00,0.00,-29.09,15.77,0.00,0.00
161,60401109,20.01,1,3,10.35,1,1,1.00,0.99,30.67,-36.05,6.80,15.10,0.31,-4
.31,-5.56,-19.41,-2.75,0.27,0.00,0.00,-2.75,0.27,-0.73,0.40,0.06,-1.75,-0.55,-0.21,-2.75,-0.83,0.27,0.65,-0.01,-0.02,-8.60,-13.26,1.57,0.04,0.45,1.12,-1.25,-9.66,1.36,1.2250,39.46,-11.71,6.80,15.10,1,1,1,1,37.81,133.27,-2.21,6191,6009,6062,5418,0.977,0.00,0.00,-29.12,1
6.11,0.00,0.00
162,60421109,20.00,1,3,10.35,1,1,1.00,1.00,30.53,-36.35,9.25,12.65,0.28,-4.31,-7.48,-17.55,-2.35,0.76,0.00,0.00,-2.35,0.76,-0.98,0.40,-0.10,-1.58,-0.55,-0.05,-2.35,-1.03,0.76,0.50,2.44,2.80,-3.18,-17.80,2.15,1.16,0.45,0.59,3.63,-14.66,2.08,1.3280,66.79,-31.22,
9.25,12.65,1,1,1,1,37.79,133.15,-2.08,6329,5975,5993,5211,0.978,0.00,0.00,-29.14,16.40,0.00,0.00
163,60441112,20.00,1,3,10.35,1,1,1.00,1.00,30.35,-36.60,8.69,14.84,0.24,-4.31,-7.96,-18.12,-2.49,0.82,0.00,0.00,-2.49,0.82,-1.04,0.40,-0.12,-1.64,-0.55,-0.07,-2.49,-1.29,0
.82,0.29,0.70,2.22,-4.39,-9.32,0.28,0.77,0.46,-0.95,3.92,-6.06,0.18,0.4946,2.11,40.49,8.69,14.84,1,1,1,0,37.62,133.09,-1.18,5781,6015,6041,5660,0.978,0.00,0.00,-29.15,16.64,0.00,0.00
164,60461108,20.00,1,3,10.35,1,1,1.00,1.00,30.17,-36.90,8.69,14.84,0.20,-4.31,-8.18,-
18.35,-2.51,0.84,0.00,0.00,-2.51,0.84,-1.07,0.40,-0.11,-1.66,-0.55,-0.07,-2.51,-1.30,0.84,0.31,0.32,1.58,-4.81,4.78,-2.12,-1.15,0.46,-1.47,3.27,7.03,-1.76,0.2167,0.00,0.00,8.69,14.84,1,0,0,0,37.82,132.94,-2.12,5209,6029,5936,6233,0.978,0.00,0.00,-29.17,16.92,0.00,0.00

165,60481107,20.00,1,3,10.35,1,1,1.00,1.01,30.00,-37.19,7.85,17.46,0.16,-4.32,-7.81,-20.02,-2.84,0.72,0.00,0.00,-2.84,0.72,-1.02,0.40,-0.06,-1.81,-0.56,-0.16,-2.84,-1.14,0.72,0.48,-1.77,0.28,-9.31,10.74,-1.94,-1.96,0.45,-0.48,1.04,12.79,-1.93,0.7492,-1.29,73.74,7.85,17.
46,1,1,1,1,37.83,132.94,-2.12,5279,5967,5964,6302,0.978,0.00,0.00,-29.18,17.21,0.00,0.00
166,60501102,20.00,1,3,10.35,1,1,1.00,1.01,29.84,-37.54,5.25,20.06,0.13,-4.32,-6.15,-22.28,-3.23,0.33,0.00,0.00,-3.23,0.33,-0.81,0.40,0.08,-2.01,-0.56,-0.27,-3.23,-1.01,0.33,0.64,-
2.80,-2.22,-12.88,8.99,-1.85,-2.30,0.44,-0.03,-3.21,13.86,-2.13,0.4810,-45.44,54.18,5.25,20.06,1,1,1,1,37.87,132.77,-2.17,5201,5999,6073,6250,0.978,0.00,0.00,-29.19,17.55,0.00,0.00
167,60521118,20.02,1,3,10.35,1,1,1.00,0.99,29.74,-37.94,2.67,18.37,0.11,-4.32,-3.94,-2
2.20,-3.12,-0.11,0.00,0.00,-3.12,-0.11,-0.52,0.40,0.23,-2.00,-0.56,-0.21,-3.12,-0.96,-0.11,0.77,-1.11,-2.80,-10.87,-2.52,0.46,-1.30,0.43,1.34,-6.23,4.54,-0.37,1.0167,-29.37,-0.51,2.67,18.37,1,1,1,1,37.73,132.68,-1.44,5751,5920,6139,5729,0.979,0.00,0.00,-29.20,17.95,0.0
0,0.00
168,60541117,20.00,1,3,10.35,1,1,1.00,1.01,29.68,-38.31,5.23,15.81,0.10,-4.32,-4.57,-20.60,-2.75,0.06,0.00,0.00,-2.75,0.06,-0.60,0.40,0.14,-1.86,-0.56,-0.07,-2.75,-1.10,0.06,0.76,1.51,-0.73,-5.80,-15.09,2.36,0.53,0.43,1.45,-3.06,-6.54,0.90,1.4410,86.33,-83.94,
5.23,15.81,1,1,1,1,37.47,132.67,-0.03,6239,5730,6116,5379,0.978,0.00,0.00,-29.21,18.32,0.00,0.00
169,60561120,20.00,1,3,10.35,1,1,1.00,1.03,29.58,-38.63,7.77,14.64,0.07,-4.32,-6.35,-19.23,-2.49,0.49,0.00,0.00,-2.49,0.49,-0.83,0.39,-0.03,-1.74,-0.56,0.03,-2.49,-1.40,0.
49,0.58,2.57,2.16,-1.95,-19.05,2.56,1.67,0.44,0.51,1.91,-14.63,2.13,0.8135,76.21,1.38,7.77,14.64,1,1,1,1,37.60,132.55,-0.65,6369,5858,5970,5131,0.978,0.00,0.00,-29.21,18.63,0.00,0.00
170,60581121,20.00,1,3,10.35,1,1,1.00,1.03,29.42,-38.92,10.30,12.29,0.04,-4.32,-8.57,
-17.25,-2.13,1.03,0.00,0.00,-2.13,1.03,-1.12,0.39,-0.19,-1.56,-0.56,0.15,-2.13,-1.63,1.03,0.31,2.80,2.80,1.21,-8.20,-0.04,0.79,0.45,-1.27,5.23,-12.77,1.45,0.4111,77.91,-14.35,10.30,12.29,1,1,1,1,37.63,132.49,-0.74,5848,6235,5841,5473,0.978,0.00,0.00,-29.22,18.92,0.00,0.
00
171,60601124,20.00,1,3,10.35,1,1,1.00,1.03,29.22,-39.17,7.78,14.81,0.00,-4.32,-8.00,-17.99,-2.35,0.80,0.00,0.00,-2.35,0.80,-1.05,0.39,-0.11,-1.62,-0.57,0.07,-2.35,-1.60,0.80,0.19,0.46,0.41,-2.14,6.91,-1.63,-0.72,0.45,-1.39,2.38,-0.25,-0.51,0.2355,-30.05,95.76,7.78,1
4.81,1,1,1,1,37.88,132.34,-2.07,5443,6129,5833,6007,0.978,0.00,0.00,-29.22,19.17,0.00,0.00
172,60621122,20.00,1,3,10.34,1,1,1.00,1.04,29.06,-39.46,5.28,17.31,0.00,-4.32,-6.30,-19.81,-2.72,0.39,0.00,0.00,-2.72,0.39,-0.83,0.39,0.04,-1.79,-0.57,-0.06,-2.72,-1.34,0.39,
0.30,-1.98,-2.22,-7.93,14.39,-2.35,-2.08,0.44,-0.76,-1.94,10.94,-2.46,0.5005,-104.41,120.29,5.28,17.31,1,1,1,1,37.76,132.34,-1.26,5169,5955,5985,6439,0.979,0.00,0.00,-29.21,19.46,0.00,0.00
173,60641123,20.00,1,3,10.34,1,1,1.00,1.05,28.96,-39.81,2.78,19.60,0.00,-4.32,-4
.15,-21.94,-3.11,-0.05,0.00,0.00,-3.11,-0.05,-0.54,0.39,0.20,-1.98,-0.57,-0.18,-3.11,-1.09,-0.05,0.56,-2.80,-2.80,-11.87,8.13,-1.06,-2.02,0.43,0.51,-4.76,14.12,-2.70,0.9128,-82.30,45.90,2.78,19.60,1,1,1,1,38.06,132.17,-2.78,5264,5763,6195,6258,0.979,0.00,0.00,-29.21,19
.81,0.00,0.00
174,60661125,20.00,1,3,10.34,1,1,1.00,1.04,28.90,-40.20,0.29,17.84,0.00,-4.32,-1.78,-21.77,-2.99,-0.50,0.00,0.00,-2.99,-0.50,-0.23,0.39,0.34,-1.97,-0.57,-0.13,-2.99,-1.00,-0.50,0.78,-1.13,-2.80,-10.11,-2.87,0.35,-1.13,0.42,1.07,-8.23,5.11,-0.76,0.7239,-4
9.41,-2.44,0.29,17.84,1,1,1,1,37.89,132.17,-1.77,5713,5907,6200,5822,0.979,0.00,0.00,-29.20,20.20,0.00,0.00
175,60681126,20.00,1,3,10.34,1,1,1.00,1.04,28.89,-40.56,1.91,15.36,0.00,-4.32,-1.77,-20.19,-2.65,-0.43,0.00,0.00,-2.65,-0.43,-0.23,0.39,0.27,-1.82,-0.57,-0.01,-2
.65,-1.14,-0.43,0.77,1.36,-1.41,-5.22,-13.42,1.87,0.42,0.42,1.07,-6.50,-6.39,0.51,0.6035,20.63,-45.04,1.91,15.36,1,1,1,1,38.14,132.04,-2.97,6098,5812,6171,5469,0.980,0.00,0.00,-29.20,20.56,0.00,0.00
176,60701127,20.00,1,3,10.34,1,1,1.00,1.05,28.86,-40.86,4.39,12.88,0.0
0,-4.32,-3.23,-18.05,-2.25,-0.08,0.00,0.00,-2.25,-0.08,-0.42,0.39,0.11,-1.63,-0.57,0.13,-2.25,-1.40,-0.08,0.59,2.80,1.28,-0.38,-13.57,1.47,1.05,0.43,0.03,-0.90,-12.89,1.24,0.6076,65.52,-34.12,4.39,12.88,1,1,1,1,37.90,132.08,-1.65,6147,6020,6082,5432,0.980,0.00,0.00,-29
.19,20.87,0.00,0.00
177,60721127,20.00,1,3,10.34,1,1,1.00,1.05,28.77,-41.12,4.05,11.33,0.00,-4.32,-3.59,-16.26,-1.96,0.02,0.00,0.00,-1.96,0.02,-0.47,0.39,0.06,-1.47,-0.58,0.22,-1.96,-1.55,0.02,0.32,2.80,1.43,1.50,-4.22,0.09,0.48,0.43,-0.82,0.48,-13.55,1.60,0.3127,0.12,
-6.65,4.05,11.33,1,1,1,0,38.15,131.94,-2.86,5945,6257,5857,5499,0.980,0.00,0.00,-29.19,21.13,0.00,0.00
178,60741130,20.00,1,3,10.34,1,1,1.00,1.04,28.69,-41.35,1.58,13.80,0.00,-4.32,-2.28,-17.06,-2.20,-0.24,0.00,0.00,-2.20,-0.24,-0.30,0.39,0.15,-1.54,-0.58,0.12,-2.20,-
1.51,-0.24,0.12,0.34,-0.67,-1.96,4.84,-0.83,-0.42,0.43,-0.86,-1.82,-5.71,-0.10,0.3510,-34.50,91.77,1.58,13.80,1,1,1,1,38.27,131.84,-3.29,5671,6146,5955,5918,0.980,0.00,0.00,-29.18,21.36,0.00,0.00
179,60761130,20.00,1,3,10.33,1,1,1.00,1.06,28.66,-41.63,-0.89,15.65,0.00,
-4.32,-0.30,-18.51,-2.50,-0.62,0.00,0.00,-2.50,-0.62,-0.04,0.39,0.27,-1.67,-0.58,0.01,-2.50,-1.33,-0.62,0.11,-1.65,-2.78,-6.55,8.94,-1.42,-1.37,0.42,-0.50,-5.30,2.53,-1.52,0.5788,-38.67,37.19,-0.89,15.65,1,1,1,1,38.51,131.66,-4.43,5471,6004,6031,6245,0.980,0.00,0.00,-2
9.17,21.63,0.00,0.00
180,60781133,20.00,1,3,10.33,1,1,1.00,1.07,28.67,-41.94,-3.35,14.34,0.00,-4.32,0.98,-18.34,-2.44,-0.83,0.00,0.00,-2.44,-0.83,0.13,0.39,0.32,-1.66,-0.58,0.02,-2.44,-1.14,-0.83,0.22,-0.70,-2.80,-6.24,5.36,-0.80,-1.50,0.42,0.26,-7.12,6.00,-2.09,0.6228
,-47.95,-0.90,-3.35,14.34,1,1,1,1,38.36,131.64,-3.32,5480,5908,6249,6244,0.981,0.00,0.00,-29.17,21.94,0.00,0.00
181,60801133,20.00,1,3,10.33,1,1,1.00,1.07,28.74,-42.23,-5.52,12.27,0.00,-4.32,3.22,-17.05,-2.19,-1.24,0.00,0.00,-2.19,-1.24,0.42,0.39,0.42,-1.54,
-0.58,0.09,-2.19,-1.06,-1.24,0.31,1.10,-2.80,-3.58,-1.05,0.45,-0.65,0.41,0.69,-9.56,0.58,-0.78,0.6436,-30.91,-11.93,-5.52,12.27,1,1,1,0,38.55,131.49,-4.17,5739,5955,6279,5827,0.982,0.00,0.00,-29.16,22.23,0.00,0.00
182,60821136,20.00,1,3,10.32,1,1,1.00,1.06,28
.85,-42.47,-5.05,9.81,0.00,-4.32,3.86,-15.06,-1.83,-1.29,0.00,0.00,-1.83,-1.29,0.51,0.39,0.39,-1.36,-0.58,0.20,-1.83,-1.12,-1.29,0.26,2.80,-2.12,0.42,-6.70,1.39,0.39,0.41,0.61,-8.88,-7.2
3,0.13,0.5461,0.43,-23.26,-5.05,9.81,1,1,1,1,38.41,131.48,-3.14,6075,5908,6241,5676,0.982,0.00,0.00,-29.16,22.47,0.00,0.00
183,60841136,20.00,1,3,10.32,1,1,1.00,1.07,28.95,-42.67,-2.59,9.09,0.00,-4.32,2.65,-13.80,-1.65,-0.96,0.00,0.00,-1.65,-0.96,0.35,0.39,0.22,-1.25,-
0.58,0.24,-1.65,-1.22,-0.96,0.08,2.80,0.64,1.42,-4.83,0.92,0.66,0.42,-0.14,-3.62,-11.96,0.61,0.4228,34.58,0.65,-2.59,9.09,1,1,1,1,38.50,131.40,-3.43,6018,6056,6137,5613,0.982,0.00,0.00,-29.16,22.67,0.00,0.00
184,60861136,20.00,1,3,10.32,1,1,1.00,1.06,29.00,-42.85,-4.6
2,11.55,0.00,-4.32,3.36,-14.79,-1.93,-1.06,0.00,0.00,-1.93,-1.06,0.44,0.39,0.23,-1.34,-0.58,0.13,-1.93,-1.21,-1.06,-0.15,0.13,-0.22,-2.35,3.37,-0.60,-0.25,0.42,-0.79,-3.79,-12.18,1.04,0.3816,-28.39,51.56,-4.62,11.55,1,1,1,1,38.43,131.35,-3.06,5851,6361,5926,5734,0.982,0
.00,0.00,-29.15,22.85,0.00,0.00
185,60881139,20.00,1,3,10.31,1,1,1.00,1.04,29.10,-43.08,-5.91,14.01,0.00,-4.32,4.39,-16.67,-2.32,-1.23,0.00,0.00,-2.32,-1.23,0.57,0.39,0.26,-1.51,-0.59,-0.02,-2.32,-1.05,-1.23,-0.34,-2.31,-1.18,-7.69,8.34,-1.50,-1.34,0.41,-0.59,-4.63,-7
.96,-0.06,0.4797,-21.02,52.26,-5.91,14.01,1,1,1,1,38.53,131.26,-3.37,5577,6325,5946,5988,0.983,0.00,0.00,-29.15,23.08,0.00,0.00
186,60901140,20.00,1,3,10.31,1,1,1.00,1.03,29.21,-43.36,-8.37,15.25,0.01,-4.32,6.27,-18.20,-2.59,-1.60,0.00,0.00,-2.59,-1.60,0.82,0.39,0.35,-
1.64,-0.59,-0.11,-2.59,-0.89,-1.60,-0.42,-2.80,-2.80,-10.34,4.10,-0.73,-1.48,0.41,0.33,-7.75,-2.65,-0.96,0.6143,-45.08,29.81,-8.37,15.25,1,1,1,1,38.45,131.22,-2.95,5623,6068,6128,6070,0.984,0.00,0.00,-29.15,23.36,0.00,0.00
187,60921142,20.00,1,3,10.31,1,1,1.00,1.03,2
9.38,-43.66,-10.82,14.63,0.04,-4.32,8.52,-18.46,-2.59,-2.07,0.00,0.00,-2.59,-2.07,1.12,0.39,0.46,-1.67,-0.59,-0.10,-2.59,-0.87,-2.07,-0.45,-1.84,-2.80,-9.50,-4.58,0.56,-0.72,0.40,0.89,-9.95,-3.43,-0.79,1.0487,-39.57,7.38,-10.82,14.63,1,1,1,0,38.32,131.19,-2.25,5808,590
7,6264,5868,0.984,0.00,0.00,-29.16,23.67,0.00,0.00
188,60941130,19.99,1,3,10.31,1,1,1.00,1.03,29.60,-43.96,-9.78,13.48,0.09,-4.32,8.83,-17.87,-2.45,-2.02,0.00,0.00,-2.45,-2.02,1.16,0.39,0.39,-1.61,-0.59,-0.05,-2.45,-0.98,-2.02,-0.49,-0.31,-1.48,-6.70,-12.36,1.54,0.36
,0.40,0.80,-8.13,-4.06,-1.00,1.2216,2.42,0.04,-9.78,13.48,1,1,1,0,38.09,131.18,-1.00,5879,5748,6417,5736,0.984,0.00,0.00,-29.16,23.96,0.00,0.00
189,60961131,20.00,1,3,10.31,1,1,1.
00,1.03,29.79,-44.23,-9.16,11.03,0.12,-4.32,8.64,-16.16,-2.10,-1.88,0.00,0.00,-2.10,-1.88,1.13,0.40,0.30,-1.46,-0.59,0.07,-2.10,-1.21,-1.88,-0.56,1.91,-0.13,-1.56,-14.19,1.47,0.94,0.40,0.15,-5.77,-5.45,-0.37,0.5676,-1.87,-27.81,-9.16,11.03,1,1,1,1,37.87,131.18,0.16,5918
,5813,6300,5626,0.984,0.00,0.00,-29.17,24.24,0.00,0.00
190,60981137,20.01,1,3,10.31,1,1,1.00,1.02,29.98,-44.45,-9.16,11.03,0.16,-4.32,8.58,-15.47,-2.01,-1.81,0.00,0.00,-2.01,-1.81,1.12,0.40,0.23,-1.40,-0.59,0.10,-2.01,-1.37,-1.81,-0.70,1.79,0.34,-0.33,-2.89,-0.44,0.17
,0.41,-1.02,-4.26,-9.00,0.50,0.2770,0.00,0.00,-9.16,11.03,1,0,0,0,37.74,131.18,0.94,5716,6187,5939,5701,0.984,0.00,0.00,-29.18,24.46,0.00,0.00
191,61001144,20.01,1,3,10.31,1,1,1.00,1.01,30.16,-44.67,-6.53,12.75,0.19,-4.31,6.99,-16.20,-2.20,-1.38,0.00,0.00,-2.20,-1.38,0
.92,0.40,0.06,-1.46,-0.59,0.03,-2.20,-1.30,-1.38,-0.86,0.04,2.80,-3.47,6.29,-1.26,-0.83,0.41,-0.86,1.15,-8.57,0.34,0.4067,27.34,31.52,-6.53,12.75,1,1,1,1,37.92,131.12,0.02,5599,6228,5803,5842,0.984,0.00,0.00,-29.19,24.69,0.00,0.00
192,61021134,19.99,1,3,10.31,1
,1,1.00,1.00,30.29,-44.92,-5.47,15.35,0.22,-4.31,5.70,-18.04,-2.57,-1.10,0.00,0.00,-2.57,-1.10,0.75,0.40,-0.05,-1.63,-0.60,-0.09,-2.57,-1.18,-1.10,-0.96,-2.23,2.80,-8.20,5.51,-0.67,-1.13,0.40,0.05,2.37,-8.94,1.33,0.9116,6.25,47.27,-5.47,15.35,1,1,1,1,37.87,131.14,0.33,5809,
6324,5797,5636,0.984,0.00,0.00,-29.21,24.95,0.00,0.00
193,61041134,20.00,1,3,10.31,1,1,1.00,0.99,30.40,-45.23,-7.32,14.05,0.24,-4.31,6.32,-18.01,-2.51,-1.24,0.00,0.00,-2.51,-1.24,0.83,0.40,0.01,-1.63,-0.60,-0.07,-2.51,-1.14,-1.24,-1.05,-1.09,0.94,-6.94,0.68,-0.38,-1.1
2,0.40,0.34,0.34,-5.71,0.59,0.6848,-28.00,-0.48,-7.32,14.05,1,1,1,0,37.80,131.12,0.78,5727,6199,5944,5672,0.984,0.00,0.00,-29.23,25.27,0.00,0.00
194,61061150,20.02,1,3,10.31,1,1,1.00,0.98,30.55,-45.51,-9.88,11.49,0.26,-4.31,8.15,-16.49,-2.19,-1.70,0.00,0.00,-2.19,-1.7
0,1.07,0.40,0.15,-1.49,-0.60,0.04,-2.19,-1.20,-1.70,-1.05,1.26,-2.18,-2.72,-6.84,1.18,-0.01,0.39,0.82,-4.30,5.60,-2.18,1.0715,-40.24,-26.67,-9.88,11.49,1,1,1,1,37.50,131.19,2.51,56
30,5548,6435,5893,0.984,0.00,0.00,-29.24,25.55,0.00,0.00
195,61081152,20.00,1,3,10.31,1,1,1.00,0.98,30.74,-45.74,-12.42,10.48,0.30,-4.31,10.44,-15.30,-1.98,-2.22,0.00,0.00,-1.98,-2.22,1.37,0.40,0.29,-1.38,-0.60,0.11,-1.98,-1.36,-2.22,-0.82,2.05,-2.80,0.03,-10.03,1.66,
0.92,0.40,0.37,-8.81,11.19,-2.77,0.4815,-53.47,-0.91,-12.42,10.48,1,1,1,1,37.38,131.24,3.15,5545,5395,6566,5838,0.984,0.00,0.00,-29.26,25.80,0.00,0.00
196,61101154,20.00,1,3,10.32,1,1,1.00,0.96,30.99,-45.95,-14.75,9.58,0.34,-4.30,12.79,-14.30,-1.83,-2.72,0.00
,0.00,-1.83,-2.72,1.68,0.40,0.42,-1.29,-0.60,0.15,-1.83,-1.48,-2.72,-0.62,2.29,-2.80,1.20,-3.43,0.16,0.44,0.40,-0.68,-12.27,4.17,-1.36,0.2156,-41.22,-0.69,-14.75,9.58,1,1,1,0,37.39,131.30,3.08,5515,5766,6168,5833,0.984,0.00,0.00,-29.28,26.02,0.00,0.00
197,61121153,20.0
0,1,3,10.32,1,1,1.00,0.96,31.29,-46.14,-13.61,11.74,0.40,-4.30,13.06,-15.18,-2.06,-2.66,0.00,0.00,-2.06,-2.66,1.71,0.40,0.35,-1.37,-0.60,0.06,-2.06,-1.42,-2.66,-0.64,0.08,-1.44,-1.99,6.57,-1.22,-0.68,0.40,-0.97,-10.54,-8.35,0.30,0.2865,-0.61,36.43,-13.61,11.74,1,1,1,0,3
7.68,131.25,1.51,5577,6146,5744,5820,0.983,0.00,0.00,-29.30,26.24,0.00,0.00
198,61141156,20.00,1,3,10.32,1,1,1.00,0.97,31.56,-46.38,-12.57,13.93,0.45,-4.29,12.55,-16.84,-2.39,-2.45,0.00,0.00,-2.39,-2.45,1.64,0.40,0.24,-1.52,-0.60,-0.05,-2.39,-1.23,-2.45,-0.85,-1.99,0.
34,-6.84,10.25,-1.50,-1.54,0.39,-0.38,-6.68,-18.42,1.83,0.3353,-0.66,39.10,-12.57,13.93,1,1,1,0,37.44,131.40,2.81,5761,6441,5563,5674,0.983,0.00,0.00,-29.33,26.50,0.00,0.00
199,61161157,20.00,1,3,10.31,1,1,1.00,0.97,31.81,-46.66,-10.08,12.93,0.49,-4.29,10.88,-16.87,-2.
36,-1.98,0.00,0.00,-2.36,-1.98,1.43,0.40,0.07,-1.52,-0.60,-0.04,-2.36,-1.13,-1.98,-1.10,-1.08,2.80,-6.23,4.39,-0.60,-1.41,0.39,0.42,-0.61,-23.38,2.47,0.9690,80.45,1.37,-10.08,12.93,1,1,1,1,37.58,131.37,2.04,5900,6408,5597,5407,0.983,0.00,0.00,-29.37,26.81,0.00,0.00
20
0,61181143,19.99,1,3,10.32,1,1,1.00,0.96,32.01,-46.91,-9.23,10.44,0.52,-4.28,9.76,-15.38,-2.04,-1.71,0.00,0.00,-2.04,-1.71,1.28,0.40,-0.03,-1.39,-0.61,0.06,-2.04,-1.13,-1.71,-1.34,1.21,2.80,-2.40,-1.60,0.36,-0.58,0.38,0.57,1.61,-16.42,1.41,0.6155,0.58,-34.30,-9.23,10.4
4,1,1,1,1,37.31,131.45,3.56,5892,6175,5898,5424,0.983,0.00,0.00,-29.41,27.09,0.00,0.00
201,61201158,20.01,1,3,10.32,1,1,1.00,0.97,32.20,-47.12,-11.71,7.96,0.55,-4.28,10.84,-13.32,-1.67,-2.02,0.00,0.00,-1.67,-2.02,1.42,0.41,0.06,-1.20,-0.61,0.18,-1.67,-1.22,-2.02,-1.44,
2.80,-0.07,1.39,-7.70,1.66,0.67,0.38,0.64,-1.91,2.66,-1.94,0.5290,-56.87,-38.06,-11.71,7.96,1,1,1,1,37.43,131.40,2.90,5695,5416,6367,5768,0.983,0.00,0.00,-29.44,27.31,0.00,0.00
202,61221161,20.00,1,3,10.32,1,1,1.00,0.99,32.43,-47.28,-14.19,7.23,0.60,-4.27,12.79,-12.08,-1.49,
-2.49,0.00,0.00,-1.49,-2.49,1.67,0.41,0.20,-1.09,-0.61,0.22,-1.49,-1.33,-2.49,-1.31,2.80,-2.80,2.28,-7.73,1.64,1.15,0.39,0.13,-7.72,9.43,-2.43,0.5860,-73.91,-1.28,-14.19,7.23,1,1,1,1,37.27,131.49,3.80,5664,5348,6422,5875,0.983,0.00,0.00,-29.47,27.50,0.00,0.00
203,61241
160,20.00,1,3,10.32,1,1,1.00,0.99,32.71,-47.43,-13.07,6.95,0.65,-4.26,12.93,-11.40,-1.43,-2.45,0.00,0.00,-1.43,-2.45,1.69,0.41,0.17,-1.03,-0.61,0.22,-1.43,-1.36,-2.45,-1.14,2.23,-1.56,2.02,3.07,-0.82,-0.10,0.39,-1.12,-7.14,8.98,-2.44,0.3381,-0.07,3.80,-13.07,6.95,1,1,1
,0,37.29,131.50,3.67,5202,5765,6194,6062,0.983,0.00,0.00,-29.50,27.69,0.00,0.00
204,61261161,20.00,1,3,10.33,1,1,1.00,0.97,32.98,-47.57,-12.39,9.42,0.69,-4.26,12.58,-12.60,-1.73,-2.32,0.00,0.00,-1.73,-2.32,1.65,0.41,0.11,-1.14,-0.61,0.10,-1.73,-1.15,-2.32,-1.06,-0.39,
-0.24,-2.24,16.67,-2.84,-1.84,0.39,-1.44,-5.56,-2.09,0.13,0.1696,-4.42,55.08,-12.39,9.42,1,1,1,1,37.15,131.58,4.42,5280,6374,5588,5994,0.982,0.00,0.00,-29.53,27.87,0.00,0.00
205,61281164,20.00,1,3,10.33,1,1,1.00,0.96,33.22,-47.75,-11.46,11.89,0.73,-4.25,11.89,-14.54,-2
.12,-2.13,0.00,0.00,-2.12,-2.13,1.56,0.41,0.03,-1.31,-0.61,-0.04,-2.12,-0.76,-2.13,-1.18,-2.66,1.03,-8.49,17.28,-2.12,-2.46,0.38,-0.08,-2.75,-11.81,1.53,0.4790,-0.70,41.31,-11.46,11.89,1,1,1,1,37.20,131.65,4.11,5608,6376,5412,5764,0.982,0.00,0.00,-29.57,28.09,0.00,0.00

206,61301169,20.00,1,3,10.33,1,1,1.00,0.97,33.45,-47.99,-9.00,9.43,0.77,-4.24,10.18,-13.82,-1.93,-1.69,0.00,0.00,-1.93,-1.69,1.33,0.41,-0.11,-1.25,-0.61,0.01,-1.93,-0.48,-1.69,-1.43,-0.54,2.80,-6.78,5.28,-0.18,-1.73,0.37,1.18,1.98,-15.09,1.72,0.8807,51.22,-32.71,-9.0
0,9.43,1,1,1,1,37.07,131.78,4.64,5846,6200,5699,5442,0.981,0.00,0.00,-29.62,28.36,0.00,0.00
207,61321166,20.00,1,3,10.33,1,1,1.00,0.97,33.63,-48.18,-8.89,6.96,0.80,-4.23,9.47,-12.04,-1.58,-1.56,0.00,0.00,-1.58,-1.56,1.24,0.41,-0.14,-1.09,-0.61,0.12,-1.58,-0.49,-1.56,
-1.64,1.75,2.60,-2.76,-8.75,2.00,0.25,0.36,1.42,2.84,-9.76,1.01,0.6217,-7.59,-58.59,-8.89,6.96,1,1,1,1,37.26,131.79,3.55,6029,5796,6057,5237,0.981,0.00,0.00,-29.67,28.58,0.00,0.00
208,61341153,19.99,1,3,10.34,1,1,1.00,0.95,33.81,-48.32,-9.86,4.51,0.83,-4.23,9.81,-9.86,
-1.27,-1.70,0.00,0.00,-1.27,-1.70,1.29,0.41,-0.09,-0.89,-0.61,0.23,-1.27,-0.65,-1.70,-1.69,2.80,0.89,0.81,-13.95,2.41,1.41,0.37,0.68,0.88,-1.02,-0.33,0.2507,-21.18,-62.89,-9.86,4.51,1,1,1,1,37.03,131.92,4.69,5892,5630,6354,5345,0.981,0.00,0.00,-29.70,28.75,0.00,0.00
2
09,61361169,20.02,1,3,10.34,1,1,1.00,0.95,34.01,-48.41,-12.21,2.23,0.86,-4.22,11.40,-7.64,-0.98,-2.12,0.00,0.00,-0.98,-2.12,1.49,0.41,0.05,-0.69,-0.61,0.33,-0.98,-0.86,-2.12,-1.58,2.80,-1.99,2.43,-6.47,0.32,0.92,0.38,-0.97,-3.70,10.21,-2.52,0.0733,-39.78,-24.42,-12.21,2.23,1,1,1,0,37.06,131.91,4.38,5401,5483,6232,5982,0.980,0.00,0.00,-29.73,28.87,0.00,0.00


210,61381168,20.00,1,3,10.34,1,1,1.00,0.96,34.25,-48.46,-11.31,4.69,0.90,-4.21,11.50,-8.22,-1.13,-2.10,0.00,0.00,-1.13,-2.10,1.51,0.41,0.05,-0.74,-0.61,0.23,-1.13,-0.82,-2.10,-1.33,0.88,-1.18,-0.13,9.51,-2.17,-0.89,0.38,-1.70,-3.86,12.05,-2.61,0.1471,-0.72,43.02,-11.3
1,4.69,1,1,1,1,37.08,131.95,4.26,5053,5813,5930,6315,0.979,0.00,0.00,-29.75,28.97,0.00,0.00
211,61401172,20.00,1,3,10.35,1,1,1.00,0.96,34.48,-48.55,-11.40,4.30,0.94,-4.20,11.62,-8.21,-1.18,-2.12,0.00,0.00,-1.18,-2.12,1.52,0.41,0.05,-0.74,-0.62,0.18,-1.18,-0.4
8,-2.12,-1.11,0.30,-0.88,-2.04,19.42,-3.01,-2.46,0.37,-0.99,-4.95,4.65,-0.60,0.3259,-12.46,-0.21,-11.40,4.30,1,1,1,0,37.30,131.93,3.00,5142,6260,5623,6097,0.979,0.00,0.00,-29.79,29.11,0.00,0.00
212,61421153,19.98,1,3,10.35,1,1,1.00,0.94,34.71,-48.64,-8.94
,3.74,0.98,-4.19,10.22,-7.84,-1.16,-1.74,0.00,0.00,-1.16,-1.74,1.34,0.42,-0.07,-0.71,-0.62,0.17,-1.16,-0.13,-1.74,-1.09,0.32,1.71,-3.88,15.16,-1.41,-2.16,0.36,0.36,-0.43,-4.89,0.52,0.4949,24.40,-2.84,-8.94,3.74,1,1,1,1,37.30,131.93,3.00,5532,6225,5716,5768,0.9
79,0.00,0.00,-29.82,29.24,0.00,0.00
213,61441172,20.02,1,3,10.34,1,1,1.00,0.95,34.89,-48.71,-6.49,1.29,1.01,-4.18,8.24,-6.19,-0.94,-1.29,0.00,0.00,-0.94,-1.29,1.08,0.42,-0.21,-0.56,-0.62,0.24,-0.94,0.02,-1.29,-1.24,1.54,2.80,-2.30,-1.11,1.39,-0.35,0.35,1.42,2.65,-11.70
,1.82,0.7078,48.51,-66.10,-6.49,1.29,1,1,1,1,37.39,132.01,2.53,6143,5958,5846,5296,0.979,0.00,0.00,-29.85,29.35,0.00,0.00
214,61461172,20.00,1,3,10.34,1,1,1.00,0.96,35.02,-48.74,-4.25,-1.17,1.04,-4.17,6.14,-4.03,-0.65,-0.89,0.00,0.00,-0.65,-0.89,0.80,0.42,-0.33,-0.36,
-0.62,0.33,-0.65,-0.08,-0.89,-1.43,2.73,2.80,0.89,-9.45,2.06,0.90,0.35,0.85,4.52,-8.83,1.10,0.4112,22.06,-62.63,-4.25,-1.17,1,1,1,1,37.39,132.01,2.53,6091,5841,6095,5258,0.979,0.00,0.00,-29.86,29.41,0.00,0.00
215,61481177,20.00,1,3,10.35,1,1,1.00,0.94,35.10,-48.71,-4.
68,-1.09,1.05,-4.17,5.56,-3.22,-0.59,-0.84,0.00,0.00,-0.59,-0.84,0.73,0.42,-0.31,-0.29,-0.62,0.31,-0.59,-0.25,-0.84,-1.51,2.14,2.15,1.03,-6.19,0.84,0.89,0.36,-0.39,4.36,-0.73,-0.26,0.0086,-9.72,-0.16,-4.68,-1.09,1,1,1,0,37.56,132.00,1.61,5752,5823,6113,5598,0.979,0.00,0
.00,-29.86,29.41,0.00,0.00
216,61501152,19.98,1,3,10.35,1,1,1.00,0.94,35.19,-48.69,-4.68,-1.09,1.07,-4.16,5.34,-2.89,-0.61,-0.86,0.00,0.00,-0.61,-0.86,0.70,0.42,-0.26,-0.26,-0.62,0.27,-0.61,-0.28,-0.86,-1.46,1.32,1.29,0.27,0.52,-0.16,0.06,0.36,-0.59,3.25,4.17,-0.60,-0.
2342,0.00,0.00,-4.68,-1.09,1,0,0,0,37.56,132.00,1.61,5575,5955,6071,5774,0.979,0.00,0.00,-29.86,29.41,0.00,0.00
217,61521178,20.03,1,3,10.35,1,1,1.00,0.92,35.29,-48.67,-7.31,0.25,1.09,-4.16,6.83,-3.58,-0.77,-1.23,0.00,0.00,-0.77,-1.23,0.90,0.42,-0.09,-0.32,-0.62,0.17,
-0.77,-0.22,-1.23,-1.39,-0.12,-1.43,-1.86,7.28,-1.30,-0.88,0.36,-0.81,-0.91,6.09,-0.75,0.3348,-45.03,14.76,-7.31,0.25,1,1,1,1,37.55,131.97,1.75,5393,6098,5952,5934,0.979,0.00,0.00,-29.87,29.42,0.00,0.00
218,61541174,20.00,1,3,10.34,1,1,1.00,0.92,35.43,-48.67,-6.70,0.22
,1.12,-4.15,7.08,-3.83,-0.84,-1.29,0.00,0.00,-0.84,-1.29,0.93,0.42,-0.06,-0.35,-0.62,0.12,-0.84,0.01,-1.29,-1.22,-0.53,-1.31,-3.74,15.86,-2.74,-2.23,0.35,-0.92,-1.54,10.53,-2.20,0.4290,0.00,0.00,-6.70,0.22,1,1,1,0,37.55,131.97,1.75,5052,6051,5909,6358,0.979,0.00,0.00,-
29.88,29.46,0.00,0.00
219,61561180,20.01,1,3,10.35,1,1,1.00,0.92,35.57,-48.68,-8.05,2.77,1.14,-4.14,7.98,-5.47,-1.12,-1.52,0.00,0.00,-1.12,-1.52,1.05,0.42,0.02,-0.49,-0.62,-0.01,-1.12,0.26,-1.52,-1.07,-2.04,-2.26,-7.96,11.89,-1.19,-1.97,0.34,0.41,-3.68,4.70,-0.50,0.4671,-23.10,31.10,-8.05,2.77,1,1
,1,0,37.43,131.96,2.45,5486,6068,5886,5932,0.979,0.00,0.00,-29.89,29.50,0.00,0.00
220,61581177,20.00,1,3,10.35,1,1,1.00,0.91,35.73,-48.73,-5.49,0.21,1.17,-4.13,6.85,-4.56,-0.98,-1.25,0.00,0.00,-0.98,-1.25,0.90,0.42,-0.07,-0.41,-0.62,0.05,-0.98,0.37,-1.25,-1.05,-0.47,0.
19,-6.22,-0.18,0.46,-0.98,0.34,1.12,-0.45,-2.94,0.35,0.4780,44.98,-66.59,-5.49,0.21,1,1,1,1,37.43,131.96,2.45,5790,5957,5987,5575,0.979,0.00,0.00,-29.92,29.60,0.00,0.00
221,61601182,20.00,1,3,10.35,1,1,1.00,0.90,35.84,-48.74,-2.95,-2.33,1.19,-4.13,4.91,-2.64,-0.69,-0.8
6,0.00,0.00,-0.69,-0.86,0.64,0.42,-0.20,-0.24,-0.62,0.16,-0.69,0.27,-0.86,-1.14,1.43,2.51,-2.45,-12.13,2.22,0.74,0.34,1.19,3.39,-9.16,1.58,0.4129,55.09,-91.09,-2.95,-2.33,1,1,1,1,37.41,131.99,2.57,6154,5916,6086,5153,0.979,0.00,0.00,-29.93,29.63,0.00,0.00
222,61621
180,20.00,1,3,10.35,1,1,1.00,0.88,35.90,-48.69,-2.64,-4.85,1.20,-4.12,3.97,-0.35,-0.37,-0.71,0.00,0.00,-0.37,-0.71,0.52,0.42,-0.23,-0.03,-0.62,0.27,-0.37,0.01,-0.71,-1.30,2.80,2.57,1.59,-12.73,1.62,1.29,0.34,0.01,4.48,-7.86,1.15,0.0773,0.93,-60.79,-2.64,-4.85,1,1,1,1,3
7.42,131.99,2.57,5997,5957,6079,5267,0.979,0.00,0.00,-29.93,29.63,0.00,-0.00
223,61641172,19.99,1,3,10.35,1,1,1.00,0.86,35.95,-48.59,-1.90,-4.45,1.21,-4.10,3.16,0.00,-0.38,-0.59,0.00,0.00,-0.38,-0.59,0.41,0.42,-0.25,0.00,-0.62,0.24,-0.38,-0.13,-0.59,-1.36,1.81,2.41,1.
03,-4.53,0.54,0.77,0.35,-0.56,5.18,-1.67,0.19,0.0879,6.50,0.10,-1.90,-4.45,1,1,1,0,37.48,131.98,2.23,5759,5942,6034,5566,0.979,0.00,0.00,-29.93,29.63,0.00,-0.00
224,61661183,20.01,1,3,10.35,1,1,1.00,0.85,35.99,-48.51,-4.38,-1.95,1.23,-4.09,4.31,-0.89,-0.56,-0.87,0.00,0
.00,-0.56,-0.87,0.56,0.42,-0.11,-0.08,-0.62,0.14,-0.56,-0.09,-0.87,-1.28,0.04,-0.20,-1.47,8.69,-2.13,-0.96,0.35,-1.56,1.10,8.32,-1.65,-0.0134,-32.75,38.59,-4.38,-1.95,1,1,1,1,37.49,131.98,2.23,5189,6042,5916,6189,0.979,0.00,0.00,-29.93,29.63,0.01,-0.01
225,61681188,2
0.00,1,3,10.35,1,1,1.00,0.86,36.08,-48.47,-4.03,-1.79,1.25,-4.08,4.57,-1.48,-0.68,-0.95,0.00,0.00,-0.68,-0.95,0.60,0.42,-0.07,-0.13,-0.62,0.07,-0.68,0.20,-0.95,-1.03,-0.69,-0.60,-4.04,16.51,-2.62,-2.26,0.34,-0.76,-0.36,13.74,-2.43,0.1255,0.00,0.00,-4.03,-1.79,1,1,1,0,3
7.55,131.93,1.91,5022,6007,5955,6355,0.979,0.00,0.00,-29.93,29.63,0.01,-0.01
226,61701190,20.00,1,3,10.35,1,1,1.00,0.84,36.16,-48.43,-3.75,0.70,1.26,-4.07,4.49,-3.20,-0.96,-0.95,0.00,0.00,-0.96,-0.95,0.59,0.42,-0.06,-0.29,-0.62,-0.05,-0.96,0.51,-0.95,-0.77,-2.15,-0.39
,-8.50,11.11,-0.97,-1.91,0.33,0.59,-0.97,9.40,-1.11,0.3671,-0.58,39.58,-3.75,0.70,1,1,1,1,37.49,131.97,2.26,5377,6015,6053,5926,0.978,0.00,0.00,-29.93,29.63,0.01,-0.01
227,61721189,20.00,1,3,10.35,1,1,1.00,0.83,36.23,-48.44,-1.27,-1.79,1.27,-4.07,3.00,-2.37,-0.82,-0.65,0.00,0.00,-0.82,-0.65,0.39,0
.42,-0.16,-0.21,-0.62,0.01,-0.82,0.61,-0.65,-0.64,-0.56,1.57,-6.76,-1.46,0.57,-0.89,0.32,1.15,1.53,0.99,0.28,0.3094,42.96,-75.20,-1.27,-1.79,1,1,1,1,37.67,131.92,1.30,5812,5933,6009,5586,0.978,0.00,0.00,-29.93,29.63,0.01,-0.01
228,61741193,20.00,1,3,10.35,1,1,1.00,0.8
3,36.26,-48.41,1.21,-4.27,1.28,-4.07,0.95,-0.53,-0.54,-0.26,0.00,0.00,-0.54,-0.26,0.12,0.42,-0.29,-0.05,-0.62,0.13,-0.54,0.52,-0.26,-0.66,1.35,2.80,-3.03,-10.82,1.87,0.51,0.32,1.08,4.07,-5.64,1.47,0.5273,35.87,-53.69,1.21,-4.27,1,1,1,1,37.47,132.02,2.41,6146,5960,6065,5
263,0.978,0.00,0.00,-29.93,29.63,0.01,-0.01
229,61761194,20.00,1,3,10.35,1,1,1.00,0.81,36.23,-48.32,3.68,-6.74,1.29,-4.06,-0.33,0.71,-0.37,-0.05,0.00,0.00,-0.37,-0.05,-0.04,0.42,-0.33,0.06,-0.62,0.18,-0.37,0.32,-0.05,-0.75,1.89,2.80,-0.45,-11.34,1.37,1.05,0.33,0.03,5.
16,-5.21,0.92,0.3464,39.22,-45.86,3.68,-6.74,1,1,1,1,37.67,131.93,1.33,5942,5967,6086,5336,0.979,0.00,0.00,-29.93,29.63,0.02,-0.02
230,61781197,20.00,1,3,10.35,1,1,1.00,0.79,36.16,-48.19,3.39,-6.48,1.31,-4.06,-1.06,1.45,-0.30,0.04,0.00,0.00,-0.30,0.04,-0.14,0.42,-0.32,
0.13,-0.62,0.19,-0.30,0.20,0.04,-0.74,1.70,2.35,0.11,-1.44,-0.44,0.12,0.33,-0.90,5.11,4.68,-0.97,-0.1554,0.05,-3.41,3.39,-6.48,1,1,1,0,37.75,131.89,0.97,5509,5953,6094,5881,0.979,0.00,0.00,-29.93,29.63,0.05,-0.05
231,61801182,19.99,1,3,10.34,1,1,1.00,0.78,36.09,-48.06
,3.10,-4.01,1.34,-4.08,-1.18,0.25,-0.52,-0.00,0.00,0.00,-0.52,-0.00,-0.16,0.42,-0.27,0.02,-0.62,0.08,-0.52,0.24,-0.00,-0.63,-0.25,1.28,-2.90,5.87,-1.05,-0.72,0.33,-0.68,3.30,10.50,-1.45,0.1167,-0.35,26.02,3.10,-4.01,1,1,1,1,37.99,131.77,-0.30,5366,5989,6095,6025,0.979,0
.00,0.00,-29.92,29.63,0.10,-0.10
232,61821182,20.00,1,3,10.34,1,1,1.00,0.77,36.03,-47.98,0.63,-1.54,1.36,-4.09,0.00,-0.73,-0.69,-0.30,0.00,0.00,-0.69,-0.30,0.00,0.42,-0.12,-0.07,-0.62,-0.00,-0.69,0.36,-0.30,-0.45,-1.18,-1.00,-5.48,9.28,-1.47,-1.53,0.32,-0.30,-0.53,
12.06,-1.47,0.3112,-32.58,54.79,0.63,-1.54,1,1,1,1,37.92,131.73,0.15,5338,6077,6076,6114,0.979,0.00,0.00,-29.92,29.62,0.13,-0.13
233,61841196,20.01,1,3,10.34,1,1,1.00,0.75,36.02,-47.95,-0.24,-0.92,1.37,-4.10,0.33,-1.91,-0.87,-0.40,0.00,0.00,-0.87,-0.40,0.04,0.42,-0.07,
-0.17,-0.62,-0.08,-0.87,0.46,-0.40,-0.34,-1.87,-1.22,-7.56,4.79,-0.55,-1.29,0.32,0.41,-1.39,4.49,-0.41,0.8127,-10.42,6.36,-0.24,-0.92,1,1,1,0,37.90,131.66,0.37,5596,6080,6042,5850,0.979,0.00,0.00,-29.92,29.62,0.14,-0.14
234,61861199,20.00,1,3,10.34,1,1,1.00,0.75,36.02,-47.93,1.09,-2.76,1.37,-4.10,
0.00,-1.27,-0.75,-0.34,0.00,0.00,-0.75,-0.34,0.00,0.42,-0.08,-0.11,-0.62,-0.02,-0.75,0.48,-0.34,-0.30,-0.52,-0.46,-5.75,-1.65,0.19,-0.74,0.31,0.62,-0.57,-0.67,0.26,0.6628,16.66,-24.32,1.09,-2.76,1,1,1,0,37.63,131.69,1.93,5811,6036,6017,5693,0.979,0.00,0.00,-29.92,29.62
,0.15,-0.14
235,61881202,20.00,1,3,10.34,1,1,1.00,0.75,36.00,-47.87,3.16,-5.19,1.39,-4.11,-0.36,0.00,-0.55,-0.28,0.00,0.00,-0.55,-0.28,-0.05,0.42,-0.09,0.00,-0.62,0.06,-0.55,0.43,-0.28,-0.33,0.88,0.06,-3.08,-7.29,1.15,0.19,0.31,0.67,0.21,-3.53,0.49,0.4748,27.42,-33.59,
3.16,-5.19,1,1,1,0,37.61,131.68,2.04,5936,5899,6074,5503,0.979,0.00,0.00,-29.91,29.61,0.17,-0.17
236,61901204,20.00,1,3,10.34,1,1,1.00,0.74,35.94,-47.77,4.85,-4.76,1.43,-4.14,-1.89,0.00,-0.57,0.02,0.00,0.00,-0.57,0.02,-0.25,0.42,-0.19,0.00,-0.62,0.05,-0.57,0.30,0.02,-0
.38,0.49,1.87,-2.78,-8.70,1.14,0.71,0.31,0.14,3.12,-2.25,-0.01,0.1048,24.64,0.32,4.85,-4.76,1,1,1,0,37.61,131.67,2.10,5816,5884,6188,5518,0.979,0.00,0.00,-29.91,29.61,0.22,-0.22
237,61921203,20.00,1,3,10.34,1,1,1.00,0.72,35.84,-47.68,5.18,-4.24,1.47,-4.18,-2.68,0.00,-0
.58,0.14,0.00,0.00,-0.58,0.14,-0.35,0.42,-0.21,0.00,-0.62,0.04,-0.58,0.18,0.14,-0.38,0.26,1.98,-2.42,-5.28,0.33,0.31,0.32,-0.29,3.64,0.72,-0.02,-0.1853,8.94,1.79,5.18,-4.24,1,1,1,0,37.80,131.59,1.10,5652,6043,6137,5571,0.980,0.00,0.00,-29.90,29.60,0.28,-0.28
238,61941
191,19.99,1,3,10.34,1,1,1.00,0.69,35.74,-47.59,4.76,-3.36,1.52,-4.22,-2.72,0.00,-0.58,0.11,0.00,0.00,-0.58,0.11,-0.36,0.42,-0.18,0.00,-0.62,0.03,-0.58,0.14,0.11,-0.35,0.12,1.09,-2.35,-2.00,0.08,-0.05,0.32,-0.18,2.55,1.52,0.10,0.2587,-0.08,6.95,4.76,-3.36,1,1,1,0,37.74,
131.58,1.45,5706,6071,6066,5659,0.980,0.00,0.00,-2
9.90,29.60,0.34,-0.34
239,61961192,20.00,1,3,10.34,1,1,1.00,0.69,35.64,-47.52,4.38,-2.37,1.55,-4.26,-2.50,-0.78,-0.71,0.03,0.00,0.00,-0.71,0.03,-0.33,0.42,-0.12,-0.07,-0.62,-0.02,-0.71,0.12,0.03,-0.32,-0.69,0.21,-3.79,-0.16,-0.16,-0.28,0.32,-0.21,1.30,4.12,-0.69,0.6194
,-0.11,9.23,4.38,-2.37,1,1,1,0,37.72,131.53,1.62,5614,5941,6080,5839,0.980,0.00,0.00,-29.
89,29.59,0.39,-0.39
240,61981209,20.02,1,3,10.34,1,1,1.00,0.69,35.55,-47.48,3.75,-2.19,1.57,-4.29,-2.02,-1.26,-0.78,-0.10,0.00,0.00,-0.78,-0.10,-0.27,0.42,-0.06,-0.11,-0.62,-0.05,-0.78,0.16,-0.10,-0.22,-0.87,-0.62,-4.62,4.00,-1.11,-0.98,0.31,-0.47,-0.23,7.62,-1.47,0.62
75,-3.58,-0.04,3.75,-2.19,1,1,1,0,37.93,131.39,0.55,5404,5940,6034,6085,0.980,0.00,0.00,-29.88,29.58,0.43,-0.43
241,62001206,20.00,1,3,10.34,1,1,1.00,0.69,35.48,-47.43,1.84,-2.04,1.60,-4.32,-0.67,-1.57,-0.82,-0.39,0.00,0.00,-0.82,-0.39,-0.09,0.42,0.05,-0.14,-0.62,-0.06
,-0.82,0.27,-0.39,-0.04,-0.80,-2.20,-5.29,4.73,-0.87,-1.18,0.31,-0.02,-3.30,9.14,-1.54,0.1950,-20.62,-0.25,1.84,-2.04,1,1,1,0,37.64,131.46,2.23,5392,5987,6163,6030,0.980,0.00,0.00,-29.87,29.57,0.47,-0.46
242,62021204,20.00,1,3,10.34,1,1,1.00,0.67,35.44,-47.39,1.84,-2.04,1.62
,-4.34,-0.12,-1.71,-0.83,-0.49,0.00,0.00,-0.83,-0.49,-0.02,0.42,0.09,-0.15,-0.62,-0.06,-0.83,0.31,-0.49,0.09,-0.58,-2.07,-5.35,-0.84,0.27,-0.56,0.30,0.53,-3.93,2.72,-0.52,0.2758,0.00,0.00,1.84,-2.04,1,0,0,0,37.80,131.41,1.34,5683,5887,6096,5750,0.980,0.00,0.00,-29.86,29
.56,0.50,-0.49
243,62041213,20.01,1,3,10.34,1,1,1.00,0.68,35.40,-47.35,1.94,-3.22,1.64,-4.36,0.00,-1.06,-0.72,-0.50,0.00,0.00,-0.72,-0.50,0.00,0.42,0.08,-0.10,-0.62,-0.00,-0.72,0.25,-0.50,0.07,0.29,-1.39,-3.60,-6.59,1.02,0.16,0.30,0.58,-3.22,-5.49,0.70,0.2857,3.01,-16.10,1.94,-3.22,1,1,1,0,37.75,1
31.45,1.65,5982,5954,6038,5530,0.980,0.00,0.00,-29.85,29.55,0.52,-0.52
244,62061215,20.00,1,3,10.33,1,1,1.00,0.68,35.37,-47.29,4.54,-2.91,1.68,-4.39,-1.40,-1.00,-0.71,-0.19,0.00,0.00,-0.71,-0.19,-0.18,0.42,-0.05,-0.09,-0.62,0.00,-0.71,0.13,-0.19,-0.06,0.26,0.98,-2.86,
-7.61,0.99,0.50,0.31,0.20,0.55,-9.10,0.85,0.0603,47.81,0.56,4.54,-2.91,1,1,1,1,38.13,131.31,-0.34,5923,6040,6078,5438,0.980,0.00,0.00,-29.84,29.54,0.57,-0.56
245,62081198,19.98,1,3,10.33,1,1,1.00,0.66,35.27,-47.23,7.12,-3.81,1.71,-4.43,-3.50,-0.44,-0.62,0.24,0.00,0.0
0,-0.62,0.24,-0.46,0.42,-0.20,-0.04,-0.62,0.04,-0.62,0.04,0.24,-0.18,0.69,2.80,-1.49,-6.80,0.83,0.50,0.31,0.04,4.12,-9.18,1.21,0.4532,49.56,-13.82,7.12,-3.81,1,1,1,1,37.93,131.36,0.82,5983,6175,6073,5445,0.981,0.00,0.00,-29.83,29.53,0.62,-0.61
246,62101202,20.00,1,3,1
0.33,1,1,1.00,0.64,35.13,-47.15,9.46,-2.95,1.76,-4.50,-5.72,-0.75,-0.68,0.73,0.00,0.00,-0.68,0.73,-0.75,0.42,-0.33,-0.07,-0.62,0.01,-0.68,-0.03,0.73,-0.27,0.11,2.80,-2.01,-4.01,0.32,0.32,0.31,-0.30,6.84,-4.88,0.62,0.4770,35.70,6.70,9.46,-2.95,1,1,1,0,37.99,131.26,0.56,5
821,6127,6049,5574,0.981,0.00,0.00,-29.81,29.52,0.69,-0.69
247,62121217,20.01,1,3,10.33,1,1,1.00,0.65,34.94,-47.09,8.69,-2.71,1.80,-4.56,-6.13,-1.06,-0.73,0.72,0.00,0.00,-0.73,0.72,-0.80,0.42,-0.29,-0.10,-0.62,-0.01,-0.73,0.00,0.72,-0.21,-0.23,1.80,-2.73,5.87,-1.70,-0
.99,0.31,-1.05,5.50,9.24,-1.78,0.1739,0.00,0.00,8.69,-2.71,1,1,1,0,37.74,131.29,2.00,5363,5969,5990,6280,0.981,0.00,0.00,-29.80,29.50,0.77,-0.76
248,62141219,20.00,1,3,10.33,1,1,1.00,0.66,34.77,-47.04,6.16,-0.18,1.84,-4.62,-4.77,-2.75,-0.98,0.34,0.00,0.00,-0.98,0.34,-0
.63,0.42,-0.13,-0.25,-0.62,-0.12,-0.98,0.10,0.34,-0.03,-1.72,-1.22,-6.22,7.88,-1.25,-1.34,0.30,-0.24,-0.05,14.21,-1.90,-0.0546,-63.07,34.78,6.16,-0.18,1,1,1,1,37.82,131.23,1.62,5316,5916,6088,6149,0.981,0.00,0.00,-29.78,29.48,0.84,-0.83
249,62161220,20.00,1,3,10.33,1,
1,1.00,0.65,34.65,-47.03,5.66,-0.17,1.83,-4.64,-3.94,-3.46,-1.07,0.14,0.00,0.00,-1.07,0.14,-0.52,0.42,-0.04,-0.31,-0.62,-0.14,-1.07,0.18,0.14,0.19,-1.64,-2.02,-6.94,2.04,-0.23,-1.04,0.30,0.50,-2.20,12.10,-1.74,0.3414,0.00,0.00,5.66,-0.17,1,1,1,0,37.74,131.22,2.07,5440,
5855,6254,5962,0.981,0.00,0.00,-29.76,29.47,0.85,-0.84
250,62181221,20.00,1,3,10.33,1,1,1.00,0.65,34.53,-47.03,5.22,-1.00,1.82,-4.65,-3.34,-3.25,-1.01,0.00,0.00,0.00,-1.01,0.00,-0.44,0.42,0.01,-0.29,-0.62,-0.10,-1.01,0.18,0.00,0.37,-0.70,-2.13,-5.71,-3.10,0.36,-0.48,0.
29,0.56,-3.28,2.33,0.00,0.3143,0.12,-10.63,5.22,-1.00,1,1,1,0,37.75,131.21,2.05,5795,5942,6038,5698,0.981,0.00,0.00,-29.75,29.45,0.86,-0.85
251,62201223,20.00,1,3,10.33,1,1,1.00,0.66,34.43,-47.01,7.72,-3.50,1.83,-4.67,-4.57,-1.66,-0.75,0.28,0.00,0.00,-0.75,0
.28,-0.60,0.42,-0.08,-0.15,-0.62,0.02,-0.75,0.08,0.28,0.34,1.15,0.33,-1.92,-7.06,0.80,0.17,0.29,0.35,0.15,-5.65,0.79,0.2393,52.00,-35.30,7.72,-3.50,1,1,1,1,37.67,131.27,2.51,5962,5986,5988,5543,0.981,0.00,0.00,-29.73,29.43,0.88,-0.88
252,62221222,20.00,1,3,10.33,1
,1,1.00,0.66,34.27,-46.94,10.20,-3.18,1.88,-4.74,-6.53,-1.24,-0.69,0.75,0.00,0.00,-0.69,0.75,-0.85,0.42,-0.22,-0.11,-0.62,0.04,-0.69,-0.04,0.75,0.19,1.11,2.80,-1.01,-5.12,0.48,0.40,0.30,-0.21,4.59,-9.21,1.37,-0.0106,49.60,0.57,10.20,-3.18,1,1,1,1,38.06,131.15,0.44,5928,6152,5917,5439,0.981,0.00,0.00,-29.71,29
.41,0.96,-0.95
253,62241223,20.00,1,3,10.33,1,1,1.00,0.64,34.07,-46.88,12.69,-1.75,1.92,-4.81,-8.78,-1.96,-0.81,1.25,0.00,0.00,-0.81,1.25,-1.15,0.42,-0.35,-0.18,-0.62,-0.01,-0.81,-0.10,1.25,0.05,-0.00,2.80,-2.38,-3.58,0.42,0.32,0.30,-0.19,7.84,-8.68,1.50,0.2600,54.26,1
4.82,12.69,-1.75,1,1,1,1,37.89,131.21,1.37,5985,6229,5945,5479,0.981,0.00,0.00,-29.69,29.39,1.04,-1.03
254,62261224,20.00,1,3,10.33,1,1,1.00,0.64,33.82,-46.84,11.91,-0.22,1.94,-4.87,-9.22,-3.20,-0.99,1.25,0.00,0.00,-0.99,1.25,-1.21,0.42,-0.31,-0.29,-0.62,-0.09,-0.99,-
0.08,1.25,0.01,-1.16,1.82,-4.74,3.87,-1.23,-0.79,0.30,-0.76,7.06,2.20,-0.33,0.1252,2.83,17.56,11.91,-0.22,1,1,1,0,37.97,131.17,0.98,5552,6138,5901,5963,0.982,0.00,0.00,-29.67,29.37,1.11,-1.10
255,62281225,20.00,1,3,10.32,1,1,1.00,0.65,33.58,-46.84,9.43,2.26,1.93,-4.90,
-7.94,-5.22,-1.29,0.85,0.00,0.00,-1.29,0.85,-1.04,0.42,-0.15,-0.47,-0.62,-0.20,-1.29,0.03,0.85,0.14,-2.54,-1.27,-8.16,4.13,-0.82,-1.12,0.29,-0.01,1.10,11.08,-1.61,0.2862,-60.16,33.50,9.43,2.26,1,1,1,1,37.94,131.18,1.20,5457,5915,6125,6098,0.982,0.00,0.00,-29.64,29.35,1
.14,-1.13
256,62301226,20.00,1,3,10.32,1,1,1.00,0.65,33.39,-46.88,8.69,2.08,1.86,-4.89,-7.02,-5.92,-1.36,0.60,0.00,0.00,-1.36,0.60,-0.92,0.42,-0.05,-0.53,-0.62,-0.20,-1.36,0.08,0.60,0.34,-2.07,-2.32,-8.27,-0.13,-0.40,-1.01,0.29,0.32,-1.49,12.45,-1.94,0.3937,0.00,0.00,8
.69,2.08,1,1,1,0,38.07,131.13,0.56,5409,5868,6276,6027,0.982,0.00,0.00,-29.62,29.33,1.11,-1.10
257,62321228,20.00,1,3,10.33,1,1,1.00,0.64,33.22,-46.93,6.70,1.90,1.80,-4.87,-5.49,-6.10,-1.34,0.22,0.00,0.00,-1.34,0.22,-0.72,0.42,0.08,-0.55,-0.62,-0.17,-1.34,0.05,0.22,0.5
0,-1.27,-2.80,-7.26,-4.41,0.27,-0.49,0.28,0.47,-3.69,6.59,-0.73,0.0834,-16.44,-0.18,6.70,1.90,1,1,1,0,37.82,131.21,1.97,5684,5946,6209,5807,0.982,0.00,0.00,-29.60,29.30,1.08,-1.07
258,62341229,20.00,1,3,10.33,1,1,1.00,0.64,33.08,-46.96,8.10,1.05,1.75,-4.85,-5.75,-5.63
,-1.24,0.33,0.00,0.00,-1.24,0.33,-0.75,0.42,0.04,-0.51,-0.62,-0.11,-1.24,-0.09,0.33,0.53,-0.19,-1.20,-4.97,-8.95,0.93,0.21,0.28,0.45,-1.83,-4.10,0.70,0.2838,24.39,-8.94,8.10,1.05,1,1,1,0,38.03,131.13,0.87,5987,5955,6014,5557,0.982,0.00,0.00,-29.58,29.28,1.04,-1.03
259
,62361230,20.00,1,3,10.32,1,1,1.00,0.66,32.92,-46.98,10.56,-0.30,1.70,-4.85,-7.34,-4.62,-1.06,0.74,0.00,0.00,-1.06,0.74,-0.96,0.42,-0.09,-0.42,-0.62,-0.02,-1.06,-0.25,0.74,0.39,0.9
6,1.76,-2.00,-8.98,0.78,0.50,0.29,0.00,2.86,-10.43,1.56,0.0937,43.56,-15.98,10.56,-0.30,1,1,1,1,37.97,131.16,1.24,6063,6160,5953,5446,0.982,0.00,0.00,-29.56,29.26,1.03,-1.02
260,62381234,20.00,1,3,10.32,1,1,1.00,0.64,32.71,-46.98,12.24,2.16,1.68,-4.87,-9.01,-5.70,-1.22
,1.12,0.00,0.00,-1.22,1.12,-1.18,0.42,-0.20,-0.51,-0.62,-0.09,-1.22,-0.34,1.12,0.24,-0.36,2.80,-3.72,-6.30,0.70,0.54,0.29,-0.12,6.21,-12.23,2.06,0.4612,31.91,40.88,12.24,2.16,1,1,1,1,38.09,131.11,0.59,6034,6304,5946,5307,0.982,0.00,0.00,-29.54,29.24,1.05,-1.04
261,624
01219,19.99,1,3,10.32,1,1,1.00,0.62,32.46,-47.02,13.56,3.01,1.61,-4.86,-10.52,-6.62,-1.35,1.44,0.00,0.00,-1.35,1.44,-1.38,0.42,-0.28,-0.60,-0.62,-0.13,-1.35,-0.39,1.44,0.13,-1.00,2.80,-4.85,-1.89,-0.38,-0.23,0.29,-0.44,8.38,-7.14,1.31,0.4574,29.02,12.93,13.56,3.01,1,1,1
,0,37.90,131.12,1.74,5867,6309,5863,5621,0.982,0.00,0.00,-29.52,29.22,1.02,-1.01
262,62421236,20.02,1,3,10.32,1,1,1.00,0.65,32.19,-47.08,11.10,5.47,1.53,-4.84,-9.73,-8.46,-1.61,1.14,0.00,0.00,-1.61,1.14,-1.27,0.41,-0.16,-0.76,-0.62,-0.22,-1.61,-0.32,1.14,0.17,-2.23,0.03,-7.68
,6.84,-2.01,-1.47,0.28,-0.86,3.98,10.45,-2.15,0.4895,-78.52,61.63,11.10,5.47,1,1,1,1,37.84,131.10,2.11,5312,5896,5933,6413,0.982,0.00,0.00,-29.50,29.20,0.98,-0.97
263,62441237,20.00,1,3,10.32,1,1,1.00,0.68,31.97,-47.19,8.65,7.10,1.40,-4.78,-8.03,-10.16,-1.82,0.69,0.0
0,0.00,-1.82,0.69,-1.05,0.41,0.00,-0.92,-0.62,-0.28,-1.82,-0.21,0.69,0.43,-2.78,-2.78,-9.86,4.90,-1.19,-1.58,0.28,0.10,-1.96,19.23,-3.10,0.4409,-74.29,26.22,8.65,7.10,1,1,1,1,37.62,131.16,3.34,5246,5698,6202,6378,0.982,0.00,0.00,-29.48,29.19,0.89,-0.89
264,6
2461237,20.00,1,3,10.33,1,1,1.00,0.68,31.80,-47.33,6.19,6.49,1.24,-4.69,-5.96,-10.44,-1.81,0.21,0.00,0.00,-1.81,0.21,-0.78,0.41,0.16,-0.94,-0.63,-0.24,-1.81,-0.15,0.21,0.77,-1.73,-2.80,-9.04,-1.45,-0.08,-1.06,0.27,0.70,-4.61,15.15,-2.17,0.4724,-51.56,-0.62,6.19,6.49,1
,1,1,1,37.71,131.15,2.85,5395,5737,6286,5989,0.982,0.00,0.00,-29.46,29.17,0.78,-0.77
265,62481240,20.00,1,3,10.33,1,1,1.00,0.68,31.67,-47.46,5.71,5.98,1.12,-4.62,-4.91,-10.20,-1.73,0.02,0.00,0.00,-1.73,0.02,-0.64,0.41,0.21,-0.92,-0.63,-0.18,-1.73,-0.23,0.02,0.94,-0.61
,-2.80,-7.11,-8.04,0.82,-0.13,0.27,0.69,-6.43,0.44,0.36,0.3803,0.00,0.00,5.71,5.98,1,1,1,0,37.51,131.28,3.91,5859,5963,6083,5549,0.982,0.00,0.00,-29.45,29.16,0.67,-0.66
266,62501240,20.00,1,3,10.33,1,1,1.00,0.68,31.56,-47.58,8.16,5.43,1.00,-4.55,-6.03,-9.72,-1.62,0.33,
0.00,0.00,-1.62,0.33,-0.79,0.41,0.08,-0.88,-0.63,-0.11,-1.62,-0.41,0.33,0.83,0.27,0.09,-4.81,-10.78,1.03,0.46,0.27,0.31,-1.51,-11.30,1.46,0.3605,66.57,-1.03,8.16,5.43,1,1,1,1,37.74,131.27,2.66,6063,5999,5884,5406,0.981,0.00,0.00,-29.44,29.15,0.58,-0.57
267,62521241,20.
00,1,3,10.33,1,1,1.00,0.69,31.40,-47.69,7.53,4.48,0.90,-4.51,-6.15,-8.93,-1.47,0.36,0.00,0.00,-1.47,0.36,-0.81,0.41,0.06,-0.81,-0.63,-0.04,-1.47,-0.57,0.36,0.56,1.05,0.20,-2.45,-6.93,0.17,0.27,0.27,-0.37,-0.45,-15.17,2.01,0.2718,0.08,-6.75,7.53,4.48,1,1,1,0,37.76,131.3
2,2.55,5985,6281,5794,5410,0.981,0.00,0.00,-29.43,29.14,0.50,-0.50
268,62541237,20.00,1,3,10.33,1,1,1.00,0.68,31.25,-47.78,7.53,4.48,0.81,-4.47,-6.25,-8.59,-1.41,0.39,0.00,0.00,-1.41,0.39,-0.82,0.41,0.04,-0.78,-0.63,-0.01,-1.41,-0.64,0.39,0.31,1.05,0.33,-1.71,-1.85,-0.
21,-0.07,0.27,-0.41,0.58,-9.39,0.44,0.2716,0.00,0.00,7.53,4.48,1,0,0,0,38.04,131.24,1.02,5738,6120,5948,5675,0.981,0.00,0.00,-29.42,29.13,0.45,-0.44
269,62561244,20.01,1,3,10.33,1,1,1.00,0.68,31.10,-47.87,9.99,4.14,0.73,-4.44,-7.82,-8.21,-1.36,0.80,0.00,0.00,-1.36,0.8
0,-1.02,0.41,-0.09,-0.74,-0.63,0.01,-1.36,-0.63,0.80,0.22,1.04,2.71,-1.45,0.47,-0.11,-0.27,0.27,-0.11,4.54,-2.36,-0.38,0.3612,36.81,0.43,9.99,4.14,1,1,1,0,38.03,131.25,1.12,5709,6005,6077,5839,0.981,0.00,0.00,-29.41,29.12,0.39,-0.39
270,62581232,19.99,1,3,10.33,1,1,1.0
0,0.68,30.90,-47.95,7.39,4.83,0.65,-4.41,-6.94,-8.49,-1.40,0.52,0.00,0.00,-1.40,0.52,-0.91,0.41,-0.00,-0.77,-0.63,-0.01,-1.40,-0.62,0.52,0.22,0.40,0.06,-2.35,0.24,0.03,-0.21,0.27,-0.03,0.99,1.64,-0.08,0.4043,-22.62,12.53,7.39,4.83,1,1,1,1,38.03,131.21,1.17,5792,5999,60
29,5806,0.982,0.00,0.00,-29.41,29.11,0.35,-0.34
271,62601247,20.01,1,3,10.32,1,1,1.00,0.69,30.75,-48.05,4.86,4.41,0.56,-4.38,-5.12,-8.34,-1.38,0.13,0.00,0.00,-1.38,0.13,-0.67,0.41,0.14,-0.75,-0.63,0.01,-1.38,-0.61,0.13,0.26,0.40,-2.37,-2.29,1.76,-0.50,-0.52,0.27,-0.26,
-2.79,3.30,-0.85,0.9618,-23.22,-0.28,4.86,4.41,1,1,1,0,37.85,131.22,2.24,5584,6006,6099,5938,0.982,0.00,0.00,-29.40,29.11,0.29,-0.29
272,62621247,20.00,1,3,10.32,1,1,1.00,0.68,30.65,-48.14,2.31,4.01,0.50,-4.36,-2.89,-8.04,-1.33,-0.31,0.00,0.00,-1.33,-0.31,-0.38,0.41,0.28,-0
.73,-0.63,0.02,-1.33,-0.58,-0.31,0.31,0.53,-2.80,-2.13,3.64,-0.72,-0.75,0.27,-0.25,-4.82,4.88,-1.53,0.5285,-38.17,-0.45,2.31,4.01,1,1,1,1,37.73,131.24,2.93,5408,5952,6167,6003,0.982,0.00,0.00,-29.39,29.10,0.25,-0.24
273,62641249,20.00,1,3,10.33,1,1,1.00,0.66,30.60,-48
.22,2.12,3.69,0.45,-4.33,-1.92,-7.72,-1.29,-0.46,0.00,0.00,-1.29,-0.46,-0.25,0.41,0.30,-0.70,-0.63,0.04,-1.29,-0.47,-0.46,0.40,0.62,-2.72,-2.40,5.05,-0.71,-0.90,0.26,-0.08,-5.95,1.44,-0.73,0.2691,0.00,0.00,2.12,3.69,1,1,1,0,37.50,131.32,4.19,5525,6015,6022,5905,0.982,0.
00,0.00,-29.39,29.10,0.21,-0.20
274,62661251,20.00,1,3,10.33,1,1,1.00,0.67,30.56,-48.29,3.38,2.47,0.41,-4.32,-2.29,-6.84,-1.16,-0.32,0.00,0.00,-1.16,-0.32,-0.30,0.41,0.21,-0.62,-0.63,0.09,-1.16,-0.37,-0.32,0.37,1.17,-0.92,-1.71,2.67,-0.10,-0.64,0.26,0.28,-3.22,-5.74,0
.38,0.3938,17.65,-11.31,3.38,2.47,1,1,1,0,37.82,131.26,2.44,5757,6017,5889,5682,0.982,0.00,0.00,-29.39,29.09,0.17,-0.17
275,62681251,20.00,1,3,10.33,1,1,1.00,0.67,30.49,-48.34,3.11,1.65,0.37,-4.31,-2.30,-5.99,-1.05,-0.27,0.00,0.00,-1.05,-0.27,-0.30,0.41,0.17,-0.54,-0.6
3,0.12,-1.05,-0.34,-0.27,0.27,1.45,-0.33,-0.98,-0.70,0.52,-0.13,0.26,0.40,-2.05,-10.64,1.28,0.2938,0.09,-7.72,3.11,1.65,1,1,1,0,37.61,131.39,3.59,5975,6118,5919,5500,0.981,0.00,0.00,-29.38,29.09,0.15,-0.15
276,62701251,20.00,1,3,10.33,1,1,1.00,0.66,30.43,-48.37,4.76,0.
08,0.35,-4.30,-3.30,-4.70,-0.88,-0.03,0.00,0.00,-0.88,-0.03,-0.43,0.41,0.06,-0.42,-0.63,0.18,-0.88,-0.37,-0.03,0.11,2.01,1.26,0.38,-1.62,0.37,0.08,0.26,0.03,0.80,-11.27,1.09,-0.1950,23.65,-17.97,4.76,0.08,1,1,1,0,37.84,131.31,2.35,5829,6161,5969,5443,0.981,0.00,0.00,-29
.38,29.09,0.14,-0.14
277,62721253,20.00,1,3,10.33,1,1,1.00,0.65,30.34,-48.38,4.71,0.08,0.33,-4.30,-3.68,-4.18,-0.83,0.06,0.00,0.00,-0.83,0.06,-0.48,0.41,0.02,-0.38,-0.63,0.18,-0.83,-0.39,0.06,-0.04,1.57,1.38,0.15,-0.31,0.10,0.09,0.26,-0.25,1.68,-7.75,0.39,0.3562,4.21,
0.05,4.71,0.08,1,1,1,0,37.46,131.43,4.44,5791,6072,5996,5663,0.981,0.00,0.00,-29.38,29.09,0.14,-0.14
278,62741254,20.00,1,3,10.33,1,1,1.00,0.67,30.24,-48.38,2.23,1.94,0.31,-4.30,-2.36,-5.11,-1.01,-0.21,0.00,0.00,-1.01,-0.21,-0.31,0.41,0.11,-0.46,-0.63,0.08,-1.01,-0.32
,-0.21,-0.07,-0.07,-0.76,-2.41,6.20,-1.17,-0.76,0.26,-0.69,-1.22,1.57,-1.05,0.3526,-39.35,23.47,2.23,1.94,1,1,1,1,37.74,131.32,2.89,5486,5898,5867,6072,0.981,0.00,0.00,-29.38,29.08,0.14,-0.14
279,62761243,19.99,1,3,10.33,1,1,1.00,0.69,30.20,-48.42,-0.26,1.73,0.29,-4.30
,-0.36,-5.36,-1.07,-0.61,0.00,0.00,-1.07,-0.61,-0.05,0.41,0.25,-0.48,-0.63,0.05,-1.07,-0.15,-0.61,0.03,-0.39,-2.80,-4.00,9.23,-1.53,-1.46,0.25,-0.35,-4.88,6.67,-1.70,0.3417,-60.19,-0.73,-0.26,1.73,1,1,1,1,37.46,131.46,4.41,5319,5970,6014,6171,0.981,0.00,0.00,-29.37,29.
08,0.12,-0.12
280,62781255,20.01,1,3,10.33,1,1,1.00,0.68,30.20,-48.45,-2.40,2.51,0.28,-4.29,0.71,-5.94,-1.17,-0.78,0.00,0.00,-1.17,-0.78,0.09,0.41,0.28,-0.54,-0.63,0.00,-1.17,-0.05,-0.78,0.09,-0.86,-2.80,-5.51,3.04,-0.09,-0.89,0.25,0.54,-6.13,1.05,-0.67,0.7245,-27.31,1
1.54,-2.40,2.51,1,1,1,0,37.61,131.45,3.59,5512,5974,6127,5713,0.981,0.00,0.00,-29.37,29.08,0.11,-0.11
281,62801243,19.99,1,3,10.33,1,1,1.00,0.66,30.25,-48.50,-2.18,0.03,0.27,-4.29,1.43,-4.69,-0.98,-0.87,0.00,0.00,-0.98,-0.87,0.19,0.41,0.28,-0.42,-0.63,0.08,-0.98,-0.06,
-0.87,0.05,0.61,-2.39,-3.00,-3.26,0.55,-0.28,0.25,0.60,-6.00,
-7.79,0.77,1.0443,0.39,-33.90,-2.18,0.03,1,1,1,1,37.38,131.53,4.69,5855,6051,5992,5506,0.981,0.00,0.00,-29.37,29.08,0.09,-0.09
282,62821248,20.00,1,3,10.33,1,1,1.00,0.67,30.29,-48.50,0.29,-2.17,0.28,-4.29,0.25,-2.84,-0.71,-0.57,0.00,0.00,-0.71,-0.57,0.03,0.41,0.1
3,-0.26,-0.63,0.18,-0.71,-0.13,-0.57,-0.12,2.03,0.29,0.17,-4.55,0.53,0.19,0.25,0.10,-1.14,-11.83,0.84,0.5724,36.53,-27.88,0.29,-2.17,1,1,1,1,37.55,131.46,3.80,5932,5930,5850,5571,0.981,0.00,0.00,-29.37,29.07,0.09,-0.09
283,62841260,20.01,1,3,10.33,1,1,1.00,0.69,30.29,
-48.46,1.96,-1.98,0.29,-4.29,-0.22,-2.21,-0.65,-0.45,0.00,0.00,-0.65,-0.45,-0.03,0.41,0.07,-0.20,-0.64,0.19,-0.65,-0.17,-0.45,-0.34,1.69,0.95,0.14,-2.04,0.27,0.28,0.25,-0.25,0.60,-11.02,0.99,0.4258,21.49,0.26,1.96,-1.98,1,1,1,0,37.43,131.52,4.43,5845,6102,5912,5511,0.
981,0.00,0.00,-29.37,29.07,0.10,-0.10
284,62861265,20.00,1,3,10.34,1,1,1.00,0.67,30.25,-48.42,0.78,-1.84,0.30,-4.30,-0.10,-2.06,-0.66,-0.46,0.00,0.00,-0.66,-0.46,-0.01,0.41,0.07,-0.19,-0.64,0.16,-0.66,-0.13,-0.46,-0.47,1.01,0.54,-0.67,2.87,-0.54,-0.34,0.25,-0.45,0.57,
-3.88,-0.19,0.1692,-12.99,-0.15,0.78,-1.84,1,1,1,0,37.64,131.49,3.30,5547,6058,5965,5739,0.981,0.00,0.00,-29.36,29.07,0.12,-0.12
285,62881265,20.00,1,3,10.33,1,1,1.00,0.66,30.23,-48.38,-1.68,-1.72,0.31,-4.30,0.43,-2.08,-0.70,-0.56,0.00,0.00,-0.70,-0.56,0.06,0.41,0.09,
-0.19,-0.64,0.12,-0.70,-0.04,-0.56,-0.48,0.44,-0.24,-1.71,4.27,-0.41,-0.62,0.25,-0.04,-0.50,-0.29,-0.34,0.5670,-33.85,-0.39,-1.68,-1.72,1,1,1,1,37.50,131.60,4.01,5639,5981,5963,5834,0.980,0.00,0.00,-29.36,29.07,0.13,-0.13
286,62901264,20.00,1,3,10.33,1,1,1.00,0.68,30.2
7,-48.35,-3.08,-1.60,0.33,-4.31,1.90,-2.18,-0.74,-0.84,0.00,0.00,-0.74,-0.84,0.25,0.41,0.19,-0.20,-0.64,0.09,-0.74,-0.00,-0.84,-0.46,0.04,-1.91,-2.50,1.22,0.08,-0.37,0.24,0.21,-3.12,0.88,-0.64,1.2544,-19.47,-0.23,-3.08,-1.60,1,1,1,0,37.72,131.53,2.82,5661,5843
,6034,5809,0.981,0.00,0.00,-29
.36,29.06,0.14,-0.14
287,62921266,20.00,1,3,10.33,1,1,1.00,0.66,30.33,-48.32,-4.90,-1.50,0.35,-4.31,3.59,-2.29,-0.77,-1.16,0.00,0.00,-0.77,-1.16,0.47,0.41,0.28,-0.21,-0.64,0.07,-0.77,0.07,-1.16,-0.37,-0.19,-2.80,-3.33,3.34,-0.66,-0.73,0.24,-0.18,-5.60,3.74,-1.35,0.2524
,-26.27,-0.30,-4.90,-1.50,1,1,1,0,37.59,131.58,3.56,5397,5978,6159,5929,0.981,0.00,0.00,-29.35,29.06,0.15,-0.15
288,62941267,20.00,1,3,10.33,1,1,1.00,0.65,30.43,-48.29,-5.92,-1.40,0.38,-4.31,4.90,-2.41,-0.81,-1.38,0.00,0.00,-0.81,-1.38,0.64,0.41,0.32,-0.22,-0.64,0.05,
-0.81,0.13,-1.38,-0.31,-0.32,-2.80,-4.03,1.85,-0.31,-0.65,0.24,0.10,-7.19,0.22,-0.69,0.2172,-17.89,-0.20,-5.92,-1.40,1,1,1,0,37.75,131.56,2.67,5583,5931,6033,5846,0.981,0.00,0.00,-29.35,29.06,0.16,-0.16
289,62961265,20.00,1,3,10.33,1,1,1.00,0.65,30.55,-48.26
,-6.00,-2.39,0.41,-4.32,5.49,-1.86,-0.73,-1.43,0.00,0.00,-0.73,-1.43,0.72,0.41,0.31,-0.17,-0.64,0.07,-0.73,0.15,-1.43,-0.33,0.25,-2.18,-3.16,-1.89,0.37,-0.27,0.24,0.41,-6.74,-7.08,0.43,0.5890,-6.85,-13.96,-6.00,-2.39,1,1,1,0,37.75,131.56,2.67,5841,6013,5996,5629,0.981,0
.00,0.00,-29.35,29.05,0.17,-0.17
290,62981272,20.01,1,3,10.34,1,1,1.00,0.65,30.67,-48.21,-3.88,-2.18,0.45,-4.32,4.48,-1.76,-0.73,-1.16,0.00,0.00,-0.73,-1.16,0.59,0.41,0.17,-0.16,-0.64,0.06,-0.73,0.14,-1.16,-0.48,0.17,0.25,-3.16,-1.27,-0.02,-0.24,0.23,-0.02,-2.01,-11.0
6,0.76,0.2933,21.01,0.24,-3.88,-2.18,1,1,1,0,37.87,131.58,2.06,5815,6126,5920,5619,0.981,0.00,0.00,-29.34,29.05,0.18,-0.18
291,63001264,19.99,1,3,10.33,1,1,1.00,0.64,30.74,-48.17,-2.59,-2.00,0.48,-4.33,3.32,-1.82,-0.75,-0.89,0.00,0.00,-0.75,-0.89,0.43,0.41,0.04,-0.16,-
0.64,0.05,-0.75,0.14,-0.89,-0.68,-0.03,1.84,-3.46,-1.40,0.05,-0.22,0.23,0.04,1.17,-9.81,0.80,0.3052,12.51,0.14,-2.59,-2.00,1,1,1,0,37.87,131.58,2.06,5814,6168,5968,5589,0.980,0.00,0.00,-29.34,29.05,0.20,-0.20
292,63021272,20.01,1,3,10.33,1,1,1.00,0.63,30.80,-48.13,-2.1
1,-1.71,0.51,-4.34,2.58,-2.
02,-0.79,-0.73,0.00,0.00,-0.79,-0.73,0.34,0.41,-0.02,-0.18,-0.64,0.03,-0.79,0.12,-0.73,-0.80,-0.26,2.19,-3.82,-4.02,0.57,0.07,0.23,0.27,2.40,-10.64,1.48,0.9477,3.52,1.69,-2.11,-1.71,1,1,1,0,37.98,131.56,1.49,5960,6201,5960,5421,0.981,0.00,0.00,-29.34,29.04,0.22,-0.21

293,63041254,19.98,1,3,10.33,1,1,1.00,0.62,30.84,-48.09,-4.56,-1.26,0.53,-4.34,3.77,-2.39,-0.86,-0.98,0.00,0.00,-0.86,-0.98,0.49,0.41,0.07,-0.22,-0.64,-0.00,-0.86,0.07,-0.98,-0.87,-0.55,-0.12,-4.22,-2.15,-0.14,-0.21,0.23,-0.17,-0.48,0.10,-0.62,0.4489,-36.41,4.06,-4.56,
-1.26,1,1,1,1,37.99,131.56,1.49,5665,5971,6097,5867,0.981,0.00,0.00,-29.33,29.04,0.23,-0.23
294,63061270,20.02,1,3,10.33,1,1,1.00,0.63,30.93,-48.07,-4.56,-1.26,0.56,-4.34,4.26,-2.54,-0.88,-1.07,0.00,0.00,-0.88,-1.07,0.56,0.41,0.10,-0.23,-0.64,-0.01,-0.88,0.07,-1.07,-0.
76,-0.50,-0.61,-4.26,-0.27,-0.42,-0.50,0.23,-0.16,-1.60,9.43,-2.43,0.2000,0.00,0.00,-4.56,-1.26,1,0,0,0,37.91,131.50,2.00,5405,5755,6285,6159,0.981,0.00,0.00,-29.33,29.03,0.23,-0.23
295,63081273,20.00,1,3,10.33,1,1,1.00,0.63,31.02,-48.04,-7.19,-0.44,0.58,-4.34,6.04,-3
.11,-0.96,-1.42,0.00,0.00,-0.96,-1.42,0.79,0.41,0.21,-0.28,-0.64,-0.05,-0.96,0.06,-1.42,-0.58,-0.84,-2.59,-5.03,-1.47,-0.07,-0.35,0.23,0.05,-5.72,8.29,-1.44,0.3767,-80.08,8.41,-7.1
9,-0.44,1,1,1,1,37.91,131.50,2.00,5509,5892,6253,5908,0.982,0.00,0.00,-29.32,29.03,0.24,-0.24
296,63101278,20.00,1,3,10.33,1,1,1.00,0.61,31.16,-48.03,-6.62,2.16,0.61,-4.34,6.41,-4.89,-1.23,-1.45,0.00,0.00,-1.23,-1.45,0.84,0.41,0.20,-0.44,-0.64,-0.15,-1.23,0.05,-1.45,-
0.48,-2.16,-1.86,-7.61,-1.24,-0.21,-0.48,0.23,0.04,-5.77,0.00,-0.24,0.3791,-0.36,33.85,-6.62,2.16,1,1,1,1,38.01,131.38,1.55,5662,6056,6065,5781,0.982,0.00,0.00,-29.32,29.02,0.24,-0.23
297,63121263,19.99,1,3,10.33,1,1,1.00,0.61,31.30,-48.08,-6.07,1.98,0.60,-4.32,6.23,-5
.48,-1.29,-1.38,0.00,0.00,-1.29,-1.38,0.82,0.41,0.15,-0.49,-0.64,-0.16,-1.29,0.01,-1.38,-0.54,-1.78,-0.74,-7.31,-4.30,-0.20,-0.42,0.23,-0.01,-3.85,-9.97,1.03,0.5499,0.00,0.00,-6.07,1.98,1,1,1,0,38.02,131.38,1.55,5907,6172,5847,5688,0.981,0.00,0.00,-29.31,29.02
,0.21,-0.20
298,63141281,20.02,1,3,10.32,1,1,1.00,0.62,31.42,-48.12,-5.57,0.84,0.60,-4.30,5.86,-5.01,-1.19,-1.27,0.00,0.00,-1.19,-1.27,0.77,0.41,0.09,-0.45,-0.64,-0.10,-1.19,-0.07,-1.27,-0.71,-0.54,0.17,-5.18,-7.56,0.50,0.03,0.22,0.25,-1.62,-14.90,1.69,0.8717,0.13,-11.
98,-5.57,0.84,1,1,1,0,37.99,131.35,1.73,6052,6203,5889,5473,0.982,0.00,0.00,-29.31,29.02,0.18,-0.18
299,63161276,20.00,1,3,10.32,1,1,1.00,0.61,31.53,-48.13,-3.31,2.03,0.61,-4.29,4.36,-5.52,-1.25,-0.94,0.00,0.00,-1.25,-0.94,0.57,0.41,-0.04,-0.50,-0.64,-0.11,-1.25,-0.17
,-0.94,-0.89,-0.71,2.13,-5.17,-4.97,-0.09,-0.03,0.23,-0.29,1.95,-7.10,-0.25,0.4752,22.14,15.50,-3.31,2.03,1,1,1,0,38.00,131.35,1.73,5664,6074,6115,5753,0.982,0.00,0.00,-29.31,29.01,0.17,-0.16
300,63181282,20.01,1,3,10.32,1,1,1.00,0.59,31.60,-48.17,-5.84,3.07,0.61,-4.2
8,5.27,-6.36,-1.35,-1.14,0.00,0.00,-1.35,-1.14,0.69,0.41,0.03,-0.57,-0.64,-0.14,-1.35,-0.22,-1.14,-0.91,-1.12,0.17,-5.83,-2.88,-0.25,-0.29,0.22,-0.20,-0.56,2.01,-0.93,0.2957,-40.54,14.86,-5.84,3.07,1,1,1,1,37.95,131.34,2.08,5579,5980,6159,5892,0.982,0.00,0.00,-29.30,29.
01,0.14,-0.14
301,63201280,20.00,1,3,10.32,1,1,1.00,0.59,31.71,-48.23,-8.35,4.32,0.60,-4.27,7.13,-7.45,-1.49,-1.56,0.00,0.00,-1.49,-1.56,0.93,0.42,0.17,-0.67,-0.64,-0.18,-1.49,-0.25,-1.56,-0.80,-1.58,-2.46,-6.86,-2.50,-0.22,-0.42,0.22,-0.03,-5.12,6.10,-1.52,0.3965,-54
.33,18.60,-8.35,4.32,1,1,1,1,
37.95,131.34,2.08,5528,5862,6204,5986,0.982,0.00,0.00,-29.30,29.01,0.11,-0.11
302,63221281,20.00,1,3,10.32,1,1,1.00,0.58,31.88,-48.32,-10.63,4.37,0.60,-4.25,9.24,-7.92,-1.53,-2.03,0.00,0.00,-1.53,-2.03,1.21,0.42,0.30,-0.72,-0.64,-0.17,-1.53,-0.27,-2.03,-0.65,-1.25,-2.80,-6.5
7,-3.15,-0.21,-0.47,0.22,0.04,-8.72,4.02,-1.30,0.4796,-36.76,4.99,-10.63,4.37,1,1,1,0,38.18,131.25,0.86,5507,5941,6230,5905,0.983,0.00,0.00,-29.30,29.01,0.08,-0.08
303,63241286,20.00,1,3,10.32,1,1,1.00,0.56,32.09,-48.41,-9.80,5.42,0.61,-4.24,9.58,-8.72,-1.62,-2.02,0.0
0,0.00,-1.62,-2.02,1.25,0.42,0.27,-0.79,-0.64,-0.19,-1.62,-0.32,-2.02,-0.61,-1.36,-1.74,-6.90,-4.17,0.05,-0.30,0.22,0.13,-7.83,-3.05,-0.40,0.4634,-0.17,17.51,-9.80,5.42,1,1,1,0,38.21,131.22,0.76,5704,6045,6162,5795,0.983,0.00,0.00,-29.30,29.01,0.05,-0.05
304,63261288,
20.00,1,3,10.31,1,1,1.00,0.55,32.29,-48.52,-9.02,5.61,0.62,-4.23,9.26,-9.15,-1.65,-1.88,0.00,0.00,-1.65,-1.88,1.21,0.42,0.19,-0.83,-0.64,-0.18,-1.65,-0.39,-1.88,-0.72,-1.06,-0.26,-6.41,-4.90,0.01,-0.25,0.22,0.04,-5.11,-10.84,0.93,0.5319,-0.08,7.80,-9.02,5.61,1,1,1,0,38.
36,131.14,0.01,5880,6226,5983,5632,0.983,0.00,0.00,-29.30,2
9.01,0.02,-0.02
305,63281288,20.00,1,3,10.31,1,1,1.00,0.53,32.47,-48.63,-6.54,4.93,0.64,-4.24,7.66,-8.91,-1.57,-1.45,0.00,0.00,-1.57,-1.45,1.00,0.42,0.03,-0.80,-0.64,-0.13,-1.57,-0.46,-1.45,-0.94,-0.24,2.45,-4.86,-6.61,0.52,0.02,0.22,0.28,0.84,-13.32,1.16,0.6
399,38.34,-2.90,-6.54,4.93,1,1,1,1,38.31,131.15,0.36,5961,6244,6075,5519,0.983,0.00,0.00,-29.30,29.01,0.00,-0.00
306,63301274,19.99,1,3,10.31,1,1,1.00,0.51,32.60,-48.73,-7.26,7.14,0.66,-4.26,7.46,-10.14,-1.74,-1.41,0.00,0.00,-1.74,-1.41,0.98,0.42,0.01,-0.92,-0.64,-0.1
8,-1.74,-0.55,-1.41,-1.10,-1.21,1.85,-6.24,-9.39,1.12,0.57,0.22,0.35,0.87,-13.12,1.86,0.7702,-15.58,32.77,-7.26,7.14,1,1,1,0,38.45,131.06,-0.30,6087,6292,6094,5300,0.984,0.00,0.00,-29.30,29.01,0.00,-0.00
307,63321288,20.01,1,3,10.31,1,1,1.00,0.48,32.74,-48.87,-8.67,6.
56,0.69,-4.26,8.24,-10.29,-1.73,-1.61,0.00,0.00,-1.73,-1.61,1.08,0.42,0.07,-0.93,-0.64,-0.15,-1.73,-0.67,-1.61,-1.23,-0.67,-0.06,-5.02,-7.49,0.10,0.16,0.22,-0.28,-1.28,-5.35,-0.16,0.6040,-25.16,-0.21,-8.67,6.56,1,1,1,0,38.26,131.05,0.83,5761,6119,6188,5777,0.984,0.00,0.0
0,-29.33,29.16,0.00,0.00
308,63341293,20.00,1,3,10.31,1,1,1.00,0.48,32.92,-49.00,-11.14,7.80,0.72,-4.25,10.05,-11.11,-1.85,-2.05,0.00,0.00,-1.85,-2.05,1.32,0.42,0.19,-1.00,-0.64,-0.17,-1.85,-0.73,-2.05,-1.20,-1.18,-2.72,-5.83,-2.24,-0.60,-0.35,0.22,-0.48,-5.93,7.29,-2
.51,0.2848,-45.45,22.25,-11.14,7.80,1,1,1,1,38.38,130.92,0.25,5393,5817,6322,6212,0.984,0.00,0.00,-29.35,29.32,0.00,0.00
309,63361294,20.00,1,3,10.30,1,1,1.00,0.47,33.14,-49.16,-13.61,8.54,0.75,-4.24,12.28,-11.88,-1.96,-2.55,0.00,0.00,-1.96,-2.55,1.61,0.42,0.32,-1.07,-
0.64,-0.19,-1.96,-0.74,-2.55,-1.08,-1.43,-2.80,-6.55,-1.06,-0.46,-0.60,0.22,-0.09,-9.19,10.13,-2.65,0.4822,-50.12,17.15,-13.61,8.54,1,1,1,1,38.26,130.88,1.01,5342,5865,6442,6162,0.985,0.00,0.00,-29.39,29.51,0.00,0.00
310,63381283,19.99,1,3,10.30,1,1,1.00,0.45,33.41,-4
9.33,-12.54,8.04,0.80,-4.23,12.55,-11.88,-1.90,-2.51,0.00,0.00,-1.90,-2.51,1.64,0.42,0.28,-1.07,-0.65,-0.15,-1.90,-0.76,-2.51,-0.99,-0.60,-1.59,-5.36,-1.76,-0.36,-0.60,0.22,0.02,-8.22,1.50,-0.96,0.9685,-0.02,2.19,-12.54,8.04,1,1,1,0,38.34,130.78,0.64,5556,6064,6222,5904
,0.985,0.00,0.00,-29.43,29.73,0.00,0.00
311,63401296,20.01,1,3,10.30,1,1,1.00,0.44,33.66,-49.49,-10.08,7.43,0.84,-4.22,11.22,-11.50,-1.80,-2.11,0.00,0.00,-1.80,-2.11,1.47,0.42,0.12,-1.04,-0.65,-0.10,-1.80,-0.82,-2.11,-1.09,0.26,1.46,-3.66,-7.92,1.20,0.32,0.22,0.68,-2.
67,-15.36,2.30,1.2221,47.99,0.37,-10.08,7.43,1,1,1,1,37.93,130.88,2.93,6250,6252,5962,5324,0.985,0.00,0.00,-29.48,29.93,0.00,0.00
312,63421300,20.00,1,3,10.30,1,1,1.00,0.45,33.86,-49.64,-7.62,5.47,0.87,-4.22,9.24,-10.15,-1.56,-1.60,0.00,0.00,-1.56,-1.60,1.21,0.43,-0.05,-0.92,
-0.65,0.01,-1.56,-0.94,-1.60,-1.42,1.64,2.80,-0.34,-5.56,0.14,0.24,0.22,-0.32,2.23,-19.61,2.49,0.5871,66.01,-17.52,-7.62,5.47,1,1,1,1,37.93,130.86,2.98,6062,6381,5760,5369,0.985,0.00,0.00,-29.52,30.12,0.00,0.00
313,63441296,20.00,1,3,10.30,1,1,1.00,0.43,34.02,-49.75,-
7.37,5.04,0.90,-4.21,8.32,-9.34,-1.43,-1.41,0.00,0.00,-1.43,-1.41,1.09,0.43,-0.11,-0.84,-0.65,0.06,-1.43,-0.99,-1.41,-1.66,1.81,2.80,0.38,-2.52,0.27,0.27,0.22,-0.22,3.60,-12.53,1.24,0.3890,-4.52,-0.03,-7.37,5.04,1,1,1,0,37.78,130.95,3.75,5865,6246,5991,5468,0.
985,0.00,0.00,-29.55,30.25,0.00,0.00
314,63461287,19.99,1,3,10.31,1,1,1.00,0.41,34.16,-49.85,-9.83,5.94,0.92,-4.20,9.43,-9.57,-1.48,-1.74,0.00,0.00,-1.48,-1.74,1.24,0.43,-0.01,-0.86,-0.65,0.03,-1.48,-1.00,-1.74,-1.74,0.89,-0.20,-0.64,-0.68,0.20,0.13,0.22,-0.15,-0.21,-
0.89,-0.54,0.3580,-51.06,16.53,-9.83,5.94,1,1,1,1,38.09,130.85,2.10,5630,5974,6170,5721,0.985,0.00,0.00,-29.58,30.38,0.00,0.00
315,63481301,20.01,1,3,10.30,1,1,1.00,0.41,34.36,-49.97,-12.28,7.31,0.95,-4.20,11.37,-10.49,-1.64,-2.22,0.00,0.00,-1.64,-2.22,1.49,0.43,0.14,
-0.95,-0.65,-0.03,-1.64,-0.98,-2.22,-1.55,-0.40,-2.80,-2.57,-0.10,0.09,-0.07,0.22,-0.06,-4.99,13.56,-3.25,0.6113,-62.87,23.32,-12.28,7.31,1,1,1,1,37.98,130.87,2.75,5400,5569,6453,6234,0.985,0.00,0.00,-29.62,30.54,0.00,0.00
316,63501289,19.99,1,3,10.30,1,1,1.00,0.41,34.
61,-50.11,-11.32,7.32,0.99,-4.19,11.59,-10.85,-1.69,-2.21,0.00,0.00,-1.69,-2.21,1.52,0.43,0.13,-0.98,-0.65,-0.05,-1.69,-0.95,-2.21,-1.30,-0.57,-1.75,-3.15,0.29,-0.17,-0.36,0.22,-0.03,-5.28,12.63,-2.55,0.7482,-0.05,7.52,-11.32,7.32,1,1,1,0,38.22,130.80,1.44,5356,5770,63
98,6073,0.985,0.00,0.00,-29.67,30.73,0.00,0.00
317,63521306,20.02,1,3,10.30,1,1,1.00,0.38,34.83,-50.26,-10.43,6.39,1.03,-4.18,11.17,-10.43,-1.60,-2.07,0.00,0.00,-1.60,-2.07,1.46,0.43,0.07,-0.94,-0.65,-0.01,-1.60,-0.89,-2.07,-1.13,0.16,-0.29,-2.25,1.03,-0.41,-0.53,0.22,
-0.11,-3.99,0.17,0.11,0.5857,0.03,-4.55,-10.43,6.39,1,1,1,0,38.08,130.86,2.25,5676,6217,6079,5755,0.985,0.00,0.00,-29.72,30.92,0.00,0.00
318,63541304,20.00,1,3,10.30,1,1,1.00,0.37,35.04,-50.39,-7.98,5.90,1.06,-4.17,9.55,-9.95,-1.53,-1.65,0.00,0.00,-1.53,-1.65,1.25,0.43
,-0.07,-0.90,-0.65,0.02,-1.53,-0.87,-1.65,-1.21,0.56,2.40,-1.63,-1.98,0.55,-0.03,0.22,0.38,1.02,-10.59,1.66,0.5631,32.28,0.21,-7.98,5.90,1,1,1,1,38.00,130.94,2.70,6053,6211,5919,5469,0.985,0.00,0.00,-29.77,31.10,0.00,0.00
319,63561303,20.00,1,3,10.30,1,1,1.00,0.36,35.2
0,-50.51,-7.35,5.44,1.08,-4.16,8.55,-9.47,-1.46,-1.43,0.00,0.00,-1.46,-1.43,1.12,0.43,-0.13,-0.86,-0.65,0.05,-1.46,-0.90,-1.43,-1.42,0.78,2.80,-1.00,-4.81,0.96,0.40,0.22,0.36,2.77,-12.63,1.90,0.6224,0.00,0.00,-7.35,5.44,1,1,1,0,38.00,130.94,2.70,6064,6243,5995,5307,0.9
85,0.00,0.00,-29.81,31.25,0.00,0.00
320,63581302,20.00,1,3,10.30,1,1,1.00,0.33,35.35,-50.61,-7.35,5.44,1.11,-4.15,8.16,-9.27,-1.44,-1.38,0.00,0.00,-1.44,-1.38,1.07,0.43,-0.13,-0.84,-0.65,0.05,-1.44,-0.98,-1.38,-1.58,0.64,2.15,-0.84,-5.64,0.89,0.58,0.22,0.10,2.79,-4.92
,0.12,0.4922,0.00,0.00,-7.35,5.44,1,0,0,0,38.07,131.00,2.31,5804,6033,6237,5537,0.985,0.00,0.00,-29.85,31.39,0.00,0.00
321,63601310,20.01,1,3,10.30,1,1,1.00,0.31,35.50,-50.72,-8.56,5.14,1.13,-4.15,8.75,-9.02,-1.41,-1.56,0.00,0.00,-1.41,-1.56,1.15,0.43,-0.06,-0.81,-0.
65,0.06,-1.41,-1.04,-1.56,-1.55,0.59,0.26,-0.60,-3.50,0.31,0.33,0.22,-0.25,0.21,4.58,-1.35,0.5648,-21.72,1.92,-8.56,5.14,1,1,1,0,38.22,130.95,1.53,5624,5843,6281,5901,0.986,0.00,0.00,-29.89,31.53,0.00,0.00
322,63621312,20.00,1,3,10.30,1,1,1.00,0.31,35.67,-50.83,-11.
16,6.65,1.15,-4.14,10.55,-9.82,-1.55,-2.03,0.00,0.00,-1.55,-2.03,1.38,0.43,0.09,-0.89,-0.65,-0.01,-1.55,-1.04,-2.03,-1.33,-0.44,-2.69,-2.04,-0.51,-0.09,-0.01,0.22,-0.30,-5.03,10.71,-2.17,0.5743,-79.54,23.17,-11.16,6.65,1,1,1,1,38.29,130.92,1.20,5468,5824,6373,6062,0.985,0.00,0.
00,-29.93,31.67,0.00,0.00
323,63641310,20.00,1,3,10.30,1,1,1.00,0.29,35.89,-50.96,-13.74,8.34,1.19,-4.13,12.84,-11.15,-1.79,-2.57,0.00,0.00,-1.79,-2.57,1.68,0.44,0.25,-1.01,-0.65,-0.09,-1.79,-1.01,-2.57,-1.15,-1.80,-2.80,-4.59,-0.36,0.06,-0.21,0.22,0.06,-8.91,6.52,-1.
49,0.8396,-47.61,27.21,-13.74,8.34,1,1,1,1,38.67,130.76,-0.77,5509,5978,6389,5887,0.986,0.00,0.00,-29.99,31.85,0.00,0.00
324,63661300,19.99,1,3,10.30,1,1,1.00,0.26,36.17,-51.13,-12.62,8.23,1.23,-4.11,13.11,-11.60,-1.84,-2.54,0.00,0.00,-1.84,-2.54,1.72,0.44,0.22,-1.05,-
0.66,-0.10,-1.84,-1.00,-2.54,-1.09,-1.46,-1.66,-4.61,-1.31,-0.08,-0.41,0.22,0.11,-7.95,-1.88,-0.43,0.6307,-0.03,6.94,-12.62,8.23,1,1,1,0,38.18,130.91,1.97,5680,6188,6279,5815,0.986,0.00,0.00,-30.06,32.08,0.00,0.00
325,63681314,20.01,1,3,10.29,1,1,1.00,0.25,36.42,-51.2
9,-10.08,6.10,1.26,-4.10,11.72,-10.49,-1.61,-2.13,0.00,0.00,-1.61,-2.13,1.54,0.44,0.07,-0.95,-0.66,-0.01,-1.61,-1.03,-2.13,-1.25,0.44,1.41,-1.41,-4.95,0.63,0.04,0.22,0.38,-1.97,-14.58,1.66,0.6979,70.91,-17.93,-10.08,6.10,1,1,1,1,38.24,130.87,1.65,6093,6198,5925,5487,0.
986,0.00,0.00,-30.13,32.30,0.00,0.00
326,63701315,20.00,1,3,10.30,1,1,1.00,0.27,36.62,-51.41,-9.26,5.61,1.29,-4.09,10.69,-9.74,-1.50,-1.88,0.00,0.00,-1.50,-1.88,1.40,0.44,-0.02,-0.88,-0.66,0.04,-1.50,-1.12,-1.88,-1.54,1.00,2.45,-0.21,-6.99,1.19,0.70,0.22,0.29,1.37,-16.
49,2.03,0.7182,0.00,0.00,-9.26,5.61,1,1,1,0,38.12,130.94,2.37,6178,6229,6006,5326,0.986,0.00,0.00,-30.19,32.47,0.00,0.00
327,63721317,20.00,1,3,10.29,1,1,1.00,0.24,36.80,-51.52,-7.55,5.16,1.32,-4.08,9.28,-9.17,-1.42,-1.54,0.00,0.00,-1.42,-1.54,1.22,0.44,-0.13,-0.83,-0.
66,0.07,-1.42,-1.23,-1.54,-1.77,1.14,2.80,0.53,-6.17,0.85,0.75,0.22,-0.11,3.53,-8.46,0.43,0.4622,11.94,0.05,-7.55,5.16,1,1,1,0,38.66,130.74,-0.52,5866,6083,6195,5526,0.986,0.00,0.00,-30.25,32.63,0.00,0.00
328,63741307,19.99,1,3,10.29,1,1,1.00,0.23,36.96,-51.63,-10.06,4
.73,1.34,-4.07,10.23,-8.68,-1.36,-1.84,0.00,0.00,-1.36,-1.84,1.34,0.44,-0.03,-0.78,-0.66,0.09,-1.36,-1.28,-1.84,-1.80,1.11,-0.02,0.87,-2.45,0.27,0.37,0.23,-0.32,-0.15,2.49,-0.90,0.4553,-51.37,-0.21,-10.06,4.73,1,1,1,1,38.75,130.67,-0.92,5739,6001,6311,5905,0.986,0.00,0
.00,-30.30,32.77,0.00,0.00
329,63761317,20.01,1,3,10.29,1,1,1.00,0.22,37.16,-51.72,-12.55,6.54,1.37,-4.06,12.12,-9.56,-1.51,-2.32,0.00,0.00,-1.51,-2.32,1.59,0.44,0.12,-0.86,-0.66,0.01,-1.51,-1.27,-2.32,-1.68,-0.22,-2.80,-0.98,0.98,-0.16,-0.01,0.23,-0.37,-4.89,8.82,-2.
03,0.5990,-61.23,27.34,-12.55,6.54,1,1,1,1,38.83,130.57,-1.26,5532,5933,6428,6110,0.987,0.00,0.00,-30.35,32.92,0.00,0.00
330,63781322,20.00,1,3,10.28,1,1,1.00,0.20,37.41,-51.85,-11.56,7.67,1.40,-4.05,12.30,-10.58,-1.69,-2.30,0.00,0.00,-1.69,-2.30,1.61,0.44,0.11,-0.96,
-0.66,-0.05,-1.69,-1.16,-2.30,-1.43,-1.25,-1.73,-2.94,5.78,-1.12,-0.85,0.22,-0.50,-5.06,9.90,-2.25,0.5562,-0.07,20.81,-11.56,7.67,1,1,1,0,38.15,130.79,2.50,5342,6087,6388,6231,0.987,0.00,0.00,-30.42,33.11,0.00,0.00
331,63801320,20.00,1,3,10.29,1,1,1.00,0.17,3
7.64,-52.01,-10.53,8.18,1.43,-4.04,11.78,-11.28,-1.80,-2.14,0.00,0.00,-1.80,-2.14,1.54,0.44,0.05,-1.02,-0.66,-0.09,-1.80,-1.02,-2.14,-1.28,-1.50,-0.13,-4.30,4.37,-0.55,-0.92,0.22,0.14,-3.37,1.01,-0.21,0.5264,1.45,14.00,-10.53,8.18,1,1,1,0,38.07,130.88,2.94,5620,6170,608
0,5820,0.988,0.00,0.00,-30.50,33.32,0.00,0.00
332,63821320,20.00,1,3,10.29,1,1,1.00,0.16,37.85,-52.17,-8.05,6.72,1.46,-4.03,10.10,-10.68,-1.66,-1.71,0.00,0.00,-1.66,-1.71,1.32,0.45,-0.09,-0.96,-0.66,-0.03,-1.66,-0.94,-1.71,-1.32,-0.08,2.56,-2.52,-0.51,0.27,-0.48,0.22,0.54,1
.32,-8.93,1.46,0.9648,41.77,-10.14,-8.05,6.72,1,1,1,1,37.82,131.04,4.25,5954,6254,5940,5497,0.988,0.00,0.00,-30.59,33.54,0.00,0.00
333,63841322,20.00,1,3,10.29,1,1,1.00,0.15,38.01,-52.30,-5.58,4.25,1.48,-4.02,7.96,-8.94,-1.39,-1.25,0.00,0.00,-1.39,-1.25,1.04,0.45,-0.24
,-0.81,-0.66,0.08,-1.39,-1.03,-1.25,-1.48,1.61,2.80,0.49,-10.14,1.98,0.96,0.22,0.83,3.54,-12.21,1.84,0.5984,58.35,-35.55,-5.58,4.25,1,1,1,1,37.83,131.11,4.21,6181,6064,6100,5172,0.988,0.00,0.00,-30.65,33.71,0.00,0.00
334,63861326,20.00,1,3,10.29,1,1,1.00,0.14,38.12,-5
2.39,-5.13,1.78,1.49,-4.01,6.85,-6.76,-1.07,-1.07,0.00,0.00,-1.07,-1.07,0.90,0.45,-0.28,-0.61,-0.66,0.20,-1.07,-1.16,-1.07,-1.61,2.80,2.80,3.08,-10.37,1.75,1.37,0.22,0.19,4.51,-8.74,1.20,0.7421,0.10,-42.09,-5.13,1.78,1,1,1,1,37.70,131.20,4.68,6053,6024,6169,5272,0.987,0
.00,0.00,-30.70,33.82,0.00,0.00
335,63881326,20.00,1,3,10.30,1,1,1.00,0.12,38.22,-52.42,-7.59,1.40,1.51,-4.00,7.89,-5.66,-0.94,-1.36,0.00,0.00,-0.94,-1.36,1.03,0.45,-0.14,-0.51,-0.66,0.23,-0.94,-1.24,-1.36,-1.56,2.61,0.04,3.55,1.30,-0.71,0.22,0.23,-1.17,0.67,9.92,-2.5
1,0.1246,-37.43,-3.10,-7.59,1.40,1,1,1,1,37.63,131.25,4.88,5267,5797,6273,6117,0.987,0.00,0.00,-30.72,33.88,0.00,0.00
336,63901313,19.99,1,3,10.30,1,1,1.00,0.12,38.38,-52.45,-10.06,3.36,1.53,-3.99,9.80,-6.39,-1.10,-1.86,0.00,0.00,-1.10,-1.86,1.28,0.45,0.04,-0.58,-0.66
,0.14,-1.10,-1.14,-1.86,-1.37,0.72,-2.80,0.86,8.29,-0.97,-0.60,0.23,-0.61,-4.37,14.11,-2.44,0.6926,-60.91,26.27,-10.06,3.36,1,1,1,1,37.49,131.37,5.45,5243,5820,6209,6143,0.986,0.00,0.00,-30.76,33.96,0.00,0.00
337,63921328,20.01,1,3,10.30,1,1,1.00,0.11,38.58,-
52.52,-12.39,3.09,1.56,-3.98,11.99,-6.51,-1.15,-2.38,0.00,0.00,-1.15,-2.38,1.57,0.45,0.20,-0.59,-0.66,0.10,-1.15,-0.90,-2.38,-1.07,0.18,-2.80,-0.60,15.92,-2.49,-1.89,0.22,-0.85,-8.36,15.54,-3.06,0.5187,-39.71,-0.08,-12.39,3.09,1,1,1,0,37.42,131.44,5.66,4902,5961,6112,63
66,0.986,0.00,0.00,-30.81,34.09,0.00,0.00
338,63941329,20.00,1,3,10.31,1,1,1.00,0.08,38.83,-52.58,-10.62,2.20,1.60,-3.96,11.82,-6.02,-1.09,-2.25,0.00,0.00,-1.09,-2.25,1.55,0.45,0.14,-0.54,-0.66,0.11,-1.09,-0.57,-2.25,-0.83,0.45,-1.05,-1.22,12.20,-0.90,-1.61,0.21,0.48,-
7.21,4.57,-0.99,0.6290,10.10,-8.15,-10.62,2.20,1,1,1,0,37.13,131.65,6.99,5374,6015,6038,5874,0.985,0.00,0.00,-30.87,34.23,0.00,0.00
339,63961331,20.00,1,3,10.31,1,1,1.00,0.07,39.04,-52.63,-8.16,-0.26,1.63,-3.95,10.30,-4.33,-0.86,-1.84,0.00,0.00,-0.86,-1.84,1
.35,0.45,-0.00,-0.39,-0.66,0.20,-0.86,-0.42,-1.84,-0.85,1.73,1.87,0.34,-0.21,1.33,-0.13,0.21,1.27,-2.13,-9.48,1.41,0.6462,55.71,-69.52,-8.16,-0.26,1,1,1,1,37.36,131.69,5.49,5976,5971,5951,5251,0.985,0.00,0.00,-30.92,34.35,0.00,0.00
340,63981334,20.00,1,3,10.31,1,1,1.0
0,0.07,39.20,-52.62,-5.71,-2.71,1.66,-3.94,8.24,-2.17,-0.57,-1.37,0.00,0.00,-0.57,-1.37,1.08,0.45,-0.16,-0.20,-0.66,0.29,-0.57,-0.48,-1.37,-1.10,2.80,2.80,2.53,-7.20,1.86,0.95,0.21,0.74,1.92,-16.22,2.36,0.5801,64.19,-73.66,-5.71,-2.71,1,1,1,1,37.25,131.84,5.89,6187,60
71,5941,5072,0.984,0.00,0.00,-30.95,34.40,0.00,0.00
341,64001333,20.00,1,3,10.31,1,1,1.00,0.06,39.32,-52.57,-3.25,-5.04,1.68,-3.92,5.96,0.00,-0.29,-0.93,0.00,0.00,-0.29,-0.93,0.78,0.45,-0.30,0.00,-0.66,0.37,-0.29,-0.59,-0.93,-1.35,2.80,2.80,3.75,-6.60,1.35,1.15,0.22,0
.01,4.14,-12.64,1.50,0.4456,45.53,-32.33,-3.25,-5.04,1,1,1,1,37.26,131.94,5.61,5959,6042,6004,5207,0.984,0.00,0.00,-30.95,34.40,0.00,-0.00
342,64021333,20.00,1,3,10.32,1,1,1.00,0.04,39.38,-52.47,-3.00,-4.24,1.70,-3.90,4.90,0.00,-0.37,-0.77,0.00,0.00,-0.37,-0.
77,0.64,0.45,-0.32,0.00,-0.66,0.30,-0.37,-0.64,-0.77,-1.47,1.36,2.79,2.24,-1.15,0.26,0.62,0.22,-0.58,5.12,-4.83,0.30,0.4412,-0.00,5.14,-3.00,-4.24,1,1,1,0,37.04,132.09,6.57,5643,6044,6034,5497,0.983,0.00,0.00,-30.95,34.40,0.00,-0.00
343,64041325,19.99,1,3
,10.32,1,1,1.00,0.03,39.44,-52.38,-4.97,-1.79,1.71,-3.89,5.67,-0.75,-0.54,-1.00,0.00,0.00,-0.54,-1.00,0.74,0.45,-0.20,-0.07,-0.66,0.19,-0.54,-0.55,-1.00,-1.39,-0.18,0.43,-0.14,10.50,-1.95,-1.04,0.22,-1.16,1.69,11.44,-2.38,0.4284,-28.17,27.59,-4.97,-1.79,1,1,1,1,37.10,1
32.10,6.05,5065,5857,5973,6208,0.983,0.00,0.00,-30.95,34.40,0.00,-0.00
344,64061340,20.01,1,3,10.32,1,1,1.00,0.03,39.54,-52.35,-4.59,0.67,1.73,-3.88,5.76,-2.73,-0.88,-1.06,0.00,0.00,-0.88,-1.06,0.75,0.45,-0.15,-0.25,-0.66,0.03,-0.88,-0.34,-1.06,-1.14,-2.21,-0.08,-3.95,
13.85,-1.87,-1.76,0.21,-0.36,0.20,15.62,-2.40,0.4293,-0.02,33.09,-4.59,0.67,1,1,1,1,36.90,132.24,6.95,5038,5896,6036,6167,0.983,0.00,0.00,-30.95,34.40,0.00,-0.00
345,64081339,20.00,1,3,10.33,1,1,1.00,0.02,39.63,-52.36,-4.75,-1.79,1.75,-3.88,5.90,-2.05,-0.78,-1.12,0.00
,0.00,-0.78,-1.12,0.77,0.46,-0.11,-0.19,-0.66,0.07,-0.78,-0.17,-1.12,-0.94,-0.83,-0.43,-2.81,9.63,-1.05,-1.71,0.20,0.43,-1.00,12.54,-1.49,0.5013,-6.69,-34.97,-4.75,-1.79,1,1,1,1,36.84,132.32,7.07,5189,5933,6049,5859,0.982,0.00,0.00,-30.95,34.40,0.00,-0.00
346,64101335
,20.00,1,3,10.33,1,1,1.00,0.00,39.73,-52.32,-4.75,-1.79,1.77,-3.87,5.97,-1.77,-0.75,-1.15,0.00,0.00,-0.75,-1.15,0.78,0.46,-0.08,-0.16,-0.66,0.07,-0.75,-0.12,-1.15,-0.86,-0.36,-0.51,-2.42,-2.47,1.63,-0.04,0.20,1.50,-1.44,-0.71,1.04,1.0679,0.00,0.00,-4.75,-1.79,1,0,0,0,36
.56,132.48,8.41,5905,5869,6023,5201,0.982,0.00,0.00,-30.95,34.40,0.00,-0.00
347,64121343,20.01,1,3,10.34,1,1,1.00,0.00,39.82,-52.29,-2.12,-4.41,1.78,-3.86,4.43,-0.08,-0.51,-0.85,0.00,0.00,-0.51,-0.85,0.58,0.46,-0.19,-0.01,-0.66,0.16,-0.51,-0.20,-0.85,-0.91,1
.27,1.52,0.28,-10.80,2.30,1.05,0.20,1.08,1.72,-9.42,1.77,1.0683,59.93,-82.27,-2.12,-4.41,1,1,1,1,36.69,132.51,7.43,6068,5823,5961,4994,0.981,0.00,0.00,-30.95,34.40,0.00,-0.00
348,
64141345,20.00,1,3,10.34,1,1,1.00,-0.02,39.86,-52.20,0.48,-7.01,1.79,-3.85,2.26,1.17,-0.35,-0.44,0.00,0.00,-0.35,-0.44,0.30,0.46,-0.32,0.11,-0.66,0.21,-0.35,-0.36,-0.44,-1.04,1.80,2.80,1.83,-5.61,0.27,0.74,0.21,-0.68,4.73,-6.02,0.48,0.1782,67.18,-81.30,0.48,-7.01,1,1,1,
1,36.33,132.74,9.21,5579,6007,5950,5383,0.980,0.00,0.00,-30.95,34.40,0.00,-0.00
349,64161340,20.00,1,3,10.34,1,1,1.00,-0.06,39.85,-52.06,0.44,-6.78,1.81,-3.83,1.43,1.94,-0.27,-0.33,0.00,0.00,-0.27,-0.33,0.19,0.46,-0.32,0.17,-0.66,0.22,-0.27,-0.34,-0.33,-1.06,1.64,2.50
,1.86,4.98,-1.05,-0.40,0.21,-0.88,5.03,1.55,-0.33,0.0612,-0.00,-4.22,0.44,-6.78,1,1,1,0,36.62,132.76,7.34,5252,6023,5833,5616,0.980,0.00,0.00,-30.95,34.40,0.02,-0.02
350,64181348,20.01,1,3,10.35,1,1,1.00,-0.07,39.85,-51.92,0.40,-6.23,1.83,-3.83,1.12,1.91,-0.32,-0.33,0.
00,0.00,-0.32,-0.33,0.15,0.46,-0.28,0.17,-0.66,0.17,-0.32,-0.24,-0.33,-0.98,0.78,1.62,0.54,8.45,-1.09,-0.83,0.21,-0.49,3.76,8.99,-1.60,0.2401,0.00,0.00,0.40,-6.23,1,1,1,0,36.51,132.89,7.71,5155,5864,5997,5865,0.979,0.00,0.00,-30.95,34.40,0.04,-0.04
351,64201349,20.00,
1,3,10.35,1,1,1.00,-0.08,39.84,-51.80,0.37,-5.72,1.85,-3.83,1.03,1.60,-0.40,-0.37,0.00,0.00,-0.40,-0.37,0.14,0.46,-0.23,0.14,-0.66,0.12,-0.40,-0.03,-0.37,-0.70,0.00,0.82,-1.19,10.62,-1.21,-1.27,0.20,-0.17,1.91,13.43,-1.77,0.2729,0.00,0.00,0.37,-5.72,1,1,1,0,36.79,132.85
,5.97,5136,5808,5957,5922,0.979,0.00,0.00,-30.95,34.40,0.07,-0.07
352,64221349,20.00,1,3,10.35,1,1,1.00,-0.09,39.83,-51.68,-2.16,-4.68,1.88,-3.84,2.52,0.85,-0.54,-0.72,0.00,0.00,-0.54,-0.72,0.33,0.46,-0.07,0.08,-0.66,0.05,-0.54,0.16,-0.72,-0.47,-0.84,-1.64,-3.19,5.17,-0.03,
-0.80,0.20,0.58,-2.44,8.04,-0.56,0.3725,-36.02,7.09,-2.16,-4.68,1,1,1,1,36.60,133.02,6.82,5449,5887,6029,5605,0.978,0.00,0.00,-30.94,34.40,0.10,-0.11
353,64241352,20.00,1,3,10.35,1,1,1.00,-0.12,39.87,-51.59,-0.23,-6.77,1.92,-3.85,1.99,1.78,-0.41,-0.62,0.00,0.00,-0.41,-
0.62,0.26,0.46,-0.10,0.16,-0.66,0.10,-0.41,0.21,-0.62,-0.38,0.27,-0.48,-1.71,-1.32,0.54,-0.23,0.19,0.60,-1.24,-0.81,0.26,0.3406,21.80,-30.57,-0.23,-6.77,1,1,1,0,36.86,133.02,5.20,5585,5920,5993,5372,0.978,0.00,0.00,-30.94,34.39,0.12,-0.13
354,64261350,20.00,1,3,10.35,1,1,1.00,-0.14,39.88,-51.45,2.28,-9.27,1.96,-3.87,0.31,3.62,
-0.07,-0.29,0.00,0.00,-0.07,-0.29,0.04,0.46,-0.21,0.33,-0.66,0.19,-0.07,0.15,-0.29,-0.45,2.21,1.71,1.50,-5.32,1.05,0.45,0.19,0.43,2.20,-6.56,1.02,0.1709,63.35,-40.75,2.28,-9.27,1,1,1,1,36.77,133.14,5.49,5811,5962,5970,5263,0.978,0.00,0.00,-30.94,34.39,0.17,-0.18
355,64
281353,20.00,1,3,10.35,1,1,1.00,-0.16,39.83,-51.27,4.77,-10.70,2.04,-3.93,-0.76,5.17,0.17,-0.11,0.00,0.00,0.1
7,-0.11,-0.10,0.46,-0.25,0.47,-0.66,0.25,0.17,0.06,-0.11,-0.58,2.80,2.23,3.14,-3.80,0.76,0.67,0.20,-0.09,3.73,-6.86,1.06,0.1540,39.24,-27.10,4.77,-10.70,1,1,1,1,37.00,133.13,4.07,5764,5996,5916,5285,0.978,0.00,0.00,-30.93,34.39,0.25,-0.28
356,64301351,20.00,1,3,10.35,1
,1,1.00,-0.18,39.74,-51.06,4.39,-9.84,2.15,-4.03,-1.33,5.23,0.10,-0.04,0.00,0.00,0.10,-0.04,-0.17,0.46,-0.24,0.47,-0.66,0.21,0.10,0.06,-0.04,-0.66,1.42,1.86,1.55,3.21,-0.48,-0.01,0.20,-0.68,3.85,-0.92,-0.11,0.0017,0.00,0.00,4.39,-9.84,1,1,1,0,36.95,133.21,4.19,5470,604
1,5943,5627,0.978,0.00,0.00,-30.93,34.38,0.38,-0.43
357,64321341,19.99,1,3,10.35,1,1,1.00,-0.19,39.65,-50.86,3.07,-9.06,2.28,-4.14,-0.71,4.74,-0.04,-0.22,0.00,0.00,-0.04,-0.22,-0.09,0.46,-0.15,0.43,-0.66,0.13,-0.04,0.13,-0.22,-0.65,0.06,0.13,-0.46,5.98,-0.69,-0.56,0.20
,-0.35,1.50,1.50,-0.15,0.4132,-12.28,0.04,3.07,-9.06,1,1,1,0,37.16,133.16,3.02,5416,6072,5928,5638,0.978,0.00,0.00,-30.92,34.37,0.52,-0.58
358,64341355,20.01,1,3,10.35,1,1,1.00,-0.21,39.59,-50.68,0.59,-8.33,2.40,-4.25,0.00,4.05,-0.19,-0.40,0.00,0.00,-0.19,-0.40,0.00,0.
46,-0.06,0.37,-0.66,0.06,-0.19,0.31,-0.40,-0.51,-0.90,-1.00,-2.49,10.07,-1.51,-1.33,0.19,-0.41,-0.64,10.22,-2.19,0.2193,-38.40,0.14,0.59,-8.33,1,1,1,1,36.90,133.26,4.33,5096,5909,6087,6073,0.978,0.00,0.00,-30.90,34.35,0.65,-0.73
359,64361358,20.00,1,3,10.35,1,1,1.00,-
0.22,39.58,-50.51,0.55,-6.67,2.51,-4.34,0.80,2.75,-0.44,-0.58,0.00,0.00,-0.44,-0.58,0.10,0.46,0.01,0.25,-0.66,-0.03,-0.44,0.48,-0.58,-0.31,-2.12,-1.74,-5.74,6.75,-0.59,-1.16,0.19,0.37,-2.58,8.63,-1.27,0.3580,0.05,12.57,0.55,-6.67,1,1,1,0,37.12,133.22,3.10,5285,5892,60
72,5778,0.978,0.00,0.00,-30.89,34.33,0.76,-0.85
360,64381358,20.00,1,3,10.35,1,1,1.00,-0.25,39.57,-50.38,1.21,-7.39,2.60,-4.41,0.81,2.57,-0.45,-0.58,0.00,0.00,-0.45,-0.58,0.11,0.46,0.01,0.23,-0.66,-0.04,-0.45,0.52,-0.58,-0.23,-1.44,-1.14,-5.35,-0.80,0.27,-0.62,0.18,0.
72,-2.23,1.11,-0.00,0.1346,8.96,-15.73,1.21,-7.39,1,1,1,0,37.14,133.23,2.95,5541,6029,6103,5470,0.978,0.00,0.00,-30.87,34.32,0.85,-0.94
361,64401344,19.99,1,3,10.35,1,1,1.00,-0.28,39.54,-50.23,3.68,-9.86,2.70,-4.50,0.00,3.83,-0.18,-0.41,0.00,0.00,-0.18,-0.41,0.00,0.4
6,-0.05,0.35,-0.66,0.05,-0.18,0.45,-0.41,-0.29,0.75,0.30,-1.30,-8.74,1.27,0.43,0.18,0.69,-0.05,-9.29,1.49,0.5852,48.75,-44.66,3.68,-9.86,1,1,1,1,37.10,133.22,3.22,5866,6107,6049,5135,0.978,0.00,0.00,-30.85,34.29,0.95,-1.06
362,64421357,20.01,1,3,10.35,1,1,1.00,-0.30,39.47,-50
.03,6.14,-12.32,2.86,-4.66,-1.29,5.65,0.17,-0.15,0.00,0.00,0.17,-0.15,-0.17,0.46,-0.14,0.51,-0.66,0.16,0.17,0.29,-0.15,-0.47,2.59,1.78,2.19,-12.49,1.99,1.41,0.19,0.43,2.80,-13.86,2.04,0.8779,57.39,-44.73,6.14,-12.32,1,1,1,1,36.99,133.23,3.71,6088,6017,6003,5025,0.978,0.
00,0.00,-30.83,34.27,1.12,-1.25
363,64441361,20.00,1,3,10.35,1,1,1.00,-0.32,39.34,-49.79,8.15,-11.36,3.09,-4.88,-3.08,5.77,0.12,0.23,0.00,0.00,0.12,0.23,-0.40,0.46,-0.25,0.52,-0.66,0.13,0.12,0.17,0.23,-0.62,1.43,2.80,1.28,-0.33,-0.79,0.32,0.19,-1.31,6.01,-3.
12,-0.44,-0.0048,31.67,-0.18,8.15,-11.36,1,1,1,0,37.09,133.17,3.15,5347,6073,5983,5672,0.978,0.00,0.00,-30.80,34.24,1.37,-1.52
364,64461348,19.99,1,3,10.35,1,1,1.00,-0.35,39.18,-4
9.56,5.69,-8.90,3.32,-5.12,-2.38,4.35,-0.19,-0.00,0.00,0.00,-0.19,-0.00,-0.31,0.46,-0.15,0.39,-0.66,0.02,-0.19,0.23,-0.00,-0.60,-1.02,0.39,-2.38,6.98,-1.18,-0.72,0.19,-0.68,2.33,3.24,-0.26,0.2753,-34.67,40.21,5.69,-8.90,1,1,1,1,36.98,133.22,3.63,5326,6170,5928,5706,0.9
78,0.00,0.00,-30.77,34.20,1.63,-1.81
365,64481363,20.01,1,3,10.35,1,1,1.00,-0.39,39.07,-49.38,5.25,-8.20,3.48,-5.30,-1.73,3.23,-0.39,-0.17,0.00,0.00,-0.39,-0.17,-0.23,0.46,-0.07,0.29,-0.66,-0.06,-0.39,0.43,-0.17,-0.42,-1.85,-0.76,-4.82,12.99,-2.44,-1.93,0.18,-0.75,0.06
,14.93,-3.03,0.3198,0.00,0.00,5.25,-8.20,1,1,1,0,37.17,133.12,2.62,4762,5973,6129,6208,0.978,0.00,0.00,-30.73,34.16,1.81,-2.01
366,64501360,20.00,1,3,10.35,1,1,1.00,-0.43,38.96,-49.22,2.79,-8.31,3.63,-5.45,-0.03,2.70,-0.45,-0.53,0.00,0.00,-0.45,-0.53,-0.00,0.46,0.08,0
.24,-0.66,-0.08,-0.45,0.68,-0.53,-0.10,-1.60,-2.75,-6.30,8.92,-1.06,-1.73,0.18,0.47,-4.14,13.70,-1.91,0.2649,-47.07,-9.53,2.79,-8.31,1,1,1,1,37.17,133.12,2.62,5107,5975,6199,5890,0.978,0.00,0.00,-30.69,34.12,1.97,-2.19
367,64521365,20.00,1,3,10.35,1,1,1.00,-0.48,38.91
,-49.05,2.54,-10.76,3.76,-5.57,0.00,3.71,-0.21,-0.53,0.00,0.00,-0.21,-0.53,0.00,0.46,0.06,0.33,-0.66,-0.00,-0.21,0.76,-0.53,0.09,0.45,-1.73,-3.45,-1.20,0.53,-0.64,0.17,1.01,-3.71,3.24,-0.33,0.2721,-0.37,-44.61,2.54,-10.76,1,1,1,1,37.25,133.14,2.19,5506,5994,6220,5453,0.
979,0.00,0.00,-30.65,34.07,2.10,-2.34
368,64541365,20.00,1,3,10.35,1,1,1.00,-0.53,38.86,-48.83,4.24,-12.91,3.94,-5.74,0.00,5.20,0.09,-0.51,0.00,0.00,0.09,-0.51,0.00,0.46,0.05,0.47,-0.65,0.09,0.09,0.64,-0.51,0.06,2.09,-1.05,0.31,-9.95,1.90,0.82,0.17,0.95,-2.87,-6.78,1.1
0,0.0301,24.11,-38.04,4.24,-12.91,1,1,1,0,37.26,133.14,2.19,5915,5981,6194,5123,0.979,0.00,0.00,-30.60,34.02,2.28,-2.54
369,64561366,20.00,1,3,10.35,1,1,1.00,-0.57,38.77,-48.58,6.69,-11.80,4.18,-5.96,-0.72,5.18,0.03,-0.35,0.00,0.00,0.03,-0.35,-0.09,0.46,-0.01,0.47,-0.6
5,0.07,0.03,0.44,-0.35,-0.13,1.02,0.29,-0.28,-8.59,1.15,1.12,0.18,-0.13,-0.42,-10.10,0.99,0.0453,70.93,1.23,6.69,-11.80,1,1,1,1,37.42,133.13,1.26,5766,6102,6145,5203,0.979,0.00,0.00,-30.55,33.96,2.53,-2.81
370,64581365,20.00,1,3,10.35,1,1,1.00,-0.64,38.64,-48.34,7.61,
-9.72,4.40,-6.20,-1.68,3.98,-0.23,-0.14,0.00,0.00,-0.23,-0.14,-0.22,0.46,-0.09,0.36,-0.65,-0.02,-0.23,0.36,-0.14,-0.29,-0.94,1.53,-2.83,0.28,-0.80,-0.07,0.18,-0.93,2.02,-5.88,0.14,-0.1079,18.47,14.63,7.61,-9.72,1,1,1,0,37.43,133.13,1.26,5388,6302,6054,5562,0.978,0.00,0
.00,-30.50,33.90,2.77,-3.08
371,64601359,19.99,1,3,10.35,1,1,1.00,-0.69,38.49,-48.15,6.77,-7.27,4.59,-6.39,-1.60,2.05,-0.60,-0.19,0.00,0.00,-0.60,-0.19,-0.21,0.46,-0.06,0.19,-0.65,-0.13,-0.60,0.40,-0.19,-0.33,-2.80,0.66,-6.83,3.88,-1.04,-0.84,0.18,-0.39,1.10,-1.34,-0.0
7,0.2334,-3.12,26.93,6.77,-7.27,1,1,1,1,37.73,132.98,-0.33,5363,6272,6017,5656,0.979,0.00,0.00,-30.44,33.84,2.97,-3.30
372,64621360,20.00,1,3,10.34,1,1,1.00,-0.74,38.35,-48.00,6.77,-7.27,4.70,-6.52,-1.51,1.05,-0.72,-0.22,0.00,0.00,-0.72,-0.22,-0.20,0.46,-0.04,0.09,
-0.65,-0.17,-0.72,0.51,-0.22,-0.22,-2.60,0.23,-7.82,4.89,-1.40,-1.47,0.17,-0.13,0.22,7.56,-1.82,0.2102,0.00,0.00,6.77,-7.27,1,0,0,0,37.74,132.98,-0.33,5170,6083,6192,6020,0.979,0.00,0.00,-30.38,33.77,3.10,-3.44
373,64641361,20.00,1,3,10.34,1,1,1.00,-0.76,38.21,-47.86,4
.14,-4.64,4.81,-6.64,-0.07,0.00,-0.85,-0.53,0.00,0.00,-0.85,-0.53,-0.01,0.46,0.08,0.00,-0.65,-0.20,-0.85,0.55,-0.53,-0.10,-2.50,-1.74,-8.55,-1.21,-0.14,-0.83,0.17,0.52,-3.12,7.86,-1.27,0.4895,-82.67,43.76,4.14,-4.64,1,1,1,1,37.89,132.78,-1.03,5410,5989,6289,5783,0.979,
0.00,0.00,-30.31,33.70,3.22,-3.58
374,64661372,20.01,1,3,10.34,1,1,1.00,-0.79,38.13,-47.76,3.80,-4.26,4.84,-6.67,0.00,-0.61,-0.91,-0.53,0.00,0.00,-0.91,-0.53,0.00,0.47,0.07,-0.05,-0.65,-0.20,-0.91,0.47,-0.53,0.00,-1.94,-1.13,-7.89,-9.12,1.19,0.07,0.16,0.98,-2.83,3.56,-
0.73,0.6340,0.00,0.00,3.80,-4.26,1,1,1,0,37.90,132.78,-1.03,5611,5972,6480,5488,0.980,0.00,0.00,-30.25,33.62,3.25,-3.61
375,64681363,19.99,1,3,10.33,1,1,1.00,-0.85,38.06,-47.68,4.99,-3.74,4.85,-6.68,0.00,-1.44,-0.99,-0.52,0.00,0.00,-0.99,-0.52,0.00,0.47,0.05,-0.13,-0.
65,-0.21,-0.99,0.25,-0.52,0.02,-1.80,-0.66,-7.05,-15.06,1.47,0.90,0.17,0.43,-2.39,-2.67,0.27,0.2391,18.30,2.05,4.99,-3.74,1,1,1,0,37.90,132.59,-0.90,5776,6074,6389,5318,0.980,0.00,0.00,-30.18,33.55,3.27,-3.63
376,64701373,20.01,1,3,10.33,1,1,1.00,-0.91,37.96,-47.60,7.5
5,-5.76,4.86,-6.70,-0.65,-0.88,-0.86,-0.35,0.00,0.00,-0.86,-0.35,-0.09,0.47,-0.01,-0.08,-0.65,-0.13,-0.86,-0.02,-0.35,-0.08,-0.38,0.59,-3.55,-14.61,1.14,0.95,0.17,0.04,-0.29,-9.06,1.25,0.1944,40.12,-28.52,7.55,-5.76,1,1,1,1,37.92,132.59,-0.90,5862,6248,6217,5232,0.981,
0.00,0.00,-30.12,33.48,3.28,-3.65
377,64721380,20.01,1,3,10.33,1,1,1.00,-0.95,37.80,-47.49,6.99,-3.22,4.93,-6.79,-0.99,-1.90,-0.99,-0.30,0.00,0.00,-0.99,-0.30,-0.13,0.47,-0.03,-0.17,-0.65,-0.17,-0.99,-0.18,-0.30,-0.20,-1.04,0.68,-4.04,-7.77,-0.13,0.53,0.18,-0.84,0.36,
-7.58,0.55,0.1106,0.65,39.07,6.99,-3.22,1,1,1,1,38.04,132.35,-1.45,5627,6302,6120,5516,0.981,0.00,0.00,-30.05,33.40,3.37,-3.75
378,64741372,19.99,1,3,10.33,1,1,1.00,-0.98,37.67,-47.42,7.15,-0.70,4.94,-6.82,-1.21,-3.69,-1.23,-0.26,0.00,0.00,-1.23,-0.26,-0.16,0.47,-0.04,
-0.33,-0.65,-0.25,-1.23,-0.21,-0.26,-0.27,-2.15,0.71,-6.31,-0.01,-1.00,-0.51,0.17,-0.68,0.73,-3.57,0.05,-0.0406,8.99,86.20,7.15,-0.70,1,1,1,1,38.06,132.35,-1.45,5433,6396,6120,5683,0.981,0.00,0.00,-29.98,33.33,3.40,-3.78
379,64761383,20.01,1,3,10.32,1,1,1.00,-1.03,37.
52,-47.41,4.64,1.82,4.90,-6.80,-0.06,-5.83,-1.51,-0.51,0.00,0.00,-1.51,-0.51,-0.01,0.47,0.05,-0.53,-0.65,-0.34,-1.51,-0.16,-0.51,-0.24,-2.80,-1.09,-8.60,5.21,-1.85,-1.45,0.17,-0.61,-1.96,7.27,-2.27,0.4631,-28.91,67.64,4.64,1.82,1,1,1,1,38.03,132.09,-1.13,5022,6197,630
8,6111,0.982,0.00,0.00,-29.91,33.25,3.37,-3.75
380,64781371,19.99,1,3,10.32,1,1,1.00,-1.07,37.43,-47.45,2.13,3.69,4.78,-6.70,0.42,-7.78,-1.74,-0.60,0.00,0.00,-1.74,-0.60,0.05,0.47,0.08,-0.70,-0.65,-0.39,-1.74,-0.11,-0.60,-0.07,-2.80,-1.26,-9.99,-1.08,-0.28,-0.95,0.16,
0.50,-2.94,10.61,-2.27,0.1774,-49.38,25.13,2.13,3.69,1,1,1,1,37.91,132.01,-0.38,5256,5956,6483,5930,0.982,0.00,0.00,-29.85,33.18,3.26,-3.62
381,64801385,20.01,1,3,10.32,1,1,1.00,-1.11,37.39,-47.52,1.94,2.16,4.60,-6.53,1.33,-7.89,-1.68,-0.78,0.00,0.00,-1.68,-0.78,0.17,
0.47,0.13,-0.71,-0.65,-0.32,-1.68,-0.23,-0.78,0.02,-1.45,-1.88,-7.76,-13.59,1.72,0.45,0.16,1.14,-4.77,3.87,-0.61,0.7679,-0.30,-15.35,1.94,2.16,1,1,1,0,38.04,131.85,-0.94,5656,5966,6581,5362,0.983,0.00,0.00,-29.79,33.11,3.08,-3.42
382,64821385,20.00,1,3,10.32,1,1,1.00,-1.17,3
7.35,-47.56,3.38,0.04,4.47,-6.40,0.94,-6.80,-1.45,-0.67,0.00,0.00,-1.45,-0.67,0.12,0.47,0.08,-0.61,-0.65,-0.19,-1.45,-0.49,-0.67,-0.01,0.47,-0.57,-3.38,-21.63,2.83,1.74,0.17,0.96,-2.74,-6.90,1.14,0.6137,20.06,-24.50,3.38,0.04,1,1,1,0,37.87,131.80,0.11,6042,6074,6519,499
5,0.983,0.00,0.00,-29.73,33.05,2.93,-3.26
383,64841383,20.00,1,3,10.32,1,1,1.00,-1.21,37.28,-47.56,5.87,-0.05,4.39,-6.33,0.00,-6.22,-1.33,-0.46,0.00,0.00,-1.33,-0.46,0.00,0.47,-0.01,-0.56,-0.65,-0.11,-1.33,-0.80,-0.46,-0.17,1.08,0.92,-0.59,-16.48,1.37,1.65,0.18,-0.44,-
0.01,-12.31,1.60,0.2108,51.44,-1.09,5.87,-0.05,1,1,1,1,38.12,131.58,-1.16,5914,6277,6216,5131,0.983,0.00,0.00,-29.67,32.98,2.86,-3.18
384,64861387,20.00,1,3,10.31,1,1,1.00,-1.27,37.16,-47.56,8.34,2.43,4.34,-6.30,-1.32,-7.25,-1.46,-0.15,0.00,0.00,-1.46,-0.15,-0.17,0.47,
-0.11,-0.65,-0.65,-0.16,-1.46,-0.97,-0.15,-0.37,-0.12,2.50,-1.69,-7.25,0.16,0.84,0.18,-0.86,3.19,-11.80,1.26,0.5270,39.41,52.50,8.34,2.43,1,1,1,1,38.09,131.52,-0.89,5717,6452,6161,5342,0.983,0.00,0.00,-29.62,32.92,2.82,-3.14
385,64881374,19.99,1,3,10.31,1,1,1.00,-1.32,37.00,-47.61,7.31,4.90,4.25,-6.25,-1.78,-9.01,-1.70,-0.11,0
.00,0.00,-1.70,-0.11,-0.23,0.47,-0.12,-0.81,-0.65,-0.24,-1.70,-0.96,-0.11,-0.46,-1.55,1.87,-4.09,3.45,-1.32,-0.65,0.18,-0.88,2.98,-2.20,-0.07,0.0539,-4.67,87.64,7.31,4.90,1,1,1,1,38.28,131.35,-1.82,5349,6462,6130,5716,0.984,0.00,0.00,-29.56,32.86,2.76,-3.07
386,649013
90,20.02,1,3,10.31,1,1,1.00,-1.38,36.85,-47.71,4.84,7.37,4.11,-6.14,-0.73,-11.09,-1.99,-0.36,0.00,0.00,-1.99,-0.36,-0.10,0.47,-0.02,-1.00,-0.65,-0.32,-1.99,-0.85,-0.36,-0.40,-2.76,-0.31,-7.49,7.23,-1.46,-1.42,0.18,-0.24,-0.18,7.39,-1.63,0.2782,-47.82,65.93,4.84,7.37,1,1
,1,1,38.24,131.26,-1.47,5141,6309,6352,5956,0.984,0.00,0.00,-29.51,32.80,2.63,-2.92
387,64921392,20.00,1,3,10.30,1,1,1.00,-1.43,36.75,-47.86,2.38,8.31,3.89,-5.96,0.00,-12.46,-2.16,-0.51,0.00,0.00,-2.16,-0.51,0.00,0.47,0.04,-1.13,-0.65,-0.34,-2.16,-0.80,-0.51,-0.19,-2.
80,-1.16,-8.66,-3.73,0.74,-0.47,0.17,1.05,-2.19,10.45,-1.71,0.6739,-55.96,19.27,2.38,8.31,1,1,1,1,38.24,131.15,-1.32,5420,5996,6643,5677,0.984,0.00,0.00,-29.46,32.75,2.43,-2.70
38
8,64941395,20.00,1,3,10.30,1,1,1.00,-1.48,36.71,-48.02,2.19,7.65,3.65,-5.74,0.58,-12.63,-2.10,-0.63,0.00,0.00,-2.10,-0.63,0.08,0.47,0.08,-1.14,-0.65,-0.28,-2.10,-0.92,-0.63,-0.12,-1.44,-1.44,-6.40,-17.02,2.95,1.05,0.17,1.77,-3.06,0.39,0.62,1.2183,0.00,0.00,2.1
9,7.65,1,1,1,0,38.09,131.12,-0.41,5983,6048,6662,5042,0.985,0.00,0.00,-29.42,32.70,2.19,-2.43
389,64961393,20.00,1,3,10.31,1,1,1.00,-1.53,36.66,-48.18,4.34,5.19,3.44,-5.55,0.00,-11.28,-1.81,-0.49,0.00,0.00,-1.81,-0.49,0.00,0.47,0.02,-1.02,-0.65,-0.14,-1.81,-1.22,-0.49,-0.19,0.81,-0.11,-1.11,-21.05
,2.27,1.84,0.18,0.28,-1.08,-7.31,1.06,1.0058,29.49,-52.58,4.34,5.19,1,1,1,1,38.11,131.02,-0.43,5970,6139,6458,5091,0.985,0.00,0.00,-29.38,32.65,1.97,-2.19
390,64981394,20.00,1,3,10.30,1,1,1.00,-1.58,36.57,-48.28,3.99,4.48,3.30,-5.43,0.00,-10.21,-1.62,-0.49,0.00,0.00,-1.62,-0.49,0.00,0.47,0.01,-0.92,-0.65,-0.05,-1.62,-1.47,-0.49,-0.30,1.70,-0.05,1.21,-16.05
,1.60,1.88,0.19,-0.44,-0.63,-10.02,1.30,0.5996,-0.10,-3.81,3.99,4.48,1,1,1,0,38.03,130.95,0.10,5916,6260,6341,5150,0.985,0.00,0.00,-29.34,32.61,1.84,-2.05
391,65001394,20.00,1,3,10.30,1,1,1.00,-1.63,36.49,-48.37,6.23,6.94,3.17,-5.33,-1.03,-11.11,-1.75,-0.27,0.00,0.00,-
1.75,-0.27,-0.13,0.47,-0.07,-1.00,-0.65,-0.09,-1.75,-1.60,-0.27,-0.45,0.30,1.29,-0.18,-0.72,-1.47,0.24,0.19,-1.93,1.85,-5.92,-0.16,0.4197,32.49,56.59,6.23,6.94,1,1,1,1,38.21,130.80,-0.76,5285,6486,6139,5716,0.985,0.00,0.00,-29.30,32.57,1.73,-1.92
392,65021396,20.00,1,3,10.30,1
,1,1.00,-1.70,36.37,-48.51,3.78,9.40,3.02,-5.22,-0.32,-12.80,-2.07,-0.43,0.00,0.00,-2.07,-0.43,-0.04,0.47,0.00,-1.16,-0.66,-0.18,-2.07,-1.44,-0.43,-0.45,-1.72,-0.15,-3.75,11.60,-2.47,-1.48,0.19,-1.21,-0.10,2.86,-1.14,0.3504,-31.04,83.97,3.78,9.40,1,1,1,1,38.15,130.76
,-0.32,5046,6513,6163,5998,0.985,0.00,0.00,-29.27,32.54,1.59,-1.77
393,65041401,20.00,1,3,10.30,1,1,1.00,-1.76,36.29,-48.70,1.32,11.85,2.81,-5.05,0.24,-14.82,-2.41,-0.55,0.00,0.00,-2.41,-0.55,0.03,0.48,0.04,-1.34,-0.66,-0.27,-2.41,-1.20,-0.55,-0.31,-2.80,-0.81,-7.89,7
.55,-0.92,-1.42,0.18,0.30,-1.58,8.75,-1.91,0.7323,-46.89,50.92,1.32,11.85,1,1,1,1,38.23,130.69,-0.69,5181,6158,6419,5928,0.986,0.00,0.00,-29.24,32.51,1.39,-1.55
394,65061400,20.00,1,3,10.29,1,1,1.00,-1.82,36.27,-48.93,1.08,10.52,2.57,-4.83,0.94,-14.79,-2.31,-0.69,0.00,
0.00,-2.31,-0.69,0.12,0.48,0.09,-1.34,-0.66,-0.22,-2.31,-1.14,-0.69,-0.18,-1.22,-1.37,-6.17,-1.92,0.41,-0.75,0.18,0.99,-3.00,6.24,-1.15,0.4426,-1.73,-5.10,1.08,10.52,1,1,1,0,38.15,130.69,-0.18,5401,6160,6573,5596,0.986,0.00,0.00,-29.22,32.48,1.15,-1.28
395,65081401,20
.00,1,3,10.29,1,1,1.00,-1.87,36.25,-49.14,0.72,9.90,2.36,-4.66,1.32,-14.31,-2.18,-0.75,0.00,0.00,-2.18,-0.75,0.17,0.48,0.10,-1.29,-0.66,-0.14,-2.18,-1.26,-0.75,-0.14,0.03,-1.28,-3.58,-13.87,2.49,0.97,0.18,1.38,-3.24,-1.10,0.24,0.6736,-3.47,2.54,0.72,9.90,1,1,1,0,37.83,1
30.75,1.64,5839,6069,6663,5119,0.986,0.00,0.00,-29.20,32.46,0.95,-1.05
396,65101396,20.00,1,3,10.29,1,1,1.00,-1.93,36.23,-49.34,0.47,7.44,2.19,-4.51,1.49,-12.58,-1.81,-0.77,0.00,0.00,-1.81,-0.77,0.20,0.48,0.09,-1.14,-0.66,-0.00,-1.81,-1.53,-0.77,-0.23,2.27,-0.93,1.38,
-22.70,3.49,2.41,0.19,0.95,-2.64,-9.69,1.40,0.4077,-2.57,-31.69,0.47,7.44,1,1,1,1,37.84,130.75,1.64,6079,6051,6603,4788,0.986,0.00,0.00,-29.19,32.44,0.77,-0.86
397,65121402,20.01,1,3,10.30,1,1,1.00,-1.98,36.22,-49.49,2.92,8.52,2.06,-4.40,0.07,-12.49,-1.83,-0
.45,0.00,0.00,-1.83,-0.45,0.01,0.48,-0.04,-1.13,-0.66,0.00,-1.83,-1.84,-0.45,-0.41,1.35,1.33,1.37,-16.15,1.76,2.20,0.20,-0.62,1.20,-11.88,1.13,0.4003,39.57,21.15,2.92,8.52,1,1,1,1,37.66,130.73,2.67,5869,6190,6358,5106,0.986,0.00,0.00,-29.17,32.43,0.65,-0.72
398,65141398,20.00,1,3,10.30,1,1,1.00,-2
.04,36.16,-49.66,2.92,8.52,1.94,-4.32,0.00,-12.41,-1.82,-0.45,0.00,0.00,-1.82,-0.45,0.00,0.48,-0.03,-1.12,-0.66,0.01,-1.82,-1.94,-0.45,-0.55,0.95,0.90,1.31,3.85,-2.15,-0.31,0.20,-2.07,1.23,-4.13,-0.11,0.0668,0.00,0.00,2.92,8.52,1,0,0,0,37.87,130.61,1.58,5141,6544,6005,
5739,0.986,0.00,0.00,-29.16,32.42,0.53,-0.59
399,65161407,20.01,1,3,10.30,1,1,1.00,-2.09,36.11,-49.83,2.31,11.15,1.83,-4.24,0.00,-13.89,-2.13,-0.45,0.00,0.00,-2.13,-0.45,0.00,0.48,-0.03,-1.25,-0.66,-0.09,-2.13,-1.75,-0.45,-0.53,-1.27,0.54,-2.47,9.05,-1.18,-0.97,0.20,-
0.42,0.77,5.23,-1.61,0.5334,-4.35,108.68,2.31,11.15,1,1,1,1,37.88,130.59,1.55,5152,6192,6308,5889,0.986,0.00,0.00,-29.16,32.41,0.43,-0.48
400,65181408,20.00,1,3,10.30,1,1,1.00,-2.14,36.06,-50.05,-0.29,13.75,1.70,-4.16,1.10,-15.94,-2.50,-0.69,0.00,0.00,-2.50,-0.69,0.14
,0.48,0.06,-1.44,-0.66,-0.20,-2.50,-1.59,-0.69,-0.40,-2.80,-1.09,-6.35,5.16,-0.36,-0.96,0.19,0.40,-1.99,6.59,-1.13,0.7767,-57.64,70.30,-0.29,13.75,1,1,1,1,38.01,130.54,0.90,5262,6213,6416,5656,0.986,0.00,0.00,-29.15,32.40,0.31,-0.34
401,65201411,20.00,1,3,10.29,1,1,1.0
0,-2.20,36.07,-50.33,-2.87,12.95,1.57,-4.07,3.19,-16.18,-2.47,-1.11,0.00,0.00,-2.47,-1.11,0.42,0.48,0.21,-1.46,-0.66,-0.17,-2.47,-1.60,-1.11,-0.23,-1.64,-2.80,-4.97,-8.71,1.74,0.30,0.19,1.28,-6.17,6.14,-1.18,0.8892,-38.81,4.07,-2.87,12.95,1,1,1,1,37.85,130.58,1.81,5587
,5910,6679,5439,0.986,0.00,0.00,-29.15,32.40,0.18,-0.20
402,65221414,20.00,1,3,10.30,1,1,1.00,-2.27,36.12,-50.59,-2.97,10.39,1.48,-4.02,3.99,-14.70,-2.13,-1.24,0.00,0.00,-2.13,-1.24,0.52,0.48,0.23,-1.33,-0.66,-0.05,-2.13,-1.83,-1.24,-0.18,1.00,-2.58,0.03,-16.79,2.52,1.49,0.2
0,0.87,-6.93,-1.73,-0.33,0.6792,-4.12,-56.60,-2.97,10.39,1,1,1,1,38.06,130.50,0.73,5751,5928,6680,5173,0.986,0.00,0.00,-29.14,32.40,0.08,-0.09
403,65241409,20.00,1,3,10.30,1,1,1.00,-2.31,36.18,-50.80,-2.73,9.55,1.44,-4.00,4.12,-13.60,-1.93,-1.22,0.00,0.00,-1.93,-1.22,0
.54,0.48,0.20,-1.23,-0.66,0.03,-1.93,-2.08,-1.22,-0.26,1.89,-1.57,2.36,-15.36,1.88,1.94,0.20,-0.24,-5.42,-8.75,0.57,0.6733,0.00,0.00,-2.73,9.55,1,1,1,0,37.87,130.57,1.79,5871,6100,6445,5225,0.986,0.00,0.00,-29.14,32.40,0.03,-0.03
404,65261412,20.00,1,3,10.30,1,1,1.00,-
2.35,36.24,-50.99,-0.20,12.07,1.43,-4.02,2.73,-14.75,-2.19,-0.89,0.00,0.00,-2.19,-0.89,0.36,0.48,0.05,-1.33,-0.66,-0.05,-2.19,-2.24,-0.89,-0.43,-0.37,1.00,-0.23,-5.20,0.25,0.95,0.21,-0.91,-0.48,-9.55,0.39,0.5585,49.09,43.02,-0.20,12.07,1,1,1,1,38.11,130.48,0.55,5547,63
28,6290,5377,0.986,0.00,0.00,-29.14,32.40,0.00,-0.00
405,65281416,20.00,1,3,10.29,1,1,1.00,-2.42,36.24,-51.23,1.40,14.59,1.42,-4.04,1.27,-16.77,-2.57,-0.58,0.00,0.00,-2.57,-0.58,0.17,0.48,-0.07,-1.51,-0.66,-0.16,-2.57,-2.23,-0.58,-0.55,-2.56,2.56,-3.66,2.32,
-1.12,-0.32,0.21,-1.02,2.48,-6.92,0.49,0.7224,19.78,82.46,1.40,14.59,1,1,1,1,38.01,130.51,1.13,5369,6594,6170,5533,0.986,0.00,0.00,-29.19,32.51,0.00,0.00
406,65301415,20.00,1,3,10.29,1,1,1.00,-2.47,36.21,-51.52,1.84,17.09,1.39,-4.05,0.49,-19.09,-2.97,-0.43,0.00,0.00,-2
.97,-0.43,0.06,0.49,-0.12,-1.72,-0.67,-0.28,-2.97,-2.16,-0.43,-0.60,-2.80,2.56,-5.76,1.43,-0.33,-0.64,0.21,0.10,3.12,-3.38,0.34,0.7482,6.84,72.02,1.84,17.09,1,1,1,1,38.02,130.49,1.12,5441,6457,6280,5439,0.986,0.00,0.00,-29.28,32.76,0.00,0.00
407,65321414,20.00,1,3,10.
29,1,1,1.00,-2.52,36.18,-51.86,0.45,16.59,1.37,-4.06,0.99,-19.69,-2.99,-0.56,0.00,0.00,-2.99,-0.56,0.13,0.49,-0.06,-1.78,-0.67,-0.26,-2.99,-2.20,-0.56,-0.62,-1.94,0.88,-4.79,-5.35,0.72,-0.05,0.21,0.58,1.07,2.48,-0.93,1.5068,-15.56,10.76,0.45,16.59,1,1,1,0,37.74,130.56,2
.74,5453,6112,6549,5508,0.986,0.00,0.00,-29.38,33.05,0.00,0.00
408,65341416,20.00,1,3,10.30,1,1,1.00,-2.56,36.17,-52.19,-2.04,15.56,1.34,-4.07,2.65,-19.25,-2.84,-0.92,0.00,0.00,-2.84,-0.92,0.35,0.49,0.08,-1.74,-0.67,-0.18,-2.84,-2.33,-0.92,-0.49,-0.33,-1.62,-1.95,-12.0
2,1.80,0.91,0.21,0.71,-2.97,10.10,-2.06,1.2028,-43.98,3.74,-2.04,15.56,1,1,1,1,37.77,130.52,2.61,5468,5722,6743,5537,0.986,0.00,0.00,-29.49,33.34,0.00,0.00
409,65361420,20.00,1,3,10.30,1,1,1.00,-2.60,36.21,-52.50,-4.52,13.08,1.33,-4.08,4.73,-17.53,-2.46,-1.33,0.00,0.0
0,-2.46,-1.33,0.62,0.49,0.23,-1.58,-0.67,-0.04,-2.46,-2.57,-1.33,-0.34,2.10,-2.80,2.43,-15.55,2.26,1.71,0.21,0.37,-6.83,7.89,-1.56,1.2014,-49.84,-37.75,-4.52,13.08,1,1,1,1,37.49,130.61,4.12,5573,5759,6768,5387,0.986,0.00,0.00,-29.59,33.63,0.00,0.00
410,65381404,19.98,1
,3,10.30,1,1,1.00,-2.65,36.30,-52.77,-4.16,12.20,1.33,-4.08,5.33,-16.31,-2.24,-1.41,0.00,0.00,-2.24,-1.41,0.70,0.49,0.23,-1.47,-0.67,0.05,-2.24,-2.74,-1.41,-0.25,2.70,-2.31,4.29,-10.35,1.47,1.61,0.22,-0.34,-7.20,-0.40,-0.47,0.5811,0.09,1.96,-4.16,12.20,1,1,1,0,37.57,13
0.61,3.69,5527,6020,6530,5263,0.985,0.00,0.00,-29.68,33.89,0
.00,0.00
411,65401421,20.02,1,3,10.31,1,1,1.00,-2.70,36.38,-53.01,-3.92,11.84,1.33,-4.08,5.43,-15.62,-2.14,-1.39,0.00,0.00,-2.14,-1.39,0.71,0.49,0.19,-1.41,-0.67,0.08,-2.14,-2.83,-1.39,-0.33,2.41,-1.36,4.71,-1.33,-0.28,0.71,0.23,-1.22,-5.72,-9.57,0.73,0.7865,-1.22,7.7
0,-3.92,11.84,1,1,1,0,37.27,130.76,5.16,5470,6414,6146,5352,0.985,0.00,0.00,-29.77,34.14,0.00,0.00
412,65421425,20.00,1,3,10.31,1,1,1.00,-2.75,36.46,-53.25,-1.45,13.53,1.33,-4.08,4.05,-16.42,-2.33,-1.07,0.00,0.00,-2.33,-1.07,0.53,0.49,0.05,-1.48,-0.67,0.02,-2.33,-2.69,-1.07,-
0.49,0.38,1.11,1.52,7.75,-0.88,-0.38,0.23,-0.74,-0.73,-11.48,0.72,1.0130,35.72,33.17,-1.45,13.53,1,1,1,1,37.49,130.74,3.91,5356,6447,6022,5398,0.985,0.00,0.00,-29.85,34.37,0.00,0.00
413,65441424,20.00,1,3,10.31,1,1,1.00,-2.79,36.49,-53.52,-2.87,12.68,1.32,-4.
08,4.32,-16.19,-2.27,-1.11,0.00,0.00,-2.27,-1.11,0.57,0.49,0.06,-1.46,-0.67,0.03,-2.27,-2.51,-1.11,-0.65,0.60,0.43,1.36,4.62,0.05,-0.39,0.23,0.21,-1.04,-7.42,0.50,0.8994,-19.36,2.77,-2.87,12.68,1,1,1,0,37.33,130.87,4.79,5514,6289,6169,5370,0.984,0.00,0.00,-29.93,34.62,
0.00,0.00
414,65461423,20.00,1,3,10.31,1,1,1.00,-2.84,36.55,-53.77,-3.62,11.54,1.31,-4.08,4.85,-15.39,-2.12,-1.21,0.00,0.00,-2.12,-1.21,0.63,0.49,0.09,-1.39,-0.67,0.07,-2.12,-2.44,-1.21,-0.72,1.32,-0.33,2.34,-3.99,1.93,0.67,0.23,1.07,-1.89,-2.76,-0.55,1.1140,-12.38,-1
.75,-3.62,11.54,1,1,1,0,37.50,130.88,3.83,5550,5932,6588,5184,0.984,0.00,0.00,-30.02,34.87,0.00,0.00
415,65481427,20.00,1,3,10.31,1,1,1.00,-2.90,36.62,-54.00,-4.98,10.90,1.31,-4.08,5.86,-14.64,-2.00,-1.41,0.00,0.00,-2.00,-1.41,0.77,0.49,0.15,-1.32,-0.67,0.10,-2.00,-2.5
6,-1.41,-0.70,1.60,-1.41,3.40,-10.72,2.38,1.64,0.23,0.54,-3.81,1.15,-0.94,0.8964,-20.93,3.41,-4.98,10.90,1,1,1,0,37.33,131.01,4.71,5615,5809,6685,5235,0.984,0.00,0.00,-30.10,35.10,0.00,0.00
416,65501427,20.00,1,3,10.31,1,1,1.00,-2.94,36.72,-54.22,-6.06,8.44,1.32,-4.08
,6.85,-12.83,-1.67,-1.59,0.00,0.00,-1.67,-1.59,0.90,0.49,0.19,-1.16,-0.67,0.20,-1.67,-2.71,-1.59,-0.66,2.80,-2.00,7.06,-6.86,1.10,1.29,0.24,-0.41,-5.67,0.35,-0.74,0.5954,-18.62,-20.43,-6.06,8.44,1,1,1,1,37.48,131.04,3.87,5470,5962,6450,5375,0.984,0.00,0.00,-30.18,35.32
,0.00,0.00
417,65521429,20.00,1,3,10.31,1,1,1.00,-2.99,36.84,-54.39,-6.46,9.40,1.33,-4.08,7.52,-12.67,-1.71,-1.69,0.00,0.00,-1.71,-1.69,0.99,0.50,0.21,-1.14,-0.67,0.17,-1.71,-2.73,-1.69,-0.66,1.56,-1.93,5.71,0.80,0.36,0.79,0.24,-0.67,-6.13,-3.36,-0.25,0.5374,-11.14,2
0.62,-6.46,9.40,1,1,1,0,37.45,131.13,4.01,5453,6149,6310,5424,0.984,0.00,0.00,-30.24,35.51,0.00,0.00
418,65541430,20.00,1,3,10.31,1,1,1.00,-3.04,36.97,-54.58,-4.83,10.38,1.34,-4.07,6.86,-13.23,-1.86,-1.51,0.00,0.00,-1.86,-1.51,0.90,0.50,0.11,-1.19,-0.68,0.10,-1.86,-2.6
0,-1.51,-0.74,0.08,-0.17,2.63,6.39,-0.42,-0.09,0.24,-0.58,-2.86,-8.02,0.47,0.8987,14.25,21.91,-4.83,10.38,1,1,1,0,37.60,131.14,3.16,5385,6400,6165,5370,0.984,0.00,0.00,-30.32,35.72,0.00,0.00
419,65561429,20.00,1,3,10.31,1,1,1.00,-3.07,37.07,-54.78,-2.84,9.48,1.34,-4.0
7,5.38,-12.98,-1.82,-1.18,0.00,0.00,-1.82,-1.18,0.71,0.50,-0.02,-1.17,-0.68,0.10,-1.82,-2.50,-1.18,-0.88,0.31,1.91,2.58,3.69,0.27,-0.13,0.24,0.16,0.94,-11.43,1.20,1.0942,20.50,-1.10,-2.84,9.48,1,1,1,0,37.37,131.28,4.41,5620,6396,6152,5233,0.984,0.00,0.00,-30.39,35.93,0
.00,0.00
420,65581435,20.01,1,3,10.31,1,1,1.00,-3.10,37.12,-54.97,-1.62,8.20,1.34,-4.07,4.02,-12.15,-1.68,-0.90,0.00,0.00,-1.68,-0.90,0.53,0.50,-0.12,-1.10,-0.68,0.13,-1.68,-2.45,-0.90,-1.01,1.08,2.80,3.82,-0.55,1.27,0.39,0.24,0.65,3.13,-8.91,1.16,0.9897,12.70,-6.75,-
1.62,8.20,1,1,1,0,37.29,131.33,4.73,5729,6217,6244,5088,0.984,0.00,0.00,-30.46,36.12,0.00,0.00
421,65601436,20.00,1,3,10.31,1,1,1.00,-3.13,37.15,-55.14,-1.55,6.37,1.34,-4.07,3.38,-10.72,-1.45,-0.79,0.00,0.00,-1.45,-0.79,0.44,0.50,-0.15,-0.97,-0.68,0.19,-1.45,-2.46,-0.7
9,-1.06,2.08,2.48,6.20,-1.76,1.13,0.70,0.25,0.20,3.34,0.76,-0.83,0.7799,-0.83,-15.19,-1.55,6.37,1,1,1,0,36.85,131.53,6.92,5434,5964,6480,5354,0.984,0.00,0.00,-30.51,36.27,0.00,0.00
HISTORY_STATE_BEGIN,count=1000,fs=50
hseq,time_us,pos_err_y_dcm,ekf_vy_dcms,raw_roll_cd
eg,roll_cur_cdeg,loc_vel_i_y_mdeg,loc_trim_roll_cdeg,loc_trim_pitch_cdeg,height_dcm,voltage_cV,flow_obs_vy_dcms,yaw_cdeg,yaw_err_cdeg,yaw_rate_cdps,yaw_rate_tgt_cdps,yaw_out_milli,yaw_rate_p_milli,yaw_rate_i_milli,yaw_rate_d_milli,m1,m2,m3,m4,flow_obs_valid,flo
w_ekf_used,flags,phase
0,45620183,-552,-77,-42,-41,-468,0,0,1348,1048,8,-181,181,32,158,669,448,253,-4,5400,5681,5861,5789,1,1,31,3
1,45640187,-550,-71,-53,-39,-468,0,0,1347,1049,8,-182,182,-88,159,1092,872,254,12,5400,5756,5841,5620,1,1,31,3
2,45660188,-549,-65,-55,
-40,-468,0,0,1347,1049,0,-184,184,-50,161,943,740,255,-12,5535,5807,5807,5580,1,1,31,3
3,45680188,-547,-60,-53,-44,-468,0,0,1347,1049,-6,-185,185,-29,161,891,671,256,2,5833,5877,5762,5335,1,1,31,3
4,45700191,-546,-56,-58,-53,-468,0,0,1347,1049,-7,-185,185,-74,162,1053
,832,257,9,5778,5999,5707,5372,1,1,31,3
5,45720190,-545,-56,-60,-60,-468,0,0,1346,1049,-60,-187,187,-66,163,1012,804,258,-7,5647,5942,5730,5491,1,1,31,3
6,45740191,-544,-52,-64,-65,-468,0,0,1346,1049,3,-187,187,72,163,539,323,259,-20,5620,5785,5827,5708,1,1,31,3
7,4
5760195,-543,-47,-68,-66,-468,0,0,1345,1048,12,-186,186,28,162,713,478,260,6,5413,5690,5940,5841,1,1,31,3
8,45780181,-542,-37,-77,-66,-468,0,0,1345,1048,78,-187,187,-97,163,1144,918,261,13,5376,5774,6033,5827,1,1,31,3
9,45800196,-541,-26,-88,-66,-468,0,0,1344,1048,10
6,-188,189,-76,164,1062,847,262,-4,5663,5823,5971,5571,1,1,31,3
10,45820196,-541,-19,-96,-72,-469,0,0,1344,1047,62,-189,189,58,164,593,376,263,-21,5887,5904,5793,5497,1,1,31,3
11,45840184,-540,-17,-99,-83,-469,0,0,1343,1047,0,-188,188,10,164,787,545,264,10,5915,5988,5
723,5379,1,1,31,3
12,45860201,-540,-17,-99,-91,-469,0,0,1343,1047,-10,-189,189,-134,165,1278,1055,265,10,5662,6158,5684,5505,1,1,31,3
13,45880195,-540,-17,-97,-94,-470,0,0,1342,1047,0,-190,190,10,166,762,549,266,-23,5474,5774,5907,5804,0,0,7,3
14,45900202,-539,-15,-95,-92,-470,0,0,1342,1047,9,-1
89,189,54,165,633,396,267,-5,5376,5648,5991,5929,1,1,31,3
15,45920204,-539,-22,-87,-92,-470,0,0,1342,1047,-102,-190,190,-78,166,1097,858,268,15,5428,5663,6073,5729,1,1,31,3
16,45940206,-539,-20,-84,-95,-470,0,0,1342,1047,6,-192,192,-73,168,1067,847,269,-5,5636,5868,5
894,5562,1,1,31,3
17,45960206,-538,-30,-73,-98,-471,0,0,1342,1047,-153,-192,192,70,168,574,347,270,-19,5745,5888,5747,5586,1,1,31,3
18,45980208,-538,-27,-73,-98,-471,0,0,1342,1047,13,-191,191,-51,167,1021,772,270,19,5755,6027,5737,5469,1,1,31,3
19,46000210,-537,-17,-
82,-96,-471,0,0,1341,1046,92,-194,194,-128,169,1270,1045,272,2,5677,6032,5803,5489,1,1,31,3
20,46020212,-537,-16,-86,-95,-471,0,0,1341,1046,0,-194,194,14,169,779,549,273,-12,5793,5886,5891,5573,1,1,31,3
21,46040209,-536,-14,-88,-100,-472,0,0,1340,1046,8,-195,195,-79,170,1124
,879,274,15,5695,5814,6000,5525,1,1,31,3
22,46060195,-536,-13,-89,-108,-472,0,0,1340,1046,0,-195,195,-24,170,919,687,275,-7,5692,5746,6062,5631,1,1,31,3
23,46080211,-536,-17,-85,-114,-472,0,0,1338,1046,-68,-195,196,20,170,772,531,276,-5,5447,5829,5943,5917,1,1,31,3

24,46100208,-535,-3,-94,-113,-473,0,0,1338,1046,157,-196,196,-27,171,946,698,277,8,5464,5881,5898,5815,1,1,31,3
25,46120216,-535,-3,-97,-104,-473,0,0,1338,1046,-2,-197,197,-77,172,1117,876,278,5,5544,6050,5775,5691,1,1,31,3
26,46140213,-535,-4,-97,-98,-473,0,0,1338,10
46,-9,-197,197,21,172,771,532,279,-11,5728,5905,5767,5537,1,1,31,3
27,46160220,-535,-4,-97,-100,-474,0,0,1338,1046,0,-197,197,-26,172,954,701,280,10,5785,5882,5840,5433,1,1,31,3
28,46180213,-535,-26,-76,-106,-474,0,0,1338,1046,-286,-198,198,-61,172,1069,824,281,5,580
1,5871,5923,5428,1,1,31,3
29,46200219,-535,-23,-70,-114,-474,0,0,1337,1046,6,-198,198,-40,173,992,753,282,-5,5701,5742,6034,5551,1,1,31,3
30,46220216,-534,-20,-72,-117,-475,0,0,1337,1046,21,-199,199,-6,174,881,635,283,-4,5386,5841,5887,5877,1,1,31,3
31,46240224,-534
,2,-92,-107,-475,0,0,1336,1046,258,-199,199,-5,174,885,632,284,3,5481,5919,5812,5783,1,1,31,3
32,46260221,-534,21,-116,-97,-475,0,0,1336,1046,241,-200,200,-45,174,1021,775,285,1,5614,6018,5764,5629,1,1,31,3
33,46280228,-534,19,-121,-94,-476,0,0,1336,1045,0,-
200,200,-12,175,909,658,286,0,5741,5909,5845,5533,1,1,31,3
34,46300226,-535,-2,-103,-101,-476,0,0,1336,1045,-245,-201,201,-40,175,1008,759,287,0,5821,5846,5947,5440,1,1,31,3
35,46320228,-535,-26,-73,-114,-477,0,0,1336,1045,-456,-201,201,-50,176,1046,798,288,-1,5907,57
57,6022,5320,1,1,31,3
36,46340217,-534,-24,-65,-127,-477,0,0,1336,1046,3,-202,202,-2,176,878,629,289,-6,5676,5805,5962,5627,1,1,31,3
37,46360232,-534,-22,-64,-126,-477,0,0,1335,1046,0,-202,202,-40,176,1024,763,290,11,5287,5856,5850,5879,1,1,31,3
38,46380230,-533,3,-8
7,-116,-477,0,0,1335,1046,307,-203,203,-89,177,1196,938,291,13,5409,5945,5867,5772,1,1,31,3
39,46400227,-533,3,-94,-110,-478,0,0,1335,1046,0,-205,205,-131,179,1332,1089,292,1,552
8,5916,5897,5582,0,0,7,3
40,46420238,-533,2,-96,-109,-478,0,0,1336,1046,-3,-205,205,27,179,780,537,293,-19,5798,5765,5895,5449,1,1,31,3
41,46440234,-533,-24,-73,-117,-478,0,0,1335,1046,-416,-205,205,31,178,789,525,294,0,5897,5719,5872,5278,1,1,31,3
42,46460238,-533,-22,-67
,-133,-479,0,0,1336,1047,0,-205,205,-64,179,1124,859,295,13,5662,5745,5949,5438,1,1,31,3
43,46480226,-532,-20,-67,-137,-479,0,0,1335,1047,0,-206,206,-41,180,1023,776,296,-9,5419,5829,5804,5674,1,1,31,3
44,46500240,-532,-19,-70,-134,-479,0,0,1335,1047,0,-207,207,-48,1
81,1066,808,298,3,5410,5837,5854,5719,1,1,31,3
45,46520240,-532,-17,-72,-128,-479,0,0,1334,1047,0,-207,207,36,181,768,512,298,-12,5520,5827,5765,5666,1,1,31,3
46,46540244,-531,-16,-75,-126,-480,0,0,1334,1046,0,-208,208,-109,181,1298,1024,299,26,5664,5777,6008,5436,1
,1,31,3
47,46560243,-531,-34,-60,-129,-480,0,0,1333,1046,-247,-209,209,-75,182,1158,907,301,-4,5680,5776,5960,5444,1,1,31,3
48,46580247,-530,-31,-57,-132,-480,0,0,1334,1046,0,-210,210,-21,183,978,720,302,-5,5573,5816,5924,5651,1,1,31,3
49,46600244,-530,-35,
-55,-130,-480,0,0,1333,1046,-70,-211,211,-129,184,1371,1103,303,17,5480,5858,5908,5562,1,1,31,3
50,46620241,-529,-43,-47,-126,-480,0,0,1333,1046,-143,-214,214,-108,186,1288,1036,305,-1,5569,5942,5895,5588,1,1,31,3
51,46640250,-528,-40,-49,-124,-480,0,0,1332,1046,0,-21
6,216,-106,188,1286,1034,306,-4,5634,5886,5952,5525,1,1,31,3
52,46660236,-527,-47,-44,-121,-480,0,0,1330,1046,-133,-217,217,-73,189,1182,925,308,-5,5690,5939,5930,5555,1,1,31,3
53,46680250,-526,-54,-37,-124,-480,0,0,1330,1046,-139,-218,218,-79,190,1215,951,309,1,5798
,5921,6020,5502,1,1,31,3
54,46700251,-525,-69,-39,-129,-480,0,0,1329,1046,-234,-219,220,-72,191,1190,930,310,-5,5648,5895,5982,5601,1,1,31,3
55,46720254,-524,-63,-41,-123,-480,0,0,1328,1046,3,-220,220,-11,192,984,717,311,-7,5481,5938,5885,5823,1,1,31,3
56,46740253,-5
23,-57,-42,-112,-480,0,0,1327,1046,8,-220,220,-21,192,1029,752,312,3,5592,5900,5958,5723,1,1,31,3
57,46760254,-521,-56,-43,-105,-480,0,0,1327,1045,-43,-222,222,-125,194,1398,1124,314,13,5630,5953,6041,5626,1,1,31,3
58,46780257,-520,-81,-29,-105,-480,0,0,1326,1045,-42
6,-223,223,-55,195,1143,879,315,-9,5821,5882,6035,5492,1,1,31,3
59,46800260,-519,-92,-11,-112,-479,0,0,1326,1045,-221,-224,224,-57,195,1166,891,316,1,5762,5980,5981,5584,1,1,31,3
60,46820260,-517,-97,0,-113,-479,0,0,1324,1045,-157,-225,225,-71,196,1218,943,318,1,5762,5
938,5976,5509,1,1,31,3
61,46840247,-515,-89,-9,-107,-479,0,0,1324,1045,2,-225,225,-57,197,1175,895,319,4,5603,6040,5950,5768,1,1,31,3
62,46860263,-513,-75,-29,-92,-479,0,0,1323,1045,93,-227,227,-78,198,1249,972,320,3,5570,6045,5911,5726,1,1,31,3
63,46880266,-51
2,-64,-47,-79,-479,0,0,1323,1044,65,-228,228,-64,199,1207,926,321,3,5652,6082,5906,5699,1,1,31,3
64,46900267,-510,-64,-54,-73,-479,0,0,1323,1044,-60,-229,229,-75,200,1246,969,323,-1,5730,5985,6022,5619,1,1,31,3
65,46920260,-509,-64,-53,-79,-479,0,0,1323,1044,0,-230,230
,-26,201,1082,801,324,-5,5779,5835,6100,5585,0,0,7,3
66,46940270,-508,-90,-29,-90,-479,0,0,1322,1044,-445,-231,231,-28,201,1093,810,325,-4,5754,5858,6040,5567,1,1,31,3
67,46960270,-506,-102,-6,-98,-478,0,0,1322,1044,-239,-232,232,-151,202,1539,1246,327,21,5720,5953,6
096,5516,1,1,31,3
68,46980257,-504,-94,-10,-104,-478,0,0,1321,1043,0,-234,234,-110,204,1382,1107,328,-5,5809,5945,6070,5476,1,1,31,3
69,47000272,-502,-72,-35,-104,-478,0,0,1321,1043,175,-234,234,21,204,933,649,330,-13,5634,6063,5834,5770,1,1,31,3
70,47020273,-501,-66
,-49,-94,-478,0,0,1321,1043,-4,-233,233,13,204,979,678,330,5,5499,6113,5760,5858,1,1,31,3
71,47040277,-499,-50,-55,-80,-478,0,0,1322,1043,132,-235,235,-98,205,1361,1066,332,10,5640,6015,5947,5604,1,1,31,3
72,47060273,-498,-75,-51,-81,-478,0,0,1322,1043,-352,-236,236,
-75,206,1283,990,333,3,5729,5736,6105,5435,1,1,31,3
73,47080276,-497,-100,-18,-94,-478,0,0,1322,1043,-461,-237,237,-86,207,1324,1031,334,3,5804,5696,6200,5394,1,1,31,3
74,47100277,-495,-125,20,-108,-477,0,0,1322,1044,-412,-237,238,-58,207,1232,935,336,3,5833
,5746,6093,5355,1,1,31,3
75,47120280,-492,-114,20,-110,-477,0,0,1323,1044,6,-238,238,21,207,953,660,337,-11,5473,5972,5792,5789,1,1,31,3
76,47140278,-490,-89,-7,-96,-477,0,0,1323,1044,371,-237,237,-11,207,1087,773,338,15,5468,5979,5776,5713,1,1,31,3
77,47160281,-488
,-82,-24,-77,-477,0,0,1324,1044,5,-238,238,-96,208,1374,1073,339,11,5515,6074,5809,5642,1,1,31,3
78,47180282,-487,-83,-29,-70,-476,0,0,1324,1044,-101,-240,240,-128,210,1477,1190,341,-1,5613,5864,5988,5460,1,1,31,3
79,47200280,-485,-108,-6,-74,-476,0,0,1326,1045,-492,-
241,241,49,210,856,569,342,-24,5900,5638,6035,5321,1,1,31,3
80,47220283,-483,-132,26,-90,-476,0,0,1326,1045,-415,-240,240,-64,210,1286,969,343,21,5628,5653,6040,5385,1,1,31,3
81,47240284,-480,-121,25,-99,-475,0,0,1327,1045,5,-242,242,-78,211,1316,1019,344,1,5533,5
786,5959,5517,1,1,31,3
82,47260272,-478,-97,0,-93,-475,0,0,1328,1046,247,-243,243,-14,212,1091,796,346,-9,5366,5872,5766,5696,1,1,31,3
83,47280286,-476,-72,-33,-79,-475,0,0,1329,1046,348,-243,243,-65,212,1296,981,347,18,5311,5942,5784,5732,1,1,31,3
84,47300292,-474,-
59,-55,-67,-475,0,0,1328,1046,100,-244,244,-38,213,1185,886,348,-4,5498,5822,5851,5549,1,1,31,3
85,47320292,-473,-83,-41,-66,-475,0,0,1330,1046,-651,-245,245,-19,213,1120,819,349,-5,5698,5735,5963,5409,1,1,31,3
86,47340293,-472,-108,-12,-80,-474,0,0,1330,1046,-408,-2
45,245,3,213,1052,745,350,-2,5890,5709,5922,5185,1,1,31,3
87,47360291,-469,-120,10,-100,-474,0,0,1330,1047,-259,-245,246,-95,214,1399,1090,352,12,5832,5845,5929,5204,1,1,31,3
88,47380294,-467,-108,7,-110,-474,0,0,1330,1047,34,-247,247,-15,215,1102,811,353,-19,5588,5798,5886,5513,1,1,31,3
89,47400
295,-465,-83,-16,-104,-474,0,0,1330,1047,203,-246,246,-12,215,1125,806,354,9,5324,5910,5842,5833,1,1,31,3
90,47420299,-463,-77,-30,-86,-473,0,0,1330,1047,0,-247,247,-54,216,1267,953,355,9,5312,5874,5928,5821,1,1,31,3
91,47440296,-462,-77,-35,-73,-473,0,0,1330,1046,0,
-250,250,-120,218,1490,1187,357,5,5559,5902,6023,5579,0,0,7,3
92,47460302,-460,-78,-36,-74,-473,0,0,1329,1046,-96,-251,251,-65,219,1299,1000,359,-9,5886,5805,6055,5289,1,1,31,3
93,47480302,-459,-104,-11,-85,-473,0,0,1329,1046,-413,-251,251,-27,219,1182,872,360,-4,6038
,5837,6034,5209,1,1,31,3
94,47500301,-456,-96,-10,-100,-472,0,0,1329,1046,0,-253,253,-135,221,1566,1255,361,10,5574,5931,5999,5530,1,1,31,3
95,47520303,-455,-81,-22,-100,-472,0,0,1329,1046,88,-254,254,-51,222,1274,961,363,-1,5397,5963,5911,5805,1,1,31,3
96,47540307,
-453,-55,-44,-86,-472,0,0,1328,1046,636,-256,256,-78,223,1376,1063,364,1,5355,5969,5904,5792,1,1,31,3
97,47560303,-452,-50,-56,-73,-472,0,0,1328,1046,9,-258,258,-121,225,1535,1219,366,8,5481,5949,6037,5695,1,1,31,3
98,47580306,-451,-58,-55,-70,-472,0,0,1328,1045,-143,
-260,260,-114,227,1511,1201,368,-1,5627,5902,6080,5557,1,1,31,3
99,47600304,-450,-81,-35,-81,-472,0,0,1328,1045,-353,-261,261,-29,228,1223,906,369,-6,5939,5863,6050,5329,1,1,31,3
100,47620296,-448,-106,-1,-96,-471,0,0,1328,1045,-502,-262,262,-134,229,1605,1282,37
1,11,5883,5971,6046,5287,1,1,31,3
101,47640306,-446,-112,17,-108,-471,0,0,1328,1045,-173,-265,265,-194,231,1804,1498,373,0,5790,6032,6059,5348,1,1,31,3
102,47660311,-444,-87,2,-105,-471,0,0,1327,1045,203,-267,267,13,233,1074,773,374,-34,5430,5986,5915,5904,1,1,31,3

103,47680295,-442,-62,-24,-91,-470,0,0,1327,1044,412,-267,267,-68,233,1406,1065,376,17,5277,6000,5971,5952,1,1,31,3
104,47700315,-441,-55,-37,-74,-470,0,0,1327,1044,25,-270,270,-204,235,1871,1547,378,14,5338,5973,6123,5771,1,1,31,3
105,47720312,-440,-70,-29,-69,-470
,0,0,1327,1044,-244,-272,272,-188,238,1805,1497,380,-8,5492,5815,6220,5590,1,1,31,3
106,47740317,-438,-95,-1,-73,-470,0,0,1327,1044,-505,-273,273,11,238,1118,802,381,-26,5875,5766,6089,5390,1,1,31,3
107,47760301,-436,-115,31,-85,-469,0,0,1327,1044,-351,-272,272,46,237
,1028,682,382,0,6049,5830,5930,5168,1,1,31,3
108,47780304,-434,-107,34,-96,-469,0,0,1327,1044,-18,-274,274,-241,239,2033,1692,384,30,5749,6009,6016,5203,1,1,31,3
109,47800315,-432,-83,10,-96,-468,0,0,1327,1045,213,-277,277,-188,242,1824,1512,387,-9,5569,6071,5848,538
8,1,1,31,3
110,47820323,-430,-75,-4,-82,-468,0,0,1328,1045,14,-277,277,123,242,739,419,388,-41,4995,5717,5916,6248,1,1,31,3
111,47840309,-429,-51,-31,-61,-468,0,0,1328,1045,267,-276,276,34,240,1096,734,389,14,5022,5663,6006,6069,1,1,31,3
112,47860325,-428,-48,-42,-51
,-467,0,0,1328,1045,-21,-277,277,-129,242,1657,1309,390,19,5480,5753,6053,5450,1,1,31,3
113,47880324,-427,-73,-23,-57,-467,0,0,1328,1045,-493,-279,279,-118,243,1595,1271,392,-8,5861,5766,6082,5144,1,1,31,3
114,47900314,-425,-69,-20,-73,-467,0,0,1328,1045,-25,-279,279,
-41,244,1341,1005,394,-8,6131,5851,5884,4896,1,1,31,3
115,47920329,-424,-64,-23,-94,-467,0,0,1329,1046,0,-279,279,-22,243,1291,940,395,4,5723,5990,5759,5345,1,1,31,3
116,47940329,-423,-39,-43,-97,-466,0,0,1329,1046,509,-281,281,-209,245,1947,1601,397,23,5286,5956,589
1,5533,1,1,31,3
117,47960310,-422,-39,-50,-94,-466,0,0,1330,1046,0,-283,283,-114,247,1592,1270,399,-17,5185,5789,5974,5737,0,0,7,3
118,47980332,-421,-13,-62,-91,-466,0,0,1329,1046,332,-283,283,59,247,1008,664,400,-18,5250,5560,6017,5795,1,1,31,3
119,48000334,-421,-1
0,-62,-87,-466,0,0,1329,1046,20,-284,284,-67,248,1471,1110,401,16,5333,5630,6104,5624,1,1,31,3
120,48020333,-421,-32,-56,-91,-466,0,0,1329,1046,-272,-287,287,-235,250,2059,1709,403,25,5549,5807,6115,5286,1,1,31,3
121,48040324,-420,-57,-33,-100,-466,0,0,1329,1046,-3
57,-289,289,-118,252,1631,1304,406,-15,5978,5921,5957,5039,1,1,31,3
122,48060338,-419,-78,-1,-117,-466,0,0,1329,1046,-310,-290,290,-115,253,1646,1300,407,2,5795,6097,5743,5177,1,1,31,3
123,48080337,-417,-60,-9,-118,-465,0,0,1329,1046,136,-292,292,-78,255,1514,1171,40
9,-7,5484,5915,5903,5535,1,1,31,3
124,48100328,-416,-35,-32,-111,-465,0,0,1328,1046,353,-293,293,-120,256,1678,1324,411,8,5311,5862,5988,5653,1,1,31,3
125,48120340,-415,-29,-45,-98,-465,0,0,1327,1046,40,-297,297,-198,259,1946,1607,413,2,5186,5882,6144,5814,1,1,31,3

126,48140339,-415,-18,-57,-91,-465,0,0,1326,1046,106,-299,299,-144,261,1768,1425,415,-4,5274,5781,6221,5794,1,1,31,3
127,48160342,-414,-43,-40,-90,-465,0,0,1325,1045,-592,-302,302,-140,263,1764,1417,417,-3,5630,5890,6124,5453,1,1,31,3
128,48180333,-414,-64,-15,-96,-46
4,0,0,1326,1045,-309,-304,304,-161,265,1853,1502,419,1,5941,6014,6047,5141,1,1,31,3
129,48200344,-412,-62,-10,-110,-464,0,0,1324,1045,-27,-307,307,-220,268,2064,1717,422,1,5976,6041,5995,4971,1,1,31,3
130,48220346,-411,-59,-12,-120,-464,0,0,1324,1045,-35,-310,310,-188
,270,1960,1613,424,-5,5608,6033,6061,5451,1,1,31,3
131,48240334,-410,-35,-34,-115,-463,0,0,1323,1044,291,-313,313,-209,273,2053,1696,426,5,5144,5953,6118,5844,1,1,31,3
132,48260353,-409,-10,-59,-99,-463,0,0,1323,1044,528,-317,317,-195,277,2009,1657,429,-5,4946,5906,61
95,6094,1,1,31,3
133,48280351,-409,8,-72,-77,-463,0,0,1323,1044,216,-320,320,-129,279,1796,1434,431,-6,5151,5845,6137,5883,1,1,31,3
134,48300351,-409,-17,-60,-70,-463,0,0,1323,1044,-306,-324,324,-208,282,2100,1726,433,15,5621,5883,6197,5351,1,1,31,3
135,48320353,-40
9,-41,-49,-83,-463,0,0,1322,1044,-432,-329,329,-239,287,2199,1844,436,-2,6005,6000,6091,4924,1,1,31,3
136,48340356,-408,-41,-40,-102,-463,0,0,1323,1044,-32,-332,332,-277,289,2359,1997,438,8,6136,6090,6102,4811,1,1,31,3
137,48360354,-407,-16,-50,-121,-462,0,0,1322,1044
,297,-337,338,-280,294,2371,2017,441,-4,5397,6078,6064,5494,1,1,31,3
138,48380356,-407,8,-72,-117,-462,0,0,1322,1044,487,-343,343,-243,299,2263,1901,444,-2,5032,6016,6132,5922,1,1,31,3
139,48400356,-407,33,-104,-102,-462,0,0,1321,1044,423,-347,347,-190,303,2094,1729,
447,-8,5024,5871,6229,5971,1,1,31,3
140,48420360,-408,49,-127,-91,-462,0,0,1322,1044,240,-351,351,-232,306,2272,1893,449,10,5356,5921,6280,5644,1,1,31,3
141,48440363,-409,29,-116,-96,-463,0,0,1321,1043,-214,-357,357,-329,312,2620,2249,452,10,5663,5955,6296,5204,1,1,31,3
14
2,48460359,-409,26,-109,-118,-463,0,0,1321,1043,2,-362,363,-226,316,2269,1902,455,-9,5920,6047,6186,5115,1,1,31,3
143,48480357,-410,26,-105,-140,-463,0,0,1320,1043,0,-367,367,-224,320,2290,1912,458,-1,5744,6103,6097,5247,0,0,7,3
144,48500364,-410,24,-100,-150,-463,0,
0,1320,1043,2,-371,371,-343,324,2735,2346,461,22,5438,6191,6209,5518,1,1,31,3
145,48520367,-411,50,-119,-149,-463,0,0,1319,1043,361,-378,378,-270,329,2468,2101,464,-14,5315,6052,6250,5684,1,1,31,3
146,48540365,-412,67,-138,-146,-464,0,0,1319,1042,258,-381,381,-241,33
3,2407,2019,467,1,5325,6051,6264,5719,1,1,31,3
147,48560371,-413,72,-148,-142,-464,0,0,1320,1042,126,-386,386,-215,337,2327,1938,470,-4,5317,5946,6290,5691,1,1,31,3
148,48580369,-415,66,-143,-145,-465,0,0,1320,1042,0,-390,390,-250,340,2477,2077,472,8,5715,5935,6286,51
98,1,1,31,3
149,48600370,-416,60,-135,-159,-465,0,0,1319,1042,-13,-394,394,-315,343,2712,2318,476,6,5840,6087,6216,5031,1,1,31,3
150,48620371,-417,55,-127,-175,-466,0,0,1320,1042,0,-398,398,-255,347,2509,2118,479,-5,5718,6199,6033,5190,1,1,31,3
151,48640359,-418,45,
-115,-182,-466,0,0,1319,1042,-67,-403,403,-388,351,2998,2603,482,11,5438,6213,6103,5296,1,1,31,3
152,48660363,-419,57,-118,-180,-466,0,0,1320,1042,195,-408,408,-203,356,2346,1962,485,-23,5242,5926,6291,5736,1,1,31,3
153,48680374,-420,67,-126,-176,-467,0,0,1319,1043,18
1,-411,411,-227,359,2472,2063,488,3,5093,5820,6332,5754,1,1,31,3
154,48700378,-422,65,-125,-173,-467,0,0,1320,1043,37,-414,415,-152,361,2211,1807,491,-14,5273,5741,6352,5653,1,1,31,3
155,48720377,-423,49,-110,-171,-468,0,0,1320,1043,-137,-418,418,-296,365,2753,2328,4
94,24,5515,5925,6227,5183,1,1,31,3
156,48740365,-424,24,-83,-178,-468,0,0,1321,1043,-313,-422,422,-297,368,2750,2342,497,3,5784,6057,6124,4946,1,1,31,3
157,48760383,-424,2,-57,-183,-468,0,0,1321,1043,-254,-426,426,-159,371,2268,1866,500,-22,5665,6125,5870,5133,1,1,31,
3
158,48780380,-424,14,-58,-179,-468,0,0,1322,1043,159,-428,428,-246,373,2625,2186,503,27,5476,6162,5974,5274,1,1,31,3
159,48800369,-425,37,-78,-168,-468,0,0,1322,1044,303,-433,433,-330,378,2901,2488,506,7,5181,5950,6239,5476,1,1,31,3
160,48820384,-425,39,-87,-154,
-469,0,0,1323,1044,66,-439,439,-215,383,2512,2098,509,-7,5055,5747,6370,5736,1,1,31,3
161,48840387,-426,39,-89,-147,-469,0,0,1323,1044,35,-443,443,-152,386,2318,1894,512,-6,5229,5754,6278,5579,1,1,31,3
162,48860387,-427,21,-74,-146,-469,0,0,1324,1044,-196,-447,447,-200,389,
2507,2075,515,6,5476,5983,6136,5319,1,1,31,3
163,48880388,-427,8,-57,-149,-469,0,0,1324,1044,-146,-452,452,-237,394,2635,2218,518,-9,5707,6096,6048,5046,1,1,31,3
164,48900375,-427,5,-52,-154,-469,0,0,1325,1044,-19,-455,455,-247,397,2694,2267,522,0,5745,6155,6045,5033,
1,1,31,3
165,48920391,-428,0,-46,-159,-469,0,0,1324,1044,-61,-458,458,-268,400,2781,2355,525,0,5744,6119,6078,4986,1,1,31,3
166,48940393,-428,4,-48,-159,-469,0,0,1324,1044,52,-463,463,-285,404,2854,2426,528,0,5216,6082,6207,5567,1,1,31,3
167,48960394,-428,14,-56,-15
0,-469,0,0,1324,1043,125,-467,467,-171,407,2466,2036,531,-15,4984,5778,6337,5828,1,1,31,3
168,48980395,-428,20,-66,-140,-469,0,0,1325,1043,92,-469,469,-139,409,2385,1932,534,2,5078,5693,6422,5777,1,1,31,3
169,49000374,-428,20,-70,-137,-469,0,0,1325,1043,0,-472,472,-2
40,411,2752,2297,537,13,5384,5953,6201,5317,0,0,7,3
170,49020399,-429,-6,-49,-139,-469,0,0,1326,1043,-537,-475,475,-268,414,2858,2404,540,12,5750,6258,5972,4971,1,1,31,3
171,49040399,-429,-32,-31,-142,-469,0,0,1326,1043,-347,-479,479,-201,417,2626,2178,543,-
5,5802,6196,5886,4895,1,1,31,3
172,49060399,-428,-49,-11,-147,-468,0,0,1326,1044,-238,-482,482,-236,420,2762,2313,547,-2,5570,6010,6112,5093,1,1,31,3
173,49080401,-427,-43,-9,-150,-468,0,0,1326,1043,33,-485,485,-283,423,2949,2489,550,13,5310,5842,6343,5318,1,1,31,3
1
74,49100403,-426,-32,-17,-145,-468,0,0,1326,1043,86,-489,489,-172,426,2552,2107,553,-19,4935,5643,6475,5836,1,1,31,3
175,49120403,-426,-24,-27,-134,-468,0,0,1326,1043,65,-492,492,-151,429,2520,2044,556,7,5024,5754,6285,5685,1,1,31,3
176,49140399,-425,-19,-35,-127,-46
7,0,0,1326,1043,41,-494,494,-192,431,2667,2197,559,3,5351,5945,6202,5388,1,1,31,3
177,49160407,-425,-35,-26,-116,-467,0,0,1326,1044,-213,-499,499,-295,435,3042,2571,563,13,5463,6358,5889,5178,1,1,31,3
178,49180402,-424,-50,-9,-112,-467,0,0,1326,1044,-228,-502,502,-120
,438,2427,1966,566,-20,5856,6146,5890,4899,1,1,31,3
179,49200410,-423,-64,6,-117,-466,0,0,1327,1044,-224,-505,505,-224,441,2821,2344,569,7,5726,6005,6130,4920,1,1,31,3
180,49220405,-422,-54,4,-127,-466,0,0,1327,1044,57,-509,510,-218,444,2805,2332,572,-1,5508,5815,6358,5184,1,1,31,3
181,49240413,-421,-4
7,-3,-133,-465,0,0,1327,1044,43,-514,514,-285,448,3058,2583,576,6,5139,5789,6451,5487,1,1,31,3
182,49260410,-420,-22,-27,-127,-465,0,0,1327,1044,265,-518,519,-143,452,2566,2093,579,-16,4936,5856,6294,5859,1,1,31,3
183,49280415,-419,3,-59,-110,-465,0,0,1327,
1044,355,-521,521,-153,455,2634,2144,582,1,5107,6071,6098,5671,1,1,31,3
184,49300407,-419,6,-59,-96,-464,0,0,1327,1044,48,-524,524,-164,457,2687,2191,585,6,5535,6211,6003,5260,1,1,31,3
185,49320417,-419,-18,-56,-99,-464,0,0,1326,1044,-462,-529,529,-346,461,3331,2841,5
89,17,5856,6267,6117,4770,1,1,31,3
186,49340397,-419,-43,-30,-115,-464,0,0,1326,1043,-529,-534,535,-253,466,3002,2530,593,-16,5907,6133,6206,4848,1,1,31,3
187,49360420,-418,-58,-5,-136,-463,0,0,1326,1043,-237,-537,537,-204,469,2871,2373,596,1,5625,5881,6426,5165,1,1,3
1,3
188,49380414,-417,-34,-17,-149,-463,0,0,1326,1043,289,-542,542,-216,472,2919,2424,599,-5,5138,5793,6522,5636,1,1,31,3
189,49400422,-416,-9,-45,-140,-463,0,0,1325,1043,412,-547,547,-187,477,2836,2336,603,-8,4868,5953,6342,5930,1,1,31,3
190,49420408,-416,-6,-56,-12
5,-462,0,0,1324,1042,35,-549,549,-176,479,2825,2309,606,4,5152,6158,6153,5667,1,1,31,3
191,49440409,-416,-20,-47,-110,-462,0,0,1322,1042,-184,-554,554,-262,483,3135,2624,610,4,5354,6206,6188,5385,1,1,31,3
192,49460411,-416,-44,-22,-106,-462,0,0,1323,1042,-459,-558,55
8,-334,487,3403,2892,614,8,5827,6346,6217,4939,1,1,31,3
193,49480428,-415,-69,7,-118,-461,0,0,1322,1041,-476,-562,562,-275,490,3206,2699,618,-7,6142,6172,6251,4588,1,1,31,3
194,49500427,-413,-85,34,-135,-461,0,0,1323,1041,-277,-565,565,-210,493,2999,2480,621,-8,5792,5
959,6411,4995,1,1,31,3
195,49520421,-412,-85,40,-143,-460,0,0,1321,1041,0,-568,568,-244,495,3136,2609,625,1,5264,5944,6383,5407,0,0,7,3
196,49540416,-410,-59,14,-132,-459,0,0,1321,1041,330,-571,571,-115,498,2690,2161,628,-14,4905,6016,6247,5938,1,1,31,3
197,49560434
,-409,-33,-20,-99,-459,0,0,1319,1041,727,-574,574,-169,500,2908,2360,631,9,4748,6157,6145,6018,1,1,31,3
198,49580419,-408,-7,-56,-75,-459,0,0,1320,1041,350,-576,576,-265,503,3260,2708,635,18,5030,6322,6128,5699,1,1,31,3
199,49600433,-408,-33,-46,-64,-458,0,0,1320,104
1,-645,-581,581,-292,507,3344,2812,639,-3,5715,6245,6176,4941,1,1,31,3
200,49620436,-407,-58,-20,-77,-458,0,0,1321,1041,-1222,-584,584,-153,509,2868,2333,642,-19,6210,5961,6294,4530,1,1,31,3
201,49640436,-406,-83,17,-108,-457,0,0,1321,1041,-988,-586,586,-226,511,3161,2600,6
46,12,6148,5834,6417,4434,1,1,31,3
202,49660439,-405,-108,58,-142,-457,0,0,1321,1042,-451,-590,590,-182,514,2994,2454,650,-16,5687,5768,6450,4950,1,1,31,3
203,49680427,-402,-83,41,-154,-456,0,0,1321,1042,613,-592,592,-71,516,2629,2072,653,-12,5126,5965,6155,5607,1,1,3
1,3
204,49700437,-401,-58,10,-133,-455,0,0,1320,1042,1132,-593,593,-31,517,2509,1938,656,-3,4730,6179,5887,6011,1,1,31,3
205,49720440,-400,-54,-4,-84,-455,0,0,1320,1042,0,-594,594,-71,518,2655,2080,658,3,4713,6226,5953,6064,1,1,31,3
206,49740442,-398,-67,2,-47,-455,
0,0,1320,1042,-226,-596,596,-161,520,2988,2404,662,18,5276,6132,6115,5394,1,1,31,3
207,49760443,-397,-92,32,-40,-454,0,0,1321,1042,-1014,-598,598,-93,522,2740,2168,665,-5,6063,5894,6303,4686,1,1,31,3
208,49780448,-395,-117,71,-65,-453,0,0,1320,1042,-1340,-600,600,-76
,523,2692,2115,668,-4,6326,5746,6403,4402,1,1,31,3
209,49800446,-393,-111,70,-100,-452,0,0,1320,1042,-41,-603,603,-322,526,3580,2992,672,31,5992,5977,6469,4564,1,1,31,3
210,49820446,-391,-86,40,-118,-451,0,0,1319,1042,377,-607,607,-104,529,2771,2228,676,-45,5308,6229
,6028,5487,1,1,31,3
211,49840446,-389,-62,6,-103,-451,0,0,1319,1042,1218,-606,606,113,528,2057,1473,678,-28,4887,6268,5843,6137,1,1,31,3
212,49860448,-388,-37,-23,-57,-451,0,0,1318,1042,920,-603,603,140,526,1995,1375,680,6,4640,6079,5999,6384,1,1,31,3
213,49880448,-3
87,-34,-32,-14,-451,0,0,1319,1042,-2,-601,601,59,524,2274,1651,682,16,5028,5847,6324,5943,1,1,31,3
214,49900454,-386,-59,-10,-2,-450,0,0,1318,1042,-753,-602,602,-80,525,2744,2139,685,9,5689,5798,6477,5136,1,1,31,3
215,49920453,-385,-83,25,-25,-450,0,0,1318,1042,-1059
,-604,604,-122,526,2901,2291,688,16,6051,5959,6396,4772,1,1,31,3
216,49940456,-384,-77,27,-54,-449,0,0,1317,1041,0,-606,606,-144,529,2966,2373,691,-4,6164,6242,6135,4648,1,1,31,3
217,49960454,-382,-52,0,-74,-448,0,0,1317,1041,346,-609,609,-135,531,2943,2348,695,-8,5651,6540,5901,5236,1,1,31,3
218,49980455,-381,-28,-29,-72,-4
48,0,0,1316,1041,649,-610,610,-53,532,2677,2068,698,-6,5536,6377,6002,5430,1,1,31,3
219,50000459,-380,-3,-58,-61,-448,0,0,1314,1040,363,-612,612,-117,533,2913,2296,701,5,5101,6049,6409,5820,1,1,31,3
220,50020462,-380,-6,-61,-60,-448,0,0,1313,1040,-39,-613,613
,-34,534,2628,2007,704,-3,5366,5737,6700,5684,1,1,31,3
221,50040455,-380,-6,-59,-72,-447,0,0,1313,1040,0,-614,614,-74,536,2780,2153,707,2,5553,5861,6632,5472,0,0,7,3
222,50060462,-380,-32,-30,-90,-447,0,0,1313,1040,-799,-615,615,-27,536,2618,1993,710,-8,5801,6197,6236,5250,1,1,31,3
223,50080464,-379,-41,-14,-100,-447,0,0,1313,1040,-131,-615,615,10,536,2500,1864,712,-
3,5672,6293,6079,5380,1,1,31,3
224,50100464,-379,-23,-25,-99,-447,0,0,1311,1039,172,-615,615,-152,537,3086,2434,715,26,5656,6444,6064,5222,1,1,31,3
225,50120467,-378,-14,-40,-96,-446,0,0,1311,1039,93,-618,618,-200,539,3238,2606,719,4,5583,6358,6254,5320,1,1,31,3
226
,50140454,-378,-9,-46,-94,-446,0,0,1311,1039,44,-619,619,-69,540,2786,2152,722,-11,5474,6114,6357,5525,1,1,31,3
227,50160469,-378,-2,-50,-96,-446,0,0,1311,1039,75,-621,621,-43,542,2705,2066,725,-12,5362,5839,6585,5634,1,1,31,3
228,50180471,-378,2,-52,-104,-446,0,0,131
1,1039,46,-621,621,34,542,2449,1796,728,-6,5403,5825,6450,5580,1,1,31,3
229,50200471,-378,2,-52,-110,-446,0,0,1311,1040,3,-620,621,81,541,2287,1631,730,-9,5525,6027,6218,5513,1,1,31,3
230,50220472,-378,-2,-50,-111,-446,0,0,1311,1040,-51,-620,620,4,541,2562,1903,733,1,
5648,6297,6018,5314,1,1,31,3
231,50240473,-378,-2,-49,-112,-446,0,0,1312,1040,0,-620,620,-6,540,2597,1936,736,1,6006,6383,5974,4979,1,1,31,3
232,50260473,-378,-6,-47,-118,-446,0,0,1312,1039,-52,-621,621,-135,541,3056,2390,739,15,5516,6208,6207,5285,1,1,31,3
233,5028
0477,-378,-4,-46,-120,-446,0,0,1313,1039,25,-623,623,-164,543,3148,2496,742,0,5394,6041,6395,5380,1,1,31,3
234,50300461,-377,6,-49,-120,-446,0,0,1313,1039,113,-624,624,-2,544,2585,1929,745,-15,5218,5783,6447,5646,1,1,31,3
235,50320477,-378,5,-48,-117,-446,0,
0,1314,1040,0,-624,624,29,544,2502,1823,748,3,5204,5826,6379,5680,1,1,31,3
236,50340479,-378,4,-47,-111,-446,0,0,1313,1040,-11,-624,624,-39,544,2750,2065,751,14,5465,6155,6079,5316,1,1,31,3
237,50360480,-378,0,-47,-106,-446,0,0,1314,1040,-47,-625,625,-69,545,2845,217
3,754,2,5791,6341,5991,5039,1,1,31,3
238,50380484,-378,0,-46,-107,-446,0,0,1315,1040,0,-626,626,-44,546,2762,2087,757,0,5699,6282,5983,5108,1,1,31,3
239,50400483,-378,-8,-44,-108,-446,0,0,1316,1040,-107,-627,627,-101,547,2969,2288,760,9,5449,6049,6279,5311,1,1,31,3
240,504
20484,-378,-4,-42,-109,-446,0,0,1316,1040,50,-629,629,-75,548,2875,2200,763,-3,5231,5765,6493,5510,1,1,31,3
241,50440486,-378,-4,-42,-110,-445,0,0,1318,1041,0,-630,630,-62,549,2846,2161,766,4,5159,5843,6384,5565,1,1,31,3
242,50460485,-377,-3,-43,-106,-445,0,0,1318,104
1,6,-631,631,20,550,2553,1873,769,-11,5341,6090,6022,5423,1,1,31,3
243,50480474,-377,-5,-44,-97,-445,0,0,1319,1041,-30,-630,630,33,550,2522,1830,771,-2,5507,6202,5949,5313,1,1,31,3
244,50500493,-377,-11,-39,-94,-445,0,0,1319,1041,-80,-631,631,-114,550,3051,2348,774,25
,5731,6298,5988,4944,1,1,31,3
245,50520491,-377,-28,-22,-92,-445,0,0,1321,1041,-233,-632,632,-1,551,2626,1951,777,-20,5511,6100,6103,5306,1,1,31,3
246,50540493,-376,-25,-20,-91,-445,0,0,1321,1042,16,-632,632,-17,551,2706,2010,780,1,5372,5940,6186,5326,1,1,31,3
247,5
0560486,-376,-25,-19,-90,-445,0,0,1323,1042,0,-632,632,16,551,2591,1896,783,-5,5356,5835,6290,5401,0,0,7,3
248,50580496,-376,-23,-22,-87,-445,0,0,1323,1042,0,-632,632,14,551,2600,1903,786,-5,5271,5925,6158,5439,1,1,31,3
249,50600494,-375,-20,-27,-83,-445,0,0,1324,1042
,15,-632,632,-5,551,2677,1971,788,5,5356,6073,6080,5383,1,1,31,3
250,50620496,-375,-36,-15,-78,-444,0,0,1325,1043,-223,-632,632,30,551,2551,1846,791,-3,5487,6085,5974,5225,1,1,31,3
251,50640482,-374,-42,-9,-74,-444,0,0,1325,1043,-103,-632,632,16,551,2600,1895,794,-2,
5575,6092,5995,5139,1,1,31,3
252,50660498,-373,-60,8,-75,-444,0,0,1325,1043,-270,-631,631,15,551,2609,1899,796,2,5518,6040,6054,5199,1,1,31,3
253,50680494,-372,-64,16,-74,-443,0,0,1325,1043,-105,-631,631,20,550,2588,1879,799,-2,5502,5999,6134,5264,1,1,31,3
254,50700
502,-371,-67,20,-72,-443,0,0,1326,1043,-96,-631,631,17,550,2601,1888,802,0,5279,5956,6180,5484,1,1,31,3
255,50720498,-369,-69,22,-65,-443,0,0,1326,1043,-92,-631,631,33,550,2547,1830,804,1,5415,5925,6204,5369,1,1,31,3
256,50740504,-368,-66,21,-59,-442,0,0,1327,1043,-39
,-630,631,0,550,2668,1948,807,5,5268,5956,6205,5484,1,1,31,3
257,50760503,-367,-78,30,-49,-442,0,0,1327,1044,-217,-630,630,46,550,2501,1783,810,-6,5386,6079,5994,5367,1,1,31,3
258,50780505,-365,-84,35,-44,-441,0,0,1328,1044,-147,-630,630,-7,550,2692,1972,812,2,5668,6
151,5967,5029,1,1,31,3
259,50800503,-363,-99,50,-44,-441,0,0,1328,1044,-271,-629,629,108,549,2281,1564,815,-18,5620,6044,5936,5156,1,1,31,3
260,50820494,-361,-102,56,-43,-440,0,0,1330,1044,-136,-627,627,91,547,2359,1619,817,5,5659,6020,5975,5091,1,1,31,3
261,
50840506,-359,-109,68,-43,-439,0,0,1330,1044,-195,-627,627,-14,547,2726,1987,820,15,5297,5777,6249,5290,1,1,31,3
262,50860513,-357,-105,65,-42,-439,0,0,1331,1044,-57,-628,628,-41,547,2804,2082,823,-2,5142,5742,6298,5418,1,1,31,3
263,50880505,-355,-93,50,-34,-438,
0,0,1331,1045,51,-627,627,116,546,2256,1527,825,-15,5138,5836,6021,5528,1,1,31,3
264,50900502,-353,-77,25,-22,-437,0,0,1332,1045,102,-625,625,137,545,2191,1449,827,-5,5339,5974,5860,5338,1,1,31,3
265,50920514,-352,-87,26,-19,-437,0,0,1332,1045,-195,-624,624,-42,544,2
833,2078,830,29,5565,6121,5894,4955,1,1,31,3
266,50940519,-350,-97,38,-21,-436,0,0,1333,1045,-217,-624,624,31,544,2545,1815,832,-9,5545,6014,5920,5046,1,1,31,3
267,50960504,-348,-121,70,-27,-435,0,0,1334,1045,-450,-624,624,39,544,2528,1790,835,-3,5668,5850,6101,4948,1
,1,31,3
268,50980521,-346,-111,66,-39,-435,0,0,1333,1045,13,-623,623,95,543,2327,1589,837,-14,5338,5662,6181,5276,1,1,31,3
269,51000521,-343,-86,38,-38,-434,0,0,1333,1045,214,-623,623,-27,543,2770,2020,840,12,5113,5974,6072,5470,1,1,31,3
270,51020523,-342,-78,22,-25,-433,0,0,1332,1045,14,-623,62
3,29,543,2557,1818,843,-8,5117,6022,5953,5508,1,1,31,3
271,51040512,-340,-69,6,-16,-433,0,0,1332,1045,42,-622,622,52,542,2487,1737,845,-2,5500,6016,6072,5275,1,1,31,3
272,51060525,-339,-82,15,-21,-432,0,0,1331,1045,-239,-621,621,51,542,2494,1741,848,-2,5665,6001,6102
,5122,1,1,31,3
273,51080521,-337,-82,18,-33,-432,0,0,1331,1045,0,-621,621,-29,542,2777,2021,850,8,5721,6040,6186,5038,0,0,7,3
274,51100529,-335,-75,11,-46,-431,0,0,1330,1045,0,-622,622,-28,542,2766,2016,853,-2,5498,6018,6181,5240,1,1,31,3
275,51120529,-334,-69,4,-5
2,-431,0,0,1331,1044,0,-623,623,-57,543,2879,2122,856,6,5310,6031,6238,5439,1,1,31,3
276,51140530,-332,-43,-19,-50,-430,0,0,1328,1044,283,-624,624,-43,544,2829,2073,859,-1,5279,6066,6159,5453,1,1,31,3
277,51160532,-332,-24,-43,-48,-430,0,0,1328,1044,195,-624,624,31,54
4,2578,1816,862,-6,5444,6039,6264,5497,1,1,31,3
278,51180533,-331,-17,-57,-49,-430,0,0,1326,1044,63,-623,624,-9,544,2725,1956,865,2,5548,6150,6195,5358,1,1,31,3
279,51200533,-331,-18,-60,-58,-430,0,0,1325,1043,-33,-624,624,-18,544,2760,1989,867,0,5770,6152,6276,5201
,1,1,31,3
280,51220524,-330,-20,-60,-73,-430,0,0,1323,1042,-40,-624,624,16,544,2642,1870,870,-8,5819,6197,6215,5197,1,1,31,3
281,51240535,-330,-15,-65,-88,-430,0,0,1322,1042,38,-624,624,-25,544,2804,2017,873,7,5644,6129,6368,5372,1,1,31,3
282,51260538,-330,-12,-60,-100,-43
0,0,0,1320,1041,22,-625,625,-42,545,2860,2074,876,1,5514,6189,6344,5509,1,1,31,3
283,51280534,-329,-5,-59,-103,-430,0,0,1320,1040,84,-626,626,-17,546,2776,1991,879,-8,5483,6087,6464,5602,1,1,31,3
284,51300539,-329,20,-83,-104,-430,0,0,1318,1040,438,-626,626,
-26,546,2823,2023,882,4,5466,6192,6383,5619,1,1,31,3
285,51320540,-330,28,-97,-102,-430,0,0,1317,1039,117,-626,626,26,546,2644,1842,884,-5,5523,6164,6364,5609,1,1,31,3
286,51340541,-330,25,-97,-103,-430,0,0,1316,1039,-14,-626,626,-19,546,2816,2002,887,8,5705,6261,635
0,5420,1,1,31,3
287,51360544,-331,20,-94,-109,-431,0,0,1314,1038,-37,-626,626,23,546,2661,1852,890,-7,5820,6241,6299,5315,1,1,31,3
288,51380543,-331,15,-90,-118,-431,0,0,1315,1038,-41,-626,626,-1,546,2760,1937,892,5,5932,6258,6343,5212,1,1,31,3
289,51400545,-332,5,-7
9,-129,-431,0,0,1314,1038,-113,-627,627,-74,547,3008,2193,895,-1,5548,6216,6354,5434,1,1,31,3
290,51420548,-332,29,-98,-133,-432,0,0,1314,1037,432,-627,627,70,547,2510,1690,898,-13,5522,5975,6450,5578,1,1,31,3
291,51440548,-332,33,-107,-134,-432,0,0,1313,1038,74,-627
,627,1,547,2773,1931,901,13,5276,6029,6369,5658,1,1,31,3
292,51460538,-333,36,-113,-132,-432,0,0,1314,1038,71,-627,627,-37,547,2901,2065,903,7,5471,6128,6329,5455,1,1,31,3
293,51480550,-334,32,-111,-133,-433,0,0,1313,1038,-16,-628,628,23,548,2676,1856,906,-16,5607,609
5,6180,5256,1,1,31,3
294,51500542,-334,27,-108,-139,-433,0,0,1315,1038,-33,-627,628,33,547,2656,1821,909,-2,5768,6122,6184,5136,1,1,31,3
295,51520553,-335,25,-104,-150,-434,0,0,1315,1039,0,-626,626,45,546,2620,1779,911,1,5605,6158,6051,5221,1,1,31,3
296,51540553,-335
,22,-101,-151,-434,0,0,1316,1039,-4,-625,625,5,545,2762,1915,914,9,5411,6063,6158,5351,1,1,31,3
297,51560553,-336,22,-99,-150,-435,0,0,1316,1040,21,-626,626,-61,546,2985,2147,917,5,5157,5867,6352,5486,1,1,31,3
298,51580545,-336,23,-97,-150,-435,0,0,1318,1040,34,-627,
627,-17,547,2832,1996,920,-1,5346,5831,6337,5327,1,1,31,3
299,51600553,-337,23,-96,-155,-436,0,0,1319,1041,0,-627,627,82,547,2473,1646,922,-22,5497,5862,6106,5164,0,0,7,3
300,51620561,-337,21,-94,-158,-436,0,0,1321,1042,0,-626,626,-10,546,2828,1972,925,19,5580,
6063,5983,4972,1,1,31,3
301,51640559,-338,5,-78,-160,-437,0,0,1322,1042,-174,-625,625,50,545,2592,1755,928,-9,5455,6072,5844,5094,1,1,31,3
302,51660561,-338,-8,-64,-159,-437,0,0,1323,1043,-152,-625,625,-22,545,2853,2008,930,9,5492,6045,5923,4969,1,1,31,3
303,51680562,-337,-17,-
53,-159,-437,0,0,1325,1043,-113,-624,624,30,544,2659,1823,933,-8,5275,5777,6116,5213,1,1,31,3
304,51700549,-337,-22,-43,-157,-437,0,0,1327,1044,-88,-624,625,-63,545,2994,2151,936,11,5218,5804,6142,5147,1,1,31,3
305,51720567,-337,-22,-38,-155,-437,0,0,1327,10
45,-20,-625,625,85,545,2452,1626,939,-26,5142,5524,6231,5318,1,1,31,3
306,51740564,-336,-33,-28,-153,-437,0,0,1328,1045,-158,-625,625,-45,545,2941,2088,941,18,5209,5760,6143,5142,1,1,31,3
307,51760567,-336,-42,-27,-151,-437,0,0,1329,1046,-145,-624,624,67,544,2525,1691
,944,-16,5373,5901,5895,5090,1,1,31,3
308,51780570,-335,-60,-20,-141,-437,0,0,1330,1046,-266,-624,624,7,544,2755,1904,946,9,5267,6158,5711,5148,1,1,31,3
309,51800571,-334,-57,-18,-123,-437,0,0,1330,1046,-19,-623,623,34,543,2650,1805,949,-2,5327,5979,5832,5084,1,1,31,3

310,51820569,-332,-67,-9,-110,-437,0,0,1332,1047,-185,-622,623,4,543,2756,1909,952,3,5358,5860,6036,5084,1,1,31,3
311,51840573,-331,-87,16,-110,-437,0,0,1332,1047,-326,-623,623,-27,543,2861,2019,954,0,5418,5618,6287,4977,1,1,31,3
312,51860573,-329,-95,34,-115,-436,
0,0,1333,1047,-184,-623,623,-18,543,2835,1987,957,3,5307,5672,6283,5151,1,1,31,3
313,51880575,-327,-103,47,-116,-436,0,0,1332,1047,-197,-623,623,-19,544,2838,1989,960,1,5227,5716,6184,5174,1,1,31,3
314,51900577,-325,-94,38,-104,-436,0,0,1332,1047,13,-623,624,27,544,26
80,1830,963,-7,5143,6076,5871,5390,1,1,31,3
315,51920581,-323,-69,6,-79,-435,0,0,1332,1047,267,-623,623,6,543,2764,1904,965,3,5163,6171,5766,5315,1,1,31,3
316,51940581,-322,-61,-12,-52,-435,0,0,1333,1046,41,-623,623,-29,543,2888,2026,968,7,5326,6184,5844,5176,1,1,31,
3
317,51960578,-321,-85,7,-42,-435,0,0,1331,1046,-602,-624,624,1,544,2773,1921,971,-11,5473,5754,6228,5045,1,1,31,3
318,51980581,-319,-110,42,-51,-434,0,0,1332,1046,-471,-623,624,32,544,2681,1814,974,-2,5624,5661,6408,5029,1,1,31,3
319,52000583,-317,-101,42,-67,-433
,0,0,1330,1045,0,-624,624,-47,544,2963,2093,976,7,5558,5719,6422,5019,1,1,31,3
320,52020586,-315,-100,41,-75,-433,0,0,1330,1045,-89,-625,625,-44,545,2946,2081,979,-3,5193,6080,6120,5451,1,1,31,3
321,52040584,-313,-76,10,-64,-432,0,0,1328,1045,502,-625,625,50,545,2628,1753,982
,-10,5272,6196,5881,5418,1,1,31,3
322,52060586,-311,-71,-5,-43,-432,0,0,1328,1045,-15,-625,625,15,545,2755,1874,985,-2,5308,6269,5926,5432,1,1,31,3
323,52080589,-310,-90,13,-28,-432,0,0,1327,1045,-312,-625,625,-88,545,3131,2240,988,19,5526,6041,6227,5088,1,1,31,3
32
4,52100592,-308,-111,43,-36,-431,0,0,1326,1044,-358,-626,626,-19,546,2882,1998,990,-2,5743,5755,6513,5003,1,1,31,3
325,52120586,-306,-111,52,-57,-430,0,0,1324,1044,0,-626,626,-21,546,2894,2004,993,0,5649,5758,6514,5095,0,0,7,3
326,52140591,-304,-102,43,-68,-430,0,0,1
324,1043,0,-628,628,-179,548,3461,2565,997,20,5344,6162,6355,5345,1,1,31,3
327,52160596,-302,-76,10,-58,-429,0,0,1322,1043,466,-630,630,-84,549,3126,2237,1000,-6,5202,6405,5991,5544,1,1,31,3
328,52180596,-300,-50,-25,-32,-429,0,0,1321,1042,534,-631,631,41,550,2693,18
00,1003,-20,5328,6305,6047,5603,1,1,31,3
329,52200597,-299,-47,-39,-17,-429,0,0,1320,1042,-12,-630,630,-70,550,3122,2195,1005,23,5556,6184,6248,5228,1,1,31,3
330,52220594,-298,-72,-20,-28,-428,0,0,1320,1041,-728,-631,631,14,550,2805,1898,1008,-11,5821,5840,6539,5078,1
,1,31,3
331,52240599,-297,-97,18,-56,-428,0,0,1319,1041,-644,-631,631,8,550,2835,1918,1011,-5,5753,5873,6525,5147,1,1,31,3
332,52260595,-295,-116,52,-75,-427,0,0,1319,1040,-328,-632,632,-133,551,3353,2421,1014,21,5529,6016,6519,5236,1,1,31,3
333,52280602,-293,-91,3
3,-75,-426,0,0,1317,1040,710,-635,635,-106,554,3241,2326,1018,-6,5171,6303,6207,5628,1,1,31,3
334,52300597,-291,-66,0,-54,-426,0,0,1317,1040,676,-637,637,-65,555,3111,2192,1021,-10,5292,6341,6151,5557,1,1,31,3
335,52320604,-289,-62,-14,-30,-426,0,0,1315,104
0,-14,-637,637,-7,555,2934,1992,1024,3,5432,6343,6106,5468,1,1,31,3
336,52340588,-288,-87,7,-22,-425,0,0,1315,1039,-425,-636,636,48,555,2740,1795,1026,-3,5680,6110,6300,5283,1,1,31,3
337,52360603,-287,-111,43,-35,-425,0,0,1314,1039,-571,-637,637,-152,556,3457,2504,10
29,23,5858,5888,6715,4920,1,1,31,3
338,52380602,-284,-103,44,-63,-424,0,0,1314,1039,0,-640,640,-41,558,3039,2112,1033,-20,5662,5804,6623,5161,1,1,31,3
339,52400608,-282,-78,17,-76,-423,0,0,1313,1039,400,-640,640,-50,558,3108,2151,1035,9,5275,6138,6310,5532,1,1,31,3

340,52420603,-281,-53,-14,-70,-423,0,0,1313,1039,637,-642,642,-154,560,3481,2522,1039,18,5167,6269,6249,5513,1,1,31,3
341,52440597,-280,-29,-46,-59,-423,0,0,1313,1039,337,-643,643,-55,561,3117,2176,1042,-14,5243,6285,6140,5536,1,1,31,3
342,52460612,-279,-31,-54,-53,-423,0,0
,1313,1039,-54,-644,644,-15,561,2997,2038,1045,-1,5622,6152,6225,5173,1,1,31,3
343,52480614,-278,-55,-32,-61,-422,0,0,1314,1039,-406,-643,643,54,561,2752,1796,1048,-14,5672,5822,6439,5136,1,1,31,3
344,52500612,-277,-51,-25,-80,-422,0,0,1
316,1039,-2,-643,643,-2,560,2975,1994,1050,16,5681,5693,6556,4997,1,1,31,3
345,52520617,-276,-55,-16,-99,-422,0,0,1316,1040,-101,-643,643,-15,561,3001,2035,1053,-2,5424,5796,6339,5126,1,1,31,3
346,52540616,-275,-51,-15,-108,-422,0,0,1317,1040,0,-644,644,-88,562,3269,2
298,1056,9,5223,6106,6103,5261,1,1,31,3
347,52560617,-274,-26,-37,-94,-421,0,0,1317,1041,692,-644,644,61,561,2736,1772,1059,-14,5042,6091,5930,5536,1,1,31,3
348,52580620,-274,-7,-61,-73,-421,0,0,1317,1041,220,-644,644,-19,561,3030,2055,1062,5,5289,6076,6080,5268,1,1,
31,3
349,52600609,-274,-17,-58,-69,-421,0,0,1318,1041,-138,-644,644,-52,562,3146,2170,1065,9,5480,5982,6205,5046,1,1,31,3
350,52620623,-273,-42,-33,-86,-421,0,0,1318,1041,-516,-645,645,2,562,2941,1979,1068,-14,5694,5678,6492,4923,1,1,31,3
351,52640617,-272,-42,-23,-1
08,-421,0,0,1319,1041,0,-645,645,-50,562,3155,2167,1071,15,5529,5814,6383,5002,0,0,7,3
352,52660622,-272,-68,5,-121,-421,0,0,1320,1041,-701,-646,646,-116,563,3379,2402,1074,8,5354,5975,6288,5126,1,1,31,3
353,52680626,-270,-42,-7,-124,-420,0,0,1320,1041,600,-648,648,-
123,565,3401,2432,1077,-2,5116,6083,6167,5340,1,1,31,3
354,52700613,-269,-16,-34,-114,-420,0,0,1321,1042,390,-649,649,37,566,2843,1869,1080,-16,5261,6023,6075,5336,1,1,31,3
355,52720630,-269,-14,-44,-101,-420,0,0,1321,1042,14,-648,648,42,565,2847,1855,1083,0,5201,5901
,6172,5369,1,1,31,3
356,52740630,-269,-31,-29,-95,-420,0,0,1323,1042,-230,-649,649,-124,566,3436,2438,1086,25,5342,5957,6275,5076,1,1,31,3
357,52760632,-268,-57,1,-106,-420,0,0,1324,1043,-496,-650,650,13,567,2929,1958,1089,-21,5594,5629,6395,4883,1,1,31,3
358,527806
36,-267,-82,37,-123,-419,0,0,1323,1043,-450,-650,650,-16,566,3057,2062,1092,6,5552,5852,6207,4892,1,1,31,3
359,52800633,-265,-76,40,-131,-419,0,0,1324,1043,-6,-649,650,12,566,2954,1963,1095,-3,5596,5971,6136,4952,1,1,31,3
360,52820633,-264,-59,22,-127,-418,0
,0,1323,1043,128,-651,651,-124,567,3435,2445,1098,9,5299,6137,6095,5120,1,1,31,3
361,52840622,-263,-55,11,-120,-418,0,0,1324,1043,-4,-652,652,-99,569,3344,2360,1101,-2,5322,6161,6152,5226,1,1,31,3
362,52860635,-262,-49,4,-110,-417,0,0,1322,1043,24,-653,653,-51,569,3188,2195
,1104,-2,5239,5983,6239,5300,1,1,31,3
363,52880640,-261,-62,15,-103,-417,0,0,1324,1043,-221,-653,654,54,570,2813,1824,1107,-21,5273,5565,6614,5420,1,1,31,3
364,52900637,-259,-87,50,-106,-416,0,0,1324,1043,-395,-653,653,-41,570,3182,2161,1110,21,5490,5709,6455,4993,1,
1,31,3
365,52920640,-258,-102,77,-116,-415,0,0,1324,1044,-280,-654,655,22,571,2932,1939,1113,-19,5516,5772,6338,5046,1,1,31,3
366,52940642,-256,-90,65,-114,-415,0,0,1323,1044,57,-655,655,-113,571,34
40,2422,1116,22,5372,6168,6059,5040,1,1,31,3
367,52960645,-254,-86,53,-102,-414,0,0,1324,1044,-42,-656,656,-5,572,3038,2038,1119,-13,5541,6235,5983,5073,1,1,31,3
368,52980645,-252,-79,40,-91,-413,0,0,1324,1044,0,-656,656,-58,572,3242,2230,1122,4,5482,6063,6207,5076,1,
1,31,3
369,53000643,-250,-84,43,-88,-412,0,0,1324,1044,-134,-657,657,-29,573,3143,2129,1125,-2,5483,5866,6397,5121,1,1,31,3
370,53020646,-249,-96,58,-96,-412,0,0,1323,1043,-241,-658,658,-134,574,3536,2504,1128,27,5442,5610,6733,5035,1,1,31,3
371,53040649,-247,-85,51
,-108,-411,0,0,1323,1043,44,-660,660,-29,576,3133,2134,1132,-25,5304,5602,6680,5325,1,1,31,3
372,53060652,-245,-80,40,-112,-410,0,0,1322,1043,-21,-660,660,-2,576,3078,2046,1135,3,5257,5986,6210,5314,1,1,31,3
373,53080651,-244,-75,29,-103,-409,0,0,1322,1043,-24,-661,66
1,2,576,3057,2033,1138,-8,5423,6175,6107,5245,1,1,31,3
374,53100652,-242,-72,19,-93,-409,0,0,1321,1043,-36,-663,663,-173,578,3681,2652,1141,13,5533,6229,6204,4957,1,1,31,3
375,53120651,-241,-67,12,-95,-408,0,0,1321,1043,0,-664,664,-61,579,3282,2263,1145,-13,5744,6033
,6348,4903,1,1,31,3
376,53140656,-239,-61,5,-108,-408,0,0,1320,1043,0,-664,664,-19,579,3163,2118,1148,5,5422,5758,6599,5265,1,1,31,3
377,53160650,-238,-61,4,-119,-407,0,0,1320,1042,0,-666,666,-85,581,3392,2353,1151,1,5303,5785,6661,5352,0,0,7,3
378,53180659,-237,-68,
13,-125,-406,0,0,1319,1042,-138,-668,668,-103,583,3467,2421,1154,6,5239,6016,6443,5389,1,1,31,3
379,53200659,-235,-42,-7,-123,-406,0,0,1318,1042,331,-671,671,-44,585,3250,2219,1158,-20,5483,5917,6539,5258,1,1,31,3
380,53220658,-235,-35,-20,-120,-405,0,0,1317,1042,38,-673,67
3,-137,587,3608,2554,1161,11,5427,6159,6421,5248,1,1,31,3
381,53240664,-234,-35,-26,-120,-405,0,0,1317,1041,-33,-674,674,-99,588,3476,2427,1165,-3,5619,6164,6407,5116,1,1,31,3
382,53260665,-233,-32,-28,-127,-405,0,0,1315,1041,0,-675,675,-8,588,3169,2109,1168,
-8,5660,6069,6377,5113,1,1,31,3
383,53280649,-233,-30,-29,-133,-404,0,0,1315,1041,0,-676,676,-130,590,3611,2544,1171,9,5583,6072,6552,5135,1,1,31,3
384,53300667,-232,-39,-19,-145,-404,0,0,1314,1041,-143,-678,678,-139,592,3646,2580,1175,2,5498,5962,6617,5156,1,1,31,3

385,53320667,-231,-14,-37,-153,-404,0,0,1314,1041,381,-681,681,-135,594,3638,2572,1178,-1,5381,5978,6628,5304,1,1,31,3
386,53340667,-231,-3,-52,-153,-404,0,0,1313,1041,117,-682,682,-17,595,3230,2163,1182,-17,5122,6112,6373,5657,1,1,31,3
387,53360669,-231,17,-61,-139,
-403,0,0,1313,1041,257,-684,684,-67,596,3426,2345,1185,-1,5331,6180,6351,5392,1,1,31,3
388,53380669,-231,12,-60,-135,-403,0,0,1311,1040,-47,-684,685,9,597,3163,2080,1188,-9,5611,6003,6440,5162,1,1,31,3
389,53400670,-231,-13,-53,-141,-403,0,0,1311,1040,-482,-686,686,-
65,598,3428,2343,1192,-3,5639,6034,6548,5133,1,1,31,3
390,53420674,-231,-12,-46,-152,-403,0,0,1311,1040,0,-686,686,-70,598,3463,2363,1195,8,5750,6057,6500,4978,1,1,31,3
391,53440673,-231,-11,-42,-163,-403,0,0,1311,1039,0,-688,688,-179,600,3853,2752,1198,15,5558,6068
,6597,5072,1,1,31,3
392,53460676,-231,-4,-43,-166,-403,0,0,1309,1039,72,-691,691,-81,603,3495,2411,1202,-19,5052,6034,6507,5644,1,1,31,3
393,53480672,-231,-4,-43,-150,-403,0,0,1310,1039,0,-692,692,-14,603,3285,2181,1205,-8,5050,6064,6459,5738,1,1,31,3
394,53500676,-
231,5,-46,-137,-403,0,0,1309,1039,111,-692,692,57,603,3047,1933,1208,-7,5431,5918,6488,5366,1,1,31,3
395,53520677,-231,-19,-28,-133,-403,0,0,1310,1040,-351,-693,693,-117,604,3672,2549,1211,17,5464,6029,6554,5179,1,1,31,3
396,53540679,-230,-44,2,-139,-402,0,0,1310,10
40,-335,-695,695,-98,606,3588,2486,1215,-9,5691,6060,6465,4940,1,1,31,3
397,53560678,-229,-61,24,-144,-402,0,0,1311,1040,-255,-694,694,78,605,2980,1870,1218,-22,5584,6065,6284,5191,1,1,31,3
398,53580681,-228,-58,29,-138,-402,0,0,1310,1040,-23,-692,692,19,604,3218,2076
,1221,14,5527,6091,6266,5131,1,1,31,3
399,53600686,-227,-51,25,-127,-401,0,0,1310,1040,32,-694,694,-164,605,3849,2716,1224,21,5206,6126,6455,5342,1,1,31,3
400,53620669,-226,-50,24,-117,-401,0,0,1310,1040,-46,-696,696,-43,607,3408,2293,1228,-14,5338,5943,6508,5314,
1,1,31,3
401,53640676,-225,-61,33,-107,-400,0,0,1311,1040,-185,-696,696,43,607,3120,1993,1231,-13,5201,5890,6525,5566,1,1,31,3
402,53660687,-224,-85,64,-101,-399,0,0,1311,1040,-372,-695,695,-16,606,3350,2202,1234,11,5395,5933,6457,5226,1,1,31,3
403,53680686,-222,-98
,83,-98,-399,0,0,1311,1040,-248,-695,695,18,606,3213,2081,1237,-10,5591,6056,6315,5084,1,1,31,3
404,53700684,-220,-98,85,-90,-398,0,0,1312,1040,0,-693,694,76,605,3028,1879,1239,-1,5612,6035,6229,5052,0,0,7,3
405,53720688,-218,-105,88,-84,-397,0,0,1312,1040,-182,-693,694,-90,605,3616,2459,1243,22,5
541,6170,6268,4987,1,1,31,3
406,53740693,-216,-96,79,-76,-396,0,0,1313,1040,6,-695,695,-59,606,3486,2350,1246,-5,5463,6075,6328,5100,1,1,31,3
407,53760690,-214,-93,74,-69,-395,0,0,1313,1040,-58,-695,696,-3,606,3292,2157,1249,-16,5103,5921,6416,5494,1,1,31,3
408,5378
0683,-212,-91,73,-64,-395,0,0,1313,1041,-76,-695,695,-3,606,3312,2156,1252,2,5141,5743,6599,5452,1,1,31,3
409,53800690,-211,-109,96,-55,-394,0,0,1313,1041,-313,-695,695,65,606,3061,1915,1255,-17,5022,5756,6466,5584,1,1,31,3
410,53820699,-208,-121,114,-45,-39
3,0,0,1314,1041,-251,-695,695,-14,606,3362,2195,1258,14,5384,5922,6379,5142,1,1,31,3
411,53840693,-206,-135,130,-38,-392,0,0,1314,1042,-300,-694,694,34,605,3185,2025,1261,-1,5519,6071,6138,5009,1,1,31,3
412,53860700,-203,-138,133,-30,-391,0,0,1315,1042,-175,-694,694,
0,605,3298,2142,1264,-3,5609,6119,6115,4884,1,1,31,3
413,53880694,-200,-133,124,-25,-389,0,0,1315,1042,-65,-695,695,-116,606,3725,2554,1267,23,5472,6185,6224,4970,1,1,31,3
414,53900703,-198,-114,101,-14,-388,0,0,1315,1042,101,-696,696,34,607,3166,2024,1271,-26,5139,58
03,6459,5451,1,1,31,3
415,53920701,-195,-94,74,-6,-387,0,0,1315,1042,138,-695,695,51,606,3137,1967,1273,-4,5067,5747,6524,5547,1,1,31,3
416,53940701,-194,-87,61,0,-387,0,0,1314,1042,-5,-694,694,76,605,3050,1877,1276,-5,5042,5778,6470,5596,1,1,31,3
417,53960701,-192,-
91,62,2,-386,0,0,1314,1042,-142,-694,694,-45,605,3479,2301,1279,11,5327,5933,6475,5243,1,1,31,3
418,53980706,-190,-116,89,-2,-385,0,0,1314,1042,-468,-695,695,-34,606,3438,2263,1282,3,5565,6081,6317,5018,1,1,31,3
419,54000710,-188,-135,116,-12,-384,0,0,1316,1042,-358,
-696,696,-31,607,3425,2253,1286,-3,5701,6195,6243,4928,1,1,31,3
420,54020709,-185,-124,109,-17,-383,0,0,1314,1041,11,-695,695,38,606,3191,2014,1289,-10,5755,6054,6248,4863,1,1,31,3
421,54040710,-183,-101,83,-18,-382,0,0,1315,1041,159,-696,696,-64,607,3563,2372,1292
,12,5225,6076,6420,5390,1,1,31,3
422,54060714,-181,-88,63,-11,-381,0,0,1313,1041,73,-696,696,53,607,3140,1961,1295,-19,5002,5746,6609,5694,1,1,31,3
423,54080713,-179,-76,47,-3,-380,0,0,1313,1041,60,-695,695,11,606,3314,2108,1298,10,5067,5864,6613,5661,1,1,31,3
424,5
4100698,-177,-81,48,0,-379,0,0,1312,1040,-138,-695,695,-44,606,3506,2300,1301,11,5350,6022,6547,5367,1,1,31,3
425,54120719,-176,-94,64,-5,-378,0,0,1311,1040,-246,-697,697,-103,607,3711,2510,1304,6,5672,6241,6406,5015,1,1,31,3
426,54140717,-174,-106,82,-11,-377,0,0,1311,1039,-242,-698,698,-80,609,
3631,2434,1308,-5,5654,6307,6338,5074,1,1,31,3
427,54160718,-172,-95,76,-17,-376,0,0,1311,1039,23,-699,699,15,610,3301,2102,1311,-17,5605,6095,6461,5209,1,1,31,3
428,54180721,-170,-74,51,-17,-375,0,0,1309,1039,176,-699,699,-77,610,3660,2432,1314,16,5301,6060,6554,5381
,1,1,31,3
429,54200723,-168,-66,36,-17,-375,0,0,1308,1039,32,-700,700,-12,611,3410,2202,1317,-14,5355,5985,6642,5471,1,1,31,3
430,54220717,-167,-66,
33,-17,-374,0,0,1307,1039,0,-700,700,20,611,3315,2093,1321,-7,5336,6000,6619,5532,0,0,7,3
431,54240724,-166,-60,25,-20,-373,0,0,1307,1038,7,-701,701,-93,611,3725,2490,1324,13,5479,6169,6585,5308,1,1,31,3
432,54260724,-164,-56,16,-23,-373,0,0,1306,1038,-11,-702,702,-24
,612,3472,2248,1327,-9,5504,6274,6355,5291,1,1,31,3
433,54280727,-163,-53,10,-25,-372,0,0,1305,1038,-24,-702,702,27,612,3306,2073,1330,-9,5563,6186,6408,5286,1,1,31,3
434,54300729,-162,-43,1,-28,-372,0,0,1305,1038,64,-701,701,19,611,3351,2101,1333,5,5571,6197,6459,53
16,1,1,31,3
435,54320729,-161,-36,-4,-37,-371,0,0,1304,1037,54,-701,701,81,611,3120,1879,1336,-15,5481,5871,6688,5431,1,1,31,3
436,54340732,-161,-28,-8,-46,-371,0,0,1304,1037,55
,-700,700,-50,611,3603,2339,1339,18,5254,5912,6803,5559,1,1,31,3
437,54360732,-160,-32,-3,-53,-370,0,0,1303,1037,-78,-700,700,24,611,3332,2078,1342,-4,5468,5947,6705,5425,1,1,31,3
438,54380733,-159,-22,-10,-57,-370,0,0,1302,1037,96,-701,701,-31,611,3530,2271,1345,2,54
28,6314,6408,5430,1,1,31,3
439,54400736,-159,-16,-18,-56,-370,0,0,1301,1037,51,-701,701,14,611,3370,2112,1348,-7,5700,6366,6297,5184,1,1,31,3
440,54420733,-159,-15,-24,-53,-370,0,0,1301,1036,1,-699,699,81,610,3143,1876,1351,-7,5640,6326,6317,5344,1,1,31,3
441,54440736,-158
,-10,-26,-55,-369,0,0,1301,1036,39,-698,698,29,609,3331,2056,1354,2,5645,6087,6555,5238,1,1,31,3
442,54460738,-158,-18,-16,-66,-369,0,0,1301,1036,-103,-698,698,-27,609,3541,2253,1357,16,5421,5868,6826,5403,1,1,31,3
443,54480727,-158,-11,-14,-76,-369,0,0,1300,1036,63,-
698,698,45,609,3268,1995,1360,-9,5304,5705,6867,5543,1,1,31,3
444,54500729,-158,-16,-10,-82,-369,0,0,1300,1036,-74,-698,698,38,608,3303,2020,1363,-1,5223,5978,6666,5678,1,1,31,3
445,54520742,-157,-3,-22,-78,-369,0,0,1300,1036,149,-697,697,47,608,3276,1989,1365,1,5490,
6297,6288,5366,1,1,31,3
446,54540740,-157,-3,-27,-69,-368,0,0,1300,1036,0,-696,696,107,607,3055,1774,1368,-13,5696,6422,6139,5252,1,1,31,3
447,54560742,-157,-18,-17,-65,-368,0,0,1300,1036,-198,-693,693,96,605,3104,1807,1371,0,5719,6105,6431,5178,1,1,31,3
448,545807
42,-157,-15,-15,-72,-368,0,0,1301,1035,29,-692,692,71,603,3199,1890,1373,11,5845,5981,6614,5061,1,1,31,3
449,54600735,-156,-9,-16,-86,-368,0,0,1300,1035,60,-692,692,37,603,3299,2003,1376,-5,5308,5725,6824,5499,1,1,31,3
450,54620748,-156,-20,-7,-96,-368,0,0,1300,1036,
-155,-690,690,88,602,3135,1825,1379,3,5147,5788,6732,5717,1,1,31,3
451,54640749,-156,-4,-19,-93,-368,0,0,1300,1036,189,-689,689,94,601,3105,1798,1381,-3,5323,6113,6344,5495,1,1,31,3
452,54660748,-156,-6,-24,-81,-368,0,0,1301,1036,-25,-687,687,198,599,2725,1426,1384,
-21,5495,6129,6257,5452,1,1,31,3
453,54680753,-156,-15,-17,-73,-368,0,0,1301,1036,-129,-681,681,214,594,2693,1362,1385,10,5755,6119,6217,5159,1,1,31,3
454,54700753,-155,-39,5,-79,-368,0,0,1302,1036,-320,-677,677,194,591,2737,1415,1387,1,5806,5934,6464,5147,1,1,31,3

455,54720756,-155,-64,36,-91,-368,0,0,1301,1036,-424,-676,676,20,590,3351,2019,1390,23,5646,5859,6629,5072,1,1,31,3
456,54740747,-153,-64,45,-101,-367,0,0,1302,1036,0,-675,675,166,589,2803,1498,1392,-19,5597,5747,6661,5331,0,0,7,3
457,54760754,-152,-58,40,-101,-367,0,
0,1302,1036,0,-672,672,240,586,2555,1236,1394,-15,5100,5921,6373,5845,1,1,31,3
458,54780758,-151,-32,13,-75,-367,0,0,1303,1037,543,-668,668,176,582,2795,1453,1396,13,5110,6180,6173,5767,1,1,31,3
459,54800759,-150,-7,-22,-48,-367,0,0,1303,1037,359,-664,664,290,579,2356
,1034,1398,-18,5304,6010,6161,5623,1,1,31,3
460,54820750,-150,-32,-13,-41,-367,0,0,1304,1037,-704,-661,661,193,576,2707,1366,1399,9,5741,5936,6361,5127,1,1,31,3
461,54840761,-150,-57,12,-58,-367,0,0,1304,1037,-926,-657,657,198,573,2686,1340,1401,12,6037,5774,6466,
4785,1,1,31,3
462,54860764,-148,-83,44,-85,-366,0,0,1306,1037,-772,-655,655,129,571,2906,1572,1403,5,5870,5815,6505,4915,1,1,31,3
463,54880765,-147,-90,61,-103,-366,0,0,1306,1038,-173,-651,651,343,567,2122,806,1405,-35,5464,5759,6290,5465,1,1,31,3
464,54900764,-145,-
65,35,-98,-366,0,0,1307,1038,693,-645,645,299,562,2301,949,1406,7,5215,5924,6203,5697,1,1,31,3
465,54920765,-144,-40,6,-73,-366,0,0,1307,1038,618,-639,640,251,558,2453,1100,1408,11,5062,6039,6089,5770,1,1,31,3
466,54940767,-143,-21,-21,-51,-366,0,0,1308,1039,195,-637,637,196,555,2620,1280,1409,1,
5322,5907,6309,5510,1,1,31,3
467,54960755,-142,-46,-9,-47,-366,0,0,1308,1039,-693,-633,633,292,552,2272,933,1411,-9,5659,5768,6322,5230,1,1,31,3
468,54980768,-141,-71,17,-64,-366,0,0,1309,1039,-739,-626,626,393,546,1910,562,1412,-11,6043,5704,6331,4984,1,1,31,3
469,
55000771,-140,-70,23,-90,-366,0,0,1309,1039,-60,-619,619,300,540,2232,870,1413,11,5876,5794,6264,5005,1,1,31,3
470,55020756,-139,-45,3,-102,-366,0,0,1310,1039,266,-614,615,263,536,2328,979,1414,-1,5549,5899,6243,5363,1,1,31,3
471,55040773,-138,-21,-27,-103,-366,0,0,13
09,1039,282,-610,610,286,532,2236,883,1416,-1,5339,5963,6172,5616,1,1,31,3
472,55060777,-137,-19,-37,-92,-366,0,0,1310,1039,0,-605,605,361,527,1964,605,1416,-3,5252,5911,6183,5805,1,1,31,3
473,55080775,-137,-19,-38,-78,-367,0,0,1310,1039,-16,-598,598,407,52
2,1785,428,1417,-10,5421,5712,6293,5641,1,1,31,3
474,55100774,-137,-32,-24,-76,-367,0,0,1311,1039,-188,-592,592,348,516,1981,616,1418,2,5657,5720,6360,5376,1,1,31,3
475,55120778,-136,-34,-18,-87,-367,0,0,1311,1039,-51,-585,585,393,510,1793,435,1419,-11,5845,5784,6233,
5224,1,1,31,3
476,55140781,-135,-43,-9,-97,-368,0,0,1312,1039,-152,-578,578,303,504,2110,733,1420,18,5774,5960,6131,5203,1,1,31,3
477,55160780,-134,-18,-27,-97,-368,0,0,1312,1039,303,-574,574,268,500,2201,835,1421,6,5638,6100,6011,5311,1,1,31,3
478,55180781,-134,1,-5
0,-84,-368,0,0,1312,1039,228,-567,567,454,494,1511,163,1421,-31,5350,5903,6080,5836,1,1,31,3
479,55200786,-134,2,-52,-71,-369,0,0,1312,1039,7,-561,561,270,489,2181,794,1422,27,5239,5792,6357,5758,1,1,31,3
480,55220786,-134,-16,-38,-68,-369,0,0,1312,1039,-227,-557,557,228,48
6,2281,923,1423,-1,5609,5665,6537,5389,1,1,31,3
481,55240787,-134,-15,-32,-79,-369,0,0,1313,1039,0,-551,551,355,480,1821,464,1424,-15,5847,5803,6246,5241,1,1,31,3
482,55260776,-133,-15,-30,-90,-370,0,0,1313,1039,0,-543,543,362,474,1797,419,1425,4,5868,5939,6121,5243,0
,0,7,3
483,55280778,-133,-25,-20,-91,-370,0,0,1313,1039,-134,-537,537,247,469,2179,801,1426,14,5545,6099,6063,5466,1,1,31,3
484,55300787,-133,-4,-37,-85,-370,0,0,1313,1039,230,-533,533,290,465,2000,632,1427,-2,5578,6029,6120,5515,1,1,31,3
485,55320791,-133
,22,-48,-73,-371,0,0,1314,1039,329,-528,528,292,460,1989,614,1428,3,5404,5911,6236,5693,1,1,31,3
486,55340774,-133,22,-56,-69,-371,0,0,1314,1039,24,-525,525,182,458,2367,987,1429,17,5421,5803,6385,5517,1,1,31,3
487,55360796,-133,-3,-41,-70,-372,0,0,1314,1039,-315,-52
0,520,393,454,1579,229,1430,-36,5495,5623,6357,5651,1,1,31,3
488,55380791,-133,-20,-25,-73,-372,0,0,1314,1039,-202,-511,511,446,446,1415,29,1430,-4,5676,5743,6174,5494,1,1,31,3
489,55400800,-133,-28,-8,-74,-373,0,0,1316,1039,-129,-504,504,294,440,1928,538,1430,14,5691
,5979,6074,5344,1,1,31,3
490,55420792,-132,-31,-3,-71,-373,0,0,1316,1039,-57,-499,499,254,435,2037,659,1431,5,5718,6098,5959,5263,1,1,31,3
491,55440796,-132,-30,-5,-67,-373,0,0,1316,1039,-24,-495,495,171,432,2313,932,1432,14,5687,6100,6029,5222,1,1,31,3
492,55460783,
-131,-27,-9,-64,-373,0,0,1316,1039,13,-492,492,309,429,1803,436,1433,-15,5778,6045,6000,5315,1,1,31,3
493,55480800,-131,-24,-11,-60,-373,0,0,1317,1039,2,-487,487,246,425,2043,650,1434,17,5332,5759,6351,5699,1,1,31,3
494,55500798,-130,-24,-12,-55,-373,0,0,1317,1039,-21
,-484,484,285,422,1866,495,1434,-11,5172,5502,6475,5820,1,1,31,3
495,55520800,-130,-40,1,-49,-373,0,0,1318,1039,-220,-478,478,352,417,1629,249,1435,-9,5346,5645,6264,5703,1,1,31,3
496,55540791,-129,-40,5,-45,-373,0,0,1319,1040,-48,-474,474,306,413,1787,395,1435,8,565
7,5805,6095,5299,1,1,31,3
497,55560803,-128,-47,9,-42,-373,0,0,1321,1040,-120,-469,469,287,409,1824,446,1436,-5,5881,6076,5782,5014,1,1,31,3
498,55580806,-127,-59,19,-42,-373,0,0,1322,1041,-203,-462,462,352,403,1592,201,1436,2,5867,5953,5810,5055,1,1,31,3
499,556008
07,-126,-55,18,-43,-373,0,0,1322,1041,-10,-458,458,165,400,2233,842,1437,22,5487,5819,6074,5226,1,1,31,3
500,55620808,-125,-50,14,-41,-373,0,0,1324,1041,12,-453,453,347,395,1557,186,1438,-19,5256,5485,6282,5689,1,1,31,3
501,55640812,-124,-46,8,-34,-373,0,0,1324,1
041,0,-446,446,360,389,1512,126,1438,-5,5160,5498,6211,5752,1,1,31,3
502,55660810,-123,-37,-2,-24,-374,0,0,1325,1042,70,-439,439,291,383,1744,346,1438,15,5319,5768,6053,5580,1,1,31,3
503,55680813,-122,-34,-8,-16,-374,0,0,1325,1042,-4,-433,433,322,378,1601,218,1439,-4,5646,5789,6025,5323,1,1,31,3

504,55700816,-122,-53,6,-19,-374,0,0,1326,1042,-275,-429,429,229,374,1922,527,1439,19,5827,5908,6033,5100,1,1,31,3
505,55720802,-120,-75,29,-25,-374,0,0,1326,1042,-332,-425,426,299,371,1646,267,1440,-7,6055,5935,5919,4929,1,1,31,3
506,55740820,-119,-72,32,-36,-374,0,
0,1326,1042,-42,-419,419,334,366,1519,130,1440,-2,5583,5749,6060,5424,1,1,31,3
507,55760818,-118,-67,29,-33,-374,0,0,1
326,1042,0,-414,414,318,361,1555,170,1440,-3,5256,5693,6121,5738,1,1,31,3
508,55780812,-116,-67,26,-24,-373,0,0,1326,1042,0,-409,409,414,356,1199,-189,1440,-13,5261,5592,6195,5893,0,0,7,3
509,55800819,-115,-59,20,-8,-373,0,0,1326,1042,20,-402,402,337,350,1465,69,1440
,4,5306,5707,6112,5739,1,1,31,3
510,55820823,-114,-55,14,4,-374,0,0,1326,1042,-10,-395,395,335,344,1447,53,1440,0,5622,5717,6137,5468,1,1,31,3
511,55840825,-113,-76,31,0,-373,0,0,1327,1042,-307,-390,390,295,340,1571,173,1440,9,5851,5739,6152,5209,1,1,31,3
512,55860
827,-111,-102,65,-10,-373,0,0,1327,1042,-1011,-383,383,336,334,1405,15,1440,-5,5831,5842,5974,5243,1,1,31,3
513,55880811,-109,-114,88,-15,-373,0,0,1327,1042,-256,-379,379,254,330,1680,285,1441,8,5881,5942,5992,5167,1,1,31,3
514,55900825,-107,-89,64,-16,-372,0,0,1326,1
042,246,-374,374,372,326,1234,-147,1441,-19,5688,5745,6097,5502,1,1,31,3
515,55920826,-105,-82,50,-7,-372,0,0,1326,1042,-5,-366,366,402,320,1136,-269,1440,1,5297,5748,6110,5961,1,1,31,3
516,55940817,-103,-74,37,4,-372,0,0,1325,1041,15,-362,363,294,316,1491,89,1440,9,
5267,5791,6136,5873,1,1,31,3
517,55960831,-102,-58,17,16,-372,0,0,1326,1041,134,-357,357,341,311,1306,-87,1440,-7,5450,5709,6230,5800,1,1,31,3
518,55980833,-101,-83,36,22,-372,0,0,1325,1041,-564,-351,351,309,306,1405,8,1440,0,5706,5723,6144,5420,1,1,31,3
519,56000837
,-99,-103,66,15,-371,0,0,1325,1041,-344,-344,344,353,300,1231,-167,1440,-3,6072,5823,6049,5151,1,1,31,3
520,56020822,-97,-128,101,2,-371,0,0,1324,1041,-431,-338,338,335,294,1278,-123,1440,1,6046,5857,6019,5155,1,1,31,3
521,56040835,-94,-121,100,-5,-371,0,0,1324,1041,-39,-332
,333,248,290,1559,163,1440,3,5791,5927,6095,5409,1,1,31,3
522,56060836,-92,-96,71,-1,-370,0,0,1323,1041,259,-328,328,359,286,1144,-246,1440,-16,5702,5902,6003,5599,1,1,31,3
523,56080838,-90,-89,54,9,-370,0,0,1323,1040,1,-322,323,360,281,1138,-263,1440,-4,5219,5766,61
73,6120,1,1,31,3
524,56100827,-88,-64,22,29,-370,0,0,1322,1040,234,-316,316,304,276,1328,-79,1439,8,5229,5743,6202,6014,1,1,31,3
525,56120840,-87,-64,12,40,-369,0,0,1322,1040,-63,-311,311,291,271,1347,-52,1439,0,5630,5743,6242,5644,1,1,31,3
526,56140842,-86,-79,25,36
,-369,0,0,1322,1040,-252,-307,307,244,268,1486,94,1439,-4,6059,5862,6139,5157,1,1,31,3
527,56160843,-84,-103,57,21,-369,0,0,1322,1039,-463,-303,303,296,264,1300,-100,1439,-2,6271,5899,6051,4993,1,1,31,3
528,56180845,-82,-122,89,5,-368,0,0,1321,1040,-345,-298,298,346,
260,1111,-290,1439,-7,6048,5862,6021,5249,1,1,31,3
529,56200844,-80,-98,71,3,-368,0,0,1322,1040,809,-293,293,294,255,1277,-121,1439,-4,5361,5841,6147,5953,1,1,31,3
530,56220844,-78,-73,39,20,-368,0,0,1321,1040,586,-287,287,342,251,1099,-306,1439,-2,5162,5786,6056,610
1,1,1,31,3
531,56240852,-76,-68,25,48,-368,0,0,1321,1039,-9,-280,280,364,244,1012,-402,1438,5,5199,5738,6157,6163,1,1,31,3
532,56260849,-75,-56,9,67,-367,0,0,1320,1039,86,-275,275,173,240,1657,250,1438,16,5599,5843,6200,5569,1,1,31,3
533,56280852,-74,-66,13,64,-367,
0,0,1321,1039,-181,-269,269,419,235,753,-634,1438,-29,6129,5745,6117,5335,1,1,31,3
534,56300846,-72,-66,15,49,-367,0,0,1320,1039,0,-263,263,296,229,1208,-216,1437,21,6288,5847,6070,4991,0,0,7,3
535,56320854,-71,-69,19,25,-367,0,0,1321,1039,-103,-260,260,157,
227,1653,255,1437,6,5744,5999,6083,5466,1,1,31,3
536,56340853,-70,-43,-2,21,-367,0,0,1319,1039,647,-254,254,342,222,991,-408,1437,-11,5560,6012,5870,5798,1,1,31,3
537,56360855,-69,-17,-29,32,-367,0,0,1319,1038,1012,-246,247,441,215,624,-776,1436,-19,5490,579
1,6076,6047,1,1,31,3
538,56380855,-68,8,-60,37,-368,0,0,1318,1038,306,-241,242,246,211,1326,-108,1435,35,5504,5714,6341,5851,1,1,31,3
539,56400848,-69,9,-68,36,-368,0,0,1318,1038,17,-239,239,191,208,1469,71,1435,2,5567,5749,6357,5763,1,1,31,3
540,56420859,-69,6,-64,2
3,-368,0,0,1318,1038,-29,-235,235,327,205,968,-420,1435,-21,5962,5752,6178,5457,1,1,31,3
541,56440861,-69,-5,-55,5,-368,0,0,1319,1038,-134,-229,229,379,199,794,-617,1434,-3,6073,5958,5897,5362,1,1,31,3
542,56460863,-69,7,-54,-5,-369,0,0,1318,1038,149,-222,222,263,194,1196,
-224,1434,18,5794,6160,5749,5483,1,1,31,3
543,56480862,-69,32,-65,-2,-369,0,0,1319,1038,551,-217,217,330,189,910,-482,1433,-17,5692,5917,5973,5718,1,1,31,3
544,56500865,-70,50,-88,2,-370,0,0,1318,1038,251,-210,210,352,183,836,-576,1432,2,5624,5749,6073,5757,1,1,31,3


545,56520868,-71,46,-90,2,-371,0,0,1317,1038,10,-204,204,292,178,1032,-384,1432,11,5557,5645,6288,5832,1,1,31,3
546,56540867,-72,46,-89,-5,-372,0,0,1317,1038,44,-199,199,223,174,1246,-159,1431,6,5575,5687,6321,5774,1,1,31,3
547,56560866,-72,40,-81,-13,-372,0,0,1318,1
037,-36,-195,195,234,170,1193,-212,1431,5,5830,5854,6150,5544,1,1,31,3
548,56580868,-73,34,-73,-19,-373,0,0,1317,1037,-28,-192,192,256,167,1092,-305,1431,-7,6006,5920,5999,5338,1,1,31,3
549,56600871,-74,38,-72,-28,-373,0,0,1318,1037,86,-188,188,238,164,1151,-250,1430
,0,5936,6090,5889,5435,1,1,31,3
550,56620870,-75,54,-86,-25,-374,0,0,1317,1038,239,-182,182,328,159,821,-580,1430,-8,5516,5872,5959,5882,1,1,31,3
551,56640871,-76,68,-102,-15,-375,0,0,1317,1037,235,-176,176,289,154,948,-462,1429,6,5517,5786,6144,5912,1,1,31,3
552,566
60875,-77,74,-111,-10,-376,0,0,1317,1037,137,-171,171,221,149,1169,-238,1428,8,5551,5678,6300,5810,1,1,31,3
553,56680876,-79,73,-111,-15,-376,0,0,1318,1037,61,-167,167,217,146,1157,-239,1428,-3,5638,5720,6237,5708,1,1,31,3
554,56700877,-80,63,-101,-24,-377,0,0,1318,10
37,-51,-162,162,347,141,671,-712,1428,-27,5838,5748,6040,5595,1,1,31,3
555,56720877,-81,57,-91,-33,-378,0,0,1318,1037,-17,-156,156,226,136,1120,-298,1427,19,5914,6031,5901,5427,1,1,31,3
556,56740883,-83,65,-95,-37,-379,0,0,1318,1037,162,-152,152,147,133,1364,-41,1427
,13,5907,6016,6001,5390,1,1,31,3
557,56760868,-84,65,-96,-40,-380,0,0,1318,1037,69,-150,150,239,131,1016,-374,1426,-9,5938,5971,5988,5485,1,1,31,3
558,56780885,-85,90,-124,-44,-381,0,0,1318,1038,458,-145,145,328,126,692,-698,1426,-18,5500,5629,6200,5963,1,1,31,3
559,
56800878,-87,96,-137,-41,-382,0,0,1318,1037,163,-138,138,337,120,664,-747,1424,4,5361,5627,6200,6115,1,1,31,3
560,56820879,-89,96,-140,-35,-383,0,0,1318,1037,0,-133,133,188,116,1169,-240,1424,16,5507,5829,6133,5838,0,0,7,3
561,56840884,-91,93,-135,-37,-384,0,
0,1318,1037,61,-130,130,173,114,1198,-203,1423,8,5850,5805,6186,5509,1,1,31,3
562,56860888,-93,83,-121,-49,-385,0,0,1318,1037,-28,-127,127,271,111,834,-555,1423,-12,6047,5764,6133,5411,1,1,31,3
563,56880884,-94,57,-90,-63,-385,0,0,1318,1037,-292,-123,123,245,107,923,-476
,1422,0,5990,5866,6040,5428,1,1,31,3
564,56900889,-95,63,-86,-69,-386,0,0,1317,1037,127,-118,118,302,103,704,-688,1421,-11,5728,5854,5995,5749,1,1,31,3
565,56920891,-97,88,-114,-61,-387,0,0,1317,1038,495,-111,111,341,97,564,-842,1420,0,5528,5844,5957,5976,1,1,31,3

566,56940893,-98,113,-152,-51,-389,0,0,1318,1038,392,-106,106,253,93,860,-553,1419,16,5681,5778,6103,5746,1,1,31,3
567,56960889,-101,104,-150,-49,-390,0,0,1318,1038,3,-103,103,135,90,1248,-150,1419,12,5496,5780,6203,5827,1,1,31,3
568,56980881,-103,79,-118,-54,-390,0,0
,1318,1037,-225,-101,101,206,88,973,-409,1418,-10,5759,5630,6281,5639,1,1,31,3
569,57000891,-104,70,-100,-71,-391,0,0,1318,1037,-28,-96,96,322,84,560,-827,1417,-16,5958,5664,6125,5536,1,1,31,3
570,57020899,-106,60,-85,-80,-392,0,0,1318,1038,-55,-90,90,241,78,850,-55
8,1416,13,5880,5933,5934,5538,1,1,31,3
571,57040891,-107,77,-99,-79,-393,0,0,1318,1037,270,-86,86,235,75,837,-554,1416,-3,5875,5979,5895,5556,1,1,31,3
572,57060889,-108,88,-117,-74,-394,0,0,1317,1038,210,-83,83,250,72,772,-619,1415,-4,5846,5931,5927,5604,1,1,31,3
573
,57080898,-110,106,-144,-75,-395,0,0,1318,1037,315,-79,79,269,69,691,-698,1414,-7,5716,5728,6152,5798,1,1,31,3
574,57100903,-112,97,-140,-78,-396,0,0,1317,1037,2,-74,74,267,65,697,-702,1413,4,5606,5571,6235,5832,1,1,31,3
575,57120905,-114,85,-124,-83,-397,0,0,1318,10
37,-62,-71,71,163,62,1045,-347,1412,7,5620,5617,6274,5719,1,1,31,3
576,57140906,-116,73,-105,-89,-398,0,0,1318,1038,-64,-68,68,210,59,863,-523,1412,-3,5743,5705,6102,5608,1,1,31,3
577,57160908,-117,69,-95,-92,-399,0,0,1318,1038,26,-64,64,211,56,852,-539,1411,2,5871,58
45,5995,5519,1,1,31,3
578,57180906,-119,78,-103,-93,-400,0,0,1318,1038,174,-61,61,183,53,948,-448,1410,11,6009,5942,5922,5355,1,1,31,3
579,57200911,-120,77,-105,-92,-401,0,0,1318,1038,69,-58,58,252,50,672,-702,1409,-18,5706,5916,5900,5756,1,1,31,3
580,57220912,-122,96,-129,-83,
-402,0,0,1318,1038,324,-52,52,337,45,371,-1015,1408,-12,5621,5706,5981,5870,1,1,31,3
581,57240911,-124,102,-142,-74,-403,0,0,1318,1038,170,-46,46,233,40,741,-663,1407,17,5597,5679,6151,5841,1,1,31,3
582,57260910,-126,94,-136,-75,-404
,0,0,1317,1037,-1,-44,44,84,38,1231,-156,1406,12,5593,5645,6301,5704,1,1,31,3
583,57280917,-128,78,-114,-81,-405,0,0,1318,1037,-111,-42,42,191,36,827,-540,1406,-17,5873,5806,6123,5618,1,1,31,3
584,57300912,-129,59,-90,-89,-405,0,0,1317,1037,-169,-38,39,210,34,770,-616
,1405,0,6337,5853,6036,5146,1,1,31,3
585,57320918,-130,54,-81,-99,-406,0,0,1318,1037,-3,-36,36,139,31,1006,-373,1404,0,5866,6116,5883,5602,1,1,31,3
586,57340896,-132,54,-81,-93,-407,0,0,1318,1037,0,-33,33,191,29,812,-567,1404,-4,5664,6022,5819,5748,0,0,7,3
587,57360
920,-133,80,-109,-82,-407,0,0,1319,1037,493,-31,31,146,27,968,-413,1403,3,5499,5783,6103,5877,1,1,31,3
588,57380920,-134,95,-138,-76,-408,0,0,1320,1037,260,-29,29,164,26,898,-484,1402,2,5465,5565,6268,5893,1,1,31,3
589,57400901,-136,87,-140,-78,-409,0,0,1320,1038,2,-
27,27,169,24,872,-506,1402,-1,5466,5453,6294,5821,1,1,31,3
590,57420924,-138,62,-116,-86,-410,0,0,1322,1038,-286,-24,24,208,21,724,-651,1401,-7,5714,5692,6010,5606,1,1,31,3
591,57440924,-139,55,-104,-89,-411,0,0,1322,1038,-22,-19,19,248,17,573,-805,1400,-6,5822,5794,5
787,5456,1,1,31,3
592,57460922,-140,49,-96,-88,-412,0,0,1323,1038,-17,-16,16,103,14,1087,-305,1399,22,5833,5962,5785,5340,1,1,31,3
593,57480928,-141,59,-102,-84,-412,0,0,1323,1039,172,-15,15,96,13,1065,-292,1399,-14,5730,5848,5880,5435,1,1,31,3
594,57500925,-142,82,
-129,-83,-413,0,0,1324,1039,349,-12,12,242,11,554,-811,1398,-18,5822,5695,5951,5531,1,1,31,3
595,57520916,-144,81,-138,-85,-414,0,0,1324,1039,69,-9,9,272,8,458,-923,1397,-3,5677,5637,5933,5651,1,1,31,3
596,57540929,-146,84,-146,-86,-415,0,0,1325,1039,120,-5,5,213,5,65
7,-726,1396,7,5348,5497,6146,5947,1,1,31,3
597,57560930,-147,83,-148,-82,-416,0,0,1325,1040,70,-2,2,162,2,821,-558,1395,7,5397,5597,6020,5787,1,1,31,3
598,57580935,-149,83,-149,-79,-418,0,0,1326,1040,80,2,-2,269,-2,416,-948,1394,-17,5695,5745,5825,5655,1,1,31,3
599,5
7600921,-151,76,-143,-79,-419,0,0,1327,1040,1,8,-8,299,-7,313,-1066,1392,-3,5950,5749,5755,5389,1,1,31,3
600,57620935,-152,61,-129,-89,-420,0,0,1327,1040,-
114,11,-11,52,-9,1185,-206,1391,35,5972,5860,5907,5170,1,1,31,3
601,57640935,-153,69,-128,-99,-421,0,0,1327,1040,156,13,-13,210,-12,574,-777,1391,-23,5751,5809,5786,5540,1,1,31,3
602,57660924,-155,87,-145,-95,-422,0,0,1327,1040,294,18,-18,323,-16,186,-1184,1389,-14,55
81,5707,5824,5852,1,1,31,3
603,57680939,-157,102,-166,-83,-423,0,0,1327,1040,285,23,-23,199,-20,622,-760,1388,13,5348,5674,5979,5977,1,1,31,3
604,57700942,-159,110,-181,-78,-424,0,0,1327,1040,200,25,-25,156,-22,753,-622,1387,11,5654,5634,6121,5703,1,1,31,3
605,57720
942,-161,101,-179,-77,-426,0,0,1326,1040,2,28,-28,173,-25,672,-689,1386,-5,5628,5755,5988,5760,1,1,31,3
606,57740944,-163,89,-167,-82,-427,0,0,1327,1039,-52,32,-32,248,-28,405,-965,1384,-3,6122,5735,5950,5349,1,1,31,3
607,57760931,-165,68,-144,-95,-428,0,0,1327,1039,-184,35,-35,101,-31,916,-456,1
384,14,5935,5924,5875,5380,1,1,31,3
608,57780945,-166,63,-132,-102,-429,0,0,1327,1039,3,37,-37,124,-32,802,-547,1383,-11,5737,5895,5887,5622,1,1,31,3
609,57800947,-167,87,-144,-98,-430,0,0,1327,1040,468,41,-41,234,-36,416,-941,1382,-12,5668,5805,5855,5773,1,1,31,3
61
0,57820947,-169,101,-161,-86,-431,0,0,1327,1039,268,46,-46,229,-40,435,-937,1380,4,5569,5741,5973,5915,1,1,31,3
611,57840951,-171,111,-176,-76,-433,0,0,1327,1039,220,48,-48,59,-42,1022,-351,1380,23,5514,5769,6078,5794,1,1,31,3
612,57860944,-173,111,-182,-71,-434,0,0,1327,1039,0,50,-49,99,-43,854,-497,1379,-3,5645,5791,6066,576
1,0,0,7,3
613,57880938,-175,102,-178,-72,-435,0,0,1328,1039,1,51,-51,138,-45,710,-640,1378,-8,5786,5811,5964,5614,1,1,31,3
614,57900953,-177,81,-161,-82,-436,0,0,1329,1039,-146,54,-54,78,-47,929,-434,1377,11,5831,5870,5962,5511,1,1,31,3
615,57920955,-179,62,-141,-92
,-437,0,0,1328,1039,-153,55,-55,37,-48,1056,-297,1377,5,5940,5902,5919,5324,1,1,31,3
616,57940956,-180,79,-142,-96,-438,0,0,1328,1039,272,56,-56,109,-49,785,-557,1376,-13,5654,5915,5894,5741,1,1,31,3
617,57960957,-182,96,-155,-87,-439,0,0,1327,1039,284,59,-59,135,-51,
703,-652,1375,0,5643,5910,5871,5767,1,1,31,3
618,57980956,-184,113,-174,-81,-440,0,0,1328,1038,311,60,-60,43,-52,1022,-333,1375,8,5696,5888,6077,5728,1,1,31,3
619,58000960,-186,104,-175,-75,-441,0,0,1328,1038,0,59,-59,-33,-52,1282,-66,1375,8,5447,5796,6140,5812,1,1,3
1,3
620,58020962,-188,96,-171,-73,-442,0,0,1329,1038,0,60,-59,51,-52,978,-362,1374,-8,5648,5780,6055,5671,1,1,31,3
621,58040961,-190,71,-152,-76,-443,0,0,1328,1038,-207,61,-61,71,-53,912,-436,1374,-1,5808,5822,5963,5495,1,1,31,3
622,58060963,-191,66,-142,-80,-44
4,0,0,1329,1038,5,62,-62,7,-54,1139,-212,1373,8,5902,5991,5933,5421,1,1,31,3
623,58080967,-193,85,-149,-81,-445,0,0,1329,1038,307,62,-62,-6,-54,1178,-168,1373,3,5770,6038,5836,5483,1,1,31,3
624,58100962,-194,92,-156,-76,-446,0,0,1329,1038,169,63,-63,55,-55,954,-385,
1372,-8,5813,5992,5854,5529,1,1,31,3
625,58120965,-196,100,-166,-74,-447,0,0,1329,1038,196,63,-63,46,-55,992,-354,1372,0,5513,5798,6068,5830,1,1,31,3
626,58140967,-198,92,-165,-68,-448,0,0,1330,1038,-5,66,-66,158,-57,593,-755,1371,-7,5443,5639,6127,6010,1,1,31,3
627,
58160954,-200,85,-160,-64,-449,0,0,1330,1038,0,66,-66,-39,-58,1297,-66,1370,26,5515,5733,6161,5695,1,1,31,3
628,58180971,-202,82,-157,-65,-450,0,0,1330,1038,55,65,-65,-32,-57,1238,-90,1371,-10,5737,5922,5988,5519,1,1,31,3
629,58200973,-203,78,-152,-64,-451,0,0,1330,
1037,26,66,-66,71,-57,882,-452,1370,-13,5816,5956,5823,5497,1,1,31,3
630,58220970,-205,81,-153,-64,-452,0,0,1332,1037,120,67,-67,-4,-59,1169,-190,1370,19,5768,5990,5881,5485,1,1,31,3
631,58240972,-207,90,-160,-64,-453,0,0,1332,1038,195,66,-66,-66,-58,1362,26,1370,2,57
53,5899,5935,5363,1,1,31,3
632,58260976,-208,83,-157,-71,-454,0,0,1333,1038,2,67,-67,144,-59,613,-713,1369,-27,5665,5678,6011,5700,1,1,31,3
633,58280977,-210,86,-160,-70,-455,0,0,1332,1038,123,70,-70,124,-61,697,-648,1368,-4,5439,5700,5957,5850,1,1,31,3
634,58300976
,-212,92,-166,-64,-456,0,0,1334,1038,165,71,-71,6,-62,1116,-237,1368,16,5436,5799,6007,5781,1,1,31,3
635,58320981,-214,99,-174,-57,-457,0,0,1333,1038,181,71,-71,-15,-62,1174,-165,1367,3,5550,5864,5923,5617,1,1,31,3
636,58340977,-216,106,-183,-55,-459,0,0,1333,1038,188,71,-71,25,-62,1029,-306,1367,-4,5753,5874,5961,5538,1,1,31,3
637,58360982,-218,95,-179,
-61,-460,0,0,1334,1038,-35,72,-72,30,-63,1018,-326,1366,5,5803,5889,5943,5492,1,1,31,3
638,58380971,-220,95,-179,-69,-461,0,0,1334,1038,0,72,-72,-41,-63,1261,-77,1366,7,5676,5815,6086,5558,0,0,7,3
639,58400983,-222,72,-161,-77,-462,0,0,1334,1038,-179,72,-72,44,-63,953
,-376,1366,-12,5669,5831,5990,5648,1,1,31,3
640,58420980,-223,98,-174,-80,-463,0,0,1334,1038,781,73,-73,58,-64,911,-428,1365,-2,5736,5835,6012,5630,1,1,31,3
641,58440988,-225,110,-187,-80,-464,0,0,1334,1038,242,74,-74,-9,-64,1154,-192,1365,13,5570,5931,5982,5733,1,1,31,3
64
2,58460984,-227,128,-207,-76,-465,0,0,1334,1038,329,73,-73,-21,-64,1180,-153,1365,0,5578,5886,6039,5723,1,1,31,3
643,58480987,-230,127,-216,-75,-466,0,0,1334,1038,118,73,-73,-28,-63,1206,-125,1364,-1,5606,5907,6026,5690,1,1,31,3
644,58500986,-232,116,-212,-79,-468,0,
0,1334,1038,-14,73,-73,21,-64,1038,-298,1364,-1,5736,5841,6060,5617,1,1,31,3
645,58520992,-235,106,-205,-87,-469,0,0,1334,1037,0,73,-73,-45,-63,1267,-68,1364,4,5776,5931,6033,5518,1,1,31,3
646,58540986,-237,96,-194,-97,-470,0,0,1334,1037,-19,72,-72,-55,-63,1304,-31,13
64,5,5767,5925,6057,5526,1,1,31,3
647,58560993,-239,121,-210,-103,-471,0,0,1334,1037,572,72,-72,5,-62,1085,-240,1364,-11,5737,5928,5997,5615,1,1,31,3
648,58580990,-241,123,-216,-104,-473,0,0,1334,1037,142,73,-73,71,-64,866,-471,1363,-3,5627,5914,5957,5786,1
,1,31,3
649,58600996,-244,142,-236,-102,-474,0,0,1335,1037,358,74,-74,-10,-64,1156,-191,1362,13,5599,5944,6005,5739,1,1,31,3
650,58620997,-246,135,-239,-100,-475,0,0,1336,1037,59,73,-73,-44,-64,1260,-72,1362,1,5609,5941,6019,5687,1,1,31,3
651,58640999,-249,124,-232,-
103,-477,0,0,1335,1037,0,73,-73,-18,-63,1170,-162,1362,-1,5726,5871,6037,5564,1,1,31,3
652,58660998,-252,115,-220,-110,-478,0,0,1337,1037,-1,72,-72,-24,-63,1194,-141,1362,2,5792,5896,6071,5544,1,1,31,3
653,58681002,-254,98,-200,-118,-479,0,0,1337,1037,-90,71,-71,-109
,-62,1500,163,1362,13,5736,5963,6001,5435,1,1,31,3
654,58700998,-256,108,-200,-122,-481,0,0,1337,1037,221,70,-70,3,-61,1084,-229,1362,-21,5804,5970,5914,5507,1,1,31,3
655,58720990,-258,111,-202,-119,-482,0,0,1338,1037,147,72,-72,153,-63,574,-759,1361,-13,5794,5956,57
72,5632,1,1,31,3
656,58741010,-260,117,-208,-113,-483,0,0,1339,1038,187,75,-74,77,-65,852,-495,1360,9,5571,5885,5909,5774,1,1,31,3
657,58761006,-263,108,-201,-103,-485,0,0,1339,1038,-3,75,-75,-9,-65,1147,-196,1360,14,5397,5781,6001,5780,1,1,31,3
658,5878100
8,-265,91,-182,-96,-486,0,0,1340,1038,-103,74,-74,-13,-65,1139,-187,1360,-3,5581,5736,6097,5651,1,1,31,3
659,58801012,-267,84,-167,-97,-487,0,0,1340,1038,0,74,-74,-31,-65,1215,-119,1359,7,5790,5711,6080,5360,1,1,31,3
660,58821009,-268,78,-155,-103,-488,0,0,1342,1038,5
,74,-74,40,-65,955,-369,1359,-9,5943,5838,5927,5317,1,1,31,3
661,58841010,-270,72,-144,-107,-489,0,0,1342,1039,7,75,-75,36,-65,970,-357,1358,-6,5709,6013,5677,5469,1,1,31,3
662,58861013,-271,67,-136,-94,-490,0,0,1342,1039,1,76,-76,80,-66,812,-515,1358,-8,5517,6042,5609,5705
,1,1,31,3
663,58881015,-273,73,-140,-78,-491,0,0,1343,1039,154,77,-77,51,-68,923,-417,1357,8,5509,5873,5782,5659,1,1,31,3
664,58901011,-274,73,-143,-68,-492,0,0,1344,1039,0,77,-77,10,-67,1050,-275,1357,-2,5500,5655,6039,5640,0,0,7,3
665,58921017,-276,62,-134,-65,-493
,0,0,1345,1040,-68,78,-78,93,-68,758,-568,1356,-8,5700,5523,6015,5438,1,1,31,3
666,58941013,-277,37,-112,-66,-494,0,0,1345,1040,-234,78,-78,-13,-68,1136,-193,1356,7,5449,5681,5931,5563,1,1,31,3
667,58961018,-278,11,-82,-63,-494,0,0,1348,1040,-569,78,-78,14,-68,1030,-
290,1355,-4,5584,5766,5811,5449,1,1,31,3
668,58981022,-278,13,-74,-56,-495,0,0,1347,1041,37,78,-78,-36,-68,1210,-115,1355,6,5664,5920,5677,5293,1,1,31,3
669,59001022,-278,12,-72,-45,-495,0,0,1348,1041,0,78,-78,-16,-68,1136,-184,1355,0,5664,6007,5685,5429,1,1,31,3
67
0,59021010,-278,17,-79,-32,-496,0,0,1347,1041,75,78,-78,38,-68,942,-375,1354,-8,5522,5812,5810,5602,1,1,31,3
671,59041024,-279,20,-86,-24,-496,0,0,1349,1041,51,79,-79,27,-69,994,-336,1354,7,5437,5677,6044,5760,1,1,31,3
672,59061010,-279,21,-92,-15,-497,0,0,1349,1041,3
5,79,-79,7,-69,1054,-269,1353,2,5343,5691,5975,5767,1,1,31,3
673,59081024,-279,9,-85,-8,-497,0,0,1348,1041,-128,78,-78,-104,-68,1447,126,1353,13,5378,5781,6017,5656,1,1,31,3
674,59101028,-280,0,-76,-5,-497,0,0,1348,1041,-102,77,-77,3,-67,1056,-251,1353,-13,5831,5806,5
918,5337,1,1,31,3
675,59121027,-280,-19,-57,-8,-498,0,0,1348,1041,-241,78,-78,57,-68,881,-439,1353,-6,5911,5910,5807,5341,1,1,31,3
676,59141030,-279,-31,-41,-12,-498,0,0,1347,1041,-173,79,-79,10,-69,1052,-275,1352,7,5843,5947,5797,5345,1,1,31,3
677,59161029,-279,-28,-39,-11,-498,0,0,1347,1041,3,8
0,-80,69,-69,831,-488,1352,-7,5680,5899,5859,5640,1,1,31,3
678,59181030,-278,-26,-42,-2,-498,0,0,1347,1041,-3,82,-82,148,-71,551,-770,1351,-12,5544,5772,5894,5831,1,1,31,3
679,59201034,-278,-25,-47,9,-498,0,0,1346,1040,-5,84,-84,66,-73,850,-488,1350,15,5519,5798,5991
,5820,1,1,31,3
680,59221025,-277,-16,-58,16,-499,0,0,1345,1040,80,84,-84,-50,-73,1242,-81,1350,12,5509,5825,6086,5746,1,1,31,3
681,59241034,-277,-15,-64,19,-499,0,0,1345,1040,0,84,-84,43,-73,899,-409,1349,-14,5739,5828,6033,5648,1,1,31,3
682,59261038,-276,-13,-67,16,-499,0
,0,1344,1040,6,85,-85,144,-74,550,-767,1348,-15,5869,5827,5880,5548,1,1,31,3
683,59281038,-276,-12,-70,11,-499,0,0,1344,1039,0,87,-87,78,-76,800,-538,1347,13,5821,5978,5793,5527,1,1,31,3
684,59301041,-276,-1,-81,13,-500,0,0,1344,1039,132,87,-87,19,-76,986,-333,1347,1
,5543,5899,5872,5708,1,1,31,3
685,59321042,-276,14,-97,17,-500,0,0,1344,1039,185,89,-88,106,-77,674,-642,1346,-11,5578,5754,5941,5762,1,1,31,3
686,59341026,-276,38,-123,16,-501,0,0,1343,1039,380,90,-90,97,-79,710,-615,1345,0,5599,5704,5990,5721,1,1,31,3
687,59361044
,-277,44,-136,10,-501,0,0,1343,1039,108,91,-91,4,-79,1035,-291,1345,10,5582,5870,5989,5731,1,1,31,3
688,59381044,-278,43,-139,5,-502,0,0,1341,1039,39,92,-92,111,-80,636,-675,1344,-15,5807,5864,5895,5617,1,1,31,3
689,59401030,-279,68,-158,-5,-503,0,0,1341,1038,450,93,-
93,17,-81,987,-343,1343,14,5851,5952,5993,5573,1,1,31,3
690,59421041,-280,68,-163,-16,-504,0,0,1341,1038,0,94,-94,56,-82,833,-487,1343,0,5854,5943,5862,5511,0,0,7,3
691,59441049,-281,51,-148,-24,-504,0,0,1341,1038,-133,95,-95,129,-83,567,-744,1342,-15,5480,5888,5854,
5963,1,1,31,3
692,59461052,-282,64,-152,-22,-505,0,0,1340,1038,213,98,-98,101,-85,677,-652,1341,6,5525,5773,5931,5822,1,1,31,3
693,59481050,-284,75,-163,-20,-506,0,0,1340,1038,189,98,-98,14,-85,967,-349,1340,2,5548,5839,5982,5763,1,1,31,3
694,59501052,-285,78,-169,-
19,-507,0,0,1339,1038,121,99,-99,84,-86,711,-601,1339,-9,5603,5857,5903,5781,1,1,31,3
695,59521053,-287,77,-166,-20,-508,0,0,1340,1038,60,101,-101,58,-88,814,-509,1339,7,5737,5962,5910,5705,1,1,31,3
696,59541055,-288,71,-157,-23,-509,0,0,1340,1037,7,101,-101,-17,-88,1
068,-251,1338,9,5778,6025,5853,5536,1,1,31,3
697,59561058,-290,66,-148,-27,-510,0,0,1340,1037,4,101,-101,7,-88,976,-337,1338,1,5768,5924,5933,5575,1,1,31,3
698,59581056,-291,77,-156,-32,-511,0,0,1339,1037,206,101,-101,19,-88,932,-378,1337,-3,5698,5892,5932,5633,1,1,31,3
699,59601059,-293,84,-165
,-33,-512,0,0,1339,1037,157,102,-102,37,-89,871,-442,1337,0,5597,5912,5935,5790,1,1,31,3
700,59621061,-294,108,-198,-31,-513,0,0,1339,1037,469,101,-101,-58,-88,1206,-110,1336,10,5499,5926,6026,5816,1,1,31,3
701,59641059,-296,110,-207,-31,-514,0,0,1338,1037,127,100,-100,-107
,-87,1373,66,1336,5,5478,5936,6070,5803,1,1,31,3
702,59661049,-299,101,-198,-35,-515,0,0,1338,1037,0,99,-99,22,-86,911,-386,1336,-16,5714,5860,6026,5691,1,1,31,3
703,59681063,-301,81,-170,-46,-516,0,0,1338,1037,-148,100,-100,52,-87,816,-491,1335,-8,5946,5875,5996,549
5,1,1,31,3
704,59701067,-302,65,-142,-57,-517,0,0,1338,1038,-133,100,-100,-21,-87,1084,-233,1335,10,5928,5884,5961,5344,1,1,31,3
705,59721055,-304,59,-129,-64,-517,0,0,1339,1038,-10,99,-99,-34,-87,1114,-189,1335,-3,5771,6038,5805,5483,1,1,31,3
706,59741067,-305,83,-1
52,-53,-518,0,0,1339,1038,641,100,-100,40,-87,861,-447,1334,-3,5185,5983,5693,6037,1,1,31,3
707,59761067,-306,77,-151,-29,-519,0,0,1340,1038,0,100,-100,-35,-87,1129,-185,1334,11,5194,5981,5797,5988,1,1,31,3
708,59781069,-308,84,-162,-15,-520,0,0,1340,1039,170,99,-99,
-75,-86,1261,-42,1334,4,5348,5703,6044,5733,1,1,31,3
709,59801070,-310,67,-146,-12,-521,0,0,1341,1039,-127,99,-99,70,-86,742,-553,1333,-18,5592,5521,6108,5646,1,1,31,3
710,59821073,-311,43,-120,-20,-522,0,0,1341,1039,-343,100,-100,35,-87,884,-430,1332,7,5665,5625,599
6,5489,1,1,31,3
711,59841060,-312,30,-99,-29,-522,0,0,1343,1039,-123,100,-100,-37,-87,1131,-178,1332,9,5817,5883,5814,5284,1,1,31,3
712,59861076,-312,49,-111,-33,-523,0,0,1344,1039,271,98,-98,-111,-86,1378,82,1332,2,5589,6122,5602,5408,1,1,31,3
713,59881071,-313,72,-
139,-19,-523,0,0,1344,1039,346,97,-97,-8,-85,1017,-275,1332,-11,5374,6031,5597,5716,1,1,31,3
714,59901075,-315,66,-144,2,-524,0,0,1344,1039,-6,97,-97,-5,-85,1018,-283,1331,0,5180,5803,5819,5904,1,1,31,3
715,59921075,-316,61,-141,12,-525,0,0,1344,1040,0,97,-
97,-9,-85,1037,-268,1331,3,5346,5521,6148,5775,1,1,31,3
716,59941075,-317,61,-140,8,-526,0,0,1345,1040,0,97,-97,-16,-85,1061,-243,1331,4,5579,5650,6019,5530,0,0,7,3
717,59961076,-319,56,-135,-3,-527,0,0,1345,1040,-1,97,-97,-60,-84,1212,-89,1330,7,5699,5874,5875,5409,1
,1,31,3
718,59981081,-320,52,-130,-11,-527,0,0,1345,1040,9,96,-96,-32,-83,1110,-184,1330,-4,5674,5934,5788,5462,1,1,31,3
719,60001079,-321,64,-139,-14,-528,0,0,1345,1040,200,95,-95,-26,-83,1095,-201,1330,-2,5669,6025,5720,5498,1,1,31,3
720,60021085,-322,78,-158,-13,
-529,0,0,1346,1040,238,95,-95,4,-83,992,-308,1330,-1,5701,6000,5718,5494,1,1,31,3
721,60041070,-324,73,-158,-14,-530,0,0,1346,1039,17,95,-95,14,-83,957,-342,1329,-3,5607,5875,5821,5584,1,1,31,3
722,60061089,-325,83,-169,-16,-531,0,0,1346,1039,190,95,-95,12,-83,963,-
338,1329,0,5084,5508,6190,6106,1,1,31,3
723,60081085,-327,88,-178,-13,-531,0,0,1346,1039,147,95,-95,-50,-83,1192,-118,1328,15,5133,5666,6081,5984,1,1,31,3
724,60101090,-328,90,-182,-11,-532,0,0,1345,1039,112,95,-94,-17,-82,1058,-236,1328,-4,5549,5853,5858,5604,1,1,31,
3
725,60121088,-330,84,-174,-16,-533,0,0,1345,1039,12,95,-95,90,-83,680,-611,1327,-17,5934,5960,5707,5374,1,1,31,3
726,60141091,-332,72,-156,-28,-534,0,0,1345,1039,-60,96,-96,-48,-83,1189,-122,1327,18,5921,6045,5757,5253,1,1,31,3
727,60161093,-333,61,-141,-40,-535,0
,0,1346,1039,-72,95,-95,0,-83,996,-294,1327,-9,5892,5887,5908,5378,1,1,31,3
728,60181094,-335,62,-138,-47,-536,0,0,1344,1039,79,96,-96,108,-84,614,-677,1326,-18,5577,5664,5978,5742,1,1,31,3
729,60201095,-336,83,-161,-43,-537,0,0,1343,1039,328,98,-98,60,-86,808,-509,1
325,15,5148,5717,6054,6196,1,1,31,3
730,60221099,-337,108,-198,-25,-538,0,0,1341,1039,506,98,-98,-48,-85,1170,-134,1325,13,5144,5908,5973,6120,1,1,31,3
731,60241100,-340,127,-230,-10,-539,0,0,1341,1038,343,97,-97,25,-85,898,-391,1324,-11,5562,5989,5875,5828,1,1,31,3

732,60261101,-342,117,-226,-12,-541,0,0,1340,1038,9,98,-98,72,-86,740,-556,1324,-8,5944,5917,5915,5497,1,1,31,3
733,60281103,-344,93,-192,-34,-542,0,0,1340,1038,-301,99,-99,4,-87,992,-317,1323,13,6160,5944,5986,5246,1,1,31,3
734,60301102,-346,96,-186,-63,-543,0,0,1339
,1038,136,98,-98,-115,-85,1395,99,1323,10,6010,6014,6024,5291,1,1,31,3
735,60321102,-348,121,-214,-81,-544,0,0,1338,1037,760,98,-98,70,-85,732,-550,1322,-22,5659,5919,5981,5855,1,1,31,3
736,60341105,-351,145,-251,-81,-545,0,0,1336,1037,744,100,-99,72,-87,748,-557,132
2,3,5269,5883,6045,6264,1,1,31,3
737,60361105,-354,170,-289,-74,-547,0,0,1334,1036,540,100,-100,-42,-87,1157,-158,1321,23,5312,5979,6129,6185,1,1,31,3
738,60381096,-357,174,-302,-72,-548,0,0,1333,1036,222,99,-99,-17,-86,1042,-246,1321,-7,5668,6051,6063,5895,1,1,31,3

739,60401109,-360,151,-275,-83,-550,0,0,1333,1035,-117,99,-99,32,-86,875,-418,1320,-6,6191,6009,6062,5418,1,1,31,3
740,60421109,-363,127,-235,-103,-552,0,0,1331,1035,-312,100,-100,52,-87,811,-491,1320,1,6329,5975,5993,5211,1,1,31,3
741,60441112,-366,148,-249,-129,-553,0,0,
1331,1035,405,100,-100,-48,-88,1166,-139,1319,12,5781,6015,6041,5660,1,1,31,3
742,60461108,-369,148,-251,-130,-554,0,0,1329,1035,0,100,-100,-2,-87,990,-304,1319,-2,5209,6029,5936,6233,0,0,7,3
743,60481107,-372,175,-284,-114,-556,0,0,1329,1035,737,101,-101,91,-88,661
,-632,1318,-10,5279,5967,5964,6302,1,1,31,3
744,60501102,-375,201,-323,-101,-558,0,0,1328,1035,542,101,-101,-49,-88,1177,-135,1317,21,5201,5999,6073,6250,1,1,31,3
745,60521118,-379,184,-312,-96,-560,0,0,1327,1035,-5,99,-99,-35,-87,1098,-187,1317,-8,5751,5920,6139,572
9,1,1,31,3
746,60541117,-383,158,-275,-110,-561,0,0,1327,1035,-839,101,-100,154,-88,432,-852,1317,-23,6239,5730,6116,5379,1,1,31,3
747,60561120,-386,146,-249,-140,-563,0,0,1325,1035,14,103,-103,108,-90,620,-691,1315,9,6369,5858,5970,5131,1,1,31,3
748,60581121,-389,12
3,-213,-163,-564,0,0,1325,1035
,-144,103,-103,-124,-90,1429,120,1315,26,5848,6235,5841,5473,1,1,31,3
749,60601124,-392,148,-235,-160,-566,0,0,1323,1035,958,103,-103,-2,-89,971,-311,1315,-12,5443,6129,5833,6007,1,1,31,3
750,60621122,-395,173,-272,-134,-567,0,0,1323,1034,1203,104,-104,98,-90,629,-662,1314,-9,5169,5955,5985,6439,
1,1,31,3
751,60641123,-398,196,-311,-109,-569,0,0,1322,1034,459,105,-105,47,-92,826,-487,1313,17,5264,5763,6195,6258,1,1,31,3
752,60661125,-402,178,-299,-100,-571,0,0,1322,1034,-24,104,-104,-33,-91,1084,-207,1313,1,5713,5907,6200,5822,1,1,31,3
753,60681126,-406,154,-
265,-114,-573,0,0,1320,1034,-450,104,-104,50,-91,786,-497,1312,-13,6098,5812,6171,5469,1,1,31,3
754,60701127,-409,129,-225,-140,-574,0,0,1321,1034,-341,105,-105,-3,-92,992,-312,1312,13,6147,6020,6082,5432,1,1,31,3
755,60721127,-411,113,-196,-155,-575,0,0,1319,1034,-6
7,105,-105,-85,-91,1269,-25,1312,9,5945,6257,5857,5499,1,1,31,3
756,60741130,-413,138,-220,-151,-577,0,0,1318,1034,918,104,-104,-4,-91,969,-310,1311,-12,5671,6146,5955,5918,1,1,31,3
757,60761130,-416,156,-250,-133,-578,0,0,1317,1033,372,106,-106,100,-92,605,-678,1311
,-15,5471,6004,6031,6245,1,1,31,3
758,60781133,-419,143,-244,-114,-580,0,0,1316,1033,-9,107,-107,44,-93,820,-483,1310,9,5480,5908,6249,6244,1,1,31,3
759,60801133,-422,123,-219,-106,-581,0,0,1315,1033,-119,107,-106,-82,-93,1266,-39,1309,19,5739,5955,6279,5827,1,1,31,3


760,60821136,-425,98,-183,-112,-582,0,0,1315,1032,-233,106,-106,55,-93,755,-524,1309,-16,6075,5908,6241,5676,1,1,31,3
761,60841136,-427,91,-165,-122,-584,0,0,1314,1032,6,107,-107,-26,-93,1063,-236,1308,10,6018,6056,6137,5613,1,1,31,3
762,60861136,-428,115,-193,-121,-585,0,
0,1314,1032,516,106,-106,-102,-93,1330,32,1308,14,5851,6361,5926,5734,1,1,31,3
763,60881139,-431,140,-232,-105,-586,0,0,1313,1031,523,104,-104,-107,-91,1336,50,1308,0,5577,6325,5946,5988,1,1,31,3
764,60901140,-434,152,-259,-89,-587,0,0,1312,1031,298,103,-103,0,-90,95
1,-322,1308,-20,5623,6068,6128,6070,1,1,31,3
765,60921142,-437,146,-259,-87,-589,0,0,1312,1031,74,103,-103,9,-90,938,-352,1308,-3,5808,5907,6264,5868,1,1,31,3
766,60941130,-440,135,-245,-98,-590,0,0,1312,1031,0,103,-103,-19,-90,1043,-250,1307,2,5879,5748,6417,5736,1,1
,31,3
767,60961131,-442,110,-210,-121,-591,0,0,1312,1031,-278,103,-103,-30,-90,1079,-212,1307,1,5918,5813,6300,5626,1,1,31,3
768,60981137,-444,110,-201,-137,-593,0,0,1312,1031,0,102,-102,-104,-89,1345,51,1307,8,5716,6187,5939,5701,0,0,7,3
769,61001144,-447,128,-220,
-130,-594,0,0,1311,1031,315,101,-101,-42,-88,1117,-165,1307,-7,5599,6228,5803,5842,1,1,31,3
770,61021134,-449,154,-257,-118,-595,0,0,1311,1031,473,100,-100,-84,-87,1278,-14,1307,7,5809,6324,5797,5636,1,1,31,3
771,61041134,-452,140,-251,-114,-597,0,0,1311,1031,-5,99,-99,-123,-86,1410,126,1307,0,5727,6199,5944,5672,1,1,31,3
77
2,61061150,-455,115,-219,-120,-598,0,0,1312,1031,-267,98,-98,28,-86,871,-404,1307,-18,5630,5548,6435,5893,1,1,31,3
773,61081152,-457,105,-198,-136,-599,0,0,1312,1031,-9,98,-98,-29,-85,1095,-200,1306,7,5545,5395,6566,5838,1,1,31,3
774,61101154,-460,96,-183,-148,-600,0,
0,1313,1032,-7,96,-96,-37,-84,1110,-173,1306,-5,5515,5766,6168,5833,1,1,31,3
775,61121153,-461,117,-206,-142,-601,0,0,1313,1032,364,96,-96,14,-84,935,-348,1306,-7,5577,6146,5744,5820,1,1,31,3
776,61141156,-464,139,-239,-123,-603,0,0,1314,1032,391,97,-97,-21,-85,1078,-222,1305,13,5761,6441,5563,5674,1,1,31,3
777,61161157,-467,129,-236,-113,-604,0,0,1314,1
031,14,97,-97,-91,-85,1322,21,1305,19,5900,6408,5597,5407,1,1,31,3
778,61181143,-469,104,-204,-113,-605,0,0,1315,1032,-343,96,-96,-128,-84,1433,154,1305,-2,5892,6175,5898,5424,1,1,31,3
779,61201158,-471,80,-167,-122,-606,0,0,1314,1032,-381,97,-97,103,-84,606,-660,1305
,-28,5695,5416,6367,5768,1,1,31,3
780,61221161,-473,72,-149,-133,-607,0,0,1315,1032,-13,99,-99,158,-86,439,-858,1303,1,5664,5348,6422,5875,1,1,31,3
781,61241160,-474,70,-143,-136,-608,0,0,1315,1032,38,99,-99,-86,-86,1315,0,1303,36,5202,5765,6194,6062,1,1,31,3
782,61261161,-476,94,-173,-115,-609,0,0,1316,1033,551,97,-97,-
95,-84,1303,29,1303,-6,5280,6374,5588,5994,1,1,31,3
783,61281164,-478,119,-212,-76,-610,0,0,1316,1033,413,96,-96,52,-84,788,-481,1303,-20,5608,6376,5412,5764,1,1,31,3
784,61301169,-480,94,-193,-48,-611,0,0,1318,1033,-327,97,-97,-44,-85,1158,-142,1302,20,5846
,6200,5699,5442,1,1,31,3
785,61321166,-482,70,-158,-49,-612,0,0,1318,1033,-586,97,-97,-36,-84,1111,-171,1302,3,6029,5796,6057,5237,1,1,31,3
786,61341153,-483,45,-127,-65,-613,0,0,1319,1034,-629,95,-95,-123,-83,1416,138,1302,4,5892,5630,6354,5345,1,1,31,3
787,61361169,-484,22,-98,-86,-614,0,0,1319,1034,-244,95,-95,94,-83,628,
-627,1302,-35,5401,5483,6232,5982,1,1,31,3
788,61381168,-485,47,-113,-82,-614,0,0,1319,1034,430,96,-96,81,-84,711,-578,1301,3,5053,5813,5930,6315,1,1,31,3
789,61401172,-485,43,-118,-48,-615,0,0,1319,1035,-2,96,-96,-61,-84,1218,-80,1300,24,5142,6260,5623,6097,1,1,31,3

790,61421153,-486,37,-116,-13,-616,0,0,1319,1035,-28,94,-94,-69,-82,1214,-53,1300,-6,5532,6225,5716,5768,1,1,31,3
791,61441172,-487,13,-94,2,-616,0,0,1320,1034,-661,95,-95,81,-83,690,-577,1300,-19,6143,5958,5846,5296,1,1,31,3
792,61461172,-487,-12,-65,-8,-616,0,0,132
0,1034,-626,96,-95,-31,-83,1111,-182,1299,18,6091,5841,6095,5258,1,1,31,3
793,61481177,-487,-11,-59,-25,-617,0,0,1320,1035,-2,94,-94,-38,-82,1109,-162,1299,-5,5752,5823,6113,5598,1,1,31,3
794,61501152,-487,-11,-61,-28,-617,0,0,1320,1035,0,94,-94,-82,-82,128
2,1,1299,10,5575,5955,6071,5774,0,0,7,3
795,61521178,-487,2,-77,-22,-617,0,0,1320,1035,148,92,-92,-109,-80,1369,98,1299,1,5393,6098,5952,5934,1,1,31,3
796,61541174,-487,2,-84,1,-617,0,0,1320,1034,0,92,-92,-16,-80,1041,-227,1299,-8,5052,6051,5909,6358,1,1,31,3
797,615
61180,-487,28,-112,26,-618,0,0,1320,1035,311,92,-92,-6,-80,1014,-263,1299,0,5486,6068,5886,5932,1,1,31,3
798,61581177,-487,2,-98,37,-618,0,0,1320,1035,-666,91,-91,-29,-80,1099,-181,1298,5,5790,5957,5987,5575,1,1,31,3
799,61601182,-487,-23,-69,27,-618,0,0,1320,1035,-
911,90,-90,-92,-79,1317,43,1298,5,6154,5916,6086,5153,1,1,31,3
800,61621180,-487,-49,-37,1,-618,0,0,1320,1035,-608,88,-88,-132,-77,1462,190,1298,6,5997,5957,6079,5267,1,1,31,3
801,61641172,-486,-45,-38,-13,-618,0,0,1320,1035,1,86,-86,-68,-75,1235,-32,1298,-5,5759
,5942,6034,5566,1,1,31,3
802,61661183,-485,-19,-56,-9,-618,0,0,1320,1035,386,85,-85,-29,-74,1099,-165,1298,-11,5189,6042,5916,6189,1,1,31,3
803,61681188,-485,-18,-68,20,-618,0,0,1319,1035,0,86,-86,-25,-75,1108,-176,1298,11,5022,6007,5955,6355,1,1,31,3
804,61701190,-
484,7,-96,51,-618,0,0,1320,1035,396,84,-84,-123,-73,1450,169,1298,15,5377,6015,6053,5926,1,1,31,3
805,61721189,-484,-18,-82,61,-618,0,0,1319,1035,-752,83,-83,-10,-72,1032,-224,1298,-19,5812,5933,6009,5586,1,1,31,3
806,61741193,-484,-43,-54,52,-618,0,0,1320,1035,-537,
83,-82,-41,-72,1166,-111,1298,5,6146,5960,6065,5263,1,1,31,3
807,61761194,-483,-67,-37,32,-618,0,0,1319,1035,-459,81,-81,-125,-71,1467,188,1298,13,5942,5967,6086,5336,1,1,31,3
808,61781197,-482,-65,-30,20,-618,0,0,1319,1035,-34,79,-78,-67,-68,1245,-13,1298,-14,5509,59
53,6094,5881,1,1,31,3
809,61801182,-481,-40,-52,24,-618,0,0,1318,1034,260,78,-78,-80,-68,1314,40,1298,4,5366,5989,6095,6025,1,1,31,3
810,61821182,-480,-15,-69,36,-618,0,0,1317,1034,548,77,-77,-84,-67,1328,57,1298,1,5338,6077,6076,6114,1,1,31,3
811,61841196,-479,-9,-8
7,46,-618,0,0,1317,1034,64,75,-75,-71,-66,1282,15,1298,-4,5596,6080,6042,5850,1,1,31,3
812,61861199,-479,-28,-75,48,-618,0,0,1317,1034,-243,75,-75,0,-66,1039,-232,1298,-6,5811,6036,6017,5693,1,1,31,3
813,61881202,-479,-52,-55,43,-618,0,0,1317,1034,-336,75,-75,7,-65,1011,-258,1298,-7,5936,5899,607
4,5503,1,1,31,3
814,61901204,-478,-48,-57,30,-618,0,0,1317,1034,3,74,-74,-97,-65,1401,112,1297,20,5816,5884,6188,5518,1,1,31,3
815,61921203,-477,-42,-58,18,-618,0,0,1316,1034,18,72,-72,-216,-63,1814,534,1298,20,5652,6043,6137,5571,1,1,31,3
816,61941191,-476,-34,-58,1
4,-617,0,0,1316,1034,69,69,-69,-122,-60,1463,211,1299,-15,5706,6071,6066,5659,1,1,31,3
817,61961192,-475,-24,-71,12,-617,0,0,1315,1034,92,69,-68,-8,-60,1075,-186,1298,-15,5614,5941,6080,5839,1,1,31,3
818,61981209,-475,-22,-78,16,-618,0,0,1314,1034,0,69,-69,41,-60,921
,-357,1298,-1,5404,5940,6034,6085,1,1,31,3
819,62001206,-474,-20,-82,27,-618,0,0,1315,1034,-2,69,-69,-87,-60,1379,93,1298,16,5392,5987,6163,6030,1,1,31,3
820,62021204,-474,-20,-83,31,-618,0,0,1314,1034,0,67,-67,1,-59,1043,-214,1298,-19,5683,5887,6096,5750,0,0,7,3
821,62041
213,-474,-32,-72,25,-618,0,0,1314,1034,-161,68,-68,45,-59,910,-366,1297,-3,5982,5954,6038,5530,1,1,31,3
822,62061215,-473,-29,-71,13,-618,0,0,1313,1033,6,68,-68,-101,-59,1435,147,1297,19,5923,6040,6078,5438,1,1,31,3
823,62081198,-472,-38,-62,4,-618,0,0,1314,1033,-138,
66,-66,-137,-58,1553,275,1297,11,5983,6175,6073,5445,1,1,31,3
824,62101202,-472,-29,-68,-3,-618,0,0,1313,1033,67,64,-64,-118,-56,1478,215,1298,-6,5821,6127,6049,5574,1,1,31,3
825,62121217,-471,-27,-73,0,-618,0,0,1313,1033,0,65,-65,131,-57,597,-661,1297,-28,5363,5969,5
990,6280,1,1,31,3
826,62141219,-470,-2,-98,10,-618,0,0,1312,1033,348,66,-66,19,-58,1021,-270,1297,13,5316,5916,6088,6149,1,1,31,3
827,62161220,-470,-2,-107,18,-618,0,0,1312,1033,0,65,-65,-74,-57,1339,58,1297,10,5440,5855,6254,5962,1,1,31,3
828,62181221,-470,-10,-101
,18,-619,0,0,1312,1033,-106,65,-65,38,-57,923,-337,1297,-19,5795,5942,6038,5698,1,1,31,3
829,62201223,-470,-35,-75,8,-619,0,0,1313,1033,-353,66,-66,54,-58,888,-393,1296,2,5962,5986,5988,5543,1,1,31,3
830,62221222,-469,-32,-69,-4,-619,0,0,1312,1033,6,66,-66,-71,-57,13
29,48,1296,11,5928,6152,5917,5439,1,1,31,3
831,62241223,-469,-17,-81,-10,-619,0,0,1312,1033,148,64,-64,-78,-56,1344,74,1296,0,5985,6229,5945,5479,1,1,31,3
832,62261224,-468,-2,-99,-8,-619,0,0,1312,1033,176,64,-64,21,-56,992,-274,1296,-11,5552,6138,5901,5963,1,1,31,3

833,62281225,-468,23,-129,3,-620,0,0,1312,1032,335,65,-65,47,-57,917,-364,1295,3,5457,5915,6125,6098,1,1,31,3
834,62301226,-469,21,-136,8,-620,0,0,1311,1032,0,65,-65,-73,-57,1342,56,1295,16,5409,5868,6276,6027,1,1,31,3
835,62321228,-469,19,-134,5,-621,0,0,1312,1033,-
2,64,-64,-54,-56,1258,-10,1295,-4,5684,5946,6209,5807,1,1,31,3
836,62341229,-470,10,-124,-9,-621,0,0,1311,1033,-89,64,-64,74,-56,803,-460,1295,-17,5987,5955,6014,5557,1,1,31,3
837,62361230,-470,-3,-106,-25,-622,0,0,1312,1032,-160,66,-65,-13,-57,1144,-151,1294,22,6063,
6160,5953,5446,1,1,31,3
838,62381234,-470,22,-122,-34,-622,0,0,1311,1032,409,64,-64,-181,-56,1722,438,1294,21,6034,6304,5946,5307,1,1,31,3
839,62401219,-470,30,-135,-39,-622,0,0,1311,1032,129,62,-62,-68,-54,1296,45,1295,-19,5867,6309,5863,5621,1,1,31,3
840,62421236,-
471,55,-161,-32,-623,0,0,1311,1032,616,65,-65,243,-56,199,-1054,1294,-37,5312,5896,5933,6413,1,1,31,3
841,62441237,-472,71,-182,-21,-624,0,0,1312,1032,262,68,-68,162,-59,522,-773,1293,12,5246,5698,6202,6378,1,1,31,3
842,62461237,-473,65,-181,-15,-625,0,0,1311,1033,-6,68,-6
8,-36,-60,1210,-81,1292,21,5395,5737,6286,5989,1,1,31,3
843,62481240,-475,60,-173,-23,-626,0,0,1313,1033,0,68,-67,-42,-59,1209,-63,1292,3,5859,5963,6083,5549,1,1,31,3
844,62501240,-476,54,-162,-41,-627,0,0,1313,1033,-10,68,-68,78,-60,783,-484,1291,-10,6063,5999,5884,5
406,1,1,31,3
845,62521241,-477,45,-147,-57,-627,0,0,1313,1033,-68,69,-69,-60,-60,1290,1,1291,22,5985,6281,5794,5410,1,1,31,3
846,62541237,-478,45,-141,-64,-628,0,0,1312,1033,0,68,-68,-54,-59,1241,-22,1291,-5,5738,6120,5948,5675,0,0,7,3
847,62561244,-479,41,-136,-63,
-629,0,0,1312,1033,4,68,-68,13,-59,1009,-255,1291,-7,5709,6005,6077,5839,1,1,31,3
848,62581232,-480,48,-140,-62,-629,0,0,1312,1033,125,68,-68,69,-59,816,-453,1290,-6,5792,5999,6029,5806,1,1,31,3
849,62601247,-480,44,-138,-61,-630,0,0,1312,1032,-3,69,-69,-9,-60,1104,-
177,1290,12,5584,6006,6099,5938,1,1,31,3
850,62621247,-481,40,-133,-58,-631,0,0,1312,1032,-5,68,-68,-78,-59,1340,64,1290,11,5408,5952,6167,6003,1,1,31,3
851,62641249,-482,37,-129,-47,-631,0,0,1313,1033,0,66,-66,-29,-58,1151,-107,1290,-11,5525,6015,6022,5905,1,1,31,3

852,62661251,-483,25,-116,-37,-632,0,0,1313,1033,-113,67,-67,48,-58,888,-375,1290,-10,5757,6017,5889,5682,1,1,31,3
853,62681251,-483,17,-105,-34,-632,0,0,1314,1033,-77,67,-67,3,-59,1064,-217,1289,12,5975,6118,5919,5500,1,1,31,3
854,62701251,-484,1,-88,-37,-633,0,0,131
3,1033,-180,66,-66,-157,-57,1624,349,1289,17,5829,6161,5969,5443,1,1,31,3
855,62721253,-484,1,-83,-39,-633,0,0,1314,1033,0,65,-65,-33,-56,1162,-88,1289,-17,5791,6072,5996,5663,1,1,31,3
856,62741254,-484,19,-101,-32,-633,0,0,1313,1033,235,67,-67,187,-58,392,-860,1289,
-29,5486,5898,5867,6072,1,1,31,3
857,62761243,-484,17,-107,-15,-634,0,0,1315,1033,-7,69,-69,41,-60,938,-352,1288,20,5319,5970,6014,6171,1,1,31,3
858,62781255,-485,25,-117,-5,-634,0,0,1315,1033,115,68,-68,-168,-59,1659,380,1288,22,5512,5974,6127,5713,1,1,31,3
859,628
01243,-485,0,-98,-6,-635,0,0,1315,1033,-339,66,-66,-71,-58,1294,42,1288,-11,5855,6051,5992,5506,1,1,31,3
860,62821248,-485,-22,-71,-13,-635,0,0,1315,1033,-279,67,-67,147,-58,526,-724,1288,-27,5932,5930,5850,5571,1,1,31,3
861,62841260,-485,-20,-65,-17,-635,0,0,131
5,1033,3,69,-69,-43,-60,1245,-53,1287,36,5845,6102,5912,5511,1,1,31,3
862,62861265,-484,-18,-66,-13,-635,0,0,1315,1034,-2,67,-67,-97,-58,1394,130,1287,4,5547,6058,5965,5739,1,1,31,3
863,62881265,-484,-17,-70,-4,-635,0,0,1316,1033,-4,66,-66,43,-58,892,-357,1287,-20,5
639,5981,5963,5834,1,1,31,3
864,62901264,-483,-16,-74,0,-636,0,0,1315,1033,-2,68,-67,84,-59,768,-503,1286,0,5661,5843,6034,5809,1,1,31,3
865,62921266,-483,-15,-77,7,-636,0,0,1316,1033,-3,66,-66,-133,-58,1537,263,1286,18,5397,5978,6159,5929,1,1,31,3
866,62941267,-483,
-14,-81,13,-636,0,0,1316,1033,-2,65,-65,9,-56,1012,-234,1286,-20,5583,5931,6033,5846,1,1,31,3
867,62961265,-483,-24,-73,15,-636,0,0,1316,1033,-140,65,-65,13,-57,1020,-246,1286,0,5841,6013,5996,5629,1,1,31,3
868,62981272,-482,-22,-73,14,-636,0,0,1316,1034,2,65,-65,-25,
-57,1160,-111,1286,9,5815,6126,5920,5619,1,1,31,3
869,63001264,-482,-20,-75,14,-636,0,0,1316,1033,1,64,-64,-90,-56,1388,118,1286,12,5814,6168,5968,5589,1,1,31,3
870,63021272,-481,-17,-79,12,-636,0,0,1316,1033,17,63,-63,-117,-55,1476,216,1286,4,5960,6201,5960,5421,1,1,
31,3
871,63041254,-481,-13,-86,7,-636,0,0,1316,1033,41,62,-62,12,-54,1014,-236,1286,-16,5665,5971,6097,5867,1,1,31,3
872,63061270,-481,-13,-88,7,-637,0,0,1315,1033,0,63,-63,50,-55,901,-366,1285,-1,5405,5755,6285,6159,0,0,7,3
873,63081273,-480,-4,-96,6,-637,0,0,1315,
1033,84,63,-63,-82,-55,1379,96,1285,23,5509,5892,6253,5908,1,1,31,3
874,63101278,-480,22,-123,5,-637,0,0,1314,1033,338,61,-61,-64,-53,1286,32,1285,-7,5662,6056,6065,5781,1,1,31,3
875,63121263,-481,20,-129,1,-638,0,0,1314,1033,0,61,-61,74,-53,803,-450,1285,-17,5907,617
2,5847,5688,1,1,31,3
876,63141281,-481,8,-119,-7,-638,0,0,1313,1032,-120,62,-62,2,-54,1075,-196,1284,7,6052,6203,5889,5473,1,1,31,3
877,63161276,-481,20,-125,-17,-638,0,0,1313,1032,155,61,-61,-107,-53,1461,187,1284,17,5664,6074,6115,5753,1,1,31,3
878,63181282,-482,3
1,-135,-22,-639,0,0,1313,1032,149,59,-59,-57,-51,1264,12,1285,-10,5579,5980,6159,5892,1,1,31,3
879,63201280,-482,43,-149,-25,-639,0,0,1313,1032,186,59,-59,9,-51,1046,-215,1284,-5,5528,5862,6204,5986,1,1,31,3
880,63221281,-483,44,-153,-27,-640,0,0,1312,1032,50,58,-58,-
98,-51,1439,164,1284,16,5507,5941,6230,5905,1,1,31,3
881,63241286,-484,54,-162,-32,-641,0,0,1312,1032,175,56,-56,-74,-49,1340,83,1284,-3,5704,6045,6162,5795,1,1,31,3
882,63261288,-485,56,-165,-39,-641,0,0,1311,1031,78,55,-55,-64,-48,1321,54,1284,5,5880,6226,5983,5
632,1,1,31,3
883,63281288,-486,49,-157,-46,-642,0,0,1312,1031,-29,53,-53,-140,-46,1590,323,1285,9,5961,6244,6075,5519,1,1,31,3
884,63301274,-487,71,-174,-55,-642,0,0,1311,1031,328,51,-51,-224,-44,1893,629,1286,10,6087,6292,6094,5300,1,1,31,3
885,63321288,-489,66,-173
,-67,-643,0,0,1311,1031,-2,48,-48,-107,-42,1457,221,1286,-27,5761,6119,6188,5777,1,1,31,3
886,63341293,-490,78,-185,-73,-644,0,0,1309,1031,223,48,-48,28,-42,1011,-246,1286,-12,5393,5817,6322,6212,1,1,31,3
887,63361294,-492,85,-196,-74,-645,0,0,1309,1030,172,47,-47,-1
10,-41,1520,239,1286,19,5342,5865,6442,6162,1,1,31,3
888,63381283,-493,80,-190,-76,-646,0,0,1308,1030,22,45,-45,-128,-39,1564,305,1287,-4,5556,6064,6222,5904,1,1,31,3
889,63401296,-495,74,-180,-82,-646,0,0,1309,1030,4,44,-44,-28,-39,1213,-41,1287,-15,6250,6252,5962,5
324,1,1,31,3
890,63421300,-496,55,-156,-94,-647,0,0,1309,1030,-175,45,-45,-57,-39,1343,65,1287,12,6062,6381,5760,5369,1,1,31,3
891,63441296,-497,50,-143,-99,-648,0,0,1310,1030,0,43,-43,-163,-37,1710,440,1287,9,5865,6246,5991,5468,1,1,31,3
892,63461287,-498,59,-148,-1
00,-648,0,0,1308,1031,165,41,-40,-108,-35,1502,250,1288,-13,5630,5974,6170,5721,1,1,31,3
893,63481301,-500,73,-164,-98,-649,0,0,1309,1030,233,41,-41,111,-36,734,-518,1287,-24,5400,5569,6453,6234,1,1,31,3
894,63501289,-501,73,-169,-95,-650,0,0,1308,1030,75,41,-41,-67,
-36,1399,112,1287,22,5356,5770,6398,6073,1,1,31,3
895,63521306,-503,64,-160,-89,-651,0,0,1309,1030,-46,38,-38,-141,-33,1637,371,1288,3,5676,6217,6079,5755,1,1,31,3
896,63541304,-504,59,-153,-87,-652,0,0,1309,1030,2,37,-37,-4,-32,1151,-103,1288,-17,6053,6211,5919,5469,
1,1,31,3
897,63561303,-505,54,-146,-90,-652,0,0,1309,1030,0,36,-36,-132,-31,1641,354,1288,24,6064,6243,5995,5307,1,1,31,3
898,63581302,-506,54,-144,-98,-653,0,0,1310,1030,0,33,-33,-173,-28,1760,499,1289,-2,5804,6033,6237,5537,0,0,7,3
899,63601310,-507,51,-141,-104,-
653,0,0,1310,1030,19,31,-31,4,-27,1135,-116,1289,-22,5624,5843,6281,5901,1,1,31,3
900,63621312,-508,66,-155,-104,-654,0,0,1309,1030,232,31,-31,-22,-27,1262,-17,1289,9,5468,5824,6373,6062,1,1,31,3
901,63641310,-510,83,-179,-101,-655,0,0,1308,1030,272,29,-29,-183,-26,1840,551,
1289,27,5509,5978,6389,5887,1,1,31,3
902,63661300,-511,82,-184,-100,-656,0,0,1309,1030,69,26,-26,-190,-23,1839,583,1290,-8,5680,6188,6279,5815,1,1,31,3
903,63681314,-513,61,-161,-103,-656,0,0,1309,1029,-179,25,-25,39,-22,1027,-218,1290,-31,6093,6198,5925,5487,1,1,31,
3
904,63701315,-514,56,-150,-112,-657,0,0,1309,1030,0,27,-26,-47,-23,1384,89,1290,24,6178,6229,6006,5326,1,1,31,3
905,63721317,-515,52,-142,-123,-658,0,0,1307,1029,1,24,-24,-138,-21,1680,407,1290,5,5866,6083,6195,5526,1,1,31,3
906,63741307,-516,47,-136,-128,-658,0,0,
1307,1029,-2,23,-23,-22,-20,1263,1,1291,-12,5739,6001,6311,5905,1,1,31,3
907,63761317,-517,65,-151,-127,-659,0,0,1306,1029,273,22,-22,-44,-19,1359,86,1291,0,5532,5933,6428,6110,1,1,31,3
908,63781322,-519,77,-169,-116,-660,0,0,1308,1028,208,20,-20,-139,-18,1708,423,12
91,16,5342,6087,6388,6231,1,1,31,3
909,63801320,-520,82,-180,-102,-660,0,0,1309,1029,140,17,-17,-94,-15,1534,271,1292,-10,5620,6170,6080,5820,1,1,31,3
910,63821320,-522,67,-166,-94,-661,0,0,1310,1029,-101,16,-16,-54,-14,1407,137,1292,-4,5954,6254,5940,5497,1,1,31,3
9
11,63841322,-523,43,-139,-103,-662,0,0,1311,1029,-356,15,-15,-89,-13,1539,264,1292,2,6181,6064,6100,5172,1,1,31,3
912,63861326,-524,18,-107,-116,-662,0,0,1312,1029,-421,14,-14,-117,-12,1642,367,1293,4,6053,6024,6169,5272,1,1,31,3
913,63881326,-524,14,-94,-124,-663,0,0
,1313,1030,-31,12,-12,-22,-11,1300,37,1293,-13,5267,5797,6273,6117,1,1,31,3
914,63901313,-525,34,-110,-114,-663,0,0,1314,1030,263,12,-12,5,-11,1217,-57,1293,-1,5243,5820,6209,6143,1,1,31,3
915,63921328,-525,31,-115,-90,-664,0,0,1314,1030,-1,11,-11,-79,-9,1524,241,129
3,13,4902,5961,6112,6366,1,1,31,3
916,63941329,-526,22,-109,-57,-664,0,0,1316,1031,-81,8,-8,-83,-7,1525,260,1294,-6,5374,6015,6038,5874,1,1,31,3
917,63961331,-526,-3,-86,-42,-664,0,0,1317,1031,-695,7,-7,-21,-6,1316,50,1294,-8,5976,5971,5951,5251,1,1,31,3
918,639813
34,-526,-27,-57,-48,-664,0,0,1318,1031,-737,7,-7,-47,-6,1427,145,1294,12,6187,6071,5941,5072,1,1,31,3
919,64001333,-526,-50,-29,-59,-664,0,0,1319,1031,-323,6,-6,-116,-5,1666,387,1294,13,5959,6042,6004,5207,1,1,31,3
920,64021333,-525,-42,-37,-64,-664,0,0,1321,1032,51,4,-4,
-149,-4,1775,510,1295,0,5643,6044,6034,5497,1,1,31,3
921,64041325,-524,-18,-54,-55,-664,0,0,1321,1032,276,3,-3,51,-3,1056,-194,1295,-27,5065,5857,59
73,6208,1,1,31,3
922,64061340,-523,7,-88,-34,-664,0,0,1322,1032,331,3,-3,-30,-3,1377,96,1295,10,5038,5896,6036,6167,1,1,31,3
923,64081339,-524,-18,-78,-17,-664,0,0,1323,1033,-350,2,-1,-142,-1,1768,493,1296,11,5189,5933,6049,5859,1,1,31,3
924,64101335,-523,-18,-75,-12,-664,0,0,1325,1033,0,0,0,-65,
0,1488,225,1296,-5,5905,5869,6023,5201,0,0,7,3
925,64121343,-523,-44,-51,-20,-664,0,0,1325,1034,-823,0,0,-27,0,1367,96,1296,2,6068,5823,5961,4994,1,1,31,3
926,64141345,-522,-70,-35,-36,-664,0,0,1327,1034,-813,-2,2,-173,2,1884,610,1297,15,5579,6007,5950,5383,1,1,31,3

927,64161340,-521,-68,-27,-34,-664,0,0,1328,1034,-42,-6,6,-172,5,1870,614,1298,-3,5252,6023,5833,5616,1,1,31,3
928,64181348,-519,-62,-32,-24,-663,0,0
,1329,1035,0,-7,7,-90,6,1592,337,1298,-8,5155,5864,5997,5865,1,1,31,3
929,64201349,-518,-57,-40,-3,-663,0,0,1328,1035,0,-8,8,-15,7,1338,77,1298,-8,5136,5808,5957,5922,1,1,31,3
930,64221349,-517,-47,-54,16,-663,0,0,1330,1035,71,-9,9,-95,8,1633,360,1299,10,5449,5887,60
29,5605,1,1,31,3
931,64241352,-516,-68,-41,21,-663,0,0,1330,1035,-306,-12,12,-145,10,1809,540,1299,10,5585,5920,5993,5372,1,1,31,3
932,64261350,-515,-93,-7,15,-662,0,0,1331,1035,-407,-14,14,-95,13,1626,373,1300,-11,5811,5962,5970,5263,1,1,31,3
933,64281353,-513,-107,
17,6,-662,0,0,1331,1035,-271,-16,16,-91,14,1632,366,1301,2,5764,5996,5916,5285,1,1,31,3
934,64301351,-511,-98,10,6,-661,0,0,1332,1035,0,-18,18,-104,16,1681,417,1301,1,5470,6041,5943,5627,1,1,31,3
935,64321341,-509,-91,-4,13,-660,0,0,1332,1035,0,-19,19,-133,17,1793,52
7,1302,4,5416,6072,5928,5638,1,1,31,3
936,64341355,-507,-83,-19,31,-660,0,0,1333,1035,1,-21,21,-69,18,1565,303,1302,-6,5096,5909,6087,6073,1,1,31,3
937,64361358,-505,-67,-44,48,-660,0,0,1332,1035,126,-22,23,-105,20,1707,436,1303,7,5285,5892,6072,5778,1,1,31,3
938,64
381358,-504,-74,-45,52,-659,0,0,1332,1035,-157,-25,25,-222,22,2124,855,1304,13,5541,6029,6103,5470,1,1,31,3
939,64401344,-502,-99,-18,45,-659,0,0,1332,1035,-447,-28,28,-240,24,2188,926,1305,5,5866,6107,6049,5135,1,1,31,3
940,64421357,-500,-123,17,29,-658,0,0,1332,1035,-447,
-30,31,-110,27,1718,474,1306,-23,6088,6017,6003,5025,1,1,31,3
941,64441361,-498,-114,12,17,-657,0,0,1332,1035,-2,-32,32,-167,28,1962,685,1307,14,5347,6073,5983,5672,1,1,31,3
942,64461348,-496,-89,-19,23,-657,0,0,1332,1035,402,-35,35,-185,31,2020,755,1308,3,5326,6170,5
928,5706,1,1,31,3
943,64481363,-494,-82,-39,43,-656,0,0,1331,1035,0,-39,39,-218,34,2144,881,1309,2,4762,5973,6129,6208,1,1,31,3
944,64501360,-492,-83,-45,68,-656,0,0,1331,1035,-95,-43,43,-237,37,2229,959,1310,8,5107,5975,6199,5890,1,1,31,3
945,64521365,-490,-108,-21
,76,-655,0,0,1331,1035,-446,-48,48,-277,42,2376,1112,1312,4,5506,5994,6220,5453,1,1,31,3
946,64541365,-488,-129,9,64,-654,0,0,1331,1035,-380,-53,53,-212,46,2153,899,1313,-13,5915,5981,6194,5123,1,1,31,3
947,64561366,-486,-118,3,44,-653,0,0,1331,1035,12,-57,58,-277,50,2420,1143,1315,15,57
66,6102,6145,5203,1,1,31,3
948,64581365,-483,-97,-23,36,-653,0,0,1331,1035,146,-64,64,-346,56,2664,1401,1317,5,5388,6302,6054,5562,1,1,31,3
949,64601359,-481,-73,-60,40,-652,0,0,1330,1035,269,-69,69,-268,60,2405,1147,1318,-8,5363,6272,6017,5656,1,1,31,3
950,64621360
,-480,-73,-72,51,-652,0,0,1330,1034,0,-74,74,-169,65,2056,811,1320,-30,5170,6083,6192,6020,0,0,7,3
951,64641361,-479,-46,-85,55,-651,0,0,1328,1034,438,-76,76,-154,66,2055,775,1321,2,5410,5989,6289,5783,1,1,31,3
952,64661372,-478,-43,-91,47,-651,0,0,1328,1034,0,-79,79
,-294,69,2563,1274,1322,20,5611,5972,6480,5488,1,1,31,3
953,64681363,-477,-37,-99,25,-651,0,0,1326,1033,21,-85,85,-303,74,2593,1319,1324,2,5776,6074,6389,5318,1,1,31,3
954,64701373,-476,-58,-86,-2,-650,0,0,1326,1033,-285,-91,91,-303,80,2597,1335,1327,-14,5862,6248,621
7,5232,1,1,31,3
955,64721380,-475,-32,-99,-18,-650,0,0,1324,1033,391,-95,95,-244,83,2420,1145,1328,-7,5627,6302,6120,5516,1,1,31,3
956,64741372,-474,-7,-123,-21,-650,0,0,1324,1033,862,-98,98,-301,86,2652,1357,1330,15,5433,6396,6120,5683,1,1,31,3
957,64761383,-474,18
,-151,-16,-650,0,0,1321,1032,676,-103,103,-288,90,2599,1324,1332,-9,5022,6197,6308,6111,1,1,31,3
958,64781371,-474,37,-174,-11,-651,0,0,1320,1032,251,-107,107,-218,94,2373,1090,1334,-7,5256,5956,6483,5930,1,1,31,3
959,64801385,-475,22,-168,-23,-651,0,0,1318,1032,-154,
-111,111,-356,97,2897,1592,1335,21,5656,5966,6581,5362,1,1,31,3
960,64821385,-476,0,-145,-49,-651,0,0,1318,1032,-245,-117,117,-373,102,2947,1665,1338,-4,6042,6074,6519,4995,1,1,31,3
961,64841383,-476,0,-133,-80,-651,0,0,1316,1032,-11,-121,122,-308,106,2743,1450,13
40,0,5914,6277,6216,5131,1,1,31,3
962,64861387,-476,24,-146,-97,-651,0,0,1315,1031,525,-127,127,-360,111,2942,1649,1342,3,5717,6452,6161,5342,1,1,31,3
963,64881374,-476,49,-170,-96,-652,0,0,1314,1031,876,-132,132,-338,115,2892,1590,1344,6,5349,6462,6130,5716,1,1,31,3

964,64901390,-477,74,-199,-85,-652,0,0,1313,1031,659,-138,138,-356,120,2960,1665,1347,-5,5141,6309,6352,5956,1,1,31,3
965,64921392,-479,83,-216,-80,-653,0,0,1312,1030,193,-143,143,-332,125,2918,1602,1349,14,5420,5996,6643,5677,1,1,31,3
966,64941395,-480,77,-210,-92
,-653,0,0,1311,1030,0,-148,148,-407,129,3190,1883,1351,5,5983,6048,6662,5042,1,1,31,3
967,64961393,-482,52,-181,-122,-654,0,0,1310,1031,-526,-153,153,-325,134,2907,1609,1354,-13,5970,6139,6458,5091,1,1,31,3
968,64981394,-483,45,-162,-147,-654,0,0,1310,1030,-38,-158,15
8,-320,138,2907,1605,1356,-8,5916,6260,6341,5150,1,1,31,3
969,65001394,-484,69,-175,-160,-655,0,0,1308,1030,566,-163,163,-359,142,3074,1756,1359,6,5285,6486,6139,5716,1,1,31,3
970,65021396,-485,94,-207,-144,-655,0,0,1308,1030,840,-170,170,-361,148,3091,1778,1361,-1,5
046,6513,6163,5998,1,1,31,3
971,65041401,-487,119,-241,-120,-656,0,0,1307,1030,509,-176,176,-265,153,2780,1463,1363,-6,5181,6158,6419,5928,1,1,31,3
972,65061400,-489,105,-231,-114,-656,0,0,1307,1029,-51,-182,182,-398,158,3287,1952,1366,17,5401,6160,6573,5596,1,1,31,3


973,65081401,-491,99,-218,-126,-657,0,0,1308,1029,25,-187,187,-417,163,3363,2037,1369,4,5839,6069,6663,5119,1,1,31,3
974,65101396,-493,74,-181,-153,-658,0,0,1308,1029,-317,-193,193,-417,168,3385,2056,1371,5,6079,6051,6603,4788,1,1,31,3
975,65121402,-495,85,-183,-184
,-658,0,0,1307,1030,211,-198,198,-302,173,2979,1666,1374,-21,5869,6190,6358,5106,1,1,31,3
976,65141398,-497,85,-182,-194,-659,0,0,1306,1030,0,-204,204,-341,178,3162,1818,1377,12,5141,6544,6005,5739,0,0,7,3
977,65161407,-498,111,-213,-175,-659,0,0,1306,1030,1087,-209,
209,-228,183,2765,1436,1379,-11,5152,6192,6308,5889,1,1,31,3
978,65181408,-501,137,-250,-159,-660,0,0,1305,1030,703,-214,214,-351,187,3241,1889,1381,17,5262,6213,6416,5656,1,1,31,3
979,65201411,-503,129,-247,-160,-661,0,0,1306,1029,41,-220,221,-271,192,2960,1621,138
3,-2,5587,5910,6679,5439,1,1,31,3
980,65221414,-506,104,-213,-183,-662,0,0,1305,1030,-566,-227,227,-330,198,3189,1849,1386,-1,5751,5928,6680,5173,1,1,31,3
981,65241409,-508,95,-193,-208,-662,0,0,1306,1030,0,-231,231,-201,202,2745,1413,1388,-17,5871,6100,6445,5225,1,1,31,3

982,65261412,-510,121,-219,-224,-663,0,0,1305,1030,430,-235,235,-319,205,3208,1841,1391,21,5547,6328,6290,5377,1,1,31,3
983,65281416,-512,146,-257,-223,-664,0,0,1305,1029,825,-242,242,-408,211,3525,2170,1394,12,5369,6594,6170,5533,1,1,31,3
984,65301415,-515,171,-297,-
216,-665,0,0,1305,1029,720,-247,247,-402,216,3517,2170,1397,-1,5441,6457,6280,5439,1,1,31,3
985,65321414,-519,166,-299,-220,-666,0,0,1306,1029,108,-252,252,-314,220,3220,1876,1400,-11,5453,6112,6549,5508,1,1,31,3
986,65341416,-522,156,-284,-233,-667,0,0,1305,1030,37,
-256,256,-181,224,2763,1417,1402,-17,5468,5722,6743,5537,1,1,31,3
987,65361420,-525,131,-246,-257,-668,0,0,1306,1030,-377,-260,260,-228,227,2967,1600,1404,6,5573,5759,6768,5387,1,1,31,3
988,65381404,-528,122,-224,-274,-669,0,0,1306,1030,20,-265,265,-326,231,3334,1958,
1406,19,5527,6020,6530,5263,1,1,31,3
989,65401421,-530,118,-214,-283,-670,0,0,1308,1031,77,-270,271,-317,236,3292,1938,1409,-5,5470,6414,6146,5352,1,1,31,3
990,65421425,-532,135,-233,-269,-671,0,0,1307,1031,332,-275,275,-296,240,3248,1885,1412,2,5356,6447,6022,5398,1,
1,31,3
991,65441424,-535,127,-227,-251,-672,0,0,1309,1031,28,-279,279,-219,244,2981,1623,1414,-10,5514,6289,6169,5370,1,1,31,3
992,65461423,-538,115,-212,-244,-673,0,0,1309,1031,-18,-284,284,-323,248,3382,2006,1417,13,5550,5932,6588,5184,1,1,31,3
993,65481427,-540,1
09,-200,-256,-673,0,0,1310,1031,34,-290,290,-247,253,3114,1753,1420,-7,5615,5809,6685,5235,1,1,31,3
994,65501427,-542,84,-167,-271,-674,0,0,1310,1031,-204,-294,294,-200,257,2969,1601,1422,-6,5470,5962,6450,5375,1,1,31,3
995,65521429,-544,94,-171,-273,-675,0,0,1311,10
31,206,-299,299,-202,260,2996,1625,1424,-4,5453,6149,6310,5424,1,1,31,3
996,65541430,-546,104,-186,-260,-675,0,0,1311,1031,219,-304,304,-317,265,3427,2044,1427,13,5385,6400,6165,5370,1,1,31,3
997,65561429,-548,95,-182,-250,-676,0,0,1313,1031,-11,-307,307,-25
5,268,3211,1840,1430,-7,5620,6396,6152,5233,1,1,31,3
998,65581435,-550,82,-168,-245,-677,0,0,1313,1031,-67,-310,310,-221,270,3113,1729,1432,2,5729,6217,6244,5088,1,1,31,3
999,65601436,-551,64,-145,-246,-677,0,0,1315,1031,-152,-313,313,-225,273,3137,1754,1435,0,5434,5
964,6480,5354,1,1,31,3
FLIGHTCFG,3.19000,3.18400,0.87200,0.12580,0.02600,0.00220,0.13530,0.03000,0.00200,0.35400,0.02500,0.00030,0.20100,0.00000,0.00000,0.21600,0.00000,0.00000,0.13100,0.00400,0.00770,0.09030,0.00400,0.00630,0.13500,0.10000,0.00000,8.000,50.000
TRIMCF
G,learn_rate=0.0100,limit_deg=0.80,delay_s=1.00,max_pos_cm=15.0,max_vel_cm_s=4.0,max_vel_target_cm_s=3.0
DEBUG_STATE_END

