seq,time_us,dt_ms,armed,phase,voltage,loc_ready,loc_hold,loc_weight,yaw_deg,pos_err_x_e,pos_err_y_e,vel_x_e,vel_y_e,vel_tgt_x_e,vel_tgt_y_e,vel_err_x_b,vel_err_y_b,loc_raw_roll,loc_raw_pitch,loc_trim_roll,loc_trim_pitch,loc_ramped_roll,loc_ramped_pitch,loc_vel_p_x,loc_vel
_i_x,loc_vel_d_x,loc_vel_p_y,loc_vel_i_y,loc_vel_d_y,roll_tgt,roll_cur,pitch_tgt,pitch_cur,sp_rate_ff_roll,sp_rate_ff_pitch,rate_tgt_r,rate_fb_r,rate_out_r,rate_p_r,rate_i_r,rate_d_r,rate_tgt_p,rate_fb_p,rate_out_p,imu_acc_body_y_m_s2,flow_obs_vx_e,flow_obs_vy_
e,ekf_vx_e,ekf_vy_e,flow_valid,flow_obs_valid,flow_ekf_used,flow_gate_clipped,throttle,height_cm,vel_z_cm_s,m1,m2,m3,m4,att_voltage_scale,goal_pos_x_e,goal_pos_y_e,profile_pos_x_e,profile_pos_y_e,profile_vel_x_e,profile_vel_y_e
547,56060353,20.00,1,3,10.18,1,1
,1.00,0.81,2.65,-20.80,4.71,-0.12,0.51,-4.29,-3.80,-4.06,-0.65,0.43,-0.01,-0.01,-0.65,0.43,-0.50,0.18,-0.13,-0.37,-0.38,0.12,-0.65,-0.11,0.43,-0.44,0.45,0.85,-1.25,2.27,-0.07,-0.52,0.31,0.14,4.19,1.99,0.18,-0.0335,0.23,-16.28,4.71,-0.12,1,1,1,0,37.50,137.15,0
.08,5718,5970,5904,5687,1.002,0.00,0.00,-0.12,0.96,0.00,0.00
548,56080354,20.00,1,3,10.18,1,1,1.00,0.82,2.56,-20.80,4.34,-0.53,0.49,-4.28,-3.56,-3.55,-0.59,0.36,-0.01,-0.01,-0.59,0.36,-0.47,0.18,-0.08,-0.32,-0.38,0.12,-0.59,-0.09,0.36,-0.38,0.63,0.10,-0.97,0.68,0.29,-0
.24,0.31,0.22,2.65,4.39,-0.30,-0.1805,0.08,-5.34,4.34,-0.53,1,1,1,0,37.46,137.16,0.32,5725,5869,6023,5729,1.002,0.00,0.00,-0.12,0.97,0.00,-0.00
549,56100354,20.00,1,3,10.18,1,1,1.00,0.83,2.47,-20.79,4.01,-1.42,0.47,-4.28,-3.27,-2.81,-0.50,0.28,-0.01,-0.01,-0.50,0.28,-
0.43,0.18,-0.04,-0.25,-0.38,0.15,-0.50,-0.08,0.28,-0.29,0.95,-0.40,-0.38,1.02,-0.01,-0.25,0.31,-0.07,1.44,4.68,-0.35,-0.0853,0.17,-11.84,4.01,-1.42,1,1,1,0,37.65,137.09,-0.66,5670,5901,5989,5764,1.002,0.00,0.00,-0.11,0.97,0.00,-0.00
550,56120356,20.00,1,3,10.18,1,1,1.0
0,0.83,2.39,-20.76,3.70,-1.31,0.46,-4.28,-2.98,-2.5
8,-0.50,0.21,-0.01,-0.01,-0.50,0.21,-0.39,0.18,-0.01,-0.23,-0.38,0.13,-0.50,-0.05,0.21,-0.22,0.65,-0.69,-0.78,2.59,-0.16,-0.37,0.31,-0.10,0.70,2.19,0.05,-0.0987,0.00,0.00,3.70,-1.31,1,1,1,0,37.35,137.
19,0.94,5696,6030,5974,5725,1.002,0.00,0.00,-0.11,0.97,0.00,-0.00
551,56140358,20.00,1,3,10.18,1,1,1.00,0.82,2.31,-20.74,4.47,-1.19,0.44,-4.27,-3.34,-2.55,-0.52,0.29,-0.01,-0.01,-0.52,0.29,-0.44,0.18,-0.04,-0.23,-0.38,0.11,-0.52,0.01,0.29,-0.21,0.29,-0.01,-1.40,4.02,-0
.47,-0.60,0.31,-0.18,1.58,-0.74,0.43,-0.0819,13.57,0.20,4.47,-1.19,1,1,1,0,37.45,137.17,0.40,5674,6073,5833,5685,1.002,0.00,0.00,-0.11,0.97,0.00,-0.00
552,56160359,20.00,1,3,10.18,1,1,1.00,0.82,2.22,-20.71,5.45,-0.87,0.43,-4.27,-4.08,-2.72,-0.57,0.43,-0.01,-0.01,-0.57
,0.43,-0.53,0.18,-0.09,-0.25,-0.38,0.07,-0.57,0.08,0.43,-0.25,-0.10,0.89,-2.23,3.80,-0.34,-0.65,0.30,0.01,3.18,-2.63,0.72,-0.1115,16.85,2.91,5.45,-0.87,1,1,1,0,37.50,137.16,0.19,5754,6096,5817,5653,1.002,0.00,0.00,-0.10,0.97,0.00,-0.01
553,56180358,20.00,1,3,10.18,1,1,
1.00,0.82,2.12,-20.70,6.50,-1.42,0.41,-4.27,-5.01,-2.45,-0.54,0.61,-0.01,-0.01,-0.54,0.61,-0.66,0.18,-0.14,-0.22,-0.38,0.08,-0.54,0.14,0.61,-0.31,0.09,1.67,-2.14,2.15,-0.11,-0.55,0.30,0.13,5.31,-2.96,0.89,-0.0576,18.83,-7.87,6.50,-1.42,1,1,1,0,37.42,137.20,0.64,5807,60
99,5835,5602,1.002,0.00,0.00,-0.10,0.97,0.00,-0.01
554,56200360,20.00,1,3,10.18,1,1,1.00,0.82,1.99,-20.67,5.99,-1.31,0.38,-4.27,-5.09,-2.41,-0.55,0.60,-0.01,-0.01,-0.55,0.60,-0.67,0.18,-0.12,-0.22,-0.38,0.06,-0.55,0.16,0.60,-0.35,0.00,1.02,-2.38,1.04,0.01,-0.40,0.30,0.11,4.83,-1.49,0.79,-0.1823,0.0
0,0.00,5.99,-1.31,1,1,1,0,37.29,137.27,1.31,5790,6069,5863,5580,1.003,0.00,0.00,-0.09,0.97,0.00,-0.01
555,56220348,19.99,1,3,10.18,1,1,1.00,0.82,1.87,-20.64,5.52,-1.20,0.36,-4.27,-4.86,-2.46,-0.57,0.53,-0.01,-0.01,-0.57,0.53,-0.64,0.18,-0.08,-0.22,-0.39,0.05,-0.57,0.1
7,0.53,-0.35,-0.13,0.22,-2.68,1.88,-0.31,-0.53,0.30,-0.08,3.55,1.77,0.12,-0.1546,0.00,0.00,5.52,-1.20,1,1,1,0,37.36,137.22,0.93,5661,5988,5874,5713,1.003,0.00,0.00,-0.09,0.97,0.00,-0.02
556,56240363,20.01,1,3,10.18,1,1,1.00,0.83,1.76,-20.62,5.09,-1.11,0.34,-4.27,-4.52,
-2.54,-0.59,0.44,-0.01,-0.01,-0.59,0.44,-0.59,0.18,-0.04,-0.23,-0.39,0.03,-0.59,0.21,0.44,-0.27,-0.22,-0.38,-3.13,2.65,-0.41,-0.66,0.29,-0.04,2.02,4.84,-0.50,-0.2129,0.00,0.00,5.09,-1.11,1,1,1,0,37.11,137.28,2.19,5613,5892,5914,5853,1.002,0.00,0.00,-0.08,0.97
,0.00,-0.02
557,56260363,20.00,1,3,10.18,1,1,1.00,0.85,1.65,-20.60,3.91,-1.03,0.32,-4.27,-3.69,-2.62,-0.61,0.26,-0.01,-0.01,-0.61,0.26,-0.48,0.18,0.04,-0.24,-0.39,0.02,-0.61,0.26,0.26,-0.17,-0.27,-1.35,-3.58,3.15,-0.61,-0.78,0.29,-0.12,0.04,4.25,-0.27,-0.0860,-9.95,-0.15,3.91,-1.03,1,1,1,0,37.18,137.28,
1.70,5552,5947,5857,5785,1.002,0.00,0.00,-0.08,0.97,0.00,-0.03
558,56280366,20.00,1,3,10.19,1,1,1.00,0.84,1.58,-20.57,4.53,-0.59,0.30,-4.27,-3.74,-2.92,-0.66,0.28,-0.01,-0.01,-0.66,0.28,-0.49,0.18,0.02,-0.26,-0.39,-0.00,-0.66,0.32,0.28,-0.12,-0.48,-0.76,-4.43,2.21,-0.2
7,-0.72,0.29,0.16,0.52,0.80,0.19,-0.0686,11.85,4.61,4.53,-0.59,1,1,1,0,36.97,137.40,2.69,5640,5999,5876,5661,1.002,0.00,0.00,-0.07,0.97,0.00,-0.04
559,56300363,20.00,1,3,10.19,1,1,1.00,0.85,1.49,-20.56,4.53,-0.59,0.29,-4.27,-3.77,-3.04,-0.68,0.29,-0.01,-0.01,-0.68,0.
29,-0.49,0.18,0.02,-0.27,-0.39,-0.01,-0.68,0.34,0.29,-0.15,-0.42,-0.42,-4.60,1.03,-0.27,-0.68,0.28,0.13,1.00,-3.00,0.80,-0.1144,0.00,0.00,4.53,-0.59,1,0,0,0,37.12,137.38,1.73,5735,6009,5726,5593,1.002,0.00,0.00,-0.07,0.97,0.00,-0.04
560,56320370,20.01,1,3,10.19,1,1,1.
00,0.86,1.39,-20.55,4.15,-0.54,0.27,-4.27,-3.57,-3.12,-0.69,0.25,-0.01,-0.01,-0.69,0.25,-0.47,0.18,0.03,-0.28,-0.39,-0.01,-0.69,0.34,0.25,-0.24,-0.34,-0.51,-4.54,-0.92,0.03,-0.46,0.28,0.21,1.07,-5.22,1.03,-0.0869,0.00,0.00,4.15,-0.54,1,1,1,0,37.01,137.46,2.21,5830,601
5,5751,5549,1.002,0.00,0.00,-0.07,0.97,0.00,-0.04
561,56340372,20.00,1,3,10.19,1,1,1.00,0.87,1.31,-20.54,3.80,-0.50,0.25,-4.28,-3.29,-3.18,-0.70,0.20,-0.01,-0.01,-0.70,0.20,-0.43,0.18,0.04,-0.29,-0.39,-0.01,-0.70,0.29,0.20,-0.35,-0.27,-0.65,-4.30,-2.14,0.08,-0.30,0.28,
0.09,1.09,-4.21,0.59,-0.1517,0.00,0.00,3.80,-0.50,1,1,1,0,37.07,137.47,1.74,5742,5957,5821,5566,1.001,0.00,0.00,-0.06,0.96,0.00,-0.05
562,56360373,20.00,1,3,10.19,1,1,1.00,0.87,1.24,-20.53,3.49,-0.46,0.24,-4.28,-3.00,-3.24,-0.70,0.15,-0.01,-0.01,-0.70,0.15,-0.39,0.18,
0.06,-0.29,-0.39,-0.01,-0.70,0.25,0.15,-0.41,-0.21,-0.74,-4.03,-1.02,-0.24,-0.41,0.28,-0.11,1.04,-1.26,0.02,-0.2661,0.00,0.00,3.49,-0.46,1,1,1,0,36.92,137.57,2.44,5653,5914,5845,5709,1.001,0.00,0.00,-0.06,0.96,0.00,-0.05
563,56380373,20.00,1,3,10.19,1,1,1.00,0.89,1.17,
-20.52,3.19,0.34,0.23,-4.28,-2.72,-3.74,-0.78,0.11,-0.01,-0.01,-0.78,0.11,-0.36,0.18,0.07,-0.34,-0.39,-0.04,-0.78,0.24,0.11,-0.41,-0.59,-0.76,-4.75,1.20,-0.61,-0.65,0.28,-0.23,0.87,1.39,-0.31,-0.1815,-0.14,9.28,3.19,0.34,1,1,1,0,37.28,137.46,0.48,5560,5879,5799,5802,1.
001,0.00,0.00,-0.05,0.96,0.00,-0.05
564,56400375,20.00,1,3,10.19,1,1,1.00,0.91,1.10,-20.53,2.89,2.88,0.21,-4.28,-2.46,-5.47,-1.03,0.06,-0.01,-0.01,-1.03,0.06,-0.32,0.18,0.07,-0.49,-0.39,-0.14,-1.03,0.28,0.06,-0.37,-1.96,-0.74,-7.57,2.78,-0.83,-0.94,0.27,-0.17,0.65,1.91
,-0.20,-0.1176,-0.52,32.72,2.89,2.88,1,1,1,1,37.17,137.52,1.15,5556,6006,5839,5830,1.001,0.00,0.00,-0.05,0.96,0.00,-0.05
565,56420374,20.00,1,3,10.19,1,1,1.00,0.92,1.04,-20.59,2.63,4.23,0.20,-4.28,-2.22,-6.96,-1.24,0.03,-0.01,-0.01,-1.24,0.03,-0.29,0.18,0.08,-0.63,-0.
39,-0.21,-1.24,0.32,0.03,-0.34,-2.51,-0.69,-9.34,1.63,-0.78,-1.15,0.27,0.10,0.50,0.61,0.12,-0.0190,-0.31,19.51,2.63,4.23,1,1,1,0,37.15,137.55,1.22,5599,6017,5779,5775,1.001,0.00,0.00,-0.05,0.96,0.00,-0.04
566,56440375,20.00,1,3,10.19,1,1,1.00,0.92,0.99,-20.67,3.31,3.9
0,0.19,-4.28,-2.54,-7.36,-1.26,0.11,-0.01,-0.01,-1.26,0.11,-0.33,0.17,0.04,-0.66,-0.39,-0.19,-1.26,0.31,0.11,-0.36,-1.75,0.05,-8.64,-2.43,-0.20,-0.86,0.26,0.40,1.57,-2.43,0.66,0.0211,11.10,0.18,3.31,3.90,1,1,1,0,37.07,137.61,1.56,5752,6003,5776,5631,1.001,0.00,0.00,-0.0
5,0.96,0.00,-0.02

567,56460376,20.00,1,3,10.19,1,1,1.00,0.95,0.93,-20.75,5.73,2.58,0.18,-4.29,-4.11,-6.71,-1.12,0.45,-0.01,-0.01,-1.12,0.45,-0.54,0.17,-0.09,-0.61,-0.39,-0.11,-1.12,0.20,0.45,-0.43,-0.29,2.09,-5.92,-8.04,0.75,-0.07,0.26,0.56,5.44,-3.76,0.86,0.0250,33.42,-12.55,5.73,2.58,1,1,1,0,3
7.25,137.57,0.57,5944,5841,5813,5520,1.001,0.00,0.00,-0.04,0.96,0.00,-0.01
568,56480378,20.00,1,3,10.19,1,1,1.00,0.97,0.81,-20.80,5.29,1.16,0.16,-4.29,-4.48,-5.60,-0.93,0.51,-0.01,-0.01,-0.93,0.51,-0.59,0.17,-0.10,-0.51,-0.39,-0.02,-0.93,0.02,0.51,-0.51,0.98,1.71,-2.8
1,-8.42,0.67,0.31,0.26,0.10,5.84,-3.28,1.21,-0.1478,0.26,-15.23,5.29,1.16,1,1,1,0,37.03,137.66,1.68,5961,5966,5825,5464,1.001,0.00,0.00,-0.04,0.96,0.00,-0.01
569,56500378,20.00,1,3,10.20,1,1,1.00,0.99,0.71,-20.82,4.33,3.65,0.14,-4.30,-4.09,-6.66,-1.09,0.41,-0.01,-0.01
,-1.09,0.41,-0.54,0.17,-0.05,-0.60,-0.39,-0.08,-1.09,-0.11,0.41,-0.53,-0.33,0.50,-4.27,-3.45,-0.11,0.08,0.26,-0.46,4.21,1.86,0.06,-0.2461,-6.76,52.53,4.33,3.65,1,1,1,1,37.03,137.68,1.51,5708,5857,5810,5721,1.001,0.00,0.00,-0.03,0.96,0.00,-0.01
570,56520379,20.00,1,3,1
0.20,1,1,1.00,1.01,0.62,-20.90,2.04,5.79,0.12,-4.31,-2.59,-8.40,-1.34,0.08,-0.01,-0.01,-1.34,0.08,-0.34,0.17,0.07,-0.76,-0.39,-0.18,-1.34,-0.11,0.08,-0.46,-1.75,-1.64,-6.92,3.08,-1.36,-0.92,0.26,-0.70,0.08,6.38,-0.79,-0.0708,-24.53,30.57,2.04,5.79,1,1,1,0,37.06,137.69,1
.29,5438,5903,5753,6006,1.001,0.00,0.00,-0.03,0.96,0.00,-0.00
571,56540383,20.00,1,3,10.20,1,1,1.00,1.05,0.58,-21.01,1.82,8.26,0.11,-4.32,-1.90,-10.59,-1.67,-0.05,-0.01,-0.01,-1.67,-0.05,-0.25,0.17,0.11,-0.96,-0.39,-0.28,-1.67,-0.01,-0.05,-0.30,-2.80,-1.86,-10.16,6.37,
-1.77,-1.66,0.26,-0.36,-1.04,8.08,-1.31,0.0485,-0.72,39.24,1.82,8.26,1,1,1,1,37.09,137.69,1.10,5313,5898,5777,6124,1.001,0.00,0.00,-0.03,1.02,0.00,0.00
572,56560384,20.00,1,3,10.20,1,1,1.00,1.06,0.54,-21.18,0.96,7.60,0.10,-4.32,-1.10,-11.07,-1.67,-0.19,-0.01,-0.01,-1.6
7,-0.19,-0.14,0.17,0.15,-1.00,-0.39,-0.25,-1.67,0.09,-0.19,-0.19,-1.82,-2.08,-9.68,2.31,-0.98,-1.56,0.25,0.33,-2.08,2.83,-0.08,0.1651,-9.06,-0.17,0.96,7.60,1,1,1,0,37.05,137.73,1.22,5573,5970,5734,5852,1.001,0.00,0.00,-0.03,1.18,0.00,0.00
573,56580385,20.00,1,3,10.20,
1,1,1.00,1.09,0.52,-21.33,2.58,7.03,0.10,-4.32,-1.76,-10.91,-1.58,-0.02,-0.01,-0.01,-1.58,-0.02,-0.23,0.17,0.07,-0.99,-0.39,-0.19,-1.58,0.06,-0.02,-0.20,-0.62,-0.33,-7.84,-6.02,0.65,-0.46,0.24,0.87,0.25,-3.94,0.84,0.1098,21.48,0.41,2.58,7.03,1,1,1,0,37.37,137.62,-0.46,
5944,5833,5783,5549,1.000,0.00,0.00,-0.03,1.33,0.00,0.00
574,56600385,20.00,1,3,10.19,1,1,1.00,1.13,0.47,-21.47,5.05,6.40,0.09,-4.32,-3.50,-10.44,-1.47,0.36,-0.01,-0.01,-1.47,0.36,-0.46,0.17,-0.08,-0.94,-0.40,-0.12,-1.47,-0.12,0.36,-0.33,0.27,2.10,-5.55,-10.38,1.03,0.
32,0.25,0.46,4.37,-7.88,1.50,0.0898,41.06,-0.87,5.05,6.40,1,1,1,1,37.12,137.73,0.94,6105,5928,5804,5438,1.000,0.00,0.00,-0.03,1.47,0.00,0.00
575,56620385,20.00,1,3,10.20,1,1,1.00,1.15,0.37,-21.60,4.63,6.60,0.07,-4.32,-3.97,-10.37,-1.44,0.44,-0.01,-0.01,-1.44,0.44,-0.52
,0.17,-0.10,-0.94,-0.40,-0.10,-1.44,-0.30,0.44,-0.46,0.39,1.87,-4.37,-8.26,0.38,0.34,0.25,-0.21,5.32,-5.82,1.23,-0.2980,-0.18,8.89,4.63,6.60,1,1,1,0,37.19,137.71,0.50,5903,5991,5767,5480,1.001,0.00,0.00,-0.03,1.60,0.00,0.00
576,56640388,20.00,1,3,10.20,1,1,1.00,1.17,0
.28,-21.73,4.25,7.12,0.05,-4.32,-3.95,-10.66,-1.47,0.41,-0.01,-0.01,-1.47,0.41,-0.52,0.17,-0.08,-0.96,-0.40,-0.09,-1.47,-0.41,0.41,-0.51,0.09,1.06,-4.26,-1.58,-0.78,-0.35,0.25,-0.68,4.73,0.46,0.09,-0.1891,-0.27,13.17,4.25,7.12,1,1,1,0,37.11,137.74,0.96,5677,59
40,5708,5859,1.001,0.00,0.00,-0.02,1.73,0.00,0.00
577,56660391,20.00,1,3,10.20,1,1,1.00,1.21,0.19,-21.87,3.83,9.58,0.04,-4.32,-3.73,-12.25,-1.77,0.36,-0.01,-0.01,-1.77,0.36,-0.49,0.17,-0.04,-1.11,-0.40,-0.18,-1.77,-0.38,0.36,-0.44,-1.78,0.33,-7.74,3.62,-1.26,-0.98,0
.24,-0.52,3.21,6.99,-0.98,-0.0073,-1.01,48.02,3.83,9.58,1,1,1,1,37.18,137.72,0.57,5481,5830,5756,6070,1.001,0.00,0.00,-0.02,1.87,0.00,0.00
578,56680392,20.00,1,3,10.19,1,1,1.00,1.24,0.12,-22.06,3.48,11.40,0.02,-4.32,-3.47,-13.99,-2.05,0.29,-0.01,-0.01,-2.05,0.29,-0.45
,0.17,-0.02,-1.26,-0.40,-0.25,-2.05,-0.30,0.29,-0.28,-2.80,-0.17,-10.60,4.16,-1.39,-1.49,0.24,-0.14,1.65,8.16,-0.76,0.0389,-0.71,32.73,3.48,11.40,1,1,1,0,37.23,137.71,0.36,5424,5963,5798,5993,1.001,0.00,0.00,-0.01,2.06,0.00,0.00
579,56700391,20.00,1,3,10.20,1,1,1.00,1
.25,0.05,-22.29,2.52,12.63,0.01,-4.32,-2.81,-15.43,-2.26,0.15,-0.01,-0.01,-2.26,0.15,-0.37,0.17,0.04,-1.39,-0.40,-0.29,-2.26,-0.25,0.15,-0.15,-2.80,-0.96,-11.87,-0.08,-0.69,-1.31,0.23,0.39,0.00,4.29,-0.02,0.1248,-8.71,26.99,2.52,12.63,1,1,1,0,37.47,137.61,-0.93,5634,59
60,5785,5822,1.001,0.00,0.00,-0.00,2.29,0.00,0.00
580,56720393,20.00,1,3,10.19,1,1,1.00,1.28,-0.00,-22.54,3.98,11.67,-0.00,-4.32,-3.43,-15.41,-2.17,0.29,-0.01,-0.01,-2.17,0.29,-0.45,0.17,-0.02,-1.39,-0.40,-0.23,-2.17,-0.32,0.29,-0.12,-1.27,0.21,-9.56,-7.22,0.35,-0.58
,0.23,0.70,1.50,-1.04,0.60,0.2009,21.17,0.47,3.98,11.67,1,1,1,0,37.29,137.66,0.06,5921,5901,5835,5672,1.001,0.00,0.00,0.00,2.54,0.00,0.00
581,56740397,20.00,1,3,10.19,1,1,1.00,1.30,-0.08,-22.78,5.96,9.22,-0.01,-4.32,-4.84,-13.90,-1.82,0.58,-0.01,-0.01,-1.82,0.58,-0.63
,0.17,-0.12,-1.26,-0.40,-0.09,-1.82,-0.51,0.58,-0.18,1.32,1.91,-4.27,-12.05,1.09,0.31,0.23,0.55,4.57,-4.41,1.12,0.1325,29.09,-29.60,5.96,9.22,1,1,1,1,37.52,137.57,-1.10,6036,5877,5869,5453,1.001,0.00,0.00,0.01,2.78,0.00,0.00
582,56760397,20.00,1,3,10.19,1,1,1.00,1.31,
-0.20,-22.96,5.43,11.25,-0.04,-4.32,-5.12,-14.52,-1.96,0.62,-0.01,-0.01,-1.96,0.62,-0.67,0.17,-0.12,-1.31,-0.40,-0.11,-1
.96,-0.74,0.62,-0.26,0.00,1.46,-5.13,-10.60,1.02,0.79,0.23,-0.00,4.82,-3.59,1.11,-0.0570,-0.80,35.08,5.43,11.25,1,1,1,0,37.29,137.64,0.15,6007,5964,5939,5445,1.001,0.00,0.00,0.03,2.96,0.00,0.00
583,56780399,20.00,1,3,10.20,1,1,1.00,1.32,-0.31,-23.19,4.90,13.70,-0.05,-4
.32,-4.97,-16.25,-2.28,0.56,-0.01,-0.01,-2.28,0.56,-0.65,0.17,-0.08,-1.47,-0.41,-0.20,-2.28,-0.89,0.56,-0.30,-1.94,0.60,-7.93,-3.48,-0.75,-0.21,0.23,-0.78,3.82,1.13,0.06,-0.0784,-1.33,57.83,4.90,13.70,1,1,1,1,37.38,137.59,-0.37,5648,5984,5769,5832,1.001,0.00,0.00,0.04,
3.19,0.00,0.00
584,56800399,20.00,1,3,10.19,1,1,1.00,1.34,-0.41,-23.46,4.43,15.92,-0.07,-4.32,-4.67,-18.28,-2.62,0.48,-0.01,-0.01,-2.62,0.48,-0.61,0.17,-0.04,-1.65,-0.41,-0.29,-2.62,-0.89,0.48,-0.22,-2.80,-0.08,-10.45,1.99,-1.62,-1.24,0.23,-0.61,2.27,6.76,-0.94,0.0620,
-0.98,41.99,4.43,15.92,1,1,1,0,37.33,137.61,-0.04,5431,5961,5781,6108,1.000,0.00,0.00,0.06,3.46,0.00,0.00
585,56820395,20.00,1,3,10.19,1,1,1.00,1.35,-0.50,-23.78,4.43,15.92,-0.08,-4.32,-4.56,-19.09,-2.69,0.45,-0.01,-0.01,-2.69,0.45,-0.60,0.17,-0.03,-1.72,-0.41,-0.28,-
2.69,-0.84,0.45,-0.06,-2.24,-0.24,-10.48,1.10,-1.15,-1.44,0.22,0.07,1.39,8.15,-0.90,0.2473,0.00,0.00,4.43,15.92,1,0,0,0,37.42,137.57,-0.49,5435,5955,5890,5977,1.001,0.00,0.00,0.08,3.78,0.00,0.00
586,56840404,20.01,1,3,10.19,1,1,1.00,1.34,-0.59,-24.10,1.81,15.58,-0.10,
-4.32,-2.95,-19.25,-2.65,0.11,-0.01,-0.01,-2.65,0.11,-0.39,0.17,0.10,-1.74,-0.41,-0.23,-2.65,-0.87,0.11,0.06,-1.22,-2.25,-9.11,-5.73,0.34,-0.59,0.22,0.72,-2.09,3.74,0.07,0.2618,-46.38,11.92,1.81,15.58,1,1,1,1,37.47,137.54,-0.74,5779,5892,5964,5671,1.001,0.00,0.00,0.10,4
.10,0.00,0.00
587,56860403,20.00,1,3,10.19,1,1,1.00,1.35,-0.62,-24.41,2.22,12.98,-0.10,-4.32,-2.52,-17.75,-2.29,0.04,-0.01,-0.01,-2.29,0.04,-0.33,0.17,0.12,-1.60,-0.41,-0.09,-2.29,-1.04,0.04,0.08,1.37,-1.88,-3.96,-10.78,0.95,0.21,0.22,0.52,-2.01,-1.50,0.32,0.1932,6.79,-19.72
,2.22,12.98,1,1,1,1,37.52,137.51,-0.90,5913,5837,6004,5578,1.001,0.00,0.00,0.11,4.42,0.00,0.00
588,56880402,20.00,1,3,10.19,1,1,1.00,1.35,-0.67,-24.67,4.80,10.41,-0.11,-4.32,-3.86,-15.56,-1.86,0.34,-0.01,-0.01,-1.86,0.34,-0.51,0.17,-0.01,-1.41,-0.41,0.06,-1.86,-1.25,0.
34,0.00,2.80,0.63,0.81,-10.79,1.20,0.85,0.22,0.13,1.71,-5.61,0.88,0.1941,62.00,-19.37,4.80,10.41,1,1,1,1,37.44,137.53,-0.44,5979,5930,6016,5429,1.001,0.00,0.00,0.13,4.68,0.00,0.00
589,56900406,20.00,1,3,10.19,1,1,1.00,1.33,-0.76,-24.88,7.35,10.67,-0.12,-4.32,-5.94,-14
.81,-1.77,0.79,-0.01,-0.01,-1.77,0.79,-0.78,0.17,-0.17,-1.34,-0.41,0.10,-1.77,-1.38,0.79,-0.12,2.40,2.80,1.16,-2.65,-0.05,0.43,0.23,-0.71,6.37,-5.67,1.10,-0.0529,37.55,13.59,7.35,10.67,1,1,1,1,37.69,137.42,-1.72,5811,6135,5832,5535,1.001,0.00,0.00,0.15,4.89,0.00,0.00
5
90,56920407,20.00,1,3,10.19,1,1,1.00,1.33,-0.91,-25.09,6.64,13.21,-0.15,-4.32,-6.39,-16.04,-2.05,0.83,-0.01,-0.01,-2.05,0.83,-0.84,0.16,-0.17,-1.45,-0.42,0.00,-2.05,-1.34,0.83,-0.20,-0.19,2.08,-2.64,6.25,-1.32,-0.63,0.22,-0.91,6.32,-1.06,0.69,0.0162,-1.38,59.55,6.64,13
.21,1,1,1,1,37.56,137.44,-0.95,5689,6214,5684,5856,1.001,0.00,0.00,0.19,5.10,0.00,0.00
591,56940407,20.00,1,3,10.19,1,1,1.00,1.34,-1.04,-25.35,5.99,15.73,-0.17,-4.32,-6.23,-18.06,-2.44,0.77,-0.01,-0.01,-2.44,0.77,-0.82,0.16,-0.12,-1.63,-0.42,-0.13,-2.44,-1.16,0.77,-0.1
6,-2.49,0.95,-7.97,9.70,-1.75,-1.54,0.22,-0.43,4.60,5.96,-0.60,0.1694,-1.40,59.85,5.99,15.73,1,1,1,1,37.67,137.37,-1.47,5437,6093,5788,6057,1.002,0.00,0.00,0.22,5.37,0.00,0.00
592,56960405,20.00,1,3,10.18,1,1,1.00,1.33,-1.16,-25.67,5.44,17.45,-0.18,-4.32,-5.87,-19.90,
-2.75,0.67,-0.01,-0.01,-2.75,0.67,-0.77,0.16,-0.07,-1.80,-0.42,-0.22,-2.75,-0.99,0.67,0.00,-2.80,0.00,-10.65,5.92,-1.28,-1.73,0.21,0.24,2.19,9.55,-1.00,0.3104,-0.86,36.99,5.44,17.45,1,1,1,0,37.68,137.37,-1.47,5424,6029,5955,6027,1.002,0.00,0.00,0.26,5.69,0.00,0.00
593,
56980411,20.01,1,3,10.18,1,1,1.00,1.32,-1.27,-26.02,5.01,16.05,-0.20,-4.31,-5.45,-19.80,-2.65,0.57,-0.01,-0.01,-2.65,0.57,-0.71,0.16,-0.02,-1.79,-0.42,-0.17,-2.65,-0.94,0.57,0.17,-1.22,-0.62,-8.82,-2.59,0.02,-1.01,0.20,0.82,0.64,6.87,-0.41,0.3088,0.00,0.00,5.01,16.05,1
,1,1,0,37.70,137.30,-1.51,5705,5908,6021,5807,1.002,0.00,0.00,0.30,6.04,0.00,0.00
594,57000407,20.00,1,3,10.18,1,1,1.00,1.31,-1.37,-26.34,5.49,13.55,-0.21,-4.31,-5.54,-18.26,-2.31,0.58,-0.01,-0.01,-2.31,0.58,-0.73,0.16,-0.03,-1.65,-0.42,-0.04,-2.31,-1.06,0.58,0.25,1.31
,-0.31,-3.99,-10.04,1.17,0.15,0.20,0.81,0.76,0.84,0.50,0.3417,11.04,-32.88,5.49,13.55,1,1,1,1,37.71,137.30,-1.51,5971,5886,6062,5531,1.002,0.00,0.00,0.33,6.37,0.00,0.00
595,57020414,20.01,1,3,10.18,1,1,1.00,1.30,-1.48,-26.61,7.66,11.06,-0.22,-4.31,-6.86,-16.12,-1.90,0
.88,-0.01,-0.01,-1.90,0.88,-0.90,0.16,-0.12,-1.46,-0.42,0.11,-1.90,-1.26,0.88,0.21,2.80,1.61,0.72,-10.46,1.11,0.81,0.21,0.09,3.82,-4.23,1.16,0.2146,32.76,-26.81,7.66,11.06,1,1,1,1,37.73,137.24,-1.56,5993,6040,6026,5395,1.002,0.00,0.00,0.37,6.64,0.00,0.00
596,57040407,
19.99,1,3,10.18,1,1,1.00,1.27,-1.64,-26.83,9.72,10.78,-0.24,-4.31,-8.62,-15.07,-1.75,1.28,-0.01,-0.01,-1.75,1.28,-1.13,0.16,-0.23,-1.36,-0.42,0.15,-1.75,-1.40,1.28,0.11,2.73,2.80,1.61,-3.30,0.08,0.50,0.21,-0.64,7.73,-4.20,1.11,-0.1525,33.58,7.51,9.72,10.78,1,1,1,0,37.74
,137.24,-1.56,5846,6182,5909,5531,1.003,0.00,0.00,0.42,6.87,0.00,0.00
597,57060416,20.01,1,3,10.18,1,1,1.00,1.26,-1.83,-27.05,8.86,13.26,-0.27,-4.31,-8.86,-16.15,-2.02,1.26,-0.01,-0.01,-2.02,1.26,-1.16,0.16,-0.21,-1.46,-0.43,0.05,-2.02,-1.36,1.26,0.06,0.11,1.69,-2.0
6,6.37,-1.35,-0.59,0.21,-0.96,6.72,1.43,0.42,-0.0195,-1.16,52.75,8.86,13.26,1,1,1,1,37.70,137.20,-1.30,5627,6221,5754,5871,1.003,0.00,0.00,0.48,7.09,0.00,0.00
598,57080412,20.00,1,3,10.18,1,1,1.00,1.24,-2.01,-27.31,8.05,15.73,-0.29,-4.31,-8.51,-18.07,-2.40,1.13,-0.01,
-0.01,-2.40,1.13,-1.11,0.16,-0.14,-1.63,-0.43,-0.08,-2.40,-1.16,1.13,0.15,-2.27,0.27,-7.55,11.46,-2.05,-1.69,0.20,-0.56,4.20,7.79,-0.74,0.2224,-1.33,61.44,8.05,15.73,1,1,1,1,37.72,137.20,-1.30,5345,6186,5841,6081,1.003,0.00,0.00,0.54,7.37,0.00,0.00
599,57100419,20.01,
1,3,10.18,1,1,1.00,1.22,-2.17,-27.63,7.41,14.49,-0.31,-4.31,-7.98,-18.10,-2.36,0.97,-0.01,-0.01,-2.36,0.97,-1.05,0.16,-0.07,-1.63,-0.43,-0.07,-2.36,-0.93,0.97,0.34,-1.19,-0.79,-7.35,8.49,-1.60,-2.00,0.20,0.21,1.24,10.94,-1.18,0.3188,0.00,0.00,7.41,14.49,1,1,1,0,37.71,1
37.14,-1.21,5345,6073,5962,6080,1.003,0.00,0.00,0.60,7.69,0.00,0.00
0,57120416,20.00,1,3,10.18,1,1,1.00,1.20,-2.32,-27.92,4.95,12.80,-0.33,-4.31,-6.28,-17.14,-2.15,0.58,-0.01,-0.01,-2.15,0.58,-0.82,0.16,0.08,-1.55,-0.43,0.01,-2.15,-0.84,0.58,0.52,0.51,-2.80,-5.07,-0.
99,0.40,-0.79,0.19,1.00,-2.63,7.12,-0.49,0.3816,-29.67,-6.89,4.95,12.80,1,1,1,1,37.71,137.14,-1.21,5718,5881,6116,5742,1.003,0.00,0.00,0.66,7.99,0.00,0.00
1,57140422,20.01,1,3,10.18,1,1,1.00,1.19,-2.42,-28.17,5.05,10.34,-0.34,-4.30,-5.63,-15.27,-1.79,0.46,-0.01,-0.01,
-1.79,0.46,-0.74,0.16,0.11,-1.38,-0.43,0.12,-1.79,-0.94,0.46,0.59,2.52,-2.55,-0.68,-8.55,1.41,0.43,0.19,0.78,-2.98,0.14,0.19,0.2522,6.25,-30.21,5.05,10.34,1,1,1,1,37.54,137.21,-0.23,5918,5861,6182,5497,1.003,0.00,0.00,0.71,8.25,0.00,0.00
2,57160416,19.99,1,3,10.18,1,1,
1.00,1.17,-2.52,-28.38,6.96,8.40,-0.36,-4.30,-6.50,-13.34,-1.46,0.67,-0.01,-0.01,-1.46,0.67,-0.85,0.16,0.02,-1.20,-0.43,0.22,-1.46,-1.07,0.67,0.55,2.80,-0.39,1.55,-7.51,1.04,0.85,0.19,-0.01,-0.01,-5.20,0.80,-0.0464,29.34,-14.28,6.96,8.40,1,1,1,0,37.54,137.21,-0.23,5880,6012,6076,5396,1.003,0.00,0.00,0.75,8.46,0.00,0.00
3,57180
421,20.00,1,3,10.18,1,1,1.00,1.14,-2.66,-28.55,6.40,8.32,-0.37,-4.30,-6.51,-12.52,-1.38,0.67,-0.01,-0.01,-1.38,0.67,-0.85,0.16,0.02,-1.13,-0.43,0.23,-1.38,-1.13,0.67,0.43,2.32,-0.23,1.52,-0.15,-0.20,0.21,0.20,-0.61,0.55,-9.01,1.65,0.0096,-0.15,7.42,6.40,8.32,1,1,1,0,37
.51,137.21,-0.09,5849,6269,5782,5466,1.003,0.00,0.00,0.80,8.63,0.00,0.00
4,57200419,20.00,1,3,10.18,1,1,1.00,1.11,-2.78,-28.71,6.54,10.78,-0.39,-4.30,-6.64,-13.67,-1.68,0.70,-0.01,-0.01,-1.68,0.70,-0.87,0.16,0.00,-1.23,-0.43,0.11,-1.68,-1.03,0.70,0.30,-0.31,0.03,-2.44,
10.75,-2.15,-1.15,0.19,-1.19,1.31,-4.87,0.26,-0.1718,8.11,85.62,6.54,10.78,1,1,1,1,37.52,137.21,-0.09,5401,6345,5708,5899,1.003,0.00,0.00,0.85,8.81,0.00,0.00
5,57220424,20.00,1,3,10.18,1,1,1.00,1.09,-2.91,-28.93,4.08,13.23,-0.40,-4.30,-5.25,-15.64,-2.08,0.41,-0.01,-0.
01,-2.08,0.41,-0.69,0.16,0.11,-1.41,-0.43,-0.04,-2.08,-0.76,0.41,0.26,-2.65,-1.75,-8.28,13.99,-2.26,-2.05,0.19,-0.39,-1.28,2.37,-0.79,0.1397,-25.16,56.60,4.08,13.23,1,1,1,1,37.29,137.29,1.15,5275,6196,5806,6079,1.003,0.00,0.00,0.91,9.03,0.00,0.00
6,57240426,20.00,1,3,
10.18,1,1,1.00,1.07,-3.00,-29.19,1.63,14.03,-0.41,-4.30,-3.23,-16.92,-2.29,0.01,-0.01,-0.01,-2.29,0.01,-0.42,0.16,0.24,-1.53,-0.44,-0.11,-2.29,-0.53,0.01,0.34,-2.80,-2.80,-10.63,6.
49,-1.00,-1.84,0.18,0.67,-3.85,5.22,-1.16,0.3696,-32.49,23.34,1.63,14.03,1,1,1,1,37.27,137.33,1.24,5349,5962,6006,5919,1.003,0.00,0.00,0.95,9.30,0.00,0.00
7,57260431,20.00,1,3,10.18,1,1,1.00,1.04,-3.03,-29.47,1.52,11.57,-0.41,-4.30,-2.32,-15.97,-2.05,-0.13,-0.01,-0.
01,-2.05,-0.13,-0.30,0.16,0.26,-1.44,-0.44,-0.03,-2.05,-0.52,-0.13,0.42,-0.35,-2.67,-7.06,-5.67,0.71,-0.62,0.17,1.16,-4.39,1.72,-0.43,0.3486,0.33,-18.34,1.52,11.57,1,1,1,1,37.62,137.19,-0.63,5680,5819,6121,5606,1.003,0.00,0.00,0.98,9.58,0.00,0.00
8,57280430,20.00,1,3,1
0.18,1,1,1.00,1.01,-3.06,-29.71,1.41,10.66,-0.41,-4.30,-1.88,-15.04,-1.88,-0.17,-0.01,-0.01,-1.88,-0.17,-0.25,0.16,0.25,-1.36,-0.44,0.04,-1.88,-0.71,-0.17,0.38,0.84,-1.98,-4.08,-13.11,1.76,0.76,0.17,0.83,-3.71,-5.24,0.75,0.2231,0.00,0.00,1.41,10.66,1,1,1,0,37.44,137.28
,0.32,5971,5933,6200,5307,1.003,0.00,0.00,1.01,9.81,0.00,0.00
9,57300429,20.00,1,3,10.18,1,1,1.00,0.97,-3.09,-29.92,1.31,8.69,-0.41,-4.30,-1.62,-13.49,-1.59,-0.17,-0.01,-0.01,-1.59,-0.17,-0.21,0.16,0.22,-1.22,-0.44,0.13,-1.59,-0.95,-0.17,0.21,2.31,-1.32,0.22
,-9.67,0.53,0.70,0.18,-0.35,-2.54,-9.75,1.26,-0.0533,0.25,-14.50,1.31,8.69,1,1,1,0,37.49,137.28,0.08,5853,6137,5944,5381,1.003,0.00,0.00,1.03,10.03,0.00,0.00
10,57320431,20.00,1,3,10.18,1,1,1.00,0.93,-3.11,-30.09,3.53,10.82,-0.41,-4.30,-2.86,-14.13,-1.78,0.13,-0.01,-0.
01,-1.78,0.13,-0.38,0.16,0.08,-1.28,-0.44,0.06,-1.78,-1.04,0.13,0.02,0.36,0.99,-2.18,-0.16,-0.61,0.05,0.18,-0.83,1.36,-8.09,0.58,-0.1125,29.57,35.90,3.53,10.82,1,1,1,0,37.29,137.38,1.13,5613,6211,5897,5619,1.003,0.00,0.00,1.06,10.20,0.00,0.00
11,57340427,20.00,1,3,10.
18,1,1,1.00,0.90,-3.18,-30.31,3.53,10.82,-0.42,-4.30,-3.36,-14.39,-1.83,0.25,-0.01,-0.01,-1.83,0.25,-0.44,0.16,0.02,-1.30,-0.44,0.03,-1.83,-0.99,0.25,-0.08,-0.09,1.37,-3.23,6.21,-1.81,-1.05,0.18,-0.94,2.42,-3.56,0.20,0.0949,0.00,0.00,3.53,10.82,1,0,0,0,37.28,137.40,1.1
7,5368,6303,5771,5794,1.003,0.00,0.00,1.09,10.42,0.00,0.00
12,57360435,20.01,1,3,10.18,1,1,1.00,0.86,-3.25,-30.53,3.69,13.45,-0.43,-4.30,-3.67,-16.06,-2.17,0.32,-0.01,-0.01,-2.17,0.32,-0.48,0.16,-0.01,-1.45,-0.44,-0.08,-2.17,-0.79,0.32,-0.07,-2.17,1.32,-8.14,
10.56,-1.90,-1.72,0.17,-0.34,2.56,4.15,-0.86,0.1247,5.40,63.03,3.69,13.45,1,1,1,1,36.86,137.60,3.29,5218,6170,5897,5946,1.003,0.00,0.00,1.13,10.64,0.00,0.00
13,57380436,20.00,1,3,10.18,1,1,1.00,0.82,-3.33,-30.80,1.09,12.43,-0.43,-4.29,-2.22,-16.15,-2.14,0.02,-0.01,-0.0
1,-2.14,0.02,-0.29,0.16,0.11,-1.46,-0.44,-0.07,-2.14,-0.62,0.02,0.05,-1.21,-0.99,-7.84,4.22,-0.84,-1.54,0.16,0.54,-1.09,7.08,-0.83,0.3251,-46.85,1.14,1.09,12.43,1,1,1,1,37.04,137.59,2.20,5313,5974,5970,5752,1.003,0.00,0.00,1.18,10.91,0.00,0.00
14,57400438,20.00,1,3,10
.19,1,1,1.00,0.78,-3.35,-31.04,-1.49,10.71,-0.43,-4.30,-0.08,-15.17,-1.93,-0.41,-0.01,-0.01,-1.93,-0.41,-0.01,0.16,0.25,-1.37,-0.44,0.01,-1.93,-0.63,-0.41,0.16,0.52,-2.80,-5.05,-5.25,0.82,-0.32,0.16,0.98,-4.63,4.20,-0.52,0.3481,-34.68,-8.42,-1.49,10.71,1,1,1,1,37.05,137
.63,1.98,5590,5825,6177,5509,1.002,0.00,0.00,1.20,11.16,0.00,0.00
15,57420440,20.00,1,3,10.19,1,1,1.00,0.72,-3.32,-31.26,-1.43,8.15,-0.42,-4.30,0.00,-13.24,-1.56,-0.37,-0.01,-0.01,-1.56,-0.37,0.00,0.16,0.21,-1.20,-0.45,0.13,-1.56,-0.77,-0.37,0.20,2.60,-1.62,
-0.21,-11.11,1.52,0.76,0.16,0.60,-3.45,-0.87,-0.10,0.1938,-0.75,-59.49,-1.43,8.15,1,1,1,1,37.41,137.52,0.02,5675,5853,6280,5301,1.002,0.00,0.00,1.21,11.37,0.00,0.00
16,57440440,20.00,1,3,10.19,1,1,1.00,0.66,-3.29,-31.42,-1.31,7.49,-0.42,-4.30,0.06,-12.07,-1.39,-0.35,-0
.01,-0.01,-1.39,-0.35,0.01,0.16,0.17,-1.09,-0.45,0.17,-1.39,-0.96,-0.35,0.11,2.75,-0.88,1.39,-7.58,0.78,0.92,0.17,-0.31,-2.35,-7.35,1.18,-0.2314,0.00,0.00,-1.31,7.49,1,1,1,0,37.25,137.58,0.88,5823,6136,6031,5306,1.001,0.00,0.00,1.21,11.53,0.00,0.00
17,57460441,20.00,1,3,10.19,1,
1,1.00,0.63,-3.27,-31.57,-1.24,10.01,-0.41,-4.30,0.13,-13.12,-1.66,-0.33,-0.01,-0.01,-1.66,-0.33,0.02,0.16,0.14,-1.18,-0.45,0.07,-1.66,-1.02,-0.33,-0.03,0.12,-0.45,-1.99,0.65,-0.69,0.09,0.17,-0.95,-1.40,-9.75,1.24,-0.1111,-0.48,44.30,-1.24,10.01,1,1,1,1,37.06,137.6
6,1.79,5629,6304,5793,5485,1.001,0.00,0.00,1.21,11.68,0.00,0.00
18,57480443,20.00,1,3,10.19,1,1,1.00,0.59,-3.24,-31.77,0.74,12.53,-0.41,-4.30,-0.04,-15.04,-2.04,-0.26,-0.01,-0.01,-2.04,-0.26,-0.01,0.16,0.10,-1.36,-0.45,-0.06,-2.04,-0.90,-0.26,-0.18,-2.28,0.09,-7.07,9.
74,-2.28,-1.46,0.16,-0.98,-0.17,-5.20,0.16,-0.0194,23.37,57.08,0.74,12.53,1,1,1,1,36.77,137.80,3.20,5253,6346,5700,5813,1.001,0.00,0.00,1.21,11.87,0.00,0.00
19,57500439,20.00,1,3,10.19,1,1,1.00,0.55,-3.26,-32.02,0.48,11.65,-0.41,-4.30,-0.34,-15.28,-2.04,-0.18,-0.01,-0
.01,-2.04,-0.18,-0.04,0.16,0.06,-1.38,-0.45,-0.06,-2.04,-0.75,-0.18,-0.23,-1.48,0.56,-7.01,9.46,-1.96,-2.06,0.16,-0.05,0.70,-1.37,-0.16,0.2216,-2.49,1.55,0.48,11.65,1,1,1,0,36.95,137.77,2.10,5189,6248,5773,5751,1.001,0.00,0.00,1.23,12.12,0.00,0.00
20,57520446,20.01,1,
3,10.20,1,1,1.00,0.51,-3.27,-32.25,-1.64,10.89,-0.40,-4.30,0.00,-14.93,-1.96,-0.24,-0.01,-0.01,-1.96,-0.24,0.00,0.16,0.07,-1.35,-0.45,-0.03,-1.96,-0.67,-0.24,-0.20,-0.42,0.00,-5.90,-1.44,0.50,-0.70,0.15,1.05,-0.14,2.51,-0.49,0.3025,-26.04,2.09,-1.64,10.89,1,1,1,0,36.6
7,137.89,3.46,5563,5834,6097,5560,1.001,0.00,0.00,1.25,12.36,0.00,0.00
21,57540444,20.00,1,3,10.20,1,1,1.00,0.48,-3.23,-32.47,-3.33,8.40,-0.40,-4.30,1.32,-13.30,-1.63,-0.50,-0.01,-0.01,-1.63,-0.50,0.17,0.16,0.16,-1.20,-0.45,0.08,-1.63,-0.74,-0.50,-0.16,1.74,-1.60,-1.7
1,-8.31,1.20,0.30,0.15,0.75,-2.68,1.76,-0.16,0.0084,-22.82,-36.73,-3.33,8.40,1,1,1,1,36.62,137.96,3.54,5603,5806,6165,5331,1.000,0.00,0.00,1.25,12.57,0.00,0.00
22,57560442,20.00,1,3,10.21,1,1,1.00,0.43,-3.17,-32.64,-3.06,7.73,-0.39,-4.30,1.78,-12.25,-1.46,-0.57,-0.01,
-0.01,-1.46,-0.57,0.23,0.16,0.16,-1.11,-0.45,0.13,-1.46,-0.91,-0.57,-0.15,2.14,-1.43,0.37,-8.41,0.98,0.84,0.15,-0.01,-2.76,-0.86,-0.05,-0.1361,0.00,0.00,-3.06,7.73,1,1,1,0,36.59,137.96,3.54,5579,5848,6120,5332,0.999,0.00,0.00,1.24,12.73,0.00,0.00
23,57580448,20.01,1,3,
10.21,1,1,1.00,0.39,-3.10,-32.80,-1.39,8.35,-0.38,-4.30,0.97,-12.19,-1.50,-0.36,-0.01,-0.01,-1.50,-0.36,0.13,0.16,0.07,-1.10,-0.45,0.11,-1.50,-1.00,-0.36,-0.19,1.17,0.31,-0.43,0.11,-0.63,0.03,0.16,-0.81,-0.25,-3.16,0.28,-0.0896,18.05,15.50,-1.39,8.35,1,1,1,0,3
6.54,138.06,3.63,5460,6046,5806,5550,0.999,0.00,0.00,1.22,12.88,0.00,0.00
24,57600446,20.00,1,3,10.22,1,1,1.00,0.37,-3.08,-32.96,-1.29,10.17,-0.37,-4.30,0.58,-13.26,-1.74,-0.27,-0.01,-0.01,-1.74,-0.27,0.08,0.16,0.02,-1.20,-0.45,0.02,-1.74,-0.93,-0.27,-0.25,-0.72,0.77,
-3.64,6.08,-1.21,-0.81,0.15,-0.55,0.71,-4.65,0.82,0.3340,-0.20,31.36,-1.29,10.17,1,1,1,0,36.73,138.03,2.44,5419,6215,5680,5522,0.998,0.00,0.00,1.22,13.05,0.00,0.00
25,57620451,20.00,1,3,10.22,1,1,1.00,0.32,-3.05,-33.17,-0.28,12.64,-0.37,-4.30,0.00,-15.17,-2.11,-0.15,-
0.01,-0.01,-2.11,-0.15,0.00,0.16,-0.03,-1.37,-0.46,-0.11,-2.11,-0.75,-0.15,-0.34,-2.74,1.27,-8.56,8.22,-1.57,-1.48,0.15,-0.24,1.88,-4.13,0.61,0.2679,11.49,56.07,-0.28,12.64,1,1,1,1,36.75,138.03,2.15,5341,6288,5712,5595,0.997,0.00,0.00,1.22,13.25,0.00,0.00
26,57640450,2
0.00,1,3,10.22,1,1,1.00,0.28,-3.05,-33.42,-1.07,12.61,-0.36,-4.30,0.01,-15.92,-2.20,-0.15,-0.01,-0.01,-2.20,-0.15,0.00,0.16,-0.02,-1.44,-0.46,-0.13,-2.20,-0.64,-0.15,-0.39,-2.36,0.78,-9.22,2.06,-0.66,-1.32,0.14,0.52,1.55,-1.57,0.29,0.2638,-10.29,12.33,-1.07,12.61,1,1,1
,0,36.88,137.99,1.38,5482,6070,5819,5581,0.998,0.00,0.00,1.23,13.50,0.00,0.00
27,57660453,20.00,1,3,10.22,1,1,1.00,0.26,-3.02,-33.67,-2.01,10.38,-0.36,-4.30,0.65,-14.88,-1.95,-0.29,-0.01,-0.01,-1.95,-0.29,0.09,0.16,0.03,-1.34,-0.46,-0.04,-1.95,-0.67,-0.29,-0.40,0.01,-0.34,-5
.44,-6.48,0.65,-0.34,0.14,0.86,0.00,0.77,-0.09,0.2974,-12.93,-15.72,-2.01,10.38,1,1,1,0,36.96,137.97,0.93,5601,5885,6079,5452,0.998,0.00,0.00,1.23,13.75,0.00,0.00
28,57680455,20.00,1,3,10.22,1,1,1.00,0.22,-2.98,-33.88,-3.76,9.69,-0.35,-4.30,1.98,-14.05,-1.80,
-0.56,-0.01,-0.01,-1.80,-0.56,0.26,0.16,0.13,-1.27,-0.46,0.02,-1.80,-0.86,-0.56,-0.36,0.95,-1.87,-2.76,-11.98,1.56,0.82,0.14,0.60,-2.50,2.25,-0.44,0.1400,-24.28,1.59,-3.76,9.69,1,1,1,0,37.02,137.95,0.63,5670,5743,6271,5377,0.998,0.00,0.00,1.23,13.96,0.00,0.00
29,577004
54,20.00,1,3,10.21,1,1,1.00,0.17,-2.91,-34.07,-4.93,7.23,-0.34,-4.30,3.22,-12.25,-1.45,-0.79,-0.01,-0.01,-1.45,-0.79,0.42,0.16,0.20,-1.11,-0.46,0.13,-1.45,-1.04,-0.79,-0.32,2.73,-2.65,1.42,-7.60,0.41,0.60,0.14,-0.33,-4.15,1.47,-0.51,0.0723,-18.59,-23.22,-4.93,7.23,1,1,
1,1,36.98,137.97,0.83,5473,5937,6182,5500,0.998,0.00,0.00,1.21,14.14,0.00,0.00
30,57720455,20.00,1,3,10.22,1,1,1.00,0.13,-2.81,-34.22,-5.92,9.68,-0.33,-4.31,4.33,-13.00,-1.67,-0.98,-0.01,-0.01,-1.67,-0.98,0.57,0.17,0.24,-1.17,-0.46,0.06,-1.67,-1.09,-0.98,-0.31,0.45,-2
.80,-1.42,-0.07,-0.46,0.19,0.15,-0.79,-5.04,-0.67,-0.27,0.2636,-17.52,55.52,-5.92,9.68,1,1,1,1,37.23,137.85,-0.52,5410,6055,6005,5603,0.998,0.00,0.00,1.17,14.28,0.00,0.00
31,57740458,20.00,1,3,10.22,1,1,1.00,0.09,-2.69,-34.41,-5.46,12.14,-0.31,-4.31,4.50,-14.77,-2.03,-
0.97,-0.01,-0.01,-2.03,-0.97,0.59,0.17,0.21,-1.33,-0.46,-0.07,-2.03,-0.99,-0.97,-0.36,-1.90,-1.75,-6.15,7.61,-1.78,-1.13,0.14,-0.80,-3.75,-5.12,0.45,-0.0791,-0.07,44.66,-5.46,12.14,1,1,1,1,37.11,137.87,0.21,5365,6356,5769,5715,0.998,0.00,0.00,1.13,14.47,0.00,
0.00
32,57760456,20.00,1,3,10.21,1,1,1.00,0.05,-2.58,-34.65,-5.04,14.41,-0.30,-4.31,4.33,-16.84,-2.40,-0.90,-0.01,-0.01,-2.40,-0.90,0.57,0.17,0.15,-1.52,-0.46,-0.18,-2.40,-0.86,-0.90,-0.46,-2.80,-0.67,-9.55,6.56,-1.40,-1.59,0.14,0.05,-2.07,-7.41,0.76,0.2185,-0.04,41.01
,-5.04,14.41,1,1,1,0,37.26,137.80,-0.55,5416,6353,5784,5585,0.998,0.00,0.00,1.10,14.71,0.00,0.00
33,57780461,20.00,1,3,10.21,1,1,1.00,0.00,-2.48,-34.94,-3.86,13.46,-0.28,-4.31,3.58,-17.10,-2.37,-0.71,-0.01,-0.01,-2.37,-0.71,0.47,0.17,0.07,-1.54,-0.46,-0.16,-2.37,-0.82
,-0.71,-0.57,-1.67,0.71,-8.48,-1.63,-0.00,-0.99,0.13,0.86,0.26,-7.23,0.76,-0.0691,9.94,2.30,-3.86,13.46,1,1,1,0,37.13,137.80,0.26,5589,6222,6021,5388,0.998,0.00,0.00,1.06,14.99,0.00,0.00
34,57800462,20.00,1,3,10.21,1,1,1.00,-0.04,-2.40,-35.21,-3.01,12.54,-0.27,-4.31,2.
78,-16.65,-2.25,-0.53,-0.01,-0.01,-2.25,-0.53,0.36,0.17,-0.01,-1.50,-0.47,-0.10,-2.25,-0.95,-0.53,-0.69,-0.30,1.56,-5.81,-11.28,1.46,0.35,0.13,0.98,2.06,-4.63,0.46,0.2982,6.97,1.76,-3.01,12.54,1,1,1,0,37.22,137.73,-0.18,5830,5867,6130,5323,0.999,0.00,0.00,1.04,15.26,0.0
0,0.00
35,57820466,20.00,1,3
,10.21,1,1,1.00,-0.07,-2.34,-35.46,-2.89,10.09,-0.27,-4.31,2.40,-15.00,-1.90,-0.45,-0.01,-0.01,-1.90,-0.45,0.31,0.17,-0.04,-1.35,-0.47,0.02,-1.90,-1.20,-0.45,-0.74,1.93,1.49,-0.42,-12.75,1.10,0.87,0.13,0.11,2.40,-1.04,0.13,0.0948,-1.50,-29.58,-2.89,10.09,1,1,1,1,37.18,1
37.72,0.05,5698,5935,6192,5372,0.999,0.00,0.00,1.02,15.50,0.00,0.00
36,57840467,20.00,1,3,10.21,1,1,1.00,-0.12,-2.29,-35.66,-5.16,12.54,-0.26,-4.31,3.62,-15.80,-2.10,-0.72,-0.01,-0.01,-2.10,-0.72,0.47,0.17,0.06,-1.43,-0.47,-0.03,-2.10,-1.38,-0.72,-0.72,0.01,-0.64,-2.4
5,-5.23,0.09,0.60,0.14,-0.64,-0.64,2.50,-0.30,-0.0610,-31.82,59.77,-5.16,12.54,1,1,1,1,37.28,137.67,-0.45,5478,6033,6136,5532,0.999,0.00,0.00,1.01,15.70,0.00,0.00
37,57860458,19.99,1,3,10.21,1,1,1.00,-0.17,-2.18,-35.91,-5.16,12.54,-0.24,-4.31,4.13,-16.12,-2.15,-0.81,-0.01,-0
.01,-2.15,-0.81,0.54,0.17,0.09,-1.46,-0.47,-0.05,-2.15,-1.40,-0.81,-0.67,-0.26,-0.99,-2.83,3.76,-1.85,-0.77,0.14,-1.22,-1.43,3.29,-0.75,-0.4212,0.00,0.00,-5.16,12.54,1,0,0,0,37.11,137.72,0.50,5140,6278,5986,5826,0.999,0.00,0.00,0.97,15.95,0.00,0.00
38,57880467,20.01,1,
3,10.20,1,1,1.00,-0.21,-2.08,-36.16,-6.46,15.17,-0.23,-4.31,5.13,-17.82,-2.48,-1.00,-0.01,-0.01,-2.48,-1.00,0.67,0.17,0.15,-1.61,-0.47,-0.14,-2.48,-1.25,-1.00,-0.60,-2.20,-1.81,-7.38,9.24,-1.87,-1.51,0.13,-0.50,-3.09,2.39,-0.36,0.2706,-20.58,78.92,-6.46,15.17,1,1,1,1,37
.33,137.62,-0.59,5244,6231,5832,5834,0.999,0.00,0.00,0.93,16.20,0.00,0.00
39,57900468,20.00,1,3,10.20,1,1,1.00,-0.25,-1.95,-36.47,-5.91,16.74,-0.21,-4.31,5.22,-19.45,-2.75,-0.99,-0.01,-0.01,-2.75,-0.99,0.68,0.17,0.13,-1.76,-0.47,-0.22,-2.75,-1.08,-0.99,-0.59,-2.80,-1.
12,-10.14,4.64,-0.98,-1.50,0.12,0.39,-2.41,-1.42,0.10,0.3897,0.15,34.12,-5.91,16.74,1,1,1,0,37.23,137.64,-0.00,5426,6225,5940,5661,0.999,0.00,0.00,0.88,16.50,0.00,0.00
40,57920468,20.00,1,3,10.20,1,1,1.00,-0.30,-1.83,-36.80,-5.42,15.36,-0.20,-4.31,4.98,-19.
27,-2.64,-0.92,-0.01,-0.01,-2.64,-0.92,0.65,0.17,0.08,-1.74,-0.47,-0.16,-2.64,-1.07,-0.92,-0.64,-1.14,-0.27,-8.02,-4.29,0.22,-0.73,0.12,0.83,-1.14,-4.85,0.70,0.3959,0.00,0.00,-5.42,15.36,1,1,1,0,37.48,137.54,-1.26,5619,6169,6040,5375,1.000,0.00,0.00,0.84,16.83,0.00,0.0
0
41,57940472,20.00,1,3,10.20,1,1,1.00,-0.34,-1.72,-37.11,-5.01,12.81,-0.19,-4.32,4.65,-17.66,-2.28,-0.83,-0.01,-0.01,-2.28,-0.83,0.61,0.17,0.04,-1.60,-0.47,-0.03,-2.28,-1.20,-0.83,-0.73,1.43,0.35,-3.06,-11.61,1.42,0.45,0.12,0.85,0.02,-5.70,0.72,-0.0027,-0.41,-69.51,
-5.01,12.81,1,1,1,1,37.44,137.52,-0.93,5820,6037,6222,5257,1.000,0.00,0.00,0.80,17.13,0.00,0.00
42,57960471,20.00,1,3,10.20,1,1,1.00,-0.37,-1.62,-37.37,-4.60,11.76,-0.17,-4.32,4.28,-16.40,-2.05,-0.75,-0.01,-0.01,-2.05,-0.75,0.56,0.17,0.00,-1.48,-0.48,0.06,-2.05,-1.43,-
0.75,-0.82,2.34,0.74,0.32,-10.57,1.05,0.94,0.12,-0.02,0.96,-3.74,0.39,0.0323,0.00,0.00,-4.60,11.76,1,1,1,0,37.55,137.42,-1.46,5786,5971,6145,5408,1.000,0.00,0.00,0.76,17.38,0.00,0.00
43,57980475,20.00,1,3,10.19,1,1,1.00,-0.40,-1.53,-37.60,-7.13,14.29,-0.16,-4.32,5.67,
-17.39,-2.29,-1.04,-0.01,-0.01,-2.29,-1.04,0.74,0.17,0.11,-1.57,-0.48,-0.02,-2.29,-1.55,-1.04,-0.86,0.05,-1.33,-2.51,-1.98,-0.42,0.29,0.13,-0.83,-1.92,-0.57,-0.04,-0.0043,-48.19,56.61,-7.13,14.29,1,1,1,1,37.41,137.44,-0.62,5524,6152,6052,5643,1.001,0.00,0.00,0.72,17.62,
0.00,0.00
44,58000475,20.00,1,3,10.19,1,1,1.00,-0.44,-1.39,-37.89,-7.55,16.81,-0.15,-4.32,6.51,-19.30,-2.66,-1.21,-0.01,-0.01,-2.66,-1.21,0.85,0.18,0.15,-1.74,-0.48,-0.13,-2.66,-1.47,-1.21,-0.84,-2.20,-1.89,-7.19,8.46,-2.38,-1.37,0.12,-1.13,-3.06,1.55,-0.72,0.0365,-12.
41,52.69,-7.55,16.81,1,1,1,1,37.35,137.45,-0.28,5103,6356,5917,5919,1.001,0.00,0.00,0.66,17.90,0.00,0.00
45,58020475,20.00,1,3,10.19,1,1,1.00,-0.49,-1.24,-38.22,-6.91,19.31,-0.13,-4.32,6.49,-21.56,-3.05,-1.16,-0.01,-0.01,-3.05,-1.16,0.85,0.18,0.12,-1.95,-0.48,-0.25,-3
.05,-1.31,-1.16,-0.80,-2.80,-0.92,-10.56,9.66,-2.19,-2.10,0.11,-0.20,-2.05,1.37,-0.56,0.2026,0.43,50.21,-6.91,19.31,1,1,1,1,37.29,137.45,0.08,5162,6324,5894,5887,1.001,0.00,0.00,0.59,18.23,0.00,0.00
46,58040475,20.00,1,3,10.19,1,1,1.00,-0.52,-1.10,-38.61,-6.36,17.77,-
0.11,-4.32,6.17,-21.54,-2.96,-1.06,-0.01,-0.01,-2.96,-1.06,0.81,0.18,0.07,-1.95,-0.48,-0.20,-2.96,-1.18,-1.06,-0.79,-1.22,-0.02,-9.13,0.46,-0.36,-1.37,0.11,0.91,-0.88,-1.96,0.36,0.5026,0.00,0.00,-6.36,17.77,1,1,1,0,37.33,137.42,-0.03,5549,6165,5974,5549,1.001,0.00,0.00,
0.53,18.62,0.00,0.00
47,58060477,20.00,1,3,10.19,1,1,1.00,-0.56,-0.97,-38.96,-5.38,15.28,-0.10,-4.32,5.45,-20.04,-2.61,-0.90,-0.01,-0.01,-2.61,-0.90,0.71,0.18,0.00,-1.81,-0.48,-0.06,-2.61,-1.27,-0.90,-0.86,1.30,0.98,-4.46,-10.71,1.46,0.20,0.10,1.16,0.85,-5.07,0.92,
0.4811,5.93,-40.16,-5.38,15.28,1,1,1,1,37.26,137.45,0.37,5831,6041,6183,5201,1.002,0.00,0.00,0.47,18.97,0.00,0.00
48,58080478,20.00,1,3,10.19,1,1,1.00,-0.61,-0.86,-39.27,-5.00,12.80,-0.09,-4.32,4.93,-17.95,-2.21,-0.79,-0.01,-0.01,-2.21,-0.79,0.65,0.18,-0.04,-1.62,-0.4
8,0.08,-2.21,-1.52,-0.79,-0.96,2.80,1.30,0.50,-13.71,1.62,1.15,0.11,0.36,1.82,-4.96,0.83,0.2241,-0.54,-50.80,-5.00,12.80,1,1,1,1,37.52,137.34,-1.03,5848,5981,6189,5200,1.002,0.00,0.00,0.42,19.28,0.00,0.00
49,58100479,20.00,1,3,10.19,1,1,1.00,-0.64,-0.76,-39.5
3,-4.62,10.32,-0.08,-4.32,4.50,-15.63,-1.79,-0.71,-0.01,-0.01,-1.79,-0.71,0.59,0.18,-0.06,-1.41,-0.48,0.21,-1.79,-1.72,-0.71,-1.02,2.80,1.35,2.55,-5.78,0.18,0.78,0.11,-0.72,2.34,-1.50,0.16,-0.0304,-0.25,-22.28,-4.62,10.32,1,1,1,1,37.43,137.35,-0.49,5614,6105,6111,5524,1
.002,0.00,0.00,0.38,19.53,0.00,0.00
50,58120481,20.00,1,3,10.19,1,1,1.00,-0.68,-0.67,-39.73,-6.02,12.79,-0.07,-4.32,5.19,-16.18,-1.99,-0.87,-0.01,-0.01,-1.99,-0.87,0.68,0.18,0.00,-1.46,-0.49,0.13,-1.99,-1.70,-0.87,-1.01,0.59,-0.09,-0.35,6.30,-1.54,-0.47,0.11,-1.19,0.3
4,2.81,-0.41,-0.0464,-22.35,82.13,-6.02,12.79,1,1,1,1,37.48,137.32,-0.75,5273,6273,5974,5787,1.002,0.00,0.00,0.33,19.74,0.00,0.00
51,58140484,20.00,1,3,10.19,1,1,1.00,-0.73,-0.55,-39.99,-5.60,15.26,-0.06,-4.32,5.26,-17.88,-2.36,-0.88,-0.01,-0.01,-2.36,-0.88,0.69,0.18,0
.01,-1.61,-0.49,0.00,-2.36,-1.47,-0.88,-0.92,-1.83,-0.14,-5.28,14.46,-2.63,-1.85,0.11,-0.89,-0.02,5.09,-0.89,0.1801,-0.70,64.11,-5.60,15.26,1,1,1,1,37.40,137.33,-0.25,5065,6367,5907,5995,1.002,0.00,0.00,0.28,19.99,0.00,0.00
52,58160470,19.99,1,3,10.19,1,1,1.00,-0.76,-
0.44,-40.29,-5.16,14.06,-0.04,-4.32,5.02,-17.83,-2.32,-0.83,-0.01,-0.01,-2.32,-0.83,0.66,0.18,-0.01,-1.61,-0.49,0.00,-2.32,-1.20,-0.83,-0.84,-0.94,0.21,-5.56,11.57,-1.88,-2.10,0.10,0.12,0.22,3.35,-0.29,0.3933,0.00,0.00,-5.16,14.06,1,1,1,0,37.46,137.31,-0.54,5275,6292,58
73,5850,1.002,0.00,0.00,0.22,20.30,0.00,0.00
53,58180484,20.01,1,3,10.18,1,1,1.00,-0.80,-0.34,-40.57,-4.43,11.59,-0.03,-4.32,4.48,-16.34,-2.02,-0.73,-0.01,-0.01,-2.02,-0.73,0.59,0.18,-0.05,-1.48,-0.49,0.10,-2.02,-1.10,-0.73,-0.80,1.23,0.80,-2.36,0.55,0.59,-0.76,0.09,1
.26,1.05,0.25,0.34,0.0084,4.05,-27.39,-4.43,11.59,1,1,1,1,37.24,137.37,0.67,5629,6123,6189,5383,1.002,0.00,0.00,0.17,20.58,0.00,0.00
54,58200487,20.00,1,3,10.18,1,1,1.00,-0.84,-0.25,-40.81,-4.15,9.13,-0.02,-4.32,4.08,-14.27,-1.64,-0.65,-0.01,-0.01,-1.64,-0.65,0.53,0.18
,-0.07,-1.29,-0.49,0.21,-1.64,-1.22,-0.65,-0.83,2.80,0.96,1.45,-10.77,2.28,1.05,0.10,1.13,1.51,-2.83,0.85,0.2702,-0.78,-52.99,-4.15,9.13,1,1,1,1,37.40,137.29,-0.17,5929,5902,6277,5102,1.002,0.00,0.00,0.13,20.81,0.00,0.00
55,58220486,20.00,1,3,10.18,1,1,1.00,-0.87,-0.1
6,-40.99,-3.82,8.41,-0.02,-4.32,3.73,-13.01,-1.47,-0.60,-0.01,-0.01,-1.47,-0.60,0.49,0.18,-0.08,-1.17,-0.49,0.25,-1.47,-1.42,-0.60,-0.89,2.80,0.98,2.62,-7.54,0.97,1.12,0.10,-0.25,1.91,-2.79,0.61,-0.0663,0.00,0.00,-3.82,8.41,1,1,1,0,37.31,137.32,0.38,5778,6032,6126,5359,
1.002,0.00,0.00,0.08,20.99,0.00,0.00
56,58240489,20.00,1,3,10.18,1,1,1.00,-0.90,-0.09,-41.16,-3.50,9.03,-0.01,-4.32,3.41,-12.88,-1.52,-0.55,-0.01,-0.01,-1.52,-0.55,0.45,0.18,-0.09,-1.16,-0.49,0.20,-1.52,-1.45,-0.55,-0.91,1.52,0.94,1.30,4.18,-1.31,-0.19,0.10,-1.22,2.11,0.00,0.05,-0.0972,0.26,16.29,
-3.50,9.03,1,1,1,0,37.29,137.34,0.50,5346,6290,5929,5678,1.002,0.00,0.00,0.05,21.16,0.00,0.00
57,58260473,19.98,1,3,10.18,1,1,1.00,-0.94,-0.02,-41.34,-3.16,11.49,-0.00,-4.32,3.12,-14.31,-1.86,-0.50,-0.01,-0.01,-1.86,-0.50,0.41,0.18,-0.10,-1.29,-0.49,0.07,-1.86,-1.27,-0.50,-0
.89,-1.06,0.87,-2.92,13.65,-2.32,-1.54,0.10,-0.87,2.10,2.49,-0.24,-0.0180,0.75,45.41,-3.16,11.49,1,1,1,1,37.08,137.43,1.51,5155,6398,5850,5830,1.003,0.00,0.00,0.01,21.34,0.00,0.00
58,58280492,20.02,1,3,10.18,1,1,1.00,-0.98,0.04,-41.57,-2.86,13.74,0.00,-4.32,
2.85,-16.23,-2.23,-0.47,-0.01,-0.01,-2.23,-0.47,0.37,0.18,-0.10,-1.47,-0.49,-0.06,-2.23,-1.00,-0.47,-0.81,-2.80,0.78,-8.03,11.70,-1.57,-1.82,0.09,0.17,1.88,4.32,-0.39,0.2376,0.69,40.10,-2.86,13.74,1,1,1,0,37.09,137.45,1.40,5246,6214,5904,5762,1.003,0.00,0.00,-0.02,21.57
,0.00,0.00
59,58300493,20.00,1,3,10.18,1,1,1.00,-1.02,0.10,-41.84,-3.60,11.28,0.01,-4.32,3.17,-15.51,-2.04,-0.56,-0.01,-0.01,-2.04,-0.56,0.42,0.19,-0.05,-1.40,-0.50,-0.00,-2.04,-0.84,-0.56,-0.73,-0.63,-0.02,-5.67,2.12,-0.32,-1.27,0.08,0.86,0.53,3.60,-0.13,0.4083,-12.2
4,-50.04,-3.60,11.28,1,1,1,1,37.02,137.51,1.73,5429,6101,6050,5549,1.003,0.00,0.00,-0.05,21.84,0.00,0.00
60,58320495,20.00,1,3,10.18,1,1,1.00,-1.07,0.17,-42.07,-3.37,8.83,0.02,-4.32,3.15,-13.76,-1.70,-0.56,-0.01,-0.01,-1.70,-0.56,0.41,0.19,-0.04,-1.24,-0.50,0.11,-1.70
,-0.89,-0.56,-0.67,1.69,-0.05,-1.23,-7.81,1.43,0.27,0.08,1.08,0.29,2.11,-0.09,0.2275,-0.69,-36.86,-3.37,8.83,1,1,1,1,37.12,137.50,1.13,5633,5888,6290,5279,1.003,0.00,0.00,-0.09,22.07,0.00,0.00
61,58340497,20.00,1,3,10.19,1,1,1.00,-1.11,0.24,-42.25,-3.17,6.38,0.02,-4.
32,3.00,-11.58,-1.33,-0.54,-0.01,-0.01,-1.33,-0.54,0.39,0.19,-0.05,-1.05,-0.50,0.22,-1.33,-1.07,-0.54,-0.64,2.80,0.10,1.96,-8.71,1.15,0.93,0.09,0.13,0.42,0.64,0.14,0.0816,-0.80,-41.48,-3.17,6.38,1,1,1,1,36.99,137.58,1.71,5643,5965,6233,5304,1.003,0.00,0.00,-0.13,22.25,
0.00,0.00
62,58360497,20.00,1,3,10.19,1,1,1.00,-1.15,0.30,-42.37,-1.73,6.00,0.03,-4.32,2.08,-10.50,-1.21,-0.36,-0.01,-0.01,-1.21,-0.36,0.27,0.19,-0.11,-0.95,-0.50,0.25,-1.21,-1.16,-0.36,-0.63,2.55,1.17,2.38,0.18,-0.53,0.22,0.09,-0.84,2.04,0.66,-0.02,-0.2083,15.18,1.62
,-1.73,6.00,1,1,1,0,37.17,137.53,0.67,5389,6142,6009,5534,1.002,0.00,0.00,-0.16,22.37,0.00,0.00
63,58380491,19.99,1,3,10.19,1,1,1.00,-1.19,0.34,-42.49,-1.73,6.00,0.03,-4.32,1.72,-10.07,-1.20,-0.31,-0.01,-0.01,-1.20,-0.31,0.22,0.19,-0.11,-0.91,-0.50,0.22,-1.20,-1.04,-0.
31,-0.62,1.76,1.09,1.27,10.58,-1.99,-1.02,0.09,-1.05,2.08,0.43,0.33,-0.0763,0.00,0.00,-1.73,6.00,1,0,0,0,36.97,137.63,1.65,5255,6418,5806,5693,1.002,0.00,0.00,-0.18,22.49,0.00,0.00
64,58400500,20.01,1,3,10.19,1,1,1.00,-1.24,0.37,-42.61,-1.58,5.50,0.04,-4.32,1.48,-9.60
,-1.17,-0.28,-0.01,-0.01,-1.17,-0.28,0.19,0.19,-0.11,-0.87,-0.50,0.21,-1.17,-0.78,-0.28,-0.61,1.31,0.86,0.08,13.49,-1.73,-1.53,0.08,-0.28,1.90,1.06,0.11,0.0883,0.00,0.00,-1.58,5.50,1,1,1,0,37.21,137.57,0.36,5248,6315,5828,5675,1.002,0.00,0.00,-0.20,22.61,0.00,0.00
65,5
8420500,20.00,1,3,10.19,1,1,1.00,-1.27,0.41,-42.72,-1.40,7.33,0.04,-4.32,1.31,-10.51,-1.36,-0.27,-0.01,-0.01,-1.36,-0.27,0.17,0.19,-0.10,-0.95,-0.50,0.11,-1.36,-0.57,-0.27,-0.58,-0.32,0.64,-3.13,8.81,-0.63,-1.09,0.07,0.38,1.63,1.84,-0.03,0.2700,0.61,27.55,-1.40,7.33,1,
1,1,0,37.00,137.66,1.42,5417,6170,6011,5593,1.001,0.00,0.00,-0.22,22.72,0.00,0.00
66,58440502,20.00,1,3,10.19,1,1,1.00,-1.30,0.43,-42.87,-1.40,4.76,0.04,-4.32,1.21,-9.33,-1.19,-0.27,-0.01,-0.01,-1.19,-0.27,0.16,0.19,-0.09,-0.84,-0.50,0.16,-1.19,-0.49,-0.27,-0.53,0.82,0
.42,-1.52,1.43,0.22,-0.57,0.07,0.72,1.27,2.66,-0.24,-0.0049,-1.34,-59.24,-1.40,4.76,1,1,1,1,37.18,137.59,0.43,5452,6024,6147,5457,1.002,0.00,0.00,-0.23,22.87,0.00,0.00
67,58460504,20.00,1,3,10.19,1,1,1.00,-1.33,0.46,-42.96,-1.36,2.20,0.04,-4.32,1.12,-7.32,-0
.92,-0.27,-0.01,-0.01,-0.92,-0.27,0.15,0.19,-0.08,-0.66,-0.50,0.26,-0.92,-0.51,-0.27,-0.47,2.21,0.28,0.92,-1.77,0.43,0.03,0.07,0.33,0.91,3.21,-0.26,0.0666,-1.00,-43.16,-1.36,2.20,1,1,1,1,36.94,137.67,1.63,5525,5994,6176,5481,1.001,0.00,0.00,-0.25,22.97,0.0
0,0.00
68,58480504,20.00,1,3,10.20,1,1,1.00,-1.36,0.49,-43.01,-1.30,0.06,0.05,-4.32,1.02,-5.24,-0.65,-0.26,-0.01,-0.01,-0.65,-0.26,0.13,0.19,-0.07,-0.47,-0.50,0.34,-0.65,-0.54,-0.26,-0.41,2.80,0.21,2.46,-0.24,0.07,0.14,0.07,-0.14,0.70,2.35,-0.11,-0.1305,-0.57,-24.06,-1
.30,0.06,1,1,1,0,37.28,137.56,-0.27,5454,6041,6090,5464,1.001,0.00,0.00,-0.26,23.01,0.00,0.00
69,58500500,20.00,1,3,10.20,1,1,1.00,-1.40,0.51,-43.01,-1.38,0.06,0.05,-4.32,1.03,-4.40,-0.59,-0.28,-0.01,-0.01,-0.59,-0.28,0.13,0.19,-0.06,-0.40,-0.50,0.32,-0.59,-0.50,-0.28,
-0.38,2.19,0.04,1.91,5.32,-0.78,-0.36,0.07,-0.49,0.37,1.17,0.09,-0.2113,-2.24,0.05,-1.38,0.06,1,1,1,0,37.28,137.56,-0.27,5370,6269,6040,5552,1.000,0.00,0.00,-0.28,23.01,0.00,0.00
70,58520508,20.01,1,3,10.20,1,1,1.00,-1.45,0.54,-43.01,-0.70,1.20,0.05,-4.32,0.64,-4.76,-0
.71,-0.21,-0.01,-0.01,-0.71,-0.21,0.08,0.19,-0.07,-0.43,-0.50,0.23,-0.71,-0.36,-0.21,-0.36,0.69,0.44,-0.41,9.67,-1.27,-0.97,0.07,-0.37,0.92,1.09,-0.02,-0.2183,7.02,14.23,-0.70,1.20,1,1,1,0,37.36,137.50,-0.71,5313,6296,5964,5654,1.000,0.00,0.00,-0.29,23.01,0.00,0.00
71
,58540502,19.99,1,3,10.20,1,1,1.00,-1.48,0.56,-43.04,-0.60,2.73,0.05,-4.32,0.46,-5.83,-0.92,-0.19,-0.01,-0.01,-0.92,-0.19,0.06,0.19,-0.07,-0.53,-0.50,0.12,-0.92,-0.17,-0.19,-0.35,-0.84,0.43,-3.42,9.13,-1.15,-1.19,0.06,-0.02,0.96,-0.04,0.28,0.0644,0.52,20.26,-0.60,2.73,
1,1,1,0,37.38,137.50,-0.71,5409,6300,5924,5640,1.000,0.00,0.00,-0.30,23.04,0.00,0.00
72,58560508,20.01,1,3,10.20,1,1,1.00,-1.52,0.57,-43.09,-0.65,0.24,0.05,-4.32,0.38,-4.75,-0.78,-0.18,-0.01,-0.01,-0.78,-0.18,0.05,0.19,-0.06,-0.43,-0.50,0.16,-0.78,-0.04,-0.18,-0.36,0.
31,0.29,-2.26,3.87,-0.36,-0.91,0.06,0.49,0.84,0.26,0.08,0.1046,-1.26,-47.70,-0.65,0.24,1,1,1,1,37.47,137.43,-1.12,5449,6213,6095,5522,1.000,0.00,0.00,-0.30,23.09,0.00,0.00
73,58580506,20.00,1,3,10.20,1,1,1.00,-1.56,0.58,-43.09,-0.68,-2.25,0.05,-4.32,0.33,-2.8
3,-0.52,-0.19,-0.01,-0.01,-0.52,-0.19,0.04,0.19,-0.06,-0.26,-0.50,0.25,-0.52,-0.02,-0.19,-0.34,1.81,0.17,0.24,-1.93,0.61,-0.04,0.06,0.59,0.66,2.02,-0.30,-0.0147,-1.01,-37.14,-0.68,-2.25,1,1,1,1,37.47,137.43,-1.12,5545,6040,6279,5463,1.001,0.00,0.00,-0.31,23.10,0.00,0.0
0
74,58600511,20.00,1,3,10.20,1,1,1.00,-1.60,0.60,-43.05,-0.70,-4.53,0.06,-4.31,0.28,-0.69,-0.24,-0.19,-0.01,-0.01,-0.24,-0.19,0.04,0.19,-0.05,-0.06,-0.50,0.34,-0.24,-0.08,-0.19,-0.29,2.80,0.10,2.31,-2.93,0.58,0.40,0.06,0.13,0.43,2.95,-0.38,-0.0824,-0.86,-30.92,-0.70,-4.53,1,1,1,0,37.56,1
37.34,-1.52,5534,6032,6285,5479,1.001,0.00,0.00,-0.32,23.10,0.00,-0.00
75,58620507,20.00,1,3,10.20,1,1,1.00,-1.65,0.61,-42.96,-0.64,-4.17,0.06,-4.30,0.23,-0.04,-0.21,-0.19,-0.01,-0.01,-0.21,-0.19,0.03,0.19,-0.04,-0.00,-0.50,0.31,-0.21,-0.12,-0.19,-0.23,2.02,0.06,1.73,1
.19,-0.21,0.14,0.06,-0.41,0.19,3.19,-0.36,-0.2420,0.00,0.00,-0.64,-4.17,1,1,1,0,37.57,137.34,-1.52,5416,6178,6216,5567,1.001,0.00,0.00,-0.33,23.10,0.00,-0.01
76,58640516,20.01,1,3,10.19,1,1,1.00,-1.69,0.62,-42.88,-0.75,-1.70,0.06,-4.29,0.32,-1.25,-0.45,-0.22,-0.01,-0.
01,-0.45,-0.22,0.04,0.19,-0.03,-0.11,-0.50,0.17,-0.45,-0.04,-0.22,-0.19,-0.21,-0.13,-1.53,7.22,-1.15,-0.69,0.06,-0.52,-0.22,1.70,-0.06,-0.2031,-1.99,27.71,-0.75,-1.70,1,1,1,1,37.52,137.31,-1.20,5333,6341,6053,5653,1.001,0.00,0.00,-0.33,23.10,0.00,-0.02
77,58660510,19.99,1,3,10.19,1,
1,1.00,-1.73,0.64,-42.84,-0.29,-1.43,0.06,-4.29,0.09,-1.91,-0.59,-0.17,-0.01,-0.01,-0.59,-0.17,0.01,0.19,-0.04,-0.17,-0.50,0.10,-0.59,0.11,-0.17,-0.17,-0.96,0.18,-3.33,8.54,-1.39,-1.26,0.05,-0.19,0.15,0.64,0.01,-0.0890,5.06,1.70,-0.29,-1.43,1,1,1,0,37.54,137.31,-1.20,5342,6340,596
9,5707,1.001,0.00,0.00,-0.34,23.10,0.00,-0.02
78,58680518,20.01,1,3,10.19,1,1,1.00,-1.77,0.64,-42.81,0.87,-0.67,0.06,-4.28,0.00,-2.65,-0.72,-0.16,-0.01,-0.01,-0.72,-0.16,0.00,0.19,-0.04,-0.24,-0.50,0.03,-0.72,0.25,-0.16,-0.16,-1.44,0.18,-5.35,4.55,-0.52,-0.9
8,0.05,0.42,0.17,0.04,0.13,-0.0162,14.44,8.26,0.87,-0.67,1,1,1,0,37.62,137.21,-1.56,5463,6253,6082,5565,1.001,0.00,0.00,-0.35,23.09,0.00,-0.03
79,58700512,19.99,1,3,10.19,1,1,1.00,-1.80,0.63,-42.80,0.71,-3.13,0.06,-4.28,0.00,-1.46,-0.55,-0.17,-0.01,-0.01,-0.55,-0.17,0.
00,0.19,-0.03,-0.13,-0.50,0.10,-0.55,0.26,-0.17,-0.17,0.14,0.07,-2.76,-2.74,0.43,-0.33,0.04,0.71,0.08,-0.49,0.13,-0.0410,-1.20,-38.06,0.71,-3.13,1,1,1,1,37.63,137.21,-1.56,5590,6148,6229,5442,1.002,0.00,0.00,-0.34,23.09,0.00,-0.03
80,58720517,20.00,1,3,10.19,1,1,1.00
,-1.84,0.61,-42.74,0.58,-5.16,0.06,-4.28,-0.01,0.00,-0.34,-0.18,-0.01,-0.01,-0.34,-0.18,-0.00,0.19,-0.03,0.00,-0.50,0.17,-0.34,0.15,-0.18,-0.17,1.35,0.02,-0.23,-6.50,0.93,0.47,0.05,0.42,0.01,0.78,-0.22,-0.1509,-0.93,-28.92,0.58,-5.16,1,1,1,0,37.53,137.19,-0.95,5614,6036
,6339,5426,1.002,0.00,0.00,-0.33,23.09,0.00,-0.04
81,58740516,20.00,1,3,10.19,1,1,1.00,-1.87,0.60,-42.63,0.53,-4.75,0.06,-4.29,0.00,0.00,-0.38,-0.18,-0.01,-0.01,-0.38,-0.18,0.00,0.19,-0.02,0.00,-0.50,0.14,-0.38,0.04,-0.18,-0.15,0.67,-0.03,-0.65,-3.93,0.32,0.46,0.05,-
0.19,-0.14,2.02,-0.34,-0.2821,0.00,0.00,0.53,-4.75,1,1,1,0,37.54,137.19,-0.95,5518,6075,6249,5522,1.002,0.00,0.00,-0.32,23.09,0.00,-0.07
82,58760521,20.00,1,3,10.19,1,1,1.00,-1.91,0.59,-42.54,0.49,-4.38,0.06,-4.30,0.00,0.00,-0.40,-0.19,-0.01,-0.01,-0.40,-0.19,0.00,0.19,-0.02,0.00,-0.50,0.11,-0.40,
0.02,-0.19,-0.11,0.27,-0.05,-1.08,3.29,-1.20,-0.49,0.05,-0.75,-0.29,2.14,-0.29,-0.2320,0.00,0.00,0.49,-4.38,1,1,1,0,37.70,137.06,-1.74,5301,6304,6066,5694,1.002,0.00,0.00,-0.32,23.09,0.00,-0.10
83,58780523,20.00,1,3,10.19,1,1,1.00,-1.94,0.58,-42.45,0.45,-4.04,0.05,-4.31,0.00,0.00,-0.43,-0.19,-0.01
,-0.01,-0.43,-0.19,0.00,0.20,-0.01,0.00,-0.50,0.09,-0.43,0.09,-0.19,-0.09,0.04,-0.05,-1.59,5.84,-1.11,-0.86,0.04,-0.29,-0.38,0.90,-0.04,-0.6442,0.00,0.00,0.45,-4.04,1,1,1,0,37.60,137.06,-1.19,5351,6361,6081,5656,1.002,0.00,0.00,-0.31,23.09,0.00,-0.13
84,58800524,20.00,
1,3,10.18,1,1,1.00,-1.98,0.57,-42.37,1.19,-3.62,0.05,-4.33,-0.34,0.00,-0.44,-0.12,-0.01,-0.01,-0.44,-0.12,-0.04,0.20,-0.04,0.00,-0.50,0.07,-0.44,0.18,-0.12,-0.09,-0.08,0.38,-2.11,4.66,-0.57,-0.78,0.04,0.17,0.26,-0.46,0.17,-0.0550,9.85,1.29,1.19,-3.62,1,1,1,0,37.95,136.
84,-2.92,5481,6264,6070,5585,1.002,0.00,0.00,-0.31,23.08,0.00,-0.16
85,58820524,20.00,1,3,10.18,1,1,1.00,-2.00,0.55,-42.30,1.92,-3.94,0.05,-4.34,-0.95,0.00,-0.46,-0.00,-0.01,-0.01,-0.46,-0.00,-0.12,0.20,-0.08,0.00,-0.50,0.06,-0.46,0.23,-0.00,-0.11,-0.14,0.98,-2.43,-0.0
1,0.24,-0.26,0.04,0.47,1.33,-1.04,0.24,0.0573,10.46,-7.79,1.92,-3.94,1,1,1,0,37.86,136.83,-2.21,5659,6198,6198,5531,1.002,0.00,0.00,-0.30,23.08,0.00,-0.19
86,58840527,20.00,1,3,10.18,1,1,1.00,-2.02,0.51,-42.22,1.73,-4.73,0.05,-4.36,-1.10,0.00,-0.47,0.01,-0.01,-0.01,-0.
47,0.01,-0.14,0.20,-0.07,0.00,-0.50,0.04,-0.47,0.20,0.01,-0.13,-0.16,0.73,-2.38,-3.26,0.51,0.10,0.04,0.37,1.19,-0.98,0.38,0.1306,-0.49,-13.89,1.73,-4.73,1,1,1,0,38.00,136.73,-2.75,5662,6208,6242,5426,1.002,0.00,0.00,-0.28,23.08,0.00,-0.23
87,58860527,20.00,1,3,10.18,1,
1,1.00,-2.06,0.47,-42.12,1.53,-6.08,0.05,-4.39,-1.07,0.48,-0.40,-0.01,-0.01,-0.01,-0.40,-0.01,-0.14,0.20,-0.06,0.04,-0.50,0.07,-0.40,0.13,-0.01,-0.13,0.29,0.35,-1.41,-2.32,-0.14,-0.01,0.04,-0.17,0.73,1.33,-3,-6.08,1,1,1,0,37.83,136.72,-1.84,5528,6221,6241,5621,1.003
,0.00,0.00,-0.26,23.07,0.00,-0.28
88,58880528,20.00,1,3,10.18,1,1,1.00,-2.08,0.44,-42.00,1.41,-5.61,0.04,-4.43,-0.97,0.57,-0.40,-0.04,-0.01,-0.01,-0.40,-0.04,-0.13,0.20,-0.04,0.05,-0.50,0.06,-0.40,0.10,-0.04,-0.08,0.19,0.04,-1.43,0.44,-0.46,-0.23,0.04,-0.27,0.19,2.64,-
0.31,-0.1073,0.00,0.00,1.41,-5.61,1,1,1,0,38.06,136.58,-2.90,5498,6180,6139,5702,1.003,0.00,0.00,-0.24,23.06,0.00,-0.34
89,58900521,19.99,1,3,10.17,1,1,1.00,-2.10,0.41,-41.89,1.41,-5.61,0.04,-4.48,-0.94,0.57,-0.41,-0.05,-0.01,-0.01,-0.41,-0.05,-0.12,0.20,-0.03,0.05,-0.50,0.05,-0.41,0.13,-0.05,-0.0
5,0.06,-0.07,-1.68,2.01,-0.49,-0.43,0.04,-0.09,-0.07,1.07,0.02,-0.1416,0.00,0.00,1.41,-5.61,1,0,0,0,38.22,136.45,-3.59,5512,6312,6179,5636,1.004,0.00,0.00,-0.23,23.06,0.00,-0.41
90,58920530,20.01,1,3,10.17,1,1,1.00,-2.14,0.39,-41.78,1.29,-5.14,0.04,-4.53,-0.84,0.26,-0
.47,-0.08,-0.01,-0.01,-0.47,-0.08,-0.11,0.20,-0.01,0.02,-0.50,0.02,-0.47,0.15,-0.08,-0.05,-0.31,-0.20,-2.32,2.31,-0.50,-0.50,0.03,-0.03,-0.29,-0.53,0.25,-0.2604,0.00,0.00,1.29,-5.14,1,1,1,0,38.10,136.42,-2.77,5546,6383,6185,5611,1.004,0.00,0.00,-0.21,23.05,0.00,-0.48
9
1,58940533,20.00,1,3,10.17,1,1,1.00,-2.15,0.36,-41.68,2.26,-4.75,0.04,-4.58,-1.37,0.00,-0.51,0.03,-0.01,-0.01,-0.51,0.03,-0.18,0.20,-0.05,0.00,-0.50,-0.00,-0.51,0.17,0.03,-0.07,-0.47,0.53,-2.77,0.76,-0.21,-0.38,0.03,0.14,0.85,-0.89,0.11,-0.0889,12.91,-0.49,2.26,-4.75,1,
1,1,0,37.88,136.44,-1.63,5631,6232,6145,5657,1.004,0.00,0.00,-0.20,23.04,0.00,-0.55
92,58960536,20.00,1,3,10.17,1,1,1.00,-2.16,0.31,-41.58,3.10,-5.87,0.03,-4.62,-2.12,0.32,-0.46,0.17,-0.01,-0.01,-0.46,0.17,-0.28,0.20,-0.10,0.03,-0.50,0.02,-0.46,0.17,0.17,-0.10,0.00,1.
23,-2.05,-1.75,0.20,-0.13,0.03,0.29,2.10,-1.58,0.46,0.2508,12.48,-18.41,3.10,-5.87,1,1,1,0,38.09,136.33,-2.58,5682,6213,6144,5507,1.004,0.00,0.00,-0.17,23.02,0.00,-0.62
93,58980535,20.00,1,3,10.17,1,1,1.00,-2.18,0.25,-41.46,2.85,-5.39,0.03,-4.69,-2.26,0.19,-0.49,0.18,
-0.01,-0.01,-0.49,0.18,-0.30,0.20,-0.09,0.02,-0.50,0.01,-0.49,0.12,0.18,-0.13,-0.15,0.85,-2.10,-3.52,0.33,0.18,0.03,0.11,1.84,-1.02,0.33,-0.0428,0.00,0.00,2.85,-5.39,1,1,1,0,37.93,136.30,-1.79,5665,6251,6249,5490,1.004,0.00,0.00,-0.14,23.01,0.00,-0.70
94,59000537,20.00
,1,3,10.17,1,1,1.00,-2.19,0.20,-41.36,2.62,-4.96,0.02,-4.75,-2.16,0.00,-0.52,0.14,-0.01,-0.01,-0.52,0.14,-0.28,0.20,-0.06,0.00,-0.50,-0.01,-0.52,0.05,0.14,-0.12,-0.28,0.33,-2.11,-2.14,-0.10,0.01,0.03,-0.14,1.16,1.94,-0.23,-0.0801,0.00,0.00,2.62,-4.96,1,1,1,0,38.11,136.
17,-2.59,5584,6141,6176,5671,1.005,0.00,0.00,-0.11,22.99,0.00,-0.78
95,59020538,20.00,1,3,10.17,1,1,1.00,-2.20,0.14,-41.26,2.41,-4.55,0.02,-4.80,-1.99,0.00,-0.52,0.10,-0.01,-0.01,-0.52,0.10,-0.26,0.20,-0.04,0.00,-0.50,-0.01,-0.52,0.03,0.10,-0.08,-0.17,-0.08,
-1.93,0.37,-0.52,-0.31,0.03,-0.24,0.46,2.21,-0.16,-0.0556,0.00,0.00,2.41,-4.55,1,1,1,0,38.08,136.13,-2.24,5543,6247,6152,5724,1.004,0.00,0.00,-0.08,22.98,0.00,-0.85
96,59040540,20.00,1,3,10.17,1,1,1.00,-2.21,0.09,-41.17,1.25,-4.15,0.01,-4.86,-1.22,0.00,-0.52,-0.07,-0.0
1,-0.01,-0.52,-0.07,-0.16,0.20,0.03,0.00,-0.50,-0.00,-0.52,0.03,-0.07,-0.05,-0.11,-1.08,-1.86,0.62,-0.34,-0.32,0.03,-0.05,-1.14,0.33,0.22,-0.2800,-12.00,0.46,1.25,-4.15,1,1,1,0,38.23,136.03,-2.86,5577,6305,6159,5609,1.004,0.00,0.00,-0.05,22.96,0.00,-0.92
97,5
9060539,20.00,1,3,10.17,1,1,1.00,-2.23,0.07,-41.08,1.84,-2.73,0.01,-4.90,-1.24,-1.04,-0.67,-0.06,-0.01,-0.01,-0.67,-0.06,-0.16,0.20,0.02,-0.09,-0.50,-0.07,-0.67,0.04,-0.06,-0.07,-1.04,-0.65,-3.44,-0.12,-0.10,-0.22,0.03,0.09,-0.64,-1.45,0.21,0.0611,8.65,13.56,1.84,-2.73,1,1,1,
0,38.00,136.04,-1.69,5662,6258,6177,5633,1.005,0.00,0.00,-0.04,22.94,0.00,-0.98
98,59080543,20.00,1,3,10.16,1,1,1.00,-2.23,0.03,-41.03,1.69,-2.51,0.00,-4.93,-1.15,-1.60,-0.75,-0.08,-0.01,-0.01,-0.75,-0.08,-0.15,0.20,0.02,-0.14,-0.50,-0.09,-0.75,0.03,-0.08,-0.11,-1.12,-
0.51,-3.90,-0.38,-0.36,-0.38,0.03,-0.00,-0.40,-2.86,0.49,-0.0181,0.00,0.00,1.69,-2.51,1,1,1,0,37.86,136.05,-0.99,5654,6282,6056,5619,1.005,0.00,0.00,-0.02,22.92,0.00,-1.02
99,59100541,20.00,1,3,10.16,1,1,1.00,-2.24,-0.00,-40.98,3.32,-2.13,-0.00,-4.95,-2.09,-2.11,-0.81
,0.12,-0.01,-0.01,-0.81,0.12,-0.27,0.20,-0.05,-0.19,-0.50,-0.10,-0.81,0.02,0.12,-0.17,-1.10,0.89,-4.15,-2.32,0.12,-0.20,0.03,0.29,1.83,-4.55,0.76,0.0667,22.14,2.27,3.32,-2.13,1,1,1,0,38.09,135.94,-2.09,5691,6277,6108,5459,1.005,0.00,0.00,0.00,22.90,-0.00,-1.05
100,591
20543,20.00,1,3,10.16,1,1,1.00,-2.25,-0.07,-40.93,3.06,-1.96,-0.01,-4.97,-2.30,-2.42,-0.83,0.16,-0.01,-0.01,-0.83,0.16,-0.30,0.20,-0.06,-0.22,-0.50,-0.10,-0.83,-0.06,0.16,-0.25,-0.87,0.79,-3.63,-3.46,-0.05,-0.09,0.03,0.01,2.07,-2.81,0.56,-0.0626,0.00,0.00,3.06,-1.96,1
,1,1,0,37.77,136.00,-0.42,5701,6277,6114,5566,1.005,0.00,0.00,0.04,22.88,-0.00,-1.07
101,59140545,20.00,1,3,10.16,1,1,1.00,-2.25,-0.13,-40.90,2.66,-1.80,-0.01,-4.98,-2.15,-2.64,-0.85,0.11,-0.01,-0.01,-0.85,0.11,-0.28,0.20,-0.04,-0.24,-0.50,-0.10,-0.85,-0.12,0.11,-0.28,
-0.65,0.25,-3.12,-3.00,-0.08,-0.08,0.03,-0.03,1.49,0.18,-0.00,0.0206,-1.96,0.08,2.66,-1.80,1,1,1,0,37.99,135.88,-1.72,5598,6145,6124,5621,1.006,0.00,0.00,0.07,22.86,-0.00,-1.08
102,59160545,20.00,1,3,10.16,1,1,1.00,-2.26,-0.18,-40.86,0.63,0.67,-0.02,-4.99,-0.82,-4.17
,-1.06,-0.17,-0.01,-0.01,-1.06,-0.17,-0.11,0.20,0.07,-0.38,-0.50,-0.17,-1.06,-0.18,-0.17,-0.25,-1.74,-1.58,-5.13,-2.90,-0.01,-0.03,0.03,-0.01,-1.32,2.59,-0.36,0.0135,-22.93,35.01,0.63,0.67,1,1,1,1,37.87,135.89,-1.03,5568,6140,6231,5667,1.006,0.00,0.00,0.10,22.83,-0.00,-
1.10
103,59180535,19.99,1,3,10.17,1,1,1.00,-2.27,-0.19,-40.87,0.60,0.94,-0.02,-4.96,-0.26,-4.92,-1.14,-0.27,-0.01,-0.01,-1.14,-0.27,-0.03,0.20,0.10,-0.44,-0.50,-0.19,-1.14,-0.23,-0.27,-0.21,-1.63,-1.65,-5.21,-2.38,-0.45,-0.34,0.02,-0.13,-1.85,2.16,-0.49,-0.1
697,0.16,4.07,0.60,0.94,1,1,1,0,37.89,135.85,-1.08,5452,6189,6200,5700,1.005,0.00,0.00,0.11,22.81,-0.01,-1.06
104,59200550,20.01,1,3,10.17,1,1,1.00,-2.28,-0.21,-40.89,0.59,1.75,-0.02,-4.93,-0.01,-5.69,-1.22,-0.30,-0.01,-0.01,-1.22,-0.30,-0.00,0.20,0.10,-0.51,-0.50,-0.2
0,-1.22,-0.28,-0.30,-0.19,-1.56,-1.26,-5.32,-3.34,-0.19,-0.23,0.02,0.02,-1.62,-1.11,0.17,0.1091,0.45,11.23,0.59,1.75,1,1,1,0,37.64,135.91,0.27,5595,6225,6129,5601,1.005,0.00,0.00,0.11,22.79,-0.01,-1.02
105,59220549,20.00,1,3,10.17,1,1,1.00,-2.28,-0.22,-40.93,0.54,1.62
,-0.02,-4.89,0.00,-5.89,-1.22,-0.29,-0.01,-0.01,-1.22,-0.29,0.00,0.20,0.08,-0.53,-0.50,-0.17,-1.22,-0.34,-0.29,-0.24,-0.96,-0.71,-4.31,-3.46,-0.14,-0.23,0.02,0.07,-0.85,-3.94,0.63,0.0748,0.00,0.00,0.54,1.62,1,1,1,0,37.65,135.91,0.27,5661,6216,6013,5531,1.005,0.00,0.00,
0.12,22.77,-0.01,-0.97
106,59240551,20.00,1,3,10.17,1,1,1.00,-2.28,-0.23,-40.96,0.50,1.49,-0.03,-4.85,0.00,-5.87,-1.18,-0.27,-0.01,-0.01,-1.18,-0.27,0.00,0.20,0.07,-0.53,-0.50,-0.14,-1.18,-0.42,-0.27,-0.33,-0.40,-0.36,-3.08,-4.89,0.24,0.07,0.02,0.14,-0.17,-5.68,0.86,0.
0218,0.00,0.00,0.50,1.49,1,1,1,0,37.65,135.91,0.25,5709,6228,6064,5421,1.005,0.00,0.00,0.13,22.75,-0.01,-0.92
107,59260554,20.00,1,3,10.17,1,1,1.00,-2.28,-0.24,-40.99,0.49,2.26,-0.03,-4.82,0.00,-6.30,-1.22,-0.26,-0.01,-0.01,-1.22,-0.26,0.00,0.20,0.05,-0.57,-0.50,-0
.14,-1.22,-0.50,-0.26,-0.43,-0.50,-0.16,-2.97,-3.36,-0.04,0.03,0.02,-0.10,0.38,-3.69,0.35,0.0375,0.45,11.23,0.49,2.26,1,1,1,0,37.63,135.92,0.37,5622,6183,6079,5542,1.004,0.00,0.00,0.13,22.74,-0.01,-0.88
108,59280554,20.00,1,3,10.17,1,1,1.00,-2.28,-0.25,-41.03,0.45,2.08
,-0.03,-4.78,0.00,-6.34,-1.20,-0.25,-0.01,-0.01,-1.20,-0.25,0.00,0.20,0.04,-0.57,-0.51,-0.11,-1.20,-0.55,-0.25,-0.48,-0.20,-0.04,-2.33,-2.14,-0.20,-0.10,0.02,-0.12,0.69,-0.78,-0.07,-0.0213,0.00,0.00,0.45,2.08,1,1,1,0,37.45,136.01,1.35,5545,6145,6111,5615,1.004,0.00,0.0
0,0.14,22.72,-0.00,-0.82
109,59300541,19.99,1,3,10.17,1,1,1.00,-2.29,-0.26,-41.08,-0.40,2.28,-0.03,-4.74,0.00,-6.43,-1.19,-0.24,-0.01,-0.01,-1.19,-0.24,0.00,0.20,0.03,-0.58,-0.51,-0.09,-1.19,-0.57,-0.24,-0.48,-0.09,0.03,-2.09,-1.10,-0.21,-0.15,0.02,-0.08,0.79,0.36,0.00
,0.0960,-10.43,4.64,-0.40,2.28,1,1,1,0,37.60,135.98,0.56,5513,6147,6090,5569,1.004,0.00,0.00,0.14,22.70,-0.00,-0.77
110,59320556,20.01,1,3,10.18,1,1,1.00,-2.30,-0.25,-41.12,-1.39,3.03,-0.03,-4.70,0.62,-6.88,-1.24,-0.36,-0.01,-0.01,-1.24,-0.36,0.08,0.20,0.07,-0.62,-0.5
1,-0.10,-1.24,-0.59,-0.36,-0.47,-0.36,-0.73,-2.47,-1.25,-0.05,-0.10,0.02,0.03,-0.39,0.52,0.07,0.1699,-12.97,11.83,-1.39,3.03,1,1,1,0,37.45,136.05,1.33,5564,6152,6121,5560,1.004,0.00,0.00,0.14,22.69,-0.00,-0.72
111,59340558,20.00,1,3,10.18,1,1,1.00,-2.31,-0.22,-41.18,-
1.80,4.35,-0.02,-4.65,1.23,-7.81,-1.36,-0.47,-0.01,-0.01,-1.36,-0.47,0.16,0.20,0.11,-0.70,-0.51,-0.14,-1.36,-0.62,-0.47,-0.46,-0.98,-1.16,-3.56,-2.29,0.04,-0.02,0.02,0.04,-1.21,-0.42,0.07,0.1801,-6.62,19.87,-1.80,4.35,1,1,1,0,37.55,136.01,0.82,5550,6129,6122,5520,1.003,
0.00,0.00,0.12,22.68,-0.00,-0.66
112,59360558,20.00,1,3,10.18,1,1,1.00,-2.31,-0.19,-41.27,-1.65,4.16,-0.02,-4.60,1.38,-8.03,-1.37,-0.48,-0.01,-0.01,-1.37,-0.48,0.18,0.20,0.10,-0.73,-0.51,-0.13,-1.37,-0.65,-0.48,-0.47,-0.68,-0.82,-3.13,-2.12,-0.15,-0.18,0.02,0.01,-0.87,
-1.02,0.06,0.1213,0.07,1.85,-1.65,4.16,1,1,1,0,37.50,136.03,1.08,5559,6143,6088,5582,1.003,0.00,0.00,0.10,22.67,-0.00,-0.58
113,59380562,20.00,1,3,10.18,1,1,1.00,-2.31,-0.15,-41.35,-1.52,3.98,-0.02,-4.55,1.36,-7.99,-1.34,-0.46,-0.01,-0.01,-1.34,-0.46,0.18,0.20,0.08,-0
.72,-0.51,-0.10,-1.34,-0.69,-0.46,-0.50,-0.25,-0.38,-2.39,-2.07,-0.12,-0.13,0.02,-0.01,-0.25,-2.30,0.35,0.1679,0.08,1.89,-1.52,3.98,1,1,1,0,37.52,136.05,0.95,5565,6199,6076,5505,1.003,0.00,0.00,0.08,22.65,-0.00,-0.51
114,59400562,20.00,1,3,10.18,1,1,1.00,-2.32,-0.12,-4
1.43,-1.40,3.67,-0.01,-4.50,1.27,-7.76,-1.28,-0.43,-0.01,-0.01,-1.28,-0.43,0.17,0.20,0.05,-0.70,-0.51,-0.06,-1.28,-0.74,-0.43,-0.54,0.17,-0.05,-1.58,-3.63,0.35,0.15,0.02,0.17,0.32,-1.78,0.21,0.2578,0.00,0.00,-1.40,3.67,1,1,1,0,37.36,136.14,1.80,5632,6103,6138,5484,1.00
3,0.00,0.00,0.07,22.65,-0.00,-0.44
115,59420555,19.99,1,3,10.18,1,1,1.00,-2.33,-0.09,-41.50,-1.40,3.67,-0.01,-4.46,1.24,-7.64,-1.25,-0.41,-0.01,-0.01,-1.25,-0.41,0.16,0.20,0.04,-0.69,-0.51,-0.04,-1.25,-0.80,-0.41,-0.57,0.29,0.08,-1.16,-3.33,0.22,0.22,0.02,-0.02,0.58,-
0.97,0.17,0.1297,0.00,0.00,-1.40,3.67,1,0,0,0,37.33,136.19,1.90,5585,6094,6107,5483,1.003,0.00,0.00,0.05,22.64,-0.00,-0.39
116,59440564,20.01,1,3,10.19,1,1,1.00,-2.33,-0.07,-41.58,-1.26,3.83,-0.01,-4.43,1.15,-7.68,-1.25,-0.38,-0.01,-0.01,-1.25,-0.38,0.15,0.20,0.03,-0.6
9,-0.51,-0.04,-1.25,-0.85,-0.38,-0.58,0.21,0.21,-1.09,-2.16,0.03,0.12,0.02,-0.12,0.84,-0.30,0.13,0.1295,0.23,5.67,-1.26,3.83,1,1,1,0,37.44,136.19,1.24,5557,6105,6077,5516,1.002,0.00,0.00,0.04,22.63,-0.00,-0.34
117,59460565,20.00,1,3,10.19,1,1,1.00,-2.34,-0.04,-41.65,-1.14,3
.92,-0.00,-4.40,1.04,-7.73,-1.25,-0.35,-0.01,-0.01,-1.25,-0.35,0.14,0.20,0.01,-0.70,-0.51,-0.03,-1.25,-0.86,-0.35,-0.58,0.13,0.30,-1.11,-0.89,-0.07,-0.02,0.02,-0.07,1.02,0.00,0.15,0.1981,0.20,4.81,-1.14,3.92,1,1,1,0,37.79,136.07,-0.64,5552,6143,6086,5531,1.002,0.00,0.00
,0.02,22.63,-0.00,-0.29
118,59480570,20.00,1,3,10.19,1,1,1.00,-2.34,-0.02,-41.73,-1.02,4.23,-0.00,-4.37,0.94,-7.92,-1.28,-0.33,-0.01,-0.01,-1.28,-0.33,0.12,0.20,0.00,-0.72,-0.51,-0.04,-1.28,-0.87,-0.33,-0.55,-0.06,0.35,-1.36,-0.57,-0.10,-0.07,0.02,-0.06,1.05,1.19,-0.0
8,0.0850,0.31,7.68,-1.02,4.23,1,1,1,0,37.50,136.15,0.93,5554,6172,6167,5603,1.001,0.00,0.00,0.01,22.62,-0.00,-0.24
119,59500568,20.00,1,3,10.19,1,1,1.00,-2.34,0.00,-41.82,-0.90,4.68,0.00,-4.35,0.84,-8.26,-1.32,-0.31,-0.01,-0.01,-1.32,-0.31,0.11,0.20,-0.01,-0.75,-0.51,-
0.05,-1.32,-0.87,-0.31,-0.53,-0.31,0.35,-1.73,-0.61,-0.10,-0.09,0.02,-0.03,1.05,0.91,0.09,0.2190,0.40,9.79,-0.90,4.68,1,1,1,0,37.50,136.16,0.94,5571,6126,6076,5573,1.001,0.00,0.00,-0.00,22.62,0.00,-0.20
120,59520569,20.00,1,3,10.19,1,1,1.00,-2.35,0.02,-41.9
1,-0.80,5.03,0.00,-4.32,0.75,-8.59,-1.36,-0.29,-0.01,-0.01,-1.36,-0.29,0.10,0.20,-0.01,-0.78,-0.51,-0.06,-1.36,-0.88,-0.29,-0.51,-0.45,0.34,-2.00,-1.93,0.21,0.03,0.02,0.16,1.04,0.46,0.16,0.4658,0.37,8.92,-0.80,5.03,1,1,1,0,37.33,136.25,1.84,5593,6122,6135,5496,1.002,0.
00,0.00,-0.01,22.61,0.00,-0.15
121,59540570,20.00,1,3,10.19,1,1,1.00,-2.35,0.04,-42.01,-0.69,5.85,0.00,-4.30,0.66,-9.20,-1.44,-0.28,-0.01,-0.01,-1.44,-0.28,0.09,0.20,-0.02,-0.83,-0.51,-0.09,-1.44,-0.91,-0.28,-0.48,-0.80,0.31,-2.49,-1.73,-0.09,-0.03,0.02,-0.07,0.96,1.3
3,-0.03,0.0822,0.62,15.19,-0.69,5.85,1,1,1,0,37.50,136.18,0.87,5510,6108,6095,5542,1.001,0.00,0.00,-0.02,22.61,0.00,-0.11
122,59560572,20.00,1,3,10.19,1,1,1.00,-2.36,0.05,-42.13,-0.63,5.38,0.00,-4.29,0.58,-9.16,-1.42,-0.26,-0.01,-0.01,-1.42,-0.26,0.08,0.20,-0.02,-0.83
,-0.51,-0.07,-1.42,-0.94,-0.26,-0.46,-0.37,0.28,-1.92,-1.68,-0.07,-0.10,0.02,0.01,0.92,0.50,0.16,0.1873,0.00,0.00,-0.63,5.38,1,1,1,0,37.34,136.26,1.75,5581,6135,6073,5558,1.001,0.00,0.00,-0.03,22.61,0.00,-0.07
123,59580573,20.00,1,3,10.19,1,1,1.00,-2.36,0.06,-42.24,-0.
58,4.95,0.01,-4.28,0.51,-8.88,-1.36,-0.25,-0.01,-0.01,-1.36,-0.25,0.07,0.20,-0.02,-0.80,-0.51,-0.04,-1.36,-0.96,-0.25,-0.46,0.10,0.25,-1.18,-2.05,0.07,0.02,0.02,0.04,0.91,0.33,0.15,0.1611,0.00,0.00,-0.58,4.95,1,1,1,0,37.51,136.23,0.84,5558,6110,6091,5501,1.001,0.00,0.0
0,-0.03,22.61,0.00,-0.04
124,59600573,20.00,1,3,10.19,1,1,1.00,-2.36,0.07,-42.34,-0.53,4.55,0.01,-4.29,0.45,-8.54,-1.30,-0.24,-0.01,-0.01,-1.30,-0.24,0.06,0.20,-0.02,-0.77,-0.52,-0.01,-1.30,-1.00,-0.24,-0.45,0.43,0.22,-0.56,-2.20,0.22,0.13,0.02,0.07,0.89,0.45,0.09,0.1
454,0.00,0.00,-0.53,4.55,1,1,1,0,37.60,136.21,0.38,5600,6099,6133,5519,1.001,0.00,0.00,-0.04,22.61,0.00,-0.02
125,59620575,20.00,1,3,10.19,1,1,1.00,-2.37,0.08,-42.43,-0.27,4.18,0.01,-4.29,0.25,-8.19,-1.25,-0.21,-0.01,-0.01,-1.25,-0.21,0.03,0.20,-0.03,-0.74,-0.52,0.02,-
1.25,-1.03,-0.21,-0.44,0.61,0.36,-0.09,-1.78,0.11,0.15,0.02,-0.07,1.11,1.20,-0.06,0.1423,2.81,-0.12,-0.27,4.18,1,1,1,0,37.75,136.15,-0.39,5571,6113,6158,5557,1.001,0.00,0.00,-0.05,22.61,0.00,-0.01
126,59640576,20.00,1,3,10.19,1,1,1.00,-2.37,0.09,-42.51,0.10,4.12,0.01,
-4.30,0.00,-8.02,-1.23,-0.16,-0.01,-0.01,-1.23,-0.16,0.00,0.20,-0.05,-0.72,-0.52,0.02,-1.23,-1.04,-0.16,-0.42,0.53,0.52,-0.08,-0.22,-0.08,0.02,0.02,-0.12,1.36,0.80,0.12,0.1603,4.39,3.38,0.10,4.12,1,1,1,0,37.62,136.20,0.31,5592,6178,6125,5583,1.001,0.00,0.00,-0.05,22.61,
0.00,-0.00
127,59660565,19.99,1,3,10.19,1,1,1.00,-2.37,0.09,-42.59,1.03,5.17,0.01,-4.32,0.00,-8.62,-1.33,-0.17,-0.01,-0.01,-1.33,-0.17,0.00,0.20,-0.04,-0.78,-0.52,-0.02,-1.33,-1.03,-0.17,-0.42,-0.25,0.28,-1.20,0.34,-0.07,-0.05,0.02,-0.04,1.07,0.24,0.25,0.2263,11.84,
17.38,1.03,5.17,1,1,1,0,37.68,136.18,0.02,5593,6179,6094,5545,1.001,0.00,0.00,-0.05,22.61,0.00,-0.00
128,59680581,20.02,1,3,10.19,1,1,1.00,-2.38,0.07,-42.70,2.09,5.44,0.01,-4.32,-0.58,-9.05,-1.39,-0.06,-0.01,-0.01,-1.39,-0.06,-0.08,0.20,-0.07,-0.82,-0.52,-0.04,-1.39,-
1.00,-0.06,-0.40,-0.54,0.88,-1.78,0.33,-0.17,-0.19,0.02,-0.00,1.96,1.13,-0.03,0.2086,14.33,8.58,2.09,5.44,1,1,1,0,37.76,136.13,-0.36,5538,6175,6136,5592,1.001,0.00,0.00,-0.04,22.70,0.00,0.00
129,59700582,20.00,1,3,10.19,1,1,1.00,-2.38,0.03,-42.80,1.92,5.01,0.00,-4.32,
-0.85,-8.96,-1.37,-0.01,-0.01,-0.01,-1.37,-0.01,-0.11,0.20,-0.08,-0.81,-0.52,-0.03,-1.37,-0.99,-0.01,-0.37,-0.22,0.82,-1.42,-1.05,0.09,-0.09,0.02,0.16,1.97,1.57,0.08,0.3803,0.00,0.00,1.92,5.01,1,1,1,0,37.71,136.14,-0.01,5609,6156,6157,5563,1.001,0.00,0.00,-0.01,22.80,0
.00,0.00
130,59720580,20.00,1,3,10.19,1,1,1.00,-2.39,-0.01,-42.90,1.77,4.61,-0.00,-4.32,-0.88,-8.68,-1.32,-0.02,-0.01,-0.01,-1.32,-0.02,-0.12,0.20,-0.07,-0.78,-0.52,-0.01,-1.32,-1.02,-0.02,-0.34,0.15,0.47,-0.81,-3.04,0.41,0.20,0.02,0.18,1.48,2.37,-0.13,0.1534,0.00,0.00
,1.77,4.61,1,1,1,0,37.64,136.14,0.41,5591,6100,6242,5520,1.002,0.00,0.00,0.01,22.90,0.00,0.00
131,59740581,20.00,1,3,10.19,1,1,1.00,-2.40,-0.05,-43.00,1.63,4.25,-0.00,-4.32,-0.82,-8.35,-1.27,-0.05,-0.01,-0.01,-1.27,-0.05,-0.11,0.20,-0.05,-0.75,-0.52,0.02,-1.
27,-1.07,-0.05,-0.28,0.41,0.15,-0.22,-2.25,0.15,0.18,0.02,-0.06,0.89,3.30,-0.28,0.0796,0.00,0.00,1.63,4.25,1,1,1,0,37.89,136.02,-0.87,5577,6058,6171,5612,1.002,0.00,0.00,0.03,23.00,0.00,0.00
132,59760581,20.00,1,3,10.19,1,1,1.00,-2.40,-0.08,-43.08,1.50,3.91,-0.01,-4.32
,-0.72,-8.01,-1.22,-0.08,-0.01,-0.01,-1.22,-0.08,-0.09,0.20,-0.03,-0.72,-0.52,0.03,-1.22,-1.09,-0.08,-0.24,0.56,-0.08,0.13,-0.59,-0.08,0.05,0.02,-0.15,0.42,1.62,0.06,0.1659,0.00,0.00,1.50,3.91,1,1,1,0,37.74,136.07,0.01,5590,6201,6163,5594,1.002,0.00,0.00,0.04,23.08,0.00
,0.00
133,59780585,20.00,1,3,10.19,1,1,1.00,-2.40,-0.11,-43.16,2.30,3.57,-0.01,-4.32,-1.18,-7.69,-1.18,0.01,-0.01,-0.01,-1.18,0.01,-0.15,0.20,-0.06,-0.69,-0.52,0.05,-1.18,-1.09,0.01,-0.22,0.62,0.49,0.33,-0.45,0.08,0.07,0.02,-0.02,1.21,0.41,0.17,0.1926,11.62,-0.49,2.30
,3.57,1,1,1,0,37.88,136.01,-0.73,5623,6157,6132,5558,1.002,0.00,0.00,0.06,23.16,0.00,0.00
134,59800587,20.00,1,3,10.18,1,1,1.00,-2.40,-0.16,-43.23,2.12,3.29,-0.01,-4.32,-1.26,-7.39,-1.14,0.01,-0.01,-0.01,-1.14,0.01,-0.16,0.20,-0.05,-0.67,-0.52,0.06,-1.14,-1.0
9,0.01,-0.23,0.62,0.35,0.46,-1.23,0.30,0.20,0.02,0.08,1.13,-0.82,0.39,0.2359,0.00,0.00,2.12,3.29,1,1,1,0,37.84,136.01,-0.47,5695,6181,6157,5513,1.002,0.00,0.00,0.08,23.23,0.00,0.00
135,59820585,20.00,1,3,10.18,1,1,1.00,-2.40,-0.20,-43.30,1.95,3.03,-0.02,-4.32,-1.20,-7
.11,-1.11,-0.01,-0.01,-0.01,-1.11,-0.01,-0.16,0.20,-0.04,-0.64,-0.52,0.06,-1.11,-1.11,-0.01,-0.25,0.59,0.09,0.60,-2.25,0.46,0.34,0.03,0.10,0.86,-0.72,0.30,0.2428,0.00,0.00,1.95,3.03,1,1,1,0,38.02,135.93,-1.34,5707,6135,6178,5506,1.002,0.00,0.00,0.11,23.30,0.00,0.00
136
,59840588,20.00,1,3,10.18,1,1,1.00,-2.40,-0.24,-43.36,1.80,2.79,-0.02,-4.32,-1.09,-6.85,-1.08,-0.04,-0.01,-0.01,-1.08,-0.04,-0.14,0.20,-0.02,-0.62,-0.52,0.07,-1.08,-1.14,-0.04,-0.26,0.55,-0.13,0.74,-2.32,0.43,0.36,0.03,0.04,0.57,0.66,-0.04,0.1496,0.00,0.00,1.80,2.79,1,
1,1,0,37.89,135.96,-0.53,5671,6129,6252,5568,1.003,0.00,0.00,0.13,23.36,0.00,0.00
137,59860589,20.00,1,3,10.18,1,1,1.00,-2.41,-0.27,-43.41,1.66,2.57,-0.03,-4.32,-0.97,-6.61,-1.06,-0.07,-0.01,-0.01,-1.06,-0.07,-0.13,0.20,-0.01,-0.60,-0.52,0.07,-1.06,-1.17,-0.07,-0.23
,0.49,-0.26,0.84,-1.09,0.12,0.23,0.03,-0.13,0.26,1.77,-0.22,0.1618,0.00,0.00,1.66,2.57,1,1,1,0,38.10,135.86,-1.59,5582,6135,6225,5607,1.003,0.00,0.00,0.15,23.41,0.00,0.00
138,59880578,19.99,1,3,10.18,1,1,1.00,-2.40,-0.31,-43.46,1.53,2.37,-0.03,-4.32,-0.85,-6.
39,-1.04,-0.10,-0.01,-0.01,-1.04,-0.10,-0.11,0.20,0.00,-0.58,-0.52,0.07,-1.04,-1.17,-0.10,-0.21,0.44,-0.33,0.85,0.04,0.03,0.10,0.03,-0.09,0.02,1.17,-0.05,0.1844,0.00,0.00,1.53,2.37,1,1,1,0,38.07,135.83,-1.36,5653,6164,6187,5657,1.003,0.00,0.00,0.17,23.47,0.00,0.00
139,
59900594,20.02,1,3,10.18,1,1,1.00,-2.40,-0.34,-43.51,1.41,2.18,-0.03,-4.32,-0.74,-6.19,-1.03,-0.12,-0.01,-0.01,-1.03,-0.12,-0.10,0.20,0.01,-0.56,-0.52,0.07,-1.03,-1.19,-0.12,-0.19,0.39,-0.36,0.91,-1.12,0.30,0.25,0.03,0.02,-0.13,0.57,0.01,-0.0515,0.00,0.00,1.41,2.18,1,1
,1,0,38.39,135.65,-2.94,5669,6155,6233,5588,1.003,0.00,0.00,0.18,23.51,0.00,0.00
140,59920594,20.00,1,3,10.17,1,1,1.00,-2.39,-0.37,-43.56,1.24,0.76,-0.03,-4.32,-0.63,-5.25,-0.90,-0.14,-0.01,-0.01,-0.90,-0.14,-0.08,0.20,0.02,-0.47,-0.52,0.11,-0.90,-1.20,-0.14,-0.19,1.
05,-0.35,2.03,-1.63,0.44,0.32,0.03,0.10,-0.19,-0.10,0.10,0.2833,-0.67,-15.94,1.24,0.76,1,1,1,0,38.16,135.67,-1.67,5784,6151,6241,5640,1.003,0.00,0.00,0.20,23.56,0.00,0.00
141,59940588,19.99,1,3,10.17,1,1,1.00,-2.38,-0.39,-43.57,1.24,0.76,-0.04,-4.32,-0.59,-4.88,-0.86,
-0.14,-0.01,-0.01,-0.86,-0.14,-0.08,0.20,0.02,-0.44,-0.53,0.11,-0.86,-1.22,-0.14,-0.20,0.89,-0.26,2.05,-1.14,0.40,0.40,0.03,-0.03,-0.07,-0.60,0.13,0.1483,0.00,0.00,1.24,0.76,1,0,0,0,38.36,135.55,-2.61,5731,6149,6220,5592,1.004,0.00,0.00,0.21,23.57,0.00,0.00
142,59960
597,20.01,1,3,10.17,1,1,1.00,-2.38,-0.42,-43.59,0.90,-1.49,-0.04,-4.32,-0.43,-3.37,-0.65,-0.17,-0.01,-0.01,-0.65,-0.17,-0.06,0.20,0.03,-0.30,-0.53,0.19,-0.65,-1.24,-0.17,-0.21,1.85,-0.36,3.74,-1.94,0.54,0.50,0.03,0.01,-0.24,0.01,-0.11,0.1820,-2.83,-26.02,0.90,
-1.49,1,1,1,0,38.25,135.52,-1.99,5694,6178,6350,5579,1.004,0.00,0.00,0.22,23.59,0.00,0.00
143,59980595,20.00,1,3,10.17,1,1,1.00,-2.40,-0.43,-43.56,-0.54,-3.31,-0.04,-4.31,0.00,-1.63,-0.42,-0.26,-0.01,-0.01,-0.42,-0.26,0.00,0.20,0.05,-0.15,-0.53,0.26,-0.42,-1.26,-0.26,
-0.19,2.61,-0.75,5.69,-0.05,0.38,0.47,0.04,-0.13,-0.98,1.39,-0.28,0.0805,-16.36,-23.39,-0.54,-3.31,1,1,1,0,38.10,135.50,-1.13,5668,6127,6302,5643,1.004,0.00,0.00,0.23,23.59,-0.00,-0.00
144,60000596,20.00,1,3,10.17,1,1,1.00,-2.39,-0.42,-43.49,-0.49,-3.04,-0.04,-4.30,0.0
0,-1.10,-0.39,-0.25,-0.01,-0.01,-0.39,-0.25,0.00,0.20,0.04,-0.10,-0.53,0.24,-0.39,-1.22,-0.25,-0.16,1.88,-0.42,4.95,2.34,0.31,0.42,0.04,-0.15,-0.69,1.50,-0.33,0.2768,0.00,0.00,-0.49,-3.04,1,1,1,0,38.25,135.40,-1.85,5640,6105,6272,5646,1.005,0.00,0.00,0.23,23.59,-0.00,-0
.00
145,60020601,20.00,1,3,10.16,1,1,1.00,-2.39,-0.41,-43.43,-0.44,-2.48,-0.04,-4.29,0.00,-1.22,-0.46,-0.24,-0.01,-0.01,-0.46,-0.24,0.00,0.20,0.03,-0.11,-0.53,0.18,-0.46,-1.15,-0.24,-0.13,0.81,-0.22,3.10,3.80,-0.00,0.14,0.04,-0.18,-0.56,2.22,-0.45,0.2049,0.16,3.84,-0.
44,-2.48,1,1,1,0,38.25,135.35,-1.79,5597,6155,6273,5716,1.005,0.00,0.00,0.22,23.59,-0.00,-0.01
146,60040582,19.98,1,3,10.16,1,1,1.00,-2.39,-0.40,-43.38,-1.62,-2.23,-0.04,-4.29,0.66,-1.39,-0.52,-0.37,-0.01,-0.01,-0.52,-0.37,0.09,0.20,0.08,-0.13,-0.53,0.14,-0.52,-1.06,-0
.37,-0.10,0.15,-0.95,1.86,4.58,-0.30,-0.18,0.04,-0.15,-1.82,1.84,-0.23,0.2451,-15.02,0.63,-1.62,-2.23,1,1,1,0,38.26,135.35,-1.79,5594,6215,6199,5734,1.005,0.00,0.00,0.22,23.59,-0.00,-0.01
147,60060603,20.02,1,3,10.16,1,1,1.00,-2.40,-0.37,-43.34,-1.66,-4.75,-0.03,-4.29,0.93,
0.00,-0.34,-0.41,-0.01,-0.01,-0.34,-0.41,0.12,0.20,0.08,0.00,-0.53,0.20,-0.34,-1.01,-0.41,-0.08,1.23,-0.86,3.47,0.77,0.50,0.14,0.04,0.33,-1.90,0.54,-0.25,-0.0340,-2.12,-50.58,-1.66,-4.75,1,1,1,1,38.25,135.25,-1.64,5660,6148,6348,5593,1.005,0.00,0.00,0.20,23.59,-0.00,-0
.02
148,60080598,20.00,1,3,10.16,1,1,1.00,-2.39,-0.34,-43.24,-1.60,-6.07,-0.03,-4.28,0.97,0.44,-0.31,-0.40,-0.01,-0.01,-0.31,-0.40,0.13,0.20,0.07,0.04,-0.53,0.19,-0.31,-1.02,-0.40,-0.07,0.97,-0.51,3.38,-0.65,0.75,0.51,0.04,0.19,-1.57,0.27,-0.19,0.0079,-0.88,-21.17,-1.6
0,-6.07,1,1,1,0,38.26,135.25,-1.64,5770,6051,6299,5622,1.006,0.00,0.00,0.18,23.59,-0.00,-0.04
149,60100604,20.01,1,3,10.16,1,1,1.00,-2.37,-0.31,-43.12,-1.02,-8.58,-0.03,-4.29,0.57,2.47,0.01,-0.31,-0.01,-0.01,0.01,-0.31,0.07,0.20,0.03,0.22,-0.53,0.28,0.01,-1.04,-0.31,-0
.08,2.61,0.26,6.91,-1.24,0.65,0.58,0.04,0.03,-0.46,-0.96,0.08,0.1910,5.70,-65.93,-1.02,-8.58,1,1,1,1,38.21,135.16,-1.30,5804,6090,6242,5612,1.006,0.00,0.00,0.17,23.58,-0.00,-0.07
150,60120601,20.00,1,3,10.16,1,1,1.00,-2.37,-0.29,-42.95,-0.98,-9.00,-0.03,-4.31,0.38,3.5
3,0.13,-0.26,-0.01,-0.01,0.13,-0.26,0.05,0.20,0.01,0.32,-0.53,0.29,0.13,-1.04,-0.26,-0.10,2.43,0.44,7.36,-1.85,1.34,1.09,0.05,0.19,-0.06,-2.62,0.53,0.2245,-0.58,-13.91,-0.98,-9.00,1,1,1,0,38.22,135.16,-1.30,5843,6157,6371,5350,1.006,0.00,0.00,0.16,23.58,-0.00,
-0.13
151,60140609,20.01,1,3,10.16,1,1,1.00,-2.38,-0.27,-42.77,-1.14,-8.56,-0.03,-4.35,0.42,3.66,0.08,-0.27,-0.01,-0.01,0.08,-0.27,0.05,0.20,0.01,0.33,-0.52,0.24,0.08,-1.01,-0.27,-0.14,1.28,0.25,5.81,5.08,-0.34,0.28,0.05,-0.67,-0.17,-0.10,-0.19,-0.0769,-3.01,-3.47,-1.
14,-8.56,1,1,1,0,38.18,135.07,-0.98,5579,6235,6196,5717,1.006,0.00,0.00,0.15,23.58,-0.00,-0.21
152,60160601,19.99,1,3,10.16,1,1,1.00,-2.37,-0.24,-42.60,-2.99,-7.49,-0.02,-4.40,1.57,3.09,-0.08,-0.50,-0.01,-0.01,-0.08,-0.50,0.21,0.20,0.09,0.28,-0.52,0.15,-0.08,-0.85,-0.
50,-0.11,-0.18,-1.29,2.53,9.63,-0.91,-0.48,0.05,-0.48,-2.56,3.47,-0.75,0.1213,-24.37,4.95,-2.99,-7.49,1,1,1,0,38.19,135.07,-0.98,5477,6176,6134,5917,1.006,0.00,0.00,0.14,23.57,-0.00,-0.29
153,60180596,20.00,1,3,10.16,1,1,1.00,-2.36,-0.18,-42.45,-4.52,-6.40,-0.02,-4.46
,2.98,2.21,-0.27,-0.78,-0.01,-0.01,-0.27,-0.78,0.39,0.20,0.18,0.20,-0.52,0.07,-0.27,-0.71,-0.78,-0.05,-1.25,-2.52,0.16,8.02,-0.56,-0.68,0.05,0.09,-5.02,4.12,-1.01,0.6768,-22.26,6.29,-4.52,-6.40,1,1,1,0,38.24,134.98,-1.19,5458,6130,6250,5871,1.006,0.00,0.00,0.10,23.56,-0
.00,-0.38
154,60200608,20.01,1,3,10.15,1,1,1.00,-2.36,-0.09,-42.32,-4.29,-8.87,-0.01,-4.51,3.35,3.30,-0.05,-0.82,-0.01,-0.01,-0.05,-0.82,0.44,0.20,0.18,0.30,-0.52,0.12,-0.05,-0.62,-0.82,0.02,0.51,-1.89,2.31,0.52,0.68,-0.04,0.04,0.68,-5.03,1.64,-0.67,0.4124,-1
.61,-38.97,-4.29,-8.87,1,1,1,1,38.25,134.98,-1.19,5649,6042,6400,5647,1.006,0.00,0.00,0.05,23.56,-0.00,-0.46
155,60220611,20.00,1,3,10.15,1,1,1.00,-2.36,-0.01,-42.14,-2.74,-11.34,-0.00,-4.60,2.51,5.13,0.28,-0.61,-0.01,-0.01,0.28,-0.61,0.33,0.20,0.08,0.46,-0.52,0.21,0.2
8,-0.67,-0.61,-0.01,2.34,0.05,6.09,-6.35,1.87,1.08,0.05,0.73,-1.89,-5.35,0.75,0.1987,15.32,-67.49,-2.74,-11.34,1,1,1,1,38.21,134.89,-0.85,5994,6075,6370,5303,1.007,0.00,0.00,0.00,23.54,-0.00,-0.59
156,60240610,20.00,1,3,10.15,1,1,1.00,-2.36,0.05,-41.91,-2.64,-13.37,0.
00,-4.73,2.08,6.99,0.58,-0.51,-0.01,-0.01,0.58,-0.51,0.27,0.20,0.03,0.63,-0.52,0.29,0.58,-0.79,-0.51,-0.15,2.80,0.68,8.69,-7.22,1.95,1.66,0.05,0.22,-0.46,-9.40,1.48,0.1037,-1.52,-37.01,-2.64,-13.37,1,1,1,0,38.21,134.89,-0.85,6110,6139,6264,5204,1.007,0.00,0.00
,-0.03,23.53,0.00,-0.76
157,6026060
0,19.99,1,3,10.15,1,1,1.00,-2.36,0.10,-41.65,-0.18,-14.70,0.01,-4.91,0.40,8.37,0.77,-0.15,-0.01,-0.01,0.77,-0.15,0.05,0.20,-0.11,0.76,-0.52,0.32,0.77,-0.87,-0.15,-0.28,2.80,2.61,10.03,-3.32,1.20,1.50,0.06,-0.37,3.03,-9.22,1.25,0.1191,29.35,-30.29,-0.18,-14.70,1,1,1,1,
38.18,134.84,-0.63,5960,6232,6218,5312,1.007,0.00,0.00,-0.06,23.51,0.00,-0.99
158,60280611,20.01,1,3,10.15,1,1,1.00,-2.36,0.10,-41.35,-2.64,-13.42,0.01,-5.12,1.24,8.09,0.63,-0.35,-0.01,-0.01,0.63,-0.35,0.16,0.20,-0.02,0.73,-0.52,0.24,0.63,-0.78,-0.35,-0.38,0.95,0.49,7.
02,10.56,-1.35,-0.07,0.06,-1.34,0.58,-0.45,-0.25,-0.0237,-37.61,1.55,-2.64,-13.42,1,1,1,1,38.19,134.84,-0.63,5453,6335,6044,5875,1.007,0.00,0.00,-0.06,23.48,0.00,-1.27
159,60300617,20.01,1,3,10.15,1,1,1.00,-2.35,0.16,-41.08,-5.10,-10.96,0.02,-5.34,3.12,6.43,0.26,-0.74
,-0.01,-0.01,0.26,-0.74,0.41,0.20,0.13,0.58,-0.52,0.08,0.26,-0.53,-0.74,-0.33,-1.65,-2.10,1.20,15.39,-1.64,-1.05,0.06,-0.64,-3.40,5.38,-1.34,-0.1257,-34.17,41.16,-5.10,-10.96,1,1,1,1,38.11,134.79,-0.12,5270,6232,6152,6056,1.007,0.00,0.00,-0.09,23.45,0.01,-1.53
160,603
20619,20.00,1,3,10.15,1,1,1.00,-2.33,0.26,-40.87,-4.71,-10.47,0.03,-5.51,3.67,5.37,0.06,-0.83,-0.01,-0.01,0.06,-0.83,0.48,0.20,0.14,0.48,-0.52,0.00,0.06,-0.25,-0.83,-0.17,-2.27,-1.90,-1.29,11.46,-0.91,-1.28,0.05,0.32,-4.08,9.40,-2.10,0.2065,-0.19,-4.78,-4.71,-10.47,1,1
,1,0,38.11,134.77,-0.09,5300,5979,6294,6094,1.007,0.00,0.00,-0.15,23.42,0.01,-1.74
161,60340620,20.00,1,3,10.15,1,1,1.00,-2.31,0.35,-40.66,-5.77,-12.93,0.05,-5.68,4.47,6.32,0.29,-0.97,-0.01,-0.01,0.29,-0.97,0.59,0.20,0.18,0.57,-0.52,0.06,0.29,-0.11,-0.97,-0.04,-0.12,
-2.08,1.13,1.34,0.73,-0.33,0.05,1.00,-5.72,1.98,-0.08,0.2628,-18.18,-70.83,-5.77,-12.93,1,1,1,1,38.26,134.70,-0.83,5744,6068,6282,5574,1.007,0.00,0.00,-0.20,23.38,0.02,-1.95
162,60360620,20.00,1,3,10.15,1,1,1.00,-2.30,0.47,-40.40,-3.60,-15.39,0.07,-5.90,3.46,7.98,0.60,
-0.72,-0.01,-0.01,0.60,-0.72,0.45,0.20,0.06,0.72,-0.52,0.15,0.60,-0.18,-0.72,-0.09,1.84,0.15,4.60,-7.89,2.16,1.13,0.05,0.96,-1.90,-6.52,0.90,0.1417,21.87,-86.07,-3.60,-15.39,1,1,1,1,38.11,134.76,-0.02,6089,6022,6354,5281,1.008,0.00,0.00,-0.27,23.33,0.03,-2.21
163,6038
0621,20.00,1,3,10.15,1,1,1.00,-2.29,0.54,-40.09,-3.47,-17.84,0.08,-6.17,2.93,9.92,0.94,-0.60,-0.01,-0.01,0.94,-0.60,0.38,0.20,0.01,0.90,-0.52,0.24,0.94,-0.35,-0.60,-0.28,2.80,0.85,8.32,-8.11,1.72,1.59,0.06,0.06,-0.17,-11.33,1.83,-0.1621,-2.02,-50.54,-3.47,-17.84,1,1,1,
1,38.26,134.70,-0.75,6151,6166,6138,5214,1.007,0.00,0.00,-0.31,23.28,0.03,-2.54
164,60400623,20.00,1,3,10.15,1,1,1.00,-2.26,0.61,-39.73,-2.11,-19.26,0.10,-6.50,1.90,11.30,1.14,-0.39,-0.01,-0.01,1.14,-0.39,0.25,0.20,-0.07,1.02,-0.52,0.28,1.14,-0.44,-0.39,-0.50,2.80,1.87
,9.74,1.18,0.07,0.89,0.07,-0.89,2.25,-8.82,0.95,-0.3017,13.86,-35.94,-2.11,-19.26,1,1,1,0,38.18,134.72,-0.28,5865,6259,6026,5596,1.007,0.00,0.00,-0.36,23.22,0.04,-2.94
165,60420626,20.00,1,3,10.15,1,1,1.00,-2.23,0.65,-39.35,-2.65,-16.81,0.11,-6.86,1.86,10.27,
0.86,-0.39,-0.01,-0.01,0.86,-0.39,0.24,0.20,-0.06,0.93,-0.52,0.16,0.86,-0.32,-0.39,-0.61,0.06,1.19,4.97,10.57,-0.92,-0.10,0.07,-0.88,1.89,-1.58,-0.04,-0.1292,-8.97,13.22,-2.65,-16.81,1,1,1,1,38.31,134.66,-0.93,5608,6234,6000,5861,1.007,0.00,0.00,-0.38,23.15,0.06,-3.36

166,60440629,20.00,1,3,10.15,1,1,1.00,-2.19,0.70,-39.01,-4.62,-15.78,0.12,-7.16,2.99,9.12,0.62,-0.64,-0.01,-0.01,0.62,-0.64,0.39,0.20,0.04,0.82,-0.52,0.06,0.62,-0.06,-0.64,-0.58,-1.41,-0.74,0.86,13.42,-1.34,-1.05,0.06,-0.34,-0.91,4.12,-0.82,0.0254,-27.77,-3.75,-4.62,-1
5.78,1,1,1,0,38.24,134.67,-0.50,5463,6208,6069,6034,1.007,0.00,0.00,-0.42,23.08,0.07,-3.72
167,60460619,19.99,1,3,10.15,1,1,1.00,-2.15,0.80,-38.70,-4.62,-15.78,0.15,-7.42,3.49,8.47,0.51,-0.73,-0.01,-0.01,0.51,-0.73,0.46,0.20,0.07,0.76,-0.52,0.00,0.51,0.15,-0.73,-0.
48,-1.59,-1.07,-0.44,7.33,-0.25,-0.81,0.06,0.50,-1.88,5.70,-1.05,0.1842,0.00,0.00,-4.62,-15.78,1,0,0,0,38.50,134.54,-1.82,5580,6010,6223,5923,1.008,0.00,0.00,-0.47,23.00,0.08,-4.03
168,60480634,20.01,1,3,10.14,1,1,1.00,-2.11,0.89,-38.38,-4.16,-17.33,0.17,-7.67,3.43,8.8
9,0.62,-0.71,-0.01,-0.01,0.62,-0.71,0.45,0.20,0.05,0.80,-0.52,0.03,0.62,0.19,-0.71,-0.39,-0.36,-0.53,1.00,-2.85,1.39,0.30,0.06,1.02,-1.53,1.75,-0.10,0.1190,0.92,-34.20,-4.16,-17.33,1,1,1,0,38.30,134.59,-0.70,5966,5944,6337,5627,1.008,0.00,0.00,-0.53,22.91,0.10,-4.33
1
69,60500630,20.00,1,3,10.14,1,1,1.00,-2.08,0.97,-38.03,-4.08,-19.93,0.20,-7.95,3.32,10.32,0.91,-0.67,-0.01,-0.01,0.91,-0.67,0.44,0.20,0.03,0.93,-0.52,0.11,0.91,0.09,-0.67,-0.41,1.56,-0.15,4.61,-7.77,1.68,1.09,0.06,0.51,-0.99,-4.27,1.02,0.0642,-3.28,-90.50,-4.08,-19.93,
1,1,1,1,38.42,134.53,-1.25,6117,6036,6211,5403,1.008,0.00,0.00,-0.58,22.81,0.12,-4.66
170,60520630,20.00,1,3,10.14,1,1,1.00,-2.04,1.05,-37.63,-3.89,-22.31,0.22,-8.25,3.14,12.05,1.23,-0.63,-0.01,-0.01,1.23,-0.63,0.41,0.20,0.01,1.09,-0.51,0.20,1.23,-0.06,-0.63,-0.52,2.80
,0.17,8.29,-4.87,0.97,1.18,0.07,-0.29,-0.17,-6.35,0.97,-0.2631,-1.73,-48.76,-3.89,-22.31,1,1,1,0,38.32,134.54,-0.70,6046,6124,6124,5535,1.009,0.00,0.00,-0.64,22.71,0.14,-5.03
171,60540618,19.99,1,3,10.14,1,1,1.00,-1.99,1.13,-37.19,-3.60,-21.20,0.25,-8.58,2.94,12.07,1.1
6,-0.59,-0.01,-0.01,1.16,-0.59,0.39,0.20,-0.01,1.09,-0.51,0.16,1.16,-0.09,-0.59,-0.62,1.40,0.39,6.66,2.83,0.18,0.68,0.07,-0.58,0.49,-3.79,0.32,-0.1341,-0.31,-8.81,-3.60,-21.20,1,1,1,0,38.45,134.47,-1.33,5869,6106,6068,5736,1.009,0.00,0.00,-0.69,22.60,0.17,-5.43
172,60
560634,20.02,1,3,10.14,1,1,1.00,-1.94,1.20,-36.76,-3.28,-18.67,0.28,-8.85,2.74,10.65,0.83,-0.55,-0.01,-0.01,0.83,-0.55,0.36,0.20,-0.02,0.96,-0.51,0.04,0.83,0.04,-0.55,-0.64,-1.09,0.50,1.72,10.57,-1.31,-0.49,0.07,-0.88,0.80,1.16,-0.56,-0.1310,0.34,9.93,-3.28,-18.67,1,1,1
,0,38.32,134.47,-0.59,5593,6182,5985,6087,1.008,0.00,0.00,-0.74,22.48,0.19,-5.77
173,60580635,20.00,1,3,10.14,1,1,1.00,-1.87,1.27,-36.39,-5.80,-16.15,0.31,-9.05,3.95,8.64,0.44,-0.80,-0.01,-0.01,0.44,-0.80,0.52,0.20,0.08,0.78,-0.51,-0.09,0.44,0.29,-0.80,-0.58
,-2.80,-1.24,-2.30,12.93,-1.69,-1.40,0.07,-0.34,-1.95,4.28,-0.69,-0.0433,-46.01,20.64,-5.80,-16.15,1,1,1,1,38.25,134.47,-0.16,5527,6180,5917,6156,1.008,0.00,0.00,-0.78,22.36,0.21,-6.02
174,60600640,20.00,1,3,10.14,1,1,1.00,-1.81,1.39,-36.07,-7.29,-15.05,0.34,-9.19,5.3
1,7.06,0.19,-1.07,-0.01,-0.01,0.19,-1.07,0.70,0.20,0.17,0.64,-0.51,-0.18,0.19,0.48,-1.07,-0.49,-2.80,-2.44,-3.74,6.27,-0.41,-1.07,0.06,0.60,-4.29,4.00,-0.81,-0.0508,-24.23,-2.47,-7.29,-15.05,1,1,1,0,38.25,134.47,-0.09,5647,6011,6117,5968,1.009,0.00,0.00,-0.85,22.24,0.24
,-6.20
175,60620639,20.00,1,3,10.14,1,1,1.00,-1.75,1.53,-35.77,-6.70,-17.55,0.39,-9.29,5.70,7.40,0.35,-1.12,-0.01,-0.01,0.35,-1.12,0.75,0.20,0.16,0.67,-0.51,-0.12,0.35,0.49,-1.12,-0.45,-0.83,-1.88,-1.30,-3.88,1.09,0.02,0.06,1.01,-4.06,-0.35,-0.16,0.0759,-0.02,-58.47,-6
.70,-17.55,1,1,1,1,38.16,134.50,0.41,5964,5862,6194,5719,1.008,0.00,0.00,-0.95,22.10,0.27,-6.34
176,60640637,20.00,1,3,10.15,1,1,1.00,-1.67,1.67,-35.42,-4.63,-20.05,0.43,-9.41,4.91,8.64,0.64,-0.92,-0.01,-0.01,0.64,-0.92,0.64,0.20,0.07,0.78,-0.51,-0.02,0.64,0.35,-0.92,
-0.51,1.22,-0.01,2.15,-8.86,1.53,0.94,0.06,0.51,-1.31,-5.48,0.72,-0.0761,19.31,-96.42,-4.63,-20.05,1,1,1,1,38.33,134.44,-0.46,6138,5897,6111,5546,1.008,0.00,0.00,-1.03,21.97,0.31,-6.50
177,60660640,20.00,1,3,10.15,1,1,1.00,-1.61,1.76,-35.01,-4.23,-22.32,0.47,-9.52,4.30,10.26
,0.96,-0.78,-0.01,-0.01,0.96,-0.78,0.56,0.20,0.01,0.93,-0.51,0.09,0.96,0.19,-0.78,-0.65,2.75,0.86,5.48,-5.56,0.78,0.96,0.07,-0.25,0.44,-7.80,1.19,-0.2250,0.34,-48.63,-4.23,-22.32,1,1,1,0,38.19,134.50,0.31,6076,6128,6022,5556,1.008,0.00,0.00,-1.10,21.83,0.34,-6.68
178,6
0680643,20.00,1,3,10.15,1,1,1.00,-1.55,1.84,-34.57,-2.45,-20.80,0.50,-9.62,3.21,10.35,0.91,-0.55,-0.01,-0.01,0.91,-0.55,0.42,0.20,-0.08,0.93,-0.51,0.08,0.91,0.14,-0.55,-0.77,1.48,1.95,4.15,2.64,-0.25,0.35,0.07,-0.67,2.67,-4.43,0.45,-0.3630,18.23,-3.10,-2.45,-20.80,1,1,
1,0,38.40,134.41,-0.80,5871,6102,5918,5818,1.008,0.00,0.00,-1.16,21.69,0.36,-6.84
179,60700643,20.00,1,3,10.15,1,1,1.00,-1.47,1.89,-34.15,-4.92,-18.32,0.52,-9.66,3.73,9.33,0.66,-0.67,-0.01,-0.01,0.66,-0.67,0.49,0.20,-0.02,0.84,-0.51,-0.00,0.66,0.24,-0.67,-0.81,-0.53,0
.51,0.82,7.73,-0.96,-0.45,0.07,-0.58,0.97,0.90,-0.18,-0.2490,-41.03,24.78,-4.92,-18.32,1,1,1,1,38.17,134.49,0.47,5770,6093,5886,6073,1.008,0.00,0.00,-1.19,21.55,0.38,-6.94
180,60720641,20.00,1,3,10.15,1,1,1.00,-1.38,1.99,-33.79,-6.54,-17.10,0.56,-9.66,4.73,8.26,0.46,-
0.88,-0.01,-0.01,0.46,-0.88,0.62,0.20,0.06,0.75,-0.51,-0.07,0.46,0.41,-0.88,-0.75,-1.56,-0.96,-1.38,8.67,-1.08,-0.98,0.06,-0.16,-1.38,4.82,-0.88,-0.0394,-25.29,-2.96,-6.54,-17.10,1,1,1,0,38.28,134.45,-0.08,5585,6033,5980,6101,1.008,0.00,0.00,-1.26,21.41,0.41,-6.98
181
,60740643,20.00,1,3,10.15,1,1,1.00,-1.32,2.12,-33.44,-8.64,-18.70,0.60,-9.63,6.16,8.34,0.54,-1.21,-0.01,-0.01,0.54,-1.21,0.81,0.20,0.16,0.75,-0.51,-0.05,0.54,0.53,-1.21,-0.64,-0.55,-2.60,-0.54,4.00,-0.17,-0.67,0.06,0.44,-4.40,5.25,-0.95,-0.0038,-33.14,-37.29,
-8.64,-18.70,1,1,1,0,38.05,134.55,1.17,5699,5930,6136,5994,1.008,0.00,0.00,-1.35,21.26,0.44,-7.00
182,60760645,20.00,1,3,10.15,1,1,1.00,-1.25,2.29,-33.07,-7.85,-19.49,0.64,-9.58,6.67,8.70,0.63,-1.26,-0.01,-0.01,0.63,-1.26,0.87,0.20,0.17,0.79,-0.51,-0.02,0.63,0.54,-1.2
6,-0.58,0.19,-1.99,0.45,-1.49,0.73,0.12,0.06,0.55,-4.23,0.23,-0.20,-0.0598,1.35,-28.67,-7.85,-19.49,1,1,1,0,38.19,134.52,0.45,5917,5847,6094,5777,1.008,0.00,0.00,-1.34,21.12,0.44,-7.00
183,60780648,20.00,1,3,10.15,1,1,1.00,-1.18,2.45,-32.68,-7.13,-20.94,0.67,-9.52,6.6
8,9.49,0.80,-1.21,-0.01,-0.01,0.80,-1.21,0.87,0.20,0.13,0.86,-0.51,0.04,0.80,0.49,-1.21,-0.63,1.15,-1.03,2.14,-2.67,0.58,0.39,0.06,0.13,-2.89,-4.90,0.59,-0.1547,1.28,-37.96,-7.13,-20.94,1,1,1,0,37.97,134.63,1.59,6010,6001,5998,5700,1.008,0.00,0.00,-1.33,20.98,0.44,-6.99

184,60800647,20.00,1,3,10.15,1,1,1.00,-1.11,2.59,-32.26,-6.45,-20.61,0.70,-9.46,6.43,9.83,0.83,-1.13,-0.01,-0.01,0.83,-1.13,0.84,0.20,0.09,0.89,-0.51,0.05,0.83,0.45,-1.13,-0.76,0.97,-0.19,2.19,0.26,0.06,0.23,0.06,-0.23,-1.39,-7.55,0.93,-0.3201,1.45,-16.74,-6.45,-20.6
1,1,1,1,0,38.20,134.57,0.40,5936,6107,5879,5674,1.008,0.00,0.00,-1.32,20.84,0.44,-6.99
185,60820649,20.00,1,3,10.15,1,1,1.00,-1.05,2.72,-31.85,-4.63,-19.87,0.73,-9.40,5.62,9.77,0.79,-0.95,-0.01,-0.01,0.79,-0.95,0.74,0.20,0.01,0.88,-0.51,0.04,0.79,0.47,-0.95,-0.89,0.36,
1.01,1.37,3.77,-0.51,-0.20,0.06,-0.37,0.84,-6.19,0.61,-0.2313,16.73,-11.21,-4.63,-19.87,1,1,1,0,37.90,134.71,1.99,5867,6153,5857,5839,1.008,0.00,0.00,-1.31,20.70,0.44,-6.99
186,60840654,20.00,1,3,10.15,1,1,1.00,-0.99,2.81,-31.45,-3.74,-18.32,0.75,-9.34,4.82,9.17,0.64,-
0.78,-0.01,-0.01,0.64,-0.78,0.63,0.20,-0.06,0.83,-0.51,-0.01,0.64,0.55,-0.78,-0.99,-0.65,1.69,-0.35,4.38,-0.37,-0.38,0.06,-0.05,2.37,-3.53,0.43,-0.1606,6.69,-0.12,-3.74,-18.32,1,1,1,0,38.00,134.72,1.48,5829,6062,5852,5813,1.008,0.00,0.00,-1.30,20.56,0.44,-6.99

187,60860653,20.00,1,3,10.15,1,1,1.00,-0.92,2.89,-31.09,-3.91,-17.57,0.76,-9.29,4.39,8.55,0.53,-0.70,-0.01,-0.01,0.53,-0.70,0.58,0.19,-0.08,0.77,-0.51,-0.05,0.53,0.60,-0.70,-1.03,-1.13,1.58,-1.37,2.18,-0.10,-0.32,0.06,0.16,2.64,-0.74,0.25,-0.1099,-5.89,-8.84,-3.91,-17.57,1
,1,1,0,37.86,134.81,2.21,5861,6008,5917,5820,1.007,0.00,0.00,-1.29,20.42,0.44,-6.99
188,60880654,20.00,1,3,10.15,1,1,1.00,-0.86,2.97,-30.73,-6.36,-18.74,0.78,-9.25,4.96,8.59,0.58,-0.84,-0.01,-0.01,0.58,-0.84,0.65,0.19,-0.02,0.78,-0.51,-0.03,0.58,0.61,-0.84,-1.04,-0.42
,0.20,-0.51,-0.59,0.21,-0.10,0.06,0.25,0.84,1.01,0.05,-0.1381,-36.58,-32.46,-6.36,-18.74,1,1,1,1,37.93,134.82,1.78,5844,5937,5979,5774,1.007,0.00,0.00,-1.29,20.28,0.44,-6.99
189,60900652,20.00,1,3,10.15,1,1,1.00,-0.80,3.09,-30.36,-7.08,-17.46,0.81,-9.19,5.59,8.19,0.49,
-0.97,-0.01,-0.01,0.49,-0.97,0.73,0.19,0.03,0.74,-0.51,-0.05,0.49,0.56,-0.97,-1.00,-0.84,-0.68,-1.08,-2.42,0.50,0.24,0.06,0.20,-0.58,1.93,-0.23,-0.1419,-15.46,-2.39,-7.08,-17.46,1,1,1,0,37.81,134.92,2.44,5847,5879,6073,5775,1.007,0.00,0.00,-1.28,20.14,0.44,-6
.99
190,60920656,20.00,1,3,10.15,1,1,1.00,-0.74,3.24,-30.01,-6.52,-16.09,0.84,-9.15,5.82,7.49,0.35,-1.01,-0.01,-0.01,0.35,-1.01,0.76,0.19,0.05,0.68,-0.50,-0.09,0.35,0.50,-1.01,-0.96,-1.39,-0.70,-1.89,-1.81,0.04,0.09,0.06,-0.11,-0.85,0.75,-0.05,-0.1917,0.00,0.00,-6.52,-
16.09,1,1,1,0,38.10,134.85,0.91,5794,5946,5971,5796,1.007,0.00,0.00,-1.27,20.00,0.44,-6.99
191,60940658,20.00,1,3,10.15,1,1,1.00,-0.69,3.37,-29.69,-6.01,-14.82,0.87,-9.11,5.83,6.62,0.20,-1.00,-0.01,-0.01,0.20,-1.00,0.76,0.19,0.04,0.60,-0.50,-0.12,0.20,0.47,-1.00,-0.97,
-1.85,-0.41,-2.71,-0.75,-0.21,-0.14,0.06,-0.12,-0.50,-1.50,0.34,-0.1758,0.00,0.00,-6.01,-14.82,1,1,1,0,37.94,134.93,1.71,5859,6060,5916,5825,1.007,0.00,0.00,-1.26,19.86,0.44,-6.99
192,60960662,20.00,1,3,10.15,1,1,1.00,-0.63,3.49,-29.39,-5.18,-13.85,0.89,-9.07,5.57,5.7
3,0.06,-0.94,-0.01,-0.01,0.06,-0.94,0.73,0.19,0.01,0.52,-0.50,-0.16,0.06,0.44,-0.94,-1.02,-2.06,0.10,-3.30,-1.06,-0.11,-0.21,0.06,0.03,0.35,-2.93,0.50,-0.1124,4.58,-2.42,-5.18,-13.85,1,1,1,0,37.92,134.98,1.85,5857,6064,5903,5756,1.007,0.00,0.00,-1.25,19.72,0.44,-6.99

193,60980653,19.99,1,3,10.15,1,1,1.00,-0.58,3.59,-29.11,-5.18,-13.85,0.92,-9.05,5.41,5.14,-0.00,-0.91,-0.01,-0.01,-0.00,-0.91,0.71,0.19,-0.00,0.46,-0.50,-0.16,-0.00,0.39,-0.91,-1.07,-1.70,0.29,-2.97,-3.03,0.20,-0.03,0.06,0.17,0.81,-2.73,0.47,-0.0910,0.00,0.00,-5.18,-13.
85,1,0,0,0,37.73,135.10,2.74,5915,5993,5921,5738,1.007,0.00,0.00,-1.24,19.58,0.44,-6.99
194,61000662,20.01,1,3,10.16,1,1,1.00,-0.52,3.69,-28.84,-3.93,-15.41,0.94,-9.02,4.91,5.24,0.09,-0.80,-0.01,-0.01,0.09,-0.80,0.64,0.19,-0.04,0.47,-0.50,-0.12,0.09,0.30,-0.80,-1.11,-
0.53,0.82,-1.22,-4.72,0.46,0.22,0.06,0.18,1.80,-1.64,0.33,-0.0968,9.61,-32.35,-3.93,-15.41,1,1,1,0,37.68,135.17,2.84,5910,5910,5943,5702,1.007,0.00,0.00,-1.23,19.44,0.44,-6.99
195,61020661,20.00,1,3,10.16,1,1,1.00,-0.46,3.77,-28.53,-5.55,-14.32,0.96,-8.98,5.08,4.98,0.0
4,-0.85,-0.01,-0.01,0.04,-0.85,0.67,0.19,-0.02,0.45,-0.50,-0.11,0.04,0.20,-0.85,-1.13,-0.64,0.26,-1.16,-4.33,0.45,0.39,0.06,-0.01,1.16,-0.39,0.23,-0.1169,-23.30,-2.31,-5.55,-14.32,1,1,1,0,37.59,135.25,3.17,5867,5914,5971,5689,1.007,0.00,0.00,-1.22,19.30,0.44,-6.99
196
,61040661,20.00,1,3,10.16,1,1,1.00,-0.41,3.88,-28.24,-5.73,-13.53,0.98,-8.95,5.27,4.56,-0.02,-0.89,-0.01,-0.01,-0.02,-0.89,0.69,0.19,-0.00,0.41,-0.50,-0.12,-0.02,0.13,-0.89,-1.12,-0.81,-0.09,-1.29,-2.41,0.01,0.16,0.06,-0.20,0.65,0.69,-0.01,-0.1036,-7.81,-4.81,-5.73,-13.
53,1,1,1,0,37.72,135.27,2.45,5758,5938,5943,5756,1.006,0.00,0.00,-1.21,19.16,0.44,-6.99
197,61060664,20.00,1,3,10.16,1,1,1.00,-0.37,4.00,-27.97,-6.18,-12.19,1.00,-8.92,5.55,3.87,-0.14,-0.95,-0.01,-0.01,-0.14,-0.95,0.73,0.19,0.02,0.35,-0.50,-0.14,-0.14,0.09,-0.95,-1.10,-1.27
,-0.42,-2.02,-1.31,-0.04,0.00,0.06,-0.10,0.06,1.32,-0.12,-0.1065,-11.26,2.84,-6.18,-12.19,1,1,1,0,37.52,135.40,3.41,5742,5958,5980,5783,1.006,0.00,0.00,-1.21,19.02,0.44,-6.99
198,61080666,20.00,1,3,10.16,1,1,1.00,-0.33,4.12,-27.73,-5.68,-10.37,1.03,-8.90,5.60
,2.85,-0.33,-0.95,-0.01,-0.01,-0.33,-0.95,0.73,0.19,0.02,0.26,-0.50,-0.17,-0.33,0.05,-0.95,-1.08,-1.96,-0.31,-3.17,-1.25,-0.09,-0.10,0.06,-0.05,0.08,0.61,0.01,-0.0997,0.06,10.17,-5.68,-10.37,1,1,1,0,37.80,135.36,1.90,5729,5949,5925,5751,1.006,0.00,0.00,-1.20,18.88,0.44
,-6.99
199,61100667,20.00,1,3,10.16,1,1,1.00,-0.29,4.24,-27.52,-5.85,-8.59,1.06,-8.88,5.69,1.60,-0.54,-0.97,-0.01,-0.01,-0.54,-0.97,0.75,0.19,0.02,0.14,-0.50,-0.22,-0.54,0.02,-0.97,-1.07,-2.56,-0.30,-4.34,-1.76,-0.09,-0.18,0.06,0.02,0.01,-0.19,0.17,-0.0066,-7.84,11.7
0,-5.85,-8.59,1,1,1,0,37.64,135.45,2.61,5781,6014,5944,5761,1.006,0.00,0.00,-1.19,18.74,0.44,-6.99
200,61120668,20.00,1,3,10.16,1,1,1.00,-0.26,4.35,-27.35,-5.38,-7.47,1.08,-8.87,5.63,0.39,-0.71,-0.95,-0.01,-0.01,-0.71,-0.95,0.74,0.19,0.01,0.03,-0.50,-0.25,-0.71,-0.03,
-0.95,-1.08,-2.74,-0.08,-5.03,-2.60,-0.09,-0.22,0.06,0.06,0.31,-0.61,0.15,0.0033,0.02,5.36,-5.38,-7.47,1,1,1,0,37.83,135.43,1.59,5739,6009,5945,5725,1.006,0.00,0.00,-1.18,18.60,0.44,-6.99
201,61140668,20.00,1,3,10.16,1,1,1.00,-0.22,4.46,-27.20,-5.83,-7.34,1.10,-8.87,5
.72,0.00,-0.73,-0.97,-0.01,-0.01,-0.73,-0.97,0.75,0.19,0.02,0.00,-0.50,-0.23,-0.73,-0.11,-0.97,-1.08,-1.86,-0.16,-3.88,-4.62,0.18,-0.05,0.06,0.17,0.18,0.11,-0.00,0.0291,-10.95,-5.85,-5.83,-7.34,1,1,1,0,37.62,135.54,2.56,5795,5963,6012,5749,1.006,0.00,0.00,-1.17,18.46,0.
44,-6.99
202,61160668,20.00,1,3,10.17,1,1,1.00,-0.19,4.58,-27.05,-7.28,-4.84,1.13,-8.87,
6.24,0.00,-0.69,-1.08,-0.01,-0.01,-0.69,-1.08,0.82,0.20,0.05,0.00,-0.50,-0.18,-0.69,-0.22,-1.08,-1.06,-1.00,-0.80,-2.52,-5.78,0.42,0.24,0.06,0.12,-0.88,1.44,-0.24,-0.0023,-24.06,45.22,-7.28,-4.84,1,1,1,1,37.79,135.52,1.68,5747,5894,6070,5700,1.005,0.00,0.00,-1.16,18.32,
0.44,-6.99
203,61180670,20.00,1,3,10.17,1,1,1.00,-0.17,4.72,-26.96,-7.77,-5.34,1.16,-8.88,6.76,-0.69,-0.76,-1.20,-0.01,-0.01,-0.76,-1.20,0.89,0.20,0.08,-0.06,-0.50,-0.19,-0.76,-0.32,-1.20,-1.02,-1.08,-1.21,-2.48,-4.82,0.30,0.29,0.06,-0.05,-1.77,1.82,-0.39,-0.0210,-13.
43,-11.11,-7.77,-5.34,1,1,1,0,37.59,135.63,2.62,5725,5920,6102,5750,1.005,0.00,0.00,-1.15,18.18,0.44,-6.99
204,61200673,20.00,1,3,10.17,1,1,1.00,-0.15,4.88,-26.85,-7.15,-5.06,1.19,-8.89,6.95,-1.34,-0.83,-1.20,-0.01,-0.01,-0.83,-1.20,0.91,0.20,0.08,-0.12,-0.50,-0.19,-0
.83,-0.40,-1.20,-0.98,-1.08,-0.81,-2.45,-2.34,-0.21,-0.02,0.06,-0.26,-1.50,1.68,-0.45,-0.0304,-0.00,-1.81,-7.15,-5.06,1,1,1,0,37.76,135.61,1.67,5615,5961,6024,5790,1.005,0.00,0.00,-1.14,18.04,0.44,-6.99
205,61220675,20.00,1,3,10.17,1,1,1.00,-0.13,5.02,-26.75,-6.58,-3.1
9,1.22,-8.90,6.91,-2.37,-0.95,-1.17,-0.01,-0.01,-0.95,-1.17,0.91,0.20,0.06,-0.21,-0.50,-0.22,-0.95,-0.43,-1.17,-0.96,-1.44,-0.36,-3.08,-1.21,-0.21,-0.15,0.06,-0.12,-1.03,0.10,-0.01,0.0142,0.04,18.50,-6.58,-3.19,1,1,1,0,37.67,135.68,2.13,5676,6063,6010,5735,1.005,0.00,0
.00,-1.14,17.91,0.44,-6.99
206,61240675,20.00,1,3,10.17,1,1,1.00,-0.12,5.15,-26.68,-6.06,-2.94,1.25,-8.91,6.74,-3.17,-1.03,-1.12,-0.01,-0.01,-1.03,-1.12,0.88,0.20,0.04,-0.29,-0.50,-0.22,-1.03,-0.46,-1.12,-0.97,-1.42,0.06,-3.24,-1.84,-0.05,-0.15,0.06,0.05,-0.44,-0.77,0.
09,0.0692,0.00,0.00,-6.06,-2.94,1,1,1,0,37.78,135.68,1.56,5704,6037,6002,5693,1.004,0.00,0.00,-1.13,17.77,0.44,-6.99
207,61260678,20.00,1,3,10.17,1,1,1.00,-0.12,5.27,-26.63,-5.58,-2.71,1.28,-8.93,6.48,-3.80,-1.08,-1.06,-0.01,-0.01,-1.08,-1.06,0.85,0.20,0.01,-0.34,-0.50,-0.22,-1.08,-0.50,-1.06,-0.98,-1.25
,0.42,-3.10,-2.79,0.10,-0.06,0.06,0.10,0.15,-0.64,0.06,0.0786,0.00,0.00,-5.58,-2.71,1,1,1,0,37.55,135.80,2.68,5715,6048,6057,5672,1.004,0.00,0.00,-1.12,17.63,0.44,-6.99
208,61280678,20.00,1,3,10.17,1,1,1.00,-0.12,5.39,-26.57,-5.14,-2.49,1.30,-8.95,6.17,-4.32,-1.11,-1.0
0,-0.01,-0.01,-1.11,-1.00,0.81,0.20,-0.02,-0.39,-0.50,-0.21,-1.11,-0.57,-1.00,-0.97,-1.03,0.67,-2.78,-3.68,0.22,0.07,0.06,0.09,0.59,1.12,-0.23,0.0423,0.00,0.00,-5.14,-2.49,1,1,1,0,37.79,135.75,1.38,5659,5966,6084,5661,1.005,0.00,0.00,-1.11,17.49,0.44,-6.99
209,6130068
2,20.00,1,3,10.17,1,1,1.00,-0.12,5.49,-26.52,-4.74,-2.30,1.32,-8.97,5.84,-4.74,-1.14,-0.93,-0.01,-0.01,-1.14,-0.93,0.76,0.20,-0.04,-0.43,-0.51,-0.19,-1.14,-0.63,-0.93,-0.93,-0.81,0.84,-2.44,-2.70,-0.04,-0.01,0.06,-0.09,0.84,2.52,-0.34,0.0391,0.00,0.00,-4.74,-2.30,1,1,1
,0,37.61,135.84,2.22,5629,6029,6108,5732,1.005,0.00,0.00,-1.10,17.35,0.44,-6.99
210,61320679,20.00,1,3,10.17,1,1,1.00,-0.13,5.58,-26.48,-4.36,-1.01,1.35,-8.99,5.50,-5.45,-1.21,-0.87,-0.01,-0.01,-1.21,-0.87,0.72,0.20,-0.06,-0.49,-0.51,-0.20,-1.21,-0.67,-0.87,-0.87,-0.96
,0.93,-2.66,-1.82,-0.11,-0.08,0.06,-0.09,0.91,3.65,-0.43,0.0285,0.03,13.97,-4.36,-1.01,1,1,1,0,37.69,135.85,1.77,5576,6013,6097,5717,1.005,0.00,0.00,-1.09,17.21,0.44,-6.99
211,61340682,20.00,1,3,10.17,1,1,1.00,-0.14,5.67,-26.46,-4.02,-0.93,1.37,-9.01,5.16,-5.97,-1.25,-
0.81,-0.01,-0.01,-1.25,-0.81,0.68,0.20,-0.07,-0.54,-0.51,-0.19,-1.25,-0.70,-0.81,-0.79,-0.87,0.95,-2.62,-0.93,-0.24,-0.22,0.06,-0.08,0.88,3.87,-0.39,-0.0707,0.00,0.00,-4.02,-0.93,1,1,1,0,37.68,135.89,1.85,5564,6058,6096,5730,1.005,0.00,0.00,-1.08,17.07,0.44,-6.99
212,61360684,20.00,1,3,10.17,1,1,1
.00,-0.14,5.75,-26.44,-3.90,-0.52,1.38,-9.04,4.90,-6.47,-1.29,-0.77,-0.01,-0.01,-1.29,-0.77,0.64,0.20,-0.08,-0.58,-0.51,-0.19,-1.29,-0.72,-0.77,-0.72,-0.80,0.86,-2.60,-1.65,-0.01,-0.12,0.06,0.06,0.69,3.33,-0.25,0.0705,-2.46,4.31,-3.90,-0.52,1,1,1,0,37.72,135.91,1.63,56
38,6014,6079,5707,1.005,0.00,0.00,-1.07,16.93,0.44,-6.99
213,61380683,20.00,1,3,10.17,1,1,1.00,-0.15,5.83,-26.43,-2.24,-0.29,1.40,-9.07,4.20,-6.90,-1.32,-0.64,-0.01,-0.01,-1.32,-0.64,0.55,0.20,-0.12,-0.62,-0.51,-0.18,-1.32,-0.76,-0.64,-0.66,-0.70,1.36,-2.48,-2.52,0.15,
-0.01,0.06,0.10,1.42,2.18,-0.07,0.1012,17.11,2.40,-2.24,-0.29,1,1,1,0,37.68,135.96,1.82,5662,6051,6107,5641,1.005,0.00,0.00,-1.06,16.79,0.44,-6.99
214,61400686,20.00,1,3,10.17,1,1,1.00,-0.16,5.87,-26.42,-2.07,-0.27,1.41,-9.10,3.66,-7.22,-1.33,-0.55,-0.01,-0.01,-1.33,-0.55,0.48,0.20,-0.13
,-0.65,-0.51,-0.16,-1.33,-0.80,-0.55,-0.62,-0.54,1.42,-2.22,-2.34,0.01,-0.02,0.06,-0.03,1.63,1.52,0.10,0.1943,0.00,0.00,-2.07,-0.27,1,1,1,0,37.71,135.99,1.65,5649,6096,6072,5622,1.004,0.00,0.00,-1.06,16.65,0.44,-6.99
215,61420687,20.00,1,3,10.17,1,1,1.00,-0.18,5.91,-26
.42,-1.56,-0.25,1.42,-9.13,3.14,-7.45,-1.33,-0.47,-0.01,-0.01,-1.33,-0.47,0.41,0.20,-0.15,-0.67,-0.51,-0.14,-1.33,-0.84,-0.47,-0.60,-0.38,1.42,-1.95,-2.30,0.06,0.01,0.06,-0.01,1.82,0.79,0.20,0.1017,4.42,-0.01,-1.56,-0.25,1,1,1,0,37.76,136.00,1.35,5661,6120,6082,5592,1.
005,0.00,0.00,-1.05,16.51,0.44,-6.99
216,61440689,20.00,1,3,10.17,1,1,1.00,-0.20,5.95,-26.41,-1.10,0.23,1.43,-9.16,2.64,-7.78,-1.36,-0.40,-0.01,-0.01,-1.36,-0.40,0.35,0.20,-0.16,-0.70,-0.51,-0.14,-1.36,-0.88,-0.40,-0.57,-0.39,1.38,-1.90,-1.94,0.02,-0.00,0.06,-0.03,1.94,1.98,-0.10,0.0310,4.29,5.90,-
1.10,0.23,1,1,1,0,37.81,136.00,1.09,5641,6073,6107,5663,1.005,0.00,0.00,-1.04,16.37,0.44,-6.99
217,61460689,20.00,1,3,10.17,1,1,1.00,-0.21,5.97,-26.42,-1.01,0.69,1.44,-9.19,2.27,-8.17,-1.39,-0.35,-0.01,-0.01,-1.39,-0.35,0.30,0.20,-0.15,-0.74,-0.51,-0.13,-1.39,-0.90,-0.35,-0.
52,-0.45,1.17,-2.01,-0.65,-0.24,-0.16,0.06,-0.14,1.69,3.57,-0.34,0.0569,0.02,6.00,-1.01,0.69,1,1,1,0,37.56,136.12,2.34,5579,6085,6114,5732,1.005,0.00,0.00,-1.03,16.23,0.44,-6.99
218,61480691,20.00,1,3,10.17,1,1,1.00,-0.23,5.99,-26.43,-0.50,3.09,1.44,-9.22,1.86,-9.27,-
1.53,-0.30,-0.01,-0.01,-1.53,-0.30,0.24,0.20,-0.15,-0.84,-0.51,-0.18,-1.53,-0.92,-0.30,-0.44,-1.17,1.09,-3.15,-0.65,-0.17,-0.17,0.06,-0.06,1.55,5.00,-0.59,0.0085,5.49,31.29,-0.50,3.09,1,1,1,0,37.79,136.07,1.09,5525,6006,6118,5726,1.005,0.00,0.00,-1.02,16.09,0.44,-6.99

219,61500684,19.99,1,3,10.17,1,1,1.00,-0.25,6.00,-26.49,-0.50,3.09,1.45,-9.26,1.60,-10.03,-1.61,-0.28,-0.01,-0.01,-1.61,-0.28,0.21,0.20,-0.14,-0.91,-0.51,-0.19,-1.61,-0.92,-0.28,-0.34,-1.26,0.86,-3.59,-0.05,-0.40,-0.39,0.06,-0.07,1.08,4.95,-0.43,0.0853,0.00,0.00,-0.50
,3.09,1,0,0,0,37.72,136.12,1.45,5535,6101,6107,5755,1.005,0.00,0.00,-1.01,15.95,0.44,-6.99
220,61520694,20.01,1,3,10.17,1,1,1.00,-0.27,6.01,-26.55,-3.13,3.89,1.45,-9.31,2.36,-10.83,-1.70,-0.46,-0.01,-0.01,-1.70,-0.46,0.31,0.20,-0.06,-0.98,-0.51,-0.20,-1.70,-0.92,-0.46
,-0.26,-1.35,-0.60,-4.13,-1.11,-0.14,-0.31,0.05,0.12,-1.26,4.01,-0.28,0.1834,-35.22,12.64,-3.13,3.89,1,1,1,1,37.84,136.10,0.83,5561,6096,6134,5672,1.005,0.00,0.00,-1.00,15.81,0.44,-6.99
221,61540693,20.00,1,3,10.17,1,1,1.00,-0.29,6.07,-26.63,-3.01,3.57,1.46,-9.35,2.84
,-11.27,-1.73,-0.57,-0.01,-0.01,-1.73,-0.57,0.37,0.20,-0.01,-1.02,-0.51,-0.19,-1.73,-0.95,-0.57,-0.21,-1.04,-1.06,-3.79,-4.23,0.39,0.01,0.05,0.33,-2.21,3.27,-0.57,-0.1417,-1.73,0.01,-3.01,3.57,1,1,1,0,37.70,136.16,1.59,5558,6054,6309,5605,1.005,0.00,0.00,-0.99,15.67,0.
44,-6.99
222,61560684,19.99,1,3,10.17,1,1,1.00,-0.32,6.13,-26.70,-2.98,3.28,2.06,-9.40,3.47,-11.54,-1.73,-0.71,-0.01,-0.01,-1.73,-0.71,0.45,0.20,0.04,-1.04,-0.51,-0.17,-1.73,-1.04,-0.71,-0.17,-0.71,-1.51,-3.05,-4.90,0.29,0.14,0.05,0.09,-3.21,1.48,-0.34,0.0248,-2.65,0.01,-2.98,3.28,1,1,1,
0,37.70,136.15,1.57,5586,6049,6214,5600,1.005,0.00,0.00,-3.38,14.70,1.56,-6.81
223,61580694,20.01,1,3,10.17,1,1,1.00,-0.35,6.19,-26.77,-1.69,3.00,2.13,-9.41,3.32,-11.56,-1.70,-0.67,-0.01,-0.01,-1.70,-0.67,0.44,0.20,0.02,-1.04,-0.51,-0.14,-1.70,-1.12,-0.67,-0.17,-0.28,-
0.74,-2.16,-3.14,-0.16,0.01,0.05,-0.22,-2.34,-0.89,-0.14,0.0800,12.80,-0.08,-1.69,3.00,1,1,1,0,37.70,136.15,1.57,5567,6122,6118,5646,1.004,0.00,0.00,-3.37,14.56,1.57,-6.77
224,61600698,20.00,1,3,10.17,1,1,1.00,-0.38,6.22,-26.83,0.85,3.30,2.14,-9.39,2.17,-11.71,-1.70,-
0.42,-0.01,-0.01,-1.70,-0.42,0.28,0.20,-0.07,-1.06,-0.51,-0.12,-1.70,-1.16,-0.42,-0.20,-0.16,1.01,-1.89,-1.02,-0.31,-0.14,0.05,-0.22,0.28,-1.71,0.03,0.0196,35.57,6.61,0.85,3.30,1,1,1,1,37.72,136.18,1.48,5574,6161,6070,5647,1.004,0.00,0.00,-3.35,14.43,1.56,-6.71
225,616
20693,20.00,1,3,10.17,1,1,1.00,-0.41,6.21,-26.89,0.79,4.11,2.12,-9.35,1.52,-12.13,-1.74,-0.30,-0.01,-0.01,-1.74,-0.30,0.20,0.20,-0.11,-1.10,-0.52,-0.12,-1.74,-1.16,-0.30,-0.23,-0.36,1.40,-2.24,-0.38,-0.16,-0.19,0.05,-0.02,1.16,-1.62,0.34,0.2289,0.10,13.39,0.79,4.11,1,1
,1,0,37.72,136.18,1.48,5595,6224,6094,5548,1.004,0.00,0.00,-3.30,14.30,1.53,-6.63
226,61640700,20.01,1,3,10.17,1,1,1.00,-0.45,6.19,-26.98,0.74,5.07,2.09,-9.29,1.17,-12.78,-1.82,-0.25,-0.01,-0.01,-1.82,-0.25,0.15,0.21,-0.11,-1.15,-0.52,-0.14,-1.82,-1.17,-0.25,-0.25,-0.7
0,1.22,-2.82,-1.65,0.03,-0.07,0.05,0.05,1.20,1.05,-0.25,0.1844,0.12,15.97,0.74,5.07,1,1,1,0,37.70,136.22,1.57,5557,6108,6180,5615,1.004,0.00,0.00,-3.25,14.17,1.50,-6.53
227,61660696,20.00,1,3,10.17,1,1,1.00,-0.47,6.18,-27.08,0.68,4.66,2.05,-9.20,0.98,-12.94,-
1.82,-0.24,-0.01,-0.01,-1.82,-0.24,0.13,0.21,-0.10,-1.17,-0.52,-0.12,-1.82,-1.20,-0.24,-0.19,-0.44,0.88,-2.44,-2.09,0.02,-0.09,0.05,0.06,0.72,5.34,-0.93,0.1456,0.00,0.00,0.68,4.66,1,1,1,0,37.70,136.22,1.57,5502,5977,6230,5742,1.004,0.00,0.00,-3.20,14.05,1.46,-6.39
228,61680
704,20.01,1,3,10.18,1,1,1.00,-0.50,6.16,-27.17,0.62,4.29,2.02,-9.09,0.90,-12.81,-1.77,-0.24,-0.01,-0.01,-1.77,-0.24,0.12,0.21,-0.09,-1.16,-0.52,-0.09,-1.77,-1.23,-0.24,-0.07,-0.02,0.55,-1.75,-2.42,0.10,-0.00,0.05,0.05,-0.00,6.66,-0.90,0.1782,0.00,0.00,0.62,4.29,1,1,1,0,
37.80,136.21,1.05,5488,5999,6265,5700,1.004,0.00,0.00,-3.16,13.93,1.41,-6.23
229,61700700,20.00,1,3,10.18,1,1,1.00,-0.53,6.15,-27.26,0.57,3.95,1.98,-8.97,0.87,-12.52,-1.71,-0.25,-0.01,-0.01,-1.71,-0.25,0.11,0.21,-0.07,-1.13,-0.52,-0.05,-1.71,-1.26,-0.25,0.05,0.35,0.29
,-1.08,-1.45,-0.08,-0.04,0.05,-0.10,-0.67,4.94,-0.52,0.1484,0.00,0.00,0.57,3.95,1,1,1,0,37.80,136.21,1.05,5498,6118,6233,5655,1.004,0.00,0.00,-3.12,13.81,1.37,-6.07
230,61720704,20.00,1,3,10.18,1,1,1.00,-0.57,6.14,-27.33,-0.09,3.77,1.94,-8.84,1.15,-12.23,-1.66,-0.33,-0
.01,-0.01,-1.66,-0.33,0.15,0.21,-0.04,-1.10,-0.52,-0.02,-1.66,-1.28,-0.33,0.12,0.57,-0.27,-0.64,-1.12,0.05,0.01,0.05,-0.01,-1.70,3.17,-0.37,0.1324,-7.71,1.72,-0.09,3.77,1,1,1,0,37.92,136.19,0.42,5565,6088,6200,5650,1.004,0.00,0.00,-3.08,13.69,1.32,-5.89
231,61740703,2
0.00,1,3,10.18,1,1,1.00,-0.60,6.14,-27.41,1.42,4.84,1.90,-8.70,0.57,-12.53,-1.70,-0.21,-0.01,-0.01,-1.70,-0.21,0.07,0.21,-0.08,-1.13,-0.52,-0.04,-1.70,-1.29,-0.21,0.15,0.10,0.52,-1.21,-0.98,0.04,0.04,0.05,-0.05,-0.64,1.08,-0.24,0.2971,18.89,17.27,1.42,4.84,1,1,1,0,37.92
,136.19,0.42,5583,6138,6212,5634,1.003,0.00,0.00,-3.04,13.58,1.28,-5.71
232,61760709,20.01,1,3,10.18,1,1,1.00,-0.64,6.11,-27.51,1.45,4.59,1.85,-8.54,0.23,-12.50,-1.69,-0.16,-0.01,-0.01,-1.69,-0.16,0.03,0.21,-0.09,-1.13,-0.52,-0.03,-1.69,-1.28,-0.16,0.17,0.14,0.67,-1.1
5,-0.03,-0.20,-0.15,0.05,-0.10,-0.38,1.23,-0.21,0.1478,1.77,1.65,1.45,4.59,1,1,1,0,37.94,136.20,0.34,5541,6187,6191,5650,1.003,0.00,0.00,-2.99,13.48,1.22,-5.51
233,61780706,20.00,1,3,10.18,1,1,1.00,-0.68,6.08,-27.60,1.33,4.22,1.80,-8.37,0.10,-12.22,-1.64,-0.15,-0.01,-0
.01,-1.64,-0.15,0.01,0.21,-0.08,-1.10,-0.52,-0.00,-1.64,-1.27,-0.15,0.19,0.38,0.50,-0.79,-0.34,0.03,-0.10,0.05,0.07,-0.59,1.93,-0.38,0.1702,0.00,0.00,1.33,4.22,1,1,1,0,37.94,136.20,0.34,5550,6139,6246,5643,1.003,0.00,0.00,-2.95,13.38,1.17,-5.30
234,61800711,20.00,1,3,
10.18,1,1,1.00,-0.71,6.06,-27.68,1.23,3.89,1.75,-8.21,0.07,-11.83,-1.58,-0.16,-0.01,-0.01,-1.58,-0.16,0.01,0.21,-0.07,-1.07,-0.52,0.02,-1.58,-1.28,-0.16,0.24,0.62,0.27,-0.36,-0.82,0.10,0.00,0.05,0.04,-1.00,3.30,-0.68,0.2203,0.00,0.00,1.23,3.89,1,1,1,0,38.09,136.11,-0.42
,5523,6088,6292,5677,1.003,0.00,0.00,-2.91,13.28,1.11,-5.09
235,61820707,20.00,1,3,10.17,1,1,1.00,-0.75,6.03,-27.76,1.13,3.58,1.70,-8.04,0.08,-11.39,-1.52,-0.18,-0.01,-0.01,-1.52,-0.18,0.01,0.21,-0.05,-1.03,-0.52,0.04,-1.52,-1.29,-0.18,0.30,0.78,0.07,0.04,-1
.01,0.12,0.08,0.05,-0.01,-1.44,3.22,-0.56,0.1765,0.00,0.00,1.13,3.58,1,1,1,0,38.10,136.11,-0.42,5543,6138,6318,5660,1.004,0.00,0.00,-2.87,13.18,1.06,-4.89
236,61840714,20.01,1,3,10.17,1,1,1.00,-0.80,6.01,-27.83,0.87,3.47,1.65,-7.88,0.21,-11.04,-1.48,-0.21,-0.01,-0.01,
-1.48,-0.21,0.03,0.21,-0.03,-1.00,-0.52,0.06,-1.48,-1.28,-0.21,0.34,0.78,-0.18,0.15,0.72,-0.17,-0.09,0.05,-0.14,-1.94,1.67,-0.32,0.1334,-2.15,2.10,0.87,3.47,1,1,1,0,38.23,136.00,-1.04,5518,6229,6268,5648,1.004,0.00,0.00,-2.83,13.09,1.01,-4.70
237,61860716,20.00,1,3,10.17,1
,1,1.00,-0.84,5.99,-27.90,1.15,3.33,1.61,-7.72,0.11,-10.72,-1.44,-0.20,-0.01,-0.01,-1.44,-0.20,0.01,0.21,-0.03,-0.97,-0.53,0.07,-1.44,-1.25,-0.20,0.36,0.73,-0.03,0.13,1.21,-0.14,-0.13,0.05,-0.06,-1.80,1.10,-0.38,0.2209,4.41,1.67,1.15,3.33,1,1,1,0,38.03,136.07,0.
04,5562,6202,6266,5700,1.004,0.00,0.00,-2.79,13.01,0.97,-4.51
238,61880719,20.00,1,3,10.17,1,1,1.00,-0.88,5.97,-27.97,1.34,3.19,1.57,-7.57,0.00,-10.42,-1.41,-0.18,-0.01,-0.01,-1.41,-0.18,0.00,0.21,-0.03,-0.94,-0.53,0.07,-1.41,-1.21,-0.18,0.36,0.67,0.08,0.04,1.04,-0.03,
-0.11,0.05,0.03,-1.66,0.60,-0.30,0.2108,3.57,1.65,1.34,3.19,1,1,1,0,38.09,136.03,-0.23,5543,6189,6261,5632,1.004,0.00,0.00,-2.76,12.92,0.92,-4.32
239,61900717,20.00,1,3,10.17,1,1,1.00,-0.92,5.94,-28.03,1.23,2.64,1.52,-7.42,0.00,-9.90,-1.34,-0.19,-0.01,-0.01,-1.34,-0.1
9,0.00,0.21,-0.03,-0.89,-0.53,0.09,-1.34,-1.19,-0.19,0.37,0.83,0.01,0.34,0.23,0.10,-0.02,0.05,0.07,-1.78,0.82,-0.35,0.2087,-0.06,-3.88,1.23,2.64,1,1,1,0,38.01,136.06,0.24,5576,6161,6278,5642,1.005,0.00,0.00,-2.72,12.85,0.88,-4.14
240,61920722,20.00,1,3,10.17,1,1,1.00,
-0.96,5.92,-28.09,1.11,1.23,1.49,-7.28,0.00,-8.82,-1.19,-0.20,-0.01,-0.01,-1.19,-0.20,0.00,0.21,-0.02,-0.80,-0.53,0.14,-1.19,-1.18,-0.20,0.38,1.44,-0.03,1.41,-1.03,0.36,0.17,0.05,0.13,-1.87,1.14,-0.44,0.1720,-0.26,-15.28,1.11,1.23,1,1,1,0,38.09,136.02,-0.15,5576,6114,
6325,5598,1.005,0.00,0.00,-2.69,12.77,0.84,-3.97
241,61940723,20.00,1,3,10.17,1,1,1.00,-1.00,5.90,-28.11,1.01,0.04,1.46,-7.18,0.00,-7.61,-1.04,-0.20,-0.01,-0.01,-1.04,-0.20,0.00,0.21,-0.02,-0.69,-0.53,0.19,-1.04,-1.20,-0.20,0.39,1.89,-0.05,2.41,-1.19,0.40,0.33,0.05,0.
02,-1.96,1.06,-0.43,0.1704,-0.24,-13.90,1.01,0.04,1,1,1,0,38.01,136.03,0.26,5580,6135,6353,5587,1.005,0.00,0.00,-2.66,12.69,0.81,-3.85
242,61960722,20.00,1,3,10.17,1,1,1.00,-1.05,5.88,-28.11,0.89,-2.00,1.43,-7.10,0.02,-5.90,-0.81,-0.21,-0.01,-0.01,-0.81,-0.21,0.00,0.21
,-0.01,-0.53,-0.53,0.26,-0.81,-1.19,-0.21,0.41,2.61,-0.08,3.82,1.37,-0.06,0.13,0.05,-0.24,-2.07,0.82,-0.35,0.1081,-0.47,-25.94,0.89,-2.00,1,1,1,0,38.19,135.95,-0.64,5523,6191,6270,5631,1.005,0.00,0.00,-2.64,12.62,0.78,-3.75
243,61980725,20.00,1,3,10.17,1,1,1.00,-1.09,
5.86,-28.07,0.82,-1.84,1.42,-7.06,0.08,-5.20,-0.76,-0.22,-0.01,-0.01,-0.76,-0.22,0.01,0.21,-0.01,-0.47,-0.53,0.25,-0.76,-1.13,-0.22,0.41,2.04,-0.15,3.22,3.84,-0.15,-0.00,0.05,-0.20,-2.22,0.76,-0.41,0.0800,0.00,0.00,0.82,-1.84,1,1,1,0,38.16,135.95,-0.44,5523,6224,6293,5
670,1.005,0.00,0.00,-2.62,12.55,0.77,-3.71
244,62000725,20.00,1,3,10.17,1,1,1.00,-1.13,5.84,-28.03,-0.03,-1.38,1.41,-7.02,0.58,-5.11,-0.79,-0.33,-0.01,-0.01,-0.79,-0.33,0.08,0.21,0.03,-0.46,-0.53,0.21,-0.79,-1.04,-0.33,0.41,1.10,-0.74,1.88,3.66,0.05,-0.06,0.05,0.05,-3.
32,0.08,-0.24,0.1267,-10.00,4.06,-0.03,-1.38,1,1,1,0,38.43,135.82,-1.83,5564,6218,6295,5616,1.005,0.00,0.00,-2.60,12.48,0.76,-3.66
245,62020721,20.00,1,3,10.16,1,1,1.00,-1.18,5.84,-28.01,-0.03,-1.38,1.41,-6.97,0.80,-5.04,-0.83,-0.37,-0.01,-0.01,-0.83,-0.37,0.10,0.21,0
.04,-0.46,-0.53,0.17,-0.83,-0.95,-0.37,0.41,0.52,-0.73,0.91,3.99,-0.22,-0.26,0.05,-0.01,-3.49,0.11,-0.51,0.1997,0.00,0.00,-0.03,-1.38,1,0,0,0,38.13,135.91,-0.16,5518,6266,6342,5711,1.005,0.00,0.00,-2.59,12.40,0.75,-3.60
246,62040730,20.01,1,3,10.16,1,1,1.00,-1.22,5.84
,-27.98,-1.52,-2.86,1.40,-6.92,1.71,-4.14,-0.72,-0.55,-0.01,-0.01,-0.72,-0.55,0.22,0.21,0.11,-0.37,-0.53,0.19,-0.72,-0.89,-0.55,0.41,0.98,-1.58,1.50,1.41,0.22,-0.06,0.05,0.23,-5.41,-0.02,-0.46,0.1636,-17.77,-19.03,-1.52,-2.86,1,1,1,0,38.20,135.87,-0.49,5561,6157,6336,56
23,1.006,0.00,0.00,-2.58,12.33,0.74,-3.54
247,62060728,20.00,1,3,10.16,1,1,1.00,-1.26,5.87,-27.92,-1.42,-3.57,1.40,-6.89,2.05,-3.33,-0.64,-0.60,-0.01,-0.01,-0.64,-0.60,0.27,0.21,0.11,-0.30,-0.53,0.20,-0.64,-0.87,-0.60,0.39,1.16,-1.33,1.91,-0.50,0.51,0.25,0.05,0.20,
-5.35,-0.75,-0.65,0.1562,-0.25,-11.30,-1.42,-3.57,1,1,1,0,38.22,135.85,-0.55,5568,6118,6424,5604,1.006,0.00,0.00,-2.58,12.26,0.74,-3.51
248,62080729,20.00,1,3,10.16,1,1,1.00,-1.31,5.90,-27.85,-2.06,-5.81,1.41,-6.88,2.54,-1.71,-0.43,-0.68,-0.01,-0.01,-0.43,-0.68,0.33,0
.21,0.13,-0.15,-0.53,0.27,-0.43,-0.87,-0.68,0.36,2.03,-1.36,3.46,-0.16,0.28,0.26,0.05,-0.03,-5.62,-1.93,-0.36,0.0571,-9.26,-30.83,-2.06,-5.81,1,1,1,0,38.40,135.76,-1.50,5579,6188,6358,5599,1.006,0.00,0.00,-2.58,12.18,0.74,-3.50
249,62100730,20.00,1,3,10.16,1,1,1.00,-1
.35,5.94,-27.73,-1.91,-6.21,1.43,-6.92,2.68,-0.79,-0.34,-0.68,-0.01,-0.01,-0.34,-0.68,0.35,0.21,0.11,-0.07,-0.53,0.27,-0.34,-0.88,-0.68,0.32,1.86,-0.91,3.58,0.63,0.28,0.35,0.06,-0.13,-4.97,-2.83,-0.39,-0.1970,-0.25,-10.60,-1.91,-6.21,1,1,1,0,38.24,135.79,-0.57,5578,6229
,6407,5609,1.006,0.00,0.00,-2.59,12.11,0.76,-3.54
250,62120733,20.00,1,3,10.15,1,1,1.00,-1.39,5.98,-27.61,-2.42,-5.87,1.46,-6.96,3.04,-0.58,-0.36,-0.74,-0.01,-0.01,-0.36,-0.74,0.40,0.22,0.12,-0.05,-0.53,0.23,-0.36,-0.83,-0.74,0.26,1.07,-0.91,2.57,3.92,-0.32,-0.04,0.06
,-0.33,-4.95,-3.05,-0.21,0.0012,-8.08,-2.12,-2.42,-5.87,1,1,1,0,38.42,135.69,-1.45,5538,6273,6245,5680,1.007,0.00,0.00,-2.61,12.03,0.78,-3.59
251,62140734,20.00,1,3,10.15,1,1,1.00,-1.42,6.03,-27.49,-1.84,-4.72,1.48,-6.99,2.90,-1.15,-0.50,-0.69,-0.01,-0.01,-0.50,-0.69,
0.38,0.22,0.08,-0.10,-0.53,0.15,-0.50,-0.73,-0.69,0.19,-0.12,-0.29,0.63,4.67,-0.29,-0.26,0.06,-0.08,-3.64,-3.38,-0.23,0.1377,4.71,8.45,-1.84,-4.72,1,1,1,0,38.27,135.71,-0.63,5554,6299,6284,5693,1.007,0.00,0.00,-2.62,11.95,0.80,-3.63
252,62160735,20.00,1,3,10.
15,1,1,1.00,-1.47,6.07,-27.40,-4.16,-3.98,1.50,-6.99,4.15,-1.78,-0.62,-0.93,-0.01,-0.01,-0.62,-0.93,0.54,0.22,0.16,-0.16,-0.53,0.08,-0.62,-0.64,-0.93,0.12,-0.85,-1.68,-0.80,3.58,-0.24,-0.37,0.05,0.08,-6.00,-3.02,-0.11,0.1652,-30.74,4.39,-4.16,-3.98,1,1,1,0,38.29,135.69,
-0.68,5508,6340,6305,5601,1.007,0.00,0.00,-2.63,11.87,0.81,-3.64
253,62180736,20.00,1,3,10.15,1,1,1.00,-1.52,6.15,-27.32,-5.35,-5.35,1.52,-6.97,5.36,-1.27,-0.56,-1.15,-0.01,-0.01,-0.56,-1.15,0.70,0.22,0.22,-0.11,-0.53,0.09,-0.56,-0.60,-1.15,0.06,-0.17,-2.44,-
0.05,-0.36,0.40,-0.06,0.05,0.40,-7.55,-1.98,-0.77,0.1495,-18.97,-21.02,-5.35,-5.35,1,1,1,0,38.37,135.64,-1.05,5536,6142,6451,5634,1.007,0.00,0.00,-2.65,11.79,0.81,-3.62
254,62200723,19.99,1,3,10.15,1,1,1.00,-1.56,6.26,-27.21,-5.39,-6.23,1.55,-6.97,5.92,-0.55,-0.47,-1.
22,-0.01,-0.01,-0.47,-1.22,0.78,0.22,0.22,-0.05,-0.53,0.12,-0.47,-0.64,-1.22,0.03,0.45,-2.03,0.98,-3.17,0.67,0.39,0.05,0.22,-7.35,-1.42,-0.97,-0.0445,-5.78,-16.38,-5.39,-6.23,1,1,1,0,38.28,135.65,-0.52,5533,6115,6546,5612,1.008,0.00,0.00,-2.69,11.71,0.83,-3.62
255,622
20738,20.01,1,3,10.15,1,1,1.00,-1.62,6.36,-27.09,-7.10,-8.72,1.59,-6.99,7.10,0.00,-0.35,-1.43,-0.01,-0.01,-0.35,-1.43,0.93,0.22,0.27,0.00,-0.53,0.13,-0.35,-0.73,-1.43,-0.03,1.02,-2.55,2.22,-4.75,0.83,0.72,0.06,0.05,-8.57,-4.26,-0.24,0.0308,-26.89,-52.01,-7.10,-8.72,1,1,
1,1,38.40,135.58,-1.11,5640,6174,6457,5485,1.008,0.00,0.00,-2.73,11.62,0.86,-3.65
256,62240736,20.00,1,3,10.14,1,1,1.00,-1.66,6.51,-26.91,-5.90,-9.16,1.65,-7.04,6.99,0.96,-0.22,-1.35,-0.01,-0.01,-0.22,-1.35,0.92,0.22,0.21,0.09,-0.53,0.17,-0.22,-0.78,-1.35,-0.13,1.48,-
1.19,3.29,-2.11,0.44,0.54,0.06,-0.17,-6.34,-7.43,0.10,-0.0884,7.96,-14.32,-5.90,-9.16,1,1,1,0,38.23,135.62,-0.18,5660,6277,6366,5518,1.008,0.00,0.00,-2.79,11.53,0.90,-3.72
257,62260736,20.00,1,3,10.14,1,1,1.00,-1.71,6.62,-26.73,-4.78,-8.31,1.70,-7.11,6.37,0.87,-
0.29,-1.18,-0.01,-0.01,-0.29,-1.18,0.83,0.22,0.12,0.08,-0.53,0.13,-0.29,-0.77,-1.18,-0.27,0.51,0.26,2.06,2.22,-0.25,0.13,0.06,-0.44,-3.28,-8.66,0.44,0.1963,8.27,1.63,-4.78,-8.31,1,1,1,0,38.32,135.57,-0.59,5566,6418,6235,5514,1.008,0.00,0.00,-2.83,11.43,0.94,-3.81
258,6228
0744,20.01,1,3,10.14,1,1,1.00,-1.76,6.72,-26.56,-3.15,-6.78,1.75,-7.16,5.25,0.00,-0.49,-0.93,-0.01,-0.01,-0.49,-0.93,0.69,0.22,0.01,0.00,-0.53,0.05,-0.49,-0.68,-0.93,-0.43,-0.91,1.73,-0.31,4.92,-0.51,-0.36,0.06,-0.21,0.15,-7.22,0.46,0.1032,15.84,10.96,-3.15,-6.78,1,1,1,
0,38.21,135.59,0.00,5546,6463,6209,5560,1.008,0.00,0.00,-2.87,11.34,0.98,-3.88
259,62300743,20.00,1,3,10.14,1,1,1.00,-1.81,6.78,-26.43,-5.62,-5.78,1.79,-7.19,6.11,0.00,-0.50,-1.10,-0.01,-0.01,-0.50,-1.10,0.80,0.22,0.07,0.00,-0.53,0.04,-0.50,-0.63,-1.10,-0.52,-0.65,0.0
3,-0.22,0.32,0.40,-0.08,0.06,0.42,-1.85,-3.76,0.14,0.1187,-52.27,5.85,-5.62,-5.78,1,1,1,1,38.13,135.61,0.48,5601,6296,6367,5459,1.008,0.00,0.00,-2.89,11.25,1.01,-3.92
260,62320746,20.00,1,3,10.14,1,1,1.00,-1.86,6.89,-26.31,-7.70,-6.67,1.82,-7.19,7.64,0.00,-0.51,-1.42,
-0.01,-0.01,-0.51,-1.42,1.00,0.22,0.18,0.00,-0.53,0.03,-0.51,-0.67,-1.42,-0.53,-0.46,-1.93,0.06,-4.44,1.10,0.53,0.06,0.51,-5.41,1.88,-1.10,0.1498,-31.97,-17.04,-7.70,-6.67,1,1,1,0,38.06,135.63,0.89,5534,6014,6596,5535,1.008,0.00,0.00,-2.92,11.16,1.03,-3.92
261,623407
46,20.00,1,3,10.14,1,1,1.00,-1.90,7.05,-26.18,-8.48,-8.48,1.87,-7.18,8.75,0.15,-0.44,-1.64,-0.01,-0.01,-0.44,-1.64,1.15,0.23,0.23,0.01,-0.53,0.03,-0.44,-0.76,-1.64,-0.50,0.13,-2.60,1.15,-8.14,1.39,1.02,0.06,0.30,-7.34,2.35,-1.36,-0.1428,-17.64,-29.62,-8.48,-8
.48,1,1,1,0,38.12,135.60,0.58,5510,5951,6678,5500,1.008,0.00,0.00,-2.98,11.06,1.06,-3.92
262,62360748,20.00,1,3,10.15,1,1,1.00,-1.95,7.22,-26.01,-9.94,-7.56,1.94,-7.21,10.09,0.15,-0.47,-1.92,-0.01,-0.01,-0.47,-1.92,1.32,0.23,0.28,0.01,-0.53,0.03,-0.47,-0.86,
-1.92,-0.44,-0.12,-2.80,1.13,-3.75,0.41,0.61,0.07,-0.27,-9.23,1.37,-1.02,-0.1376,-26.96,3.20,-9.94,-7.56,1,1,1,0,37.77,135.71,2.34,5460,6108,6485,5619,1.008,0.00,0.00,-3.04,10.96,1.10,-3.96
263,62380747,20.00,1,3,10.15,1,1,1.00,-1.99,7.42,-25.86,-9.15,-6.97,2.00,-7.20
,10.34,0.00,-0.52,-1.89,-0.01,-0.01,-0.52,-1.89,1.35,0.23,0.25,0.00,-0.53,0.01,-0.52,-0.88,-1.89,-0.48,-0.36,-1.65,0.79,-0.53,-0.07,0.21,0.07,-0.35,-7.76,-6.04,0.11,0.6841,0.00,0.00,-9.15,-6.97,1,1,1,0,37.88,135.69,1.73,5481,6291,6244,5471,1.008,0.00,0.00,-3.11,10.85,1.
14,-3.96
264,62400751,20.00,1,3,10.15,1,1,1.00,-2.04,7.60,-25.72,-7.35,-6.30,2.06,-7.18,9.53,0.00,-0.53,-1.62,-0.01,-0.01,-0.53,-1.62,1.25,0.23,0.13,0.00,-0.53,0.01,-0.53,-0.81,-1.62,-0.63,-0.30,0.58,0.60,5.23,-1.09,-0.55,0.07,-0.59,-3.43,-11.12,0.95,0.0095,13.76,1.50,
-7.35,-6.30,1,1,1,0,37.82,135.73,2.04,5473,6551,6014,5509,1.008,0.00,0.00,-3.18,10.75,1.17,-3.95
265,62420752,20.00,1,3,10.15,1,1,1.00,-2.08,7.75,-25.59,-4.90,-5.39,2.10,-7.16,7.88,-0.24,-0.57,-1.25,-0.01,-0.01,-0.57,-1.25,1.03,0.23,-0.02,-0.02,-0.53,-0.01,-0.57,-0.75
,-1.25,-0.82,-0.43,2.65,0.17,0.81,0.48,-0.03,0.07,0.44,1.29,-12.68,1.42,0.2110,31.11,5.26,-4.90,-5.39,1,1,1,1,37.81,135.76,2.07,5702,6432,6184,5198,1.008,0.00,0.00,-3.22,10.65,1.19,-3.94
266,62440751,20.00,1,3,10.15,1,1,1.00,-2.14,7.85,-25.48,-4.78,-6.48,2.13,-7.14,7.
05,0.00,-0.53,-1.08,-0.01,-0.01,-0.53,-1.08,0.92,0.23,-0.08,0.00,-0.53,0.01,-0.53,-0.77,-1.08,-1.02,-0.04,2.75,0.74,-3.93,1.11,0.51,0.07,0.52,2.54,-6.87,0.65,0.1909,-3.48,-19.29,-4.78,-6.48,1,1,1,0,37.67,135.84,2.72,5724,6203,6324,5260,1.007,0.00,0.00,-3.25,10.55,1.21,-
3.92
267,62460751,20.00,1,3,10.15,1,1,1.00,-2.18,7.94,-25.35,-7.24,-5.72,2.17,-7.15,8.00,-0.24,-0.57,-1.30,-0.01,-0.01,-0.57,-1.30,1.05,0.23,0.01,-0.02,-0.53,-0.01,-0.57,-0.86,-1.30,-1.07,-0.27,0.47,0.69,-6.31,1.20,0.88,0.07,0.24,-0.24,0.16,-0.27,0.2377,-40.88,3.26
,-7.24,-5.72,1,1,1,1,37.95,135.77,1.23,5592,6054,6441,5346,1.007,0.00,0.00,-3.28,10.46,1.23,-3.93
268,62480756,20.00,1,3,10.15,1,1,1.00,-2.24,8.09,-25.24,-9.46,-4.97,2.21,-7.12,9.66,-0.68,-0.63,-1.71,-0.01,-0.01,-0.63,-1.71,1.27,0.23,0.14,-0.06,-0.53,-0.03,-0.63,-0.99
,-1.71,-0.98,-0.58,-2.21,0.57,-6.20,0.84,0.86,0.07,-0.10,-4.72,7.78,-1.87,0.0222,-35.48,3.87,-9.46,-4.97,1,1,1,0,37.74,135.85,2.24,5351,5944,6661,5624,1.007,0.00,0.00,-3.32,10.36,1.25,-3.90
269,62500742,19.99,1,3,10.15,1,1,1.00,-2.28,8.27,-25.14,-11.60,-4.79,2.25,-7.05
,11.59,-0.90,-0.66,-2.15,-0.01,-0.01,-0.66,-2.15,1.52,0.23,0.26,-0.08,-0.53,-0.04,-0.66,-1.06,-2.15,-0.88,-0.54,-2.80,0.75,-3.68,0.30,0.53,0.08,-0.31,-8.22,5.38,-1.36,-0.1938,-36.71,-2.76,-11.60,-4.79,1,1,1,0,37.80,135.85,1.91,5301,6074,6513,5582,1.007,0.00,0.
00,-3.38,10.25,1.26,-3.83
270,62520759,20.02,1,3,10.16,1,1,1.00,-2.32,8.51,-25.04,-10.67,-3.94,2.29,-6.96,12.05,-1.42,-0.73,-2.17,-0.01,-0.01,-0.73,-2.17,1.58,0.24,0.24,-0.13,-0.53,-0.07,-0.73,-1.06,-2.17,-0.79,-0.79,-1.93,0.27,1.56,-0.53,-0.10,0.08,-0.50,-7.83,0.55,-0
.84,0.0927,0.25,6.09,-10.67,-3.94,1,1,1,0,37.62,135.93,2.75,5345,6185,6267,5705,1.007,0.00,0.00,-3.45,10.15,1.27,-3.74
271,62540760,20.00,1,3,10.16,1,1,1.00,-2.35,8.72,-24.97,-9.83,-3.63,2.32,-6.86,11.84,-1.79,-0.77,-2.05,-0.01,-0.01,-0.77,-2.05,1.55,0.24,0.18,-0.16,-
0.53,-0.08,-0.77,-1.01,-2.05,-0.85,-0.78,-0.55,-0.02,1.98,-0.12,-0.21,0.08,0.02,-5.63,-7.28,0.62,0.3577,0.00,0.00,-9.83,-3.63,1,1,1,0,37.83,135.89,1.57,5529,6337,6143,5397,1.007,0.00,0.00,-3.51,10.04,1.27,-3.64
272,62560753,19.99,1,3,10.16,1,1,1.00,-2.39,8.92,-24.89,-
9.83,-3.63,2.34,-6.77,11.76,-1.91,-0.78,-2.00,-0.01,-0.01,-0.78,-2.00,1.54,0.24,0.13,-0.17,-0.53,-0.07,-0.78,-0.98,-2.00,-1.00,-0.53,-0.04,0.11,-0.56,0.43,0.07,0.08,0.29,-4.11,-11.16,1.16,0.2985,0.00,0.00,-9.83,-3.63,1,0,0,0,37.70,135.96,2.19,5690,6378,6185,5269,1.006,
0.00,0.00,-3.56,9.94,1.27,-3.54
273,62580762,20.01,1,3,10.16,1,1,1.00,-2.43,9.11,-24.82,-9.25,-4.62,2.37,-6.67,11.40,-1.40,-0.68,-1.88,-0.01,-0.01,-0.68,-1.88,1.49,0.24,0.08,-0.13,-0.53,-0.02,-0.68,-1.01,-1.88,-1.18,0.23,0.70,1.26,-4.78,1.24,0.61,0.08,0.55,-1.67,-10.84
,0.80,-0.1887,-2.93,-15.39,-9.25,-4.62,1,1,1,0,37.84,135.93,1.41,5700,6236,6353,5160,1.006,0.00,0.00,-3.62,9.85,1.26,-3.44
274,62600760,20.00,1,3,10.16,1,1,1.00,-2.47,9.30,-24.73,-11.63,-7.22,2.40,-6.60,12.46,0.00,-0.44,-2.16,-0.01,-0.01,-0.44,-2.16,1.63,0.24,0.15,0.00
,-0.53,0.07,-0.44,-1.11,-2.16,-1.30,1.62,-1.22,3.82,-6.53,1.20,0.97,0.08,0.14,-4.46,-2.44,-0.76,0.4360,-37.86,-58.86,-11.63,-7.22,1,1,1,1,37.64,135.99,2.39,5586,5977,6495,5469,1.006,0.00,0.00,-3.67,9.75,1.26,-3.36
275,62620764,20.00,1,3,10.16,1,1,1.00,-2.49,9.53,-24.58
,-13.76,-9.50,2.45,-6.55,14.06,1.20,-0.20,-2.52,-0.01,-0.01,-0.20,-2.52,1.84,0.24,0.24,0.11,-0.53,0.13,-0.20,-1.21,-2.52,-1.28,2.53,-2.80,6.62,-6.94,1.59,1.34,0.09,0.15,-8.03,2.09,-1.43,-0.1089,-37.50,-34.93,-13.76,-9.50,1,1,1,0,37.78,135.95,1.63,5490,5842,6639,5448,1.006,0.00,0.00,-3.74,
9.65,1.29,-3.32
276,62640763,20.00,1,3,10.16,1,1,1.00,-2.53,9.81,-24.39,-15.10,-8.48,2.53,-6.52,15.57,1.69,-0.18,-2.83,-0.01,-0.01,-0.18,-2.83,2.04,0.24,0.31,0.15,-0.53,0.14,-0.18,-1.27,-2.83,-1.20,1.76,-2.80,6.25,-0.46,0.35,0.88,0.09,-0.62,-9.96,4.28,-1.98,0.0637,-30
.07,3.00,-15.10,-8.48,1,1,1,0,37.50,136.05,3.00,5278,5947,6562,5707,1.006,0.00,0.00,-3.83,9.53,1.33,-3.31
277,62660765,20.00,1,3,10.16,1,1,1.00,-2.55,10.11,-24.22,-15.74,-7.71,2.60,-6.46,16.66,1.56,-0.25,-3.02,-0.01,-0.01,-0.25,-3.02,2.18,0.25,0.33,0.14,-0
.53,0.10,-0.25,-1.20,-3.02,-1.15,0.73,-2.80,4.51,4.78,-0.08,0.18,0.09,-0.36,-11.13,-2.37,-0.40,0.3208,-22.97,1.02,-15.74,-7.71,1,1,1,0,37.76,135.98,1.61,5430,6137,6222,5558,1.006,0.00,0.00,-3.93,9.41,1.36,-3.26
278,62680768,20.00,1,3,10.16,1,1,1.00,-2.57,10.
42,-24.07,-14.47,-7.08,2.66,-6.37,16.55,1.19,-0.35,-2.89,-0.01,-0.01,-0.35,-2.89,2.17,0.25,0.26,0.11,-0.52,0.06,-0.35,-1.05,-2.89,-1.24,-0.12,-1.05,2.22,8.40,-0.79,-0.49,0.09,-0.40,-8.31,-8.94,0.26,0.2128,0.00,0.00,-14.47,-7.08,1,1,1,0,37.47,136.11,3.05,5437,6374,6094,
5577,1.005,0.00,0.00,-4.02,9.30,1.37,-3.17
279,62700770,20.00,1,3,10.17,1,1,1.00,-2.60,10.71,-23.93,-13.44,-9.48,2.71,-6.27,15.92,2.30,-0.12,-2.68,-0.01,-0.01,-0.12,-2.68,2.09,0.25,0.16,0.21,-0.52,0.12,-0.12,-0.91,-2.68,-1.45,1.33,0.63,4.21,4.43,0.21,-0.28,0.09,0.39,-4
.56,-14.04,1.21,0.1214,-1.67,-36.88,-13.44,-9.48,1,1,1,0,37.58,136.11,2.32,5605,6378,6114,5232,1.005,0.00,0.00,-4.11,9.18,1.38,-3.09
280,62720768,20.00,1,3,10.17,1,1,1.00,-2.63,10.98,-23.74,-10.93,-11.99,2.78,-6.23,14.29,4.10,0.21,-2.23,-0.01,-0.01,0.21,-2.23,1.87,0.2
5,-0.00,0.37,-0.52,0.21,0.21,-0.88,-2.23,-1.69,2.80,2.80,7.30,-1.71,1.52,0.74,0.09,0.68,1.07,-9.93,0.37,0.2246,19.10,-64.33,-10.93,-11.99,1,1,1,1,37.52,136.17,2.51,5749,6044,6346,5250,1.005,0.00,0.00,-4.19,9.07,1.42,-3.06
281,62740771,20.00,1,3,10.17,1,1,1.00,-2.64,1
1.20,-23.50,-12.54,-14.38,2.88,-6.25,14.34,6.21,0.56,-2.29,-0.01,-0.01,0.56,-2.29,1.88,0.25,0.00,0.56,-0.52,0.30,0.56,-0.94,-2.29,-1.80,2.80,1.48,9.36,-4.94,2.03,1.53,0.10,0.40,-0.06,-2.43,-0.14,0.1867,-31.03,-41.92,-12.54,-14.38,1,1,1,0,37.92,136.04,0.40,5761,5881,645
5,5261,1.005,0.00,0.00,-4.27,8.96,1.48,-3.11
282,62760770,20.00,1,3,10.17,1,1,1.00,-2.67,11.45,-23.21,-15.03,-14.57,3.00,-6.29,15.67,7.36,0.69,-2.64,-0.01,-0.01,0.69,-2.64,2.05,0.25,0.11,0.66,-0.52,0.31,0.69,-1.02,-2.64,-1.76,2.59,-1.20,10.17,-2.96,1.47,1.54,0.10,-0.1
8,-4.56,5.44,-1.54,0.0315,-64.02,-16.83,-15.03,-14.57,1,1,1,1,37.89,136.05,0.57,5501,5875,6670,5521,1.004,0.00,0.00,-4.36,8.83,1.57,-3.18
283,62780774,20.00,1,3,10.17,1,1,1.00,-2.71,11.75,-22.92,-17.51,-13.09,3.12,-6.29,17.66,7.23,0.57,-3.11,-0.01,-0.01,0.57,-3.11,2.3
1,0.25,0.24,0.65,-0.52,0.24,0.57,-1.00,-3.11,-1.61,0.94,-2.80,7.79,5.60,-0.21,0.57,0.11,-0.88,-9.30,7.25,-1.92,-0.1142,-46.88,4.04,-17.51,-13.09,1,1,1,1,38.01,136.01,-0.02,5204,6066,6518,5765,1.005,0.00,0.00,-4.46,8.70,1.65,-3.22
284,62800773,20.00,1,3,10.16
,1,1,1.00,-2.73,12.10,-22.66,-16.07,-10.98,3.22,-6.23,18.01,6.11,0.28,-3.10,-0.01,-0.01,0.28,-3.10,2.36,0.26,0.22,0.55,-0.52,0.12,0.28,-0.81,-3.10,-1.48,-1.13,-1.74,3.40,12.47,-1.27,-0.58,0.11,-0.79,-8.82,3.41,-1.52,-0.0620,0.65,13.61,-16.07,-10.98,1,1,1,0,38.07,135.97,
-0.32,5225,6182,6246,5961,1.005,0.00,0.00,-4.57,8.56,1.70,-3.19
285,62820764,19.99,1,3,10.16,1,1,1.00,-2.74,12.42,-22.44,-13.60,-9.34,3.29,-6.15,17.03,4.73,-0.01,-2.78,-0.01,-0.01,-0.01,-2.78,2.23,0.26,0.10,0.43,-0.52,0.01,-0.01,-0.60,-2.78,-1.48,-2.50,0.81,-0.58,11.60
,-0.93,-1.02,0.10,-0.00,-4.70,-5.65,0.25,0.3585,18.26,9.65,-13.60,-9.34,1,1,1,1,38.29,135.87,-1.44,5455,6435,6124,5634,1.006,0.00,0.00,-4.66,8.42,1.73,-3.12
286,62840775,20.01,1,3,10.15,1,1,1.00,-2.78,12.69,-22.25,-12.70,-11.81,3.34,-6.06,16.06,5.27,0.15,-2.53,-0.01,-0
.01,0.15,-2.53,2.10,0.26,0.00,0.48,-0.52,0.04,0.15,-0.45,-2.53,-1.66,-0.68,2.06,1.27,2.42,0.52,-0.37,0.10,0.79,-1.25,-12.73,1.72,0.2778,-2.26,-46.67,-12.70,-11.81,1,1,1,1,38.12,135.89,-0.45,5834,6502,6185,5244,1.006,0.00,0.00,-4.74,8.30,1.74,-3.05
287,62860777,20.00,1
,3,10.15,1,1,1.00,-2.80,12.95,-22.02,-10.23,-14.28,3.42,-6.02,14.34,6.71,0.43,-2.09,-0.01,-0.01,0.43,-2.09,1.88,0.26,-0.13,0.61,-0.52,0.12,0.43,-0.49,-2.09,-1.90,1.29,2.80,4.91,-6.63,2.15,0.99,0.10,1.05,2.18,-10.92,1.12,0.3330,35.26,-92.36,-10.23,-14.28,1,1,1,1,38.22,135.83,-
0.92,6008,6123,6397,5144,1.007,0.00,0.00,-4.81,8.17,1.78,-3.03
288,62880778,20.00,1,3,10.15,1,1,1.00,-2.81,13.15,-21.73,-9.32,-16.74,3.53,-6.04,13.03,8.58,0.77,-1.82,-0.01,-0.01,0.77,-1.82,1.71,0.26,-0.20,0.77,-0.52,0.22,0.77,-0.61,-1.82,-2.00,2.80,2.80,8.76,-12.34,2.
97,2.15,0.11,0.69,3.38,-4.24,0.23,0.4313,1.29,-60.61,-9.32,-16.74,1,1,1,1,38.11,135.83,-0.29,6035,5889,6613,5189,1.008,0.00,0.00,-4.87,8.05,1.87,-3.09
289,62900780,20.00,1,3,10.14,1,1,1.00,-2.82,13.34,-21.39,-11.68,-15.27,3.68,-6.10,13.56,8.87,0.73,-2.04,-0.01,-0.01,0.
73,-2.04,1.78,0.26,-0.12,0.80,-0.52,0.19,0.73,-0.80,-2.04,-1.91,1.58,0.44,8.23,-4.73,1.10,1.68,0.12,-0.71,0.02,9.45,-2.01,-0.2680,-39.25,1.93,-11.68,-15.27,1,1,1,0,38.27,135.71,-1.03,5424,5880,6701,5662,1.008,0.00,0.00,-4.94,7.92,1.99,-3.19
290,62920781,20.00,1,3,10.14
,1,1,1.00,-2.85,13.57,-21.09,-10.76,-14.07,3.79,-6.10,13.49,8.44,0.59,-2.03,-0.01,-0.01,0.59,-2.03,1.77,0.26,-0.10,0.76,-0.52,0.13,0.59,-0.77,-2.03,-1.65,0.17,0.38,5.98,8.32,-1.31,-0.01,0.12,-1.41,-0.81,13.89,-2.41,-0.2805,0.00,0.00,-10.76,-14.07,1,1,1,0,38.16,135.71,-
0.40,5081,6157,6449,6063,1.009,0.00,0.00,-5.01,7.78,2.07,-3.22
291,62940770,19.99,1,3,10.14,1,1,1.00,-2.86,13.79,-20.81,-10.95,-11.61,3.90,-6.08,13.63,7.10,0.29,-2.09,-0.01,-0.01,0.29,-2.09,1.79,0.27,-0.07,0.64,-0.52,0.02,0.29,-0.53,-2.09,-1.41,-1.75,-0.13,1.26,16.09,-
1.88,-1.26,0.12,-0.72,-2.36,10.99,-1.43,-0.1337,-13.10,37.17,-10.95,-11.61,1,1,1,1,38.25,135.67,-0.84,5178,6291,6172,6051,1.009,0.00,0.00,-5.07,7.65,2.15,-3.24
292,62960786,20.02,1,3,10.13,1,1,1.00,-2.86,14.01,-20.58,-10.07,-10.37,3.97,-6.02,13.36,5.83,0.05,
-2.02,-0.01,-0.01,0.05,-2.02,1.75,0.27,-0.08,0.53,-0.52,-0.07,0.05,-0.28,-2.02,-1.30,-2.59,0.31,-1.54,10.61,-0.62,-1.17,0.11,0.44,-2.16,0.60,0.40,0.3455,0.21,4.18,-10.07,-10.37,1,1,1,0,38.07,135.71,0.15,5570,6405,6136,5629,1.009,0.00,0.00,-5.12,7.52,2.18,-3.20
293,629
80784,20.00,1,3,10.13,1,1,1.00,-2.87,14.21,-20.37,-7.61,-12.82,4.02,-5.95,12.08,6.21,0.19,-1.70,-0.01,-0.01,0.19,-1.70,1.58,0.27,-0.16,0.56,-0.52,-0.03,0.19,-0.19,-1.70,-1.33,-0.81,2.20,0.41,-1.70,1.39,0.02,0.11,1.24,1.02,-4.98,0.89,0.3764,28.30,-71.88,-7.61,-12.82,1,1
,1,1,38.35,135.58,-1.28,5844,6213,6345,5244,1.010,0.00,0.00,-5.16,7.40,2.20,-3.15
294,63000786,20.00,1,3,10.13,1,1,1.00,-2.89,14.36,-20.11,-7.29,-15.28,4.11,-5.95,11.22,7.50,0.47,-1.55,-0.01,-0.01,0.47,-1.55,1.47,0.27,-0.20,0.68,-0.52,0.06,0.47,-0.34,-1.55,-1.44,1.17,2
.32,4.12,-13.12,3.07,1.69,0.11,1.24,1.97,-5.61,0.88,0.0776,-3.48,-68.78,-7.29,-15.28,1,1,1,1,38.15,135.62,-0.15,6149,5981,6557,5106,1.010,0.00,0.00,-5.20,7.28,2.27,-3.18
295,63020775,19.99,1,3,10.13,1,1,1.00,-2.89,14.51,-19.81,-6.15,-14.11,4.23,-5.97,10.33,7.66,0.44,-1
.41,-0.01,-0.01,0.44,-1.41,1.35,0.27,-0.22,0.69,-0.51,0.06,0.44,-0.58,-1.41,-1.50,0.62,2.40,4.80,-13.75,2.47,2.23,0.12,0.10,2.69,-1.21,-0.01,-0.0871,7.18,-0.36,-6.15,-14.11,1,1,1,0,38.14,135.60,-0.06,5956,5885,6540,5305,1.010,0.00,0.00,-5.24,7.15,2.37,-3.24
296,6304078
9,20.01,1,3,10.13,1,1,1.00,-2.88,14.63,-19.52,-7.18,-14.18,4.34,-5.98,10.31,7.78,0.46,-1.45,-0.01,-0.01,0.46,-1.45,1.35,0.27,-0.18,0.70,-0.51,0.05,0.46,-0.73,-1.45,-1.45,0.48,1.30,5.45,-2.75,-0.19,0.94,0.13,-1.26,1.30,6.28,-1.38,-0.1155,-19.23,-15.00,-7.18,-14.18,1,1,1
,0,38.18,135.55,-0.26,5423,6054,6368,5836,1.010,0.00,0.00,-5.26,7.02,2.46,-3.28
297,63060792,20.00,1,3,10.13,1,1,1.00,-2.87,14.77,-19.24,-9.63,-11.72,4.45,-5.98,11.43,6.88,0.24,-1.78,-0.01,-0.01,0.24,-1.78,1.50,0.27,-0.06,0.62,-0.51,-0.01,0.24,-0.67,-1.78,-1.30,-1
.03,-1.17,2.55,7.58,-1.08,-0.27,0.13,-0.93,-2.69,9.54,-1.42,0.1589,-41.01,76.92,-9.63,-11.72,1,1,1,1,38.19,135.52,-0.28,5312,6168,6257,5969,1.010,0.00,0.00,-5.29,6.89,2.54,-3.31
298,63080788,20.00,1,3,10.13,1,1,1.00,-2.87,14.97,-19.01,-9.63,-11.72,4.51,-5.91,12.09,6.3
9,0.17,-1.93,-0.01,-0.01,0.17,-1.93,1.58,0.27,0.00,0.58,-0.51,-0.04,0.17,-0.49,-1.93,-1.14,-1.11,-1.68,1.05,12.96,-1.82,-1.30,0.12,-0.63,-4.52,9.53,-1.84,0.1254,0.00,0.00,-9.63,-11.72,1,0,0,0,37.92,135.57,1.20,5150,6220,6226,6117,1.010,0.00,0.00,-5.33,6.76,2.57,-3.26
2
99,63100793,20.00,1,3,10.13,1,1,1.00,-2.85,15.16,-18.77,-12.26,-10.52,4.56,-5.83,13.59,5.69,0.04,-2.32,-0.01,-0.01,0.04,-2.32,1.78,0.27,0.12,0.51,-0.51,-0.08,0.04,-0.27,-2.32,-1.01,-1.52,-2.80,-0.54,7.52,-0.16,-0.81,0.12,0.53,-8.41,1.39,-0.16,0.2323,-52.53,2.62,-12.26,
-10.52,1,1,1,1,38.12,135.49,0.20,5552,6190,6190,5635,1.010,0.00,0.00,-5.36,6.63,2.59,-3.21
300,63120790,20.00,1,3,10.13,1,1,1.00,-2.84,15.40,-18.56,-9.66,-13.12,4.58,-5.71,13.36,6.34,0.23,-2.17,-0.01,-0.01,0.23,-2.17,1.75,0.27,0.08,0.57,-0.51,-0.02,0.23,-0.24,-2.17,-1
.05,0.17,-0.89,1.65,-4.53,1.84,0.50,0.12,1.20,-5.52,-5.93,0.16,0.2368,69.75,-103.89,-9.66,-13.12,1,1,1,1,38.12,135.49,0.20,5892,5985,6428,5365,1.010,0.00,0.00,-5.39,6.50,2.57,-3.10
301,63140798,20.01,1,3,10.14,1,1,1.00,-2.83,15.60,-18.30,-7.08,-15.69,4.65,-5.64,12.16,
7.73,0.52,-1.85,-0.01,-0.01,0.52,-1.85,1.59,0.28,-0.03,0.70,-0.51,0.07,0.52,-0.40,-1.85,-1.22,1.89,1.41,5.50,-10.68,2.41,1.54,0.12,0.73,-0.61,-10.92,1.22,-0.0009,49.59,-104.16,-7.08,-15.69,1,1,1,1,38.25,135.43,-0.48,6090,6067,6383,5132,1.010,0.00,0.00,-5.42,6.36,2.61,
-3.06
302,63160792,19.99,1,3,10.13,1,1,1.00,-2.82,15.74,-17.98,-6.74,-18.25,4.77,-5.63,11.31,9.54,0.86,-1.68,-0.01,-0.01,0.86,-1.68,1.48,0.28,-0.09,0.86,-0.51,0.17,0.86,-0.59,-1.68,-1.40,2.80,1.96,9.07,-8.83,1.81,1.79,0.13,-0.13,1.09,-9.20,1.04,-0.0927,-2.87,-58.15,-6
.74,-18.25,1,1,1,1,38.26,135.43,-0.48,6049,6097,6300,5296,1.010,0.00,0.00,-5.45,6.23,2.70,-3.09
303,63180797,20.00,1,3,10.13,1,1,1.00,-2.79,15.87,-17.62,-6.19,-16.77,4.92,-5.64,10.68,10.02,0.85,-1.56,-0.01,-0.01,0.85,-1.56,1.40,0.28,-0.12,0.90,-0.51,0.17,0.85,-0.68,-1.
56,-1.53,1.79,1.96,8.48,0.53,0.33,1.07,0.14,-0.88,1.84,-2.54,-0.20,-0.1756,0.00,0.00,-6.19,-16.77,1,1,1,0,38.38,135.33,-1.03,5689,6131,6272,5655,1.010,0.00,0.00,-5.48,6.09,2.83,-3.14
304,63200795,20.00,1,3,10.13,1,1,1.00,-2.78,16.00,-17.28,-7.66,-15.32,5.05,-5.63,10.9
3,9.78,0.74,-1.64,-0.01,-0.01,0.74,-1.64,1.43,0.28,-0.08,0.88,-0.51,0.12,0.74,-0.59,-1.64,-1.50,0.49,0.81,6.20,7.59,-0.49,0.11,0.14,-0.74,0.36,4.73,-1.16,-0.0662,-24.44,1.18,-7.66,-15.32,1,1,1,0,38.39,135.33,-1.03,5477,6121,6298,5914,1.010,0.00,0.00,-5.51,5.95,2.94,-3.1
8
305,63220800,20.00,1,3,10.13,1,1,1.00,-2.75,16.15,-16.98,-10.16,-13.93,5.15,-5.58,12.07,9.19,0.59,-1.97,-0.01,-0.01,0.59,-1.97,1.58,0.28,0.03,0.83,-0.51,0.06,0.59,-0.38,-1.97,-1.35,-0.62,-1.48,3.31,11.74,-0.99,-0.69,0.14,-0.43,-3.48,8.50,-1.53,0.0259,-38.71,1.86,-10.
16,-13.93,1,1,1,0,38.28,135.33,-0.41,5336,6167,6308,6002,1.011,0.00,0.00,-5.53,5.81,3.01,-3.17
306,63240797,20.00,1,3,10.13,1,1,1.00,-2.73,16.35,-16.70,-12.63,-12.35,5.21,-5.48,13.72,8.32,0.40,-2.38,-0.01,-0.01,0.40,-2.38,1.80,0.28,0.15,0.75,-0.51,-0.01,0.40,-0.19,-2.
38,-1.19,-1.55,-2.80,0.34,7.12,0.08,-0.47,0.14,0.42,-7.83,6.31,-1.29,0.1322,-40.95,5.79,-12.63,-12.35,1,1,1,0,38.29,135.33,-0.41,5543,5995,6358,5861,1.011,0.00,0.00,-5.55,5.66,3.03,-3.10
307,63260801,20.00,1,3,10.13,1,1,1.00,-2.70,16.61,-16.45,-11.13,-14.85,5.21,-5.33,14.18,
8.71,0.54,-2.40,-0.01,-0.01,0.54,-2.40,1.86,0.28,0.15,0.79,-0.51,0.02,0.54,-0.14,-2.40,-1.12,-0.18,-1.94,2.05,-1.54,1.15,0.23,0.13,0.76,-7.41,-0.08,-0.66,0.0521,6.18,-54.22,-11.13,-14.85,1,1,1,1,38.33,135.29,-0.59,5763,5942,6420,5636,1.011,0.00,0.00,-5.57,5.52,3.00,-2.
97
308,63280800,20.00,1,3,10.13,1,1,1.00,-2.68,16.83,-16.16,-8.64,-17.34,5.27,-5.22,13.54,9.90,0.79,-2.16,-0.01,-0.01,0.79,-2.16,1.77,0.28,0.07,0.89,-0.51,0.09,0.79,-0.24,-2.16,-1.21,1.42,0.22,5.63,-7.71,2.02,1.22,0.14,0.64,-3.61,-9.36,1.04,0.0535,28.64,-54.4
9,-8.64,-17.34,1,1,1,1,38.34,135.29,-0.59,6070,6095,6356,5263,1.011,0.00,0.00,-5.60,5.37,3.01,-2.89
309,63300803,20.00,1,3,10.13,1,1,1.00,-2.66,17.00,-15.81,-7.95,-15.96,5.37,-5.15,12.94,10.15,0.77,-2.00,-0.01,-0.01,0.77,-2.00,1.70,0.28,0.01,0.92,-0.51,0.09,
0.77,-0.41,-2.00,-1.44,0.79,1.11,5.72,-7.21,1.76,1.60,0.15,-0.01,-0.70,-13.22,1.66,-0.1020,0.00,0.00,-7.95,-15.96,1,1,1,0,38.41,135.23,-0.94,6170,6162,6188,5268,1.011,0.00,0.00,-5.62,5.22,3.08,-2.86
310,63320799,20.00,1,3,10.12,1,1,1.00,-2.63,17.16,-15.49,-5.48,-16.80,
5.45,-5.08,11.63,10.62,0.84,-1.72,-0.01,-0.01,0.84,-1.72,1.52,0.28,-0.09,0.96,-0.51,0.10,0.84,-0.49,-1.72,-1.65,0.98,2.44,6.71,-2.01,0.60,0.97,0.15,-0.53,2.20,-9.89,0.89,-0.1694,37.33,-26.50,-5.48,-16.80,1,1,1,1,38.42,135.23,-0.94,5911,6236,6160,5520,1.011,0.00,0.00,-5.
63,5.08,3.13,-2.83
311,63340808,20.01,1,3,10.12,1,1,1.00,-2.59,17.27,-15.15,-7.95,-14.32,5.57,-5.04,11.87,10.01,0.66,-1.80,-0.01,-0.01,0.66,-1.80,1.55,0.28,-0.05,0.90,-0.51,0.04,0.66,-0.45,-1.80,-1.72,-0.49,1.11,4.10,5.94,-0.52,0.10,0.15,-0.76,0.86,1.71,-1.00,-0.0903,
-45.34,16.81,-7.95,-14.32,1,1,1,1,38.37,135.20,-0.58,5535,6116,6245,5936,1.011,0.00,0.00,-5.64,4.95,3.23,-2.83
312,63360805,20.00,1,3,10.12,1,1,1.00,-2.56,17.43,-14.87,-10.42,-11.85,5.62,-4.94,13.07,8.73,0.39,-2.14,-0.01,-0.01,0.39,-2.14,1.71,0.28,0.05,0.79,-0.50,-0.0
5,0.39,-0.30,-2.14,-1.60,-1.99,-1.35,0.28,8.40,-0.69,-0.54,0.15,-0.30,-3.06,8.90,-1.88,-0.0834,-45.00,21.11,-10.42,-11.85,1,1,1,1,38.37,135.20,-0.58,5387,6018,6331,6067,1.011,0.00,0.00,-5.64,4.81,3.25,-2.77
313,63380809,20.00,1,3,10.12,1,1,1.00,-2.52,17.64,-14.63,-12.8
8,-11.46,5.60,-4.80,14.81,7.89,0.26,-2.57,-0.01,-0.01,0.26,-2.57,1.94,0.28,0.17,0.71,-0.50,-0.09,0.26,-0.16,-2.57,-1.40,-2.08,-2.80,-0.74,4.93,-0.16,-0.58,0.15,0.27,-7.70,9.53,-1.93,0.0775,-52.98,-6.83,-12.88,-11.46,1,1,1,1,38.27,135.22,-0.02,5459,5935,6400,6012,1.011,
0.00,0.00,-5.64,4.68,3.19,-2.65
314,63400812,20.00,1,3,10.12,1,1,1.00,-2.49,17.90,-14.40,-12.91,-11.49,5.55,-4.62,15.88,7.47,0.21,-2.76,-0.01,-0.01,0.21,-2.76,2.08,0.29,0.22,0.67,-0.50,-0.10,0.21,-0.13,-2.76,-1.26,-1.62,-2.80,-0.54,-1.80,0.96,0.13,0.15,0.67,-9.32,2.90
,-1.00,0.1185,-13.26,-11.89,-12.91,-11.49,1,1,1,0,38.16,135.29,0.60,5715,5898,6414,5725,1.011,0.00,0.00,-5.65,4.54,3.09,-2.49
315,63420813,20.00,1,3,10.12,1,1,1.00,-2.45,18.15,-14.17,-10.45,-13.79,5.50,-4.44,15.41,8.24,0.42,-2.54,-0.01,-0.01,0.42,-2.54,2.02,0.29,0.14,0
.74,-0.50,-0.03,0.42,-0.23,-2.54,-1.29,0.19,-0.48,2.28,-6.83,1.44,0.79,0.15,0.49,-5.75,-7.20,0.50,0.0378,22.78,-40.68,-10.45,-13.79,1,1,1,1,38.15,135.31,0.64,5975,6005,6251,5462,1.011,0.00,0.00,-5.65,4.41,2.98,-2.33
316,63440815,20.00,1,3,10.13,1,1,1.00,-2.41,18.36,-13
.90,-9.74,-15.40,5.49,-4.30,14.79,9.44,0.65,-2.36,-0.01,-0.01,0.65,-2.36,1.94,0.29,0.07,0.85,-0.50,0.05,0.65,-0.38,-2.36,-1.50,1.58,0.77,5.81,-7.47,1.50,1.22,0.15,0.11,-2.49,-13.06,1.52,-0.0631,-1.44,-34.30,-9.74,-15.40,1,1,1,0,38.06,135.38,1.14,6114,6131,6126,5318,1.0
11,0.00,0.00,-5.66,4.28,2.94,-2.22
317,63460816,20.00,1,3,10.13,1,1,1.00,-2.38,18.56,-13.59,-8.98,-14.19,5.52,-4.18,14.14,9.63,0.64,-2.19,-0.01,-0.01,0.64,-2.19,1.85,0.29,0.00,0.87,-0.50,0.05,0.64,-0.46,-2.19,-1.68,0.92,1.54,5.46,-4.46,1.22,1.28,0.16,-0.24,-0.10,-1
2.66,1.32,0.4024,0.00,0.00,-8.98,-14.19,1,1,1,0,38.21,135.33,0.34,6033,6133,6107,5365,1.011,0.00,0.00,-5.67,4.15,2.93,-2.14
318,63480813,20.00,1,3,10.13,1,1,1.00,-2.33,18.74,-13.30,-9.47,-12.28,5.53,-4.06,14.04,8.93,0.46,-2.19,-0.01,-0.01,0.46,-2.19,1.84,0.29,-0.01,0.
81,-0.50,-0.00,0.46,-0.45,-2.19,-1.81,-0.47,1.02,3.11,4.25,-0.53,0.15,0.16,-0.84,-0.20,-1.81,-0.79,-0.1905,-15.21,10.10,-9.47,-12.28,1,1,1,0,37.89,135.44,2.05,5588,6062,6132,5938,1.010,0.00,0.00,-5.67,4.02,2.90,-2.06
319,63500804,19.99,1,3,10.13,1,1,1.00,-2.29,18.93,-1
3.06,-10.46,-11.38,5.50,-3.93,14.45,8.21,0.33,-2.31,-0.01,-0.01,0.33,-2.31,1.89,0.29,0.03,0.74,-0.50,-0.05,0.33,-0.37,-2.31,-1.78,-1.14,-0.06,1.18,7.26,-0.71,-0.52,0.16,-0.35,-1.74,4.42,-1.30,-0.0435,-22.05,-0.77,-10.46,-11.38,1,1,1,0,37.89,135.47,2.03,5432,6000,6155,5
963,1.010,0.00,0.00,-5.66,3.91,2.83,-1.95
320,63520818,20.01,1,3,10.13,1,1,1.00,-2.26,19.14,-12.83,-12.84,-10.71,5.44,-3.78,15.79,7.61,0.23,-2.65,-0.01,-0.01,0.23,-2.65,2.07,0.29,0.12,0.69,-0.50,-0.08,0.23,-0.24,-2.65,-1.62,-1.35,-2.17,0.14,6.55,-0.43,-0.67,0.16,0.09,-
6.39,9.98,-2.13,-0.2246,-40.80,-2.84,-12.84,-10.71,1,1,1,0,37.60,135.57,3.46,5342,5871,6321,6018,1.010,0.00,0.00,-5.66,3.79,2.73,-1.83
321,63540820,20.00,1,3,10.13,1,1,1.00,-2.22,19.39,-12.62,-12.44,-12.50,5.34,-3.61,16.26,8.23,0.39,-2.71,-0.01,-0.01,0.39,-2.71,2.13,
0.29,0.14,0.74,-0.50,-0.02,0.39,-0.17,-2.71,-1.46,0.13,-1.77,1.92,0.17,0.76,-0.00,0.16,0.60,-7.09,4.39,-1.19,0.1006,-7.78,-33.55,-12.44,-12.50,1,1,1,0,37.74,135.55,2.59,5609,5774,6291,5722,1.010,0.00,0.00,-5.66,3.68,2.58,-1.68
322,63560819,20.00,1,3,10.14,1,1,1.00,-2.
17,19.64,-12.37,-9.99,-14.06,5.26,-3.45,15.23,9.36,0.61,-2.40,-0.01,-0.01,0.61,-2.40,2.00,0.29,0.03,0.85,-0.50,0.05,0.61,-0.23,-2.40,-1.44,1.44,0.78,4.56,-5.29,1.68,0.90,0.16,0.61,-3.05,-4.05,0.26,0.0189,25.46,-32.35,-9.99,-14.06,1,1,1,1,37.68,135.62,2.77,5959,5845,62
19,5447,1.010,0.00,0.00,-5.66,3.57,2.45,-1.55
323,63580822,20.00,1,3,10.14,1,1,1.00,-2.12,19.84,-12.08,-7.54,-13.25,5.24,-3.32,13.48,9.55,0.60,-1.96,-0.01,-0.01,0.60,-1.96,1.77,0.29,-0.11,0.86,-0.50,0.06,0.60,-0.34,-1.96,-1.58,0.89,2.80,4.65,-5.31,1.48,1.23,0.16,0.07,1
.61,-10.26,1.55,-0.0918,41.22,-3.72,-7.54,-13.25,1,1,1,1,37.82,135.62,2.01,6078,6049,6032,5279,1.009,0.00,0.00,-5.67,3.45,2.39,-1.45
324,63600818,20.00,1,3,10.14,1,1,1.00,-2.07,19.99,-11.82,-7.54,-13.25,5.23,-3.22,12.61,9.70,0.62,-1.80,-0.01,-0.01,0.62,-1.80,1.65,0.29
,-0.16,0.88,-0.50,0.05,0.62,-0.42,-1.80,-1.77,0.65,2.80,4.89,-0.98,0.39,0.70,0.17,-0.48,2.70,-7.26,0.91,-0.2668,0.00,0.00,-7.54,-13.25,1,0,0,0,37.58,135.75,3.11,5886,6111,5974,5541,1.009,0.00,0.00,-5.66,3.35,2.35,-1.39
325,63620814,20.00,1,3,10.14,1,1,1.00,-2.04,20.14,
-11.55,-6.90,-12.13,5.22,-3.12,11.86,9.24,0.50,-1.67,-0.01,-0.01,0.50,-1.67,1.55,0.29,-0.18,0.83,-0.50,0.01,0.50,-0.42,-1.67,-1.82,-0.28,2.58,3.36,1.49,0.30,0.43,0.17,-0.30,3.03,-1.74,-0.04,-0.2347,0.00,0.00,-6.90,-12.13,1,1,1,0,37.78,135.71,2.02,5691,5991,6081,5625,1.0
09,0.00,0.00,-5.66,3.25,2.31,-1.33
326,63640824,20.01,1,3,10.15,1,1,1.00,-1.99,20.28,-11.31,-9.37,-11.20,5.21,-3.03,12.80,8.62,0.38,-1.97,-0.01,-0.01,0.38,-1.97,1.68,0.29,-0.07,0.78,-0.50,-0.03,0.38,-0.34,-1.97,-1.68,-0.93,-0.11,1.53,5.59,-0.48,-0.28,0.17,-0.36,-1.02,11.35,-2.24,-0.0743,-36.58,-0.
98,-9.37,-11.20,1,1,1,0,37.38,135.85,4.04,5381,5774,6241,6099,1.008,0.00,0.00,-5.65,3.15,2.27,-1.26
327,63660830,20.01,1,3,10.15,1,1,1.00,-1.93,20.47,-11.09,-11.95,-10.58,5.14,-2.90,14.60,8.10,0.29,-2.43,-0.01,-0.01,0.29,-2.43,1.91,0.30,0.08,0.73,-0.50,-0.06,0.29,-0.25,-2.43
,-1.41,-1.16,-2.80,0.54,4.17,-0.08,-0.33,0.17,0.09,-6.99,14.26,-2.54,-0.0515,-66.50,-3.60,-11.95,-10.58,1,1,1,1,37.23,135.98,4.69,5341,5629,6280,6032,1.008,0.00,0.00,-5.65,3.06,2.16,-1.17
328,63680830,20.00,1,3,10.15,1,1,1.00,-1.88,20.71,-10.88,-11.74,-11.30,5.02,-2.7
6,15.29,8.31,0.35,-2.55,-0.01,-0.01,0.35,-2.55,2.00,0.30,0.12,0.75,-0.50,-0.03,0.35,-0.20,-2.55,-1.19,-0.36,-2.56,1.40,1.04,0.46,-0.06,0.17,0.35,-8.40,7.51,-1.54,0.0150,-9.33,-19.37,-11.74,-11.30,1,1,1,0,37.23,135.90,4.55,5469,5726,6252,5754,1.008,0.00,0.00,-5.65,2.97,2
.00,-1.05
329,63700830,20.00,1,3,10.16,1,1,1.00,-1.83,20.94,-10.65,-9.20,-13.84,4.92,-2.62,14.13,9.83,0.67,-2.21,-0.01,-0.01,0.67,-2.21,1.85,0.30,0.00,0.89,-0.50,0.07,0.67,-0.24,-2.21,-1.15,1.68,0.43,5.20,-4.35,1.47,0.72,0.17,0.58,-3.95,-3.65,0.24,0.0015,46.18,-52.02,
-9.20,-13.84,1,1,1,1,37.21,135.96,4.49,5907,5759,6084,5454,1.007,0.00,0.00,-5.65,2.87,1.85,-0.94
330,63720832,20.00,1,3,10.16,1,1,1.00,-1.77,21.13,-10.37,-6.67,-16.08,4.88,-2.51,12.16,11.77,1.01,-1.75,-0.01,-0.01,1.01,-1.75,1.59,0.30,-0.15,1.06,-0.50,0.18,1.0
1,-0.35,-1.75,-1.30,2.80,2.80,8.65,-5.78,1.81,1.37,0.17,0.25,1.37,-11.24,1.69,0.0032,75.31,-41.52,-6.67,-16.08,1,1,1,1,36.80,136.19,6.53,6104,5940,5970,5180,1.007,0.00,0.00,-5.65,2.77,1.77,-0.87
331,63740835,20.00,1,3,10.16,1,1,1.00,-1.72,21.26,-10.05,-4.15,-15.12,4.90
,-2.43,9.90,12.12,1.00,-1.31,-0.01,-0.01,1.00,-1.31,1.30,0.30,-0.29,1.09,-0.50,0.17,1.00,-0.45,-1.31,-1.53,1.74,2.80,8.05,-3.34,1.43,1.50,0.18,-0.26,3.49,-9.46,1.24,-0.1132,61.48,-4.24,-4.15,-15.12,1,1,1,1,37.00,136.21,5.28,5942,5871,5922,5239,1.006,0.00,0.00,-5.66,2.6
7,1.76,-0.83
332,63760837,20.00,1,3,10.17,1,1,1.00,-1.67,21.34,-9.75,-3.82,-13.91,4.94,-2.36,8.76,11.62,0.86,-1.13,-0.01,-0.01,0.86,-1.13,1.15,0.30,-0.32,1.05,-0.49,0.10,0.86,-0.46,-1.13,-1.63,0.24,2.80,5.85,3.91,-0.08,0.52,0.19,-0.78,4.39,-0.35,-0.40,-0.2471,0.00,0.0
0,-3.82,-13.91,1,1,1,0,37.03,136.26,4.91,5564,5869,5954,5692,1.006,0.00,0.00,-5.65,2.58,1.78,-0.82
333,63780832,20.00,1,3,10.17,1,1,1.00,-1.61,21.42,-9.47,-5.91,-12.94,4.97,-2.30,9.46,10.92,0.70,-1.34,-0.01,-0.01,0.70,-1.34,1.24,0.30,-0.20,0.99,-0.49,0.04,0.7
0,-0.33,-1.34,-1.54,-0.79,0.52,3.45,8.35,-0.63,-0.31,0.19,-0.50,1.15,9.06,-1.60,-0.1181,-29.91,-1.74,-5.91,-12.94,1,1,1,0,37.12,136.29,4.28,5356,5772,6027,5944,1.005,0.00,0.00,-5.65,2.50,1.80,-0.80
334,63800834,20.00,1,3,10.17,1,1,1.00,-1.55,21.54,-9.21,-8.39,-10.71,4
.95,-2.22,11.22,9.44,0.40,-1.78,-0.01,-0.01,0.40,-1.78,1.47,0.30,-0.03,0.85,-0.49,-0.06,0.40,-0.17,-1.78,-1.30,-2.35,-2.35,-0.53,7.23,-0.20,-0.47,0.18,0.09,-3.87,12.92,-2.14,0.1005,-55.77,15.00,-8.39,-10.71,1,1,1,1,37.14,136.34,4.02,5359,5650,6163,5975,1.004,0.00,0.00,-
5.64,2.41,1.76,-0.75
335,63820839,20.00,1,3,10.17,1,1,1.00,-1.49,21.71,-9.00,-8.07,-13.20,4.88,-2.12,11.73,10.25,0.61,-1.88,-0.01,-0.01,0.61,-1.88,1.54,0.30,0.02,0.93,-0.49,-0.00,0.61,-0.08,-1.88,-1.07,-0.23,-2.14,2.10,1.46,0.41,-0.25,0.18,0.48,-5.13,9.01,-1.56,0.1038
,-4.28,-82.64,-8.07,-13.20,1,1,1,1,37.45,136.26,2.30,5506,5661,6181,5810,1.004,0.00,0.00,-5.64,2.34,1.65,-0.68
336,63840838,20.00,1,3,10.17,1,1,1.00,-1.43,21.87,-8.73,-5.59,-15.67,4.83,-2.03,10.47,12.04,0.96,-1.59,-0.01,-0.01,0.96,-1.59,1.37,0.30,-0.08,1.09,-0.49,0.11,
0.96,-0.12,-1.59,-0.97,1.98,0.36,6.43,-4.86,1.81,0.87,0.18,0.75,-1.67,0.39,-0.12,0.0513,30.73,-58.90,-5.59,-15.67,1,1,1,1,37.55,136.25,1.73,5931,5697,6206,5484,1.004,0.00,0.00,-5.63,2.25,1.56,-0.62
337,63860838,20.00,1,3,10.17,1,1,1.00,-1.37,21.98,-8.42,-3.1
2,-17.58,4.83,-1.95,8.49,13.92,1.28,-1.20,-0.01,-0.01,1.28,-1.20,1.11,0.30,-0.22,1.26,-0.49,0.21,1.28,-0.25,-1.20,-1.04,2.80,2.66,9.50,-7.15,2.21,1.70,0.19,0.32,2.13,-6.88,1.35,0.0143,55.37,-39.80,-3.12,-17.58,1,1,1,1,37.64,136.23,1.25,6200,5841,6070,5261,1.004,0.00,0.00,-5.6
3,2.16,1.55,-0.59
338,63880827,19.99,1,3,10.17,1,1,1.00,-1.32,22.04,-8.07,-0.65,-16.45,4.89,-1.88,6.27,14.06,1.23,-0.78,-0.01,-0.01,1.23,-0.78,0.82,0.30,-0.35,1.27,-0.49,0.18,1.23,-0.35,-0.78,-1.17,1.48,2.80,8.42,-2.94,1.46,1.55,0.20,-0.30,4.04,-6.75,1.18,-0.2176,46.89
,-3.27,-0.65,-16.45,1,1,1,1,37.69,136.22,0.99,6081,5941,6014,5385,1.005,0.00,0.00,-5.63,2.06,1.59,-0.58
339,63900842,20.01,1,3,10.17,1,1,1.00,-1.26,22.05,-7.74,1.41,-15.40,4.97,-1.83,4.21,13.51,1.08,-0.42,-0.01,-0.01,1.08,-0.42,0.55,0.30,-0.44,1.22,-0.49,0.11,1.08,-0.3
1,-0.42,-1.21,0.03,2.80,6.02,5.86,-0.42,0.32,0.20,-0.93,5.58,1.88,-0.64,0.0159,25.44,-3.10,1.41,-15.40,1,1,1,0,37.59,136.25,1.57,5624,5931,5991,5902,1.005,0.00,0.00,-5.63,1.97,1.67,-0.58
340,63920844,20.00,1,3,10.17,1,1,1.00,-1.19,22.03,-7.43,0.23,-12.93,5.07,-1.79,4.
13,11.88,0.73,-0.49,-0.01,-0.01,0.73,-0.49,0.54,0.30,-0.35,1.07,-0.49,-0.02,0.73,-0.15,-0.49,-1.08,-2.08,1.39,1.29,10.21,-0.82,-0.52,0.20,-0.49,3.27,10.11,-1.45,-0.1181,-13.52,35.31,0.23,-12.93,1,1,1,1,37.65,136.22,1.26,5468,5845,6012,6067,1.005,0.00,0.00,-5.61,1.89,1.
77,-0.60
341,63940831,19.99,1,3,10.17,1,1,1.00,-1.14,22.02,-7.17,-1.73,-10.47,5.14,-1.75,5.31,9.82,0.35,-0.81,-0.01,-0.01,0.35,-0.81,0.70,0.30,-0.19,0.89,-0.49,-0.14,0.35,0.00,-0.81,-0.89,-2.80,-1.03,-1.70,8.31,-0.68,-0.88,0.19,0.00,-0.77,13.64,-1.89,0.0501,-24.76,21
.31,-1.73,-10.47,1,1,1,1,37.72,136.19,0.87,5404,5808,6128,6084,1.005,0.00,0.00,-5.60,1.82,1.83,-0.60
342,63960848,20.02,1,3,10.17,1,1,1.00,-1.11,22.06,-6.96,-0.67,-12.93,5.14,-1.70,5.17,10.39,0.54,-0.82,-0.01,-0.01,0.54,-0.82,0.68,0.30,-0.17,0.94,-0.49,-0.08,0.54,0.08
,-0.82,-0.68,-0.65,-0.73,0.80,3.43,0.03,-0.64,0.19,0.48,-1.15,13.92,-2.19,-0.1617,11.78,-43.74,-0.67,-12.93,1,1,1,1,37.91,136.08,-0.09,5417,5736,6322,5988,1.005,0.00,0.00,-5.57,1.76,1.83,-0.58
343,63980846,20.00,1,3,10.17,1,1,1.00,-1.06,22.07,-6.71,1.20,-15.39,5.18,-1
.65,4.02,12.08,0.89,-0.61,-0.01,-0.01,0.89,-0.61,0.53,0.30,-0.22,1.09,-0.49,0.04,0.89,0.00,-0.61,-0.53,1.70,0.79,5.09,-8.69,2.58,1.18,0.19,1.19,0.51,1.90,0.54,-0.0034,23.16,-64.97,1.20,-15.39,1,1,1,1,37.65,136.13,1.34,6214,5709,6248,5392,1.005,0.00,0.00,-5.56,1.69,1.86,
-0.57
344,64000848,20.00,1,3,10.16,1,1,1.00,-0.99,22.04,-6.40,3.66,-14.49,5.27,-1.60,2.18,12.25,0.88,-0.27,-0.01,-0.01,0.88,-0.27,0.29,0.30,-0.32,1.11,-0.49,0.05,0.88,-0.22,-0.27,-0.59,1.05,2.59,5.59,-11.86,2.78,2.12,0.20,0.45,3.59,-6.39,1.59,-0.1288,53.11,-3.94,3.66,
-14.49,1,1,1,1,38.01,135.99,-0.57,6353,5779,6093,5200,1.005,0.00,0.00,-5.54,1.61,1.95,-0.57
345,64020851,20.00,1,3,10.16,1,1,1.00,-0.93,21.97,-6.11,6.12,-14.60,5.40,-1.57,0.06,12.39,0.89,0.10,-0.01,-0.01,0.89,0.10,0.01,0.30,-0.42,1.12,-0.49,0.04,0.89,-0.41,0.10,-0.72,
0.78,2.80,6.33,-5.62,0.94,1.40,0.21,-0.67,5.86,-5.14,0.96,-0.2674,44.34,-15.95,6.12,-14.60,1,1,1,1,37.96,135.99,-0.25,6025,6035,6031,5524,1.005,0.00,0.00,-5.51,1.53,2.09,-0.58
346,64040851,20.00,1,3,10.16,1,1,1.00,-0.89,21.85,-5.82,6.46,-12.80,5.56,-1.55,0.00,11.41,0.
68,0.03,-0.01,-0.01,0.68,0.03,0.00,0.30,-0.34,1.03,-0.49,-0.03,0.68,-0.44,0.03,-0.75,-0.80,1.39,3.84,3.10,-0.25,0.40,0.21,-0.87,4.20,3.64,-0.60,-0.2087,10.43,8.41,6.46,-12.80,1,1,1,0,38.12,135.90,-1.01,5644,5993,6085,5868,1.006,0.00,0.00,-5.48,1.46,2.27,-0.61

347,64060852,20.00,1,3,10.15,1,1,1.00,-0.85,21.72,-5.56,4.37,-10.34,5.72,-1.53,0.01,9.61,0.34,-0.04,-0.01,-0.01,0.34,-0.04,0.00,0.30,-0.27,0.87,-0.48,-0.13,0.34,-0.32,-0.04,-0.60,-2.62,0.48,-0.45,7.50,-0.72,-0.46,0.21,-0.47,2.30,11.37,-1.86,0.0641,-20.07,33.63,4.37,-10.34,1,
1,1,1,38.06,135.89,-0.68,5456,5887,6190,6137,1.006,0.00,0.00,-5.45,1.39,2.45,-0.63
348,64080854,20.00,1,3,10.15,1,1,1.00,-0.80,21.63,-5.35,4.40,-8.95,5.82,-1.50,0.45,8.07,0.09,-0.18,-0.01,-0.01,0.09,-0.18,0.06,0.30,-0.18,0.73,-0.48,-0.20,0.09,-0.19,-0.18,-0.
35,-2.80,-0.58,-1.94,5.25,-0.39,-0.71,0.21,0.11,-0.05,13.21,-1.79,0.1617,4.78,7.41,4.40,-8.95,1,1,1,0,38.06,135.86,-0.61,5482,5867,6236,6058,1.007,0.00,0.00,-5.41,1.34,2.56,-0.63
349,64100855,20.00,1,3,10.15,1,1,1.00,-0.77,21.54,-5.17,6.36,-11.40,5.91,-1.48,0.00,8.82,0
.31,-0.12,-0.01,-0.01,0.31,-0.12,0.00,0.30,-0.18,0.80,-0.48,-0.12,0.31,-0.15,-0.12,-0.13,-0.42,-0.03,1.08,-2.71,1.11,0.10,0.21,0.80,-0.01,8.53,-0.90,0.1328,29.27,-49.38,6.36,-11.40,1,1,1,1,37.99,135.87,-0.21,5779,5805,6334,5723,1.007,0.00,0.00,-5.36,1.29,2.66,-0.64
35
0,64120851,20.00,1,3,10.15,1,1,1.00,-0.74,21.42,-4.95,6.36,-11.40,6.05,-1.45,0.00,9.15,0.39,-0.16,-0.01,-0.01,0.39,-0.16,0.00,0.30,-0.14,0.83,-0.48,-0.07,0.39,-0.28,-0.16,-0.05,0.19,-0.24,2.39,-9.11,2.25,1.27,0.21,0.75,-0.60,0.55,0.52,0.1303,0.00,0.00,6.36,-11.40,1,0,0
,0,38.29,135.74,-1.72,6108,5832,6287,5377,1.007,0.00,0.00,-5.32,1.23,2.82,-0.65
351,64140859,20.01,1,3,10.15,1,1,1.00,-0.71,21.29,-4.72,8.98,-14.03,6.19,-1.43,-1.22,10.78,0.73,0.13,-0.01,-0.01,0.73,0.13,-0.16,0.30,-0.21,0.97,-0.48,0.04,0.73,-0.49,0.13,-0.10,2.23,1.62,
7.38,-9.82,1.71,1.52,0.22,-0.04,2.36,-3.51,0.53,-0.0355,51.59,-92.95,8.98,-14.03,1,1,1,1,38.10,135.78,-0.68,6077,5943,6255,5486,1.007,0.00,0.00,-5.27,1.17,2.97,-0.66
352,64160860,20.00,1,3,10.15,1,1,1.00,-0.69,21.11,-4.44,11.58,-14.26,6.39,-1.39,-3.23,11.60,0.86,0.59,-
0.01,-0.01,0.86,0.59,-0.42,0.30,-0.32,1.05,-0.48,0.09,0.86,-0.60,0.59,-0.16,2.21,2.80,8.54,-4.45,1.39,1.48,0.22,-0.32,5.39,-2.34,0.49,-0.0891,41.61,-16.79,11.58,-14.26,1,1,1,1,38.41,135.64,-2.16,5987,5973,6211,5492,1.008,0.00,0.00,-5.22,1.10,3.20,-0.67
353,64
180848,19.99,1,3,10.14,1,1,1.00,-0.67,20.88,-4.15,11.46,-12.33,6.65,-1.37,-3.87,10.89,0.67,0.65,-0.01,-0.01,0.67,0.65,-0.51,0.30,-0.31,0.98,-0.48,0.03,0.67,-0.62,0.65,-0.16,0.31,2.21,5.82,2.50,0.32,0.75,0.23,-0.67,5.18,2.31,-0.04,-0.1428,10.14,9.14,11.46,-12.33,1,1,1,0
,38.20,135.64,-1.05,5844,6059,6152,5770,1.008,0.00,0.00,-5.16,1.03,3.49,-0.69
354,64200862,20.01,1,3,10.14,1,1,1.00,-0.63,20.65,-3.91,10.13,-9.77,6.88,-1.35,-3.26,9.18,0.33,0.42,-0.01,-0.01,0.33,0.42,-0.43,0.29,-0.20,0.83,-0.48,-0.09,0.33,-0.45,0.42,-0.01,-1.90,0.03,0.
90,11.18,-1.26,-0.67,0.23,-0.81,1.41,10.78,-1.60,0.0355,-4.85,59.15,10.13,-9.77,1,1,1,1,38.31,135.51,-1.56,5429,6007,6096,6183,1.008,0.00,0.00,-5.09,0.96,3.75,-0.71
355,64220865,20.00,1,3,10.14,1,1,1.00,-0.61,20.45,-3.71,7.59,-8.94,7.06,-1.32,-1.47,7.99,0.14,-0.07,-0.
01,-0.01,0.14,-0.07,-0.19,0.29,-0.02,0.72,-0.48,-0.14,0.14,-0.25,-0.07,0.22,-2.38,-2.80,-1.14,7.73,-0.37,-0.85,0.22,0.26,-3.70,12.49,-1.90,0.1661,-39.27,0.41,7.59,-8.94,1,1,1,1,38.18,135.51,-0.78,5470,5915,6320,6070,1.009,0.00,0.00,-5.02,0.91,3.96,-0.72
356,64240864,20
.00,1,3,10.14,1,1,1.00,-0.60,20.30,-3.53,8.64,-11.47,7.18,-1.29,-1.20,8.86,0.38,-0.10,-0.01,-0.01,0.38,-0.10,-0.16,0.29,0.00,0.80,-0.48,-0.06,0.38,-0.18,-0.10,0.38,-0.09,-1.99,1.70,0.20,0.84,-0.17,0.22,0.78,-3.51,8.36,-1.48,-0.0203,20.58,-60.03,8.64,-11.47,1,1,1,1,38.4
5,135.37,-2.09,5613,5847,6460,5783,1.009,0.00,0.00,-4.94,0.86,4.09,-0.71
357,64260867,20.00,1,3,10.13,1,1,1.00,-0.58,20.12,-3.30,11.15,-13.98,7.32,-1.24,-2.38,10.63,0.74,0.23,-0.01,-0.01,0.74,0.23,-0.31,0.29,-0.09,0.96,-0.48,0.06,0.74,-0.30,0.23,0.43,2.14,0.67,6.3
8,-10.52,2.93,1.52,0.22,1.15,0.03,-2.45,0.72,0.0870,64.34,-85.79,11.15,-13.98,1,1,1,1,38.31,135.36,-1.32,6326,5788,6371,5363,1.009,0.00,0.00,-4.87,0.80,4.26,-0.70
358,64280868,20.00,1,3,10.14,1,1,1.00,-0.54,19.90,-3.02,13.66,-16.49,7.53,-1.18,-4.15,12.79,1.13,0.65,-0.0
1,-0.01,1.13,0.65,-0.54,0.29,-0.21,1.16,-0.48,0.19,1.13,-0.53,0.65,0.29,2.80,2.80,10.13,-10.74,2.48,2.14,0.23,0.08,3.97,-9.81,1.95,0.0036,72.21,-52.84,13.66,-16.49,1,1,1,1,38.48,135.27,-2.05,6365,6034,6174,5198,1.010,0.00,0.00,-4.79,0.73,4.49,-0.68
359,64300869,20.00,1
,3,10.13,1,1,1.00,-0.52,19.63,-2.69,16.15,-16.45,7.78,-1.10,-6.14,13.78,1.25,1.10,-0.01,-0.01,1.25,1.10,-0.80,0.29,-0.32,1.24,-0.48,0.21,1.25,-0.66,1.10,0.08,2.51,2.80,11.07,-1.64,0.86,1.47,0.24,-0.86,6.97,-7.48,1.24,-0.2922,54.19,-15.98,16.15,-16.45,1,1,1,1,38.17,135.
35,-0.49,6074,6183,6082,5520,1.010,0.00,0.00,-4.70,0.64,4.78,-0.66
360,64320867,20.00,1,3,10.13,1,1,1.00,-0.49,19.30,-2.36,14.92,-13.96,8.06,-1.01,-6.24,12.98,1.01,1.02,-0.01,-0.01,1.01,1.02,-0.82,0.29,-0.26,1.17,-0.48,0.12,1.01,-0.58,1.02,-0.01,0.17,1.33,7.14,10.41,-
0.91,0.08,0.25,-1.23,5.54,0.22,0.16,-0.2497,0.62,72.72,14.92,-13.96,1,1,1,1,38.12,135.36,-0.17,5671,6222,5940,5868,1.010,0.00,0.00,-4.60,0.56,5.10,-0.62
361,64340870,20.00,1,3,10.13,1,1,1.00,-0.47,19.00,-2.08,12.43,-11.48,8.28,-0.93,-4.87,11.37,0.67,0.61,-0.0
1,-0.01,0.67,0.61,-0.64,0.29,-0.10,1.03,-0.47,-0.01,0.67,-0.35,0.61,0.05,-1.99,-1.66,2.16,14.34,-1.16,-0.90,0.24,-0.49,0.11,8.01,-1.35,-0.2051,-25.88,53.09,12.43,-11.48,1,1,1,1,37.96,135.41,0.69,5446,6034,6083,6108,1.010,0.00,0.00,-4.50,0.49,5.37,-0.59
362,64360873,2
0.00,1,3,10.13,1,1,1.00,-0.44,18.76,-1.85,9.96,-9.68,8.44,-0.86,-2.86,9.73,0.36,0.10,-0.01,-0.01,0.36,0.10,-0.37,0.29,0.07,0.88,-0.47,-0.11,0.36,-0.08,0.10,0.27,-2.80,-2.80,-1.40,12.31,-0.93,-1.27,0.24,0.11,-3.35,12.31,-2.26,0.1119,-57.97,11.15,9.96,-9.68,1,1,1,1,38.19
,135.31,-0.46,5301,5897,6249,6142,1.010,0.00,0.00,-4.40,0.43,5.55,-0.55
363,64380875,20.00,1,3,10.13,1,1,1.00,-0.43,18.56,-1.66,9.29,-12.15,8.54,-0.78,-1.50,10.22,0.54,-0.19,-0.01,-0.01,0.54,-0.19,-0.20,0.29,0.16,0.92,-0.47,-0.06,0.54,0.07,-0.19,0.46,-0.77,-2.80,0.71
,2.56,0.63,-0.49,0.23,0.89,-4.95,7.17,-1.14,0.0893,1.55,-56.79,9.29,-12.15,1,1,1,1,38.22,135.29,-0.58,5677,5875,6343,5813,1.010,0.00,0.00,-4.29,0.38,5.67,-0.51
364,64400874,20.00,1,3,10.13,1,1,1.00,-0.41,18.37,-1.42,11.76,-14.62,8.62,-0.68,-2.04,11.75,0.86,0.03,-0.01,
-0.01,0.86,0.03,-0.27,0.29,0.09,1.06,-0.47,0.05,0.86,0.04,0.03,0.48,1.46,-0.48,4
.46,-5.84,2.04,0.82,0.23,0.97,-1.93,-3.95,0.70,0.0598,61.95,-93.04,11.76,-14.62,1,1,1,1,38.26,135.26,-0.74,6117,5931,6285,5391,1.010,0.00,0.00,-4.18,0.32,5.77,-0.45
365,64420876,20.00,1,3,10.13,1,1,1.00,-0.39,18.14,-1.13,14.23,-17.09,8.74,-0.56,-3.47,13.77,1.23,0.42,-0
.01,-0.01,1.23,0.42,-0.46,0.29,-0.04,1.24,-0.47,0.17,1.23,-0.13,0.42,0.31,2.80,2.08,8.67,-8.94,2.26,1.67,0.24,0.33,2.43,-11.50,1.95,-0.0772,62.25,-48.92,14.23,-17.09,1,1,1,1,38.07,135.33,0.30,6311,6075,6158,5200,1.010,0.00,0.00,-4.06,0.25,5.91,-0.37
366,64440864,19.99,
1,3,10.13,1,1,1.00,-0.39,17.85,-0.78,16.69,-15.78,8.89,-0.40,-5.31,14.19,1.22,0.87,-0.01,-0.01,1.22,0.87,-0.70,0.29,-0.17,1.28,-0.47,0.16,1.22,-0.25,0.87,0.10,1.77,2.80,8.16,-4.75,1.80,1.67,0.25,-0.14,5.49,-12.58,2.16,-0.3770,60.63,-0.42,16.69,-15.78,1,1,1,1,
38.25,135.26,-0.66,6196,6195,6100,5153,1.010,0.00,0.00,-3.94,0.17,6.09,-0.27

367,64460879,20.01,1,3,10.13,1,1,1.00,-0.39,17.52,-0.47,17.19,-13.58,9.04,-0.25,-6.37,13.41,1.00,1.07,-0.01,-0.01,1.00,1.07,-0.83,0.29,-0.22,1.21,-0.47,0.08,1.00,-0.26,1.07,-0.06,-0.18,2.80,5.18,7.57,-1.06,0.07,0.25,-1.37,7.47,-1.62,-0.18,-0.5502,22.99,12.08,17.19,-13.58,1,1,1,
0,38.03,135.31,0.55,5618,6208,5975,5943,1.010,0.00,0.00,-3.82,0.10,6.29,-0.17
368,64480880,20.00,1,3,10.13,1,1,1.00,-0.35,17.17,-0.20,14.73,-11.12,9.18,-0.11,-5.67,11.92,0.69,0.80,-0.01,-0.01,0.69,0.80,-0.74,0.29,-0.12,1.08,-0.47,-0.03,0.69,-0.03,0.80,0.02,-2.06,0.21,
0.41,14.41,-1.68,-1.15,0.25,-0.76,3.02,9.42,-1.38,-0.1652,-57.95,53.69,14.73,-11.12,1,1,1,1,38.12,135.27,0.12,5387,6061,5982,6196,1.010,0.00,0.00,-3.69,0.04,6.47,-0.07
369,64500864,19.98,1,3,10.13,1,1,1.00,-0.33,16.88,0.03,13.57,-9.41,9.26,0.01,-4.72,10.40,0.41,0.55,-0.01,-0.01,0.41,0.55,-0.62,0.29
,-0.02,0.94,-0.47,-0.12,0.41,0.18,0.55,0.20,-2.80,-1.44,-2.07,11.62,-1.01,-1.40,0.24,0.15,-0.33,13.81,-2.08,0.0194,0.06,10.61,13.57,-9.41,1,1,1,0,37.99,135.32,0.83,5339,5948,6229,6156,1.010,0.00,0.00,-3.56,-0.01,6.58,0.01
370,64520881,20.02,1,3,10.13,1,1,1.00,-0.33,16
.61,0.21,11.12,-9.50,9.32,0.12,-3.07,9.70,0.33,0.12,-0.01,-0.01,0.33,0.12,-0.40,0.29,0.11,0.88,-0.47,-0.14,0.33,0.29,0.12,0.44,-2.31,-2.80,-2.18,1.52,0.80,-0.45,0.24,1.00,-3.81,10.90,-1.37,-0.1308,-44.30,-10.50,11.12,-9.50,1,1,1,1,38.00,135.30,0.79,5606,5834,6406,5756,1
.010,0.00,0.00,-3.42,-0.04,6.67,0.09
371,64540884,20.00,1,3,10.13,1,1,1.00,-0.32,16.39,0.40,11.06,-11.06,9.35,0.24,-2.14,10.08,0.46,-0.05,-0.01,-0.01,0.46,-0.05,-0.28,0.29,0.16,0.91,-0.47,-0.09,0.46,0.20,-0.05,0.54,-0.68,-2.80,0.17,-8.68,2.09,0.81,0.24,1.02,-4.67,-0.82
,0.46,0.0213,10.43,-29.36,11.06,-11.06,1,1,1,0,37.77,135.39,2.00,6070,5855,6287,5397,1.010,0.00,0.00,-3.29,-0.08,6.72,0.17
372,64560885,20.00,1,3,10.14,1,1,1.00,-0.31,16.16,0.63,13.52,-12.60,9.37,0.37,-2.73,11.03,0.68,0.18,-0.01,-0.01,0.68,0.18,-0.36,0.29,0.08,1.00,-0
.47,-0.01,0.68,-0.02,0.18,0.41,0.84,-0.42,3.20,-11.53,2.03,1.46,0.24,0.30,-1.14,-10.02,1.42,-0.1446,50.43,-30.66,13.52,-12.60,1,1,1,1,38.04,135.33,0.58,6135,5983,6145,5226,1.010,0.00,0.00,-3.15,-0.12,6.76,0.26
373,64580885,20.00,1,3,10.14,1,1,1.00,-0.31,15.89,0.88,12.
45,-12.74,9.40,0.53,-2.56,11.68,0.78,0.13,-0.01,-0.01,0.78,0.13,-0.34,0.29,0.08,1.05,-0.46,0.03,0.78,-0.22,0.13,0.16,1.20,-0.58,5.28,-6.61,1.04,1.22,0.25,-0.44,-0.67,-12.49,1.68,-0.2878,-0.08,-14.45,12.45,-12.74,1,1,1,0,37.84,135.43,1.61,6056,6202,6035,5338,1.010,0.00,
0.00,-3.01,-0.17,6.81,0.38
374,64600887,20.00,1,3,10.14,1,1,1.00,-0.30,15.64,1.13,13.86,-10.29,9.41,0.69,-3.08,11.02,0.60,0.29,-0.01,-0.01,0.60,0.29,-0.40,0.29,0.02,1.00,-0.46,-0.02,0.60,-0.29,0.29,-0.07,-0.32,0.63,3.10,1.13,-0.02,0.52,0.25,-0.79,1.78,-7.50,0.28,-0.254
9,30.41,28.82,13.86,-10.29,1,1,1,1,37.95,135.42,1.05,5735,6103,6023,5666,1.009,0.00,0.00,-2.87,-0.21,6.84,0.50
375,64620890,20.00,1,3,10.14,1,1,1.00,-0.29,15.37,1.34,12.78,-7.86,9.42,0.84,-2.88,9.66,0.32,0.22,-0.01,-0.01,0.32,0.22,-0.38,0.29,0.03,0.87,-0.46,-
0.10,0.32,-0.22,0.22,-0.14,-1.91,-0.02,-0.15,5.39,-0.54,-0.29,0.25,-0.51,1.15,-0.25,-0.52,-0.1003,0.10,20.74,12.78,-7.86,1,1,1,0,37.78,135.51,1.94,5586,6067,6061,5868,1.009,0.00,0.00,-2.73,-0.24,6.88,0.60
376
,64640884,19.99,1,3,10.14,1,1,1.00,-0.27,15.11,1.50,12.78,-7.86,9.42,0.95,-2.76,8.95,0.24,0.21,-0.01,-0.01,0.24,0.21,-0.36,0.29,0.04,0.81,-0.46,-0.12,0.24,-0.11,0.21,-0.10,-1.79,-0.12,-0.68,5.21,-0.46,-0.67,0.25,-0.04,0.85,4.47,-1.02,-0.0031,0.00,0.00,12.78,-7.86,1,0,0,
0,37.73,135.56,2.21,5484,5993,6141,5875,1.009,0.00,0.00,-2.59,-0.26,6.90,0.68
377,64660893,20.01,1,3,10.14,1,1,1.00,-0.27,14.86,1.65,10.15,-7.18,9.41,1.07,-1.58,8.31,0.14,-0.11,-0.01,-0.01,0.14,-0.11,-0.21,0.29,0.12,0.75,-0.46,-0.14,0.14,-0.05,-0.11,-0.01,-1.73,-2.02,-1.11,0
.78,0.54,-0.18,0.25,0.47,-2.33,4.39,-0.60,0.0308,-39.81,0.19,10.15,-7.18,1,1,1,1,37.65,135.64,2.50,5672,5903,6202,5688,1.009,0.00,0.00,-2.45,-0.27,6.92,0.77
378,64680891,20.00,1,3,10.15,1,1,1.00,-0.26,14.65,1.80,9.30,-8.77,9.40,1.17,-0.55,8.66,0.27,-0.33,-0.01,-0.01,0
.27,-0.33,-0.07,0.29,0.17,0.78,-0.46,-0.09,0.27,-0.08,-0.33,0.04,-0.33,-2.63,0.81,-3.92,1.07,0.35,0.25,0.46,-3.80,2.57,-0.71,-0.1418,-0.12,-26.25,9.30,-8.77,1,1,1,0,37.86,135.60,1.36,5688,5835,6305,5595,1.008,0.00,0.00,-2.31,-0.28,6.92,0.85
379,64700893,20.00,1,3,10.15
,1,1,1.00,-0.26,14.47,1.97,8.52,-10.43,9.38,1.30,0.00,9.61,0.49,-0.43,-0.01,-0.01,0.49,-0.43,0.00,0.29,0.18,0.87,-0.46,-0.01,0.49,-0.19,-0.43,0.02,1.10,-2.34,3.37,-6.32,1.39,0.89,0.25,0.23,-3.77,-4.54,0.57,-0.0583,-0.13,-28.99,8.52,-10.43,1,1,1,0,37.64,135.69,2.42,5958
,5959,6176,5442,1.008,0.00,0.00,-2.16,-0.29,6.91,0.94
380,64720895,20.00,1,3,10.15,1,1,1.00,-0.25,14.30,2.18,11.08,-9.60,9.36,1.46,-0.19,9.87,0.51,-0.28,-0.01,-0.01,0.51,-0.28,-0.03,0.29,0.13,0.89,-0.46,0.01,0.51,-0.29,-0.28,-0.13,0.83,-0.59,3.70,-2.66,0.71,0.75,0.26,-
0.31,-1.05,-9.17,0.95,-0.2383,50.10,-0.22,11.08,-9.60,1,1,1,1,37.79,135.68,1.61,5893,6068,6003,5455,1.008,0.00,0.00,-2.02,-0.31,6.90,1.05
381,64740894,20.00,1,3,10.15,1,1,1.00,-0.23,14.07,2.37,10.18,-7.74,9.34,1.60,-0.14,9.32,0.36,-0.29,-0.01,-0.01,0.36,-0.29,-0.02,0.2
9,0.11,0.84,-0.46,-0.03,0.36,-0.29,-0.29,-0.31,-0.33,-0.45,1.82,3.24,-0.25,0.06,0.26,-0.57,-0.38,-7.91,0.76,-0.2490,0.05,13.21,10.18,-7.74,1,1,1,0,37.77,135.72,1.70,5769,6180,5913,5636,1.008,0.00,0.00,-1.88,-0.32,6.89,1.16
382,64760898,20.00,1,3,10.15,1,1,1.00,-0.22,1
3.87,2.53,10.44,-5.22,9.31,1.73,-0.22,8.00,0.15,-0.24,-0.01,-0.01,0.15,-0.24,-0.03,0.28,0.08,0.72,-0.46,-0.11,0.15,-0.20,-0.24,-0.44,-1.54,-0.01,-0.44,5.91,-0.56,-0.51,0.26,-0.30,0.62,-3.74,-0.07,-0.1255,13.39,38.07,10.44,-5.22,1,1,1,1,37.87,135.71,1.18,5607,6119,5990
,5772,1.008,0.00,0.00,-1.73,-0.32,6.87,1.25
383,64780893,20.00,1,3,10.15,1,1,1.00,-0.20,13.66,2.63,8.68,-4.79,9.29,1.82,0.00,7.10,0.03,-0.32,-0.01,-0.01,0.03,-0.32,0.00,0.28,0.08,0.64,-0.46,-0.14,0.03,-0.11,-0.32,-0.47,-1.71,-0.51,-1.27,3.37,-0.03,-0.47,0.25
,0.20,-0.04,1.11,-0.62,-0.0399,-11.42,0.04,8.68,-4.79,1,1,1,0,37.87,135.71,1.18,5644,5962,6120,5815,1.008,0.00,0.00,-1.59,-0.31,6.87,1.32
384,64800898,20.00,1,3,10.15,1,1,1.00,-0.19,13.49,2.73,6.18,-4.90,9.27,1.91,0.21,6.65,-0.01,-0.40,-0.01,-0.01,-0.01,-0.40,0.03,0.
28,0.08,0.60,-0.46,-0.14,-0.01,-0.08,-0.40,-0.42,-1.36,-0.81,-1.12,0.14,0.40,-0.18,0.25,0.32,-0.74,2.82,-0.67,-0.1142,-26.14,-6.18,6.18,-4.90,1,1,1,1,37.93,135.73,0.88,5685,5909,6192,5757,1.008,0.00,0.00,-1.45,-0.29,6.86,1.39
385,64820898,20.00,1,3,10.15,1,1,1.00,-0.17
,13.37,2.83,5.68,-4.51,9.26,2.00,1.24,6.26,-0.04,-0.60,-0.01,-0.01,-0.04,-0.60,0.16,0.28,0.14,0.57,-0.46,-0.14,-0.04,-0.12,-0.60,-0.38,-1.07,-1.74,-0.81,-2.84,0.75,0.21,0.25,0.28,-2.45,1.48,-0.30,-0.0787,0.00,0.00,5.68,-4.51,1,1,1,0,37.93,135.73,0.88,5799,5908,6186,567
9,1.008,0.00,0.00,-1.31,-0.28,6.84,1.45
386,64840898,20.00,1,3,10.15,1,1,1.00,-0.16,13.25,2.92,5.23,-5.66,9.25,2.07,2.04,6.53,0.03,-0.74,-0.01,-0.01,0.03,-0.74,0.27,0.28,0.18,0.59,-0.46,-0.09,0.03,-0.17,-0.74,-0.37,-0.27,-1.97,0.36,-3.54,0.72,0.34,0.25,0.12,-3.14,-0.61
,-0.24,-0.0337,-0.05,-18.87,5.23,-5.66,1,1,1,0,37.98,135.73,0.62,5777,5948,6201,5648,1.008,0.00,0.00,-1.18,-0.26,6.82,1.50
387,64860898,20.00,1,3,10.15,1,1,1.00,-0.15,13.15,3.03,6.87,-5.44,9.23,2.17,1.83,6.65,0.07,-0.66,-0.01,-0.01,0.07,-0.66,0.24,0.28,0.13,0.60,-0.46,-0.07,
0.07,-0.23,-0.66,-0.42,0.05,-0.80,0.99,-1.35,0.22,0.21,0.26,-0.25,-1.55,-4.79,0.42,-0.5351,25.93,-2.99,6.87,-5.44,1,1,1,0,37.99,135.73,0.62,5808,6104,6051,5638,1.008,0.00,0.00,-1.04,-0.24,6.80,1.57
388,64880902,20.00,1,3,10.15,1,1,1.00,-0.12,13.01,3.14,9.12,-3.57,9.21,
2.26,0.77,5.98,-0.02,-0.35,-0.01,-0.01,-0.02,-0.35,0.10,0.28,0.02,0.54,-0.46,-0.10,-0.02,-0.24,-0.35,-0.54,-0.51,1.37,0.17,1.88,-0.13,-0.11,0.26,-0.28,1.98,-6.22,0.63,-0.2270,35.20,18.25,9.12,-3.57,1,1,1,0,37.92,135.73,1.01,5830,6139,5937,5697,1.008,0.00,0.00,-0.90,-0.
22,6.77,1.63
389,64900901,20.00,1,3,10.15,1,1,1.00,-0.10,12.83,3.21,10.75,-1.09,9.19,2.34,0.00,4.60,-0.21,-0.14,-0.01,-0.01,-0.21,-0.14,0.00,0.28,-0.04,0.42,-0.46,-0.16,-0.21,-0.20,-0.14,-0.64,-1.51,2.20,-1.56,2.91,-0.22,-0.34,0.25,-0.13,3.82,-3.55,0.46,-0.1694,29.72,
36.63,10.75,-1.09,1,1,1,1,37.92,135.73,1.01,5793,6112,5932,5730,1.008,0.00,0.00,-0.76,-0.19,6.76,1.69
390,64920907,20.01,1,3,10.14,1,1,1.00,-0.07,12.61,3.23,9.51,-1.01,9.04,2.36,0.00,3.76,-0.31,-0.18,-0.01,-0.01,-0.31,-0.18,0.00,0.28,-0.04,0.34,-0.46,-0.18,-0.31,-0.15,
-0.18,-0.68,-1.56,1.15,-2.08,2.18,-0.15,-0.47,0.25,0.06,2.73,0.61,-0.04,-0.0302,-4.91,0.01,9.51,-1.01,1,1,1,0,38.07,135.67,0.24,5731,6042,6013,5783,1.008,0.00,0.00,-0.63,-0.16,6.63,1.70
391,64940901,19.99,1,3,10.14,1,1,1.00,-0.04,12.42,3.25,7.05,-0.92,8.44,2.26,0.00,3.
19,-0.36,-0.26,-0.01,-0.01,-0.36,-0.26,0.00,0.28,-0.03,0.29,-0.46,-0.18,-0.36,-0.14,-0.26,-0.62,-1.33,0.25,-2.03,-0.78,0.36,-0.16,0.25,0.26,1.40,4.92,-0.86,-0.0816,-34.57,0.02,7.05,-0.92,1,1,1,1,38.08,135.67,0.24,5738,5860,6180,5870,1.008,0.00,0.00,-0.51,-0.1
3,6.04,1.58
392,64960907,20.01,1,3,10.14,1,1,1.00,-0.00,12.28,3.27,6.49,-0.85,7.85,2.14,0.04,2.78,-0.39,-0.28,-0.01,-0.01,-0.39,-0.28,0.01,0.28,-0.02,0.25,-0.46,-0.17,-0.39,-0.18,-0.28,-0.51,-1.03,0.07,-1.68,-2.92,0.59,0.11,0.25,0.23,0.82,5.30,-0.71,-0.0871,0.00,0.00,
6.49,-0.85,1,1,1,0,38.01,135.70,0.62,5765,5873,6217,5795,1.008,0.00,0.00,-0.40,-0.11,5.46,1.45
393,64980903,20.00,1,3,10.14,1,1,1.00,0.02,12.15,3.29,5.98,-0.78,7.25,2.01,0.20,2.45,-0.40,-0.31,-0.01,-0.01,-0.40,-0.31,0.03,0.28,-0.00,0.22,-0.46,-0.16,-0.40,-0.26,-0.31,-0
.44,-0.76,-0.18,-1.22,-3.72,0.60,0.25,0.25,0.09,0.22,2.01,-0.01,-0.1655,0.00,0.00,5.98,-0.78,1,1,1,0,38.01,135.70,0.62,5839,5966,6126,5683,1.008,0.00,0.00,-0.30,-0.08,4.87,1.32
394,65000911,20.01,1,3,10.14,1,1,1.00,0.05,12.03,3.30,6.68,-0.41,6.66,1.88,0.00,2.05,-0.43,
-0.27,-0.01,-0.01,-0.43,-0.27,0.00,0.28,-0.02,0.19,-0.46,-0.15,-0.43,-0.34,-0.27,-0.44,-0.68,0.14,-0.97,-3.46,0.50,0.28,0.25,-0.03,0.66,-1.60,0.42,-0.0646,14.84,3.99,6.68,-0.41,1,1,1,0,38.10,135.67,0.20,5896,6024,6045,5652,1.009,0.00,0.00,-0.21,-0.06,4.29,1.18
395,6502
0909,20.00,1,3,10.14,1,1,1.00,0.09,11.90,3.31,6.15,2.05,6.07,1.74,0.00,0.78,-0.60,-0.28,-0.01,-0.01,-0.60,-0.28,0.00,0.28,-0.01,0.07,-0.46,-0.20,-0.60,-0.40,-0.28,-0.49,-1.45,0.07,-2.06,-2.38,0.34,0.17,0.25,-0.09,0.74,-2.74,0.45,-0.1623,-0.07,48.45,6.15,2.05,1,1,1,1,38
.10,135.67,0.20,5919,6031,6001,5709,1.009,0.00,0.00,-0.14,-0.04,3.71,1.03
396,65040914,20.00,1,3,10.14,1,1,1.00,0.13,11.78,3.27,5.66,2.79,5.48,1.57,0.00,0.00,-0.68,-0.28,-0.01,-0.01,-0.68,-0.28,0.00,0.28,-0.01,0.00,-0.46,-0.21,-0.68,-0.45,-0.28,-0.54,-1.43,0.03,-2.15,-
1.38,0.03,-0.09,0.25,-0.14,0.87,-2.39,0.27,-0.0786,-0.03,11.42,5.66,2.79,1,1,1,0,38.07,135.69,0.41,5852,6050,5987,5775,1.009,0.00,0.00,-0.08,-0.02,3.13,0.87
397,65060916,20.00,1,3,10.14,1,1,1.00,0.17,11.66,3.21,5.21,5.03,4.89,1.40,0.00,-0.26,-0.67,-0.28,-0.01,-0.01,-0.67,-0.28
,0.00,0.28,-0.01,-0.02,-0.46,-0.18,-0.67,-0.49,-0.28,-0.58,-0.91,0.01,-1.49,-2.49,0.42,0.04,0.25,0.12,0.95,-0.40,-0.15,-0.2143,-0.09,31.32,5.21,5.03,1,1,1,0,37.69,135.87,2.30,5870,5912,6064,5799,1.009,0.00,0.00,-0.02,-0.01,2.55,0.70
398,65080917,20.00,1,3,10.14,1,1
,1.00,0.21,11.56,3.11,4.80,5.14,4.29,0.80,0.00,-1.51,-0.83,-0.28,-0.01,-0.01,-0.83,-0.28,0.00,0.28,-0.01,-0.14,-0.46,-0.23,-0.83,-0.55,-0.28,-0.58,-1.54,-0.01,-2.42,-2.77,0.48,0.16,0.25,0.06,0.93,0.42,-0.14,-0.1249,-0.02,6.47,4.80,5.14,1,1,1,0,38.04,135.74,0.44,5816,587
0,6032,5726,1.009,0.00,0.00,0.00,0.00,0.00,0.00
399,65100915,20.00,1,3,10.14,1,1,1.00,0.26,11.46,3.01,4.41,6.22,3.69,0.65,0.00,-2.73,-0.97,-0.28,-0.01,-0.01,-0.97,-0.28,0.00,0.28,-0.01,-0.25,-0.46,-0.26,-0.97,-0.63,-0.28,-0.56,-1.87,-0.01,-2.98,-3.24,0.35,0.10,0.25,-0
.01,0.89,0.50,-0.04,-0.0783,-0.09,18.84,4.41,6.22,1,1,1,0,38.08,135.72,0.27,5896,5908,6012,5814,1.009,0.00,0.00,0.00,0.00,0.00,0.00
400,65120916,20.00,1,3,10.13,1,1,1.00,0.31,11.37,2.89,4.06,6.65,3.09,0.62,0.00,-3.64,-1.06,-0.28,-0.01,-0.01,-1.06,-0.28,0.00,0
.28,-0.00,-0.33,-0.46,-0.26,-1.06,-0.68,-0.28,-0.57,-1.76,-0.01,-2.97,-2.17,0.05,-0.10,0.25,-0.11,0.89,-0.41,0.10,-0.0587,-0.06,11.65,4.06,6.65,1,1,1,0,38.01,135.76,0.67,5852,6001,5986,5812,1.009,0.00,0.00,0.00,0.00,0.00,0.00
401,65140921,20.00,1,3,10.13,1,1,1.00,0.36
,11.29,2.75,3.85,7.06,2.49,0.59,-0.06,-4.37,-1.12,-0.27,-0.01,-0.01,-1.12,-0.27,-0.01,0.28,-0.01,-0.39,-0.46,-0.26,-1.12,-0.73,-0.27,-0.57,-1.51,0.06,-2.77,-2.39,0.23,-0.07,0.25,0.04,1.00,-0.48,0.13,-0.0640,1.38,11.89,3.85,7.06,1,1,1,0,37.89,135.82,1.28,5900,5940,5967,5
807,1.010,0.00,0.00,0.00,0.00,0.00,0.00
402,65160913,19.99,1,3,10.14,1,1,1.00,0.42,11.22,2.61,3.85,7.06,2.25,0.56,-0.32,-4.83,-1.14,-0.22,-0.01,-0.01,-1.14,-0.22,-0.04,0.28,-0.03,-0.44,-0.46,-0.23,-1.14,-0.78,-0.22,-0.59,-1.10,0.37,-2.26,-1.95,0.12,-0.10,0.25,-0.03,1.
53,-0.95,0.17,-0.0834,0.00,0.00,3.85,7.06,1,0,0,0,37.88,135.85,1.35,5883,5938,5925,5807,1.010,0.00,0.00,0.00,0.00,0.00,0.00
403,65180907,19.99,1,3,10.14,1,1,1.00,0.47,11.14,2.47,3.80,6.15,2.24,0.53,-0.46,-4.78,-1.09,-0.19,-0.01,-0.01,-1.09,-0.19,-0.06,0.28,-0.03,-0.43
,-0.46,-0.18,-1.09,-0.82,-0.19,-0.60,-0.39,0.39,-1.25,-2.07,0.25,-0.02,0.25,0.01,1.67,0.14,0.01,-0.0701,3.21,-3.68,3.80,6.15,1,1,1,0,37.80,135.91,1.75,5895,5879,5942,5828,1.009,0.00,0.00,0.00,0.00,0.00,0.00
404,65200923,20.02,1,3,10.14,1,1,1.00,0.52,11.06,2.35,2.08,8
.75,2.22,0.51,0.00,-5.73,-1.25,-0.30,-0.01,-0.01,-1.25,-0.30,0.00,0.28,0.01,-0.52,-0.46,-0.21,-1.25,-0.83,-0.30,-0.57,-1.23,-0.37,-2.55,0.35,-0.14,-0.20,0.25,-0.19,0.50,1.95,-0.32,-0.1903,-16.86,54.19,2.08,8.75,1,1,1,1,37.88,135.90,1.31,5764,5903,5952,5885,1.009,0.00,0.00,0.00,0.00,0.00,0.00
405,6
5220924,20.00,1,3,10.14,1,1,1.00,0.58,11.02,2.17,2.03,9.78,2.22,0.47,0.00,-6.71,-1.39,-0.29,-0.01,-0.01,-1.39,-0.29,0.00,0.28,0.01,-0.61,-0.46,-0.23,-1.39,-0.84,-0.29,-0.53,-1.67,-0.23,-3.41,-0.31,-0.03,-0.28,0.25,-0.00,0.52,0.92,-0.11,-0.0873,1.54,21.26,2.03,9.78,1,1,
1,0,37.81,135.94,1.72,5864,5882,5903,5900,1.009,0.00,0.00,0.00,0.00,0.00,0.00
406,65240925,20.00,1,3,10.14,1,1,1.00,0.64,10.98,1.98,1.98,11.89,2.21,0.43,0.00,-8.12,-1.62,-0.29,-0.01,-0.01,-1.62,-0.29,0.00,0.28,0.01,-0.73,-0.46,-0.27,-1.62,-0.84,-0.29,-0.52,-2.52,-0.14
,-5.28,0.03,-0.21,-0.43,0.25,-0.03,0.58,0.93,-0.21,-0.0913,1.34,35.55,1.98,11.89,1,1,1,0,37.82,135.96,1.64,5809,5889,5888,5920,1.009,0.00,0.00,0.00,0.00,0.00,0.00
407,65260927,20.00,1,3,10.14,1,1,1.00,0.71,10.94,1.74,1.96,11.49,2.20,0.38,0.00,-8.88,-1.67,-0.29,-0.01,-0.01,-1.67,-0.2
9,0.00,0.28,0.00,-0.80,-0.46,-0.26,-1.67,-0.86,-0.29,-0.50,-1.95,-0.08,-4.93,-1.16,-0.21,-0.51,0.25,0.06,0.59,0.26,-0.02,0.0644,1.78,6.94,1.96,11.49,1,1,1,0,37.64,136.06,2.49,5823,5929,5878,5885,1.008,0.00,0.00,0.00,0.00,0.00,0.00
408,65280913,19.99,1,3,10.15,1,1,1.00,0.76,10.90,1.
51,1.77,12.90,2.19,0.33,0.00,-9.89,-1.82,-0.29,-0.01,-0.01,-1.82,-0.29,0.00,0.28,0.00,-0.89,-0.46,-0.28,-1.82,-0.89,-0.29,-0.49,-2.16,-0.04,-5.85,-2.37,0.05,-0.32,0.25,0.13,0.60,0.70,-0.17,0.0021,-0.38,28.86,1.77,12.90,1,1,1,0,37.72,136.07,2.04,5825,5839,5898,5855,1.00
8,0.00,0.00,0.00,0.00,0.00,0.00
409,65300928,20.01,1,3,10.15,1,1,1.00,0.82,10.87,1.25,1.77,11.86,2.18,0.27,0.00,-10.18,-1.78,-0.29,-0.01,-0.01,-1.78,-0.29,0.00,0.28,0.00,-0.92,-0.46,-0.24,-1.78,-0.96,-0.29,-0.45,-1.15,-0.02,-4.15,-3.71,0.04,-0.27,0.24,0.07,0.50,1.80,-
0.36,-0.0557,1.79,0.03,1.77,11.86,1,1,1,0,37.75,136.08,1.85,5806,5829,5935,5889,1.008,0.00,0.00,0.00,0.00,0.00,0.00
410,65320928,20.00,1,3,10.15,1,1,1.00,0.87,10.83,1.01,1.74,11.39,2.18,0.22,0.00,-10.21,-1.72,-0.29,-0.01,-0.01,-1.72,-0.29,0.00,0.28,0.00,-0.92,-0.47,-0.
19,-1.72,-1.03,-0.29,-0.41,-0.41,-0.01,-2.72,-4.11,0.34,-0.00,0.24,0.10,0.40,2.11,-0.39,0.0779,1.40,6.02,1.74,11.39,1,1,1,0,37.80,136.08,1.57,5842,5794,5987,5854,1.008,0.00,0.00,0.00,0.00,0.00,0.00
411,65340932,20.00,1,3,10.15,1,1,1.00,0.93,10.80,0.79,1.38,11.53,2.17,
0.17,0.00,-10.30,-1.70,-0.29,-0.01,-0.01,-1.70,-0.29,0.00,0.28,0.00,-0.93,-0.47,-0.16,-1.70,-1.11,-0.29,-0.37,-0.15,0.00,-2.07,-3.41,0.28,0.09,0.25,-0.05,0.25,2.69,-0.48,0.0310,-2.74,13.07,1.38,11.53,1,1,1,0,37.65,136.16,2.24,5842,5783,5985,5896,1.008,0.00,0.00,0.00,0.0
0,0.00,0.00
412,65360930,20.00,1,3,10.15,1,1,1.00,0.99,10.77,0.56,1.26,11.26,2.16,0.12,0.00,-10.28,-1.66,-0.29,-0.01,-0.01,-1.66,-0.29,0.00,0.28,0.00,-0.93,-0.47,-0.13,-1.66,-1.16,-0.29,-0.32,0.16,0.01,-1.45,-1.83,0.07,-0.03,0.25,-0.15,0.11,2.49,-0.41,0.0109,-0.14,8.19
,1.26,11.26,1,1,1,0,37.65,136.21,2.16,5800,5804,5931,5891,1.008,0.00,0.00,0.00,0.00,0.00,0.00
413,65380927,20.00,1,3,10.15,1,1,1.00,1.05,10.74,0.33,0.92,13.74,2.16,0.07,0.00,-11.17,-1.85,-0.28,-0.01,-0.01,-1.85,-0.28,0.00,0.28,0.00,-1.01,-0.47,-0.16,-1.85,-1.18,-0.28,
-0.28,-1.04,0.01,-3.26,-0.37,-0.04,-0.14,0.25,-0.15,-0.01,2.00,-0.34,0.0005,-3.06,68.66,0.92,13.74,1,1,1,1,37.63,136.21,2.16,5790,5832,5910,5890,1.007,0.00,0.00,0.00,0.00,0.00,0.00
414,65400932,20.00,1,3,10.15,1,1,1.00,1.11,10.72,0.06,0.97,13.34,2.16,0.01,0.00,-11.62,
-1.87,-0.28,-0.01,-0.01,-1.87,-0.28,0.00,0.27,0.00,-1.05,-0.47,-0.15,-1.87,-1.17,-0.28,-0.26,-0.84,0.01,-3.23,0.75,-0.44,-0.50,0.24,-0.18,-0.08,1.57,-0.33,0.1266,1.52,8.64,0.97,13.34,1,1,1,0,37.63,136.29,2.02,5741,5877,5849,5945,1.007,0.00,0.00,0.00,0.00,0.00,0.00
415,
65420934,20.00,1,3,10.16,1,1,1.00,1.17,10.71,-0.21,1.04,14.86,2.15,-0.05,0.00,-12.46,-2.02,-0.28,-0.01,-0.01,-2.02,-0.28,0.00,0.27,0.00,-1.13,-0.47,-0.18,-2.02,-1.14,-0.28,-0.23,-1.44,0.01,-4.80,0.94,-0.25,-0.52,0.24,0.03,-0.16,1.68,-0.38,0.0884,1.91,32.50,1.04,14.86,1
,1,1,0,37.89,136.22,0.62,5761,5844,5879,5928,1.007,0.00,0.00,0.00,0.00,0.00,0.00
416,65440938,20.00,1,3,10.16,1,1,1.00,1.22,10.68,-0.51,1.07,14.56,2.15,-0.11,0.00,-12.93,-2.05,-0.28,-0.01,-0.01,-2.05,-0.28,0.00,0.27,0.00,-1.17,-0.47,-0.17,-2.05,-1.13,-0.28,-0.20,-1.10
,0.01,-4.69,-0.34,-0.24,-0.56,0.24,0.08,-0.25,1.57,-0.34,0.1249,1.34,11.11,1.07,14.56,1,1,1,0,37.90,136.23,0.57,5795,5890,5917,5949,1.006,0.00,0.00,0.00,0.00,0.00,0.00
417,65460936,20.00,1,3,10.16,1,1,1.00,1.27,10.66,-0.80,0.95,14.86,2.14,-0.17,0.00,-13.36,-
2.09,-0.28,-0.01,-0.01,-2.09,-0.28,0.00,0.27,0.00,-1.21,-0.47,-0.16,-2.09,-1.15,-0.28,-0.18,-0.97,0.01,-4.70,-1.55,-0.03,-0.39,0.24,0.13,-0.31,1.41,-0.35,0.0677,-0.41,18.36,0.95,14.86,1,1,1,0,38.03,136.19,-0.08,5835,5851,5936,5936,1.006,0.00,0.00,0.00,0.00,0.00,0.00

418,65480941,20.00,1,3,10.15,1,1,1.00,1.33,10.64,-1.10,1.25,13.52,2.14,-0.24,0.00,-13.18,-1.99,-0.28,-0.01,-0.01,-1.99,-0.28,0.00,0.27,0.00,-1.19,-0.48,-0.12,-1.99,-1.18,-0.28,-0.16,-0.03,0.01,-2.95,-1.43,-0.22,-0.41,0.24,-0.04,-0.38,1.60,-0.40,-0.0175,4.74,-2.14,1.25,
13.52,1,1,1,0,37.80,136.29,1.15,5795,5911,5959,5959,1.007,0.00,0.00,0.00,0.00,0.00,0.00
419,65500942,20.00,1,3,10.15,1,1,1.00,1.38,10.62,-1.37,1.07,15.62,2.13,-0.30,0.00,-13.83,-2.13,-0.28,-0.01,-0.01,-2.13,-0.28,0.00,0.27,0.00,-1.25,-0.48,-0.14,-2.13,-1.20,-0.28,-0.1
3,-0.87,0.01,-4.54,-0.49,-0.10,-0.31,0.23,-0.02,-0.47,2.17,-0.57,-0.0240,-0.97,40.23,1.07,15.62,1,1,1,0,37.93,136.25,0.44,5781,5821,5945,5956,1.007,0.00,0.00,0.00,0.00,0.00,0.00
420,65520944,20.00,1,3,10.15,1,1,1.00,1.43,10.60,-1.68,0.94,16.36,2.13,-0.36,0.00,-14.53,-2
.23,-0.28,-0.01,-0.01,-2.23,-0.28,0.00,0.27,0.00,-1.31,-0.48,-0.15,-2.23,-1.19,-0.28,-0.09,-1.20,0.01,-5.50,1.76,-0.84,-0.79,0.23,-0.27,-0.59,2.05,-0.47,0.1526,-0.62,24.96,0.94,16.36,1,1,1,0,37.81,136.32,1.08,5693,5969,5874,6039,1.007,0.00,0.00,0.00,0.00,0.00,0.00
421
,65540943,20.00,1,3,10.15,1,1,1.00,1.47,10.58,-2.01,0.84,15.98,2.13,-0.43,0.00,-14.87,-2.25,-0.28,-0.01,-0.01,-2.25,-0.28,0.00,0.27,0.00,-1.34,-0.48,-0.14,-2.25,-1.15,-0.28,-0.06,-0.86,0.01,-5.41,1.15,-0.58,-0.83,0.23,0.03,-0.69,2.20,-0.53,0.0925,-0.29,11.48,0.84,15.98,
1,1,1,0,38.00,136.27,0.13,5709,5907,5894,6000,1.007,0.00,0.00,0.00,0.00,0.00,0.00
422,65560944,20.00,1,3,10.15,1,1,1.00,1.51,10.56,-2.33,0.61,16.46,2.12,-0.50,0.00,-15.29,-2.30,-0.28,-0.01,-0.01,-2.30,-0.28,0.00,0.27,0.00,-1.38,-0.48,-0.14,-2.30,-1.13,-0.28,-0.02,-0.88
,0.01,-5.78,0.54,-0.43,-0.74,0.22,0.09,-0.80,1.93,-0.49,0.0364,-2.11,22.19,0.61,16.46,1,1,1,0,37.89,136.32,0.73,5750,5925,5940,5993,1.007,0.00,0.00,0.00,0.00,0.00,0.00
423,65580945,20.00,1,3,10.15,1,1,1.00,1.56,10.55,-2.66,0.55,15.62,2.12,-0.57,0.05,-15.30,-2.25,-0.29
,-0.01,-0.01,-2.25,-0.29,0.01,0.27,0.00,-1.38,-0.48,-0.11,-2.25,-1.14,-0.29,0.00,-0.25,-0.05,-4.86,-1.15,-0.22,-0.58,0.22,0.14,-0.98,1.39,-0.39,0.0363,-0.15,5.69,0.55,15.62,1,1,1,0,38.06,136.27,-0.16,5781,5891,5936,5941,1.007,0.00,0.00,0.00,0.00,0.00,0.00
424,6560094
7,20.00,1,3,10.15,1,1,1.00,1.60,10.54,-2.97,0.38,18.07,2.12,-0.64,0.13,-16.18,-2.43,-0.31,-0.01,-0.01,-2.43,-0.31,0.02,0.27,0.01,-1.46,-0.48,-0.15,-2.43,-1.16,-0.31,0.03,-1.31,-0.14,-6.72,-2.07,0.01,-0.35,0.22,0.14,-1.20,1.74,-0.54,0.0712,-1.62,57.96,0.38,18.07,1,1,1,1
,38.03,136.27,-0.02,5830,5848,5991,5969,1.007,0.00,0.00,0.00,0.00,0.00,0.00
425,65620948,20.00,1,3,10.15,1,1,1.00,1.64,10.53,-3.33,0.26,19.83,2.12,-0.72,0.21,-17.40,-2.65,-0.32,-0.01,-0.01,-2.65,-0.32,0.03,0.27,0.01,-1.57,-0.49,-0.19,-2.65,-1.19,-0.32,0.05,-2.15,-0.1
7,-8.47,-0.94,-0.67,-0.72,0.22,-0.16,-1.34,0.92,-0.37,-0.0323,-1.16,40.49,0.26,19.83,1,1,1,0,38.04,136.27,-0.02,5721,5994,5916,5997,1.007,0.00,0.00,0.00,0.00,0.00,0.00
426,65640949,20.00,1,3,10.15,1,1,1.00,1.68,10.53,-3.73,0.21,19.18,2.12,-0.80,0.27,-17.99,-2.68,-0.33,
-0.01,-0.01,-2.68,-0.33,0.04,0.27,0.02,-1.62,-0.49,-0.19,-2.68,-1.21,-0.33,0.06,-1.61,-0.18,-8.00,-1.45,-0.66,-0.88,0.21,0.01,-1.43,0.88,-0.43,0.0667,-0.34,11.54,0.21,19.18,1,1,1,0,38.05,136.27,-0.04,5736,5966,5905,6022,1.007,0.00,0.00,0.00,0.00,0.00,0.00
427,65660950
,20.00,1,3,10.15,1,1,1.00,1.71,10.52,-4.11,0.12,20.29,2.11,-0.89,0.33,-18.80,-2.80,-0.34,-0.01,-0.01,-2.80,-0.34,0.04,0.27,0.02,-1.70,-0.49,-0.20,-2.80,-1.25,-0.34,0.07,-1.78,-0.17,-8.56,-3.24,-0.16,-0.59,0.21,0.23,-1.48,0.73,-0.44,0.0819,-1.00,33.32,0.12,20.29,1,1,1,0,38.06,1
36.27,-0.07,5804,5897,5971,5961,1.007,0.00,0.00,0.00,0.00,0.00,0.00
428,65680946,20.00,1,3,10.15,1,1,1.00,1.75,10.52,-4.52,0.12,20.29,2.11,-0.98,0.36,-19.35,-2.85,-0.34,-0.01,-0.01,-2.85,-0.34,0.05,0.27,0.02,-1.75,-0.49,-0.20,-2.85,-1.32,-0.34,0.08,-1.44,-0.13,-8.12,-
3.36,-0.48,-0.65,0.21,-0.03,-1.47,0.45,-0.38,0.0962,0.00,0.00,0.12,20.29,1,0,0,0,38.07,136.26,-0.12,5746,5974,5947,5972,1.007,0.00,0.00,0.00,0.00,0.00,0.00
429,65700955,20.01,1,3,10.15,1,1,1.00,1.78,10.52,-4.92,0.26,18.72,2.11,-1.06,0.35,-19.20,-2.74,-0.33,-0.01,-0.01
,-2.74,-0.33,0.05,0.27,0.01,-1.73,-0.49,-0.15,-2.74,-1.38,-0.33,0.08,-0.27,-0.04,-6.08,-3.42,-0.39,-0.59,0.21,-0.01,-1.37,0.66,-0.46,0.0565,1.84,1.61,0.26,18.72,1,1,1,0,38.37,136.13,-1.66,5765,5937,5956,5990,1.008,0.00,0.00,0.00,0.00,0.00,0.00
430,65720954,20.00,1,3,10
.15,1,1,1.00,1.81,10.51,-5.30,0.16,19.80,2.11,-1.14,0.36,-19.50,-2.79,-0.33,-0.01,-0.01,-2.79,-0.33,0.05,0.27,0.01,-1.76,-0.49,-0.14,-2.79,-1.44,-0.33,0.09,-0.48,-0.02,-6.25,-3.38,-0.06,-0.34,0.20,0.08,-1.37,0.53,-0.38,0.0341,-1.00,31.67,0.16,19.80,1,1,1,0,38.28,136.14
,-1.09,5851,5952,6037,5966,1.008,0.00,0.00,0.00,0.00,0.00,0.00
431,65740956,20.00,1,3,10.15,1,1,1.00,1.84,10.51,-5.69,0.07,20.53,2.11,-1.23,0.38,-19.98,-2.86,-0.34,-0.01,-0.01,-2.86,-0.34,0.05,0.27,0.01,-1.80,-0.50,-0.14,-2.86,-1.50,-0.34,0.09,-0.74,-0.03,-6.57,-2.26,-0.43,-0.50,0.20,-0.13,-1.39,0.
60,-0.42,0.0271,-0.92,28.62,0.07,20.53,1,1,1,0,38.32,136.09,-1.28,5774,5992,5990,6000,1.008,0.00,0.00,0.00,0.00,0.00,0.00
432,65760958,20.00,1,3,10.14,1,1,1.00,1.86,10.51,-6.10,0.01,20.42,2.11,-1.32,0.41,-20.29,-2.87,-0.34,-0.01,-0.01,-2.87,-0.34,0.05,0.27,0.01,-1.83,-
0.50,-0.13,-2.87,-1.53,-0.34,0.10,-0.59,-0.05,-6.37,-0.94,-0.66,-0.70,0.20,-0.15,-1.44,0.46,-0.38,0.0640,-0.62,19.17,0.01,20.42,1,1,1,0,38.04,136.18,0.25,5749,6042,5967,6022,1.008,0.00,0.00,0.00,0.00,0.00,0.00
433,65780960,20.00,1,3,10.14,1,1,1.00,1.88,10.51,-6.51,-0.
13,22.96,2.11,-1.41,0.45,-21.41,-3.10,-0.35,-0.01,-0.01,-3.10,-0.35,0.06,0.27,0.01,-1.93,-0.50,-0.18,-3.10,-1.54,-0.35,0.10,-1.74,-0.06,-8.56,-1.27,-0.41,-0.64,0.20,0.03,-1.48,0.75,-0.48,0.1236,-1.70,51.85,-0.13,22.96,1,1,1,1,38.13,136.16,-0.20,5727,5961,5980,
5962,1.008,0.00,0.00,0.00,0.00,0.00,0.00
434,65800962,20.00,1,3,10.14,1,1,1.00,1.89,10.51,-6.97,-0.18,23.08,2.11,-1.51,0.49,-22.21,-3.19,-0.35,-0.01,-0.01,-3.19,-0.35,0.06,0.27,0.01,-2.01,-0.50,-0.19,-3.19,-1.56,-0.35,0.10,-1.71,-0.08,-8.91,-1.58,-0.70,-0.87,0.19,-0.0
2,-1.53,0.50,-0.42,0.1683,-0.81,24.47,-0.18,23.08,1,1,1,0,38.07,136.18,0.11,5675,6051,5977,5973,1.008,0.00,0.00,0.00,0.00,0.00,0.00
435,65820962,20.00,1,3,10.14,1,1,1.00,1.90,10.51,-7.43,-0.21,22.45,2.11,-1.61,0.53,-22.55,-3.19,-0.36,-0.01,-0.01,-3.19,-0.36,0.07,0.27,
0.01,-2.04,-0.50,-0.17,-3.19,-1.59,-0.36,0.10,-1.10,-0.09,-8.09,-3.35,-0.32,-0.69,0.19,0.19,-1.56,0.19,-0.36,0.2181,-0.51,15.31,-0.21,22.45,1,1,1,0,38.25,136.11,-0.80,5735,5996,6006,5912,1.009,0.00,0.00,0.00,0.00,0.00,0.00
436,65840962,20.00,1,3,10.14,1,1,1.00,1.91,10.
52,-7.88,-0.27,23.11,2.11,-1.70,0.57,-23.04,-3.25,-0.36,-0.01,-0.01,-3.25,-0.36,0.07,0.27,0.01,-2.08,-0.50,-0.17,-3.25,-1.68,-0.36,0.09,-1.09,-0.09,-7.97,-5.84,0.18,-0.28,0.19,0.28,-1.55,-0.40,-0.25,0.1990,-1.02,30.62,-0.27,23.11,1,1,1,0,38.12,136.15,-0.07,5832,5973,60
88,5850,1.009,0.00,0.00,0.00,0.00,0.00,0.00
437,65860963,20.00,1,3,10.14,1,1,1.00,1.91,10.52,-8.34,-0.78,24.20,2.12,-1.80,0.75,-23.78,-3.36,-0.40,-0.01,-0.01,-3.36,-0.40,0.10,0.27,0.02,-2.15,-0.51,-0.18,-3.36,-1.79,-0.40,0.08,-1.41,-0.28,-8.32,-5.69,-0.13,-0.28,0.19
,-0.03,-1.81,-0.31,-0.33,0.2611,-6.61,36.80,-0.78,24.20,1,1,1,0,38.27,136.09,-0.82,5749,6001,6054,5870,1.009,0.00,0.00,0.00,0.00,0.00,0.00
438,65880963,20.00,1,3,10.14,1,1,1.00,1.91,10.54,-8.83,-0.80,24.78,2.12,-1.91,0.88,-24.50,-3.46,-0.42,-0.01,-0.01,-3.46,-0.42,0.12
,0.27,0.03,-2.21,-0.51,-0.19,-3.46,-1.88,-0.42,0.07,-1.49,-0.31,-8.41,-4.46,-0.45,-0.48,0.19,-0.14,-1.86,-0.43,-0.35,0.1460,-1.05,31.50,-0.80,24.78,1,1,1,0,38.13,136.13,-0.04,5706,6078,6052,5915,1.009,0.00,0.00,0.00,0.00,0.00,0.00
439,65900967,20.00,1,3,10.13,1,1,1.00
,1.90,10.55,-9.32,-0.81,25.11,2.12,-2.01,0.96,-25.12,-3.53,-0.43,-0.01,-0.01,-3.53,-0.43,0.13,0.27,0.03,-2.27,-0.51,-0.19,-3.53,-1.95,-0.43,0.05,-1.39,-0.27,-8.30,-3.55,-0.54,-0.61,0.18,-0.11,-1.81,-0.43,-0.36,0.1656,-0.96,28.85,-0.81,25.11,1,1,1,0,38.18,136.11,-0.28,5668,6076,6030,5904,1.009,0.00,
0.00,0.00,0.00,0.00,0.00
440,65920969,20.00,1,3,10.13,1,1,1.00,1.89,10.57,-9.83,-1.56,27.58,2.12,-2.12,1.25,-26.44,-3.75,-0.49,-0.01,-0.01,-3.75,-0.49,0.16,0.27,0.05,-2.39,-0.51,-0.24,-3.75,-2.00,-0.49,0.03,-2.26,-0.51,-10.00,-3.16,-0.50,-0.64,0.18,-0.04,-2.17,-0.43,-
0.35,0.2079,-10.24,57.59,-1.56,27.58,1,1,1,1,38.01,136.18,0.64,5673,6087,6046,5898,1.010,0.00,0.00,0.00,0.00,0.00,0.00
441,65940969,20.00,1,3,10.13,1,1,1.00,1.87,10.60,-10.38,-1.90,27.52,2.13,-2.24,1.56,-27.33,-3.84,-0.54,-0.01,-0.01,-3.84,-0.54,0.20,0.27,0.06,-2.47,-
0.51,-0.25,-3.84,-2.06,-0.54,0.02,-2.02,-0.68,-9.91,-4.12,-0.50,-0.73,0.18,0.06,-2.49,-0.24,-0.45,0.2162,-5.88,26.82,-1.90,27.52,1,1,1,0,38.15,136.14,-0.06,5655,6034,6020,5905,1.010,0.00,0.00,0.00,0.00,0.00,0.00
442,65960968,20.00,1,3,10.14,1,1,1.00,1.87,10.6
4,-10.93,-1.79,26.59,2.14,-2.36,1.77,-27.64,-3.83,-0.57,-0.01,-0.01,-3.83,-0.57,0.23,0.27,0.06,-2.50,-0.52,-0.22,-3.83,-2.15,-0.57,0.01,-1.26,-0.62,-8.70,-5.43,-0.23,-0.56,0.17,0.16,-2.48,-1.07,-0.28,0.2740,-0.51,15.71,-1.79,26.59,1,1,1,0,38.02,136.20,0.63,5714,6055,606
9,5849,1.010,0.00,0.00,0.00,0.00,0.00,0.00
443,65980970,20.00,1,3,10.13,1,1,1.00,1.86,10.68,-11.46,-1.74,27.27,2.15,-2.48,1.90,-28.18,-3.88,-0.59,-0.01,-0.01,-3.88,-0.59,0.25,0.27,0.06,-2.54,-0.52,-0.21,-3.88,-2.26,-0.59,-0.03,-1.14,-0.50,-8.29,-6.81,0.10,-0.24,0.17,0
.17,-2.28,-1.48,-0.27,0.2344,-1.14,35.19,-1.74,27.27,1,1,1,0,38.08,136.19,0.29,5749,5987,6087,5794,1.010,0.00,0.00,0.00,0.00,0.00,0.00
444,66000973,20.00,1,3,10.13,1,1,1.00,1.84,10.71,-12.00,-1.65,26.50,2.15,-2.59,1.98,-28.28,-3.84,-0.59,-0.01,-0.01,-3.84,-0.59,0.26,0
.27,0.06,-2.55,-0.52,-0.17,-3.84,-2.38,-0.59,-0.08,-0.51,-0.35,-6.89,-5.47,-0.34,-0.35,0.17,-0.16,-2.00,-2.23,-0.11,0.1663,-0.56,17.48,-1.65,26.50,1,1,1,0,37.94,136.26,1.08,5696,6102,6042,5815,1.010,0.00,0.00,0.00,0.00,0.00,0.00
445,66020972,20.00,1,3,10.14,1,1,1.00,
1.83,10.74,-12.53,-2.22,28.15,2.16,-2.71,2.27,-29.13,-3.96,-0.64,-0.01,-0.01,-3.96,-0.64,0.30,0.27,0.07,-2.63,-0.52,-0.19,-3.96,-2.45,-0.64,-0.12,-1.01,-0.53,-7.58,-4.17,-0.24,-0.34,0.17,-0.07,-2.20,-2.05,-0.16,0.2671,-8.90,47.55,-2.22,28.15,1,1,1,0,38.10,136.22,0.23,5
678,6068,6045,5785,1.010,0.00,0.00,0.00,0.00,0.00,0.00
446,66040975,20.00,1,3,10.14,1,1,1.00,1.80,10.79,-13.10,-2.14,28.93,2.17,-2.83,2.43,-30.06,-4.06,-0.66,-0.01,-0.01,-4.06,-0.66,0.32,0.27,0.07,-2.71,-0.53,-0.21,-4.06,-2.49,-0.66,-0.16,-1.32,-0.47,-8.20,-1.94,-0.78
,-0.70,0.17,-0.23,-2.07,-1.89,-0.22,0.2562,-1.19,38.03,-2.14,28.93,1,1,1,0,37.96,136.28,0.99,5597,6175,6028,5860,1.010,0.00,0.00,0.00,0.00,0.00,0.00
447,66060976,20.00,1,3,10.14,1,1,1.00,1.78,10.83,-13.68,-2.50,28.97,2.18,-2.95,2.72,-30.70,-4.12,-0.71,-0.01,-0.01,-4.12,-0.71
,0.36,0.27,0.07,-2.77,-0.53,-0.21,-4.12,-2.51,-0.71,-0.20,-1.21,-0.60,-8.31,-2.14,-0.56,-0.76,0.17,0.04,-2.22,-1.74,-0.19,0.5132,-6.72,29.35,-2.50,28.97,1,1,1,0,38.12,136.24,0.16,5649,6093,5996,5848,1.009,0.00,0.00,0.00,0.00,0.00,0.00
448,66080977,20.00,1,3,10.14,1,1,1
.00,1.76,10.88,-14.26,-2.85,28.15,2.19,-3.08,3.09,-30.73,-4.08,-0.77,-0.01,-0.01,-4.08,-0.77,0.40,0.27,0.09,-2.77,-0.53,-0.17,-4.08,-2.56,-0.77,-0.25,-0.57,-0.77,-7.24,-4.61,-0.06,
-0.46,0.16,0.24,-2.45,-2.00,-0.17,0.3102,-6.91,18.57,-2.85,28.15,1,1,1,0,38.00,136.30,0.79,5726,6064,6093,5786,1.009,0.00,0.00,0.00,0.00,0.00,0.00
449,66100980,20.00,1,3,10.14,1,1,1.00,1.74,10.94,-14.82,-2.96,26.88,2.20,-3.20,3.39,-30.15,-3.96,-0.82,-0.01,-0.01,-3.96,
-0.82,0.44,0.27,0.09,-2.72,-0.53,-0.10,-3.96,-2.65,-0.82,-0.30,0.37,-0.78,-5.26,-5.93,0.14,-0.16,0.16,0.14,-2.44,-2.52,-0.12,0.3262,-4.27,12.03,-2.96,26.88,1,1,1,0,38.07,136.29,0.43,5728,6044,6113,5723,1.009,0.00,0.00,0.00,0.00,0.00,0.00
450,66120979,20.00,1,3,10.14,1
,1,1.00,1.71,11.00,-15.36,-2.50,26.73,2.21,-3.32,3.31,-29.86,-3.90,-0.78,-0.01,-0.01,-3.90,-0.78,0.43,0.27,0.07,-2.70,-0.54,-0.06,-3.90,-2.73,-0.78,-0.36,0.66,-0.30,-4.20,-3.77,-0.25,-0.19,0.16,-0.23,-1.66,-2.80,-0.11,0.2010,2.87,24.90,-2.50,26.73,1,1,1,0,38.0
2,136.32,0.70,5668,6126,6088,5763,1.009,0.00,0.00,0.00,0.00,0.00,0.00
451,66140983,20.00,1,3,10.14,1,1,1.00,1.68,11.05,-15.89,-2.66,28.60,2.22,-3.43,3.37,-30.86,-4.05,-0.78,-0.01,-0.01,-4.05,-0.78,0.44,0.27,0.06,-2.79,-0.54,-0.11,-4.05,-2.77,-0.78,-0.42,-0.49,-0.18,-5
.94,-1.05,-0.50,-0.39,0.16,-0.26,-1.34,-2.71,-0.01,0.2317,-4.58,50.62,-2.66,28.60,1,1,1,0,38.21,136.27,-0.32,5634,6173,6043,5768,1.009,0.00,0.00,0.00,0.00,0.00,0.00
452,66160982,20.00,1,3,10.14,1,1,1.00,1.64,11.10,-16.46,-2.56,30.13,2.23,-3.56,3.34,-32.27,-4.24,-0.76,
-0.01,-0.01,-4.24,-0.76,0.44,0.27,0.05,-2.91,-0.54,-0.18,-4.24,-2.73,-0.76,-0.47,-1.53,-0.01,-8.11,1.94,-1.14,-0.98,0.16,-0.31,-0.95,-2.22,-0.08,0.2974,-1.37,48.05,-2.56,30.13,1,1,1,0,38.18,136.27,-0.14,5545,6294,6013,5868,1.009,0.00,0.00,0.00,0.00,0.00,0.00
453,661809
88,20.01,1,3,10.14,1,1,1.00,1.60,11.15,-17.07,-2.93,29.98,2.20,-3.62,3.54,-32.82,-4.29,-0.80,-0.01,-0.01,-4.29,-0.80,0.46,0.27,0.05,-2.96,-0.54,-0.18,-4.29,-2.68,-0.80,-0.51,-1.31,-0.21,-8.41,0.96,-0.91,-1.13,0.15,0.07,-1.12,-1.66,-0.10,0.4054,-7.26,28.23,-2.9
3,29.98,1,1,1,0,38.26,136.24,-0.50,5597,6231,6015,5864,1.009,0.00,0.00,-0.21,0.32,0.00,0.00
454,66200981,19.99,1,3,10.14,1,1,1.00,1.57,11.21,-17.67,-2.93,29.98,2.15,-3.65,3.60,-33.07,-4.30,-0.80,-0.01,-0.01,-4.30,-0.80,0.47,0.27,0.05,-2.99,-0.54,-0.16,-4.30,-2.68,-0.80,-0.55,-0.88,-0.16,-7.99,-3.95,0.09,-0.56,0.15,0.50,-0.96,-
1.82,-0.06,0.5109,0.00,0.00,-2.93,29.98,1,0,0,0,38.08,136.31,0.44,5755,6102,6142,5747,1.009,0.00,0.00,-0.49,0.78,0.00,0.00
455,66220990,20.01,1,3,10.14,1,1,1.00,1.54,11.27,-18.27,-4.44,27.41,2.11,-3.68,4.55,-31.69,-4.06,-0.99,-0.01,-0.01,-4.06,-0.99,0.60,0.28,0.11,-2.8
6,-0.55,-0.04,-4.06,-2.79,-0.99,-0.59,0.90,-1.26,-4.51,-7.98,0.55,-0.00,0.15,0.40,-2.54,-1.79,-0.06,0.3951,-20.90,-0.56,-4.44,27.41,1,1,1,0,38.13,136.30,0.24,5785,6025,6188,5655,1.009,0.00,0.00,-0.77,1.24,0.00,0.00
456,66240989,20.00,1,3,10.14,1,1,1.00,1.51,
11.36,-18.81,-4.50,24.81,2.08,-3.70,5.00,-29.60,-3.67,-1.06,-0.01,-0.01,-3.67,-1.06,0.66,0.28,0.12,-2.67,-0.55,0.10,-3.67,-2.92,-1.06,-0.63,2.80,-1.26,0.21,-6.95,0.39,0.30,0.15,-0.06,-2.65,-2.19,-0.21,0.2675,-5.10,-9.71,-4.50,24.81,1,1,1,1,37.88,136.42,1.56,5720,6062,62
22,5672,1.009,0.00,0.00,-1.02,1.69,0.00,0.00
457,66260994,20.00,1,3,10.14,1,1,1.00,1.47,11.45,-19.31,-7.07,26.99,2.05,-3.72,6.68,-30.09,-3.83,-1.39,-0.01,-0.01,-3.83,-1.39,0.88,0.28,0.23,-2.72,-0.55,0.05,-3.83,-3.00,-1.39,-0.67,0.84,-2.80,-2.21,-2.01,0.02,0.28,0.15
,-0.41,-5.22,-1.96,-0.29,0.0498,-39.37,51.20,-7.07,26.99,1,1,1,1,38.11,136.36,0.33,5632,6062,6145,5705,1.009,0.00,0.00,-1.25,2.11,0.00,0.00
458,66280991,20.00,1,3,10.14,1,1,1.00,1.43,11.59,-19.85,-7.90,29.54,2.03,-3.73,7.81,-31.82,-4.11,-1.58,-0.01,-0.01,-4.11,-1.58,1
.02,0.28,0.27,-2.87,-0.55,-0.07,-4.11,-2.94,-1.58,-0.72,-1.16,-2.80,-6.06,6.11,-1.76,-1.04,0.15,-0.86,-6.07,-2.53,-0.54,0.1992,-17.11,82.84,-7.90,29.54,1,1,1,1,38.11,136.37,0.32,5372,6318,5997,5980,1.009,0.00,0.00,-1.50,2.58,0.00,0.00
459,66300996,20.00,1,3,10.14,1,1,1
.00,1.39,11.75,-20.44,-7.35,31.20,2.00,-3.75,7.92,-33.51,-4.36,-1.55,-0.01,-0.01,-4.36,-1.55,1.04,0.28,0.22,-3.03,-0.56,-0.16,-4.36,-2.80,-1.55,-0.76,-2.27,-1.61,-9.10,7.10,-1.70,-1.64,0.14,-0.19,-4.40,-3.17,-0.51,0.2062,-1.21,49.91,-7.35,31.20,1,1,1,0,38.19,136.34,-0.09,5401,6300,5984,5984,1.009,0
.00,0.00,-1.78,3.10,0.00,0.00
460,66320992,20.00,1,3,10.14,1,1,1.00,1.36,11.89,-21.06,-8.20,31.97,1.98,-3.76,8.46,-34.67,-4.50,-1.63,-0.01,-0.01,-4.50,-1.63,1.11,0.28,0.22,-3.13,-0.56,-0.20,-4.50,-2.68,-1.63,-0.86,-2.38,-1.54,-10.52,1.15,-0.52,-1.28,0.14,0.63,-4.26,-6.
94,0.60,0.6139,-17.80,40.66,-8.20,31.97,1,1,1,0,38.20,136.34,-0.09,5711,6304,6008,5689,1.009,0.00,0.00,-2.06,3.65,0.00,0.00
461,66340994,20.00,1,3,10.14,1,1,1.00,1.33,12.06,-21.70,-7.99,29.45,1.95,-3.78,8.58,-33.64,-4.31,-1.61,-0.01,-0.01,-4.31,-1.61,1.12,0.28,0.19,-3
.04,-0.56,-0.10,-4.31,-2.73,-1.61,-1.00,-0.35,-0.87,-7.27,-8.23,0.73,-0.29,0.13,0.88,-2.84,-6.81,0.19,0.5463,-5.63,-0.13,-7.99,29.45,1,1,1,1,38.19,136.34,-0.02,5840,6067,6211,5596,1.009,0.00,0.00,-2.34,4.22,0.00,0.00
462,66360990,20.00,1,3,10.14,1,1,1.00,1.30,12.22,-22
.29,-7.92,26.95,1.93,-3.79,8.63,-31.73,-4.00,-1.58,-0.01,-0.01,-4.00,-1.58,1.13,0.28,0.15,-2.87,-0.56,0.04,-4.00,-2.94,-1.58,-1.12,1.67,-0.40,-2.69,-13.71,1.57,0.80,0.13,0.61,-1.88,-5.17,0.04,0.4162,-7.17,-25.75,-7.92,26.95,1,1,1,1,38.20,136.34,-0.02,5921,5944,6348,549
7,1.009,0.00,0.00,-2.61,4.75,0.00,0.00
463,66380997,20.01,1,3,10.14,1,1,1.00,1.26,12.38,-22.83,-9.76,24.45,1.92,-3.80,9.78,-29.50,-3.59,-1.85,-0.01,-0.01,-3.59,-1.85,1.28,0.28,0.21,-2.66,-0.57,0.17,-3.59,-3.17,-1.85,-1.20,2.80,-1.90,1.43,-10.22,0.81,0.94,0.14,-0.28,-4
.03,-3.01,-0.20,0.2138,-30.88,-24.44,-9.76,24.45,1,1,1,1,38.22,136.33,-0.13,5757,6046,6313,5597,1.009,0.00,0.00,-2.85,5.25,0.00,0.00
464,66400993,20.00,1,3,10.14,1,1,1.00,1.21,12.57,-23.32,-11.01,26.10,1.91,-3.80,10.98,-29.60,-3.70,-2.09,-0.01,-0.01,-3.70,-2.09,1.44,0
.28,0.26,-2.67,-0.57,0.13,-3.70,-3.26,-2.09,-1.23,1.19,-2.74,-0.22,1.24,-0.97,0.02,0.14,-1.12,-6.00,-0.30,-1.02,0.0292,-25.46,45.13,-11.01,26.10,1,1,1,0,38.23,136.33,-0.13,5423,6171,6185,5947,1.010,0.00,0.00,-3.08,5.72,0.00,0.00
465,66420999,20.01,1,3,10.13,1,1,1.00,1
.16,12.79,-23.84,-11.70,28.58,1.90,-3.81,11.85,-31.13,-3.98,-2.25,-0.01,-0.01,-3.98,-2.25,1.55,0.29,0.28,-2.81,-0.57,0.01,-3.98,-3.10,-2.25,-1.22,-0.97,-2.71,-4.33,10.94,-2.27,-1.39,0.14,-1.00,-6.90,0.99,-1.28,0.1883,-19.70,69.57,-11.70,28.58,1,1,1,1,38.38,136.24,-0.9
2,5233,6293,6032,6171,1.010,0.00,0.00,-3.34,6.22,0.00,0.00
466,66440998,20.00,1,3,10.13,1,1,1.00,1.12,13.03,-24.41,-11.42,31.06,1.89,-3.81,12.01,-33.22,-4.31,-2.22,-0.01,-0.01,-4.31,-2.22,1.57,0.29,0.23,-3.00,-0.57,-0.12,-4.31,-2.85,-2.22,-1.21,-2.62,-1.58,-8.94,10.47,
-1.75,-1.85,0.13,-0.02,-5.66,-1.93,-0.55,0.4865,-8.16,60.09,-11.42,31.06,1,1,1,1,38.39,136.24,-0.92,5403,6359,6041,6009,1.010,0.00,0.00,-3.61,6.77,0.00,0.00
467,66461005,20.01,1,3,10.13,1,1,1.00,1.08,13.25,-25.04,-11.15,28.73,1.88,-3.82,11.95,-32.66,-4.20,-2.15,-0.01,-0.01,-4.
20,-2.15,1.57,0.29,0.18,-2.95,-0.58,-0.06,-4.20,-2.70,-2.15,-1.30,-1.04,-0.63,-7.57,0.70,-0.13,-1.20,0.12,0.95,-3.84,-7.36,0.60,0.6483,-8.00,1.65,-11.15,28.73,1,1,1,0,38.41,136.20,-0.99,5776,6290,6097,5653,1.010,0.00,0.00,-3.90,7.36,0.00,0.00
468,66481002,20.00,1,3,
10.13,1,1,1.00,1.05,13.48,-25.61,-9.00,26.26,1.87,-3.82,10.67,-30.93,-3.91,-1.79,-0.01,-0.01,-3.91,-1.79,1.40,0.29,0.05,-2.79,-0.58,0.06,-3.91,-2.78,-1.79,-1.46,1.12,1.82,-3.58,-10.53,1.69,0.37,0.12,1.18,0.79,-9.26,0.78,0.5739,16.04,-29.30,-9.00,26.26,1,1,1,1,38.42,136.
20,-0.99,6045,6076,6316,5391,1.010,0.00,0.00,-4.16,7.91,0.00,0.00
469,66501003,20.00,1,3,10.13,1,1,1.00,1.01,13.66,-26.14,-7.52,24.32,1.86,-3.83,9.30,-29.06,-3.57,-1.45,-0.01,-0.01,-3.57,-1.45,1.22,0.29,-0.07,-2.62,-0.58,0.16,-3.57,-3.02,-1.45,-1.63,2.76,2.80,1.00,-14.
44,1.96,1.36,0.13,0.46,3.36,-6.83,0.75,0.3148,9.78,1.72,-7.52,24.32,1,1,1,0,38.34,136.22,-0.50,6075,6040,6358,5359,1.010,0.00,0.00,-4.39,8.41,0.00,0.00
470,66521003,20.00,1,3,10.13,1,1,1.00,0.98,13.81,-26.62,-8.82,22.15,1.85,-3.83,9.55,-27.02,-3.23,-1.56,-0.01,-0.01,-
3.23,-1.56,1.25,0.29,-0.04,-2.44,-0.58,0.26,-3.23,-3.21,-1.56,-1.70,2.80,1.15,2.75,-8.04,0.63,1.13,0.13,-0.63,1.59,-1.32,-0.04,0.4494,-24.05,-3.28,-8.82,22.15,1,1,1,0,38.34,136.22,-0.50,5783,6099,6278,5627,1.010,0.00,0.00,-4.60,8.87,0.00,0.00
471,66541008,20.00,1,3,10
.13,1,1,1.00,0.95,13.98,-27.07,-10.42,24.61,1.85,-3.84,10.60,-27.70,-3.46,-1.83,-0.01,-0.01,-3.46,-1.83,1.39,0.29,0.05,-2.50,-0.58,0.17,-3.46,-3.22,-1.83,-1.65,0.40,-0.92,-0.39,4.57,-1.49,-0.23,0.14,-1.39,-1.50,5.40,-1.44,0.3668,-29.16,71.03,-10.42,24.61,1,1,1,1,38.31,1
36.17,-0.29,5336,6178,6164,6111,1.010,0.00,0.00,-4.80,9.30,0.00,0.00
472,66561005,20.00,1,3,10.13,1,1,1.00,0.91,14.19,-27.56,-12.88,27.07,1.84,-3.84,12.47,-29.46,-3.84,-2.29,-0.01,-0.01,-3.84,-2.29,1.63,0.29,0.19,-2.66,-0.59,0.02,-3.84,-3.00,-2.29,-1.51,-2.02,-2.80,-5
.10,14.57,-2.73,-1.87,0.13,-0.97,-5.56,7.51,-1.63,0.2824,-42.86,62.60,-12.88,27.07,1,1,1,1,38.32,136.17,-0.29,5129,6328,6036,6281,1.010,0.00,0.00,-5.04,9.78,0.00,0.00
473,66581011,20.01,1,3,10.13,1,1,1.00,0.86,14.45,-28.10,-14.58,25.06,1.84,-3.84,14.28,-28.97,-3.72,-2.
68,-0.01,-0.01,-3.72,-2.68,1.87,0.30,0.29,-2.62,-0.59,0.05,-3.72,-2.78,-2.68,-1.42,-0.58,-2.80,-4.31,11.61,-1.81,-2.08,0.12,0.18,-8.15,2.76,-0.93,0.1443,-34.49,1.58,-14.58,25.06,1,1,1,0,38.21,136.16,0.33,5289,6354,6123,6012,1.011,0.00,0.00,-5.30,10.31,0.00,0.00
474,666
01011,20.00,1,3,10.13,1,1,1.00,0.81,14.74,-28.60,-13.42,22.61,1.84,-3.84,14.34,-27.29,-3.39,-2.60,-0.01,-0.01,-3.39,-2.60,1.88,0.30,0.24,-2.46,-0.59,0.14,-3.39,-2.64,-2.60,-1.43,1.59,-1.35,-1.06,1.27,0.55,-0.70,0.11,1.12,-6.27,-5.63,0.24,0.4734,0.25,-17.91,-13.42,22.61
,1,1,1,1,38.15,136.17,0.63,5794,6130,6210,5585,1.011,0.00,0.00,-5.58,10.82,0.00,0.00
475,66621013,20.00,1,3,10.13,1,1,1.00,0.80,15.01,-29.05,-10.96,20.15,1.85,-3.84,12.92,-25.11,-3.02,-2.19,-0.01,-0.01,-3.02,-2.19,1.69,0.30,0.08,-2.27,-0.59,0.25,-3.02,-2.69,-2.19,-1.6
0,2.80,1.66,1.76,-7.50,1.87,0.80,0.12,0.93,-0.21,-12.55,1.38,0.4521,32.19,-47.06,-10.96,20.15,1,1,1,1,38.27,136.14,0.04,6149,6059,6191,5292,1.011,0.00,0.00,-5.83,11.28,0.00,0.00
476,66641014,20.00,1,3,10.13,1,1,1.00,0.78,15.23,-29.46,-8.51,18.59,1.85,-3.84,10.90,-23.29
,-2.74,-1.68,-0.01,-0.01,-2.74,-1.68,1.43,0.30,-0.09,-2.10,-0.59,0.32,-2.74,-2.83,-1.68,-1.87,2.80,2.80,3.07,-6.37,1.06,1.02,0.12,-0.09,3.41,-14.16,2.01,0.2014,22.31,0.30,-8.51,18.59,1,1,1,1,38.22,136.17,0.34,6089,6319,6066,5278,1.011,0.00,0.00,-6.04,11.69,0.00,0.00
4
77,66661014,20.00,1,3,10.13,1,1,1.00,0.75,15.40,-29.83,-9.11,17.87,1.84,-3.84,10.46,-22.12,-2.61,-1.63,-0.01,-0.01,-2.61,-1.63,1.37,0.30,-0.11,-2.00,-0.60,0.33,-2.61,-2.86,-1.63,-2.09,2.65,2.14,3.46,2.10,-0.60,0.12,0.12,-0.84,3.60,-6.74,0.57,0.0011,-16.20,9.40,-9.11,17.87,1,1,
1,0,38.60,136.01,-1.61,5694,6319,6010,5701,1.011,0.00,0.00,-6.22,12.06,0.00,0.00
478,66681015,20.00,1,3,10.12,1,1,1.00,0.73,15.58,-30.18,-11.56,19.56,1.84,-3.84,11.75,-22.69,-2.81,-1.99,-0.01,-0.01,-2.81,-1.99,1.54,0.30,0.01,-2.05,-0.60,0.23,-2.81,-2.72,-1.99,-2.10,0.
46,-0.83,0.16,10.09,-1.51,-0.83,0.12,-0.79,-0.48,3.93,-1.19,0.1284,-40.79,39.46,-11.56,19.56,1,1,1,1,38.39,136.06,-0.47,5447,6202,6117,6158,1.011,0.00,0.00,-6.41,12.41,0.00,0.00
479,66701020,20.00,1,3,10.13,1,1,1.00,0.71,15.81,-30.58,-14.01,20.46,1.85,-3.84,13.73,-23.
47,-3.01,-2.48,-0.01,-0.01,-3.01,-2.48,1.80,0.30,0.16,-2.12,-0.60,0.13,-3.01,-2.54,-2.48,-1.99,-0.89,-2.80,-2.39,11.03,-1.49,-1.36,0.12,-0.23,-4.33,8.77,-2.11,-0.0008,-43.64,31.03,-14.01,20.46,1,1,1,1,38.46,136.00,-0.78,5246,6104,6269,6196,1.011,0.00,0.00,-6.63,12.81,0.
00,0.00
480,66721013,19.99,1,3,10.13,1,1,1.00,0.67,16.09,-30.98,-14.01,20.46,1.85,-3.83,14.54,-23.78,-3.08,-2.61,-0.01,-0.01,-3.08,-2.61,1.90,0.31,0.19,-2.15,-0.60,0.09,-3.08,-2.36,-2.61,-1.82,-1.04,-2.66,-3.51,7.05,-0.65,-1.18,0.11,0.42,-5.54,7.98,-1.78,0.2463,0.00,0
.00,-14.01,20.46,1,0,0,0,38.42,135.98,-0.52,5433,6023,6320,6075,1.011,0.00,0.00,-6.87,13.24,0.00,0.00
481,66741022,20.01,1,3,10.13,1,1,1.00,0.66,16.37,-31.39,-12.81,17.84,1.86,-3.83,14.17,-22.31,-2.80,-2.46,-0.01,-0.01,-2.80,-2.46,1.86,0.31,0.13,-2.01,-0.60,0.16,-2.80,
-2.26,-2.46,-1.72,1.07,-0.81,-0.62,0.97,0.15,-0.56,0.11,0.60,-3.37,-0.88,0.00,0.3395,0.31,-26.69,-12.81,17.84,1,1,1,1,38.50,135.93,-0.93,5793,6122,6162,5752,1.011,0.00,0.00,-7.12,13.66,0.00,0.00
482,66761021,20.00,1,3,10.13,1,1,1.00,0.65,16.63,-31.75,-11.68,15.24,1.87
,-3.83,13.36,-20.16,-2.42,-2.24,-0.01,-0.01,-2.42,-2.24,1.75,0.31,0.04,-1.82,-0.60,0.26,-2.42,-2.28,-2.24,-1.81,2.80,0.85,2.36,-3.08,0.86,0.31,0.11,0.43,-0.52,-8.78,1.38,0.2501,0.77,-67.64,-11.68,15.24,1,1,1,1,38.54,135.90,-1.07,6070,6231,6093,5480,1.011,0.00,0.00,-7.35
,14.03,0.00,0.00
483,66781022,20.00,1,3,10.13,1,1,1.00,0.64,16.86,-32.06,-10.70,12.66,1.87,-3.82,12.48,-17.74,-2.03,-2.02,-0.01,-0.01,-2.03,-2.02,1.63,0.31,-0.04,-1.60,-0.61,0.36,-2.03,-2.32,-2.02,-2.00,2.80,1.89,3.74,-1.63,0.56,0.50,0.11,-0.05,1.84,-10.45,1
.37,0.0864,0.22,-19.83,-10.70,12.66,1,1,1,1,38.74,135.81,-2.00,6019,6289,6076,5509,1.011,0.00,0.00,-7.55,14.36,0.00,0.00
484,66801024,20.00,1,3,10.13,1,1,1.00,0.63,17.08,-32.31,-8.21,11.18,1.88,-3.82,10.65,-15.86,-1.77,-1.57,-0.01,-0.01,-1.77,-1.57,1.39,0.31,-0.17,-1.
43,-0.61,0.41,-1.77,-2.31,-1.57,-2.16,2.80,2.80,4.52,4.03,-0.57,-0.04,0.11,-0.64,4.67,-4.92,0.26,0.0002,19.72,-5.46,-8.21,11.18,1,1,1,0,38.56,135.83,-1.06,5780,6287,6069,5863,1.011,0.00,0.00,-7.73,14.63,0.00,0.00
485,66821030,20.01,1,3,10.12,1,1,1.00,0.63,17.24,-32.5
3,-10.36,13.18,1.88,-3.82,11.19,-16.32,-1.98,-1.79,-0.01,-0.01,-1.98,-1.79,1.47,0.31,-0.10,-1.47,-0.61,0.30,-1.98,-2.16,-1.79,-2.16,0.51,0.52,1.06,9.21,-0.95,-0.59,0.11,-0.46,1.72,3.95,-0.85,0.0311,-34.63,35.82,-10.36,13.18,1,1,1,0,38.74,135.73,-1.98,5591,6137,6110,606
5,1.011,0.00,0.00,-7.88,14.86,0.00,0.00
486,66841028,20.00,1,3,10.12,1,1,1.00,0.63,17.45,-32.80,-12.88,12.07,1.89,-3.81,12.93,-15.85,-1.94,-2.24,-0.01,-0.01,-1.94,-2.24,1.69,0.31,0.06,-1.43,-0.61,0.27,-1.94,-2.00,-2.24,-2.03,0.60,-2.47,0.79,10.81,-1.44,-1.22,0.11,-0.3
1,-3.15,10.68,-2.17,-0.3234,-57.24,-0.63,-12.88,12.07,1,1,1,1,38.46,135.79,-0.42,5336,6091,6284,6290,1.011,0.00,0.00,-8.05,15.14,0.00,0.00
487,66861028,20.00,1,3,10.12,1,1,1.00,0.60,17.71,-33.04,-11.85,11.81,1.90,-3.81,13.02,-15.50,-1.93,-2.22,-0.01,-0.01,-1.93,-2.22,1.71,0
.31,0.05,-1.40,-0.61,0.24,-1.93,-1.82,-2.22,-1.80,0.43,-1.47,0.07,6.44,-0.16,-0.71,0.10,0.44,-2.81,9.02,-1.78,0.2627,-0.09,8.91,-11.85,11.81,1,1,1,0,38.79,135.63,-2.03,5522,5933,6361,6036,1.012,0.00,0.00,-8.26,15.41,0.00,0.00
488,66881028,20.00,1,3,10.12,1,1,1.00,0.59,
17.94,-33.27,-11.83,9.31,1.91,-3.80,13.07,-13.85,-1.65,-2.22,-0.01,-0.01,-1.65,-2.22,1.71,0.31,0.05,-1.25,-0.61,0.29,-1.65,-1.72,-2.22,-1.68,1.99,-0.96,2.21,2.65,0.13,-0.32,0.10,0.35,-2.69,0.81,0.15,0.1501,-11.58,-29.86,-11.83,9.31,1,1,1,1,38.51,135.70,-0.55,5878,6176,6
169,5803,1.011,0.00,0.00,-8.45,15.67,0.00,0.00
489,66901030,20.00,1,3,10.12,1,1,1.00,0.60,18.18,-33.46,-9.34,6.81,1.92,-3.80,11.62,-11.68,-1.31,-1.84,-0.01,-0.01,-1.31,-1.84,1.52,0.32,-0.07,-1.05,-0.61,0.37,-1.31,-1.69,-1.84,-1.73,2.80,1.73,4.02,0.56,0.58,0.21,0.10,0.
27,1.38,-6.20,0.95,0.1126,29.16,-34.85,-9.34,6.81,1,1,1,1,38.51,135.70,-0.51,6027,6162,6065,5622,1.012,0.00,0.00,-8.63,15.89,0.00,0.00
490,66921025,20.00,1,3,10.12,1,1,1.00,0.60,18.37,-33.60,-8.58,5.22,1.93,-3.79,10.60,-9.85,-1.10,-1.62,-0.01,-0.01,-1.10,-1.62,1.39,0.
32,-0.14,-0.89,-0.61,0.41,-1.10,-1.66,-1.62,-1.87,2.80,2.47,4.58,2.64,0.07,0.17,0.10,-0.20,3.26,-8.07,1.37,-0.0346,0.14,-13.16,-8.58,5.22,1,1,1,0,38.51,135.70,-0.51,5970,6330,5987,5590,1.012,0.00,0.00,-8.77,16.05,0.00,0.00
491,66941035,20.01,1,3,10.12,1,1,1.00,0.59,18.
54,-33.70,-7.27,4.08,1.94,-3.79,9.42,-8.42,-0.96,-1.36,-0.01,-0.01,-0.96,-1.36,1.23,0.32,-0.20,-0.76,-0.61,0.42,-0.96,-1.58,-1.36,-1.98,2.65,2.80,4.63,5.29,-0.25,-0.09,0.10,-0.25,4.80,-3.44,0.33,-0.0185,7.90,-9.11,-7.27,4.08,1,1,1,0,38.65,135.60,-1.19,5794,62
33,6081,5771,1.012,0.00,0.00,-8.90,16.18,0.00,0.00
492,66961035,20.00,1,3,10.12,1,1,1.00,0.59,18.68,-33.78,-8.67,3.74,1.95,-3.78,9.79,-7.64,-0.93,-1.52,-0.01,-0.01,-0.93,-1.52,1.28,0.32,-0.13,-0.69,-0.61,0.38,-0.93,-1.45,-1.52,-1.97,1.93,0.84,3.58,7.66,-0.53,-0.38,0.1
0,-0.25,2.25,4.15,-0.75,0.0158,-24.96,-0.26,-8.67,3.74,1,1,1,0,38.66,135.56,-1.16,5675,6103,6161,6015,1.012,0.00,0.00,-9.00,16.28,0.00,0.00
493,66981035,20.00,1,3,10.12,1,1,1.00,0.60,18.86,-33.86,-11.15,5.04,1.96,-3.77,11.41,-8.12,-1.08,-1.96,-0.01,-0.01,-1.0
8,-1.96,1.50,0.32,0.02,-0.73,-0.61,0.28,-1.08,-1.29,-1.96,-1.81,0.33,-2.15,0.99,7.79,-0.46,-0.53,0.10,-0.03,-2.63,10.18,-1.88,-0.0597,-44.11,20.22,-11.15,5.04,1,1,1,1,38.53,135.57,-0.43,5537,5946,6319,6155,1.012,0.00,0.00,-9.13,16.38,0.00,0.00
494,67001036,20.00,1,3,10
.12,1,1,1.00,0.60,19.08,-33.96,-13.62,2.57,1.97,-3.77,13.56,-6.85,-0.94,-2.48,-0.01,-0.01,-0.94,-2.48,1.78,0.32,0.18,-0.62,-0.62,0.30,-0.94,-1.14,-2.48,-1.59,1.06,-2.80,1.69,7.11,-0.64,-0.76,0.09,0.03,-6.25,9.06,-1.72,-0.0188,-54.50,-49.88,-13.62,2.57,1,1,1,1,38.58,135
.53,-0.65,5495,5994,6279,6120,1.012,0.00,0.00,-9.28,16.52,0.00,0.00
495,67021039,20.00,1,3,10.12,1,1,1.00,0.60,19.35,-34.01,-13.16,0.11,1.99,-3.75,14.18,-4.86,-0.70,-2.56,-0.01,-0.01,-0.70,-2.56,1.86,0.32,0.19,-0.44,-0.62,0.37,-0.70,-1.03,-2.56,-1.46,2.19,-2.32,3.25,3.
88,0.18,-0.27,0.09,0.36,-6.88,1.70,-0.61,0.0074,-7.87,-32.81,-13.16,0.11,1,1,1,1,38.61,135.51,-0.75,5790,6006,6216,5903,1.013,0.00,0.00,-9.46,16.63,0.00,0.00
496,67041041,20.00,1,3,10.12,1,1,1.00,0.61,19.62,-34.01,-10.70,-1.45,2.01,-3.74,12.99,-3.11,-0.50,-2.20,-0.01,
-0.01,-0.50,-2.20,1.70,0.32,0.06,-0.28,-0.62,0.40,-0.50,-0.97,-2.20,-1.51,2.62,0.70,4.12,2.04,0.50,0.15,0.09,0.25,-1.63,-7.22,0.67,-0.0337,33.65,-19.65,-10.70,-1.45,1,1,1,1,38.72,135.45,-1.30,6007,6136,6089,5698,1.013,0.00,0.00,-9.62,16.69,0.00,0.00
497,67061
040,20.00,1,3,10.11,1,1,1.00,0.63,19.83,-33.98,-9.84,-2.67,2.03,-3.73,12.01,-1.66,-0.36,-1.96,-0.01,-0.01,-0.36,-1.96,1.57,0.32,-0.03,-0.15,-0.62,0.41,-0.36,-0.94,-1.96,-1.70,2.56,1.92,4.41,1.74,0.39,0.30,0.09,-0.01,1.09,-12.17,1.83,0.0630,0.19,-16.89,-9.84,-2.67,1,1,1,0,38.45
,135.54,0.16,6148,6329,5950,5562,1.013,0.00,0.00,-9.75,16.71,0.00,0.00
498,67081042,20.00,1,3,10.11,1,1,1.00,0.63,20.03,-33.93,-7.79,-2.05,2.04,-3.72,10.40,-1.43,-0.41,-1.57,-0.01,-0.01,-0.41,-1.57,1.36,0.32,-0.14,-0.13,-0.62,0.35,-0.41,-0.87,-1.57,-1.92,1.38,2.80,2.86
,4.61,-0.18,-0.03,0.09,-0.25,3.89,-8.68,0.89,-0.1247,16.22,5.18,-7.79,-2.05,1,1,1,0,38.43,135.55,0.30,5866,6292,6011,5680,1.013,0.00,0.00,-9.86,16.71,0.00,0.00
499,67101042,20.00,1,3,10.11,1,1,1.00,0.64,20.18,-33.89,-8.58,-1.36,2.06,-3.71,10.22,-1.74,-0.53,-1.59,-0.01
,-0.01,-0.53,-1.59,1.34,0.32,-0.13,-0.16,-0.62,0.26,-0.53,-0.77,-1.59,-2.00,0.18,1.72,0.94,6.32,-0.55,-0.43,0.09,-0.21,3.04,-0.74,-0.21,-0.0674,-17.85,6.68,-8.58,-1.36,1,1,1,0,38.30,135.61,0.97,5721,6142,6051,5923,1.013,0.00,0.00,-9.95,16.70,0.00,0.00
500,67121044,20.
00,1,3,10.11,1,1,1.00,0.65,20.35,-33.86,-10.74,-0.37,2.07,-3.70,11.43,-2.47,-0.69,-1.93,-0.01,-0.01,-0.69,-1.93,1.50,0.32,-0.01,-0.22,-0.62,0.16,-0.69,-0.66,-1.93,-1.94,-0.88,-0.98,-0.99,4.46,-0.18,-0.44,0.09,0.17,-0.97,6.31,-1.29,0.0270,-36.03,11.26,-10.74,-0.37,1,1,1,
0,38.65,135.48,-0.79,5609,5937,6228,5996,1.013,0.00,0.00,-10.05,16.72,0.00,0.00
501,67141048,20.00,1,3,10.11,1,1,1.00,0.64,20.57,-33.85,-9.88,-1.67,2.09,-3.69,11.43,-1.98,-0.65,-1.91,-0.01,-0.01,-0.65,-1.91,1.50,0.33,-0.01,-0.18,-0.62,0.16,-0.65,-0.59,-1.91,-1.79,-0.3
1,-0.50,-0.49,2.23,-0.10,-0.40,0.09,0.22,-0.88,8.05,-1.64,0.0561,0.19,-16.84,-9.88,-1.67,1,1,1,0,38.47,135.53,0.15,5567,5975,6382,6027,1.013,0.00,0.00,-10.18,16.76,0.00,0.00
502,67161046,20.00,1,3,10.11,1,1,1.00,0.63,20.77,-33.82,-10.11,-3.08,2.10,-3.68,11.59,-0.94,-0.
52,-1.95,-0.01,-0.01,-0.52,-1.95,1.52,0.33,0.01,-0.08,-0.62,0.19,-0.52,-0.58,-1.95,-1.65,0.58,-0.58,0.76,0.04,0.24,-0.07,0.09,0.21,-1.54,3.58,-0.32,-0.0236,-12.79,-19.72,-10.11,-3.08,1,1,1,0,38.51,135.51,0.01,5770,6077,6222,5791,1.013,0.00,0.00,-10.30,16.78,0.00,0.00

503,67181048,20.00,1,3,10.11,1,1,1.00,0.62,20.97,-33.76,-9.30,-4.17,2.12,-3.67,11.19,0.00,-0.41,-1.84,-0.01,-0.01,-0.41,-1.84,1.47,0.33,-0.03,0.00,-0.62,0.21,-0.41,-0.59,-1.84,-1.64,1.02,0.28,1.59,-1.24,0.51,0.25,0.09,0.17,-0.39,-2.82,0.59,-0.0330,0.18,-16.98,-9.30,-4.1
7,1,1,1,0,38.45,135.54,0.33,5943,6150,6131,5653,1.013,0.00,0.00,-10.42,16.77,0.00,0.00
504,67201047,20.00,1,3,10.11,1,1,1.00,0.61,21.15,-33.67,-8.56,-5.00,2.14,-3.66,10.60,0.06,-0.45,-1.71,-0.01,-0.01,-0.45,-1.71,1.39,0.33,-0.07,0.01,-0.62,0.17,-0.45,-0.61,-1.71,-1.7
0,0.46,1.02,0.98,-0.91,0.42,0.31,0.09,0.02,0.99,-6.34,1.06,-0.1268,0.16,-14.74,-8.56,-5.00,1,1,1,0,38.51,135.52,0.02,5922,6280,6113,5531,1.013,0.00,0.00,-10.52,16.74,0.00,0.00
505,67221050,20.00,1,3,10.11,1,1,1.00,0.57,21.33,-33.57,-7.88,-4.87,2.16,-3.65,9.9
7,0.38,-0.43,-1.57,-0.01,-0.01,-0.43,-1.57,1.31,0.33,-0.10,0.03,-0.62,0.16,-0.43,-0.61,-1.57,-1.80,0.39,1.50,0.94,1.47,-0.21,-0.06,0.09,-0.23,2.25,-4.84,0.50,-0.1344,0.03,-3.24,-7.88,-4.87,1,1,1,0,38.32,135.59,1.05,5787,6285,6098,5710,1.013,0.00,0.00,-10.60,16.69,0.00,
0.00
506,67241045,20.00,1,3,10.11,1,1,1.00,0.56,21.48,-33.48,-7.88,-4.87,2.17,-3.64,9.72,0.52,-0.44,-1.54,-0.01,-0.01,-0.44,-1.54,1.27,0.33,-0.10,0.05,-0.62,0.14,-0.44,-0.57,-1.54,-1.85,0.18,1.17,0.60,2.34,-0.20,-0.17,0.09,-0.11,2.14,0.20,-0.32,-0.0479,0.00,0.00,-7.88
,-4.87,1,0,0,0,38.45,135.55,0.36,5683,6121,6153,5821,1.013,0.00,0.00,-10.68,16.65,0.00,0.00
507,67261053,20.01,1,3,10.11,1,1,1.00,0.55,21.64,-33.38,-8.92,-4.33,2.19,-3.62,10.23,0.26,-0.51,-1.70,-0.01,-0.01,-0.51,-1.70,1.34,0.33,-0.04,0.02,-0.62,0.09,-0.51,-0.52,-1.
70,-1.78,-0.29,-0.21,-0.26,2.43,-0.10,-0.23,0.09,0.04,0.05,5.22,-1.06,0.0616,-20.20,1.45,-8.92,-4.33,1,1,1,0,38.32,135.61,1.08,5614,6029,6283,5922,1.013,0.00,0.00,-10.76,16.60,0.00,0.00
508,67281058,20.00,1,3,10.11,1,1,1.00,0.53,21.82,-33.29,-10.81,-4.00,2.20,-3.61,11.
56,0.00,-0.57,-2.04,-0.01,-0.01,-0.57,-2.04,1.51,0.33,0.07,0.00,-0.62,0.06,-0.57,-0.49,-2.04,-1.65,-0.54,-2.23,-0.79,1.05,-0.02,-0.16,0.09,0.05,-3.47,5.71,-1.01,-0.0396,-31.65,-0.29,-10.81,-4.00,1,1,1,0,38.49,135.57,0.22,5575,6047,6308,5848,1.013,0.00,0.00,-10.86,16.57
,0.00,0.00
509,67301057,20.00,1,3,10.11,1,1,1.00,0.49,22.04,-33.21,-12.04,-4.49,2.22,-3.60,12.84,0.12,-0.56,-2.33,-0.01,-0.01,-0.56,-2.33,1.68,0.33,0.15,0.01,-0.62,0.05,-0.56,-0.48,-2.33,-1.56,-0.31,-2.80,-0.55,-0.06,0.11,-0.09,0.09,0.11,-5.53,2.28,-0.71,-0.0991,-25.69
,-9.99,-12.04,-4.49,1,1,1,0,38.38,135.62,0.81,5641,6105,6320,5800,1.013,0.00,0.00,-10.98,16.55,0.00,0.00
510,67321057,20.00,1,3,10.11,1,1,1.00,0.46,22.28,-33.12,-10.14,-7.05,2.24,-3.58,12.28,1.71,-0.33,-2.13,-0.01,-0.01,-0.33,-2.13,1.61,0.34,0.08,0.15,-0.62,0.14,-0.33
,-0.49,-2.13,-1.56,1.22,-0.58,1.74,-1.01,0.30,0.06,0.09,0.15,-2.38,-4.04,0.19,0.0564,11.21,-50.89,-10.14,-7.05,1,1,1,1,38.37,135.64,0.88,5798,6157,6186,5668,1.013,0.00,0.00,-11.12,16.53,0.00,0.00
511,67341058,20.00,1,3,10.11,1,1,1.00,0.44,22.48,-32.98,-9.30,-7.70,2.26,
-3.57,11.57,2.76,-0.18,-1.94,-0.01,-0.01,-0.18,-1.94,1.52,0.34,0.01,0.25,-0.62,0.18,-0.18,-0.52,-1.94,-1.69,1.72,0.77,2.81,-1.62,0.64,0.42,0.09,0.13,-0.04,-8.88,1.24,-0.0348,0.11,-15.06,-9.30,-7.70,1,1,1,0,38.19,135.74,1.76,5948,6282,6123,5450,1.013,0.00,0.00,-11.22,16
.46,0.00,-0.00
512,67361059,20.00,1,3,10.12,1,1,1.00,0.40,22.67,-32.83,-8.55,-7.08,2.28,-3.55,10.85,2.85,-0.22,-1.77,-0.01,-0.01,-0.22,-1.77,1.42,0.34,-0.05,0.26,-0.62,0.15,-0.22,-0.55,-1.77,-1.86,0.88,1.57,1.94,-0.84,0.47,0.46,0.09,-0.08,1.88,-8.30,0.92,-0.1462,0.00,
0.00,-8.55,-7.08,1,1,1,0,38.34,135.72,1.00,5846,6254,6134,5478,1.013,0.00,0.00,-11.32,16.39,0.00,-0.00
513,67381060,20.00,1,3,10.12,1,1,1.00,0.37,22.84,-32.69,-7.44,-6.74,2.30,-3.53,9.91,2.71,-0.27,-1.55,-0.01,-0.01,-0.27,-1.55,1.30,0.34,-0.11,0.24,-0.61,0.1
1,-0.27,-0.54,-1.55,-1.97,0.25,2.35,1.13,1.66,-0.14,0.03,0.09,-0.27,3.69,-2.15,-0.18,-0.0963,5.18,-2.86,-7.44,-6.74,1,1,1,0,38.11,135.84,2.20,5659,6189,6198,5743,1.012,0.00,0.00,-11.41,16.33,0.00,-0.00
514,67401061,20.00,1,3,10.12,1,1,1.00,0.34,22.99,-32.55,-9.95,-6.22
,2.31,-3.52,10.96,2.35,-0.35,-1.87,-0.01,-0.01,-0.35,-1.87,1.44,0.34,-0.01,0.21,-0.61,0.07,-0.35,-0.50,-1.87,-1.92,-0.31,-0.42,0.18,2.28,-0.09,-0.14,0.09,-0.03,-0.26,6.19,-1.24,-0.0189,-39.99,-0.24,-9.95,-6.22,1,1,1,1,38.32,135.79,1.06,5515,5991,6295,5866,1.012,0.00,0.0
0,-11.49,16.27,0.00,-0.00
515,67421064,20.00,1,3,10.12,1,1,1.00,0.30,23.18,-32.43,-12.44,-5.62,2.33,-3.51,12.85,1.86,-0.43,-2.34,-0.01,-0.01,-0.43,-2.34,1.68,0.34,0.14,0.17,-0.61,0.02,-0.43,-0.46,-2.34,-1.73,-0.74,-2.80,-0.65,0.86,0.16,-0.09,0.09,0.15,-4.76,11.05,-2.27
,-0.0231,-47.78,1.23,-12.44,-5.62,1,1,1,1,38.24,135.84,1.51
,5397,5893,6535,5955,1.012,0.00,0.00,-11.58,16.20,0.00,-0.00
516,67441065,20.00,1,3,10.12,1,1,1.00,0.27,23.43,-32.32,-11.45,-5.79,2.36,-3.50,13.09,1.75,-0.45,-2.33,-0.01,-0.01,-0.45,-2.33,1.72,0.34,0.13,0.16,-0.61,0.01,-0.45,-0.47,-2.33,-1.53,-0.60,-1.79,-0.54,-1.36,0.
39,0.09,0.09,0.21,-4.67,8.33,-1.76,-0.1186,0.04,-7.68,-11.45,-5.79,1,1,1,0,38.35,135.83,0.92,5488,5914,6483,5850,1.012,0.00,0.00,-11.69,16.12,0.00,0.00
517,67461067,20.00,1,3,10.12,1,1,1.00,0.23,23.66,-32.20,-9.39,-8.27,2.38,-3.48,12.04,3.15,-0.21,-2.02,-0.01,-0.01,-0.21,-2.
02,1.58,0.34,0.02,0.28,-0.61,0.10,-0.21,-0.54,-2.02,-1.45,1.13,0.72,2.19,-3.68,0.71,0.39,0.09,0.22,-1.14,-1.25,0.30,-0.1352,14.44,-39.15,-9.39,-8.27,1,1,1,1,38.13,135.94,2.10,5833,6143,6253,5565,1.012,0.00,0.00,-11.82,16.08,0.00,0.00
518,67481068,20.00,1,3,10.12,1,1,1
.00,0.20,23.85,-32.03,-6.92,-7.48,2.40,-3.46,10.18,3.31,-0.22,-1.56,-0.01,-0.01,-0.22,-1.56,1.33,0.35,-0.12,0.30,-0.61,0.09,-0.22,-0.62,-1.56,-1.54,0.63,2.80,1.91,-4.97,1.23,0.89,0.09,0.23,2.74,-8.46,1.56,0.0391,48.17,1.63,-6.92,-7.48,1,1,1,1,38.29,135.92,1.23,6011,6239
,6152,5274,1.012,0.00,0.00,-11.92,16.01,0.00,-0.00
519,67501067,20.00,1,3,10.12,1,1,1.00,0.16,23.99,-31.88,-6.37,-6.89,2.41,-3.44,9.07,3.06,-0.29,-1.36,-0.01,-0.01,-0.29,-1.36,1.19,0.35,-0.18,0.28,-0.61,0.05,-0.29,-0.71,-1.36,-1.71,-0.02,2.80,1.33,-3.45,0.60,0.67,0.10,
-0.18,3.92,-7.12,1.10,-0.0799,0.00,0.00,-6.37,-6.89,1,1,1,0,38.06,136.03,2.30,5908,6263,6130,5461,1.012,0.00,0.00,-12.00,15.95,0.00,-0.00
520,67521069,20.00,1,3,10.12,1,1,1.00,0.13,24.12,-31.75,-6.87,-5.78,2.42,-3.43,8.88,2.33,-0.41,-1.36,-0.01,-0.01,-0.41,-1.36,1.16,
0.35,-0.16,0.21,-0.61,-0.00,-0.41,-0.76,-1.36,-1.77,-0.76,1.83,0.34,-0.97,0.13,0.29,0.10,-0.26,3.15,1.18,-0.56,-0.1267,-12.70,7.17,-6.87,-5.78,1,1,1,0,38.20,136.02,1.56,5583,6090,6272,5696,1.012,0.00,0.00,-12.07,15.89,0.00,-0.00
521,67541069,20.00,1,3,10.12,1,1,1.00,0
.10,24.25,-31.63,-9.23,-4.12,2.44,-3.41,10.13,1.09,-0.60,-1.72,-0.01,-0.01,-0.60,-1.72,1.33,0.35,-0.03,0.10,-0.61,-0.08,-0.60,-0.76,-1.72,-1.66,-1.66,-1.02,-1.17,0.91,-0.18,-0.07,0.10,-0.21,-1.20,10.45,-2.13,-0.0077,-36.79,15.27,-9.23,-4.12,1,1,1,0,37.94,136.1
4,2.78,5365,5931,6443,5975,1.012,0.00,0.00,-12.14,15.84,0.00,-0.00
522,67561072,20.00,1,3,10.12,1,1,1.00,0.07,24.44,-31.55,-8.50,-2.95,2.46,-3.41,10.28,0.00,-0.75,-1.73,-0.01,-0.01,-0.75,-1.73,1.35,0.35,-0.02,0.00,-0.61,-0.13,-0.75,-0.74,-1.73,-1.40,-2.00,-0.77,-2.05,
0.83,-0.21,-0.25,0.10,-0.06,-1.83,13.35,-2.49,0.0406,-0.01,10.67,-8.50,-2.95,1,1,1,0,38.10,136.13,1.91,5313,5819,6420,6025,1.012,0.00,0.00,-12.22,15.78,0.00,-0.00
523,67581072,20.00,1,3,10.12,1,1,1.00,0.04,24.61,-31.49,-9.11,-2.09,2.48,-3.40,10.70,0.00,-0.73,-1.84,-0.
01,-0.01,-0.73,-1.84,1.40,0.35,0.02,0.00,-0.61,-0.11,-0.73,-0.74,-1.84,-1.17,-1.13,-1.17,-1.11,-0.95,0.10,-0.14,0.10,0.14,-3.40,8.20,-1.07,0.0536,-16.25,8.00,-9.11,-2.09,1,1,1,0,37.93,136.23,2.68,5541,6008,6317,5796,1.011,0.00,0.00,-12.29,15.73,0.00,0.00
524,67601074,
20.00,1,3,10.13,1,1,1.00,0.02,24.79,-31.45,-6.68,-1.92,2.49,-3.39,9.52,-0.50,-0.78,-1.53,-0.01,-0.01,-0.78,-1.53,1.25,0.35,-0.07,-0.04,-0.61,-0.12,-0.78,-0.79,-1.53,-1.09,-1.07,1.14,-1.06,-4.55,0.98,0.43,0.10,0.45,-0.27,-0.80,0.28,0.0481,21.78,0.01,-6.68,-1.92,1,1,1,0,3
8.14,136.21,1.51,5813,6046,6232,5480,1.011,0.00,0.00,-12.41,15.74,0.00,0.00
525,67621074,20.00,1,3,10.13,1,1,1.00,-0.01,24.92,-31.41,-4.22,-1.77,2.50,-3.38,7.64,-0.80,-0.81,-1.16,-0.01,-0.01,-0.81,-1.16,1.00,0.35,-0.20,-0.07,-0.61,-0.11,-0.81,-0.91,-1.16,-1.17,-0.84,
2.80,-0.51,-7.50,1.17,0.80,0.10,0.25,2.84,-6.50,1.28,0.0941,34.52,-0.00,-4.22,-1.77,1,1,1,1,38.08,136.27,1.84,6014,6166,6137,5367,1.011,0.00,0.00,-12.49,15.74,0.00,0.00
526,67641077,20.00,1,3,10.13,1,1,1.00,-0.03,25.01,-31.37,-1.77,-1.63,2.51,-3.38,5.44,-1.01,-0.81,-0
.74,-0.01,-0.01,-0.81,-0.74,0.71,0.35,-0.33,-0.09,-0.61,-0.10,-0.81,-1.05,-0.74,-1.30,-0.60,2.80,0.14,-6.60,0.82,0.76,0.10,-0.06,4.57,-4.99,0.78,0.0874,38.31,-0.02,-1.77,-1.63,1,1,1,1,38.27,136.23,0.80,5856,6175,6184,5435,1.011,0.00,0.00,-12.54,15.73,0.00,0.00

527,67661080,20.00,1,3,10.13,1,1,1.00,-0.06,25.04,-31.34,-1.63,0.32,2.51,-3.37,4.40,-2.18,-0.97,-0.59,-0.01,-0.01,-0.97,-0.59,0.58,0.35,-0.35,-0.20,-0.61,-0.16,-0.97,-1.14,-0.59,-1.32,-1.37,2.74,-0.83,-3.82,0.32,0.49,0.11,-0.28,5.22,3.46,-0.81,0.0961,0.03,23.25,-1.63,0.32,1,1,1,0,3
8.16,136.29,1.40,5617,6047,6345,5745,1.011,0.00,0.00,-12.56,15.72,0.00,-0.00
528,67681079,20.00,1,3,10.13,1,1,1.00,-0.09,25.08,-31.35,-1.50,0.50,2.51,-3.37,3.87,-2.80,-1.04,-0.55,-0.01,-0.01,-1.04,-0.55,0.51,0.36,-0.32,-0.25,-0.61,-0.16,-1.04,-1.19,-0.55,-1.16,-1.28,2.
03,-0.79,-1.78,-0.02,0.12,0.11,-0.25,3.99,11.88,-1.85,0.0371,0.00,2.63,-1.50,0.50,1,1,1,0,38.24,136.28,0.99,5452,5907,6390,5945,1.011,0.00,0.00,-12.58,15.73,0.00,0.00
529,67701082,20.00,1,3,10.13,1,1,1.00,-0.11,25.11,-31.36,-3.95,1.74,2.51,-3.37,5.00,-3.76,-1.15,-0.85,
-0.01,-0.01,-1.15,-0.85,0.66,0.36,-0.17,-0.34,-0.61,-0.19,-1.15,-1.20,-0.85,-0.89,-1.53,-0.52,-1.38,-0.26,-0.08,-0.07,0.11,-0.12,-0.38,13.98,-1.78,0.0973,-39.25,16.24,-3.95,1.74,1,1,1,1,38.22,136.30,1.08,5435,5962,6412,5926,1.010,0.00,0.00,-12.61,15.75,0.00,0
.00
530,67721082,20.00,1,3,10.13,1,1,1.00,-0.14,25.19,-31.39,-3.87,1.60,2.52,-3.37,5.46,-4.11,-1.17,-0.98,-0.01,-0.01,-1.17,-0.98,0.72,0.36,-0.10,-0.37,-0.61,-0.18,-1.17,-1.21,-0.98,-0.64,-1.09,-1.13,-0.94,-1.12,0.14,-0.03,0.11,0.07,-2.22,10.59,-1.43,-0.0556,-2.91,0.0
1,-3.87,1.60,1,1,1,0,38.46,136.22,-0.18,5526,5960,6374,5865,1.010,0.00,0.00,-12.67,15.79,0.00,0.00
531,67741083,20.00,1,3,10.13,1,1,1.00,-0.16,25.26,-31.42,-1.56,1.47,2.52,-3.37,4.38,-4.19,-1.15,-0.78,-0.01,-0.01,-1.15,-0.78,0.57,0.36,-0.16,-0.38,-0.61,-0.15,-1.15,-1.2
7,-0.78,-0.51,-0.57,0.52,-0.17,-4.92,1.01,0.50,0.11,0.40,-0.34,2.35,-0.08,0.1861,25.57,-0.07,-1.56,1.47,1,1,1,0,38.40,136.25,0.18,5844,6061,6351,5598,1.010,0.00,0.00,-12.73,15.84,0.00,0.00
532,67761080,20.00,1,3,10.13,1,1,1.00,-0.18,25.29,-31.45,-1.56,1.47,2.52,-3.37,
3.90,-4.22,-1.12,-0.71,-0.01,-0.01,-1.12,-0.71,0.51,0.36,-0.17,-0.38,-0.61,-0.12,-1.12,-1.38,-0.71,-0.54,-0.23,0.74,0.58,-6.17,1.00,0.75,0.11,0.13,0.21,-5.01,1.16,0.2008,0.00,0.00,-1.56,1.47,1,0,0,0,38.41,136.25,0.16,5992,6223,6183,5422,1.011,0.00,0.00,-12.76,15.87,0.00
,0.00
533,67781085,20.00,1,3,10.13,1,1,1.00,-0.20,25.33,-31.48,1.07,1.46,2.52,-3.37,2.23,-4.24,-1.10,-0.40,-0.01,-0.01,-1.10,-0.40,0.29,0.36,-0.26,-0.38,-0.61,-0.10,-1.10,-1.48,-0.40,-0.67,-0.02,2.41,1.21,-5.44,0.83,0.75,0.11,-0.05,3.27,-5.89,0.69,0.1363,58.29,1.35,1.
07,1.46,1,1,1,1,38.22,136.33,1.13,5914,6181,6218,5512,1.011,0.00,0.00,-12.79,15.90,0.00,0.00
534,67801086,20.00,1,3,10.13,1,1,1.00,-0.22,25.30,-31.51,0.98,1.34,2.52,-3.37,1.54,-4.18,-1.07,-0.30,-0.01,-0.01,-1.07,-0.30,0.20,0.36,-0.26,-0.38,-0.61,-0.07,-1.07,-1.56,-0.30
,-0.74,0.16,2.13,1.70,-3.33,0.44,0.57,0.12,-0.25,3.51,-0.50,-0.20,0.1047,0.00,0.00,0.98,1.34,1,1,1,0,38.42,136.26,0.12,5720,6092,6259,5657,1.011,0.00,0.00,-12.78,15.92,0.00,0.00
535,67821086,20.00,1,3,10.13,1,1,1.00,-0.22,25.28,-31.54,0.90,2.85,2.51,-3.37,1.27,-4.99,-
1.18,-0.30,-0.01,-0.01,-1.18,-0.30,0.17,0.36,-0.23,-0.45,-0.61,-0.11,-1.18,-1.58,-0.30,-0.68,-0.57,1.39,0.71,-0.63,0.15,0.29,0.12,-0.27,2.58,7.08,-1.36,0.1535,0.08,19.62,0.90,2.85,1,1,1,0,38.19,136.34,1.31,5600,5957,6354,5919,1.011,0.00,0.00,-12.77,15.94,0.00,0.00
536,
67841088,20.00,1,3,10.13,1,1,1.00,-0.23,25.27,-31.60,0.83,3.33,2.51,-3.37,1.19,-5.62,-1.26,-0.33,-0.01,-0.01,-1.26,-0.33,0.16,0.36,-0.19,-0.51,-0.61,-0.13,-1.26,-1.58,-0.33,-0.56,-0.83,0.72,0.19,-0.28,0.18,0.12,0.12,-0.07,1.43,9.37,-1.38,0.3377,0.03,8.70,0.83,3.33,1,1,
1,0,38.42,136.26,0.13,5535,5956,6368,5853,1.011,0.00,0.00,-12.78,15.98,0.00,0.00
537,67861086,20.00,1,3,10.13,1,1,1.00,-0.26,25.25,-31.66,-1.71,4.00,2.51,-3.38,2.58,-6.27,-1.33,-0.66,-0.01,-0.01,-1.33,-0.66,0.34,0.36,-0.05,-0.57,-0.61,-0.14,-1.33,-1.55,-0.66,-0.38,-1.00,-1.5
3,-0.30,2.18,-0.33,-0.25,0.12,-0.20,-2.43,10.75,-1.52,-0.2084,-35.98,11.62,-1.71,4.00,1,1,1,1,38.43,136.26,0.13,5449,6067,6380,5936,1.011,0.00,0.00,-12.78,16.03,0.00,0.00
538,67881091,20.00,1,3,10.13,1,1,1.00,-0.26,25.28,-31.74,0.17,3.67,2.50,-3.38,2.14,-6.38
,-1.32,-0.58,-0.01,-0.01,-1.32,-0.58,0.28,0.36,-0.07,-0.58,-0.61,-0.12,-1.32,-1.53,-0.58,-0.22,-0.58,-0.50,0.08,-0.70,0.46,0.05,0.12,0.29,-1.62,4.81,-0.75,0.3415,21.50,-0.10,0.17,3.67,1,1,1,0,38.36,136.21,0.54,5736,5984,6304,5811,1.011,0.00,0.00,-12.82,16.10,0.00,0.00


539,67901088,20.00,1,3,10.13,1,1,1.00,-0.26,25.28,-31.82,2.46,1.15,2.50,-3.38,0.66,-5.03,-1.09,-0.28,-0.01,-0.01,-1.09,-0.28,0.09,0.36,-0.17,-0.45,-0.61,-0.01,-1.09,-1.57,-0.28,-0.20,1.03,1.48,2.55,-4.90,1.21,0.62,0.12,0.45,1.21,-1.71,0.44,0.3492,28.62,-27.88,2.46,1.15
,1,1,1,1,38.36,136.21,0.54,5953,6063,6266,5518,1.011,0.00,0.00,-12.84,16.16,0.00,0.00
540,67921096,20.01,1,3,10.13,1,1,1.00,-0.27,25.23,-31.84,4.59,-1.35,2.50,-3.38,-0.05,-3.05,-0.78,-0.17,-0.01,-0.01,-0.78,-0.17,-0.01,0.36,-0.19,-0.28,-0.61,0.12,-0.78,-1.67,-0.17,-0.2
7,2.55,1.66,5.98,-6.37,1.41,1.11,0.13,0.16,2.00,-3.96,0.75,0.2929,29.08,-36.99,4.59,-1.35,1,1,1,1,38.48,136.17,-0.04,5995,6102,6278,5425,1.011,0.00,0.00,-12.82,16.17,0.00,-0.00
5
41,67941092,20.00,1,3,10.13,1,1,1.00,-0.29,25.14,-31.81,6.58,-1.25,2.48,-3.38,-1.98,-2.22,-0.68,0.19,-0.01,-0.01,-0.68,0.19,-0.26,0.36,-0.30,-0.20,-0.61,0.14,-0.68,-1.77,0.19,-0.34,2.29,2.80,6.78,-4.83,1.25,1.35,0.13,-0.24,4.49,-1.88,-0.03,-0.0268,29.41,-0.15,6.58,-1.25
,1,1,1,0,38.48,136.17,-0.04,5860,6062,6401,5538,1.011,0.00,0.00,-12.80,16.19,0.00,-0.00
542,67961096,20.00,1,3,10.13,1,1,1.00,-0.29,25.01,-31.79,6.05,-1.15,2.47,-3.37,-2.54,-1.91,-0.66,0.25,-0.01,-0.01,-0.66,0.25,-0.33,0.36,-0.28,-0.17,-0.61,0.14,-0.66,-1.78,0.25,-0.2
9,1.60,2.17,6.26,3.01,-0.20,0.47,0.14,-0.80,3.91,6.47,-1.12,0.0280,0.00,0.00,6.05,-1.15,1,1,1,0,38.38,136.18,0.52,5638,5998,6242,5986,1.011,0.00,0.00,-12.76,16.22,0.01,-0.01
543,67981093,20.00,1,3,10.12,1,1,1.00,-0.29,24.89,-31.76,4.01,-1.05,2.46,-3.37,-1.66,-1.82,-0.
68,0.01,-0.01,-0.01,-0.68,0.01,-0.22,0.36,-0.16,-0.16,-0.61,0.11,-0.68,-1.67,0.01,-0.16,0.96,-0.06,5.02,7.66,-0.44,-0.18,0.14,-0.39,0.50,9.97,-1.40,0.1675,-19.69,0.10,4.01,-1.05,1,1,1,0,38.39,136.18,0.52,5486,6050,6304,5971,1.011,0.00,0.00,-12.73,16.24,0.02,-0.02
544,
68001101,20.01,1,3,10.12,1,1,1.00,-0.31,24.81,-31.74,1.53,0.23,2.46,-3.38,0.00,-2.49,-0.80,-0.37,-0.01,-0.01,-0.80,-0.37,0.00,0.36,0.00,-0.22,-0.61,0.05,-0.80,-1.49,-0.37,0.07,-0.14,-2.35,2.15,9.28,-0.61,-0.53,0.13,-0.20,-3.75,12.20,-2.04,0.3198,-41.65,15.20,1.53,0.23,1
,1,1,1,38.36,136.18,0.70,5350,6020,6397,6048,1.011,0.00,0.00,-12.71,16.26,0.02,-0.03
545,68021096,20.00,1,3,10.12,1,1,1.00,-0.34,24.78,-31.75,0.50,-0.20,2.45,-3.38,0.30,-2.54,-0.82,-0.43,-0.01,-0.01,-0.82,-0.43,0.04,0.36,0.02,-0.23,-0.61,0.04,-0.82,-1.31,-0.43,0.26,-
0.21,-1.91,1.37,5.83,0.00,-0.46,0.13,0.33,-4.23,7.37,-1.38,0.2396,-11.45,-5.21,0.50,-0.20,1,1,1,0,38.36,136.18,0.70,5525,6009,6374,5889,1.011,0.00,0.00,-12.69,16.27,0.03,-0.03
546,68041101,20.00,1,3,10.12,1,1,1.00,-0.35,24.77,-31.74,1.55,-2.67,2.45,-3.38,0.31,-1.21,-0
.62,-0.43,-0.01,-0.01,-0.62,-0.43,0.04,0.36,0.02,-0.11,-0.61,0.11,-0.62,-1.25,-0.43,0.32,1.08,-1.24,3.10,0.01,0.88,0.17,0.13,0.57,-3.85,-0.72,0.06,0.3393,13.76,-53.82,1.55,-2.67,1,1,1,1,38.50,136.13,-0.00,5842,6073,6290,5594,1.011,0.00,0.00,-12.69,16.27,0.03,
-0.03
HISTORY_STATE_BEGIN,count=1000,fs=50
hseq,time_us,pos_err_y_dcm,ekf_vy_dcms,raw_roll_cdeg,roll_cur_cdeg,loc_vel_i_y_mdeg,loc_trim_roll_cdeg,loc_trim_pitch_cdeg,height_dcm,voltage_cV,flow_obs_vy_dcms,yaw_cdeg,yaw_err_cdeg,yaw_rate_cdps,yaw_rate_tgt_cdps,
yaw_out_milli,yaw_rate_p_milli,yaw_rate_i_milli,yaw_rate_d_milli,m1,m2,m3,m4,flow_obs_valid,flow_ekf_used,flags,phase
0,48059850,-34,215,-279,-173,-240,-1,-1,1376,1022,292,-17,17,191,15,778,-610,1377,13,5511,5748,5860,5685,1,1,31,3
1,48079856,-39,211,-277,-177,-242,-1
,-1,1377,1022,156,-15,15,79,13,1161,-227,1377,14,5597,5723,5999,5512,1,1,31,3
2,48099853,-43,185,-248,-189,-243,-1,-1,1377,1023,-140,-13,13,128,11,959,-406,1376,-8,5798,5667,5983,5346,1,1,31,3
3,48119855,-46,160,-212,-208,-245,-1,-1,1378,1023,-151,-10,10,122,9,982,-3
93,1376,3,5915,5716,6013,5296,1,1,31,3
4,48139855,-50,161,-201,-222,-246,-1,-1,1378,1023,168,-8,8,107,7,1024,-346,1375,-1,5750,5738,5971,5419,1,1,31,3
5,48159856,-53,185,-223,-225,-248,-1,-1,1379,1023,460,-6,6,88,5,1087,-288,1375,4,5610,5872,5887,5576,1,1,31,3
6,4817
9859,-57,210,-257,-217,-249,-1,-1,1379,1023,568,-5,5,62,4,1176,-199,1375,6,5429,5838,5918,5706,1,1,31,3
7,48199860,-61,215,-274,-208,-251,-1,-1,1380,1023,277,-5,5,16,4,1329,-43,1374,4,5458,5812,6034,5686,1,1,31,3
8,48219846,-65,203,-268,-207,-253,-1,-1,1379,1024,64,-
5,5,9,4,1354,-16,1374,2,5472,5701,6109,5623,1,1,31,3
9,48239864,-69,178,-240,-216,-254,-1,-1,1379,1024,-144,-5,5,52,4,1185,-171,1374,-11,5836,5604,6224,5367,1,1,31,3
10,48259864,-73,154,-205,-238,-256,-1,-1,1377,1024,-175,-4,4,63,3,1162,-207,1374,2,6008,5693,6108,5179
,1,1,31,3
11,48279863,-76,150,-190,-257,-257,-1,-1,1377,1024,108,-2,2,40,2,1243,-129,1374,6,5865,5841,6087,5407,1,1,31,3
12,48299865,-79,175,-211,-262,-259,-1,-1,1376,1024,586,-2,2,-24,2,1463,92,1374,5,5643,5957,6012,5554,1,1,31,3
13,48319867,-82,199,-244,-
252,-260,-1,-1,1376,1024,560,-2,2,44,2,1211,-149,1374,-6,5454,5928,6044,5878,1,1,31,3
14,48339868,-86,202,-260,-238,-262,-1,-1,1375,1024,240,-2,2,-32,2,1498,120,1374,13,5454,5933,6082,5770,1,1,31,3
15,48359865,-90,187,-250,-234,-263,-1,-1,1375,1024,0,-3,3,10,3,1327,-
28,1374,-11,5733,5721,6286,5573,1,1,31,3
16,48379870,-94,172,-233,-245,-265,-1,-1,1374,1024,0,-3,3,35,2,1249,-116,1374,-3,5923,5676,6312,5406,1,1,31,3
17,48399874,-98,148,-204,-263,-266,-1,-1,1372,1023,-130,-3,3,-52,3,1571,194,1374,11,5967,5930,6211,5345,1,1,31,3
18
,48419872,-100,140,-186,-274,-268,-1,-1,1371,1023,43,-4,4,-34,3,1493,132,1374,-6,5956,5964,6210,5431,1,1,31,3
19,48439874,-103,146,-186,-273,-269,-1,-1,1368,1023,216,-4,4,5,3,1357,-7,1374,-4,5641,6033,6143,5818,1,1,31,3
20,48459876,-106,134,-175,-260,-270,-1,-1,1368,1022,0,
-4,4,-40,4,1534,152,1374,14,5606,6008,6277,5869,1,1,31,3
21,48479869,-109,134,-173,-251,-272,-1,-1,1366,1021,0,-6,6,-158,5,1955,574,1375,12,5645,6020,6351,5695,0,0,7,3
22,48499877,-112,125,-164,-243,-273,-1,-1,1364,1021,20,-9,9,-29,8,1469,121,1375,-23,5803,5951,6334,5
705,1,1,31,3
23,48519882,-114,106,-144,-239,-274,-1,-1,1361,1020,-98,-8,8,16,7,1341,-31,1375,-2,5936,5946,6329,5631,1,1,31,3
24,48539881,-116,83,-116,-238,-275,-1,-1,1360,1020,-182,-9,9,-90,8,1735,344,1375,17,6019,6081,6393,5539,1,1,31,3
25,48559882,-118,67,-93,-235,
-276,-1,-1,1358,1019,-113,-11,11,-93,9,1730,357,1376,-3,5929,6161,6305,5624,1,1,31,3
26,48579883,-119,61,-82,-224,-276,-1,-1,1356,1019,0,-11,11,33,9,1278,-85,1376,-15,5873,6167,6225,5843,1,1,31,3
27,48599875,-120,73,-87,-206,-277,-1,-1,1354,1018,208,-11,11,-40,9,1559
,173,1376,6,5791,6212,6264,5862,1,1,31,3
28,48619886,-122,79,-97,-186,-278,-1,-1,1353,1018,152,-12,12,-63,11,1637,256,1377,0,5773,6120,6416,5899,1,1,31,3
29,48639889,-123,63,-90,-171,-278,-1,-1,1351,1017,-128,-14,14,-77,12,1697,309,1377,4,5779,6059,6441,5825,1,1,31,3


30,48659889,-125,38,-73,-164,-279,-1,-1,1350,1016,-271,-16,16,-153,14,1979,584,1378,9,5939,6136,6488,5640,1,1,31,3
31,48679891,-125,23,-56,-163,-279,-1,-1,1348,1016,-151,-19,19,-130,17,1895,509,1378,-3,6005,6186,6408,5588,1,1,31,3
32,48699891,-126,10,-41,-161,-280,-
1,-1,1348,1016,-134,-20,20,-38,18,1568,193,1379,-13,5983,6177,6346,5711,1,1,31,3
33,48719880,-126,-4,-26,-153,-280,-1,-1,1346,1016,-167,-20,20,-8,18,1479,92,1379,-2,5866,6147,6279,5779,1,1,31,3
34,48739893,-126,-3,-21,-143,-280,-1,-1,1346,1015,0,-21,21,-116,19,1884,4
75,1379,18,5762,6192,6382,5817,1,1,31,3
35,48759896,-126,3,-25,-127,-280,-1,-1,1344,1015,79,-24,24,-103,21,1820,432,1380,-4,5710,6161,6345,5835,1,1,31,3
36,48779896,-126,3,-28,-117,-280,-1,-1,1345,1015,1,-25,25,-188,22,2151,738,1381,18,5812,6156,6423,5631,1,1,31,3
37
,48799898,-126,-13,-21,-109,-281,-1,-1,1344,1015,-198,-29,29,-218,25,2252,850,1382,4,5602,6109,6383,5701,1,1,31,3
38,48819897,-126,-28,-9,-100,-281,-1,-1,1344,1015,-203,-32,32,-93,28,1793,418,1383,-21,5744,6057,6336,5702,1,1,31,3
39,48839900,-125,-27,-6,-92
,-280,-1,-1,1344,1016,-15,-33,33,-70,29,1744,346,1383,2,5796,6100,6236,5619,1,1,31,3
40,48859900,-125,-52,-10,-84,-280,-1,-1,1344,1016,-361,-35,35,-176,31,2130,723,1384,10,5725,6178,6234,5562,1,1,31,3
41,48879904,-124,-47,-7,-75,-280,-1,-1,1343,1016,0,-39,39,-154,34,2049,653
,1385,-2,5633,6162,6183,5629,1,1,31,3
42,48899904,-123,-44,-8,-65,-280,-1,-1,1344,1016,1,-41,41,-127,36,1963,570,1386,-5,5608,6054,6315,5724,1,1,31,3
43,48919903,-122,-63,4,-56,-280,-1,-1,1344,1016,-292,-44,44,-142,39,2030,631,1387,1,5503,5989,6329,5743,1,1,31,3
44,4
8939906,-121,-69,14,-52,-280,-1,-1,1345,1017,-144,-48,48,-198,41,2237,837,1388,1,5488,5947,6444,5722,1,1,31,3
45,48959910,-119,-71,19,-46,-279,-1,-1,1345,1017,-90,-50,50,-72,43,1781,400,1389,-17,5549,5933,6261,5704,1,1,31,3
46,48979908,-118,-69,19,-36,-279,-1,-1,1345
,1017,-48,-50,50,-28,44,1648,253,1389,-2,5673,6084,6085,5627,1,1,31,3
47,48999903,-116,-69,18,-26,-279,-1,-1,1345,1018,0,-52,52,-166,45,2162,744,1390,20,5695,6197,6067,5427,0,0,7,3
48,49019914,-115,-56,8,-20,-279,-1,-1,1346,1018,91,-55,55,-156,48,2106,714,1391,-6,573
7,6137,6155,5443,1,1,31,3
49,49039914,-114,-82,23,-19,-278,-1,-1,1346,1018,-707,-57,57,-66,50,1794,404,1392,-8,5731,6018,6125,5465,1,1,31,3
50,49059915,-112,-96,43,-18,-278,-1,-1,1347,1018,-259,-60,60,-148,52,2109,703,1393,7,5516,5950,6301,5620,1,1,31,3
51,49079914,
-110,-88,43,-14,-277,-1,-1,1347,1019,4,-63,63,-162,55,2159,758,1394,1,5389,5870,6352,5694,1,1,31,3
52,49099917,-109,-81,35,-6,-277,-1,-1,1349,1019,0,-66,66,-75,57,1843,459,1395,-15,5399,5917,6240,5785,1,1,31,3
53,49119919,-107,-71,22,6,-276,-1,-1,1348,1019,40,-67,67,
-102,59,1962,562,1395,1,5529,6063,6065,5563,1,1,31,3
54,49139919,-106,-96,43,14,-276,-1,-1,1350,1019,-659,-69,69,-132,60,2084,674,1396,11,5723,6158,6071,5406,1,1,31,3
55,49159919,-104,-121,75,14,-275,-1,-1,1349,1020,-442,-72,72,-94,63,1934,548,1397,-13,5814,6023,6095
,5283,1,1,31,3
56,49179923,-101,-136,100,12,-274,-1,-1,1351,1020,-299,-74,74,-54,64,1804,412,1398,-8,5780,5957,6182,5407,1,1,31,3
57,49199923,-98,-131,103,14,-274,-1,-1,1350,1020,-73,-75,75,-77,65,1906,502,1399,5,5508,5964,6124,5573,1,1,31,3
58,49219925,-96,-116,88,
28,-273,-1,-1,1352,1020,59,-77,77,-110,67,2020,621,1399,-1,5333,6070,6129,5800,1,1,31,3
59,49239924,-94,-101,67,50,-272,-1,-1,1352,1020,68,-78,78,-46,68,1796,402,1400,-7,5330,6028,6043,5793,1,1,31,3
60,49259925,-92,-111,70,66,-271,-1,-1,1353,1020,-232,-78,78,
23,68,1551,159,1400,-8,5500,5921,6126,5728,1,1,31,3
61,49279929,-89,-136,96,70,-271,-1,-1,1353,1020,-725,-78,78,-36,68,1778,370,1401,8,5788,5907,6150,5330,1,1,31,3
62,49299924,-87,-161,131,62,-270,-1,-1,1353,1020,-543,-80,80,-44,70,1796,399,1401,-4,6016,6016,6089,5140,1,1
,31,3
63,49319933,-83,-172,154,52,-268,-1,-1,1352,1020,-307,-80,80,28,70,1541,147,1402,-7,5913,5995,6043,5311,1,1,31,3
64,49339924,-80,-163,150,52,
-267,-1,-1,1352,1020,-49,-79,79,22,69,1573,169,1402,3,5669,6039,6052,5592,1,1,31,3
65,49359932,-77,-149,133,64,-266,-1,-1,1352,1020,3,-79,79,25,69,1558,156,1402,2,5459,6029,6059,5806,1,1,31,3
66,49379916,-74,-129,104,79,-265,-1,-1,1352,1020,107,-78,78,67,68,1404,5,140
2,-2,5439,5995,6069,5883,1,1,31,3
67,49399935,-71,-136,102,90,-264,-1,-1,1352,1020,-214,-77,77,32,67,1529,127,1402,0,5431,5888,6210,5860,1,1,31,3
68,49419928,-68,-151,118,91,-264,-1,-1,1352,1020,-327,-75,75,129,65,1174,-219,1402,-9,5990,5875,6121,5386,1,1,31,3
69,49
439936,-65,-171,145,78,-262,-1,-1,1353,1020,-409,-73,73,106,64,1254,-146,1402,-2,6148,5964,6055,5208,1,1,31,3
70,49459934,-62,-192,177,62,-261,-1,-1,1353,1020,-438,-71,71,127,62,1175,-223,1402,-3,5979,5918,6011,5329,1,1,31,3
71,49479939,-58,-177,169,58,-260,-1,-1,1354
,1020,-1,-68,68,177,59,984,-410,1401,-7,5832,5965,5912,5526,1,1,31,3
72,49499940,-55,-163,150,67,-259,-1,-1,1354,1020,1,-65,65,250,57,715,-675,1400,-10,5492,5984,5821,5935,1,1,31,3
73,49519936,-51,-163,143,90,-258,-1,-1,1354,1020,0,-60,60,270,52,643,-753,1399,-3,5505,
5853,5932,5941,0,0,7,3
74,49539941,-48,-137,110,105,-257,-1,-1,1354,1020,371,-54,54,231,47,772,-635,1398,9,5676,5790,6011,5718,1,1,31,3
75,49559946,-45,-153,121,109,-256,-1,-1,1354,1020,-335,-50,50,228,44,758,-640,1397,0,5780,5743,6051,5615,1,1,31,3
76,49579948,-42,
-174,147,98,-255,-1,-1,1356,1020,-401,-45,45,284,39,537,-852,1396,-7,6055,5795,5975,5432,1,1,31,3
77,49599948,-39,-186,169,85,-254,-1,-1,1355,1021,-320,-39,39,321,34,394,-999,1395,-2,6067,5822,5839,5387,1,1,31,3
78,49619951,-35,-171,158,79,-253,-1,-1,1356,1021,0,-32,
32,375,28,170,-1208,1394,-15,5893,5799,5851,5667,1,1,31,3
79,49639949,-32,-160,143,83,-252,-1,-1,1356,1021,-38,-24,24,442,21,-74,-1463,1392,-3,5632,5774,5805,5987,1,1,31,3
80,49659954,-28,-135,108,97,-251,-1,-1,1357,1021,428,-15,15,374,13,145,-1251,1390,6,5584,5806,5838,598
4,1,1,31,3
81,49679955,-26,-124,87,110,-250,-1,-1,1356,1021,0,-8,8,321,7,305,-1087,1388,5,5624,5777,5899,5891,1,1,31,3
82,49699952,-23,-130,88,114,-249,-1,-1,1356,1021,-194,-1,1,403,1,-29,-1401,1386,-14,5938,5819,5857,5753,1,1,31,3
83,49719953,-21,-141,103,108,-248,-
1,-1,1355,1021,-270,7,-7,407,-6,-55,-1436,1384,-3,6058,5763,5873,5607,1,1,31,3
84,49739953,-18,-153,124,98,-248,-1,-1,1355,1020,-294,14,-14,358,-12,101,-1287,1382,6,6036,5853,5895,5659,1,1,31,3
85,49759957,-15,-143,119,92,-247,-1,-1,1354,1020,-32,21,-21,411,-19,-126,-
1498,1380,-9,5962,5845,5870,5820,1,1,31,3
86,49779956,-12,-122,93,94,-246,-1,-1,1354,1020,130,30,-30,425,-26,-194,-1572,1378,0,5863,5914,5838,5991,1,1,31,3
87,49799958,-9,-112,75,102,-245,-1,-1,1352,1020,0,39,-39,447,-34,-303,-1674,1376,-5,5810,5844,5844,6038,1,1,31,3

88,49819959,-7,-103,61,107,-245,-1,-1,1352,1019,0,48,-48,490,-42,-489,-1855,1373,-6,5973,5801,5927,6013,1,1,31,3
89,49839963,-5,-95,49,104,-244,-1,-1,1351,1019,0,58,-58,497,-51,-542,-1910,1371,-2,6025,5740,5921,5922,1,1,31,3
90,49859964,-3,-88,38,96,-244,-1,-1,1352
,1019,0,68,-68,457,-59,-425,-1796,1368,4,6078,5805,5944,5895,1,1,31,3
91,49879964,-2,-81,29,86,-243,-1,-1,1351,1019,0,77,-77,485,-67,-566,-1926,1365,-5,6032,5762,5883,5912,1,1,31,3
92,49899960,0,-77,25,77,-243,-1,-1,1351,1019,-31,86,-86,472,-75,-550,-1909,1363,-3,597
5,5766,5880,5961,1,1,31,3
93,49919968,2,-52,1,69,-243,-1,-1,1351,1019,401,96,-96,463,-84,-543,-1905,1360,2,6018,5719,5931,5919,1,1,31,3
94,49939970,3,-37,-17,60,-243,-1,-1,1350,1018,135,105,-105,445,-91,-515,-1871,1357,0,5988,5750,5916,5951,1,1,31,3
95,49959968,3,-3
1,-26,49,-243,-1,-1,1349,1018,48,114,-114,443,-99,-537,-1891,1355,1,6018,5774,5946,5985,1,1,31,3
96,49979971,4,-28,-29,38,-243,-1,-1,1348,1018,-1,123,-123,461,-107,-635,-1982,1352,-4,6066,5739,5974,5982,1,1,31,3
97,49999971,5,-28,-27,26,-243,-1,-1,1349,1018,-18,132,-1
32,449,-115,-619,-1967,1349,1,6090,5758,5989,5984,1,1,31,3
98,50019974,5,-17,-33,15,-243,-1,-1,1347,1018,104,141,-141,469,-123,-730,-2069,1346,-5,6031,5700,5936,5991,1,1,31,3
99,50039976,6,-11,-39,8,-243,-1,-1,1347,1018,61,150,-150,441,-131,-652,-1997,1343,
3,6005,5808,5948,6095,1,1,31,3
100,50059968,6,-11,-38,6,-243,-1,-1,1346,1018,0,159,-159,455,-139,-737,-2075,1340,1,5993,5774,5903,6073,0,0,7,3
101,50079977,6,15,-46,4,-243,-1,-1,1347,1017,498,168,-168,421,-147,-641,-1981,1338,5,6052,5797,5960,6044,1,1,31,3
102,50099979,6,2
2,-56,1,-244,-1,-1,1347,1017,92,177,-177,467,-155,-847,-2173,1335,-5,6043,5719,5912,6036,1,1,31,3
103,50119978,5,32,-67,-2,-244,-1,-1,1347,1017,143,1
86,-186,435,-163,-753,-2088,1331,6,6016,5789,5834,6005,1,1,31,3
104,50139981,5,36,-72,-5,-245,-1,-1,1347,1017,80,195,-195,446,-170,-831,-2154,1328,-2,6065,5782,5784,5940,1,1,31,3
105,50159981,4,39,-75,-9,-245,-1,-1,1348,1017,79,204,-204,447,-178,-863,-2184,1325,-1,60
88,5784,5811,5962,1,1,31,3
106,50179982,3,64,-96,-14,-246,-1,-1,1348,1017,547,213,-213,415,-185,-777,-2099,1322,3,6024,5746,5808,5940,1,1,31,3
107,50199983,2,65,-101,-19,-246,-1,-1,1348,1017,68,221,-221,464,-193,-994,-2300,1319,-9,5999,5745,5782,6052,1,1,31,3
108,50
219985,1,80,-118,-23,-247,-1,-1,1349,1017,259,230,-230,427,-201,-879,-2196,1316,4,5969,5701,5818,6014,1,1,31,3
109,50239989,-1,70,-108,-29,-248,-1,-1,1350,1018,-47,239,-239,449,-208,-996,-2301,1313,-4,5996,5656,5824,6010,1,1,31,3
110,50259988,-3,74,-108,-37,-249,-1,-1
,1350,1018,121,248,-248,443,-216,-997,-2304,1310,1,6002,5608,5826,5958,1,1,31,3
111,50279990,-4,68,-99,-44,-249,-1,-1,1351,1018,1,257,-257,464,-224,-1108,-2407,1306,-3,6025,5622,5804,5986,1,1,31,3
112,50299992,-5,84,-112,-48,-250,-1,-1,1352,1018,261,266,-266,447,-232
,-1076,-2374,1303,-2
,5978,5618,5753,5961,1,1,31,3
113,50319993,-7,74,-103,-50,-251,-1,-1,1353,1018,-36,274,-274,425,-239,-1024,-2326,1300,5,5922,5665,5737,6021,1,1,31,3
114,50339993,-9,88,-116,-51,-252,-1,-1,1354,1018,247,283,-283,445,-247,-1131,-2421,1296,-3,5972,5550,5762,5938,1,1,31,
3
115,50359995,-10,81,-109,-53,-253,-1,-1,1354,1018,3,292,-292,412,-254,-1036,-2331,1293,4,5975,5625,5727,5923,1,1,31,3
116,50379998,-12,94,-122,-58,-254,-1,-1,1355,1018,242,300,-300,440,-262,-1177,-2459,1289,-5,6000,5535,5771,5928,1,1,31,3
117,50399997,-14,91,-121,
-62,-255,-1,-1,1357,1019,53,308,-308,420,-269,-1129,-2412,1286,0,5944,5589,5687,5928,1,1,31,3
118,50419997,-16,102,-132,-66,-256,-1,-1,1357,1019,230,317,-317,431,-276,-1199,-2477,1283,-2,5960,5517,5714,5903,1,1,31,3
119,50440001,-18,100,-133,-71,-257,-1,-1,1359,1019,
85,325,-325,380,-283,-1043,-2324,1279,3,5944,5582,5696,5885,1,1,31,3
120,50460000,-20,91,-121,-76,-257,-1,-1,1359,1019,-21,333,-333,400,-290,-1146,-2420,1
276,-1,5900,5528,5667,5900,1,1,31,3
121,50480004,-21,104,-132,-78,-258,-1,-1,1361,1020,254,340,-340,363,-296,-1041,-2313,1273,1,5905,5525,5720,5890,1,1,31,3
122,50500007,-23,100,-131,-80,-259,-1,-1,1362,1020,65,347,-347,335,-303,-960,-2234,1269,5,5832,5534,5657,5866,1,1,31,3
123,50520006,-25,125,
-159,-81,-260,-1,-1,1364,1020,451,353,-353,325,-308,-958,-2222,1266,-2,5871,5527,5683,5845,1,1,31,3
124,50540006,-28,122,-163,-83,-262,-1,-1,1364,1020,88,360,-360,319,-314,-953,-2220,1263,4,5825,5562,5604,5844,1,1,31,3
125,50560009,-30,130,-173,-88,-263,-1,
-1,1366,1021,221,366,-366,289,-319,-873,-2134,1260,0,5881,5502,5714,5796,1,1,31,3
126,50580002,-33,130,-175,-96,-264,-1,-1,1367,1021,0,371,-371,223,-324,-649,-1919,1257,13,5831,5524,5731,5766,0,0,7,3
127,50600009,-36,107,-148,-106,-265,-1,-1,1368,1021,-142,376,-376,23
9,-328,-739,-1992,1254,-2,5845,5469,5749,5762,1,1,31,3
128,50620011,-38,102,-134,-115,-266,-1,-1,1368,1022,46,380,-380,186,-331,-560,-1818,1252,5,5848,5482,5775,5704,1,1,31,3
129,50640013,-40,106,-135,-120,-267,-1,-1,1371,1022,157,383,-383,135,-334,-391,-1650,1249,8,
5769,5592,5727,5757,1,1,31,3
130,50660015,-42,126,-158,-117,-268,-1,-1,1372,1022,347,385,-385,89,-336,-248,-1499,1247,4,5650,5637,5622,5740,1,1,31,3
131,50680014,-44,137,-178,-110,-269,-1,-1,1373,1022,262,388,-388,128,-338,-399,-1643,1245,-3,5653,5656,5577,5791,1,1,31
,3
132,50700018,-47,155,-205,-105,-270,-1,-1,1374,1023,364,391,-391,166,-341,-545,-1785,1242,-3,5731,5523,5650,5730,1,1,31,3
133,50720018,-50,143,-199,-108,-271,-1,-1,1375,1023,0,393,-393,87,-343,-267,-1516,1240,8,5706,5518,5767,5720,1,1,31,3
134,50740020,-53,126,-1
78,-120,-273,-1,-1,1376,1023,-67,395,-395,115,-345,-384,-1620,1238,-3,5762,5343,5872,5655,1,1,31,3
135,50760021,-56,144,-192,-135,-274,-1,-1,1378,1023,353,397,-397,110,-346,-371,-1609,1235,0,5763,5369,5857,5659,1,1,31,3
136,50780024,-59,156,-209,-145,-275,-1,-1,1378,1024,295,399,-399,41,-348,-126,
-1371,1233,12,5559,5574,5669,5751,1,1,31,3
137,50800022,-62,165,-225,-143,-276,-1,-1,1380,1024,272,399,-399,-1,-348,6,-1226,1231,1,5525,5712,5627,5810,1,1,31,3
138,50820024,-65,175,-240,-138,-278,-1,-1,1379,1024,289,400,-400,67,-348,-245,-1468,1230,-8,5637,5663,5581,
5736,1,1,31,3
139,50840018,-69,167,-235,-139,-279,-1,-1,1379,1024,74,402,-402,112,-350,-406,-1630,1227,-6,5803,5575,5687,5674,1,1,31,3
140,50860029,-72,156,-221,-149,-281,-1,-1,1381,1024,31,404,-404,73,-352,-267,-1499,1225,6,5856,5446,5851,5581,1,1,31,3
141,50880025,-75,1
42,-200,-164,-282,-1,-1,1381,1024,-22,405,-405,63,-353,-249,-1469,1223,-4,5807,5440,5875,5639,1,1,31,3
142,50900028,-78,156,-209,-175,-283,-1,-1,1382,1024,315,406,-406,27,-354,-113,-1344,1221,10,5697,5505,5841,5708,1,1,31,3
143,50920025,-81,163,-219,-175,-285,-1,-1,13
82,1023,251,406,-406,-2,-354,-20,-1247,1219,7,5560,5709,5671,5831,1,1,31,3
144,50940033,-84,181,-243,-167,-286,-1,-1,1382,1023,387,406,-406,-33,-354,82,-1137,1218,2,5592,5718,5686,5769,1,1,31,3
145,50960028,-88,182,-251,-161,-288,-1,-1,1382,1023,195,406,-406,9,-354,-7
0,-1284,1216,-2,5686,5653,5721,5725,1,1,31,3
146,50980033,-91,175,-246,-162,-289,-1,-1,1384,1023,92,406,-406,-2,-354,-27,-1244,1214,3,5766,5558,5824,5629,1,1,31,3
147,51000033,-95,171,-239,-172,-291,-1,-1,1384,1023,119,405,-405,-72,-353,224,-997,1212,10,5749,5580,585
1,5564,1,1,31,3
148,51020036,-98,175,-241,-182,-292,-1,-1,1384,1023,224,404,-404,-44,-352,110,-1095,1211,-6,5718,5569,5829,5623,1,1,31,3
149,51040034,-102,169,-235,-188,-294,-1,-1,1384,1023,96,403,-403,-61,-351,181,-1029,1209,2,5630,5632,5813,5720,1,1,31,3


150,51060041,-105,193,-262,-188,-295,-1,-1,1385,1023,559,401,-401,-85,-350,267,-943,1208,3,5593,5639,5826,5731,1,1,31,3
151,51080037,-109,198,-275,-187,-297,-1,-1,1385,1023,257,399,-399,-142,-348,476,-737,1207,8,5510,5675,5831,5745,1,1,31,3
152,51100035,-113,198,-280
,-188,-299,-1,-1,1385,1024,0,396,-396,-123,-345,406,-794,1206,-3,5646,5642,5841,5623,0,0,7,3
153,51120040,-117,191,-272,-196,-300,-1,-1,1386,1024,108,394,-394,-105,-344,349,-851,1205,-3,5806,5607,5889,5506,1,1,31,3
154,51140043,-121,165,-240,-210,-302,-1,-1,1385,1024
,-129,392,-392,-178,-341,627,-585,1204,12,5808,5632,5925,5419,1,1,31,3
155,51160046,-124,185,-254,-224,-303,-1,-1,1385,1024,417,388,-388,-187,-338,65
3,-545,1203,-1,5753,5660,5939,5500,1,1,31,3
156,51180045,-128,211,-287,-228,-305,-1,-1,1385,1024,525,386,-386,-101,-336,353,-839,1202,-8,5552,5755,5753,5770,1,1,31,3
157,51200049,-132,233,-323,-221,-307,-1,-1,1385,1024,486,383,-383,-134,-334,485,-717,1201,4,5448,5774
,5824,5893,1,1,31,3
158,51220050,-137,240,-340,-214,-309,-1,-1,1384,1024,316,379,-379,-269,-330,983,-231,1200,20,5437,5790,5910,5744,1,1,31,3
159,51240052,-142,221,-323,-218,-311,-1,-1,1384,1024,0,374,-374,-181,-326,655,-528,1200,-13,5774,5682,5975,5537,1,1,
31,3
160,51260051,-146,203,-297,-236,-313,-1,-1,1384,1024,0,371,-371,-189,-323,710,-485,1199,0,5998,5642,6021,5291,1,1,31,3
161,51280055,-150,178,-260,-260,-314,-1,-1,1383,1024,-280,367,-367,-225,-320,848,-349,1198,3,5937,5697,6031,5344,1,1,31,3
162,51300056,-154
,190,-261,-273,-316,-1,-1,1382,1024,331,363,-363,-209,-316,797,-391,1198,-5,5650,5781,5948,5658,1,1,31,3
163,51320055,-157,215,-288,-268,-318,-1,-1,1383,1024,639,359,-359,-213,-313,833,-364,1197,4,5488,5898,5896,5866,1,1,31,3
164,51340044,-162,229,-313,-261,
-320,-1,-1,1382,1024,385,355,-355,-315,-310,1212,6,1197,15,5360,5892,5941,5832,1,1,31,3
165,51360059,-166,235,-330,-248,-321,-1,-1,1382,1024,313,349,-349,-301,-305,1158,-32,1197,-1,5420,5845,6012,5827,1,1,31,3
166,51380060,-171,211,-308,-247,-323,-1,-1,1381,1024,-76,3
44,-344,-228,-300,914,-272,1197,-6,5807,5659,6086,5456,1,1,31,3
167,51400060,-175,186,-274,-262,-325,-1,-1,1379,1024,-389,340,-340,-274,-296,1100,-94,1197,3,6001,5674,6150,5242,1,1,31,3
168,51420064,-179,174,-248,-282,-327,-1,-1,1379,1023,30,335,-335,-283,-292,1145,-
46,1197,0,6015,5907,6024,5312,1,1,31,3
169,51440065,-182,172,-237,-289,-328,-1,-1,1377,1023,153,330,-330,-258,-288,1067,-119,1197,-5,5752,6042,5877,5605,1,1,31,3
170,51460067,-186,188,-253,-279,-330,-1,-1,1376,1023,379,326,-326,-273,-284,1140,-55,1196,4,5558,6033,597
3,5846,1,1,31,3
171,51480066,-190,174,-244,-260,-331,-1,-1,1374,1022,6,320,-320,-275,-279,1161,-31,1196,1,5468,5900,6121,5939,1,1,31,3
172,51500071,-193,161,-230,-244,-333,-1,-1,1374,1022,11,313,-313,-343,-273,1430,227,1196,11,5562,5823,6326,5832,1,1,31,3
173,515200
71,-196,137,-199,-237,-334,-1,-1,1372,1021,-207,305,-305,-351,-266,1471,277,1197,0,5698,5806,6336,5668,1,1,31,3
174,51540071,-199,112,-163,-236,-335,-1,-1,1371,1021,-203,299,-299,-326,-261,1409,212,1197,2,5927,5984,6197,5510,1,1,31,3
175,51560073,-201,103,-144,-235,-
336,-1,-1,1370,1021,0,293,-293,-345,-255,1497,299,1198,3,5997,6130,6083,5426,1,1,31,3
176,51580075,-203,98,-134,-228,-337,-1,-1,1369,1020,35,286,-286,-383,-250,1651,450,1198,4,5801,6193,6096,5616,1,1,31,3
177,51600075,-205,98,-135,-212,-338,-1,-1,1367,1020,101,279,-
279,-390,-243,1698,498,1199,2,5613,6127,6138,5755,1,1,31,3
178,51620069,-207,98,-138,-192,-339,-1,-1,1367,1019,0,272,-272,-311,-237,1432,241,1199,-8,5520,5951,6326,6000,0,0,7,3
179,51640078,-209,122,-170,-177,-340,-1,-1,1365,1019,377,264,-264,-409,-231,1822,608,1200,1
3,5516,5960,6374,5856,1,1,31,3
180,51660077,-212,96,-151,-166,-340,-1,-1,1364,1019,-229,256,-256,-389,-223,1758,562,1201,-6,5575,5995,6358,5850,1,1,31,3
181,51680081,-214,70,-118,-162,-341,-1,-1,1363,1019,-240,248,-248,-427,-216,1926,720,1202,2,5874,6070,6326,5505
,1,1,31,3
182,51700079,-215,44,-87,-167,-342,-1,-1,1362,1019,-323,240,-240,-358,-210,1703,505,1203,-7,6106,6097,6274,5367,1,1,31,3
183,51720083,-216,45,-78,-171,-342,-1,-1,1361,1019,49,233,-233,-440,-203,2028,814,1204,6,5913,6253,6201,5469,1,1,31,3
184,51740081,-217
,39,-72,-163,-343,-1,-1,1361,1018,-28,225,-225,-384,-196,1850,641,1205,0,5744,6256,6154,5690,1,1,31,3
185,51760087,-218,37,-72,-148,-343,-1,-1,1360,1018,22,218,-218,-387,-190,1886,675,1206,0,5589,6149,6226,5790,1,1,31,3
186,51780084,-218,48,-83,-132,-343,-1,-1,1360,1
017,163,210,-210,-358,-183,1798,593,1207,-7,5528,5931,6460,5915,1,1,31,3
187,51800086,-219,23,-70,-120,-344,-1,-1,1359,1017,-646,203,-203,-381,-177,1922,700,1207,7,5545,5983,6430,5853,1,1,31,3
188,51820089,-220,-2,-45,-114,-344,-1,-1,1358,1017,-554,195,-195,
-377,-170,1921,707,1208,-3,5771,6010,6414,5639,1,1,31,3
189,51840089,-220,-27,-17,-114,-344,-1,-1,1357,1017,-579,187,-187,-401,-163,2042,818,1210,5,6035,6242,6237,5366,1,1,31,3

190,51860089,-219,-40,2,-113,-343,-1,-1,1357,1016,-184,180,-180,-397,-157,2047,828,1211,-2,6161,6390,6114,5263,1,1,31,3
191,51880091,-218,-64,8,-110,-343,-1,-1,1356,1016,-603,174,-174,-349,-152,1899,681,1212,-5,6032,6306,6094,5365,1,1,31,3
192,51900094,-217,-54,7,-101,-343,-1,-1,1356,1016,67,169,-
169,-350,-147,1923,702,1213,-3,5620,6206,6234,5804,1,1,31,3
193,51920080,-216,-39,-8,-86,-343,-1,-1,1356,1016,129,164,-164,-244,-143,1557,344,1214,-10,5513,5932,6342,5939,1,1,31,3
194,51940097,-215,-64,3,-74,-343,-1,-1,1357,1016,-424,158,-158,-366,-138,2030,792,1214,
12,5418,5909,6429,5848,1,1,31,3
195,51960096,-214,-89,30,-66,-342,-1,-1,1356,1016,-401,151,-151,-336,-132,1923,700,1215,-3,5615,5958,6270,5598,1,1,31,3
196,51980099,-212,-113,64,-61,-341,-1,-1,1357,1017,-400,144,-144,-310,-125,1843,631,1217,-14,5939,6092,6175,5355,1,1
,31,3
197,52000099,-210,-125,85,-59,-341,-1,-1,1357,1017,-262,139,-139,-338,-122,1993,751,1217,15,6062,6145,6095,5125,1,1,31,3
198,52020102,-207,-124,89,-54,-340,-1,-1,1357,1017,-109,133,-133,-380,-116,2143,914,1219,1,5828,6288,6041,5369,1,1,31,3
199,52040099,-205,-1
07,71,-36,-339,-1,-1,1357,1017,84,126,-126,-316,-110,1935,710,1220,-4,5497,6107,6116,5705,1,1,31,3
200,52060103,-203,-122,78,-15,-338,-1,-1,1358,1017,-299,120,-120,-278,-104,1815,595,1221,-9,5456,5973,6240,5799,1,1,31,3
201,52080103,-200,-147,103,-1,-337,-1,-1,13
57,1017,-503,114,-114,-323,-99,2012,774,1222,7,5495,5793,6430,5666,1,1,31,3
202,52100105,-197,-171,134,3,-336,-1,-1,1358,1018,-754,108,-108,-292,-94,1905,681,1223,-6,5684,5794,6437,5542,1,1,31,3
203,52120108,-194,-185,158,3,-335,-1,-1,1358,1018,-350,103,-103,-222,-89
,1674,453,1224,-8,5796,5892,6203,5415,1,1,31,3
204,52140103,-190,-185,164,9,-334,-1,-1,1358,1018,0,98,-98,-237,-85,1751,523,1224,-2,5842,6177,5994,5405,0,0,7,3
205,52160110,-186,-159,135,23,-332,-1,-1,1358,1018,218,94,-94,-266,-82,1881,638,1225,12,5718,6199,5982,5470
,1,1,31,3
206,52180111,-183,-133,96,38,-331,-1,-1,1359,1018,202,89,-89,-332,-78,2125,887,1226,7,5568,6340,5917,5567,1,1,31,3
207,52200110,-181,-159,109,57,-330,-1,-1,1358,1018,-590,84,-84,-227,-73,1744,526,1227,-14,5453,5962,6154,5742,1,1,31,3
208,52220112,-177,-185,
137,63,-329,-1,-1,1359,1018,-655,80,-80,-224,-70,1772,536,1228,4,5663,5745,6413,5559,1,1,31,3
209,52240113,-174,-210,173,51,-328,-1,-1,1358,1019,-1032,76,-76,-178,-66,1604,383,1229,-12,5727,5574,6488,5487,1,1,31,3
210,52260115,-170,-223,198,42,-326,-1,-1,1359,1019,-37
4,73,-73,-178,-63,1624,394,1229,-3,5748,5844,6251,5489,1,1,31,3
211,52280103,-165,-201,180,45,-325,-1,-1,1358,1019,55,70,-70,-148,-61,1535,301,1230,2,5651,6077,5971,5586,1,1,31,3
212,52300117,-161,-183,154,65,-323,-1,-1,1359,1019,20,66,-66,-227,-58,1829,588,1230,7,55
11,6363,5816,5703,1,1,31,3
213,52320121,-157,-182,143,93,-322,-1,-1,1358,1019,-174,62,-62,-204,-54,1753,518,1231,1,5525,6237,5887,5673,1,1,31,3
214,52340115,-154,-192,148,104,-321,-1,-1,1358,1019,-307,59,-59,-248,-51,1925,685,1232,5,5654,5973,6255,5557,1,1,3
1,3
215,52360120,-150,-217,175,99,-319,-1,-1,1357,1019,-814,57,-57,-29,-49,1128,-79,1232,-27,5927,5564,6454,5495,1,1,31,3
216,52380117,-146,-242,208,83,-318,-1,-1,1357,1019,-564,55,-55,-123,-48,1508,261,1232,12,5775,5693,6448,5570,1,1,31,3
217,52400124,-141,-223,197
,74,-316,-1,-1,1356,1019,-2,53,-53,-164,-46,1649,409,1233,4,5634,5934,6248,5677,1,1,31,3
218,52420120,-136,-198,166,82,-315,-1,-1,1356,1018,312,50,-50,-120,-44,1490,262,1233,-9,5468,6169,6017,5932,1,1,31,3
219,52440127,-132,-173,129,109,-314,-1,-1,1355,1018,382,50,-5
0,0,-44,1076,-156,1233,-4,5503,6235,5845,6008,1,1,31,3
220,52460124,-129,-175,118,133,-312,-1,-1,1355,1018,-193,48,-48,-149,-42,1626,371,1233,18,5713,6186,6027,5641,1,1,31,3
221,52480127,-125,-200,140,134,-311,-1,-1,1354,1018,-665,46,-46,-88,-40,1387,161,1234,-12,6067,5888,
6264,5352,1,1,31,3
222,52500123,-121,-224,173,114,-310,-1,-1,1354,1018,-637,44,-44,-36,-39,1216,-13,1234,-8,6150,5792,6330,5330,1,1,31,3
223,52520130,-117,-207,165,94,-308,-1,-1,1353,1018,0,43,-43,-59,-38,1308,71,1234,-1,5826,5839,6310,5632,1,1,31,3
224,52540126,-113
,-182,137,90,-307,-1,-1,1353,1018,154,42,-42,-4,-37,1108,-118,1234,-11,5478,6037,6086,6059,1,1,31,3
225,52560119,-109,-168,113,99,-306,-1,-1,1352,1018,-1,42,-42,-42,-37,1260,18,1234,5,5471,6091,6077,6031,1,1,31,3
226,52580130,-106,-149,86,115,-305,-1,-1,1352,1018,73,4
1,-41,-92,-36,1437,195,1234,3,5571,6097,6127,5895,1,1,31,3
227,52600136,-103,-170,100,121,-304,-1,-1,1351,1018,-422,40,-40,23,-35,1015,-207,1234,-15,5987,6003,6113,5593,1,1,31,3
228,52620137,-99,-183,119,109,-303,-1,-1,1351,1018,-334,40,-40,-27,-35,1218,-28,1234,8,619
5,5988,6176,5326,1,1,31,3
229,52640139,-96,-197,140,90,-302,-1,-1,1350,1018,-358,39,-39,-55,-34,1309,71,1234,-1,6033,5934,6224,5434,1,1,31,3
230,52660134,-92,-197,149,79,-300,-1,-1,1349,1018,0,38,-38,-58,-33,1328,85,1234,5,5775,5958,6240,5722,0,0,7,3
231,52680131,-8
8,-180,135,80,-299,-1,-1,1348,1017,0,38,-38,48,-33,938,-286,1234,-14,5574,5927,6166,6024,1,1,31,3
232,52700144,-84,-154,105,97,-298,-1,-1,1348,1017,517,39,-39,-2,-34,1142,-111,1234,15,5465,6068,6114,6114,1,1,31,3
233,52720143,-81,-142,82,114,-297,-1,-1,1346,1017,-1,3
9,-39,-31,-34,1231,-11,1234,3,5686,6025,6142,5831,1,1,31,3
234,52740147,-78,-141,75,116,-296,-1,-1,1346,1017,-136,39,-39,-9,-34,1147,-89,1234,-3,5976,5984,6235,5637,1,1,31,3
235,52760148,-75,-167,99,102,-295,-1,-1,1345,1017,-533,39,-39,11,-34,1080,-159,1233,1,6170,5
945,6236,5441,1,1,31,3
236,52780147,-72,-153,94,83,-294,-1,-1,1345,1016,2,38,-38,-107,-33,1516,260,1233,15,6137,6072,6261,5396,1,1,31,3
237,52800148,-69,-137,78,72,-293,-1,-1,1344,1016,48,36,-36,-44,-31,1261,39,1234,-19,5704,6054,6177,5862,1,1,31,3
238,52820151,-66,
-112,49,72,-293,-1,-1,1345,1016,286,37,-37,95,-32,779,-446,1233,-13,5584,6063,6056,6123,1,1,31,3
239,52840151,-64,-87,15,82,-292,-1,-1,1343,1017,240,38,-38,-31,-33,1250,-5,1233,16,5502,6025,6146,6009,1,1,31,3
240,52860154,-62,-80,-2,87,-292,-1,-1,1343,1017,0,36,-36,-11
0,-32,1520,271,1233,7,5713,6008,6319,5812,1,1,31,3
241,52880154,-61,-90,3,78,-291,-1,-1,1343,1016,-208,35,-35,-20,-31,1187,-42,1234,-10,5940,5907,6280,5620,1,1,31,3
242,52900155,-59,-83,-1,59,-291,-1,-1,1343,1016,1,35,-35,-52,-30,1327,77,1233,9,6061,5986,6269,5493,1,1,31,3
243,529
20157,-57,-92,9,39,-290,-1,-1,1344,1016,-203,33,-33,-113,-29,1539,292,1234,4,5850,6106,6158,5600,1,1,31,3
244,52940153,-55,-68,-9,30,-290,-1,-1,1344,1017,507,32,-32,-13,-28,1174,-56,1234,-11,5726,6087,6025,5766,1,1,31,3
245,52960159,-54,-43,-29,31,-290,-1,-1,1344,1017
,453,32,-32,-3,-27,1151,-86,1234,-2,5620,6076,6031,5879,1,1,31,3
246,52980157,-53,-40,-40,36,-289,-1,-1,1343,1017,0,30,-30,-122,-27,1594,333,1234,19,5510,6020,6194,5862,1,1,31,3
247,53000162,-52,-41,-43,36,-289,-1,-1,1345,1017,-53,28,-28,-119,-24,1566,328,1235,-3,564
7,5922,6314,5762,1,1,31,3
248,53020162,-52,-43,-41,27,-289,-1,-1,1344,1017,-74,26,-26,-76,-23,1418,183,1235,-5,5771,5838,6293,5612,1,1,31,3
249,53040165,-51,-40,-41,11,-289,-1,-1,1344,1017,1,25,-25,-64,-21,1385,146,1235,-2,5939,5968,6222,5519,1,1,31,3
250,53060165,-
50,-48,-34,-3,-289,-1,-1,1344,1017,-147,23,-23,-105,-20,1544,295,1235,6,5843,6094,6118,5554,1,1,31,3
251,53080169,-49,-26,-43,-11,-289,-1,-1,1344,1017,238,21,-21,-84,-18,1467,227,1236,-2,5739,6088,6124,5699,1,1,31,3
252,53100172,-48,-9,-44,-11,-289,-1,-1,1344,1017,18
1,20,-20,-27,-18,1267,30,1236,-4,5621,6026,6112,5848,1,1,31,3
253,53120171,-48,11,-52,-7,-289,-1,-1,1345,1017,253,19,-19,-111,-16,1586,332,1236,11,5576,5975,6263,5825,1,1,31,3
254,53140171,-49,10,-62,-6,-289,-1,-1,1345,1017,0,17,-17,-91,-15,1508,265,1237,0,5583,5874,6
276,5770,1,1,31,3
255,53160172,-49,9,-66,-10,-289,-1,-1,1346,1017,0,15,-15,-115,-13,1598,356,1237,-2,5673,5958,6277,5718,1,1,31,3
256,53180168,-49,9,-68,-18,-289,-1,-1,1346,1017,0,13,-13,-94,-11,1532,288,1237,1,5858,6027,6143,5504,0,0,7,3
257,53200176,-49,-9,-57,-28,
-289,-1,-1,1346,1017,-204,11,-11,-116,-9,1619,370,1238,4,5895,6098,6114,5462,1,1,31,3
258,53220175,-49,17,-65,-37,-289,-1,-1,1347,1018,386,9,-9,-96,-8,1549,305,1238,0,5806,6055,6101,5533,1,1,31,3
259,53240175,-49,26,-75,-39,-289,-1,-1,1347,1018,126,7,-7,-53,-6,1388,16
0,1239,-16,5690,6085,6042,5705,1,1,31,3
260,53260178,-50,52,-94,-37,-290,-1,-1,1346,1018,445,6,-6,-51,-5,1403,159,1239,0,5535,5976,6137,5836,1,1,31,3
261,53280178,-51,61,-108,-32,-290,-1,-1,1347,1018,158,4,-4,-118,-3,1644,398,1240,1,5504,6001,6251,5879,1,1,31,3
262,5330017
9,-52,65,-118,-32,-290,-1,-1,1347,1018,117,1,-1,-104,-1,1600,355,1240,-1,5608,5950,6224,5721,1,1,31,3
263,53320180,-53,63,-121,-38,-291,-1,-1,1348,1018,35,-1,1,-105,1,1615,368,1241,1,5818,5996,6246,5570,1,1,31,3
264,53340182,-55,44,-111,-52,-292,-1,-1,1347,
1018,-167,-3,3,-133,2,1729,474,1241,8,5936,6118,6087,5356,1,1,31,3
265,53360183,-55,29,-96,-66,-292,-1,-1,1348,1018,-145,-5,5,-95,4,1584,343,1242,-6,5961,6169,6084,5456,1,1,31,3
266,53380184,-56,54,-101,-75,-292,-1,-1,1348,1018,383,-6,6,-80,6,1544,297,1242,-1,5805,60
98,6099,5578,1,1,31,3
267,53400184,-57,79,-119,-76,-293,-1,-1,1349,1018,522,-8,8,-80,7,1551,304,1243,0,5547,6017,6187,5839,1,1,31,3
268,53420187,-59,93,-139,-71,-294,-1,-1,1348,1018,257,-10,10,-112,9,1678,423,1243,7,5418,5977,6216,5889,1,1,31,3
269,53440188,-61,110,-
162,-66,-294,-1,-1,1350,1018,306,-13,13,-118,11,1698,448,1244,1,5541,6026,6215,5803,1,1,31,3
270,53460191,-63,101,-164,-67,-295,-1,-1,1349,1018,0,-15,15,-105,13,1654,411,1244,-7,5675,5981,6178,5610,1,1,31,3
271,53480189,-65,93,-160,-77,-296,-1,-1,1349,1018,-1,-17,17,
-128,15,1755,501,1245,4,5932,6095,6180,5416,1,1,31,3
272,53500193,-67,68,-138,-94,-297,-1,-1,1349,1018,-239,-20,20,-110,17,1692,444,1246,-3,6012,6129,6122,5346,1,1,31,3
273,53520191,-68,93,-148,-109,-298,-1,-1,1350,1018,443,-22,22,-131,19,1780,524,1246,3,5893,6163,613
6,5466,1,1,31,3
274,53540195,-70,113,-166,-113,-299,-1,-1,1349,1018,347,-24,24,-96,21,1658,408,1247,-3,5561,6136,6085,5784,1,1,31,3
275,53560195,-72,138,-192,-108,-300,-1,-1,1350,1018,442,-26,26,-125,22,1772,516,1248,2,5419,6113,6171,5929,1,1,31,3
276,53580196,-75,12
7,-195,-101,-301,-1,-1,1350,1018,0,-29,29,-158,25,1895,638,1249,2,5471,6044,6233,5805,1,1,31,3
277,53600199,-77,117,-189,-101,-302,-1,-1,1351,1018,0,-32,32,-119,28,1762,510,1249,-4,5740,6019,6254,5603,1,1,31,3
278,53620198,-80,108,-183,-110,-303,-1,-1,1350,1018,-1,-3
4,34,-188,30,2028,762,1250,8,5863,6006,6287,5359,1,1,31,3
279,53640189,-82,92,-171,-125,-304,-1,-1,1351,1018,-90,-38,38,-185,33,2018,762,1251,-2,5915,6162,6170,5352,1,1,31,3
280,53660203,-84,85,-163,-135,-305,-1,-1,1351,1018,0,-40,40,-168,35,1970,711,1252,1,5745,6265,5993,54
72,1,1,31,3
281,53680204,-85,101,-175,-132,-306,-1,-1,1351,1018,288,-43,43,-152,37,1924,664,1253,1,5553,6187,6085,5703,1,1,31,3
282,53700199,-88,101,-181,-125,-307,-1,-1,1351,1018,0,-46,46,-219,40,2177,907,1255,9,5432,6121,6227,5767,0,0,7,3
283,53720210,-90,92,-178,
-116,-308,-1,-1,1351,1018,0,-49,49,-101,43,1747,499,1255,-13,5533,6045,6210,5800,1,1,31,3
284,53740208,-91,85,-172,-111,-309,-1,-1,1351,1018,0,-52,52,-136,45,1902,635,1256,4,5679,6024,6220,5561,1,1,31,3
285,53760209,-93,59,-151,-115,-310,-1,-1,1352,1018,-234,-55,55,-1
99,48,2140,866,1257,9,5807,6113,6244,5420,1,1,31,3
286,53780209,-94,36,-129,-122,-311,-1,-1,1352,1018,-223,-59,59,-126,51,1866,616,1259,-14,5873,6147,6094,5382,1,1,31,3
287,53800211,-95,33,-112,-123,-311,-1,-1,1353,1018,-4,-61,61,-188,54,2124,847,1260,11,5762,6253,609
9,5468,1,1,31,3
288,53820214,-96,30,-100,-116,-312,-1,-1,1352,1018,0,-65,65,-194,57,2142,875,1261,0,5600,6222,6049,5540,1,1,31,3
289,53840214,-96,55,-103,-104,-313,-1,-1,1352,1018,443,-69,69,-135,60,1938,679,1262,-9,5540,6076,6218,5732,1,1,31,3
290,5386021
7,-97,51,-102,-92,-313,-1,-1,1352,1018,0,-72,72,-158,63,2042,770,1263,2,5502,6004,6328,5753,1,1,31,3
291,53880211,-98,49,-100,-83,-314,-1,-1,1352,1018,31,-75,75,-142,65,1996,724,1264,2,5589,6070,6260,5687,1,1,31,3
292,53900204,-99,45,-93,-79,-314,-1,-1,1352,1018,0,-77
,77,-163,68,2084,810,1265,1,5665,6007,6347,5589,1,1,31,3
293,53920213,-100,32,-81,-79,-315,-1,-1,1352,1017,-126,-81,81,-134,70,1983,715,1266,-5,5791,6187,6160,5509,1,1,31,3
294,53940221,-101,29,-69,-78,-315,-1,-1,1353,1017,-4,-82,82,-65,72,1747,480,1267,-6,5898,6213,
6073,5466,1,1,31,3
295,53960215,-101,26,-61,-76,-316,-1,-1,1353,1017,-6,-84,84,-141,73,2039,754,1268,9,5801,6230,6109,5462,1,1,31,3
296,53980223,-102,24,-56,-72,-316,-1,-1,1353,1017,0,-87,87,-200,76,2253,967,1269,8,5662,6178,6218,5545,1,1,31,3
297,54000218,-102,23,-
54,-67,-316,-1,-1,1353,1017,5,-90,90,-99,78,1889,620,1270,-9,5607,6021,6261,5677,1,1,31,3
298,54020223,-103,21,-52,-65,-317,-1,-1,1353,1017,0,-92,92,-169,80,2160,875,1271,5,5449,5948,6406,5764,1,1,31,3
299,54040222,-103,19,-51,-59,-317,-1,-1,1353,1017,5,-94,94,-41,8
2,1691,429,1272,-17,5477,5976,6218,5824,1,1,31,3
300,54060225,-104,25,-54,-50,-317,-1,-1,1354,1018,85,-94,94,17,82,1506,231,1272,-3,5670,6049,6096,5680,1,1,31,3
301,54080220,-104,22,-56,-46,-317,-1,-1,1354,1018,-6,-95,95,-117,82,2006,703,1273,22,5784,6117,6123,5397,1,1,31,3

302,54100228,-105,20,-56,-48,-318,-1,-1,1355,1018,-7,-97,97,-116,85,1973,701,1274,-8,5948,6239,5987,5236,1,1,31,3
303,54120225,-105,5,-49,-53,-318,-1,-1,1355,1018,-171,-97,97,42,85,1411,150,1275,-18,5895,6135,5926,5421,1,1,31,3
304,54140232,-105,5,-45,-54,-318,-1,-
1,1356,1018,1,-97,97,-65,85,1822,529,1275,12,5683,6004,6160,5519,1,1,31,3
305,54160234,-105,12,-47,-53,-318,-1,-1,1358,1018,93,-100,100,-110,87,1974,691,1276,2,5344,5914,6268,5796,1,1,31,3
306,54180233,-105,11,-48,-46,-318,-1,-1,1359,1019,0,-100,100,39,87,1431,170,12
77,-20,5363,5813,6149,5843,1,1,31,3
307,54200236,-106,18,-53,-36,-319,-1,-1,1360,1019,99,-100,100,6,87,1573,288,1277,6,5524,5987,5977,5610,1,1,31,3
308,54220226,-106,18,-56,-29,-319,-1,-1,1360,1020,0,-99,99,24,87,1497,222,1277,-4,5712,6018,5921,5437,0,0,7,3
309,54240
237,-106,16,-57,-31,-319,-1,-1,1362,1020,0,-99,99,2,86,1579,300,1278,1,5866,6021,5963,5284,1,1,31,3
310,54260236,-107,-2,-48,-38,-319,-1,-1,1362,1020,-206,-98,98,59,85,1376,97,1278,2,5804,5889,6010,5368,1,1,31,3
311,54280239,-107,-20,-34,-46,-319,-1,-1,1363,1020,-217
,-98,98,-5,85,1600,318,1278,4,5623,5958,6049,5541,1,1,31,3
312,54300242,-106,-18,-26,-43,-320,-1,-1,1362,1020,5,-97,97,81,84,1282,14,1279,-10,5533,5893,5980,5662,1,1,31,3
313,54320243,-106,4,-35,-34,-320,-1,-1,1363,1020,250,-96,96,6,84,1561,276,1279,7,5476,5988,6054,5742,1,1,31,3
314,54340244,-1
06,4,-40,-23,-320,-1,-1,1363,1021,3,-95,95,123,82,1121,-141,1279,-16,5540,5889,6006,5763,1,1,31,3
315,54360247,-106,9,-46,-14,-320,-1,-1,1364,1021,67,-91,91,139,80,1078,-201,1279,2,5696,5908,5997,5640,1,1,31,3
316,54380247,-106,-4,-43,-13,-320,-1,-1,1364,102
1,-147,-89,89,94,78,1233,-51,1278,7,5817,5968,5925,5425,1,1,31,3
317,54400235,-106,-29,-28,-16,-320,-1,-1,1365,1021,-366,-88,88,68,77,1311,34,1278,1,5914,6002,5980,5376,1,1,31,3
318,54420251,-106,-39,-23,-21,-320,-1,-1,1364,1021,-154,-87,87,66,76,1316,37,1278,2,5695,
5934,6003,5548,1,1,31,3
319,54440249,-105,-35,-25,-21,-320,-1,-1,1364,1021,2,-84,84,149,73,1011,-260,1278,-6,5558,5895,6009,5812,1,1,31,3
320,54460238,-104,-16,-27,-14,-320,-1,-1,1363,1021,214,-83,83,59,72,1334,50,1278,7,5520,5974,6017,5766,1,1,31,3
321,544
80250,-104,-14,-28,-5,-321,-1,-1,1362,1020,0,-82,82,63,71,1304,32,1278,-5,5627,6013,6032,5729,1,1,31,3
322,54500252,-103,-11,-29,0,-321,-1,-1,1362,1020,29,-79,79,201,69,803,-458,1278,-16,5847,5948,6027,5704,1,1,31,3
323,54520255,-103,-25,-30,1,-321,-1,-1,1361,1020,-186,-76,7
6,79,67,1255,-37,1278,14,5856,5989,6080,5551,1,1,31,3
324,54540255,-103,-23,-30,-4,-321,-1,-1,1362,1020,0,-75,75,39,66,1378,97,1278,4,5823,6019,6129,5597,1,1,31,3
325,54560257,-102,-21,-31,-7,-321,-1,-1,1362,1019,0,-75,75,67,65,1266,-6,1278,-7,5772,6018,6065,5642,1,1
,31,3
326,54580258,-102,-15,-31,-10,-321,-1,-1,1361,1020,61,-73,73,101,64,1142,-127,1278,-10,5633,5989,6049,5801,1,1,31,3
327,54600261,-102,8,-36,-4,-321,-1,-1,1361,1019,267,-71,71,114,62,1104,-177,1277,4,5589,6001,6035,5864,1,1,31,3
328,54620259,-102,28,-55,3,-321,
-1,-1,1361,1019,266,-69,69,59,60,1300,10,1277,11,5707,6024,6092,5723,1,1,31,3
329,54640261,-102,41,-73,6,-321,-1,-1,1360,1019,188,-69,69,-13,60,1543,258,1278,6,5700,6083,6086,5654,1,1,31,3
330,54660266,-103,37,-82,3,-322,-1,-1,1360,1019,-2,-68,68,64,59,1256,-16,1278,-
8,5852,6041,6126,5651,1,1,31,3
331,54680267,-104,34,-85,-6,-322,-1,-1,1358,1019,0,-67,67,33,59,1374,93,1278,1,5872,6028,6142,5572,1,1,31,3
332,54700267,-105,23,-80,-20,-322,-1,-1,1358,1018,-104,-67,67,28,58,1386,108,1278,-2,5872,6074,6187,5656,1,1,31,3
333,54720268,
-105,48,-90,-29,-323,-1,-1,1358,1018,703,-65,65,108,57,1095,-175,1278,-10,5793,6040,6087,5755,1,1,31,3
334,54740260,-106,48,-95,-32,-323,-1,-1,1358,1018,0,-64,64,83,55,1191,-91,1278,2,5693,6100,6049,5827,0,0,7,3
335,54760269,-107,60,-105,-30,-324,-1,-1,1357,1018,198,-
62,62,49,54,1314,23,1278,10,5666,6074,6074,5789,1,1,31,3
336,54780271,-108,76,-120,-29,-324,-1,-1,1356,1018,247,-61,61,12,53,1437,149,1278,7,5781,6113,6156,5729,1,1,31,3
337,54800272,-110,70,-122,-32,-325,-1,-1,1356,1017,0,-62,62,-52,54,1669,375,1278,10,5805,6131,6171
,5616,1,1,31,3
338,54820274,-111,64,-120,-41,-326,-1,-1,1356,1017,0,-62,62,28,54,1363,90,1278,-11,5862,6060,6170,5648,1,1,31,3
339,54840274,-112,56,-113,-52,-326,-1,-1,1355,1017,-36,-61,61,87,53,1159,-117,1278,-8,5868,6034,6106,5660,1,1,31,3
340,54860275,-113,81,-127,-59,
-327,-1,-1,1356,1017,560,-59,59,109,51,1076,-200,1278,-7,5816,6036,6113,5765,1,1,31,3
341,54880266,-115,89,-140,-60,-328,-1,-1,1355,1017,185,-57,57,84,50,1173,-115,1278,6,5691,6141,5989,5820,1,1,31,3
342,54900281,-117,115,-168,-58,-329,-1,-1,1356,1017,451,-5
6,56,65,49,1222,-56,1278,-6,5688,6101,6073,5840,1,1,31,3
343,54920280,-119,119,-182,-57,-330,-1,-1,1355,1017,166,-55,55,58,48,1256,-31,1278,3,5700,6106,6023,5765,1,1,31,3
344,54940281,-121,109,-180,-62,-331,-1,-1,1356,1017,0,-53,53,80,46,1167,-115,1278,-2,5866,6006,6
123,5648,1,1,31,3
345,54960283,-124,101,-171,-76,-332,-1,-1,1355,1017,0,-52,52,14,46,1406,113,1278,9,5881,6013,6141,5531,1,1,31,3
346,54980285,-126,92,-159,-92,-333,-1,-1,1356,1017,-2,-52,52,44,45,1284,6,1278,-7,5865,5996,6166,5619,1,1,31,3
347,55000284,-128,89,-150,
-103,-334,-1,-1,1356,1017,44,-50,50,102,43,1080,-200,1278,-3,5787,6040,6006,5690,1,1,31,3
348,55020285,-129,112,-168,-104,-335,-1,-1,1357,1017,383,-48,48,129,42,971,-303,1277,-8,5708,6086,5962,5828,1,1,31,3
349,55040288,-132,129,-191,-98,-336,-1,-1,1356,1017,328,-46,
46,36,40,1323,20,1277,21,5552,6088,5990,5828,1,1,31,3
350,55060289,-134,134,-205,-90,-337,-1,-1,1357,1017,192,-46,46,32,40,1313,29,1277,1,5619,6055,6074,5816,1,1,31,3
351,55080291,-137,123,-199,-90,-338,-1,-1,1357,1017,1,-45,45,39,39,1284,2,1277,-1,5723,5956
,6077,5632,1,1,31,3
352,55100290,-139,112,-185,-101,-339,-1,-1,1358,1017,-21,-45,45,6,39,1409,119,1277,8,5876,5945,6152,5477,1,1,31,3
353,55120291,-142,103,-170,-115,-340,-1,-1,1357,1017,-2,-44,44,40,38,1276,-3,1277,-3,5871,6007,6028,5490,1,1,31,3
354,55140295,-144,1
00,-162,-123,-341,-1,-1,1358,1017,68,-43,43,64,38,1183,-92,1277,-6,5811,6108,5978,5651,1,1,31,3
355,55160281,-146,101,-159,-123,-342,-1,-1,1359,1017,109,-42,42,64,37,1186,-95,1277,-1,5666,6075,5994,5777,1,1,31,3
356,55180299,-148,114,-173,-114,-344,-1,-1,1360,1017,26
6,-40,40,121,35,977,-298,1277,-6,5512,5935,6020,5928,1,1,31,3
357,55200297,-150,127,-192,-102,-345,-1,-1,1360,1018,281,-39,39,25,34,1331,36,1276,13,5487,5984,6013,5806,1,1,31,3
358,55220299,-152,117,-187,-94,-346,-1,-1,1360,1018,0,-39,39,25,34,1312,33,1277,-2,5661,60
24,6017,5687,1,1,31,3
359,55240299,-155,97,-163,-97,-347,-1,-1,1361,1018,-144,-37,37,106,32,1016,-256,1276,-7,5925,5943,5998,5480,1,1,31,3
360,55260297,-157,97,-156,-108,-348,-1,-1,1362,1018,0,-35,35,46,31,1238,-50,1276,9,6032,5960,6018,5292,0,0,7,3
361,55280302,-159,70,
-124,-119,-349,-1,-1,1362,1018,-516,-34,34,70,30,1135,-140,1276,-4,5757,6034,5867,5544,1,1,31,3
362,55300304,-160,90,-138,-118,-350,-1,-1,1363,1019,303,-32,32,111,28,984,-289,1276,-5,5691,5949,5950,5689,1,1,31,3
363,55320304,-162,111,-168,-107,-351,-1,-1,1364,1019,347,-30,30,97,26,1038,-244,1275
,4,5436,6010,5871,5896,1,1,31,3
364,55340305,-164,136,-208,-90,-352,-1,-1,1364,1019,423,-28,28,98,24,1023,-255,1275,1,5471,6016,5875,5880,1,1,31,3
365,55360308,-167,125,-206,-80,-354,-1,-1,1365,1019,0,-26,26,80,23,1083,-196,1274,2,5658,5985,5912,5667,1,1,31,3
366,553
80308,-169,100,-175,-86,-355,-1,-1,1366,1019,-624,-24,24,127,21,901,-367,1274,-7,5969,5825,6005,5386,1,1,31,3
367,55400311,-171,75,-137,-106,-356,-1,-1,1366,1019,-541,-22,22,94,19,1023,-258,1274,6,6080,5862,5980,5222,1,1,31,3
368,55420307,-173,50,-102,-124,
-357,-1,-1,1366,1019,-238,-20,20,59,18,1129,-143,1273,-2,5851,5960,5938,5450,1,1,31,3
369,55440313,-174,67,-109,-125,-358,-1,-1,1367,1020,270,-18,18,168,15,730,-533,1273,-11,5563,5957,5829,5838,1,1,31,3
370,55460307,-175,92,-143,-108,-359,-1,-1,1367,1020,427,-14,14,15
7,12,776,-501,1272,5,5446,5995,5806,5945,1,1,31,3
371,55480314,-177,117,-184,-86,-360,-1,-1,1367,1020,482,-12,12,96,10,982,-296,1272,6,5462,6013,5840,5872,1,1,31,3
372,55500312,-179,108,-185,-74,-361,-1,-1,1367,1020,0,-10,10,96,9,973,-302,1271,3,5686,5912,5948,5661,1,
1,31,3
373,55520317,-181,83,
-155,-81,-362,-1,-1,1367,1020,-521,-7,7,174,6,674,-585,1271,-12,5985,5702,6074,5436,1,1,31,3
374,55540314,-183,58,-121,-103,-363,-1,-1,1367,1020,-520,-4,4,84,4,1010,-273,1270,14,6066,5822,6081,5304,1,1,31,3
375,55560319,-184,49,-103,-121,-364,-1,-1,1368,1020,-57,-2,2,
140,2,774,-482,1269,-13,5876,5962,5880,5557,1,1,31,3
376,55580320,-185,73,-122,-118,-365,-1,-1,1368,1020,353,2,-2,221,-2,484,-775,1268,-9,5638,6042,5711,5860,1,1,31,3
377,55600319,-187,98,-160,-100,-366,-1,-1,1368,1020,439,6,-6,182,-5,623,-650,1267,6,5526,6060,5732,5
937,1,1,31,3
378,55620318,-189,90,-161,-79,-367,-1,-1,1368,1020,0,9,-9,142,-8,751,-523,1267,7,5560,6049,5774,5866,1,1,31,3
379,55640325,-191,78,-148,-69,-368,-1,-1,1369,1020,-59,13,-13,205,-11,502,-754,1266,-10,5801,5759,6000,5693,1,1,31,3
380,55660321,-192,72,-138,-76,-36
9,-1,-1,1369,1020,0,16,-16,159,-14,666,-602,1265,2,5910,5723,6070,5531,1,1,31,3
381,55680324,-194,48,-112,-88,-370,-1,-1,1369,1020,-321,19,-19,164,-17,638,-629,1264,2,5943,5856,5928,5505,1,1,31,3
382,55700328,-195,41,-98,-94,-371,-1,-1,1371,1020,-42,23,-23,185,-20,538
,-717,1263,-9,5816,6013,5773,5686,1,1,31,3
383,55720330,-195,55,-107,-86,-372,-1,-1,1371,1020,217,28,-28,308,-25,90,-1159,1262,-13,5751,5983,5602,5785,1,1,31,3
384,55740334,-196,78,-136,-71,-373,-1,-1,1371,1020,350,35,-35,301,-30,109,-1154,1260,3,5687,5972,5624,5851,
1,1,31,3
385,55760337,-198,72,-138,-55,-374,-1,-1,1372,1020,0,39,-39,173,-34,556,-720,1259,18,5596,5899,5796,5805,1,1,31,3
386,55780330,-199,72,-139,-49,-375,-1,-1,1372,1020,0,42,-42,168,-37,544,-714,1258,0,5675,5689,6006,5733,0,0,7,3
387,55800335,-201,45,-115,-55,-3
76,-1,-1,1371,1020,-243,46,-46,231,-40,295,-948,1256,-13,5810,5675,5967,5676,1,1,31,3
388,55820340,-202,40,-102,-64,-376,-1,-1,1372,1020,-21,51,-51,223,-44,327,-932,1255,4,5874,5782,5942,5676,1,1,31,3
389,55840342,-203,37,-96,-68,-377,-1,-1,1371,1020,2,55,-55,183,-48
,453,-805,1254,5,5800,5929,5791,5681,1,1,31,3
390,55860338,-203,32,-91,-64,-378,-1,-1,1371,1019,-15,58,-58,192,-51,406,-847,1253,0,5820,6066,5716,5748,1,1,31,3
391,55880342,-204,56,-112,-55,-379,-1,-1,1371,1019,322,63,-63,203,-55,355,-899,1251,2,5802,5939,5785,5734,1
,1,31,3
392,55900342,-205,51,-116,-47,-380,-1,-1,1372,1019,0,67,-67,197,-58,364,-889,1250,3,5814,6008,5729,5731,1,1,31,3
393,55920345,-206,37,-105,-43,-380,-1,-1,1371,1019,-122,70,-70,171,-61,437,-812,1249,-1,5798,5855,5881,5708,1,1,31,3
394,55940346,-207,2
4,-90,-45,-381,-1,-1,1372,1019,-125,73,-73,157,-64,479,-770,1248,1,5766,5747,6049,5777,1,1,31,3
395,55960347,-207,7,-69,-47,-381,-1,-1,1371,1019,-200,76,-76,99,-66,679,-577,1247,9,5716,5800,6019,5744,1,1,31,3
396,55980347,-207,6,-64,-46,-382,-1,-1,1371,1019,1,77,-77,
68,-67,780,-473,1246,6,5732,5967,5924,5747,1,1,31,3
397,56000349,-208,6,-63,-39,-382,-1,-1,1372,1019,2,79,-79,67,-69,774,-477,1245,5,5710,6055,5809,5744,1,1,31,3
398,56020349,-208,6,-64,-28,-383,-1,-1,1371,1018,5,80,-80,34,-70,887,-363,1245,3,5708,6049,5785,5658,1,1,3
1,3
399,56040352,-208,13,-73,-17,-383,-1,-1,1372,1018,95,80,-80,46,-70,835,-407,1244,-4,5807,6067,5839,5658,1,1,31,3
400,56060353,-208,-1,-65,-11,-383,-1,-1,1371,1018,-163,81,-81,32,-71,888,-362,1244,4,5718,5970,5904,5687,1,1,31,3
401,56080354,-208,-5,-59,-9,-384
,-1,-1,1372,1018,-53,82,-82,45,-71,829,-411,1243,-5,5725,5869,6023,5729,1,1,31,3
402,56100354,-208,-14,-50,-8,-384,-1,-1,1371,1018,-118,83,-83,37,-72,863,-385,1243,3,5670,5901,5989,5764,1,1,31,3
403,56120356,-208,-13,-50,-5,-384,-1,-1,1372,1018,0,83,-83,-30,-72,1105,-
148,1242,8,5696,6030,5974,5725,1,1,31,3
404,56140358,-207,-12,-52,1,-384,-1,-1,1372,1018,2,82,-82,-13,-72,1037,-209,1242,2,5674,6073,5833,5685,1,1,31,3
405,56160359,-207,-9,-57,8,-385,-1,-1,1372,1018,29,82,-82,6,-71,959,-278,1242,-7,5754,6096,5817,5653,1,1,31,3
406,
56180358,-207,-14,-54,14,-385,-1,-1,1372,1018,-79,82,-82,0,-72,996,-252,1241,4,5807,6099,5835,5602,1,1,31,3
407,56200360,-207,-13,-55,16,-385,-1,-1,1373,1018,0,82,-82,-20,-72,1065,-182,1241,3,5790,6069,5863,5580,1,1,31,3
408,56220348,-206,-12,-57,17,-385,-1,-1,1372,10
18,0,82,-82,16,-71,925,-311,1241,-7,5661,5988,5874,5713,1,1,31,3
409,56240363,-206,-11,-59,21,-385,-1,-1,1373,1018,0,83,-83,94,-73,643,-587,1240,-12,5613,5892,5914,5853,1,1,31,3
410,56260363,-206,-10,-61,26,-386,-1,-1,1373,1018,-1,85,-85,33,-74,883,-374,1239,16,5552,
5947,5857,5785,1,1,31,3
411,56280366,-206,-6,-66,32,-386,-1,-1,1374,1019,46,84,-84,-30,-74,1086,-157,1239,2,5640,5999,5876,5661,1,1,31,3
412,56300363,-206,-6,-68,34,-386,-1,-1,1374,1019,0,85,-85,55,-74,770,-457,1239,-13,5735,6009,5726,5593,0,0,7,3
413,56320370,-206,-
5,-69,34,-386,-1,-1,1375,1019,0,86,-86,69,-75,733,-506,1238,0,5830,6015,5751,5549,1,1,31,3
414,56340372,-205,-5,-70,29,-387,-1,-1,1375,1019,0,87,-87,25,-76,889,-353,1237,4,5742,5957,5821,5566,1,1,31,3
415,56360373,-205,-5,-70,25,-387,-1,-1,1376,1019,0,87,-87,59,-76,7
52,-479,1237,-8,5653,5914,5845,5709,1,1,31,3
416,56380373,-205,3,-78,24,-387,-1,-1,1375,1019,93,89,-89,103,-78,598,-635,1236,-3,5560,5879,5799,5802,1,1,31,3
417,56400375,-205,29,-103,28,-388,-1,-1,1375,1019,327,91,-91,29,-79,869,-378,1235,11,5556,6006,5839,5830,1,1,31
,3
418,56420374,-206,42,-124,32,-388,-1,-1,1376,1019,195,92,-92,44,-80,800,-437,1235,0,5599,6017,5779,5775,1,1,31,3
419,56440375,-207,39,-126,31,-389,-1,-1,1376,1019,2,92,-92,57,-81,747,-484,1234,-4,5752,6003,5776,5631,1,1,31,3
420,56460376,-207,26,-112,20,-
390,-1,-1,1376,1019,-125,95,-95,162,-83,362,-860,1233,-11,5944,5841,5813,5520,1,1,31,3
421,56480378,-208,12,-93,2,-390,-1,-1,1377,1019,-152,97,-97,72,-85,695,-547,1232,9,5961,5966,5825,5464,1,1,31,3
422,56500378,-208,36,-109,-11,-391,-1,-1,1377,1020,525,99,-99,133,-86,45
0,-770,1231,-11,5708,5857,5810,5721,1,1,31,3
423,56520379,-209,58,-134,-11,-391,-1,-1,1377,1020,306,101,-101,147,-88,402,-826,1230,-2,5438,5903,5753,6006,1,1,31,3
424,56540383,-210,83,-167,-1,-392,-1,-1,1377,1020,392,105,-105,133,-91,451,-784,1229,6,5313,5898,5777,61
24,1,1,31,3
425,56560384,-212,76,-167,9,-393,-1,-1,1377,1020,-2,106,-106,105,-93,529,-696,1228,-3,5573,5970,5734,5852,1,1,31,3
426,56580385,-213,70,-158,6,-394,-1,-1,1376,1020,4,109,-109,185,-95,232,-984,1227,-11,5944,5833,5783,5549,1,1,31,3
427,56600385,-215,64,-1
47,-12,-395,-1,-1,1377,1019,-9,113,-113,152,-99,359,-876,1225,10,6105,5928,5804,5438,1,1,31,3
428,56620385,-216,66,-144,-30,-396,-1,-1,1377,1020,89,115,-115,49,-100,710,-525,1224,10,5903,5991,5767,5480,1,1,31,3
429,56640388,-217,71,-147,-41,-397,-1,-1,1377,1020,132,11
7,-117,181,-102,214,-995,1223,-15,5677,5940,5708,5859,1,1,31,3
430,56660391,-219,96,-177,-38,-398,-1,-1,1377,1020,480,121,-121,223,-106,65,-1152,1222,-5,5481,5830,5756,6070,1,1,31,3
431,56680392,-221,114,-205,-30,-399,-1,-1,1377,1019,327,124,-124,62,-108,651,-593,1220
,23,5424,5963,5798,5993,1,1,31,3
432,56700391,-223,126,-226,-25,-401,-1,-1,1376,1020,270,125,-125,81,-109,547,-669,1219,-4,5634,5960,5785,5822,1,1,31,3
433,56720393,-225,117,-217,-32,-402,-1,-1,1377,1019,5,128,-128,156,-111,272,-938,1218,-8,5921,5901,5835,5672,1,1,31
,3
434,56740397,-228,92,-182,-51,-403,-1,-1,1376,1019,-296,130,-130,97,-113,488,-738,1217,8,6036,5877,5869,5453,1,1,31,3
435,56760397,-230,112,-196,-74,-404,-1,-1,1376,1019,351,131,-131,-8,-114,855,-372,1216,10,6007,5964,5939,5445,1,1,31,3
436,56780399,-232,137,-228
,-89,-406,-1,-1,1376,1020,578,132,-132,80,-115,519,-687,1216,-10,5648,5984,5769,5832,1,1,31,3
437,56800399,-235,159,-262,-89,-407,-1,-1,1376,1019,420,134,-134,119,-117,385,-827,1214,-3,5431,5961,5781,6108,1,1,31,3
438,56820395,-238,159,-269,-84,-409,-1,-1,1376,1019,0,
135,-135,0,-118,821,-413,1214,20,5435,5955,5890,5977,0,0,7,3
439,56840404,-241,156,-265,-87,-410,-1,-1,1375,1019,119,134,-134,7,-117,768,-440,1213,-6,5779,5892,5964,5671,1,1,31,3
440,56860403,-244,130,-229,-104,-412,-1,-1,1375,1019,-197,135,-135,38,-118,661,-549,1212,-
3,5913,5837,6004,5578,1,1,31,3
441,56880402,-247,104,-186,-125,-413,-1,-1,1375,1019,-194,135,-135,-59,-118,1020,-207,1212,14,5979,5930,6016,5429,1,1,31,3
442,56900406,-249,107,-177,-138,-414,-1,-1,1374,1019,136,133,-133,-106,-116,1178,-42,1212,7,5811,6135,5832,5
535,1,1,31,3
443,56920407,-251,132,-205,-134,-415,-1,-1,1374,1019,596,133,-133,32,-116,669,-526,1211,-17,5689,6214,5684,5856,1,1,31,3
444,56940407,-254,157,-244,-116,-417,-1,-1,1374,1019,599,134,-134,20,-117,733,-483,1210,4,5437,6093,5788,6057,1,1,31,3
445,
56960405,-257,174,-275,-99,-418,-1,-1,1374,1018,370,133,-133,-56,-116,1009,-214,1210,11,5424,6029,5955,6027,1,1,31,3
446,56980411,-260,160,-265,-94,-420,-1,-1,1373,1018,0,132,-132,0,-115,789,-410,1210,-12,5705,5908,6021,5807,1,1,31,3
447,57000407,-263,136,-231,-106,-4
21,-1,-1,1373,1018,-329,131,-131,-11,-115,844,-368,1209,2,5971,5886,6062,5531,1,1,31,3
448,57020414,-266,111,-190,-126,-423,-1,-1,1372,1018,-268,130,-130,-130,-113,1284,55,1209,17,5993,6040,6026,5395,1,1,31,3
449,57040407,-268,108,-175,-140,-424,-1,-1,1372,1018,75,12
7,-127,-153,-111,1352,142,1209,-2,5846,6182,5909,5531,1,1,31,3
450,57060416,-270,133,-202,-136,-425,-1,-1,1372,1018,528,126,-126,-26,-110,902,-300,1209,-10,5627,6221,5754,5871,1,1,31,3
451,57080412,-273,157,-240,-116,-426,-1,-1,1372,1018,614,124,-124,-87,-109,1139,-79
,1209,6,5345,6186,5841,6081,1,1,31,3
452,57100419,-276,145,-236,-93,-428,-1,-1,1371,1018,0,122,-122,-92,-107,1155,-57,1209,0,5345,6073,5962,6080,1,1,31,3
453,57120416,-279,128,-215,-84,-429,-1,-1,1371,1018,-69,120,-120,-53,-105,1016,-189,1208,-6,5718,5881,6116,5742,1
,1,31,3
454,57140422,-282,103,-179,-94,-430,-1,-1,1372,1018,-302,119,-119,-97,-104,1189,-29,1208,7,5918,5861,6182,5497,1,1,31,3
455,57160416,-284,84,-146,-107,-431,-1,-1,1372,1018,-143,117,-117,-192,-102,1538,311,1208,14,5880,6012,6076,5396,1,1,31,3
456,57180421,-28
5,83,-138,-113,-432,-1,-1,1372,1018,74,114,-114,-153,-100,1393,181,1209,-1,5849,6269,5782,5466,1,1,31,3
457,57200419,-287,108,-168,-103,-433,-1,-1,1372,1018,856,111,-111,-160,-97,1425,215,1209,-3,5401,6345,5708,5899,1,1,31,3
458,57220424,-289,132,-208,-76,-434,-1,-1,
1373,1018,566,109,-109,-102,-95,1229,19,1209,-3,5275,6196,5806,6079,1,1,31,3
459,57240426,-292,140,-229,-53,-436,-1,-1,1373,1018,233,107,-107,-126,-93,1327,109,1209,5,5349,5962,6006,5919,1,1,31,3
460,57260431,-295,116,-205,-52,-437,-1,-1,1372,1018,-183,104
,-104,-102,-91,1238,30,1209,-6,5680,5819,6121,5606,1,1,31,3
461,57280430,-297,107,-188,-71,-438,-1,-1,1373,1018,0,101,-101,-202,-88,1620,392,1210,14,5971,5933,6200,5307,1,1,31,3
462,57300429,-299,87,-159,-95,-439,-1,-1,1373,1018,-145,97,-97,-199,-85,1605,3
91,1210,-1,5853,6137,5944,5381,1,1,31,3
463,57320431,-301,108,-178,-104,-440,-1,-1,1374,1018,359,93,-93,-210,-81,1656,443,1211,-2,5613,6211,5897,5619,1,1,31,3
464,57340427,-303,108,-183,-99,-441,-1,-1,1374,1018,0,90,-90,-224,-79,1729,504,1212,8,5368,6303,5771,5794,0,
0,7,3
465,57360435,-305,135,-217,-79,-442,-1,-1,1376,1018,630,86,-86,-218,-75,1709,493,1212,-2,5218,6170,5897,5946,1,1,31,3
466,57380436,-308,124,-214,-62,-443,-1,-1,1376,1018,11,82,-82,-201,-71,1664,447,1213,0,5313,5974,5970,5752,1,1,31,3
467,57400438,-310,107,-193,
-63,-445,-1,-1,1376,1019,-84,78,-78,-209,-68,1710,488,1214,5,5590,5825,6177,5509,1,1,31,3
468,57420440,-313,82,-156,-77,-445,-1,-1,1375,1019,-595,72,-72,-338,-63,2191,956,1215,16,5675,5853,6280,5301,1,1,31,3
469,57440440,-314,75,-139,-96,-446,-1,-1,1376,101
9,0,66,-66,-279,-58,1965,764,1216,-18,5823,6136,6031,5306,1,1,31,3
470,57460441,-316,100,-166,-102,-447,-1,-1,1377,1019,443,63,-63,-240,-55,1861,644,1217,-3,5629,6304,5793,5485,1,1,31,3
471,57480443,-318,125,-204,-90,-448,-1,-1,1378,1019,571,59,-59,-233,-51,1856,631,
1218,5,5253,6346,5700,5813,1,1,31,3
472,57500439,-320,116,-204,-75,-449,-1,-1,1378,1019,15,55,-55,-282,-48,2047,818,1219,7,5189,6248,5773,5751,1,1,31,3
473,57520446,-323,109,-196,-67,-451,-1,-1,1379,1020,21,51,-51,-140,-44,1528,324,1220,-17,5563,5834,6097,5560,1,1,31,
3
474,57540444,-325,84,-163,-74,-451,-1,-1,1380,1020,-367,48,-48,-250,-42,1963,726,1220,16,5603,5806,6165,5331,1,1,31,3
475,57560442,-326,77,-146,-91,-452,-1,-1,1380,1021,0,43,-43,-265,-37,2002,788,1222,-7,5579,5848,6120,5332,1,1,31,3
476,57580448,-328,83,-150,-100,-
453,-1,-1,1381,1021,155,39,-39,-146,-34,1595,385,1222,-10,5460,6046,5806,5550,1,1,31,3
477,57600446,-330,102,-174,-93,-454,-1,-1,1380,1022,314,37,-37,-198,-32,1810,581,1223,10,5419,6215,5680,5522,1,1,31,3
478,57620451,-332,126,-211,-75,-455,-1,-1,1380,1022,561,32,-32,-255,-28,2015,790,1224,6,5341
,6288,5712,5595,1,1,31,3
479,57640450,-334,126,-220,-64,-456,-1,-1,1380,1022,123,28,-28,-131,-25,1565,363,1225,-19,5482,6070,5819,5581,1,1,31,3
480,57660453,-337,104,-195,-67,-458,-1,-1,1380,1022,-157,26,-26,-166,-22,1726,499,1225,5,5601,5885,6079,5452,1,1,31,3
481,57680455,-339,97,-180,-86,-459,-1,-1,1380,1022,16,22,-22,-194,-19,1832,607,1226,2,5670,5743,6271
,5377,1,1,31,3
482,57700454,-341,72,-145,-104,-459,-1,-1,1380,1021,-232,17,-17,-284,-15,2168,937,1227,9,5473,5937,6182,5500,1,1,31,3
483,57720455,-342,97,-167,-109,-460,-1,-1,1379,1022,555,13,-13,-232,-11,1983,767,1229,-9,5410,6055,6005,5603,1,1,31,3
484,57740458,-3
44,121,-203,-99,-461,-1,-1,1379,1022,447,9,-9,-223,-8,1980,749,1230,6,5365,6356,5769,5715,1,1,31,3
485,57760456,-347,144,-240,-86,-463,-1,-1,1378,1021,410,5,-5,-266,-5,2151,914,1231,12,5416,6353,5784,5585,1,1,31,3
486,57780461,-349,135,-237,-82,-464,-1,-1,1378,1021,
23,0,0,-335,0,2399,1169,1232,2,5589,6222,6021,5388,1,1,31,3
487,57800462,-352,125,-225,-95,-465,-1,-1,1377,1021,18,-4,4,-111,3,1597,393,1233,-28,5830,5867,6130,5323,1,1,31,3
488,57820466,-355,101,-190,-120,-466,-1,-1,1377,1021,-296,-7,7,-210,6,2001,755,1234,15,5698,59
35,6192,5372,1,1,31,3
489,57840467,-357,125,-210,-138,-467,-1,-1,1377,1021,598,-12,12,-264,10,2194,956,1235,6,5478,6033,6136,5532,1,1,31,3
490,57860458,-359,125,-215,-140,-468,-1,-1,1377,1021,0,-17,17,-334,15,2456,1218,1237,3,5140,6278,5986,5826,0,0,7,3
491,57880467
,-362,152,-248,-125,-470,-1,-1,1376,1020,789,-21,21,-167,19,1869,643,1238,-11,5244,6231,5832,5834,1,1,31,3
492,57900468,-365,167,-275,-108,-471,-1,-1,1376,1020,341,-25,25,-207,22,2043,798,1239,7,5426,6225,5940,5661,1,1,31,3
493,57920468,-368,154,-264,-107,-4
73,-1,-1,1375,1020,0,-30,30,-275,26,2300,1050,1240,10,5619,6169,6040,5375,1,1,31,3
494,57940472,-371,128,-228,-120,-474,-1,-1,1375,1020,-695,-34,34,-258,30,2240,1004,1242,-6,5820,6037,6222,5257,1,1,31,3
495,57960471,-374,118,-205,-143,-475,-1,-1,1374,1020,0,-37,37,-1
17,33,1746,520,1243,-18,5786,5971,6145,5408,1,1,31,3
496,57980475,-376,143,-229,-155,-476,-1,-1,1374,1019,566,-40,40,-169,35,1965,712,1244,8,5524,6152,6052,5643,1,1,31,3
497,58000475,-379,168,-266,-147,-478,-1,-1,1374,1019,527,-44,44,-278,39,2370,1105,1245,17,5103,63
56,5917,5919,1,1,31,3
498,58020475,-382,193,-305,-131,-479,-1,-1,1375,1019,502,-49,49,-236,42,2213,971,1247,-7,5162,6324,5894,5887,1,1,31,3
499,58040475,-386,178,-296,-118,-481,-1,-1,1374,1019,0,-52,52,-163,46,1972,727,1248,-5,5549,6165,5974,5549,1,1,31,3

500,58060477,-390,153,-261,-127,-482,-1,-1,1374,1019,-402,-56,56,-234,49,2257,991,1249,13,5831,6041,6183,5201,1,1,31,3
501,58080478,-393,128,-221,-152,-484,-1,-1,1373,1019,-508,-61,61,-200,53,2125,880,1250,-9,5848,5981,6189,5200,1,1,31,3
502,58100479,-395,103,-179,-172,-485,
-1,-1,1374,1019,-223,-64,64,-171,56,2042,793,1252,-5,5614,6105,6111,5524,1,1,31,3
503,58120481,-397,128,-199,-170,-486,-1,-1,1373,1019,821,-68,68,-221,59,2248,982,1253,9,5273,6273,5974,5787,1,1,31,3
504,58140484,-400,153,-236,-147,-487,-1,-1,1373,1019,641,-73,73,-236
,64,2299,1045,1254,-4,5065,6367,5907,5995,1,1,31,3
505,58160470,-403,141,-232,-120,-489,-1,-1,1373,1019,0,-76,76,-139,66,1971,718,1255,-5,5275,6292,5873,5850,1,1,31,3
506,58180484,-406,116,-202,-110,-490,-1,-1,1374,1018,-274,-80,80,-269,69,2463,1185,1257,15,5629,6123,6189,5383,1,1,31,3
507,582004
87,-408,91,-164,-122,-491,-1,-1,1373,1018,-530,-84,84,-190,73,2175,919,1258,-8,5929,5902,6277,5102,1,1,31,3
508,58220486,-410,84,-147,-142,-492,-1,-1,1373,1018,0,-87,87,-119,76,1935,682,1259,-11,5778,6032,6126,5359,1,1,31,3
509,58240489,-412,90,-152,-145,-493,-1,-1,13
73,1018,163,-90,90,-203,79,2264,986,1261,12,5346,6290,5929,5678,1,1,31,3
510,58260473,-413,115,-186,-127,-494,-1,-1,1374,1018,454,-94,94,-238,82,2393,1122,1262,2,5155,6398,5850,5830,1,1,31,3
511,58280492,-416,137,-223,-100,-495,-1,-1,1375,1018,401,-98,98,-155,86,2101
,841,1264,-9,5246,6214,5904,5762,1,1,31,3
512,58300493,-418,113,-204,-84,-496,-1,-1,1375,1018,-500,-102,102,-181,89,2221,945,1265,5,5429,6101,6050,5549,1,1,31,3
513,58320495,-421,88,-170,-89,-497,-1,-1,1375,1018,-369,-107,107,-229,93,2397,1125,1266,-1,5633,5888,6290,5279,1,1,31,3
514,58340497,-4
22,64,-133,-107,-498,-1,-1,1376,1019,-415,-111,111,-217,97,2370,1099,1268,-3,5643,5965,6233,5304,1,1,31,3
515,58360497,-424,60,-121,-116,-499,-1,-1,1375,1019,16,-115,115,-201,101,2325,1055,1270,-5,5389,6142,6009,5534,1,1,31,3
516,58380491,-425,60,-120,-104,-499,-1,-1
,1376,1019,0,-119,119,-220,104,2416,1135,1271,6,5255,6418,5806,5693,0,0,7,3
517,58400500,-426,55,-117,-78,-500,-1,-1,1376,1019,0,-124,124,-190,108,2310,1039,1273,-6,5248,6315,5828,5675,1,1,31,3
518,58420500,-427,73,-136,-57,-501,-1,-1,1377,1019,275,-127,127,-158,110,2
219,942,1274,0,5417,6170,6011,5593,1,1,31,3
519,58440502,-429,48,-119,-49,-501,-1,-1,1376,1019,-592,-130,130,-204,113,2390,1112,1276,-1,5452,6024,6147,5457,1,1,31,3
520,58460504,-430,22,-92,-51,-502,-1,-1,1377,1019,-432,-133,133,-149,116,2205,928,1277,-2,
5525,5994,6176,5481,1,1,31,3
521,58480504,-430,1,-65,-54,-502,-1,-1,1376,1020,-241,-136,136,-170,119,2298,1012,1278,5,5454,6041,6090,5464,1,1,31,3
522,58500500,-430,1,-59,-50,-502,-1,-1,1376,1020,1,-140,140,-257,122,2627,1331,1280,15,5370,6269,6040,5552,1,1,31,3
523,58520508,
-430,12,-71,-36,-502,-1,-1,1375,1020,142,-145,145,-212,126,2451,1183,1282,-14,5313,6296,5964,5654,1,1,31,3
524,58540502,-430,27,-92,-17,-503,-1,-1,1375,1020,203,-148,148,-142,129,2226,949,1283,-6,5409,6300,5924,5640,1,1,31,3
525,58560508,-431,2,-78,-4,-503,-1,-1,1374,1020,-477,-152,152,-221,132,2
533,1239,1285,8,5449,6213,6095,5522,1,1,31,3
526,58580506,-431,-23,-52,-2,-503,-1,-1,1374,1020,-371,-156,156,-206,136,2484,1198,1287,-3,5545,6040,6279,5463,1,1,31,3
527,58600511,-430,-45,-24,-8,-503,-1,-1,1373,1020,-309,-160,160,-197,140,2469,1179,1288,0,5534,6032,628
5,5479,1,1,31,3
528,58620507,-430,-42,-21,-12,-503,-1,-1,1373,1020,0,-165,165,-249,144,2673,1375,1290,6,5416,6178,6216,5567,1,1,31,3
529,58640516,-429,-17,-45,-4,-503,-1,-1,1373,1019,277,-169,169,-244,147,2668,1373,1292,1,5333,6341,6053,5653,1,1,31,3
530,58660510,-4
28,-14,-59,11,-503,-1,-1,1373,1019,17,-173,173,-163,151,2385,1100,1294,-12,5342,6340,5969,5707,1,1,31,3
531,58680518,-428,-7,-72,25,-503,-1,-1,1372,1019,83,-177,177,-181,154,2475,1176,1295,0,5463,6253,6082,5565,1,1,31,3
532,58700512,-428,-31,-55,26,-503,-1,-1,1372,10
19,-381,-180,180,-198,157,2549,1246,1297,2,5590,6148,6229,5442,1,1,31,3
533,58720517,-427,-52,-34,15,-503,-1,-1,1372,1019,-289,-184,184,-190,161,2528,1231,1299,-6,5614,6036,6339,5426,1,1,31,3
534,58740516,-426,-48,-38,4,-503,-1,-1,1372,1019,0,-187,187,-158,163,2431,11
27,1301,-2,5518,6075,6249,5522,1,1,31,3
535,58760521,-425,-44,-40,2,-503,-1,-1,1371,1019,0,-191,191,-202,167,2606,1294,1302,4,5301,6304,6066,5694,1,1,31,3
536,58780523,-425,-40,-43,9,-502,-1,-1,1371,1019,0,-194,194,-229,169,2718,1400,1304,8,5351,6361,6081,5656,1,1,31,
3
537,58800524,-424,-36,-44,18,-502,-1,-1,1368,1018,13,-198,198,-142,173,2402,1103,1306,-12,5481,6264,6070,5585,1,1,31,3
538,58820524,-423,-39,-46,23,-502,-1,-1,1368,1018,-78,-200,200,-104,175,2285,978,1307,-5,5659,6198,6198,5531,1,1,31,3
539,58840527,-422,-47,-47,2
0,-502,-1,-1,1367,1018,-139,-202,202,-179,177,2580,1253,1309,11,5662,6208,6242,5426,1,1,31,3
540,58860527,-421,-61,-40,13,-502,-1,-1,1367,1018,-220,-206,206,-157,180,2489,1180,1311,-9,5528,6221,6241,5621,1,1,31,3
541,58880528,-420,-56,-40,10,-502,-1,-1,1366,1018,0,-208,208,-
48,181,2119,808,1312,-8,5498,6180,6139,5702,1,1,31,3
542,58900521,-419,-56,-41,13,-502,-1,-1,1365,1017,0,-210,210,-160,183,2544,1209,1314,13,5512,6312,6179,5636,0,0,7,3
543,58920530,-418,-51,-47,15,-502,-1,-1,1364,1017,0,-214,214,-198,186,2673,1348,1316,0,5546,6383,6185,5611,1,1,31,3
544,5894053
3,-417,-47,-51,17,-502,-1,-1,1364,1017,-5,-215,215,-28,188,2064,757,1317,-19,5631,6232,6145,5657,1,1,31,3
545,58960536,-416,-59,-46,17,-502,-1,-1,1363,1017,-184,-216,216,-60,188,2210,877,1318,6,5682,6213,6144,5507,1,1,31,3
546,58980535,-415,-54,-49,12,-501,-1,-1,136
3,1017,0,-218,218,-153,190,2547,1207,1320,10,5665,6251,6249,5490,1,1,31,3
547,59000537,-414,-50,-52,5,-501,-1,-1,1362,1017,0,-219,219,-6,191,2010,695,1321,-15,5584,6141,6176,5671,1,1,31,3
548,59020538,-413,-46,-52,3,-501,-1,-1,1361,1017,0,-220,220,-38,192,2143,813,132
2,-1,5543,6247,6152,5724,1,1,31,3
549,59040540,-412,-42,-52,3,-501,-1,-1,1360,1017,5,-221,221,-112,193,2420,1075,1323,11,5577,6305,6159,5609,1,1,31,3
550,59060539,-411,-27,-67,4,-501,-1,-1,1360,1017,136,-223,223,-42,194,2157,833,1325,-11,5662,6258,6177,5633,1,1,31,3
551,59080543,-410,-25,-75,3,
-502,-1,-1,1361,1016,0,-223,223,0,195,2017,688,1326,-6,5654,6282,6056,5619,1,1,31,3
552,59100541,-410,-21,-81,2,-502,-1,-1,1359,1016,23,-224,224,-84,195,2339,986,1327,15,5691,6277,6108,5459,1,1,31,3
553,59120543,-409,-20,-83,-6,-502,-1,-1,1360,1016,0,-225,225,-31,196,
2128,800,1328,-12,5701,6277,6114,5566,1,1,31,3
554,59140545,-409,-18,-85,-12,-502,-1,-1,1359,1016,1,-225,225,11,197,1991,658,1329,-7,5598,6145,6124,5621,1,1,31,3
555,59160545,-409,7,-106,-18,-502,-1,-1,1359,1016,350,-226,226,-30,197,2149,802,1330,5,5568,6140,6231,566
7,1,1,31,3
556,59180535,-409,9,-114,-23,-503,-1,-1,1359,1017,41,-227,227,-85,198,2345,997,1332,4,5452,6189,6200,5700,1,1,31,3
557,59200550,-409,18,-122,-28,-503,-1,-1,1359,1017,112,-228,228,-44,199,2195,857,1333,-6,5595,6225,6129,5601,1,1,31,3
558,59220549,-409,16,-
122,-34,-504,-1,-1,1359,1017,0,-228,228,22,199,1965,627,1334,-6,5661,6216,6013,5531,1,1,31,3
559,59240551,-410,15,-118,-42,-504,-1,-1,1359,1017,0,-228,228,-41,199,2203,848,1335,10,5709,6228,6064,5421,1,1,31,3
560,59260554,-410,23,-122,-50,-505,-1,-1,1359,1017,112,-228
,228,-10,199,2080,739,1336,-4,5622,6183,6079,5542,1,1,31,3
561,59280554,-410,21,-120,-55,-505,-1,-1,1360,1017,0,-228,228,-6,199,2073,726,1337,1,5545,6145,6111,5615,1,1,31,3
562,59300541,-411,23,-119,-57,-506,-1,-1,1360,1017,46,-229,229,-37,200,2186,836,1338,4,5513,6147,6090,
5569,1,1,31,3
563,59320556,-411,30,-124,-59,-506,-1,-1,1361,1018,118,-230,230,-35,200,2174,832,1339,-5,5564,6152,6121,5560,1,1,31,3
564,59340558,-412,44,-136,-62,-507,-1,-1,1360,1018,199,-231,231,-50,201,2236,885,1341,3,5550,6129,6122,5520,1,1,31,3
565,59360558,-413
,42,-137,-65,-507,-1,-1,1360,1018,18,-231,231,-2,201,2063,718,1342,-2,5559,6143,6088,5582,1,1,31,3
566,59380562,-414,40,-134,-69,-508,-1,-1,1360,1018,19,-231,231,-59,202,2283,922,1343,11,5565,6199,6076,5505,1,1,31,3
567,59400562,-414,37,-128,-74,-509,-1,-1,
1361,1018,0,-232,232,-20,202,2129,784,1344,-5,5632,6103,6138,5484,1,1,31,3
568,59420555,-415,37,-125,-80,-509,-1,-1,1362,1018,0,-233,233,-23,203,2147,798,1345,-1,5585,6094,6107,5483,0,0,7,3
569,59440564,-416,38,-125,-85,-510,-1,-1,1362,1019,57,-233,233,-10,203,2101,75
5,1346,-5,5557,6105,6077,5516,1,1,31,3
570,59460565,-417,39,-125,-86,-510,-1,-1,1361,1019,48,-234,234,-28,204,2171,819,1348,0,5552,6143,6086,5531,1,1,31,3
571,59480570,-417,42,-128,-87,-511,-1,-1,1362,1019,77,-234,234,-47,204,2240,887,1349,1,5554,6172,6167,5603,1,1,3
1,3
572,59500568,-418,47,-132,-87,-512,-1,-1,1362,1019,98,-234,234,20,204,2004,654,1350,-3,5571,6126,6076,5573,1,1,31,3
573,59520569,-419,50,-136,-88,-512,-1,-1,1362,1019,89,-235,235,-37,205,2212,853,1351,5,5593,6122,6135,5496,1,1,31,3
574,59540570,-420,58,-144,-91,
-513,-1,-1,1362,1019,152,-235,235,-28,205,2178,825,1352,-2,5510,6108,6095,5542,1,1,31,3
575,59560572,-421,54,-142,-94,-514,-1,-1,1363,1019,0,-236,236,13,206,2025,679,1353,-9,5581,6135,6073,5558,1,1,31,3
576,59580573,-422,49,-136,-96,-514,-1,-1,1362,1019,0,-236,236,-2
2,206,2164,804,1354,3,5558,6110,6091,5501,1,1,31,3
577,59600573,-423,46,-130,-100,-515,-1,-1,1362,1019,0,-236,236,-7,206,2107,754,1355,-5,5600,6099,6133,5519,1,1,31,3
578,59620575,-424,42,-125,-103,-516,-1,-1,1362,1019,-1,-237,237,-21,206,2165,805,1356,1,5571,6113,615
8,5557,1,1,31,3
579,59640576,-425,41,-123,-104,-516,-1,-1,1362,1019,34,-237,237,-13,207,2137,776,1358,0,5592,6178,6125,5583,1,1,31,3
580,59660565,-426,52,-133,-103,-517,-1,-1,1362,1019,174,-237,237,-16,207,2151,789,1359,1,5593,6179,6094,5545,1,1,31,3
58
1,59680581,-427,54,-139,-100,-518,-1,-1,1361,1019,86,-238,238,-41,208,2237,876,1360,-2,5538,6175,6136,5592,1,1,31,3
582,59700582,-428,50,-137,-99,-518,-1,-1,1361,1019,0,-238,238,-18,208,2163,799,1361,0,5609,6156,6157,5563,1,1,31,3
583,59720580,-429,46,-132,-102,-519,-1,-1,1361
,1019,0,-239,239,-65,209,2333,964,1362,3,5591,6100,6242,5520,1,1,31,3
584,59740581,-430,42,-127,-107,-520,-1,-1,1360,1019,0,-240,240,35,209,1971,615,1363,-11,5577,6058,6171,5612,1,1,31,3
585,59760581,-431,39,-122,-109,-520,-1,-1,1361,1019,0,-240,240,-34,209,2235,858,1
364,9,5590,6201,6163,5594,1,1,31,3
586,59780585,-432,36,-118,-109,-521,-1,-1,1360,1019,-5,-240,240,3,209,2098,729,1366,-1,5623,6157,6132,5558,1,1,31,3
587,59800587,-432,33,-114,-109,-522,-1,-1,1360,1018,0,-240,240,-8,209,2138,770,1367,-3,5695,6181,6157,5513,1,1,31,3
588,59820585,-433,30,-111,-11
1,-522,-1,-1,1359,1018,0,-240,240,9,209,2082,708,1368,2,5707,6135,6178,5506,1,1,31,3
589,59840588,-434,28,-108,-114,-523,-1,-1,1360,1018,0,-240,240,-14,209,2165,790,1369,1,5671,6129,6252,5568,1,1,31,3
590,59860589,-434,26,-106,-117,-523,-1,-1,1359,1018,0,-241,241,-29
,210,2218,842,1370,-1,5582,6135,6225,5607,1,1,31,3
591,59880578,-435,24,-104,-117,-524,-1,-1,1358,1018,0,-240,240,40,210,1972,601,1371,-6,5653,6164,6187,5657,1,1,31,3
592,59900594,-435,22,-103,-119,-524,-1,-1,1357,1018,0,-240,240,-6,210,2142,762,1372,1,5669
,6155,6233,5588,1,1,31,3
593,59920594,-436,8,-90,-120,-525,-1,-1,1357,1017,-159,-239,239,79,209,1832,462,1373,-9,5784,6151,6241,5640,1,1,31,3
594,59940588,-436,8,-86,-122,-525,-1,-1,1355,1017,0,-238,238,41,208,1981,595,1373,4,5731,6149,6220,5592,0,0,7,3
595,59960597,
-436,-15,-65,-124,-525,-1,-1,1355,1017,-260,-238,238,-67,208,2375,973,1375,19,5694,6178,6350,5579,1,1,31,3
596,59980595,-436,-33,-42,-126,-525,-1,-1,1355,1017,-234,-240,240,-2,209,2116,743,1376,-12,5668,6127,6302,5643,1,1,31,3
597,60000596,-435,-30,-39,-122,-526,-1,-1
,1354,1017,0,-239,239,17,209,2067,679,1377,1,5640,6105,6272,5646,1,1,31,3
598,60020601,-434,-25,-46,-115,-526,-1,-1,1353,1016,38,-239,239,5,209,2110,721,1378,1,5597,6155,6273,5716,1,1,31,3
599,60040582,-434,-22,-52,-106,-526,-1,-1,1353,1016,6,-239,239,20,208,2057,667,
1379,0,5594,6215,6199,5734,1,1,31,3
600,60060603,-433,-48,-34,-101,-526,-1,-1,1353,1016,-506,-240,240,-62,209,2355,956,1380,6,5660,6148,6348,5593,1,1,31,3
601,60080598,-432,-61,-31,-102,-526,-1,-1,1353,1016,-212,-239,239,84,209,1815,444,1381,-20,5770,6051,6299,5622,1,1,31,
3
602,60100604,-431,-86,1,-104,-526,-1,-1,1352,1016,-659,-237,237,111,207,1735,344,1381,0,5804,6090,6242,5612,1,1,31,3
603,60120601,-429,-90,13,-104,-525,-1,-1,1352,1016,-139,-237,237,-103,206,2528,1096,1382,34,5843,6157,6371,5350,1,1,31,3
604,60140609,-428
,-86,8,-101,-525,-1,-1,1351,1016,-35,-238,238,-9,208,2148,763,1384,-12,5579,6235,6196,5717,1,1,31,3
605,60160601,-426,-75,-8,-85,-525,-1,-1,1351,1016,49,-237,237,108,206,1735,351,1384,-11,5477,6176,6134,5917,1,1,31,3
606,60180596,-424,-64,-27,-71,-525,-1,-1,1350,1016
,63,-236,236,40,206,1992,588,1385,6,5458,6130,6250,5871,1,1,31,3
607,60200608,-423,-89,-5,-62,-524,-1,-1,1350,1015,-390,-236,236,-11,206,2171,768,1386,3,5649,6042,6400,5647,1,1,31,3
608,60220611,-421,-113,28,-67,-524,-1,-1,1349,1015,-675,-236,236,-13,206,2176,774,13
87,1,5994,6075,6370,5303,1,1,31,3
609,60240610,-419,-134,58,-79,-523,-1,-1,1349,1015,-370,-236,236,19,206,2061,662,1388,-3,6110,6139,6264,5204,1,1,31,3
610,60260600,-416,-147,77,-87,-523,-1,-1,1348,1015,-303,-236,236,-27,206,2231,822,1389,4,5960,6232,6218,5312,1,1,31,
3
611,60280611,-414,-134,63,-78,-522,-1,-1,1348,1015,15,-236,236,37,205,1992,597,1390,-9,5453,6335,6044,5875,1,1,31,3
612,60300617,-411,-110,26,-53,-522,-1,-1,1348,1015,412,-235,235,36,205,2003,601,1391,-4,5270,6232,6152,6056,1,1,31,3
613,60320619,-409,-105,6,-25,-
521,-1,-1,1348,1015,-48,-233,233,128,203,1666,273,1392,-11,5300,5979,6294,6094,1,1,31,3
614,60340620,-407,-129,29,-11,-521,-1,-1,1347,1015,-708,-231,231,52,202,1954,535,1392,12,5744,6068,6282,5574,1,1,31,3
615,60360620,-404,-154,60,-18,-520,-1,-1,1348,1015,-861,-230,2
30,60,201,1907,501,1393,-2,6089,6022,6354,5281,1,1,31,3
616,60380621,-401,-178,94,-35,-519,-1,-1,1347,1015,-505,-229,229,93,200,1777,382,1394,-11,6151,6166,6138,5214,1,1,31,3
617,60400623,-397,-193,114,-44,-519,-1,-1,1347,1015,-359,-226,226,154,197,1559,161
,1394,-8,5865,6259,6026,5596,1,1,31,3
618,60420626,-393,-168,86,-32,-518,-1,-1,1347,1015,132,-223,223,184,194,1448,46,1394,-3,5608,6234,6000,5861,1,1,31,3
619,60440629,-390,-158,62,-6,-517,-1,-1,1347,1015,-37,-219,219,175,191,1475,68,1394,3,5463,6208,6069,6034,1,1,31
,3
620,60460619,-387,-158,51,15,-517,-1,-1,1345,1015,0,-215,215,197,187,1383,-23,1394,1,5580,6010,6223,5923,0,0,7,3
621,60480634,-384,-173,62,19,-516,-1,-1,1346,1014,-342,-211,211,214,184,1302,-95,1394,-7,5966,5944,6337,5627,1,1,31,3
622,60500630,-380,-199,91,9,
-516,-1,-1,1345,1014,-905,-208,208,193,181,1377,-32,1394,3,6117,6036,6211,5403,1,1,31,3
623,60520630,-376,-223,123,-6,-515,-1,-1,1345,1014,-488,-204,204,220,178,1261,-138,1394,-6,6046,6124,6124,5535,1,1,31,3
624,60540618,-372,-212,116,-9,-514,-1,-1,1345,1014,-88,-199
,199,267,174,1079,-316,1394,-8,5869,6106,6068,5736,1,1,31,3
625,60560634,-368,-187,83,4,-513,-1,-1,1345,1014,99,-194,194,308,169,922,-474,1393,-5,5593,6182,5985,6087,1,1,31,3
626,60580635,-364,-161,44,29,-513,-1,-1,1345,1014,206,-187,187,343,163,782,-617,1392,0,5527,6
180,5917,6156,1,1,31,3
627,60600640,-361,-150,19,48,-512,-1,-1,1345,1014,-25,-181,181,285,158,973,-432,1391,5,5647,6011,6117,5968,1,1,31,3
628,60620639,-358,-176,35,49,-512,-1,-1,1345,1014,-585,-175,175,350,152,707,-679,1391,-11,5964,5862,6194,5719,1,1,31,3
629,60640
637,-354,-200,64,35,-512,-1,-1,1344,1015,-964,-167,167,373,146,614,-781,1390,0,6138,5897,6111,5546,1,1,31,3
630,60660640,-350,-223,96,19,-511,-1,-1,1345,1015,-486,-161,161,266,140,981,-427,1389,11,6076,6128,6022,5556,1,1,31,3
631,60680643,-346,-208,91,14,-510,-1,-1,1
344,1015,-31,-155,155,353,135,627,-754,1388,-13,5871,6102,5918,5818,1,1,31,3
632,60700643,-342,-183,66,24,-510,-1,-1,1345,1015,248,-147,147,451,128,257,-1119,1387,-12,5770,6093,5886,6073,1,1,31,3
633,60720641,-338,-171,46,41,-510,-1,-1,1345,1015,-30,-138,138,350,121,6
21,-785,1385,16,5585,6033,5980,6101,1,1,31,3
634,60740643,-334,-187,54,53,-509,-1,-1,1345,1015,-373,-132,132,314,115,707,-684,1384,1,5699,5930,6136,5994,1,1,31,3
635,60760645,-331,-195,63,54,-509,-1,-1,1345,1015,-287,-125,125,372,109,470,-909,1383,-8,5917,5847,6094,5
777,1,1,31,3
636,60780648,-327,-209,80,49,-508,-1,-1,1346,1015,-380,-118,118,347,103,549,-843,1382,5,6010,6001,5998,5700,1,1,31,3
637,60800647,-323,-206,83,45,-508,-1,-1,1346,1015,-167,-111,111,296,97,711,-683,1381,8,5936,6107,5879,5674,1,1,31,3
638,60820649,-318,-1
99,79,47,-507,-1,-1,1347,1015,-112,-105,105,325,92,575,-806,1380,-3,5867,6153,5857,5839,1,1,31,3
639,60840654,-315,-183,64,55,-506,-1,-1,1347,1015,-1,-99,99,336,86,516,-863,1378,-3,5829,6062,5852,5813,1,1,31,3
640,60860653,-311,-176,53,60,-506,-1,-1,1348,1015,-88,-92,92,346,
80,460,-919,1377,-1,5861,6008,5917,5820,1,1,31,3
641,60880654,-307,-187,58,61,-505,-1,-1,1348,1015,-325,-86,86,310,75,564,-813,1376,-3,5844,5937,5979,5774,1,1,31,3
642,60900652,-304,-175,49,56,-505,-1,-1,1349,1015,-24,-80,80,289,70,626,-757,1375,3,5847,5879,
6073,5775,1,1,31,3
643,60920656,-300,-161,35,50,-505,-1,-1,1349,1015,0,-74,74,284,65,620,-759,1374,0,5794,5946,5971,5796,1,1,31,3
644,60940658,-297,-148,20,47,-504,-1,-1,1349,1015,0,-69,69,297,60,552,-820,1373,-4,5859,6060,5916,5825,1,1,31,3
645,60960662,-294,-138,6
,44,-504,-1,-1,1350,1015,-24,-63,63,261,55,670,-710,1372,4,5857,6064,5903,5756,1,1,31,3
646,60980653,-291,-138,0,39,-504,-1,-1,1351,1015,0,-58,58,301,50,494,-872,1371,-8,5915,5993,5921,5738,0,0,7,3
647,61000662,-288,-154,9,30,-504,-1,-1,1352,1016,-324,-52,52,308,45,4
55,-912,1369,-6,5910,5910,5943,5702,1,1,31,3
648,61020661,-285,-143,4,20,-503,-1,-1,1353,1016,-23,-46,46,259,40,623,-756,1368,6,5867,5914,5971,5689,1,1,31,3
649,61040661,-282,-135,-2,13,-503,-1,-1,1353,1016,-48,-41,41,234,36,693,-684,1367,6,5758,5938,5943,5756,1,1,31,
3
650,61060664,-280,-122,-14,9,-503,-1,-1,1354,1016,28,-37,37,203,32,783,-590,1366,3,5742,5958,5980,5783,1,1,31,3
651,61080666,-277,-104,-33,5,-503,-1,-1,1354,1016,102,-33,33,208,29,747,-620,1365,-3,5729,5949,5925,5751,1,1,31,3
652,61100667,-275,-86,-54,2,-503,-1,-1
,1355,1016,117,-29,29,194,25,787,-586,1365,4,5781,6014,5944,5761,1,1,31,3
653,61120668,-273,-75,-71,-3,-503,-1,-1,1354,1016,54,-26,26,151,22,930,-445,1364,7,5739,6009,5945,5725,1,1,31,3
654,61140668,-272,-73,-73,-11,-503,-1,-1,1355,1016,-58,-22,22,178,19,816,-550,136
3,-1,5795,5963,6012,5749,1,1,31,3
655,61160668,-271,-48,-69,-22,-503,-1,-1,1355,1017,452,-19,19,130,17,979,-393,1362,5,5747,5894,6070,5700,1,1,31,3
656,61180670,-270,-53,-76,-32,-503,-1,-1,1356,1017,-111,-17,17,112,15,1034,-336,1362,3,5725,5920,6102,5750,1,1,31,3
657
,61200673,-268,-51,-83,-40,-504,-1,-1,1356,1017,-18,-15,15,90,13,1100,-268,1362,1,5615,5961,6024,5790,1,1,31,3
658,61220675,-267,-32,-95,-43,-504,-1,-1,1357,1017,185,-13,13,48,12,1253,-123,1361,8,5676,6063,6010,5735,1,1,31,3
659,61240675,-267,-29,-103,-46,-504,-1,-1,1
357,1017,0,-12,12,55,11,1213,-153,1361,0,5704,6037,6002,5693,1,1,31,3
660,61260678,-266,-27,-108,-50,-504,-1,-1,1358,1017,0,-12,12,14,10,1360,-11,1361,4,5715,6048,6057,5672,1,1,31,3
661,61280678,-266,-25,-111,-57,-505,-1,-1,1357,1017,0,-12,12,6,10,1384,14,1361,3,
5659,5966,6084,5661,1,1,31,3
662,61300682,-265,-23,-114,-63,-505,-1,-1,1358,1017,0,-12,12,-18,10,1470,100,1361,2,5629,6029,6108,5732,1,1,31,3
663,61320679,-265,-10,-121,-67,-506,-1,-1,1358,1017,140,-13,13,-40,11,1546,176,1361,1,5576,6013,6097,5717,1,1,31,3
664,61340
682,-265,-9,-125,-70,-506,-1,-1,1359,1017,0,-14,14,-62,12,1629,259,1362,1,5564,6058,6096,5730,1,1,31,3
665,61360684,-264,-5,-129,-72,-506,-1,-1,1359,1017,43,-14,14,-3,12,1419,55,1362,-5,5638,6014,6079,5707,1,1,31,3
666,61380683,-264,-3,-132,-76,-507,-1,-1,1360,1017,24
,-15,15,-56,13,1619,243,1362,6,5662,6051,6107,5641,1,1,31,3
667,61400686,-264,-3,-133,-80,-508,-1,-1,1360,1017,0,-16,16,-79,14,1700,325,1362,5,5649,6096,6072,5622,1,1,31,3
668,61420687,-264,-2,-133,-84,-508,-1,-1,1360,1017,0,-18,18,-105,16,1799,424,1363,4,5661,6120,6
082,5592,1,1,31,3
669,61440689,-264,2,-136,-88,-509,-1,-1,1360,1017,59,-20,20,-67,18,1660,293,1363,-5,5641,6073,6107,5663,1,1,31,3
670,61460689,-264,7,-139,-90,-509,-1,-1,1361,1017,60,-21,21,-69,19,1682,308,1364,2,5579,6085,6114,5732,1,1,31,3
671,61480691,-264,31,-
153,-92,-510,-1,-1,1361,1017,313,-23,23,-61,20,1653,283,1364,-2,5525,6006,6118,5726,1,1,31,3
672,61500684,-265,31,-161,-92,-511,-1,-1,1361,1017,0,-25,25,-84,22,1740,368,1365,-1,5535,6101,6107,5755,0,0,7,3
673,61520694,-266,39,-170,-92,-511,-1,-1,1361,1017,126,-27,27,-
121,23,1889,506,1365,8,5561,6096,6134,5672,1,1,31,3
674,61540693,-266,36,-173,-95,-512,-1,-1,1362,1017,0,-29,29,-226,25,2273,882,1366,15,5558,6054,6309,5605,1,1,31,3
675,61560684,-267,33,-173,-104,-513,-1,-1,1362,1017,0,-32,32,-163,28,2039,667,1367,-5,5586,6049,6214
,5600,1,1,31,3
676,61580694,-268,30,-170,-112,-514,-1,-1,1362,1017,-1,-35,35,-133,31,1944,570,1368,-3,5567,6122,6118,5646,1,1,31,3
677,61600698,-268,33,-170,-116,-515,-1,-1,1362,1017,66,-38,38,-122,33,1914,539,1369,-3,5574,6161,6070,5647,1,1,31,3
678,61620693,-269,41
,-174,-116,-516,-1,-1,1362,1017,134,-41,41,-204,36,2225,837,1370,9,5595,6224,6094,5548,1,1,31,3
679,61640700,-270,51,-182,-117,-516,-1,-1,1362,1017,160,-45,45,-175,39,2113,745,1371,-12,5557,6108,6180,5615,1,1,31,3
680,61660696,-271,47,-182,-120,-517,-1,-1,1362,1017,0,-47,47
,-90,41,1826,457,1372,-11,5502,5977,6230,5742,1,1,31,3
681,61680704,-272,43,-177,-123,-518,-1,-1,1362,1018,0,-50,50,-142,43,2037,649,1373,7,5488,5999,6265,5700,1,1,31,3
682,61700700,-273,39,-171,-126,-519,-1,-1,1362,1018,0,-53,53,-204,47,2268,876,1374,10,5498,6118,62
33,5655,1,1,31,3
683,61720704,-273,38,-166,-128,-520,-1,-1,1362,1018,17,-57,57,-140,50,2033,660,1375,-10,5565,6088,6200,5650,1,1,31,3
684,61740703,-274,48,-170,-129,-521,-1,-1,1362,1018,173,-60,60,-165,53,2148,760,1376,4,5583,6138,6212,5634,1,1,31,3
685,61760709,-27
5,46,-169,-128,-522,-1,-1,1362,1018,17,-64,64,-191,56,2249,863,1377,1,5541,6187,6191,5650,1,1,31,3
686,61780706,-276,42,-164,-127,-523,-1,-1,1362,1018,0,-68,68,-191,59,2259,875,1379,-2,5550,6139,6246,5643,1,1,31,3
687,61800711,-277,39,-158,-128,-523,-1,-1,1361,1018,0,
-71,71,-179,62,2235,844,1380,3,5523,6088,6292,5677,1,1,31,3
688,61820707,-278,36,-152,-129,-524,-1,-1,1361,1017,0,-75,75,-214,66,2375,978,1381,7,5543,6138,6318,5660,1,1,31,3
689,61840714,-278,35,-148,-128,-525,-1,-1,1360,1017,21,-80,80,-251,70,2520,1122,1383,6,5518,62
29,6268,5648,1,1,31,3
690,61860716,-279,33,-144,-125,-526,-1,-1,1361,1017,17,-84,84,-183,73,2285,895,1384,-3,5562,6202,6266,5700,1,1,31,3
691,61880719,-280,32,-141,-121,-526,-1,-1,1360,1017,16,-88,88,-213,77,2416,1016,1385,4,5543,6189,6261,5632,1,1,31,3
692,61900717
,-280,26,-134,-119,-527,-1,-1,1361,1017,-39,-92,92,-183,80,2314,918,1387,-1,5576,6161,6278,5642,1,1,31,3
693,61920722,-281,12,-119,-118,-528,-1,-1,1360,1017,-153,-96,96,-202,84,2395,998,1388,-2,5576,6114,6325,5598,1,1,31,3
694,61940723,-281,0,-104,-120,-528
,-1,-1,1360,1017,-139,-100,100,-226,87,2503,1096,1389,6,5580,6135,6353,5587,1,1,31,3
695,61960722,-281,-20,-81,-119,-528,-1,-1,1360,1017,-259,-105,105,-216,91,2475,1073,1391,-1,5523,6191,6270,5631,1,1,31,3
696,61980725,-281,-18,-76,-113,-529,-1,-1,1359,1017,0,-109,109
,-219,95,2505,1100,1393,0,5523,6224,6293,5670,1,1,31,3
697,62000725,-280,-14,-79,-104,-529,-1,-1,1358,1017,41,-113,113,-219,99,2525,1112,1394,6,5564,6218,6295,5616,1,1,31,3
698,62020721,-280,-14,-83,-95,-529,-1,-1,1359,1016,0,-118,118,-240,102,2613,1199,1396,5,5518,6
266,6342,5711,0,0,7,3
699,62040730,-280,-29,-72,-89,-529,-1,-1,1359,1016,-190,-122,122,-201,106,2480,1074,1397,-5,5561,6157,6336,5623,1,1,31,3
700,62060728,-279,-36,-64,-87,-529,-1,-1,1359,1016,-113,-126,126,-227,110,2595,1180,1399,1,5568,6118,6424,5604,1,1,31,3


701,62080729,-278,-58,-43,-87,-529,-1,-1,1358,1016,-308,-131,131,-222,114,2593,1175,1401,2,5579,6188,6358,5599,1,1,31,3
702,62100730,-277,-62,-34,-88,-529,-1,-1,1358,1016,-106,-135,135,-260,117,2743,1322,1402,2,5578,6229,6407,5609,1,1,31,3
703,62120733,-276,-59,-36,-83,-529,-1,
-1,1357,1015,-21,-139,139,-179,121,2463,1050,1404,-7,5538,6273,6245,5680,1,1,31,3
704,62140734,-275,-47,-50,-73,-529,-1,-1,1357,1015,85,-142,142,-192,124,2532,1109,1405,0,5554,6299,6284,5693,1,1,31,3
705,62160735,-274,-40,-62,-64,-529,-1,-1,1357,1015,44,-147,147,-290,
128,2909,1465,1407,16,5508,6340,6305,5601,1,1,31,3
706,62180736,-273,-53,-56,-60,-529,-1,-1,1356,1015,-210,-152,152,-232,133,2695,1275,1409,-9,5536,6142,6451,5634,1,1,31,3
707,62200723,-272,-62,-47,-64,-529,-1,-1,1357,1015,-164,-156,156,-272,136,2872,1432,1411,8,5533
,6115,6546,5612,1,1,31,3
708,62220738,-271,-87,-35,-73,-529,-1,-1,1356,1015,-520,-162,162,-266,141,2852,1423,1413,-5,5640,6174,6457,5485,1,1,31,3
709,62240736,-269,-92,-22,-78,-528,-1,-1,1356,1014,-143,-166,166,-237,145,2775,1340,1415,-2,5660,6277,6366,5518,1,1,31,3


710,62260736,-267,-83,-29,-77,-528,-1,-1,1356,1014,16,-171,171,-286,149,2979,1527,1417,10,5566,6418,6235,5514,1,1,31,3
711,62280744,-266,-68,-49,-68,-528,-1,-1,1356,1014,110,-176,176,-281,154,2966,1522,1419,1,5546,6463,6209,5560,1,1,31,3
712,62300743,-264,-58,-50,-63
,-528,-1,-1,1356,1014,59,-181,181,-295,157,3035,1586,1421,3,5601,6296,6367,5459,1,1,31,3
713,62320746,-263,-67,-51,-67
,-528,-1,-1,1356,1014,-170,-186,186,-261,163,2919,1481,1424,-10,5534,6014,6596,5535,1,1,31,3
714,62340746,-262,-85,-44,-76,-527,-1,-1,1356,1014,-296,-190,190,-293,166,3067,1611,1426,5,5510,5951,6678,5500,1,1,31,3
715,62360748,-260,-76,-47,-86,-527,-1,-1,1357,1015,32,-
195,195,-238,170,2868,1428,1428,-11,5460,6108,6485,5619,1,1,31,3
716,62380747,-259,-70,-52,-88,-527,-1,-1,1357,1015,0,-199,199,-265,173,2998,1539,1430,4,5481,6291,6244,5471,1,1,31,3
717,62400751,-257,-63,-53,-81,-527,-1,-1,1357,1015,15,-204,204,-260,177,2998,1536,1432
,7,5473,6551,6014,5509,1,1,31,3
718,62420752,-256,-54,-57,-75,-527,-1,-1,1358,1015,53,-208,208,-327,182,3249,1786,1435,4,5702,6432,6184,5198,1,1,31,3
719,62440751,-255,-65,-53,-77,-526,-1,-1,1358,1015,-193,-214,214,-236,187,2923,1479,1437,-16,5724,6203,6324
,5260,1,1,31,3
720,62460751,-254,-57,-57,-86,-526,-1,-1,1358,1015,33,-218,218,-234,190,2950,1489,1439,1,5592,6054,6441,5346,1,1,31,3
721,62480756,-252,-50,-63,-99,-526,-1,-1,1358,1015,39,-224,224,-270,195,3087,1627,1442,-2,5351,5944,6661,5624,1,1,31,3
722,62500742,-251,-48
,-66,-106,-526,-1,-1,1358,1015,-28,-228,228,-301,199,3226,1755,1444,5,5301,6074,6513,5582,1,1,31,3
723,62520759,-250,-39,-73,-106,-526,-1,-1,1359,1016,61,-232,232,-144,202,2655,1211,1446,-20,5345,6185,6267,5705,1,1,31,3
724,62540760,-250,-36,-77,-101,-526,-1,-1,1359,
1016,0,-235,235,-212,205,2944,1469,1448,9,5529,6337,6143,5397,1,1,31,3
725,62560753,-249,-36,-78,-98,-526,-1,-1,1360,1016,0,-239,239,-238,209,3039,1569,1450,0,5690,6378,6185,5269,0,0,7,3
726,62580762,-248,-46,-68,-101,-526,-1,-1,1359,1016,-154,-243,243,-298,212,3276,1
792,1452,11,5700,6236,6353,5160,1,1,31,3
727,62600760,-247,-72,-44,-111,-526,-1,-1,1360,1016,-589,-247,247,-137,215,2684,1234,1455,-21,5586,5977,6495,5469,1,1,31,3
728,62620764,-246,-95,-20,-121,-526,-1,-1,1360,1016,-349,-249,249,-190,217,2924,1435,1456,14,5490,5842,
6639,5448,1,1,31,3
729,62640763,-244,-85,-18,-127,-525,-1,-1,1360,1016,30,-253,253,-183,220,2888,1417,1458,-4,5278,5947,6562,5707,1,1,31,3
730,62660765,-242,-77,-25,-120,-525,-1,-1,1360,1016,10,-255,255,-99,222,2598,1130,1460,-7,5430,6137,6222,5558,1,1,31,3
731,62680
768,-241,-71,-35,-105,-525,-1,-1,1361,1016,0,-257,257,-136,224,2754,1267,1462,11,5437,6374,6094,5577,1,1,31,3
732,62700770,-239,-95,-12,-91,-525,-1,-1,1361,1017,-369,-260,260,-240,227,3135,1643,1464,13,5605,6378,6114,5232,1,1,31,3
733,62720768,-237,-120,21,-88,-524,
-1,-1,1362,1017,-643,-263,263,-105,229,2634,1173,1466,-17,5749,6044,6346,5250,1,1,31,3
734,62740771,-235,-144,56,-94,-524,-1,-1,1360,1017,-419,-264,264,-58,230,2489,1015,1467,-5,5761,5881,6455,5261,1,1,31,3
735,62760770,-232,-146,69,-102,-523,-1,-1,1361,1017,-168,-267,267,-163,233,2883,1392,1469,9,5501,5875,6670,5521,1,1,31,3

736,62780774,-229,-131,57,-100,-522,-1,-1,1360,1017,40,-271,271,-211,236,3061,1569,1471,5,5204,6066,6518,5765,1,1,31,3
737,62800773,-227,-110,28,-81,-522,-1,-1,1360,1016,136,-273,273,-15,238,2353,889,1473,-21,5225,6182,6246,5961,1,1,31,3
738,62820764,-224,-93,-1,-
60,-521,-1,-1,1359,1016,97,-274,274,-124,239,2785,1282,1474,12,5455,6435,6124,5634,1,1,31,3
739,62840775,-223,-118,15,-45,-521,-1,-1,1359,1015,-467,-278,278,-197,242,3046,1544,1476,7,5834,6502,6185,5244,1,1,31,3
740,62860777,-220,-143,43,-49,-520,-1,-1,1358,1015,-924,-280
,280,-73,245,2591,1116,1478,-21,6008,6123,6397,5144,1,1,31,3
741,62880778,-217,-167,77,-61,-519,-1,-1,1358,1015,-606,-281,281,-17,245,2419,927,1480,-6,6035,5889,6613,5189,1,1,31,3
742,62900780,-214,-153,73,-80,-518,-1,-1,1357,1014,19,-282,282,-126,246,2832,1312,1481,15,5424,5880,
6701,5662,1,1,31,3
743,62920781,-211,-141,59,-77,-518,-1,-1,1357,1014,0,-285,285,-110,248,2769,1260,1483,2,5081,6157,6449,6063,1,1,31,3
744,62940770,-208,-116,29,-53,-517,-1,-1,1357,1014,372,-286,286,9,249,2338,847,1485,-14,5178,6291,6172,6051,1,1,31,3
745,62960786,
-206,-104,5,-28,-516,-1,-1,1357,1013,42,-286,286,-39,249,2543,1020,1486,13,5570,6405,6136,5629,1,1,31,3
746,62980784,-204,-128,19,-19,-516,-1,-1,1356,1013,-719,-287,287,-108,251,2784,1263,1487,7,5844,6213,6345,5244,1,1,31,3
747,63000786,-201,-153,47,-34,-515,-1,-1,135
6,1013,-688,-289,289,-15,252,2432,942,1489,-23,6149,5981,6557,5106,1,1,31,3
748,63020775,-198,-141,44,-58,-515,-1,-1,1356,1013,-4,-289,289,54,252,2204,702,1490,-11,5956,5885,6540,5305,1,1,31,3
749,63040789,-195,-142,46,-73,-514,-1,-1,1356,1013,-150,-288,288,55,251,220
2,695,1491,-7,5423,6054,6368,5836,1,1,31,3
750,63060792,-192,-117,24,-67,-514,-1,-1,1355,1013,769,-287,287,68,250,2167,648,1492,4,5312,6168,6257,5969,1,1,31,3
751,63080788,-190,-117,17,-49,-513,-1,-1,1356,1013,0,-287,287,47,250,2232,719,1493,-3,5150,6220,6226,6117,0,
0,7,3
752,63100793,-188,-105,4,-27,-513,-1,-1,1355,1013,26,-285,285,43,249,2258,733,1494,9,5552,6190,6190,5635,1,1,31,3
753,63120790,-186,-131,23,-24,-512,-1,-1,1355,1013,-1039,-284,284,58,248,2190,676,1495,-3,5892,5985,6428,5365,1,1,31,3
754,63140798,-183,-157,52,-
40,-512,-1,-1,1354,1014,-1042,-283,283,21,247,2326,803,1496,5,6090,6067,6383,5132,1,1,31,3
755,63160792,-180,-183,86,-59,-511,-1,-1,1354,1013,-582,-282,282,109,246,1993,490,1497,-14,6049,6097,6300,5296,1,1,31,3
756,63180797,-176,-168,85,-68,-510,-1,-1,1353,1013,0,-279
,279,109,244,2006,483,1498,4,5689,6131,6272,5655,1,1,31,3
757,63200795,-173,-153,74,-59,-510,-1,-1,1353,1013,12,-278,278,121,242,1946,433,1498,-6,5477,6121,6298,5914,1,1,31,3
758,63220800,-170,-139,59,-38,-509,-1,-1,1353,1013,19,-275,275,66,240,2155,622,1499,11,5336,
6167,6308,6002,1,1,31,3
759,63240797,-167,-124,40,-19,-508,-1,-1,1353,1013,58,-273,273,158,238,1799,291,1500,-11,5543,5995,6358,5861,1,1,31,3
760,63260801,-165,-148,54,-14,-508,-1,-1,1353,1013,-542,-270,270,152,236,1825,304,1500,1,5763,5942,6420,5636,1,1,31,3
761,63280800,-
162,-173,79,-24,-507,-1,-1,1353,1013,-545,-268,268,70,234,2120,586,1501,10,6070,6095,6356,5263,1,1,31,3
762,63300803,-158,-160,77,-41,-506,-1,-1,1352,1013,0,-266,266,171,232,1728,222,1501,-15,6170,6162,6188,5268,1,1,31,3
763,63320799,-155,-168,84,-49,-506,-1,-1,1352,
1012,-265,-263,263,146,229,1827,305,1502,0,5911,6236,6160,5520,1,1,31,3
764,63340808,-152,-143,66,-45,-505,-1,-1,1352,1012,168,-259,259,182,226,1686,168,1502,-3,5535,6116,6245,5936,1,1,31,3
765,63360805,-149,-119,39,-30,-505,-1,-1,1352,1012,211,-256,256,177,223,1694,1
72,1502,0,5387,6018,6331,6067,1,1,31,3
766,63380809,-146,-115,26,-16,-504,-1,-1,1352,1012,-68,-252,252,190,220,1636,116,1503,-1,5459,5935,6400,6012,1,1,31,3
767,63400812,-144,-115,21,-13,-504,-1,-1,1353,1012,-119,-249,249,182,217,1651,132,1503,-2,5715,5898,
6414,5725,1,1,31,3
768,63420813,-142,-138,42,-23,-503,-1,-1,1353,1012,-407,-245,245,207,213,1552,34,1503,-2,5975,6005,6251,5462,1,1,31,3
769,63440815,-139,-154,65,-38,-503,-1,-1,1354,1013,-343,-241,241,201,210,1562,44,1503,-2,6114,6131,6126,5318,1,1,31,3
770,6346081
6,-136,-142,64,-46,-502,-1,-1,1353,1013,0,-238,238,189,207,1595,74,1503,1,6033,6133,6107,5365,1,1,31,3
771,63480813,-133,-123,46,-45,-502,-1,-1,1354,1013,101,-233,233,274,203,1266,-235,1503,-15,5588,6062,6132,5938,1,1,31,3
772,63500804,-131,-114,33,-37,-501,-1,-1,1355
,1013,-8,-229,229,228,200,1440,-87,1503,9,5432,6000,6155,5963,1,1,31,3
773,63520818,-128,-107,23,-24,-501,-1,-1,1356,1013,-28,-226,226,184,197,1575,57,1503,-1,5342,5871,6321,6018,1,1,31,3
774,63540820,-126,-125,39,-17,-500,-1,-1,1355,1013,-335,-222,222,231,194,1391,-
120,1503,-6,5609,5774,6291,5722,1,1,31,3
775,63560819,-124,-141,61,-23,-500,-1,-1,1356,1014,-323,-217,217,269,189,1245,-265,1502,-4,5959,5845,6219,5447,1,1,31,3
776,63580822,-121,-132,60,-34,-499,-1,-1,1356,1014,-37,-212,212,231,185,1373,-147,1502,5,6078,6049,6032,527
9,1,1,31,3
777,63600818,-118,-132,62,-42,-499,-1,-1,1358,1014,0,-207,207,260,180,1245,-265,1502,-3,5886,6111,5974,5541,0,0,7,3
778,63620814,-116,-121,50,-42,-498,-1,-1,1357,1014,0,-204,204,205,178,1432,-89,1501,7,5691,5991,6081,5625,1,1,31,3
779,63640824,-113,-112,38
,-34,-498,-1,-1,1359,1015,-10,-199,199,314,173,1013,-483,1501,-13,5381,5774,6241,6099,1,1,31,3
780,63660830,-111,-106,29,-25,-497,-1,-1,1360,1015,-36,-193,193,312,168,1014,-492,1500,-3,5341,5629,6280,6032,1,1,31,3
781,63680830,-109,-113,35,-20,-497,-1,-1,1359,1015,-194,-188
,188,195,164,1430,-95,1500,15,5469,5726,6252,5754,1,1,31,3
782,63700830,-107,-138,67,-24,-496,-1,-1,1360,1016,-520,-183,183,327,160,912,-576,1499,-17,5907,5759,6084,5454,1,1,31,3
783,63720832,-104,-161,101,-35,-496,-1,-1,1362,1016,-415,-177,177,253,154,1186,-331,1499
,10,6104,5940,5970,5180,1,1,31,3
784,63740835,-101,-151,100,-45,-495,-1,-1,1362,1016,-42,-172,172,253,150,1160,-350,1498,5,5942,5871,5922,5239,1,1,31,3
785,63760837,-97,-139,86,-46,-494,-1,-1,1363,1017,0,-167,167,270,145,1071,-427,1498,-5,5564,5869,5954,5692,1,1,31,3


786,63780832,-95,-129,70,-33,-494,-1,-1,1363,1017,-17,-161,161,302,140,943,-556,1497,-3,5356,5772,6027,5944,1,1,31,3
787,63800834,-92,-107,40,-17,-493,-1,-1,1363,1017,150,-155,155,307,135,907,-592,1496,-1,5359,5650,6163,5975,1,1,31,3
788,63820839,-90,-132,61,-8,-493
,-1,-1,1363,1017,-826,-149,149,277,130,997,-504,1495,1,5506,5661,6181,5810,1,1,31,3
789,63840838,-87,-157,96,-12,-492,-1,-1,1363,1017,-589,-143,143,291,125,923,-571,1495,-4,5931,5697,6206,5484,1,1,31,3
790,63860838,-84,-176,128,-25,-491,-1,-1,1362,1017,-398,-137,137,3
08,119,855,-647,1494,5,6200,5841,6070,5261,1,1,31,3
791,63880827,-81,-165,123,-35,-491,-1,-1,1362,1017,-33,-132,132,280,115,927,-570,1493,0,6081,5941,6014,5385,1,1,31,3
792,63900842,-77,-154,108,-31,-490,-1,-1,1362,1017,-31,-126,126,325,110,750,-743,1492,-2,5624,593
1,5991,5902,1,1,31,3
793,63920844,-74,-129,73,-15,-489,-1,-1,1362,1017,353,-119,119,359,104,609,-880,1491,-4,5468,5845,6012,6067,1,1,31,3
794,63940831,-72,-105,35,0,-489,-1,-1,1362,1017,213,-114,114,289,99,849,-654,1490,9,5404,5808,6128,6084,1,1,31,3
795,63960848,-7
0,-129,54,8,-488,-1,-1,1361,1017,-437,-111,111,176,97,1237,-271,1489,12,5417,5736,6322,5988,1,1,31,3
796,63980846,-67,-154,89,0,-487,-1,-1,1361,1017,-650,-106,106,325,93,664,-806,1488,-21,6214,5709,6248,5392,1,1,31,3
797,64000848,-64,-145,88,-22,-487,-1,-1,1360,1016
,-39,-99,99,342,87,605,-883,1487,-2,6353,5779,6093,5200,1,1,31,3
798,64020851,-61,-146,89,-41,-486,-1,-1,1360,1016,-159,-93,93,236,81,979,-528,1486,15,6025,6035,6031,5524,1,1,31,3
799,64040851,-58,-128,68,-44,-485,-1,-1,1359,1016,84,-89,89,201,78,1072,-424,1485,4,5644
,5993,6085,5868,1,1,31,3
800,64060852,-56,-103,34,-32,-485,-1,-1,1359,1015,336,-85,85,238,74,917,-569,1485,-4,5456,5887,6190,6137,1,1,31,3
801,64080854,-54,-89,9,-19,-484,-1,-1,1359,1015,74,-80,80,197,70,1069,-436,1484,14,5482,5867,6236,6058,1,1,31,3
802,64100855,-52,-114,
31,-15,-484,-1,-1,1359,1015,-494,-77,77,150,67,1207,-285,1483,0,5779,5805,6334,5723,1,1,31,3
803,64120851,-49,-114,39,-28,-483,-1,-1,1357,1015,0,-74,74,150,64,1202,-293,1483,4,6108,5832,6287,5377,0,0,7,3
804,64140859,-47,-140,73,-49,-483,-1,-1,1358,1015,-930,-71,71,14
7,62,1202,-291,1482,2,6077,5943,6255,5486,1,1,31,3
805,64160860,-44,-143,86,-60,-482,-1,-1,1356,1015,-168,-69,69,107,60,1335,-159,1482,1,5987,5973,6211,5492,1,1,31,3
806,64180848,-42,-123,67,-62,-481,-1,-1,1356,1014,91,-67,67,160,59,1131,-351,1482,-9,5844,6059,6152,5
770,1,1,31,3
807,64200862,-39,-98,33,-45,-480,-1,-1,1355,1014,592,-63,63,216,55,930,-556,1481,-3,5429,6007,6096,6183,1,1,31,3
808,64220865,-37,-89,14,-25,-480,-1,-1,1355,1014,4,-61,61,108,53,1314,-188,1481,11,5470,5915,6320,6070,1,1,31,3
809,64240864,-35,-115,38,-18
,-479,-1,-1,1354,1014,-600,-60,60,-7,52,1726,213,1481,17,5613,5847,6460,5783,1,1,31,3
810,64260867,-33,-140,74,-30,-478,-1,-1,1354,1013,-858,-58,58,211,51,891,-562,1481,-35,6326,5788,6371,5363,1,1,31,3
811,64280868,-30,-165,113,-53,-478,-1,-1,1353,1014,-528,-54,54,133
,47,1221,-290,1480,20,6365,6034,6174,5198,1,1,31,3
812,64300869,-27,-164,125,-66,-477,-1,-1,1353,1013,-160,-52,52,108,45,1272,-217,1479,-2,6074,6183,6082,5520,1,1,31,3
813,64320867,-24,-140,101,-58,-476,-1,-1,1354,1013,727,-49,49,133,43,1179,-310,1479,-2,5671,6222,59
40,5868,1,1,31,3
814,64340870,-21,-115,67,-35,-475,-1,-1,1354,1013,531,-47,47,160,41,1067,-416,1479,-6,5446,6034,6083,6108,1,1,31,3
815,64360873,-19
,-97,36,-8,-474,-1,-1,1353,1013,112,-44,44,89,38,1332,-173,1478,14,5301,5897,6249,6142,1,1,31,3
816,64380875,-17,-122,54,7,-474,-1,-1,1353,1013,-568,-43,43,69,37,1381,-108,1478,-3,5677,5875,6343,5813,1,1,31,3
817,64400874,-14,-146,86,4,-473,-1,-1,1353,1013,-930,-41,4
1,80,36,1340,-151,1478,0,6117,5931,6285,5391,1,1,31,3
818,64420876,-11,-171,123,-13,-472,-1,-1,1353,1013,-489,-39,39,72,34,1369,-129,1478,6,6311,6075,6158,5200,1,1,31,3
819,64440864,-8,-158,122,-25,-471,-1,-1,1353,1013,-4,-39,39,-45,34,1789,281,1478,12,6196,6195,6100,
5153,1,1,31,3
820,64460879,-5,-136,100,-26,-470,-1,-1,1353,1013,121,-39,39,115,34,1177,-287,1478,-26,5618,6208,5975,5943,1,1,31,3
821,64480880,-2,-111,69,-3,-469,-1,-1,1353,1013,537,-35,35,205,31,870,-605,1477,-11,5387,6061,5982,6196,1,1,31,3
822,64500864,0,-94,41,18,-468,
-1,-1,1353,1013,106,-33,33,91,29,1291,-213,1477,15,5339,5948,6229,6156,1,1,31,3
823,64520881,2,-95,33,29,-467,-1,-1,1353,1013,-105,-33,33,-18,29,1662,164,1477,4,5606,5834,6406,5756,1,1,31,3
824,64540884,4,-111,46,20,-466,-1,-1,1354,1013,-294,-32,32,84,28,1278,-197,147
7,-15,6070,5855,6287,5397,1,1,31,3
825,64560885,6,-126,68,-2,-466,-1,-1,1353,1014,-307,-31,31,41,27,1452,-45,1477,6,6135,5983,6145,5226,1,1,31,3
826,64580885,9,-127,78,-22,-465,-1,-1,1354,1014,-144,-31,31,-2,27,1597,102,1477,3,6056,6202,6035,5338,1,1,31,3

827,64600887,11,-103,60,-29,-464,-1,-1,1354,1014,288,-30,30,58,26,1372,-110,1477,-8,5735,6103,6023,5666,1,1,31,3
828,64620890,13,-79,32,-22,-463,-1,-1,1355,1014,207,-29,29,85,25,1278,-207,1476,-3,5586,6067,6061,5868,1,1,31,3
829,64640884,15,-79,24,-11,-463,-1,-1,1356
,1014,0,-27,27,33,24,1467,-29,1476,7,5484,5993,6141,5875,0,0,7,3
830,64660893,17,-72,14,-5,-462,-1,-1,1356,1014,2,-27,27,45,23,1411,-74,1476,-3,5672,5903,6202,5688,1,1,31,3
831,64680891,18,-88,27,-8,-461,-1,-1,1356,1015,-263,-26,26,-11,23,1622,121,1476,11,5688,5835,63
05,5595,1,1,31,3
832,64700893,20,-104,49,-19,-460,-1,-1,1357,1015,-290,-26,26,49,23,1392,-91,1476,-4,5958,5959,6176,5442,1,1,31,3
833,64720895,22,-96,51,-29,-460,-1,-1,1357,1015,-2,-25,25,55,22,1371,-114,1476,-2,5893,6068,6003,5455,1,1,31,3
834,64740894,24,-77,36,-29
,-459,-1,-1,1357,1015,132,-23,23,73,20,1303,-181,1476,-1,5769,6180,5913,5636,1,1,31,3
835,64760898,25,-52,15,-20,-458,-1,-1,1357,1015,381,-22,22,50,19,1380,-106,1475,0,5607,6119,5990,5772,1,1,31,3
836,64780893,26,-48,3,-11,-458,-1,-1,1357,1015,0,-20,20,104,18,1181,-3
00,1475,-3,5644,5962,6120,5815,1,1,31,3
837,64800898,27,-49,-1,-8,-458,-1,-1,1357,1015,-62,-19,19,84,16,1248,-236,1475,0,5685,5909,6192,5757,1,1,31,3
838,64820898,28,-45,-4,-12,-457,-1,-1,1357,1015,0,-17,17,105,15,1169,-313,1474,-1,5799,5908,6186,5679,1,1,31,3
839,64
840898,29,-57,3,-17,-457,-1,-1,1357,1015,-189,-16,16,49,14,1371,-121,1474,8,5777,5948,6201,5648,1,1,31,3
840,64860898,30,-54,7,-23,-456,-1,-1,1357,1015,-30,-15,15,54,13,1342,-143,1474,0,5808,6104,6051,5638,1,1,31,3
841,64880902,31,-36,-2,-24,-456,-1,-1,1357,1015,182,-12,12,
135,11,1039,-434,1473,-8,5830,6139,5937,5697,1,1,31,3
842,64900901,32,-11,-21,-20,-456,-1,-1,1357,1015,366,-10,10,149,8,987,-490,1473,-3,5793,6112,5932,5730,1,1,31,3
843,64920907,32,-10,-31,-15,-455,-1,-1,1357,1014,0,-7,7,137,6,1024,-456,1472,0,5731,6042,6013,5783,1,
1,31,3
844,64940901,33,-9,-36,-14,-455,-1,-1,1357,1014,0,-4,4,190,3,818,-651,1471,-10,5738,5860,6180,5870,1,1,31,3
845,64960907,33,-9,-39,-18,-455,-1,-1,1357,1014,0,0,0,140,0,1004,-483,1470,9,5765,5873,6217,5795,1,1,31,3
846,64980903,33,-8,-40,-26,-455,-1,-1,1357,10
14,0,2,-2,113,-2,1080,-401,1470,2,5839,5966,6126,5683,1,1,31,3
847,65000911,33,-4,-43,-34,-455,-1,-1,1357,1014,40,5,-5,137,-5,987,-493,1469,2,5896,6024,6045,5652,1,1,31,3
848,65020909,33,20,-60,-40,-455,-1,-1,1357,1014,484,9,-9,194,-7,766,-702,1468,-7,5919,6031,6001,5
709,1,1,31,3
849,65040914,33,28,-68,-45,-456,-1,-1,1357,1014,114,13,-13,190,-11,777,-699,1467,2,5852,6050,5987,5775,1,1,31,3
850,65060916,32,50,-67,-49,-456,-1,-1,1359,1014,313,17,-17,239,-15,582,-884,1466,-5,5870,5912,6064,5799,1,1,31,3
851,65080917,31,51,-83,-55,-456,-1,-1,1357,1014,65,21,-21,2
09,-19,682,-792,1465,2,5816,5870,6032,5726,1,1,31,3
852,65100915,30,62,-97,-63,-457,-1,-1,1357,1014,188,26,-26,281,-23,397,-1060,1464,-10,5896,5908,6012,5814,1,1,31,3
853,65120916,29,66,-106,-68,-457,-1,-1,1358,1013,117,31,-31,220,-27,613,-860,1462,5,5852,6
001,5986,5812,1,1,31,3
854,65140921,28,71,-112,-73,-458,-1,-1,1358,1013,119,36,-36,278,-32,378,-1081,1461,-5,5900,5940,5967,5807,1,1,31,3
855,65160913,26,71,-114,-78,-458,-1,-1,1359,1014,0,42,-42,287,-36,329,-1129,1459,-5,5883,5938,5925,5807,0,0,7,3
856,65180907,25,
62,-109,-82,-459,-1,-1,1359,1014,-37,47,-47,323,-41,185,-1271,1458,-3,5895,5879,5942,5828,1,1,31,3
857,65200923,23,88,-125,-83,-460,-1,-1,1359,1014,542,52,-52,261,-45,391,-1072,1456,4,5764,5903,5952,5885,1,1,31,3
858,65220924,22,98,-139,-84,-461,-1,-1,1359,1014,213,
58,-58,351,-51,39,-1404,1454,-12,5864,5882,5903,5900,1,1,31,3
859,65240925,20,119,-162,-84,-461,-1,-1,1360,1014,356,64,-64,334,-56,92,-1361,1452,0,5809,5889,5888,5920,1,1,31,3
860,65260927,17,115,-167,-86,-462,-1,-1,1361,1014,69,71,-71,302,-62,189,-1269,1450,6,5823,5929,58
78,5885,1,1,31,3
861,65280913,15,129,-182,-89,-464,-1,-1,1361,1015,289,76,-76,317,-66,108,-1340,1448,0,5825,5839,5898,5855,1,1,31,3
862,65300928,13,119,-178,-96,-465,-1,-1,1361,1015,0,82,-82,307,-71,130,-1321,1447,4,5806,5829,5935,5889,1,1,31,3
863,65320928,10,114,-
172,-103,-466,-1,-1,1361,1015,60,87,-87,292,-76,160,-1287,1445,1,5842,5794,5987,5854,1,1,31,3
864,65340932,8,115,-170,-111,-467,-1,-1,1362,1015,131,93,-93,314,-81,57,-1381,1443,-5,5842,5783,5985,5896,1,1,31,3
865,65360930,6,113,-166,-116,-468,-1,-1,1362,1015,82,99,-99
,303,-86,83,-1359,1441,0,5800,5804,5931,5891,1,1,31,3
866,65380927,3,137,-185,-118,-469,-1,-1,1362,1015,687,105,-105,288,-92,118,-1326,1439,5,5790,5832,5910,5890,1,1,31,3
867,65400932,1,133,-187,-117,-470,-1,-1,1363,1015,86,111,-111,293,-97,76,-1363,1437,1,5741,5877,5
849,5945,1,1,31,3
868,65420934,-2,149,-202,-114,-472,-1,-1,1362,1016,325,117,-117,291,-102,63,-1372,1435,0,5761,5844,5879,5928,1,1,31,3
869,65440938,-5,146,-205,-113,-473,-1,-1,1362,1016,111,122,-122,270,-107,120,-1318,1433,4,5795,5890,5917,5949,1,1,31,3
870,6546093
6,-8,149,-209,-115,-474,-1,-1,1362,1016,184,127,-127,288,-111,29,-1398,1431,-5,5835,5851,5936,5936,1,1,31,3
871,65480941,-11,135,-199,-118,-476,-1,-1,1363,1015,-21,133,-133,233,-116,219,-1218,1429,6,5795,5911,5959,5959,1,1,31,3
872,65500942,-14,156,-213,-120,-477,-1,-
1,1363,1015,402,138,-138,271,-120,54,-1369,1428,-5,5781,5821,5945,5956,1,1,31,3
873,65520944,-17,164,-223,-119,-478,-1,-1,1363,1015,250,143,-143,225,-124,211,-1222,1426,6,5693,5969,5874,6039,1,1,31,3
874,65540943,-20,160,-225,-115,-480,-1,-1,1363,1015,115,147,-147,23
0,-128,173,-1254,1424,1,5709,5907,5894,6000,1,1,31,3
875,65560944,-23,165,-230,-113,-481,-1,-1,1363,1015,222,151,-151,208,-132,233,-1190,1422,-1,5750,5925,5940,5993,1,1,31,3
876,65580945,-27,156,-225,-114,-482,-1,-1,1363,1015,57,156,-156,214,-136,200,-1224,1421,2,578
1,5891,5936,5941,1,1,31,3
877,65600947,-30,181,-243,-116,-484,-1,-1,1363,1015,580,160,-160,244,-140,75,-1343,1419,-1,5830,5848,5991,5969,1,1,31,3
878,65620948,-33,198,-265,-119,-486,-1,-1,1363,1015,405,164,-164,160,-143,364,-1062,1417,7,5721,5994,5916,5997,
1,1,31,3
879,65640949,-37,192,-268,-121,-487,-1,-1,1363,1015,115,168,-168,196,-146,213,-1201,1415,-3,5736,5966,5905,6022,1,1,31,3
880,65660950,-41,203,-280,-125,-489,-1,-1,1363,1015,333,171,-171,197,-149,197,-1215,1414,-3,5804,5897,5971,5961,1,1,31,3
881,65680946,-45,203,-28
5,-132,-491,-1,-1,1363,1015,0,175,-175,144,-153,385,-1040,1412,10,5746,5974,5947,5972,0,0,7,3
882,65700955,-49,187,-274,-138,-492,-1,-1,1361,1015,16,178,-178,171,-155,262,-1146,1411,-5,5765,5937,5956,5990,1,1,31,3
883,65720954,-53,198,-279,-144,-494,-1,-1,1361,1015,3
17,181,-181,152,-158,327,-1087,1409,2,5851,5952,6037,5966,1,1,31,3
884,65740956,-57,205,-286,-150,-496,-1,-1,1361,1015,286,184,-184,128,-160,395,-1014,1408,-1,5774,5992,5990,6000,1,1,31,3
885,65760958,-61,204,-287,-153,-497,-1,-1,1362,1014,192,186,-186,111,-162,450,-
960,1406,0,5749,6042,5967,6022,1,1,31,3
886,65780960,-65,230,-310,-154,-499,-1,-1,1362,1014,518,188,-188,102,-164,476,-934,1405,1,5727,5961,5980,5962,1,1,31,3
887,65800962,-70,231,-319,-156,-501,-1,-1,1362,1014,245,189,-189,33,-165,719,-698,1404,8,5675,6051,5977,5973,
1,1,31,3
888,65820962,-74,225,-319,-159,-503,-1,-1,1361,1014,153,190,-190,44,-166,671,-739,1403,1,5735,5996,6006,5912,1,1,31,3
889,65840962,-79,231,-325,-168,-505,-1,-1,1362,1014,306,191,-191,30,-166,716,-692,1402,1,5832,5973,6088,5850,1,1,31,3
890,65860963,-83,242,
-336,-179,-507,-1,-1,1361,1014,368,191,-191,0,-167,824,-589,1401,5,5749,6001,6054,5870,1,1,31,3
891,65880963,-88,248,-346,-188,-509,-1,-1,1361,1014,315,191,-191,-40,-166,964,-448,1400,3,5706,6078,6052,5915,1,1,31,3
892,65900967,-93,251,-353,-195,-511,-1,-1,1361,1013,
288,190,-190,-53,-165,1012,-400,1399,3,5668,6076,6030,5904,1,1,31,3
893,65920969,-98,276,-375,-200,-513,-1,-1,1362,1013,576,189,-189,-67,-164,1062,-349,1399,2,5673,6087,6046,5898,1,1,31,3
894,65940969,-104,275,-384,-206,-515,-1,-1,1361,1013,268,187,-187,-33,-163,936,-
464,1398,-7,5655,6034,6020,5905,1,1,31,3
895,65960968,-109,266,-383,-215,-517,-1,-1,1362,1014,157,187,-187,-64,-163,1061,-351,1398,3,5714,6055,6069,5849,1,1,31,3
896,65980970,-115,273,-388,-226,-519,-1,-1,1362,1013,352,186,-186,-49,-162,1005,-402,1397,1,5749,5987,6087
,5794,1,1,31,3
897,66000973,-120,265,-384,-238,-521,-1,-1,1363,1013,175,184,-184,-100,-161,1198,-219,1397,9,5696,6102,6042,5815,1,1,31,3
898,66020972,-125,282,-396,-245,-524,-1,-1,1362,1014,475,183,-183,-110,-159,1230,-181,1397,2,5678,6068,6045,5785,1,1,31,3
899,66040975,-131,289,-406,-249,-526,
-1,-1,1363,1014,380,180,-180,-159,-157,1413,0,1397,4,5597,6175,6028,5860,1,1,31,3
900,66060976,-137,290,-412,-251,-528,-1,-1,1362,1014,294,178,-178,-80,-155,1122,-273,1396,-12,5649,6093,5996,5848,1,1,31,3
901,66080977,-143,281,-408,-256,-531,-1,-1,1363,1014,186,176,-176,-10
2,-153,1221,-188,1396,2,5726,6064,6093,5786,1,1,31,3
902,66100980,-148,269,-396,-265,-533,-1,-1,1363,1014,120,174,-174,-132,-152,1339,-75,1396,7,5728,6044,6113,5723,1,1,31,3
903,66120979,-154,267,-390,-273,-535,-1,-1,1363,1014,249,171,-171,-172,-149,1484,71,1396,4,56
68,6126,6088,5763,1,1,31,3
904,66140983,-159,286,-405,-277,-538,-1,-1,1363,1014,506,168,-168,-186,-146,1540,132,1396,-1,5634,6173,6043,5768,1,1,31,3
905,66160982,-165,301,-424,-273,-540,-1,-1,1363,1014,481,164,-164,-224,-143,1692,277,1396,4,5545,6294,6013,5868,1,1,31,
3
906,66180988,-171,300,-429,-268,-542,-1,-1,1362,1014,282,160,-160,-167,-139,1487,86,1397,-9,5597,6231,6015,5864,1,1,31,3
907,66200981,-177,300,-430,-268,-545,-1,-1,1363,1014,0,157,-157,-139,-137,1405,-1,1397,-3,5755,6102,6142,5747,0,0,7,3
908,66220990,-183,274,-406
,-279,-547,-1,-1,1363,1014,-6,154,-154,-152,-135,1466,52,1397,4,5785,6025,6188,5655,1,1,31,3
909,66240989,-188,248,-367,-292,-549,-1,-1,1364,1014,-97,151,-151,-211,-132,1691,271,1397,7,5720,6062,6222,5672,1,1,31,3
910,66260994,-193,270,-383,-300,-552,-1,-1,1364,1014,
512,147,-147,-199,-128,1647,240,1397,-5,5632,6062,6145,5705,1,1,31,3
911,66280991,-198,295,-411,-294,-554,-1,-1,1364,1014,828,143,-143,-241,-125,1825,401,1398,10,5372,6318,5997,5980,1,1,31,3
912,66300996,-204,312,-436,-280,-557,-1,-1,1363,1014,499,139,-139,-207,-121,
1702,291,1398,-3,5401,6300,5984,5984,1,1,31,3
913,66320992,-211,320,-450,-268,-559,-1,-1,1363,1014,407,136,-136,-209,-118,1726,309,1399,3,5711,6304,6008,5689,1,1,31,3
914,66340994,-217,295,-431,-273,-562,-1,-1,1363,1014,-1,133,-133,-170,-116,1596,184,1399,-1,5840,6067
,6211,5596,1,1,31,3
915,66360990,-223,269,-400,-294,-564,-1,-1,1363,1014,-258,130,-130,-184,-113,1654,240,1399,0,5921,5944,6348,5497,1,1,31,3
916,66380997,-228,245,-359,-317,-566,-1,-1,1363,1014,-244,126,-126,-249,-110,1904,480,1400,6,5757,6046,6313,5597,1
,1,31,3
917,66400993,-233,261,-370,-326,-568,-1,-1,1363,1014,451,121,-121,-237,-105,1867,452,1401,-3,5423,6171,6185,5947,1,1,31,3
918,66420999,-238,286,-398,-310,-571,-1,-1,1362,1013,696,116,-116,-199,-102,1745,332,1401,-5,5233,6293,6032,6171,1,1,31,3
919,66440998,-244,311,-431,-285,-573,-1,-1,1
362,1013,601,112,-112,-227,-98,1872,445,1402,7,5403,6359,6041,6009,1,1,31,3
920,66461005,-250,287,-420,-270,-576,-1,-1,1362,1013,16,108,-108,-211,-94,1816,399,1402,-3,5776,6290,6097,5653,1,1,31,3
921,66481002,-256,263,-391,-278,-578,-1,-1,1362,1013,-293,105,-105,-205,-91,1
810,390,1403,-1,6045,6076,6316,5391,1,1,31,3
922,66501003,-261,243,-357,-302,-580,-1,-1,1362,1013,17,101,-101,-206,-88,1824,405,1403,-3,6075,6040,6358,5359,1,1,31,3
923,66521003,-266,221,-323,-321,-582,-1,-1,1362,1013,-33,98,-98,-204,-86,1834,410,1404,1,5783,6099,627
8,5627,1,1,31,3
924,66541008,-271,246,-346,-322,-584,-1,-1,1362,1013,710,95,-95,-164,-83,1695,278,1404,-5,5336,6178,6164,6111,1,1,31,3
925,66561005,-276,271,-384,-300,-586,-1,-1,1362,1013,626,91,-91,-190,-80,1808,380,1405,5,5129,6328,6036,6281,1,1,31,3
926,66581011,
-281,251,-372,-278,-588,-1,-1,1362,1013,16,86,-86,-302,-75,2228,787,1406,11,5289,6354,6123,6012,1,1,31,3
927,66601011,-286,226,-339,-264,-590,-1,-1,1362,1013,-179,81,-81,-191,-71,1821,409,1407,-15,5794,6130,6210,5585,1,1,31,3
928,66621013,-291,202,-302,-269,-592,-1,-
1,1361,1013,-471,80,-80,-104,-70,1532,117,1407,-8,6149,6059,6191,5292,1,1,31,3
929,66641014,-295,186,-274,-283,-594,-1,-1,1362,1013,3,78,-78,-208,-68,1927,489,1407,11,6089,6319,6066,5278,1,1,31,3
930,66661014,-298,179,-261,-286,-595,-1,-1,1360,1013,94,75,-75,-166,-65,
1769,350,1408,-7,5694,6319,6010,5701,1,1,31,3
931,66681015,-302,196,-281,-272,-597,-1,-1,1361,1012,395,73,-73,-50,-63,1354,-53,1408,-16,5447,6202,6117,6158,1,1,31,3
932,66701020,-306,205,-301,-254,-599,-1,-1,1360,1013,310,71,-71,-154,-62,1764,322,1408,14,5246,6104,62
69,6196,1,1,31,3
933,66721013,-310,205,-308,-236,-601,-1,-1,1360,1013,0,67,-67,-108,-59,1581,163,1409,-8,5433,6023,6320,6075,0,0,7,3
934,66741022,-314,178,-280,-226,-602,-1,-1,1359,1013,-267,66,-66,-53,-57,1399,-20,1409,-4,5793,6122,6162,5752,1,1,31,3
935,66761021,-318,152,-242,-228,-604,-1,-1,13
59,1013,-676,65,-65,-68,-57,1467,38,1409,5,6070,6231,6093,5480,1,1,31,3
936,66781022,-321,127,-203,-232,-605,-1,-1,1358,1013,-198,64,-64,-102,-56,1585,159,1409,-1,6019,6289,6076,5509,1,1,31,3
937,66801024,-323,112,-177,-231,-607,-1,-1,1358,1013,-55,63,-63,-37,-55,1350
,-65,1409,-9,5780,6287,6069,5863,1,1,31,3
938,66821030,-325,132,-198,-216,-608,-1,-1,1357,1012,358,63,-63,27,-55,1120,-290,1409,-11,5591,6137,6110,6065,1,1,31,3
939,66841028,-328,121,-194,-200,-609,-1,-1,1358,1012,-6,63,-63,-49,-55,1421,-21,1409,17,5336,6091,6284,629
0,1,1,31,3
940,66861028,-330,118,-193,-182,-610,-1,-1,1356,1012,89,60,-60,-48,-53,1395,-23,1409,-7,5522,5933,6361,6036,1,1,31,3
941,66881028,-333,93,-165,-172,-611,-1,-1,1357,1012,-299,59,-59,-7,-52,1258,-160,1408,-6,5878,6176,6169,5803,1,1,31,3
942,66901030,-335,68,-131,-
169,-612,-1,-1,1357,1012,-349,60,-60,39,-52,1095,-321,1408,-5,6027,6162,6065,5622,1,1,31,3
943,66921025,-336,52,-110,-166,-613,-1,-1,1357,1012,-132,60,-60,-52,-52,1434,-2,1408,11,5970,6330,5987,5590,1,1,31,3
944,66941035,-337,41,-96,-158,-614,-1,-1,1356,1012,-91,59,-
59,-51,-52,1418,-4,1408,-3,5794,6233,6081,5771,1,1,31,3
945,66961035,-338,37,-93,-145,-614,-1,-1,1356,1012,-3,59,-59,39,-51,1088,-320,1408,-13,5675,6103,6161,6015,1,1,31,3
946,66981035,-339,50,-108,-129,-615,-1,-1,1356,1012,202,60,-60,44,-52,1083,-337,1407,0,5537,594
6,6319,6155,1,1,31,3
947,67001036,-340,26,-94,-114,-615,-1,-1,1355,1012,-499,60,-60,0,-52,1246,-185,1407,9,5495,5994,6279,6120,1,1,31,3
948,67021039,-340,1,-70,-103,-616,-1,-1,1355,1012,-328,60,-60,63,-52,1003,-406,1406,-10,5790,6006,6216,5903,1,1,31,3
949,67041041,-
340,-15,-50,-97,-616,-1,-1,1354,1012,-196,61,-61,69,-54,985,-430,1406,-2,6007,6136,6089,5698,1,1,31,3
950,67061040,-340,-27,-36,-94,-616,-1,-1,1355,1011,-169,63,-63,45,-55,1077,-350,1405,9,6148,6329,5950,5562,1,1,31,3
951,67081042,-339,-21,-41,-87,-617,-1,-1,1356,1011
,52,63,-63,-55,-55,1434,-2,1405,13,5866,6292,6011,5680,1,1,31,3
952,67101042,-339,-14,-53,-77,-617,-1,-1,1356,1011,67,64,-64,49,-56,1038,-368,1405,-11,5721,6142,6051,5923,1,1,31,3
953,67121044,-339,-4,-69,-66,-617,-1,-1,1355,1011,113,65,-65,46,-56,1060,-358,1404,1,56
09,5937,6228,5996,1,1,31,3
954,67141048,-339,-17,-65,-59,-617,-1,-1,1355,1011,-168,64,-64,-59,-56,1446,11,1404,13,5567,5975,6382,6027,1,1,31,3
955,67161046,-338,-31,-52,-58,-617,-1,-1,1355,1011,-197,63,-63,-48,-55,1398,-26,1404,2,5770,6077,6222,5791,1,1,31,3
956,6718
1048,-338,-42,-41,-59,-617,-1,-1,1355,1011,-170,62,-62,-22,-54,1297,-116,1404,-8,5943,6150,6131,5653,1,1,31,3
957,67201047,-337,-50,-45,-61,-617,-1,-1,1355,1011,-147,61,-61,-148,-53,1780,332,1404,20,5922,6280,6113,5531,1,1,31,3
958,67221050,-336,-49,-43,-61,-617,-1,-
1,1356,1011,-32,57,-57,-127,-50,1680,262,1405,-8,5787,6285,6098,5710,1,1,31,3
959,67241045,-335,-49,-44,-57,-617,-1,-1,1356,1011,0,56,-56,-62,-49,1458,40,1405,-6,5683,6121,6153,5821,0,0,7,3
960,67261053,-334,-43,-51,-52,-617,-1,-1,1356,1011,15,55,-55,-62,-48,1471,45,1405,3,5614,6
029,6283,5922,1,1,31,3
961,67281058,-333,-40,-57,-49,-616,-1,-1,1356,1011,-3,53,-53,-140,-46,1766,326,1405,12,5575,6047,6308,5848,1,1,31,3
962,67301057,-332,-45,-56,-48,-616,-1,-1,1356,1011,-100,49,-49,-169,-43,1863,437,1406,-3,5641,6105,6320,5800,1,1,31,3
963,67321057,-
331,-70,-33,-49,-616,-1,-1,1356,1011,-509,46,-46,-111,-40,1661,241,1406,-8,5798,6157,6186,5668,1,1,31,3
964,67341058,-330,-77,-18,-52,-616,-1,-1,1357,1011,-151,44,-44,-172,-38,1909,468,1407,11,5948,6282,6123,5450,1,1,31,3
965,67361059,-328,-71,-22,-55,-615,-1,-1,1357,
1012,0,40,-40,-201,-35,2012,577,1407,2,5846,6254,6134,5478,1,1,31,3
966,67381060,-327,-67,-27,-54,-615,-1,-1,1358,1012,-29,37,-37,-159,-32,1866,438,1408,-3,5659,6189,6198,5743,1,1,31,3
967,67401061,-326,-62,-35,-50,-614,-1,-1,1358,1012,-2,34,-34,-114,-29,1713,292,1409
,-9,5515,5991,6295,5866,1,1,31,3
968,67421064,-324,-56,-43,-46,-614,-1,-1,1358,1012,12,30,-30,-197,-26,2037,594,1409,9,5397,5893,6535,5955,1,1,31,3
969,67441065,-323,-58,-45,-47,-614,-1,-1,1358,1012,-77,27,-27,-186,-24,2006,565,1410,7,5488,5914,6483,5850,1,1,31,3
970
,67461067,-322,-83,-21,-54,-613,-1,-1,1359,1012,-391,23,-23,-155,-20,1890,465,1411,-8,5833,6143,6253,5565,1,1,31,3
971,67481068,-320,-75,-22,-62,-613,-1,-1,1359,1012,16,20,-20,-203,-17,2092,649,1412,7,6011,6239,6152,5274,1,1,31,3
972,67501067,-319,-69,-29,-71,-612,-1
,-1,1360,1012,0,16,-16,-161,-14,1939,510,1412,-6,5908,6263,6130,5461,1,1,31,3
973,67521069,-317,-58,-41,-76,-612,-1,-1,1360,1012,72,13,-13,-187,-11,2050,611,1413,1,5583,6090,6272,5696,1,1,31,3
974,67541069,-316,-41,-60,-76,-612,-1,-1,1361,1012,153,10,-10,-159,-9,1959
,522,1414,0,5365,5931,6443,5975,1,1,31,3
975,67561072,-315,-30,-75,-74,-611,-1,-1,1361,1012,107,7,-7,-88,-6,1707,283,1415,-10,5313,5819,6420,6025,1,1,31,3
976,67581072,-315,-21,-73,-74,-611,-1,-1,1362,1012,80,4,-4,-129,-4,1872,434,1415,2,5541,6008,6317,5796,1,1,31,3


977,67601074,-314,-19,-78,-79,-611,-1,-1,1362,1013,0,2,-2,-125,-1,1865,431,1416,-2,5813,6046,6232,5480,1,1,31,3
978,67621074,-314,-18,-81,-91,-611,-1,-1,1363,1013,0,-1,1,-90,1,1744,316,1416,-7,6014,6166,6137,5367,1,1,31,3
979,67641077,-314,-16,-81,-105,-611,-1,-1,13
62,1013,0,-3,3,-163,3,2024,579,1417,6,5856,6175,6184,5435,1,1,31,3
980,67661080,-313,3,-97,-114,-611,-1,-1,1363,1013,233,-6,6,-143,6,1951,518,1418,-5,5617,6047,6345,5745,1,1,31,3
981,67681079,-313,5,-104,-119,-611,-1,-1,1363,1013,26,-9,9,-74,8,1706,281,1418,-12,5452,5907,6
390,5945,1,1,31,3
982,67701082,-314,17,-115,-120,-611,-1,-1,1363,1013,162,-11,11,-126,10,1920,473,1419,9,5435,5962,6412,5926,1,1,31,3
983,67721082,-314,16,-117,-121,-611,-1,-1,1362,1013,0,-14,14,-88,12,1784,347,1419,-1,5526,5960,6374,5865,1,1,31,3
984,677
41083,-314,15,-115,-127,-611,-1,-1,1362,1013,-1,-16,16,-101,14,1836,400,1420,-3,5844,6061,6351,5598,1,1,31,3
985,67761080,-315,15,-112,-138,-612,-1,-1,1363,1013,0,-18,18,-108,16,1880,432,1421,7,5992,6223,6183,5422,0,0,7,3
986,67781085,-315,15,-110,-148,-612,-1,-1,1363
,1013,13,-20,20,-99,17,1842,404,1421,-3,5914,6181,6218,5512,1,1,31,3
987,67801086,-315,13,-107,-156,-612,-1,-1,1363,1013,0,-22,22,-98,19,1844,406,1422,-4,5720,6092,6259,5657,1,1,31,3
988,67821086,-315,28,-118,-158,-613,-1,-1,1363,1013,196,-22,22,-1,19,1500,69,1422,-6
,5600,5957,6354,5919,1,1,31,3
989,67841088,-316,33,-126,-158,-613,-1,-1,1363,1013,87,-23,23,-71,20,1771,319,1422,12,5535,5956,6368,5853,1,1,31,3
990,67861086,-317,40,-133,-155,-613,-1,-1,1363,1013,116,-26,26,-140,22,2012,566,1423,1,5449,6067,6380,5936,1,1,31,3
991,6
7881091,-317,37,-132,-153,-614,-1,-1,1362,1013,-1,-26,26,29,23,1402,-22,1423,-13,5736,5984,6304,5811,1,1,31,3
992,67901088,-318,12,-109,-157,-614,-1,-1,1362,1013,-279,-26,26,-26,23,1624,174,1423,9,5953,6063,6266,5518,1,1,31,3
993,67921096,-318,-13,-78,-167,-614,-1,-1
,1362,1013,-370,-27,27,-81,24,1819,367,1424,8,5995,6102,6278,5425,1,1,31,3
994,67941092,-318,-13,-68,-177,-614,-1,-1,1362,1013,-2,-29,29,-137,26,2017,568,1424,3,5860,6062,6401,5538,1,1,31,3
995,67961096,-318,-12,-66,-178,-615,-1,-1,1362,1013,0,-29,29,95,26,1164,-247,1
425,-26,5638,5998,6242,5986,1,1,31,3
996,67981093,-318,-11,-68,-167,-615,-1,-1,1362,1012,1,-29,29,-40,25,1698,233,1425,21,5486,6050,6304,5971,1,1,31,3
997,68001101,-317,2,-80,-149,-615,-1,-1,1362,1012,152,-31,31,-108,27,1930,471,1425,12,5350,6020,6397,6048,1,1,31,3
9
98,68021096,-317,-2,-82,-131,-615,-1,-1,1362,1012,-52,-34,34,-84,30,1834,394,1426,-6,5525,6009,6374,5889,1,1,31,3
999,68041101,-317,-27,-62,-125,-615,-1,-1,1361,1012,-538,-35,35,-57,31,1757,308,1426,4,5842,6073,6290,5594,1,1,31,3
FLIGHTCFG,3.19000,3.18400,0.87200,0.12
480,0.02600,0.00220,0.13530,0.03000,0.00200,0.35400,0.02500,0.00030,0.20100,0.00000,0.00000,0.21600,0.00000,0.00000,0.13100,0.00400,0.00770,0.09030,0.00400,0.00630,0.13500,0.10000,0.00000,8.000,50.000
TRIMCFG,learn_rate=0.0100,limit_deg=0.80,delay_s=1.00,max_pos_cm=15
.0,max_vel_cm_s=4.0,max_vel_target_cm_s=3.0
DEBUG_STATE_END

