cost,rmse,lag_ms,quiet_rms,acc_gain,acc_alpha,q_z,q_vz,r_z,vel_obs,vel_alpha,r_vz
2.7719021472708967,1.1166603619037454,80.00400000000063,1.3005193867632614,0.1,0.35,15.0,600.0,12.5,1,0.55,150.0
2.772568871286913,1.1173938929682332,80.00400000000063,1.3003285094819148,0.1,0.35,40.0,600.0,12.5,1,0.55,150.0
2.7738176634555627,1.1185159677667738,80.00400000000063,1.3006905591107991,0.1,0.35,80.0,600.0,12.5,1,0.55,150.0
2.7741946420766666,1.118809976988523,80.00400000000063,1.300927614537527,0.1,0.35,40.0,600.0,25.0,1,0.55,150.0
2.7745469696643585,1.1191633300280583,80.00400000000063,1.3009246846751157,0.1,0.35,80.0,600.0,25.0,1,0.55,150.0
2.774721979706,1.119144133335645,80.00400000000063,1.3014795610581298,0.1,0.35,15.0,600.0,25.0,1,0.55,150.0
2.775369391565832,1.1198800137248426,80.00400000000063,1.301226793831371,0.1,0.35,80.0,600.0,50.0,1,0.55,150.0
2.77547326483631,1.1199305466097045,80.00400000000063,1.301379194933132,0.1,0.35,40.0,600.0,50.0,1,0.55,150.0
2.776219055731974,1.1204972825340611,80.00400000000063,1.3018907805654378,0.1,0.35,15.0,600.0,50.0,1,0.55,150.0
2.780588730459645,1.123254194197912,80.00400000000063,1.306498675033496,0.1,0.22,15.0,600.0,12.5,1,0.55,150.0
2.7812217312322365,1.1239574888832333,80.00400000000063,1.3062978352828394,0.1,0.22,40.0,600.0,12.5,1,0.55,150.0
2.782468630377876,1.125076045678134,80.00400000000063,1.306664527713521,0.1,0.22,80.0,600.0,12.5,1,0.55,150.0
2.7828794335107023,1.125396284019769,80.00400000000063,1.3069232842597827,0.1,0.22,40.0,600.0,25.0,1,0.55,150.0
2.783222287943733,1.1257408305383818,80.00400000000063,1.306918449729549,0.1,0.22,80.0,600.0,25.0,1,0.55,150.0
2.7834404096737546,1.1257573755440917,80.00400000000063,1.307494383227581,0.1,0.22,15.0,600.0,25.0,1,0.55,150.0
2.784060648190401,1.1264688245325454,80.00400000000063,1.3072337818795605,0.1,0.22,80.0,600.0,50.0,1,0.55,150.0
2.7841750051437297,1.1265279405121535,80.00400000000063,1.3073916132330472,0.1,0.22,40.0,600.0,50.0,1,0.55,150.0
2.7847706877500307,1.1149536208415063,80.00400000000063,1.342163048310043,0.2,0.35,15.0,600.0,12.5,1,0.55,150.0
2.7849443367179014,1.12711198213535,80.00400000000063,1.307921013092977,0.1,0.22,15.0,600.0,50.0,1,0.55,150.0
2.7859488071986935,1.1158943112523951,80.00400000000063,1.3428414169893967,0.2,0.35,40.0,600.0,12.5,1,0.55,150.0
2.7874117739484348,1.1170855002859565,80.00400000000063,1.3436179247499105,0.2,0.35,80.0,600.0,12.5,1,0.55,150.0
2.7876545308485676,1.1172992027006035,80.00400000000063,1.3437009375655844,0.2,0.35,40.0,600.0,25.0,1,0.55,150.0
2.787846778447595,1.1174871604529908,80.00400000000063,1.3437131942702694,0.2,0.35,15.0,600.0,25.0,1,0.55,150.0
2.7881751441249065,1.117718743749603,80.00400000000063,1.343989715357983,0.2,0.35,80.0,600.0,25.0,1,0.55,150.0
2.7890296434688615,1.118432008642405,80.00400000000063,1.3443932423612766,0.2,0.35,40.0,600.0,50.0,1,0.55,150.0
2.7890390785706125,1.1184303692026967,80.00400000000063,1.3444248839083035,0.2,0.35,80.0,600.0,50.0,1,0.55,150.0
2.7895887937048722,1.1189148839903513,80.00400000000063,1.3446111706128905,0.2,0.35,15.0,600.0,50.0,1,0.55,150.0
2.7949050746972666,1.1349602082483112,80.00400000000063,1.3139567612827014,0.1,0.12,15.0,600.0,12.5,1,0.55,150.0
2.795508922461628,1.1356324358404986,80.00400000000063,1.313761390346056,0.1,0.12,40.0,600.0,12.5,1,0.55,150.0
2.7967659171189876,1.1367546770947548,80.00400000000063,1.3141464000692098,0.1,0.12,80.0,600.0,12.5,1,0.55,150.0
2.7972270809370903,1.1371164851060893,80.00400000000063,1.314430273802833,0.1,0.12,40.0,600.0,25.0,1,0.55,150.0
2.797563038416615,1.1374527293882468,80.00400000000063,1.3144294543667387,0.1,0.12,80.0,600.0,25.0,1,0.55,150.0
2.7976775524871256,1.1249056133115143,80.00400000000063,1.3506055405017188,0.2,0.22,15.0,600.0,12.5,1,0.55,150.0
2.7978265678344996,1.1375101857712067,80.00400000000063,1.315018234466524,0.1,0.12,15.0,600.0,25.0,1,0.55,150.0
2.798431612010312,1.13820329650756,80.00400000000063,1.3147666157221227,0.1,0.12,80.0,600.0,50.0,1,0.55,150.0
2.798557709486107,1.138272676263306,80.00400000000063,1.3149286663508324,0.1,0.12,40.0,600.0,50.0,1,0.55,150.0
2.7988143931253027,1.1258046311883305,80.00400000000063,1.3512850341056082,0.2,0.22,40.0,600.0,12.5,1,0.55,150.0
2.799355151567907,1.1388779602426466,80.00400000000063,1.3154776895007174,0.1,0.12,15.0,600.0,50.0,1,0.55,150.0
2.800287959085697,1.126999607648288,80.00400000000063,1.3520810041068572,0.2,0.22,80.0,600.0,12.5,1,0.55,150.0
2.8005874270727005,1.1272577799582666,80.00400000000063,1.352198991755498,0.2,0.22,40.0,600.0,25.0,1,0.55,150.0
2.800834158457471,1.1274911424238578,80.00400000000063,1.3522371886674398,0.2,0.22,15.0,600.0,25.0,1,0.55,150.0
2.801098132073812,1.1276662708931608,80.00400000000063,1.3524910319446908,0.2,0.22,80.0,600.0,25.0,1,0.55,150.0
2.801995719831465,1.1284019724332712,80.00400000000063,1.3529535639948125,0.2,0.22,80.0,600.0,50.0,1,0.55,150.0
2.8020026735024466,1.1284176878031404,80.00400000000063,1.3529285305694192,0.2,0.22,40.0,600.0,50.0,1,0.55,150.0
2.8023722817860173,1.141391082283575,80.00400000000063,1.3169177128640932,0.1,0.08,15.0,600.0,12.5,1,0.55,150.0
2.802603739283017,1.1289321702307322,80.00400000000063,1.3531759115779294,0.2,0.22,15.0,600.0,50.0,1,0.55,150.0
2.802974688226585,1.142063691452339,80.00400000000063,1.3167171336406749,0.1,0.08,40.0,600.0,12.5,1,0.55,150.0
2.80424233975951,1.1431947093477288,80.00400000000063,1.3171075154622056,0.1,0.08,80.0,600.0,12.5,1,0.55,150.0
2.804726565471181,1.1435746715952846,80.00400000000063,1.3174054110739635,0.1,0.08,40.0,600.0,25.0,1,0.55,150.0
2.805063216712274,1.1439118997045339,80.00400000000063,1.3174037628792294,0.1,0.08,80.0,600.0,25.0,1,0.55,150.0
2.8053346704766984,1.1439729955989693,80.00400000000063,1.3180047853649133,0.1,0.08,15.0,600.0,25.0,1,0.55,150.0
2.8059486488718304,1.14467593003432,80.00400000000063,1.3177506252500024,0.1,0.08,80.0,600.0,50.0,1,0.55,150.0
2.8060773076921235,1.1447466816999292,80.00400000000063,1.3179160742633855,0.1,0.08,40.0,600.0,50.0,1,0.55,150.0
2.8068807643571034,1.145354734443328,80.00400000000063,1.3184743711821891,0.1,0.08,15.0,600.0,50.0,1,0.55,150.0
2.8172844376284796,1.1478778735655017,80.00400000000063,1.3409901830370514,0.2,0.35,15.0,600.0,12.5,1,0.35,150.0
2.8194780608876666,1.1498049772104952,80.00400000000063,1.3417516676490346,0.2,0.35,40.0,600.0,12.5,1,0.35,150.0
2.8218000086388164,1.1445115576023077,80.00400000000063,1.3635098601042825,0.2,0.12,15.0,600.0,12.5,1,0.55,150.0
2.822089773206448,1.1520072677198059,80.00400000000063,1.342921444247522,0.2,0.35,80.0,600.0,12.5,1,0.35,150.0
2.8229042758068723,1.1453645384687838,80.00400000000063,1.36422782096594,0.2,0.12,40.0,600.0,12.5,1,0.55,150.0
2.8232796965877798,1.152908354390028,80.00400000000063,1.3437466919935492,0.2,0.35,40.0,600.0,25.0,1,0.35,150.0
2.8235289557185084,1.1530524101714055,80.00400000000063,1.3440472729916955,0.2,0.35,15.0,600.0,25.0,1,0.35,150.0
2.8242371887455766,1.1537380052405082,80.00400000000063,1.3441119528715966,0.2,0.35,80.0,600.0,25.0,1,0.35,150.0
2.8244094274379847,1.1465739369001864,80.00400000000063,1.3650728301079684,0.2,0.12,80.0,600.0,12.5,1,0.55,150.0
2.824795310005029,1.146904360291849,80.00400000000063,1.3652312848947736,0.2,0.12,40.0,600.0,25.0,1,0.55,150.0
2.8251038941800823,1.147193747533381,80.00400000000063,1.3652861332762625,0.2,0.12,15.0,600.0,25.0,1,0.55,150.0
2.825300770642482,1.1473016131012608,80.00400000000063,1.3655404501177482,0.2,0.12,80.0,600.0,25.0,1,0.55,150.0
2.8261064520259325,1.1552421914163504,80.00400000000063,1.3451550303130635,0.2,0.35,40.0,600.0,50.0,1,0.35,150.0
2.8261573218171554,1.1553059276735913,80.00400000000063,1.345118268981584,0.2,0.35,80.0,600.0,50.0,1,0.35,150.0
2.8262573801370605,1.148080575615218,80.00400000000063,1.3660480129195227,0.2,0.12,80.0,600.0,50.0,1,0.55,150.0
2.8262826297761987,1.1481136502016982,80.00400000000063,1.366025655927117,0.2,0.12,40.0,600.0,50.0,1,0.55,150.0
2.826932230971358,1.148666156047059,80.00400000000063,1.3663030712122546,0.2,0.12,15.0,600.0,50.0,1,0.55,150.0
2.827072656806409,1.1560115170282035,80.00400000000063,1.3457175422234173,0.2,0.35,15.0,600.0,50.0,1,0.35,150.0
2.8328161637570264,1.1588381934131422,80.00400000000063,1.3540513438396424,0.2,0.22,15.0,600.0,12.5,1,0.35,150.0
2.834535434447721,1.1552291605280265,80.00400000000063,1.369275068341957,0.2,0.08,15.0,600.0,12.5,1,0.55,150.0
2.8349496517930843,1.160705896300945,80.00400000000063,1.3548107299775154,0.2,0.22,40.0,600.0,12.5,1,0.35,150.0
2.8356426045739207,1.1560846812348848,80.00400000000063,1.3699940666829322,0.2,0.08,40.0,600.0,12.5,1,0.55,150.0
2.8371702434713937,1.1573107951696815,80.00400000000063,1.370855566576294,0.2,0.08,80.0,600.0,12.5,1,0.55,150.0
2.83756636785862,1.1629057757280548,80.00400000000063,1.3560016918015882,0.2,0.22,80.0,600.0,12.5,1,0.35,150.0
2.837595798790182,1.1576721174018465,80.00400000000063,1.3710390896809315,0.2,0.08,40.0,600.0,25.0,1,0.55,150.0
2.8379169756338936,1.1579683344584892,80.00400000000063,1.371110403358271,0.2,0.08,15.0,600.0,25.0,1,0.55,150.0
2.8381043931974044,1.1580717467082657,80.00400000000063,1.37135041854037,0.2,0.08,80.0,600.0,25.0,1,0.55,150.0
2.838817744488606,1.1638547717371648,80.00400000000063,1.3568656364326628,0.2,0.22,40.0,600.0,25.0,1,0.35,150.0
2.839092088533671,1.1588745130219527,80.00400000000063,1.3718787871763103,0.2,0.08,80.0,600.0,50.0,1,0.55,150.0
2.8391209845724124,1.1589096129408243,80.00400000000063,1.371861061804511,0.2,0.08,40.0,600.0,50.0,1,0.55,150.0
2.8391365956364596,1.1640568124275035,80.00400000000063,1.3571993805969902,0.2,0.22,15.0,600.0,25.0,1,0.35,150.0
2.8397595152197876,1.164667774119348,80.00400000000063,1.35723354600123,0.2,0.22,80.0,600.0,25.0,1,0.35,150.0
2.8397795527791114,1.1594657210479793,80.00400000000063,1.3721538049460649,0.2,0.08,15.0,600.0,50.0,1,0.55,150.0
2.8416831659792,1.1662128121987623,80.00400000000063,1.3583152965155088,0.2,0.22,40.0,600.0,50.0,1,0.35,150.0
2.8417127982341146,1.1662583326196532,80.00400000000063,1.358269901755577,0.2,0.22,80.0,600.0,50.0,1,0.35,150.0
2.842701231375701,1.1670211073646384,80.00400000000063,1.3589146400315821,0.2,0.22,15.0,600.0,50.0,1,0.35,150.0
2.859980308580712,1.1611454622036785,80.00400000000063,1.42507098964864,0.35,0.35,15.0,600.0,12.5,1,0.55,150.0
2.8601895638931083,1.1919962130791357,80.00400000000063,1.3375238594684655,0.1,0.35,15.0,300.0,12.5,1,0.55,150.0
2.8602885616657954,1.1922601316549633,80.00400000000063,1.337052657173779,0.1,0.35,40.0,300.0,12.5,1,0.55,150.0
2.861940988969421,1.1937282775992728,80.00400000000063,1.3375791753432553,0.1,0.35,80.0,300.0,12.5,1,0.55,150.0
2.862249064066778,1.1627148967417493,80.00400000000063,1.4270690495000535,0.35,0.35,40.0,600.0,12.5,1,0.55,150.0
2.8637014958378995,1.164011171693171,80.00400000000063,1.4275152118420538,0.35,0.35,15.0,600.0,25.0,1,0.55,150.0
2.8641868630352,1.164162489434926,80.00400000000063,1.4284696388578988,0.35,0.35,80.0,600.0,12.5,1,0.55,150.0
2.8642458756566933,1.1642674900187742,80.00400000000063,1.4283382446797426,0.35,0.35,40.0,600.0,25.0,1,0.55,150.0
2.865125327567677,1.1648913128339933,80.00400000000063,1.4290686135247834,0.35,0.35,80.0,600.0,25.0,1,0.55,150.0
2.8658824651764006,1.1655332292756144,80.00400000000063,1.4293978168593626,0.35,0.35,40.0,600.0,50.0,1,0.55,150.0
2.8659972065079535,1.1657353208528072,80.00400000000063,1.4291482447289625,0.35,0.35,15.0,600.0,50.0,1,0.55,150.0
2.866137865516005,1.1656783755725477,80.00400000000063,1.4297128284098493,0.35,0.35,80.0,600.0,50.0,1,0.55,150.0
2.8707128295302704,1.1697186293065964,80.00400000000063,1.4312405720676118,0.35,0.22,15.0,600.0,12.5,1,0.55,150.0
2.8729833534210663,1.1712669523063834,80.00400000000063,1.4333040031847823,0.35,0.22,40.0,600.0,12.5,1,0.55,150.0
2.8746157714031098,1.172704997944823,80.00400000000063,1.4338593527379353,0.35,0.22,15.0,600.0,25.0,1,0.55,150.0
2.8749777226612294,1.172748700991547,80.00400000000063,1.434768633341923,0.35,0.22,80.0,600.0,12.5,1,0.55,150.0
2.875103383308914,1.17290706040283,80.00400000000063,1.434675208303071,0.35,0.22,40.0,600.0,25.0,1,0.55,150.0
2.875990708874525,1.1735293515751228,80.00400000000063,1.4354324494268362,0.35,0.22,80.0,600.0,25.0,1,0.55,150.0
2.8768246705753246,1.1742306242281506,80.00400000000063,1.4358115609918987,0.35,0.22,40.0,600.0,50.0,1,0.55,150.0
2.876996015849559,1.17447819475383,80.00400000000063,1.4355937745591987,0.35,0.22,15.0,600.0,50.0,1,0.55,150.0
2.877064994520399,1.1743601762955969,80.00400000000063,1.4361280520708366,0.35,0.22,80.0,600.0,50.0,1,0.55,150.0
2.879322376009394,1.1801995403835017,80.00400000000063,1.425893816073952,0.35,0.35,15.0,600.0,12.5,1,0.35,150.0
2.8825158458589897,1.1825548136863726,80.00400000000063,1.4282886633503078,0.35,0.35,40.0,600.0,12.5,1,0.35,150.0
2.8855249329147465,1.1848915321499764,80.00400000000063,1.4302097164707444,0.35,0.35,80.0,600.0,12.5,1,0.35,150.0
2.886025355165665,1.1854796263759024,80.00400000000063,1.4299592251135809,0.35,0.35,15.0,600.0,25.0,1,0.35,150.0
2.8864736353422553,1.18566716335073,80.00400000000063,1.4307042056900459,0.35,0.35,40.0,600.0,25.0,1,0.35,150.0
2.8877554442732447,1.1866308055090375,80.00400000000063,1.4316132536119943,0.35,0.35,80.0,600.0,25.0,1,0.35,150.0
2.8894735906643856,1.1880324482532008,80.00400000000063,1.4325175497462155,0.35,0.35,40.0,600.0,50.0,1,0.35,150.0
2.889756165441753,1.1882040904217257,80.00400000000063,1.4328345000571927,0.35,0.35,80.0,600.0,50.0,1,0.35,150.0
2.8900184673887788,1.188586387401062,80.00400000000063,1.4324916571077344,0.35,0.35,15.0,600.0,50.0,1,0.35,150.0
2.894775181322462,1.1908352484187095,80.00400000000063,1.4396569511535522,0.35,0.22,15.0,600.0,12.5,1,0.35,150.0
2.8973521231115758,1.2013643356576136,80.00400000000063,1.4169365355827217,0.2,0.35,15.0,300.0,12.5,1,0.55,150.0
2.897940813489204,1.1931450129721959,80.00400000000063,1.4421022871914253,0.35,0.22,40.0,600.0,12.5,1,0.35,150.0
2.8988123971751762,1.20230718509954,80.00400000000063,1.418414891644648,0.2,0.35,40.0,300.0,12.5,1,0.55,150.0
2.900511911264299,1.1933654483155105,80.00400000000063,1.4488184655679397,0.35,0.12,15.0,600.0,12.5,1,0.55,150.0
2.9010032470431915,1.1955124017432917,80.00400000000063,1.4440881294282575,0.35,0.22,80.0,600.0,12.5,1,0.35,150.0
2.9010629742523677,1.204046369622637,80.00400000000063,1.4198760132277755,0.2,0.35,80.0,300.0,12.5,1,0.55,150.0
2.901673196781894,1.196242612532174,80.00400000000063,1.443915954999173,0.35,0.22,15.0,600.0,25.0,1,0.35,150.0
2.902035456630702,1.196353716378386,80.00400000000063,1.444633543578018,0.35,0.22,40.0,600.0,25.0,1,0.35,150.0
2.9023004008574893,1.2050969935698763,80.00400000000063,1.4204097351074392,0.2,0.35,40.0,300.0,25.0,1,0.55,150.0
2.9027907903040155,1.1948734423580334,80.00400000000063,1.4510209941313517,0.35,0.12,40.0,600.0,12.5,1,0.55,150.0
2.90300928680276,1.2055945527063063,80.00400000000063,1.421013525989841,0.2,0.35,80.0,300.0,25.0,1,0.55,150.0
2.903027892085829,1.2058773428781868,80.00400000000063,1.4202587120218075,0.2,0.35,15.0,300.0,25.0,1,0.55,150.0
2.9033167426064144,1.1973087972809178,80.00400000000063,1.4455655580728206,0.35,0.22,80.0,600.0,25.0,1,0.35,150.0
2.904685028191961,1.1965214717276527,80.00400000000063,1.451724447040854,0.35,0.12,15.0,600.0,25.0,1,0.55,150.0
2.9047664080529194,1.206999160678445,80.00400000000063,1.4220207067841861,0.2,0.35,80.0,300.0,50.0,1,0.55,150.0
2.9048674425582353,1.1963962113938005,80.00400000000063,1.4526035176126444,0.35,0.12,80.0,600.0,12.5,1,0.55,150.0
2.904876083310271,1.2071507037027114,80.00400000000063,1.4219010845929996,0.2,0.35,40.0,300.0,50.0,1,0.55,150.0
2.9051036586783274,1.1966490821369196,80.00400000000063,1.4525559329754252,0.35,0.12,40.0,600.0,25.0,1,0.55,150.0
2.905127431199513,1.19878106528541,80.00400000000063,1.4465324740402676,0.35,0.22,40.0,600.0,50.0,1,0.35,150.0
2.905385894409883,1.1989301662628546,80.00400000000063,1.446844937562911,0.35,0.22,80.0,600.0,50.0,1,0.35,150.0
2.9057503212301072,1.199395612287305,80.00400000000063,1.4465563112651212,0.35,0.22,15.0,600.0,50.0,1,0.35,150.0
2.906003318195363,1.1972649463420704,80.00400000000063,1.4533667767236667,0.35,0.12,80.0,600.0,25.0,1,0.55,150.0
2.9061135518235353,1.208269126835606,80.00400000000063,1.4222412142511995,0.2,0.35,15.0,300.0,50.0,1,0.55,150.0
2.9069524674503358,1.198056173436244,80.00400000000063,1.4538179828973776,0.35,0.12,40.0,600.0,50.0,1,0.55,150.0
2.907174179956716,1.1981634774614032,80.00400000000063,1.4541448642722967,0.35,0.12,80.0,600.0,50.0,1,0.55,150.0
2.907189210667817,1.1983592323823427,80.00400000000063,1.4536285093870436,0.35,0.12,15.0,600.0,50.0,1,0.55,150.0
2.916647425699768,1.2156829520241794,80.00400000000063,1.4311556390730829,0.2,0.22,15.0,300.0,12.5,1,0.55,150.0
2.916796548530715,1.2062754415652033,80.00400000000063,1.4584603056157206,0.35,0.08,15.0,600.0,12.5,1,0.55,150.0
2.918004795484822,1.2165301984959125,80.00400000000063,1.4326131342539987,0.2,0.22,40.0,300.0,12.5,1,0.55,150.0
2.9190924696674534,1.2077903823271405,80.00400000000063,1.4606916781151513,0.35,0.08,40.0,600.0,12.5,1,0.55,150.0
2.9202597167018522,1.2182638281791722,80.00400000000063,1.4341025386362012,0.2,0.22,80.0,300.0,12.5,1,0.55,150.0
2.9210913758051436,1.2095106820809387,80.00400000000063,1.4614876963548442,0.35,0.08,15.0,600.0,25.0,1,0.55,150.0
2.9212096451319254,1.2093388841062307,80.00400000000063,1.462316460073386,0.35,0.08,80.0,600.0,12.5,1,0.55,150.0
2.9214979363387776,1.2096310381371376,80.00400000000063,1.46230542343323,0.35,0.08,40.0,600.0,25.0,1,0.55,150.0
2.9215814199778127,1.2193816923846037,80.00400000000063,1.4346849359805702,0.2,0.22,40.0,300.0,25.0,1,0.55,150.0
2.922263097016919,1.2198525040384758,80.00400000000063,1.4352874085098106,0.2,0.22,80.0,300.0,25.0,1,0.55,150.0
2.9224065673051367,1.2102514061800769,80.00400000000063,1.4631290317858583,0.35,0.08,80.0,600.0,25.0,1,0.55,150.0
2.922428682090867,1.2202574948713731,80.00400000000063,1.4346033920556687,0.2,0.22,15.0,300.0,25.0,1,0.55,150.0
2.9234052501622907,1.2110772998830144,80.00400000000063,1.463622715083619,0.35,0.08,40.0,600.0,50.0,1,0.55,150.0
2.923623747732806,1.2111824363360657,80.00400000000063,1.4639466039906592,0.35,0.08,80.0,600.0,50.0,1,0.55,150.0
2.9236513690190344,1.2113830016149933,80.00400000000063,1.4634524782972342,0.35,0.08,15.0,600.0,50.0,1,0.55,150.0
2.9240643857482134,1.221287757639878,80.00400000000063,1.436333223166645,0.2,0.22,80.0,300.0,50.0,1,0.55,150.0
2.9242104968651095,1.221469044283048,80.00400000000063,1.4362327216630055,0.2,0.22,40.0,300.0,50.0,1,0.55,150.0
2.925537421865812,1.222652530037857,80.00400000000063,1.4366425480798437,0.2,0.22,15.0,300.0,50.0,1,0.55,150.0
2.9274720345077627,1.2244011868195976,80.00400000000063,1.4371738505375884,0.2,0.35,15.0,600.0,12.5,1,0.55,350.0
2.930675000766601,1.2262541225687,80.00400000000063,1.4410310805654047,0.2,0.35,40.0,600.0,12.5,1,0.55,350.0
2.9349203251402725,1.2215210857755647,80.00400000000063,1.4666835410419958,0.35,0.12,15.0,600.0,12.5,1,0.35,150.0
2.936235285661326,1.2304875261468349,80.00400000000063,1.4448221700413775,0.2,0.35,80.0,600.0,12.5,1,0.55,350.0
2.9380958202070926,1.223787693423523,80.00400000000063,1.4692803622387438,0.35,0.12,40.0,600.0,12.5,1,0.35,150.0
2.9394474536401485,1.2332479881905358,80.00400000000063,1.4461127584274374,0.2,0.35,40.0,600.0,25.0,1,0.55,350.0
2.9411590139373045,1.2343896386876159,80.00400000000063,1.447741072141941,0.2,0.35,80.0,600.0,25.0,1,0.55,350.0
2.9412511771395637,1.2262027448340371,80.00400000000063,1.471395520872907,0.35,0.12,80.0,600.0,12.5,1,0.35,150.0
2.9419563441447263,1.2358848537993463,80.00400000000063,1.4457471152724874,0.2,0.35,15.0,600.0,25.0,1,0.55,350.0
2.9421181635895444,1.2271176255578236,80.00400000000063,1.4712586800906033,0.35,0.12,15.0,600.0,25.0,1,0.35,150.0
2.942402769596284,1.2271466240963955,80.00400000000063,1.4719889871425125,0.35,0.12,40.0,600.0,25.0,1,0.35,150.0
2.943697926860653,1.2280951308438683,80.00400000000063,1.4729794171907862,0.35,0.12,80.0,600.0,25.0,1,0.35,150.0
2.9456204989677883,1.2379403961651647,80.00400000000063,1.4503431508646116,0.2,0.35,80.0,600.0,50.0,1,0.55,350.0
2.9456357796649018,1.2296669057568845,80.00400000000063,1.4740253540228794,0.35,0.12,40.0,600.0,50.0,1,0.35,150.0
2.945873236354032,1.2297914305102688,80.00400000000063,1.4743480166964398,0.35,0.12,80.0,600.0,50.0,1,0.35,150.0
2.9460087484416317,1.238450658035329,80.00400000000063,1.4499945440179816,0.2,0.35,40.0,600.0,50.0,1,0.55,350.0
2.9463329088400076,1.230342502196813,80.00400000000063,1.4740868761233856,0.35,0.12,15.0,600.0,50.0,1,0.35,150.0
2.9498236425844975,1.241905205307161,80.00400000000063,1.4510241065066485,0.2,0.35,15.0,600.0,50.0,1,0.55,350.0
3.0478309898663554,1.3002018996116789,80.00400000000063,1.5644831150133351,0.35,0.35,15.0,300.0,12.5,1,0.55,150.0
3.0521171683117627,1.3029479613804098,80.00400000000063,1.568883448375268,0.35,0.35,40.0,300.0,12.5,1,0.55,150.0
3.0551566389348563,1.3056846550227315,80.00400000000063,1.569748525463187,0.35,0.35,15.0,300.0,25.0,1,0.55,150.0
3.05562250413052,1.3054571057120068,80.00400000000063,1.5717297097671534,0.35,0.35,80.0,300.0,12.5,1,0.55,150.0
3.0562673349154714,1.3061132236254602,80.00400000000063,1.571697460828577,0.35,0.35,40.0,300.0,25.0,1,0.55,150.0
3.0579111509394874,1.307202722389706,80.00400000000063,1.5732812244279195,0.35,0.35,80.0,300.0,25.0,1,0.55,150.0
3.059498277718892,1.3085475797269814,80.00400000000063,1.573973422834003,0.35,0.35,40.0,300.0,50.0,1,0.55,150.0
3.059685410512648,1.3089483310605603,80.00400000000063,1.5733630841487947,0.35,0.35,15.0,300.0,50.0,1,0.55,150.0
3.060007532236239,1.3088000044355974,80.00400000000063,1.57470722228752,0.35,0.35,80.0,300.0,50.0,1,0.55,150.0
3.065232833228581,1.3126806762508076,80.00400000000063,1.578549019936469,0.35,0.22,15.0,300.0,12.5,1,0.55,150.0
3.0694724133731177,1.315347050947113,80.00400000000063,1.5830438926457002,0.35,0.22,40.0,300.0,12.5,1,0.55,150.0
3.0728180314840188,1.31832274069463,80.00400000000063,1.584100830826798,0.35,0.22,15.0,300.0,25.0,1,0.55,150.0
3.073049415670293,1.3178901588483243,80.00400000000063,1.58599787663417,0.35,0.22,80.0,300.0,12.5,1,0.55,150.0
3.0737940460117956,1.3186304081632685,80.00400000000063,1.5860103938529078,0.35,0.22,40.0,300.0,25.0,1,0.55,150.0
3.0754349369539766,1.3197026915770342,80.00400000000063,1.587634986791237,0.35,0.22,80.0,300.0,25.0,1,0.55,150.0
3.0771455618314274,1.3211421758226387,80.00400000000063,1.588409674310798,0.35,0.22,40.0,300.0,50.0,1,0.55,150.0
3.0774544958169696,1.3216370125995243,80.00400000000063,1.5878785234783892,0.35,0.22,15.0,300.0,50.0,1,0.55,150.0
3.077616983371665,1.3213587657640908,80.00400000000063,1.5891377645930425,0.35,0.22,80.0,300.0,50.0,1,0.55,150.0
3.0906609745338263,1.3327707863212448,80.00400000000063,1.5938005377502067,0.35,0.35,15.0,600.0,12.5,1,0.55,350.0
3.1018306292195397,1.33980760870226,80.00400000000063,1.6056086300493444,0.35,0.35,40.0,600.0,12.5,1,0.55,350.0
3.1089268956864218,1.3447902731781096,80.00400000000063,1.611647492880865,0.35,0.12,15.0,300.0,12.5,1,0.55,150.0
3.1093829376918714,1.3460677328296375,80.00400000000063,1.609300585320641,0.35,0.22,15.0,600.0,12.5,1,0.55,350.0
3.109457732473862,1.3468352322011514,80.00400000000063,1.6073214293505755,0.35,0.35,15.0,600.0,25.0,1,0.55,350.0
3.110858355488139,1.3462154785750122,80.00400000000063,1.6130939340374773,0.35,0.35,80.0,600.0,12.5,1,0.55,350.0
3.1123074930955985,1.347784101570033,80.00400000000063,1.6127525472158746,0.35,0.35,40.0,600.0,25.0,1,0.55,350.0
3.1125101800023254,1.1581705300543192,100.00500000000079,1.297898999851413,0.1,0.35,15.0,600.0,12.5,1,0.35,150.0
3.1130327875217456,1.3472756129528696,80.00400000000063,1.6162776416253328,0.35,0.12,40.0,300.0,12.5,1,0.55,150.0
3.1142209095246005,1.160000615266459,100.00500000000079,1.2975579835946567,0.1,0.35,40.0,600.0,12.5,1,0.35,150.0
3.116639180360429,1.1621890663444239,100.00500000000079,1.298214611474266,0.1,0.35,80.0,600.0,12.5,1,0.35,150.0
3.1166578796470508,1.3506291003185553,80.00400000000063,1.6170536552242463,0.35,0.35,80.0,600.0,25.0,1,0.55,350.0
3.116675889959071,1.3498255908949328,80.00400000000063,1.6194008544689396,0.35,0.12,80.0,300.0,12.5,1,0.55,150.0
3.1168280276115783,1.3505917818031261,80.00400000000063,1.617646416595551,0.35,0.12,15.0,300.0,25.0,1,0.55,150.0
3.1175956538843743,1.3507136713599799,80.00400000000063,1.6194913786411,0.35,0.12,40.0,300.0,25.0,1,0.55,150.0
3.1179815119724776,1.1631612746153859,100.00500000000079,1.2992721067345143,0.1,0.35,40.0,600.0,25.0,1,0.35,150.0
3.1185440296738793,1.1633761836727752,100.00500000000079,1.3002652742888359,0.1,0.35,15.0,600.0,25.0,1,0.35,150.0
3.118780586209486,1.1639614620110086,100.00500000000079,1.2992689262813306,0.1,0.35,80.0,600.0,25.0,1,0.35,150.0
3.1192078851551317,1.351736885538784,80.00400000000063,1.621174284618109,0.35,0.12,80.0,300.0,25.0,1,0.55,150.0
3.120409397015714,1.3528713313249616,80.00400000000063,1.6213659019735518,0.35,0.22,40.0,600.0,12.5,1,0.55,350.0
3.1206410950649093,1.3540376508759027,80.00400000000063,1.6186955548257072,0.35,0.35,40.0,600.0,50.0,1,0.55,350.0
3.1206787668626728,1.165557726841591,100.00500000000079,1.3001315429173421,0.1,0.35,80.0,600.0,50.0,1,0.35,150.0
3.1207346087915884,1.1655182428055575,100.00500000000079,1.3004039028171979,0.1,0.35,40.0,600.0,50.0,1,0.35,150.0
3.1211013477955807,1.353311553025986,80.00400000000063,1.6220851279131008,0.35,0.12,40.0,300.0,50.0,1,0.55,150.0
3.12134145565354,1.3553272682085034,80.00400000000063,1.6170119641286498,0.35,0.35,15.0,600.0,50.0,1,0.55,350.0
3.1215101622784585,1.3534697655153998,80.00400000000063,1.622801133608712,0.35,0.12,80.0,300.0,50.0,1,0.55,150.0
3.1215676141202664,1.3539249456897966,80.00400000000063,1.6216647669441717,0.35,0.12,15.0,300.0,50.0,1,0.55,150.0
3.1218659637555697,1.166319782602462,100.00500000000079,1.3013462318659883,0.1,0.35,15.0,600.0,50.0,1,0.35,150.0
3.1220246907186318,1.354704096591956,80.00400000000063,1.6207445546476191,0.35,0.35,80.0,600.0,50.0,1,0.55,350.0
3.1224437767492725,1.1651713348054453,100.00500000000079,1.3062784055537588,0.1,0.22,15.0,600.0,12.5,1,0.35,150.0
3.124111101504701,1.1669610624942126,100.00500000000079,1.3059286828870769,0.1,0.22,40.0,600.0,12.5,1,0.35,150.0
3.126523673876895,1.1691415924369901,100.00500000000079,1.306591661256836,0.1,0.22,80.0,600.0,12.5,1,0.35,150.0
3.1279004475619274,1.1701405954915587,100.00500000000079,1.3076710059153056,0.1,0.22,40.0,600.0,25.0,1,0.35,150.0
3.1285035043036595,1.1703888507219606,100.00500000000079,1.3086847245191058,0.1,0.22,15.0,600.0,25.0,1,0.35,150.0
3.128686947949725,1.1709286693842598,100.00500000000079,1.307666510187011,0.1,0.22,80.0,600.0,25.0,1,0.35,150.0
3.1288554805967803,1.3605409850161458,80.00400000000063,1.6235842730875003,0.35,0.22,15.0,600.0,25.0,1,0.55,350.0
3.12961004929987,1.3593554394041227,80.00400000000063,1.6291274568449647,0.35,0.22,80.0,600.0,12.5,1,0.55,350.0
3.130599438359114,1.1725342970373311,100.00500000000079,1.308543260919347,0.1,0.22,80.0,600.0,50.0,1,0.35,150.0
3.130668030745783,1.1725055594734268,100.00500000000079,1.308821346492412,0.1,0.22,40.0,600.0,50.0,1,0.35,150.0
3.1313080009216696,1.3611367396482135,80.00400000000063,1.6288893179241328,0.35,0.22,40.0,600.0,25.0,1,0.55,350.0
3.1318271706953835,1.1733278529378397,100.00500000000079,1.30978376502152,0.1,0.22,15.0,600.0,50.0,1,0.35,150.0
3.1356418371110055,1.3639288465982438,80.00400000000063,1.6332942586078647,0.35,0.22,80.0,600.0,25.0,1,0.55,350.0
3.1396064308146836,1.1786617113183944,100.00500000000079,1.316770627132221,0.1,0.12,15.0,600.0,12.5,1,0.35,150.0
3.139943546289134,1.3675808043111446,80.00400000000063,1.635150691365657,0.35,0.22,40.0,600.0,50.0,1,0.55,350.0
3.1410066205363116,1.3691466765897438,80.00400000000063,1.6337141255615948,0.35,0.22,15.0,600.0,50.0,1,0.55,350.0
3.141218980371569,1.3681466419851647,80.00400000000063,1.6371781096754132,0.35,0.22,80.0,600.0,50.0,1,0.55,350.0
3.141243889388345,1.1804152447986611,100.00500000000079,1.316438984541921,0.1,0.12,40.0,600.0,12.5,1,0.35,150.0
3.143666421176304,1.1825968902040456,100.00500000000079,1.317127231349277,0.1,0.12,80.0,600.0,12.5,1,0.35,150.0
3.1450911750287625,1.1836360421917829,100.00500000000079,1.3182289509627647,0.1,0.12,40.0,600.0,25.0,1,0.35,150.0
3.145733555610309,1.1839195212683424,100.00500000000079,1.3192543838341573,0.1,0.12,15.0,600.0,25.0,1,0.35,150.0
3.1458705000220504,1.1844140120216542,100.00500000000079,1.3182328228582412,0.1,0.12,80.0,600.0,25.0,1,0.35,150.0
3.1478118933416854,1.1860401651062287,100.00500000000079,1.3191335092441274,0.1,0.12,80.0,600.0,50.0,1,0.35,150.0
3.1478925340773203,1.186022683712911,100.00500000000079,1.3194138581839927,0.1,0.12,40.0,600.0,50.0,1,0.35,150.0
3.1490036479803813,1.186522095689702,100.00500000000079,1.3211615779733363,0.1,0.08,15.0,600.0,12.5,1,0.35,150.0
3.1490803301441135,1.1868669985566351,100.00500000000079,1.3203952331070472,0.1,0.12,15.0,600.0,50.0,1,0.35,150.0
3.1506502767729145,1.1882834789192058,100.00500000000079,1.3208337081534194,0.1,0.08,40.0,600.0,12.5,1,0.35,150.0
3.1530877584916235,1.1904766750114884,100.00500000000079,1.3215316670860662,0.1,0.08,80.0,600.0,12.5,1,0.35,150.0
3.15453180024294,1.1915308760164642,100.00500000000079,1.3226454977898958,0.1,0.08,40.0,600.0,25.0,1,0.35,150.0
3.155175322217756,1.1918132033622653,100.00500000000079,1.3236774824442255,0.1,0.08,15.0,600.0,25.0,1,0.35,150.0
3.1553151508732804,1.1923121194761623,100.00500000000079,1.322651518277447,0.1,0.08,80.0,600.0,25.0,1,0.35,150.0
3.1572736428115324,1.1939515489125943,100.00500000000079,1.3235631254255036,0.1,0.08,80.0,600.0,50.0,1,0.35,150.0
3.157354454564488,1.19393363773998,100.00500000000079,1.3238451909271332,0.1,0.08,40.0,600.0,50.0,1,0.35,150.0
3.1585435536823065,1.1947766976794236,100.00500000000079,1.324833874293918,0.1,0.08,15.0,600.0,50.0,1,0.35,150.0
3.162809347169508,1.182272822423931,100.00500000000079,1.3727472135587575,0.2,0.12,15.0,600.0,12.5,1,0.35,150.0
3.1635305411578885,1.1949806114520227,100.00500000000079,1.3384997991595822,0.1,0.35,40.0,300.0,25.0,1,0.55,150.0
3.163788166765464,1.195256502331881,100.00500000000079,1.3384476126673466,0.1,0.35,80.0,300.0,25.0,1,0.55,150.0
3.1649098785251644,1.184088218251823,100.00500000000079,1.373561886495226,0.2,0.12,40.0,600.0,12.5,1,0.35,150.0
3.1651126080273158,1.196204359816312,100.00500000000079,1.3395235663171192,0.1,0.35,15.0,300.0,25.0,1,0.55,150.0
3.165410644892627,1.1966245430691793,100.00500000000079,1.3391745766383878,0.1,0.35,80.0,300.0,50.0,1,0.55,150.0
3.165811510897482,1.1969260475315424,100.00500000000079,1.3394584667597935,0.1,0.35,40.0,300.0,50.0,1,0.55,150.0
3.1675004636706845,1.198285059089157,100.00500000000079,1.3404011559471876,0.1,0.35,15.0,300.0,50.0,1,0.55,150.0
3.167560306114922,1.1863009857507978,100.00500000000079,1.3748123438974635,0.2,0.12,80.0,600.0,12.5,1,0.35,150.0
3.1688971200462683,1.187322097816138,100.00500000000079,1.3757143492289112,0.2,0.12,40.0,600.0,25.0,1,0.35,150.0
3.169280390169591,1.18758440302306,100.00500000000079,1.3760599632757688,0.2,0.12,15.0,600.0,25.0,1,0.35,150.0
3.1698336647556125,1.1881218014404942,100.00500000000079,1.376105323757447,0.2,0.12,80.0,600.0,25.0,1,0.35,150.0
3.1718359212284755,1.1897280647248099,100.00500000000079,1.3772367328675832,0.2,0.12,40.0,600.0,50.0,1,0.35,150.0
3.1718464405664455,1.1897546902943172,100.00500000000079,1.3771907150631906,0.2,0.12,80.0,600.0,50.0,1,0.35,150.0
3.1729047523217675,1.1905760057888468,100.00500000000079,1.3778678472368826,0.2,0.12,15.0,600.0,50.0,1,0.35,150.0
3.1729616625374186,1.201451218212178,100.00500000000079,1.3469584123577962,0.1,0.22,15.0,300.0,12.5,1,0.55,150.0
3.1729872332703275,1.201652948742782,100.00500000000079,1.3464550986500974,0.1,0.22,40.0,300.0,12.5,1,0.55,150.0
3.17463017109569,1.2031100672373896,100.00500000000079,1.3469860110236815,0.1,0.22,80.0,300.0,12.5,1,0.55,150.0
3.176254214520064,1.204400876186991,100.00500000000079,1.3479381095230314,0.1,0.22,40.0,300.0,25.0,1,0.55,150.0
3.176490720831186,1.204658391479686,100.00500000000079,1.347878083861396,0.1,0.22,80.0,300.0,25.0,1,0.55,150.0
3.1779074705916486,1.2056789401941321,100.00500000000079,1.3490100868500132,0.1,0.22,15.0,300.0,25.0,1,0.55,150.0
3.178133098069372,1.2060400436084209,100.00500000000079,1.348623012745541,0.1,0.22,80.0,300.0,50.0,1,0.55,150.0
3.178556175612184,1.2063588127924716,100.00500000000079,1.3489210366277156,0.1,0.22,40.0,300.0,50.0,1,0.55,150.0
3.179463404534203,1.195960444720555,100.00500000000079,1.381222742324676,0.2,0.08,15.0,600.0,12.5,1,0.35,150.0
3.18029464420753,1.2077527402228816,100.00500000000079,1.3499054399561037,0.1,0.22,15.0,300.0,50.0,1,0.55,150.0
3.1815891305518074,1.1977958227694683,100.00500000000079,1.382052307949507,0.2,0.08,40.0,600.0,12.5,1,0.35,150.0
3.1842721175984163,1.2000330143439337,100.00500000000079,1.383326009298488,0.2,0.08,80.0,600.0,12.5,1,0.35,150.0
3.1856428046070304,1.2010802314323272,100.00500000000079,1.384250209070547,0.2,0.08,40.0,600.0,25.0,1,0.35,150.0
3.1859835470774334,1.212960200383113,100.00500000000079,1.3512809905551668,0.1,0.35,40.0,600.0,12.5,1,0.55,350.0
3.1860238763385436,1.2013371123112686,100.00500000000079,1.3846050400778942,0.2,0.08,15.0,600.0,25.0,1,0.35,150.0
3.186589632029908,1.2018878589638353,100.00500000000079,1.3846479230458888,0.2,0.08,80.0,600.0,25.0,1,0.35,150.0
3.186643214177757,1.213108066178788,100.00500000000079,1.3527432799970198,0.1,0.35,15.0,600.0,12.5,1,0.55,350.0
3.1886239350017296,1.2035174680083278,100.00500000000079,1.3858041914096861,0.2,0.08,40.0,600.0,50.0,1,0.35,150.0
3.188635600125903,1.203545980208838,100.00500000000079,1.3857560569058653,0.2,0.08,80.0,600.0,50.0,1,0.35,150.0
3.189692742585456,1.2043609496893959,100.00500000000079,1.3864479797029956,0.2,0.08,15.0,600.0,50.0,1,0.35,150.0
3.1898825485112625,1.216406737194057,100.00500000000079,1.3525737466205539,0.1,0.35,80.0,600.0,12.5,1,0.55,350.0
3.1940688077020103,1.2197525374186153,100.00500000000079,1.3549750579525226,0.1,0.35,40.0,600.0,25.0,1,0.55,350.0
3.1943415946315037,1.2186532095694227,100.00500000000079,1.3588953858916264,0.1,0.12,40.0,300.0,12.5,1,0.55,150.0
3.1944098870251287,1.2185360463363666,100.00500000000079,1.359425259110715,0.1,0.12,15.0,300.0,12.5,1,0.55,150.0
3.1945017838910776,1.2202431089044747,100.00500000000079,1.3548104999616886,0.1,0.35,80.0,600.0,25.0,1,0.55,350.0
3.195981442721345,1.2201001456250502,100.00500000000079,1.3594465631322379,0.1,0.12,80.0,300.0,12.5,1,0.55,150.0
3.1976828053931086,1.2214532330502572,100.00500000000079,1.3604416352652562,0.1,0.12,40.0,300.0,25.0,1,0.55,150.0
3.197893094053882,1.2216861211221248,100.00500000000079,1.360377065519273,0.1,0.12,80.0,300.0,25.0,1,0.55,150.0
3.198592868414925,1.2236802587360258,100.00500000000079,1.3566788847968205,0.1,0.35,80.0,600.0,50.0,1,0.55,350.0
3.199085478909399,1.223736203245283,100.00500000000079,1.357926501897441,0.1,0.35,15.0,600.0,25.0,1,0.55,350.0
3.1994314206230245,1.222805789358113,100.00500000000079,1.3615732321854288,0.1,0.12,15.0,300.0,25.0,1,0.55,150.0
3.1995199748280636,1.2229551147985007,100.00500000000079,1.361399600084432,0.1,0.22,40.0,600.0,12.5,1,0.55,350.0
3.1995724020908227,1.2230936295527262,100.00500000000079,1.3611536358230982,0.1,0.12,80.0,300.0,50.0,1,0.55,150.0
3.1998182990485,1.2246360392533153,100.00500000000079,1.3574493137004942,0.1,0.35,40.0,600.0,50.0,1,0.55,350.0
3.200025356623743,1.223436257791971,100.00500000000079,1.3614688538050304,0.1,0.12,40.0,300.0,50.0,1,0.55,150.0
3.2003773513254705,1.2232703914964718,100.00500000000079,1.3629484566542494,0.1,0.22,15.0,600.0,12.5,1,0.55,350.0
3.201827851164563,1.2248754686093544,100.00500000000079,1.3625068073005624,0.1,0.12,15.0,300.0,50.0,1,0.55,150.0
3.2033939649093264,1.2263729035969422,100.00500000000079,1.3627030323210636,0.1,0.22,80.0,600.0,12.5,1,0.55,350.0
3.204979081184515,1.228833959038033,100.00500000000079,1.3602003489899133,0.1,0.35,15.0,600.0,50.0,1,0.55,350.0
3.2055259705594303,1.228116893247431,100.00500000000079,1.3638116494628214,0.1,0.08,40.0,300.0,12.5,1,0.55,150.0
3.205627557226652,1.2280182684226135,100.00500000000079,1.3643836822972202,0.1,0.08,15.0,300.0,12.5,1,0.55,150.0
3.207168192276655,1.229567729966742,100.00500000000079,1.3643584637425743,0.1,0.08,80.0,300.0,12.5,1,0.55,150.0
3.207704711917051,1.2298154240475212,100.00500000000079,1.3651836796271943,0.1,0.22,40.0,600.0,25.0,1,0.55,350.0
3.2080811987779363,1.2302573437986184,100.00500000000079,1.3649967285123026,0.1,0.22,80.0,600.0,25.0,1,0.55,350.0
3.2089058112230147,1.2309471038263087,100.00500000000079,1.365382021133412,0.1,0.08,40.0,300.0,25.0,1,0.55,150.0
3.209106902897231,1.231175131886763,100.00500000000079,1.365305060029876,0.1,0.08,80.0,300.0,25.0,1,0.55,150.0
3.21068591623196,1.2323164632996664,100.00500000000079,1.366555579806518,0.1,0.08,15.0,300.0,25.0,1,0.55,150.0
3.2108054120522125,1.2325976693056617,100.00500000000079,1.3660935507043972,0.1,0.08,80.0,300.0,50.0,1,0.55,150.0
3.2112686126398957,1.2329458494588617,100.00500000000079,1.366422180517206,0.1,0.08,40.0,300.0,50.0,1,0.55,150.0
3.2122213918587033,1.2337278010539097,100.00500000000079,1.3669102594422333,0.1,0.22,80.0,600.0,50.0,1,0.55,350.0
3.2129236105577794,1.2339519552727745,100.00500000000079,1.3682761579571228,0.1,0.22,15.0,600.0,25.0,1,0.55,350.0
3.213088001667817,1.2343923508586399,100.00500000000079,1.3674875737404715,0.1,0.08,15.0,300.0,50.0,1,0.55,150.0
3.213507679061531,1.2347302739560062,100.00500000000079,1.3677211574443222,0.1,0.22,40.0,600.0,50.0,1,0.55,350.0
3.21881305327155,1.2390286818224612,100.00500000000079,1.3705982041402196,0.1,0.22,15.0,600.0,50.0,1,0.55,350.0
3.222343431340777,1.241057693541912,100.00500000000079,1.3748878222824377,0.1,0.12,40.0,600.0,12.5,1,0.55,350.0
3.223465137554623,1.2416095075372697,100.00500000000079,1.3765160857638323,0.1,0.12,15.0,600.0,12.5,1,0.55,350.0
3.2262034267251223,1.2444448702751474,100.00500000000079,1.3762387327141812,0.1,0.12,80.0,600.0,12.5,1,0.55,350.0
3.2307105969266874,1.2480447673239174,100.00500000000079,1.378830941722166,0.1,0.12,40.0,600.0,25.0,1,0.55,350.0
3.2310128045349082,1.2484186658875682,100.00500000000079,1.3786261104209383,0.1,0.12,80.0,600.0,25.0,1,0.55,350.0
3.234276263944527,1.2511261526335933,100.00500000000079,1.3802146037454908,0.1,0.08,40.0,600.0,12.5,1,0.55,350.0
3.2352430189942307,1.2519513179681976,100.00500000000079,1.380619145788633,0.1,0.12,80.0,600.0,50.0,1,0.55,350.0
3.2355008829053618,1.2517375003412987,100.00500000000079,1.3819668073258604,0.1,0.08,15.0,600.0,12.5,1,0.55,350.0
3.2362074876544504,1.2523956126840272,100.00500000000079,1.382105357058317,0.1,0.12,15.0,600.0,25.0,1,0.55,350.0
3.2366135511007856,1.2530197854105223,100.00500000000079,1.381482187686434,0.1,0.12,40.0,600.0,50.0,1,0.55,350.0
3.2381363931699565,1.2545195438397845,100.00500000000079,1.381548140943315,0.1,0.08,80.0,600.0,12.5,1,0.55,350.0
3.2421082760904363,1.2574495146983242,100.00500000000079,1.3845250325488576,0.1,0.12,15.0,600.0,50.0,1,0.55,350.0
3.242736465390909,1.2581854019707723,100.00500000000079,1.3842173240575004,0.1,0.08,40.0,600.0,25.0,1,0.55,350.0
3.243009790091751,1.2585438440815533,100.00500000000079,1.383974131457675,0.1,0.08,80.0,600.0,25.0,1,0.55,350.0
3.2472857618711912,1.2621121690580381,100.00500000000079,1.3859959794661176,0.1,0.08,80.0,600.0,50.0,1,0.55,350.0
3.248250808930314,1.2397625539969563,100.00500000000079,1.45260929980956,0.2,0.22,15.0,600.0,12.5,1,0.55,350.0
3.248330289352911,1.262588274640704,100.00500000000079,1.3876200420348435,0.1,0.08,15.0,600.0,25.0,1,0.55,350.0
3.2486867217278177,1.2631969016945583,100.00500000000079,1.3868994858092787,0.1,0.08,40.0,600.0,50.0,1,0.55,350.0
3.251170979922805,1.2413523326194738,100.00500000000079,1.4564104208666264,0.2,0.22,40.0,600.0,12.5,1,0.55,350.0
3.2526059731569488,1.243785830838272,100.00500000000079,1.4535575494818993,0.2,0.12,15.0,300.0,12.5,1,0.55,150.0
3.253819206977214,1.2444888238977512,100.00500000000079,1.4550153802270045,0.2,0.12,40.0,300.0,12.5,1,0.55,150.0
3.254233003156629,1.267648414170558,100.00500000000079,1.390027397103026,0.1,0.08,15.0,600.0,50.0,1,0.55,350.0
3.256085991917053,1.2462120432814667,100.00500000000079,1.4565684246730697,0.2,0.12,80.0,300.0,12.5,1,0.55,150.0
3.256738637528099,1.2455680209603066,100.00500000000079,1.4602731901936596,0.2,0.22,80.0,600.0,12.5,1,0.55,350.0
3.2575419299003108,1.2474400565995545,100.00500000000079,1.4572196380021267,0.2,0.12,40.0,300.0,25.0,1,0.55,150.0
3.2580477792735403,1.2397282967097891,100.00500000000079,1.4806985216106838,0.35,0.08,15.0,600.0,12.5,1,0.35,150.0
3.2581853790621413,1.2478697245057988,100.00500000000079,1.4578304415895167,0.2,0.12,80.0,300.0,25.0,1,0.55,150.0
3.2585520718682055,1.2484488104603693,100.00500000000079,1.4572236040223558,0.2,0.12,15.0,300.0,25.0,1,0.55,150.0
3.2600594060229167,1.249354488919406,100.00500000000079,1.4589426202957099,0.2,0.12,80.0,300.0,50.0,1,0.55,150.0
3.260162854392382,1.248498290708543,100.00500000000079,1.4616844676680791,0.2,0.22,40.0,600.0,25.0,1,0.55,350.0
3.2602559672590923,1.249578135120183,100.00500000000079,1.458865234682566,0.2,0.12,40.0,300.0,50.0,1,0.55,150.0
3.2612796128114274,1.2420358241126201,100.00500000000079,1.483339396282273,0.35,0.08,40.0,600.0,12.5,1,0.35,150.0
3.261695784133904,1.250843315456285,100.00500000000079,1.4593641962217336,0.2,0.12,15.0,300.0,50.0,1,0.55,150.0
3.2617992414525636,1.249567022372918,100.00500000000079,1.463306340227525,0.2,0.22,80.0,600.0,25.0,1,0.55,350.0
3.2630162603701938,1.2514077858335007,100.00500000000079,1.4615242129619475,0.2,0.22,15.0,600.0,25.0,1,0.55,350.0
3.264496266491723,1.244494708088553,100.00500000000079,1.4855044525804524,0.35,0.08,80.0,600.0,12.5,1,0.35,150.0
3.2653993377499297,1.2454315834336338,100.00500000000079,1.4854078694750976,0.35,0.08,15.0,600.0,25.0,1,0.35,150.0
3.265695078867956,1.245474017097476,100.00500000000079,1.4861316050584807,0.35,0.08,40.0,600.0,25.0,1,0.35,150.0
3.266369521353064,1.253192602858804,100.00500000000079,1.4660054814121366,0.2,0.22,80.0,600.0,50.0,1,0.55,350.0
3.266858896505511,1.2537844788276482,100.00500000000079,1.465712621936718,0.2,0.22,40.0,600.0,50.0,1,0.55,350.0
3.2670122416765968,1.2464383136427353,100.00500000000079,1.487139794382428,0.35,0.08,80.0,600.0,25.0,1,0.35,150.0
3.2689998405970924,1.248045026945027,100.00500000000079,1.4882280390058678,0.35,0.08,40.0,600.0,50.0,1,0.35,150.0
3.2692418072509115,1.2481742239868432,100.00500000000079,1.4885502378973043,0.35,0.08,80.0,600.0,50.0,1,0.35,150.0
3.2696935105152747,1.2487110511729012,100.00500000000079,1.4883070266924616,0.35,0.08,15.0,600.0,50.0,1,0.35,150.0
3.2709370330380847,1.2574280914309122,100.00500000000079,1.4669541188776023,0.2,0.22,15.0,600.0,50.0,1,0.55,350.0
3.271309977359657,1.2590200980614232,100.00500000000079,1.4634710837092053,0.2,0.08,15.0,300.0,12.5,1,0.55,150.0
3.2724635955474937,1.259687236696763,100.00500000000079,1.464861025287768,0.2,0.08,40.0,300.0,12.5,1,0.55,150.0
3.2747351098820046,1.261415265413833,100.00500000000079,1.4664138413375996,0.2,0.08,80.0,300.0,12.5,1,0.55,150.0
3.276255209427836,1.2626888712091955,100.00500000000079,1.4671181091960814,0.2,0.08,40.0,300.0,25.0,1,0.55,150.0
3.2768821069935172,1.2631087691666372,100.00500000000079,1.467709536648194,0.2,0.08,80.0,300.0,25.0,1,0.55,150.0
3.2773207370381474,1.2637265230146149,100.00500000000079,1.4671977543529169,0.2,0.08,15.0,300.0,25.0,1,0.55,150.0
3.2787903449561093,1.2646185965768209,100.00500000000079,1.4688478525122195,0.2,0.08,80.0,300.0,50.0,1,0.55,150.0
3.27900515067302,1.2648520759678417,100.00500000000079,1.4687944991576192,0.2,0.08,40.0,300.0,50.0,1,0.55,150.0
3.28047273571352,1.2661270952697556,100.00500000000079,1.4693446869821507,0.2,0.08,15.0,300.0,50.0,1,0.55,150.0
3.2868049523038865,1.2697838542224331,100.00500000000079,1.4769888516612617,0.2,0.12,15.0,600.0,12.5,1,0.55,350.0
3.2893074269033127,1.2709605859476507,100.00500000000079,1.480776688444716,0.2,0.12,40.0,600.0,12.5,1,0.55,350.0
3.2948901260236476,1.275137274692469,100.00500000000079,1.4847938609461901,0.2,0.12,80.0,600.0,12.5,1,0.55,350.0
3.2986564835528402,1.2783475047498676,100.00500000000079,1.4863827965798893,0.2,0.12,40.0,600.0,25.0,1,0.55,350.0
3.300179526305886,1.2792992899252316,100.00500000000079,1.4880149610875504,0.2,0.12,80.0,600.0,25.0,1,0.55,350.0
3.301990843519728,1.281644112854024,100.00500000000079,1.4864906590448348,0.2,0.12,15.0,600.0,25.0,1,0.55,350.0
3.3049263103438675,1.2830430779589175,100.00500000000079,1.490880663956967,0.2,0.12,80.0,600.0,50.0,1,0.55,350.0
3.305560160620038,1.2837536042389617,100.00500000000079,1.490661589660185,0.2,0.12,40.0,600.0,50.0,1,0.55,350.0
3.306134423641452,1.2845132235787224,100.00500000000079,1.4901320001791925,0.35,0.35,15.0,600.0,12.5,1,0.25,150.0
3.30676237064051,1.285928158081866,100.00500000000079,1.487883464453234,0.2,0.08,15.0,600.0,12.5,1,0.55,350.0
3.309074100884043,1.286985374669091,100.00500000000079,1.491467789185545,0.2,0.08,40.0,600.0,12.5,1,0.55,350.0
3.3099743728905593,1.2876354160724441,100.00500000000079,1.4921827337660085,0.2,0.12,15.0,600.0,50.0,1,0.55,350.0
3.3109378836527457,1.2882791806734974,100.00500000000079,1.4930962942263903,0.35,0.35,40.0,600.0,12.5,1,0.25,150.0
3.314654638349949,1.2911647259283274,100.00500000000079,1.4954711783474555,0.2,0.08,80.0,600.0,12.5,1,0.55,350.0
3.3152672923649575,1.2917461774531824,100.00500000000079,1.4955603283193248,0.35,0.35,80.0,600.0,12.5,1,0.25,150.0
3.3158091466388995,1.2922779129937607,100.00500000000079,1.4955892389860774,0.35,0.35,15.0,600.0,25.0,1,0.25,150.0
3.316619978979338,1.2928076766251515,100.00500000000079,1.4963922924404987,0.35,0.35,40.0,600.0,25.0,1,0.25,150.0
3.3185262123476917,1.294314633589867,100.00500000000079,1.497533082165179,0.35,0.35,80.0,600.0,25.0,1,0.25,150.0
3.3185871721552633,1.2944907017663196,100.00500000000079,1.4972042011112336,0.2,0.08,40.0,600.0,25.0,1,0.55,350.0
3.32005576558697,1.2954102014597146,100.00500000000079,1.4987730403635526,0.2,0.08,80.0,600.0,25.0,1,0.55,350.0
3.320931687085864,1.2962649597921494,100.00500000000079,1.4988335065534375,0.35,0.35,40.0,600.0,50.0,1,0.25,150.0
3.3213963616509425,1.2966020600419281,100.00500000000079,1.49919800459715,0.35,0.35,80.0,600.0,50.0,1,0.25,150.0
3.3216556912911717,1.2969455265158383,100.00500000000079,1.4989576136437759,0.35,0.35,15.0,600.0,50.0,1,0.25,150.0
3.322095366693401,1.2978791591335546,100.00500000000079,1.4975463073138133,0.2,0.08,15.0,600.0,25.0,1,0.55,350.0
3.3226688473661325,1.295089284620908,100.00500000000079,1.5071558935577507,0.35,0.22,15.0,600.0,12.5,1,0.25,150.0
3.324882956378206,1.2992122785383282,100.00500000000079,1.5017019366853321,0.2,0.08,80.0,600.0,50.0,1,0.55,350.0
3.3255723081003987,1.2999523617270194,100.00500000000079,1.5015569896381928,0.2,0.08,40.0,600.0,50.0,1,0.55,350.0
3.327413756794238,1.298787546439872,100.00500000000079,1.5101463152981545,0.35,0.22,40.0,600.0,12.5,1,0.25,150.0
3.330072248322402,1.303863734017844,100.00500000000079,1.5032386122987043,0.2,0.08,15.0,600.0,50.0,1,0.55,350.0
3.3317861036047427,1.3022769128659661,100.00500000000079,1.512669116396471,0.35,0.22,80.0,600.0,12.5,1,0.25,150.0
3.3325291219827284,1.302971733607475,100.00500000000079,1.5128068239292616,0.35,0.22,15.0,600.0,25.0,1,0.25,150.0
3.3332296232487373,1.3034088064354434,100.00500000000079,1.5135594766093776,0.35,0.22,40.0,600.0,25.0,1,0.25,150.0
3.3351258500107486,1.3049002745530975,100.00500000000079,1.5147159298789694,0.35,0.22,80.0,600.0,25.0,1,0.25,150.0
3.337629940764387,1.306924576183739,100.00500000000079,1.5160867559446745,0.35,0.22,40.0,600.0,50.0,1,0.25,150.0
3.3380628103854972,1.3072339419451455,100.00500000000079,1.5164396241152576,0.35,0.22,80.0,600.0,50.0,1,0.25,150.0
3.3384487549399324,1.307676418342745,100.00500000000079,1.5162781045633593,0.35,0.22,15.0,600.0,50.0,1,0.25,150.0
3.431583555214715,1.3614254081252977,100.00500000000079,1.6288089916840163,0.35,0.08,15.0,300.0,12.5,1,0.55,150.0
3.4356028983193223,1.3638532693354068,100.00500000000079,1.6333560828111535,0.35,0.08,40.0,300.0,12.5,1,0.55,150.0
3.438768245123732,1.3719561716065953,100.00500000000079,1.6192487814775005,0.35,0.35,15.0,300.0,12.5,1,0.35,150.0
3.4392535315356225,1.3664045506528812,100.00500000000079,1.63649708823637,0.35,0.08,80.0,300.0,12.5,1,0.55,150.0
3.4395735776432415,1.3672692267315618,100.00500000000079,1.6349410026047653,0.35,0.08,15.0,300.0,25.0,1,0.55,150.0
3.4402623768198537,1.3673523745709681,100.00500000000079,1.636671434996783,0.35,0.08,40.0,300.0,25.0,1,0.55,150.0
3.4418503595160193,1.368359113319852,100.00500000000079,1.638332131989015,0.35,0.08,80.0,300.0,25.0,1,0.55,150.0
3.4438181420258758,1.369977887728536,100.00500000000079,1.6393292979923662,0.35,0.08,40.0,300.0,50.0,1,0.55,150.0
3.444066161127173,1.3754771072323757,100.00500000000079,1.624325868270816,0.35,0.35,40.0,300.0,12.5,1,0.35,150.0
3.4442005247349954,1.370122267295991,100.00500000000079,1.6400093069685504,0.35,0.08,80.0,300.0,50.0,1,0.55,150.0
3.444320166750759,1.370598373343302,100.00500000000079,1.638990838306986,0.35,0.08,15.0,300.0,50.0,1,0.55,150.0
3.44861238679255,1.378815520001993,100.00500000000079,1.6277767622587012,0.35,0.35,80.0,300.0,12.5,1,0.35,150.0
3.4487107900973992,1.3795296933995198,100.00500000000079,1.6260174191367645,0.35,0.35,15.0,300.0,25.0,1,0.35,150.0
3.4497502345308946,1.3798587893190173,100.00500000000079,1.628046986319616,0.35,0.35,40.0,300.0,25.0,1,0.35,150.0
3.4518236034844114,1.3812827853609237,100.00500000000079,1.6299023374956452,0.35,0.35,80.0,300.0,25.0,1,0.35,150.0
3.454141740646045,1.3832194087301486,100.00500000000079,1.630992376902527,0.35,0.35,40.0,300.0,50.0,1,0.35,150.0
3.4546942225852364,1.3834939134870807,100.00500000000079,1.6317865974232677,0.35,0.35,80.0,300.0,50.0,1,0.35,150.0
3.454823310574238,1.3840497660654423,100.00500000000079,1.6305672700250975,0.35,0.35,15.0,300.0,50.0,1,0.35,150.0
3.455872928451072,1.3799241450806576,100.00500000000079,1.645353666772578,0.35,0.12,15.0,600.0,12.5,1,0.55,350.0
3.4602489027928707,1.3864493881500195,100.00500000000079,1.6392128989795405,0.35,0.22,15.0,300.0,12.5,1,0.35,150.0
3.4654699530717203,1.3898678032089011,100.00500000000079,1.6443632853223067,0.35,0.22,40.0,300.0,12.5,1,0.35,150.0
3.466480538923907,1.3861889847853808,100.00500000000079,1.6577615832528994,0.35,0.12,40.0,600.0,12.5,1,0.55,350.0
3.4700850897899516,1.3932381756937362,100.00500000000079,1.647919754560582,0.35,0.22,80.0,300.0,12.5,1,0.35,150.0
3.4704657313533627,1.3941925428634983,100.00500000000079,1.6462805385424373,0.35,0.22,15.0,300.0,25.0,1,0.35,150.0
3.4713379483407847,1.3943771355765686,100.00500000000079,1.6482451793262978,0.35,0.22,40.0,300.0,25.0,1,0.35,150.0
3.473400061287023,1.395777705524324,100.00500000000079,1.6501353021791065,0.35,0.22,80.0,300.0,25.0,1,0.35,150.0
3.4758187602397204,1.3926642299717884,100.00500000000079,1.6659415150511991,0.35,0.12,80.0,600.0,12.5,1,0.55,350.0
3.47585766845227,1.3978208232796223,100.00500000000079,1.6513195576361035,0.35,0.22,40.0,300.0,50.0,1,0.35,150.0
3.4761413282870994,1.394776965805285,100.00500000000079,1.6608267499480065,0.35,0.12,15.0,600.0,25.0,1,0.55,350.0
3.4763624960995303,1.3980523652922907,100.00500000000079,1.652100373734936,0.35,0.22,80.0,300.0,50.0,1,0.35,150.0
3.476686789483546,1.398763257656275,100.00500000000079,1.650995805220741,0.35,0.22,15.0,300.0,50.0,1,0.35,150.0
3.477964685858449,1.39482383915844,100.00500000000079,1.665902419142851,0.35,0.12,40.0,600.0,25.0,1,0.55,350.0
3.479731415723122,1.3971856820851554,100.00500000000079,1.6642020961084416,0.35,0.08,15.0,600.0,12.5,1,0.55,350.0
3.482197984240239,1.397468887414525,100.00500000000079,1.6704402766448627,0.35,0.12,80.0,600.0,25.0,1,0.55,350.0
3.482270937746976,1.4045064482514171,100.00500000000079,1.650541398558705,0.35,0.35,15.0,600.0,12.5,1,0.35,350.0
3.486974323206761,1.4014680763639444,100.00500000000079,1.6726607052651565,0.35,0.12,40.0,600.0,50.0,1,0.55,350.0
3.4880651416454773,1.4018678621505307,100.00500000000079,1.6746350842712425,0.35,0.12,80.0,600.0,50.0,1,0.55,350.0
3.488510359518756,1.4033808660500844,100.00500000000079,1.6715842670533136,0.35,0.12,15.0,600.0,50.0,1,0.55,350.0
3.490050052800363,1.4032527076064494,100.00500000000079,1.6763495576968612,0.35,0.08,40.0,600.0,12.5,1,0.55,350.0
3.495679344446135,1.4131963659107776,100.00500000000079,1.6640227958152731,0.35,0.35,40.0,600.0,12.5,1,0.35,350.0
3.4993792829878516,1.4097119180539055,100.00500000000079,1.684549614096955,0.35,0.08,80.0,600.0,12.5,1,0.55,350.0
3.5001896604446636,1.4121053466120659,100.00500000000079,1.6800266109502446,0.35,0.08,15.0,600.0,25.0,1,0.55,350.0
3.501759795656035,1.4120256912440508,100.00500000000079,1.6847402983199224,0.35,0.08,40.0,600.0,25.0,1,0.55,350.0
3.5049360159847254,1.4198229342798534,100.00500000000079,1.6715373762996006,0.35,0.22,15.0,600.0,12.5,1,0.35,350.0
3.5059084398336116,1.4146148702909325,100.00500000000079,1.6891959129790493,0.35,0.08,80.0,600.0,25.0,1,0.55,350.0
3.5068608883664387,1.423183631338575,100.00500000000079,1.667435020079577,0.35,0.35,15.0,600.0,25.0,1,0.35,350.0
3.507038460010944,1.4214364918531888,100.00500000000079,1.6729341947364103,0.35,0.35,80.0,600.0,12.5,1,0.35,350.0
3.5094243338035134,1.42375849642563,100.00500000000079,1.6731166782224898,0.35,0.35,40.0,600.0,25.0,1,0.35,350.0
3.510877560420635,1.4187239963602245,100.00500000000079,1.6916530401725678,0.35,0.08,40.0,600.0,50.0,1,0.55,350.0
3.511885502051131,1.4190812235978099,100.00500000000079,1.6935122241523117,0.35,0.08,80.0,600.0,50.0,1,0.55,350.0
3.51252535277123,1.4206572479856872,100.00500000000079,1.6908374422443753,0.35,0.08,15.0,600.0,50.0,1,0.55,350.0
3.514768806509759,1.4273578984107511,100.00500000000079,1.67810259456856,0.35,0.35,80.0,600.0,25.0,1,0.35,350.0
3.5181330854615327,1.4282277586515046,100.00500000000079,1.685229505171475,0.35,0.22,40.0,600.0,12.5,1,0.35,350.0
3.5203226220468977,1.432049873366641,100.00500000000079,1.6805649962292712,0.35,0.35,40.0,600.0,50.0,1,0.35,350.0
3.521808098953544,1.432755107585537,100.00500000000079,1.6827942610514153,0.35,0.35,80.0,600.0,50.0,1,0.35,350.0
3.522372646500773,1.4345280342709992,100.00500000000079,1.6793417492278924,0.35,0.35,15.0,600.0,50.0,1,0.35,350.0
3.5296613354515425,1.4365420193841478,100.00500000000079,1.6944123316210944,0.35,0.22,80.0,600.0,12.5,1,0.35,350.0
3.530242886332903,1.4389383371030218,100.00500000000079,1.6892272835139124,0.35,0.22,15.0,600.0,25.0,1,0.35,350.0
3.5323300873230776,1.4391026085814,100.00500000000079,1.6947213678333306,0.35,0.22,40.0,600.0,25.0,1,0.35,350.0
3.5376400507360484,1.4426361264861904,100.00500000000079,1.699796926428133,0.35,0.22,80.0,600.0,25.0,1,0.35,350.0
3.5435499097405767,1.4475995947441116,100.00500000000079,1.7025008999898665,0.35,0.22,40.0,600.0,50.0,1,0.35,350.0
3.5449044962433285,1.4481879191370048,100.00500000000079,1.7046902203037473,0.35,0.22,80.0,600.0,50.0,1,0.35,350.0
3.54602802418578,1.4503998141602403,100.00500000000079,1.7015806000729372,0.35,0.22,15.0,600.0,50.0,1,0.35,350.0
3.5577217751270096,1.266269125038322,120.00600000000094,1.4038932859676385,0.2,0.35,15.0,600.0,12.5,1,0.25,150.0
3.558898237960311,1.2830873988450489,120.00600000000094,1.3592023974721383,0.1,0.35,15.0,600.0,12.5,1,0.25,150.0
3.5616624079168013,1.2698104685206026,120.00600000000094,1.4050341125605275,0.2,0.35,40.0,600.0,12.5,1,0.25,150.0
3.5623953883677553,1.2866215791780922,120.00600000000094,1.3590965976847116,0.1,0.35,40.0,600.0,12.5,1,0.25,150.0
3.5656719854765453,1.273246912252492,120.00600000000094,1.40667163778297,0.2,0.35,80.0,600.0,12.5,1,0.25,150.0
3.5662310630072467,1.2900845661156557,120.00600000000094,1.3601614196902199,0.1,0.35,80.0,600.0,12.5,1,0.25,150.0
3.567073741454374,1.274087737217665,120.00600000000094,1.408274297819129,0.2,0.35,15.0,600.0,25.0,1,0.25,150.0
3.5672725532199756,1.274416659618066,120.00600000000094,1.407902553148274,0.2,0.35,40.0,600.0,25.0,1,0.25,150.0
3.5679847303412138,1.291309808264189,120.00600000000094,1.3616712059343166,0.1,0.35,40.0,600.0,25.0,1,0.25,150.0
3.568067774329176,1.2909867572422373,120.00600000000094,1.3628314773912142,0.1,0.35,15.0,600.0,25.0,1,0.25,150.0
3.568674541072876,1.289638850363001,120.00600000000094,1.3684162591710323,0.1,0.22,15.0,600.0,12.5,1,0.25,150.0
3.5689015398341644,1.2758581123705723,120.00600000000094,1.4084383641816525,0.2,0.35,80.0,600.0,25.0,1,0.25,150.0
3.569468189083334,1.2927510899478403,120.00600000000094,1.361791711815656,0.1,0.35,80.0,600.0,25.0,1,0.25,150.0
3.571471807031049,1.277910992838385,120.00600000000094,1.409916611979,0.2,0.35,40.0,600.0,50.0,1,0.25,150.0
3.5717334964344825,1.2781838758498019,120.00600000000094,1.409884630241904,0.2,0.35,80.0,600.0,50.0,1,0.25,150.0
3.5721185619571667,1.293124449397457,120.00600000000094,1.3682974644562744,0.1,0.22,40.0,600.0,12.5,1,0.25,150.0
3.5721236234210023,1.2948480929072264,120.00600000000094,1.3633872300393208,0.1,0.35,40.0,600.0,50.0,1,0.25,150.0
3.572288394743706,1.2951177205700555,120.00600000000094,1.3630876404961043,0.1,0.35,80.0,600.0,50.0,1,0.25,150.0
3.572561337809849,1.2787244166512992,120.00600000000094,1.410705489024388,0.2,0.35,15.0,600.0,50.0,1,0.25,150.0
3.5733136184129615,1.2766751740228968,120.00600000000094,1.4187098411144305,0.2,0.22,15.0,600.0,12.5,1,0.25,150.0
3.5733522597294294,1.2956482084517484,120.00600000000094,1.3646115750790488,0.1,0.35,15.0,600.0,50.0,1,0.25,150.0
3.5759441996408095,1.296575588500768,120.00600000000094,1.3693674604000785,0.1,0.22,80.0,600.0,12.5,1,0.25,150.0
3.5771750452020363,1.280141959855095,120.00600000000094,1.4198373867055072,0.2,0.22,40.0,600.0,12.5,1,0.25,150.0
3.577732279083206,1.2978276164762461,120.00600000000094,1.3708990360198452,0.1,0.22,40.0,600.0,25.0,1,0.25,150.0
3.577862528478573,1.2975430878114387,120.00600000000094,1.3720841161917727,0.1,0.22,15.0,600.0,25.0,1,0.25,150.0
3.5792000310215424,1.2992541072688524,120.00600000000094,1.371016925007646,0.1,0.22,80.0,600.0,25.0,1,0.25,150.0
3.580497699728788,1.2943583089155737,120.00600000000094,1.3887125451805724,0.1,0.35,15.0,300.0,12.5,1,0.35,150.0
3.5811817164378015,1.283569110474522,120.00600000000094,1.4214931598950442,0.2,0.22,80.0,600.0,12.5,1,0.25,150.0
3.5818825143989783,1.3013709688330715,120.00600000000094,1.3726329873311234,0.1,0.22,40.0,600.0,50.0,1,0.25,150.0
3.582032356943626,1.301628134322522,120.00600000000094,1.3723263503459715,0.1,0.22,80.0,600.0,50.0,1,0.25,150.0
3.582052261761024,1.2960609158371055,120.00600000000094,1.3882895597825844,0.1,0.35,40.0,300.0,12.5,1,0.35,150.0
3.5827297204875093,1.284526622719658,120.00600000000094,1.4231802793366788,0.2,0.22,15.0,600.0,25.0,1,0.25,150.0
3.5828452990135027,1.2847876695463922,120.00600000000094,1.4227646556202753,0.2,0.22,40.0,600.0,25.0,1,0.25,150.0
3.5831431368646465,1.3021948631083984,120.00600000000094,1.3738807821606696,0.1,0.22,15.0,600.0,50.0,1,0.25,150.0
3.584452490911609,1.2862075820591707,120.00600000000094,1.4232997395783538,0.2,0.22,80.0,600.0,25.0,1,0.25,150.0
3.584989164602334,1.2986893212722677,120.00600000000094,1.389170980943007,0.1,0.35,80.0,300.0,12.5,1,0.35,150.0
3.5866273667339046,1.3034078382769292,120.00600000000094,1.3803700813056055,0.1,0.12,15.0,600.0,12.5,1,0.25,150.0
3.5870482460189406,1.3002421177924253,120.00600000000094,1.3906175092185749,0.1,0.35,40.0,300.0,25.0,1,0.35,150.0
3.5870783589702375,1.288301561122354,120.00600000000094,1.4248194224224846,0.2,0.22,40.0,600.0,50.0,1,0.25,150.0
3.5873143981314346,1.2885529814341286,120.00600000000094,1.424775476277978,0.2,0.22,80.0,600.0,50.0,1,0.25,150.0
3.5878885788816723,1.3010770919900883,120.00600000000094,1.3906328196902016,0.1,0.35,80.0,300.0,25.0,1,0.35,150.0
3.5882286079094543,1.289159921722888,120.00600000000094,1.4256533891044354,0.2,0.22,15.0,600.0,50.0,1,0.25,150.0
3.588421672403366,1.301135381847778,120.00600000000094,1.3919894015873548,0.1,0.35,15.0,300.0,25.0,1,0.35,150.0
3.5900328328899045,1.306846565756604,120.00600000000094,1.3802750489522482,0.1,0.12,40.0,600.0,12.5,1,0.25,150.0
3.5904046929644933,1.3031832944024928,120.00600000000094,1.3918039958913908,0.1,0.35,80.0,300.0,50.0,1,0.35,150.0
3.5906680274201674,1.3033183749040111,120.00600000000094,1.3921704357604066,0.1,0.35,40.0,300.0,50.0,1,0.35,150.0
3.592670698036722,1.304839233335572,120.00600000000094,1.3935470420032463,0.1,0.35,15.0,300.0,50.0,1,0.35,150.0
3.5938643780557027,1.3102935223715606,120.00600000000094,1.3813738733832233,0.1,0.12,80.0,600.0,12.5,1,0.25,150.0
3.5939443674865603,1.3038788073249816,120.00600000000094,1.3999301718901855,0.1,0.22,15.0,300.0,12.5,1,0.35,150.0
3.595416607548973,1.3055090919284424,120.00600000000094,1.3994786160586183,0.1,0.22,40.0,300.0,12.5,1,0.35,150.0
3.5956996462428403,1.3115856924712452,120.00600000000094,1.3829255822045188,0.1,0.12,40.0,600.0,25.0,1,0.25,150.0
3.5958750690368335,1.3113427035941274,120.00600000000094,1.3841210441219778,0.1,0.12,15.0,600.0,25.0,1,0.25,150.0
3.597025175739636,1.3119487267483239,120.00600000000094,1.3856755685465663,0.1,0.08,15.0,600.0,12.5,1,0.25,150.0
3.5971573424970056,1.3129984980740854,120.00600000000094,1.3830538412083024,0.1,0.12,80.0,600.0,25.0,1,0.25,150.0
3.5983411081068613,1.3081225600342916,120.00600000000094,1.4003672802073024,0.1,0.22,80.0,300.0,12.5,1,0.35,150.0
3.5998803030904263,1.3151466535862526,120.00600000000094,1.3846961414404573,0.1,0.12,40.0,600.0,50.0,1,0.25,150.0
3.6000161375849173,1.315390387433787,120.00600000000094,1.3843878575746182,0.1,0.12,80.0,600.0,50.0,1,0.25,150.0
3.6004425585301894,1.3153952909915834,120.00600000000094,1.3855921929674049,0.1,0.08,40.0,600.0,12.5,1,0.25,150.0
3.6004503243085653,1.3097149335732776,120.00600000000094,1.4018439735293535,0.1,0.22,40.0,300.0,25.0,1,0.35,150.0
3.601173266710094,1.3159958738804576,120.00600000000094,1.3859639795132077,0.1,0.12,15.0,600.0,50.0,1,0.25,150.0
3.6012667936800717,1.3105283230396365,120.00600000000094,1.4018527732583466,0.1,0.22,80.0,300.0,25.0,1,0.35,150.0
3.6019023838264173,1.3106698020821632,120.00600000000094,1.403264519269257,0.1,0.22,15.0,300.0,25.0,1,0.35,150.0
3.6038016549707095,1.3126467189849496,120.00600000000094,1.4030426742449886,0.1,0.22,80.0,300.0,50.0,1,0.35,150.0
3.604089562169897,1.3128014396751329,120.00600000000094,1.4034232071278574,0.1,0.22,40.0,300.0,50.0,1,0.35,150.0
3.604290047730955,1.318853416492235,120.00600000000094,1.3867046606820175,0.1,0.08,80.0,600.0,12.5,1,0.25,150.0
3.605313141871889,1.3011269901806157,120.00600000000094,1.4402747191178842,0.2,0.12,15.0,600.0,12.5,1,0.25,150.0
3.6061428729611413,1.320159613758599,120.00600000000094,1.388266454864366,0.1,0.08,40.0,600.0,25.0,1,0.25,150.0
3.606147047829849,1.3143617482800547,120.00600000000094,1.4048437129993716,0.1,0.22,15.0,300.0,50.0,1,0.35,150.0
3.606317554773188,1.319914973308802,120.00600000000094,1.3894645184696341,0.1,0.08,15.0,600.0,25.0,1,0.25,150.0
3.607522608538039,1.3148643089595122,120.00600000000094,1.4073379987957508,0.1,0.35,15.0,600.0,12.5,1,0.35,350.0
3.6076054042592602,1.321575581479229,120.00600000000094,1.388399493657193,0.1,0.08,80.0,600.0,25.0,1,0.25,150.0
3.6079439305397107,1.2933200863400263,120.00600000000094,1.4700966977133432,0.2,0.35,15.0,300.0,12.5,1,0.35,150.0
3.609125260408388,1.3045230240691141,120.00600000000094,1.4414635323978853,0.2,0.12,40.0,600.0,12.5,1,0.25,150.0
3.610316639338984,1.3181012804782628,120.00600000000094,1.4060724538877354,0.1,0.35,40.0,600.0,12.5,1,0.35,350.0
3.6103446857250425,1.3237357894710369,120.00600000000094,1.3900539892971187,0.1,0.08,40.0,600.0,50.0,1,0.25,150.0
3.610480925943117,1.3239800389422824,120.00600000000094,1.3897453914309177,0.1,0.08,80.0,600.0,50.0,1,0.25,150.0
3.6107182105655147,1.2954620511384864,120.00600000000094,1.4719033126486127,0.2,0.35,40.0,300.0,12.5,1,0.35,150.0
3.611637908711758,1.3245831294399397,120.00600000000094,1.391327940776584,0.1,0.08,15.0,600.0,50.0,1,0.25,150.0
3.6131587988968503,1.3079544640289134,120.00600000000094,1.443183813908351,0.2,0.12,80.0,600.0,12.5,1,0.25,150.0
3.6141831984553114,1.2982516339320003,120.00600000000094,1.4738330414951355,0.2,0.35,80.0,300.0,12.5,1,0.35,150.0
3.6148686143637487,1.3090567586674673,120.00600000000094,1.4449195877036212,0.2,0.12,15.0,600.0,25.0,1,0.25,150.0
3.614908121904484,1.3092462216799186,120.00600000000094,1.4444911434987187,0.2,0.12,40.0,600.0,25.0,1,0.25,150.0
3.615915386155023,1.2996463811379095,120.00600000000094,1.4747971571917131,0.2,0.35,40.0,300.0,25.0,1,0.35,150.0
3.616504744380957,1.3106466992816008,120.00600000000094,1.4450515574266902,0.2,0.12,80.0,600.0,25.0,1,0.25,150.0
3.6165352972079474,1.3002634792926318,120.00600000000094,1.4748051940437188,0.2,0.35,15.0,300.0,25.0,1,0.35,150.0
3.6171595195159147,1.3006235395226837,120.00600000000094,1.4755599428377637,0.2,0.35,80.0,300.0,25.0,1,0.35,150.0
3.6171906682163857,1.3242231032799245,120.00600000000094,1.408221614104136,0.1,0.35,80.0,600.0,12.5,1,0.35,350.0
3.6173471984312093,1.322087367778337,120.00600000000094,1.4147709447224532,0.1,0.12,15.0,300.0,12.5,1,0.35,150.0
3.6187323587604197,1.3236330041309283,120.00600000000094,1.414312441798507,0.1,0.12,40.0,300.0,12.5,1,0.35,150.0
3.619209773360729,1.3128019889959832,120.00600000000094,1.4466222410420897,0.2,0.12,40.0,600.0,50.0,1,0.25,150.0
3.6194228368018004,1.3130306402324088,120.00600000000094,1.4465777044839363,0.2,0.12,80.0,600.0,50.0,1,0.25,150.0
3.6197798159116257,1.3027325119674675,120.00600000000094,1.4770208684118413,0.2,0.35,80.0,300.0,50.0,1,0.35,150.0
3.619784799415934,1.3027726513183713,120.00600000000094,1.476920423135854,0.2,0.35,40.0,300.0,50.0,1,0.35,150.0
3.6204183289706107,1.313706046977347,120.00600000000094,1.4474922342664285,0.2,0.12,15.0,600.0,50.0,1,0.25,150.0
3.6214093709623145,1.3041642905313677,120.00600000000094,1.4775859440883798,0.2,0.35,15.0,300.0,50.0,1,0.35,150.0
3.621656669764709,1.3262358840901625,120.00600000000094,1.4152308162129488,0.1,0.12,80.0,300.0,12.5,1,0.35,150.0
3.6218710106995693,1.3250697452416393,120.00600000000094,1.419175044165475,0.1,0.22,15.0,600.0,12.5,1,0.35,350.0
3.6222202218370962,1.3280449594229735,120.00600000000094,1.4116721783260247,0.1,0.35,40.0,600.0,25.0,1,0.35,350.0
3.6238384581397507,1.3278878578337219,120.00600000000094,1.4167445723028986,0.1,0.12,40.0,300.0,25.0,1,0.35,150.0
3.6240744546894774,1.329884168065625,120.00600000000094,1.4117151046395382,0.1,0.35,80.0,600.0,25.0,1,0.35,350.0
3.6241865396969777,1.3164255516649161,120.00600000000094,1.4504885372344214,0.2,0.08,15.0,600.0,12.5,1,0.25,150.0
3.624447277898526,1.328115343378793,120.00600000000094,1.417834098627769,0.1,0.22,40.0,600.0,12.5,1,0.35,350.0
3.624630838521395,1.3286764796532635,120.00600000000094,1.4167553110517637,0.1,0.12,80.0,300.0,25.0,1,0.35,150.0
3.625381900122655,1.3289167758000966,120.00600000000094,1.4182146409215557,0.1,0.12,15.0,300.0,25.0,1,0.35,150.0
3.626705376712019,1.3312174362484266,120.00600000000094,1.4154226870387958,0.1,0.35,15.0,600.0,25.0,1,0.35,350.0
3.627201698384119,1.330819176488486,120.00600000000094,1.4179786339874816,0.1,0.12,80.0,300.0,50.0,1,0.35,150.0
3.627518212984352,1.330997719293605,120.00600000000094,1.4183728391163797,0.1,0.12,40.0,300.0,50.0,1,0.35,150.0
3.6280309039841794,1.3198442873290577,120.00600000000094,1.4517046190145941,0.2,0.08,40.0,600.0,12.5,1,0.25,150.0
3.629067580494448,1.3082425339938124,120.00600000000094,1.4878144185732043,0.2,0.22,15.0,300.0,12.5,1,0.35,150.0
3.629637790591575,1.3326025831389237,120.00600000000094,1.419843449864679,0.1,0.12,15.0,300.0,50.0,1,0.35,150.0
3.6300620054913733,1.332660081506199,120.00600000000094,1.420891211386172,0.1,0.08,15.0,300.0,12.5,1,0.35,150.0
3.6301247087155475,1.3349396871488732,120.00600000000094,1.4145572044761714,0.1,0.35,80.0,600.0,50.0,1,0.35,350.0
3.6309738028448932,1.3354624310042476,120.00600000000094,1.4154896338303773,0.1,0.35,40.0,600.0,50.0,1,0.35,350.0
3.631290240771274,1.3341998235392751,120.00600000000094,1.4200011920913853,0.1,0.22,80.0,600.0,12.5,1,0.35,350.0
3.6314326248436837,1.33420105443258,120.00600000000094,1.4204044868888293,0.1,0.08,40.0,300.0,12.5,1,0.35,150.0
3.6317216710796325,1.3102725251520975,120.00600000000094,1.489597559792917,0.2,0.22,40.0,300.0,12.5,1,0.35,150.0
3.6321001998364237,1.3233011401384462,120.00600000000094,1.453454456279896,0.2,0.08,80.0,600.0,12.5,1,0.25,150.0
3.633834648912625,1.3244202066487172,120.00600000000094,1.4552126921825548,0.2,0.08,15.0,600.0,25.0,1,0.25,150.0
3.63388071912667,1.324617410921299,120.00600000000094,1.4547808805867355,0.2,0.08,40.0,600.0,25.0,1,0.25,150.0
3.634366332922347,1.336812807610135,120.00600000000094,1.421324358034851,0.1,0.08,80.0,300.0,12.5,1,0.35,150.0
3.635186806894073,1.313051595074565,120.00600000000094,1.491557748055698,0.2,0.22,80.0,300.0,12.5,1,0.35,150.0
3.6354898154237896,1.326026556025905,120.00600000000094,1.4553521697082015,0.2,0.08,80.0,600.0,25.0,1,0.25,150.0
3.6364462266622333,1.3381215841168859,120.00600000000094,1.4235275501295248,0.1,0.22,40.0,600.0,25.0,1,0.35,350.0
3.6365778726603217,1.3384859486809395,120.00600000000094,1.4228626399410518,0.1,0.08,40.0,300.0,25.0,1,0.35,150.0
3.636934814419619,1.340080004022141,120.00600000000094,1.4193280297070394,0.1,0.35,15.0,600.0,50.0,1,0.35,350.0
3.6370074175934857,1.3145171474256288,120.00600000000094,1.492572200479551,0.2,0.22,40.0,300.0,25.0,1,0.35,150.0
3.6373669002833573,1.3392739981767967,120.00600000000094,1.4228654345901328,0.1,0.08,80.0,300.0,25.0,1,0.35,150.0
3.637762965218353,1.315242839526094,120.00600000000094,1.492657501977844,0.2,0.22,15.0,300.0,25.0,1,0.35,150.0
3.6381389572879446,1.3395209261593963,120.00600000000094,1.4243658032243833,0.1,0.08,15.0,300.0,25.0,1,0.35,150.0
3.638219211223226,1.315462581162294,120.00600000000094,1.4933332287454812,0.2,0.22,80.0,300.0,25.0,1,0.35,150.0
3.63822575848783,1.3282042312095808,120.00600000000094,1.4569472207949572,0.2,0.08,40.0,600.0,50.0,1,0.25,150.0
3.638237862693344,1.3399047671892983,120.00600000000094,1.4235517014400905,0.1,0.22,80.0,600.0,25.0,1,0.35,350.0
3.6384413516684417,1.3284354158581848,120.00600000000094,1.456902673743551,0.2,0.08,80.0,600.0,50.0,1,0.25,150.0
3.6387662634587237,1.316071657037391,120.00600000000094,1.4931560183466253,0.2,0.35,15.0,600.0,12.5,1,0.35,350.0
3.639431996084622,1.3291020024003692,120.00600000000094,1.4578285533835387,0.2,0.08,15.0,600.0,50.0,1,0.25,150.0
3.639957233610734,1.3414316592407847,120.00600000000094,1.4241016410569587,0.1,0.08,80.0,300.0,50.0,1,0.35,150.0
3.640279599095309,1.34161237908295,120.00600000000094,1.4245063428924158,0.1,0.08,40.0,300.0,50.0,1,0.35,150.0
3.640883610125622,1.3176014767376059,120.00600000000094,1.4948346668228636,0.2,0.22,80.0,300.0,50.0,1,0.35,150.0
3.6409299648674605,1.3176755325690255,120.00600000000094,1.4947555208526309,0.2,0.22,40.0,300.0,50.0,1,0.35,150.0
3.641151577046068,1.3414650566797612,120.00600000000094,1.4274186296179798,0.1,0.22,15.0,600.0,25.0,1,0.35,350.0
3.64240715226194,1.3432172256742312,120.00600000000094,1.4259997902505561,0.1,0.08,15.0,300.0,50.0,1,0.35,150.0
3.6426557499901406,1.3191410033283044,120.00600000000094,1.495499276176636,0.2,0.22,15.0,300.0,50.0,1,0.35,150.0
3.644335092286924,1.3449908215792297,120.00600000000094,1.426440773450515,0.1,0.22,80.0,600.0,50.0,1,0.35,350.0
3.645020979274209,1.3206763842677398,120.00600000000094,1.4978702714470142,0.2,0.35,40.0,600.0,12.5,1,0.35,350.0
3.645250595254614,1.345565955223231,120.00600000000094,1.4274132572324822,0.1,0.22,40.0,600.0,50.0,1,0.35,350.0
3.646724427643008,1.3444173371993007,120.00600000000094,1.434905972696266,0.1,0.12,15.0,600.0,12.5,1,0.35,350.0
3.6490591357069277,1.3472308310298167,120.00600000000094,1.4335380133631361,0.1,0.12,40.0,600.0,12.5,1,0.35,350.0
3.6513697368962497,1.3502958296078291,120.00600000000094,1.4313825922525913,0.1,0.22,15.0,600.0,50.0,1,0.35,350.0
3.653363230948522,1.3273005207681008,120.00600000000094,1.5027791719440198,0.2,0.35,80.0,600.0,12.5,1,0.35,350.0
3.655896957793887,1.3532855196231517,120.00600000000094,1.4357755376306336,0.1,0.12,80.0,600.0,12.5,1,0.35,350.0
3.6574677654144834,1.330665775497915,120.00600000000094,1.5048913997615843,0.2,0.35,40.0,600.0,25.0,1,0.35,350.0
3.6597468025661497,1.3329560062652148,120.00600000000094,1.5048594180026327,0.2,0.35,15.0,600.0,25.0,1,0.35,350.0
3.660119749137305,1.3555348101821956,120.00600000000094,1.4414141113002727,0.1,0.08,15.0,600.0,12.5,1,0.35,350.0
3.660463282814207,1.3329432151807097,120.00600000000094,1.5069430503813817,0.2,0.35,80.0,600.0,25.0,1,0.35,350.0
3.661237484791495,1.3573581088344029,120.00600000000094,1.439398217020223,0.1,0.12,40.0,600.0,25.0,1,0.35,350.0
3.6612422258532824,1.3320143944625817,120.00600000000094,1.5118223754019613,0.2,0.22,15.0,600.0,12.5,1,0.35,350.0
3.6624024620636533,1.358326687333702,120.00600000000094,1.4399593563712492,0.1,0.08,40.0,600.0,12.5,1,0.35,350.0
3.6629615033380265,1.3590742098816366,120.00600000000094,1.4394208384467888,0.1,0.12,80.0,600.0,25.0,1,0.35,350.0
3.6662064377517716,1.3609116974451279,120.00600000000094,1.4434421151617998,0.1,0.12,15.0,600.0,25.0,1,0.35,350.0
3.666808378285597,1.3380300384058088,120.00600000000094,1.5105381139422118,0.2,0.35,80.0,600.0,50.0,1,0.35,350.0
3.666917776164537,1.3382583718802312,120.00600000000094,1.5101982979551185,0.2,0.35,40.0,600.0,50.0,1,0.35,350.0
3.667176160801917,1.3363187425866296,120.00600000000094,1.5164783377579247,0.2,0.22,40.0,600.0,12.5,1,0.35,350.0
3.6675157894779318,1.3287501507428956,120.00600000000094,1.5390732535286344,0.35,0.12,15.0,600.0,12.5,1,0.25,150.0
3.668759402554863,1.3596964392185018,120.00600000000094,1.4542084666752768,0.1,0.35,40.0,600.0,12.5,1,0.55,700.0
3.6691472442698227,1.3642195622684081,120.00600000000094,1.4423933771468584,0.1,0.12,80.0,600.0,50.0,1,0.35,350.0
3.6692584322292334,1.3644006133389417,120.00600000000094,1.4421937682579369,0.1,0.08,80.0,600.0,12.5,1,0.35,350.0
3.669468105984109,1.3392373485095816,120.00600000000094,1.5146878784986102,0.2,0.12,15.0,300.0,12.5,1,0.35,150.0
3.6701428320233007,1.3648598038907531,120.00600000000094,1.4434086518072384,0.1,0.12,40.0,600.0,50.0,1,0.35,350.0
3.6717571646406837,1.3424533216502974,120.00600000000094,1.5120395514010636,0.2,0.35,15.0,600.0,50.0,1,0.35,350.0
3.671993422152741,1.341130048956018,120.00600000000094,1.516495351990598,0.2,0.12,40.0,300.0,12.5,1,0.35,150.0
3.672247579604062,1.332382510193252,120.00600000000094,1.5422144840308456,0.35,0.12,40.0,600.0,12.5,1,0.25,150.0
3.6746752905564213,1.3685261962819897,120.00600000000094,1.4458831264983363,0.1,0.08,40.0,600.0,25.0,1,0.35,350.0
3.6754789955061,1.3439029379091045,120.00600000000094,1.5185315931342338,0.2,0.12,80.0,300.0,12.5,1,0.35,150.0
3.6755178338298444,1.342915188029282,120.00600000000094,1.5214647022872814,0.2,0.22,80.0,600.0,12.5,1,0.35,350.0
3.676385730643571,1.3702382132452562,120.00600000000094,1.4458786211380041,0.1,0.08,80.0,600.0,25.0,1,0.35,350.0
3.6764439137062617,1.3697174570403843,120.00600000000094,1.4475327333310393,0.1,0.12,15.0,600.0,50.0,1,0.35,350.0
3.6767064548650343,1.3359115742874808,120.00600000000094,1.544871087364399,0.35,0.12,80.0,600.0,12.5,1,0.25,150.0
3.6767725587371682,1.3662745751539065,120.00600000000094,1.458308524523565,0.1,0.35,80.0,600.0,12.5,1,0.55,700.0
3.6774278970819463,1.3454750705751697,120.00600000000094,1.519608075733608,0.2,0.12,40.0,300.0,25.0,1,0.35,150.0
3.6776164962348616,1.3673953551709572,120.00600000000094,1.4575175458968306,0.1,0.35,15.0,600.0,12.5,1,0.55,700.0
3.677671804808826,1.3368128120960217,120.00600000000094,1.5450542648936867,0.35,0.12,15.0,600.0,25.0,1,0.25,150.0
3.6782752818778515,1.3371516283140732,120.00600000000094,1.5458104387536122,0.35,0.12,40.0,600.0,25.0,1,0.25,150.0
3.678338844192497,1.3463298837878956,120.00600000000094,1.5197684582988216,0.2,0.12,15.0,300.0,25.0,1,0.35,150.0
3.6786065752398294,1.3463816871885996,120.00600000000094,1.5203853944320453,0.2,0.12,80.0,300.0,25.0,1,0.35,150.0
3.679702132122621,1.372101543542077,120.00600000000094,1.450030253087229,0.1,0.08,15.0,600.0,25.0,1,0.35,350.0
3.679844055111089,1.3464587841805566,120.00600000000094,1.5237007740871962,0.2,0.22,40.0,600.0,25.0,1,0.35,350.0
3.6801782469172943,1.3386292550568033,120.00600000000094,1.5470256910299336,0.35,0.12,80.0,600.0,25.0,1,0.25,150.0
3.6813450158715346,1.3485704160655856,120.00600000000094,1.521955999445529,0.2,0.12,80.0,300.0,50.0,1,0.35,150.0
3.681439305858708,1.3486856316084885,120.00600000000094,1.5218962121434438,0.2,0.12,40.0,300.0,50.0,1,0.35,150.0
3.682505260071645,1.3490532958700878,120.00600000000094,1.5238913262901232,0.2,0.22,15.0,600.0,25.0,1,0.35,350.0
3.682618065359136,1.3754193487109418,120.00600000000094,1.448882047566229,0.1,0.08,80.0,600.0,50.0,1,0.35,350.0
3.6827534190173252,1.3486525027766532,120.00600000000094,1.52574547497331,0.2,0.22,80.0,600.0,25.0,1,0.35,350.0
3.68281539919148,1.3407571792357917,120.00600000000094,1.5484806284447838,0.35,0.12,40.0,600.0,50.0,1,0.25,150.0
3.6832210425708056,1.341036600236549,120.00600000000094,1.5488412638121223,0.35,0.12,80.0,600.0,50.0,1,0.25,150.0
3.6832749742336928,1.3502303476070119,120.00600000000094,1.5227275046476199,0.2,0.12,15.0,300.0,50.0,1,0.35,150.0
3.68363233970984,1.376066800222697,120.00600000000094,1.4499301128203688,0.1,0.08,40.0,600.0,50.0,1,0.35,350.0
3.68372208393397,1.341579573399354,120.00600000000094,1.5487214586702902,0.35,0.12,15.0,600.0,50.0,1,0.25,150.0
3.686188462871614,1.3723707282554027,120.00600000000094,1.4677935274748486,0.1,0.22,40.0,600.0,12.5,1,0.55,700.0
3.6884139915832233,1.3757979548247834,120.00600000000094,1.464360105024074,0.1,0.35,80.0,600.0,25.0,1,0.55,700.0
3.6885884493927144,1.375876425176065,120.00600000000094,1.4646343549046725,0.1,0.35,40.0,300.0,12.5,1,0.55,350.0
3.689207984973658,1.3538133252952906,120.00600000000094,1.5294418847952949,0.2,0.22,80.0,600.0,50.0,1,0.35,350.0
3.689232683070245,1.3766230817633616,120.00600000000094,1.4643417180196268,0.1,0.35,40.0,600.0,25.0,1,0.55,700.0
3.689429799365365,1.3541328538078221,120.00600000000094,1.5291627015929405,0.2,0.22,40.0,600.0,50.0,1,0.35,350.0
3.689959246811247,1.3809252773179994,120.00600000000094,1.4541256271235243,0.1,0.08,15.0,600.0,50.0,1,0.35,350.0
3.6914350466220105,1.3569905367600807,120.00600000000094,1.526727171034045,0.2,0.08,15.0,300.0,12.5,1,0.35,150.0
3.692506560890893,1.379387816329993,120.00600000000094,1.4657964130311028,0.1,0.35,15.0,300.0,12.5,1,0.55,350.0
3.692691370380677,1.3792090188079638,120.00600000000094,1.4668352902077126,0.1,0.35,80.0,300.0,12.5,1,0.55,350.0
3.6939404935967755,1.3588799215456984,120.00600000000094,1.5284873487173225,0.2,0.08,40.0,300.0,12.5,1,0.35,150.0
3.6941094495681885,1.3788587877632483,120.00600000000094,1.4718876051569323,0.1,0.22,80.0,600.0,12.5,1,0.55,700.0
3.6945619114527046,1.3585390154595738,120.00600000000094,1.5312368456946195,0.2,0.22,15.0,600.0,50.0,1,0.35,350.0
3.695031594674939,1.3503707646154752,120.00600000000094,1.5559166573127132,0.35,0.08,15.0,600.0,12.5,1,0.25,150.0
3.6956852045094797,1.38058296251106,120.00600000000094,1.4714635485668737,0.1,0.22,15.0,600.0,12.5,1,0.55,700.0
3.697447129315823,1.361671021855707,120.00600000000094,1.5305317356002905,0.2,0.08,80.0,300.0,12.5,1,0.35,150.0
3.698678954839744,1.3841012516776918,120.00600000000094,1.4699648661772524,0.1,0.35,80.0,300.0,25.0,1,0.55,350.0
3.6988696530493437,1.3844145512756276,120.00600000000094,1.4696145764962916,0.1,0.35,80.0,600.0,50.0,1,0.55,700.0
3.6990468326999326,1.3844939636163263,120.00600000000094,1.469893911667406,0.1,0.35,40.0,300.0,25.0,1,0.55,350.0
3.699448853987397,1.3632795223632512,120.00600000000094,1.5316552332118063,0.2,0.08,40.0,300.0,25.0,1,0.35,150.0
3.6998367066109425,1.3540559607421194,120.00600000000094,1.559116416768025,0.35,0.08,40.0,600.0,12.5,1,0.25,150.0
3.7003872227513606,1.3641399280791064,120.00600000000094,1.5318779847778285,0.2,0.08,15.0,300.0,25.0,1,0.35,150.0
3.700623603899099,1.3641867234926874,120.00600000000094,1.5324196583039924,0.2,0.08,80.0,300.0,25.0,1,0.35,150.0
3.702653860880342,1.5665732893608821,100.00500000000079,1.8171587757698504,0.35,0.35,15.0,600.0,12.5,1,0.55,700.0
3.703398793605092,1.366402641709088,120.00600000000094,1.5340175768456858,0.2,0.08,80.0,300.0,50.0,1,0.35,150.0
3.7035023382532044,1.3665202169997195,120.00600000000094,1.5339774892956328,0.2,0.08,40.0,300.0,50.0,1,0.35,150.0
3.703922003779458,1.3647311273034834,120.00600000000094,1.540288218502744,0.2,0.12,15.0,600.0,12.5,1,0.35,350.0
3.7039626577096763,1.3884474324056528,120.00600000000094,1.4726435008685976,0.1,0.35,80.0,300.0,50.0,1,0.55,350.0
3.7042819769895377,1.3890577110039597,120.00600000000094,1.471812188530183,0.1,0.35,40.0,600.0,50.0,1,0.55,700.0
3.7043663169854497,1.3576355651392527,120.00600000000094,1.5618307195605228,0.35,0.08,80.0,600.0,12.5,1,0.25,150.0
3.7053483166366634,1.3680597319407277,120.00600000000094,1.5348530991312064,0.2,0.08,15.0,300.0,50.0,1,0.35,150.0
3.705356295021905,1.3585505722413915,120.00600000000094,1.562044922229999,0.35,0.08,15.0,600.0,25.0,1,0.25,150.0
3.705901668733053,1.3884855403408893,120.00600000000094,1.4780746525489992,0.1,0.22,80.0,600.0,25.0,1,0.55,700.0
3.7059800253039983,1.3589098825023946,120.00600000000094,1.5628004080045421,0.35,0.08,40.0,600.0,25.0,1,0.25,150.0
3.706074016346867,1.3885632883353864,120.00600000000094,1.478344937175619,0.1,0.22,40.0,300.0,12.5,1,0.55,350.0
3.7065419653760383,1.3906627595809298,120.00600000000094,1.473683445128841,0.1,0.35,40.0,300.0,50.0,1,0.55,350.0
3.7069121560618905,1.3894609646996456,120.00600000000094,1.478174832463518,0.1,0.22,40.0,600.0,25.0,1,0.55,700.0
3.7079105942988853,1.360407193876538,120.00600000000094,1.5640382869209526,0.35,0.08,80.0,600.0,25.0,1,0.25,150.0
3.708897623507366,1.392901410958653,120.00600000000094,1.474017750139139,0.1,0.35,15.0,300.0,25.0,1,0.55,350.0
3.709489327472933,1.3686504670161865,120.00600000000094,1.5449967441620924,0.2,0.12,40.0,600.0,12.5,1,0.35,350.0
3.7101228469937046,1.3918463939452461,120.00600000000094,1.4805327229955556,0.1,0.22,80.0,300.0,12.5,1,0.55,350.0
3.710329575519095,1.3923329461706238,120.00600000000094,1.4797332267098777,0.1,0.22,15.0,300.0,12.5,1,0.55,350.0
3.7105979859698914,1.3625705434169728,120.00600000000094,1.5655355501511559,0.35,0.08,40.0,600.0,50.0,1,0.25,150.0
3.7110111828670966,1.3628569069966807,120.00600000000094,1.5658979310582926,0.35,0.08,80.0,600.0,50.0,1,0.25,150.0
3.7114969650847094,1.3633791527753445,120.00600000000094,1.5657937494552874,0.35,0.08,15.0,600.0,50.0,1,0.25,150.0
3.711773711733775,1.39584553580973,120.00600000000094,1.4738233597829467,0.1,0.35,15.0,600.0,25.0,1,0.55,700.0
3.7158199959159806,1.3954051636564266,120.00600000000094,1.4866423778843993,0.1,0.12,40.0,600.0,12.5,1,0.55,700.0
3.716186007575678,1.3967901208587457,120.00600000000094,1.483731104905481,0.1,0.22,80.0,300.0,25.0,1,0.55,350.0
3.716347240052131,1.3988929631718423,120.00600000000094,1.4781836482293567,0.1,0.35,15.0,300.0,50.0,1,0.55,350.0
3.716478191878555,1.3971802280459749,120.00600000000094,1.4834513252359036,0.1,0.22,80.0,600.0,50.0,1,0.55,700.0
3.716653136238648,1.397258870172537,120.00600000000094,1.4837264744745637,0.1,0.22,40.0,300.0,25.0,1,0.55,350.0
3.717870948638861,1.3752223677409992,120.00600000000094,1.5501673739938504,0.2,0.12,80.0,600.0,12.5,1,0.35,350.0
3.7215288034520384,1.4011743184519878,120.00600000000094,1.4864699571429612,0.1,0.22,80.0,300.0,50.0,1,0.55,350.0
3.7221080789741596,1.4019767231615856,120.00600000000094,1.4858324451787437,0.1,0.22,40.0,600.0,50.0,1,0.55,700.0
3.7225228480219767,1.3790356826181953,120.00600000000094,1.5525633297250507,0.2,0.12,40.0,600.0,25.0,1,0.35,350.0
3.723604996960982,1.4017551240480723,120.00600000000094,1.4907424940368457,0.1,0.12,80.0,600.0,12.5,1,0.55,700.0
3.7242146531861993,1.4034640093534043,120.00600000000094,1.4876018395222328,0.1,0.22,40.0,300.0,50.0,1,0.55,350.0
3.72533480526927,1.3811213856763136,120.00600000000094,1.554638341694121,0.2,0.12,80.0,600.0,25.0,1,0.35,350.0
3.7256366626381094,1.3820002152928617,120.00600000000094,1.5529898495578112,0.2,0.12,15.0,600.0,25.0,1,0.35,350.0
3.7263314875092983,1.4044388709855702,120.00600000000094,1.4908646186391843,0.1,0.12,15.0,600.0,12.5,1,0.55,700.0
3.726855840727531,1.4059101623132775,120.00600000000094,1.4881590811835428,0.1,0.22,15.0,300.0,25.0,1,0.55,350.0
3.7268925602642575,1.3832134073000606,120.00600000000094,1.5531118656119518,0.2,0.08,15.0,600.0,12.5,1,0.35,350.0
3.7278325973255555,1.408838919044996,120.00600000000094,1.4825819379444147,0.1,0.35,15.0,600.0,50.0,1,0.55,700.0
3.729377016583582,1.5845026865169387,100.00500000000079,1.8422838001903772,0.35,0.22,15.0,600.0,12.5,1,0.55,700.0
3.7302109443451545,1.4092186457968892,120.00600000000094,1.4882922815664328,0.1,0.22,15.0,600.0,25.0,1,0.55,700.0
3.7311597317842446,1.40825987853648,120.00600000000094,1.4937424378507167,0.1,0.08,40.0,600.0,12.5,1,0.55,700.0
3.731970162269581,1.3864025882600797,120.00600000000094,1.5585073543128216,0.2,0.12,80.0,600.0,50.0,1,0.35,350.0
3.732327792319268,1.386835680690906,120.00600000000094,1.5582917475095657,0.2,0.12,40.0,600.0,50.0,1,0.35,350.0
3.732376881570177,1.387101545355046,120.00600000000094,1.5576723891860498,0.2,0.08,40.0,600.0,12.5,1,0.35,350.0
3.734280057146477,1.4118612708477178,120.00600000000094,1.492367960853558,0.1,0.22,15.0,300.0,50.0,1,0.55,350.0
3.7347150310638386,1.4252723285739988,120.00600000000094,1.4552934356852167,0.1,0.35,15.0,300.0,12.5,1,0.25,150.0
3.735661292667456,1.4115674646740735,120.00600000000094,1.4971537942667672,0.1,0.12,80.0,600.0,25.0,1,0.55,700.0
3.7358296591380977,1.4116436744686085,120.00600000000094,1.4974170990556435,0.1,0.12,40.0,300.0,12.5,1,0.55,350.0
3.7369744028155765,1.4127793144435425,120.00600000000094,1.4974431096343435,0.1,0.12,40.0,600.0,25.0,1,0.55,700.0
3.7377828446461203,1.39146957213854,120.00600000000094,1.560637921450189,0.2,0.12,15.0,600.0,50.0,1,0.35,350.0
3.7384138721311935,1.4289651239021834,120.00600000000094,1.4553107092257025,0.1,0.35,40.0,300.0,12.5,1,0.25,150.0
3.7388661522375415,1.4145947271057762,120.00600000000094,1.4976612146621482,0.1,0.08,80.0,600.0,12.5,1,0.55,700.0
3.7397965350632427,1.414851130906206,120.00600000000094,1.4995868690200653,0.1,0.12,80.0,300.0,12.5,1,0.55,350.0
3.7406147791128523,1.4158170291251448,120.00600000000094,1.4991649999648393,0.1,0.12,15.0,300.0,12.5,1,0.55,350.0
3.740798211146062,1.3937108780442384,120.00600000000094,1.5628495231480268,0.2,0.08,80.0,600.0,12.5,1,0.35,350.0
3.742168044332149,1.417554334880417,120.00600000000094,1.4986391698620518,0.1,0.08,15.0,600.0,12.5,1,0.55,700.0
3.742876227046409,1.4329485281819214,120.00600000000094,1.4566791396127834,0.1,0.35,80.0,300.0,12.5,1,0.25,150.0
3.7443514791374275,1.591905516816291,100.00500000000079,1.8639170352032133,0.35,0.35,40.0,600.0,12.5,1,0.55,700.0
3.744990048088117,1.4344741306092232,120.00600000000094,1.4583597642253723,0.1,0.35,40.0,300.0,25.0,1,0.25,150.0
3.7455865252529037,1.3976156651959368,120.00600000000094,1.565373885877008,0.2,0.08,40.0,600.0,25.0,1,0.35,350.0
3.7456822466001203,1.434656026517021,120.00600000000094,1.459817771665957,0.1,0.35,15.0,300.0,25.0,1,0.25,150.0
3.7459915528216703,1.4198871497758194,120.00600000000094,1.5028982944166758,0.1,0.12,80.0,300.0,25.0,1,0.55,350.0
3.746262377004081,1.4221463601015407,120.00600000000094,1.4972171911500753,0.1,0.22,15.0,600.0,50.0,1,0.55,700.0
3.7464439360375215,1.4203972193914138,120.00600000000094,1.5027334761316955,0.1,0.12,80.0,600.0,50.0,1,0.55,700.0
3.7466147347467333,1.4204742468982063,120.00600000000094,1.5030013938528939,0.1,0.12,40.0,300.0,25.0,1,0.55,350.0
3.7466372073867236,1.436047229352993,120.00600000000094,1.4585713658106185,0.1,0.35,80.0,300.0,25.0,1,0.25,150.0
3.747881451091887,1.4342900652118429,120.00600000000094,1.4671468168000854,0.1,0.22,15.0,300.0,12.5,1,0.25,150.0
3.748377227098941,1.3996965459274797,120.00600000000094,1.5674019462041346,0.2,0.08,80.0,600.0,25.0,1,0.35,350.0
3.7487952272776512,1.4006064788813903,120.00600000000094,1.5659964239892765,0.2,0.08,15.0,600.0,25.0,1,0.35,350.0
3.7499183925185307,1.4386652626631908,120.00600000000094,1.460466085300931,0.1,0.35,40.0,300.0,50.0,1,0.25,150.0
3.7499531704728173,1.438825512874924,120.00600000000094,1.4601075931367975,0.1,0.35,80.0,300.0,50.0,1,0.25,150.0
3.7508087067707203,1.3951680023132333,120.00600000000094,1.5872877270213512,0.2,0.35,15.0,600.0,12.5,1,0.55,700.0
3.7510522231478665,1.4245093661542632,120.00600000000094,1.5041510199816843,0.1,0.08,80.0,600.0,25.0,1,0.55,700.0
3.7512179907768743,1.4245845409118678,120.00600000000094,1.5044098567571222,0.1,0.08,40.0,300.0,12.5,1,0.55,350.0
3.7514347308718703,1.4243370411890457,120.00600000000094,1.5057362562366023,0.1,0.12,80.0,300.0,50.0,1,0.55,350.0
3.751485962247274,1.4379005054817464,120.00600000000094,1.4671298764728964,0.1,0.22,40.0,300.0,12.5,1,0.25,150.0
3.751863583607422,1.4370304208293,120.00600000000094,1.4706947507945949,0.1,0.35,15.0,600.0,12.5,1,0.25,350.0
3.7524023930480936,1.425422279951013,120.00600000000094,1.505400323134476,0.1,0.12,40.0,600.0,50.0,1,0.55,700.0
3.752510277179454,1.4257855118967897,120.00600000000094,1.5046707579504308,0.1,0.08,40.0,600.0,25.0,1,0.55,700.0
3.754280755723766,1.4267365849489297,120.00600000000094,1.5070119164994922,0.1,0.12,40.0,300.0,50.0,1,0.55,350.0
3.7543867590048308,1.4156182357028746,120.00600000000094,1.5390814951484069,0.2,0.35,15.0,300.0,12.5,1,0.25,150.0
3.7550993674879827,1.4050415771648193,120.00600000000094,1.5713365437804285,0.2,0.08,80.0,600.0,50.0,1,0.35,350.0
3.755139760588853,1.4277842561442589,120.00600000000094,1.5064728698416574,0.1,0.08,80.0,300.0,12.5,1,0.55,350.0
3.755488331001631,1.4054840734623755,120.00600000000094,1.5711835929692628,0.2,0.08,40.0,600.0,50.0,1,0.35,350.0
3.755931499322698,1.4418649368438516,120.00600000000094,1.4685044642252374,0.1,0.22,80.0,300.0,12.5,1,0.25,150.0
3.7562484943270142,1.4288703565958105,120.00600000000094,1.5065375363748281,0.1,0.08,15.0,300.0,12.5,1,0.55,350.0
3.757340041685447,1.4294817732548983,120.00600000000094,1.5079093383729558,0.1,0.12,15.0,300.0,25.0,1,0.55,350.0
3.7585166241432093,1.6076913535208883,100.00500000000079,1.859286487492311,0.35,0.35,15.0,600.0,25.0,1,0.55,700.0
3.758598493865831,1.3970682579565867,120.00600000000094,1.6041149597406572,0.2,0.35,40.0,600.0,12.5,1,0.55,700.0
3.758877717149461,1.4436824516857658,120.00600000000094,1.4717293298962328,0.1,0.22,15.0,300.0,25.0,1,0.25,150.0
3.759169495594239,1.419550009405291,120.00600000000094,1.541512817682668,0.2,0.35,40.0,300.0,12.5,1,0.25,150.0
3.7609785986792774,1.4101043299385292,120.00600000000094,1.5736693392592416,0.2,0.08,15.0,600.0,50.0,1,0.35,350.0
3.76139903198277,1.432871484782805,120.00600000000094,1.5098215634284324,0.1,0.08,80.0,300.0,25.0,1,0.55,350.0
3.761409311575515,1.433333011861778,120.00600000000094,1.508532284896353,0.1,0.12,15.0,600.0,25.0,1,0.55,700.0
3.7619269049969946,1.4334126610324958,120.00600000000094,1.5097835541842421,0.1,0.08,80.0,600.0,50.0,1,0.55,700.0
3.762095018137208,1.4334886031640268,120.00600000000094,1.510046899923335,0.1,0.08,40.0,300.0,25.0,1,0.55,350.0
3.764096598441339,1.4236058737333568,120.00600000000094,1.5440020705941948,0.2,0.35,80.0,300.0,12.5,1,0.25,150.0
3.7647023991870956,1.4353538864934772,120.00600000000094,1.5121671791245836,0.1,0.12,15.0,300.0,50.0,1,0.55,350.0
3.765905156860846,1.4250157065425406,120.00600000000094,1.5451412866236913,0.2,0.35,40.0,300.0,25.0,1,0.25,150.0
3.7659407571575514,1.4250631630929484,120.00600000000094,1.5451074116131114,0.2,0.35,15.0,300.0,25.0,1,0.25,150.0
3.7659554304149974,1.4467667714245944,120.00600000000094,1.483139025686826,0.1,0.22,15.0,600.0,12.5,1,0.25,350.0
3.7668866047539002,1.4373576197118898,120.00600000000094,1.512682814405705,0.1,0.08,80.0,300.0,50.0,1,0.55,350.0
3.767050467534491,1.609992048776877,100.00500000000079,1.877095482164577,0.35,0.35,15.0,300.0,12.5,1,0.55,350.0
3.7679109413140983,1.426665083986659,120.00600000000094,1.5461595923640719,0.2,0.35,80.0,300.0,25.0,1,0.25,150.0
3.7680176084538246,1.4384950684622724,120.00600000000094,1.5126643999758245,0.1,0.08,40.0,600.0,50.0,1,0.55,700.0
3.769795716238598,1.4397831182537428,120.00600000000094,1.5140645656709746,0.1,0.08,40.0,300.0,50.0,1,0.55,350.0
3.7702312869411982,1.6087791488326442,100.00500000000079,1.8896489660244065,0.35,0.22,40.0,600.0,12.5,1,0.55,700.0
3.771048330991688,1.4292136574149032,120.00600000000094,1.5478419245050594,0.2,0.35,40.0,300.0,50.0,1,0.25,150.0
3.7713098087662815,1.4294224311740646,120.00600000000094,1.5479925074062943,0.2,0.35,80.0,300.0,50.0,1,0.25,150.0
3.7727960575660378,1.430649083369867,120.00600000000094,1.5487342119890188,0.2,0.35,15.0,300.0,50.0,1,0.25,150.0
3.7729538869094585,1.6133030414597183,100.00500000000079,1.8845024155706538,0.35,0.35,40.0,600.0,25.0,1,0.55,700.0
3.7730199733056495,1.4425797797162325,120.00600000000094,1.5152862673982945,0.1,0.08,15.0,300.0,25.0,1,0.55,350.0
3.7736487712737987,1.407481245804322,120.00600000000094,1.6173643584841801,0.2,0.35,80.0,600.0,12.5,1,0.55,700.0
3.7738548060898176,1.6120655563066917,100.00500000000079,1.8906121422374687,0.35,0.35,80.0,600.0,12.5,1,0.55,700.0
3.77535793597266,1.429754205406329,120.00600000000094,1.558610658760905,0.2,0.35,15.0,600.0,12.5,1,0.25,350.0
3.77544888683732,1.429999023686003,120.00600000000094,1.5581710375751516,0.2,0.22,15.0,300.0,12.5,1,0.25,150.0
3.777381054852213,1.4461035730611553,120.00600000000094,1.517678519402983,0.1,0.12,15.0,600.0,50.0,1,0.55,700.0
3.7773978501900083,1.4465489403080765,120.00600000000094,1.516454028234051,0.1,0.08,15.0,600.0,25.0,1,0.55,700.0
3.778545494178374,1.4152365318131817,120.00600000000094,1.6091970353290814,0.2,0.22,15.0,600.0,12.5,1,0.55,700.0
3.780089083025344,1.4338016902655053,120.00600000000094,1.5605639793137862,0.2,0.22,40.0,300.0,12.5,1,0.25,150.0
3.780320647303031,1.4484315103053016,120.00600000000094,1.5194261057077583,0.1,0.08,15.0,300.0,50.0,1,0.55,350.0
3.781567004222123,1.4149941155293595,120.00600000000094,1.6185225391221412,0.2,0.35,40.0,600.0,25.0,1,0.55,700.0
3.781844651310282,1.416001382604811,120.00600000000094,1.6164379105870215,0.2,0.35,15.0,300.0,12.5,1,0.55,350.0
3.7850087453428833,1.4378405807469588,120.00600000000094,1.5630804702740306,0.2,0.22,80.0,300.0,12.5,1,0.25,150.0
3.7853107520533293,1.4162261914426195,120.00600000000094,1.6256987446019893,0.2,0.22,40.0,600.0,12.5,1,0.55,700.0
3.7861434472431545,1.438375458118049,120.00600000000094,1.564794254643119,0.2,0.35,40.0,600.0,12.5,1,0.25,350.0
3.7864104870066138,1.4174062496517452,120.00600000000094,1.6254692495852976,0.2,0.35,80.0,600.0,25.0,1,0.55,700.0
3.786581323118544,1.4174845605447677,120.00600000000094,1.6257336073536064,0.2,0.35,40.0,300.0,12.5,1,0.55,350.0
3.7866553049104805,1.4530453521771134,120.00600000000094,1.5243427220952956,0.1,0.35,40.0,100.0,12.5,1,0.55,150.0
3.7869103822720285,1.4393243315569977,120.00600000000094,1.5642744306143335,0.2,0.22,40.0,300.0,25.0,1,0.25,150.0
3.7871001446018173,1.4394935732842742,120.00600000000094,1.5643330609072263,0.2,0.22,15.0,300.0,25.0,1,0.25,150.0
3.7884699601167613,1.4544296117052875,120.00600000000094,1.5255724240327417,0.1,0.35,80.0,100.0,12.5,1,0.55,150.0
3.788700747768634,1.4550381045006366,120.00600000000094,1.5244932664799526,0.1,0.35,15.0,100.0,12.5,1,0.55,150.0
3.7888769553469,1.4409366713022083,120.00600000000094,1.565286525841936,0.2,0.22,80.0,300.0,25.0,1,0.25,150.0
3.78937708024238,1.6236929948301346,100.00500000000079,1.9017402440349538,0.35,0.35,80.0,600.0,25.0,1,0.55,700.0
3.7895342391306834,1.6237639115464078,100.00500000000079,1.9019866502407532,0.35,0.35,40.0,300.0,12.5,1,0.55,350.0
3.7912064227040045,1.4566463585795015,120.00600000000094,1.5270573260699685,0.1,0.35,80.0,100.0,25.0,1,0.55,150.0
3.7914725489045953,1.4569645288728115,120.00600000000094,1.5269086286621993,0.1,0.35,40.0,100.0,25.0,1,0.55,150.0
3.792104134027566,1.4435515661407592,120.00600000000094,1.5670359082479806,0.2,0.22,40.0,300.0,50.0,1,0.25,150.0
3.7921802285249884,1.4271047029070922,120.00600000000094,1.6142443589082354,0.2,0.35,15.0,600.0,25.0,1,0.55,700.0
3.7923184348287355,1.44372226072999,120.00600000000094,1.567160497424947,0.2,0.22,80.0,300.0,50.0,1,0.25,150.0
3.793237610444086,1.4592522374329937,120.00600000000094,1.5254153514602238,0.1,0.08,15.0,600.0,50.0,1,0.55,700.0
3.793626046683229,1.458612939699428,120.00600000000094,1.5283517342393909,0.1,0.35,80.0,100.0,50.0,1,0.55,150.0
3.793966649423843,1.4450700575574844,120.00600000000094,1.5680188339038403,0.2,0.22,15.0,300.0,50.0,1,0.25,150.0
3.794416546787585,1.4228571099700875,120.00600000000094,1.6327698194785252,0.2,0.35,80.0,300.0,12.5,1,0.55,350.0
3.7949291722101206,1.4597580680487448,120.00600000000094,1.528803154746749,0.1,0.35,40.0,100.0,50.0,1,0.55,150.0
3.796191803845191,1.4610658814124884,120.00600000000094,1.5286740640933958,0.1,0.35,15.0,100.0,25.0,1,0.55,150.0
3.7965969139077202,1.6313043533163656,100.00500000000079,1.9006216016895516,0.35,0.35,15.0,300.0,25.0,1,0.55,350.0
3.7978042497698956,1.4478603756800827,120.00600000000094,1.5710110688279975,0.2,0.35,80.0,600.0,12.5,1,0.25,350.0
3.7978270619773236,1.4452289756077217,120.00600000000094,1.5785945324845376,0.2,0.22,15.0,600.0,12.5,1,0.25,350.0
3.7978981602525224,1.631510591976263,100.00500000000079,1.9037501950749947,0.35,0.35,40.0,600.0,50.0,1,0.55,700.0
3.7983332104343797,1.426641463163658,120.00600000000094,1.63314784934488,0.2,0.35,80.0,600.0,50.0,1,0.55,700.0
3.7985068948649037,1.426720970764303,120.00600000000094,1.6334169260016769,0.2,0.35,40.0,300.0,25.0,1,0.55,350.0
3.7987418155056756,1.6353223180740215,100.00500000000079,1.8952699926618355,0.35,0.35,15.0,600.0,50.0,1,0.55,700.0
3.7995824148498856,1.4636915800151957,120.00600000000094,1.530859528099073,0.1,0.35,15.0,100.0,50.0,1,0.55,150.0
3.7998405614785824,1.4289606468373344,120.00600000000094,1.6308283275463842,0.2,0.35,40.0,600.0,50.0,1,0.55,700.0
3.799990280493477,1.6289520041328767,100.00500000000079,1.9170379324588247,0.35,0.22,80.0,600.0,12.5,1,0.55,700.0
3.8002940823631355,1.4265228409932778,120.00600000000094,1.6390892610566963,0.2,0.22,80.0,600.0,12.5,1,0.55,700.0
3.801034083407002,1.427986279511472,120.00600000000094,1.6370222968443326,0.2,0.35,80.0,300.0,25.0,1,0.55,350.0
3.8019185935538813,1.4511333934271788,120.00600000000094,1.5734148575048257,0.2,0.35,40.0,600.0,25.0,1,0.25,350.0
3.802584798925963,1.4316654279765961,120.00600000000094,1.6309410598552943,0.2,0.35,15.0,300.0,25.0,1,0.55,350.0
3.8029278836997826,1.452184994123651,120.00600000000094,1.5732939702174786,0.2,0.35,15.0,600.0,25.0,1,0.25,350.0
3.804554652914293,1.6349568143297486,100.00500000000079,1.912922395955807,0.35,0.35,80.0,600.0,50.0,1,0.55,700.0
3.804714646118574,1.6350291068967673,100.00500000000079,1.9131729692051285,0.35,0.35,40.0,300.0,25.0,1,0.55,350.0
3.805039679041263,1.6343179444008673,100.00500000000079,1.9161335275439537,0.35,0.35,80.0,300.0,12.5,1,0.55,350.0
3.805486546943991,1.4666233423397024,120.00600000000094,1.5393520131550713,0.1,0.22,40.0,100.0,12.5,1,0.55,150.0
3.8066927008125706,1.4549694829692352,120.00600000000094,1.5760949081237758,0.2,0.35,80.0,600.0,25.0,1,0.25,350.0
3.8071092774824056,1.432673461439599,120.00600000000094,1.640988045836551,0.2,0.35,80.0,300.0,50.0,1,0.55,350.0
3.8072689191911264,1.4679817841326535,120.00600000000094,1.54056324302417,0.1,0.22,80.0,100.0,12.5,1,0.55,150.0
3.8077078365964394,1.468740757679177,120.00600000000094,1.5396487969064248,0.1,0.22,15.0,100.0,12.5,1,0.55,150.0
3.8077513204037743,1.4337326474930991,120.00600000000094,1.6397962083161746,0.2,0.35,40.0,300.0,50.0,1,0.55,350.0
3.8082382939576136,1.453508190825161,120.00600000000094,1.5846860089498245,0.2,0.22,40.0,600.0,12.5,1,0.25,350.0
3.808811452864198,1.434501104463388,120.00600000000094,1.640629566859418,0.2,0.22,40.0,600.0,25.0,1,0.55,700.0
3.8093354980007788,1.4357063828967096,120.00600000000094,1.6386831860115858,0.2,0.22,15.0,300.0,12.5,1,0.55,350.0
3.8100383817105303,1.4702206966702915,120.00600000000094,1.5420791001149283,0.1,0.22,80.0,100.0,25.0,1,0.55,150.0
3.8103562941183835,1.4705759088841175,120.00600000000094,1.54197252924072,0.1,0.22,40.0,100.0,25.0,1,0.55,150.0
3.8124839503047636,1.4722037646769914,120.00600000000094,1.5434005303650227,0.1,0.22,80.0,100.0,50.0,1,0.55,150.0
3.8127721461752833,1.4248569113176868,120.00600000000094,1.6795006710216658,0.35,0.12,15.0,300.0,12.5,1,0.35,150.0
3.813178656469084,1.6403912166879833,100.00500000000079,1.9220355422316837,0.35,0.35,80.0,300.0,25.0,1,0.55,350.0
3.813356040216094,1.4366523731146101,120.00600000000094,1.6474676202899143,0.2,0.22,80.0,600.0,25.0,1,0.55,700.0
3.8135238755882774,1.4367296807365222,120.00600000000094,1.6477262710049747,0.2,0.22,40.0,300.0,12.5,1,0.55,350.0
3.813840636454418,1.4733845322589048,120.00600000000094,1.5439031548442832,0.1,0.22,40.0,100.0,50.0,1,0.55,150.0
3.8142275416735,1.4611244277652549,120.00600000000094,1.580037468309232,0.2,0.35,40.0,600.0,50.0,1,0.25,350.0
3.8143301691233757,1.439925005603433,120.00600000000094,1.640900467199796,0.2,0.35,15.0,300.0,50.0,1,0.55,350.0
3.814753056599591,1.4614826050938436,120.00600000000094,1.5805155757306657,0.2,0.35,80.0,600.0,50.0,1,0.25,350.0
3.8152472355098954,1.4747903496886947,120.00600000000094,1.543905388060533,0.1,0.22,15.0,100.0,25.0,1,0.55,150.0
3.816395919679847,1.4443640430163798,120.00600000000094,1.634119647609866,0.2,0.35,15.0,600.0,50.0,1,0.55,700.0
3.8169338060646427,1.6451976244284985,100.00500000000079,1.9190319475318078,0.35,0.35,15.0,300.0,50.0,1,0.55,350.0
3.8175772195950666,1.644354500545593,100.00500000000079,1.9232791972841776,0.35,0.35,40.0,300.0,50.0,1,0.55,350.0
3.817753158554963,1.462019419104399,120.00600000000094,1.5875535412872857,0.2,0.12,15.0,300.0,12.5,1,0.25,150.0
3.8178847175186865,1.4281148375138544,120.00600000000094,1.6847996571566228,0.35,0.12,40.0,300.0,12.5,1,0.35,150.0
3.8186176171721766,1.4773946255539208,120.00600000000094,1.5460942617664053,0.1,0.22,15.0,100.0,50.0,1,0.55,150.0
3.819512320583918,1.4655499209638716,120.00600000000094,1.58249257034295,0.2,0.35,15.0,600.0,50.0,1,0.25,350.0
3.819881694698493,1.4629510364151848,120.00600000000094,1.5909733093808418,0.2,0.22,80.0,600.0,12.5,1,0.25,350.0
3.820781038817139,1.4476286455164413,120.00600000000094,1.6373211237162395,0.2,0.22,15.0,600.0,25.0,1,0.55,700.0
3.8209973953929826,1.64617074372961,100.00500000000079,1.9278618618953165,0.35,0.35,80.0,300.0,50.0,1,0.55,350.0
3.8213103287088055,1.4420346707746912,120.00600000000094,1.6548161655260019,0.2,0.22,80.0,300.0,12.5,1,0.55,350.0
3.8222557416507152,1.4656726793656616,120.00600000000094,1.5899801779572578,0.2,0.12,40.0,300.0,12.5,1,0.25,150.0
3.8225869256807457,1.4315096464034123,120.00600000000094,1.6885350836494848,0.35,0.12,80.0,300.0,12.5,1,0.35,150.0
3.8233468150073393,1.4327940439582991,120.00600000000094,1.6870364887115046,0.35,0.12,15.0,300.0,25.0,1,0.35,150.0
3.824016136398393,1.4327984349322112,120.00600000000094,1.6889362899033358,0.35,0.12,40.0,300.0,25.0,1,0.35,150.0
3.824229856643898,1.4664106547866755,120.00600000000094,1.5935120053063103,0.2,0.22,40.0,600.0,25.0,1,0.25,350.0
3.8255375039271518,1.4460545864157988,120.00600000000094,1.655408335746683,0.2,0.22,80.0,600.0,50.0,1,0.55,700.0
3.825668236464095,1.467800250914113,120.00600000000094,1.5936513872856224,0.2,0.22,15.0,600.0,25.0,1,0.25,350.0
3.8257079791442585,1.4461330035835398,120.00600000000094,1.6556713587448717,0.2,0.22,40.0,300.0,25.0,1,0.55,350.0
3.8260589523958624,1.4341576934949125,120.00600000000094,1.6908893111455323,0.35,0.12,80.0,300.0,25.0,1,0.35,150.0
3.8271943817601217,1.469701455653002,120.00600000000094,1.592579788877445,0.2,0.12,80.0,300.0,12.5,1,0.25,150.0
3.827428252068895,1.4486608999528212,120.00600000000094,1.6533638631887428,0.2,0.22,40.0,600.0,50.0,1,0.55,700.0
3.8280788621478297,1.4472658338925162,120.00600000000094,1.6592086521579992,0.2,0.22,80.0,300.0,25.0,1,0.55,350.0
3.8287080746638926,1.4363435259604007,120.00600000000094,1.692212996295652,0.35,0.12,40.0,300.0,50.0,1,0.35,150.0
3.828901756669185,1.47015063302256,120.00600000000094,1.5961746389903169,0.2,0.22,80.0,600.0,25.0,1,0.25,350.0
3.8291527120120064,1.4365189680750332,120.00600000000094,1.6929821255341693,0.35,0.12,80.0,300.0,50.0,1,0.35,150.0
3.8292262830987474,1.471294284226599,120.00600000000094,1.593834282491812,0.2,0.12,40.0,300.0,25.0,1,0.25,150.0
3.829400898872102,1.4536691869570533,120.00600000000094,1.6446906054715291,0.2,0.12,15.0,600.0,12.5,1,0.55,700.0
3.8295813153473546,1.4716024992802879,120.00600000000094,1.5939680459058656,0.2,0.12,15.0,300.0,25.0,1,0.25,150.0
3.829696684914586,1.4374041329852234,120.00600000000094,1.6920072912267112,0.35,0.12,15.0,300.0,50.0,1,0.35,150.0
3.830414895499998,1.4515384635953075,120.00600000000094,1.6536755197276467,0.2,0.22,15.0,300.0,25.0,1,0.55,350.0
3.831157084910613,1.4728639949561653,120.00600000000094,1.5948659712983821,0.2,0.12,80.0,300.0,25.0,1,0.25,150.0
3.8342811129964685,1.4520344330538497,120.00600000000094,1.6633047998360135,0.2,0.22,80.0,300.0,50.0,1,0.55,350.0
3.83435073048617,1.4530688957476439,120.00600000000094,1.6605480992528918,0.2,0.12,40.0,600.0,12.5,1,0.55,700.0
3.8345095671427325,1.475572366424551,120.00600000000094,1.5967062877661924,0.2,0.12,40.0,300.0,50.0,1,0.25,150.0
3.8346728498797287,1.4756986933613006,120.00600000000094,1.5968118757668979,0.2,0.12,80.0,300.0,50.0,1,0.25,150.0
3.835110992489826,1.4532326581329456,120.00600000000094,1.6622523838767618,0.2,0.22,40.0,300.0,50.0,1,0.55,350.0
3.8364905577740975,1.4771768871551592,120.00600000000094,1.5977819160540687,0.2,0.12,15.0,300.0,50.0,1,0.25,150.0
3.836670196827979,1.476477842644551,120.00600000000094,1.600292440524041,0.2,0.22,40.0,600.0,50.0,1,0.25,350.0
3.837069112353987,1.4767346569336424,120.00600000000094,1.6006984440580874,0.2,0.22,80.0,600.0,50.0,1,0.25,350.0
3.8415406745173764,1.4464706626243824,120.00600000000094,1.6999428911228005,0.35,0.08,15.0,300.0,12.5,1,0.35,150.0
3.8419907832846927,1.4814816666577737,120.00600000000094,1.601197476076872,0.2,0.08,15.0,300.0,12.5,1,0.25,150.0
3.8421755842447567,1.4597501918983866,120.00600000000094,1.663815406703874,0.2,0.22,15.0,300.0,50.0,1,0.55,350.0
3.842283774391379,1.4811392406275796,120.00600000000094,1.6030129536108164,0.2,0.22,15.0,600.0,50.0,1,0.25,350.0
3.8424117212003166,1.4790180141059608,120.00600000000094,1.6094391631266907,0.2,0.12,15.0,600.0,12.5,1,0.25,350.0
3.84511536537409,1.4648252765107181,120.00600000000094,1.6577145396095947,0.2,0.22,15.0,600.0,50.0,1,0.55,700.0
3.846634443049814,1.4497311758499365,120.00600000000094,1.7051807634281817,0.35,0.08,40.0,300.0,12.5,1,0.35,150.0
3.8491207658879456,1.4630916154486004,120.00600000000094,1.6741118583980896,0.2,0.12,80.0,600.0,12.5,1,0.55,700.0
3.8513759131999303,1.4531560913676138,120.00600000000094,1.7089423480922927,0.35,0.08,80.0,300.0,12.5,1,0.35,150.0
3.8522465301777586,1.4544892627793733,120.00600000000094,1.7076207639953467,0.35,0.08,15.0,300.0,25.0,1,0.35,150.0
3.852446224620018,1.4868916829086913,120.00600000000094,1.6156129763180358,0.2,0.12,40.0,600.0,12.5,1,0.25,350.0
3.852880737334297,1.4544935198193607,120.00600000000094,1.7094206214712073,0.35,0.08,40.0,300.0,25.0,1,0.35,150.0
3.854921410318862,1.455856051366867,120.00600000000094,1.7113581684342314,0.35,0.08,80.0,300.0,25.0,1,0.35,150.0
3.8550789863709083,1.4738515371613168,120.00600000000094,1.6603927120273647,0.2,0.08,15.0,600.0,12.5,1,0.55,700.0
3.8576397322547415,1.4580822248148337,120.00600000000094,1.7127643069711256,0.35,0.08,40.0,300.0,50.0,1,0.35,150.0
3.858072286845652,1.4582565499392826,120.00600000000094,1.7135021054467305,0.35,0.08,80.0,300.0,50.0,1,0.35,150.0
3.8586386433268705,1.4591270896431823,120.00600000000094,1.7126330105247833,0.35,0.08,15.0,300.0,50.0,1,0.35,150.0
3.858663819827861,1.4718538679284319,120.00600000000094,1.6763427197126155,0.2,0.12,40.0,600.0,25.0,1,0.55,700.0
3.8589929707433064,1.472653662644847,120.00600000000094,1.674998023138416,0.2,0.08,40.0,600.0,12.5,1,0.55,700.0
3.859594710980975,1.4733780512842851,120.00600000000094,1.6746475991333603,0.2,0.12,15.0,300.0,12.5,1,0.55,350.0
3.8597618884597216,1.4597071516614426,120.00600000000094,1.7141849622807577,0.35,0.12,15.0,600.0,12.5,1,0.35,350.0
3.860583318234227,1.4839063243976405,120.00600000000094,1.6473914109616357,0.2,0.35,15.0,600.0,12.5,1,0.35,700.0
3.862666448158146,1.4735480533883494,120.00600000000094,1.6829382707708092,0.2,0.12,80.0,600.0,25.0,1,0.55,700.0
3.8628279393996565,1.473622976719278,120.00600000000094,1.6831856076581846,0.2,0.12,40.0,300.0,12.5,1,0.55,350.0
3.8669533755707866,1.4752804572383342,120.00600000000094,1.6902369095212524,0.35,0.35,15.0,300.0,12.5,1,0.25,150.0
3.8704798265965388,1.4787777822445065,120.00600000000094,1.690320126720052,0.2,0.12,80.0,300.0,12.5,1,0.55,350.0
3.872622022705833,1.4676403019990356,120.00600000000094,1.7282620591622389,0.35,0.12,40.0,600.0,12.5,1,0.35,350.0
3.872709157912402,1.4864982370913646,120.00600000000094,1.6746312023457806,0.2,0.12,15.0,600.0,25.0,1,0.55,700.0
3.873553245979978,1.4825822389571213,120.00600000000094,1.6882314486366938,0.2,0.08,80.0,600.0,12.5,1,0.55,700.0
3.873928376890203,1.48018137031396,120.00600000000094,1.6961628759320826,0.35,0.35,40.0,300.0,12.5,1,0.25,150.0
3.875235821056912,1.4831906927816918,120.00600000000094,1.691300366500589,0.2,0.12,80.0,600.0,50.0,1,0.55,700.0
3.8753996769270422,1.4832665867918817,120.00600000000094,1.6915516861004192,0.2,0.12,40.0,300.0,25.0,1,0.55,350.0
3.875572655757955,1.4918222981516633,120.00600000000094,1.6676010217322221,0.2,0.35,40.0,600.0,12.5,1,0.35,700.0
3.8774896992839207,1.4841709504589748,120.00600000000094,1.694939282356949,0.2,0.12,80.0,300.0,25.0,1,0.55,350.0
3.8777283980561803,1.48623290629645,120.00600000000094,1.6897299764563325,0.2,0.12,40.0,600.0,50.0,1,0.55,700.0
3.879612757976258,1.4850841673920556,120.00600000000094,1.6983959730976816,0.35,0.35,15.0,300.0,25.0,1,0.25,150.0
3.879768335121359,1.4845881207098186,120.00600000000094,1.7002577554615037,0.35,0.35,80.0,300.0,12.5,1,0.25,150.0
3.881025629418679,1.4857163923247565,120.00600000000094,1.7006263916968827,0.35,0.35,40.0,300.0,25.0,1,0.25,150.0
3.881064171336992,1.4893486402626357,120.00600000000094,1.690358660212407,0.2,0.12,15.0,300.0,25.0,1,0.55,350.0
3.883622366759762,1.4916587318239731,120.00600000000094,1.6910675283879277,0.2,0.08,40.0,600.0,25.0,1,0.55,700.0
3.883747700828045,1.487674776439147,120.00600000000094,1.7028083553968116,0.35,0.35,80.0,300.0,25.0,1,0.25,150.0
3.8838806297099056,1.4890559113587647,120.00600000000094,1.6992420524317913,0.2,0.12,80.0,300.0,50.0,1,0.55,350.0
3.884344580789755,1.4759943740760357,120.00600000000094,1.7378863048963014,0.35,0.12,80.0,600.0,12.5,1,0.35,350.0
3.8847531588767206,1.49328433273581,120.00600000000094,1.6896537889739902,0.2,0.08,15.0,300.0,12.5,1,0.55,350.0
3.885004332448344,1.4904633127230564,120.00600000000094,1.6984314849293525,0.2,0.12,40.0,300.0,50.0,1,0.55,350.0
3.8859728249407914,1.479292525372238,120.00600000000094,1.733115141624399,0.35,0.12,15.0,600.0,25.0,1,0.35,350.0
3.886585687406587,1.4900353180499692,120.00600000000094,1.7041724838760108,0.35,0.35,40.0,300.0,50.0,1,0.25,150.0
3.8873128025397428,1.4931957046599222,120.00600000000094,1.697220279656591,0.2,0.08,80.0,600.0,25.0,1,0.55,700.0
3.8873332197978554,1.4904691860742973,120.00600000000094,1.7050686677815539,0.35,0.35,80.0,300.0,50.0,1,0.25,150.0
3.8874586561396587,1.4789331554566265,120.00600000000094,1.738387144808623,0.35,0.12,40.0,600.0,25.0,1,0.35,350.0
3.887470003147844,1.4932690139497091,120.00600000000094,1.6974599691374892,0.2,0.08,40.0,300.0,12.5,1,0.55,350.0
3.887520147364251,1.4910733760256423,120.00600000000094,1.7038764895388432,0.35,0.35,15.0,300.0,50.0,1,0.25,150.0
3.8893642081336166,1.4816734823868332,120.00600000000094,1.7360020735621984,0.35,0.08,15.0,600.0,12.5,1,0.35,350.0
3.8895306102942726,1.5044313421810345,120.00600000000094,1.67145505175207,0.2,0.22,15.0,600.0,12.5,1,0.35,700.0
3.889574771897662,1.4900021930927572,120.00600000000094,1.7128073680139744,0.35,0.22,15.0,300.0,12.5,1,0.25,150.0
3.8926963398905654,1.4823437520600236,120.00600000000094,1.743607393801508,0.35,0.12,80.0,600.0,25.0,1,0.35,350.0
3.892723440275957,1.4973918291923425,120.00600000000094,1.700690317381716,0.2,0.12,15.0,300.0,50.0,1,0.55,350.0
3.8950037362977716,1.4983759908596745,120.00600000000094,1.7043935583945227,0.2,0.08,80.0,300.0,12.5,1,0.55,350.0
3.8959426641680532,1.5066404159312714,120.00600000000094,1.683463566390765,0.2,0.35,80.0,600.0,12.5,1,0.35,700.0
3.89643833561201,1.4947774719539018,120.00600000000094,1.7187738961659826,0.35,0.22,40.0,300.0,12.5,1,0.25,150.0
3.896926614840336,1.5033543574917838,120.00600000000094,1.6956635924243952,0.2,0.12,15.0,600.0,50.0,1,0.55,700.0
3.8985470012879193,1.5067122145569538,120.00600000000094,1.6906993906598606,0.2,0.08,15.0,600.0,25.0,1,0.55,700.0
3.899098225106883,1.4876699696840536,120.00600000000094,1.746680729779473,0.35,0.12,40.0,600.0,50.0,1,0.35,350.0
3.900026450017678,1.50294245369837,120.00600000000094,1.7056971323408407,0.2,0.08,80.0,600.0,50.0,1,0.55,700.0
3.9001858693504943,1.503016643309029,120.00600000000094,1.705940645832718,0.2,0.08,40.0,300.0,25.0,1,0.55,350.0
3.9002780675896283,1.488101349959114,120.00600000000094,1.7488191932300015,0.35,0.12,80.0,600.0,50.0,1,0.35,350.0
3.9008293634124382,1.4995789901201495,120.00600000000094,1.717601066549357,0.35,0.35,15.0,600.0,12.5,1,0.25,350.0
3.902047026508721,1.4908099891316404,120.00600000000094,1.7461343925059045,0.35,0.12,15.0,600.0,50.0,1,0.35,350.0
3.902116500493639,1.489568530854339,120.00600000000094,1.7498799132551044,0.35,0.08,40.0,600.0,12.5,1,0.35,350.0
3.9021184539918927,1.5038470087524363,120.00600000000094,1.7090898435412647,0.2,0.08,80.0,300.0,25.0,1,0.55,350.0
3.9023382907970054,1.4992099349170742,120.00600000000094,1.7229667310854782,0.35,0.22,80.0,300.0,12.5,1,0.25,150.0
3.9025080206144906,1.4999741201961985,120.00600000000094,1.7212682869093667,0.35,0.22,15.0,300.0,25.0,1,0.25,150.0
3.9027836859891387,1.5061015080510256,120.00600000000094,1.7045490798231402,0.2,0.08,40.0,600.0,50.0,1,0.55,700.0
3.9029141477573774,1.5140425417236092,120.00600000000094,1.682233160096441,0.2,0.35,15.0,300.0,12.5,1,0.35,350.0
3.9034599598157933,1.5113979613355457,120.00600000000094,1.6913485670863815,0.2,0.22,40.0,600.0,12.5,1,0.35,700.0
3.903683279969276,1.5139109597633116,120.00600000000094,1.6848066291598587,0.2,0.35,40.0,600.0,25.0,1,0.35,700.0
3.903721675459113,1.5004410296023338,120.00600000000094,1.7234018453050444,0.35,0.22,40.0,300.0,25.0,1,0.25,150.0
3.906242820437728,1.5092619891799806,120.00600000000094,1.7054023750220966,0.2,0.08,15.0,300.0,25.0,1,0.55,350.0
3.906422302485236,1.5023692262510364,120.00600000000094,1.7256087892405305,0.35,0.22,80.0,300.0,25.0,1,0.25,150.0
3.908577815651152,1.508782609480422,120.00600000000094,1.713443446202047,0.2,0.08,80.0,300.0,50.0,1,0.55,350.0
3.909410564225384,1.5048430153655372,120.00600000000094,1.7270787110280934,0.35,0.22,40.0,300.0,50.0,1,0.25,150.0
3.9098283993563516,1.5102429757320053,120.00600000000094,1.7128440674980927,0.2,0.08,40.0,300.0,50.0,1,0.55,350.0
3.9101006650615617,1.505227589740171,120.00600000000094,1.7279516437753617,0.35,0.22,80.0,300.0,50.0,1,0.25,150.0
3.910517402507307,1.5060091388853607,120.00600000000094,1.7269093246340927,0.35,0.22,15.0,300.0,50.0,1,0.25,150.0
3.911516435881626,1.518810216956795,120.00600000000094,1.6931891969280486,0.2,0.35,80.0,600.0,25.0,1,0.35,700.0
3.9116704592042044,1.5188790076946146,120.00600000000094,1.693432718598789,0.2,0.35,40.0,300.0,12.5,1,0.35,350.0
3.9124620579939497,1.5244330951421972,120.00600000000094,1.6798256081478242,0.2,0.35,15.0,600.0,25.0,1,0.35,700.0
3.9139100177613884,1.4979793808463602,120.00600000000094,1.7595446769000411,0.35,0.08,80.0,600.0,12.5,1,0.35,350.0
3.915866254371122,1.501419914801683,120.00600000000094,1.7553038273412145,0.35,0.08,15.0,600.0,25.0,1,0.35,350.0
3.91621003875557,1.5129125733456357,120.00600000000094,1.7234499011712003,0.2,0.35,15.0,100.0,12.5,1,0.55,150.0
3.917221391868236,1.5010412429612812,120.00600000000094,1.7602575683055448,0.35,0.08,40.0,600.0,25.0,1,0.35,350.0
3.9177338539790716,1.5172137883989292,120.00600000000094,1.7155144730860814,0.2,0.08,15.0,300.0,50.0,1,0.55,350.0
3.917898458478097,1.511223739318248,120.00600000000094,1.733099197599529,0.35,0.35,40.0,600.0,12.5,1,0.25,350.0
3.919112182818386,1.5138852542088088,120.00600000000094,1.72896265317018,0.2,0.35,40.0,100.0,12.5,1,0.55,150.0
3.9223366317355173,1.5265933726852803,120.00600000000094,1.7018664544292093,0.2,0.35,80.0,300.0,12.5,1,0.35,350.0
3.922409584209962,1.5233251457829287,120.00600000000094,1.7114126812200554,0.2,0.08,15.0,600.0,50.0,1,0.55,700.0
3.922431930291746,1.5044474326123232,120.00600000000094,1.7654128505125974,0.35,0.08,80.0,600.0,25.0,1,0.35,350.0
3.9230693790605233,1.5164925796336715,120.00600000000094,1.7328194269338235,0.2,0.35,80.0,100.0,12.5,1,0.55,150.0
3.9237650396026686,1.5260986458117707,120.00600000000094,1.7073611251168113,0.2,0.22,80.0,600.0,12.5,1,0.35,700.0
3.924724205900161,1.5152464767136764,120.00600000000094,1.7411077976756304,0.35,0.22,15.0,600.0,12.5,1,0.25,350.0
3.924782208051573,1.5181982614159244,120.00600000000094,1.7328398475303834,0.2,0.35,40.0,100.0,25.0,1,0.55,150.0
3.9261605332190137,1.5188589725344996,120.00600000000094,1.7348901733842859,0.2,0.35,80.0,100.0,25.0,1,0.55,150.0
3.926194901776052,1.5302745183086874,120.00600000000094,1.702372524192431,0.2,0.35,80.0,600.0,50.0,1,0.35,700.0
3.926253253179528,1.5202675520388398,120.00600000000094,1.7311305746876413,0.2,0.35,15.0,100.0,25.0,1,0.55,150.0
3.926349944649962,1.5303437058952343,120.00600000000094,1.7026178250134671,0.2,0.35,40.0,300.0,25.0,1,0.35,350.0
3.9266287113363454,1.531682864660335,120.00600000000094,1.69958813335999,0.2,0.35,40.0,600.0,50.0,1,0.35,700.0
3.9290102199294994,1.5098711810957801,120.00600000000094,1.7687115395248734,0.35,0.08,40.0,600.0,50.0,1,0.35,350.0
3.9290205713416566,1.5210304855442711,120.00600000000094,1.7368573879924891,0.2,0.35,80.0,100.0,50.0,1,0.55,150.0
3.929221440002464,1.5214911329972287,120.00600000000094,1.736115162872061,0.2,0.35,40.0,100.0,50.0,1,0.55,150.0
3.929277945089157,1.5342934159695885,120.00600000000094,1.6996986546272987,0.2,0.35,15.0,300.0,25.0,1,0.35,350.0
3.930145589454098,1.510293963115926,120.00600000000094,1.7707475038233091,0.35,0.08,80.0,600.0,50.0,1,0.35,350.0
3.930434255178733,1.532904538336353,120.00600000000094,1.7069706195496175,0.2,0.35,80.0,300.0,25.0,1,0.35,350.0
3.9314189989865005,1.5231573550187705,120.00600000000094,1.7376332684791889,0.35,0.35,15.0,600.0,25.0,1,0.25,350.0
3.931605055857461,1.5341839964110038,120.00600000000094,1.7066601698469812,0.2,0.22,15.0,300.0,12.5,1,0.35,350.0
3.931997257427423,1.5129665554582994,120.00600000000094,1.7684020056260272,0.35,0.08,15.0,600.0,50.0,1,0.35,350.0
3.93204686631798,1.5242138122755136,120.00600000000094,1.7364087258355794,0.2,0.35,15.0,100.0,50.0,1,0.55,150.0
3.932117620559638,1.5338457449043288,120.00600000000094,1.7090910733008438,0.2,0.22,40.0,600.0,25.0,1,0.35,700.0
3.9321382327119094,1.5218179542016674,120.00600000000094,1.743515081457793,0.35,0.35,80.0,600.0,12.5,1,0.25,350.0
3.9346722436894765,1.5242500754836559,120.00600000000094,1.7438061948737333,0.35,0.35,40.0,600.0,25.0,1,0.25,350.0
3.9379352816006277,1.538744902159804,120.00600000000094,1.7117153698308842,0.2,0.35,80.0,300.0,50.0,1,0.35,350.0
3.938017542792238,1.5393280790320025,120.00600000000094,1.7102841821720614,0.2,0.35,40.0,300.0,50.0,1,0.35,350.0
3.939643203821014,1.5384758287880553,120.00600000000094,1.7173639286655564,0.2,0.22,80.0,600.0,25.0,1,0.35,700.0
3.9397949973408393,1.5385439626860822,120.00600000000094,1.7176029561564092,0.2,0.22,40.0,300.0,12.5,1,0.35,350.0
3.9414920481393554,1.529045614297683,120.00600000000094,1.749589810976167,0.35,0.35,80.0,600.0,25.0,1,0.25,350.0
3.941500144073326,1.5265511812685222,120.00600000000094,1.7567398937279717,0.35,0.22,40.0,600.0,12.5,1,0.25,350.0
3.9457232471011094,1.533733183840467,120.00600000000094,1.748285895030366,0.2,0.22,15.0,100.0,12.5,1,0.55,150.0
3.946971617312211,1.5318408347817112,120.00600000000094,1.757259378658531,0.35,0.12,15.0,300.0,12.5,1,0.25,150.0
3.9481664133887104,1.534659052219884,120.00600000000094,1.7526210319108917,0.35,0.35,40.0,600.0,50.0,1,0.25,350.0
3.9483253122489104,1.5344738121289248,120.00600000000094,1.7536042860570622,0.2,0.22,40.0,100.0,12.5,1,0.55,150.0
3.9500902987467565,1.5357100909842996,120.00600000000094,1.755114879321267,0.35,0.35,80.0,600.0,50.0,1,0.25,350.0
3.951031228341762,1.5378261805687092,120.00600000000094,1.7517572793515388,0.35,0.35,15.0,600.0,50.0,1,0.25,350.0
3.952241688623047,1.5370393020789346,120.00600000000094,1.7574639615545669,0.2,0.22,80.0,100.0,12.5,1,0.55,150.0
3.9537205502363575,1.5364496789246136,120.00600000000094,1.7633739180335133,0.35,0.12,40.0,300.0,12.5,1,0.25,150.0
3.9541062402292892,1.538856111375477,120.00600000000094,1.75760036815371,0.2,0.22,40.0,100.0,25.0,1,0.55,150.0
3.9553982131211343,1.5394488197096619,120.00600000000094,1.7595982668898817,0.2,0.22,80.0,100.0,25.0,1,0.55,150.0
3.9558903186178678,1.5411438855754165,120.00600000000094,1.7561612372641062,0.2,0.22,15.0,100.0,25.0,1,0.55,150.0
3.9558907990772,1.5372073216540392,120.00600000000094,1.7674099354947055,0.35,0.22,80.0,600.0,12.5,1,0.25,350.0
3.956038817243133,1.5392663466123606,120.00600000000094,1.7619499160878804,0.35,0.22,15.0,600.0,25.0,1,0.25,350.0
3.9583131442667794,1.5416545414636826,120.00600000000094,1.7616245794373806,0.2,0.22,80.0,100.0,50.0,1,0.55,150.0
3.95861068256035,1.5421835835328663,120.00600000000094,1.7609631400784853,0.2,0.22,40.0,100.0,50.0,1,0.55,150.0
3.958734654472997,1.539895372966328,120.00600000000094,1.767855090019015,0.35,0.22,40.0,600.0,25.0,1,0.25,350.0
3.959712851062322,1.5409099791478116,120.00600000000094,1.7677510626128472,0.35,0.12,80.0,300.0,12.5,1,0.25,150.0
3.960283585641958,1.5420210215393764,120.00600000000094,1.7662073260073368,0.35,0.12,15.0,300.0,25.0,1,0.25,150.0
3.961279708926951,1.5422969641104034,120.00600000000094,1.7682649851900956,0.35,0.12,40.0,300.0,25.0,1,0.25,150.0
3.9616700680757297,1.545057596897505,120.00600000000094,1.7614927747948892,0.2,0.22,15.0,100.0,50.0,1,0.55,150.0
3.963960000971605,1.54418269617497,120.00600000000094,1.7705351565617755,0.35,0.12,80.0,300.0,25.0,1,0.25,150.0
3.965496803468571,1.5446100445541258,120.00600000000094,1.773705025469805,0.35,0.22,80.0,600.0,25.0,1,0.25,350.0
3.967150153671655,1.5468070832023646,120.00600000000094,1.7721516299122186,0.35,0.12,40.0,300.0,50.0,1,0.25,150.0
3.967775868295843,1.5471324094064491,120.00600000000094,1.7730098825410863,0.35,0.12,80.0,300.0,50.0,1,0.25,150.0
3.968431418491566,1.5481010647043527,120.00600000000094,1.772115296534856,0.35,0.12,15.0,300.0,50.0,1,0.25,150.0
3.9725549491230274,1.5505126561635814,120.00600000000094,1.777006551312663,0.35,0.22,40.0,600.0,50.0,1,0.25,350.0
3.974324314032926,1.551431603308302,120.00600000000094,1.779436316356028,0.35,0.22,80.0,600.0,50.0,1,0.25,350.0
3.9759139698524915,1.5540447235208934,120.00600000000094,1.7765121323759547,0.35,0.22,15.0,600.0,50.0,1,0.25,350.0
3.980426660229327,1.5572676032052841,120.00600000000094,1.7801973057829392,0.35,0.08,15.0,300.0,12.5,1,0.25,150.0
3.984418631449984,1.5586316351016691,120.00600000000094,1.7877057038522877,0.35,0.12,15.0,600.0,12.5,1,0.25,350.0
3.9871992305855315,1.5619141288880276,120.00600000000094,1.7862717191356867,0.35,0.08,40.0,300.0,12.5,1,0.25,150.0
3.9932526588307162,1.5664228404778007,120.00600000000094,1.7906851952940048,0.35,0.08,80.0,300.0,12.5,1,0.25,150.0
3.9939035780688905,1.5675573220498067,120.00600000000094,1.789303588625915,0.35,0.08,15.0,300.0,25.0,1,0.25,150.0
3.994888815285139,1.5678536961522944,120.00600000000094,1.7912717689509443,0.35,0.08,40.0,300.0,25.0,1,0.25,150.0
3.99758099784832,1.5697543558857554,120.00600000000094,1.7935332627501448,0.35,0.08,80.0,300.0,25.0,1,0.25,150.0
3.9991105635572763,1.5731384720372343,120.00600000000094,1.78823454720008,0.2,0.12,15.0,100.0,12.5,1,0.55,150.0
4.000840071078848,1.5724190644270049,120.00600000000094,1.7952314475766538,0.35,0.08,40.0,300.0,50.0,1,0.25,150.0
4.0008621252316505,1.569466439258022,120.00600000000094,1.8037305313531857,0.35,0.12,40.0,600.0,12.5,1,0.25,350.0
4.0011862407237615,1.5734955209899357,120.00600000000094,1.7931449135251756,0.2,0.12,40.0,100.0,12.5,1,0.55,150.0
4.001461819572686,1.5727501182500037,120.00600000000094,1.7960620037790533,0.35,0.08,80.0,300.0,50.0,1,0.25,150.0
4.00211967027461,1.5736861815572705,120.00600000000094,1.7952671106209308,0.35,0.08,15.0,300.0,50.0,1,0.25,150.0
4.005002316049647,1.5759743182030141,120.00600000000094,1.7969657081331973,0.2,0.12,80.0,100.0,12.5,1,0.55,150.0
4.007125315633319,1.5779735291501795,120.00600000000094,1.7973193899517856,0.2,0.12,40.0,100.0,25.0,1,0.55,150.0
4.008260528177848,1.578450863318998,120.00600000000094,1.7991990424538185,0.2,0.12,80.0,100.0,25.0,1,0.55,150.0
4.009390145703452,1.5805767903040024,120.00600000000094,1.7963524439983853,0.2,0.12,15.0,100.0,25.0,1,0.55,150.0
4.0112533054444475,1.5807036737734963,120.00600000000094,1.8013132333455346,0.2,0.12,80.0,100.0,50.0,1,0.55,150.0
4.011703547597267,1.5813343437361702,120.00600000000094,1.8007977253173795,0.2,0.12,40.0,100.0,50.0,1,0.55,150.0
4.015082160260617,1.5843981775512166,120.00600000000094,1.80169709345539,0.2,0.12,15.0,100.0,50.0,1,0.55,150.0
4.0154680663948845,1.5801785405352684,120.00600000000094,1.8148557881702907,0.35,0.12,80.0,600.0,12.5,1,0.25,350.0
4.0167027931190935,1.5831692499753411,120.00600000000094,1.8098386946963962,0.35,0.12,15.0,600.0,25.0,1,0.25,350.0
4.0185868895325205,1.584346171251675,120.00600000000094,1.8118591950880887,0.35,0.08,15.0,600.0,12.5,1,0.25,350.0
4.018771147303547,1.5832564001499678,120.00600000000094,1.8154992775816157,0.35,0.12,40.0,600.0,25.0,1,0.25,350.0
4.02546418197817,1.5878506960466923,120.00600000000094,1.8214956740898967,0.35,0.12,80.0,600.0,25.0,1,0.25,350.0
4.033038990781799,1.5941349361245054,120.00600000000094,1.8251830133065123,0.35,0.12,40.0,600.0,50.0,1,0.25,350.0
4.034626465113712,1.5948920900979342,120.00600000000094,1.827555357187898,0.35,0.12,80.0,600.0,50.0,1,0.25,350.0
4.0350444668331935,1.5952444234393428,120.00600000000094,1.827742981125249,0.35,0.08,40.0,600.0,12.5,1,0.25,350.0
4.036902987725692,1.5980281033840997,120.00600000000094,1.8250996695473662,0.35,0.12,15.0,600.0,50.0,1,0.25,350.0
4.051991151155372,1.4401349096885752,140.0070000000011,1.4621464041908,0.1,0.35,15.0,300.0,50.0,1,0.25,150.0
4.058112363776883,1.4434315882834792,140.0070000000011,1.4702165014096775,0.1,0.22,40.0,300.0,25.0,1,0.25,150.0
4.059580908429435,1.4448201440840411,140.0070000000011,1.4704450409867922,0.1,0.35,40.0,600.0,12.5,1,0.25,350.0
4.059731912318917,1.4449799445319969,140.0070000000011,1.4704199079625795,0.1,0.22,80.0,300.0,25.0,1,0.25,150.0
4.063058175231354,1.447630885403289,140.0070000000011,1.4723493995087096,0.1,0.22,40.0,300.0,50.0,1,0.25,150.0
4.0630653601624065,1.4477691388345906,140.0070000000011,1.4719749180794262,0.1,0.22,80.0,300.0,50.0,1,0.25,150.0
4.065177518607428,1.449144930420151,140.0070000000011,1.4740788233921749,0.1,0.22,15.0,300.0,50.0,1,0.25,150.0
4.069947488904938,1.4540368044665215,140.0070000000011,1.473730526966855,0.1,0.35,80.0,600.0,12.5,1,0.25,350.0
4.071936943208403,1.452678824831813,140.0070000000011,1.483294623933068,0.1,0.12,15.0,300.0,12.5,1,0.25,150.0
4.073425629649204,1.4543400031277505,140.0070000000011,1.4828017900612511,0.1,0.22,40.0,600.0,12.5,1,0.25,350.0
4.074916691409167,1.4576457922509682,140.0070000000011,1.4776168547376651,0.1,0.35,40.0,600.0,25.0,1,0.25,350.0
4.075448315115919,1.4561953519959783,140.0070000000011,1.4832798946283554,0.1,0.12,40.0,300.0,12.5,1,0.25,150.0
4.077850943150824,1.4591840118181392,140.0070000000011,1.4816055180933367,0.1,0.35,15.0,600.0,25.0,1,0.25,350.0
4.078677595006999,1.4612219507313433,140.0070000000011,1.4781446979303983,0.1,0.35,80.0,600.0,25.0,1,0.25,350.0
4.079891757712,1.4601454014014974,140.0070000000011,1.4846895894585304,0.1,0.12,80.0,300.0,12.5,1,0.25,150.0
4.082130644780563,1.4617728818709324,140.0070000000011,1.4864364654560416,0.1,0.12,40.0,300.0,25.0,1,0.25,150.0
4.083008005456886,1.4621044278269082,140.0070000000011,1.487995936085603,0.1,0.12,15.0,300.0,25.0,1,0.25,150.0
4.083724178083116,1.4632934593178655,140.0070000000011,1.4866449107578141,0.1,0.12,80.0,300.0,25.0,1,0.25,150.0
4.083750938402917,1.4635098699540112,140.0070000000011,1.4861030527111134,0.1,0.22,80.0,600.0,12.5,1,0.25,350.0
4.085623695246336,1.4639173151894338,140.0070000000011,1.4902896573053879,0.1,0.08,15.0,300.0,12.5,1,0.25,150.0
4.086497850467702,1.4677636550294757,140.0070000000011,1.4817977012520278,0.1,0.35,80.0,600.0,50.0,1,0.25,350.0
4.086620712628243,1.4675719400757792,140.0070000000011,1.482696493006992,0.1,0.35,40.0,600.0,50.0,1,0.25,350.0
4.087092891684826,1.4661056670468082,140.0070000000011,1.4882349275371465,0.1,0.12,80.0,300.0,50.0,1,0.25,150.0
4.087098987928271,1.6266099696948138,120.00600000000094,1.8868543378098377,0.35,0.22,15.0,600.0,25.0,1,0.55,700.0
4.087116119614326,1.465993441138562,140.0070000000011,1.4886219385021384,0.1,0.12,40.0,300.0,50.0,1,0.25,150.0
4.0888519651802175,1.4672229997741013,140.0070000000011,1.4900684725888553,0.1,0.22,40.0,600.0,25.0,1,0.25,350.0
4.089129143655648,1.4674336424272039,140.0070000000011,1.4902585749383646,0.1,0.08,40.0,300.0,12.5,1,0.25,150.0
4.089302127127241,1.4675562709786594,140.0070000000011,1.4904024461387582,0.1,0.12,15.0,300.0,50.0,1,0.25,150.0
4.090051513077517,1.6261085012569831,120.00600000000094,1.8967228909157727,0.35,0.12,15.0,600.0,12.5,1,0.55,700.0
4.091455186231324,1.4663122564361248,140.0070000000011,1.5001083708433798,0.1,0.12,15.0,600.0,12.5,1,0.25,350.0
4.092030833081056,1.468951406803431,140.0070000000011,1.4942126465074528,0.1,0.22,15.0,600.0,25.0,1,0.25,350.0
4.09234759453724,1.63536648330359,120.00600000000094,1.876831746381818,0.35,0.35,15.0,600.0,12.5,1,0.35,700.0
4.0925412602206865,1.4707354753632054,140.0070000000011,1.4905736710213275,0.1,0.22,80.0,600.0,25.0,1,0.25,350.0
4.092824267128552,1.472146294882653,140.0070000000011,1.4873513492739503,0.1,0.35,15.0,600.0,50.0,1,0.25,350.0
4.093585691139218,1.471394313249124,140.0070000000011,1.4916753654002204,0.1,0.08,80.0,300.0,12.5,1,0.25,150.0
4.09419155775871,1.627742869086597,120.00600000000094,1.9038819676345684,0.35,0.22,15.0,300.0,12.5,1,0.55,350.0
4.095851930879759,1.4730415325351824,140.0070000000011,1.4934439952701715,0.1,0.08,40.0,300.0,25.0,1,0.25,150.0
4.096741381288689,1.473375855220074,140.0070000000011,1.4950300744817118,0.1,0.08,15.0,300.0,25.0,1,0.25,150.0
4.096859990852743,1.4661849275427838,140.0070000000011,1.5159144665998363,0.1,0.35,40.0,600.0,12.5,1,0.35,700.0
4.096925736925188,1.465854468563742,140.0070000000011,1.5170464810326563,0.1,0.35,15.0,600.0,12.5,1,0.35,700.0
4.097444807087301,1.4745628791111665,140.0070000000011,1.4936483656460526,0.1,0.08,80.0,300.0,25.0,1,0.25,150.0
4.098658938051133,1.4736341607986332,140.0070000000011,1.4997707921499517,0.1,0.12,40.0,600.0,12.5,1,0.25,350.0
4.099824554344686,1.6307974769045792,120.00600000000094,1.911248792685978,0.35,0.22,40.0,600.0,25.0,1,0.55,700.0
4.100406030068589,1.477305094351137,140.0070000000011,1.4942741020498163,0.1,0.22,80.0,600.0,50.0,1,0.25,350.0
4.100602826654482,1.4771716859616244,140.0070000000011,1.4952175448366885,0.1,0.22,40.0,600.0,50.0,1,0.25,350.0
4.100833658324663,1.477390215635646,140.0070000000011,1.4952526933971433,0.1,0.08,80.0,300.0,50.0,1,0.25,150.0
4.100860969432359,1.4772791755882824,140.0070000000011,1.4956479824116007,0.1,0.08,40.0,300.0,50.0,1,0.25,150.0
4.103051915705238,1.478839800717034,140.0070000000011,1.4974488999662485,0.1,0.08,15.0,300.0,50.0,1,0.25,150.0
4.105789004447512,1.4780796277721644,140.0070000000011,1.5074410762152324,0.1,0.08,15.0,600.0,12.5,1,0.25,350.0
4.106982665158518,1.4818717541001576,140.0070000000011,1.5000168887381244,0.1,0.22,15.0,600.0,50.0,1,0.25,350.0
4.108976288864382,1.4827666504758241,140.0070000000011,1.5031561096815471,0.1,0.12,80.0,600.0,12.5,1,0.25,350.0
4.1109216926323064,1.4780552931394242,140.0070000000011,1.5221754271224728,0.1,0.35,80.0,600.0,12.5,1,0.35,700.0
4.112967314817875,1.4853952744843535,140.0070000000011,1.507048686667158,0.1,0.08,40.0,600.0,12.5,1,0.25,350.0
4.114262868212301,1.4866336452793125,140.0070000000011,1.5072120655227774,0.1,0.12,40.0,600.0,25.0,1,0.25,350.0
4.114586864373741,1.4787737524268845,140.0070000000011,1.5305946055623993,0.1,0.22,40.0,600.0,12.5,1,0.35,700.0
4.115322639542176,1.478998336971915,140.0070000000011,1.5320551502006967,0.1,0.22,15.0,600.0,12.5,1,0.35,700.0
4.116027613238657,1.6409044303990477,120.00600000000094,1.9286662366845575,0.35,0.22,80.0,600.0,25.0,1,0.55,700.0
4.116182176300954,1.6409748024015678,120.00600000000094,1.928906782569635,0.35,0.22,40.0,300.0,12.5,1,0.55,350.0
4.117716508228671,1.488586817840185,140.0070000000011,1.5114991153956263,0.1,0.12,15.0,600.0,25.0,1,0.25,350.0
4.117881059472821,1.4900727021565408,140.0070000000011,1.507723878046467,0.1,0.12,80.0,600.0,25.0,1,0.25,350.0
4.119288604271488,1.6457249944822203,120.00600000000094,1.924210313683582,0.35,0.08,15.0,600.0,12.5,1,0.55,700.0
4.122241240594571,1.6551606184565926,120.00600000000094,1.9056874918227567,0.35,0.22,15.0,600.0,12.5,1,0.35,700.0
4.122799854113346,1.487602365277767,140.0070000000011,1.5288356823873224,0.1,0.35,40.0,600.0,25.0,1,0.35,700.0
4.123313239628197,1.4945525957460337,140.0070000000011,1.5104446968061336,0.1,0.08,80.0,600.0,12.5,1,0.25,350.0
4.1245177893266725,1.6494499757820134,120.00600000000094,1.9285080386989868,0.35,0.22,15.0,300.0,25.0,1,0.55,350.0
4.124712271872415,1.4890950624945851,140.0070000000011,1.530034883936611,0.1,0.35,15.0,300.0,12.5,1,0.35,350.0
4.125492094750136,1.64940704937637,120.00600000000094,1.9314144153535786,0.35,0.22,40.0,600.0,50.0,1,0.55,700.0
4.1255599762055715,1.4899955202899804,140.0070000000011,1.5298841597587853,0.1,0.35,80.0,600.0,25.0,1,0.35,700.0
4.125717469758159,1.4900640547833726,140.0070000000011,1.5301383284993448,0.1,0.35,40.0,300.0,12.5,1,0.35,350.0
4.125833423783581,1.4966993247795841,140.0070000000011,1.511511711439944,0.1,0.12,80.0,600.0,50.0,1,0.25,350.0
4.126114070804263,1.4966359339197475,140.0070000000011,1.5124946768128538,0.1,0.12,40.0,600.0,50.0,1,0.25,350.0
4.127956311059289,1.6543637603020145,120.00600000000094,1.9242930021636007,0.35,0.22,15.0,600.0,50.0,1,0.55,700.0
4.128533622000515,1.648015054332341,120.00600000000094,1.9440816219090298,0.35,0.12,40.0,600.0,12.5,1,0.55,700.0
4.128549764714059,1.4905424110304868,140.0070000000011,1.5368638676672994,0.1,0.22,80.0,600.0,12.5,1,0.35,700.0
4.1286694759113525,1.4984684398742307,140.0070000000011,1.5145601029631575,0.1,0.08,40.0,600.0,25.0,1,0.25,350.0
4.131685342672097,1.652466901725533,120.00600000000094,1.9403669741329987,0.35,0.22,80.0,600.0,50.0,1,0.55,700.0
4.131791226337469,1.651519225358093,120.00600000000094,1.943377145655322,0.35,0.22,80.0,300.0,12.5,1,0.55,350.0
4.1318424781857415,1.65253853816696,120.00600000000094,1.940611257196478,0.35,0.22,40.0,300.0,25.0,1,0.55,350.0
4.132163097091574,1.5004319211739092,140.0070000000011,1.518931931193282,0.1,0.08,15.0,600.0,25.0,1,0.25,350.0
4.132281879736657,1.5019077636496792,140.0070000000011,1.5150546173913175,0.1,0.08,80.0,600.0,25.0,1,0.25,350.0
4.132686405011521,1.501473794514698,140.0070000000011,1.5174503157051622,0.1,0.12,15.0,600.0,50.0,1,0.25,350.0
4.133052751832698,1.496222937783433,140.0070000000011,1.5334994687121366,0.1,0.35,80.0,300.0,12.5,1,0.35,350.0
4.137570824754136,1.4913300626057107,140.0070000000011,1.5603878918525964,0.1,0.12,40.0,100.0,12.5,1,0.55,150.0
4.138477637330691,1.6634640217800147,120.00600000000094,1.928353187287607,0.35,0.35,40.0,600.0,12.5,1,0.35,700.0
4.138961112897325,1.5010350805564758,140.0070000000011,1.5366315209738102,0.1,0.35,80.0,600.0,50.0,1,0.35,700.0
4.1391194717020765,1.5011037910901974,140.0070000000011,1.536887658891037,0.1,0.35,40.0,300.0,25.0,1,0.35,350.0
4.13929977320553,1.4926481189489402,140.0070000000011,1.5615618693044957,0.1,0.12,80.0,100.0,12.5,1,0.55,150.0
4.140072220944929,1.4936400190299968,140.0070000000011,1.5609348626140458,0.1,0.12,15.0,100.0,12.5,1,0.55,150.0
4.140183368640641,1.6577550567372366,120.00600000000094,1.9495380340096886,0.35,0.22,80.0,300.0,25.0,1,0.55,350.0
4.140282793205786,1.508570940239277,140.0070000000011,1.5188767227614086,0.1,0.08,80.0,600.0,50.0,1,0.25,350.0
4.140576890799496,1.508511562019916,140.0070000000011,1.5198866536558957,0.1,0.08,40.0,600.0,50.0,1,0.25,350.0
4.1406219661989985,1.5023926636044453,140.0070000000011,1.537498007412962,0.1,0.35,80.0,300.0,25.0,1,0.35,350.0
4.140776973902034,1.5003523292991086,140.0070000000011,1.5437704131511691,0.1,0.22,40.0,600.0,25.0,1,0.35,700.0
4.142125717863966,1.4949262117979596,140.0070000000011,1.5631271601885415,0.1,0.12,80.0,100.0,25.0,1,0.55,150.0
4.142157222606585,1.5035448133225693,140.0070000000011,1.5385925979542825,0.1,0.35,15.0,600.0,25.0,1,0.35,700.0
4.1425269055067,1.4953389180800962,140.0070000000011,1.5630942497902496,0.1,0.12,40.0,100.0,25.0,1,0.55,150.0
4.1428403177703235,1.5019606511057015,140.0070000000011,1.5450704761845853,0.1,0.22,15.0,300.0,12.5,1,0.35,350.0
4.142848457966208,1.504204915397545,140.0070000000011,1.5386815501961324,0.1,0.35,40.0,600.0,50.0,1,0.35,700.0
4.1433360042930945,1.5025829932899721,140.0070000000011,1.544708602866017,0.1,0.22,80.0,600.0,25.0,1,0.35,700.0
4.143491880188478,1.5026510407286695,140.0070000000011,1.5449595413136916,0.1,0.22,40.0,300.0,12.5,1,0.35,350.0
4.144613851356051,1.496937072042582,140.0070000000011,1.5644907980384368,0.1,0.12,80.0,100.0,50.0,1,0.55,150.0
4.145047035177347,1.6620506711575782,120.00600000000094,1.9511610400564423,0.35,0.22,40.0,300.0,50.0,1,0.55,350.0
4.145091130194642,1.6633739185068395,120.00600000000094,1.9475063191079667,0.35,0.22,15.0,300.0,50.0,1,0.55,350.0
4.145401821230208,1.502448564133017,140.0070000000011,1.5509950202776412,0.1,0.12,40.0,600.0,12.5,1,0.35,700.0
4.146051683057162,1.498169905981068,140.0070000000011,1.565076505931649,0.1,0.12,40.0,100.0,50.0,1,0.55,150.0
4.146509066376832,1.4851458418156998,140.0070000000011,1.6035949273174734,0.2,0.08,40.0,300.0,12.5,1,0.25,150.0
4.14706894827342,1.5034551469479285,140.0070000000011,1.5528822895013559,0.1,0.12,15.0,600.0,12.5,1,0.35,700.0
4.147126456970958,1.5076527090924818,140.0070000000011,1.5410535653670272,0.1,0.35,15.0,300.0,25.0,1,0.35,350.0
4.147164983072675,1.5133427149188061,140.0070000000011,1.5249064804395787,0.1,0.08,15.0,600.0,50.0,1,0.25,350.0
4.147434060665762,1.5079972891192015,140.0070000000011,1.5409479187044113,0.1,0.35,80.0,300.0,50.0,1,0.35,350.0
4.147673878118917,1.4997158401615496,140.0070000000011,1.5652943941638613,0.1,0.12,15.0,100.0,25.0,1,0.55,150.0
4.148239476659027,1.6636806629624656,120.00600000000094,1.9556251819901354,0.35,0.22,80.0,300.0,50.0,1,0.55,350.0
4.149222727333363,1.5094501554019033,140.0070000000011,1.5419073483755532,0.1,0.35,40.0,300.0,50.0,1,0.35,350.0
4.149600919497994,1.6688178829202596,120.00600000000094,1.9448372473649138,0.35,0.12,15.0,600.0,25.0,1,0.55,700.0
4.150769542365743,1.5087546074440277,140.0070000000011,1.5483140997762819,0.1,0.22,80.0,300.0,12.5,1,0.35,350.0
4.15099905910758,1.5022796200488746,140.0070000000011,1.567469825881968,0.1,0.12,15.0,100.0,50.0,1,0.55,150.0
4.15147832163008,1.4891993731401723,140.0070000000011,1.6062112813996887,0.2,0.08,80.0,300.0,12.5,1,0.25,150.0
4.153558518647203,1.4908254808950991,140.0070000000011,1.607508679291678,0.2,0.08,40.0,300.0,25.0,1,0.25,150.0
4.153928282753597,1.491129967442206,140.0070000000011,1.6076951866039286,0.2,0.08,15.0,300.0,25.0,1,0.25,150.0
4.154034012900067,1.5052837941971773,140.0070000000011,1.5675577677224943,0.1,0.08,40.0,100.0,12.5,1,0.55,150.0
4.1543112193597445,1.668167418691649,120.00600000000094,1.9601537161945195,0.35,0.12,15.0,300.0,12.5,1,0.55,350.0
4.1554919831409025,1.4924003082678976,140.0070000000011,1.6085333567799662,0.2,0.08,80.0,300.0,25.0,1,0.25,150.0
4.15573420864283,1.5065986346452611,140.0070000000011,1.5686587828501501,0.1,0.08,80.0,100.0,12.5,1,0.55,150.0
4.156002961867269,1.6665616376402312,120.00600000000094,1.969575212077212,0.35,0.08,40.0,600.0,12.5,1,0.55,700.0
4.156660696340588,1.5076379324730804,140.0070000000011,1.568336468192832,0.1,0.08,15.0,100.0,12.5,1,0.55,150.0
4.1568578116156365,1.5136993086424813,140.0070000000011,1.5515814370661116,0.1,0.22,80.0,600.0,50.0,1,0.35,700.0
4.157014472485439,1.5137675020096957,140.0070000000011,1.5518342013592195,0.1,0.22,40.0,300.0,25.0,1,0.35,350.0
4.157306464188093,1.6835822494624848,120.00600000000094,1.9246691849302664,0.35,0.35,15.0,600.0,25.0,1,0.35,700.0
4.158143398347464,1.6677960209448015,120.00600000000094,1.9721639354361378,0.35,0.12,80.0,600.0,12.5,1,0.55,700.0
4.158412891843289,1.5149742848580885,140.0070000000011,1.5523817342433832,0.1,0.22,80.0,300.0,25.0,1,0.35,350.0
4.1585866552533375,1.5088985295614536,140.0070000000011,1.5702375019767643,0.1,0.08,80.0,100.0,25.0,1,0.55,150.0
4.158888882951267,1.4951370076220034,140.0070000000011,1.610419643797848,0.2,0.08,40.0,300.0,50.0,1,0.25,150.0
4.159025996678569,1.5093236478570997,140.0070000000011,1.5702781394898642,0.1,0.08,40.0,100.0,25.0,1,0.55,150.0
4.159047035107916,1.4952639427809662,140.0070000000011,1.6105088352198078,0.2,0.08,80.0,300.0,50.0,1,0.25,150.0
4.159054138384692,1.517444355600636,140.0070000000011,1.5471565222401151,0.1,0.35,15.0,300.0,50.0,1,0.35,350.0
4.1592585928973165,1.5140935533172764,140.0070000000011,1.5573143988000664,0.1,0.12,80.0,600.0,12.5,1,0.35,700.0
4.159379804207856,1.6707477718015278,120.00600000000094,1.9672629497323277,0.35,0.12,40.0,600.0,25.0,1,0.55,700.0
4.16087342872045,1.4967306866558574,140.0070000000011,1.611536405898788,0.2,0.08,15.0,300.0,50.0,1,0.25,150.0
4.160927229704203,1.516869178503916,140.0070000000011,1.554151574857918,0.1,0.22,15.0,600.0,25.0,1,0.35,700.0
4.160973376044624,1.517033985334701,140.0070000000011,1.5538125448854465,0.1,0.22,40.0,600.0,50.0,1,0.35,700.0
4.161092405108965,1.5109248295992628,140.0070000000011,1.571607358599101,0.1,0.08,80.0,100.0,50.0,1,0.55,150.0
4.161790280066839,1.5160742780323582,140.0070000000011,1.5588885772413257,0.1,0.08,40.0,600.0,12.5,1,0.35,700.0
4.162561431117047,1.5121680602418126,140.0070000000011,1.5722524882149076,0.1,0.08,40.0,100.0,50.0,1,0.55,150.0
4.163817686198701,1.5172365111345645,140.0070000000011,1.5613605001832007,0.1,0.08,15.0,600.0,12.5,1,0.35,700.0
4.164145491662288,1.4963046605172823,140.0070000000011,1.6221023746999699,0.2,0.12,80.0,600.0,12.5,1,0.25,350.0
4.164267362496879,1.5137316214075154,140.0070000000011,1.5726592602552805,0.1,0.08,15.0,100.0,25.0,1,0.55,150.0
4.165029261965639,1.6846948144073326,120.00600000000094,1.943555564452264,0.35,0.35,15.0,300.0,12.5,1,0.35,350.0
4.165283972416399,1.5206162419550073,140.0070000000011,1.5558935156039293,0.1,0.22,80.0,300.0,50.0,1,0.35,350.0
4.165391151747902,1.5205788527361808,140.0070000000011,1.55630656860487,0.1,0.22,15.0,300.0,25.0,1,0.35,350.0
4.1670043246597155,1.523943083975678,140.0070000000011,1.5513035448114878,0.1,0.35,15.0,600.0,50.0,1,0.35,700.0
4.167184589613304,1.5221491344520088,140.0070000000011,1.5569441576036522,0.1,0.22,40.0,300.0,50.0,1,0.35,350.0
4.167463569694403,1.6821660701547858,120.00600000000094,1.9577357129702966,0.35,0.22,40.0,600.0,12.5,1,0.35,700.0
4.1675570269434425,1.5162886970184166,140.0070000000011,1.5747523712143128,0.1,0.08,15.0,100.0,50.0,1,0.55,150.0
4.167606091016414,1.499181370470866,140.0070000000011,1.6237706301300912,0.2,0.08,15.0,600.0,12.5,1,0.25,350.0
4.168823063639788,1.500039189438655,140.0070000000011,1.624796783431761,0.2,0.12,40.0,600.0,25.0,1,0.25,350.0
4.170732075943403,1.5018182426813154,140.0070000000011,1.6251680950344882,0.2,0.12,15.0,600.0,25.0,1,0.25,350.0
4.171453979036135,1.68826457922049,120.00600000000094,1.9517125709018046,0.35,0.35,40.0,600.0,25.0,1,0.35,700.0
4.171931223242191,1.6864899109092977,120.00600000000094,1.9581466066653697,0.35,0.35,80.0,600.0,12.5,1,0.35,700.0
4.172024950076115,1.524310037826589,140.0070000000011,1.5645997492843131,0.1,0.12,40.0,600.0,25.0,1,0.35,700.0
4.173394155917565,1.5036646518709917,140.0070000000011,1.6274985829901627,0.2,0.12,80.0,600.0,25.0,1,0.25,350.0
4.174298178068533,1.52607776613311,140.0070000000011,1.5660440341011592,0.1,0.12,15.0,300.0,12.5,1,0.35,350.0
4.1743054866309475,1.5263159797592476,140.0070000000011,1.5653843053476655,0.1,0.12,80.0,600.0,25.0,1,0.35,700.0
4.174458138067027,1.5263828536811512,140.0070000000011,1.5656293839595972,0.1,0.12,40.0,300.0,12.5,1,0.35,350.0
4.174877227946318,1.6801836568967858,120.00600000000094,1.9845816315700522,0.35,0.12,80.0,600.0,25.0,1,0.55,700.0
4.175024518139594,1.6802518394963917,120.00600000000094,1.9848076532662526,0.35,0.12,40.0,300.0,12.5,1,0.55,350.0
4.17561359892982,1.5277393441392377,140.0070000000011,1.565055013687329,0.1,0.08,80.0,600.0,12.5,1,0.35,700.0
4.177291902050266,1.5303248589239826,140.0070000000011,1.5624629803607626,0.1,0.22,15.0,300.0,50.0,1,0.35,350.0
4.177619481660298,1.5070685058251203,140.0070000000011,1.6298456452433179,0.2,0.08,40.0,600.0,12.5,1,0.25,350.0
4.178826683882445,1.6881482433549968,120.00600000000094,1.9731098300783843,0.35,0.08,15.0,600.0,25.0,1,0.55,700.0
4.181487338579401,1.5102321040954128,140.0070000000011,1.6318578128113455,0.2,0.12,40.0,600.0,50.0,1,0.25,350.0
4.1816687726241915,1.5324181393342284,140.0070000000011,1.5689875236855624,0.1,0.12,80.0,300.0,12.5,1,0.35,350.0
4.181744613230828,1.5103689979898585,140.0070000000011,1.6322017578312937,0.2,0.12,80.0,600.0,50.0,1,0.25,350.0
4.18248322401854,1.6870692841418387,120.00600000000094,1.9866398282191091,0.35,0.08,15.0,300.0,12.5,1,0.55,350.0
4.184547665567278,1.7079458897791968,120.00600000000094,1.9328907879659076,0.35,0.35,15.0,600.0,12.5,1,0.25,700.0
4.18517503954914,1.6860845933599,120.00600000000094,1.9971441319692163,0.35,0.08,80.0,600.0,12.5,1,0.55,700.0
4.185329419984039,1.690054110830056,120.00600000000094,1.9862437404399107,0.35,0.12,15.0,300.0,25.0,1,0.55,350.0
4.18576638130681,1.5371923112579813,140.0070000000011,1.5670544858537507,0.1,0.22,15.0,600.0,50.0,1,0.35,700.0
4.185798189734938,1.6896603200583638,120.00600000000094,1.9887081990758855,0.35,0.12,40.0,600.0,50.0,1,0.55,700.0
4.187218263201652,1.6894824803463235,120.00600000000094,1.9932736653008984,0.35,0.08,40.0,600.0,25.0,1,0.55,700.0
4.187443079063113,1.515136269279963,140.0070000000011,1.634862313666097,0.2,0.12,15.0,600.0,50.0,1,0.25,350.0
4.188035154539286,1.5375672466928285,140.0070000000011,1.572465450989833,0.1,0.12,80.0,600.0,50.0,1,0.35,700.0
4.188188491311848,1.5376342191261656,140.0070000000011,1.57271220624476,0.1,0.12,40.0,300.0,25.0,1,0.35,350.0
4.188613735353496,1.5380900121966357,140.0070000000011,1.5726249233052676,0.1,0.08,40.0,600.0,25.0,1,0.35,700.0
4.189164547635579,1.7044653212209588,120.00600000000094,1.9560263611845892,0.35,0.22,15.0,600.0,25.0,1,0.35,700.0
4.189367006745892,1.701732652248099,120.00600000000094,1.9644124414222246,0.35,0.12,15.0,600.0,12.5,1,0.35,700.0
4.189369909992097,1.5165379847499019,140.0070000000011,1.6363626435490817,0.2,0.08,80.0,600.0,12.5,1,0.25,350.0
4.1894424309701765,1.5387283411262838,140.0070000000011,1.573168828125361,0.1,0.12,80.0,300.0,25.0,1,0.35,350.0
4.189833226688424,1.699952640791949,120.00600000000094,1.9708302454184599,0.35,0.35,80.0,600.0,25.0,1,0.35,700.0
4.189975432662202,1.7000159461071669,120.00600000000094,1.971055675871488,0.35,0.35,40.0,300.0,12.5,1,0.35,350.0
4.190472011270743,1.6960231887943975,120.00600000000094,1.9838823499323766,0.35,0.12,15.0,600.0,50.0,1,0.55,700.0
4.190512592318345,1.6905801008731165,120.00600000000094,1.9995499755577557,0.35,0.12,80.0,300.0,12.5,1,0.55,350.0
4.190790212709952,1.5400637283299903,140.0070000000011,1.5732042410855558,0.1,0.08,80.0,600.0,25.0,1,0.35,700.0
4.190940727083184,1.5401297767808058,140.0070000000011,1.573445572292462,0.1,0.08,40.0,300.0,12.5,1,0.35,350.0
4.190960120914705,1.5398853987849412,140.0070000000011,1.5741992060849925,0.1,0.08,15.0,300.0,12.5,1,0.35,350.0
4.191140235105773,1.6920787307545184,120.00600000000094,1.9970614410035454,0.35,0.12,80.0,600.0,50.0,1,0.55,700.0
4.191289749238047,1.6921479942940498,120.00600000000094,1.9972907284113806,0.35,0.12,40.0,300.0,25.0,1,0.55,350.0
4.192462341237672,1.5411220710007802,140.0070000000011,1.574957914962499,0.1,0.12,40.0,600.0,50.0,1,0.35,700.0
4.193247042457891,1.5415902565592228,140.0070000000011,1.5758622454247184,0.1,0.12,15.0,600.0,25.0,1,0.35,700.0
4.194170715278078,1.5203545688361138,140.0070000000011,1.6391747041198497,0.2,0.08,40.0,600.0,25.0,1,0.25,350.0
4.195343750473803,1.704339752962691,120.00600000000094,1.9740399928888523,0.35,0.22,15.0,300.0,12.5,1,0.35,350.0
4.196134548194371,1.5221295688049614,140.0070000000011,1.6397142268268357,0.2,0.08,15.0,600.0,25.0,1,0.25,350.0
4.196414932236409,1.5444360469121767,140.0070000000011,1.5767825294977587,0.1,0.12,80.0,300.0,50.0,1,0.35,350.0
4.1970617909484265,1.54478867423514,140.0070000000011,1.577623190609342,0.1,0.12,15.0,300.0,25.0,1,0.35,350.0
4.198129293969684,1.5461754354396609,140.0070000000011,1.5767110243714488,0.1,0.08,80.0,300.0,12.5,1,0.35,350.0
4.198467962385966,1.5460749354440748,140.0070000000011,1.5779657912625005,0.1,0.12,40.0,300.0,50.0,1,0.35,350.0
4.198739396560811,1.5239888331116551,140.0070000000011,1.6418444669975405,0.2,0.08,80.0,600.0,25.0,1,0.25,350.0
4.199259821500078,1.6970305457528654,120.00600000000094,2.006112216420569,0.35,0.12,80.0,300.0,25.0,1,0.55,350.0
4.199300550404219,1.7096392423065563,120.00600000000094,1.9702037374218548,0.35,0.35,15.0,300.0,25.0,1,0.35,350.0
4.200329135307525,1.7095057257674418,120.00600000000094,1.97352402725734,0.35,0.35,40.0,600.0,50.0,1,0.35,700.0
4.201192278958178,1.705230512340786,120.00600000000094,1.9882050474782216,0.35,0.22,80.0,600.0,12.5,1,0.35,700.0
4.201478306232057,1.707641876214287,120.00600000000094,1.9821326571935907,0.35,0.22,40.0,600.0,25.0,1,0.35,700.0
4.202166962883226,1.6986278864468922,120.00600000000094,2.0098545041037688,0.35,0.08,80.0,600.0,25.0,1,0.55,700.0
4.202308873289926,1.6986944213945558,120.00600000000094,2.0100698625581614,0.35,0.08,40.0,300.0,12.5,1,0.55,350.0
4.204373435518466,1.71637394327388,120.00600000000094,1.9654556921273478,0.35,0.35,15.0,600.0,50.0,1,0.35,700.0
4.204614944404256,1.5513906857542255,140.0070000000011,1.5803407390000417,0.1,0.08,80.0,600.0,50.0,1,0.35,700.0
4.2047660934918,1.5514568004272182,140.0070000000011,1.580583694470187,0.1,0.08,40.0,300.0,25.0,1,0.35,350.0
4.2048344753987115,1.7017922735665838,120.00600000000094,2.008434862377466,0.35,0.12,40.0,300.0,50.0,1,0.55,350.0
4.205834864712713,1.703712577865606,120.00600000000094,2.005806533848839,0.35,0.12,15.0,300.0,50.0,1,0.55,350.0
4.205967440786152,1.5525368856479027,140.0070000000011,1.5809301575378063,0.1,0.08,80.0,300.0,25.0,1,0.35,350.0
4.2069454140382465,1.530625428724628,140.0070000000011,1.6463285294674357,0.2,0.08,40.0,600.0,50.0,1,0.25,350.0
4.20718348021573,1.5307619969572999,140.0070000000011,1.6466185235954665,0.2,0.08,80.0,600.0,50.0,1,0.25,350.0
4.207332639467111,1.713013538249159,120.00600000000094,1.9835117177655381,0.35,0.35,80.0,600.0,50.0,1,0.35,700.0
4.2074759929509655,1.7130774706016572,120.00600000000094,1.9837386352836979,0.35,0.35,40.0,300.0,25.0,1,0.35,350.0
4.207565210789042,1.7120774590374286,120.00600000000094,1.9868507192902851,0.35,0.35,80.0,300.0,12.5,1,0.35,350.0
4.207610281292997,1.7031160852533562,120.00600000000094,2.012583417256075,0.35,0.12,80.0,300.0,50.0,1,0.55,350.0
4.208916768825328,1.5544623626353904,140.0070000000011,1.5838554462569183,0.1,0.12,15.0,300.0,50.0,1,0.35,350.0
4.209140438458831,1.5549758983510649,140.0070000000011,1.5830272574507118,0.1,0.08,40.0,600.0,50.0,1,0.35,700.0
4.210167470333497,1.5554850929459085,140.0070000000011,1.5845067925359206,0.1,0.08,15.0,600.0,25.0,1,0.35,700.0
4.212394629478805,1.5501855925974495,140.0070000000011,1.6060115339466827,0.1,0.35,40.0,300.0,12.5,1,0.55,700.0
4.21291438582208,1.5354974376889274,140.0070000000011,1.6494627089518146,0.2,0.08,15.0,600.0,50.0,1,0.25,350.0
4.213397514353594,1.7088091130295564,120.00600000000094,2.0128525752114963,0.35,0.08,15.0,300.0,25.0,1,0.55,350.0
4.2136770247409085,1.7083630432840073,120.00600000000094,2.014925661305394,0.35,0.08,40.0,600.0,50.0,1,0.55,700.0
4.2137852077597975,1.5586520402847215,140.0070000000011,1.5857947642144556,0.1,0.08,15.0,300.0,25.0,1,0.35,350.0
4.215786304627673,1.7284169089216903,120.00600000000094,1.9636554163027682,0.35,0.22,15.0,600.0,12.5,1,0.25,700.0
4.216950969498952,1.7191105129106605,120.00600000000094,1.993572733109365,0.35,0.35,80.0,300.0,25.0,1,0.35,350.0
4.217553535966811,1.7088934558473559,120.00600000000094,2.0244859431984037,0.35,0.08,80.0,300.0,12.5,1,0.55,350.0
4.21803958348887,1.5617688529380656,140.0070000000011,1.5890449444308228,0.1,0.12,15.0,600.0,50.0,1,0.35,700.0
4.21858826812228,1.710605192528522,120.00600000000094,2.022551644553557,0.35,0.08,80.0,600.0,50.0,1,0.55,700.0
4.218732215001465,1.7106726862595725,120.00600000000094,2.0227700821196515,0.35,0.08,40.0,300.0,25.0,1,0.55,350.0
4.2189400209263015,1.7147548427807078,120.00600000000094,2.0117005089873716,0.35,0.08,15.0,600.0,50.0,1,0.55,700.0
4.2196248013971385,1.7190452589136727,120.00600000000094,2.001398692809862,0.35,0.22,80.0,600.0,25.0,1,0.35,700.0
4.219765291737989,1.7191083326547287,120.00600000000094,2.0016198830949903,0.35,0.22,40.0,300.0,12.5,1,0.35,350.0
4.221048221758999,1.5561963704193638,140.0070000000011,1.6135624323989102,0.1,0.35,80.0,300.0,12.5,1,0.55,700.0
4.2223556628507035,1.723952002913692,120.00600000000094,1.9951818855342787,0.35,0.35,40.0,300.0,50.0,1,0.35,350.0
4.222945680268187,1.7259991920115978,120.00600000000094,1.991018537875929,0.35,0.35,15.0,300.0,50.0,1,0.35,350.0
4.22596492893271,1.7258129555022592,120.00600000000094,2.0001770669441035,0.35,0.35,80.0,300.0,50.0,1,0.35,350.0
4.2264248066925125,1.715419286577116,120.00600000000094,2.0311872003296645,0.35,0.08,80.0,300.0,25.0,1,0.55,350.0
4.230452515736879,1.7297305458874028,120.00600000000094,2.0018056281413177,0.35,0.22,15.0,300.0,25.0,1,0.35,350.0
4.231127773952149,1.7293306797769894,120.00600000000094,2.0048774119289887,0.35,0.22,40.0,600.0,50.0,1,0.35,700.0
4.232278999975995,1.7202981946980567,120.00600000000094,2.0339737293655,0.35,0.08,40.0,300.0,50.0,1,0.55,350.0
4.232547915829192,1.726660355776162,120.00600000000094,2.0165644572943324,0.35,0.12,40.0,600.0,12.5,1,0.35,700.0
4.23354176334283,1.7222290234929805,120.00600000000094,2.0320649709995298,0.35,0.08,15.0,300.0,50.0,1,0.55,350.0
4.234847473002067,1.721543184914857,120.00600000000094,2.0377551088205594,0.35,0.08,80.0,300.0,50.0,1,0.55,350.0
4.236569719860866,1.740254282612297,120.00600000000094,1.9892155349958731,0.35,0.35,40.0,600.0,12.5,1,0.25,700.0
4.236923629252704,1.7374336423490448,120.00600000000094,1.9982856768675579,0.35,0.22,15.0,600.0,50.0,1,0.35,700.0
4.237468503752569,1.7311743560747292,120.00600000000094,2.0177261362223606,0.35,0.22,80.0,300.0,12.5,1,0.35,350.0
4.237636151156271,1.7324331626432892,120.00600000000094,2.014608538608479,0.35,0.22,80.0,600.0,50.0,1,0.35,700.0
4.237777614945163,1.732496785671955,120.00600000000094,2.0148309407805525,0.35,0.22,40.0,300.0,25.0,1,0.35,350.0
4.242323421068745,1.545432773767143,140.0070000000011,1.7051018494331014,0.2,0.22,15.0,600.0,25.0,1,0.35,700.0
4.243328155569213,1.5448551620733328,140.0070000000011,1.7096228385596084,0.2,0.12,15.0,600.0,12.5,1,0.35,700.0
4.2448799668563355,1.548352968302411,140.0070000000011,1.704062853011165,0.2,0.35,15.0,600.0,50.0,1,0.35,700.0
4.2451363863654725,1.545892857439146,140.0070000000011,1.7118243683608847,0.2,0.35,15.0,300.0,50.0,1,0.35,350.0
4.247123050522031,1.7383840037479317,120.00600000000094,2.024711562211673,0.35,0.22,80.0,300.0,25.0,1,0.35,350.0
4.2504284297172985,1.5461908032855236,140.0070000000011,1.7260932183764515,0.2,0.22,80.0,300.0,12.5,1,0.35,350.0
4.253024638202867,1.7435813352404124,120.00600000000094,2.026723722749831,0.35,0.22,40.0,300.0,50.0,1,0.35,350.0
4.254360447850523,1.7461477730787451,120.00600000000094,2.0232076422050396,0.35,0.22,15.0,300.0,50.0,1,0.35,350.0
4.254603004158675,1.5501125094620007,140.0070000000011,1.7268156991333066,0.2,0.22,80.0,600.0,50.0,1,0.35,700.0
4.254755681636836,1.5501809832619933,140.0070000000011,1.7270562810709336,0.2,0.22,40.0,300.0,25.0,1,0.35,350.0
4.255435715570968,1.551820487514732,140.0070000000011,1.7243149373034843,0.2,0.22,40.0,600.0,50.0,1,0.35,700.0
4.255648096753056,1.5503831242677717,140.0070000000011,1.7290284928150519,0.2,0.12,40.0,600.0,12.5,1,0.35,700.0
4.25639043287024,1.745247018127164,120.00600000000094,2.0315811849801775,0.35,0.22,80.0,300.0,50.0,1,0.35,350.0
4.2583400187971945,1.5546134325097438,140.0070000000011,1.7246331036783824,0.2,0.22,15.0,300.0,25.0,1,0.35,350.0
4.258374067851889,1.7518597133506302,120.00600000000094,2.0183552985749857,0.35,0.12,15.0,600.0,25.0,1,0.35,700.0
4.2586792320922715,1.5526055216067403,140.0070000000011,1.7313391728157557,0.2,0.22,80.0,300.0,25.0,1,0.35,350.0
4.262322477051606,1.7500834882704406,120.00600000000094,2.0347113965175763,0.35,0.12,15.0,300.0,12.5,1,0.35,350.0
4.266293742419753,1.7494881018815933,120.00600000000094,2.0477589729661325,0.35,0.12,80.0,600.0,12.5,1,0.35,700.0
4.266311186814236,1.5585301049146956,140.0070000000011,1.736217376855784,0.2,0.22,80.0,300.0,50.0,1,0.35,350.0
4.266493806787539,1.7642661434233438,120.00600000000094,2.0061076096119446,0.35,0.35,15.0,300.0,12.5,1,0.25,350.0
4.26658907524415,1.5592583466132546,140.0070000000011,1.7349306532310813,0.2,0.22,40.0,300.0,50.0,1,0.35,350.0
4.267942226920048,1.7529574282958398,120.00600000000094,2.042556567497697,0.35,0.12,40.0,600.0,25.0,1,0.35,700.0
4.2707662603702365,1.5748485449004297,140.0070000000011,1.7023220441994007,0.2,0.35,15.0,600.0,12.5,1,0.25,700.0
4.271214021473135,1.5668110045356705,140.0070000000011,1.726565762678423,0.2,0.08,15.0,600.0,12.5,1,0.35,700.0
4.274205784732427,1.5661684070506554,140.0070000000011,1.7369496505193014,0.2,0.22,15.0,300.0,50.0,1,0.35,350.0
4.27467369389443,1.766847272425296,120.00600000000094,2.0221040613403436,0.35,0.35,80.0,600.0,12.5,1,0.25,700.0
4.27486252215709,1.5692965093045101,140.0070000000011,1.7298886081501794,0.2,0.22,15.0,600.0,50.0,1,0.35,700.0
4.275825216311142,1.5648770596745039,140.0070000000011,1.7452661618189178,0.2,0.12,80.0,600.0,12.5,1,0.35,700.0
4.2827977974399145,1.5719942284070656,140.0070000000011,1.744853054379522,0.2,0.08,40.0,600.0,12.5,1,0.35,700.0
4.285009936867463,1.5739987441717713,140.0070000000011,1.7454462648447862,0.2,0.12,15.0,300.0,12.5,1,0.35,350.0
4.285148733186332,1.5733670518892278,140.0070000000011,1.747647660848821,0.2,0.12,40.0,600.0,25.0,1,0.35,700.0
4.285491015238139,1.7637902644676113,120.00600000000094,2.061745002201467,0.35,0.12,80.0,600.0,25.0,1,0.35,700.0
4.285625686673351,1.7638516175992516,120.00600000000094,2.061954483068814,0.35,0.12,40.0,300.0,12.5,1,0.35,350.0
4.286685646150936,1.766667993959531,120.00600000000094,2.0569361491182603,0.35,0.35,15.0,100.0,12.5,1,0.55,150.0
4.29219646268869,1.577589970093905,140.0070000000011,1.7557185502707668,0.2,0.12,80.0,600.0,25.0,1,0.35,700.0
4.292343129490449,1.5776562498948656,140.0070000000011,1.7559482274159066,0.2,0.12,40.0,300.0,12.5,1,0.35,350.0
4.294365686367202,1.5900567876341107,140.0070000000011,1.7262968535230712,0.2,0.35,40.0,600.0,12.5,1,0.25,700.0
4.2972656083510685,1.586359019318666,140.0070000000011,1.7451473972353877,0.2,0.12,15.0,600.0,25.0,1,0.35,700.0
4.299733982360139,1.77482150552723,120.00600000000094,2.0709213623796985,0.35,0.35,40.0,100.0,12.5,1,0.55,150.0
4.299830423569333,1.5951370833923295,140.0070000000011,1.7273952576485365,0.2,0.22,15.0,600.0,12.5,1,0.25,700.0
4.3018805360800485,1.7774106885073928,120.00600000000094,2.069656707350406,0.35,0.35,15.0,100.0,25.0,1,0.55,150.0
4.302870575088461,1.585187950271533,140.0070000000011,1.7645074994768897,0.2,0.12,80.0,300.0,12.5,1,0.35,350.0
4.3028740678482045,1.5864892166409,140.0070000000011,1.7607995748779677,0.2,0.08,80.0,600.0,12.5,1,0.35,700.0
4.307241356627091,1.7803117328935236,120.00600000000094,2.0766846392387235,0.35,0.35,40.0,100.0,25.0,1,0.55,150.0
4.307546467838723,1.5894820213081393,140.0070000000011,1.7655984186587634,0.2,0.12,80.0,600.0,50.0,1,0.35,700.0
4.307693850850522,1.5895485510139469,140.0070000000011,1.765829428104454,0.2,0.12,40.0,300.0,25.0,1,0.35,350.0
4.308073414528723,1.7804573812050701,120.00600000000094,2.0786458094961113,0.35,0.35,80.0,100.0,12.5,1,0.55,150.0
4.308938382747402,1.591592610098308,140.0070000000011,1.763545064711651,0.2,0.12,40.0,600.0,50.0,1,0.35,700.0
4.31136806761228,1.5917697123722225,140.0070000000011,1.769981014971546,0.2,0.12,80.0,300.0,25.0,1,0.35,350.0
4.311983726933228,1.783344395232943,120.00600000000094,2.0815695191436308,0.35,0.35,80.0,100.0,25.0,1,0.55,150.0
4.312171596719656,1.5946074362250362,140.0070000000011,1.7641690299845818,0.2,0.12,15.0,300.0,25.0,1,0.35,350.0
4.312499457135365,1.7845980339402423,120.00600000000094,2.079461209128882,0.35,0.35,15.0,100.0,50.0,1,0.55,150.0
4.312640844101246,1.5952233582891369,140.0070000000011,1.7637499594631203,0.2,0.08,40.0,600.0,25.0,1,0.35,700.0
4.312647976018701,1.5959102033816845,140.0070000000011,1.7618079218200005,0.2,0.08,15.0,300.0,12.5,1,0.35,350.0
4.313691513787841,1.7849206365038388,120.00600000000094,2.0819453636685377,0.35,0.35,40.0,100.0,50.0,1,0.55,150.0
4.315790680313897,1.7861239864542444,120.00600000000094,2.084504839598965,0.35,0.35,80.0,100.0,50.0,1,0.55,150.0
4.316862862630474,1.7855816315963833,120.00600000000094,2.089117802954505,0.35,0.22,15.0,100.0,12.5,1,0.55,150.0
4.319197900565207,1.5978186453052223,140.0070000000011,1.775069300742766,0.2,0.12,80.0,300.0,50.0,1,0.35,350.0
4.3194695153738465,1.5993695136334045,140.0070000000011,1.7714142906869295,0.2,0.08,80.0,600.0,25.0,1,0.35,700.0
4.319612640005432,1.5994344747110318,140.0070000000011,1.7716376151268094,0.2,0.08,40.0,300.0,12.5,1,0.35,350.0
4.319749493820894,1.598740016957209,140.0070000000011,1.7740127910390548,0.2,0.12,40.0,300.0,50.0,1,0.35,350.0
4.320718439923984,1.6098889840916126,140.0070000000011,1.7449270166638697,0.2,0.35,80.0,600.0,12.5,1,0.25,700.0
4.322285820092919,1.6093324175872783,140.0070000000011,1.7509954357303557,0.2,0.22,40.0,600.0,12.5,1,0.25,700.0
4.325205131531258,1.6151111155352122,140.0070000000011,1.742825759988655,0.2,0.35,15.0,300.0,12.5,1,0.25,350.0
4.325240926079014,1.593946229543781,140.0070000000011,1.8033991329577628,0.2,0.08,15.0,100.0,12.5,1,0.55,150.0
4.325383136619131,1.608410926872536,140.0070000000011,1.7624777421330824,0.2,0.08,15.0,600.0,25.0,1,0.35,700.0
4.327040173328238,1.5941900420737498,140.0070000000011,1.8078432321556337,0.2,0.08,40.0,100.0,12.5,1,0.55,150.0
4.327313662502354,1.6161224930052636,140.0070000000011,1.7459604842773517,0.2,0.35,40.0,600.0,25.0,1,0.25,700.0
4.327984859606394,1.6060311983091728,140.0070000000011,1.7767104608491555,0.2,0.12,15.0,300.0,50.0,1,0.35,350.0
4.329596412712503,1.793445055462239,120.00600000000094,2.10303244928643,0.35,0.22,40.0,100.0,12.5,1,0.55,150.0
4.329784713594824,1.6099520847197402,140.0070000000011,1.7706503682144799,0.2,0.12,15.0,600.0,50.0,1,0.35,700.0
4.330078164754886,1.606967842326037,140.0070000000011,1.7800152069395203,0.2,0.08,80.0,300.0,12.5,1,0.35,350.0
4.33077920548898,1.5966427623415642,140.0070000000011,1.8115184089925704,0.2,0.08,80.0,100.0,12.5,1,0.55,150.0
4.332353468621378,1.7964579004428918,120.00600000000094,2.102301623367064,0.35,0.22,15.0,100.0,25.0,1,0.55,150.0
4.333029705234395,1.5987079168661678,140.0070000000011,1.8120479667663179,0.2,0.08,40.0,100.0,25.0,1,0.55,150.0
4.3333367741225395,1.6241826238353054,140.0070000000011,1.7401404293920508,0.2,0.35,15.0,600.0,25.0,1,0.25,700.0
4.334078573266085,1.5991508753621475,140.0070000000011,1.8137791368683462,0.2,0.08,80.0,100.0,25.0,1,0.55,150.0
4.33497941386864,1.6113805682130018,140.0070000000011,1.7814109875874915,0.2,0.08,80.0,600.0,50.0,1,0.35,700.0
4.335123168765522,1.6114457184557125,140.0070000000011,1.7816355723136943,0.2,0.08,40.0,300.0,25.0,1,0.35,350.0
4.3354885729019585,1.6013764710772864,140.0070000000011,1.8114488623561587,0.2,0.08,15.0,100.0,25.0,1,0.55,150.0
4.33656248503061,1.613544972769458,140.0070000000011,1.7797500350318156,0.2,0.08,40.0,600.0,50.0,1,0.35,700.0
4.337095776034512,1.6014234024913523,140.0070000000011,1.8159067815518368,0.2,0.08,80.0,100.0,50.0,1,0.55,150.0
4.337307070769489,1.7990551184183576,120.00600000000094,2.1090341495746223,0.35,0.22,40.0,100.0,25.0,1,0.55,150.0
4.337611422467312,1.6020770926419925,140.0070000000011,1.8155123709294343,0.2,0.08,40.0,100.0,50.0,1,0.55,150.0
4.337947642538167,1.7990525089687082,120.00600000000094,2.1108718101984167,0.35,0.22,80.0,100.0,12.5,1,0.55,150.0
4.338686467325546,1.6136333636197,140.0070000000011,1.7855660105880835,0.2,0.08,80.0,300.0,25.0,1,0.35,350.0
4.3387359084416,1.6240509727899166,140.0070000000011,1.7559426732904762,0.2,0.35,80.0,600.0,25.0,1,0.25,700.0
4.338877561627597,1.6241123437457776,140.0070000000011,1.7561720510908663,0.2,0.35,40.0,300.0,12.5,1,0.25,350.0
4.339878339682678,1.6165695045732869,140.0070000000011,1.780582386026785,0.2,0.08,15.0,300.0,25.0,1,0.35,350.0
4.340769870268788,1.6134058178903434,140.0070000000011,1.7921687210812214,0.2,0.35,15.0,100.0,12.5,1,0.35,150.0
4.341081221390678,1.6051561529514804,140.0070000000011,1.8166287669690901,0.2,0.08,15.0,100.0,50.0,1,0.55,150.0
4.341966457965832,1.8020064901368391,120.00600000000094,2.113914193797081,0.35,0.22,80.0,100.0,25.0,1,0.55,150.0
4.343038937094745,1.8036344233302497,120.00600000000094,2.112327182184231,0.35,0.22,15.0,100.0,50.0,1,0.55,150.0
4.343897248251515,1.8037351874120753,120.00600000000094,2.114491602398358,0.35,0.22,40.0,100.0,50.0,1,0.55,150.0
4.345582126963056,1.6159424783490188,140.0070000000011,1.798670424611487,0.2,0.35,40.0,100.0,12.5,1,0.35,150.0
4.34587432279948,1.8048453051943303,120.00600000000094,2.1169686217289603,0.35,0.22,80.0,100.0,50.0,1,0.55,150.0
4.346593228291473,1.619741004555473,140.0070000000011,1.7907063535313819,0.2,0.08,80.0,300.0,50.0,1,0.35,350.0
4.347236143435546,1.6206846349680055,140.0070000000011,1.7898471670500686,0.2,0.08,40.0,300.0,50.0,1,0.35,350.0
4.348554139668094,1.6290325258566776,140.0070000000011,1.7697617537468573,0.2,0.22,80.0,600.0,12.5,1,0.25,700.0
4.3497947474670235,1.6060629510731155,140.0070000000011,1.8389337039825466,0.35,0.08,80.0,600.0,12.5,1,0.25,350.0
4.350771766356255,1.6195560064424268,140.0070000000011,1.8031735997537484,0.2,0.35,80.0,100.0,12.5,1,0.35,150.0
4.3512645359771565,1.6091182656961898,140.0070000000011,1.8344036293741428,0.35,0.08,15.0,600.0,25.0,1,0.25,350.0
4.352341739207916,1.6211327783209113,140.0070000000011,1.8031541739628232,0.2,0.35,40.0,100.0,25.0,1,0.35,150.0
4.353151465431457,1.622651782366877,140.0070000000011,1.801127665898753,0.2,0.35,15.0,100.0,25.0,1,0.35,150.0
4.353275503863535,1.6092483986123998,140.0070000000011,1.8397774435746248,0.35,0.08,40.0,600.0,25.0,1,0.25,350.0
4.353953623628438,1.6349673680884786,140.0070000000011,1.7682321586855523,0.2,0.22,15.0,300.0,12.5,1,0.25,350.0
4.3544239481522045,1.6223694897216618,140.0070000000011,1.805569881230075,0.2,0.35,80.0,100.0,25.0,1,0.35,150.0
4.35539701997143,1.6366965821778603,140.0070000000011,1.767415536553008,0.2,0.12,15.0,600.0,12.5,1,0.25,700.0
4.355579443764638,1.6279505442490572,140.0070000000011,1.7929254271873272,0.2,0.08,15.0,300.0,50.0,1,0.35,350.0
4.357651318938706,1.6318490173179008,140.0070000000011,1.7877065760593962,0.2,0.08,15.0,600.0,50.0,1,0.35,700.0
4.357757409910389,1.6252148176138745,140.0070000000011,1.806964549418565,0.2,0.35,40.0,100.0,50.0,1,0.35,150.0
4.357837952524796,1.6249868905468805,140.0070000000011,1.807845891365426,0.2,0.35,80.0,100.0,50.0,1,0.35,150.0
4.359980198111048,1.6138710234100606,140.0070000000011,1.845726213431345,0.35,0.08,80.0,600.0,25.0,1,0.25,350.0
4.360665325768203,1.6279879971120161,140.0070000000011,1.8073495104462012,0.2,0.35,15.0,100.0,50.0,1,0.35,150.0
4.367728092003838,1.6202505510413387,140.0070000000011,1.849635831321379,0.35,0.08,40.0,600.0,50.0,1,0.25,350.0
4.367840927621651,1.6293726245594526,140.0070000000011,1.8238951516062336,0.2,0.35,15.0,300.0,12.5,1,0.55,700.0
4.369294269758276,1.621018862954,140.0070000000011,1.85191544801217,0.35,0.08,80.0,600.0,50.0,1,0.25,350.0
4.3713630753318835,1.6346551922227222,140.0070000000011,1.8188653803118413,0.2,0.22,15.0,100.0,12.5,1,0.35,150.0
4.371592808038634,1.624064614058501,140.0070000000011,1.8497805542289039,0.35,0.08,15.0,600.0,50.0,1,0.25,350.0
4.37587111789404,1.636957366815909,140.0070000000011,1.825167860223185,0.2,0.22,40.0,100.0,12.5,1,0.35,150.0
4.380345918973102,1.826656756408285,120.00600000000094,2.153140464470868,0.35,0.12,15.0,100.0,12.5,1,0.55,150.0
4.381021918749717,1.6405310100877872,140.0070000000011,1.829674024748324,0.2,0.22,80.0,100.0,12.5,1,0.35,150.0
4.382745685476977,1.6422202576141136,140.0070000000011,1.8297726510367058,0.2,0.22,40.0,100.0,25.0,1,0.35,150.0
4.383877648871172,1.6439641552188275,140.0070000000011,1.8280242675780785,0.2,0.22,15.0,100.0,25.0,1,0.35,150.0
4.384740835173552,1.6433887658244895,140.0070000000011,1.8321344838544193,0.2,0.22,80.0,100.0,25.0,1,0.35,150.0
4.3853333544667095,1.840829288610594,120.00600000000094,2.1268973310174353,0.35,0.35,15.0,100.0,12.5,1,0.35,150.0
4.3869264120205305,1.6357696303736458,140.0070000000011,1.8601479475624803,0.2,0.35,40.0,300.0,12.5,1,0.55,700.0
4.3882117780442185,1.6460420560179787,140.0070000000011,1.8344706343606376,0.2,0.22,80.0,100.0,50.0,1,0.35,150.0
4.388230445869974,1.6463400712916099,140.0070000000011,1.8336724987952773,0.2,0.22,40.0,100.0,50.0,1,0.35,150.0
4.391382375284499,1.649271647716841,140.0070000000011,1.8343020787646875,0.2,0.22,15.0,100.0,50.0,1,0.35,150.0
4.392331615247623,1.8339467411124557,120.00600000000094,2.166556783243296,0.35,0.12,40.0,100.0,12.5,1,0.55,150.0
4.396030278383685,1.8375463536771084,120.00600000000094,2.166839784875892,0.35,0.12,15.0,100.0,25.0,1,0.55,150.0
4.3994553303166875,1.849614513669982,120.00600000000094,2.1421451904191176,0.35,0.35,40.0,100.0,12.5,1,0.35,150.0
4.400281512441685,1.839680237383002,120.00600000000094,2.1728893573104826,0.35,0.12,40.0,100.0,25.0,1,0.55,150.0
4.400554522453385,1.839420131710822,120.00600000000094,2.174412544978713,0.35,0.12,80.0,100.0,12.5,1,0.55,150.0
4.402076744078199,1.653313966497383,140.0070000000011,1.853307935945141,0.2,0.22,15.0,300.0,12.5,1,0.55,700.0
4.402405714685676,1.8529810427178244,120.00600000000094,2.1409562056223934,0.35,0.35,15.0,100.0,25.0,1,0.35,150.0
4.404719786369257,1.842459123274019,120.00600000000094,2.177630465986355,0.35,0.12,80.0,100.0,25.0,1,0.55,150.0
4.406604959525313,1.8445705081816006,120.00600000000094,2.1769841466962814,0.35,0.12,15.0,100.0,50.0,1,0.55,150.0
4.406990695616486,1.8443976961339752,120.00600000000094,2.178579998521419,0.35,0.12,40.0,100.0,50.0,1,0.55,150.0
4.407853281351382,1.855784238411032,120.00600000000094,2.1485115512581037,0.35,0.35,40.0,100.0,25.0,1,0.35,150.0
4.408222961341619,1.8451086822698093,120.00600000000094,2.180069368776558,0.35,0.08,15.0,100.0,12.5,1,0.55,150.0
4.408645881097698,1.8558417655054076,120.00600000000094,2.150611758835076,0.35,0.35,80.0,100.0,12.5,1,0.35,150.0
4.408745281730481,1.845358386934673,120.00600000000094,2.1808482708451273,0.35,0.12,80.0,100.0,50.0,1,0.55,150.0
4.409169183608594,1.6499734330676128,140.0070000000011,1.8831164301170409,0.2,0.35,80.0,300.0,12.5,1,0.55,700.0
4.41301694046098,1.8590799937091942,120.00600000000094,2.1538484192907776,0.35,0.35,80.0,100.0,25.0,1,0.35,150.0
4.41434068670961,1.861123378220222,120.00600000000094,2.151792309969641,0.35,0.35,15.0,100.0,50.0,1,0.35,150.0
4.414447056465103,1.6565299222591314,140.0070000000011,1.8794632405884424,0.2,0.35,40.0,300.0,25.0,1,0.55,700.0
4.415088380227498,1.8609849219732648,120.00600000000094,2.1543241664406283,0.35,0.35,40.0,100.0,50.0,1,0.35,150.0
4.417275338100731,1.862203492945522,120.00600000000094,2.1570909861576997,0.35,0.35,80.0,100.0,50.0,1,0.35,150.0
4.418461711487904,1.861616059067049,120.00600000000094,2.16215900691669,0.35,0.22,15.0,100.0,12.5,1,0.35,150.0
4.419473462689504,1.6584020113381517,140.0070000000011,1.8884755752895288,0.2,0.22,40.0,300.0,12.5,1,0.55,700.0
4.419720811753232,1.852197351589455,120.00600000000094,2.192667029039322,0.35,0.08,40.0,100.0,12.5,1,0.55,150.0
4.421905662755063,1.6692046302002426,140.0070000000011,1.8645600930137267,0.2,0.35,15.0,300.0,25.0,1,0.55,700.0
4.423778571704813,1.8559072841971067,120.00600000000094,2.1936608214505497,0.35,0.08,15.0,100.0,25.0,1,0.55,150.0
4.423826845713175,1.6610673435954357,140.0070000000011,1.8932985774792073,0.2,0.35,80.0,300.0,25.0,1,0.55,700.0
4.427712400275844,1.8579525533001664,120.00600000000094,2.1990567056447525,0.35,0.08,40.0,100.0,25.0,1,0.55,150.0
4.427785841373565,1.8576014371619987,120.00600000000094,2.200269726318719,0.35,0.08,80.0,100.0,12.5,1,0.55,150.0
4.431995020062699,1.8606672938519428,120.00600000000094,2.2035363606021185,0.35,0.08,80.0,100.0,25.0,1,0.55,150.0
4.432261777000436,1.8701134076791384,120.00600000000094,2.177309626632238,0.35,0.22,40.0,100.0,12.5,1,0.35,150.0
4.434140470446429,1.8628190361432708,120.00600000000094,2.2035183837232686,0.35,0.08,15.0,100.0,50.0,1,0.55,150.0
4.434394507532412,1.8626500669595971,120.00600000000094,2.204726973065146,0.35,0.08,40.0,100.0,50.0,1,0.55,150.0
4.435855733615,1.8739264888457703,120.00600000000094,2.176683556483473,0.35,0.22,15.0,100.0,25.0,1,0.35,150.0
4.436039828552271,1.8635769619134133,120.00600000000094,2.2067796189681266,0.35,0.08,80.0,100.0,50.0,1,0.55,150.0
4.4381497564170935,1.6738510035993415,140.0070000000011,1.8976964366221019,0.2,0.35,40.0,300.0,50.0,1,0.55,700.0
4.4382850868806605,1.6718728585639249,140.0070000000011,1.903734938047769,0.2,0.35,80.0,300.0,50.0,1,0.55,700.0
4.440876759932145,1.8764157590068922,120.00600000000094,2.183917145500683,0.35,0.22,40.0,100.0,25.0,1,0.35,150.0
4.4414372814229655,1.6723559370375813,140.0070000000011,1.9113609839581944,0.2,0.22,80.0,300.0,12.5,1,0.55,700.0
4.441470480327873,1.876321018933399,120.00600000000094,2.1858841754127436,0.35,0.22,80.0,100.0,12.5,1,0.35,150.0
4.445956638583598,1.879632332185988,120.00600000000094,2.189240875421704,0.35,0.22,80.0,100.0,25.0,1,0.35,150.0
4.447548221865647,1.67950180145547,140.0070000000011,1.9084040583147455,0.2,0.22,40.0,300.0,25.0,1,0.55,700.0
4.448263254931164,1.8816985502432324,120.00600000000094,2.1899277276797653,0.35,0.22,40.0,100.0,50.0,1,0.35,150.0
4.450322865268569,1.8828215262355648,120.00600000000094,2.1926038258085434,0.35,0.22,80.0,100.0,50.0,1,0.35,150.0
4.456393471738567,1.6836427857045806,140.0070000000011,1.9218448172399114,0.2,0.22,80.0,300.0,25.0,1,0.55,700.0
4.457088353327737,1.6935974537599974,140.0070000000011,1.8953882844792076,0.2,0.22,15.0,300.0,25.0,1,0.55,700.0
4.458101020938219,1.6935956098004719,140.0070000000011,1.8982868889649454,0.2,0.35,15.0,300.0,50.0,1,0.55,700.0
4.471116085922144,1.6946087126714775,140.0070000000011,1.9325782092875716,0.2,0.22,80.0,300.0,50.0,1,0.55,700.0
4.4716017944461965,1.6970043228920477,140.0070000000011,1.9271213472975215,0.2,0.22,40.0,300.0,50.0,1,0.55,700.0
4.477672820021031,1.700764409969102,140.0070000000011,1.933724028719749,0.2,0.12,40.0,300.0,12.5,1,0.55,700.0
4.479988840857614,1.9134580539320103,120.00600000000094,2.1898308197873986,0.35,0.35,15.0,300.0,12.5,1,0.55,700.0
4.493341245904798,1.7178582321254263,140.0070000000011,1.9296514679410126,0.2,0.22,15.0,300.0,50.0,1,0.55,700.0
4.498964816538249,1.7142128981331395,140.0070000000011,1.9561340525859794,0.2,0.12,80.0,300.0,12.5,1,0.55,700.0
4.513001099715522,1.558282113277316,160.00800000000126,1.5845685326805363,0.1,0.08,80.0,300.0,50.0,1,0.35,350.0
4.515100943558319,1.5599339387610036,160.00800000000126,1.5858485851351325,0.1,0.08,40.0,300.0,50.0,1,0.35,350.0
4.515142831022721,1.5654314115243613,160.00800000000126,1.5702611985666879,0.1,0.35,15.0,600.0,12.5,1,0.25,700.0
4.515625113144867,1.9354812561109211,120.00600000000094,2.2287253058112326,0.35,0.22,15.0,300.0,12.5,1,0.55,700.0
4.523092197224782,1.7251774331194063,140.0070000000011,1.9937421831581699,0.35,0.08,15.0,600.0,12.5,1,0.35,700.0
4.524849144942301,1.5633228179618242,160.00800000000126,1.6040180770870258,0.1,0.35,15.0,300.0,12.5,1,0.55,700.0
4.525116044677972,1.5748104632692719,160.00800000000126,1.5719588040248047,0.1,0.35,40.0,600.0,12.5,1,0.25,700.0
4.525614983529636,1.5683213908267177,160.00800000000126,1.5919245505797133,0.1,0.08,15.0,300.0,50.0,1,0.35,350.0
4.5262081147081,1.5692040139160486,160.00800000000126,1.59109743083438,0.1,0.35,15.0,100.0,12.5,1,0.35,150.0
4.526595499505604,1.5693910807663196,160.00800000000126,1.5916697678264748,0.1,0.35,40.0,100.0,12.5,1,0.35,150.0
4.529866031869998,1.572038560935146,160.00800000000126,1.5934499169566678,0.1,0.35,80.0,100.0,12.5,1,0.35,150.0
4.532598225672071,1.5742843864825782,160.00800000000126,1.5948395405413571,0.1,0.35,40.0,100.0,25.0,1,0.35,150.0
4.533210911822122,1.5747470033355164,160.00800000000126,1.5952683099616773,0.1,0.35,80.0,100.0,25.0,1,0.35,150.0
4.533344330294447,1.5782178581517496,160.00800000000126,1.5857327775505097,0.1,0.22,15.0,600.0,12.5,1,0.25,700.0
4.533400467237675,1.5652364080789551,160.00800000000126,1.622983026167716,0.1,0.22,40.0,300.0,12.5,1,0.55,700.0
4.533852597077868,1.5664457660531776,160.00800000000126,1.620819517213347,0.1,0.35,80.0,300.0,25.0,1,0.55,700.0
4.534882813025728,1.5756248477229253,160.00800000000126,1.5975370437222414,0.1,0.08,15.0,600.0,50.0,1,0.35,700.0
4.535711798997488,1.5689418007967524,160.00800000000126,1.6189999948591904,0.1,0.35,40.0,300.0,25.0,1,0.55,700.0
4.536234302912279,1.5772098251600426,160.00800000000126,1.596869936434908,0.1,0.35,80.0,100.0,50.0,1,0.35,150.0
4.5362699314524555,1.577378356277858,160.00800000000126,1.5964902147845093,0.1,0.35,15.0,100.0,25.0,1,0.35,150.0
4.53712769303896,1.5779706511131757,160.00800000000126,1.5972486912164752,0.1,0.35,40.0,100.0,50.0,1,0.35,150.0
4.54159812216503,1.5816431137522655,160.00800000000126,1.5995285954649876,0.1,0.35,15.0,100.0,50.0,1,0.35,150.0
4.54187487242611,1.571118733296574,160.00800000000126,1.6303889689414768,0.1,0.22,80.0,300.0,12.5,1,0.55,700.0
4.542590869873875,1.5869913898317336,160.00800000000126,1.5870842286917775,0.1,0.22,40.0,600.0,12.5,1,0.25,700.0
4.545443603441941,1.5828006459518302,160.00800000000126,1.6072084499716925,0.1,0.22,15.0,100.0,12.5,1,0.35,150.0
4.545648477385419,1.5828552057348124,160.00800000000126,1.6076379190016792,0.1,0.22,40.0,100.0,12.5,1,0.35,150.0
4.545808587771087,1.5760137479965364,160.00800000000126,1.627642399355804,0.1,0.35,80.0,300.0,50.0,1,0.55,700.0
4.545817591714958,1.5924641503747732,160.00800000000126,1.5806669752576188,0.1,0.35,80.0,600.0,12.5,1,0.25,700.0
4.546780528310015,1.5790267897787162,160.00800000000126,1.621810681517944,0.1,0.22,15.0,300.0,12.5,1,0.55,700.0
4.548885464316698,1.5854748161700458,160.00800000000126,1.6094018518475237,0.1,0.22,80.0,100.0,12.5,1,0.35,150.0
4.551704049482659,1.5877818031548876,160.00800000000126,1.610863560936436,0.1,0.22,40.0,100.0,25.0,1,0.35,150.0
4.552263023396683,1.5882050559262468,160.00800000000126,1.6112513356297613,0.1,0.22,80.0,100.0,25.0,1,0.35,150.0
4.553897979663578,1.583359510691245,160.00800000000126,1.6297670542066112,0.1,0.35,40.0,300.0,50.0,1,0.55,700.0
4.5548187578583486,1.581470845096836,160.00800000000126,1.6377940364614105,0.1,0.22,80.0,300.0,25.0,1,0.55,700.0
4.555312525405352,1.5906843130196922,160.00800000000126,1.6128806068161161,0.1,0.22,80.0,100.0,50.0,1,0.35,150.0
4.555554987200344,1.5909964455780221,160.00800000000126,1.6126815474922929,0.1,0.22,15.0,100.0,25.0,1,0.35,150.0
4.556159788348694,1.6004760198713306,160.00800000000126,1.5873250527924134,0.1,0.35,40.0,600.0,25.0,1,0.25,700.0
4.556261760444412,1.591483108031866,160.00800000000126,1.6133104354643608,0.1,0.22,40.0,100.0,50.0,1,0.35,150.0
4.556451372015334,1.6004823218894553,160.00800000000126,1.588140143216743,0.1,0.35,15.0,300.0,12.5,1,0.25,350.0
4.556976336308478,1.5841650949944432,160.00800000000126,1.6362606894686167,0.1,0.22,40.0,300.0,25.0,1,0.55,700.0
4.557139353564615,1.968349724822129,120.00600000000094,2.2534275106927777,0.35,0.35,15.0,300.0,25.0,1,0.55,700.0
4.5589249625148955,1.7636310044745185,140.0070000000011,1.986254165829601,0.35,0.35,15.0,600.0,25.0,1,0.25,700.0
4.560862705350611,1.595238285021861,160.00800000000126,1.6157269152249467,0.1,0.22,15.0,100.0,50.0,1,0.35,150.0
4.5627960673254195,1.9656952438166495,120.00600000000094,2.2771737814535897,0.35,0.35,40.0,300.0,12.5,1,0.55,700.0
4.563039761122637,1.6065318065567336,160.00800000000126,1.5896798701882406,0.1,0.35,80.0,600.0,25.0,1,0.25,700.0
4.5631761309019465,1.6045272348627189,160.00800000000126,1.5957968458263112,0.1,0.22,80.0,600.0,12.5,1,0.25,700.0
4.563185082203445,1.6065927379595755,160.00800000000126,1.589920983553858,0.1,0.35,40.0,300.0,12.5,1,0.25,350.0
4.564993356366775,1.7494691496679982,140.0070000000011,2.044054876282172,0.35,0.08,40.0,600.0,12.5,1,0.35,700.0
4.565645524413731,1.602884180261716,160.00800000000126,1.6075466975771324,0.1,0.12,15.0,600.0,12.5,1,0.25,700.0
4.566804604799359,1.7595725272634002,140.0070000000011,2.0203630786741216,0.35,0.22,40.0,600.0,12.5,1,0.25,700.0
4.566904998880448,1.5911210411279995,160.00800000000126,1.6447541650069402,0.1,0.22,80.0,300.0,50.0,1,0.55,700.0
4.567191948167043,1.5970979025300358,160.00800000000126,1.6284972732485377,0.1,0.35,15.0,300.0,25.0,1,0.55,700.0
4.569100553693906,1.5925548110229621,160.00800000000126,1.6469306933455006,0.1,0.12,40.0,300.0,12.5,1,0.55,700.0
4.571573235695311,1.6124944887294836,160.00800000000126,1.5970249913308827,0.1,0.35,15.0,600.0,25.0,1,0.25,700.0
4.573752614288262,1.768391089581426,140.0070000000011,2.0150186420194838,0.35,0.35,40.0,600.0,25.0,1,0.25,700.0
4.573882639628432,1.612814123034548,160.00800000000126,1.6027100474110434,0.1,0.22,40.0,600.0,25.0,1,0.25,700.0
4.573978458221796,1.6108669317988225,160.00800000000126,1.6085472183512988,0.1,0.12,40.0,600.0,12.5,1,0.25,700.0
4.574088364369554,1.6158547909372425,160.00800000000126,1.5946102098065504,0.1,0.35,80.0,300.0,12.5,1,0.25,350.0
4.574337269492882,1.6129459650750162,160.00800000000126,1.6036322983367062,0.1,0.22,15.0,300.0,12.5,1,0.25,350.0
4.575324994359763,1.598672931656311,160.00800000000126,1.6472344648669515,0.1,0.22,40.0,300.0,50.0,1,0.55,700.0
4.577257840143902,1.5982319720028777,160.00800000000126,1.654016766117161,0.1,0.12,80.0,300.0,12.5,1,0.55,700.0
4.57880464074478,1.6081495295647998,160.00800000000126,1.6301003176570303,0.1,0.12,40.0,100.0,12.5,1,0.35,150.0
4.578863171031385,1.608278152420991,160.00800000000126,1.6299000531725014,0.1,0.12,15.0,100.0,12.5,1,0.35,150.0
4.57921749566653,1.6198822495096554,160.00800000000126,1.5977578461624455,0.1,0.35,80.0,600.0,50.0,1,0.25,700.0
4.579362624378581,1.619942911536451,160.00800000000126,1.5979991795488906,0.1,0.35,40.0,300.0,25.0,1,0.25,350.0
4.580543596095494,1.6186922241987514,160.00800000000126,1.604946776847782,0.1,0.22,80.0,600.0,25.0,1,0.25,700.0
4.580687689060351,1.6187528456832467,160.00800000000126,1.6051852667916733,0.1,0.22,40.0,300.0,12.5,1,0.25,350.0
4.581215212597993,1.6212719182516173,160.00800000000126,1.599495126703877,0.1,0.35,40.0,600.0,50.0,1,0.25,700.0
4.581995161204875,1.6107327990104818,160.00800000000126,1.6318353205553577,0.1,0.12,80.0,100.0,12.5,1,0.35,150.0
4.583033084266625,1.6231576598040367,160.00800000000126,1.5993012127501993,0.1,0.35,80.0,300.0,25.0,1,0.25,350.0
4.583200188055245,1.6172390892088466,160.00800000000126,1.6166888538468,0.1,0.08,15.0,600.0,12.5,1,0.25,700.0
4.5840602458935,1.6073976309172007,160.00800000000126,1.6472646142179441,0.1,0.12,15.0,300.0,12.5,1,0.55,700.0
4.584947954160659,1.6131331302497867,160.00800000000126,1.6334137826024375,0.1,0.12,40.0,100.0,25.0,1,0.35,150.0
4.5850227873917255,1.624205489193664,160.00800000000126,1.6019922805658344,0.1,0.35,15.0,300.0,25.0,1,0.25,350.0
4.58542899072828,1.6135019265326696,160.00800000000126,1.6337344691302624,0.1,0.12,80.0,100.0,25.0,1,0.35,150.0
4.58722919159351,1.6079835397016944,160.00800000000126,1.6546447196908485,0.1,0.08,40.0,300.0,12.5,1,0.55,700.0
4.587496309082547,1.7785103656920136,140.0070000000011,2.025374123972905,0.35,0.12,15.0,600.0,12.5,1,0.25,700.0
4.588521790327037,1.6160093568792437,160.00800000000126,1.6354069527079274,0.1,0.12,80.0,100.0,50.0,1,0.35,150.0
4.589043848447199,1.6165040425843313,160.00800000000126,1.6354851596081392,0.1,0.12,15.0,100.0,25.0,1,0.35,150.0
4.589548594158251,1.6168582121532362,160.00800000000126,1.6359153771571322,0.1,0.12,40.0,100.0,50.0,1,0.35,150.0
4.589562163731913,1.6130213352136369,160.00800000000126,1.6469166529093058,0.1,0.22,15.0,300.0,25.0,1,0.55,700.0
4.58966022130872,1.6139741604231632,160.00800000000126,1.644474459672965,0.1,0.35,15.0,300.0,50.0,1,0.55,700.0
4.590145778915924,1.6254536936951318,160.00800000000126,1.6130631006307812,0.1,0.22,15.0,600.0,25.0,1,0.25,700.0
4.590460119970455,1.6087626701555566,160.00800000000126,1.661649856613942,0.1,0.12,80.0,300.0,25.0,1,0.55,700.0
4.591267935427535,1.625133097099904,160.00800000000126,1.6171852523646055,0.1,0.08,40.0,600.0,12.5,1,0.25,700.0
4.591293255048187,1.629967710645647,160.00800000000126,1.6034444125786342,0.1,0.35,80.0,300.0,50.0,1,0.25,350.0
4.591524260135989,1.6279514952266927,160.00800000000126,1.6098650425979346,0.1,0.22,80.0,300.0,12.5,1,0.25,350.0
4.5920933708306135,1.6304915367137855,160.00800000000126,1.6042338117623127,0.1,0.35,40.0,300.0,50.0,1,0.25,350.0
4.592214915322043,1.7852601024689227,140.0070000000011,2.0195708938660113,0.35,0.22,15.0,600.0,25.0,1,0.25,700.0
4.592266400034402,1.7751927967143122,140.0070000000011,2.0484817237716366,0.35,0.08,15.0,600.0,25.0,1,0.35,700.0
4.593110995249524,1.611765394974997,160.00800000000126,1.660644572212881,0.1,0.12,40.0,300.0,25.0,1,0.55,700.0
4.594313680078309,1.620709274560997,160.00800000000126,1.6385268729065519,0.1,0.12,15.0,100.0,50.0,1,0.35,150.0
4.594465085698738,1.628276588582851,160.00800000000126,1.6173385631881954,0.1,0.12,80.0,600.0,12.5,1,0.25,700.0
4.59464761277902,1.9912093216640576,120.00600000000094,2.295280831756994,0.35,0.22,15.0,300.0,25.0,1,0.55,700.0
4.594698613965889,1.7819778354858944,140.0070000000011,2.0360450813713653,0.35,0.35,80.0,600.0,25.0,1,0.25,700.0
4.594829515335279,1.782035036773476,140.0070000000011,2.0362556530336753,0.35,0.35,40.0,300.0,12.5,1,0.25,350.0
4.595211711894221,1.6136552838886622,160.00800000000126,1.6612469371586842,0.1,0.08,80.0,300.0,12.5,1,0.55,700.0
4.595463709917184,1.773250165234579,140.0070000000011,2.0631672705216815,0.35,0.08,15.0,300.0,12.5,1,0.35,350.0
4.596304579501686,1.6228768743714115,160.00800000000126,1.6380220146578737,0.1,0.08,40.0,100.0,12.5,1,0.35,150.0
4.59645918676166,1.6230260849480789,160.00800000000126,1.6380374337530348,0.1,0.08,15.0,100.0,12.5,1,0.35,150.0
4.596521493498527,1.9859418592477718,120.00600000000094,2.3156846692878323,0.35,0.22,40.0,300.0,12.5,1,0.55,700.0
4.596840672854389,1.6321173456848832,160.00800000000126,1.6131523633413922,0.1,0.22,80.0,600.0,50.0,1,0.25,700.0
4.5969845237920355,1.6321776790204299,160.00800000000126,1.613390985061677,0.1,0.22,40.0,300.0,25.0,1,0.25,350.0
4.598124239904229,1.7845741957207548,140.0070000000011,2.0384144119527376,0.35,0.22,15.0,300.0,12.5,1,0.25,350.0
4.598270781369472,1.775777518186847,140.0070000000011,2.0639664662360246,0.35,0.12,15.0,300.0,25.0,1,0.35,350.0
4.598465238541156,1.775051018073881,140.0070000000011,2.066597772763596,0.35,0.12,40.0,600.0,50.0,1,0.35,700.0
4.598496290775066,1.77221957205342,140.0070000000011,2.0747763392046554,0.35,0.08,80.0,600.0,12.5,1,0.35,700.0
4.599083948793044,1.6336856982647292,160.00800000000126,1.6150807157951323,0.1,0.22,40.0,600.0,50.0,1,0.25,700.0
4.599282708277302,1.9922642277466318,120.00600000000094,2.305509944373304,0.35,0.35,40.0,300.0,25.0,1,0.55,700.0
4.5994768336336715,1.6254654243482989,160.00800000000126,1.6396897408152968,0.1,0.08,80.0,100.0,12.5,1,0.35,150.0
4.600541731633204,1.635302771040986,160.00800000000126,1.6146256016919975,0.1,0.22,80.0,300.0,25.0,1,0.25,350.0
4.6008355355630925,1.7760336957338951,140.0070000000011,2.070562399511947,0.35,0.08,40.0,600.0,25.0,1,0.35,700.0
4.601741514161963,1.638049910861122,160.00800000000126,1.610204580859491,0.1,0.35,15.0,300.0,50.0,1,0.25,350.0
4.602485478202758,1.6278928067626766,160.00800000000126,1.6413504898287516,0.1,0.08,40.0,100.0,25.0,1,0.35,150.0
4.602750405007325,1.6185471460443823,160.00800000000126,1.6688093113226397,0.1,0.12,80.0,300.0,50.0,1,0.55,700.0
4.602937495942538,1.6282566001203254,160.00800000000126,1.6416025594919839,0.1,0.08,80.0,100.0,25.0,1,0.35,150.0
4.602959987643774,1.623088358559316,160.00800000000126,1.656433225955539,0.1,0.08,15.0,300.0,12.5,1,0.55,700.0
4.603042673859449,1.636725097932345,160.00800000000126,1.6177073597916727,0.1,0.22,15.0,300.0,25.0,1,0.25,350.0
4.603307832922341,1.7757819128013297,140.0070000000011,2.078345486059986,0.35,0.12,80.0,300.0,12.5,1,0.35,350.0
4.604182438929209,1.7775684030352248,140.0070000000011,2.0757401025541937,0.35,0.12,80.0,600.0,50.0,1,0.35,700.0
4.604317868408069,1.7776301773278278,140.0070000000011,2.0759505459434995,0.35,0.12,40.0,300.0,25.0,1,0.35,350.0
4.6050506770704,1.78841664612655,140.0070000000011,2.047225802696669,0.35,0.22,40.0,600.0,25.0,1,0.25,700.0
4.605177935240844,1.7862109006471616,140.0070000000011,2.0538915274104745,0.35,0.22,80.0,600.0,12.5,1,0.25,700.0
4.605709109862468,1.63697330033195,160.00800000000126,1.6246165986585677,0.1,0.12,40.0,600.0,25.0,1,0.25,700.0
4.60573907839631,1.6407151560020172,160.00800000000126,1.6140112068407826,0.1,0.35,15.0,600.0,50.0,1,0.25,700.0
4.60575636077694,1.793126653513799,140.0070000000011,2.035784877894642,0.35,0.35,15.0,300.0,25.0,1,0.25,350.0
4.606048800661854,1.630780177998427,160.00800000000126,1.6432817790383065,0.1,0.08,80.0,100.0,50.0,1,0.35,150.0
4.6063705498592284,1.7844644925599433,140.0070000000011,2.062288735140768,0.35,0.12,15.0,600.0,50.0,1,0.35,700.0
4.606373570304042,1.6372677734580585,160.00800000000126,1.6256737052741859,0.1,0.12,15.0,300.0,12.5,1,0.25,350.0
4.606652400691278,1.63127574939655,160.00800000000126,1.6435904322705988,0.1,0.08,15.0,100.0,25.0,1,0.35,150.0
4.6066812880534345,1.7928339607719088,140.0070000000011,2.0392637922328847,0.35,0.35,40.0,600.0,50.0,1,0.25,700.0
4.607099432977329,1.6316334251930575,160.00800000000126,1.6438457365264376,0.1,0.08,40.0,100.0,50.0,1,0.35,150.0
4.608530143563198,1.6242839832679472,160.00800000000126,1.6689318865578058,0.1,0.08,80.0,300.0,25.0,1,0.55,700.0
4.608860178193719,1.6421490983250064,160.00800000000126,1.6188316567676955,0.1,0.22,80.0,300.0,50.0,1,0.25,350.0
4.609780958237722,1.6427597837753987,160.00800000000126,1.619717641320871,0.1,0.22,40.0,300.0,50.0,1,0.25,350.0
4.611409451761285,1.627340886514155,160.00800000000126,1.668424472134606,0.1,0.08,40.0,300.0,25.0,1,0.55,700.0
4.611676106832996,1.6263962671800134,160.00800000000126,1.6718852561513267,0.1,0.12,40.0,300.0,50.0,1,0.55,700.0
4.611754516504687,1.6425860614719723,160.00800000000126,1.625852728664846,0.1,0.08,80.0,600.0,12.5,1,0.25,700.0
4.611896230624325,1.63548176167281,160.00800000000126,1.6465556255757032,0.1,0.08,15.0,100.0,50.0,1,0.35,150.0
4.612006908498431,1.6298245225071935,160.00800000000126,1.6630353885463391,0.1,0.22,15.0,300.0,50.0,1,0.55,700.0
4.6120941616492805,1.6426224912780971,160.00800000000126,1.6267190582033286,0.1,0.12,80.0,600.0,25.0,1,0.25,700.0
4.612235624808917,1.64268222340768,160.00800000000126,1.6269525754320489,0.1,0.12,40.0,300.0,12.5,1,0.25,350.0
4.612469803376822,1.999380813258464,120.00600000000094,2.322854257480982,0.35,0.35,80.0,300.0,12.5,1,0.55,700.0
4.613345676240315,1.7832338899556277,140.0070000000011,2.0857336750990587,0.35,0.12,80.0,300.0,25.0,1,0.35,350.0
4.613490407050298,1.8022284986265744,140.0070000000011,2.0318768812105916,0.35,0.35,15.0,600.0,50.0,1,0.25,700.0
4.614450255411708,1.7968240772440973,140.0070000000011,2.0500605090502693,0.35,0.35,80.0,600.0,50.0,1,0.25,700.0
4.614581237243801,1.7968814091972043,140.0070000000011,2.050270937275941,0.35,0.35,40.0,300.0,25.0,1,0.25,350.0
4.614899629387539,1.795998663666064,140.0070000000011,2.053702759204168,0.35,0.35,80.0,300.0,12.5,1,0.25,350.0
4.617990202820858,1.7867166084309898,140.0070000000011,2.089053126828146,0.35,0.08,80.0,600.0,25.0,1,0.35,700.0
4.618120426594799,1.7867765785832883,140.0070000000011,2.0892538514614127,0.35,0.08,40.0,300.0,12.5,1,0.35,350.0
4.61972877209058,1.6505176793516678,160.00800000000126,1.6259745506825514,0.1,0.22,15.0,300.0,50.0,1,0.25,350.0
4.619960836501782,1.7888999960096421,140.0070000000011,2.088445258548926,0.35,0.12,40.0,300.0,50.0,1,0.35,350.0
4.6202439639215696,2.0106191898371835,120.00600000000094,2.3129564973839196,0.35,0.35,15.0,300.0,50.0,1,0.55,700.0
4.62089787618413,1.634141612347839,160.00800000000126,1.6761036109607772,0.1,0.08,80.0,300.0,50.0,1,0.55,700.0
4.622214836026325,1.7920247379532401,140.0070000000011,2.0859574230659104,0.35,0.12,15.0,300.0,50.0,1,0.35,350.0
4.622938361502988,1.7902867496667216,140.0070000000011,2.0929903195321424,0.35,0.12,80.0,300.0,50.0,1,0.35,350.0
4.623008321295919,1.651811082612479,160.00800000000126,1.6316492533812028,0.1,0.12,80.0,300.0,12.5,1,0.25,350.0
4.62304142153063,1.650388300409323,160.00800000000126,1.6358089174893948,0.1,0.12,15.0,600.0,25.0,1,0.25,700.0
4.623209533247493,1.6514004099462232,160.00800000000126,1.633397495146431,0.1,0.08,40.0,600.0,25.0,1,0.25,700.0
4.6239314234372575,1.6517111200658225,160.00800000000126,1.634572295346902,0.1,0.08,15.0,300.0,12.5,1,0.25,350.0
4.6242963638305215,1.6535886786077656,160.00800000000126,1.6302505292078202,0.1,0.22,15.0,600.0,50.0,1,0.25,700.0
4.625278370418431,1.8054157173980185,140.0070000000011,2.056450437201131,0.35,0.08,15.0,600.0,12.5,1,0.25,700.0
4.6254007309542295,1.8039127842851848,140.0070000000011,2.061094133340081,0.35,0.35,80.0,300.0,25.0,1,0.25,350.0
4.625736082563526,1.8017079042651738,140.0070000000011,2.0683519379952435,0.35,0.22,80.0,600.0,25.0,1,0.25,700.0
4.625866007250317,1.8017651397489054,140.0070000000011,2.0685596214325583,0.35,0.22,40.0,300.0,12.5,1,0.25,350.0
4.62738411598327,1.6416359161908436,160.00800000000126,1.673223427978309,0.1,0.12,15.0,300.0,25.0,1,0.55,700.0
4.628602288641595,1.6561831065869466,160.00800000000126,1.6351405201560851,0.1,0.12,80.0,600.0,50.0,1,0.25,700.0
4.628743455358478,1.6562425222680388,160.00800000000126,1.6353740945440558,0.1,0.12,40.0,300.0,25.0,1,0.25,350.0
4.629517780165809,1.6570366945190846,160.00800000000126,1.6353173875620168,0.1,0.08,80.0,600.0,25.0,1,0.25,700.0
4.629657464850487,1.6570957648547775,160.00800000000126,1.6355477142734005,0.1,0.08,40.0,300.0,12.5,1,0.25,350.0
4.629713828115811,1.6472352811201887,160.00800000000126,1.6638815628445813,0.1,0.35,40.0,300.0,12.5,1,0.35,700.0
4.6300166298890035,1.6420368860335877,160.00800000000126,1.6795992681582765,0.1,0.08,40.0,300.0,50.0,1,0.55,700.0
4.6311591917665975,1.6579770535434966,160.00800000000126,1.6373203949230928,0.1,0.12,40.0,600.0,50.0,1,0.25,700.0
4.6313300613757855,2.013198729991822,120.00600000000094,2.3372609468112846,0.35,0.35,80.0,300.0,25.0,1,0.55,700.0
4.631402336862061,1.7989029906719551,140.0070000000011,2.0925552748288268,0.35,0.08,15.0,300.0,25.0,1,0.35,350.0
4.631468560822535,1.798178350568988,140.0070000000011,2.09481488643866,0.35,0.08,40.0,600.0,50.0,1,0.35,700.0
4.631559879063309,1.8094093375798006,140.0070000000011,2.0629872613814038,0.35,0.35,40.0,300.0,50.0,1,0.25,350.0
4.631676841320713,1.6512133255428885,160.00800000000126,1.6581243307937301,0.1,0.35,15.0,300.0,12.5,1,0.35,700.0
4.632156697712591,1.6592524864740534,160.00800000000126,1.636526317824339,0.1,0.12,80.0,300.0,25.0,1,0.25,350.0
4.633099419708709,1.8123424263576375,140.0070000000011,2.059005695288729,0.35,0.35,15.0,300.0,50.0,1,0.25,350.0
4.6339674227020105,2.013055135929086,120.00600000000094,2.345206533636888,0.35,0.22,40.0,300.0,25.0,1,0.55,700.0
4.6340959670440816,2.0169586467748037,120.00600000000094,2.3344209150550395,0.35,0.35,40.0,300.0,50.0,1,0.55,700.0
4.635302401762163,1.6611419367687659,160.00800000000126,1.6401156142667939,0.1,0.12,15.0,300.0,25.0,1,0.25,350.0
4.635581657481077,1.8115387117422495,140.0070000000011,2.0683941306823166,0.35,0.35,80.0,300.0,50.0,1,0.25,350.0
4.635644739543528,1.7986713267175076,140.0070000000011,2.105338322360012,0.35,0.08,80.0,300.0,12.5,1,0.35,350.0
4.636638540948832,1.8077517273685382,140.0070000000011,2.0822337530865083,0.35,0.12,40.0,600.0,12.5,1,0.25,700.0
4.636869072431658,1.8006211737521103,140.0070000000011,2.1032654247986606,0.35,0.08,80.0,600.0,50.0,1,0.35,700.0
4.636999942251267,1.8006814768003085,140.0070000000011,2.103467044145547,0.35,0.08,40.0,300.0,25.0,1,0.35,350.0
4.638249151445792,1.813916311273434,140.0070000000011,2.069222400492403,0.35,0.22,15.0,300.0,25.0,1,0.25,350.0
4.638788176169978,1.813337153911309,140.0070000000011,2.072417206453295,0.35,0.22,40.0,600.0,50.0,1,0.25,700.0
4.63969470934029,1.8073872322343874,140.0070000000011,2.092007077445389,0.35,0.08,15.0,600.0,50.0,1,0.35,700.0
4.640424751696608,1.6662466470772586,160.00800000000126,1.6401660131980877,0.1,0.08,80.0,300.0,12.5,1,0.25,350.0
4.640578227764763,1.6661648799228368,160.00800000000126,1.6408381366911649,0.1,0.12,80.0,300.0,50.0,1,0.25,350.0
4.6407974033198975,1.6648739184686991,160.00800000000126,1.6451528138605123,0.1,0.08,15.0,600.0,25.0,1,0.25,700.0
4.641653110767987,1.6668846324286675,160.00800000000126,1.6418527952551456,0.1,0.12,40.0,300.0,50.0,1,0.25,350.0
4.644323680154299,1.6583527807892275,160.00800000000126,1.6738597124715777,0.1,0.35,80.0,300.0,12.5,1,0.35,700.0
4.645827545923605,1.8062198677909544,140.0070000000011,2.112864794664666,0.35,0.08,80.0,300.0,25.0,1,0.35,350.0
4.646019789787497,1.816898015565144,140.0070000000011,2.082905069206675,0.35,0.22,80.0,600.0,50.0,1,0.25,700.0
4.646046705489338,1.8157377435805266,140.0070000000011,2.0862970340251286,0.35,0.22,80.0,300.0,12.5,1,0.25,350.0
4.64608043496694,2.019370253274726,120.00600000000094,2.3617719476920005,0.35,0.22,80.0,300.0,12.5,1,0.55,700.0
4.646127008260524,1.6706768827186305,160.00800000000126,1.643800358691068,0.1,0.08,80.0,600.0,50.0,1,0.25,700.0
4.646149689361916,1.8169553305982105,140.0070000000011,2.0831124536105396,0.35,0.22,40.0,300.0,25.0,1,0.25,350.0
4.646266372491411,1.6707356168836,160.00800000000126,1.6440307303079762,0.1,0.08,40.0,300.0,25.0,1,0.25,350.0
4.646335694100192,1.6573955582443298,160.00800000000126,1.6823432453024094,0.1,0.08,15.0,300.0,25.0,1,0.55,700.0
4.647514310868346,1.824073563949505,140.0070000000011,2.066673562625215,0.35,0.22,15.0,600.0,50.0,1,0.25,700.0
4.648761960090329,1.6724862617195255,160.00800000000126,1.6461591382022431,0.1,0.08,40.0,600.0,50.0,1,0.25,700.0
4.649621908694062,1.6582268725927327,160.00800000000126,1.6893572460037423,0.1,0.12,15.0,300.0,50.0,1,0.55,700.0
4.649640105380315,1.6737408690797804,160.00800000000126,1.645083532287188,0.1,0.08,80.0,300.0,25.0,1,0.25,350.0
4.650860378346739,1.6621962120629885,160.00800000000126,1.6815547608106611,0.1,0.22,40.0,300.0,12.5,1,0.35,700.0
4.651055544585702,2.0274617849385526,120.00600000000094,2.352867884706103,0.35,0.35,80.0,300.0,50.0,1,0.55,700.0
4.651950852367407,1.6748627429744556,160.00800000000126,1.648480312551237,0.1,0.12,15.0,300.0,50.0,1,0.25,350.0
4.6526903340014325,1.811976898536583,140.0070000000011,2.116024101328094,0.35,0.08,40.0,300.0,50.0,1,0.35,350.0
4.652765720227321,1.634512248559931,160.00800000000126,1.7660956333353455,0.2,0.35,80.0,300.0,12.5,1,0.25,350.0
4.652939504177558,1.6756521313623107,160.00800000000126,1.649049636614938,0.1,0.08,15.0,300.0,25.0,1,0.25,350.0
4.65378340773849,1.6668549733236817,160.00800000000126,1.6765955268993964,0.1,0.22,15.0,300.0,12.5,1,0.35,700.0
4.654995573351353,1.6377802156954233,160.00800000000126,1.7631295933025999,0.2,0.35,40.0,600.0,50.0,1,0.25,700.0
4.655093156310323,1.8150120740851776,140.0070000000011,2.1142173777860824,0.35,0.08,15.0,300.0,50.0,1,0.35,350.0
4.655515770498177,1.813334362168781,140.0070000000011,2.120218309512511,0.35,0.08,80.0,300.0,50.0,1,0.35,350.0
4.655801730034645,1.6357589884557373,160.00800000000126,1.7712078330825376,0.2,0.22,40.0,600.0,25.0,1,0.25,700.0
4.6560495294184285,1.6376666229271852,160.00800000000126,1.7664654471177845,0.2,0.35,80.0,600.0,50.0,1,0.25,700.0
4.6561911143274815,1.6377279006460388,160.00800000000126,1.7666948962326405,0.2,0.35,40.0,300.0,25.0,1,0.25,350.0
4.6568256858479895,1.8238360148658481,140.0070000000011,2.093956202806072,0.35,0.22,80.0,300.0,25.0,1,0.25,350.0
4.656850567592691,1.6691157767736282,160.00800000000126,1.678899402340124,0.1,0.35,40.0,300.0,25.0,1,0.35,700.0
4.657167305199063,1.6783824384254142,160.00800000000126,1.6533281907817996,0.1,0.12,15.0,600.0,50.0,1,0.25,700.0
4.657387033623343,1.6401363043680877,160.00800000000126,1.7632306550149612,0.2,0.35,15.0,300.0,25.0,1,0.25,350.0
4.658110996543375,1.6806928618350792,160.00800000000126,1.6494232420236477,0.1,0.08,80.0,300.0,50.0,1,0.25,350.0
4.658254781188452,2.033416111622262,120.00600000000094,2.3564247701890766,0.35,0.22,15.0,300.0,50.0,1,0.55,700.0
4.659071390634584,1.6701782616948604,160.00800000000126,1.6822089398277276,0.1,0.35,80.0,300.0,25.0,1,0.35,700.0
4.659223295137096,1.6814185795185372,160.00800000000126,1.6505277589101153,0.1,0.08,40.0,300.0,50.0,1,0.25,350.0
4.6599899526943505,1.6824451358864037,160.00800000000126,1.6497851908797936,0.1,0.35,15.0,100.0,12.5,1,0.25,150.0
4.662161355463988,1.641881456893905,160.00800000000126,1.7718854244858968,0.2,0.35,80.0,300.0,25.0,1,0.25,350.0
4.663102139090442,1.6850611032299776,160.00800000000126,1.6512029596012732,0.1,0.35,40.0,100.0,12.5,1,0.25,150.0
4.663332546545339,1.6449521763606987,160.00800000000126,1.7664582005274903,0.2,0.22,15.0,600.0,25.0,1,0.25,700.0
4.66351264467816,1.8297085711267729,140.0070000000011,2.0962830672896278,0.35,0.22,40.0,300.0,50.0,1,0.25,350.0
4.665288269476617,1.6731794744312132,160.00800000000126,1.6913965572725296,0.1,0.22,80.0,300.0,12.5,1,0.35,700.0
4.6654181908815024,2.033471189550505,120.00600000000094,2.3767342895170964,0.35,0.22,80.0,300.0,25.0,1,0.55,700.0
4.665870641499705,1.8332072843986784,140.0070000000011,2.093023877431458,0.35,0.22,15.0,300.0,50.0,1,0.25,350.0
4.666212702979649,1.8363608082931806,140.0070000000011,2.0849911276755795,0.35,0.12,15.0,600.0,25.0,1,0.25,700.0
4.666891590319804,1.6434010778804597,160.00800000000126,1.781058606969501,0.2,0.22,80.0,600.0,25.0,1,0.25,700.0
4.667031641427576,1.6434620664941368,160.00800000000126,1.7812844998097719,0.2,0.22,40.0,300.0,12.5,1,0.25,350.0
4.6672701850849645,1.8316311782965664,140.0070000000011,2.1015257336810915,0.35,0.22,80.0,300.0,50.0,1,0.25,350.0
4.667952537197026,1.6890766056226347,160.00800000000126,1.6535883759267773,0.1,0.35,80.0,100.0,12.5,1,0.25,150.0
4.66831805129342,1.6739106106894164,160.00800000000126,1.697964116011385,0.1,0.08,15.0,300.0,50.0,1,0.55,700.0
4.66947265895445,2.0380762039063534,120.00600000000094,2.3751613001373775,0.35,0.22,40.0,300.0,50.0,1,0.55,700.0
4.6695663313974825,1.6893805449458208,160.00800000000126,1.6573308184332654,0.1,0.08,15.0,300.0,50.0,1,0.25,350.0
4.669930617037052,1.8340680520902926,140.0070000000011,2.102164471276407,0.35,0.12,15.0,300.0,12.5,1,0.25,350.0
4.670244440935,1.6908996057066537,160.00800000000126,1.654928100652365,0.1,0.35,40.0,100.0,25.0,1,0.25,150.0
4.670325247841012,1.6487417383314356,160.00800000000126,1.7756100271701643,0.2,0.35,40.0,300.0,50.0,1,0.25,350.0
4.6710257454111,1.6488408294560297,160.00800000000126,1.7773283313001476,0.2,0.35,80.0,300.0,50.0,1,0.25,350.0
4.6718399989884665,1.6922312397278358,160.00800000000126,1.6556821693160353,0.1,0.35,80.0,100.0,25.0,1,0.25,150.0
4.672705230211436,1.6928379276893335,160.00800000000126,1.6564208643488116,0.1,0.35,15.0,100.0,25.0,1,0.25,150.0
4.673147870279729,1.6814772565549565,160.00800000000126,1.690144610642155,0.1,0.35,80.0,300.0,50.0,1,0.35,700.0
4.6745288001753815,1.655281955939307,160.00800000000126,1.7689338406744457,0.2,0.35,15.0,600.0,50.0,1,0.25,700.0
4.674869309957674,1.692852770175912,160.00800000000126,1.6625615422335513,0.1,0.08,15.0,600.0,50.0,1,0.25,700.0
4.675140046515958,1.8342565996551665,140.0070000000011,2.1165098481736417,0.35,0.12,80.0,600.0,12.5,1,0.25,700.0
4.675444810682533,1.69517636437665,160.00800000000126,1.6575669894453287,0.1,0.35,80.0,100.0,50.0,1,0.25,150.0
4.67586465228966,1.6954963908781617,160.00800000000126,1.65785217546137,0.1,0.35,40.0,100.0,50.0,1,0.25,150.0
4.6763377411295926,1.649501837498461,160.00800000000126,1.7906168675174656,0.2,0.12,40.0,600.0,12.5,1,0.25,700.0
4.676363066654454,1.8375042332467302,140.0070000000011,2.1107252383077357,0.35,0.12,40.0,600.0,25.0,1,0.25,700.0
4.677680594271875,1.6553946820557905,160.00800000000126,1.777616892045902,0.2,0.35,15.0,300.0,50.0,1,0.25,350.0
4.678274264845037,1.6842512914336722,160.00800000000126,1.6968656383181284,0.1,0.22,40.0,300.0,25.0,1,0.35,700.0
4.678955170777414,1.6867565522225163,160.00800000000126,1.6916531958710814,0.1,0.35,40.0,300.0,50.0,1,0.35,700.0
4.678977362247865,1.6956545537212915,160.00800000000126,1.666293738647299,0.1,0.22,15.0,100.0,12.5,1,0.25,150.0
4.680100642505876,1.698849138713969,160.00800000000126,1.6603757251196805,0.1,0.35,15.0,100.0,50.0,1,0.25,150.0
4.680190545946191,1.685107577068752,160.00800000000126,1.6998941967926289,0.1,0.22,80.0,300.0,25.0,1,0.35,700.0
4.680847019485602,1.653787448342119,160.00800000000126,1.7912559175527534,0.2,0.22,80.0,300.0,12.5,1,0.25,350.0
4.681894154325015,1.6981276889727677,160.00800000000126,1.6675613295777933,0.1,0.22,40.0,100.0,12.5,1,0.25,150.0
4.682501086930429,1.6919350603991496,160.00800000000126,1.6869886472321736,0.1,0.35,15.0,300.0,25.0,1,0.35,700.0
4.683832080623468,1.657622317597675,160.00800000000126,1.788827894359354,0.2,0.22,40.0,600.0,50.0,1,0.25,700.0
4.684459371946592,1.6571901358101182,160.00800000000126,1.7918549603898706,0.2,0.22,80.0,600.0,50.0,1,0.25,700.0
4.68459927151102,1.6572509950905034,160.00800000000126,1.7920807897728495,0.2,0.22,40.0,300.0,25.0,1,0.25,350.0
4.6852625722469705,1.6602064941610628,160.00800000000126,1.7855316516739672,0.2,0.08,15.0,600.0,12.5,1,0.25,700.0
4.685606035116383,2.0479910121576785,120.00600000000094,2.392928637024831,0.35,0.22,80.0,300.0,50.0,1,0.55,700.0
4.686215331026113,1.6806885322156693,160.00800000000126,1.7297337108869297,0.1,0.35,40.0,100.0,12.5,1,0.55,350.0
4.686498207046806,1.6601741393597191,160.00800000000126,1.7891544791059093,0.2,0.22,15.0,300.0,25.0,1,0.25,350.0
4.686707237514521,1.702112138415763,160.00800000000126,1.6699288545678268,0.1,0.22,80.0,100.0,12.5,1,0.25,150.0
4.68740241431722,1.6899846229803626,160.00800000000126,1.706565118105255,0.1,0.12,40.0,300.0,12.5,1,0.35,700.0
4.689089101299142,1.7039989889938145,160.00800000000126,1.671343178015166,0.1,0.22,40.0,100.0,25.0,1,0.25,150.0
4.690396134387687,1.66125985116525,160.00800000000126,1.7971893806354835,0.2,0.22,80.0,300.0,25.0,1,0.25,350.0
4.690627015122326,1.7052881251379328,160.00800000000126,1.6720539713839255,0.1,0.22,80.0,100.0,25.0,1,0.25,150.0
4.69108022783031,1.6836995481682118,160.00800000000126,1.7350305133202244,0.1,0.35,80.0,100.0,12.5,1,0.55,350.0
4.691741553820728,1.7060676043159995,160.00800000000126,1.6730112842991718,0.1,0.22,15.0,100.0,25.0,1,0.25,150.0
4.691814533431687,1.6956402769445553,160.00800000000126,1.703012161391751,0.1,0.12,15.0,300.0,12.5,1,0.35,700.0
4.692699511940005,1.688343890472393,160.00800000000126,1.7263874899074083,0.1,0.35,15.0,100.0,12.5,1,0.55,350.0
4.694257825328882,1.7082494336915166,160.00800000000126,1.6739668332495619,0.1,0.22,80.0,100.0,50.0,1,0.25,150.0
4.694399058842594,1.6964898886842406,160.00800000000126,1.70796905759524,0.1,0.22,80.0,300.0,50.0,1,0.35,700.0
4.694737356842875,1.7086103974239457,160.00800000000126,1.674305598339745,0.1,0.22,40.0,100.0,50.0,1,0.25,150.0
4.696510553955116,1.8502833473614761,140.0070000000011,2.1317777331246397,0.35,0.12,80.0,600.0,25.0,1,0.25,700.0
4.696635865528726,1.8503392794052438,140.0070000000011,2.131975960352758,0.35,0.12,40.0,300.0,12.5,1,0.25,350.0
4.69772309534316,1.6889347435609001,160.00800000000126,1.7390524336635478,0.1,0.35,80.0,100.0,25.0,1,0.55,350.0
4.698646199142728,1.6904620680361917,160.00800000000126,1.737326088875764,0.1,0.35,40.0,100.0,25.0,1,0.55,350.0
4.6989018423327575,1.6683592707662194,160.00800000000126,1.8012073473329149,0.2,0.22,40.0,300.0,50.0,1,0.25,350.0
4.699114309266948,1.7120537149131103,160.00800000000126,1.6769731267251982,0.1,0.22,15.0,100.0,50.0,1,0.25,150.0
4.699392853327253,1.6683040127732394,160.00800000000126,1.802768115868557,0.2,0.22,80.0,300.0,50.0,1,0.25,350.0
4.700545739289942,1.7019846685480533,160.00800000000126,1.7098316306910561,0.1,0.22,40.0,300.0,50.0,1,0.35,700.0
4.701547005341048,1.7007853306262963,160.00800000000126,1.7161190706135243,0.1,0.12,80.0,300.0,12.5,1,0.35,700.0
4.7025182462734545,1.6690233342391811,160.00800000000126,1.8096426058121549,0.2,0.12,80.0,600.0,12.5,1,0.25,700.0
4.704032290977237,1.6938792425865044,160.00800000000126,1.7429515668306081,0.1,0.35,80.0,100.0,50.0,1,0.55,350.0
4.704648846420843,1.6759940948303098,160.00800000000126,1.7958135759728984,0.2,0.22,15.0,600.0,50.0,1,0.25,700.0
4.705058016133937,1.7078021195269346,160.00800000000126,1.706102561734237,0.1,0.22,15.0,300.0,25.0,1,0.35,700.0
4.7056716302546855,1.6728436565928164,160.00800000000126,1.8077370676052869,0.2,0.08,40.0,600.0,12.5,1,0.25,700.0
4.706363178839303,1.7060454527362046,160.00800000000126,1.7148506460087998,0.1,0.08,40.0,300.0,12.5,1,0.35,700.0
4.706812247371638,1.6753861947946267,160.00800000000126,1.8037315787914088,0.2,0.22,15.0,300.0,50.0,1,0.25,350.0
4.708492200886454,1.6980526748979832,160.00800000000126,1.7437700742527176,0.1,0.35,40.0,100.0,50.0,1,0.55,350.0
4.708815187515389,1.696855587255098,160.00800000000126,1.748113143600779,0.1,0.22,40.0,100.0,12.5,1,0.55,350.0
4.709243872566068,1.675982355634445,160.00800000000126,1.8089757626617269,0.2,0.12,15.0,300.0,12.5,1,0.25,350.0
4.710711434006118,1.6764859085097927,160.00800000000126,1.8117300728465888,0.2,0.12,40.0,600.0,25.0,1,0.25,700.0
4.711408321220193,1.7118515277217115,160.00800000000126,1.7126765528527532,0.1,0.08,15.0,300.0,12.5,1,0.35,700.0
4.712857834396882,1.7153137629443123,160.00800000000126,1.7069259184358598,0.1,0.35,15.0,300.0,50.0,1,0.35,700.0
4.712977698776033,1.7213513344647406,160.00800000000126,1.6900181837464965,0.1,0.12,15.0,100.0,12.5,1,0.25,150.0
4.713542857778551,1.699787866347258,160.00800000000126,1.7532428326607838,0.1,0.22,80.0,100.0,12.5,1,0.55,350.0
4.715245325882698,1.7056440627452192,160.00800000000126,1.7413750375356014,0.1,0.35,15.0,100.0,25.0,1,0.55,350.0
4.715256649219701,1.7123260183209057,160.00800000000126,1.722316088282218,0.1,0.12,40.0,300.0,25.0,1,0.35,700.0
4.71591828378392,1.7048794891907255,160.00800000000126,1.745482270266218,0.1,0.22,15.0,100.0,12.5,1,0.55,350.0
4.7167081054767115,1.7128924232466027,160.00800000000126,1.7248448063716864,0.1,0.12,80.0,300.0,25.0,1,0.35,700.0
4.720136045144737,1.6870646037331114,160.00800000000126,1.8084326897474494,0.2,0.12,15.0,600.0,25.0,1,0.25,700.0
4.720259264938334,1.7050719871017808,160.00800000000126,1.7573350795329543,0.1,0.22,80.0,100.0,25.0,1,0.55,350.0
4.7203806262429255,1.7168802446884825,160.00800000000126,1.723943947298355,0.1,0.08,80.0,300.0,12.5,1,0.35,700.0
4.721345863328335,1.6837363120181286,160.00800000000126,1.8213987180291087,0.2,0.12,80.0,600.0,25.0,1,0.25,700.0
4.721372453037159,1.7067098029300705,160.00800000000126,1.7558361431630534,0.1,0.22,40.0,100.0,25.0,1,0.55,350.0
4.721481770276877,1.6837958823699415,160.00800000000126,1.8216168225911895,0.2,0.12,40.0,300.0,12.5,1,0.25,350.0
4.7266294776624935,1.710055797793268,160.00800000000126,1.7612962281977314,0.1,0.22,80.0,100.0,50.0,1,0.55,350.0
4.727033170346458,1.7140992013464666,160.00800000000126,1.7508970542856361,0.1,0.35,15.0,100.0,50.0,1,0.55,350.0
4.727764677665688,1.6761873539522274,160.00800000000126,1.8613066391812627,0.2,0.12,15.0,100.0,12.5,1,0.35,150.0
4.731124370357217,1.7244118852357384,160.00800000000126,1.7331213860613124,0.1,0.12,80.0,300.0,50.0,1,0.35,700.0
4.731285538002246,1.7143405062102541,160.00800000000126,1.7623572336913516,0.1,0.22,40.0,100.0,50.0,1,0.55,350.0
4.7317939389367005,1.6781458979488126,160.00800000000126,1.8672229742510542,0.2,0.12,40.0,100.0,12.5,1,0.35,150.0
4.7318359019809195,1.69243579577457,160.00800000000126,1.8265145891609451,0.2,0.08,80.0,600.0,12.5,1,0.25,700.0
4.734391654351014,1.7285374934497384,160.00800000000126,1.7306690311464488,0.1,0.08,40.0,300.0,25.0,1,0.35,700.0
4.735225864449815,1.6940205278928722,160.00800000000126,1.8316723901626373,0.2,0.12,80.0,300.0,12.5,1,0.25,350.0
4.735398977211989,1.7311091704002943,160.00800000000126,1.7261994480333565,0.1,0.22,15.0,300.0,50.0,1,0.35,700.0
4.735659230075082,1.7290865240341073,160.00800000000126,1.7327220172598736,0.1,0.08,80.0,300.0,25.0,1,0.35,700.0
4.736865886433572,1.681651262255101,160.00800000000126,1.8716989262241492,0.2,0.12,80.0,100.0,12.5,1,0.35,150.0
4.737755164405529,1.730190035302596,160.00800000000126,1.7355575117226123,0.1,0.12,40.0,300.0,50.0,1,0.35,700.0
4.738605708482283,1.7222538732286123,160.00800000000126,1.7606623864390054,0.1,0.22,15.0,100.0,25.0,1,0.55,350.0
4.738835535113893,1.6835125875351673,160.00800000000126,1.8720084216534476,0.2,0.12,40.0,100.0,25.0,1,0.35,150.0
4.739062892607928,1.6996218770892921,160.00800000000126,1.8266314729103323,0.2,0.08,15.0,300.0,12.5,1,0.25,350.0
4.739260176477907,1.6986228561515913,160.00800000000126,1.8300494866465624,0.2,0.12,40.0,600.0,50.0,1,0.25,700.0
4.7393348885001885,1.6977925294272413,160.00800000000126,1.8326353116369392,0.2,0.12,80.0,600.0,50.0,1,0.25,700.0
4.73947055446628,1.6978519151770348,160.00800000000126,1.832853255112074,0.2,0.12,40.0,300.0,25.0,1,0.25,350.0
4.740417572917347,1.6855461625098298,160.00800000000126,1.8707183154499942,0.2,0.12,15.0,100.0,25.0,1,0.35,150.0
4.740421403795819,1.7001007475541041,160.00800000000126,1.829144732119132,0.2,0.08,40.0,600.0,25.0,1,0.25,700.0
4.740689561325612,1.6845790174251853,160.00800000000126,1.8742586968583101,0.2,0.12,80.0,100.0,25.0,1,0.35,150.0
4.742255971658796,1.701396808093384,160.00800000000126,1.830683324472551,0.2,0.12,15.0,300.0,25.0,1,0.25,350.0
4.743652382372443,1.736844769893482,160.00800000000126,1.7333931785112637,0.1,0.12,15.0,300.0,25.0,1,0.35,700.0
4.744242905524234,1.687283556211396,160.00800000000126,1.8766838551794829,0.2,0.12,80.0,100.0,50.0,1,0.35,150.0
4.744404129573001,1.687674597557187,160.00800000000126,1.8760272343308415,0.2,0.12,40.0,100.0,50.0,1,0.35,150.0
4.745028180411111,1.701664737361465,160.00800000000126,1.837838408713221,0.2,0.12,80.0,300.0,25.0,1,0.25,350.0
4.747101119204264,1.7262109356206647,160.00800000000126,1.7736290959530878,0.1,0.12,40.0,100.0,12.5,1,0.55,350.0
4.747857962158081,1.6907808711241894,160.00800000000126,1.8770202600967767,0.2,0.12,15.0,100.0,50.0,1,0.35,150.0
4.747885564343185,1.8820724345853026,140.0070000000011,2.1877375135939023,0.35,0.22,15.0,100.0,50.0,1,0.35,150.0
4.750302557118153,1.7107361815019626,160.00800000000126,1.826989644617632,0.2,0.08,15.0,600.0,25.0,1,0.25,700.0
4.750317559807091,1.7306528850860943,160.00800000000126,1.770127642059938,0.1,0.22,15.0,100.0,50.0,1,0.55,350.0
4.7509033488392705,1.7073291942590176,160.00800000000126,1.8384404416578124,0.2,0.08,80.0,600.0,25.0,1,0.25,700.0
4.751036308225576,1.7073876878195293,160.00800000000126,1.83865320116008,0.2,0.08,40.0,300.0,12.5,1,0.25,350.0
4.751594079584368,1.7290306479838915,160.00800000000126,1.7784098045727363,0.1,0.12,80.0,100.0,12.5,1,0.55,350.0
4.754011619217675,1.7090861917914337,160.00800000000126,1.8423012212177785,0.2,0.12,40.0,300.0,50.0,1,0.25,350.0
4.754231095212132,1.7088394339151687,160.00800000000126,1.843633317991269,0.2,0.12,80.0,300.0,50.0,1,0.25,350.0
4.7551982886891455,1.7347719844948681,160.00800000000126,1.7723037262693102,0.1,0.12,15.0,100.0,12.5,1,0.55,350.0
4.756373883519293,1.699055864823001,160.00800000000126,1.877708624846496,0.2,0.08,15.0,100.0,12.5,1,0.35,150.0
4.758429391236509,1.7343991014815594,160.00800000000126,1.782600827871234,0.1,0.12,80.0,100.0,25.0,1,0.55,350.0
4.759847695261377,1.7361953926207778,160.00800000000126,1.7815208646873728,0.1,0.12,40.0,100.0,25.0,1,0.55,350.0
4.760194702236018,1.700961016441005,160.00800000000126,1.88318195941427,0.2,0.08,40.0,100.0,12.5,1,0.35,150.0
4.761503257392887,1.7178798193240004,160.00800000000126,1.8385812516253355,0.2,0.12,15.0,600.0,50.0,1,0.25,700.0
4.7625487430417195,1.7164983840049632,160.00800000000126,1.8455153115335345,0.2,0.12,15.0,300.0,50.0,1,0.25,350.0
4.763353224467368,1.7144118367291672,160.00800000000126,1.8537753935376624,0.2,0.35,15.0,100.0,12.5,1,0.25,150.0
4.76340950553273,1.697922873556742,160.00800000000126,1.9010475199313408,0.2,0.12,15.0,300.0,12.5,1,0.55,700.0
4.7645108900185225,1.706834493363913,160.00800000000126,1.8787325618702575,0.2,0.35,15.0,300.0,12.5,1,0.35,700.0
4.7647614458896275,1.7176496101426164,160.00800000000126,1.8485481021342636,0.2,0.08,80.0,300.0,12.5,1,0.25,350.0
4.764890373533381,1.7394467283351869,160.00800000000126,1.7866389862805026,0.1,0.12,80.0,100.0,50.0,1,0.55,350.0
4.7652159791062765,1.704463945294067,160.00800000000126,1.8875200966062573,0.2,0.08,80.0,100.0,12.5,1,0.35,150.0
4.76629069227481,1.743171183000051,160.00800000000126,1.7799985979278288,0.1,0.08,40.0,100.0,12.5,1,0.55,350.0
4.76729440970958,1.7063749229961742,160.00800000000126,1.8879985334668192,0.2,0.08,40.0,100.0,25.0,1,0.35,150.0
4.769018767086407,1.70842861687116,160.00800000000126,1.8870575720435083,0.2,0.08,15.0,100.0,25.0,1,0.35,150.0
4.769071080878257,1.721520025111441,160.00800000000126,1.8498030164765644,0.2,0.08,80.0,600.0,50.0,1,0.25,700.0
4.769083791832155,1.7074262064421788,160.00800000000126,1.8901073868284495,0.2,0.08,80.0,100.0,25.0,1,0.35,150.0
4.769139875881567,1.7223643945879332,160.00800000000126,1.8475870894103312,0.2,0.08,40.0,600.0,50.0,1,0.25,700.0
4.769203759438459,1.7215782955619625,160.00800000000126,1.8500156110756505,0.2,0.08,40.0,300.0,25.0,1,0.25,350.0
4.769839017924762,1.7438815390734876,160.00800000000126,1.788107082432158,0.1,0.12,40.0,100.0,50.0,1,0.55,350.0
4.770419903229145,1.7188397459512372,160.00800000000126,1.8613147350796828,0.2,0.35,40.0,100.0,12.5,1,0.25,150.0
4.7706764846351,1.7460153995819803,160.00800000000126,1.784403100151717,0.1,0.08,80.0,100.0,12.5,1,0.55,350.0
4.7721933673933945,1.7251266560052099,160.00800000000126,1.8484191753947603,0.2,0.08,15.0,300.0,25.0,1,0.25,350.0
4.772665528886455,1.7101542671939483,160.00800000000126,1.8925464619785366,0.2,0.08,80.0,100.0,50.0,1,0.35,150.0
4.772875571787375,1.7105537737446146,160.00800000000126,1.892005137264976,0.2,0.08,40.0,100.0,50.0,1,0.35,150.0
4.774683084873193,1.7253846852895376,160.00800000000126,1.8547954273818208,0.2,0.08,80.0,300.0,25.0,1,0.25,350.0
4.774796085688147,1.7517681564478436,160.00800000000126,1.779736940686528,0.1,0.08,15.0,100.0,12.5,1,0.55,350.0
4.7763855779961375,1.7136446577220574,160.00800000000126,1.8932026293544606,0.2,0.08,15.0,100.0,50.0,1,0.35,150.0
4.776987453418256,1.7235970023541483,160.00800000000126,1.8664870030402532,0.2,0.35,80.0,100.0,12.5,1,0.25,150.0
4.777562212583465,1.7514320515578303,160.00800000000126,1.7886004600731897,0.1,0.08,80.0,100.0,25.0,1,0.55,350.0
4.778017397453758,1.7522240370690185,160.00800000000126,1.7876381725277746,0.1,0.12,15.0,100.0,25.0,1,0.55,350.0
4.778178854276123,1.7256540631736959,160.00800000000126,1.8640136888640237,0.2,0.35,15.0,100.0,25.0,1,0.25,150.0
4.778236985440901,1.7248931455465468,160.00800000000126,1.8663538282695293,0.2,0.35,40.0,100.0,25.0,1,0.25,150.0
4.7791030626756825,1.7532299068920671,160.00800000000126,1.7878661593817045,0.1,0.08,40.0,100.0,25.0,1,0.55,350.0
4.781144311521249,1.7268202566352573,160.00800000000126,1.869154442531352,0.2,0.35,80.0,100.0,25.0,1,0.25,150.0
4.7838221108660095,1.7328763383576207,160.00800000000126,1.8595022071667733,0.2,0.08,40.0,300.0,50.0,1,0.25,350.0
4.783972844933674,1.7326263312700962,160.00800000000126,1.8606471818958794,0.2,0.08,80.0,300.0,50.0,1,0.25,350.0
4.784054447022251,1.7565175418836974,160.00800000000126,1.7926197289672403,0.1,0.08,80.0,100.0,50.0,1,0.55,350.0
4.784369038373602,1.9174581884950916,140.0070000000011,2.1908738567956956,0.35,0.35,15.0,100.0,12.5,1,0.25,150.0
4.78465750467303,1.729796309700777,160.00800000000126,1.8706891284920961,0.2,0.35,40.0,100.0,50.0,1,0.25,150.0
4.785097098822382,1.7298773256892774,160.00800000000126,1.8717136375231018,0.2,0.35,80.0,100.0,50.0,1,0.25,150.0
4.787563504774035,1.7325204816039617,160.00800000000126,1.8712086376287262,0.2,0.35,15.0,100.0,50.0,1,0.25,150.0
4.788560658512891,1.9079769981412855,140.0070000000011,2.2299390296331114,0.35,0.12,15.0,100.0,12.5,1,0.35,150.0
4.789100786246471,1.7609563915358948,160.00800000000126,1.794355413458735,0.1,0.08,40.0,100.0,50.0,1,0.55,350.0
4.789537200024808,1.7605163157264203,160.00800000000126,1.796859669423913,0.1,0.12,15.0,100.0,50.0,1,0.55,350.0
4.791515467882877,1.7414703374202587,160.00800000000126,1.8569289441788548,0.2,0.08,15.0,600.0,50.0,1,0.25,700.0
4.791523901481921,1.7195188205303427,160.00800000000126,1.9196716598615962,0.2,0.35,40.0,300.0,12.5,1,0.35,700.0
4.792422344696152,1.7402237805511662,160.00800000000126,1.8630816118427627,0.2,0.08,15.0,300.0,50.0,1,0.25,350.0
4.792902772908807,1.7208588664857503,160.00800000000126,1.919782589780107,0.2,0.08,15.0,300.0,12.5,1,0.55,700.0
4.7940196781244016,1.7354421268600835,160.00800000000126,1.881307289326569,0.2,0.22,15.0,100.0,12.5,1,0.25,150.0
4.799624462641508,1.731179159364456,160.00800000000126,1.9095008665058084,0.2,0.22,15.0,300.0,12.5,1,0.35,700.0
4.799918825023232,1.9272415418562299,140.0070000000011,2.2073493804771003,0.35,0.35,40.0,100.0,12.5,1,0.25,150.0
4.800766131593492,1.739625930109893,160.00800000000126,1.8886291470959418,0.2,0.22,40.0,100.0,12.5,1,0.25,150.0
4.801688388977547,1.915973660855673,140.0070000000011,2.2445992232053054,0.35,0.12,40.0,100.0,12.5,1,0.35,150.0
4.803448489781386,1.9311602564626325,140.0070000000011,2.2062378094821065,0.35,0.35,15.0,100.0,25.0,1,0.25,150.0
4.80539840500461,1.7229432159138829,160.00800000000126,1.9495291116877351,0.2,0.08,40.0,300.0,12.5,1,0.55,700.0
4.806208485600219,1.9203586159834252,140.0070000000011,2.244985341762224,0.35,0.12,15.0,100.0,25.0,1,0.35,150.0
4.806532130046468,1.7223235353869937,160.00800000000126,1.9545388418841572,0.2,0.12,40.0,300.0,25.0,1,0.55,700.0
4.807291837486012,1.7443418691462196,160.00800000000126,1.8937999095422102,0.2,0.22,80.0,100.0,12.5,1,0.25,150.0
4.8087003254148035,1.7457534073108039,160.00800000000126,1.8937911945828019,0.2,0.22,40.0,100.0,25.0,1,0.25,150.0
4.808983004591077,1.7467511851273334,160.00800000000126,1.8917480556106425,0.2,0.22,15.0,100.0,25.0,1,0.25,150.0
4.80919762587867,1.9340998204508832,140.0070000000011,2.2142651583650577,0.35,0.35,40.0,100.0,25.0,1,0.25,150.0
4.810113601380227,1.93421799857292,140.0070000000011,2.2165445794493994,0.35,0.35,80.0,100.0,12.5,1,0.25,150.0
4.8105689800470035,1.9224252354948668,140.0070000000011,2.2515392701489136,0.35,0.12,40.0,100.0,25.0,1,0.35,150.0
4.810808481166746,1.9220857413901586,140.0070000000011,2.253193542218775,0.35,0.12,80.0,100.0,12.5,1,0.35,150.0
4.8115160376321775,1.7476097290083215,160.00800000000126,1.8965323103538219,0.2,0.22,80.0,100.0,25.0,1,0.25,150.0
4.814389011380986,1.7257948184014873,160.00800000000126,1.967069122798514,0.2,0.12,80.0,300.0,25.0,1,0.55,700.0
4.8149065995939555,1.9377859403402047,140.0070000000011,2.220044740724956,0.35,0.35,80.0,100.0,25.0,1,0.25,150.0
4.8151919776320415,1.750695988074292,160.00800000000126,1.8982171130220866,0.2,0.22,40.0,100.0,50.0,1,0.25,150.0
4.815453332073582,1.9254941790930948,140.0070000000011,2.256726151372772,0.35,0.12,80.0,100.0,25.0,1,0.35,150.0
4.81552684164578,1.7507034466710074,160.00800000000126,1.899152557070724,0.2,0.22,80.0,100.0,50.0,1,0.25,150.0
4.816862753617193,1.9404241275569314,140.0070000000011,2.218096074457844,0.35,0.35,15.0,100.0,50.0,1,0.25,150.0
4.817258497354542,1.9399407466232461,140.0070000000011,2.2206078592322256,0.35,0.35,40.0,100.0,50.0,1,0.25,150.0
4.8180991517799905,1.9277693965760097,140.0070000000011,2.2577850148684693,0.35,0.12,40.0,100.0,50.0,1,0.35,150.0
4.818159484254141,1.92839688309544,140.0070000000011,2.256164574739098,0.35,0.12,15.0,100.0,50.0,1,0.35,150.0
4.818359226664247,1.7535899829313524,160.00800000000126,1.8989978392367906,0.2,0.22,15.0,100.0,50.0,1,0.25,150.0
4.818558792429297,1.7375506822427957,160.00800000000126,1.9453946005328044,0.2,0.35,80.0,300.0,12.5,1,0.35,700.0
4.818799891587801,1.9390175542864128,140.0070000000011,2.2276495351467775,0.35,0.22,15.0,100.0,12.5,1,0.25,150.0
4.81934041422511,1.7384858383290576,160.00800000000126,1.9449559311315232,0.2,0.12,15.0,300.0,25.0,1,0.55,700.0
4.8196126590282224,1.9412590391831723,140.0070000000011,2.223567485271525,0.35,0.35,80.0,100.0,50.0,1,0.25,150.0
4.81995058724787,1.9287569435733039,140.0070000000011,2.2602532676415734,0.35,0.12,80.0,100.0,50.0,1,0.35,150.0
4.822528819584269,1.7430631890588837,160.00800000000126,1.9409875157867633,0.2,0.35,40.0,300.0,25.0,1,0.35,700.0
4.824961980131335,1.7425685037943928,160.00800000000126,1.9493527895340665,0.2,0.22,40.0,300.0,12.5,1,0.35,700.0
4.826186312457556,1.7362355146357804,160.00800000000126,1.9709451366335904,0.2,0.08,80.0,300.0,12.5,1,0.55,700.0
4.826404920767038,1.7529319834552672,160.00800000000126,1.9238655351764335,0.2,0.35,15.0,300.0,25.0,1,0.35,700.0
4.82946757932367,1.7369739680614409,160.00800000000126,1.978210317892031,0.2,0.12,80.0,300.0,50.0,1,0.55,700.0
4.830945670715562,1.7399836012206253,160.00800000000126,1.973834484271192,0.2,0.12,40.0,300.0,50.0,1,0.55,700.0
4.834010176061453,1.9485086550550839,140.0070000000011,2.24399006001815,0.35,0.22,40.0,100.0,12.5,1,0.25,150.0
4.834462905711791,1.7446755211494813,160.00800000000126,1.9704782416065434,0.2,0.08,40.0,300.0,25.0,1,0.55,700.0
4.834989952020715,1.7500502260444593,160.00800000000126,1.9566277885035337,0.2,0.35,80.0,300.0,25.0,1,0.35,700.0
4.8417651193836155,1.7479512855301167,160.00800000000126,1.9819823824385139,0.2,0.08,80.0,300.0,25.0,1,0.55,700.0
4.843515880273522,1.9555083257567505,140.0070000000011,2.2511501557621565,0.35,0.22,40.0,100.0,25.0,1,0.25,150.0
4.8442243869176105,1.955470265955018,140.0070000000011,2.2532832027502154,0.35,0.22,80.0,100.0,12.5,1,0.25,150.0
4.848668821616284,1.7612830711705978,160.00800000000126,1.9636164298447647,0.2,0.08,15.0,300.0,25.0,1,0.55,700.0
4.849740783530436,1.7631865458630005,160.00800000000126,1.9612406790497623,0.2,0.35,40.0,300.0,50.0,1,0.35,700.0
4.851352312533844,1.7623745656566971,160.00800000000126,1.9681649910775072,0.2,0.35,80.0,300.0,50.0,1,0.35,700.0
4.851737258642203,1.7603697845263537,160.00800000000126,1.9749927831880851,0.2,0.22,80.0,300.0,12.5,1,0.35,700.0
4.852351421907566,1.778279073859503,160.00800000000126,1.9255781372801264,0.2,0.12,15.0,100.0,12.5,1,0.25,150.0
4.85511889859038,1.7621928077265345,160.00800000000126,1.9794459738966477,0.2,0.12,15.0,300.0,50.0,1,0.55,700.0
4.855275191786124,1.781128749781171,160.00800000000126,1.9257898342998117,0.2,0.35,15.0,300.0,12.5,1,0.25,700.0
4.856399571441469,1.9706859210448904,140.0070000000011,2.244596143990179,0.35,0.35,15.0,300.0,12.5,1,0.35,700.0
4.856540118073171,1.766468998829127,160.00800000000126,1.971288912125787,0.2,0.22,40.0,300.0,25.0,1,0.35,700.0
4.856934157916408,1.7592128318338487,160.00800000000126,1.9931466459501148,0.2,0.08,80.0,300.0,50.0,1,0.55,700.0
4.858637480525093,1.7821349742909982,160.00800000000126,1.932521446383074,0.2,0.12,40.0,100.0,12.5,1,0.25,150.0
4.8588445020872095,1.7623508112810138,160.00800000000126,1.9896391165890763,0.2,0.08,40.0,300.0,50.0,1,0.55,700.0
4.86251198214932,1.777766633461599,160.00800000000126,1.956072424822005,0.2,0.22,15.0,300.0,25.0,1,0.35,700.0
4.8631881737948115,1.7774290719678318,160.00800000000126,1.958968862362744,0.2,0.12,15.0,300.0,12.5,1,0.35,700.0
4.86509559509053,1.786792119252859,160.00800000000126,1.9376670738218627,0.2,0.12,80.0,100.0,12.5,1,0.25,150.0
4.866747041255332,1.7883729559351005,160.00800000000126,1.9378688152006067,0.2,0.12,40.0,100.0,25.0,1,0.25,150.0
4.867473941736509,1.789654498790555,160.00800000000126,1.936284122702671,0.2,0.12,15.0,100.0,25.0,1,0.25,150.0
4.868474188568832,1.7730687952463389,160.00800000000126,1.9865296952070692,0.2,0.22,80.0,300.0,25.0,1,0.35,700.0
4.869428009318271,1.790132736194836,160.00800000000126,1.9405007803526158,0.2,0.12,80.0,100.0,25.0,1,0.25,150.0
4.869684200730991,1.7829422941886668,160.00800000000126,1.96177687583516,0.2,0.35,15.0,300.0,50.0,1,0.35,700.0
4.873330868680687,1.7933644630562646,160.00800000000126,1.9424183017840073,0.2,0.12,40.0,100.0,50.0,1,0.25,150.0
4.87352544916416,1.7932811242314302,160.00800000000126,1.9432123569506026,0.2,0.12,80.0,100.0,50.0,1,0.25,150.0
4.876801521493672,1.7964326741529664,160.00800000000126,1.9435681352591045,0.2,0.12,15.0,100.0,50.0,1,0.25,150.0
4.883243911068667,1.8029886716800345,160.00800000000126,1.9432435411103255,0.2,0.08,15.0,100.0,12.5,1,0.25,150.0
4.883719544386038,1.784627300167187,160.00800000000126,1.9970635549109481,0.2,0.08,15.0,300.0,50.0,1,0.55,700.0
4.884123668408723,1.786792089629295,160.00800000000126,1.992033082226882,0.2,0.22,40.0,300.0,50.0,1,0.35,700.0
4.885111337238361,1.7855628335158789,160.00800000000126,1.9983671534927512,0.2,0.22,80.0,300.0,50.0,1,0.35,700.0
4.885665512266692,1.786790213924808,160.00800000000126,1.9964437095481848,0.2,0.12,40.0,300.0,12.5,1,0.35,700.0
4.888259320835802,1.9812925788490015,140.0070000000011,2.305319262819384,0.35,0.12,15.0,300.0,12.5,1,0.55,700.0
4.889370899952523,1.8068334252709086,160.00800000000126,1.9497642133759878,0.2,0.08,40.0,100.0,12.5,1,0.25,150.0
4.8905774653004395,1.80541853929769,160.00800000000126,1.9572540742935138,0.2,0.22,15.0,300.0,12.5,1,0.25,700.0
4.890589866921468,1.8005839023001704,160.00800000000126,1.9711027560607977,0.2,0.35,40.0,300.0,12.5,1,0.25,700.0
4.894444269973978,1.9943177702864872,140.0070000000011,2.2857757133927836,0.35,0.22,15.0,300.0,12.5,1,0.35,700.0
4.89448506336669,1.8018793845315688,160.00800000000126,1.978530510957435,0.2,0.08,15.0,300.0,12.5,1,0.35,700.0
4.895799265580024,1.8115060465422954,160.00800000000126,1.9547806258220297,0.2,0.08,80.0,100.0,12.5,1,0.25,150.0
4.897547555217498,1.8131262666959482,160.00800000000126,1.9551465386329454,0.2,0.08,40.0,100.0,25.0,1,0.25,150.0
4.898382450328517,1.8143981172360764,160.00800000000126,1.9538980945497757,0.2,0.08,15.0,100.0,25.0,1,0.25,150.0
4.905886356331135,1.807677676535214,160.00800000000126,1.99453908513115,0.2,0.22,15.0,300.0,50.0,1,0.35,700.0
4.911876578443652,1.8041820607278964,160.00800000000126,2.0216414791878194,0.2,0.12,80.0,300.0,12.5,1,0.35,700.0
4.91550290111994,1.81076742342267,160.00800000000126,2.013187079135002,0.2,0.08,40.0,300.0,12.5,1,0.35,700.0
4.918047512091199,1.8111828906671268,160.00800000000126,2.019270346925869,0.2,0.12,40.0,300.0,25.0,1,0.35,700.0
4.922751594042716,1.8228042633139012,160.00800000000126,1.999506659225132,0.2,0.35,80.0,300.0,12.5,1,0.25,700.0
4.924179148253584,1.8235605774347636,160.00800000000126,2.00142448805372,0.2,0.22,40.0,300.0,12.5,1,0.25,700.0
4.924997997426019,1.8268804531607072,160.00800000000126,1.994278697900838,0.2,0.35,40.0,300.0,25.0,1,0.25,700.0
4.9252905517159435,1.8337640378874098,160.00800000000126,1.9754471823671838,0.2,0.35,15.0,300.0,25.0,1,0.25,700.0
4.927080315421584,1.824373021419223,160.00800000000126,2.007392268578119,0.2,0.12,15.0,300.0,25.0,1,0.35,700.0
4.928745753800736,2.0261226006670703,140.0070000000011,2.2929090089532838,0.35,0.35,15.0,300.0,12.5,1,0.25,700.0
4.929080289970173,1.817189836724653,160.00800000000126,2.0336298664157164,0.2,0.12,80.0,300.0,25.0,1,0.35,700.0
4.936321293278923,1.8146088314556243,160.00800000000126,2.061692748066516,0.2,0.35,15.0,100.0,12.5,1,0.55,350.0
4.9400373040987455,2.0304760364359202,140.0070000000011,2.3127321933223124,0.35,0.35,15.0,300.0,25.0,1,0.35,700.0
4.940806016524655,1.8366121932080588,160.00800000000126,2.01163949519022,0.2,0.35,80.0,300.0,25.0,1,0.25,700.0
4.941331762953933,1.8281135085343314,160.00800000000126,2.0374235840559507,0.2,0.08,80.0,300.0,12.5,1,0.35,700.0
4.943341160672041,2.025092952933545,140.0070000000011,2.3375520221099415,0.35,0.35,40.0,300.0,12.5,1,0.35,700.0
4.94603399190118,1.8317034076964465,160.00800000000126,2.0406016691563265,0.2,0.12,40.0,300.0,50.0,1,0.35,700.0
4.946093534336431,1.8299163727522525,160.00800000000126,2.0458776045261704,0.2,0.12,80.0,300.0,50.0,1,0.35,700.0
4.948130078159618,1.8353581063426305,160.00800000000126,2.0361484909056253,0.2,0.08,40.0,300.0,25.0,1,0.35,700.0
4.954680775619941,1.8234296672835906,160.00800000000126,2.0889460238180906,0.2,0.35,40.0,100.0,12.5,1,0.55,350.0
4.955809784381988,1.852844806554664,160.00800000000126,2.0081285080780145,0.2,0.12,15.0,300.0,12.5,1,0.25,700.0
4.955821025736638,1.8499179449679544,160.00800000000126,2.0165230879104716,0.2,0.35,40.0,300.0,50.0,1,0.25,700.0
4.956079801249979,1.8455547393721063,160.00800000000126,2.02972874822244,0.2,0.22,80.0,300.0,12.5,1,0.25,700.0
4.958269668175252,1.8487402579396222,160.00800000000126,2.0268840292446018,0.2,0.08,15.0,300.0,25.0,1,0.35,700.0
4.958716439943374,1.8412664373176162,160.00800000000126,2.049514293216398,0.2,0.08,80.0,300.0,25.0,1,0.35,700.0
4.959042433628311,1.8504509197625454,160.00800000000126,2.0242043253307056,0.2,0.35,80.0,300.0,50.0,1,0.25,700.0
4.959174463544012,1.8502241776498085,160.00800000000126,2.0252293882690986,0.2,0.22,40.0,300.0,25.0,1,0.25,700.0
4.959290883083882,2.249604731047238,120.00600000000094,2.5988461486760865,0.35,0.35,15.0,100.0,12.5,1,0.55,350.0
4.964511579887212,2.0282116059603204,140.0070000000011,2.3891284969339277,0.35,0.12,40.0,300.0,12.5,1,0.55,700.0
4.968247167681931,1.8371481793000903,160.00800000000126,2.088511395376635,0.2,0.35,15.0,100.0,25.0,1,0.55,350.0
4.968652376210944,2.0371534266490876,140.0070000000011,2.375411284462399,0.35,0.12,15.0,300.0,25.0,1,0.55,700.0
4.969955292888324,1.8331595506918292,160.00800000000126,2.104787834847074,0.2,0.35,80.0,100.0,12.5,1,0.55,350.0
4.970083699662356,1.8538182674062522,160.00800000000126,2.0461298064459568,0.2,0.12,15.0,300.0,50.0,1,0.35,700.0
4.970276526954415,1.8348768498846655,160.00800000000126,2.10079907734209,0.2,0.35,40.0,100.0,25.0,1,0.55,350.0
4.972517473790941,1.8393399057484707,160.00800000000126,2.094450194407004,0.2,0.22,15.0,100.0,12.5,1,0.55,350.0
4.9735467056266165,1.8343603431760704,160.00800000000126,2.1116181784300756,0.35,0.08,40.0,600.0,12.5,1,0.25,700.0
4.974444897672828,1.8595658352921383,160.00800000000126,2.042168749659058,0.2,0.22,80.0,300.0,25.0,1,0.25,700.0
4.975835781969115,1.8540906473526653,160.00800000000126,2.061786098904091,0.2,0.08,80.0,300.0,50.0,1,0.35,700.0
4.976118223569864,1.8559260816886824,160.00800000000126,2.057348976803323,0.2,0.08,40.0,300.0,50.0,1,0.35,700.0
4.977918720381325,1.8390657038713867,160.00800000000126,2.1106657614569118,0.2,0.35,80.0,100.0,25.0,1,0.55,350.0
4.979493487546303,2.0469947764945657,140.0070000000011,2.3782677458620576,0.35,0.22,40.0,300.0,12.5,1,0.35,700.0
4.980070702367871,2.0550532485655872,140.0070000000011,2.356892725149334,0.35,0.22,15.0,300.0,25.0,1,0.35,700.0
4.9826295933966716,2.053778918106492,140.0070000000011,2.3678447865433236,0.35,0.35,40.0,300.0,25.0,1,0.35,700.0
4.984055145853303,1.8446922312356786,160.00800000000126,2.11212261319316,0.2,0.35,40.0,100.0,50.0,1,0.55,350.0
4.985958178752856,1.844943084838598,160.00800000000126,2.1168431254692557,0.2,0.35,80.0,100.0,50.0,1,0.55,350.0
4.989684217075568,1.8473638789452573,160.00800000000126,2.120572394657976,0.2,0.22,40.0,100.0,12.5,1,0.55,350.0
4.990206675972584,1.8516194053468877,160.00800000000126,2.1099064875019353,0.2,0.35,15.0,100.0,50.0,1,0.55,350.0
4.992236545065602,2.0461197944458474,140.0070000000011,2.4171764303421086,0.35,0.08,40.0,300.0,12.5,1,0.55,700.0
4.9960404682681965,2.0607325255579236,140.0070000000011,2.386294122029305,0.35,0.35,80.0,300.0,12.5,1,0.35,700.0
5.003066539920834,2.055872291546513,140.0070000000011,2.4202549953551555,0.35,0.12,40.0,300.0,25.0,1,0.55,700.0
5.004371066117761,1.8633260484998826,160.00800000000126,2.1169286217653154,0.35,0.08,15.0,600.0,25.0,1,0.25,700.0
5.004700769505664,1.8569128714018626,160.00800000000126,2.1361939945822375,0.2,0.22,80.0,100.0,12.5,1,0.55,350.0
5.004745091114828,1.8620062471925385,160.00800000000126,2.1217681254922027,0.2,0.22,15.0,100.0,25.0,1,0.55,350.0
5.005527369786991,1.8589585374435371,160.00800000000126,2.1327109495526706,0.2,0.22,40.0,100.0,25.0,1,0.55,350.0
5.007554461084137,1.8610548471026631,160.00800000000126,2.132513182804159,0.35,0.08,15.0,300.0,12.5,1,0.25,350.0
5.008723753964498,2.0767882153630937,140.0070000000011,2.3766586817182493,0.35,0.35,15.0,300.0,50.0,1,0.35,700.0
5.0110095731734665,1.8638134623248075,160.00800000000126,2.1345031738532576,0.35,0.12,15.0,300.0,25.0,1,0.25,350.0
5.011067576860433,1.8629121115987135,160.00800000000126,2.137244186462001,0.35,0.12,40.0,600.0,50.0,1,0.25,700.0
5.011972221810911,1.8609371923189113,160.00800000000126,2.145471512834232,0.35,0.08,80.0,600.0,12.5,1,0.25,700.0
5.012802584352788,1.8629064356774618,160.00800000000126,2.1422175676437347,0.2,0.22,80.0,100.0,25.0,1,0.55,350.0
5.01307158063168,2.0607957912152233,140.0070000000011,2.4347736840469723,0.35,0.12,80.0,300.0,12.5,1,0.55,700.0
5.013804119782243,1.8644582372265202,160.00800000000126,2.140645378730584,0.35,0.08,40.0,600.0,25.0,1,0.25,700.0
5.015647774131657,1.72363951657507,180.0090000000014,1.6910664501616175,0.1,0.12,40.0,100.0,12.5,1,0.25,150.0
5.016316192918701,2.075616096237486,140.0070000000011,2.401700276231996,0.35,0.35,80.0,300.0,25.0,1,0.35,700.0
5.0168515941470675,1.864229447144867,160.00800000000126,2.1500061342919476,0.35,0.12,80.0,300.0,12.5,1,0.25,350.0
5.0175266333440804,1.865910288063154,160.00800000000126,2.147132415088306,0.35,0.12,80.0,600.0,50.0,1,0.25,700.0
5.0176518090191955,1.865966216423662,160.00800000000126,2.147330264558614,0.35,0.12,40.0,300.0,25.0,1,0.25,350.0
5.019444016640904,1.8688434649599455,160.00800000000126,2.1442301476598264,0.2,0.22,40.0,100.0,50.0,1,0.55,350.0
5.01979548873056,2.0762759908969537,140.0070000000011,2.4097557080959726,0.35,0.22,40.0,300.0,25.0,1,0.35,700.0
5.020204654436968,2.0805205421721595,140.0070000000011,2.3987974636136897,0.35,0.35,40.0,300.0,50.0,1,0.35,700.0
5.020319649406501,2.0833755267640632,140.0070000000011,2.3909689218354875,0.35,0.35,40.0,300.0,12.5,1,0.25,700.0
5.020416347581015,1.7275878452143967,180.0090000000014,1.6934100067617057,0.1,0.12,80.0,100.0,12.5,1,0.25,150.0
5.020961226872506,1.8688549098843088,160.00800000000126,2.148532334251939,0.2,0.22,80.0,100.0,50.0,1,0.55,350.0
5.021924666580352,1.8749555813843268,160.00800000000126,2.133854529131445,0.35,0.12,15.0,600.0,50.0,1,0.25,700.0
5.02293236837834,1.7295686751983632,180.0090000000014,1.6949391233713016,0.1,0.12,40.0,100.0,25.0,1,0.25,150.0
5.024392950743857,1.7308028674496108,180.0090000000014,1.6955859522692165,0.1,0.12,80.0,100.0,25.0,1,0.25,150.0
5.025831619836223,1.7317968126605536,180.0090000000014,1.6968565919304264,0.1,0.12,15.0,100.0,25.0,1,0.25,150.0
5.026586904122562,1.8763507981639578,160.00800000000126,2.143188874167386,0.2,0.22,15.0,100.0,50.0,1,0.55,350.0
5.026958149497464,2.29517618411542,120.00600000000094,2.6619770439486583,0.35,0.35,40.0,100.0,12.5,1,0.55,350.0
5.0280389188863115,1.8725924276370014,160.00800000000126,2.1580756892836894,0.35,0.12,80.0,300.0,25.0,1,0.25,350.0
5.028068021629547,1.7337927867165908,180.0090000000014,1.697543528322674,0.1,0.12,80.0,100.0,50.0,1,0.25,150.0
5.0286256422121856,1.7342048189700554,180.0090000000014,1.697959494977456,0.1,0.12,40.0,100.0,50.0,1,0.25,150.0
5.0302455461019,1.8893370899684532,160.00800000000126,2.116538446095507,0.2,0.35,15.0,100.0,12.5,1,0.35,350.0
5.031461891780111,1.735132553062679,180.0090000000014,1.7034123963354606,0.1,0.35,15.0,300.0,12.5,1,0.25,700.0
5.031516638761714,1.736766513740602,180.0090000000014,1.6989003572031156,0.1,0.08,15.0,100.0,12.5,1,0.25,150.0
5.031545694486953,2.0783396896546606,140.0070000000011,2.4374314423779295,0.35,0.12,15.0,300.0,50.0,1,0.55,700.0
5.032118511673941,2.082426828442815,140.0070000000011,2.427390523517457,0.35,0.22,80.0,300.0,12.5,1,0.35,700.0
5.03303711102715,2.0752478655542177,140.0070000000011,2.4505264156369018,0.35,0.12,80.0,300.0,25.0,1,0.55,700.0
5.033170307055042,1.7377474093093916,180.0090000000014,1.7008225649875146,0.1,0.12,15.0,100.0,50.0,1,0.25,150.0
5.033681300138282,1.8771974058203151,160.00800000000126,2.16103969805128,0.35,0.08,80.0,600.0,25.0,1,0.25,700.0
5.033802920176504,1.877252185768761,160.00800000000126,2.161230669736357,0.35,0.08,40.0,300.0,12.5,1,0.25,350.0
5.0340953246024505,1.7390489471969715,180.0090000000014,1.6997467925870233,0.1,0.08,40.0,100.0,12.5,1,0.25,150.0
5.035458378884357,1.8789473411660964,160.00800000000126,2.161117250623548,0.35,0.12,40.0,300.0,50.0,1,0.25,350.0
5.035772532684399,1.884715003415827,160.00800000000126,2.145535797910151,0.2,0.12,15.0,100.0,12.5,1,0.55,350.0
5.0375440966183955,2.091003295049362,140.0070000000011,2.418388004482907,0.35,0.35,80.0,300.0,50.0,1,0.35,700.0
5.038749094384522,1.8830058247065078,160.00800000000126,2.158923627651414,0.35,0.12,15.0,300.0,50.0,1,0.25,350.0
5.03883561212371,1.8806015151936428,160.00800000000126,2.166040276942995,0.35,0.12,80.0,300.0,50.0,1,0.25,350.0
5.038853542805676,1.7430084084743085,180.0090000000014,1.702028955232422,0.1,0.08,80.0,100.0,12.5,1,0.25,150.0
5.039090393580333,2.081015516943762,140.0070000000011,2.45134250467587,0.35,0.12,40.0,300.0,50.0,1,0.55,700.0
5.040110312766347,1.7405013697616862,180.0090000000014,1.7127826942989726,0.1,0.35,40.0,300.0,12.5,1,0.25,700.0
5.041420417606211,1.7450124465569166,180.0090000000014,1.7036370601407838,0.1,0.08,40.0,100.0,25.0,1,0.25,150.0
5.042858190949133,1.7462463036615254,180.0090000000014,1.7042196779645333,0.1,0.08,80.0,100.0,25.0,1,0.25,150.0
5.044376503857343,1.7472415019444134,180.0090000000014,1.7057142911797374,0.1,0.08,15.0,100.0,25.0,1,0.25,150.0
5.046553259702755,1.7492534034002025,180.0090000000014,1.7061853037215196,0.1,0.08,80.0,100.0,50.0,1,0.25,150.0
5.047130205652042,1.7496663329094533,180.0090000000014,1.7066539221216228,0.1,0.08,40.0,100.0,50.0,1,0.25,150.0
5.048705804538145,1.8899958532123544,160.00800000000126,2.1673998609307765,0.35,0.08,40.0,600.0,50.0,1,0.25,700.0
5.048734600771815,1.8908579233310967,160.00800000000126,2.165019078402,0.35,0.08,15.0,300.0,25.0,1,0.25,350.0
5.049077716408293,2.3110082950126154,120.00600000000094,2.6799412039876094,0.35,0.35,40.0,100.0,25.0,1,0.55,350.0
5.04934280301775,2.101384970892853,140.0070000000011,2.4224366632139445,0.35,0.22,15.0,300.0,50.0,1,0.35,700.0
5.0501712259609866,1.7406819878612818,180.0090000000014,1.7410121088562398,0.1,0.08,80.0,300.0,50.0,1,0.35,700.0
5.050848377053405,1.891490181010975,160.00800000000126,2.169251988692603,0.2,0.12,40.0,100.0,12.5,1,0.55,350.0
5.05169746307404,1.7531986112442723,180.0090000000014,1.7096110052278497,0.1,0.08,15.0,100.0,50.0,1,0.25,150.0
5.052696335886413,1.9013301320259488,160.00800000000126,2.146417725315558,0.2,0.35,40.0,100.0,12.5,1,0.35,350.0
5.052897160074169,2.0976173667235343,140.0070000000011,2.443356552430336,0.35,0.22,80.0,300.0,25.0,1,0.35,700.0
5.053422447518173,1.7505126748104956,180.0090000000014,1.7222136363075902,0.1,0.22,15.0,300.0,12.5,1,0.25,700.0
5.0537310629547045,2.090012796591868,140.0070000000011,2.4674664753223423,0.35,0.12,80.0,300.0,50.0,1,0.55,700.0
5.05394630408828,1.8911836944965594,160.00800000000126,2.1789788845477185,0.35,0.08,80.0,300.0,12.5,1,0.25,350.0
5.054931349684207,1.8929933926375222,160.00800000000126,2.1766227344190456,0.35,0.08,80.0,600.0,50.0,1,0.25,700.0
5.05505278402867,1.8930481094114748,160.00800000000126,2.1768133560490757,0.35,0.08,40.0,300.0,25.0,1,0.25,350.0
5.056955917178783,1.7464739546205363,180.0090000000014,1.7438484644520726,0.1,0.08,40.0,300.0,50.0,1,0.35,700.0
5.058113542525336,2.10339377143346,140.0070000000011,2.441756488833884,0.35,0.22,40.0,300.0,50.0,1,0.35,700.0
5.0597117564449325,1.9016789024783916,160.00800000000126,2.1654652970472075,0.35,0.08,15.0,600.0,50.0,1,0.25,700.0
5.060917037861083,1.7569591317543678,180.0090000000014,1.7252083031619838,0.1,0.35,80.0,300.0,12.5,1,0.25,700.0
5.061065465410952,1.7551616966019135,180.0090000000014,1.7307679108829077,0.1,0.22,40.0,300.0,12.5,1,0.25,700.0
5.062801715656713,2.320008137176021,120.00600000000094,2.6934387956590804,0.35,0.35,80.0,100.0,12.5,1,0.55,350.0
5.063324996617773,1.7531345061141421,180.0090000000014,1.7430156871531717,0.1,0.08,15.0,300.0,25.0,1,0.35,700.0
5.0645494091185075,1.9081894806104367,160.00800000000126,2.1606855100230047,0.2,0.08,15.0,100.0,12.5,1,0.55,350.0
5.065301038584558,1.8996638749050891,160.00800000000126,2.1871918962269987,0.35,0.08,80.0,300.0,25.0,1,0.25,350.0
5.065323109141099,1.9007190793788293,160.00800000000126,2.1842400850350026,0.2,0.12,80.0,100.0,12.5,1,0.55,350.0
5.065726862919972,1.9146830780682789,160.00800000000126,2.1454965281476404,0.2,0.35,15.0,100.0,25.0,1,0.35,350.0
5.0670011120832035,1.9032752360981307,160.00800000000126,2.1817310742430123,0.2,0.12,40.0,100.0,25.0,1,0.55,350.0
5.067243266606196,1.914518950455742,160.00800000000126,2.150298046144102,0.2,0.22,15.0,100.0,12.5,1,0.35,350.0
5.06813618708142,1.9073909294226803,160.00800000000126,2.1732150218820583,0.2,0.12,15.0,100.0,25.0,1,0.55,350.0
5.069752098770943,1.9139322634997966,160.00800000000126,2.1591423864889334,0.2,0.35,40.0,100.0,25.0,1,0.35,350.0
5.070206456578765,1.9128090907226045,160.00800000000126,2.1636496167318326,0.2,0.35,80.0,100.0,12.5,1,0.35,350.0
5.070676344496395,2.326178202934301,120.00600000000094,2.6983089758916563,0.35,0.35,40.0,100.0,50.0,1,0.55,350.0
5.0709670750964735,1.7654399049992249,180.0090000000014,1.7296919145635081,0.1,0.35,40.0,300.0,25.0,1,0.25,700.0
5.072952519526515,1.9060962086155375,160.00800000000126,2.190675174031311,0.35,0.08,40.0,300.0,50.0,1,0.25,350.0
5.073608368636539,2.327819545929302,120.00600000000094,2.7019966363063532,0.35,0.35,80.0,100.0,25.0,1,0.55,350.0
5.0736235286591285,1.906843468721851,160.00800000000126,2.190457314106453,0.2,0.12,80.0,100.0,25.0,1,0.55,350.0
5.073833838057496,1.7599590469293698,180.0090000000014,1.7535422603660138,0.1,0.12,15.0,300.0,50.0,1,0.35,700.0
5.0746161280630036,2.1132887597238423,140.0070000000011,2.460635338111842,0.35,0.22,80.0,300.0,50.0,1,0.35,700.0
5.076217571507165,1.9077568469428308,160.00800000000126,2.195259213040902,0.35,0.08,80.0,300.0,50.0,1,0.25,350.0
5.0763202638492855,1.9099990700749778,160.00800000000126,2.1891462679265388,0.35,0.08,15.0,300.0,50.0,1,0.25,350.0
5.077444881006007,1.7702402885571666,180.0090000000014,1.7344845498537693,0.1,0.35,80.0,300.0,25.0,1,0.25,700.0
5.078561087787243,1.914685756674275,160.00800000000126,2.1821580888941394,0.2,0.08,40.0,100.0,12.5,1,0.55,350.0
5.078867969822657,1.9192649181488874,160.00800000000126,2.169951576210714,0.2,0.35,80.0,100.0,25.0,1,0.35,350.0
5.081016960363575,1.9132085288907057,160.00800000000126,2.193395518493859,0.2,0.12,40.0,100.0,50.0,1,0.55,350.0
5.081676809361281,1.7714738928750509,180.0090000000014,1.7430511899605992,0.1,0.22,80.0,300.0,12.5,1,0.25,700.0
5.081927913890036,1.9128832005183671,160.00800000000126,2.196927752490428,0.2,0.12,80.0,100.0,50.0,1,0.55,350.0
5.085017147085148,1.924920845060691,160.00800000000126,2.1713608629269654,0.2,0.35,40.0,100.0,50.0,1,0.35,350.0
5.085199336641906,2.3361021090701746,120.00600000000094,2.7114492216334765,0.35,0.35,80.0,100.0,50.0,1,0.55,350.0
5.087674177085739,1.925748123498595,160.00800000000126,2.1765887245346422,0.2,0.35,80.0,100.0,50.0,1,0.35,350.0
5.088522473879662,1.925740100881803,160.00800000000126,2.179035351422402,0.2,0.22,40.0,100.0,12.5,1,0.35,350.0
5.089515747150198,1.9214194542997836,160.00800000000126,2.194217979572558,0.2,0.12,15.0,100.0,50.0,1,0.55,350.0
5.090814920900423,1.9316100910077179,160.00800000000126,2.16881379969339,0.2,0.35,15.0,100.0,50.0,1,0.35,350.0
5.091037116614923,1.783028894890456,180.0090000000014,1.736780633498419,0.1,0.35,15.0,300.0,25.0,1,0.25,700.0
5.091955009837268,1.7795217185845185,180.0090000000014,1.7494236892935098,0.1,0.12,15.0,300.0,12.5,1,0.25,700.0
5.092201176708461,1.78027524049191,180.0090000000014,1.7479741034757998,0.1,0.22,40.0,300.0,25.0,1,0.25,700.0
5.092689418297841,1.9238494052301096,160.00800000000126,2.196342894479178,0.2,0.08,80.0,100.0,12.5,1,0.55,350.0
5.09326644275894,1.7761965844145124,180.0090000000014,1.7626710238411634,0.1,0.08,15.0,300.0,50.0,1,0.35,700.0
5.093590581294597,1.7832430832840174,180.0090000000014,1.743464280030167,0.1,0.35,80.0,300.0,50.0,1,0.25,700.0
5.0947658878621365,1.9265435896617396,160.00800000000126,2.194577994858222,0.2,0.08,40.0,100.0,25.0,1,0.55,350.0
5.096653716693318,1.9307998179954418,160.00800000000126,2.1878111391367363,0.2,0.08,15.0,100.0,25.0,1,0.55,350.0
5.0970642124237795,1.7863771014507546,180.0090000000014,1.744434602780013,0.1,0.35,40.0,300.0,50.0,1,0.25,700.0
5.09759711322207,1.7692772241418089,180.0090000000014,1.794813968800689,0.1,0.08,15.0,100.0,25.0,1,0.55,350.0
5.098147938578371,1.7831910563435531,180.0090000000014,1.7566339492422758,0.1,0.12,40.0,300.0,12.5,1,0.25,700.0
5.098359002288234,1.7848570233945946,180.0090000000014,1.752477082553197,0.1,0.22,80.0,300.0,25.0,1,0.25,700.0
5.099421700744475,1.7743435071398639,180.0090000000014,1.7855519817274017,0.1,0.35,40.0,100.0,12.5,1,0.35,350.0
5.099907543659485,1.7767787274056588,180.0090000000014,1.7799823321537305,0.1,0.35,15.0,100.0,12.5,1,0.35,350.0
5.1010521249898275,1.930033320162262,160.00800000000126,2.2025680137929915,0.2,0.08,80.0,100.0,25.0,1,0.55,350.0
5.105789545491722,1.9370540634023796,160.00800000000126,2.196044234540922,0.2,0.22,80.0,100.0,12.5,1,0.35,350.0
5.105836141392764,1.9384994759297176,160.00800000000126,2.192047615608651,0.2,0.22,40.0,100.0,25.0,1,0.35,350.0
5.107323055844909,1.7799502272874077,180.0090000000014,1.7921080815928012,0.1,0.35,80.0,100.0,12.5,1,0.35,350.0
5.108713812459192,1.9364831154697857,160.00800000000126,2.206030562826822,0.2,0.08,40.0,100.0,50.0,1,0.55,350.0
5.108981501992986,1.7775858086567309,180.0090000000014,1.8036019809606696,0.1,0.08,15.0,100.0,50.0,1,0.55,350.0
5.109377296041346,1.9361093870010408,160.00800000000126,2.2089940258293894,0.2,0.08,80.0,100.0,50.0,1,0.55,350.0
5.112274898085237,1.7962637081665984,180.0090000000014,1.7596462569103344,0.1,0.08,15.0,300.0,12.5,1,0.25,700.0
5.1134562147364555,1.7986382325749264,180.0090000000014,1.7562370918900236,0.1,0.22,15.0,300.0,25.0,1,0.25,700.0
5.1135308245888575,1.7854832194216896,180.0090000000014,1.7940360147632772,0.1,0.35,40.0,100.0,25.0,1,0.35,350.0
5.1145935394380935,1.9436011603889878,160.00800000000126,2.202492511568819,0.2,0.22,80.0,100.0,25.0,1,0.35,350.0
5.1146375171013005,1.7979433080585918,180.0090000000014,1.7615977401219658,0.1,0.22,80.0,300.0,50.0,1,0.25,700.0
5.114765476585528,1.785829415195016,180.0090000000014,1.7965744611156882,0.1,0.35,80.0,100.0,25.0,1,0.35,350.0
5.117594446234001,1.9447161270708468,160.00800000000126,2.2078809118946734,0.2,0.08,15.0,100.0,50.0,1,0.55,350.0
5.117945791198514,1.799869084426491,180.0090000000014,1.7655477336342909,0.1,0.08,40.0,300.0,12.5,1,0.25,700.0
5.118467308131402,1.8013059651707997,180.0090000000014,1.7629324084588054,0.1,0.22,40.0,300.0,50.0,1,0.25,700.0
5.118491883127648,1.7993291816237549,180.0090000000014,1.7686505757253521,0.1,0.12,80.0,300.0,12.5,1,0.25,700.0
5.121250609603312,1.9495683526654906,160.00800000000126,2.2044635912508626,0.2,0.22,40.0,100.0,50.0,1,0.35,350.0
5.121405620995124,1.9307717023728246,160.00800000000126,2.258611196063657,0.35,0.08,15.0,100.0,12.5,1,0.35,150.0
5.1219644728157165,1.7914993140923527,180.0090000000014,1.8009433106381227,0.1,0.35,80.0,100.0,50.0,1,0.35,350.0
5.1221391335807285,1.7904413927167069,180.0090000000014,1.8044649738971466,0.1,0.22,40.0,100.0,12.5,1,0.35,350.0
5.123251965286507,1.7932547709541653,180.0090000000014,1.7996062695209174,0.1,0.22,15.0,100.0,12.5,1,0.35,350.0
5.123524482762171,1.9501606675552041,160.00800000000126,2.2092680434484224,0.2,0.22,80.0,100.0,50.0,1,0.35,350.0
5.125122314147566,1.7945075858456685,180.0090000000014,1.8013706522910777,0.1,0.35,40.0,100.0,50.0,1,0.35,350.0
5.126551720018612,1.7974379523635065,180.0090000000014,1.7970821933002414,0.1,0.35,15.0,100.0,25.0,1,0.35,350.0
5.129674391883017,1.81323028413205,180.0090000000014,1.7608831650027033,0.1,0.35,15.0,300.0,50.0,1,0.25,700.0
5.129733140586676,1.8085966333949515,180.0090000000014,1.7742900205477279,0.1,0.12,40.0,300.0,25.0,1,0.25,700.0
5.129902783344221,1.7959681540477586,180.0090000000014,1.8108560837041185,0.1,0.22,80.0,100.0,12.5,1,0.35,350.0
5.134153932607676,1.9386660825944122,160.00800000000126,2.272479571466412,0.35,0.08,40.0,100.0,12.5,1,0.35,150.0
5.135436138712783,1.8128931467610085,180.0090000000014,1.778308548433582,0.1,0.12,80.0,300.0,25.0,1,0.25,700.0
5.136376893375026,1.8016635463915667,180.0090000000014,1.8130809913812542,0.1,0.22,40.0,100.0,25.0,1,0.35,350.0
5.137419200288296,1.8018966599713133,180.0090000000014,1.8153929723341766,0.1,0.22,80.0,100.0,25.0,1,0.35,350.0
5.138202953301281,1.816072839589206,180.0090000000014,1.7771288963201537,0.1,0.08,80.0,300.0,12.5,1,0.25,700.0
5.138236057925438,1.9528975683236343,160.00800000000126,2.2434813988622424,0.35,0.22,15.0,100.0,25.0,1,0.25,150.0
5.138974905946822,1.9431110277635737,160.00800000000126,2.27355393766637,0.35,0.08,15.0,100.0,25.0,1,0.35,150.0
5.1420990234639135,1.8090097995686463,180.0090000000014,1.8084406397007027,0.1,0.35,15.0,100.0,50.0,1,0.35,350.0
5.143095767745102,1.9451588500094794,160.00800000000126,2.2794769078160106,0.35,0.08,40.0,100.0,25.0,1,0.35,150.0
5.1431617542132155,1.9447515458961246,160.00800000000126,2.280829166620205,0.35,0.08,80.0,100.0,12.5,1,0.35,150.0
5.144680365202254,1.807606784840759,180.0090000000014,1.8198245153184984,0.1,0.22,80.0,100.0,50.0,1,0.35,350.0
5.147859568008018,1.9481959408928307,160.00800000000126,2.2844103631861965,0.35,0.08,80.0,100.0,25.0,1,0.35,150.0
5.148038062413349,1.8107299569163833,180.0090000000014,1.8204945871341278,0.1,0.22,40.0,100.0,50.0,1,0.35,350.0
5.14915188766955,1.9591151299285103,160.00800000000126,2.2569050221172033,0.35,0.22,80.0,100.0,25.0,1,0.25,150.0
5.150044284192255,1.8139927970603325,180.0090000000014,1.8169042489482916,0.1,0.22,15.0,100.0,25.0,1,0.35,350.0
5.1506187602103495,1.9505025479389366,160.00800000000126,2.285703463632554,0.35,0.08,40.0,100.0,50.0,1,0.35,150.0
5.150760958553932,1.951081837156822,160.00800000000126,2.2844546325631163,0.35,0.08,15.0,100.0,50.0,1,0.35,150.0
5.151739535342533,1.9621760100943542,160.00800000000126,2.255552929280457,0.35,0.22,15.0,100.0,50.0,1,0.25,150.0
5.151751765816918,1.96143951072502,160.00800000000126,2.257692157405371,0.35,0.22,40.0,100.0,50.0,1,0.25,150.0
5.152386160766264,1.9514790876362533,160.00800000000126,2.287963066085692,0.35,0.08,80.0,100.0,50.0,1,0.35,150.0
5.152578745594832,1.8279201322747183,180.0090000000014,1.7843531809145512,0.1,0.12,15.0,300.0,25.0,1,0.25,700.0
5.1539707393831025,1.9626583639645396,160.00800000000126,2.260549644052983,0.35,0.22,80.0,100.0,50.0,1,0.25,150.0
5.161173432790752,1.8202443636926628,180.0090000000014,1.8308401974230561,0.1,0.12,40.0,100.0,12.5,1,0.35,350.0
5.163234040927353,1.8235615385299029,180.0090000000014,1.8272500068497974,0.1,0.12,15.0,100.0,12.5,1,0.35,350.0
5.168720549172959,1.825672413969319,180.0090000000014,1.836894672010341,0.1,0.12,80.0,100.0,12.5,1,0.35,350.0
5.193790958315606,1.9893012771362792,160.00800000000126,2.298199089083737,0.35,0.12,15.0,100.0,12.5,1,0.25,150.0
5.200194806945539,1.8148845676876257,180.0090000000014,1.9576435407368342,0.2,0.08,80.0,100.0,25.0,1,0.25,150.0
5.204168341362813,1.8181425399954694,180.0090000000014,1.959688003906636,0.2,0.08,40.0,100.0,50.0,1,0.25,150.0
5.20432523889219,1.8180603945622458,180.0090000000014,1.9603709837997816,0.2,0.08,80.0,100.0,50.0,1,0.25,150.0
5.2076739090680375,1.8211762559198414,180.0090000000014,1.96103615185193,0.2,0.08,15.0,100.0,50.0,1,0.25,150.0
5.2083726389600855,1.9983371057144192,160.00800000000126,2.3140443807018474,0.35,0.12,40.0,100.0,12.5,1,0.25,150.0
5.213519985477233,2.0033018471341943,160.00800000000126,2.3145661095514845,0.35,0.12,15.0,100.0,25.0,1,0.25,150.0
5.218168181279474,2.0055081200078235,160.00800000000126,2.3215430322046626,0.35,0.12,40.0,100.0,25.0,1,0.25,150.0
5.218526776755349,2.0052311466558312,160.00800000000126,2.323358943141427,0.35,0.12,80.0,100.0,12.5,1,0.25,150.0
5.219215591268054,2.000615476029498,160.00800000000126,2.338514614967248,0.35,0.08,15.0,300.0,12.5,1,0.55,700.0
5.223609326355725,2.0089834626667975,160.00800000000126,2.3271596105397387,0.35,0.12,80.0,100.0,25.0,1,0.25,150.0
5.2265550354356805,2.0115211676144016,160.00800000000126,2.3283253366321714,0.35,0.12,40.0,100.0,50.0,1,0.25,150.0
5.226998414377332,2.0125082052936496,160.00800000000126,2.3267720259533236,0.35,0.12,15.0,100.0,50.0,1,0.25,150.0
5.22857148199324,2.0126114993750845,160.00800000000126,2.33097137890896,0.35,0.12,80.0,100.0,50.0,1,0.25,150.0
5.231240723386698,2.0160868747361076,160.00800000000126,2.328668139001633,0.35,0.08,15.0,100.0,12.5,1,0.25,150.0
5.2455310147791305,2.025099987851556,160.00800000000126,2.343745791221588,0.35,0.08,40.0,100.0,12.5,1,0.25,150.0
5.250942612099548,2.030091745490497,160.00800000000126,2.3449453331686647,0.35,0.08,15.0,100.0,25.0,1,0.25,150.0
5.2554088004856405,2.032331538445028,160.00800000000126,2.351306462973124,0.35,0.08,40.0,100.0,25.0,1,0.25,150.0
5.2556129621804875,2.0320039162128976,160.00800000000126,2.352825845621632,0.35,0.08,80.0,100.0,12.5,1,0.25,150.0
5.260758339070139,2.03580128874358,160.00800000000126,2.356677286647259,0.35,0.08,80.0,100.0,25.0,1,0.25,150.0
5.261640941897475,1.8585751135492004,180.0090000000014,2.0083737952807272,0.2,0.22,15.0,300.0,25.0,1,0.25,700.0
5.263809067983532,2.0383629297122217,160.00800000000126,2.358074680775119,0.35,0.08,40.0,100.0,50.0,1,0.25,150.0
5.264301027451536,2.039270831496819,160.00800000000126,2.3568862741562784,0.35,0.08,15.0,100.0,50.0,1,0.25,150.0
5.265760545274018,2.0394595756315215,160.00800000000126,2.360517056121364,0.35,0.08,80.0,100.0,50.0,1,0.25,150.0
5.268064610057019,2.0505747329877906,160.00800000000126,2.335342505912027,0.35,0.22,15.0,300.0,12.5,1,0.25,700.0
5.2721585024363495,2.044284013768063,160.00800000000126,2.365012824766477,0.35,0.12,15.0,300.0,12.5,1,0.35,700.0
5.276105608243598,1.8697913795218242,180.0090000000014,2.017654939205009,0.2,0.35,15.0,300.0,50.0,1,0.25,700.0
5.28672088448532,1.8690905342220927,180.0090000000014,2.0499867150377358,0.2,0.12,40.0,300.0,12.5,1,0.25,700.0
5.28893087149383,1.878776517867876,180.0090000000014,2.0286267246455223,0.2,0.08,15.0,300.0,12.5,1,0.25,700.0
5.290399591023364,1.8734746732460874,180.0090000000014,2.0479711936493046,0.2,0.22,40.0,300.0,50.0,1,0.25,700.0
5.2929785158171105,1.8735803326363851,180.0090000000014,2.0550376662305854,0.2,0.22,80.0,300.0,50.0,1,0.25,700.0
5.298116632675844,2.271893679274675,140.0070000000011,2.646051295431865,0.35,0.22,15.0,100.0,12.5,1,0.55,350.0
5.298852710697691,2.0557475522356894,160.00800000000126,2.4085290241770947,0.35,0.08,15.0,300.0,25.0,1,0.55,700.0
5.300652246733946,1.8779056029317946,180.0090000000014,2.0646046965775158,0.2,0.08,15.0,300.0,50.0,1,0.35,700.0
5.306772218610423,2.066873902325269,160.00800000000126,2.399366617957528,0.35,0.08,15.0,300.0,12.5,1,0.35,700.0
5.309748516340389,2.284686015771087,140.0070000000011,2.642735715912245,0.35,0.35,15.0,100.0,25.0,1,0.55,350.0
5.312565366342573,1.8945276089008412,180.0090000000014,2.0511507355477487,0.2,0.22,15.0,300.0,50.0,1,0.25,700.0
5.318128374449072,1.8907386262982808,180.0090000000014,2.0778707090022026,0.2,0.12,80.0,300.0,12.5,1,0.25,700.0
5.318634275890326,1.894779525904684,180.0090000000014,2.067770714244633,0.2,0.08,40.0,300.0,12.5,1,0.25,700.0
5.319190878229676,2.091126793741285,160.00800000000126,2.3655545271096345,0.35,0.35,15.0,300.0,25.0,1,0.25,700.0
5.32255660444653,1.8962774025372533,180.0090000000014,2.074697719740731,0.2,0.12,40.0,300.0,25.0,1,0.25,700.0
5.327969709403247,1.9064327570192365,180.0090000000014,2.0611484353828273,0.2,0.12,15.0,300.0,25.0,1,0.25,700.0
5.329750895908502,2.3006604891390774,140.0070000000011,2.654244019341166,0.35,0.35,15.0,100.0,12.5,1,0.35,350.0
5.3309434127847295,2.073832797117894,160.00800000000126,2.448544616190906,0.35,0.08,40.0,300.0,25.0,1,0.55,700.0
5.336976148492483,1.9050719583224822,180.0090000000014,2.0907691147713727,0.2,0.12,80.0,300.0,25.0,1,0.25,700.0
5.339767321012949,2.0782810651726034,160.00800000000126,2.4610464452580745,0.35,0.08,80.0,300.0,12.5,1,0.55,700.0
5.349190299143662,2.3071996762298315,140.0070000000011,2.6911017797537546,0.35,0.22,15.0,100.0,25.0,1,0.55,350.0
5.349765202920963,1.9164745464146589,180.0090000000014,2.094730447160811,0.2,0.08,80.0,300.0,12.5,1,0.25,700.0
5.349844626590476,2.1038759849434943,160.00800000000126,2.4167104047056087,0.35,0.12,15.0,300.0,12.5,1,0.25,700.0
5.350417979885117,2.1001072210511698,160.00800000000126,2.4291164538112255,0.2,0.35,40.0,100.0,12.5,1,0.55,700.0
5.3517593195172,2.313082134155347,140.0070000000011,2.681634815319534,0.35,0.35,15.0,100.0,50.0,1,0.55,350.0
5.352961253870149,2.093792192352286,160.00800000000126,2.454425890050984,0.35,0.12,40.0,300.0,12.5,1,0.35,700.0
5.354211228224238,1.9197608829952395,180.0090000000014,2.098043843511364,0.2,0.12,40.0,300.0,50.0,1,0.25,700.0
5.354748297224918,1.9221932970239026,180.0090000000014,2.092628572002843,0.2,0.08,40.0,300.0,25.0,1,0.25,700.0
5.355891312827132,1.9193365720419922,180.0090000000014,2.1040564022431973,0.2,0.12,80.0,300.0,50.0,1,0.25,700.0
5.357717277082589,2.1061133842122657,160.00800000000126,2.4328111224865827,0.35,0.22,40.0,300.0,12.5,1,0.25,700.0
5.3593613610575295,2.1053531655447504,160.00800000000126,2.4396805586078867,0.35,0.12,15.0,300.0,25.0,1,0.35,700.0
5.359889335071613,2.092827935481468,160.00800000000126,2.476975427400361,0.35,0.08,80.0,300.0,25.0,1,0.55,700.0
5.360175816904286,2.0960087109025354,160.00800000000126,2.4687060171478072,0.35,0.08,15.0,300.0,50.0,1,0.55,700.0
5.36059440721238,2.1166234573603826,160.00800000000126,2.4110027138627945,0.35,0.22,15.0,300.0,25.0,1,0.25,700.0
5.361045330498692,1.9323463137466284,180.0090000000014,2.081611476434409,0.2,0.08,15.0,300.0,25.0,1,0.25,700.0
5.3623900561105025,2.1141947035092286,160.00800000000126,2.4230724360035847,0.35,0.35,40.0,300.0,25.0,1,0.25,700.0
5.364249574833137,2.316362353404221,140.0070000000011,2.7079492040825697,0.35,0.22,40.0,100.0,12.5,1,0.55,350.0
5.36671074881144,2.098802100737858,160.00800000000126,2.479396137353036,0.35,0.08,40.0,300.0,50.0,1,0.55,700.0
5.368809624715768,1.930966678325081,180.0090000000014,2.1077369896876177,0.2,0.08,80.0,300.0,25.0,1,0.25,700.0
5.376417154952499,2.121389614549649,160.00800000000126,2.4425929725795155,0.35,0.35,80.0,300.0,12.5,1,0.25,700.0
5.378617654806645,1.9419941317719585,180.0090000000014,2.1042529229561873,0.2,0.12,15.0,300.0,50.0,1,0.25,700.0
5.380612908028532,2.1076086860507264,160.00800000000126,2.4939549199365327,0.35,0.08,80.0,300.0,50.0,1,0.55,700.0
5.381463026934872,2.122574579814582,160.00800000000126,2.4536241346293473,0.2,0.35,40.0,100.0,25.0,1,0.55,700.0
5.384857504262269,2.1154194667040476,160.00800000000126,2.4837658215948646,0.35,0.08,40.0,300.0,12.5,1,0.35,700.0
5.38644365205581,1.9457580440236433,180.0090000000014,2.115858880091847,0.2,0.08,40.0,300.0,50.0,1,0.25,700.0
5.386785754413476,2.332413201555096,140.0070000000011,2.726478722452469,0.35,0.22,40.0,100.0,25.0,1,0.55,350.0
5.38785018680536,1.9453458243619015,180.0090000000014,2.1210553212669647,0.2,0.08,80.0,300.0,50.0,1,0.25,700.0
5.388091236551854,2.1296375191269306,160.00800000000126,2.4523820497854407,0.35,0.08,15.0,300.0,12.5,1,0.25,700.0
5.391191371302803,2.335453325388545,140.0070000000011,2.7303801311835465,0.35,0.22,15.0,100.0,50.0,1,0.55,350.0
5.393355142038052,2.12735125679782,160.00800000000126,2.4739539578291825,0.35,0.08,15.0,300.0,25.0,1,0.35,700.0
5.393911222491841,2.1419352466562436,160.00800000000126,2.4338742166730807,0.35,0.35,15.0,300.0,50.0,1,0.25,700.0
5.39446727415767,2.1237148065412224,160.00800000000126,2.487521336046936,0.35,0.12,40.0,300.0,25.0,1,0.35,700.0
5.395564577312654,2.1301999799424998,160.00800000000126,2.47212742105753,0.2,0.35,80.0,100.0,12.5,1,0.55,700.0
5.398002855117964,2.1372811432463488,160.00800000000126,2.4588620339188454,0.35,0.35,80.0,300.0,25.0,1,0.25,700.0
5.399112967879164,2.346883807555902,140.0070000000011,2.720354743780701,0.35,0.35,40.0,100.0,12.5,1,0.35,350.0
5.399830372263905,2.340968002348254,140.0070000000011,2.7393067711875267,0.35,0.22,80.0,100.0,12.5,1,0.55,350.0
5.400831534301277,2.137568167543473,160.00800000000126,2.466123905022247,0.35,0.22,40.0,300.0,25.0,1,0.25,700.0
5.402847875131703,2.143127742861523,160.00800000000126,2.456000377914745,0.35,0.35,40.0,300.0,50.0,1,0.25,700.0
5.403068159932007,1.9400167529054104,180.0090000000014,2.1797611629330733,0.2,0.22,15.0,100.0,25.0,1,0.35,350.0
5.4047705083119455,2.128557952369196,160.00800000000126,2.503121588407802,0.35,0.12,80.0,300.0,12.5,1,0.35,700.0
5.408655051069821,2.3476979763222228,140.0070000000011,2.7452916421359475,0.35,0.22,40.0,100.0,50.0,1,0.55,350.0
5.410852321776014,2.348899602097096,140.0070000000011,2.748136341939721,0.35,0.22,80.0,100.0,25.0,1,0.55,350.0
5.410973376234933,2.141442848809287,160.00800000000126,2.4840300783589337,0.2,0.35,80.0,100.0,25.0,1,0.55,700.0
5.413747247784494,2.1439548714845045,160.00800000000126,2.4847782179999145,0.35,0.22,80.0,300.0,12.5,1,0.25,700.0
5.417800356473309,1.9604207967840344,180.0090000000014,2.1635558848264407,0.2,0.35,15.0,100.0,12.5,1,0.25,350.0
5.420728377814413,2.1538154115882984,160.00800000000126,2.4765513320745587,0.35,0.35,80.0,300.0,50.0,1,0.25,700.0
5.422335510500347,2.363521946613402,140.0070000000011,2.739167325391225,0.35,0.35,40.0,100.0,25.0,1,0.35,350.0
5.4226449502307785,2.357287317512702,140.0070000000011,2.7578646649087433,0.35,0.22,80.0,100.0,50.0,1,0.55,350.0
5.42622238886363,2.144144791071218,160.00800000000126,2.5198788508354104,0.35,0.12,80.0,300.0,25.0,1,0.35,700.0
5.426564346941113,2.145458919075137,160.00800000000126,2.517101222474163,0.35,0.08,40.0,300.0,25.0,1,0.35,700.0
5.427801030121152,2.1535664289884324,160.00800000000126,2.4974702889505758,0.2,0.35,80.0,100.0,50.0,1,0.55,700.0
5.428060240670387,1.9568375763564443,180.0090000000014,2.2031076123254913,0.2,0.22,15.0,100.0,50.0,1,0.35,350.0
5.428122803120417,2.150856417613461,160.00800000000126,2.50613253001982,0.35,0.12,15.0,300.0,50.0,1,0.35,700.0
5.432724190653405,1.9616193969109712,180.0090000000014,2.202770839264038,0.2,0.12,15.0,100.0,12.5,1,0.35,350.0
5.433402184403758,2.1510515043440783,160.00800000000126,2.5206590858847453,0.35,0.12,40.0,300.0,50.0,1,0.35,700.0
5.4355350818613655,2.156520962067832,160.00800000000126,2.5111260565529,0.35,0.12,40.0,300.0,12.5,1,0.25,700.0
5.43582069406538,2.149947367098346,160.00800000000126,2.53072379133433,0.35,0.08,80.0,300.0,12.5,1,0.35,700.0
5.4358556521268735,2.160170919963058,160.00800000000126,2.5016135204679912,0.35,0.22,80.0,300.0,25.0,1,0.25,700.0
5.435980941216924,2.167528680432022,160.00800000000126,2.4809493165282346,0.35,0.22,15.0,300.0,50.0,1,0.25,700.0
5.436165695316676,2.372399943102109,140.0070000000011,2.753316434898718,0.35,0.35,80.0,100.0,12.5,1,0.35,350.0
5.442077716189714,2.166919877327246,160.00800000000126,2.500108111035571,0.35,0.22,40.0,300.0,50.0,1,0.25,700.0
5.444171784633768,2.1704586861191673,160.00800000000126,2.495980281470233,0.35,0.12,15.0,300.0,25.0,1,0.25,700.0
5.4444853806549665,1.9758377174227384,180.0090000000014,2.195750466377736,0.2,0.35,40.0,100.0,12.5,1,0.25,350.0
5.445023797735276,2.3794684759063762,140.0070000000011,2.7584294909396676,0.35,0.35,40.0,100.0,50.0,1,0.35,350.0
5.447500938463175,2.3805991992270084,140.0070000000011,2.762276397817572,0.35,0.35,80.0,100.0,25.0,1,0.35,350.0
5.448500026181293,2.1601133476778736,160.00800000000126,2.5379047957240024,0.35,0.12,80.0,300.0,50.0,1,0.35,700.0
5.449730584340918,1.8254327815368285,200.01000000000158,1.7832794365830462,0.1,0.08,40.0,300.0,25.0,1,0.25,700.0
5.451942487248977,1.8261198493194095,200.01000000000158,1.7876361083701249,0.1,0.12,80.0,300.0,50.0,1,0.25,700.0
5.452060228030971,1.9717262601237546,180.0090000000014,2.2291399083062737,0.2,0.12,40.0,100.0,12.5,1,0.35,350.0
5.452095999979036,1.8287677730782608,200.01000000000158,1.7805092197164345,0.1,0.22,15.0,300.0,50.0,1,0.25,700.0
5.4550387403633405,1.9856678101181149,180.0090000000014,2.1978169435577284,0.2,0.22,15.0,100.0,12.5,1,0.25,350.0
5.45528445891525,1.8297394059026195,200.01000000000158,1.7868430086074496,0.1,0.08,80.0,300.0,25.0,1,0.25,700.0
5.45625259953032,1.8297651416608818,200.01000000000158,1.7895355939126136,0.1,0.12,40.0,300.0,50.0,1,0.25,700.0
5.457014206085511,1.9887482590857102,180.0090000000014,2.194659848570801,0.2,0.35,15.0,100.0,25.0,1,0.25,350.0
5.457460839457809,2.16566090030343,160.00800000000126,2.5476569690124586,0.35,0.08,80.0,300.0,25.0,1,0.35,700.0
5.459096116642256,2.1770111766179494,160.00800000000126,2.5198998286408214,0.35,0.22,80.0,300.0,50.0,1,0.25,700.0
5.459663091937876,2.389296095144281,140.0070000000011,2.7721771336959375,0.35,0.35,80.0,100.0,50.0,1,0.35,350.0
5.460720992092507,2.172094217079468,160.00800000000126,2.5385907857514836,0.35,0.08,15.0,300.0,50.0,1,0.35,700.0
5.463000281788938,1.9896096814506588,180.0090000000014,2.2093017152521672,0.2,0.35,40.0,100.0,25.0,1,0.25,350.0
5.463395679552992,1.9867326302367696,180.0090000000014,2.218651569474861,0.2,0.08,15.0,100.0,12.5,1,0.35,350.0
5.464359359894414,1.9892259176602247,180.0090000000014,2.2142812635261966,0.2,0.35,80.0,100.0,12.5,1,0.25,350.0
5.46531468948063,2.172692832897872,160.00800000000126,2.5500053045221125,0.35,0.08,40.0,300.0,50.0,1,0.35,700.0
5.46553456024402,1.8255105373724352,200.01000000000158,1.828211493918746,0.1,0.22,15.0,100.0,50.0,1,0.35,350.0
5.468723490190703,1.9871770451488957,180.0090000000014,2.232604128690819,0.2,0.12,15.0,100.0,25.0,1,0.35,350.0
5.468846889478655,1.9827773386484153,180.0090000000014,2.2455272880863393,0.2,0.12,80.0,100.0,12.5,1,0.35,350.0
5.469702848748688,1.9846948502580428,180.0090000000014,2.2424942814017834,0.2,0.12,40.0,100.0,25.0,1,0.35,350.0
5.471862672179753,1.8430466049793839,200.01000000000158,1.7961887634295592,0.1,0.08,80.0,300.0,50.0,1,0.25,700.0
5.473002415951059,1.8447572337253197,200.01000000000158,1.7945576635020453,0.1,0.08,15.0,300.0,25.0,1,0.25,700.0
5.47367842720367,1.9962080793217418,180.0090000000014,2.220958136805452,0.2,0.35,80.0,100.0,25.0,1,0.25,350.0
5.475619492574637,1.8316002427827054,200.01000000000158,1.8396264279768808,0.1,0.12,40.0,100.0,25.0,1,0.35,350.0
5.476298678004205,1.8466830602688766,200.01000000000158,1.7984731935294405,0.1,0.08,40.0,300.0,50.0,1,0.25,700.0
5.476371823385624,1.8316861774398279,200.01000000000158,1.8415304169879223,0.1,0.12,80.0,100.0,25.0,1,0.35,350.0
5.477857296817647,1.9894629756693518,180.0090000000014,2.2521694889950687,0.2,0.12,80.0,100.0,25.0,1,0.35,350.0
5.479805222503145,2.181682324562629,160.00800000000126,2.565722565544274,0.35,0.08,80.0,300.0,50.0,1,0.35,700.0
5.4798144401230475,2.001838739057856,180.0090000000014,2.2224020030433445,0.2,0.35,40.0,100.0,50.0,1,0.25,350.0
5.479949512932917,2.1887059659487043,160.00800000000126,2.5460672770976953,0.35,0.12,40.0,300.0,25.0,1,0.25,700.0
5.480545372737271,2.000318293014927,180.0090000000014,2.2288345134923513,0.2,0.22,40.0,100.0,12.5,1,0.25,350.0
5.48116416438058,1.837819880915636,200.01000000000158,1.8376979527569162,0.1,0.08,40.0,100.0,12.5,1,0.35,350.0
5.481844700220111,1.9967204288805378,180.0090000000014,2.242826489541578,0.2,0.08,40.0,100.0,12.5,1,0.35,350.0
5.483253349388892,2.0033075357124757,180.0090000000014,2.2280308962182747,0.2,0.35,80.0,100.0,50.0,1,0.25,350.0
5.483560804253437,1.8411122286572403,200.01000000000158,1.8351387874176355,0.1,0.08,15.0,100.0,12.5,1,0.35,350.0
5.483725988480841,1.837462061903303,200.01000000000158,1.8460397902214691,0.1,0.12,80.0,100.0,50.0,1,0.35,350.0
5.485239594078024,1.9958341135403341,180.0090000000014,2.2550585158219136,0.2,0.12,40.0,100.0,50.0,1,0.35,350.0
5.4869445501429395,1.9961239932103454,180.0090000000014,2.259101591235924,0.2,0.12,80.0,100.0,50.0,1,0.35,350.0
5.487364741273184,1.8407268842070021,200.01000000000158,1.8471081630461652,0.1,0.12,40.0,100.0,50.0,1,0.35,350.0
5.488629599543432,1.8432941747032994,200.01000000000158,1.8433869281145994,0.1,0.08,80.0,100.0,12.5,1,0.35,350.0
5.490187070478116,1.8443882175656086,200.01000000000158,1.8447110083213847,0.1,0.12,15.0,100.0,25.0,1,0.35,350.0
5.490897060859832,2.1938404508874845,160.00800000000126,2.5626760284923678,0.35,0.12,80.0,300.0,12.5,1,0.25,700.0
5.491073520889934,1.8578723947532216,200.01000000000158,1.8087175032476819,0.1,0.12,15.0,300.0,50.0,1,0.25,700.0
5.493311145596641,2.003734533665381,180.0090000000014,2.2555474626606844,0.2,0.12,15.0,100.0,50.0,1,0.35,350.0
5.495664123193945,1.8492527934658076,200.01000000000158,1.846460942080326,0.1,0.08,40.0,100.0,25.0,1,0.35,350.0
5.496317392643477,1.8493571012902226,200.01000000000158,1.8480294038663743,0.1,0.08,80.0,100.0,25.0,1,0.35,350.0
5.498352037297606,2.007767716858874,180.0090000000014,2.2584266298248874,0.2,0.08,80.0,100.0,12.5,1,0.35,350.0
5.499551493262597,1.8606684748246338,200.01000000000158,1.824951481251256,0.1,0.35,15.0,100.0,12.5,1,0.25,350.0
5.4995538017952255,2.0097758050577905,180.0090000000014,2.2561228478211826,0.2,0.08,40.0,100.0,25.0,1,0.35,350.0
5.500180768933216,2.0135495041399456,180.0090000000014,2.247132185123571,0.2,0.22,80.0,100.0,12.5,1,0.25,350.0
5.503704664606411,1.855172489230478,200.01000000000158,1.8525205010740258,0.1,0.08,80.0,100.0,50.0,1,0.35,350.0
5.505057742648378,1.863525854688089,200.01000000000158,1.8325196798864727,0.1,0.35,40.0,100.0,12.5,1,0.25,350.0
5.50548722690781,1.855811467020738,200.01000000000158,1.855787885391569,0.1,0.12,15.0,100.0,50.0,1,0.35,350.0
5.507420574007404,1.8584239675747285,200.01000000000158,1.8538474469504338,0.1,0.08,40.0,100.0,50.0,1,0.35,350.0
5.5074309514998365,2.014518907634618,180.0090000000014,2.2650772681862783,0.2,0.08,80.0,100.0,25.0,1,0.35,350.0
5.5104761927855135,1.8620049321626675,200.01000000000158,1.8523464589223495,0.1,0.08,15.0,100.0,25.0,1,0.35,350.0
5.5112923933251645,1.874681703650884,200.01000000000158,1.8184591133550208,0.1,0.08,15.0,300.0,50.0,1,0.25,700.0
5.513723994669362,2.210494488201662,160.00800000000126,2.5803128756219453,0.35,0.12,80.0,300.0,25.0,1,0.25,700.0
5.516070722727937,1.8718193862234815,200.01000000000158,1.8402895328698057,0.1,0.35,80.0,100.0,12.5,1,0.25,350.0
5.520830957953991,1.8760310638152558,200.01000000000158,1.8418568403963191,0.1,0.35,40.0,100.0,25.0,1,0.25,350.0
5.521911623853894,2.2183686318002542,160.00800000000126,2.5812085487246295,0.35,0.12,40.0,300.0,50.0,1,0.25,700.0
5.522758526429379,1.8769194416306068,200.01000000000158,1.8448259565678526,0.1,0.22,15.0,100.0,12.5,1,0.25,350.0
5.524261432547864,1.8783097786175584,200.01000000000158,1.8451475826579484,0.1,0.35,80.0,100.0,25.0,1,0.25,350.0
5.525658165279637,1.873458920405873,200.01000000000158,1.8629978424964015,0.1,0.08,15.0,100.0,50.0,1,0.35,350.0
5.525676058467275,1.8556396439048362,200.01000000000158,1.9139611844640447,0.1,0.35,40.0,100.0,12.5,1,0.55,700.0
5.527615151389701,1.879381300270816,200.01000000000158,1.851668146053889,0.1,0.22,40.0,100.0,12.5,1,0.25,350.0
5.530453806960731,1.88482898035049,200.01000000000158,1.8442137903149052,0.1,0.35,15.0,100.0,25.0,1,0.25,350.0
5.5315513433845105,1.867433379813163,200.01000000000158,1.8970513244894966,0.1,0.35,15.0,100.0,12.5,1,0.55,700.0
5.532344403646234,1.8847063016604961,200.01000000000158,1.849966005673469,0.1,0.35,80.0,100.0,50.0,1,0.25,350.0
5.534219112455939,1.8865387432415484,200.01000000000158,1.8500867691839056,0.1,0.35,40.0,100.0,50.0,1,0.25,350.0
5.537575563249949,2.227680634065365,160.00800000000126,2.5993569405273296,0.35,0.12,80.0,300.0,50.0,1,0.25,700.0
5.5380638530225905,1.8627767513694886,200.01000000000158,1.9289631475802242,0.1,0.35,80.0,100.0,12.5,1,0.55,700.0
5.538484408814684,1.8875904288124798,200.01000000000158,1.8592685142919447,0.1,0.22,80.0,100.0,12.5,1,0.25,350.0
5.543518431202324,1.8919698801257594,200.01000000000158,1.8611387173615463,0.1,0.22,40.0,100.0,25.0,1,0.25,350.0
5.546749367888059,1.8941302142782783,200.01000000000158,1.8641975817421634,0.1,0.22,80.0,100.0,25.0,1,0.25,350.0
5.549669749265951,1.8741638275155037,200.01000000000158,1.9295883478583542,0.1,0.35,40.0,100.0,25.0,1,0.55,700.0
5.5499337120997,1.8996752525021092,200.01000000000158,1.8574527417073368,0.1,0.35,15.0,100.0,50.0,1,0.25,350.0
5.550340407636617,1.872275389276337,200.01000000000158,1.936900052457877,0.1,0.35,80.0,100.0,25.0,1,0.55,700.0
5.550377245893331,1.8734141552133754,200.01000000000158,1.9337516876569465,0.1,0.22,40.0,100.0,12.5,1,0.55,700.0
5.553813376417017,1.9011618173094225,200.01000000000158,1.8642901688787705,0.1,0.22,15.0,100.0,25.0,1,0.25,350.0
5.554895197887869,1.9005674247027524,200.01000000000158,1.8690793519574076,0.1,0.22,80.0,100.0,50.0,1,0.25,350.0
5.55697777895302,1.9025207245651998,200.01000000000158,1.8694487268222773,0.1,0.22,40.0,100.0,50.0,1,0.25,350.0
5.557604789087808,1.8859072033581028,200.01000000000158,1.9187073877990917,0.1,0.22,15.0,100.0,12.5,1,0.55,700.0
5.5624218432744,1.8803993717019398,200.01000000000158,1.9482070616355325,0.1,0.22,80.0,100.0,12.5,1,0.55,700.0
5.562856619272345,1.881877927465707,200.01000000000158,1.9452248337331837,0.1,0.35,80.0,100.0,50.0,1,0.55,700.0
5.563260112171823,1.9074924134900828,200.01000000000158,1.8731934248049047,0.1,0.12,15.0,100.0,12.5,1,0.25,350.0
5.567189182167243,1.9094639554375539,200.01000000000158,1.8787863620847587,0.1,0.12,40.0,100.0,12.5,1,0.25,350.0
5.570860450455187,1.8901903540513372,200.01000000000158,1.94434313258236,0.1,0.35,40.0,100.0,50.0,1,0.55,700.0
5.573222088853518,1.9159542146366926,200.01000000000158,1.8774796406194318,0.1,0.22,15.0,100.0,50.0,1,0.25,350.0
5.574599908284004,1.892088636643103,200.01000000000158,1.9496036332596502,0.1,0.22,40.0,100.0,25.0,1,0.55,700.0
5.574823340985725,1.889982840594249,200.01000000000158,1.9562585725470063,0.1,0.22,80.0,100.0,25.0,1,0.55,700.0
5.577851549974165,1.9175813262565764,200.01000000000158,1.886057782050185,0.1,0.12,80.0,100.0,12.5,1,0.25,350.0
5.5810803058248295,1.9051197427885969,200.01000000000158,1.9308873229605978,0.1,0.35,15.0,100.0,25.0,1,0.55,700.0
5.581590742719217,2.059350646900213,180.0090000000014,2.348871702339951,0.2,0.35,15.0,100.0,12.5,1,0.55,700.0
5.583290983171777,1.922190083587768,200.01000000000158,1.8884311416685278,0.1,0.12,40.0,100.0,25.0,1,0.25,350.0
5.584345261120363,1.9256252682452089,200.01000000000158,1.8816285510718005,0.1,0.08,15.0,100.0,12.5,1,0.25,350.0
5.586238322000373,1.9242077411819967,200.01000000000158,1.8910873737667204,0.1,0.12,80.0,100.0,25.0,1,0.25,350.0
5.587447049691536,1.8996584257844935,200.01000000000158,1.964681782591484,0.1,0.22,80.0,100.0,50.0,1,0.55,700.0
5.587998122471765,1.927670692394477,200.01000000000158,1.8862212287921847,0.1,0.08,40.0,100.0,12.5,1,0.25,350.0
5.591996947053631,1.9057623263091688,200.01000000000158,1.9602417735555395,0.1,0.12,40.0,100.0,12.5,1,0.55,700.0
5.594475763161634,1.9318340285046194,200.01000000000158,1.8928335275914039,0.1,0.12,15.0,100.0,25.0,1,0.25,350.0
5.594479914725348,1.9307127499845858,200.01000000000158,1.8960490421163967,0.1,0.12,80.0,100.0,50.0,1,0.25,350.0
5.595918796251639,1.9082014686837874,200.01000000000158,1.9644780787652207,0.1,0.22,40.0,100.0,50.0,1,0.55,700.0
5.596840446145959,1.9328055740813506,200.01000000000158,1.896813920184527,0.1,0.12,40.0,100.0,50.0,1,0.25,350.0
5.598601353747822,1.9358526252499317,200.01000000000158,1.8931392242796194,0.1,0.08,80.0,100.0,12.5,1,0.25,350.0
5.601340641900092,1.9191754393059857,200.01000000000158,1.9486148645545214,0.1,0.12,15.0,100.0,12.5,1,0.55,700.0
5.603487967307847,1.912573312178225,200.01000000000158,1.973613300370281,0.1,0.12,80.0,100.0,12.5,1,0.55,700.0
5.604174441946514,1.940478091782142,200.01000000000158,1.8958467147552776,0.1,0.08,40.0,100.0,25.0,1,0.25,350.0
5.606746065208662,1.9292184304010207,200.01000000000158,1.935364670878905,0.1,0.35,15.0,100.0,12.5,1,0.35,700.0
5.607042116435914,1.942530046799251,200.01000000000158,1.8981773418189696,0.1,0.08,80.0,100.0,25.0,1,0.25,350.0
5.607485507974164,1.923793523727978,200.01000000000158,1.9529770978461778,0.1,0.22,15.0,100.0,25.0,1,0.55,700.0
5.6102581230929545,1.9254866944801952,200.01000000000158,1.9560612246078166,0.1,0.35,40.0,100.0,12.5,1,0.35,700.0
5.612605986015092,1.9250379789397059,200.01000000000158,1.9640514487867495,0.1,0.08,40.0,100.0,12.5,1,0.55,700.0
5.613723137909668,1.9465408777446789,200.01000000000158,1.9058064576141873,0.1,0.12,15.0,100.0,50.0,1,0.25,350.0
5.614160682963201,1.9291708085530248,200.01000000000158,1.9566853554575778,0.1,0.35,15.0,100.0,50.0,1,0.55,700.0
5.615319903592939,1.949076898013833,200.01000000000158,1.9031228730830914,0.1,0.08,80.0,100.0,50.0,1,0.25,350.0
5.615553601844638,1.9500442905172377,200.01000000000158,1.901026603792506,0.1,0.08,15.0,100.0,25.0,1,0.25,350.0
5.616084863508034,1.9223035387287153,200.01000000000158,1.9818037850836994,0.1,0.12,80.0,100.0,25.0,1,0.55,700.0
5.616546941296677,1.9246805127338997,200.01000000000158,1.97633265303644,0.1,0.12,40.0,100.0,25.0,1,0.55,700.0
5.617741769290195,1.9511431661999117,200.01000000000158,1.9041388659721694,0.1,0.08,40.0,100.0,50.0,1,0.25,350.0
5.622053077828445,2.086487105826352,180.0090000000014,2.3869456342916346,0.2,0.22,15.0,100.0,12.5,1,0.55,700.0
5.6227131788359115,1.9382925049111113,200.01000000000158,1.955059068356503,0.1,0.08,15.0,100.0,12.5,1,0.55,700.0
5.623903741013546,1.9319943991529207,200.01000000000158,1.9764552624588616,0.1,0.08,80.0,100.0,12.5,1,0.55,700.0
5.62722900831753,1.9365187660031002,200.01000000000158,1.9730292637554434,0.1,0.35,80.0,100.0,12.5,1,0.35,700.0
5.628860872558797,1.9321001449838215,200.01000000000158,1.9903163644998623,0.1,0.12,80.0,100.0,50.0,1,0.55,700.0
5.63289007226124,1.9476764048673822,200.01000000000158,1.9573247639823834,0.1,0.22,15.0,100.0,12.5,1,0.35,700.0
5.635048066241291,1.9432418369081588,200.01000000000158,1.9761606552374544,0.1,0.22,40.0,100.0,12.5,1,0.35,700.0
5.6360878498733955,1.9454947804126137,200.01000000000158,1.9726944841735954,0.1,0.35,40.0,100.0,25.0,1,0.35,700.0
5.636579727556807,1.9418132840292923,200.01000000000158,1.984618410078545,0.1,0.08,80.0,100.0,25.0,1,0.55,700.0
5.637261697007189,1.9441038328090747,200.01000000000158,1.9800224691374049,0.1,0.08,40.0,100.0,25.0,1,0.55,700.0
5.638003061386197,1.9409223116704428,200.01000000000158,1.9912307134735154,0.1,0.12,40.0,100.0,50.0,1,0.55,700.0
5.64037998154928,1.946719721883013,200.01000000000158,1.9814578847606983,0.1,0.35,80.0,100.0,25.0,1,0.35,700.0
5.640471938292084,1.947785541204938,200.01000000000158,1.97867542024892,0.1,0.22,15.0,100.0,50.0,1,0.55,700.0
5.649251632580382,2.107032635308027,180.0090000000014,2.4059542779209555,0.2,0.35,15.0,100.0,25.0,1,0.55,700.0
5.649405681586682,1.9516899655506197,200.01000000000158,1.9930449029601096,0.1,0.08,80.0,100.0,50.0,1,0.55,700.0
5.65154886186012,1.9572937854109018,200.01000000000158,1.9831573612834135,0.1,0.12,15.0,100.0,25.0,1,0.55,700.0
5.651679094498704,1.9541248531473863,200.01000000000158,1.9925835467179807,0.1,0.22,80.0,100.0,12.5,1,0.35,700.0
5.653945835362235,1.9571738648861334,200.01000000000158,1.9903484870745087,0.1,0.35,80.0,100.0,50.0,1,0.35,700.0
5.658727266821328,1.9604544868977052,200.01000000000158,1.9946365140674256,0.1,0.08,40.0,100.0,50.0,1,0.55,700.0
5.659397148755647,1.9632469716851895,200.01000000000158,1.9885719344869528,0.1,0.35,40.0,100.0,50.0,1,0.35,700.0
5.661110731531424,1.963403723820872,200.01000000000158,1.993020022030081,0.1,0.22,40.0,100.0,25.0,1,0.35,700.0
5.664956247447071,1.9644117844499753,200.01000000000158,2.0011270371344927,0.1,0.22,80.0,100.0,25.0,1,0.35,700.0
5.670685462213141,2.3245014079446498,160.00800000000126,2.7030401550527765,0.35,0.22,15.0,100.0,12.5,1,0.35,350.0
5.671061810773779,2.3153794073580545,160.00800000000126,2.7301782954734426,0.35,0.12,15.0,100.0,12.5,1,0.55,350.0
5.67286430495857,1.9765632394108112,200.01000000000158,1.9890030444221014,0.1,0.08,15.0,100.0,25.0,1,0.55,700.0
5.677225740753693,1.9759610019700442,200.01000000000158,2.003184967953213,0.1,0.12,40.0,100.0,12.5,1,0.35,700.0
5.678631824548695,1.9749409524193846,200.01000000000158,2.010116777512249,0.1,0.22,80.0,100.0,50.0,1,0.35,700.0
5.682889598738913,2.337668185771961,160.00800000000126,2.700289751334096,0.35,0.35,15.0,100.0,25.0,1,0.35,350.0
5.684209451822258,1.9811805479354436,200.01000000000158,2.0082254396765435,0.1,0.12,15.0,100.0,50.0,1,0.55,700.0
5.688055703825134,2.125507176278994,180.0090000000014,2.464038650131768,0.2,0.22,40.0,100.0,12.5,1,0.55,700.0
5.695441024466312,2.349353006265864,160.00800000000126,2.70276576628694,0.35,0.35,15.0,100.0,12.5,1,0.25,350.0
5.697301013448191,2.3322548381817896,160.00800000000126,2.7569319293325223,0.35,0.08,15.0,100.0,12.5,1,0.55,350.0
5.705267228593838,2.1446138792907417,180.0090000000014,2.458623855151647,0.2,0.35,15.0,100.0,50.0,1,0.55,700.0
5.71116915937181,1.967708027932588,200.01000000000158,2.1237460898262825,0.2,0.08,15.0,300.0,50.0,1,0.25,700.0
5.712196573493065,2.1442859688704674,180.0090000000014,2.4793588703502194,0.2,0.35,40.0,100.0,50.0,1,0.55,700.0
5.719523505724589,2.148226351702298,180.0090000000014,2.489034725777913,0.2,0.22,40.0,100.0,25.0,1,0.55,700.0
5.720172553584936,2.1547795585051244,180.0090000000014,2.4721657002279724,0.2,0.35,40.0,100.0,12.5,1,0.35,700.0
5.7222395999172235,2.350516586607436,160.00800000000126,2.7760086094564835,0.35,0.12,15.0,100.0,25.0,1,0.55,350.0
5.724495722960177,2.3617890448800356,160.00800000000126,2.750247651657494,0.35,0.22,15.0,100.0,25.0,1,0.35,350.0
5.727091589929564,2.3675591204011504,160.00800000000126,2.74117848436684,0.35,0.35,15.0,100.0,50.0,1,0.35,350.0
5.732444408373534,2.1551512233821173,180.0090000000014,2.5061662428325606,0.2,0.22,80.0,100.0,12.5,1,0.55,700.0
5.73395791583893,2.357919011394235,160.00800000000126,2.788339726984789,0.35,0.12,40.0,100.0,12.5,1,0.55,350.0
5.7375840329541665,2.3741199467419185,160.00800000000126,2.752411674892083,0.35,0.22,15.0,100.0,12.5,1,0.25,350.0
5.7385369584833725,2.369661662435818,160.00800000000126,2.76787227442153,0.35,0.22,40.0,100.0,12.5,1,0.35,350.0
5.747738817893124,2.367009707517074,160.00800000000126,2.801740315360089,0.35,0.08,15.0,100.0,25.0,1,0.55,350.0
5.7480769358642885,2.166534496060826,180.0090000000014,2.5183069708669747,0.2,0.22,80.0,100.0,25.0,1,0.55,700.0
5.748363166860951,2.37203869396842,160.00800000000126,2.789155636835748,0.35,0.12,15.0,100.0,12.5,1,0.35,350.0
5.7504764357027724,2.17006350091608,180.0090000000014,2.515079813676205,0.2,0.22,40.0,100.0,50.0,1,0.55,700.0
5.751408524218557,2.3884655700575648,160.00800000000126,2.7509227261742106,0.35,0.35,15.0,100.0,25.0,1,0.25,350.0
5.756900054564516,2.374159779774299,160.00800000000126,2.8074864994005657,0.35,0.12,40.0,100.0,25.0,1,0.55,350.0
5.758230314621799,2.3742613500105527,160.00800000000126,2.810997041746364,0.35,0.08,40.0,100.0,12.5,1,0.55,350.0
5.762200755561321,2.3865424789712986,160.00800000000126,2.787252218828581,0.35,0.22,40.0,100.0,25.0,1,0.35,350.0
5.763471110048631,2.3781953185763847,160.00800000000126,2.814730832777791,0.35,0.12,15.0,100.0,50.0,1,0.55,350.0
5.765099476709374,2.1787760089348502,180.0090000000014,2.5319670507842953,0.2,0.22,80.0,100.0,50.0,1,0.55,700.0
5.76667005757357,2.396541059136465,160.00800000000126,2.771454281248816,0.35,0.35,40.0,100.0,12.5,1,0.25,350.0
5.768180054437019,2.187001202939814,180.0090000000014,2.517268147134814,0.2,0.35,80.0,100.0,12.5,1,0.35,700.0
5.768672771374638,2.381991071412556,160.00800000000126,2.8187477141773236,0.35,0.12,80.0,100.0,12.5,1,0.55,350.0
5.768727688999909,2.391579127091983,160.00800000000126,2.7915101768797332,0.35,0.22,15.0,100.0,50.0,1,0.35,350.0
5.771516201600385,2.1817126400717592,180.0090000000014,2.5419101757960143,0.35,0.08,40.0,300.0,12.5,1,0.25,700.0
5.775350435256911,2.394980070851166,160.00800000000126,2.8007153268735014,0.35,0.22,80.0,100.0,12.5,1,0.35,350.0
5.7788722256879215,2.3894422363258396,160.00800000000126,2.826599969605894,0.35,0.12,40.0,100.0,50.0,1,0.55,350.0
5.779953370836246,2.3900630649402914,160.00800000000126,2.8279151597026755,0.35,0.12,80.0,100.0,25.0,1,0.55,350.0
5.781119151300656,2.3904901326614336,160.00800000000126,2.830025767540581,0.35,0.08,40.0,100.0,25.0,1,0.55,350.0
5.7819808214400545,2.1957811195170067,180.0090000000014,2.5316134340657936,0.35,0.08,15.0,300.0,25.0,1,0.25,700.0
5.784312350417499,2.1988068347849627,180.0090000000014,2.529630044664331,0.2,0.35,80.0,100.0,25.0,1,0.35,700.0
5.785183267244238,2.4026274248297526,160.00800000000126,2.80695954975562,0.35,0.22,40.0,100.0,50.0,1,0.35,350.0
5.785450944528108,2.008337953254971,200.01000000000158,2.2198942607803245,0.2,0.35,15.0,100.0,50.0,1,0.25,350.0
5.786912157655601,2.4033103023016715,160.00800000000126,2.8099481581540298,0.35,0.22,80.0,100.0,25.0,1,0.35,350.0
5.788001739533086,2.3943254672116963,160.00800000000126,2.8387322066324887,0.35,0.08,15.0,100.0,50.0,1,0.55,350.0
5.791002323946689,2.414010685958122,160.00800000000126,2.7910618228244237,0.35,0.35,40.0,100.0,25.0,1,0.25,350.0
5.791933584233684,2.398539073480475,160.00800000000126,2.8379271735805447,0.35,0.12,80.0,100.0,50.0,1,0.55,350.0
5.792227054758518,2.398132539217607,160.00800000000126,2.839927187259692,0.35,0.08,80.0,100.0,12.5,1,0.55,350.0
5.794292884660434,2.413564844461798,160.00800000000126,2.801737257710336,0.35,0.22,15.0,100.0,25.0,1,0.25,350.0
5.794619126055667,2.0141678034864348,200.01000000000158,2.229432350197741,0.2,0.22,15.0,100.0,25.0,1,0.25,350.0
5.797995978478459,2.420066373169986,160.00800000000126,2.7937417294527274,0.35,0.35,15.0,100.0,50.0,1,0.25,350.0
5.7991911189248455,2.0122633250475777,200.01000000000158,2.2479365539349834,0.2,0.08,15.0,100.0,25.0,1,0.35,350.0
5.799288732285547,2.412124830819074,160.00800000000126,2.820125432761295,0.35,0.22,80.0,100.0,50.0,1,0.35,350.0
5.799341623902859,2.014254881618384,200.01000000000158,2.2426764065270057,0.2,0.22,40.0,100.0,25.0,1,0.25,350.0
5.8023831131605395,2.4092615300554283,160.00800000000126,2.837147380300264,0.35,0.12,15.0,100.0,25.0,1,0.35,350.0
5.802850772026892,2.4056703887313544,160.00800000000126,2.8487439522729088,0.35,0.08,40.0,100.0,50.0,1,0.55,350.0
5.8035392488661115,2.406233707334283,160.00800000000126,2.8491015472337415,0.35,0.08,80.0,100.0,25.0,1,0.55,350.0
5.805054839148107,2.422912879232116,160.00800000000126,2.805777028331347,0.35,0.35,80.0,100.0,12.5,1,0.25,350.0
5.8073030332154865,2.42026893152422,160.00800000000126,2.81975457626071,0.35,0.22,40.0,100.0,12.5,1,0.25,350.0
5.809660462093895,2.0206256167041006,200.01000000000158,2.2539567011136294,0.2,0.22,80.0,100.0,25.0,1,0.25,350.0
5.813180924897935,2.4154662883899354,160.00800000000126,2.850270390022802,0.35,0.12,40.0,100.0,12.5,1,0.35,350.0
5.814839034130684,2.4308041859229523,160.00800000000126,2.8111852805934663,0.35,0.35,40.0,100.0,50.0,1,0.25,350.0
5.815055795366913,2.020938636163579,200.01000000000158,2.2684775977237446,0.2,0.08,40.0,100.0,50.0,1,0.35,350.0
5.815482029320045,2.4147026500368876,160.00800000000126,2.859026797951825,0.35,0.08,80.0,100.0,50.0,1,0.55,350.0
5.816206413653891,2.214084177370505,180.0090000000014,2.577106389381043,0.35,0.08,40.0,300.0,25.0,1,0.25,700.0
5.816314449597028,2.026572769979476,200.01000000000158,2.2559762274786523,0.2,0.22,40.0,100.0,50.0,1,0.25,350.0
5.8165620946504974,2.0212240794002008,200.01000000000158,2.271965757857922,0.2,0.08,80.0,100.0,50.0,1,0.35,350.0
5.81689047209399,2.431487885170163,160.00800000000126,2.8150931054965933,0.35,0.35,80.0,100.0,25.0,1,0.25,350.0
5.819265050260143,2.2207160883106396,180.0090000000014,2.5668970341413777,0.35,0.12,15.0,300.0,50.0,1,0.25,700.0
5.819364520992247,2.0278052837958493,200.01000000000158,2.2611692491324984,0.2,0.22,80.0,100.0,50.0,1,0.25,350.0
5.8222875041582505,2.0341135441793043,200.01000000000158,2.2514970285112073,0.2,0.12,15.0,100.0,12.5,1,0.25,350.0
5.822961013295501,2.033667016015056,200.01000000000158,2.2546971350869174,0.2,0.22,15.0,100.0,50.0,1,0.25,350.0
5.8233931858708,2.028757553079861,200.01000000000158,2.2699589508311875,0.2,0.08,15.0,100.0,50.0,1,0.35,350.0
5.826217027280485,2.2189634342591145,180.0090000000014,2.5917674086324296,0.35,0.08,80.0,300.0,12.5,1,0.25,700.0
5.829629567868439,2.440615060244785,160.00800000000126,2.825412878924675,0.35,0.35,80.0,100.0,50.0,1,0.25,350.0
5.832098833563112,2.4380019564047646,160.00800000000126,2.8399339347380796,0.35,0.22,40.0,100.0,25.0,1,0.25,350.0
5.837294927176547,2.4325808740169093,160.00800000000126,2.8702687233131985,0.35,0.12,40.0,100.0,25.0,1,0.35,350.0
5.840948488516948,2.445103996729001,160.00800000000126,2.8449271193940806,0.35,0.22,15.0,100.0,50.0,1,0.25,350.0
5.845464205656355,2.446465494868971,160.00800000000126,2.853939173678187,0.35,0.22,80.0,100.0,12.5,1,0.25,350.0
5.845947038748757,2.0477405858896227,200.01000000000158,2.280161293883171,0.2,0.12,40.0,100.0,12.5,1,0.25,350.0
5.849220234827626,2.440341099509485,160.00800000000126,2.882168958051776,0.35,0.12,80.0,100.0,12.5,1,0.35,350.0
5.849268792994932,2.235778064847228,180.0090000000014,2.6095877947076676,0.35,0.08,80.0,300.0,25.0,1,0.25,700.0
5.85490326271633,2.0608613299484495,200.01000000000158,2.2682626650510196,0.2,0.08,15.0,100.0,12.5,1,0.25,350.0
5.855850648717662,2.2454445187452294,180.0090000000014,2.600774657064034,0.35,0.08,15.0,300.0,50.0,1,0.25,700.0
5.856252146708289,2.4549554827988533,160.00800000000126,2.8605047540269046,0.35,0.22,40.0,100.0,50.0,1,0.25,350.0
5.857535838232826,2.455180216714999,160.00800000000126,2.863530347193737,0.35,0.22,80.0,100.0,25.0,1,0.25,350.0
5.858065529324372,2.243719107358939,180.0090000000014,2.6120326341868916,0.35,0.08,40.0,300.0,50.0,1,0.25,700.0
5.860425681784472,2.4487083483408467,160.00800000000126,2.8902780955531604,0.35,0.12,40.0,100.0,50.0,1,0.35,350.0
5.86106100169831,2.448831912089023,160.00800000000126,2.891740256026479,0.35,0.12,80.0,100.0,25.0,1,0.35,350.0
5.862096043633871,2.0627206319287428,200.01000000000158,2.283501176300298,0.2,0.12,15.0,100.0,25.0,1,0.25,350.0
5.865077474040914,2.0619043888924087,200.01000000000158,2.2943516718528034,0.2,0.12,40.0,100.0,25.0,1,0.25,350.0
5.865146434206537,2.060750800536894,200.01000000000158,2.2978446676274817,0.2,0.12,80.0,100.0,12.5,1,0.25,350.0
5.870500859301747,2.4644358234437953,160.00800000000126,2.874128673879809,0.35,0.22,80.0,100.0,50.0,1,0.25,350.0
5.873229459113416,2.2530563412443008,180.0090000000014,2.6286803367688405,0.35,0.08,80.0,300.0,50.0,1,0.25,700.0
5.87364857021058,2.457757914908873,160.00800000000126,2.9022018722905383,0.35,0.12,80.0,100.0,50.0,1,0.35,350.0
5.874826101096787,2.0679729955015245,200.01000000000158,2.304866015986396,0.2,0.12,80.0,100.0,25.0,1,0.25,350.0
5.877826943022295,2.074504324768181,200.01000000000158,2.2947789092974022,0.2,0.08,40.0,100.0,12.5,1,0.25,350.0
5.882195135218383,2.0743128568136613,200.01000000000158,2.3078065097277087,0.2,0.12,40.0,100.0,50.0,1,0.25,350.0
5.88469726756427,2.0752638216721793,200.01000000000158,2.3122384168344787,0.2,0.12,80.0,100.0,50.0,1,0.25,350.0
5.890084200022914,2.0820007270287735,200.01000000000158,2.3083813514117644,0.2,0.12,15.0,100.0,50.0,1,0.25,350.0
5.89454036645037,2.0894828517898416,200.01000000000158,2.2997357561728697,0.2,0.08,15.0,100.0,25.0,1,0.25,350.0
5.8968073245884405,2.0875646761577435,200.01000000000158,2.3116932812304958,0.2,0.08,80.0,100.0,12.5,1,0.25,350.0
5.8970417502720345,2.0887706843539458,200.01000000000158,2.3089173311944737,0.2,0.08,40.0,100.0,25.0,1,0.25,350.0
5.9065634898913,2.094859431998058,200.01000000000158,2.318725879694912,0.2,0.08,80.0,100.0,25.0,1,0.25,350.0
5.914130302572744,2.1012208746106698,200.01000000000158,2.322169794177287,0.2,0.08,40.0,100.0,50.0,1,0.25,350.0
5.916473303129628,2.1022030119680686,200.01000000000158,2.3260579747472447,0.2,0.08,80.0,100.0,50.0,1,0.25,350.0
5.922196444244864,2.108746265600919,200.01000000000158,2.323714796125488,0.2,0.08,15.0,100.0,50.0,1,0.25,350.0
5.934716208076916,1.9647958781600583,220.01100000000173,1.9135866569052313,0.1,0.08,15.0,100.0,50.0,1,0.25,350.0
5.945715333728889,2.1098592854447515,200.01000000000158,2.387731566526039,0.2,0.35,15.0,100.0,12.5,1,0.35,700.0
5.960649411427545,1.970418525717273,220.01100000000173,1.9716168163149879,0.1,0.35,15.0,100.0,25.0,1,0.35,700.0
5.975841532344321,1.9871271954177268,220.01100000000173,1.967283819790193,0.1,0.35,15.0,100.0,12.5,1,0.25,700.0
5.97711449076793,1.981248543949559,220.01100000000173,1.9877169909095578,0.1,0.12,15.0,100.0,12.5,1,0.35,700.0
5.984568140720933,1.9812464802450704,220.01100000000173,2.0090190299309616,0.1,0.22,40.0,100.0,50.0,1,0.35,700.0
5.986773234248383,2.137393671916788,200.01000000000158,2.426370178090205,0.2,0.22,15.0,100.0,12.5,1,0.35,700.0
5.987156183754836,1.9890856557208407,220.01100000000173,1.9940157943827679,0.1,0.22,15.0,100.0,25.0,1,0.35,700.0
5.988253077225521,1.9912119922437537,220.01100000000173,1.991074528519261,0.1,0.35,40.0,100.0,12.5,1,0.25,700.0
5.9904073684238845,2.1344813506032945,200.01000000000158,2.4450743366301917,0.2,0.22,15.0,100.0,25.0,1,0.55,700.0
5.9909026301321395,2.1353175691934823,200.01000000000158,2.444100174110381,0.2,0.12,15.0,100.0,12.5,1,0.55,700.0
5.993353906332978,1.9866997609903891,220.01100000000173,2.0185404152644666,0.1,0.12,80.0,100.0,12.5,1,0.35,700.0
5.998458581152517,1.9957291410484705,220.01100000000173,2.0073269717257727,0.1,0.08,40.0,100.0,12.5,1,0.35,700.0
5.998487310497821,1.9983453187015914,220.01100000000173,1.9999342622748673,0.1,0.35,15.0,100.0,50.0,1,0.35,700.0
5.998975447531831,2.000755350040867,220.01100000000173,1.994443135688394,0.1,0.08,15.0,100.0,12.5,1,0.35,700.0
6.001924032038594,2.0054682504072154,220.01100000000173,1.9894022332324333,0.1,0.22,15.0,100.0,12.5,1,0.25,700.0
6.0036362862159525,1.996371841506835,220.01100000000173,2.020284127740261,0.1,0.12,40.0,100.0,25.0,1,0.35,700.0
6.004371001001687,2.1569393680159488,200.01000000000158,2.4208046656734683,0.2,0.35,15.0,100.0,12.5,1,0.25,700.0
6.00530364552569,2.000595868512241,220.01100000000173,2.0129793628954955,0.1,0.08,15.0,100.0,50.0,1,0.55,700.0
6.00682845981129,1.9971353975257427,220.01100000000173,2.0272230351014895,0.1,0.12,80.0,100.0,25.0,1,0.35,700.0
6.009767790211019,2.0061742057261527,220.01100000000173,2.0097959556709726,0.1,0.35,80.0,100.0,12.5,1,0.25,700.0
6.012958058016251,2.008833766613997,220.01100000000173,2.0113122611492216,0.1,0.22,40.0,100.0,12.5,1,0.25,700.0
6.014425533512071,2.0066539584874343,220.01100000000173,2.02173307149889,0.1,0.08,80.0,100.0,12.5,1,0.35,700.0
6.01594067887873,2.0127343410421483,220.01100000000173,2.0086895366758752,0.1,0.35,40.0,100.0,25.0,1,0.25,700.0
6.017155871918233,2.1604901097457425,200.01000000000158,2.447187891921335,0.2,0.35,15.0,100.0,25.0,1,0.35,700.0
6.020348711414068,2.1602768388208715,200.01000000000158,2.456919635980497,0.2,0.08,15.0,100.0,12.5,1,0.55,700.0
6.020659990961571,2.0077889674656775,220.01100000000173,2.0363029242739055,0.1,0.12,80.0,100.0,50.0,1,0.35,700.0
6.023757983358288,2.017058359145544,220.01100000000173,2.018670354893479,0.1,0.35,80.0,100.0,25.0,1,0.25,700.0
6.024910297885314,2.016961126700643,220.01100000000173,2.022240489098984,0.1,0.22,15.0,100.0,50.0,1,0.35,700.0
6.0249631180952985,2.0162905822942165,220.01100000000173,2.024307245145875,0.1,0.08,40.0,100.0,25.0,1,0.35,700.0
6.027224251003423,2.0143510026305407,220.01100000000173,2.036309281065302,0.1,0.12,40.0,100.0,50.0,1,0.35,700.0
6.027980867839388,2.0171796846116314,220.01100000000173,2.030389094936374,0.1,0.08,80.0,100.0,25.0,1,0.35,700.0
6.031706146923896,2.0229014486966057,220.01100000000173,2.024684852077898,0.1,0.12,15.0,100.0,25.0,1,0.35,700.0
6.034127501584029,2.0236440843382804,220.01100000000173,2.029481192130639,0.1,0.22,80.0,100.0,12.5,1,0.25,700.0
6.036063867319115,2.804159524162596,140.0070000000011,3.2337124090185787,0.35,0.35,40.0,100.0,12.5,1,0.55,700.0
6.041864974237852,2.0279156282985458,220.01100000000173,2.0393838455407978,0.1,0.08,80.0,100.0,50.0,1,0.35,700.0
6.045706680072586,2.1846442536849153,200.01000000000158,2.459749789678991,0.2,0.22,15.0,100.0,12.5,1,0.25,700.0
6.046264357181877,2.1718862239488668,200.01000000000158,2.497794666379963,0.2,0.22,15.0,100.0,50.0,1,0.55,700.0
6.0465441852145645,2.0392839373818097,220.01100000000173,2.0202721366649414,0.1,0.12,15.0,100.0,12.5,1,0.25,700.0
6.048566021910544,2.0343834540765693,220.01100000000173,2.0400501938112816,0.1,0.08,40.0,100.0,50.0,1,0.35,700.0
6.0520128941066575,2.171743044173359,200.01000000000158,2.5146281426665023,0.2,0.12,40.0,100.0,12.5,1,0.55,700.0
6.0527645378701775,2.1784429527943145,200.01000000000158,2.4976331002166843,0.2,0.35,40.0,100.0,25.0,1,0.35,700.0
6.057180548547473,2.1875174153848933,200.01000000000158,2.484323237607302,0.2,0.12,15.0,100.0,12.5,1,0.35,700.0
6.058470812701239,2.18064687572025,200.01000000000158,2.5076398199456147,0.2,0.22,40.0,100.0,12.5,1,0.35,700.0
6.058928239463454,2.1883706741749362,200.01000000000158,2.486878757967126,0.2,0.22,15.0,100.0,25.0,1,0.35,700.0
6.0595469617502635,2.1834235947416167,200.01000000000158,2.502781048596068,0.2,0.12,15.0,100.0,25.0,1,0.55,700.0
6.077102619728611,2.2011141007675405,200.01000000000158,2.5023957684601332,0.2,0.35,15.0,100.0,50.0,1,0.35,700.0
6.078266487963229,2.392218093884938,180.0090000000014,2.8168954116522023,0.35,0.08,15.0,100.0,12.5,1,0.35,350.0
6.0790408894477785,2.1962725777729992,200.01000000000158,2.5217666047850167,0.2,0.08,40.0,100.0,12.5,1,0.55,700.0
6.079845827339367,2.2107542184043623,200.01000000000158,2.482690311242807,0.2,0.35,15.0,100.0,25.0,1,0.25,700.0
6.083966486872523,2.194787242587778,200.01000000000158,2.5400835550992023,0.2,0.12,40.0,100.0,25.0,1,0.55,700.0
6.084194658685801,2.2060087126085883,200.01000000000158,2.508674131649111,0.2,0.35,40.0,100.0,12.5,1,0.25,700.0
6.085194541188,2.201481877383813,200.01000000000158,2.5244647537261797,0.2,0.35,40.0,100.0,50.0,1,0.35,700.0
6.087970918642556,2.213665006671745,200.01000000000158,2.4975883199165354,0.2,0.08,15.0,100.0,12.5,1,0.35,700.0
6.08841064480289,2.2082729341248437,200.01000000000158,2.514250601937208,0.2,0.08,15.0,100.0,25.0,1,0.55,700.0
6.0914856286750165,2.2045763949025288,200.01000000000158,2.533597810778469,0.2,0.22,40.0,100.0,25.0,1,0.35,700.0
6.094944626187519,2.2006709382335177,200.01000000000158,2.554639108439937,0.2,0.12,80.0,100.0,12.5,1,0.55,700.0
6.102004637632593,2.2115907213057557,200.01000000000158,2.543611189505182,0.2,0.35,80.0,100.0,50.0,1,0.35,700.0
6.105756415081799,2.2124574528478687,200.01000000000158,2.55185417781116,0.2,0.22,80.0,100.0,12.5,1,0.35,700.0
6.11087903226851,2.212263892756357,200.01000000000158,2.567043255748941,0.2,0.12,80.0,100.0,25.0,1,0.55,700.0
6.111022229305766,2.2194446932497156,200.01000000000158,2.5469358173029324,0.2,0.08,40.0,100.0,25.0,1,0.55,700.0
6.114481334549423,2.2203388203785424,200.01000000000158,2.554264326202448,0.2,0.12,15.0,100.0,50.0,1,0.55,700.0
6.115027206998471,2.2167188563411058,200.01000000000158,2.566166716163833,0.2,0.12,40.0,100.0,50.0,1,0.55,700.0
6.118326485967227,2.2309036979937917,200.01000000000158,2.5350651084954645,0.2,0.35,40.0,100.0,25.0,1,0.25,700.0
6.118752732298306,2.2288525520797164,200.01000000000158,2.5421433720530464,0.2,0.22,15.0,100.0,50.0,1,0.35,700.0
6.1192988319255335,2.425079331135213,180.0090000000014,2.8402414308294293,0.35,0.12,15.0,100.0,12.5,1,0.25,350.0
6.121139020084055,2.2251119789008817,200.01000000000158,2.559648689094713,0.2,0.08,80.0,100.0,12.5,1,0.55,700.0
6.122118757141846,2.2244095176778473,200.01000000000158,2.5644549698970702,0.2,0.22,80.0,100.0,25.0,1,0.35,700.0
6.122781789733244,2.2320879118951757,200.01000000000158,2.5444110795372716,0.2,0.22,40.0,100.0,12.5,1,0.25,700.0
6.124167954702509,2.227758309240722,200.01000000000158,2.560741844176466,0.2,0.22,40.0,100.0,50.0,1,0.35,700.0
6.124252963247424,2.228424350170294,200.01000000000158,2.559081751648876,0.2,0.12,40.0,100.0,12.5,1,0.35,700.0
6.124920509627264,2.6543334136403804,160.00800000000126,3.0584774171053293,0.35,0.35,15.0,100.0,12.5,1,0.55,700.0
6.128112732853045,2.2246577405842918,200.01000000000158,2.5808714064820837,0.2,0.12,80.0,100.0,50.0,1,0.55,700.0
6.1296954825938155,2.238659495175182,200.01000000000158,2.545388535481742,0.2,0.12,15.0,100.0,25.0,1,0.35,700.0
6.131624143480646,2.4291343372864507,180.0090000000014,2.8638708748404986,0.35,0.08,15.0,100.0,25.0,1,0.35,350.0
6.135093372008503,2.240482007155966,200.01000000000158,2.5556038995786103,0.2,0.35,80.0,100.0,12.5,1,0.25,700.0
6.137145490356952,2.2368028285394517,200.01000000000158,2.571979033764218,0.2,0.08,80.0,100.0,25.0,1,0.55,700.0
6.139999638736528,2.2373196701336013,200.01000000000158,2.5786570531511526,0.2,0.22,80.0,100.0,50.0,1,0.35,700.0
6.141368478462856,2.4353418767654222,180.0090000000014,2.873976004849751,0.35,0.08,40.0,100.0,12.5,1,0.35,350.0
6.141888557084629,2.2414083111452667,200.01000000000158,2.572372131255252,0.2,0.08,40.0,100.0,50.0,1,0.55,700.0
6.142381951688216,2.2450816004367424,200.01000000000158,2.5632867178612857,0.2,0.08,15.0,100.0,50.0,1,0.55,700.0
6.142681590283766,2.881149954755437,140.0070000000011,3.31836181579518,0.35,0.35,80.0,100.0,12.5,1,0.55,700.0
6.145959262900475,2.438572046018407,180.0090000000014,2.8778634768058478,0.35,0.12,15.0,100.0,50.0,1,0.35,350.0
6.1519213175490215,2.2528379989531992,200.01000000000158,2.5683809102737096,0.2,0.35,80.0,100.0,25.0,1,0.25,700.0
6.152556839266228,2.255364072435511,200.01000000000158,2.5629793338019806,0.2,0.35,40.0,100.0,50.0,1,0.25,700.0
6.152920245670807,2.2544098927833685,200.01000000000158,2.5667438653926133,0.2,0.08,40.0,100.0,12.5,1,0.35,700.0
6.154375713873035,2.249263930388509,200.01000000000158,2.585605095670007,0.2,0.08,80.0,100.0,50.0,1,0.55,700.0
6.157365348478357,2.2572614533494506,200.01000000000158,2.571296843225378,0.2,0.22,40.0,100.0,25.0,1,0.25,700.0
6.15777873944268,2.252703491888674,200.01000000000158,2.5855007072970917,0.2,0.12,40.0,100.0,25.0,1,0.35,700.0
6.164590688713985,2.896878251573717,140.0070000000011,3.3360212489721466,0.35,0.35,80.0,100.0,25.0,1,0.55,700.0
6.165460070857351,2.4524749442335927,180.0090000000014,2.893857504639248,0.35,0.08,40.0,100.0,25.0,1,0.35,350.0
6.169081133683912,2.678369029221892,160.00800000000126,3.115977441320004,0.35,0.22,15.0,100.0,12.5,1,0.55,700.0
6.1701968422384095,2.2596278467804187,200.01000000000158,2.601197129879904,0.2,0.12,80.0,100.0,12.5,1,0.35,700.0
6.170462855464427,2.266305323783202,200.01000000000158,2.5828786619462885,0.2,0.35,80.0,100.0,50.0,1,0.25,700.0
6.171246957799557,2.6870195716169865,160.00800000000126,3.0974496748072924,0.35,0.35,15.0,100.0,12.5,1,0.35,700.0
6.172979987087031,2.2661765586317384,200.01000000000158,2.5904383670150537,0.2,0.22,80.0,100.0,12.5,1,0.25,700.0
6.174306295400099,2.458165962602116,180.0090000000014,2.9028723794227473,0.35,0.08,15.0,100.0,50.0,1,0.35,350.0
6.176330102542483,2.464564543049997,180.0090000000014,2.890373027121329,0.35,0.12,15.0,100.0,25.0,1,0.25,350.0
6.176788776789819,2.460107903003214,180.0090000000014,2.9044167822473828,0.35,0.08,80.0,100.0,12.5,1,0.35,350.0
6.186138195241663,2.469650879295025,180.0090000000014,2.9038637598474786,0.35,0.12,40.0,100.0,12.5,1,0.25,350.0
6.1868724059167075,2.271800667026054,200.01000000000158,2.614062111116087,0.2,0.12,80.0,100.0,25.0,1,0.35,700.0
6.188384398239158,2.4685333621948677,180.0090000000014,2.9134743886979124,0.35,0.08,40.0,100.0,50.0,1,0.35,350.0
6.188675632896762,2.4686421368256175,180.0090000000014,2.913995703060353,0.35,0.08,80.0,100.0,25.0,1,0.35,350.0
6.189996953461142,2.9149824902750487,140.0070000000011,3.356884180531647,0.35,0.35,80.0,100.0,50.0,1,0.55,700.0
6.190043511235906,2.2786838946414454,200.01000000000158,2.603456047412679,0.2,0.22,80.0,100.0,25.0,1,0.25,700.0
6.190601017668589,2.2760108781297954,200.01000000000158,2.6126861129679164,0.2,0.12,40.0,100.0,50.0,1,0.35,700.0
6.198150357639817,2.2856346418429228,200.01000000000158,2.60675918799106,0.2,0.08,80.0,100.0,12.5,1,0.35,700.0
6.20124253160068,2.4775775073851016,180.0090000000014,2.9243714977587354,0.35,0.08,80.0,100.0,50.0,1,0.35,350.0
6.204979944596417,2.284878190512723,200.01000000000158,2.628433583096201,0.2,0.12,80.0,100.0,50.0,1,0.35,700.0
6.208796479055149,2.292284629621875,200.01000000000158,2.618176712666428,0.2,0.22,80.0,100.0,50.0,1,0.25,700.0
6.211430455435203,2.487660940973087,180.0090000000014,2.9246700413202738,0.35,0.12,40.0,100.0,25.0,1,0.25,350.0
6.21306891093381,2.717000396153283,160.00800000000126,3.131281470801453,0.35,0.35,15.0,100.0,12.5,1,0.25,700.0
6.216855828421402,2.712198872505859,160.00800000000126,3.1558198740443566,0.35,0.22,15.0,100.0,12.5,1,0.35,700.0
6.222412504347235,2.4957149691175013,180.0090000000014,2.9330358149420377,0.35,0.12,15.0,100.0,50.0,1,0.25,350.0
6.223603480859312,2.4954812823532655,180.0090000000014,2.937106281445786,0.35,0.12,80.0,100.0,12.5,1,0.25,350.0
6.228158705566225,2.72577088880432,160.00800000000126,3.149336619319676,0.35,0.35,15.0,100.0,25.0,1,0.55,700.0
6.235779375961247,2.5047015262752743,180.0090000000014,2.9455509991027173,0.35,0.12,40.0,100.0,50.0,1,0.25,350.0
6.23597511423411,2.504376052468094,180.0090000000014,2.9470401764742715,0.35,0.12,80.0,100.0,25.0,1,0.25,350.0
6.249175414166446,2.5137658921321733,180.0090000000014,2.957927205812149,0.35,0.12,80.0,100.0,50.0,1,0.25,350.0
6.273533497954585,2.750237427741204,160.00800000000126,3.2090744863238907,0.35,0.22,15.0,100.0,25.0,1,0.55,700.0
6.2773787401174435,2.7605348232186615,160.00800000000126,3.190639762567896,0.35,0.35,15.0,100.0,25.0,1,0.35,700.0
6.3290227744605625,2.7941853984758684,160.00800000000126,3.242049645670502,0.35,0.35,15.0,100.0,50.0,1,0.55,700.0
6.334387342853529,2.0320854167325786,240.01200000000188,2.0060626460597812,0.1,0.35,15.0,100.0,25.0,1,0.25,700.0
6.338400784316056,2.0283822451134537,240.01200000000188,2.0281101120073535,0.1,0.35,80.0,100.0,50.0,1,0.25,700.0
6.340896909096076,2.0305125111773257,240.01200000000188,2.0291554226249193,0.1,0.22,40.0,100.0,25.0,1,0.25,700.0
6.341474853385627,2.0322995918773836,240.01200000000188,2.02570074716633,0.1,0.35,40.0,100.0,50.0,1,0.25,700.0
6.348259863226559,2.0346149330481764,240.01200000000188,2.0384712290810136,0.1,0.22,80.0,100.0,25.0,1,0.25,700.0
6.353528281507617,2.0425638623162894,240.01200000000188,2.030812626260856,0.1,0.08,15.0,100.0,25.0,1,0.35,700.0
6.355616120318978,2.041840385025166,240.01200000000188,2.038844957982239,0.1,0.12,40.0,100.0,12.5,1,0.25,700.0
6.360843317463312,2.050644021471863,240.01200000000188,2.028626559975489,0.1,0.22,15.0,100.0,25.0,1,0.25,700.0
6.3629991195954885,2.0460152413501613,240.01200000000188,2.0480110807008547,0.1,0.22,80.0,100.0,50.0,1,0.25,700.0
6.366553138602896,2.0501716014440636,240.01200000000188,2.046290106168012,0.1,0.22,40.0,100.0,50.0,1,0.25,700.0
6.368995229673154,2.0592350511957394,240.01200000000188,2.0273719385068216,0.1,0.08,15.0,100.0,12.5,1,0.25,700.0
6.3691698131152386,2.05068787785526,240.01200000000188,2.05229124359986,0.1,0.12,15.0,100.0,50.0,1,0.35,700.0
6.37440783402279,2.8184423186180405,160.00800000000126,3.302415758299231,0.35,0.22,15.0,100.0,50.0,1,0.55,700.0
6.376292644743039,2.0565273052178163,240.01200000000188,2.0559581129291273,0.1,0.12,80.0,100.0,12.5,1,0.25,700.0
6.37634507797541,2.825756560163232,160.00800000000126,3.2870529080347413,0.35,0.22,40.0,100.0,12.5,1,0.55,700.0
6.377281427337116,2.06415677927278,240.01200000000188,2.036984708755164,0.1,0.35,15.0,100.0,50.0,1,0.25,700.0
6.3775218199710215,2.062147364092069,240.01200000000188,2.0434127310826424,0.1,0.08,40.0,100.0,12.5,1,0.25,700.0
6.381044904624498,2.8308625042782665,160.00800000000126,3.2858925724177506,0.35,0.35,15.0,100.0,50.0,1,0.35,700.0
6.381347816931998,2.8363608994299545,160.00800000000126,3.2710483357200713,0.35,0.35,40.0,100.0,25.0,1,0.55,700.0
6.383880510049533,2.0637741407761196,240.01200000000188,2.0569324836382443,0.1,0.12,40.0,100.0,25.0,1,0.25,700.0
6.384164461997109,2.837026853533287,160.00800000000126,3.277193167039441,0.35,0.35,40.0,100.0,12.5,1,0.35,700.0
6.390610601512076,2.0676493194752164,240.01200000000188,2.0650893772480923,0.1,0.12,80.0,100.0,25.0,1,0.25,700.0
6.390754441779415,2.0705079595820526,240.01200000000188,2.0573328062780982,0.1,0.08,15.0,100.0,50.0,1,0.35,700.0
6.398097853235789,2.07705833284231,240.01200000000188,2.059598629695575,0.1,0.08,80.0,100.0,12.5,1,0.25,700.0
6.403661687230014,2.0826700673075593,240.01200000000188,2.0594617712069327,0.1,0.22,15.0,100.0,50.0,1,0.25,700.0
6.40551035694762,2.079177648982492,240.01200000000188,2.0747220227574306,0.1,0.12,80.0,100.0,50.0,1,0.25,700.0
6.4058228634308065,2.0847176035694868,240.01200000000188,2.0597864567465494,0.1,0.12,15.0,100.0,25.0,1,0.25,700.0
6.40590199671456,2.0842368195244325,240.01200000000188,2.061386220543141,0.1,0.08,40.0,100.0,25.0,1,0.25,700.0
6.409691923112684,2.083577245662513,240.01200000000188,2.074099078428979,0.1,0.12,40.0,100.0,50.0,1,0.25,700.0
6.412499984975883,2.0882729739184116,240.01200000000188,2.0687057458784093,0.1,0.08,80.0,100.0,25.0,1,0.25,700.0
6.417520134179812,2.235888764477053,220.01100000000173,2.518475342007808,0.2,0.12,15.0,100.0,12.5,1,0.25,700.0
6.421948222711838,2.2388383757353663,220.01100000000173,2.522699562789845,0.2,0.22,15.0,100.0,25.0,1,0.25,700.0
6.422276326280753,2.858289012550415,160.00800000000126,3.325335182086626,0.35,0.22,40.0,100.0,25.0,1,0.55,700.0
6.425943271092968,2.859849275417933,160.00800000000126,3.331354273357189,0.35,0.22,40.0,100.0,12.5,1,0.35,700.0
6.42745673359376,2.099887028690301,240.01200000000188,2.0782562997240897,0.1,0.08,80.0,100.0,50.0,1,0.25,700.0
6.427511004656349,2.8672427212219103,160.00800000000126,3.3147093812412027,0.35,0.35,40.0,100.0,12.5,1,0.25,700.0
6.42821722331505,2.1048328076284823,240.01200000000188,2.0662983305329736,0.1,0.08,15.0,100.0,25.0,1,0.25,700.0
6.430540421843159,2.8700140154200913,160.00800000000126,3.3154468754944255,0.35,0.35,40.0,100.0,25.0,1,0.35,700.0
6.430605714736307,2.8710052768715624,160.00800000000126,3.312801251042074,0.35,0.35,40.0,100.0,50.0,1,0.55,700.0
6.431737124227856,2.1041602830746577,240.01200000000188,2.078276689009057,0.1,0.08,40.0,100.0,50.0,1,0.25,700.0
6.444031156359189,2.2547044053660223,220.01100000000173,2.5404621456946894,0.2,0.35,15.0,100.0,50.0,1,0.25,700.0
6.448357198793431,2.1166698732519413,240.01200000000188,2.090020930118462,0.1,0.12,15.0,100.0,50.0,1,0.25,700.0
6.449768145320575,2.2632866739003843,220.01100000000173,2.532332775486185,0.2,0.08,15.0,100.0,12.5,1,0.25,700.0
6.452895826227006,2.448531590360666,200.01000000000158,2.8691835310466174,0.35,0.08,15.0,100.0,12.5,1,0.25,350.0
6.459950006698684,2.2647282971453975,220.01100000000173,2.557304884437888,0.2,0.08,15.0,100.0,25.0,1,0.35,700.0
6.47054839706856,2.1369572608156475,240.01200000000188,2.0954603892939563,0.1,0.08,15.0,100.0,50.0,1,0.25,700.0
6.471950683776574,2.8931055523424436,160.00800000000126,3.3677860898117444,0.35,0.22,40.0,100.0,50.0,1,0.55,700.0
6.47301125053588,2.8931964115144373,160.00800000000126,3.3705566829183526,0.35,0.22,40.0,100.0,25.0,1,0.35,700.0
6.475003804386303,2.9010429324760456,160.00800000000126,3.3538310626006838,0.35,0.35,40.0,100.0,25.0,1,0.25,700.0
6.480991260272947,2.905476381643348,160.00800000000126,3.3582710817988,0.35,0.35,40.0,100.0,50.0,1,0.35,700.0
6.481997813814607,2.902155619605412,160.00800000000126,3.370634840597646,0.35,0.22,80.0,100.0,12.5,1,0.55,700.0
6.486030816621557,2.2826779934725243,220.01100000000173,2.580536637568591,0.2,0.22,15.0,100.0,50.0,1,0.25,700.0
6.4865059002780345,2.2788334341541914,220.01100000000173,2.5928784746394795,0.2,0.08,40.0,100.0,25.0,1,0.35,700.0
6.488684692190557,2.278718912010381,220.01100000000173,2.599430800514715,0.2,0.12,15.0,100.0,50.0,1,0.35,700.0
6.490178611789594,2.281184507474509,220.01100000000173,2.5966545837573123,0.2,0.12,40.0,100.0,12.5,1,0.25,700.0
6.491879768002852,2.2818803141960076,220.01100000000173,2.5995270108766255,0.2,0.22,40.0,100.0,50.0,1,0.25,700.0
6.491946484238694,2.914417484011327,160.00800000000126,3.364025714935281,0.35,0.35,80.0,100.0,12.5,1,0.35,700.0
6.494172471834861,2.2903064243445868,220.01100000000173,2.582002992829281,0.2,0.12,15.0,100.0,25.0,1,0.25,700.0
6.504234978434992,2.918057730007867,160.00800000000126,3.388734995506019,0.35,0.22,80.0,100.0,25.0,1,0.55,700.0
6.509355692191393,2.4877932638572693,200.01000000000158,2.918321223811716,0.35,0.08,15.0,100.0,25.0,1,0.25,350.0
6.5143696907595565,2.9305093151148216,160.00800000000126,3.3821153589849033,0.35,0.35,80.0,100.0,25.0,1,0.35,700.0
6.514921480577156,2.297913386344316,220.01100000000173,2.619551697808039,0.2,0.08,80.0,100.0,25.0,1,0.35,700.0
6.518017487268626,2.3047335509192286,220.01100000000173,2.608911246712488,0.2,0.08,15.0,100.0,50.0,1,0.35,700.0
6.518246679357377,2.493006375286289,200.01000000000158,2.92882944020304,0.35,0.08,40.0,100.0,12.5,1,0.25,350.0
6.519157152158465,2.3021949632703396,220.01100000000173,2.6194205396802857,0.2,0.08,40.0,100.0,50.0,1,0.35,700.0
6.520578008462904,2.308667359704824,220.01100000000173,2.604987567880152,0.2,0.08,40.0,100.0,12.5,1,0.25,700.0
6.523909605781207,2.928861775051397,160.00800000000126,3.4140795163708324,0.35,0.22,40.0,100.0,50.0,1,0.35,700.0
6.525301362653035,2.3067331463923044,220.01100000000173,2.6240091893162996,0.2,0.12,40.0,100.0,25.0,1,0.25,700.0
6.5299475593520375,2.936315352040401,160.00800000000126,3.4100348780331946,0.35,0.22,80.0,100.0,50.0,1,0.55,700.0
6.532801550368745,2.9366957598740133,160.00800000000126,3.417102258556325,0.35,0.22,80.0,100.0,12.5,1,0.35,700.0
6.53303689624849,2.3110689136756815,220.01100000000173,2.633722807350806,0.2,0.08,80.0,100.0,50.0,1,0.35,700.0
6.536453030283424,2.9451396671425134,160.00800000000126,3.4034096089739765,0.35,0.35,80.0,100.0,12.5,1,0.25,700.0
6.5391305810590055,2.314757131314587,220.01100000000173,2.6405955706982662,0.2,0.12,80.0,100.0,12.5,1,0.25,700.0
6.540367151847679,2.9490232789168296,160.00800000000126,3.403496779802372,0.35,0.35,80.0,100.0,50.0,1,0.35,700.0
6.543552849112011,2.511068461696614,200.01000000000158,2.9495268211867796,0.35,0.08,40.0,100.0,25.0,1,0.25,350.0
6.5462752844838565,2.7223132796710536,180.0090000000014,3.2109342994650913,0.35,0.12,15.0,100.0,12.5,1,0.55,700.0
6.554653587779056,2.5187501134261114,200.01000000000158,2.9592956410083455,0.35,0.08,15.0,100.0,50.0,1,0.25,350.0
6.555188372137263,2.5188153201124504,200.01000000000158,2.9606372914993973,0.35,0.08,80.0,100.0,12.5,1,0.25,350.0
6.555566316019277,2.952974446761512,160.00800000000126,3.435633912164988,0.35,0.22,80.0,100.0,25.0,1,0.35,700.0
6.556519970304807,2.3274965415272217,220.01100000000173,2.6538812250787402,0.2,0.12,80.0,100.0,25.0,1,0.25,700.0
6.559366400272284,2.9615863325428746,160.00800000000126,3.421885907798256,0.35,0.35,80.0,100.0,25.0,1,0.25,700.0
6.559655816604196,2.7429692765454314,180.0090000000014,3.190147257310697,0.35,0.22,15.0,100.0,12.5,1,0.25,700.0
6.55997514522818,2.3315086521839694,220.01100000000173,2.6522899801262434,0.2,0.12,40.0,100.0,50.0,1,0.25,700.0
6.567622894310313,2.527768993461941,200.01000000000158,2.9705825738524236,0.35,0.08,80.0,100.0,25.0,1,0.25,350.0
6.5677344471539785,2.5280758344129572,200.01000000000158,2.970024607831424,0.35,0.08,40.0,100.0,50.0,1,0.25,350.0
6.575516290944538,2.3412797726947687,220.01100000000173,2.6687757664278373,0.2,0.12,80.0,100.0,50.0,1,0.25,700.0
6.5808219716125,2.537186124763263,200.01000000000158,2.981388133854895,0.35,0.08,80.0,100.0,50.0,1,0.25,350.0
6.5818863317188,2.9716576894783864,160.00800000000126,3.457453263543986,0.35,0.22,80.0,100.0,50.0,1,0.35,700.0
6.622292261677521,2.792778419119671,180.0090000000014,3.2267966930223717,0.35,0.35,15.0,100.0,25.0,1,0.25,700.0
6.6242843700306615,2.7862114962709676,180.0090000000014,3.2512510678847812,0.35,0.22,15.0,100.0,25.0,1,0.35,700.0
6.650800304506726,2.7938815584655416,180.0090000000014,3.3050964172604695,0.35,0.12,15.0,100.0,25.0,1,0.55,700.0
6.6702209978726135,2.819314354437608,180.0090000000014,3.287918981242812,0.35,0.22,15.0,100.0,25.0,1,0.25,700.0
6.7280195765462345,2.856388702202268,180.0090000000014,3.347131069554131,0.35,0.22,15.0,100.0,50.0,1,0.35,700.0
6.7289881798715605,2.865260093013358,180.0090000000014,3.324551676737662,0.35,0.35,15.0,100.0,50.0,1,0.25,700.0
6.745779486596943,2.865719206829653,180.0090000000014,3.371215085049341,0.35,0.12,40.0,100.0,12.5,1,0.55,700.0
6.7499674886002845,2.8610907433167547,180.0090000000014,3.396404986524312,0.35,0.12,15.0,100.0,50.0,1,0.55,700.0
6.770300789405078,2.890915184667495,180.0090000000014,3.36928744210732,0.35,0.22,40.0,100.0,12.5,1,0.25,700.0
6.792261017088503,2.8985216271649485,180.0090000000014,3.410298256924384,0.35,0.12,40.0,100.0,25.0,1,0.55,700.0
6.798921718816391,2.902951412492637,180.0090000000014,3.4166723037820947,0.35,0.12,40.0,100.0,12.5,1,0.35,700.0
6.818515022100616,2.925102670358537,180.0090000000014,3.409363862120165,0.35,0.22,40.0,100.0,25.0,1,0.25,700.0
6.825930939612528,2.317665861123507,240.01200000000188,2.594528795682837,0.2,0.08,15.0,100.0,25.0,1,0.25,700.0
6.826721867433237,2.937396836022552,180.0090000000014,3.3976858040304703,0.35,0.35,40.0,100.0,50.0,1,0.25,700.0
6.841929491773779,2.933301529502979,180.0090000000014,3.452837035059371,0.35,0.12,40.0,100.0,50.0,1,0.55,700.0
6.849047992982192,2.9409659439984903,180.0090000000014,3.451277282810518,0.35,0.12,80.0,100.0,12.5,1,0.55,700.0
6.855783184111294,2.3343802331652843,240.01200000000188,2.6320655741313765,0.2,0.08,40.0,100.0,25.0,1,0.25,700.0
6.857494357064798,2.3337890473541862,240.01200000000188,2.638643742030241,0.2,0.12,15.0,100.0,50.0,1,0.25,700.0
6.868946669267763,2.342364931277159,240.01200000000188,2.6468621085445045,0.2,0.08,80.0,100.0,12.5,1,0.25,700.0
6.869049785994976,2.7373164906958167,200.01000000000158,3.2330951294261006,0.35,0.08,15.0,100.0,12.5,1,0.55,700.0
6.870697825641671,2.9616902331846466,180.0090000000014,3.4539216927342964,0.35,0.22,40.0,100.0,50.0,1,0.25,700.0
6.871637785218366,2.9570639750439582,180.0090000000014,3.469825171926819,0.35,0.12,80.0,100.0,25.0,1,0.55,700.0
6.878350965782258,2.9683085021697537,180.0090000000014,3.45687846746424,0.35,0.22,80.0,100.0,12.5,1,0.25,700.0
6.885976503957263,2.9805278999452502,180.0090000000014,3.4437531543199764,0.35,0.35,80.0,100.0,50.0,1,0.25,700.0
6.886427505692902,2.3552197888702118,240.01200000000188,2.6600791909218926,0.2,0.08,80.0,100.0,25.0,1,0.25,700.0
6.888395799246375,2.3611508351119177,240.01200000000188,2.6487570403840834,0.2,0.08,15.0,100.0,50.0,1,0.25,700.0
6.890314415036594,2.3592348951216464,240.01200000000188,2.6597129140426263,0.2,0.08,40.0,100.0,50.0,1,0.25,700.0
6.897289123795532,2.7589763965713066,200.01000000000158,3.2518935063548615,0.35,0.12,15.0,100.0,12.5,1,0.35,700.0
6.897570290836855,2.9754393052800707,180.0090000000014,3.4914171015907516,0.35,0.12,80.0,100.0,50.0,1,0.55,700.0
6.9016184602197725,2.9849536271586676,180.0090000000014,3.475799523031669,0.35,0.22,80.0,100.0,25.0,1,0.25,700.0
6.903535530978729,2.9787808502581057,180.0090000000014,3.498913373487436,0.35,0.12,80.0,100.0,12.5,1,0.35,700.0
6.905445735871284,2.369093352219939,240.01200000000188,2.6747782390037664,0.2,0.08,80.0,100.0,50.0,1,0.25,700.0
6.922537997952274,2.776261374509648,200.01000000000158,3.2746474955502936,0.35,0.08,15.0,100.0,12.5,1,0.35,700.0
6.928552062497413,3.004079445034701,180.0090000000014,3.4981074784648323,0.35,0.22,80.0,100.0,50.0,1,0.25,700.0
6.942986037022389,2.7922869285859724,200.01000000000158,3.287283166961122,0.35,0.12,15.0,100.0,12.5,1,0.25,700.0
6.971858047013985,2.808069447627974,200.01000000000158,3.32468171253139,0.35,0.08,15.0,100.0,25.0,1,0.55,700.0
7.004881380440967,2.8327939481714486,200.01000000000158,3.3483926636271266,0.35,0.12,15.0,100.0,25.0,1,0.35,700.0
7.02847860027372,2.8493278075860538,200.01000000000158,3.3685736933932646,0.35,0.08,15.0,100.0,25.0,1,0.35,700.0
7.053858838293051,2.868556027811989,200.01000000000158,3.3861508870886814,0.35,0.12,15.0,100.0,25.0,1,0.25,700.0
7.063992387605738,2.8798335823581,200.01000000000158,3.382882300707472,0.35,0.08,40.0,100.0,12.5,1,0.55,700.0
7.068722853269751,2.8746054167057125,200.01000000000158,3.4113355330400434,0.35,0.08,15.0,100.0,50.0,1,0.55,700.0
7.077065334747354,2.891707210549063,200.01000000000158,3.386308926280766,0.35,0.22,15.0,100.0,50.0,1,0.25,700.0
7.107026190028922,2.9020875477628594,200.01000000000158,3.442253263617251,0.35,0.12,15.0,100.0,50.0,1,0.35,700.0
7.110218705942414,2.912577809302478,200.01000000000158,3.421402561828319,0.35,0.08,40.0,100.0,25.0,1,0.55,700.0
7.1199985873498655,2.919687125014846,200.01000000000158,3.429032749528559,0.35,0.08,40.0,100.0,12.5,1,0.35,700.0
7.1464581409896395,2.936819822554267,200.01000000000158,3.455680909815282,0.35,0.12,40.0,100.0,12.5,1,0.25,700.0
7.146605109976496,2.936617850231912,200.01000000000158,3.456677884984455,0.35,0.12,40.0,100.0,25.0,1,0.35,700.0
7.159255389626407,2.947158985055007,200.01000000000158,3.462704013061074,0.35,0.08,40.0,100.0,50.0,1,0.55,700.0
7.165536735263695,2.954747507304649,200.01000000000158,3.4589692227400644,0.35,0.08,80.0,100.0,12.5,1,0.55,700.0
7.167445185610532,2.953327814778567,200.01000000000158,3.4684782023769767,0.35,0.08,40.0,100.0,25.0,1,0.35,700.0
7.1880991896126005,2.9708724147741545,200.01000000000158,3.477362213824063,0.35,0.08,80.0,100.0,25.0,1,0.55,700.0
7.195328793277497,2.971378737586688,200.01000000000158,3.4965715876879617,0.35,0.12,40.0,100.0,25.0,1,0.25,700.0
7.197552526489387,2.972300392535066,200.01000000000158,3.500291811297993,0.35,0.12,40.0,100.0,50.0,1,0.35,700.0
7.213865602853107,2.989219227496473,200.01000000000158,3.498561072447459,0.35,0.08,80.0,100.0,50.0,1,0.55,700.0
7.217800417454553,2.9888494103494594,200.01000000000158,3.510860020300202,0.35,0.08,40.0,100.0,50.0,1,0.35,700.0
7.223039248284318,2.995321718806019,200.01000000000158,3.5073357985093603,0.35,0.08,80.0,100.0,12.5,1,0.35,700.0
7.226691933865849,2.9952789268625746,200.01000000000158,3.517894305723577,0.35,0.12,80.0,100.0,25.0,1,0.35,700.0
7.24617018232625,3.011862865959522,200.01000000000158,3.5261637610477266,0.35,0.08,80.0,100.0,25.0,1,0.35,700.0
7.247622511403108,3.008041065678308,200.01000000000158,3.5412327020707886,0.35,0.12,40.0,100.0,50.0,1,0.25,700.0
7.252391308071804,3.0133202379184993,200.01000000000158,3.539774486152232,0.35,0.12,80.0,100.0,12.5,1,0.25,700.0
7.2532604940373435,3.0141078970082837,200.01000000000158,3.5400074200829614,0.35,0.12,80.0,100.0,50.0,1,0.35,700.0
7.270870123076362,2.8119159300715864,220.01100000000173,3.3108262657278558,0.35,0.08,15.0,100.0,12.5,1,0.25,700.0
7.272592916831628,3.030682714713498,200.01000000000158,3.547886291766018,0.35,0.08,80.0,100.0,50.0,1,0.35,700.0
7.276061302229855,3.0302086861462003,200.01000000000158,3.5591503316675173,0.35,0.12,80.0,100.0,25.0,1,0.25,700.0
7.303274899079669,3.0495095095691895,200.01000000000158,3.5817582557441607,0.35,0.12,80.0,100.0,50.0,1,0.25,700.0
7.380180072578848,2.88751448312483,220.01100000000173,3.4071445412971206,0.35,0.08,15.0,100.0,25.0,1,0.25,700.0
7.4284310248639045,2.918037114167692,220.01100000000173,3.457796887703387,0.35,0.08,15.0,100.0,50.0,1,0.35,700.0
7.459243079214349,2.9401844940321116,220.01100000000173,3.4825531005206014,0.35,0.12,15.0,100.0,50.0,1,0.25,700.0
7.4705124835593395,2.956222254921315,220.01100000000173,3.468929224679995,0.35,0.08,40.0,100.0,12.5,1,0.25,700.0
7.483452719266076,2.9586580112294816,220.01100000000173,3.4989420229616246,0.35,0.08,15.0,100.0,50.0,1,0.25,700.0
7.519202962564128,2.9907934066163544,220.01100000000173,3.5092701598507077,0.35,0.08,40.0,100.0,25.0,1,0.25,700.0
7.570952856267453,3.027338470241584,220.01100000000173,3.552712531502407,0.35,0.08,40.0,100.0,50.0,1,0.25,700.0
7.575024229588508,3.0326646326272266,220.01100000000173,3.5491274198893024,0.35,0.08,80.0,100.0,12.5,1,0.25,700.0
7.598703915060181,3.0496144887226753,220.01100000000173,3.568355503821372,0.35,0.08,80.0,100.0,25.0,1,0.25,700.0
7.625796177121587,3.0689284090791804,220.01100000000173,3.5905793372639443,0.35,0.08,80.0,100.0,50.0,1,0.25,700.0
