:020000041008E2
:1000000000000828D1810A10BD980A1075940A10C2
:10001000C1980A10C5980A10C9980A10000000007B
:100020000000000000000000000000004D950A10D4
:10003000CD980A1000000000D1980A10D5980A1037
:10004000837F0A10A97F0A10CF7F0A10F57F0A105C
:100050001B800A1041800A1067800A108D800A10E8
:10006000D9980A10DD980A10E1980A10E5980A104C
:10007000E9980A10ED980A10F1980A10F5980A10FC
:10008000E0000308E0000AC8E0000508E0603F283F
:10009000E0000A88E0000A88E0000A88E0000A8898
:1000A000E06423C8E0642788E0642AE8E06431283B
:1000B000E0643A08E0680D08E06810E8E068146859
:1000C000E0681AC8E0681DE8E00009E8E00009C837
:1000D000E00009A8E0000988E0000968E00009489C
:1000E000F8020006C1C381011E06A10B1A06810099
:1000F0009923E10097B397E3062C97730634E2C087
:10010000062CFC80C183E340E2C0061CFC98063448
:10011000FC9C0634E340061C6938C183C143E800F7
:10012000C1C38105E100000CFA045E65EC100CF01F
:10013000F41C5E60BC6E8861FF8407FC9A14D804CE
:10014000E4300460FC124C06E0D04C4AC1C3821576
:10015000C1C3C1C3F804170C81938183E2C00C2C86
:100160001C8CD167E36BE404E56B8E0580603A6814
:100170003BB8E76BE96B8060EB6B8AC580603CE85D
:100180000138ED6BF16B806480603E083F58F36B83
:10019000F56B8060F76B8AC5F96B8C05FB6B8C4542
:1001A0000C0A8A458A65E4B4E4B80C0A015884450F
:1001B0004006E064404AFC1280D5E0D0C1C3C1C310
:1001C0001F0CC1C30FFCF004BCF4F784C153FD64E1
:1001D000E080000CE080000CE080000CE080000C6F
:1001E000E080000CE080000CE080000CE080000C5F
:1001F000E080000CE080000CE080000CE080000C4F
:10020000C1C3C143C1C3C153FAFC040C600006DA88
:100210000A20A10B183064000E24E400020A378083
:100220000C068000083420000A70B7805842A404ED
:1002300081613298212BAA45060A8CBB0C10000064
:100240000400E400181A6400A825E0000804A11DB9
:100250000E1457801006D780044040000854C40490
:100260004C72768010C4D2A0144076800E64A480B4
:100270001224F680A16B76803C0154808C8B400068
:1002800004800890DC004870849B28A3EC040EA036
:100290009EE5A07D964B217B0E8A86450E9AE50051
:1002A0000006448016A0800008542C84C000289CBE
:1002B00020010E4A0054400000C4A8ACC000289D94
:1002C0000F9C14544002885B80CB99A86184008401
:1002D000E1840894128401CB324FE0FCE4041C70EA
:1002E0004B0A01A158DA841094BB64006D84401A53
:1002F0001C70C61F00C424080E54A084085421FC9E
:100300004002A084A1EB399C3C005800BC004A404C
:100310001D5A08C50EE0E0040DCBEC04E1FC00A47E
:100320004B0A42B758FA840808C4641810A4E0FCC9
:10033000400A608420BFED8C005490AB148461842B
:10034000280F9C809194482213B04A624C50C3C736
:10035000805B1C0027F04ED89C004440960B211D6A
:10036000578004A4D78002B440000606C4040420C9
:10037000528C42124010946B4C205C00801BDC00BD
:100380000C0C8C0BDD93F2FC8C1B7FC5806B7FA566
:10039000967B73E5FA3C040C81C1210B0000020A34
:1003A000A085986B76800A140824A12B060A768013
:1003B0000C048000988B7680061A1EC51834E00065
:1003C000A11B7680A4800E403C014EC00860C00096
:1003D00048500480A873DC00EC040A709AC5A05D44
:1003E00090CB215B0A8A86450A9AE500080644807C
:1003F000107080000A4A2C84C00020002895083420
:100400000C24400008248F94182428A0C0002894AD
:1004100019984842883B982B61840814E0FC0C141E
:10042000618418042CCF893BE41046DA0430450A75
:10043000E40412506D84401A125081C10C24240827
:100440000834A1FC0A2420844842A084A19B399846
:100450003C004640BC004450135A186B88C5E00469
:10046000EC040E9046FA033B450AE4040A24040017
:100470001034E184C26760FC60841CC4ED8C400AC7
:100480006184083410C4B05F9CCB61FC5002306FB3
:1004900044129188883B138C1C00422040808A2B98
:1004A00018E41C004FD89C80180BA7EC0C0C8C1B7C
:1004B000DD93F23C826B00CB75F5FF95C1C3905B79
:1004C000FAFC040C808B210B0000020A046B829B57
:1004D00080E5867B060AA12B400A800080E5E59C2A
:1004E000841B81210C0C840BDD93F2FC6800418895
:1004F00000BB841B02AB900B41188E1B007BE800F5
:1005000040D8920B8C1B680044B2813142A2F08C1F
:100510008623F29C42127D85C1C3F280E6864A0E94
:10052000E706580E6606460EE1C008546786440E7C
:10053000E0C000C402C460578A03E1C0F2904212D6
:100540005D938603F2884212E50004CAC17C02145E
:10055000DC004010848004CACC800420C908001448
:10056000C17C02148000045AAD88061420010606DE
:100570000004C0000214898840028908DD93998C28
:10058000E50004CAC0000206C0000006848004CA58
:10059000CC800420C9880014C00002068000045AE0
:1005A000AD880614200106060004C00002148988E4
:1005B00040028988DD93998C8141610B06148A255C
:1005C000E11B768076800404088581410630A433DF
:1005D00004046C04A03DE184A13B86E5C88C0214B0
:1005E00064041830E408431A24081830A084021464
:1005F0000AC021CB195AEC048245E004C247401DD1
:100600001C8008449184400227FC4A985D93C317DC
:100610007FE5880B7D55804BC1C3883BFA00040CF5
:100620008111006BE8045048E1A040860015800469
:10063000A11BE03CDC384208680457C8C1C38C0BDE
:10064000FA04047C7499460E48CEC010C010749908
:100650008825893DCD14CD04050ACD244A00E080CB
:100660008425F00CE4000A3A600100980420800020
:10067000C116EC04F80C004A0420FE65E92DEC10CC
:10068000FE85C11EE00404CA8000454845C8C11665
:10069000FBF587FCE198414661914306801EC0004E
:1006A00081119B0181318121E8044A888C45A10B8D
:1006B0007499068E480EC010C01074998A45893D01
:1006C000CD14CD04050ACD244A00E0808625F00C27
:1006D000F00C4C10E4184A5AE4000A3AA000012831
:1006E000600100A8C5508000EC040420004AC156F7
:1006F000FE45F80C0420C554E92DEC10FE65C15EE2
:10070000E00404CA80004588C156C55087FC45886E
:100710004786FB6508F0E1908C4EE430E1A40C467E
:10072000E1A40E4682458F6D023AD9140068E400B8
:1007300080006001FC3842088161FF650046E16B82
:100740004C08E1A48B04DC38FE248914E86C5B08B7
:10075000E1A40C46E1A40E4682458F6D023AD914FD
:100760000068E40080006001FC3842087578FF658D
:100770000C7CEFFCDD93F2048055A11B0A00831171
:100780004006E550404AFC12D7F4E0D0C1C382B520
:10079000C1C3C1C3F4040B3FF4040B2FF4040B1FBB
:1007A000F4040B0F0A508135405AEC404406E0BC7B
:1007B000446ABC22404AA090C0002089ED88401ABB
:1007C000200101980AFFC000C1C3F404C1C3C1C322
:1007D000F4040BF5F4040BE5F4040BD5F4040BC599
:1007E000F4040BB5F4040BA5F4040B95F4040B8589
:1007F0000AFF81550A50F404D7E4EC80D7B4D7D46B
:10080000D794D7A4D774D784820B9464FA005C0879
:10081000F83C044CE440048A212B80A58215803BDF
:10082000461281F5064AF98082B5F80C0420803B17
:10083000044AEC04C548E4004588CD460C4C87FCCE
:10084000DD93F03C6C400A204927E1C104208ACFA7
:1008500006C06C04044AE440481264000033F08C83
:100860000275806B0285F0100295F80C02A5F8085D
:100870004C75F8044C85F0104C95F80C4CA5F80814
:100880004408F804445287F8E92DF1B00A2086950F
:10089000C5276C1061880E54EC040C206404187099
:1008A000E4000C4A047444C74242E088867B70B07E
:1008B000DD8ED18487FC4D8871884452A12B9833FA
:1008C000F7E5ECF5881B212BF7A5EC75E100000C92
:1008D000F804040C780C000A8225803B94A5A12B17
:1008E00004204D16064AEC04FE25F80C9095E92DDF
:1008F0007A800814E440048AE0A00A440854A85FFF
:1009000006F5E0C00C24AA4F0A20619061C1EC40BA
:10091000EC040C600C4A0ACF4E32E400862B70B017
:10092000E4400670F0104445F80C4445F80844458E
:10093000F804444587FC4C08F1B044528695E92DF3
:10094000F9C107514A52A4530453FAB0EC100420E1
:100950000E2408514557E188E40418706C040C50CB
:10096000E0880A7464000C4ADD4E867B87FC4DC823
:10097000AA2344C7A12B983304208205044AEC041F
:10098000CD16E40087FC45C8F0040C0CC1C3DD9310
:10099000FE7C040C044A007B4072E0101EF0798853
:1009A000000CED20001A6200110EF80C1B0E828B59
:1009B000200100265E05C00040002035233EEF8D5B
:1009C0005E17A40B9D2EE0FC2388A10E0024C0001E
:1009D000C41B6188C03B7D417A104212FA10463236
:1009E0008413003382113E1E82317C3E0020191E8A
:1009F000973EEC040084FE0EAF8B6184540A158E82
:100A00002EA5E68A00808EA3108A6C04400AE4A416
:100A10005672E68A40707080A2B5DC0000840FBE7A
:100A200023B4E18CE68A4C0A60840064F09850722A
:100A30008E030D0E8E0B0B0E5608901B138EFC387A
:100A40000B84809B901B900BFC385608829DFF11F5
:100A5000A00D82850E0B84D5A324901BFC3844087E
:100A60008E0B210D81C582858275A10D901B0E0B09
:100A70004408A324210DFC3880458E0B930E900B67
:100A800050A22C0B2364F198F09856A2900B0B0EF9
:100A90004C08941B009BFC3809BE940B4C08961B19
:100AA000FF11FC3882A5829D84D5A00D900B0964AE
:100AB0008C1BA324FC38440801D5A10D9C00506078
:100AC0008255A10D900B09A4941BA324FC38440863
:100AD0008055A10D8FB490AB8D148B949693A36425
:100AE000718440B28D0E921BFC384C08920B008B27
:100AF0004C08961BFF11FC3882C5828DA00D158411
:100B00000D648615A324961B44088C0BA10DFC389C
:100B10004CB001E515849C008275A10D961B0D64F7
:100B20008C0BA324FC3844088095A10D8CBB0135A7
:100B3000930492BB941B23644C08930E009BFC38D7
:100B4000961B940BFC384C08829DFF11A00D8285EA
:100B500013A484D5A324961B4408940BA10DFC3840
:100B600081D582A58275A10D961B13648C0BA324DD
:100B7000FC3844085660A10D96AB9C00002A9B04EB
:100B80000118E00080004001E0FC1E0717148435C6
:100B9000024A8E0B8024E400C13EA8344308E92EAB
:100BA000830587FCA8149C04A80E9C1E191481B50B
:100BB000024A8E0B8028E400C136A8384308E92693
:100BC0001D1487FCEC040080500A81614072668627
:100BD0001B0EF0840E8380AB90BB809B8CD5D6AD72
:100BE0008E1B140B4408A324A00DFC38A10B8AF51E
:100BF0009D049205A10B8DB5C0401E05012888D526
:100C000080004001E0FC1E0717248455961B900BC2
:100C1000E400044A80448434C13EC54E87FC450844
:100C2000AC048315AC1EA01481C5A00E960B19242C
:100C3000044A901B8038E400C14684484508C53604
:100C4000210487FC80838361D6AD80B3160B94F5B5
:100C5000A3248E1BFC384408F2C5A10D4001039863
:100C60001E0780008E35E0FC960B1724044A941B67
:100C70008434E400C54E80444508C13E878587FC26
:100C8000400101281E0780008455E0FC940B1724C6
:100C9000044A921B8434E400C54E80444508C13E9A
:100CA000831587FCA814A404A80EA41E192481C5CA
:100CB000941B920BE400044A84488038C536C14630
:100CC00087FC450883611D0471958093A80480A367
:100CD000A81EAC1481C5AC0E940B1924044A961BB3
:100CE0008038E400C14684484508C5361D0487FCA9
:100CF000210483616F3580A31D1480B39504A16B1B
:100D0000E686400A00000E88F0805872719C42927C
:100D1000F1A440A2922B011D44A00E3B46909C00E2
:100D200048229C00A14BF18C1E078A2542A260FC40
:100D30008455F190FD3145474422C82B8E3B7A0CF7
:100D400082218823E400044A84548C44C54ECD5E3D
:100D500087FC450808308335FD516C04822124430B
:100D6000FA14484226238823044A8E3B8C48E40028
:100D7000CD5684584508C5461D2487FCF1A042C2C3
:100D8000F1AC52824492A413A12BFB841E078C4524
:100D900084B5E0FC61880224423BFD41F18844C2F5
:100DA000FA10463202308233024AE404A834E400E6
:100DB000E94E88444308C93E83B587FC06B07E14DB
:100DC0003033EC04901382214212B813FD317A8C37
:100DD000FA0C4612F1844232E400024A46C2285814
:100DE0000E48F188EC0404208E56E94687FC420840
:100DF000986B1D148245C20DEFF87E088E0B001B08
:100E0000A3349D24EFFC5C68C29D9D147D58A80509
:100E1000920B6FF8F1A44E62808B1D24F98840720A
:100E2000000A11045E07F80C1B0EE0FCC00000264F
:100E300040345E051E08EF8D408A9FFC840DE68AD3
:100E40000E03A0C5F08850720024190E441BE188DF
:100E5000403BFD21FA08421244321D348023FA0837
:100E6000E40416200C108613CE8DE404909B8AC5F2
:100E700092AB2194941B2324920B9493FC38440846
:100E80008875A30DA10B9B041E0782E58435E0FC49
:100E90006400164A961B920B8034A824C12EE93EAA
:100EA00087FC4308A8048305A81EA41481B5A40EDA
:100EB00064000C4A8C1B920B8038A828C126E936A6
:100EC00087FC4308F4B5CE9D19049D04C18D808331
:100ED00087D5F2B5820D1BB48E2599CEFC84BE64F5
:100EE000828182618AC5CEBD2194969B232492ABD8
:100EF0009493941B4408920BA30DFC380118887539
:100F000080004001E0FC1E07104A8435920B64000B
:100F1000A824901BE93E80344308C12E830587FC3A
:100F2000A414A804A40EA81E0C4A81B5920B640058
:100F3000A8288C1BE93680384308C126CE9D87FC43
:100F40009D04F4B580B31904F2B5C1BDE5201EF0CF
:100F5000F67C0C0CC1C3DD9304FC805B4006E2C050
:100F6000D56EFC12D58ED57E405AD59E4206E0BC89
:100F7000D5AEBC22D5DED5BE426AD5EE404AA090A1
:100F8000C0002089ED88401A20010178C1C3C0004B
:100F9000C1C3C1C3F0044B85F0044B95F0044BA5CD
:100FA000F0044BB5F0044BC5F0044BD5F0044BE511
:100FB000F0044BF5C21F81A5D51ED51ED51ED51E2A
:100FC000D51ED51ED51ED51EE0D0404A82B5D52EE1
:100FD000C1C3C1C34B0FC1C34B1FF0044B2FF0045F
:100FE0004B3FF0048165F004D51EC21FD51ED51EEF
:100FF00094FED51EDD938101E0041986A3CDC1C303
:10100000184A82A54346E0000215E1984205800097
:1010100041FE8000BFFF1FFD4346DD938414E1982D
:1010200041FE84CEFFFF7FFDC1C3DD93FE7C040C37
:101030006C401EF07C0E826BE1A04086020580149D
:10104000A10BE14802109AE5C0016521BE14BE1E45
:10105000808BFE1EA30DA204401B92551400FD219F
:101060004E1264044407FA0810039473E4000E6AF5
:10107000E6101600A16B140B140000E51615EC0425
:101080008D1BE08022148AF5EC080000F8801625FC
:10109000500583AB020600045615C000A12B5880F2
:1010A000101588258331618800342294801FE880E0
:1010B0008265A11BE18C10152C14801F8205A11BD9
:1010C0004408820B8175FC38FC384408FC048145D7
:1010D000FC384408819BA204FE048835910B8004EF
:1010E0004E6886B53FFF47E5EC1016B0A10B8101B5
:1010F000A2048625A10B2004A10B82B5FE74846591
:10110000900B1C0E680140089C84C000E875A18B00
:101110007E8E8195E6D5A10BBE048155A10B80047E
:10112000A0F1E4F5F67C0C0CC1C3DD93E100000CEA
:10113000FA00004C8301001BEFFC76088105C143D7
:10114000FA8002140006E11B00069422DD93D462AB
:10115000F800040C6C501EF0E47C034A826B3C5E89
:10116000FC1EBE5E42668E050C4AF0020634647CAC
:101170005E15FA804A0E00045E259FFC061A0008E0
:101180001E25E400442280045E2598141E2580005C
:101190001E5580004A5080084422907C5E25999418
:1011A0001E2580044220800418149C0040003CB599
:1011B000BC341814024400D5E11BFA80DC3C18C48E
:1011C000E2320066420E28F1C01060010C0C8C2B3C
:1011D0008775F000017E28F10C0CFFF8DD93F0001C
:1011E0006C401EF0E47C014ABE2EBC2E8685FC2E8F
:1011F000E47C000A440684453E2EF002FC1EC12118
:10120000841FBE14BC14BC1EBE29FC24BE1EA41F19
:101210000006BE148155E206F87E4006F0FE000688
:101220005D9381017FE5A0F1FFF801AEE2C0041CEF
:10123000041FC111F07C4400021CA41FDD93E34095
:10124000E47C040A408804240000060E0830801064
:10125000481204105802D08802067190FFFC60000A
:1012600000C483C7020FF080700142C0610BDFFC35
:1012700073FD40C04807C00300A5D0175D93A20FBF
:10128000FFF8018E60010286A20FF8004006900E62
:10129000A10DFC12400682C5A10DFC1A4006821564
:1012A0000206FC0AC02060018075830DF3720046BF
:1012B00081015D93FA7C040CEC301EF0864B088BA8
:1012C00081713E2E405A006B7C7EE506425A813188
:1012D000882B6586EFF84F6867D10000448640018F
:1012E0004212E03C8131729CEFF84568000017A47F
:1012F000C0046401729C42121974D707E0D416141A
:10130000FF0120BF001401BB57FEE1ACA10B1FFC85
:1013100060381409DFFC57FE81111B940AF01C246D
:101320001504E420BE44A10B8008001B06148004B1
:10133000901B7B00E80043C8FC04BC0EE0180E497B
:101340006834AA245082A01B8E0B7B9068346248BC
:101350003E0E8C4B850581A10E29D90A42BAE01CAC
:1013600048BAE502062065828301E41C0203A70F48
:101370004242811190217284EFF850487FFD45FE72
:1013800082A1403F41FEC50D003F1FFD41FEA11B54
:10139000C03F1FFD91ADE50EBE04F8151E05A10B63
:1013A00098F10000F27C0C0CC1C3DD935896211B10
:1013B0000214E008180640AC442AC000A14B4106C4
:1013C0000000020680085896FF1182650244023D23
:1013D0006037E10491800214421A86132023E092C0
:1013E0008223980BDD93942EFA04044C8111026B36
:1013F0006000450666D88C0B81716FF8660000604E
:10140000E4C00260912101A50420067E4073EC0433
:101410004275F820C17CF008FCF5A12B7FF4410E49
:10142000E038030660280506FFD4470E486281F5C0
:1014300000007180927EEC204862107E107EF08861
:10144000F084486282111076870B882141F6FC35C2
:101450008111600C6F404C01674400606398C003C9
:101460008F216FF86561006002604008C00367610A
:1014700005060195067EE008EC040420F00842759C
:10148000A12BC17C0C4CFE35DD93F2046FD1001909
:10149000A11BC00500098245C006602DF3F0400085
:1014A000000CA90BDD93E20081015D93F0804412F2
:1014B000EC7004298405A12BE03C0229E682402A35
:1014C00002098013C0056B71EC140000E40800CA27
:1014D000E200000C5D93DD93C1C38101F804040CAC
:1014E000603C0239677002100A04C0030420608C5B
:1014F0000455E64058227C14463AF0948171668285
:101500000834B264C2376088FC10024548628853D0
:101510008613729C0804324E305EE08802138443C6
:1015200040016C01083580238233E200E200483537
:10153000EC000409440182010C0CEC00DD93F00482
:10154000FE04040C4822086B214BF98C08658A7B49
:10155000E008489661840824E0FC0A340A342A4FE3
:101560008803E1846FF47188F2844252641C434A18
:10157000421A8141416AE01C420AE418421AE5809D
:10158000420AE1880904ED80DC004C00DC004E10CA
:10159000806E827E0C0C880BDD93F604F800044C00
:1015A00067FD00258151400186448434E01802C55E
:1015B0006FC90021843340056050026BF2944842A9
:1015C0006FCD00010255C00584C3601C8261064EC8
:1015D00042C5843E80536018E01C4255E05042638F
:1015E000F0000C4CC1C3DD93603C0239C84481C19A
:1015F000463ACA54C437E682063582338643E7DC6E
:1016000072B04652CA3E80130201C84E0435EA70D9
:101610008033E020E0204435E054043BEB700201CD
:10162000E0240415443382318013E054E02444154F
:10163000C1C3DD93E03C0239E058044BE682403AF6
:10164000E01404358013C407E7DC0205E01004153C
:101650008101001372804032440582414415E01438
:101660004443E010DD93E058605800290A39845B58
:101670000A49EF400239EF44400160514A21C72D29
:10168000C82D4F406F484A21E4A008004F444A212A
:101690000035C23786136020603002C367600A508D
:1016A0000213C003980BE0C0E0003508FA7C040C7C
:1016B000EC901EF0889B23040206091E0ACBE0046E
:1016C000FC0E8161FE0EA104E0380409516E8155C3
:1016D000EC040210A11BF16C7E44FE7503C1816114
:1016E000E00802061630200B106EE64092CE8171A3
:1016F000D06ED26E101EFC4492CE8111BE1ED26EF0
:101700000C30506EC002664100200F0EC0036571A0
:1017100000300B0EC00366418B358D0EAE038D0479
:10172000A1AB80A889048E850009915EC1ADE0104F
:101730007C1482A5E00800468301040E8B04860E0B
:101740008008AE038101460E2C04C40EE18410A46F
:1017500081212E14900381317288421261B8942B3A
:1017600045FEEFF4CFFF7FFDFF21450D1FFD41FE3C
:10177000A11B0FFF1FFD41FEA40ECFFF9154980443
:10178000040E040D1084F80080839180E0AA408A42
:10179000FA08400200020305C07F6BFD83317E24FE
:1017A0008A3E883EAE038B044A0E8008480E8101B3
:1017B000A43E81010E70550C0861EC0490B1889133
:1017C0008F0B8F04FE04EA95A10B8004C00840969D
:1017D000C0045E05C8F13E04F27C0C0CC1C3DD936D
:1017E000FA3C040C846B027B60500E2B0EAB8181A3
:1017F0000E9BE054188EE0589A8EA12B4C23D88E65
:101800004CA3E0184C93E01C84C5E02006241C0483
:101810009E14E184813106036FF45BE8F2A042126A
:1018200067FD008A41FEC7FF00011FFD41FEA11BAD
:10183000C0011FFD140A980E04A4680084C5FB8033
:1018400006245C04DE14E184813106036FF45A48F7
:10185000F2A0421267FD008A41FEC7FF00011FFD92
:1018600041FEA11BC0011FFD120A9A0E04946800DC
:101870008605FB8060100E05E1840624E0140E1539
:10188000813106036FF45888F2A0421267FD008A86
:1018900041FEC7FF00011FFD41FEA11BC0011FFD4E
:1018A0000C0CD80EDD93F23CF804040C843B0101CF
:1018B00046018A068E06F008020B8C06A10BE0504A
:1018C00002C58845060460187F51E184866BA64BEB
:1018D0004C408ACD18639C00FFF8180EE0824E6AD7
:1018E000E01C02654A720A6D4640FA300A521C003A
:1018F0000856E9FC403A8C334002E0820002FA309C
:101900008A06E9FCE054020B8845A10B602002C561
:10191000E1840604A64B7F518ACD866B9C004C4027
:10192000602402C54C6A9863020E60828ACDFFF87B
:101930001C004640FA044C620A621833403AE9FC43
:10194000C856E082FA044002E9FC00020C0CCA0608
:10195000DD93F004F80C044C603804096640043050
:101960001841C0030515FF31F800180EA16B8868F7
:10197000906A84E5848294720425A16BF19C4E8266
:101980001064067D5877E184918010844C8A8E83A0
:101990004C62E09A0E62FA30C07F6BFD0000947CCE
:1019A00084416C0482210451F835A10BF00C0C4CDD
:1019B000C1C3DD93F81C040C8904847A0489861A57
:1019C000D658E010807C8898C8C88A780429CA68EC
:1019D000021CE014E1840284601040510A24981330
:1019E000C217618402100C534011EC04C257601CF2
:1019F0006C0402504011C287C22760206028402139
:101A0000664004400619C00381316038E0144091FB
:101A1000E0184071E024408149488195EC040A3087
:101A2000EC0402104640C95DA11B9C004031FCF54E
:101A30008101602CF01C0C0CC1C3DD93FA7C040CFA
:101A4000EC501EF0886B1984829B067B84AB095E88
:101A50006491168002804001C00166D100803E1E64
:101A6000C001669108803C0E121BE4900C3B8E2B4B
:101A700061D8965BA10BEFFC048086B58C1B6430AB
:101A8000EFFC6B0814807EAE0C1BE48070D8942BA6
:101A9000121BEFFC09448E2B75D88C3B965B6FFCB8
:101AA000921B3C8E8E3B7E24945B0C4BEFFC784863
:101AB000A8F18101F27C0C0CC1C3DD93F0804622B9
:101AC000EC70063986A5A13BE03C0439E682403A39
:101AD000F08046226B7106390630C005E23DEC14F9
:101AE000C207841504038023C00263B986128422CE
:101AF000411A850D400AE004000CE184DD93E20008
:101B000081015D93FA7C040CEC701EF081611D0470
:101B1000888B7C5E901B7E1E00063E0E8B6EE00462
:101B2000E03804B98145896E0000456EA10BEC04D4
:101B30007C04FE951220874140036571E640143015
:101B400066410E30806EC003C26E824E0006406E4B
:101B5000BE14E008864E840EC46EC66E9C2885E5D1
:101B600086A5A12B0009FE04C12DE0103E1482457C
:101B7000E00800468701040EA408860EC60EC46E57
:101B800006F02A142804E4407FFD49FE3C3ECFFFC6
:101B90004D78813181516FFC8195890483017C24CA
:101BA000880E8711A4188A1ECA1EC86E16B0610E50
:101BB0000291EC04827190A1F455A1BBB8F17C04B0
:101BC000A10B8004C0084C960C0C8C0BDD93F27CAE
:101BD000FA7C040CEC301EF0886B0A9B80BB067B01
:101BE00064D10090848B4001089002AB3C0EE490DD
:101BF00064910A900E2BC00178588C3BA10BEFFC2E
:101C000098F180A5F27C0C0C0490DD93960B643067
:101C10006FFC5E887C8E8C1BE48010908C1B160BF6
:101C20006FFC64483C9E902B7C24960B0E3B941BCF
:101C30006C188C4B905B6FFC0C0C98F1DD93F27C74
:101C4000FA1C044C829B048B867B086B6F4810192E
:101C5000676004801209C0038C3B6010E804594897
:101C6000E0100E05E0340E1BEF481029E010123989
:101C7000E08C0E498101180E4C21D81C4C31E01823
:101C80004C41E01C0C4CE020DD93F21CFA7C044C2F
:101C900081B113A46E4002221174888B285E866B7A
:101CA0000FBE81918155812182214134FA24523223
:101CB000FE75C32D41FEA09D803F1FFD8000540591
:101CC00006F09005920B6470902B0A1BE830658833
:101CD0008E15A10B901B120B68306888A10B8E2B00
:101CE0008F848C3554B5A18B409600008A458008BE
:101CF000981A9C04C7079A2A8095C30D8101440D48
:101D0000401288250406708842B2FF40813172ACCF
:101D1000EFF07D8860FC0414240FC3070131C31762
:101D20007398902B0404EFF0FF3160A0D017710777
:101D3000A20F072B1FFC45FE45FEA10BA82EDFFCC2
:101D40000C4C8101DD93F27CF81C040C8403041319
:101D5000618A400A421A82110420618A1804EC0444
:101D60000C04608808C5E08C4E527C300A65F098FF
:101D7000850D7C18CAC79E8412C4A6C38CC3617C1F
:101D8000F2A04C920C041E6E1CCEE0840CCB8A6335
:101D90000006690000008000830BC4044CC382C1AC
:101DA000F6D5E900F01C0C0CC1C3DD93F81C040C43
:101DB00061FC182404C3A20303C786030BC48181FA
:101DC0004C0AB8030034618E0904E088F0804E426A
:101DD0000C13948E421AC4678863618EB08E808E15
:101DE000C4170223618E462AF08444424242C4371B
:101DF0000670708C827BEC101494D9841093C66D9D
:101E0000DC004C40DD84949EC67D30944E4010939F
:101E1000309EDC00FC35856BC9C480549853C62DB8
:101E20004440005E832BDC000C0CFE35DD93F01C7F
:101E3000FE7C040CEC401EF04C4208134C6AF0800F
:101E4000821161926192421AE0881844D6077E3E60
:101E5000C46719344FFE4417C0017FFD52520AC3B4
:101E60003E3EF084F098545206C00C7E7C5EEC102E
:101E7000FCA8160481C1014181110181E96483F547
:101E8000C6AD7E041EA5CA674E624008217DF18062
:101E90000C068E6BA02D40009C004C70617C0E6483
:101EA000406A8C435872642E4C6AF2B08083E4AE70
:101EB00072844262640016B093ABC00818CAF83549
:101EC000181AE000082AE000420AE000421AE58001
:101ED000420AE1880845ED8080084096618400440C
:101EE000E0FC04C404C4240F1003E1844212983BB4
:101EF000882B7288EFF058A8E000034A021A3E14BB
:101F0000006AE000420AE000421AE580420AE188E5
:101F10000006ED80040EC000A0F18101F67C0C0CDF
:101F2000C1C3DD93F87C040C4C520D040C23F080EB
:101F3000F0944E126196582AEC041050C487027136
:101F400018338F24463AC4C7420261964C6AF0B0F7
:101F5000829B619661964E7AC4378151708C58028B
:101F6000F0A04602E5A481659453C69DDC005200B2
:101F7000FE55999BA34D4467C477046380000C957C
:101F800052920265FF9190946024491A0C958A9BA5
:101F90005292A000189EB1940483847383D5FF915C
:101FA000C5B4F1A44AA28AA30CA5F1AC02458000F5
:101FB000909454A26024491A0CA58AAB54A2A000A4
:101FC00018AEB194E40C591A3C015800431A400071
:101FD0004200E40CC0003C0164101460551A846B8C
:101FE0004CA0E4204C1ABC003DB8E01CC3FF3FFDF0
:101FF0000C0C8101DD93F07CFA7C040CEC301EF0BB
:10200000CA37008BE1FC148400A490A38033E10460
:1020100060A2403AE17C0654617C180456C2AA03CF
:102020004602F38C1734F9AC41FEA13B00011FFDC1
:1020300080084E960A449005A443617C617C182474
:102040004A52FF21817173B04472045D3E1EF180DB
:10205000124480CBE05761C01C005820F3AC4272A0
:10206000E0477C3E608406B4E1FC0C046084040418
:102070005610B25F40C21C0042B2F090AC3F729466
:10208000EFF04C4802A495B4D6B77C00A2833E146E
:10209000A38B7C3404010000D61780040204820361
:1020A000961FE17C401A80130002E1AE0002E000BE
:1020B000C7FF6BFD8E0B0C0E0C0C98F1DD93F27CC0
:1020C000FA7C040CEC501EF0A4131B74A403093E0C
:1020D0008A9B1F6446721D84563AF088882B619E45
:1020E0007C4E99A416138E4B7E1E960321B4A0132A
:1020F0003C6E931DC404121070A442020210943B63
:10210000905B6C04EFFC69688615A10B943B7E1410
:102110008E4B3CBE905B7C24E40400106FFC68A8EE
:10212000A10BB20318048275400AD677980EE11EFF
:10213000400AAC042C0EE11E98248101C22DAC147F
:1021400040004C15DC004220C0005625C0000C3574
:1021500044300934A8F1DC004C35C62D1615C000FA
:10216000C71DC000C0005635F27C0C0CC1C3DD9306
:10217000FA7C040CECF01EF0849B111E934E955ECD
:10218000973E8F0EB3148C08191EA10B9D1E811152
:1021900084459B1EE004000285B381138BF39904F0
:1021A000E5800000F8604015F83040154015C11E6C
:1021B0004015E02C9704E05CA10B820831B4A22505
:1021C000AF8481711324ADA4E08400747C000443C7
:1021D000F0804222E09002238245844D0674190467
:1021E0008033E0880255861B8404F030190485F59D
:1021F000E08806744442092E0D7EFA0800338221DD
:10220000061BA823E6400C30F030025502C58404BA
:102210000513E060EC0404408B4E8533E800313C4C
:1022200070884EA282718221E1AA4E7A1045C4774D
:102230008803FC1CE444840E8C5E8853FC1C164509
:1022400098CE88C38B448D7420518924E0880C7407
:1022500008444B570C5EFB801E55CA0D40024030AF
:102260000674D19482214088FA8018A4D094463212
:1022700040604605F190462206340F040009FB0039
:102280001904E0308063A10BE6400060C000002527
:10229000800004060000402580000406A604914446
:1022A00050588414E4D008F008F07C4EBE4EE4E0B0
:1022B0009544BCCEE80062088271210B80341E1563
:1022C00080C04C1586189714DED5837D020B801BC9
:1022D0000C0CF8F1DD93F27CFA7C040CEDF01EF0AE
:1022E0001E05A90E972EE0ACE0B41E251E059D0E1E
:1022F000195EE0A0E64018209951151E1E05A30E98
:102300001E15E09C1E65E0B0130EE0A81EB581010D
:102310001E75E0A4BD0EE098B90EBB0EB50EB70E4B
:10232000B10EB30E8145AF0E0A50710CA15BEC04E7
:102330002954FE95E640142012101B7E256EE4C041
:10234000E5800C40650118500A504002C004660147
:10235000101021CE1F5EE640E00844968171273EB2
:102360009395ABBE020AA414C7FF63FDA10B8A05B7
:1023700025B486D5AD2E963BF8C00C0378300C13EF
:10238000A324964B6B58A954A10BE8000C0382B50B
:10239000812178C078300C13AB34964B6A98A154E5
:1023A000A10BE800A7348445AD24ABB4E2A4040A31
:1023B0000FFC43F680084496800054138891027104
:1023C000846104A184810D8581212BB4F8C00C03A4
:1023D000F8300C13963B1D4468B89F542734E8002E
:1023E000AD24A10B2002F895E5A004F006F0181228
:1023F0003E2EE5D0E5B00AF09603113EE1AE400A6C
:10240000BC3E9BB42B34AD0EA144962BEFFC4D0883
:1024100000F018123E0EE5C0E5E00AF0962B11041C
:10242000A944AB342D04BC0E4C1886BB9704EFFCBA
:10243000E03000098405A10B657000F0E58004F030
:102440000AF018123E0EE590BC2E963B9B24AD047C
:102450004AD89F44BD04EFFC99249514BB04AD0EEB
:10246000B534B3B4841A910E8B2E8DAEAF04932481
:10247000892EB1C4FCBEFE0EBECEABB4B944BC3E88
:102480009B04B7549134AD24E8147E088101002BDD
:10249000F1D5A734837D8E181EF0D8D50C0CE5F04D
:1024A000DD93F27CFA7C040CEC501EF0828B3E2E05
:1024B0000050009B1911E7608185812178604023DD
:1024C000EC040210F8304023A11BC12C0C50FE1567
:1024D0000E4067607C3EE4C0BEB481A19C0485D5FB
:1024E00063FD000A88A5C7FF78300E15A024960B5F
:1024F000E042A43A4298E458090EE8009C14960B76
:10250000A43AA024E458E042E8004208960B7E0E6C
:10251000E0300E15A43AA024E458E042E8004168F7
:10252000FC34FE14F8604C13980C8914F8304C13EA
:10253000846102A18E088871F45581ADA8F1010172
:10254000F27C0C0CC1C3DD93180E2413441AF00066
:10255000401AE4820224E40282CFE17C810100C3BC
:10256000F2844222640104C04212C0801814F28036
:10257000E1C7E17C42129823E1277280A22FE01785
:10258000080E0823422AFF00442AE48E0614E40EB3
:10259000864FE17C421288230420F28CC00864013B
:1025A000F2804212E17C06148623E93772804212DF
:1025B000E817D927020E222F4222F8000212FA044D
:1025C000C07F6BFD4010A11DA05D1C0040105D93FD
:1025D000C1C39C00FA3C04CC886B008B602C1009B2
:1025E00001A183412034C827214F867B0FAE820B87
:1025F0000DAE841B59F8882B58AEE82C1AAE809B80
:10260000E47004F0921B0E0BE82C5F088435A10BDC
:1026100006F00F042214E460580E922B5AF88E0B29
:10262000A10BE82C80181E0500044C058000000654
:10263000F23C0CCCC1C3DD93FA7C040CEC301EF0F0
:10264000889B007B602C0E090E29846B83516030BF
:1026500060100E4B215F81B11C3486AB7CBE820BB7
:10266000E8880454881B3EBEE82C56680090008B16
:102670000195E4C041BE9911EC040210F83440B554
:10268000E02C40B5FE15A11B658014A005C5E091A6
:10269000A10B8101280488D5E42004F0682C5A6835
:1026A000A10B901B7C0486D5E41006F0A40E902BA1
:1026B0009E14A804E82C56488475A10B06F03E042D
:1026C000902BE410F8305205E060140555789E1404
:1026D000A10BE82C80041E05003052058000000686
:1026E00088A102B19A188891F49583BD0C0C98F1D9
:1026F000DD93F27CFA7C044C847B1124889B15A426
:10270000FF8113B441F6A12B4C960FFC8A0580087B
:10271000442A2B3F463AE68A8161668E423A8F1EF2
:10272000463AE502002465828203E18472984232CF
:10273000631881310F24EFEC41FE910BA11B1FFCAC
:102740005FFC41FE0294A19B81814184509C421216
:10275000501A847380734026408A8E83AC8EF00AB0
:102760008C0B280EF27C0C4CC1C3DD93E682401A20
:1027700064010000DF07C0406FFD00025D93C03FB1
:10278000FB800004FE7C040CEC601EF0827B049B4A
:102790008161005B8111120B81B101A1030A81C526
:1027A0008275E23CF0080025F8040045564284A3F7
:1027B000821172ACFC958F1D6000174AE18400A461
:1027C0006000161AE0FC02B46000146A7E0EA20FCC
:1027D000E580420A6188421AE18400B4422A7C0EF4
:1027E0003E3EED80E43010305E27895E89A5E05CD6
:1027F000601C4CCA440A8101400AE1808EE5E99CD4
:102800008101262404CAA414041AE000022AE0006C
:10281000420AE000421AE5801E27E188420AE05C95
:102820008AA5ED80647C0B0A0050823B46206C80B8
:1028300044529C0002067B800022C0002023EC7CD6
:10284000EF8008146C000A047E04A13F4852A11FC7
:1028500004227890A83FEC0482037C14942B253F3B
:10286000728442325978963B0954EFEC67FD008A36
:1028700041F6C0FFA11B0FFCCFFC41F68261610C49
:102880000C0A9091ECB5E240B0F13E04E0184071C2
:10289000E01C4051F67C0C0CC1C3DD93F800044CE5
:1028A00002100A280814EC04E03161FC834108138B
:1028B000831703A57830065BEC040420826080C097
:1028C00046C38AC3CD5AF8600AC40A631864FB0081
:1028D0004A427B004663F1949853602CFB144A12E1
:1028E000E05C4653F8F5A12B0C4C8101DD93F00020
:1028F000F804040C60880C3401458A7BF098585227
:10290000D97DDD2E0613FED5440A86038211618E21
:10291000618E461AF09840420C34C42742426088C7
:102920004652F088444270888195F098C11DC56474
:102930004240CD6ED93D1C009C004650FCF5851BE5
:102940000C0C8101DD93F004FA7C040CEC701EF099
:102950000034008B0603E1FC1F1482BB0D3E83078D
:102960001D348A6B2374845B21A4A02B3E1E829BA2
:102970000B4E900B7E2E8141093EAA233C3E961BB6
:102980007C5E8A3B6CF88C5BA10BEFF809048675C2
:102990003EAE81417E24961B3C0E8C5B8D34900BA9
:1029A000EFF86C2882D5A10B81410D24961B7E0483
:1029B0008C5B3E7E0904FC343C0E80236B38900B0C
:1029C000161BEFF80B64968D090E8CBB0A55944BC1
:1029D0002594920BFA204212B0138211A71483138C
:1029E00083B38D1EE80031EC70A046B2463A801BDE
:1029F000828161AE00A5C437880B7C0C7C0C085525
:102A0000F08C4492FC0C0EC5719848A20A438CA32A
:102A10003843B453084E98530D14804B8233820BC5
:102A200009048C5E0C0CB8F1DD93F27CFA7C040C8A
:102A3000ECD01EF080BB2904828B2F7443FE134E12
:102A4000C0017FFD8A6B0F2EB144B32481017E0E3D
:102A50009C0E913E970E990E41F6150E8B4EE00C92
:102A60008D2E900CAD94881E91A4AB544062897E4B
:102A7000420AF0ACC417E19AFC040A2584A5A12BF4
:102A800084E5A12DFC0412158E95A11D400A82013A
:102A9000C407E19AFC000A158C95A11D7C00120563
:102AA000820DFF1181A58AF5FC0412058A45A10B50
:102AB0007C041205820DFF11030188A5E4B002F029
:102AC0008A7B1C0E0AF00B04142BE4C000BC8C3B68
:102AD000E4A000F0960B3E0E8F14BC1E5678FE4408
:102AE0000D04EFF89924961B3E0E97349544940BF1
:102AF0009354BC6EEFF868288E5B0974E2A4000A58
:102B00008101807582B19C0E808591BDA10B9C04D2
:102B10000101EAE50C0CE8F1DD93F27CFA7C044C4F
:102B2000827B006B60140C19E00040C69475F41DA4
:102B3000E0180C2992F5F02DE686502AE500110ADE
:102B40001921925566588E0B8C1B6FEC6430007007
:102B5000E0040206819101550210419CA11BEC0486
:102B60000060FE9581B1649081110195E500028AB3
:102B7000412480E556228211D11DFAAC00B4FE1525
:102B8000D8B761D098710F0E81A14861810103D53A
:102B900040961824A12BE0080F148485E1840024BA
:102BA000813116036FE87F88F2A4421267FD008A24
:102BB00041F6C0FFA11B0FFCCFFC41F681011C0CAC
:102BC000847102A1D1AD8861150A80C58075E4FCCD
:102BD000F6E5A10BF27C0C4CC1C3DD93FA7C040C2E
:102BE000ECF01EF0866B04886010021900A9819138
:102BF000060E6010C00072C088BB1D9E4296091E62
:102C0000C00167B98D1E8004130E8F1E63214156CB
:102C1000170EC001911E840B1B1E951E993E8C1B26
:102C2000E80048C86C0400A0E00842C67418010A15
:102C30000B0E8101808800A4046002F0E010101ADD
:102C40001C0002058000020600145E050B04B18B17
:102C5000ED80420AC00842C642C6A10BE5AD00089D
:102C60008A95FE1EA10BFE0409148A350E0B907B7B
:102C70004998962B18B1E80004068111960B60085C
:102C8000EFEC6288E69E4E7A00068375E7AD610040
:102C900084159D0E00F018341A44E4E0E1EC0B7644
:102CA000901B3E0E89248B04920B3C0EE80040C81A
:102CB0006D0C9D04937B82917E04FA350C0CF8F127
:102CC000DD93F27CF87C040C61064E0AE088122445
:102CD0006006500A0F4488CB4E9A866B8111669E1F
:102CE000E6A2509A8E630D34402A10C3101EE68A65
:102CF000F0A44E62650E443AF0A450C2E58E463A06
:102D00008FAD81C546AA56AAC41014A0D0A456B24D
:102D100042127E3588C1D0AC52CA91CD546046B2C1
:102D2000FC15DC00E1841804425A02C340CAE6964E
:102D30000C0CE0028135F07CC1C38B45FA00040C19
:102D4000480A086B400AE5060A2465860244E184C5
:102D5000E84761B018346807201FE184E0FC0034C4
:102D60004042A05F7178F09442126FE80406F2B01E
:102D7000404060018403FF318131070B728C4212A5
:102D80009FFC41FE41FEA11B400ADFFC0204F00A49
:102D90008413E184E002401A8101180EF2000C0C49
:102DA000C1C3DD9360144401083C81310A3CAF414A
:102DB000FC00061460184401E41C0030601C44014F
:102DC000EC040030602044014441C21783016010CC
:102DD000E0244411E0284411E02C4401C1C3DD93F8
:102DE000042E0038A13BFFFC8208844582E5A10B3C
:102DF000718048222623900140009031400173C128
:102E000073C146300623C00181358803FFFC002EC4
:102E1000860E842EC1C3DD93FA7C040CEC501EF0A8
:102E2000867B090E61840014E0AC0674886B202355
:102E300084138623E10E401AE10E422AE1AC040419
:102E4000611E562AE1AC0414E11E502AE40404B0C9
:102E5000611E542AE0800406068422230623E0AC87
:102E6000F184420204B47C2E7E1EE0AC3E0EA4032C
:102E700085B5909B8235919BE02C521AA0101E05BF
:102E8000A00C1E15A0000168E020521AA0000088C6
:102E9000521A090400F8E02CC000200180101E0521
:102EA00080081E15179B80C580B58101BE1489045A
:102EB000E8004B08608802940C2582918C137C04F6
:102EC000E11E529A842E8023F4B5959BA8F101014E
:102ED000F27C0C0CC1C3DD93FA1C044C847B028B86
:102EE000866B009B00061C14E024E0804338A43469
:102EF000A044E8009E14980E880B602442B8A434C5
:102F00009A0EE800F21C0C4CC1C3DD93FA3C040C91
:102F1000828B047B60240E1910498321866B602408
:102F200060280E591C04809B2234A32FE090024499
:102F300068285028E89414249C24A4142234980E61
:102F4000040BCF174F78942B1A0EE8280C0C810134
:102F5000DD93F23CFA0C040C403A006B027BE50A6C
:102F6000E58A423A00000181C00167D172A0421295
:102F7000E03C44866FE861087F218131850B813117
:102F80001FFC41FE41FEA11B427ADFFC447AE502B0
:102F9000006465828203E09C72A04222E0A0046487
:102FA000EFE85FA87FFD45FEC50DC03F1FFD41FE58
:102FB000A11B003F1FFD41FE0C0CC03FDD93F20C36
:102FC000A11B005B60084096640018500006C0809A
:102FD000070A400040C6E640190A4000C0FF67FCEF
:102FE000C00040C65C08A10B1814DA00A15D61FCAA
:102FF000E05702C3D63703C7D18018C442CA8AC378
:103000008413E086E0000212E10E421ADD93901E66
:103010006506440A420A81310020E586C004640145
:10302000F28C42125C08EE1D41FE5A00C03F1FFCAC
:10303000D7076A17A20F5D93FA7C040CEC701EF0A0
:1030400081617E3E88BB092EE03404098D6EFC1E32
:10305000E80D3E0E602402A9E00040C6150A98154E
:1030600096B5E6408904FC147518FE3404106FFC14
:10307000A10BE4307C0494958914963B72D8FE240D
:1030800000B0EFFC81116420551D8175162581214A
:1030900082114004020AC12EFE15E24089117E040D
:1030A000B001017578104065EC040210A11BC16EDF
:1030B0000974FE557E8490B1BCBE8101C0717C94C0
:1030C000B08105B58A75A10B906B0B6E8984FE14D7
:1030D000F8100E25A004861473D8A4342224EFFC23
:1030E0001C0480BBE46008F0601012157698943BD5
:1030F0008C8B6FFC8295A10B781050B58D24943B7E
:103100008904A02E0014BC446878960B0B64EFFC75
:1031100088818871BE148261F4B5C36D0C0CB8F15E
:10312000DD93F27CFA7C040CEC301EF0806B064AD6
:1031300004C9840A4C45E0C00249EDAC4C05E020CE
:10314000C40AEDA8EE244C45E0CC0449EDB04C0592
:10315000E0C80409E0C40479EDC04C45E0D0044166
:10316000EDBC4C05E02C0405EDB44CC5EDB84C7538
:10317000E0D404C1E0D80471EDC44C45E0E004495A
:10318000EE284C05E0DC0401EDC84CC5EDCC4C75D7
:10319000EDD44C45E0F00449E0E404C9E0EC0479E6
:1031A000EDD04C05E0E80409EDE44C45EDD84CC504
:1031B000EDE04C758AC48844CA84C874E0F8049170
:1031C000E0FC04A16DDC4C054CC581014C75EDF0B3
:1031D0004C85EDF44C95EDF84CA5EE484C05EE4CC5
:1031E0004C45EDE80645EDEC04C5E0340475E0100F
:1031F0004C45E0140645EE500485E0380495E0188F
:1032000004A5E01C4CC5E0204C75EE704C95EE74A6
:103210004CA5EE7C83A16E80EE544C45EE784C8537
:1032200004C58C44A194E024EE844C45A4888E44CB
:103230004C459B74CC44EE884C45A7B4CE44EE8CF0
:10324000EE904C45E0100645EE944C45E0140645E2
:10325000EE984C45E0180645EE9C4C45E01C0645B2
:10326000EEA04C45E0200645EEA44C45E024064582
:10327000EEA84C45E0280645EEAC4C45E02C064552
:10328000EEB04C45E0300635EEB84CC54C3599C42F
:103290009734EEB46D884CC57FFC59E69F44C0203E
:1032A000ED844C354C85C8349D84ED806D8C4C4547
:1032B00067FC0430582DC0FFE0081806017C183464
:1032C0002344FF2181C018C46D944C7590B04632E0
:1032D000183425344C8581400E606D90C00D660019
:1032E000EE344C55EE044C259534FC3E6DA44CC593
:1032F000FFF459CE6D9C4C45FFF8088E0C85994B18
:103300005082CD9C0840519050A1CC04FCF5C000E7
:103310006E3C4C05670000604C05C00600606D986F
:10332000C00265006E204C35E080068A66010660AA
:1033300050C640044C65E0004C05EDA04C35EE2C29
:103340004C25EE308875EE14EDF80C35EE280C4562
:1033500086B5874DEDB40C25E4080020E17C180407
:103360009803FDC7610818045802A101A9CDF1B066
:10337000BEBE82D5EDC40CC5EDC80CB580F596CDAA
:10338000EE7C0CC5EE800CB580C596CD98F1100B87
:10339000F27C0C0C0CC5DD93AACDEDCC2041FE15C2
:1033A000A6439833FC75A94DEDD00C35FAF5AC3D2C
:1033B000E4040620E1FC0834460206438347F1B0EA
:1033C000F8B5893DEDB80C45EE240CC5984386430D
:1033D000F6B5854D6DD80C4551F69131A24DE00CF6
:1033E0003EB482F50906A14B1886000086058000D0
:1033F00049F6234B11C1E00C846589213EB48385D5
:1034000049F6A54B59F6000C8245800C82F5A74B76
:10341000600C49F6E00C59F645F601458921E00CAF
:10342000EE584C45EE5C4CC5EE604C25EDE00C458D
:103430008235A24D84C5A14B41F6234B0465E00CB7
:103440008375892141F6A54B47F6000C8245800C17
:1034500082F5A74B600C41F6E00C47F645F60145B6
:103460008921E00CEE644C05EE684C35EE6C4C2581
:103470004C55C60A4002EE344C05FA148E0B6E34DD
:10348000E80C5448680C46E853B88E0B8E0B680461
:10349000680872280C058E0B0C15EE384CA5EE2032
:1034A0004C05EE18BE0D6E3C6E1C4CA5908440027F
:1034B0000E3C4C050000820381116C04EE404C056B
:1034C0006E444C05BE1E8101BE048F55E31C010AEB
:1034D000A1ABD6D50C0584D5A70BEE1CA50B822578
:1034E000A30B82654AF882958E0B68006C18818563
:1034F0008E0B6800551881458E0B6800EE180CA5E0
:1035000080F5A3AB8E0B7C14FC384208EE180CA59A
:103510008A35A5AB6E080C150C0587218411EE4089
:103520004C15830D40104E400C15DC00010A6E282E
:103530000116E0404C0580000C058E40820D6E2087
:10354000840402108E404C15E68A400AEE3C0C15AD
:10355000EC3800004C05801D8E0B4E3CFC385608A4
:10356000EE180CA58815A7AB6E400C050C1587212D
:10357000010AEE080116E040841100000E404C05DF
:103580000C05830D4C15EE200C15CE40400AEE3C88
:103590000000E68A801DEC184E3C4C0550388E0B1E
:1035A0000CA5E8083E04EE188201AFAB000CBE0E7D
:1035B000A10BE2000C05E26581116E042606820172
:1035C000FA8000040C25839500006D9C0C45EC04EA
:1035D0000223EE20043384110453E030583AE060B3
:1035E000465AE19244C3E192468AE0304632E830DE
:1035F0004433D090A10BE0605995F8F5C1C38181A7
:10360000FA3C040CECA01EF0550E2D84C010643161
:1036100013AEAF9463F114CE91AEC0108D8E8F9E19
:10362000A1C4ABA4A974A564A384A794897E8BAE1E
:10363000FC6EFE9EBCCEBE8EEFFC57680C0CD0F12B
:10364000DD93F23CFA1C044C0C05806BA10DE08864
:103650000C1580B5830DE0BC8F0180A5E0984C056A
:103660000C158BC50C25E1400C75E0A84622E0182E
:10367000870BF0840C358255A13BE07C0C3580D55E
:10368000460AE0749295E080E1D00C19E088420A85
:103690000321822563388C1B0C25E8084C05E0A823
:1036A0000C15E088875160C4E0340C35E0A00C456F
:1036B000E0BC4C15484A82334A326696095DF1886F
:1036C0004C558551484260984C5590880640609C06
:1036D00048328C04C42B7188182444470E55E08866
:1036E00098737C10E0AC0C450825C4570A34FC14D0
:1036F0008E53E0880000823D4C05840882A580C07E
:10370000063057C4C4C7EC04FC3008C5FC7584CD32
:1037100060BC4C35FDC5982BF21C0C4C0C25DD9380
:10372000061460840C45E08886736078823B015102
:103730004C258221824360840EC58345DD84F810C8
:10374000E0200C95C487C4C7FC3012C5FC2012854C
:10375000F1B058824AC20ACD4610FA1482115C00B8
:10376000FA85881D0C5598140C45E03C0210E01CAD
:10377000032DEC040443C227483386534853E030FA
:10378000DA85E06082010311E0984C15E09C4C154D
:10379000E0BC4C05C1C3F925FAFC040C0C15806B88
:1037A000A11DE08C0C058235801DE0880C0580A5EC
:1037B000830DE0BC8F0180E5E0984C05F2FC0C0C19
:1037C0000C55DD930C25E1440CC5E0A80C35E01840
:1037D0000C4BE0B4445260480C2BF188851B6050C0
:1037E000E0C80C85E0CC0C750C958275A19BE0803F
:1037F0000C9580F5520AE0740FB8E0800C55C000BB
:10380000548660705202E03CAAA3F1849645949DD0
:1038100060940C55955BFDA10C5594A51450E034B3
:1038200016A4E40496A3E1FC8AA383A79245959D80
:10383000708452020291C6371494A031CB3761FCD8
:10384000F9A114930CA5C297949F6010189592C388
:10385000B2C4F80C14A5C497C4C77C24641016A085
:10386000C7B786A3669248BA7FFC578E0840C3FF4D
:10387000C947E50060200CB588A3964FF00A48AA16
:10388000FC241695FC3016C5E68A444A0420A6930B
:1038900098936600849DD1270C2584A59834E084F4
:1038A000E01C0C454C25822106306084072DEC0479
:1038B0000443C227F1944602E0304833E0604803F5
:1038C0000C05DE65FF91613460944C9573588C2B28
:1038D0000C35E8080C25E08C4832E088861B7180A6
:1038E000613C4C454240854DAB0D1C00E13C4C1504
:1038F0000C0982D5400AE1D00026E0904C05C000BA
:103900004C05C0980030409C9435CC1060340C05B8
:10391000F188483286E5880DE40402000614A813F5
:103920000C35E1FC861360840C158317A223601C00
:103930008403023160844C354C25C237861360887D
:10394000603042234C058F214203E08C4C25E0601F
:10395000E755E09860380C05F1884A12E0A40C4560
:10396000895D804330238A45F09C403260884C2535
:103970004C058C1B68B8E08C0C15E8080C25E0841D
:103980000C35E01C4C05E0888211608C60844C157D
:103990000223C21744038F118C0B6060E030443364
:1039A000E0984C15F2FC0C0CE00810A860BC4C052B
:1039B0004C15FD11E135E09460A00C050C35872114
:1039C0000C45E044400AE0484C25E68A46126098DF
:1039D0000000F18CA8136C1860BC4C354C25803D60
:1039E0004C95E09C4C15E0944C05E0C0DD75C0BCE6
:1039F00060780C05445281310054718000C3E08826
:103A000083558A0B1875F3440C85F80CC447E020E5
:103A10001045C4771075FC104872FC1C064DF190DF
:103A2000FA0C46425C004050EC040A50FA65855D91
:103A3000E0840C250C4598340C55E03C8221601C38
:103A400060844C25EC040630C227072D460204533F
:103A50004A33F1904A03E0302AE8E06085019FFC98
:103A6000E0984C05609C4C05EC040010C1C3F505C2
:103A7000FAFC040C8781006BE0900C05E0180C1533
:103A8000E0840C7560984C85ACD5A10DE08C0C25BC
:103A9000AC45850D60200C55E08804047C080225A7
:103AA000F0884612F8100645F80806C5781806355D
:103AB0000A25C427C4477C087C100A450AC5C4C728
:103AC000C4377C30FC0C0A35A6C3A823906584CD8E
:103AD000E0340C2506248421FD37E17C85278623EC
:103AE0004C05A403040460900245E08846127C085B
:103AF0008E34F088C4479A240435C4370445FC0C3E
:103B00004832FC10893171900A00854518046C0414
:103B100002C5E08812547C300295E088C4C7FC24BA
:103B20007C3004C50495C497B2C3FC2482F5A3CDB0
:103B3000E4081240E17C14949493FDA793CD8597FB
:103B400000904C559C0040509C0048C0EC0406304E
:103B5000F695A13B8C1B0321E8047D28613C0C45B4
:103B60000C35FFC1126060340C15E6200C25E09482
:103B70004A42E0884052F18C991B7B00FA004422B3
:103B8000E0904C250C15B045981DE0840C05AE0561
:103B90001414601C0CC5E08480A3E0A4E03014532E
:103BA000F1B056520F38972D021180004C15843316
:103BB000081460840803E0840CA591114C15E050B2
:103BC0008C1B6050E030402360604033FB000034C9
:103BD000E80855E80C1598240C35E0844CA5E01C49
:103BE00004206050051DEC04E08404144603843373
:103BF000A0A5E0600C25A535FF11609486B5832B48
:103C0000613C0C250C0582710A7460349844E08490
:103C1000E01C0C35608C0C054C25A02308406090FE
:103C20000A33EC044C25897D4C75E0944623E084EE
:103C30004603E0309865E060E0880C05E0A40C35B0
:103C4000E0904C25F18048228E25864D60340C355D
:103C5000EC04042060BC4C254C4585414C45E09863
:103C60008033609C60944C15EC0C063060C04C3581
:103C70009215862D603C0C150C2582710674601C13
:103C80004C75E0848013E084608C4C1544038623DB
:103C90004413E0300C09E060400AE1D08AE5E0849A
:103CA0007B0000144F388C1B0C15E8080C25E084B1
:103CB000C217E01C440382238515E06086F5A17DD0
:103CC000601C0C15E0840474E0400C35042382234E
:103CD000463AE030A023E0A282A5862D02098E1389
:103CE0008201E1E0E1E04201E0880C05E01C0C15F6
:103CF000E0840C758E13C277E03042034C058F01CF
:103D00000C0CE098DD93F2FCE0A40C05E0840C15AB
:103D1000F1804052812D0211E0844C159844942585
:103D2000E01C0C35E08C0C05EC0418401814191D2F
:103D300086C3E084E0305853E06058030C09F8056E
:103D40000C55E1D0400AE03C02A5E084F0884052E6
:103D5000680849E80C158C1B0C25E0840C35E090B4
:103D60009844E01C084002110A14EC04891D608488
:103D700060844C1546038A338701606060304623B7
:103D800080000076E0984C058BA5EEA5606014A33A
:103D900048A286C3A443FB108E05984D8211184497
:103DA00060844C1508408433091DEC04E084081439
:103DB000402388034033E030E825E0600C3587F588
:103DC0000814601C0C05E0848833E08CE030462346
:103DD000E0604603E1D00C29E084440A000482E557
:103DE0008C1B7B00E8084548E0840C15E01C0C2582
:103DF000E0840614440386239804E060E0984C8530
:103E0000EC040000DE65811D0C3583B5A4536040D1
:103E1000E0A2463A82A5865D001982038211E1E0A4
:103E2000E1E04011E0900C25E01C0C05E0840C154D
:103E3000E0840614402386034C85E030A404E09817
:103E4000E0A40C35E0900C25862D80330C3586C51A
:103E50008033E03490A5872D601C0C25E404081005
:103E6000603C0C35E0840244E0844C4544038223EA
:103E7000423260304413F0800C09E060400AE1D027
:103E800030F8E084E7B5DFFC86F5A11D601C0C2549
:103E9000E0840614E0400C4506338433484AE030A1
:103EA000A033E0A28285883D040982238201E1E0FB
:103EB000E1E044010C25A4040C15E01C0614E08488
:103EC0008623E084E03044038F01027160984C0542
:103ED00031888F1B8C0BDFFCF2FC0C0CE0042708F4
:103EE000E0FC0C05E1000C15E0944C2560984C8535
:103EF000F180402260BC4C054C25A223E125E0C0A6
:103F0000F81C040C816102246020001500458171B9
:103F10008834E0A0C8C48A540035CA248653601887
:103F200058529853825B7088044055CE81D5EC106E
:103F3000827102847C181085F0985282601012956C
:103F4000B0C38861D5CE92C3FC75857D6088184466
:103F5000EC04084070B04A120A50983318C06C3014
:103F600081F5EC4082214D7402858264C477FC3077
:103F70007C300C950C6588C1B283FC1CD58E8C837B
:103F8000FC35892DF01C0C0CC1C3DD93F87C040CAE
:103F9000ED801EF060BC00750035FF61811160C0CE
:103FA00060180025401581814065E07C0015E0889F
:103FB00000C5E0B44065E0A8253EE140E088067415
:103FC00060D80035004586231620606C4ACAEC4054
:103FD000812166864686213E2833E03C1B3EA05167
:103FE000E440061008100B377C3EE410E40806108D
:103FF000CB570211853707478317195E81513E4E13
:104000008141093E0015951E931EE0DCE0E000159D
:104010000015FE1E8D1EE028E02C00150015911ED7
:104020008FCEE0241D1EA37EE08402C481110B1EEE
:104030008EC32B1E81113CCE1A38971E0AA0E000B9
:104040000B0AE4041A48E7201615C000A24D6010C0
:104050005E45AD6E5E25C05C98F5C04CC41727BEAA
:1040600060AC003519748CBB06C58E6BAB34FC0498
:1040700004CDAEC32B3E88339C0058204E600E0505
:10408000298E9C00AF4E988BE0B000358BC48F44D6
:10409000FC0406156084061488338E13E032463A19
:1040A000463A9DC490CB66B2E5000630463ACF371B
:1040B0000D34E692421A8613421AF00A0210E68E76
:1040C000D117E6001E4582CD5820005C1E859C005D
:1040D0001E75805082658044966B2F44E088409521
:1040E000A14BA984811180C581E5AB1E966B01E5CA
:1040F00083413C14E14040959413A5247B0844126D
:10410000A52E8111A374AB1EAB249B14822DA7B4E2
:10411000C00013F81278A34D4C80400027CEDC007D
:1041200016158321AF2EE01060201625E0880814B4
:10413000E0200035E0100015C42721C4FC100665FE
:10414000FC0806257C100245100599AD93C48C230C
:104150009E6599AD83ADFE14EE34AA85FCC482142D
:104160000215C43742C2FC0C1814FA044C22E08C2D
:10417000C267F1B01E95906D4C8000580FB89C003E
:10418000298E8000E4100E40C77740C4B3111F1E73
:10419000E686442A18259D1410207C0C1F34E40860
:1041A0004E7AC58782CB6686AD110883483A107176
:1041B0004977E686E098022406060E830283E0042F
:1041C0001043831113E58F811F5E83711615805B89
:1041D0001665F8301675F820298EF8102C84C4174F
:1041E00006C5C467C4777C04FC1806657C1C06758C
:1041F0000635C4872904FC208E63986386631534D2
:104200007A184632E0840C24806DA6631D849245A2
:10421000E4100E40C7770A0B844342C466A24E7A6C
:104220009F54C4477C04181545778471087390CB5C
:1042300002739181487290110414708C0606E1900B
:104240008911600887710BF5F8101675C477ACC436
:104250007C1C06650635C4C789C4FC3046C28C3355
:104260004C22FA0CC267F18C9EE5906D1840298EA5
:104270000215E410C7C77C1C84431D74024391815E
:1042800044CA88118643669E8ECB444706060421A5
:104290004527E00804438571E18C04148511073536
:1042A0008A0B006BA374AD94A7C4AF448D559F5483
:1042B000C477AC74FC1C06154232BE340614FA04F2
:1042C0004C22E084C267F18C92E5906D1840298EF3
:1042D0000035E410C7C7601484431D847C1C063578
:1042E00058CA877110C1E6A249C7861318438431A2
:1042F00010CBC417043482438F81618860040606A2
:10430000442A89118223E6B21124EF2F424A8443C2
:10431000421AF00A8613E68A826DF11F80501E65EC
:1043200080581E9580441E75AF4488C5E08840952E
:1043300023749714A7C4A34B971E8211001584956C
:104340008EA360F060A0002585418731442A941334
:104350000610668E853DE41040485E1540158311B9
:1043600081B5E07C8195AD94906B2D94A7C4AF444A
:104370008135A374A7C4AF4488B10C8B926B182B02
:104380008AAB2514F0A8527225A8829DA16D9FFCCE
:1043900097248215E0F00015832D8221C0884065A6
:1043A0001EF001114015E5800C0CE098DD93F07CC7
:1043B000F87C040CED801EF0FF3101216080402567
:1043C000E03C4A86606C0025001581B1816160B4D3
:1043D000608C403540358191A453614460C0003504
:1043E000E440041060A800C500458B27A93EE0BC4E
:1043F000E01800A50410092E0727E410E68646CA37
:1044000044427E2E4427F1B050A2A031041070889F
:104410000211E4080527CB371F3E8317E0880644C6
:1044200086A3215E81310F2E00159B1EA51EE0E4A0
:10443000E0E800150015991E8D1EE0ECE02800153F
:104440000015931E971EE02CE0240015231E95CE28
:10445000E08402C4B81B111EFF117C1E81110B1ECB
:1044600081C11D1E0D0AB1A518B8E31CA2CDC00064
:104470005C004E30DC0046C02DAE965520248CAB3F
:104480000015886B98B360ACC4279F44FC080215E4
:10449000F1904E120C05867D9C004E308E9B2F9E17
:1044A000E0B0005591749514FC080A2560840A2434
:1044B00082538823E01E4A5A4A5AA374927B669E0E
:1044C000E5000A504A5ACF579314E686442A8A23B5
:1044D000442AF00A0420E686D127E6001E95847D52
:1044E0004E30005C82059C00A1CB0C4BE08C40451B
:1044F00001E580A501D581B17C248C4B404581B17B
:1045000083C161448823A914FA044222AF94A91EEE
:10451000946B211482BDADA4C0001348833123CD18
:104520005C0046C0DC004A90C00011B8ADBEAB7E56
:10453000F8101425E0200055F82014C5C4272514D0
:10454000FC080AB5601000250A75C4C7836D7C306D
:10455000FC3004C58EB30E65836D99148D149C25B3
:10456000836DA8740214A6858924C477FC1C0215E7
:10457000FA044422E08C0224F1844AB2925DC257CC
:1045800080000FA812C02F9E278EE410C014C7977A
:10459000B3113E1EE68650BA3EB4A314C58784818B
:1045A0006686529A16B59883ADC17C1C582A109124
:1045B0004997E6B2E0040E0604B412830483E0983F
:1045C00010C3839113458F81A78E83211475A8246E
:1045D0001485E0102F9EE0201495C427C477603026
:1045E0007C080A150A75C4870A85FC1CC4977C20C0
:1045F000FC240A5582731B1490732F940AB40A7317
:104600004E12E084AE53FA1C90E5925D10C02394E4
:104610004214E41096C3C78766A6508A0215C4C721
:104620008481FC089883C58790110283709C58820E
:10463000E19016149181121B0E060B95A78EE008CF
:104640001415A884C487E0107C200A750A15C417C5
:104650008F54FC044E528E134AB2FA04C257F19C96
:104660008665925D85912F9E7C200415E41004C020
:10467000C727238402C396C3442A88118EC366A227
:10468000161444C70421E18C4527901B04C3918173
:10469000E0080E06852105D5925B0D05C4777E24C2
:1046A000FC1C0A15FA044422E0840224F1844AB274
:1046B000925DC257AF9E980510C0278E0015E4107A
:1046C000C787601496C323947C1C0215E0040E0671
:1046D000E6A6508A8223108184114987C42710C31B
:1046E00061881614121B84C307218F8142BA8991F5
:1046F0009213E686E51F172442CA82C3421AF00AC3
:104700008E13E68A825DF11F805C1E55404588C588
:10471000A33B608C882B1D1448202784ADB4DC009B
:1047200082112B7486959D1E60F40015984B84CBE6
:10473000718446220230FF212924EC409514841D07
:104740005C0044301E25833D83114050608040153D
:104750008B4E85318145A92EADB4A78406CBAB74B1
:104760000840826110806C0414A0EC108A9B6C10CD
:104770008E3B0145925B7F35834DA9149FFC2758E2
:10478000A13D8B349D248215E0F40015832D8221F8
:10479000C08C40351EF001114015E5800C0CE098EE
:1047A000DD93F07CF87C040CECA01EF060BC00856E
:1047B0004015FF110015E090911EE0C0E03000159B
:1047C000E01800B500158D1E8B1EE024E064001576
:1047D00089BEFE8E81110F1E8111131E81113E1E96
:1047E000ADB5FC1EE31C050AC00016E8602000758C
:1047F000E08806A47C0C16858F1482210E95C48750
:10480000A11B7C2096C5932EB413FE149645B01DB3
:1048100060B40015065596330625FA10C457E020FB
:104820007C140E450EC5C42704107C088727E410AD
:10483000FA10442260100095082492C34CC2E08410
:104840001285F190A36D7C20A4B5BC8E6014004548
:104850008B94C2677C140845E4100A8098834757FC
:10486000E6A64A5A6408164045B7882356BA9051BE
:10487000C95766A6C4270A83848308B1C7B70D4405
:10488000448A9683442AF00A0420E692CF27E50062
:104890001EB5846D9AE58010846DFC24C09040A5FF
:1048A00089B4BE24C0085E6598B5A12BE0F8002548
:1048B00044A291444822F18883217A10BE2E914E61
:1048C00000658BA542B260B40245F08C00B5FA10C9
:1048D0000660E0144447E4100E25873716C5FC1027
:1048E0004A32FC2004947A080654E0844622E0848C
:1048F000A33DF18CC0101EB51645A25550C27C10C8
:104900003CCEF0A4E40816C0C5B70BC484410883AC
:104910008A83454766B256BA484AC487C23766B2E8
:1049200088B10D54C7B708419643C747484A9043DA
:10493000484AF00A0840E696CF47E5001EB5883D94
:104940001EC580109865800089B4FC4440A5883D50
:104950005E35C090BE34C008A13BBCC4003596157E
:104960009144E0F8F18C46A27A104832914E83319E
:1049700089D5BE3E10A00C340484EC04A0116088DC
:104980007C08166502248B170E45C437C467FC0CDF
:10499000FC180425FA084612E0880234A2A5891DF5
:1049A000E08C0234F18442C2A0F5A31DB34140243F
:1049B000669248CA8BC4C2177C1804253C648441A3
:1049C0000A60C5478C436410AD614757E6B24A5A46
:1049D00066B2582A1051CC27E69A463A82C1495706
:1049E000C3C70A4386430D3498438443F00A444ABC
:1049F000E68E442AE5000420841DCF27FC2496C5BA
:104A000040A5841D5E15C09089B5C00810A0024461
:104A10000454EC04E08806847C0C16358B67A06196
:104A20000234C4570835E0880E45FC044C62FC147F
:104A30000664FA0C893DE088066490054622E08C05
:104A4000A33DF18C40248E55E40808C0C5470B7483
:104A5000C4C739517C040415484A9B21C237669E5D
:104A6000E68A449A4A6A084104C3E696E69E441AD6
:104A7000CC174747822108C3C3270AC30D2482C32A
:104A800042CA84C3421AF00A0210E68ACF17E50030
:104A90008465823D823DFC14C09040A5C0085E350F
:104AA000A11BBE14001582551114E0F842A2A2A366
:104AB000111EFA04BE1E831190AB111483AD932412
:104AC0009FFC2928D0F10111E0984015F07C0C0CD6
:104AD000C1C3DD9360AC001500258141815160A008
:104AE0008185843406CDC5C4FB3046321C00485055
:104AF000855D82514045FE15DD93E0B8F87C040CDD
:104B0000601802658E35A32BE04C02559465815DDB
:104B1000080406C40C25E08888637C106C040E0031
:104B2000804B8381E0880624FC0C183586AB03F5A6
:104B3000F8040C951895C497959DFC24879D82A533
:104B400002A5826516A4E0B4F7B7E17C8EBB16A37C
:104B5000949D8BA7A38B809588BB82750C60028186
:104B60000E70EC1092AB6C048A8D964B9854F845FD
:104B70001855C45781C5FC14040406340C25E0887C
:104B80000824FC080655E088804B7C1002C58A3B4F
:104B9000C4276020E3400219FC081825E686463A3F
:104BA000E686425A86530421822385274800855D84
:104BB000880BDC00F07C0C0CC1C3DD93F87C040C8A
:104BC000EC801EF0E0840015B0F5A11D601C0025EE
:104BD000E084121412738493A17DE0300045AED5B9
:104BE000875160A0E0601233E696504AACA5913D33
:104BF000AC75A13DAC25917D0C70092E0045E40CEF
:104C000000A5E0B4A041E0D4617C0A44FA8004A489
:104C1000F7570F2E04A40A430B47E1A00D4EE1A75E
:104C2000E088086460180055FA801624FE2EFCAE59
:104C300054520B5E0151F09081C58141826169241B
:104C4000E02000C51825C4278421FC0848228527B8
:104C5000866DFA100FC4FC851223A01D8EC3C02CD4
:104C6000F0AC4EC25B1C4E229CF5A3CD892D8D2449
:104C700004B09C85FA2DEC04917D9C150D249AC5F9
:104C8000E18406B40CC00BA43E1EE404E088026478
:104C9000A8230F1E82A344278191262360AE462AB3
:104CA000E08804448C8B01B10315A6CB6924A4C30E
:104CB000821482810215C427C417FC08A6C31813E6
:104CC00060000412E8000212A29304B3FC058E8D6A
:104CD00018900B840F14E408E40806B003258994A7
:104CE00061148283C02482610415C4170025FC046A
:104CF000442AE0248A136686E50004204A12CF275E
:104D00008E6DF088FE14FAE5F420028A0C3488D502
:104D100085C76108F1B0466286E5A03D60D0000518
:104D20007C248CC342CA8AC3D107F00AFA800004EB
:104D3000E692400AE68A421A05078401E60002105C
:104D400091170603820D3E04D0A44002C1E0001971
:104D5000C4040210C1E040110C0CC0F1DD93F07CE2
:104D6000F87C040CEC401EF060A800150075814131
:104D70000025E0AC00A5E0B0A31D60A0884E9C4ECD
:104D8000831384358DF383339CC48254FC100A55FD
:104D90009C5E985388C4C0547C100A55985388412F
:104DA0000254885EF18448A21870234D4C70E410C0
:104DB0000855DC00DC005050608806447C3E8E6B59
:104DC000E0881614FE0C0C9582A17EAEA2A30913F6
:104DD0008AAB3EAE897383337C2C14A5CD84943B7F
:104DE0001493B093F19E86ABBEC4FC840254FEA41F
:104DF000C4C78A830EA08EC3489AEC0400D8E01C76
:104E00000E10A0008F13EC0487738333E174D93440
:104E1000AE33D594F13E9233182040548875E41097
:104E200060880E440C85846B06A07E1C0913E40484
:104E3000F18448320614073330ACE0888A9B68005E
:104E40007C0C1295E9B492AB1283B683F18E949BDD
:104E500046524054C447F09C200100A8582240000C
:104E60008305F0908A3B046BA00000D8EC0400108E
:104E700083338113D9048773D524CD148403A2030B
:104E8000A0F1F10EF07C0C0CC1C3DD93F81C040CF6
:104E900060A0023502258741463AE0504822E6925A
:104EA0000630F080874DEC0402358AA508046018AE
:104EB00083C1E088FC100655C4578644FC1408558D
:104EC0000C0083F50E0464040675E08810647C1CF5
:104ED0000685E088C477FC207C1C08950875C4878B
:104EE000937DFC208B7D8205028580C5CA7760B4E6
:104EF0008095907D806B23CB02C180B584CD8C0BD7
:104F00000C0CF825DD93F01C60A0005500458131A4
:104F10000254E0180454608881C5E08C4A4208CBF2
:104F2000713EF084943E84438231103E60A000556F
:104F30008B3D984BDD93FC95F87C040CECA01EF0A7
:104F400081312D0D0455AC350445E10404A5E1087B
:104F5000135EE10CF19456124A12114E0495F19031
:104F6000401261100485F1A8585261140445F9AC4F
:104F70004CC261180F1EF980F1A44E1258120D7E1A
:104F80002C7FF1A0F1904812B87F0BCEA17DA87FB5
:104F90007C4EA275E08802B4C45709AEFE8EBE9E58
:104FA000E0180495E11C0485E0B404A5FC14127516
:104FB000FC041215E0200455C417C477FC040A450C
:104FC000FC1C0A15E1200475E6A2504AF190481233
:104FD000669E4E4A907DB483044598E50C04612496
:104FE0001235E0889304FC180A35C4374232FC0CB1
:104FF000421AF184924B66928C258E1DC4B78DB4F3
:10500000FC2C08050A65C4070405FC004662E1287B
:10501000463AF18C9104E6828825823DC4A78BA490
:10502000FC2808050A95C4070405FC004292E12CFF
:10503000421AF1988904E6828425861D0435FC0411
:10504000C407E130FC0008050A05C407B203FC00F0
:10505000E68E400A820D7E0480041E058875A90D27
:10506000E0740415E094420A8FC486C5AFCDA0C396
:10507000C4C78655181588C31825F818F034F808E1
:105080000A15C417C4277C047C080A250A35C437CE
:10509000A413FC0C841DA6238C1000000C0CD0F172
:1050A000DD93F07C060B803B0C0CD0F1DD93F07CA3
:1050B000FA7C040CEC901EF0827B0B2E0240090E51
:1050C0000008E4C0E700044066400A4001F599C1C9
:1050D0004265816118C07830C56EEC044265D56CBC
:1050E0004A63E02CC966E02CE02C4461FC55A1CB5E
:1050F000608802047C0EC207E700004000403E0EBC
:105100007E1EE640E4C0123064C01440E6400C301D
:105110008181110E12058D45992178304AD89C1A4B
:105120001C1AE8187FFD57FE4002CFFF99217BAC87
:10513000F83054054A18E504690EE8188F9E992145
:10514000E02C120549989C1A593AE818FBAC400229
:1051500099211E1A54058DAE860B602CE81848E87C
:10516000992111B40C03ED0C9E1AE05CE8184A4832
:10517000602C0C031E1A80AB49D899210C03E81847
:10518000809B608C99211E1AE81849688934FC2498
:105190004222FE44B42371A492230013402A8E3885
:1051A000441AE0921144E0920202A13B920B60008B
:1051B00060000622EBFC041202323E340006EBFCD7
:1051C000A19D40009C004090603048030C26903325
:1051D000461182818F94E03091BE8DA482088B04A9
:1051E000E655818DC8F10101F27C0C0CC1C3DD9341
:1051F000E08400447C000A03F0805852E09018C319
:10520000FD0120C380CD3C04978018C4440418C01D
:105210008615A31DE68A44CAE50E582A658E442ADF
:1052200018C08131C1006401728C4422DE27E3C7BB
:1052300002CDA4CF80F593110A298853E22DE1E035
:105240008B11805540118803DD93E3901824425A56
:105250009833E088E0300635C35DC65780000A0603
:10526000D1944A128215CB3DE010000B8203C60791
:105270005C08C03D04439A0048018501DD93E3903A
:10528000FA7C040CECD01EF081C10B1E914EAD14C3
:10529000891EB344135EAB148F3E805BA914971E26
:1052A00099210D2E7E1EB134E79002408145AF0456
:1052B000042045C6A12BEC040400FE954F06658032
:1052C0001906E00081A1600806058D05000AFC1C96
:1052D000C7FF63FD4C4294C58D0170A8E3904C015B
:1052E000A10B940A881480E50086C11D4C01C00002
:1052F000960AC3908265A10B709C42420215CE07AC
:10530000C01DE030C0000036C3904C01D40A992E75
:105310008205A10BFC30081B0036C01D4C01C000EB
:10532000156EC39011148A0B08BB942B069B8A6BD5
:1053300078D8988B1304EFFC192490CB0C5B923B2C
:105340000009964B000AE0348665E3FC00099504E9
:105350000000E390010AEC148475F4047C4E890487
:105360008B14944BFE04BE0E8F348D248A0B3C0E9E
:10537000415893541924E800123B90CB964B8C5B18
:10538000882102A184C1087182089704E6D581AD05
:10539000E8F10101F27C0C0CC1C3DD93FA7C040C32
:1053A000EC701EF08A9B00AB60141403A1B4828BD6
:1053B0000D0E9F548EF5A30D60301209E0840C444D
:1053C00042B215C11663F0901D0481711846A10BFD
:1053D00042C1C000186063900B8EE6A0E5E00C00AF
:1053E000FEAE895EBE3EFCBEB00283E50D1498128F
:1053F0000004A203820DF08014138495900B6020AA
:1054000092BB3CBE849B088B6FFC6F4814CB98AB5F
:10541000169B922BFCB4904BBE3489548B84FEA413
:1054200084610271E0301209F815817D0C0CB8F12D
:10543000DD93F27C60201413BCBE900BEFFC6DA8D2
:105440000C0CB8F1DD93F27CFE7C040CEC601EF0D9
:10545000829B00AB60940034E18402A4820325C4E3
:10546000602A400A2984A1714202816140C27BB056
:10547000A273FA80F398426240128073CB777298DD
:10548000E0EC02040E042E1F0B1EE194FA90402261
:1054900044422E1F211BFB88EFFC43F6A403201C73
:1054A0007398426280084C968000101848AA9F2486
:1054B000897EE6AA064406233E5EE1840623CA27C7
:1054C000442A823B84C3E012F29844624E22A0C177
:1054D000CBC7729860EC167438BFCB777FFD45FE62
:1054E00056CAC03F802B6408E0000E1AE180420AD1
:1054F0001FFD57FE0E06403F7E38C0000404EFD467
:10550000D01761E045FE241FC03F7FFDFFA150077B
:1055100042CA7C9E7E8EE408E008421A406A0B94E0
:105520000984E028E580420AE188421A6D80420A37
:1055300041FE922B43FE5FFCC03F1FFC6FD472C83C
:10554000122B903B7278903B023BEFD423A4802B2C
:10555000E028446A06CA21841D94E5FCE1FC061A91
:105560006580420A421A960B8E1B6188ED80420AC2
:105570005FFC45FEC00447F6EFD47A4847FE3E2460
:10558000C03F7FFD89B4A774446284937E84F298FF
:10559000442290937C94F298442292A354CA729825
:1055A000041AE40C420AE0000406E18055FE4000C3
:1055B000C03F1FFC61E006A450A7D0271403A62F0C
:1055C0004212FFA145FE7288DFFF7FFC640842CAD9
:1055D000421A8471C7776008E028406AE580420A71
:1055E000E188421AED80420A1FFD43FE41FE5FFF43
:1055F000A11BDFFC0B2482456CD8963B0131EFD414
:1056000075F88E2B8195EFD48E2B0131EFD475A8D0
:10561000963B0B24EFD46C0843FEA11D5FFF1FFDDA
:10562000DFFC41FE82E5A11B963B0B24EFD46B48C7
:1056300060F80414240FC5070131C51774188E2BA8
:1056400081E5EFD48E2B0131EFD473C8963B0B2448
:10565000EFD46A2860F80414240FC507211DC5176C
:105660007FFD45FE0414C7FFFF3101880188000457
:1056700080F8021419844602465AA12B409A6028E9
:10568000400AE52647FEE18404065FFC0033C000C3
:10569000E5A6409A4022953B47FE7280A10B9FFCF5
:1056A000DFFC47FEF00A403A0C0BA00C0C0CB0F1EA
:1056B000DD93F67C814101B582414954985DC5C4B2
:1056C00080000A06D1B04A52814DCD5E5D93FCD573
:1056D000C1C38101F87C04CC67900A30E6A0183081
:1056E00081610F4E4806088B03A5E0242066809B4D
:1056F00018A3A51B160E40001478D0000001160652
:1057000006A59000F27D0000484A80B554A2E49CB2
:1057100065AE90AC0831826104C182518AA8828151
:10572000F8D5956D88D5E5AD82418F44885B03310E
:1057300081C103B578040A699478A51BE0881064D8
:105740007C200085E0881274FC240095938D809560
:105750008175809580A5928D78044A71946683C185
:1057600082310AA80CA482518D3DFA80A3CDF89510
:105770008101F6C5F07C0CCCC1C3DD93FA7C040C2E
:10578000ED701EF0995EBF74A53EA14EA31EAB2E18
:105790000E059E141E85E0201E65E084BD94E08009
:1057A000820B1F0E46D8A91E1B0EE8140E0583C1DE
:1057B0004C05E0180E09EB54DC34E05800602D0E67
:1057C000C00B65419E48A70EE0200E1B5C589C282C
:1057D0004C35A9CF4C21EB50C0026D6904C41E04A6
:1057E0004C13E894C00166B16D6D4C414C51C00240
:1057F000C0026D71E8144A0860180E050E2980BBBE
:1058000090AB604CF0145405E0480E091219979EB5
:1058100081916034E0900E39E0940E49781854017B
:10582000E7F4030A78105431001081010270040477
:105830005441E460904B780CF8145421E01C0E3570
:1058400050019D1E990160485091A8065091E05466
:10585000A704E058AD24A914EFE46BE88D51210BA7
:105860002BC490A5AD14809B6401006004704009B6
:105870000165E4A04944823BEC040630A13BC14EE3
:105880001E05FE75A19B6088990E96F5E0A4180987
:1058900012E5A10B8460168064601680E48002C06B
:1058A00064E004C0E5F006C06401006008604009DF
:1058B000C002650166010A6018604004C006670105
:1058C0008DAE8FBE895E8BCEFC6EFE4EAD04BE0EDD
:1058D0009F54A144A304BC0EEFEC6948809B2D1497
:1058E000A19B2BC405F588C5ABC495511809A52407
:1058F000A10BE0701809EE25A30BE0741D0496F5CA
:10590000E44002209924CA5400C00034FE6EE440F2
:10591000BE0EFC2E961B3C1E98BB2304AD449B245C
:10592000EFDC4CA88F51210B009B9085F3C596CBE3
:1059300066F000C07B38942B963B6FE4A19B809B64
:1059400097518265009E9904E5701EF0920B025EED
:10595000F27C0C0C2104DD93E6700280640104608B
:10596000943B40090059964BAB04E02CA11EFE1E4F
:10597000A0012D14BE2EFC6E3C1E952E930E8E1B88
:105980007F789D241904EFE0219B809BF695995127
:105990000E801DBEC00264D1942B27048E4B2914A7
:1059A00064B8A134809BEFE48AA5A19B9D5179C581
:1059B00060701609A10B96CB0E09D4E504606058FF
:1059C000C00265006601066008604004C006670109
:1059D00068105A48210B8C1BD0959151AD14ABC463
:1059E000E0701809D025A10B0470020B0660E4A03A
:1059F0004009640165F88C1B2D14EFFC2BC4809BBF
:105A0000E90593510480297EC001663195B49F74E5
:105A1000272EFC2EE440007002043EBE7717E17C86
:105A20001D34942B2B048203E1140A048E4B115E67
:105A300002002D04BC0EE7004758A304809BE80435
:105A40006035A19BC0000AF6943B2B04AD24A91439
:105A5000E3040009A7148F1E8D1E9D44A5148B6EB0
:105A6000FE2E89BEB0111124FC2E9B648C5B3E7E01
:105A7000A304BC0E43189324809BEFE45875A19BAC
:105A8000C0000B468C2B2B04943B25142974A7646F
:105A9000E71000008C4BA0116FE45068009B8E5BF8
:105AA000A19B8CBB0BC654152B04C00064910C80C9
:105AB0002514C0030E3B942B00008C4B6F98E720FD
:105AC000B8116FF8A19B809B0BD64ED52504C00062
:105AD0000E2B941B4C388C3B809BE8044C75A19B8F
:105AE000C0000BE6A514AB741754A1C4E7300070D6
:105AF000E0100245E1880E3B63200E19E44004509B
:105B000089BE8B6E9DC4FECEBEAEFCCE9B24BC2E49
:105B1000EFF87B88A19B809B0BF644D50E19C00043
:105B200008806380C0046450942B23046FFC5D489C
:105B3000009B8C3BE0004A06C1C3E165FA7C040C83
:105B4000EC301EF082AB1914849B1574866B3E5E9C
:105B500088BB7C1E6040128947F8941B8E3B68000E
:105B6000E044120982E5A60D8665A90B8C25AD0BD4
:105B7000AF0B7CB4100B9A1549988E1BA30DEFDC6C
:105B80008D158C258E45A50BA70B7CB402609695D0
:105B9000900B64206FDC7948A30D8E2B8B3582250A
:105BA0008E1B100BEFDC4848A30D7CB43E6492952D
:105BB0008E1B900B6FDC4948100B8C2B51588E1BA1
:105BC0008C2B6FDC921B140B6FDC550887B58C2B6C
:105BD000642002607738900B8E2B6FDCA30D7CB4B1
:105BE0003E648C558E1B900B6FDC47A8100B8C2BE2
:105BF00052188E1B8C2B6FDC0E098565C0056FD18A
:105C000084E5A10B67FD0E159704C0016FC90E292D
:105C10000E39C005C0056FCD60090E4BC21EC00312
:105C2000E0105615E0585621E05C5631E0305643FE
:105C30006FDC42E87CB48E0B80B5A30D8E0B3E1456
:105C4000EFDC4AE898F1010140162C0E2E0EE00020
:105C50000C0C8101DD93F27CFA7C044C846B028B8A
:105C6000867B6028A008A218E81061E86058101927
:105C7000A204802B65F8E034C8176810E0440C19C2
:105C80009C55A51B4E05E014C00167DDE0180C0B08
:105C900098349A2467E14E150C19C0014E03E03880
:105CA000C0026FE1E0540C0967E94E254E35C00192
:105CB000C00167ED6FC94E11A10B4005603C0C1986
:105CC0000C2981010C39E0404E11E048C0056FCD30
:105CD0006FD14E014E21C005C0056FD56FD94E3131
:105CE000B0A5C00560510C0902604001C003649179
:105CF000E08804047C080235F08848124E3584633D
:105D0000400167F9E084060460600845065B823361
:105D10008013612068014E458341400160094E5364
:105D20000C25C003063BE1BC4E41E150C0056FD1DC
:105D300067FD4E254E33C001C003600DE30002092C
:105D400060214E010209C0064E01E330C006602505
:105D5000E360020960294E010209C0064E01E3908A
:105D6000C006602D0C29914506706040E014E47077
:105D7000E0104E0508241A044E15E088864360148E
:105D8000603C0E59E08410248C0B100E7015001529
:105D90008683400260540CC9445A84334815E68A0D
:105DA000001BE100C0047811781900495013C008A5
:105DB000425264004641FBB058726A000049F088C4
:105DC000C0087815EC004611EB00464178110049F7
:105DD0004641C00808246D000059E0844008780955
:105DE0000E43C427047084734007677167710840CD
:105DF0004651C01106C06E00C0136770815107651F
:105E00007C1400C9649010600EC4C0031095E08833
:105E100054827C1C8C73F09C7801449512C440021F
:105E200014A5E08490936060612012BB44A5988320
:105E300048B3E400C0027801E1BC0E75E150129B4A
:105E40004E32497E519CF09410C982519CC6E300A9
:105E5000E33010C9E4004EC1E36010C9E8004EC150
:105E6000E39010C9EC004EC1F275835DF27C0C4CDE
:105E7000C1C3DD93FA7C040CEC901EF084BB0B1EB6
:105E800080AB2B1481813C5E866B3E4E8D1EAE0432
:105E9000AF74A514FE1EA7944F388F8E1639E810E4
:105EA000981AE094A53B9A2AE0105213E01452236A
:105EB000090E8A557401000EBE7EC0078301260EAE
:105EC00085017C0E2D64A18CFA800204940B297448
:105ED0008D34FE24E8004D2860941619122B940B83
:105EE00049988C3B0B64E8001629940B8E4B60900C
:105EF000E094161968004E888D148C3B8904BE749A
:105F00008F05FC941619A334CC28E0908295C51D0A
:105F1000C51DCE2800141E658000122600181E150F
:105F2000800050C6090E96E5F084403260200019CA
:105F3000E47004F0E120000960805E11E48002F06A
:105F400060845E0159788C0BA10BE800008B80E522
:105F50008B64879189048D140F048955E47004F0D3
:105F6000608402040C13C407021B80630C05E24822
:105F70005213E02402F06028A60EE48057B8BE64F5
:105F80008C0B68008B11210B88F5FC1E04F00F04AC
:105F9000FE14E4700215C4078C036010E0240005B1
:105FA00002F00203E60EE4805658BC648C0B6800D5
:105FB0008475A10B8C1B0F0404F02164C207E470EC
:105FC00002F00203000BE4805203E0188C0B603CEB
:105FD000E80055288465A10B808B0B648B910D1410
:105FE000021B89047C38E1A84C03EFE0900B601899
:105FF000C8F11C8E0C0C9E9EDD93F27CBE7E8F043D
:106000008063C207E0180C0BE0385203E0941609D5
:10601000C1C3EBB5FA04044C843B066B4406027B17
:106020000C0BE0007F58861BA67DEFD0A97B822554
:10603000AD7B80A5AF7B822501858695A57B8101FF
:10604000A77B8285810184D54C03DA0E0206602885
:106050004C13E10081D5E038DA0E8101E0284C03D1
:1060600060304C03E1000006E0384C03E03C4C0398
:10607000F2040C4CC1C3DD93FA0C040C847B066B58
:106080004446028B0C0BE00C7C388E1BAD8BEFD0A2
:10609000E00C101AED80420A8000000680704C016E
:1060A000A58B82E5012182B5E480006060704C21FF
:1060B000E4B002700C0C99213AB8F20C0C0CFFD031
:1060C000DD93F20CF83C044C8C35A51B6FD106090E
:1060D0000619C005C0056FD96FC906290659C00544
:1060E00040056FCD4811A10B4821E0344851E02014
:1060F0004801E0249AC5E03067F90605061BC00197
:10610000C0036009602D06294805C0064813E01049
:106110000605E0E0C0016801600D061B4821C003D0
:106120004805E2804813E0408B45E110603C065989
:10613000F08840326E700019E6801840817101616C
:10614000E0344811EA700019E0204811EB700019A2
:10615000E0244811E68A425AEC7000096084041475
:10616000E0880A141002862300106C30C016677095
:10617000677102200450400FC00B67716030488186
:10618000E5000A40029B853550327C181085F08866
:1061900040047801F09854C278605493F0985212F9
:1061A00078304A850685846188217C08E400129B4A
:1061B0005032558E5493F09C52C278301089F09C26
:1061C00082717C000889A4861084E030917DFA8079
:1061D0000C4CF675DD93F03CF88C040C60384611DD
:1061E000462181510430603CC00164706018465300
:1061F000647018300C30C00240026671E00C43F647
:106200008171032579004455F09C5062F15CC95EB0
:1062100063005071A0568271E1005051E20050516C
:10622000E4005011E1000E0A0430FAD540166771FF
:10623000E010180649568145EC0418C0FE95A1CB24
:1062400067F14655040640014655EFF0C00167ED81
:1062500067E946554611C00140056FD94623881BA2
:10626000C0026FE9602D46510C0CC0060BD8F08CB3
:10627000C1C3FFD8F81C040CE0180079E0280039ED
:10628000E02000C9087006684A3AEC040049E6922A
:106290000089E0145252601C0059F0B08101602462
:1062A000D26D041840C6080E8E55E000EC04124072
:1062B000E6A6525AD21D9093D96D8C75D11D8C359E
:1062C000A13B8AF5A15B8AA552C28A65128AF9A010
:1062D00088D5F0008895F07D8855F44DEC08124083
:1062E000F4F4130AE57D86B54E328675A27FF994E3
:1062F0000E8AAC7F8495F0004E1AB013A17BE11694
:10630000B86382F5E10E586A8255A1CBE00E406A6F
:10631000E016421AE692400A080E82030C0C810134
:10632000DD93F01CFA7C040CED501EF080AB3D04B4
:106330008191255E848B154E1630130E3B04E520AB
:10634000E0080D068171211EA30EA99E270EB90437
:10635000650100A01B0EC002660100A0190EC0045A
:10636000670100A0170EC006640100A01F0EC0093F
:10637000650100A01D0EC00B8D8581019855A10BF4
:1063800078901603AC12945BA734A5246B18A34431
:10639000A10BEFE0A13494F516039D44AC12F890E4
:1063A000E03016238B4E8C38A7549F449744894E77
:1063B0009944FE4E9B44FC4EBCAEBE4E6C58A54468
:1063C000A10BEFE093448EF51603A1342C12F89044
:1063D000F0A44A42603016238E388C43E0510F5EA1
:1063E000094E8B5EE54008F09D44FE4EA754915E39
:1063F0009F44FC4EBCAEBE4E71989544A10BEFE09D
:10640000A904883511048FC40034A30BC000000612
:10641000C0005835C0605835A14484B51603932494
:106420005058F890E58008C00423AC12894EFC183F
:10643000FECEA744BE4EFCAE3C4E9544641883414C
:106440000271EFDC04B18891A2188461E4F5837DC8
:10645000E5501EF0F27C0C0CC1C3DD93FE7C040CF5
:10646000EC601EF084AB06B8601000230214994162
:10647000000B81513E0EE014E7600030415681452B
:10648000EC040840FE95A14B6C0400107FFC49EE23
:106490003E04CFFFE410414AE00404DAED80420AF2
:1064A000EC0400006FF9015A40C6400F420AE000B8
:1064B000175AED80420AE4300006ED80BC0EC000A1
:1064C000800013C8600A402EE7601230E6A010304A
:1064D000E502441AE582481A0224092E7E4EE18420
:1064E000E0FC0044C347201F8B4EFC1E2012A53544
:1064F000A8348101401AA01D423AC686403AE5827E
:106500000414E5020620F680050A6C80005BE47C3A
:10651000FB8C48226C7C06429C004A10688C185404
:106520004A0081510C341C000E54EC00A6436F8CC1
:10653000789C4C62EC040842ACCF0B64689008C4B1
:10654000483BA75F4D4ACACB4C1AE40C8C3B600C0D
:10655000420A7C644D6AE580421AE430420AE188CE
:106560004052ED804E20509808F5DC00D28C42421B
:106570000865A12B80000E066C040E200F0A803BDC
:106580004610E47C02201C004472EC8400067B84EC
:106590000222C0000804EC7C0A146F842223EC0061
:1065A000233FA30FF8904852A83F0B146C04042219
:1065B000A53F8C03F2844232FE348924EFCC6EC8AE
:1065C0000070002B0870E42C010A6C540331E47C49
:1065D000FB90480200000606E48000CA6200000C3E
:1065E000EC7C0A426F941804EC000C54AB3F2A4335
:1065F00078B05862EC040842AB0F383F44AA293FF8
:10660000471DE400E00C41F6E00C421AE580420A26
:10661000E188421AED80420AA11B9EC5BE448EF558
:10662000F6800024F6800244028A80139075E4808C
:1066300064740F0A9C158341BD113E04402AAE13B9
:10664000044466820270E88404206408A32FEC04EA
:10665000F808460298D5853B6C800610E47C030A56
:10666000461201210416FB8C02CA4000080CE4808B
:10667000023262000A44EC7C18146F842233EC006E
:106680004AC2A32FA34F789406322A2F272FEC0457
:106690008111880342220755040BF284BE24813104
:1066A000EFCC710864080670070A812101E5E47CDB
:1066B000C000041664080670E512402A6592422A5A
:1066C000E47C070A040683210870800006CA6C78FF
:1066D0000A0CE480483262000642FB901854EC7CBD
:1066E0000C346F8C2643EC005862A72FA75F78B05C
:1066F0000842382F292FEC0442128A037418F288BA
:1067000004706FCC008AE40C41F6E7FCA11B000C7E
:10671000C00C41F616B0A40682916C04848108A1D5
:106720000244819586716884EF0F820300027F45E1
:10673000A1BBEFFCDFFC2DD8B0F13C04F67C0C0CC7
:10674000C1C3DD93F804040C80CB061D7A0C4C12F7
:10675000FB0442321C005820F18446621C004400B5
:10676000670FFF01E17C0CC4698C0EC4F8984002ED
:106770008403AE0F79084C02F9304E02A16D8E6F82
:10678000040484F5BF6170804662632F4229F18C56
:106790000424A7CF06C476800420FC7C4222EC04AB
:1067A0002263F1846D3FA30F0335841BA31D860371
:1067B00041FC04241FFC41FE0275DFFFD08840022B
:1067C00060010606C30760000210062FA40FEC0448
:1067D000941E900EF0040C0CC1C3DD93FA7C040CE3
:1067E000EC701EF0889B1D34826B00CB5022062D6E
:1067F0005890FA0C52001C0021049C00FB08463201
:10680000718C54829C004C504A107ECE0D0E9C0020
:106810001F048C1B095E942B0B0E868B6B18980B38
:10682000007BEFCC7F0182BB7CAEFF116A98942B7A
:1068300009A4EFCCE17C046478884002F888421215
:10684000B61F2E0F56023E6E4E12F0A44072F2A8F2
:1068500042727928820FF9189835A10DE17C0274F3
:10686000F08440B272844472441FC20F6898902B27
:10687000211BEFCC0014BFC1811156809C04400045
:106880009680000484800000EC040C0044627C8448
:106890000020F1A0050A6C804822E47C42B07B8095
:1068A00000429C0056706C7C06149C000A046F80A9
:1068B0004652EC00A1BF788C4EB27EB447F6F98CFC
:1068C000B0C3600071A04A320B0AA0435852647CE6
:1068D0001EB5FBB0965B00046C041042EC7C08C251
:1068E00040000A06EC0014446F9012541014B17F5B
:1068F00040A2688002B4F8A4A8C3689000C2201F18
:10690000211FEC04E89000547C7C0214F18844328E
:10691000EFCC638803D59003F29C4212FF01238DD4
:10692000020682F560006001E0FC0074C37743B7A3
:10693000B60F02AF79A84272EC040C807FA781A544
:106940007FFD43FE0121DFFF42229403906B72849E
:10695000880E8B240D048A1E806EB8F1F27C0C0C1C
:10696000C1C3DD93FA7C044C887B0A6B76801424C7
:10697000E00048C6B4431951090A34534A42E47C42
:1069800081C17B946C7C08529C005800000000067A
:10699000E4B012106F9002C4EC001644788442B246
:1069A0002853A90F0252A20F86A36C046884020424
:1069B000E89000C46FCC42A881818131FF213493DB
:1069C000849D1E1E82859C0E128A189E8A55E0FCAC
:1069D0006FCC5BC8ECF8049051E60525322BE00043
:1069E000050A803B4610E47CC1111C004222B21310
:1069F0000412FB840834EC7C813168881C0046005A
:106A0000EC000A246F8800344052A413204FF88011
:106A1000EC04001268800244E88800349E1E9C0E3C
:106A20000C4C988EDD93F27CF87C040C887B52C46D
:106A3000F0140E65E682521A6090580A041683C15B
:106A4000A16B400044C20DB412249188423AA32B9A
:106A50008FA4E6860824118419C49B80808808448A
:106A600010904E72E08808140A70147E2C5EE410B8
:106A700017649071F0904A721490285E0A94E40CA6
:106A800012A460887D97E17CF0945672F97112A38C
:106A9000708452B2209E8EAF103494B3120460887A
:106AA00054B2E08850B270A018AEF0A4303E9033DB
:106AB000E0E0440A020613349524C000C0004615E5
:106AC00086018295E17C18049803FDC780838E0FB0
:106AD0008A83104390130C4E0C0C881EDD93F07CBF
:106AE000FA7C044C88AB027B617C10741003866BCB
:106AF000527284BB509FF2A0100BC08F5418921B8F
:106B0000A11BEFCCD68000149C04400096800004AA
:106B1000848000006080010AEC8402008255A81E77
:106B200041FE7F77DFFF7FFD81010073A80E987E15
:106B3000561B85158203902B6C800200E47C010AB1
:106B40007B844002C00004066C7C02029C005090D2
:106B50006F840424EC00061444322203238FF88847
:106B6000EC040002A17D248FE8800084D180000421
:106B70000C4C980EDD93F27CFA7C044C827B0A6B01
:106B8000617C0264E17C067481A10243586211B405
:106B90000603F284F90450C2728C4A725842C60F3E
:106BA000C65F7904E5B2420AE532465AE5B2485A70
:106BB000428A02334842E502528A72A80613E582ED
:106BC000E522465A72A44842E5A24A5A708C5042C5
:106BD000E532400AF2A84852F99046828E85A13BE0
:106BE00006440F2E4A82E17C5842F08C07CBF28C8F
:106BF00006C4C6CF90CB5680990C4A529680065454
:106C000084800630EC040A30E47C0B0A1C005840F7
:106C1000EC8408307B904A52C0001006EC7C08528D
:106C20006F901284EC00144452A229CF2853F8A488
:106C30001216B2CF0A5260042693EC04E89414C4EE
:106C4000922B298FEFCC49E8B41F0F2481A1300F7C
:106C500001E584B3A11DB2B356B2026504B39088B6
:106C6000E0FC0614C317430716B0260F21BDEC0441
:106C7000E00004B21FFD43FE41FE5FFF048ADFFC1B
:106C8000FF8160FC47D880F504206FCC45E6ECF826
:106C90004E6FE000F18048A2906D135440401544BF
:106CA00046A29C004230F384961E9C00902E940EC7
:106CB000F27C0C4CC1C3DD93FA04044C807B026B64
:106CC000811158046BC804F67FB881310404EFC801
:106CD000C21761FC7C7C00048403A22F7C7C02042C
:106CE0000013FF077001000E411DCFFFE1C000142B
:106CF0000000581E803F0FFD45F65C144022C3FC87
:106D0000009AD180C03F634D200100F8DD1740009C
:106D10006D8D0000401AC03E871166826686400A6B
:106D2000E0144306009A8FA5C03F61C9200100E826
:106D30000000C000C03C6F2D6682401A400A8711D7
:106D4000028666868D95E03061BD009A00E8C03EFF
:106D5000C00020016D750000401AC038871166829E
:106D60006686400AE0800386009A8B85C03C60718D
:106D7000200100E80000C000C0306DF56682401AB6
:106D8000400A8711038666868975E12861C9009AE1
:106D900000E8C037C00020016F290000401AC0245D
:106DA000871166826686400AE2540306009A876568
:106DB000C02F6149200100E80000C000C0166FC963
:106DC0006682401A400A8711020666868555E410DD
:106DD00063F9009A00E8C022C00020016D5900004C
:106DE000401AC00A871166826686400AE628420673
:106DF0000721834562D9009A421AC012400AE68AE6
:106E000040002687295943060000C00080022DB9A2
:106E10002686400AA8240206E086400AD1800004A3
:106E2000F2040C4CC1C3DD93FA04044CE030022997
:106E3000E090440AC0000006C0004205842480F5AA
:106E40000416A12B40228000442A9180E4500C10AB
:106E50008171230BC427811190884C626FCC53A899
:106E6000987E8C0BF2040C4CC1C3DD93FE7C040CA9
:106E70006C611EF0133EC0010E09807B8121604CC5
:106E800060BC5E255E25886B81A160B40AF01D0E92
:106E9000C00164515E25DC345E25E0AC5E25E09CDB
:106EA000A13B608C06343F2E5E25C1545E25E10473
:106EB0005E25E1005E25E0FC5E25E0F85E25E0F45D
:106EC0005E25E0F05E25E0EC5E25E0E85E25E0E48E
:106ED0005E25E0E05E25E0DC5E25E0D85E25E0D4BE
:106EE0005E25E0D05E25E0CC5E25E0C85E25E0C4EE
:106EF0005E25E0C05E25E0B85E25E0B05E25E0A836
:106F00005E25E0A45E25E0985E25E0945E25E0889D
:106F1000BD2EE084443ABB2E8731468E800C0E2570
:106F2000E0500E090424971EA32D8138C4000406E6
:106F30008121192E9314982E60204231042E813124
:106F4000E7C002F004F00D1E0B2EE7D0E7E002F0E0
:106F500004F0091E7E2EE7F0640102F07C1EC001E1
:106F6000641104F03E2EC001643102F03C1EC001E9
:106F7000910E832197449D14EFFC5588E1141E0562
:106F8000AB0B8004E008001AED80420AC0003C58B8
:106F9000E10C1E05A10B8004800000B680004C05AA
:106FA00080003BB8676000F064400AF00D0EC0013D
:106FB000E77000F000F00B0E090EE780E79000F09C
:106FC00000F07E0E7C0EE7A0E7B000F000F03E0E71
:106FD000C001642181213C0E8131110497449D142C
:106FE000EFFC5248E1101E05AB0B8004E008001ACC
:106FF000ED80420AC1141E05C0000005C0003428FF
:1070000061081E05E58008F0610C1E15E5700AF0A8
:107010008004813181110424EFFC4A6806F03314A6
:10702000B104E5307C3EAF24E54006F0804B3E3EA7
:10703000825B3C2EEFFC5A2881611B7E2FB8915455
:107040000E09E00081116040E09C5E15E0885E154D
:1070500040003D1E1E05F3F8AD0B60F4E0985E1590
:10706000E0945E15E08C5E15E0845E15BB1EBF1ECD
:1070700088F5956E60F01E35E7100CF018F00044AE
:10708000AB14E6C07C6E8C30E17C0A44A904BECE11
:10709000BC3EA724EFFC572860B41E15E70006F09D
:1070A00060B01E051E258C4B51B8E0C41E25EFFCB8
:1070B0001E35E0DC1E05E0D81E15E0C08195E0C459
:1070C000E0F01E15E0DC1E25E0D81E35841080049B
:1070D00008F008240C30E5C0E5B00AF0EFF873487A
:1070E000819101810E09A9D54000E040AD0BF3F874
:1070F0001E358A750CF060F81E05E71018F060FC6C
:10710000AB14E6C0FC240631FC200045BECEFC6E6C
:107110000A442904A724E17C52F8BC3E1E15EFFC6A
:1071200006F060B41E05E7008C4B60B0E0C41E257D
:10713000EFFC4D88E0E41E25E0E01E35E0C01E05B2
:10714000E0C41E151E0581D51E15E0FC1E25E0F8C5
:107150001E35E0E40005E0E00211FC200425FC24DB
:1071600008F07C200631E7500AF07C246EB8E74036
:107170001E25EFF8A32DE0D4DC04809582C5A10B79
:1071800060D01E1508F0840B0AF067501924E74000
:107190006D989D311E25EFF81E35E0D408F060D0C3
:1071A0000AF0E6A0830166906FF87DE80E09811170
:1071B0004000E040AD0BF3F81E358AF50CF061009D
:1071C0001E05E71018F06104B314E6C0FC24063174
:1071D000FC200045BECEFC6E0A443104AF24E17CA5
:1071E0004CB8BC3E1E15EFFC06F060B41E05E7006F
:1071F0008C4B60B0E0C41E25EFFC4748E0EC1E1548
:10720000E0E81E25E0C01E05FC200245E0C41E1576
:10721000FC2404311E0583151E35E1041E15E0E82B
:107220001E25E0EC0005E1000245FC200411FC20D5
:107230000631FC24282BFC24E73008F06FF868485E
:10724000E7200AF0A58EA39EA10BDC041714842569
:1072500053388E0B1E05EFFC802B60CC60C81E15CA
:10726000E73008F067200AF066D89D311E65EFF818
:1072700012F060CC1E35E7400EF060C8FC9EE6E0E0
:107280000A643E7E1E15E17C8C4B60ACE0A81E05B6
:10729000E0A41E25BC3E9F3E46F8A15E1EB5EFFC55
:1072A0001E85E0BC1EA5E0B8961BE0D054D8900B1C
:1072B000942B6FC8E00002CAE000021A670500EADA
:1072C000420AC927421AE580420AE18882A5ED8078
:1072D000727D10068101400260B85E855E0581A165
:1072E00081B160BCE0D05E05609C1E15E65006F0E2
:1072F00006F07C3E3E3EE6601E05904B965B609835
:10730000E0941E2566B8BCAE1F34EFF8FC9E8C4B93
:107310001E15BE7E1E05E0BC1E25E0B8BC3EE0D0BA
:1073200042B8A1541E35EFFC18F060D07CCEE610B8
:10733000E62018F01E15BECE1E05E08C1E25E08846
:107340001E55E0841E45E0BCBC3EE0B8EFF8648802
:1073500060A41E35E5D018F018F07CCEBECEE5E076
:10736000BD04BF141E55BB241E45E0ACBC3EE0A8C6
:10737000EFF86368A584A39482919B749D0488812F
:107380002B28930B3944DFFCE5D00CF00EF037349A
:10739000FC6EE5E00A443E7EBF14E17CBB24BD04E4
:1073A0007EB8BC3E7C6EEFF83E7E81313F14834157
:1073B000BD048151BC3EBB24EFF8612881513904E2
:1073C000BB94B7143D44BF34E9840404F6800C2414
:1073D000376EBE61F18442626C800410E47C030A63
:1073E0007B8850129C004A006C7C0E82817C0004D9
:1073F0006F9C0254EC00047454220C9D1604F88413
:10740000AE83689C82A5A55E7198449249D8880B8A
:10741000861B6FC8823B004B8C9B3D4EBB6EBF3EB4
:10742000B4BF379D148202F50490EC04880B6C28DD
:107430006FC848C8004B861B3D4E9591BF3E823BAE
:107440002524BB9EF98C404202B4210B0235E8A8EA
:10745000E89C00248341012183213F2E81313D2E70
:107460006FC46D483F1E882B1E15B2630EF0609CE2
:107470001E35E6601E25E0983B6EE094E6500CF069
:10748000860B3D0E864B7C6E825B3E7E7758BC2E13
:10749000BB34EFF8BE7EFC6EE09C1E15E0981E0526
:1074A000E0941E25BD44BF547678BC3E1E35EFF8EF
:1074B00081716098E09C1E55E08C1E1560941E350D
:1074C000F18C487273944A72E61018F018F07CCE72
:1074D000BECEE620E0881E05E0841E2557F8BC3E9F
:1074E0001E65EFF8FF01608CE0841E851E95806D9F
:1074F0000C0640885E7580008C1B008C00885E75D1
:107500001206902B42188000920B6FC8E00002CA4E
:10751000E000021A640100EA420AC100421AE58052
:10752000420AE1888225ED80608C5E755E05FF0170
:1075300081A16088FF010305E044108A048082F580
:10754000920B6C406FC8402881A18C1BE08C5E15AB
:10755000E0885E0591549B74210185553003E1114B
:107560004402B013010A7B84121BE47CEC7C0022F1
:10757000400002069C0052606F800614EC00080474
:10758000A19F202346421154269FF88CEC0404222C
:1075900000141B74259FE8805E0581A15E95E0883C
:1075A0009564E08C1E2593341E45E104026460F866
:1075B0001E35E088861361008261460E1E159DC44B
:1075C00000C4E0FC983360888013002361045E25CA
:1075D0001E2598435E35E0F41E35E1005E15E0F0AF
:1075E000882160FCE0EC1E1560F45E251E258231CA
:1075F0005E45E0E4801360F8E0E81E4560DC1E05AF
:107600005E3580231E35E0F0984360E060EC5E1547
:107610001E1588015E25E0D8983360E460E85E4579
:107620005E35A121821160E0E0845E25E0DC5E052C
:10763000E0D85E1510688B6B1304DFFC01B5811177
:1076400041249801EC040A50454A9E34040CE40C91
:107650008413E200FCD5A15BE0580E091E059334AB
:10766000811D6114E200040C8EAE8C2E4611800444
:1076700089116024A50B9324C0000266E020441108
:10768000A50B173493148645A31B8414CE1480E5F0
:10769000E094424A00300E250E198430AD1BE040C4
:1076A000400C0615C4300030AB0B8AF5800C060583
:1076B0009C940004800C4605E1101E05A51B801457
:1076C0000E1982750410E040A11B6C18E40804DA5E
:1076D000ED80420ACE1488F5E0440E29F0C0421035
:1076E0004410292BCE2EFC04800480F54210A50BFB
:1076F00046159C0CCE14800CE094420A00308205A2
:107700008921643091218125801EA41FE0500E093B
:10771000420193141EF0E028C0016461F67C0C0C59
:10772000A31BDD939314FA35A31B8414FD45F4A524
:10773000FA7C040CEDF01EF0828B233E60981E351F
:10774000A50E88BBE0A81E950619A73E8013E09001
:1077500060700261A41E8111E0105215E04800190A
:10776000AB1EE224604C0019E080440A00A9A91E67
:10777000CE78E05082E5955E441A2014A11BE08487
:10778000E200020C0078A01E0101A00074D8901B3A
:10779000E224EFF8E088440A40000016DC00428052
:1077A000CFF87448656000F0E5D00AF000F00D0EE7
:1077B0000B0EE590E57000F000F0090E7E0EE5A0DE
:1077C000E58000F000F07C0E3E0EE5B0E5C000F074
:1077D00083213C0E940B2914904B0C3BEFF852681C
:1077E00081116204400AE1311E05E08C4015C0742D
:1077F000A744C000C00C1005E0940819E20E860FE3
:1078000044102554AB2BFC10C0001F48A16D178EEF
:10781000C0001B689734BB04A50B800480001EA821
:1078200060A01E05167496CB14B0E0900025E440CD
:107830009404E010FF0100230024802D4E0AC1AC07
:107840008215C12AD707A40B400AA00B0E00E1AA9B
:107850000A09EC04400AE0644420E094C00713FDE8
:10786000400846250A19AB1B08258068AB34E01890
:107870004E722314102490848418E120A71B521800
:1078800018298215851BE02C182984158175E0289C
:10789000E02418298235851BE02018298211022155
:1078A000502A9F1E8135E6A29F1E83118805A18B59
:1078B00002841F24832DE08408158665400A602019
:1078C000481AE0889B4EE68E9F2484D5668E404AF7
:1078D000442E81310204600A932EE17CEFC45F28BC
:1078E000E19404148E05A12BF6800C24890187D520
:1078F000AFF5A40E02441F040214E19444067680FE
:107900001F64E000E5E00AF0F68000040010202388
:10791000192EEC182D34802D9188420208840044E1
:107920008414021051804222C000045600443344A3
:10793000400AC9044222669ABD1ED1848C3090242C
:10794000E0A2400AEFF47008AD14BD04406E840656
:10795000930EE01A04048D6506146194A62FE0ECE2
:10796000F6800C240460C061804B6C14E47C050A32
:107970001C004810EC9402607B844222E6AA448AF0
:10798000EC7C0612688C0A444800814118341C00C3
:107990000044EC00A6136F8C788040C2E6A2442A13
:1079A0000012205F0254EC04004468804F38E88CD9
:1079B00081316FC4809B2704A31EC008920B2063F3
:1079C0006FC45E08A11B8C2BD68000149680000427
:1079D00084800000010AAC0382D5E080E0004216FA
:1079E0004412231423BEF1805CB8920B84BB6FC495
:1079F000B66323B43344809BE5E00AF08C1B2D046E
:107A00009024BD6E920B0030EFF469E846061F2407
:107A1000BD04E0000424AD14A433F680993E84062E
:107A200066A2408A1E959EB18E6B609C81C11D8EA0
:107A3000A554910EAB24A7440A399395046460645D
:107A4000962FE17C44720463552DF0844C9A942B5C
:107A50008211602820010406461A4000040CE08CC4
:107A6000A4636200608806642B24A40F30A546320C
:107A70000630C00040092401463282610630B090D1
:107A80008C34A4A0832B8683000AF63580C5FBFCCA
:107A9000E0640A09E090404A1B1498E5E0940084F1
:107AA0000AC41934B744E0880404A2030224F08015
:107AB0000214E1940210F680823DEC18918C42127F
:107AC000088404248414021051844232C0000656F3
:107AD00049040424D1844232A10D1F34BD1E9D04EB
:107AE000E68E442A402AB1340825E0828A437C1479
:107AF000FC3006310004215E23CED180E5E00AF09F
:107B0000EFF46228B104A3C49803BD14A5548016F1
:107B1000AB24A744E0640A09E084404A930488A5A2
:107B2000B544A124E6A2400A848B2F34F6800204D7
:107B3000A41D115480000206CC080210A30F3D1EA4
:107B40007C200825400A90430AF060160631E5E0E3
:107B50005F98FC30A3C4EFF4BD14AF048016980303
:107B6000A744A55402C1AB24A9048473100681CB99
:107B7000020640006215C000C0000006B93495142A
:107B8000E0540A4986188408401A8C240220E682B0
:107B9000480AE4048C1EE69280D5891B85113B04BB
:107BA0009734801E173483658475A12D8425A10B1D
:107BB000E0400A29FC000424F018040A401A825507
:107BC000A10BE18200741E05800002568000401562
:107BD000E0640A09E080400ABB048285A51B80148A
:107BE000800C06159C104210000C4615801E831157
:107BF000E5F01EF0F27C0C0CC1C3DD93FA9C040C82
:107C0000605000190029826B81C1604C0A1090CE2F
:107C10000E14640C0059E08852506064C00173F087
:107C20006686502A48C592731280E010C487640C9F
:107C300073F15290907341FF60844A0A1006927368
:107C4000404000014C859071529240044E7290A0C9
:107C5000100610A44CC58000127400044A0AE18882
:107C6000B28F60800E741A8E10848084A8711CC438
:107C700000044C85DCC0108440044C8560440E8AAE
:107C800008A5C01880000066E040007986D5EE7D2A
:107C9000E00C1036E49C504A00898635F38DE048AC
:107CA000007604C506898000FC8DE02C068982B52B
:107CB000FC8DE02406898235FC8DE028063980B5EC
:107CC000FF3DE02001358215930191010C0C900ECF
:107CD000DD93F29C6044000918CEE0274C25A22FCA
:107CE0002B0BE010FEAC01F68101580E00000106DE
:107CF0005A0EAD7BDC940004400C4C05E0804A4AEF
:107D000040000006DC004260CFF849088C1B0301EC
:107D1000F29C0C0CFFF808A8FA3C040CEC201EF0B6
:107D2000829B006B0E603E2E088BEC043C9E86AB63
:107D300001218101014189314F588E1B8C5B6FD02D
:107D400082B5A10B81013EAE81213C9E8141113162
:107D50008C5B0E1BEFD04E8880A5A10B0C0C90F114
:107D6000DD93F23C81013E8E81213C9E8141213197
:107D70008C5B0E1BEFD04D880C0C90F1DD93F23C28
:107D80008605A11B880DFF41C1AC0804C106484A05
:107D9000D19048121780080473FC40000844C007C3
:107DA0000840812C424A84048816E18681010C0E29
:107DB0005D93DD93E0084096FE7C040CECE01EF041
:107DC000886B00BB60181689067B844B04F082AB7D
:107DD00006F064D0094EE4A07D38880B901B6FFC40
:107DE00064C004F0E49006F0901B140BEFFC7CA838
:107DF00064B004F0E48006F08E0B0B7E6FFC7C28F0
:107E00001E09901B98B160D060C01E39E0840484C4
:107E100060B01E5942079623EC080420708042B2DD
:107E20000010C2374EB26C08570DF08C4257849B3D
:107E30009C0052006C080070F09446B2845B570DB1
:107E40001C004A00EC08003084CB570D5800150484
:107E5000FC0E9C000B048904130481ABE000541A4F
:107E6000ED84400A9104BE0E81013C0E9195FE0EF8
:107E70008AAB0F8E8E5B048AA40A8D9E8994FC7453
:107E8000400AB0030F2A669EC0086400521A8B7421
:107E90000E00601CC0046400400D4126D7774000EE
:107EA000400D5E058C9B400020000188A0000C0660
:107EB000B00A8C6AAC03BC446692400A6400091A9A
:107EC0004926C008C000200D200D5E45000040007E
:107ED000C00464018063D70706258E8380000E06E8
:107EE000824B147ABE14A80A400AAE03031A6686AF
:107EF000C0086400200D43265E15C0004000200D20
:107F0000640100005707C0048073881B7B800064F5
:107F1000FB800C847A804C62E40800107B80027441
:107F2000E408411A7A984212591C926B4200961B3F
:107F300000503C00411AE408967B64084E000D4452
:107F40000030BC00963B64086408411A4600969BCA
:107F500000403C000F84E408E408411A3C00520051
:107F6000E40800A06408411A4A00965B00C03C0087
:107F7000411AE40896CB64083C005800EC041080D9
:107F8000E000101A3FFD37687E04C3FF0C0CF0F1CF
:107F9000DD93F67C71884412E1F582338401C207D7
:107FA00000045D93C1C3FA80FA00004CE506440A60
:107FB0006586400A04208111C20064017284400277
:107FC000E1CC082460B802040624DA07A04F61C897
:107FD00079844432FC7C0044601002065DB8813133
:107FE000084CEFC0DD93F200FA04044C802B046BC4
:107FF0004E96212B82C5E00860C80014E184062457
:10800000DD170603813101716FC05C68F29C42127A
:108010008E0B980EF2040C4CC1C3DD93E506440AA6
:108020006586400A04208111C20064017284400206
:10803000DC07E527A40F5D93FA00004C822B420772
:10804000811104017A80000463B881310404EFC017
:10805000A22FE1A041FEA12B0004DFFC084CFA8016
:10806000DD93F200FA00040C6FFC7A080264846B62
:108070008203E184E01A400AF2000C0CC1C3DD93D4
:1080800069294386441AC001401AE50281116582BC
:10809000640104204002C200E52772845D93DC077E
:1080A000C1C3A40F04348331A33F6888422A8221CC
:1080B0008013E68E00145D93C1C3FB80FA04044C68
:1080C000847B066BEFFC77288461C267FA800264C8
:1080D000E69E421AE502441A6582401A0420811184
:1080E000C008640172844002E807D9270C4CA40F31
:1080F000DD93F2048111210B00008465040E6C04F1
:108100004602FFF0A13BF80841840004C4040210B9
:108110000214FE3500047B80D017FA805D93A01F07
:10812000FB8000147A800204A11FD10700105D9328
:10813000C1C3E404FA00004CE502482AE5824A2A59
:108140006506403A423A882B8A3B6586EFC05BA8B9
:10815000600104068131420042128403F907728CE7
:1081600060900414240FF917850BFF211FFC41FEBA
:1081700041FEA11B084CDFFCDD93F200FA04044C25
:10818000866B211B81710A4588E5A12B7E81060E35
:10819000481A40004A0AE50A400AE50E461AE58EEA
:1081A0001854658A5607E1D4E1840244003420CF94
:1081B0005657E0FC0434A01F401261844222F09420
:1081C000882B72B0EFC04E88850BFF211FFC41FE4B
:1081D0000165A11BDFFC41FE4E960101180EE0086F
:1081E0000C4C8E0BDD93F2047FFD47FE860DC03FE5
:1081F00000000602083EA11B80000206409C0634D7
:10820000C184081450904632423A8101409640069B
:10821000881E8008C1C3DD93FA00040C8A25A12BB7
:108220000A0206130614E000030A7A800830F47C80
:1082300081116C807B9046320032814148506C7CC9
:108240000A069C00184400000C04EF80A0336C0068
:1082500078B05862214FA15FE18400240632385F74
:10826000275FEC044252880381317284EFC0494891
:10827000F2000C0CC1C3DD93FA00004CA12B003BB3
:10828000E506403AE586423A0620826583416C0461
:108290008131274F5758880342126FC0FF21F28C5B
:1082A00041FE850BA11B1FFCDFFC41FEF200084CC8
:1082B000C1C3DD93FE00044CA32D003BE406403A0D
:1082C000E486423A0820867583316C04689008344D
:1082D000211D81C1E17C0A4471904CC2E8880434BC
:1082E000739458C2DC0048605C004AC04252880364
:1082F000062472847898E17C034AEFBC021AE000FD
:1083000000EAE000420AE000421AE580420AE18801
:1083100080F5ED807FFD41FE0C4CDFFFDD93F60024
:1083200006067F21E0006001E008434AE008421AA7
:10833000E40C416AE580420AE188421AED80420A73
:10834000000100060C4CE000DD93F600FA7C044CC2
:10835000866B044B70900809082981511210788CA3
:108360000839E600141078841806E4C0FFF857CEE8
:108370004E461A265856E000DA36818189A58F4E7E
:10838000F0A04042E04000198AA5A11BE06000195E
:108390008A25A11BA11BA41A081988C544627C2048
:1083A0004411F0A00019E0104411E0200019E03061
:1083B0004411E0400009E0504401E060A42AE0706C
:1083C000AA14A804E1840624813106036FBC7E4808
:1083D000F294421242620F44040EF09C120B81513F
:1083E00081F5F820F0A04062E0104051E0304051AB
:1083F000E050405160704051F09C40628101005E4D
:1084000071AC4262040C8281EC0816B08871049150
:10841000B18B90A18101ECD5F27C0C4CC1C3DD93F2
:10842000F87C040C060006286001E600E61008103F
:1084300065100A1059C6F81181616000027983F550
:10844000A17BF820847884A58445A17B80849474E2
:1084500006AB8294107AF8200CBA8E83F29852926E
:10846000008E829E46A38EA382B1782002C18CBC6E
:1084700004418431085190010EC08211857DECF0D9
:108480000C0CF6F5DD93F07CFA3C040C846B0628AA
:1084900083814438807B46089111258F6FFC5CE80E
:1084A000E88C128414041C141E34E090020B902BF0
:1084B0006418941B1C14EFFC980E922B020B9E3434
:1084C0006398941B9C24EFFC0E1B9A0E1E34E01044
:1084D0006318840B922B6FFC0C0CD80EDD93F23CCE
:1084E000FA1C044C887B44488101009B846B0A8BF6
:1084F000860B0B0E902B0E1B68004348AB9B883BF2
:10850000A59B84050C6002E5A79B8410A99B82456E
:1085100040800225A39B9C000861867581258E0BF7
:108520000D149061E45006F0629898240B14EFFC4F
:10853000E000001A619C4E0A0F248101200102060E
:108540000206C000881EC000F21C0C4C40C6DD9321
:108550004E0A60084E1AE99C8111619CC1C3FDF569
:108560008403A72F5C08C30D00061A005D938000EA
:10857000F1804012FA7C040CEC501EF064610000A3
:1085800081414003FC1EBE0E06088BF501B181A19E
:10859000814D81717E4E92650209881381A160B080
:1085A00060F00239024981B18161609060D0022996
:1085B000420A9D118033668681713E5488230813D8
:1085C000C417094E8141025318858325C0017831B3
:1085D00010A3F1944842818192B3F2A072A04C6240
:1085E00082118271FC55851DF05102011E15870D07
:1085F00058504010FCF5DC0084D5E57D6184107492
:1086000040828191813170A872A442426C388E2BD5
:1086100000ABEFBCF0AC408272A442626BB8813117
:108620008E2B6FBCFC1480BB0044FE440610608897
:108630000444E510860360848241043340B580AE73
:108640004673E0208408E080E815814D0C0CA8F109
:10865000DD93F27CFA7C040CEC701EF081C13001D9
:10866000827B7C0E0C700DCE0BCEE4F089CE81A106
:10867000FC94FECE1E0889558DCE811101ADFECE33
:1086800089CE81018C058BCE70A85662F0A85092DD
:1086900078E01609E43004F078A01619E4600AF0D6
:1086A000F8201039E02010499B213C2EE8004308B7
:1086B00078C01609E45004F078801619E4400AF0F6
:1086C000FC281239E040104993213C2EE800420872
:1086D00081C17E048085A10BA11B8B147ECE80B549
:1086E0000BCE81110D248101F0A8486282A10934CA
:1086F000F8204801F8604821F84048319C0890165D
:10870000EE5581AD0C0CB8F1DD93F27C58120033BC
:10871000143EF080F09040320000190D001BEC0474
:1087200002C081513C148C04FB0444228235843DF8
:10873000885B040DC0000016D18C4002D0884A022C
:10874000DD93845EFA3C040CEC201EF0828B0A6BF5
:10875000847B11948C1B080B6FFC69880101902BA2
:10876000856591A18835A10B608012151245813174
:10877000902B6040E0601255BE9E9C088C1B3C1EF6
:10878000EFFC6B088435A10B60801215E480049027
:1087900060401245125581319E08E060902B3E2EBC
:1087A0008C1B3C1EEFFC69E86C0414A0A1AB889103
:1087B00090F1F655F23C0C0CC1C3DD93FA3C040C6D
:1087C000EC201EF0827B1584846B17948E2B13048F
:1087D0006FFC65C80101901BE00814C6A10B8575EC
:1087E00012158855813168C06460124512558E2B70
:1087F0009808E6903C1EBE9E6738901BA10BEFFCCC
:1088000012158455049068C0C00264C064601245AB
:10881000125581319A08E6908E2B3E2E901B3C1EFD
:10882000EFFC66086C0414A0A1AB889190F1F635BA
:10883000F23C0C0CC1C3DD93FA3C040CEC401EF07E
:10884000809B1584847B0A6B008082AB0880645017
:108850003C0EE410E4400A80EFFC77688415A10B1D
:1088600067A00280E760008004807E1E7C2EE79077
:108870003E0E941B7A388E2BA10BEFFCA0F180A545
:10888000F23C0C0C1744DD930E1B920B103B8C2B0F
:108890000C0CA0F18115F23CFA0C040C868B086BD1
:1088A000847B020B6FFC6D88100B8C1B66388C1B55
:1088B0001009EFFC0000E358E20DEC0C1C004070C6
:1088C0009C0042608FFC5AE80C0C8101DD93F20C95
:1088D000F83C044C6201025B81C140010CC48595E7
:1088E0000E64FB808263608460010C8982734002A5
:1088F000E8000E7B06A5C487C4777C20FC1C00958D
:108900005082D3AD5095D08C0489C000A18BE0304B
:108910000C6082C54008640198688073C4679C74C9
:108920007C1808858863CF77988E8E83588A82C199
:10893000F4D5EC140C4C8101DD93F03CF87C04CCB4
:1089400081C10F4E81610D3E640900398745C00227
:1089500060340299FA800EC4603002B90485C4778D
:10896000A1BBFC1CE5A6548A6526508AF09C5222C5
:10897000D187F0A756820F848E83F9A88DA4A0BE5C
:108980008EA302C5C65AA864E516486AE5964A6AE7
:10899000EE57D347F9944C42A0BE8CB38073244465
:1089A0004E4582C1A844E904E9444E454E65A044C1
:1089B0004E45E9C4588AE984F275F40C0CCC810167
:1089C000DD93F07CF800044C8141193118548395F3
:1089D0004C12608402C3F094185B82410CC9E80019
:1089E000C0026001E0880C547C18006504C5C4C74F
:1089F000D96DFC30D0804A520C014A3102CBC00400
:108A000040016201FB800A44F855D95D0C4C81019C
:108A1000DD93F000FA7C040CEF101EF0848B026BE7
:108A200064090C09807B4002651002F0E61004F036
:108A3000813101650000493EC53EEC04FE75A10B85
:108A4000661012F0E51014F08C1B0E0B923B102BED
:108A50006FFC740816F0944B8C0B6410922B101B57
:108A6000964B143BEFFC76C88C1B0E0B6FFC7AC840
:108A70000101962BE7101EF0F27C0C0CC1C3DD93B4
:108A8000FF010024832D8414000000065D93822DD5
:108A9000C0000016FA7C040CEC901EF0829B7E2E27
:108AA00002063E0E0921E01068A1060E7718C010DC
:108AB000920B6FBC811101018101090E8381111E8E
:108AC00081A10F1E81317C0E0D3E91A5E0880074BE
:108AD00012058B1E4C78FC000C74E800010A6084BF
:108AE000C00164004C039263000468001E1580847A
:108AF0004002800400B3908400010C01C00C4126A8
:108B0000C0085E0547FC57F6FBFC100A7EA486C52C
:108B1000E48004F0647006F01419960B47B8E0285E
:108B20001409E800808B602CA10B2802400E8245BE
:108B30004206602E400AE0F8AA12E086FA044002DB
:108B40008111090E81A10905008A8B0414A0F43C4F
:108B500002F604040CE580008000100689148F04DE
:108B6000F18040B2F080000482C5830D04F07E04E1
:108B700006F0E4800019E470960B6028E8004428B1
:108B8000818102A10B0483F5E48004F006F07EA449
:108B90008201E470E0281419960B0B0EE80043C81C
:108BA000602C14092802808B8245A10B602E400E98
:108BB000E0F84206E086400A4002AA12090EFA04D2
:108BC0008B1481A192730D344E118F04C002600189
:108BD0006C004CA34C038231C00164096201120B8A
:108BE0000E344001C17DFB800010DC355201E404ED
:108BF000C0026409C8F17C04F27C0C0CC1C3DD9393
:108C00000A448844AA43E90481010043C34F084E43
:108C1000DD938C4EA30F0C0E8101080EC1C3DD93B2
:108C2000603C0209A10B803B40960665483A8008EB
:108C3000403AE0020844E1028243FA80EC700849BD
:108C40008101490D861382A56B710219F41DC005BF
:108C5000460680F5464AE0648311648481118045AC
:108C6000DD93881600045D93C1C3FA80FA7C040C7E
:108C7000EC301EF082BB007B6771107012704011E7
:108C8000C003677181A13EBE8101016100A48525F9
:108C900004F07B807C58E4208E1B6FFCA11B911894
:108CA0001FFD43FE56159FFF82E5800045FE201AFA
:108CB000CFFF7FFDFB800C64E0178261AC1EB41F08
:108CC000C41DA414C00040C688B102A188910481CB
:108CD0006001140AF695C00198F13E1462014263E6
:108CE0000C0CC001DD93F27C81015D9360380019AA
:108CF000A11B81210000021680084096CC2A8625FF
:108D0000E02806097CC00824484AE227021066864B
:108D1000010AEC0440C66440442AE00008066012E0
:108D20000006F000422A80004242E686CE2CF18402
:108D3000E0104613C1C3DD93FA3C040C808B066B34
:108D400060380C09210B847B869581018E1B100BEA
:108D5000EFFC78E8409600AB140AE0088445E2A4F2
:108D6000677112808E1B40038C2B120BEFFC69483D
:108D70004126008BA18BE00C9C0050A0E3C8100A98
:108D80000C0C8095DD93F23C8E1B120B6FFC64483B
:108D9000A10B8C2BDC0050000C0C900BDD93F23CF3
:108DA000FA00004CE1001E06619C00464E588311FB
:108DB000C1C3EFBCFA0C040C806B027B603C41F633
:108DC0005BF8811181816FC06000427640588C0B46
:108DD0005B58E8288C0B6810E13C00868018800402
:108DE000F1FC421000C600168004E14401860086B2
:108DF0008004E144404600868004E1444046008609
:108E00000C2BEFDCC0156E0973F54220444A40FF7D
:108E10004C13E098C0156E09F8700039F3EC44303B
:108E2000F87040214C818445402B6C2173F942102D
:108E30004C13C0FFC0156E09F8204081F8100019CE
:108E4000F3F84210F8104011421080188016F3F821
:108E5000421080188016F3F4F83000194011C81938
:108E60004081F8300009E030400AF83082E5E088BF
:108E700043F61C04FFC06FFD020E020F4000F0001D
:108E8000C3007C019C049C0E9C0E820F6E0D0C098D
:108E9000A30BC0360C098415C038631141C6A30B5F
:108EA000002012FD000102064C81BFC18038031171
:108EB00080004015680061E842868C0B8C0B6000D6
:108EC000E82478C8EFFC76E8FA00040C8B11006BFC
:108ED000E8287448612400C6E00042064C11800472
:108EE000402B6C1D00168111E13C00868018800427
:108EF000F1FC4210400600168008EFDCE080400ADA
:108F00000E090C0B4000C015C0FF137D0E094C0369
:108F10008C0B4015E8005EE8E8005E48614440467E
:108F200080048511018600168004E14400C6001605
:108F30008004E1440C098016C02B6C21EC04020073
:108F40008495E71DEC2C020084B5E71DEC100200AF
:108F500084D5E51D8625AD0B8665B30B86B5B50BAF
:108F60000C0C8C0B3BD8F2008C0BE058F2000C0C74
:108F7000E0440D680C0C8C0B23B8F2008C0BE05411
:108F8000F2000C0CE04C28A80C0C8C0B85B5F20000
:108F90000C0C8C0B8575F2000C0C8101DD93F2003A
:108FA000FA00040C8111010168245B6803468161A9
:108FB0008331614C08368424E11444C690368844D9
:108FC000086688248414872183110426F2000C0C7F
:108FD000E0241A28611440C680048311C1838016DE
:108FE000DD93C713FA7C040CEC101EF00C09806BA7
:108FF000C02B6C218255B30BE00040966C1D4C01D8
:109000008C0B402BE8505988406681954C01E0005C
:10901000402B6C1D5C988C0B5F58E8508C0B6818CB
:1090200061D10C09807B40156C790C19400AC02C69
:109030008201E68667F9008A41D6C0030E66003CCD
:1090400000048004A17B5A8066314C038245C0161F
:109050006C1D0C298C0B402B68104C68A10B8E1BCF
:109060005F78A0558C0B684465C110600C09C05432
:10907000402B6C21B30B807B217B9015E000409648
:109080006C1D4C0198B5C02B614C41466450026088
:109090003C1EC09E654104600004C05466D1066059
:1090A0000860C05440A366E166710A604C78C0A2B3
:1090B000901B6FC4A17B807B48B892958C0B684055
:1090C0004106007B0004E134E00402966C1D4C1163
:1090D0000016C02BFFF8000E6CFD0C19020AC02C04
:1090E0000010E3F04C01C404402C6CFD4BB88C0B19
:1090F000A17BE80487658AD54066217B4C01E000AE
:10910000C02B6C1D574688D51260614CC0A366E029
:1091100014602C04C09F6761654104600660405480
:10912000C05466D1924B101B6FC45548807B945B32
:1091300082F5A17B02602C04C0AD663164710860C9
:10914000922B40A16FC457E8807B943B8405A17BA0
:109150006C1D0C298C0B402B68104468A10B8E1BD6
:109160008171805588F10E0BF27C0C0C2C04DD9380
:10917000648104600660C09940A265214E78921B0C
:10918000F395EFF86451008A80F5C0036118014639
:1091900080048711DD9380166439008A80F5C0024F
:1091A0006118014680048511DD938016611803461D
:1091B0006418014A8414C001E200000CDD938406A7
:1091C0006661028A0306C00304660104021580007A
:1091D00086C580006499028A0306C0030456010410
:1091E000021580008485800066C9028A0306C002D9
:1091F0000446010402158000824580006495030A3C
:10920000030640020414E10404268721042680009A
:10921000E10403068418841465794011DD93C02BA2
:10922000030AC417C00F6681028A86F5C00F64F571
:10923000010402C68000040680000215028A8485AB
:10924000C00C66CD010402C6800004168000021521
:10925000030A8245400A64A1E10402C68521041480
:109260008000043602C684268414E1044011841868
:10927000C02B6575C1C3DD93E11805868828882455
:109280000015A12B00090E0DC1180546C0000425CC
:1092900081B002144000042984040210C404042094
:1092A000C00A421A6E014013DD93C015E124014645
:1092B00084288014F3F84420430604268414E1141F
:1092C000042484288426FC9484288014F3F4442005
:1092D00080048426421080188016F3CCC1C3DD932D
:1092E000E1240146801880048016C219C1C3DD93B1
:1092F000FAFC040C0026006B4C01E00C402B6C1DAA
:1093000040988101811168246FA90C15251BC00BA1
:10931000E124034682458424424A881880C5E080BF
:109320000C0C83113F78F2FC3E0EE02088188C0B69
:10933000F3F84210028608164EB8E00C81216854FA
:10934000614410C6E1485386FFA12004E12457463A
:10935000C7078008F0044E0080C5A17B6FA90C05EB
:10936000A50BC00BA40482D5940D80000C298405A4
:10937000402B6C1DE00C0296680C736881958C0B79
:109380008008A0040155C707F0044E00EFFC50A868
:109390008004AC04F835A10B83113E04F2FC0C0CE4
:1093A000E0203BA8FAFC040C0036007B4E01E00CE8
:1093B000402B6C1D7AF88101811168203E0E81815D
:1093C000E12401C6554600048086E1248064A80497
:1093D0008E0B0014E824502843A603910321E00CCF
:1093E00049788E0B4186E8548014E1140346048CBE
:1093F0008414E124C4298428434604260414E11873
:1094000084B8832102C604868414E124028604966B
:109410008004E00C8E0B009CE85447C8612401C610
:109420008004A9118E0B0096E8244D88600C0286FA
:1094300046F881218E0B6854E14400C68008800400
:109440005200C707120AF00480C5FBFC6FA90E0585
:10945000A30BC00B01C686B58004E12441460086FB
:109460008004E11800C600B68004E12401460086AD
:109470008004E124421080180016F3F4E00C02A6E8
:109480006C1D0E298E0B402BE80C6AE800C6818506
:109490008004E144C7078008F00452008004A80457
:1094A000F445816B8E0B2B11E82449880014A80425
:1094B00049388E0B01C6E8248004E1244146008629
:1094C0008004E11800C600B68004E124014600864D
:1094D0008004E124421080180016F3F4BE048311C6
:1094E000F2FC0C0CE02031887001000602064020DE
:1094F000FFC06001DD93801EFA0C040C808B027BA0
:109500008101046B682070884386811149C66148D7
:109510000424E148700102060434C0208858A18B5D
:1095200008489024600104060CC9FFC0402B6C1948
:10953000A65F843F60C7D0474652A85F0C49F9B088
:10954000C02C0CFDC0E00844442200B5A17BD090A3
:1095500049FE80C5C03F7FFDA43F883F8311043E84
:10956000F20C0C0CE0202D88FAFC040C5006006B69
:109570000C09E1A0402D67CD209E8191E14C05C6EC
:10958000E080400AC00000160CF54C014006402C5B
:109590008004E14C88048074E1E01674E0E014B4C7
:1095A000FCC002A40074001E0814E1C0FCC404A4A2
:1095B000F010000A9405842EF008000A000A98852D
:1095C000AA65F00CF004000A40001368C14C17C6ED
:1095D000025604AB4A58E0108C0B6824619805468B
:1095E000FB80007472FD49C602064020C020730152
:1095F000401220432014F180E14C17C68555882A7B
:109600006C080A40775D807BE1900A3473FD4A5014
:109610000816400F484A8000E13766964A30843386
:1096200041FF73F10600C5478253641088CB016582
:1096300018C05D84D58EEC04FE75A1CBE0880A4489
:1096400070944802F094403248309034BF4BF03C64
:109650001F15F6150256942B8C0B60806824462843
:109660000C0B847B40156E09E14C17C64000AC140E
:10967000C0FF72F16E094C038C0B4015EFF879C8EE
:109680008E2B1BA502563E2E44B8E0208C0B68247E
:109690007B80007472FC43C64012C0200246718079
:1096A000C02072C0041000340991E40017C688116C
:1096B000083EE14CE198054608CA85A5EC080A4039
:1096C0000A34775D4A50E190400F73FD8000081620
:1096D0006696484A2074E13746C086C341FF73F15D
:1096E000E1880A448ACB0801827B0E334DA4815560
:1096F000EC0418C0A1CBDDAE0034FE75FB801894DD
:1097000088C3445712C00A13C53EE410F03C4830E9
:10971000F495BF4B91F5BE246040025640188C0B67
:109720004C91E824403864C54A588C0B4398E800B3
:109730000C0BEFFC40156E09FFFC03EEE8000E0A6F
:109740004200820F40007C044C13FD0440156E095A
:10975000E19803864C03849E40156E09FB800074DB
:1097600062E54CB117C640158E05E14C72FD49C645
:10977000054640200206E198402073012014A043D2
:10978000F18040128555882A6C080A40775D807BFD
:10979000E1900A3473FD4A500816400F484A800091
:1097A000E13766964A30843341FF73F10600C547BE
:1097B0008253641088CB016518C05D94D59EEC047B
:1097C000FE75A1CBE0880A4470944802F0944032C0
:1097D00048309034BF4BF03C0C19F61540156265CB
:1097E000E14C00468819800444208028A22FF3EC25
:1097F0000C098026C02B64C56C214C018C0B402BBE
:10980000E800458800602044C05465017B80040462
:109810001911810172C106464F58C0202C14E8006E
:10982000002E9F217C514EA0847EC300EFF86BA8D0
:10983000A9910E2B6001020600947FC02C24FB80AE
:10984000A01F841F7C014010880EC30067CD0C0947
:10985000400AC02D80E5E0806C110C09400AC02B45
:109860008095E098F2FC0C0C8C0BDD93F2FC0C0C58
:10987000C1C39FA5FA00040C4186006B8014E14827
:10988000442084288426F3BC84288014F37C44205C
:1098900080048426421080188016F1FCEFF87828A6
:1098A000831101010C0C8C2B2278F200C1C3FFFC48
:1098B000F81C040C6141001908004015C0D966016C
:1098C000614500290A004015C0D965C162110039FF
:1098D00091C1401581710161E686442A621D00191B
:1098E0004021C0154015630940318121C015630D29
:1098F000061007C50C4AE4400C1AE000400AF87C48
:109900000A50E1840E06041094848000500A5184A9
:109910008225E49C6C34128012DAA18B420AE4089E
:109920008095ED8082610271BF8B8505A16B8825D2
:1099300000958245C00D696D12C0936B40938420E1
:1099400080160BE1F03C528002A5B99B9B8018C4A5
:10995000A19B498773FD508018C4400F508AFB803B
:1099600090C3C6A688C17D05E5FC0D0A4023F0A57D
:10997000400A6895FB8008C4688940138833400A10
:109980006FF1068A0A34402B0049FB80002D07CD79
:1099900040138811400A688DEC040230689140330E
:1099A0000606400AC0207001688540130214400A70
:1099B0004840FB80A61F1C2007CD40410045802D5C
:1099C000C00D696964F940154015C00BC00B64FDFA
:1099D0008941095B0E09002B4043C015C00A68810C
:1099E00012FD44204023C0FF40150E09E14004460B
:1099F00000860824881EE140801E8004F01C0C0CA8
:109A0000C1C3DD93F804040C61980B46E0900C147C
:109A10004E0014CA0C64F03CA10B7B8000162E6F24
:109A200058228000401A71B004C4E68202C460C0AB
:109A3000246FFB80496E862B945AC507020002539F
:109A40004A50E404C1FF73F18A4301650000515498
:109A5000C95EEC04FE75A10B4032C4170C0CF084F7
:109A6000DD93F004FA7C040CEC501EF00C09806BC2
:109A7000C0366E014060A30B4F789C004106880001
:109A8000029661340004E004E1A050066C1D4C1104
:109A90008171402B0016A07E0C0B8111C0156E0940
:109AA00073FD40004C03C0FD40156E094338810131
:109AB0007E0EE820E148418641C60014FC1EE148C4
:109AC000800484180C298008C02D67CD68890C0B90
:109AD0000604400A0229E0A03E3EA61F241FF027EC
:109AE0004C15C50740026801643106608311C02827
:109AF0004675C11D021058047E75C404C41006309A
:109B0000618D0C0B0860401CC0D9660165C10A60FC
:109B100081B140D9BC0E81A1F8044605090EA0040C
:109B2000E19801468101009A144A8B85141AE000DD
:109B3000400AF87C0A50E184160604109414800050
:109B4000420A511490E5E4AC8425A1AB696D0C2563
:109B500085ABC00D08910C0B4000800A80FF13F10B
:109B60009098400206000EA580280401EC340410F1
:109B700080B5E42DBF1B4D1E87258AD58A65A11BA4
:109B8000703C5810E1C00414B9CB0C1E848B0171D9
:109B9000491782454E10A1CB400F73FD4E7A808B42
:109BA000C577C6B29223091473F14020883141FF72
:109BB0000203862B81A58E1B0210218B00C5EC04AD
:109BC00088010000000044C5A11B88214477FCD512
:109BD0008E33900B82A102B1E5FC150A9D01E8E5E8
:109BE0009F010C0EBC048E0EFC04CC0E0C198008D8
:109BF000C01562EDF017BE24A20FA40F68014C053A
:109C00008C0B4002E8106488E1484186801880048B
:109C1000E090420A80188265421080284420F0803B
:109C2000A22FF37CF88042207E04801677388311BF
:109C30000186E81C8004E1980C0BA30B80150E092B
:109C40009CA400040E094C0380858015680049C857
:109C500003018C0B451881118C2B6FFC0C0CA8F1A7
:109C600019F8F27CC1C3FFF8F87C040C63090019F1
:109C70008121401500C9911540366E09FA800824EB
:109C8000630D0069460240150659F090C0156F41FA
:109C9000586AA1CB0C306692C0DB66106E1146513B
:109CA0008645C0367A800EC412848181CB9DFA80AD
:109CB000549284055602F09C16B9F0A8C01A6E4161
:109CC0007C85B9BB8404108094CB3253814598566F
:109CD00081710B9B0A8A80A5837174081876807540
:109CE00018C48E5B0C007A80C058664060880EC431
:109CF000E08812447C1C0C85661014001493C0DBB1
:109D00000A0A8C7382217BFCE0405285E8000E85B4
:109D100062405285E08410C464000E7518638C8321
:109D2000D08058C261405275E08412446801107BB3
:109D300094934001527388A3107BE680C0016C01AC
:109D4000E780527360010C795471C004C001610155
:109D500064010C495441C004C001620168010C490E
:109D60005441C0044001630118498141C01A0E41A9
:109D700062114641448AC038DED5F404F07C0C0CF4
:109D8000C1C3DD93FA84040C8101006B681C6C482C
:109D90000C1B8111400A68910060807B402864019F
:109DA000700104068811C020C517016502104134F6
:109DB000C93EEC04FE75A11B6148418680048C2BD2
:109DC000E0198018830100166FF879884E98811188
:109DD00056D8EFF88C0B6810618D0C0B8311401C6A
:109DE0004C038201401C618D0C0C8E0B2938F284CF
:109DF000C1C3E01CFA00040C4386026B0414E14862
:109E0000E0980604F100463044208428262FF2FC16
:109E1000E19807860C0E84260C1B820940156E09FA
:109E20004210D007C0FE73FD4C13A01FC0156E0971
:109E3000EFF84B88811101010C0C8C2B35D8F20006
:109E4000C1C3FFF8E10001868008800482095D93A8
:109E5000C713C183C1C3DD93FA0C040C8101006BED
:109E6000828B047B65394C010460402CC0B1654194
:109E70008C0B0311E80042888C0B0311E8004E287C
:109E800080D5A10B684872E8A10B8C0B0C0C808567
:109E9000DD93F20C457601110931E00076B88C0BA8
:109EA000A38BE848A10BFCB50C0BFC7552388E1B3C
:109EB000A10BE8000111FAB58C0B8121F20C0C0CFE
:109EC000C1C3B145F87C040CECC01EF060044686AA
:109ED0004031A51B402B6C1DE0040E06A1810EA590
:109EE000AA35A31B600C41E6E00C59E601A6170E4B
:109EF000110EE004E004012601860F0E150EE004A9
:109F0000E0040006A1010B0E0006090E7E0EE0041F
:109F10007C0EA101E004018601860D0E3E0EE004D8
:109F2000E00401A649F63C0E4BA6E00C03A6600C2B
:109F30000706E00C110660040DA6E00413A66004F9
:109F40000FA6E00C55A6600C13CEE00CE00C41E629
:109F500057F605950006E00C891160089101130E73
:109F60004006170E0D0EE000150E85010B0E830145
:109F7000090E81017E0EA1017C0E83010F0E81016D
:109F8000110E85013E0E8101E000400681313C0E3C
:109F900081910161140601510101E004160681411D
:109FA00081C1E0088BC488C689C48AC6FEC4C8C6FD
:109FB000FCC4CAC6E0184481E0144431E01044C136
:109FC000E01C4431E0204431443195348F34E024A6
:109FD000E028443144318D349134E02CE030443178
:109FE0004431BE34BC34E034E03C4461E040446180
:109FF000E0384431E0484491E04C4471E04444117D
:10A00000E0504411E05844A1E0544451E05C445114
:10A01000E0604451E0684401440193049704E06C1B
:10A02000E07844B1E0744441E0644401E0704401EC
:10A03000E07C4441E0F10101F07C0C0CC1C3DD93F4
:10A04000FA04040CEC901EF0806B251B81010425A2
:10A050009295A31B654102608C0B40B1E8487C4897
:10A060009095A10B4C018301C02C6539428687E590
:10A07000040660044C11E004402B6C1D60110206C4
:10A080003E1EC400091C83111516A111E0004206F2
:10A0900085711F16891125163116AB16AF26911141
:10A0A000040635269706E0089B769906A1769D065C
:10A0B000A706A306AD06A906B706B306BB16B906E2
:10A0C00060805E11E41002F0BF26BD06E0845E01F0
:10A0D000608C5E015E218C0B7858E088A10BE8480B
:10A0E0004C7180B5C02C6539C8F18101F2040C0CAB
:10A0F000C1C3DD93FE7C04CC806B027B649002F0D4
:10A10000E48004F0E810664860901E89E0040E2A9E
:10A11000E0801E79400101880460C00040B165C143
:10A120000155993149168111EC040630FE95A13B89
:10A1300065F104609D3140B1491C8145EC04063055
:10A14000FE95A13B15C601910785EAF0A10B81B1EF
:10A1500040628E15047470A8009CFA80E090008420
:10A16000799C4202F0AC40626EF1401143F6402B04
:10A170008000400D603140914011C02C802C42B1D4
:10A1800043F1401102B4002C4091FA80002C41713F
:10A1900054188C0B1E89E800008060900204E404CF
:10A1A00082B17A80048084A1434AE424020CE4084A
:10A1B000500062000273DC00170A8101F205E53CE1
:10A1C000F67C0CCCC1C3DD93FA7C040CEE701EF05F
:10A1D000A11B006B65390C09848B402C42668A8573
:10A1E000A50B60046C1D4C118191402B81A102C50F
:10A1F0008C0B0511EFFC7268A1AB80ABC00010584E
:10A2000068046EA880AB8C0BE440108AC0000D6817
:10A210000D38A1AB0C29C000402B6C1DE00042B6EC
:10A2200068047E2854B68C0B230BE0000C788181E7
:10A230009DA5C00040A6230B4C01E004C02B6C1D63
:10A24000031182256FD88C0B80ABEFFC0DC8A1AB3E
:10A2500000C6C00002F060080155E44045868181D7
:10A26000EC040000FE95A10B81013E6E81017E0E83
:10A2700065711260170640B07C0EE004895581714B
:10A28000788112099511400114048E6B9E0961902A
:10A29000E68642AA010A820380F5E630E1340346ED
:10A2A0008414841482F5B71B03363E040F36E0088D
:10A2B0000029E008C02B6C1DE804796800C6230B58
:10A2C0008805E00806D5A16BDC004E6004F0241878
:10A2D000160AE440802361405EA588160E06000C35
:10A2E0005EA5800082C5800881717E04FA8000042A
:10A2F000FB8040A2FC04FE0EFA800004FA8040A21B
:10A3000016B0FC0E82916C04EE75A1BB17463E643C
:10A3100087E5E1347A8002845FB88C0BA10BE800FA
:10A32000AC0480B5B90B800440628C55951170A0C7
:10A330006B5100091204C02C9E096190E686549A64
:10A34000150A80A380B5E6308004AC0482D5B90B31
:10A350006C1D0C290336402B7458E0088C0B6804E4
:10A3600014C6A30B0F36400800F080089F1164400C
:10A3700080169403FC14FE04FA8000047B80409253
:10A38000FA80021440927E0EFC0EFA84100A82813A
:10A39000F035E0808EAB217BFC048CF5FA80000464
:10A3A0007E04C407E4100E007A80120467188C0B38
:10A3B000C497680080AB03D588D5A1AB61A140F6F6
:10A3C00081114000420A81B5902B60805C00102909
:10A3D000E44006F082110233020A8C26FC95E2303A
:10A3E000901B0C0BE80461084F7600ABA1ABE000BA
:10A3F0000294827504747A8006F0FA808C0B6440B3
:10A40000E8485E48140B80ABE6701EF0F27C0C0C42
:10A41000C1C3DD93FA7C040CEC301EF0828B009BF0
:10A420000C907C2EC0AF6471F0A05462E2801419CD
:10A43000E8005508807B428767C000A03C6E9063AF
:10A44000654512903E0EC0B101A181B105558181D3
:10A45000FC248161F8041209440AA418D007E080A2
:10A4600048005F680E0FA20FFB8002648245830BD9
:10A470001084031114A4FA80B71F7B80828122AF5D
:10A480003FBB806B1E0582B1849100048000408137
:10A4900080001E05800040A3E040160A0101F67509
:10A4A0000C0C98F1DD93F27CFA7C040CEC301EF07D
:10A4B000829B006B6C410C0983A1402B6C390C19F9
:10A4C000A19B402B1690048BFC0EE4246C490C09D4
:10A4D0003E0EC02B4C03810140166551E080008682
:10A4E00065594C03910140166AA94CA14C01C02C3E
:10A4F000C02C6AB96AAD4CA14C01C02CC02C6ABDFD
:10A5000000908265827B6C046A914CA10404402C0B
:10A5100001B5FA80211B81110285827B4CA181014A
:10A52000402C6A9181218111903B0C0BE8004688F8
:10A53000170A83014CA1F430002C0A95842812904C
:10A5400004940445FC149A80422ABE2404B466860E
:10A55000C517FA8002108E13C51DEC044CA190257E
:10A56000C02C6A958C0B0311680044A80080903BB6
:10A57000010AE41C82B5F4206A994CA10080402CA9
:10A580000604E42085117A808E2B0C0BE8004388AA
:10A5900082A5A18B6A9D4CA10080402C0604EC048E
:10A5A00087117A808E2B0C0BE80042A864854CA1A1
:10A5B00000604026C0B26691891101B514A44128FB
:10A5C0000210FA8084A3EC0464854CA1A11BC02670
:10A5D0008191FCD598F1120BF27C0C0CA10BDD9350
:10A5E0000C29F0F5402B6C1DE00C027668045FC866
:10A5F00012768C0BA30BE00CFDD5EE75FA7C040CE7
:10A60000EC301EF0847B008B708440820029866BC6
:10A61000402C6AA14071C6174026649566A10600C9
:10A620004061C0B2402664B5232B81A17C1E9121DC
:10A630000416831102864000BE3EC00064D540214E
:10A640004011C026C02664F59003FC0487B5BC0EFB
:10A6500000747C944260E0905602F03C900B798448
:10A660007A8002B4435894937098E800A111684C22
:10A67000618C02943E198E99101383310229B33FE5
:10A68000402C6B41486A9D413C34E6924221A62F02
:10A69000402C6B4114338E43464182A1C02C6AC1C9
:10A6A0006B5146B14601C02CC02C6BD18008BE0452
:10A6B000E004004A6200000CE004001A6200001C82
:10A6C00080738063F0B5B1AB0C0C98F1DD93F27C34
:10A6D00061900414442AA9310614668E8E39E184EF
:10A6E0008121040381310603000001E5C09C6781DC
:10A6F00070140049E080420AC1900844254F9E49E9
:10A70000A83F8821E040040A5D93FC95FB8000345B
:10A71000E47C030A041482B58E19618C0009840359
:10A72000C02C6B41E484404AE200000C5D93DD9351
:10A73000C1C38101E57C030A041482B58E19618CC2
:10A7400000098403C02C65C1E484404AE200000C87
:10A750005D93DD93C1C38101FA00004C6471000078
:10A76000041440AF000BE08480137C08E50002195C
:10A77000684C6868D0078211F200084CC1C3DD93B1
:10A78000FA7C044C6C590019829B402B887B0A6B25
:10A7900084AB068B8111231BA19B8825A1AB80A5CF
:10A7A000A18B806500298295402B6C1DE0084296A4
:10A7B000680451A8E00856968445A30BE022407A2D
:10A7C000E122427AE02A400AE026421AE6A2400A42
:10A7D000E026400A020282031816EFFC960B81B1B4
:10A7E000F27C0C4CC1C3DD93FA7C044C6C5900190B
:10A7F00082AB402B887B0A6B849B068B8111231BC9
:10A80000A1AB86E5A19B80A5A18B806500298295DF
:10A81000402B6C1DE008429668044E68E00856968E
:10A820008405A30BE022407AE122427AE126400A25
:10A83000E12A421AE6AA400A020282031816EFFC35
:10A84000960B81B1F27C0C4CC1C3DD939F210111A9
:10A850008131039568840824FB800634E34F804FE0
:10A86000618C0A44E184184484C902591844385F51
:10A870004647E084385F88C9A85F90498811235F04
:10A88000020AAA3FF8F5E04000345D93C1C3FB80A3
:10A89000FA7C040CEC701EF09D8100AB81911E0BC4
:10A8A0009D1101550210419CA11BEC0400A0FE95D6
:10A8B00040B165F181459D110210419CA11BEC0442
:10A8C00085C5FE9570A44CA2FA800E946EF10CB969
:10A8D000940B402B6FFC7308000A8E1B86B5F004A6
:10A8E0006CE914090C19C02CC02C62B1FA80000468
:10A8F000FA8002148435830B73C040B047079E1B57
:10A90000022B9EB983317C008013373FA62F940B16
:10A910008E1B042CE8004248120A8291F475E14033
:10A92000648D00E69E1B40209D2101650420453A70
:10A93000C13CEC04FE75A12B648D40A69E1B4020FB
:10A94000452A8155EC041080A18BC12C7998FE75A5
:10A95000940B68440C0CB8F1DD93F27C8331001346
:10A960006EF102190414C02B9E19618CA33F3C297F
:10A97000002B8403C01662F94033A43FC01662F96D
:10A98000C1C3DD93FA7C040CECD01EF002F0009BF6
:10A9900061D8E4C004F0680C1239E4B0C02B6C49F3
:10A9A0006C4112091219C02BC02B6C456C4D1289D9
:10A9B0001229C02BC02B6C39403A8D3E1239E682E9
:10A9C000C02B6C3D6686548AE188020452019101D5
:10A9D000402664810F2EC5A75221920BC026649198
:10A9E0005231893EC02664B112B98B1EC02B6C5106
:10A9F0006C5512695211C02B402664D1E4A002F0BC
:10AA000064F152A16D98C026807BE80C80C5A17BC3
:10AA1000E8F10E0BF27C0C0C45B7DD93E18806647F
:10AA2000A1BB7CBEA13B8065122982F5402B6C1D29
:10AA3000E0084296866B120B68007D68E0084E962F
:10AA40008C3B230B0D04F8C57C14C587E00C4BF63A
:10AA5000600E488AC50781B1E006440A8B148F0452
:10AA6000BC4EBE2E424A02030924E68AEC040000D2
:10AA700084A3FE0E6C0400A08D0E81A1653D5211D1
:10AA80008BE5C02CF0AC4C926EF10C094C51C02BF4
:10AA9000C02C62B163F14C514200C02CC51DF03C8A
:10AAA0008D4492D59275C81DC9077E1490F5C20DCC
:10AAB000C30D8F1400B4909544B0618C3E09F01C16
:10AAC00012038341E888044465C10019868B402C39
:10AAD0007A8008A4E4900AF058127C140B34F988A8
:10AAE000FA80043465C140C1920B402CFA800214F4
:10AAF0006FFC6488FA800634A17B807B3E04E255BB
:10AB0000E4800AF0E0901E49E0A01E3902043C04F3
:10AB10004C41FA80C02C63F17A8004046658920B91
:10AB2000807BEFFCDCB5A17B60801E09103B82A11D
:10AB3000E00C4BF662B14C018924C02C170A82B19B
:10AB4000E825E53C68004108807B920BD835A17B65
:10AB500060B01E291E19920B4A78E0C06B95EFFC7D
:10AB6000C1C3807BFA1C040CEC301EF08181006BA9
:10AB70006C590C09A30BC02B02F08A858C0B642046
:10AB8000E80C628888D5A10B6FDC400680088191B3
:10AB9000E080404A04F100600060C0AD80AD04F97F
:10ABA0000315800AFB800E047A800284E41008F00A
:10ABB0008C0B0121680042887C0A8E3BFB8012943A
:10ABC00080938281C18DFC044C93FC15C016629960
:10ABD00098F18101F21C0C0CC1C3DD9382F5FC1DC0
:10ABE000021483318211FA80F438030A08148215A2
:10ABF0000834FA80804FE890FC85A14B810108164B
:10AC0000C1C3DD93FA7C040CF80010FCECF01EF0DC
:10AC1000805B029B63FC120AFC2E8101900CBE4EED
:10AC200080000BA810504937C0B066B10E503C3EB2
:10AC3000C0B0643181A101B181617E5E0E0985855C
:10AC4000930BE3C0FC04883580F5A30B6CE90A097B
:10AC5000A018C02C8615830B7A8002B456B88A0BD4
:10AC6000000AEFFC1E55F00482D5C00C02A41C089B
:10AC700004F0E08882A1645082237E54806370AD2A
:10AC8000804588BE02B1819582718281E53C170AB8
:10AC9000A1ABF4E50A8BA005C0156A7DC987BC1479
:10ACA000FB8000146A810A0BD10D40159C005010E6
:10ACB000FB800284C01DC907DC005000EC18510A5B
:10ACC0003E148465E090006400F0040C0195E450AB
:10ACD00041249F11EC0414A044118A23C02C6171FB
:10ACE000FE15A1AB81318B850034850502F06088AB
:10ACF0000215E4500014FC008A03E0846E39002B36
:10AD0000810140158285A12B444A81014420E080C5
:10AD100040FF13F9C404000004247E350A13C184E3
:10AD200042018231C02C6171F815953B947B21065C
:10AD300083A3A143E80012CCEC204E8A12F08A25AE
:10AD4000FFB16450D5BD82B1246488456471005060
:10AD500004F0C0AF0264E44080636084FC04000B34
:10AD6000E5000C19EFFC73C888912108E5000C1967
:10AD70000260830B40010501DB800E74400042013C
:10AD8000C4040E704E8A7E54F6B5EC203E04C1C356
:10AD9000807CC877F8F10101F00018FCF27C0C0C03
:10ADA000C1C3DD93FA00040C0246026B0414E128CF
:10ADB00084348321657500190045C01BC0066D49A8
:10ADC000657900098231401BA111232F880B212FA7
:10ADD000EFE85B288101180EF2000C0CC1C3DD9373
:10ADE000FA7C040CEC501EF0887B008B650D10097A
:10ADF000826B402B60880274101384AB230B81217B
:10AE00004225869BC00B61A5A70B8225100B8C7574
:10AE100040156A79910C81B13E5E850566910010FE
:10AE20007C0EC0B142B8900B8E1B680002F049073F
:10AE30003C1EE440FB80160464300AF00C1B900BAF
:10AE4000123B942B43B8964B7E14E800FC24A10BD4
:10AE50008435881EBE54910AFB8006040416973B75
:10AE6000408040004270DC0048505C006CB8DC0060
:10AE70008101CFFC0C0CA8F1DD93F27CFA1C044C90
:10AE8000807B026B81810191407283250009F0A4CF
:10AE9000C02C63F1E3FC000A8D0B8225029480F53F
:10AEA0008E0B7A80EFFC45A882918083E140120AE4
:10AEB000900BFAB5F21C0C4CC1C3DD93FA7C040C68
:10AEC000EC501EF04006006B0004E118191482BB20
:10AED000088B8A7B0008869B7E1E84AB4AD8911122
:10AEE000002BEFE8E44000F00A843E0E3C7EE09048
:10AEF00064E10660160BC0AD6C98941B924B6FB466
:10AF0000A17B807B0C298265402B6C1D56B88C0B75
:10AF10008E1B68008101230B090480E5C90781713C
:10AF20006FFD00027E14C0FF040CA8F10C0C8E0B08
:10AF3000DD93F27CFA7C040CEC301EF00200026B14
:10AF4000C0B0657116007C1EC0AF66F181913E0EE7
:10AF50007FF44E0E01A19D8103A58101AC188131C2
:10AF6000703C4410442AC9178223E6A282B58D2B77
:10AF70001619FC04B403E2807881000B82114001B1
:10AF8000E84867E88301003B6C0814A08FAB82B1EE
:10AF9000A10BF8F5BE8486354E8283450E09F0A4D8
:10AFA000C02C6AC182958D0B7A8002947B18900B1D
:10AFB00086AB6FF8A10B143B0BD10E398291C02CDC
:10AFC000E080120A0034FA7598F160A0F27C0C0C53
:10AFD000C1C3DD93FA00040C0206006B5CF8E2804A
:10AFE00043F6E8480586600C4738E0108C0B6FACE0
:10AFF000457601110C0BE0000C0C8C3B3D38F20047
:10B00000C1C3E040FA9C040C4096006B4C01E00484
:10B01000402B6C1D0206827B8C0B6280E8485B082B
:10B02000E4400E8A0C2982D5402B6C1DE00042B60C
:10B0300068004DA850B68C0B230BE0008C85817105
:10B04000618800740609919104948311A11F69809D
:10B050004022C82781117984441281A5044AF91C31
:10B060004462F80C82115084C0004401E040020A9E
:10B070000111FCB50C0B9F2166B88C3B808BE8401E
:10B080008455A18B6AA90C09A30BC02B00608435E1
:10B09000408B66B1E0100206411E8145EC0412901F
:10B0A000FE95A19B900B8181F29C0C0C0C0BDD9307
:10B0B0000C0C8C1B17D8F29CC1C3E03CFA00040CAA
:10B0C00061004C46E004453640219814C02B6C1DAD
:10B0D000442084288426F3EC84289814F3F8442030
:10B0E000434604266158E01C832168448018980474
:10B0F000F3F442100C0C8016DD93F200FA80000C81
:10B100004186003B0004E148E00409466C1D4641CD
:10B110008048C02BFC9C084441C600468004E1489E
:10B12000830100166C2546218111402B6FF05E686B
:10B13000080C862B3358F280C1C3FFECFA3C040C98
:10B140008101006B68144E888181811168286B68C9
:10B150001286807BA404E13C421080188016F3BC68
:10B16000E8306EA8951103A18C0B0321E8445D28FB
:10B17000E11041468486801480A680048018A404CF
:10B180000016E01979B88C0B00C6EFFC8004E12CA6
:10B19000421080180016F3F8E1184106008680047A
:10B1A000E114410680188004F2FC4210414600166A
:10B1B0000004E11400868311E1144186008C8004B0
:10B1C000E118000600868004E1180046008680042D
:10B1D000E11800C6008680040C0C8E0B09B8F23C06
:10B1E000C1C3E014FA3C040C816102AB807B21AB4B
:10B1F000419C0CA4E00401166C1D4E01849B402B65
:10B2000050044C6048788101811168144256008BCB
:10B210005E38E0008E0B68140106216B4E01E004DD
:10B22000C02B6C1D012688A5941B60046C1D4E016B
:10B230008E0B402B6FFC764841C6922B402072FD4E
:10B24000600102068004FFC00206020FC02072C126
:10B25000FCC4000401C6040E8004E1988475A30BAD
:10B2600072C102068E0B4020EFEC5A68013681F560
:10B27000941B60046C1D4E018E0B402B6FFC7408F8
:10B280008195922B6800416842968E0B8E0B600070
:10B29000E8145A486000426659F88E0B0311E8140E
:10B2A0004398900B8C0BE814F23C0C0CC1C3DD935B
:10B2B000FA84040C0C0B806BC0156E0972F9400007
:10B2C0004C03C0FF40156E094C018101C02B64D5B1
:10B2D000E8007CE88C0B007BE8185F8868007C083D
:10B2E00049388C0BA17BE80C4A1886258C0B68002A
:10B2F0006800418801C68C0B42466FDC421EE004A8
:10B3000002168311E01C4346F8084015EFF04EE8A2
:10B310000C0C8C0B0BB8F2840C0CE00CDD93F2845B
:10B32000634900198121402D6E514021A131402CEB
:10B33000680940234023C00A400A680D4025E019EF
:10B34000400A611D4021AF2140286491E00C45F680
:10B3500067C940210406402D4023E0084013698559
:10B3600040119121402D6349601102264021C0C047
:10B3700040276315E0100586656540314033C01BEA
:10B38000C0146241698140334031C01340276311CA
:10B39000E08C0606632940150256400BC00160018F
:10B3A00069914023458640134033E000401369957E
:10B3B000E0004686640140158D114005633140214F
:10B3C0008921402763354031003BC027C00A6931DD
:10B3D000681140138311400A6C614021852140228D
:10B3E0006C6540219D214022681540134011C00A20
:10B3F00040226545E00803066FB140210434402235
:10B400004011FCA8C01B656D654D40114011C02264
:10B410004028648940119511C028648D6FB5401192
:10B420004023C022C00A6931C1C3DD93F83C044CFB
:10B43000600C53F640918531402C6CFDE008050608
:10B440006369409153F6402DC02072FD605C0FC6C9
:10B45000E00455C664E140950906400B4095E07C48
:10B46000400B64E54021BD9140296E254073832146
:10B4700040156DB1E00C0E866E8140A1B7A1402C45
:10B4800063A940911256402DC020700165314031B2
:10B490001006402B4031E008402C6E8DF900180654
:10B4A00063414031020E402DC0BB63C16A3140315F
:10B4B0004686402D4043E00040156AE14073A341B9
:10B4C00040156DB5E0CC0ED66E8940A1ABA1402CE5
:10B4D0006225403346C6401C4021E000402B6511E8
:10B4E00040218B61402B65D140219151C02B668159
:10B4F000668540214021C02BC02B6B8D6B91402174
:10B500004021C02BC02C6D616E5D40214021C02CBC
:10B51000C02C6E616E9140214021C02CC02C6E99D0
:10B52000633140214095C02DC00B64ED64F140951E
:10B530008D91400B681D40214021C02DC02D69D93F
:10B5400069DD40214021C02D402D6A7D4041A92167
:10B55000402B65C9EFF049866D9540C5180E400A2D
:10B560004073FFC040156DB9EFFC4FF66E9540A1DA
:10B5700014C6402C4091E00C402D63D172BD53F6AF
:10B580004023C020401C6211E01044C662294033B1
:10B590000706401C4081E018C0296E216E294081B9
:10B5A0004081C029402C6E9D4043B58140156B19E8
:10B5B000E02409866D9940C51806400A4073E040B2
:10B5C00040156DC1E0004E66634940A11586402DCF
:10B5D0004023E060401C62154033A121401C622DD5
:10B5E000E0F84606632940814081C02DC02D6339B3
:10B5F00063D940814081C02D402D640968011066E7
:10B600004095C020C00B64F964FD40951206400BC4
:10B61000C020600164594015811140056B1D4043F5
:10B62000994140156D9D40C589C1400A6B95407197
:10B630008F71402B69A940A387A140166231403326
:10B640004646401C4095E0F8C00B650565094095ED
:10B65000B991400B651140854085C00B400B6515C5
:10B6600040239381C01C6221624140234023C01CBF
:10B67000401C6245E0180406620540114051C015A7
:10B68000C02B65CD664140414061C02BC02B6AA1F3
:10B690006AA540C140C1C02BC02B6B896D51407160
:10B6A0004071C02CC02C6E596E6540C140C1C02C89
:10B6B000C02C6E696E8540514051C02CC02C6EA5C7
:10B6C000632540614061C02DC02D633563454061F5
:10B6D00040A1C02DC02D6359635D406140C1C02DA4
:10B6E000C02D6361636540614011C02DC02D636D45
:10B6F000637140A14061C02DC02D63A163A540616D
:10B700004061C02DC02D63D5640140714061C02DE2
:10B71000C02D6405643140514061C02DC02D643599
:10B72000643940914081C02DC02D646164654061E1
:10B730004091C02DC02D6469653140714071C02DAC
:10B74000C02D6535681140C14051C02DC02D6A35EE
:10B750006A3940A140C1C02DC02D6A7162194013E1
:10B760004043C01CC01C621D623540334013C01CE6
:10B77000C01C6239623D40134023C01CC01C62499A
:10B78000624D40234023C01CC01C625162554013CF
:10B790000C4CC01CDD93F03CF83C044C614C44461E
:10B7A000E4500A0091C10A140C864834C000619527
:10B7B0004E860844C0006195E686443A619006448E
:10B7C000E4100800558A8355EC0418C0C987D1924B
:10B7D00066A2502AE1F41494508A86A99493600ECC
:10B7E000FB001294508A8597D99EE686A1CBDD8E08
:10B7F0000012FA75619904860202C000619906C6BA
:10B80000881EC0000C4C8C0EDD93F03C04C6000278
:10B81000C0006199840D88245A005C08C0000006AD
:10B82000619504868834C0004486870DC000019568
:10B83000C000042504358EB5870DE01C019904462F
:10B84000042580008C858000833101A5FA800834AE
:10B850000845C447804DFC08823180B5F418070ABA
:10B860000630FCC50A34EC040850FA80C45764045E
:10B870007C080A350825C447A623FC080605A12B29
:10B880008000040661955886460240000A55F18CF6
:10B890000845FC30AA43FC30E17C18449843F5C7C6
:10B8A000463A8D47443AE692CC27E08A04148A232C
:10B8B000619906868C34C000FA004032E682400A64
:10B8C000E082402AE40042CAE200000CC1C3DD93DA
:10B8D000FA7C040CEC501EF0828B7C2E866B621876
:10B8E00075B8BE1E6008EFFC81A19181E100000ADD
:10B8F000104609157C14C000000496038013FA80DA
:10B90000EC0002198885C3AD400ABE149403E68694
:10B91000FA800E0460840074E08802747C040C15C4
:10B9200000038C03C0016C01619C0414E43002F03C
:10B93000C5077E2E00F0110C7698E440A10BEFFCB9
:10B9400050984E72C00000E60C014E018291C00476
:10B95000FA800094F415D10D8211BC14FA80001401
:10B96000560AD10D120646A25E15C000FC35C00075
:10B97000BE0482A17C7581ABC00002060C0CA8F14C
:10B98000DD93F27CF87C04CCE45DC25840089895C5
:10B990008F5E81416100000A0B959101C000004655
:10B9A000107498734E12FA800E99F0A0D34DEC00EB
:10B9B000508A8E858883E696FA801084F0A05422FF
:10B9C0006C0114B9BDBBC004214B8C1564010E7011
:10B9D0008A15C00388D5A59B64041280640014A056
:10B9E0005622C013068470A416B9E08440046C018A
:10B9F0008483C487169428B61420E084400E640122
:10BA0000145BC49786A37C2C0455A85C205EFC24A0
:10BA100064010A200A8BC00C86537C2C8F54948CB2
:10BA200006909C989C36EC040E648261C17DFA807D
:10BA30008D34EE1518348231C1CDFA80468258CA51
:10BA4000C0000C06C0185E358241FC357C958B4BDE
:10BA5000C0000606F07C0CCCC1C3DD93E114424665
:10BA6000841884146BF14011DD93C02BE14C000667
:10BA700080088004E000004AE200000CC1C3DD93AE
:10BA8000614C000680048111DD9380166148418677
:10BA9000E19805C683310004C2198018883E8016DB
:10BAA000C1C3DD9361484186E19805C68131000438
:10BAB000421080188016F3F8DD93883EE1484186F5
:10BAC0008000800441C6A10D000581480019800056
:10BAD0004210800040119C04DD938000E1484186C3
:10BAE0008000800441C6A10D000581480019800036
:10BAF0004210800040119C08DD938000E14841869F
:10BB00008000800441C6A10D000581480019800015
:10BB100042108000401193F4DD938000E14841869B
:10BB20008000800441C6A10D0005814800198000F5
:10BB30004210800040119C10DD938000E148418656
:10BB40008000800441C6A10D0005814800198000D5
:10BB500042108000401193ECDD938000FAFC040C4D
:10BB60008101006B680C7D8881818111613456866A
:10BB70002C04807BE14C1306832103A1A40480865E
:10BB8000A4048086A40480A60C158086C00B69F9E5
:10BB90004086A11B00158FDC8C0B0000E8404D484F
:10BBA00083112C04404600A68004E134A40480A63E
:10BBB000A4048086A40480A68C0B0086E810696823
:10BBC0008E0B0311E80C7A8867CD0C09A409C02DEF
:10BBD0008275A50B6C210C09A70BC02B8C0B80D593
:10BBE000F2FC0C0CE02C0E88F2FC0C0CC1C3DD93B3
:10BBF000FA7C040CED501EF09711006BE8104EE833
:10BC0000EFDC4246400084088406F3F862650C09C4
:10BC1000404AC0152258E08C0C098000C02D6B856D
:10BC200021F8A10B0660800040B667A1E004000681
:10BC3000645004F08145811100004916A10BEC0409
:10BC40001921FE953E3E81511B488101000AE0000A
:10BC50001B48F000525AC0008693E68AE02012A9E1
:10BC60001249A1AB15F8802812B98000B1AB602C45
:10BC7000E0281249E18400B440407C0E890EF0FCBB
:10BC8000AC05FE4E1E05B3AB4002801000499098F3
:10BC900080150F4180000BA88EE5B5AB1E05B7AB34
:10BCA000400280100041909880150E410C09AAC5F1
:10BCB0004015621189C4B9ABE68240CA9A8000047B
:10BCC000909840020E410049A6E5801AA425BBAB1E
:10BCD0008A45BDAB81413FAB140AA6050C45E04047
:10BCE000800D0859140AA2850C45E044800D085DBA
:10BCF000140AA0C50C49E04880360185140AA0C585
:10BD00008685E04CE050140A890488158C03C4072A
:10BD100068E500458F35C00DC2078904004B8C03D0
:10BD2000C00A6DA189048F2500418C03C0156E41A6
:10BD30006D4100010D35C0158904A0438C03C40773
:10BD4000686500458BB5C00D080409243C5EFA8087
:10BD50008C2389016F410439812140150E248545CA
:10BD60008873FA800E708C73C06B6641110A988BD1
:10BD70000635F41CC40404207010000AE404188082
:10BD80001C58FCD5FA80108410898C83C02E67C1A2
:10BD9000FA800A54FA801084FA35915B93C1040B3F
:10BDA00089217BF5F40C448A18067675000AC000D8
:10BDB00004047010A215FA80E080561AA0000858FA
:10BDC00006F07C040944E450BC548321E080400A1E
:10BDD0005C100629F09040324420BE348026D00406
:10BDE000890495058C03C40764D100458175C0059D
:10BDF000C407890400458C03C00565D160010006B5
:10BE0000814BFC00800008F8E02412098445AB0B4C
:10BE10008465A30B8865A50B8885A70B8A85A90B6C
:10BE2000A015A10B814DA404A60490358265804D18
:10BE3000A40487D5814B0395814DA404A604809565
:10BE40008C85804D04F07C048944E4506080400A75
:10BE5000040983010735DC10D004400001E5A40487
:10BE6000A604804D09C4804DE45000F00029FC3444
:10BE70008265FC30A404831509C4814BE45000F0B2
:10BE80000029FC348205FC30464A7E440406E080EA
:10BE9000018580007E44843BE080460A4620833151
:10BEA0009803D004BE3480367C0481D5E45004F07D
:10BEB000404A894481016080DC10040988237E4463
:10BEC00007158806BC549921564A845582E5E080BE
:10BED00006F07C0409C4E450FE448121E080404A1D
:10BEE0005C300629F0B04032FBE58026010A3E3482
:10BEF00084F5F40C8685AFAB8A85A5AB8C25A7AB02
:10BF00008CC5A9AB8E85ABAB9025ADAB8235A3AB11
:10BF1000C227882304438C23400C6D21EF559921BF
:10BF2000FE44992172004040094582510823CF0701
:10BF3000664100600624C05880236084640104299F
:10BF4000860340046C010043BE34C0010705C827C6
:10BF5000882384438C23C427689104458585C005C4
:10BF6000C427882304458C23C00660918823851547
:10BF70008C23C2276921044B9921400C8823E96551
:10BF800004498C23401A6A41E7F59921006008238F
:10BF9000C05866416084062404298023400460015F
:10BFA00000438603C0016C01C827BE346575A443F5
:10BFB0000B0A992124C8E4FC4C159FFC400B69ED49
:10BFC0004C158101400B69E985A58121645006F07B
:10BFD000EC8008107C040639FB904A12647C030A4A
:10BFE000EC7C08526C00104406CBA8531806821152
:10BFF0000EC4800081C168909C0058306F9006C4C8
:10C000004682A9CFB80F788C0652267F4C05EC04E7
:10C01000400B69E9AE2FA77F69ED4C25020AC00BE2
:10C02000F4B5E100A10BA40F0C098805C03864C564
:10C0300064C10C19430DC03864C5006086F5C0E1C9
:10C04000EFDC42468818822B8816C2196E0D0C1937
:10C05000A31BC0368000021603114C1181F58038F5
:10C06000C209840883258406EFDC40468408801BCF
:10C07000F3F8400000600406C0E164C5020A8018BD
:10C080000210E3FC4011C4041EF0C0000C0CE5508B
:10C09000DD93F27CEFDC4046802880180419C2173B
:10C0A000F3F444208026A22FC1C3DD93EFDC028687
:10C0B000E0700229E084440A9A005C0864D50029F3
:10C0C000A72BC02B800002299C2044208000422105
:10C0D000FFFC1468FA00040C6C5100190029C02BF5
:10C0E000C0156141E08406146686422AFA80043451
:10C0F0006C494031060A402B421AF0004011E00A18
:10C10000C02B6C41810180A5F2000C0C0029DD934D
:10C11000402B6C1DE00842966FF84668E0084C968C
:10C120000C06A30B8C0BC000F2000C0CC1C3DD93FA
:10C13000FA00040C6C5500190029C02BC01561458C
:10C14000E08406146686422AFA8004346C4D40313D
:10C15000060A402B421AF0004011E00AC02B6C4541
:10C16000810180A5F2000C0C0029DD93402B6C1D91
:10C17000E00842966FF84388E0084C960C06A30B43
:10C180008C0BC000F2000C0CC1C3DD93FA04044C0C
:10C190000C09806BC0156145EC040200F41C030A15
:10C1A0000C1982D5C0156141EC040410F424050A71
:10C1B000400A80D5008AE6868435E5446C1D0C294A
:10C1C0000FF6402B03F6E0088C0B6008EFF840C830
:10C1D0000D78A30B0C198000C015614161510C0949
:10C1E00004144015440AFA80050AE68A8295E4A000
:10C1F00061450C290C39C015C0156155E68A443AD1
:10C20000E484048A0C298495402B6C1DE0084E764A
:10C21000600842767E788C0BA30BEFF480000B282D
:10C2200061410C190C09C015C01561517A800214C6
:10C23000FA80040461490C39422AC0158613E68647
:10C24000E4A0030A0C198415C015614561550C2939
:10C250000C39C015C015614DE686422A028A861344
:10C260008415E4846C1D0C294E76402B4276E00840
:10C270008C0B6008EFF47B88A065A30B61510C095F
:10C28000000AC01586D5F01061550C09A90BC01520
:10C290000C098635C0156141E080404A0C0980E5F3
:10C2A000C0156145E080400A0C2982A5402B6C1D19
:10C2B000E0084E066008420679588C0BA30BEFF499
:10C2C0000C099805C0156149F80C004A0C098465F1
:10C2D000C015614DF80C004A0C0982A5C0156151CA
:10C2E000F80C004A0C0980E5C0156155F80C000AED
:10C2F0000C2982A5402B6C1DE0084E1660084216E2
:10C3000077188C0BA30BEFF40C098E85C0156141D7
:10C3100088B5A30B61450C09A30BC0150C09881542
:10C32000C0156151EC100000F430010A0C0982556F
:10C330004015615500008171008AEC108835F43495
:10C340006C1D0C294E36402B4236E0088C0B6008E1
:10C35000EFF474A80355A30BC0000E0661510C093D
:10C36000B10BC015A90B82050C098415C0156155C8
:10C37000A90B016561550C09B10BC015817100D580
:10C380000C4C8E0BDD93F2046C1D0C294E26402BB9
:10C390004226E0088C0B6008EFF472680E06A30BCF
:10C3A0008E0BC000F2040C4CC1C3DD936C5100191C
:10C3B0000029C02BC02B6C556188061440118311D5
:10C3C000402B6C59E1880824E692443A6C41403194
:10C3D000040AC02B892160406C4940214021C02BB8
:10C3E000C02B6C4D6C4540414011C02BC02C6C796A
:10C3F0000C6940214021802B802B0C6D0C81401159
:10C40000DD93802CFA0004CC8101006B66350C1B97
:10C410009906C016424A9106420660804C11E0041B
:10C42000C02B6C1D80000C986FFC6B28A10B8C0B33
:10C43000C0000C3861410C0904F040150C19E420CF
:10C44000C01561456682401AE43002F063094C0170
:10C450008C0B4015E8004BC861490C099918C015B0
:10C46000614D0C291138C0150C09C50740156141F3
:10C470004C118013402B6C39E188082461510C1950
:10C480008643401561550C29A30B401561450C39B5
:10C490004C41C015C02B6C3D6C514C114C21C02B34
:10C4A000C02B6C55060A821580B5F0046FFC780825
:10C4B0008F258C0BF40C070A4C218455402B6C4DB6
:10C4C0004C31EA0DC02B6C4560588C258C0B6FFCF1
:10C4D0009C55A10B6C410C0985E5C02BF010060A98
:10C4E000680D86154C218931C02B6C4D6C454C3143
:10C4F0008685C02B6FFC5F08A10B8C0B0C0996B5D1
:10C50000C02B6C418615AB0B6FFC6148FD158C0B85
:10C510006FFC6108A10B8C0B0C0992F5C0156141F1
:10C52000F495E80D6C510C194C11C02BC02B6C49C3
:10C530006C414C010C19C02B402B6C45FA80000457
:10C540006C4D0C39401AC02B0C19E682C02B6C556F
:10C550006C510C09000A402B0416E0404C2180006D
:10C56000802C0C816C490C294C11C02B002B0C6DBC
:10C57000FA8002140C694C01443A802B401AE68A76
:10C58000402AE6824C01E002402C6C79FA800204D9
:10C5900066314C134498C0168C0B68008295A10B31
:10C5A0006FF05F28A10B8C0B6D1880F58C0B682445
:10C5B000683047E821118C0B4C118321C01B656149
:10C5C00065414C210CCCC022DD93F200681100497A
:10C5D0000039C02740276815088A81010844E540D2
:10C5E00000408188068A0C500406E500063481016B
:10C5F0000034818800009A8088068C40A13B8438F2
:10C60000C4080630C1880634C0004231C0000409A5
:10C61000FBFC000ADA800004C4080000C1880004A2
:10C6200040004401DD938101FA00040C680040C819
:10C63000A10B806B0C0C8085DD93F2000C0C8C0B35
:10C640008B55F200FA04044C0C19806BC02B6C5112
:10C650006C550C09441AC02BA12BE5020C39860538
:10C66000C02B6C4D6C490C490C59C02BC02B6C4530
:10C670006C410CC9464AC02B48CAE50E464AE5162D
:10C68000443AE50E0365E00AEFFC04226C1D0C2918
:10C690004E56402B4256E0088C0B6008EFF45A4887
:10C6A0008805A30B6C510C198121402B6C550C098A
:10C6B0000424C02BC2077A80042201714C01ED00D2
:10C6C000401B63054C11C217401B6301E0040006C8
:10C6D00063094C014C21C01BC01B630D63114C71DD
:10C6E0008E0BC01BF2040C4CC1C3DD93FA7C040C0E
:10C6F000EC301EF08101006B630D0C7902F0401BE1
:10C700000C99E420C02B6C516C550CA9FC0EC02B6D
:10C710003C06890645188C0BA10BE800C0001006EA
:10C7200000081E859095A10B641002F074F89E2BF2
:10C730008C0B6FFC8E65A18B6C3D0C390290402BED
:10C740003C48EC04EC0404A06C390C5981C1402B2A
:10C75000A8338908608C083464200660A053C06D3B
:10C76000C6570545124402C151CDFA80F0945412C7
:10C77000790046A1F0A4562282258CB66C510C9902
:10C780000A54402BC297FA80925301D56C550C493C
:10C7900081C1402B6C390C59C247C02B92432053A6
:10C7A0000E70C65782316C04F6B5A17B98F18101F9
:10C7B000F27C0C0CC1C3DD936C510039824B402BD1
:10C7C0006C4900290019C02BC02B6C41C1C38725BF
:10C7D000FA04040CEC301EF08101007B826B7C0EAD
:10C7E00002F03E0E7E98E4208E0B6FFC8415A10BA8
:10C7F000641002F041188E0BA10BE800FC04823596
:10C80000401ABE140002E682180EEFFC98F1810176
:10C81000F2040C0CC1C3DD936C550039824B402BE4
:10C820006C4D00290019C02BC02B6C45C1C381255C
:10C83000FA00040C8285A13BE50A401AE00E400A8A
:10C84000EFFC00028101100EF2000C0C0029DD93B8
:10C85000402B6C1DE00842566FF44C68E0084C56C3
:10C860000C06A30B8C0BC000F2000C0CC1C3DD93B3
:10C87000FA045E65EC100CF0741C5E60BC6E88619E
:10C88000FE8003FCF804170CEC301EF081938183CA
:10C8900041C6C183432661488004E00C41860016EE
:10C8A0008004E148021480188016FC9CEFE077A811
:10C8B0006F9C6B68C1C38101FA00004C614841C69E
:10C8C000E00C433600168004601100060004C0200E
:10C8D000E148438680188404FC9C02147618801674
:10C8E00069D8EFE081016F9CFA00004C614841C6B5
:10C8F000E00C434600168004601100060004C020CE
:10C90000E148438680188404FC9C021474988016C5
:10C910006858EFE081016F9CFA00004C614841C605
:10C92000E00C437600168004601100060004C0206D
:10C93000E148438680188404FC9C02147318801616
:10C9400066D8EFE081016F9CFA00004C614841C657
:10C95000E00C439600168004601100060004C0201D
:10C96000E148438680188404FC9C02147198801668
:10C970006558EFE081016F9CFA00004C614841C6A8
:10C98000E00C43A600168004601100060004C020DD
:10C99000E148438680188404FC9C021470188016B9
:10C9A00063D8EFE081016F9CFA00004C614841C6FA
:10C9B000E00C43E600168004601100060004C0206D
:10C9C000E148438680188404FC9C02146E9880160B
:10C9D0006258EFE081016F9CFA00004CE2C0002C2D
:10C9E000614841C6E00C43F600168004E1484186E8
:10C9F00080188004FC9C02146D38801660F8EFE00B
:10CA000081016F9CFA1C040CEC301EF06FF8430897
:10CA1000807B806B96A5A17B819105016C1D4C01EB
:10CA20000006402B009EE194641D106060B8C0AF0A
:10CA3000A10BEFE8870182654238A0064278EFF843
:10CA40006AF8EFF86058EFE00111EFE8EE10458664
:10CA50006F9C740800868C0B81116FDC6F9C73A82F
:10CA6000E00044C6600C0086E03C428660D94C156C
:10CA70000206400EC07D600160CD4C054C05C00E25
:10CA8000C00E60D160D54C058B01400E60DD4C05B9
:10CA90008301400E6D494C1503E6400A4C01E050FD
:10CAA000402C6E91E400000667394C134216401684
:10CAB0004C03E0004016673D600900764C13C0202F
:10CAC00040156E018096871164C14C118305C038F2
:10CAD00061940006641C10608014C0AF8311231B96
:10CAE0006C1D4C110206402B4015C0007DF8C000A3
:10CAF00018F0EFE08C0B6410E8105EE8A10BBE04A8
:10CB0000FC94825580E5A19BE134014680048004B9
:10CB100088B5A30B680C5DA820288C0BE00810B624
:10CB2000600802B675F88C0B4758EFF08C0B68382C
:10CB3000680450C8A18B8C0B6FF47A489C0050009D
:10CB4000EFF47A68EFE062E8831101016FE44D6869
:10CB5000100B8C2B0C0C98F1DD93F21C680C7908EF
:10CB6000008B8C0BA18B8C0B46188085FBE5EFF4BA
:10CB7000E8145E08A18B808B7718F6358C0B6FF468
:10CB8000E80044488AA5A17B6FF445287C988C0B6B
:10CB90008C0B6FF06FDC01C6E00442468311421E2D
:10CBA000434602164015E01C49F8F80846F8EFE441
:10CBB0008C0B6800614C00C6000497110016A39B03
:10CBC000E14C00469D11000482758016680C734884
:10CBD000008B8C0B41F88C0BA18BE8388145EA5512
:10CBE000683841A80C0B8C0B53788E1B8E2B6FE88A
:10CBF000A18B808B0111E6D503319F214BB88C0BA3
:10CC00007375E834C1C3808B612000C68004811134
:10CC1000010600168004E120014600168004E12090
:10CC2000018600168004E12001C600168004E12080
:10CC3000400600168004E120404600168004E120F2
:10CC4000408600168004E12040C600168004E120E2
:10CC5000410600168004E120414600168004E120D0
:10CC6000418600168004E12041C600168004E120C0
:10CC7000000600168004E124004600168004E1242A
:10CC8000008600168004E124DD93801662650009A9
:10CC9000024640150414E14C88098131442084285F
:10CCA000202FF3ECE1344086831104260016800423
:10CCB000E134404600168004E14C010688368024A9
:10CCC0008816802400368004E13440060016800473
:10CCD000E14C0086430600048016E000C1C3DD93EA
:10CCE0006805001B002BC00AC00A68016815003BDC
:10CCF000004BC00A400A6809002BE017400A680D83
:10CD0000005BA41F400A6811801EE037282FE0272F
:10CD1000822EAA3FDD93C03EFA045E65EC100CF053
:10CD2000741C5E60BC6E8861FE8407FCF804170CFE
:10CD3000EC501EF0819381830161C183E03C41F698
:10CD40006FA06008010681114F066198001AE14C3E
:10CD5000E138440688449C34001CC2194601A101F4
:10CD6000402B6C1D101683118804831141F6006658
:10CD70005E78E03C7638EFA01C04E8144D18811171
:10CD8000A8F1E808F0041F0CF6840FFCFD64BCF465
:10CD9000C1C3C153FA045E65EC100CF0741C5E60F4
:10CDA000BC6E8861FE8003FCF804170CEC301EF0AA
:10CDB000819381830106C18345066198001AE14C85
:10CDC000E13846868C548844001CC4194801A301EC
:10CDD000402B6C1D141683118C048111880480165D
:10CDE00067CD0019C819C02D67CD40118311402DA2
:10CDF000E80849881F0C98F10BFCF004BCF4F6809D
:10CE0000C153FD64FA045E65EC100CF0741C5E60A6
:10CE1000BC6E8861FE8407FCF804170CEC501EF011
:10CE20008193818341F6C1838111603CEFA058A8B2
:10CE3000614C4D069804A5116C1D40118511402BC5
:10CE4000E8084708E1384F4680189C04E080420A11
:10CE50000106864545066198801AE138C81988346C
:10CE60008C08801C8C06C20980188804F3F84210D4
:10CE700098048016E8347328022618044518E01038
:10CE80009C04E808400A800884C5E0846198010693
:10CE9000E13845068834801A801CD019C4098C08F2
:10CEA00088048C06421080180016F3F4E020022655
:10CEB0004378980441F6E8088311603CEFA05428B9
:10CEC0001F0CA8F10FFCF004BCF4F684C153FD6400
:10CED000FA045E65EC100CF0741C5E60BC6E886138
:10CEE000FE8407FCF804170CEC501EF0819381833C
:10CEF00041F6C1838111603CEFA05248614C4D0660
:10CF00009804A7116C1D40118711402BE80840A818
:10CF1000E13C0E4680189C04E080420A010684E54C
:10CF200004066198801AE13CE01988348C08801C62
:10CF30008C06C20980188804F3F8421002360016E5
:10CF40009804E010E8047EE880189C04E084420A1B
:10CF50000106860504066198801AE13C02148834B3
:10CF6000801CFC94C4098C0888048C06421080182C
:10CF70000016F3F4E02002367D3898049C04E8049F
:10CF8000400A80088A05E08861980106E13C0406B1
:10CF90008834801AFC9802148C08801C8C06C809FE
:10CFA00080188804F3EC421041C600168004E13872
:10CFB000421080188016F3EC001B9804C0156E090F
:10CFC000FC9802146E094013023640157A98E0402E
:10CFD0006E78E80441F6EFDC8311603CEFA04B284B
:10CFE0001F0CA8F10FFCF004BCF4F684C153FD64DF
:10CFF000FA045E65EC100CF0741C5E60BC6E886117
:10D00000FE8407FCF804170CEC501EF0819381831A
:10D0100041F6C1838111603CEFA04948614C4D0647
:10D020009804A9116C1D40118911402BE80477A8C0
:10D03000E13C0F0680189C04E080420A010686A5A8
:10D0400004C66198801AE13C02148834801CFC9C60
:10D05000C2098C0888048C06421080180016F3F868
:10D06000E010024675D898041804E804E00C4296D3
:10D07000E8044C6880189C04E084420A010686A5F6
:10D0800004C66198801AE13C02148834801CFCA01C
:10D09000C4098C0888048C06421080180016F3F42A
:10D0A000E00C42A64AB898041804E804E0200246BE
:10D0B000E804738880189C04E088420A010686A56B
:10D0C00004C66198801AE13C02148834801CFCA4D8
:10D0D000C8098C0888048C06421080180016F3ECEE
:10D0E000E00C42B648B898041804E804E040024650
:10D0F000E804718880189C04E08C420A010686A529
:10D1000004C66198801AE13C02148834801CFCA893
:10D11000D0098C0888048C06421080180016F3DCB5
:10D12000E08002466FD898041804E804E00C42C678
:10D13000E804466880189C04E090420A010686A52F
:10D1400004C66198801AE13C02148834801CFCAC4F
:10D15000E0098C0888048C06421080180016F3BC85
:10D16000E10002466DD898041804E804E00C42D6A9
:10D17000E804446880189C04E094420A010686C5CD
:10D1800004C66198801AE13C02148834801CFCB00B
:10D1900000048C088C06FC9480188804F37C4210F0
:10D1A000024600169804E200E8046BC842E6180440
:10D1B0004258E00C9C04E804420A801886C5E098B6
:10D1C00061980106E13C04C68834801AFCB402145C
:10D1D0008C08801CFC98000488048C06421080187F
:10D1E0000016F2FCE400024669B898041804E8044A
:10D1F000E00C42F6E804404800009C04820DFF1158
:10D2000000C686B58014E13C042484288426FC9C56
:10D2100080188004F1FC421003060016842AE1986D
:10D2200004249804042CFCB8E8000246E80467A82B
:10D23000430618047F98E00C41F6E8008311603C37
:10D24000EF9C78081F0CA8F10FFCF004BCF4F684E6
:10D25000C153FD64FA045E65EC100CF0741C5E6052
:10D26000BC6E8861FE8407FCF804170CEC501EF0BD
:10D27000819381830161C183E03C41F66F9C7628F4
:10D280004F0681110306614C1C04E198E13C4646BF
:10D29000AB41042A40418C54C02B6C1D7CBC002443
:10D2A000040C832194268B1180668C0463989C0463
:10D2B0009C04E804EFE055A8603C41F67418831123
:10D2C000A8F1EF9CF0041F0CF6840FFCFD64BCF485
:10D2D000C1C3C153FA045E65EC100CF0741C5E60AF
:10D2E000BC6E8861FE8C07FCF804170CEC401EF045
:10D2F000819381830161C183E03C41F66F9C722878
:10D300004F068111AD01614C83811C146C1D4201DB
:10D310008301402BEFE45708E13C41C604868014AA
:10D3200080048D119C048066E8045FC8603C41F66F
:10D3300070788311A0F1EF9CF0041F0CF68C0FFCA9
:10D34000FD64BCF4C1C3C153FA045E65EC100CF07B
:10D35000741C5E60BC6E8861FE8407FCF804170CC8
:10D36000EC501EF08193818341F6C1838111603CB2
:10D370006F9C6E884F068161AF01614C42019C1425
:10D38000402B6C1D537881011C04EFE45C988F11D5
:10D390000086E8048018EFDCF8C0020A801880E5F7
:10D3A000F0C04210E080020A9C1482B56C1502198C
:10D3B000420AC02B0019E0848018C070F3DC4210D0
:10D3C0009C0480166C150019420AC02B8445E08429
:10D3D00068045A88E01002764D589C049C04EFE4DF
:10D3E0006E09001B4210C015C0FD73FD6E0940138D
:10D3F0000146C01583116140001680040066831148
:10D40000E03C41F6EF9C69E81F0CA8F10FFCF0042A
:10D41000BCF4F684C153FD64FA045E65EC100CF0B4
:10D42000741C5E60BC6E8861FE8003FCF804170CFF
:10D43000EC301EF081938183001CC1834000E2C068
:10D4400002067F00840EE19CE340001C614C410613
:10D45000E14042C6B1310004834104246C1D4031D7
:10D460000846C02B8414812191110426E80455A894
:10D470001F0C98F10BFCF004BCF4F680C153FD6462
:10D48000FA045E65EC100CF0741C5E60BC6E886182
:10D49000FE8407FCF804170CEC501EF08193818386
:10D4A000001CC1834000E2C002067F00840EE19CA4
:10D4B000E340001C614C4F06E13442C6B3211C041A
:10D4C0004DC604144021E198C02B6C1D1816841819
:10D4D000527893119808E80482E5A70B84A5A30B62
:10D4E0008665A50B8855A10B02961C045198E01087
:10D4F000C183E8048385C11302961C045118E0809F
:10D50000C183E8048305C71302961C045098E020E9
:10D51000C183E8048185C31302961C045018E040BF
:10D52000C183E8048101C513004698068311614454
:10D53000812100048016A8F11F0C80260FFCF00446
:10D54000BCF4F684C153FD64FA04044C68005EE840
:10D55000A10B806BC0001D4863290C39018E402D42
:10D56000C0106CC963210C190C29C02DC02D632576
:10D57000618408345ED8823982496F9C1BF8A10B04
:10D580000C39C000402D63396CD1014E0C19C0100C
:10D59000C02D633163350C290834C02D8239618474
:10D5A0006F9C5D88A10B8249C0001AA863490C39A1
:10D5B000004E402DC0106CD963410C190C29C02DB0
:10D5C000C02D6345618408345C38823982496F9C80
:10D5D0001958A10B0C3BC000401669A96CE5010E5F
:10D5E0000C19C010C02D6359635D0C290834C02D7F
:10D5F000823961846F9C5AE8A10B8249C0001808E7
:10D6000063710C39410E402DC0106CF563610C192B
:10D610000C29C02DC02D6365618408345998823966
:10D6200082496F9C16B8A10B0C39C000402D63A92C
:10D630006D1D014E0C19C010C02D63A163A50C29EE
:10D640000834C02D823961846F9C5848A10B8249EF
:10D65000C000156863D90C39014E402DC0106D25EE
:10D6600063D10C190C29C02DC02D63D561840834F9
:10D6700056F8823982496F9C1418A10B0C39C000EE
:10D68000402D64096D2D008E0C19C010C02D640151
:10D6900064050C290834C02D823961846F9C55A81B
:10D6A000A10B8249C00012C864390C39018E402D8B
:10D6B000C0106D3964310C190C29C02DC02D643592
:10D6C00054788239864B6F9C1198A10B0C39C0009D
:10D6D000402D64696D41000E0C19C010C02D6461AD
:10D6E00064650C290834C02D823961846F9C5328ED
:10D6F000A10B8249C00010486F9C59A841F68101D6
:10D700008311603CEF9C51E863290C0903C6402D4E
:10D710008414E1388209C707424604060C09E1383F
:10D72000C02D6339C707841404068209E13840C656
:10D730000C298014C02D6349C927843846308229BA
:10D74000A43FF3F88004843663490C198028C02D67
:10D750008419C917F3F444200026A22FE13841C6EA
:10D760000C2B8014C01669A9CB2784384630822937
:10D77000A43FF3F88014843669A90C2B8438C016B2
:10D780008429CB27F3F446308436A43F0C1B800455
:10D79000C01669A9CB17802844208819A22FF3EC62
:10D7A000008600260C19E13CC02D63690016800438
:10D7B000E13C014664E10C158004C00B0186001EAB
:10D7C0000C15E13CC00B64E5001E8004E13C03C67F
:10D7D00063A90C098414C02D8209C50742060406FA
:10D7E0000C09E13CC02D63A9C70784140406820913
:10D7F000E13C40C664ED0C158004C00B4106001EE0
:10D800000C15E13CC00B64F1001E8004E13C434672
:10D8100063D90C098414C02D8209C5074386040608
:10D820000C09E13CC02D63D9C707841404068209A2
:10D83000E140004664F90C158004C00B0086001E10
:10D840000C15E140C00B64FD001E8004E14002C6DF
:10D8500064090C098414C02D8209C5070306040657
:10D860000C09E140C02D6409C7078414040682092D
:10D87000E14001C665050C158004C00B4006001E82
:10D880000C15E140C00B6509001E8004E1404246D2
:10D8900064390C098414C02D8209C5074286040628
:10D8A0000C09E140C02D6439C707841404068209BD
:10D8B000E140414665110C158004C00B4186001EF5
:10D8C0000C15E140C00B6515001E8004E14043C605
:10D8D00064690C098414C02D8209C5070206040678
:10D8E0000C09E144C02D6469C70784140406820949
:10D8F000E1340146800480048455BF0B6C1D0C2963
:10D900000EA6402B02A6E0088C0B6008EFEC46C880
:10D910000E06A30B8E0BC000F2040C4C8101DD93AC
:10D92000F2040C4CC1C3DD93FA00040C0C09806BAB
:10D93000C02D632163250C194538C02DA10BEF9C28
:10D940000C099435C02D633163350C194498C02DF2
:10D95000A10BEF9C0C0990F5C02D634163450C1998
:10D9600043F8C02DA10BEF9C0C098EB5C02D635957
:10D97000635D0C194358C02DA10BEF9C0C098C75ED
:10D98000C02D636163650C1942B8C02DA10BEF9CDB
:10D990000C098A35C02D63A163A50C194218C02D4E
:10D9A000A10BEF9C0C0986F5C02D63D163D50C1932
:10D9B0004178C02DA10BEF9C0C0984B5C02D6401EA
:10D9C00064050C1940D8C02DA10BEF9C0C09827581
:10D9D000C02D643164350C194038C02DA10BEF9C6B
:10D9E0000C0C8085DD93F20064610C090C19C02DCC
:10D9F000C02D6465F2000C0CFF983F48FA80000CC3
:10DA00006C1D00297EF8C02BA30BEFE841F6825570
:10DA10008111603CEF987968F280080CFFD81C28CF
:10DA2000F280080CC1C3DD93FA0C040C0C0B806B64
:10DA3000C0156E09E080400A0C298235402B6C1D10
:10DA40000C0C8C0B3CF8F20C4E46FFE80E09EFDC98
:10DA5000C209F810F8104E016C210C09A70BC02B5D
:10DA600042368CF58C0B6000E8005B88600442460F
:10DA700054F883218C0B683081811C08F3F8400036
:10DA80009C089C06F3F440004E819C060C0BE03091
:10DA9000C0156E0973FD40004C03C0FD40156E09B2
:10DAA0007B588C0B74B8E81C8C0B6FE8614400C683
:10DAB000E000424600868004E1440186008680043E
:10DAC00058B88C0B0C0CE80016B8F20C4256FFD874
:10DAD0008C0B6000E80058286E090C0B02064015FC
:10DAE000FFC06001FC9800046E094C0341C640155C
:10DAF000C02072FD020F800472C102060004C02023
:10DB0000040EFCC472C102068C0BC020F20C0C0C7B
:10DB1000FFD81528FA00040C8225A11B6F987128E4
:10DB2000400683110C0CFA02DD93F2007A024C06D7
:10DB3000E03C41F66F9870688C0B8111F2000C0C80
:10DB4000C1C3DD93FA7C044C1206006B14C6E008D6
:10DB5000574661141086E1108101613C817109957D
:10DB60006C1D4C918C0B402BE80044881415A10BC4
:10DB70000219C0008E75C000680048C828148C0BBC
:10DB80008418A10B420A8C958C25E0848E1B0C0B0B
:10DB9000E8004D08E0C8000A5CD88AB52C04E81CEF
:10DBA000832181119511001668304B482C048C0B91
:10DBB000801683118008A804E084404A40001605BE
:10DBC000C0000206C00040118018A004F3DC42101F
:10DBD000A0048016421080180016F3BCE11000C6A5
:10DBE000801880040016C219E0004126E87D827189
:10DBF0000C4CEE05DD93F27CFA0C040C6FEC79080A
:10DC00000E16806B42C660084C71E010402B6C1DF4
:10DC100047F881218C0B6830614400C6E1245086AE
:10DC2000A014800484388028E080464A444A8465F1
:10DC3000FE25E08CEFEC78486C1D0C290216402B79
:10DC40006D18E0088C0B6FE88095A30BE8304D0849
:10DC50004CD88195A004E830400A800880D5E08443
:10DC60008E0B8171F20C0C0C7698DD930C29EFEC85
:10DC7000402B6C1DE0080E26600802266B388C0BCA
:10DC8000A30BEFE8C0000E060C0C8E0BDD93F20C1C
:10DC9000FA0C040C6FEC74480026806B4286600816
:10DCA0004C01E03C402B6C1D433881218C0B6830CB
:10DCB000614400C6E1245046A014800484388028C2
:10DCC000E080464A444A84A5FE25E08CEFEC738848
:10DCD0006C1D0C290E46402B0246E0088C0B600898
:10DCE000EFE868288095A30BE830482847F883754B
:10DCF000A004E830400A800882E5E084EFEC720876
:10DD00006C1D0C290E56402B0256E0088C0B600847
:10DD1000EFE866A88045A30B008681718004E13C92
:10DD2000D01980188E0B0016F20C0C0CC1C3DD93B9
:10DD3000FA1C044C806B027BEFEC6F286008003605
:10DD4000E00442266C1D4C018121402B682C7E286A
:10DD500000C68C0B52C661448004E1248028A414C0
:10DD6000464A843884A5E080E08C444A6E78FE25DB
:10DD70000C29EFEC402B6C1DE00810666008026671
:10DD800063188C0BA30BEFE84318809581E5E8300E
:10DD9000E83042E88008A404E084400A100600E568
:10DDA000697D8000E0005126900B80A5F21C0C4C90
:10DDB0006C58DD930C29EFEC402B6C1DE0080E76BF
:10DDC0006008027660F88C0BA30BEFE8C0000E062B
:10DDD0000C4C8E0BDD93F21C6FA50025A12BC00B04
:10DDE0009A005C08E06C020A04CD00259AA5800523
:10DDF0000025A51B800B0A0D840404200A0D402574
:10DE000098C5800B0025A71B800B0A1584040420ED
:10DE10000A1540259685800B0025A91B800B0A1149
:10DE2000840404200A1140259445800B0025AB1B77
:10DE3000800B0A19840404200A1940259205800BDE
:10DE40000025AD1B800B0A1D840404200A1D4025FB
:10DE50008EC5800B0025AF1B800B0A218404042093
:10DE60000A2140258C85800B0025B11B800B0A25DB
:10DE7000840404200A2540258A45800B0025B31B15
:10DE8000800B0A29840404200A2940258805800B78
:10DE900086C5B51B0025B71B800B0A2D8404042002
:10DEA0000A2D40258485800B0025A31B800B0A09C1
:10DEB000840404200A0940258245800BFC04441098
:10DEC000E074040A832180B56A3140250025C00B27
:10DED000400B6A0164010600C627C0BA44860433B9
:10DEE0004615E0004206E0344615FC060015E03811
:10DEF000C00B6A01441A82114015E10AC00B6A0185
:10DF00000015A12B000B0A05800004060A0140251C
:10DF10000210800B40158404800B0A05C1C3DD93F9
:10DF20006FA50025A12BC00B9A005C086B7500251E
:10DF30000600400BC0BB65D1E0004A868623C62799
:10DF40004606C81E0045FC06C00B6B7598214A3E6C
:10DF50004A4A82414045E116C00B6B750035A15B12
:10DF6000000B0B79800008060B7540450630800BCE
:10DF700040358404000B0B79F024020A020A98A5AC
:10DF800088C5F004F008020A020A9A658A85F00C36
:10DF9000F010020A020A9C259E45F014F018020AAD
:10DFA000020A8AE58E05F01CF020020A020A90257A
:10DFB0005C08F0000015DA00C00B6CBD82118824EB
:10DFC0006CBD40154025C00BC00B6CE50015DD9302
:10DFD000C00B6CC140158211C00B6CC14015881478
:10DFE000C00B6CE90015DD93C00B6CC940158211A4
:10DFF000C00B6CC940158814C00B6CF10015DD9383
:10E00000C00B6CD5821188246CD540154025C00BFF
:10E01000C00B6CFD0015DD93C00B6CD9401582114F
:10E02000C00B6CD940158814C00B6D010015DD9331
:10E03000C00B6CDD821188246CDD40154025C00BBF
:10E04000C00B6D050015DD93C00B6CE1401582110E
:10E05000C00B6CE140158814C00B6D090015DD93F1
:10E06000C00B6CC5821188246CC540154025C00BBF
:10E07000C00B6CED0015DD93C00B6CCD82118824B4
:10E080006CCD40154025C00BC00B6CF50035DD9301
:10E09000400B6CD16015020A8231C0086CD140354A
:10E0A0008834C00B6CF940358445C00B6015020AFA
:10E0B0005C08C0040015DA00C00B6D0D82118824C5
:10E0C0006D0D40154025C00BC00B6D150015DD937F
:10E0D000C00B6D1140158211C00B6D1140158814D5
:10E0E000C00B6D19C1C3DD936FA50025A12BC00B1B
:10E0F0009A005C086D1D00350800400BC0BD6471BE
:10E100006D250025C637C00B864302216D254025AD
:10E11000A921400B4206D21E4815FC060015E0104E
:10E12000C00B6D1D441A82114015E10AC00B6D1D14
:10E130000015A12B000B0D21800004060D1D4025AC
:10E140000210800B40158404800B0D21C1C3DD93A8
:10E15000FA04044C0C05806BC00B6FA58AA5A10BBB
:10E160006DE90C05A921400B668A440AE088060483
:10E17000F08C4E6200208C2340BD67C17498A921A9
:10E180004006EF904E05FC06C00B6DC96DE90C050D
:10E190008201C00B6DE94C05004A400B0C05F81CD0
:10E1A000400B0DEDC00002060DE94C150000C00B40
:10E1B0004C05C404C00B0DEDF2040C4CC1C3DD933F
:10E1C0006FA50025A12BC00B9A005C086EB100253D
:10E1D000863AC00BF008024B1824065A041AE08C49
:10E1E00000C3C42758538023C0176D7D6D79581321
:10E1F0005833C017C0176D756D7158434206C0176C
:10E200004415FC06C00B6E916EB100158211C00B57
:10E210006EB14015024A400B0015F81C400B0EB5BC
:10E22000C00004060EB140250210C00B4015C40406
:10E23000C00B0EB5C1C3DD936FA50025A12BC00B8C
:10E240009A005C086F190025C634C00B6090082442
:10E250000043C42748358023C00B6F2D4835C43494
:10E26000C00B6F2948358634C00B6F2548158414C0
:10E27000C00B6F21FC0642066EF944150015C00B59
:10E28000C00B6F1940158211400B6F19F81C024A20
:10E290000F1D00150406400B4025C000C00B0F19D0
:10E2A000C40402100F1D4015DD93C00BFA0C040CC2
:10E2B000614C4D06E1980346812118046E10478693
:10E2C000E1000AC60386040C042EE198E19803C617
:10E2D0000286042E4025E1A4400B6FA9E100004610
:10E2E0000486001E083EE10066A108100210C0BFAF
:10E2F00040B967F1E1000506944E98047838881E0D
:10E300001804EFF04071B571C02B6C1DEFF44EA8EE
:10E3100042C61804840EE198E82C47684586181414
:10E32000880EE198682C47484286820B040EE198DB
:10E33000E03C41F66F947068001C81115006E2C009
:10E34000C00061990046200E6078E19CA004EF9423
:10E35000E340001C603C41F66F38831183816F9469
:10E3600043861804C480601569FD40150396400B70
:10E37000D98463096C1D40714015C02BC00B6FA17F
:10E380006FA540854058C00B9804E800C1C3FFD575
:10E39000FA0C040C41F6007B6D38E03C81116F945F
:10E3A000090181614E01B711402B6C194E118E0B82
:10E3B000402B6C1D511883110E0BEFFCC0156E091C
:10E3C000E098404A0E1982E5C02B64C58AF5A71B68
:10E3D000EFDC0286420A84188A25E080E080400A49
:10E3E000051188C54F988E0B59D8EFFCA10BE80892
:10E3F00059F880B58E0B68080E0B806B40156E09BE
:10E4000040008311C0FF72FD6E094E0341F64015B6
:10E410006978E03CA16BEF940711A4D54DD88E0B21
:10E420005538EFFC8E0B6FD4806B11E58E0B091104
:10E43000EFFC4D4864D50E09A70BC02B108692D572
:10E44000A008EFDCF8C0000AA00880E5F0C040009A
:10E45000E080000A0E0B9055C0156E09E080400A5E
:10E460000E098E05C02B6C218C75A70B404AA008A5
:10E470008AE5E08C8E0B1B11EFFC4B086FD47948BA
:10E480001D118E0B4A988E0B7678EFFC8E0B681858
:10E4900064CD0E05E214C00586E5C20DC809A008CA
:10E4A0008E0B2006E81879886E090E0B8311401533
:10E4B000FC9800046E094E0341F640156418E03CD8
:10E4C0000B11EF9448988E0B7B98EFFC8155E80870
:10E4D0008E0B1F11EFFC4828603C41F66318831136
:10E4E0000E09EF94C02B6C11E098404A11118A85F7
:10E4F00047388E0B0E05EFFCC00E60F54006850513
:10E500004E05FC06400E60FD69B88E0B5118E808F8
:10E510008E0B6808FC06400660F90E250E15C00E2D
:10E52000C00E60F561014E058221C00E60F94E25D6
:10E530000010400E4E05EC04C00E60F5F815A10B5E
:10E54000C313C183603C41F65FB883110064EF944C
:10E550000C0CFA80DD93F20C6C194011DD93C02B8A
:10E560006E0D0019A31BC036DA005C086311001998
:10E57000A31BC038002B82F540156E09E14C03C681
:10E5800044208414C0FF72F16E0940230138C01585
:10E59000DD93FFD4FA84040C4106006B0004E114FF
:10E5A00083218371C4198018410600160004E128F4
:10E5B00000768511E1284006007680047A988C0B5D
:10E5C0004046E828BD116128832100048C0B0076A9
:10E5D000F2840C0CE02839E8FA7C044C4186008B6C
:10E5E0000004E1280311827B5672866B1546708801
:10E5F0008016E13440868D25831161288121000435
:10E6000041C600768004E128020600167818E01062
:10E61000900B6828614400C6E12C024684148004F3
:10E620008038A824A14B8448884480858475A54BF4
:10E63000E08C460A88348085FC95A53B6C1D10292A
:10E6400002C6402B5CF8E008900B6FE4E00812C6AD
:10E650008CD5A10B612C00860004811180048121DE
:10E6600041C6180E8004E128020600167518E01055
:10E67000900B6828614400C6E12C02468414800493
:10E680008038A824A34B8448884480858475A74B90
:10E69000E08C460A88348085FC95A73B6C1D1029C8
:10E6A00002C6402B59F8E008900B6FE4E00812C650
:10E6B00080D5A10B82710861E6C5D67D920B819150
:10E6C000F27C0C4CC1C3DD93FA00040C6128424675
:10E6D000041481610466832171B883114006E8281F
:10E6E0008004E128410600668004E114421080188D
:10E6F0008016F3F4F2000C0CC1C3DD93E018001592
:10E70000E05000256127E017700142104025C3004A
:10E71000C0096E09E0500025FB8004240406241F74
:10E72000C3C060016E0D40150015C009ED17E0541F
:10E73000F3F04210684140110015C027DD17E05486
:10E74000F3F04210684540110015C0274011E05811
:10E75000C0386315E05800150406041FC3006001AB
:10E760008121051B8000022603154011020000389C
:10E770008395E57088210434C63BF137621142313C
:10E780008434C027C63BE137621542318434C02748
:10E79000C63BD13762194231C534C0274231C63B2E
:10E7A000C027620D6061048AF8B5C00165D102001E
:10E7B00081214001463B837542318821C0266D711D
:10E7C000E13784344231C63BC0266D75D13784347D
:10E7D0004231C63BC0266D79C63BC5346D6D4231B2
:10E7E0000434C026E040048AF13778F568014031EE
:10E7F0000015C027E117E184680540110015C02706
:10E80000F117E188681140110015C027E117E18870
:10E81000681540110015C027FF17E18C67F1401102
:10E820000015C027F117E18CF0FC421067E14011A0
:10E830000015C0270025E18CE917E18C9E194727B8
:10E84000A41FA02967ED40110015C0270025E18C09
:10E85000E117E18C9E194527A41FA02967E9401103
:10E860000015C0270025E18CD117E18C44203E190A
:10E87000241FF080E004040667E540110015C0275E
:10E880004015E190C00A6EE9E1FC00154013E11764
:10E89000C0136C29E1FC00156C2D40130015C0134A
:10E8A000D117E200686540110015C0274011E20051
:10E8B000C0276869E20400154011F117C027686D90
:10E8C000E20400154011E117C0276871E204001549
:10E8D0004011D117C0276875E2040015687940110E
:10E8E0000015C027F117E208687D4011020040279B
:10E8F000C002643145348175EC0404206C29423532
:10E90000A12BC0090200FE354003643181B581218D
:10E91000842104344233E137C01368594233C5348B
:10E92000C0136855E500048A0200FC954003673176
:10E9300081758921042045344235EC04C00A6B1DE1
:10E94000FE35A12B677100009311400341248175AE
:10E95000EC040210603D4025A11BC0055D93FE350F
:10E96000C1C38101FA00040CEF4C022980B5A12B30
:10E97000EF3C02299625A12BF93101218151074154
:10E98000585283854C52780C82C3F890FC1818C9F1
:10E9900091C1582F440A81B5C227609C73F9442065
:10E9A00018C040014420EC04A1CBD8748251FCB5BE
:10E9B000E1400A0A0706F8F5040A61380C34FBFC4A
:10E9C0009FF8059EFA80042402398C2E872BEF4C89
:10E9D000074680F58C34E134AF3B8C34021986F560
:10E9E000832BEF3C034680F58414E134AF1B841481
:10E9F000024684B50CE661948638E0086C1D002957
:10EA00008466C02BF3F046300636C439E00802E6CF
:10EA1000EFE07EA88255A10B005681858018E19415
:10EA2000F3F042108016C2198C0B8161F2000C0CBD
:10EA3000C1C3DD93FA00040C0206006B49F8E280C2
:10EA40005A98E82C8C0B6FFC45F601110C0BE00C6E
:10EA50005C388C3BA10BEFFC637882D58C0B6FFC90
:10EA60008C1B0C0BEFFC780880B5A10B6FFC648845
:10EA700081018C0BF2000C0CC1C3DD93FA0C040C69
:10EA8000B911006B682C47C8E4100E608121291170
:10EA90008E3B0C0BEFFC5A28A17B807B615880C514
:10EAA0008C0B6FFCE0001E086420106009218511AA
:10EAB00059388C0B903B6FFC8C0B007BEFFC606833
:10EAC0001D18A17B2014C000E1080E0604149C044C
:10EAD000D11761C07A800614FA800424A1391F2955
:10EAE00068005C681C048911E114034684148008E2
:10EAF000830B8418C0001AE8E134014680048004C6
:10EB00001A78A90B5A148000E1444F0604149C049F
:10EB1000F11761C07A800624F87C44107880463072
:10EB20005A588B111C04E800E14842C6841480083E
:10EB3000830B8418C00018E84F465A149C04E14423
:10EB400061A00414FA8002147A800424F88046102C
:10EB50008B113F29E80058C843061C048008E1488F
:10EB6000841884141758830B0C45C000028660106B
:10EB70008404E148E1E0044444200038C43DFBFC47
:10EB8000E14780D5FA8004448065C53D8404802631
:10EB9000038600088414E148830B8418C00015A87C
:10EBA000E0100C05E0B8400A02468485D5076148AC
:10EBB0008609042404048806E14803C684148008F6
:10EBC000CB178418830B8619C0001448E0100C057D
:10EBD000E0B4400A02068485D1076148860904240E
:10EBE00004048806E14803C684148008C717841803
:10EBF000830B8619C00012E8E0100C05E0B0400A53
:10EC000043C684458E0961448806842403C60404EF
:10EC10008008E14884188414830B8E19C00011A861
:10EC2000E0100C05E094400A42068405C70761081D
:10EC30008609042404048806E114038684148008E9
:10EC4000830B8418C0001068E0140C05E0F8400A3B
:10EC500002C68445F10761489E090424040488061D
:10EC6000E148420684148008830B8418C0000F28F2
:10EC7000E0140C05E0F4400A03068445E907614806
:10EC80009E09042404048806E1484246841480084E
:10EC9000830B8418C0000DE8E0140C05E0F0400A76
:10ECA00003468445E10761489E090424040488065C
:10ECB000E148428684148008830B8418C0000CA8A5
:10ECC000E0140C05E0B4400A43868625C9076100BC
:10ECD0008409042446308838A03FF3F404048836BD
:10ECE000E11403C6841480088418C307C01FCD171D
:10ECF000E080424A0C05AAC5400AE0148605E0B04F
:10ED0000610043860424C90788388209F3F8463035
:10ED10008836A03F03C604048008E11484188414D4
:10ED2000C01FCB17E080424A0C05A485400AE014BE
:10ED30008625E0AC610043460424C5078838840971
:10ED4000F3F446308836A03F03C604048008E1147B
:10ED5000C3078414C7178418424AC01F9E25E08049
:10ED6000E0140C05E0A8400A43468605C50761008B
:10ED70008209042446308838A03FF3F8040488361A
:10ED8000E11403C684148008C5178418424AC01FC2
:10ED900096E5E080E0140C05E0A4400A430684C533
:10EDA0008409610088388424F3F446308836A03F13
:10EDB00003C604048008E11484188414424AC01F66
:10EDC00090E5E084E0140C05E0A0400A4306848549
:10EDD0008209610088388424F3F846308836A03FE1
:10EDE00003C604048008E11484188414420AC01F76
:10EDF0008AF5E080E0180C05E0F4400A024686053A
:10EE0000EB07610487310414788C46028428860954
:10EE1000F3F044200426A62FE1144206841884143B
:10EE20008619CB1784B5811BE0180C05E0071A146E
:10EE3000700140008171430061C00414FB80021422
:10EE40006E094C25A20F40096E0D4C0581B5C00915
:10EE50006C1D0C294E66402B4266E00C8C0B600C3E
:10EE6000EFE05C280C0C8E0BDD93F20C6984082417
:10EE7000E9840A3418440048B85FE0840425A75B9D
:10EE8000E98402448625A35B86A5A55B5C08A15B9B
:10EE9000C44DDA00A11B8065A11B84858185863560
:10EEA00082E5A11B5C08A31BC44DDA00C74D825547
:10EEB0009A005C08DD9380368205C44D80D5A11B85
:10EEC000DD93802680168111C74DDD93A31B8065DD
:10EED000DD93FC45FA1C044C986B008BEFF875C869
:10EEE00067C10E80434640AE0121E00C7758900B7D
:10EEF0008E3B6FF8A10B81911C1482357FFD45FE7E
:10EF0000434AC03F120CE408980EE2000C4C9A9E53
:10EF1000DD93F21CFA84040C61984F061C6E806B22
:10EF2000E1000206E82862C88C0B1C14E800408847
:10EF30008C0B1C14F2840C0CC1C38765FA84040C7E
:10EF4000807B026B60084026655002704E01C089CC
:10EF5000402B6C1D641100600921C01164B881311F
:10EF60000060E81840116421650102702921C08900
:10EF7000641881310060E8184011647165610270A5
:10EF80002121C089637881310060E818401164B1A3
:10EF900065A102704506C08989316018F2840C0CA5
:10EFA000E01822A8FA7C040CECF01EF082BB006B87
:10EFB0006E050C09A30BC03616099675C00464A132
:10EFC000E3FC000A0C0994A540386321E19C4E0A39
:10EFD000001A81810B38E000C0002001600C00564F
:10EFE0004C01967B402B6C1D66B112601460C0BF53
:10EFF00040C06521641100B002B0C01140146461CA
:10F00000662116600460C0AE40AE65A165E118706F
:10F0100009BEC01F64C106607ECEC0AD6521086018
:10F020007C2EC0AD65410A603E1EC0543C0E941B50
:10F0300077F8920B8E2B6FC063210C094E0A403873
:10F04000001AE19C07B8E000C0002001600C0066D7
:10F05000656006604C01C0D8402B6C1D141B920BE0
:10F0600070588E2B964B6FBC4E0A0DA54046E19C06
:10F07000434660084C01E14C402B6C1D641104B008
:10F080001860C01140AE65A1640110B00E60C010E0
:10F09000409F67616611086014B0C0AD401365B150
:10F0A000679112B017BEC010662116600404C0AE8E
:10F0B00066D102600FBEC0546451066019BEC09E86
:10F0C0000D9E8EBB66710A608B8EC0A2FECE89AE8D
:10F0D000186013CEC0A364A108607C4EC06C6701A9
:10F0E000964B3E4EBCCE9B8E9D2E951EEFB46C482B
:10F0F000A18B808B405688750A606008C0A164703F
:10F100006C1D4C014146402B1734E14C9924964B21
:10F11000023080044014646165E10E30892EC01F06
:10F12000FC1EFE7E9B249D14861B3E1E923B3CAE25
:10F13000EFB07268A18B808BA18B8A456E890C051C
:10F140001056400A0C15C00CC00A6E8D6E910C252D
:10F150000C35C00AC00A6E95693D4C034060400AF8
:10F160004C13DC00400A6941C00C025669454C232F
:10F170004C33C00AC00A69490C1D0C294338C02B06
:10F18000100BCFE00C0CF8F1DD93F27C60084266C6
:10F19000E14C41466C1D4C110260402BC0B667012A
:10F1A0000A601924C0A366E19B3480048E2B7C2E58
:10F1B0009514BE1EBC1E93444C189D1417B4EFB496
:10F1C000A18B808B9FFC30184E0A77A5C1C3E99CA8
:10F1D000FA7C044C4106008B008EE198E1000206A7
:10F1E00068284CE80191900BE6D45406836117B16E
:10F1F000817109C56E19101B00644015801FE8A4B9
:10F200009005A11BE13443868428841480A5A12B9A
:10F21000801F84188CC5A11BF0A44C8268810C0946
:10F22000000AC01B410663FC8014E198049480E549
:10F23000900B7A80E800432868188145900B6FFC9A
:10F2400068810C090606401B0C14E138EC0404B07C
:10F25000000A83611005E3FC1009DC28002707E59C
:10F260005005A17BC00A6E698255842CE198410645
:10F27000900B0014EFFC6988613806068C04807BD3
:10F28000029180BC84B188A1E040120A8E0BEC95FB
:10F29000F27C0C4CC1C3DD93FA0C040C808B027B16
:10F2A000600840365001846B402B6C1D6411007067
:10F2B0000280C011406D657149D88921813168187B
:10F2C0006421007002804011C06D652181312921C7
:10F2D000E818492860880064658002800225C06DB6
:10F2E00082037C0089310C13611D4E250025C0016D
:10F2F0004E25E04040016121E0184506E080000510
:10F3000061254E050209C0014E01E300C00464A15D
:10F3100063400209E0184306E686426A64A54E018E
:10F320008283400464B1007002804011C06E6501A8
:10F33000F20C0C0CE0180608FA3C040C15C6006B25
:10F340001060E1A0405466D165411260286EC0543F
:10F3500067610E60100BC0AE0C2B921B4C788E3B7D
:10F36000A10BEFCC28248455121B900B4E588E3BDA
:10F37000A10BEFCC000014259C0040801C004290A3
:10F380009C0046708FCC4B286E890C15A10B400A4F
:10F390006E8D0C250E06400A0C358000C00A6E9159
:10F3A0006E950C454C13C00AC00A693D69414C2357
:10F3B0004C33C00AC00A694569494C438265C00A9A
:10F3C0006C1D0C290E56402B0256E00C8C0B600C69
:10F3D000EFDC70A80C0C8E0BDD93F23CF87C040C77
:10F3E000EC601EF06141001915C640150029E010BF
:10F3F00040156145422A81B10029E686C015621197
:10F40000FA80021404000B2EC066664904007E2EAA
:10F41000C058665104007C2EC06B664597C5BE2E51
:10F42000F08C44026F410479E57DC0158B2482D5B0
:10F43000E68A483AF09044026E410429F02DC01A41
:10F44000544A80D58075E48882B115756991002988
:10F45000A52BC02B40880444C0000A16D08044224B
:10F460000891049586B5C0056084044480238351C7
:10F470006D2104630454C00CCF2DFA8080880844A9
:10F48000908048420891089588058005825108239C
:10F490008023C2276D2104238D2DC00CFB55FAA5B6
:10F4A000FA8004540844CF2D48428084086B908031
:10F4B000800C0D2108238265C427825104258023F6
:10F4C000C0056891FAA5D22D0B24F905FCC4D59787
:10F4D0004A2A899EFE24E68E60840654E0880854F9
:10F4E00098433EC404640433FB27FB009853062969
:10F4F0001064846383617B00858709C5F02D94289F
:10F50000544A80959025E48818248C2286C9E1F419
:10F51000042498238527FB005822102412C0F1A050
:10F52000130AEDB0C0046475D52702E56D4018C01C
:10F53000E004524660A658CA89948221EC0818C09B
:10F54000E00A449A099483D5190A8221C0026045D1
:10F55000600A449AC00013E6402658CAC004130645
:10F56000589202F59F91D1B066A658CAE00452465F
:10F570006EC118C058CAC00418C0E0A6D82DEC143B
:10F58000C00004D6C0004A21843102618251084182
:10F59000ECB5CF6D06B4EBA5C33DFA800101D055A3
:10F5A0000C0CB0F1DD93F07CF804040C61410019FF
:10F5B000FB3140156145002981414015E686422A0C
:10F5C0006211002909F5C015FA800214668A4A7A88
:10F5D00066400C005862C05818C9F094C0046C0111
:10F5E00018062BCB8675E0800E798073C0156F41AD
:10F5F00084A5A17BE084185481C118636C010C635D
:10F60000876DC0010CC480C58CC3E1FC83C701F5C4
:10F61000600D0D0A59F6402082C5E07CE17C0CC4E7
:10F620008CC3F96718C089C70053E5C84AC1824135
:10F63000C01A6241186483850D0A61F4C003607CBE
:10F640008CC386C9FB0018C485C776E5617D0D0AA9
:10F65000F8B5C009E17C0CC48CC3FB677D6587C726
:10F66000E53018C0FA800E44EC35C37D0C0C8101E6
:10F67000DD93F004FA9C040C5106006B206EE198B7
:10F68000670112600315C0940C0B8171C0166635BA
:10F690006080404AE01000065C004060DC00427080
:10F6A000CFDC44A88271650EE2300E0A2014FAF510
:10F6B0000C0C8C0B8115F29CFA04040CEC301EF03F
:10F6C0000006006B4C01E00C402B6C1DE14C4146E8
:10F6D00064810E6018604099C08B646104603E7E56
:10F6E000C0AE66A106600004C09F67616521086026
:10F6F0000A6040A2C0A366E149F8BCCEA10BEFC8E6
:10F700000E0602A50C298000402B6C1DE00C0E5645
:10F71000600C025656788C0B0E0BEFDC0C0C98F13B
:10F72000DD93F204E10400068008800482095D9301
:10F73000FA7C040CEC301EF08101008B6FF05EC887
:10F7400081718111600447C61005806B40096E0D00
:10F75000656104801015C0ADC00A6D496C1D503143
:10F760004438C02B809BEFC482C5A19B6C1D10291F
:10F77000900B402B6FDC53880311921B5CB88C0BF1
:10F780001575EFF07C6E927BE10401466D59101502
:10F790008004C00A1005801EC00A6D596E0D101538
:10F7A00043D8C0090000EFC4C0806401E1C0120466
:10F7B0006FCC4EA8100B920B55F8921B100BEFCC90
:10F7C0004FF8921B100BEFCC52B8921B0146EFCCB6
:10F7D000028661188004E1188424800804048806E5
:10F7E000E1040386102B8008C01667395001841489
:10F7F000402B657DE10401C68321042C673D101B6D
:10F800008004C01641C6001C8004E100C2198018A3
:10F81000004600168004E104D0198018900B0016F1
:10F8200060CD10156758C00E1009E82040386315E8
:10F83000E1041406A50B83210E9110194106402CFA
:10F840000005C1104011C000891140000016A80435
:10F850001015900BC00E60D1E82065C88F61280498
:10F86000006683211015900BC00E60D5E820652836
:10F870001676280400B6E0044C58900B5075E8004A
:10F88000400E60ED5075A10BC00E60E960F150753F
:10F890008885C00E0346FC640186E11883A16118C7
:10F8A00080A6800480088404409A82015003E0020C
:10F8B000C0156E01EFE05148E11800C680A6800433
:10F8C000E8206968EFC876E88C0B0311EFF0524826
:10F8D00098F10E0BF27C0C0C1015DD93C00E60E558
:10F8E00060DD10058211C00E60E55015A10B400EC1
:10F8F00050158311C00E60ED60F150159685C00E55
:10F9000083913E9EA8048905421080188016F3EC6E
:10F910008018A804F2FC4210A80480164210801837
:10F920008016F3F48018A804F3F84210A804801697
:10F930008321002660D11015900B400EE8205EA8B0
:10F9400083212804900B006660D510155E18C00E48
:10F95000A804E820900B00B6E80045689015A10BBC
:10F9600060E510058291400E60ED10158201C00E19
:10F9700060E550058211400E60DD10055015C00E87
:10F98000C00E60ED89210201EED5C19D6C1D1029CC
:10F990000236402B4278E008900B6FDCE0080E3610
:10F9A000831100AB4B78FC0421ABEFF03E94806BED
:10F9B00080000E061029EF15402B6C1DE008023662
:10F9C0006FDC41280E36900B00ABE008FC0483117D
:10F9D000EFF04A28806B21AB0E066BF51005800016
:10F9E000400E6105E118034660E150955095C00E48
:10F9F000C00E60E9D30D7C6401055095BE94C00E25
:10FA0000C1C3E9D5FA00040C60D900158121400E6C
:10FA10006820580800C68161038661448004E100C3
:10FA200080288414464A843800C5E09080000C1673
:10FA3000E08C444A8C0BFCE5F2000C0CC1C3DD9356
:10FA4000FA1C044C8101006B6FF0466881818111C2
:10FA50000186007B0004E118E00443D66C1D4C11C4
:10FA60001286402B8086E13C6E0D0C05A414C00963
:10FA70008201D9076E014C038408C015F37C400055
:10FA8000000604068014E104442084288426F3EC54
:10FA900084288014F2FC4420801484264420842886
:10FAA0008426F3F480188004F3F8421041C600164F
:10FAB0008004E100421080180016F3F8E1040046CB
:10FAC00080188004F3DC421041988016A404EFE013
:10FAD000021480188016FC94EFC866488E0B031140
:10FAE000EFF041A8E11800C680868004F21C0C4C9F
:10FAF000C1C3DD93FA04044C4326006B0C01E004FF
:10FB0000C02B65B56C1D4C11400AC02B0C09E0845C
:10FB1000C02B05A943068C958418EFDC80B5A31B88
:10FB200066E90C0985B5C026F700008A0C1980D556
:10FB3000C02666EDFCA5A11BE098404A0C1980C5C3
:10FB4000C02C6CFD8265A11B820DFF110C19821562
:10FB5000C02666ED0465A11B80004046E094400A83
:10FB600005A90C090260002B80AD05B104410260BB
:10FB70008418C09E08450C098203C027E100428614
:10FB800084068414A10B8408840880A5E504008AF7
:10FB9000404680958406E00061004E469C04832127
:10FBA000421080188016F3DC80189C040016C219DD
:10FBB0004AF887118C0B682083211C04C419801813
:10FBC0009911001668204A689C048C0BC81980188B
:10FBD0000C4C8016DD93F204E10441C680188004C9
:10FBE0008016C219C1C3DD93FA04044C4246007B5F
:10FBF00048F8E0048121682000C6816103866144E1
:10FC00008004E10080288414464A84388425E098E2
:10FC1000E08C444A0E29FE25402B6C1DE0080C8622
:10FC2000600802866DF88E0BA30BEFD8C0000C069F
:10FC3000E8204DE80C4C8C0BDD93F204FA00040C28
:10FC400041F6016167D8E03C81116F88E14441C60B
:10FC500080668004EFDC7288EFDC7528EFDC7708C3
:10FC6000603C41F666D883110C0CEF881B38F2001B
:10FC7000C1C3FFC8FA00040C40C6006B4C01E00889
:10FC8000C02B6C1D6D490C054C05C006C00B66856C
:10FC900066850C055F58C00B0004EFC04C05FB8067
:10FCA000C00B668965390C094C01C02BC02D6A3523
:10FCB000653D0C094C01C02BC02D6A39F2000C0CBB
:10FCC000C1C3DD93FA00040C40D6006B4C01E00880
:10FCD000402B6C1D0C059111C008695966794C05C3
:10FCE0000C09C00BC02B65CDEFC05A886A054C01CA
:10FCF0000C05C02DC00B637D667D4C050C0CC00B44
:10FD0000DD93F200FA0C040CC417006B600840E6A7
:10FD10004C018C13402B6C1D0205847BC0066D6169
:10FD200066794C050C09C00BC02C6E316D0D0C09A9
:10FD3000A30B402C404A84150060E08C00AD054DBB
:10FD400005A10260006080B340AD054905910260E5
:10FD500081C5C0B3608C404A65C002600060C0B31A
:10FD600080AD0545054100608008C0AD9111048457
:10FD7000EFC056486A054C01A37B402D03890C85D2
:10FD80004C85800BC00B667DF20C0C0CC1C3DD935F
:10FD9000600848F640418231C02B6C1D66710045F9
:10FDA000A14BC00B06710045463AC00B4035C0124E
:10FDB000C00B6669666900350045C00BC00B666DF7
:10FDC000E192463A666940354021C00BC02D69D1A9
:10FDD00069D54011DD93C02D60084306401189218B
:10FDE000C02B6C1D6A7140210019C02DC02B6551BC
:10FDF0004015D617C00B66916D5100154015C00611
:10FE0000C00B669569D10019A51BC02D031184D5BF
:10FE100040118121C02D6A7565F500154015C00B94
:10FE2000C00B669965F900154015C00BC00B66A1A3
:10FE300066B14025DD93C00B681500198121402D66
:10FE40006A7540110015C02DC00B65FD66994015FF
:10FE50000200400BC0B666C168150039872DC02D61
:10FE60009A005C0878A80235024582210055F8986E
:10FE7000C00B6669E692485A424586430235F8103F
:10FE8000C237F810F8104235F810023569D500492C
:10FE9000C247C02D084B8043C0146669E012463A41
:10FEA000F8104235F81002354235C3370235F810E4
:10FEB0000245F8880055F878C00B6669E692485A02
:10FEC000844E8643C23784348434843E69D50049E5
:10FED000C247C02D084B8043C0146551E092463A9A
:10FEE0008434843EC53E8337C1C3F785667D0015E3
:10FEF0004015C00BC00869456A0500194011C02DA6
:10FF0000C0226549C1C3DD93667D00154015C00B55
:10FF1000C0066D4D6A0500194011C02DC01B6569F2
:10FF2000C1C3DD93E0280225E02C0215695D402560
:10FF300045F640084015E02CC008696162C94023BD
:10FF4000DD93C011FA9C040C808B046B6088006404
:10FF50005282827B433670805011E008402B6C1D2A
:10FF6000668100900270C06D892164A068106448A9
:10FF700000908131406D6781E4B0027081310921C8
:10FF8000E81063A860184106E4C002706682406A07
:10FF9000E024040680838531650100800C0CC06E6E
:10FFA0002298F29CC1C3E010FA0C040C826B007B17
:10FFB0006CFD0E3943F6402C6EB8E00C85216FFCC9
:10FFC0006FFC70C867F88E0B8E0B6FFC600840A644
:10FFD00065E002704E01C0B6402B6C1DE14C4146FD
:10FFE00004700004C0B6664164A0086042588C3BAF
:10FFF000008BEF98E00841266C1D4E010070402BED
:020000041009E1
:10000000C08965A164C00260E024040668105F48EE
:10001000900B8531F20C0C0CC1C3DD93FA1C044C1F
:10002000866B008B708852821219827B401B68811C
:1000300010398321C02C6CFDEFFC6AC86FFC6CE8A2
:100040001219900B401B688165D8900B8C2B6FFCAC
:10005000600840B665E002805001C0B6402B6C1DC0
:10006000E14C414604800004C0B6664164A00870BB
:100070007E388E3B1229EF94401B6881100B806BF9
:1000800076188E1B8C0BEFFCF21C0C4CC1C3DD935D
:10009000613000C6E1300306054600040786E13002
:1000A00009C661304A06E130584661308004E130CB
:1000B0008414841400138824E13040868C3488240E
:1000C0008C3484138613904494549044945488132D
:1000D0008A13B0C48004B0C48004981382035D9373
:1000E000FA00040C0146006B0004E124E1244546BB
:1000F0006E090C158008C009C5078824440008341F
:100100005118F00C8C0B68206CFD0C198121402CCF
:1001100064B54C054C21C005C01562E162E94C2173
:100120004C11C015C01562EDF2000C0CC1C3DD937B
:10013000E118420684188414655D4011DD93C022E5
:10014000E118420684188414657D4011DD93C01BBC
:10015000FA00040C0046006B0004E128E118420696
:10016000841480044C058201C0086945911104087B
:10017000EFBC764865494C010C0CC022DD93F200BF
:10018000FA00040C0046006B0004E128E118420666
:10019000841480044C058201C0066D4D9111040841
:1001A000EFBC74C86D010C194C01C02CC01B6569F3
:1001B000655D4C110C0CC01BDD93F200FA00040CC1
:1001C00001C6006B0004E13480048B3165490C29C1
:1001D0000C19C022C0226559695D4C0541D8C00880
:1001E0004C05EFC040086961E00C43F665914C1185
:1001F0000C0CC022DD93F200FA0C040C682071286C
:100200004278806B8C0B6800668100600206406D4E
:10021000C0206341600404064ED881310E60E810AE
:10022000406D678181F5A18178400E050C298B31E5
:10023000C01B656965790C197EF8C01B5D0EEFBCAB
:10024000EC041080FC35A18BF20C0C0CC1C3DD93C7
:10025000FA9C040C0206006B4918E0040E60E820CA
:10026000406E64810195A1815D188C9B60788C0B38
:10027000650EEFD4EC041080FE15A18B6581006043
:100280000406406D0131E0040C0C8C1B0B38F29C11
:10029000C1C3E01065A1000002064089C020631DB3
:1002A000602404060A788731C1C3E01065010000AC
:1002B0000206406EC02061016240040609B8873121
:1002C000C1C3E010FA7C040C6D911EF0006BC004F9
:1002D000E13041466C6D0C2942C640220C39E130B8
:1002E00040226FBD4C41854140226C690004817100
:1002F0004C21822140226C6D4C31823140226FBDF5
:1003000064D104F00414C002E41006F095511D41BC
:10031000818101C112C4836582C17A80E112529A3F
:100320006696549A120CBB9B10A3E20014A492830D
:10033000C4A7FA80FC2800B502A5C9BECDAEFC2832
:10034000E230180A0060FA354090658164D102F00D
:100350004506C00281316020E81044E86641006033
:1003600002F040924506E41081316020E8104448D4
:10037000613000C6E130024604C600040414E138CE
:10038000663106600824C08B83658141700C4A4049
:1003900018548241A75B608462000A0C18C48EC3A3
:1003A0008A737A80C4C708CEFC300065F8204665A1
:1003B000FC3002C5B14BCDCE1EF0FA55C00465919C
:1003C000F27C0C0CC1C3DD93E1184206841884143E
:1003D0006CAD4011DD93C022E118420684188414EC
:1003E0006FFD4011DD93C022638500154015C00BE1
:1003F000C0086B21C1C3DD93638500154015C00B98
:10040000C0086BF5C1C3DD93FA1C044C8101008B5D
:100410006FE87828816181110006007B0004E110FB
:10042000E00443166C1D50118391402B004600964A
:100430008004E108C2198018008600168004E108D3
:10044000C21980187C9880167CF8EFF8900B6FF832
:1004500082E5A10B6C1D10290C86402B0286E0085A
:10046000900B6008EFD46C080B45A30BC0000C0682
:10047000EFD872686FF874084558900B900B6800BD
:1004800061144106E0044566801880040016C21914
:10049000E1044086435600040096E004E11800465B
:1004A00050118004C02B6C1D00C600968004E1181A
:1004B000010600961019E10CC02C6E5D50218004DD
:1004C000C02B6C1D00C600161019E10CC02C6E6507
:1004D00000168004E10840866E6110198004C02C6B
:1004E000404600161019E108C02C6E690016800401
:1004F000E14441866E5910198004C02C41760016E3
:100500005001E004402B6C1DEFFC41F668004908E7
:10051000031181116FF88E0B8C0BEFE8F21C0C4C61
:10052000C1C3DD936E8100290346402C8414E11081
:10053000038604260029E110C02C6E85042684144D
:10054000E11042C66E8900298414C02C420604269C
:100550000029E110C02C6E5104268414E11005C658
:100560006BAD00198824C02BF0FC421043C608165E
:100570000029E110C02C6EA1842684146315001993
:10058000A51BC0380EA500290246402C0215C11437
:100590000416C00043068000021581100426800066
:1005A000E11402066E5500298414C02C028604262C
:1005B0000029E114C02C6E8D842684146EA90019C4
:1005C000211BC02CE1104386842584240816811148
:1005D000E11045468816882463150029A52BC038EC
:1005E000030684E583216110837584140816831142
:1005F000E11045468816882463150029A52BC038CC
:1006000041100306C0000406C0000215050680D58F
:100610008824E1148125881600098426402C6E9DCB
:10062000E110024684068414C1C3DD93E11C04C6B4
:1006300008168824E11C050608168824E11C0546D6
:1006400008168824E11C058608168824E11C05C6C6
:1006500008168824E11C440608168824E11C444638
:1006600008168824E11C448608168824E11C44C628
:1006700008168824E11C450608168824E11C454616
:1006800008168824E11C458608168824E11C45C606
:1006900008168824E120040608168824E120044670
:1006A00008168824E120048608168824E11443866D
:1006B000840C8414C1C3DD93612401C680048111BC
:1006C000DD938016FA0C040C0046006B0014E11850
:1006D000E00804C66C1D4C218121402B11C603711A
:1006E0000426E124E12C43060426841480048511A9
:1006F000A00480768C0B0026E81855A8027620040A
:100700004C11E008C02B6C1D0C0C8076DD93F20CB4
:10071000FA0C040C827B043B861B012168186FA82D
:1007200000068161434661280004E12CE14404C6CF
:100730008131041480C8882484488458500A8888E9
:100740000405E08C80080D56C75745C7C44702C949
:10075000A6CF0459AACF084946C2A8CF877BF81C68
:100760007458FA758C0BE818F20C0C0CC1C3DD93AD
:100770000286022B4011E008402B6C1DF9958F1169
:10078000FA84040C0046007B4E01E008402B6C1DEF
:100790007998826B8E0B6FFC600800864E018F117A
:1007A000402B6C1D8C2B8E0BF2840C0CC1C3F725D7
:1007B000FA7C044C613811462004806B70010256AB
:1007C0000E86F7AB1246613C0321E114801E8BA11B
:1007D00080189C04F3F44210891100160016A4043A
:1007E00069788B118C0B6818E11416C68008AC046C
:1007F0006080400AA60599016FA90C15A31BC00BC8
:1008000001C6A4658004E100404A80089B01608421
:10081000A51BA2650B11A22567B883218C0B681854
:10082000E1104046800880046090404A9E859F0108
:100830006FA90C15A71BC00B24049CE583218B1109
:100840008C0B00A6E81866688008AC046080404AFB
:100850009A45A1016FA90C15A91BC00B01C698A54B
:100860008004E100400A8008A30160842B1B96A548
:10087000E10015C60B11962564B883218C0B68180E
:10088000E1104046800880046090404A9285A501AE
:100890006FA90C15AF1BC00B240490E583218511B3
:1008A0008B11001668186368AC048C0B404A8008F2
:1008B000A70160800C158E25400B6FA9E1104446FE
:1008C0008C45B11B8008A8046084400A8A85A90170
:1008D0008A45B31B61004106800485118804801697
:1008E000404A80089D0160900C1586E5C00B6FA9F9
:1008F0008645AD1B81B1240483210B11E1105446C0
:10090000410600B68004E1108C0B00B6E8186028A0
:100910008008A8046090404A80C597016FA90C1513
:10092000B51BC00B20148295700104760604F7AB4A
:1009300080BB7A804C35842EC00B6FA961104106B4
:100940000004831100168321E10041068111000497
:10095000911100160016A4045DB88D118C0B681857
:1009600002662004F7AB70019C04801EC419801835
:100970009C1480164400840800B47C408426FA80CD
:10098000F27C0C4CC1C3DD93FA7C040CEC501EF0DD
:10099000613853062404806BE00402066C1D4C1180
:1009A00054C6402B5106E1388018E1348016C21934
:1009B0008018A404F3F84210A8048016421080188E
:1009C0000016F3F8E00402164C11A004C02B6C1DB5
:1009D0008C0B0016E8187EC86D150C09807B402C26
:1009E000E084404A400A824582E5E0886D210C1986
:1009F000420AC02C8225E0886138004680048911B3
:100A00000C098016C02C6D15F81C004A01758095E4
:100A1000E99C4E0A6D110C19A11BC02CE0000E1AA6
:100A200020010258400AC000400AE99C86C5E99CA2
:100A3000E094404A0C098865C02D631186D5A10B4E
:100A4000022620044C11E004402B6C1DE1101646D8
:100A5000A31100160016AC0464788C0B0C09E80096
:100A6000402C6E9DAC14807BA17B8406000680E543
:100A700087116138801C800440469B958014E100FA
:100A8000442084280426F3ECE13C02868428841464
:100A9000FC9C042480048426C81980180C09801644
:100AA000C02C6D15E080400A0C0980C5C02D631173
:100AB0009AA5A10B61380006800487110C09801CDF
:100AC000C02C6D15E084400A0C0980E5C02C6D2116
:100AD000E084400A0C098E75C02C6D1128C5A10B4D
:100AE00080000E06026620044C11E004402B6C1DB1
:100AF000A121A1B100600016C06E648102F00175F1
:100B00004138E410EC040420A12BC5366898FE752A
:100B10008C0B681C8C1B0C0BE80443680060007B8A
:100B2000C06E648102F001754528E410EC0416B033
:100B3000A1BBC1260C09FE75C02D67C99CD5A50BAC
:100B4000680074880F258C0B2004807BE00402462B
:100B50006C1D4C110016C02BE138004685110004B5
:100B60008C0B001668007B68807B8C1B8C05A17B3E
:100B700061380006801489210336042C0004E00843
:100B80004C118B21C02B6C1D8B05802C0236200450
:100B90004C11E004C02B6C1D004600160004E13827
:100BA0000016831147B88C0B0C09E81C402D67C94F
:100BB000A10B807B70D880B58C0B68000006807B11
:100BC000A17B6138871100048C15801C6B18EF9590
:100BD0008C0B6FF863110C09400AC02D8275E08000
:100BE0006FF875A86B588C0B8C0B6FF86FF86E88CC
:100BF00081858C0B6FF857C80C0B8C0B59388C1BEC
:100C00001606EFF889116138001CAC04E0080136C3
:100C10006C1D4C018C0B402BEFF057E8807B2C04B3
:100C20008B11217B11E8801C280480008018A17B97
:100C30008016C2198018A4048016C2198018A40452
:100C4000F3F8421092C58016A17B2404C2198018C3
:100C5000A4048016421080188016F3F88018A804A7
:100C6000F3F842108A9580166FF863C820048C0B45
:100C7000E00402B66C1D4C118016C02BEFFC51E84D
:100C8000613C10862004839180188321F3BC4210BC
:100C900000C600168004E110421080180016F3F818
:100CA000437895118C0B681861104146801481219E
:100CB00080048426A0048096E0198018000680161F
:100CC00042E661380004E000001CA8F1E13C008627
:100CD00080188004F1FC42108E0B0016F27C0C0C84
:100CE0000C09DD93C02C6D15E088400A0C198C2589
:100CF000C02C6D21E088420A20048A65E004027657
:100D00006C1D4C110016C02BE13800468711000401
:100D10008C0B0016E8007BE867C90C098171402D37
:100D200080B5A70B68006568807B8C0B63110C098C
:100D3000404AC02D80E5E0806FFC4C687B588C0BEE
:100D40008C0B6814E035A17B6D150C09400AC02C92
:100D50008645E08C028620044C11E004C02B6C1DFB
:100D60008C0B0016E8007A0867C90C09807B402DBF
:100D700080B5A90B680062E8807B8C0BD8B5A17B9D
:100D80006D150C09400AC02C8425E0906FD473289F
:100D900020048C0BE00402966C1D4C110016C02B35
:100DA00066188C0B0C09EFC4C02C6D156088400AC6
:100DB000D26581716D210C09400AC02CD0A5E08854
:100DC00002A620044C11E004C02B6C1D0C098016F7
:100DD000C02D6311E080404A70F884258C0B6FF8B9
:100DE0006FF870486F188C0B8C0B6FF86FF86F688A
:100DF00079588C0B8C0B6800513883358C0B681C30
:100E00006FF8628801958C0B013181010C1B8C0BF2
:100E100050588E2B8271EFF8E0400E0A210BFCF542
:100E20003138807B7C78DFFC8C0B680066350C0BDE
:100E300081714016E080404A9FFC30886FF8582846
:100E40000C098C0BC02D6311E080400A62F88EB54E
:100E50008C0B6FF86FF859685CF88C0B8C0B6FF883
:100E60000C098765C02D67C98215A30B68005B2834
:100E7000807B8C0B2DA8A17B2004DFFCE0040256B4
:100E80006C1D4C118016C02B6C810C090200C02C0B
:100E9000E51DEC0440C682C5831161040016800480
:100EA000E10C018602060004801EE800FFFC2158C8
:100EB00040C6A10B0206010400058000401180001D
:100EC00020A880004218FFFC8C0B6FF843B620046A
:100ED0004C11E008C02B6C1D8311001668007B8844
:100EE00057358C0BC1C3807BFA7C040CEC301EF0B0
:100EF0000486006B0C09E13CC03863150C19A50B86
:100F0000402C0E99C1140106C000000580000206A5
:100F10008110010680000005410600168004E114DE
:100F2000E019801888048016421080188016F3DCBF
:100F300080188804F3BC421000C600168004E1103B
:100F4000C21980188C0B0016EFE45FE881013E0E99
:100F500050863C0E0391E124E1244E46612454C6A0
:100F6000A1B5810100067C0E4C01E008C02B6C1D70
:100F7000EFD45D6860080016E01042C66C1D4C019D
:100F80008121402B68146C6800C68C0B8004E144FE
:100F9000819580B8EFD45D48632D4C914C91C03859
:100FA000C03863298008A004E080400A0C0980C58D
:100FB000C03863298245A10BE08C560A0C09FA85DA
:100FC000C0386329F8F5A10B7118FD15A004E814C9
:100FD000404A800880C5E08463290C09A10BC03811
:100FE0005AD880C54C91EFD4C0386329EFBC7DA896
:100FF000EFD4596860080026E03C42866C1D4C0125
:101000008121402B6814686800C68C0B8004E14481
:10101000816580B8EFD4594863294C919C04C0384D
:10102000404A80088245E080E08C560A0C09FC8525
:10103000C0386329FAF5A10B6D98FD959C04E8145E
:10104000404A800880C5E08463290C09A10BC038A0
:10105000575882850086EFD48004E13CD01980186F
:101060004C918016C0386329E13C008680188004CA
:101070008016D019EFBC79686EA90C09A30BC02C9F
:1010800081100106800000058000409100C69E2569
:101090008004E114400A80089AA5E084EFD4540843
:1010A00060080036E00442266C1D4C018121402B73
:1010B0006814630800C68C0B8004E144816580B825
:1010C000EFD453E863294C91A804C038404A800803
:1010D0008245E080E08C560A0C09FC85C038632903
:1010E000FAF5A10B6838FD95A804E814404A800879
:1010F00080C5E08463290C09A10BC038FC0492254B
:101100009025E90DEFBC74E8611000C6E110574668
:1011100083210004421080180016F3F8AC048111FA
:101120009511001668145F682C048C0BE11043467F
:10113000E13C048600C600968004E114404A800821
:101140000205E084020640004011C0008804C0008F
:10115000421080188016F3DC80188804F3BC42101B
:1011600000C600168004E110C219801841F600166E
:10117000BE0EE00C8201FC042F58E80DBE049FFC5B
:101180008185BC0EEFD44DC863294C917098C0384E
:101190000C09EFBC40386315E1144F068215A50B0E
:1011A0006FF87088BC0E8C0B63294C010086C03828
:1011B0008004E13CE01980189C04801642108018DD
:1011C0008016F3BC98F13C04F27C0C0CC1C3DD9397
:1011D000FA7C040CEC301EF00809804BC02D67CD62
:1011E000E08C400A080B96D540166BE166811240F0
:1011F0001440C0B540B56541BC4E817173F14000EB
:101200008803C0FF6401100000404028C0B366B1ED
:1012100000407C0EC09C674187B5BE0E7C04A80AC6
:1012200073F14C0028BAC0FF816B886370B880F5F9
:10123000880B6810A10B3C44BE048C1580F5816BB3
:1012400068106E483C44880B88F5A10BA10BA40ADA
:10125000240A86A5A41AE0B7210B9E0973C1441085
:1012600020BFC0FF0016C917A4BF0000E686400AD1
:101270004507E1BE0165902B5934801BEC04021038
:10128000A11BC93EC407FE7504918083827184A1AD
:10129000E49C0F0A8101F0850C0C98F1DD93F27C3F
:1012A0006C1D08294000402B4801F3F4402D67CD08
:1012B000E00C0E36600C02367958880B230BEFCC0D
:1012C0000E0698F18E0BC000F27C0C0CC1C3DD93AE
:1012D000FA0C040C827B006B6D210C098181402C7F
:1012E000E084400A40C68AE58531610483410004F8
:1012F0008C0B0086637D0C157C98C00B822B6814C8
:1013000063110C09404AC02D82C5E0806FF85DC8AA
:101310004B388C0B8C0B6814794102068C0B5DCD1D
:10132000EFF862880C0B815563F88E1B008BEFF48D
:1013300049588C0B0C09E814C02C6D01653D4C011B
:10134000900BC022F20C0C0CC1C3DD936C81000920
:101350000200C02CE51DEC0440C682A58311610487
:1013600000168004E10C018602060004801EE800DD
:10137000A10BDD93DA005C08610440C68004811192
:10138000DD938016FA7C044C826B007B6D390E096C
:101390008181402CE080400A0E099CE5C02D63113C
:1013A0006D414E81404AC02C4070E0805E38DC00C8
:1013B0001406C80091B161380E098BF5C02D631178
:1013C000E080400A120604750206C0005DCD794136
:1013D0005D788E0B01D5EFF80331808B0C1B8E0BE3
:1013E00061D8922B008BEFF4120A8291FCD5E04079
:1013F0006D410E09A10BC02C00001405800002668F
:10140000800040130D410E09000A802C1405F004E1
:1014100040B38000A18B000001118AF551788E0B3A
:101420000E09E800402C6D41A10B808B00001405D3
:1014300080000276800040130D410E09000A802CC6
:101440001405F0040296000040138000A18B0000F8
:101450000E1B8295401666350E298E0BC02C6D0929
:101460006FC46B48808B82196D410E098201C02CBC
:101470006D414E010E09C02CC02C6D416D110E192D
:10148000C30DC02C900BE675F27C0C4CC1C3DD93F0
:10149000638100158531400B638500258141400B38
:1014A000E0142F68FA00040C0C09806BC02C6D51FD
:1014B0006080400A82858101680056880C198C0B77
:1014C000C02D67C94060AB1B68389C000C198FFCAD
:1014D000C02C6D51E084420A67B882858C0B6FEC9A
:1014E00067C90C19B11BC02D9C0040608FFC672898
:1014F0006D510C19420AC02C82A5E088680056285C
:101500000C198C0BC02D67C980B5B31B0C0C8C0B50
:10151000CBF5F200F2000C0CC1C3DD93FA84040C8D
:101520000C09806BC02D6531E080404A0C0980E5D4
:10153000C02D6535E080400A0D118C857941040687
:101540004E78DDCD8C0B6FF88085A10BF2840C0CEE
:101550006B98DD938C0B6FF46AAD0C090C79C02B82
:10156000C02C6CFD1E79A30B9C00406008106EC857
:101570009A8002746D510C09400AC02C8425E08CBD
:1015800061344106E00845A6027400044C21FA804B
:10159000C02B6C1D8C0B0026E8004D68F4F5A10BE8
:1015A00004060F11DDCD79410C0C8C0B0B18F28465
:1015B000C1C3FFF8FA04044C8101006B6FE06AC8F4
:1015C000007B8111E148418680088004E090400A58
:1015D0000C098CC5C02D67CDE084400A0C098C0530
:1015E000C02C6D15E090404A0C0980C5C02C6CFDE4
:1015F00088B5A10B603C41F65A3883114206EF7C56
:101600008C0B6000EFE07EA861380106E00C43F629
:101610000C298004C02D67CDE088444AC0004015E5
:101620004216FE358C0B6000EFE07D8867CD0C091B
:101630004000C02D4C01F3ECC02D67CD8E0B031183
:10164000EFE066A80C4C8101DD93F204FE7C040CF3
:10165000EC601EF0806B3E1E650D0C098111402B65
:1016600081A10B1E002A911C810160040098FE0ECE
:10167000C0004001645002F079588C0B80ABEFC879
:101680006048020667B88C0B0060E81440096401EA
:10169000610112067C0EC020E6E410068171091576
:1016A0006E190C0B400AC0158C65E49CF09C4062DE
:1016B000688100B9160AC01B8A65E3FC4001017805
:1016C000BE04C0000406A10B061600244060800082
:1016D00042901C0042629C00450650A00646C0187D
:1016E000406040006878DC000B34E804E4400AF015
:1016F0008C1B0C0B964B7C24EFC87748A1AB80ABBE
:101700007E1484B5910A81A1FB800214FE0E82032F
:1017100012900271C002650166C11080FE7DC00199
:10172000FE04F00562994C03140BC0160C0CB0F1CA
:10173000DD93F67CE11000C680188004F3F84210B7
:10174000DD938016FA84040C807B026BEFEC794801
:1017500082B5A10B66350E1B420AC01680E5E080FB
:101760008C1B0E0BF2840C0CE0101A08F2840C0C8B
:10177000C1C3DD93638900158531400B041083419B
:101780001858EC28C1C3E014FA00040C0C09806B53
:10179000C02D67C98235AD0B6FFC51C8A10B8C0BF6
:1017A0000C0982B5C02D67C9701C000A80D5810163
:1017B0000C0C8C0B10D8F2000C0CFFFCDD93F2002B
:1017C000FA84040C8171006B6D150C09400AC02C61
:1017D0008C65E0906FEC5B2860188C0B8C0B6FECC9
:1017E00064B50C09807B40380060A10B00E1042146
:1017F00007010260046080540054074106410660FE
:10180000467880580C098FD0C03864B90060A10BAD
:1018100000540701074102604B58805404600FD008
:101820008058064063210C09A10BC0388C0B80C581
:10183000F2840C0CFFEC2BA80C0C8E0BDD93F284C5
:10184000FA0C040C0A86006B0C09EFDCC02C6D0D41
:101850006D150C190C2BC02CC01666316CED0C7973
:10186000404A402C0C89E080C02C6C716CF10C4912
:101870004210402C0214DC20400A1C0C0660E09050
:10188000C0B30531053506608C3880B36D114C311D
:101890004610402C4C31FC10C02C6D154A0A94584F
:1018A0000424E0840424C084854BFA80DC100234D4
:1018B0001C504210E08C404A6D154C114010402CD9
:1018C0004C0193F0802C0D15543880858C0B6804E6
:1018D00063110C09400AC02D0C09E080C02C0D15C5
:1018E000D3F840000D154C01100A402C8465FFFC14
:1018F0007A800084FA8002740C09811B002C0D157B
:10190000800002060D114C114000802C4C0193E028
:10191000802C0D150C0C8101DD93F20CFA00040CE7
:10192000680043084858806B8C0B680C6C110C09DC
:10193000400AC02B8465E094EFDC4006400A800832
:1019400082B5E0806C210C09A70BC02B4FF882B543
:101950008C0B6FFC68046AC881458C0B6FD45548AA
:10196000A10B8C0B575882558C0B680080B5A10BCE
:10197000680044E881018C0BF2000C0CC1C3DD93BC
:101980006C21001945C6402B4021E008C02B6C1D7E
:101990004226A31B40118000802B0C1DA71B8A45EB
:1019A000A51B8205800042360C1D40118515802B39
:1019B000E00042466C1D40110286402B8428EFDC7B
:1019C000F0C04420E040040A842880E5F0C04420B0
:1019D000E080040A842880B5F3DC442000298426B2
:1019E000C02B6C11E094440AC0000416C0A0422130
:1019F0006E09001BC419C0156E09401300864015FE
:101A00008018EFDCF3F84210DD938016FA9C040C8A
:101A10008101007B6FE04808818181116C210E09F2
:101A2000806B402BE00843D66C1D4E11A50BC02BDC
:101A3000A70B88450E0BA275C0156E097375400083
:101A40000004C0FF4E03FC9440156E094AB88E0B8B
:101A50004838EFBC8E0B680064D50E09A70BC02B6D
:101A6000A50B8605008608C5A30B8FDC03D588F57A
:101A7000EFDC00866E090E0B4000C015C0FF7371CD
:101A8000FC9400046E094E030C0CC015DD93F29C0F
:101A9000EFDC0086424A801880E5E08C6C150E1958
:101AA000420AC02B80A5E08401558008FC08000490
:101AB000C8098008EFDC0286553884068E0B6FE477
:101AC000EFDC1286400AA40882B5E080400AA40830
:101AD00082F5E0888E0B3D11EFE0580868004968F8
:101AE00087258E0B8E0B3F11F29C0C0CFFE01768C4
:101AF0006E090E0502064009C0FA6001E002401AB4
:101B000064CD0E150404C005D017E184C20D841302
:101B1000C00000460002401AE14C0386040E841403
:101B20000E0B9511C0156E09FC9800046E094E034A
:101B30008E0B4015EFE05528603C41F6701883117C
:101B400047D8EF785281EFF00311E0A00C0C8C0B1A
:101B50003E18F29CC1C3FFDCFA00040C0146006B86
:101B60000004E124E00843E66C1D4C114546402B7F
:101B70000C15E124C0096E09882480080834C507C3
:101B8000F00C440068107D0802868C0B48866FDCE0
:101B9000860EE03CC424860468B10C3B480AC00AA7
:101BA000000E6692C3D06400600E400A8823C947C5
:101BB0004002C50D020991884000C0004201DC04CA
:101BC000000640004C05C000C00564CDF2000C0CBE
:101BD000C1C3DD936E09001504064009C0FA600117
:101BE00064CD0005422AC005D007E006E184041454
:101BF000C01D8403C00000460006400AE14C038675
:101C0000840E8414C1C3DD93FA00040C41F6006B0A
:101C10004C01E008402B6C1D4DF8B7118C0B6FE0A8
:101C200064CD0C15028AC00580F5E5948C0B01216A
:101C3000F2000C0CE0100A288C0B3B11EFE04CE892
:101C4000600442468C0B8121F2000C0CE010096804
:101C5000FA7C044C0006006B0004E13800BC83B140
:101C6000E1940046A1AB80A80C298265402B6C1D35
:101C70006B988C0B941B6FC80E08A10B0E60C000F4
:101C800040B3645166588C0B8E1B6FE067CD0C0916
:101C90000204C02D420AE1908219608006314C1383
:101CA000400A40168625E0846C110C19424AC02B6C
:101CB0008465E09461380306E00C45F6404A8414DC
:101CC0004225E0880C09C000C02D07CD4000FE353C
:101CD0004C01F3ECC02D67CD64D10060106040B3BF
:101CE000C0AF641181A10F0E819113A5FBFC160AF0
:101CF0001311A60547188C0B120AEFE041067BFC76
:101D00004C01E000C02B6C1D41269CA54C01E0005D
:101D1000402B6C1D5D988C0B0F14E80068D88C0B61
:101D20001911EFE045988C0B4166EFE04C01E000A3
:101D3000402B6C1D6EF88C0B80ABE80098F5A1ABC6
:101D4000E00041366C1D4C018C0B402BE8105CC848
:101D5000A1AB80AB414696954C01E000402B6C1D39
:101D60004DD88C0B80ABE8149435A1AB6D090C09F0
:101D70000C1BC02CC01666356C040400E0004156F4
:101D80006C1D4C019E29402B8C0B0219EFC061E8A1
:101D9000A1AB80AB41768E954C01E000402B6C1DD1
:101DA00054F88C0B80ABEFFC8C35A1AB613800068E
:101DB000E00043864C118004402B6C1D001C8511F3
:101DC0005E388C0B80ABEFF48835A1AB6C710C09DD
:101DD0004396402C4C11E000C02B6C1DE3FC000A24
:101DE0000C1980E5C02C6CED1606811B01F58000F6
:101DF000411681A14C01E000402B6C1D42388C0B38
:101E000000ABE800A1AB83918391E4258E1B0C0B02
:101E1000EFE05A08901B0C0BEFE05D48D8E5A1AB52
:101E20006C910C09210BC02CE00041A66C1D4C01EB
:101E30004060402B58389C00940B8FC8F27C0C4CAF
:101E4000C1C3DD93FA04040CEC501EF00306006BD2
:101E50000C0BE008C0156E096C1D4C118311402B52
:101E60006D094C11404AC02C810160940D0D0C1974
:101E70004C03C02CC01666716CE94C014210C02C9A
:101E80004C11DC40C02C0D0D69650C150C29C00DE2
:101E9000C02C6D0DE000021AA0000038442080C55F
:101EA0004C21F3DCC02C6D0D66350C1B4420401614
:101EB0004C01F3E0402C6CED4C21C229402C6D0DFF
:101EC000E00C45F66CF14C21420A402C4C03E094A6
:101ED00040160681E088420A0CF94C21420A402C47
:101EE0004C01E08C402C0CFDE090420A03354C057F
:101EF000420A400B4C21E09CC02C6CF5685880E5F0
:101F00008C0B6FF066350C1B420AC0168625E0A0CC
:101F100067F10C598C0B402767ED0C490C39C02731
:101F2000C02767E967E50C290C19C027C02767E1BE
:101F3000E8044148A17B807B0C1B9E75C01666356A
:101F4000E0A4420A03118285787881218C0B6FBC52
:101F5000A17B807B0C1B9AB5C0166635E0B8420A9F
:101F60007F5880E58C0B680CA17B807B0C09983531
:101F7000C02D6311E080400ADC004060CFEC67C8F0
:101F800065510C094346402B8414E104EC04000025
:101F900004068E09E008420663150C094C11C0388E
:101FA000C02B6C1D0285A50B80000A760205A30BD1
:101FB00080000A660A26A10B0A46C0000260800063
:101FC00040546541641104600860C09E40A266717F
:101FD000E43000F006F021566018E410A10BEF8405
:101FE0000C1D0C290206402B84B5C0046008441661
:101FF000645000604C21C09E402B6C1D64A10260A7
:1020000058D8C0A3A10BEF840C298605402B6C1D6A
:10201000E00402166E8D4C150E56400A4C05E00C7D
:10202000400A6E89E00C02566FC84DE80E0B8C0B0F
:102030000C0CA8F1DD93F20469650C05A10BC00D31
:102040000C0980E5C02B6C11E094404A414684E5C0
:102050004BE6614C0004E00C66D106600C29C054CC
:102060004015630D66E108600C19C0A3C015630933
:102070006C1D4C514B18C02B0C09EFA0C02B6C11E0
:102080006094404AE00C00466C1D4C018645C02B14
:1020900066B10060026040BFC0C0652164C10460D9
:1020A000066040ADC0AD65216FAC5AA866200860DF
:1020B0000060C0AE40D8656140B8811104C66F743D
:1020C0007765E010C1C38171F87C04CC6D0D00C947
:1020D0000316402C4011E008402B6C1DEFDC480635
:1020E0006C7900190079C02C402C6C75FC0010C470
:1020F0006D0D408100ABC02CC016663100198D1EDD
:10210000C02C6D09631500B50069C00BC02C6CF9BB
:1021100000198F1EC02C6CF56635005B0099C01647
:10212000C02C6CF1F8600829E084440A0F1B865526
:1021300006108331020A44040616E3FC120A00006A
:102140004031E3FC402C6CF5808583210490959B05
:102150004021C404402C6CF182CFF111C4C9076541
:1021600063FC020A1654964B832161B48331024505
:10217000E0840674FA8006348331071BC404061019
:102180006CF54031120A402C80E5E3FC02A4C2A7A2
:10219000839BFA80C40404906CF14021560A402CC1
:1021A00080A5E080FA80023480F5CE1DE080564A9A
:1021B000464A80E58085E0805880015558C0FC186B
:1021C00008BBF3E0EFDC48066D0D40C1580A402C17
:1021D00082C5E084FA80026483110F1B440402600C
:1021E000F3FC0C0A800002166CF940110029C02C87
:1021F000402C6CFDFFF8020EFFF80C0EE3FC040A05
:1022000044040220E0B44A0A6CFD40118855C02CF9
:1022100042C2911118C4788422CFFC0C40C1A11B8A
:10222000C02C6D0D8D149015020A8F3480E5FBFCD7
:102230007A800214FA80043484F5832B6CED001943
:102240008321402C6D094021020AC02C88D5E3F07F
:102250008D148575020A8F3482A5FBFC7A800214E6
:10226000FA80043480E5832BE40402306D094011C8
:102270008395C02C6CED00199121402C788844C2C4
:10228000FC0C18C4832124CF6D094021020A402C84
:1022900040C1E3F0C02C6D0D0C1080654061E4047A
:1022A000C02C6CED6CED0019A11BC02C42C082C586
:1022B0004011F3BCC02C6D0D421090189016F3F82D
:1022C0006D0D00C98315C02CE08C584A0019822579
:1022D000C02B6C11E094424A58C000B558C0DC4095
:1022E00040C1F3BCC02C6D0DE08C584A001584052C
:1022F000C00B63158265A11B633500258311400B5C
:102300000220972B4015C404C00B6335F07C0CCC25
:10231000C1C3DD93FA04044C680C4A280E01807B8B
:10232000402C6D01008A816182D5E1B86C1D0E29B7
:102330000C46402B0246E00C8E0B600CEFC4754837
:102340000C06A10B8C0B8000F2040C4CC1C3DD9376
:10235000FA00040C0C09806BC02C6CFD80F5A10BFD
:102360006C6D0C09404AC02C8265E08C63350C050D
:10237000A10BC00B0C158265C00B631580D5830BB8
:102380006D150C090555C02C0C09C609C02C6C6DC7
:10239000E090400A0C098625C02C6C898485A10B2D
:1023A000680C45E80C118C0BC02C6D056C890C2950
:1023B0000C01C02CC02C6D01F188461282F5870DEE
:1023C000840D82230C098295C02C6D15F3F040001A
:1023D0006D154C010C0CC02CDD93F2006D150C1921
:1023E0004C01C02CC02C6D054C11C619C02C6D15AC
:1023F000C1C3FF3582C5A93B02A5A33B8188042444
:102400008485A53B8485A73B5C08A13B2018DA00A6
:102410008975FF705C08A12B45349A00EC040420F8
:102420007BFD4630C13EDFFF8131FF658331814551
:10243000DD938125F81C040C900145274BFE0141DA
:10244000C03F7FFD048485950674A33BC4C48841C6
:10245000A01146641BFD50804E709FFF1FFF1BFDA7
:1024600012748A8F58C060E09FFF1BFC1BFD4C60FC
:10247000B09F1FFF10C4517761C7E0C0FB800E748E
:1024800018C450672E8FFA804095B86F4085F808C1
:102490004065F804C54DF00C0C0CF4F5DD93F01C10
:1024A000F81C040C9001452749FE0131C03F7FFD17
:1024B0007FF10A0E180E403FC03F7001026583D5C0
:1024C0008631700CF8080275F804028578105262A3
:1024D0004095F167127478080A9FE0A02C9FE1777D
:1024E000E0C00C84780440952E6F986F4065D187CA
:1024F0004085F010C53DF80C0C0CF875DD93F01C10
:10250000EC401EF06018002900498131BE3EE01009
:10251000C5277C3EA72B7E3E668A464A0A26834113
:1025200018060000826580008151252B814103C17E
:10253000A32B80C5015180F5814181C1FCCEBE5ED7
:10254000C008FE4E0034001301B5FA80484A8131BC
:102550000AF0610A8231E4100A45C447C546FC10FE
:10256000FA800834FC95C14DA0F10101C1C3DD938F
:10257000EC401EF0601C0029004981318551601437
:102580007C3EBE3E272BC527E68A484A18167E3E6B
:102590008205800081C1252BA32B80A5015180D508
:1025A000BE5E81C1FECEFC3E813142080044001374
:1025B00081A5FA80610A484AE4100AF0C4478231D2
:1025C000FC100A450834C546C14DFA800101FC954E
:1025D000DD93A0F1F81C040C610C07C6E10C490660
:1025E00046060CC40C64E10CE10C46864F86105480
:1025F0000C44E10C1C348B81E4600E001C98817546
:10260000EC041080DD98F196A18BD9961800FE3568
:102610008961647471788155EC040C60A16BD57686
:102620001D51FE75815580CB0A507168D166EC044E
:10263000FE75A15B95411C0141588155EC04084091
:10264000A14BCD560020FE7583316C0468800034A8
:10265000080081C100346C040A00E88881016C0420
:10266000816103450E54E92D000448B08255DB809A
:10267000E8B00E44006000730034E4300E746880EB
:102680000E03FB8086C18261FAB58D1B6104420690
:102690006BFC010A0414C0FFDB800004040100008D
:1026A000040CC0800C0C8101DD93F01CFA04044C76
:1026B0004216006B6638E0000C09E80C402B6C45B4
:1026C000E10C42460E600414C0AF6431000CA90B4B
:1026D0000406E20071588E0B8C1B6FFC643802609C
:1026E00074788E0B0C19EFFC402B6C39E4600060A1
:1026F0006C410C298131402B0C498185A14BFC0494
:102700004116807582118231FE15C53D6C3D0C0964
:102710000260402B0C39E474402B6C4544628141CB
:102720000195F08088589C218075A15B8241450607
:1027300082210201FE15C74D6C450C298C0B402BE4
:102740006C410C197478C02B4638EFFC8C0B681068
:102750000C4C8101DD93F204FE7C040CED401EF074
:102760004016006B089BE0044C0186AB402B6C1DAF
:10277000010184BB5EB1828B8A7B613061205EA1E6
:10278000E2800206E1105E919F0EA10E5E019D0E99
:102790005E01E0D05E01E0C08C0B60B0E80C5F0829
:1027A0009F2101118C3B0C0BE8046D486090008464
:1027B000E18C028440000D8E4E09F1C0E0040E6AE7
:1027C00071845002937E8F0100B8958E8000400185
:1027D000FA800084150E90015E0191019F0160B0A6
:1027E00040A20F0EB20FF9AC9AA5A10B4F761E892D
:1027F000118EE000F0AC50A2928307656C1D0C298D
:102800004376402B4EF8E0008C0B6FC45EB1A10BF9
:102810005EA1C1305E91C1201548C110160AC000EA
:1028200081017000440400B0F000164A6200020CFE
:10283000F000144A6200040C141A828381117000A3
:10284000240502A0848340007000124A060C8121F6
:10285000121A62000490F00040002405049B868355
:1028600080BB82ABF265E88D5EB193045EA1E1307E
:102870001104E1205E91A30B5E07E1101504E03C1A
:10288000E4200E001E75897E160A40201074FBFCA1
:10289000B003FA8044000C251504F07CE080500A57
:1028A000A12B8875A001888560D05E01F3C042002D
:1028B00065C4028A02808E0B0080043C5E118C0489
:1028C000838580D06C1D0C294376402B48B8E000EE
:1028D0008C0B6FC4E0004F760F48A10B9BA1C0008A
:1028E000E1205EA1A12BF1458440000060D05E0193
:1028F0005E018E0B00F0E0C016F065003E0EE4D0E5
:10290000E4C008F004F00B2E3CBEE530E4B00AF061
:102910008C0B011168004DE81EA98C3B140A60C0A5
:102920008605FBFCE0804E0A443C0270CC0400703B
:10293000C0D05E118B0482B5E040000AC0281E059D
:10294000C440000080281E0560D05E015E018E0B31
:1029500000F0E0C004F064F03E0EE520E4C008F0B2
:102960000AF03CBE0311E4B04B388C0B8C3B680082
:1029700060C01E99FBFC120A504A86A50E70E080CA
:102980005E71CC048495C0D0A10B8B0480281E05F9
:1029900080D05E01950482A55E01A001420060D056
:1029A000028AF3C00E80E5C45E718C085E7180D02F
:1029B00000F0E0C004F064E03E0EE510E4C008F072
:1029C0000AF03CBE0511E4B048388C0B8C3B680023
:1029D000807B858196D5A17B8C3B13141E198F04B7
:1029E000A11B60C040101E25FA800004FB8040A29D
:1029F0007B804092FA80021440205E25FB804212C8
:102A0000040491048C0B7A80E8045A48A17B807BF3
:102A10000C0B90354CD88C1B1E07E80040C6603C60
:102A20000004E10801218511020681710016C00031
:102A3000E1084106022C80040026E200E10841463C
:102A400000168004E1084186020C80040026E200A2
:102A5000E10841C600168004E10C00068311000461
:102A6000004600168004E10C008600868004E10C1C
:102A70008D3480269F14A1044C319D24C02767E12A
:102A800067E54C014C11C027C02767E967ED4C2171
:102A90004C71C027402767F51304A9319F248B414F
:102AA0001D04A1144616A10B08F64000442AC000DC
:102AB000D017668EE692400A8023822369594C25FE
:102AC0000E0BC008E5401EF0F67C0C0CC1C3DD9374
:102AD000FA7C044C93348F3E8B7591649488909863
:102AE00094F5D19D500218A81079F0A440276341B5
:102AF00056A283C110B4F1A44E7061901684FBFC01
:102B000016C4FA80967FE8AC8675A17B108A0FC444
:102B10000EB6F410161600004E7280000E7491A0CE
:102B200018799A8016B47C249893889CA476B67FF2
:102B30000E7088788876EC0482718C7498A88C7EEC
:102B40007A8012A4EC040E106480149098A6E57D9F
:102B5000A11B8455148A865584F5F6000E904AA769
:102B600050A0ED44B073F08090789876EC040E702D
:102B700081B59076F3FC150A0E9082159876ED8853
:102B80000E7090789076EC08A18B888881C5EA1544
:102B90006C1D00294366402B7258E0084D666FC0DB
:102BA000A10BE008816180550C4C8C0BDD93F27C0D
:102BB000F87C040CEC401EF066B104009131408BAF
:102BC000814101550630494EA13BEC040121FE959F
:102BD000015181318B95814110447C2E7E1EFA80FB
:102BE000F408088A8881042881913E4E0C2488AB21
:102BF0000E2461940469E19CE18418240E242E6F54
:102C00000879E18C2E6F90C9386F9E294867A9C159
:102C1000800058168B612C2F00000CF6FA800E24D1
:102C20004E0A85758665E4A47A8008A4F000065AE9
:102C30007000060A041C98BB025462004447FA80E4
:102C4000DC0056604402051B0415F09040086BAD93
:102C50008010160644159613C0086BAD600C121A4E
:102C60000A0A829154807BFC0A0CBC00B19BE200F2
:102C70007C24F635BE4483397C0C040A020C822184
:102C80007E14E20082118243F43C050A0101E8C58A
:102C90000C0CA0F1DD93F07CFA7C040CEC301EF0FF
:102CA0004056006B4C01E000402B6C1D7C0E8101F6
:102CB00071788C0B0C09E800C02B65F9E080400AA4
:102CC000050100600206409B6038C00004064F6C9E
:102CD0000C09C018C02B6C2188F5AB0B6D210C09B9
:102CE0004000C02CC209F3F06D214C018C0B402C2C
:102CF000EFF47B086D210C09807B402C4306217B7F
:102D00008321EFDC40000426C409F3F06D214C015F
:102D10008265C02C6C1D0C298C0B402B6FC0664843
:102D2000A10B8E1BC0000C388111017181A11355BC
:102D300012B43E34D09DFA80004A9C359AC5FBFC03
:102D40007000060A0111960B84058121F004060A21
:102D5000000000069C0042B004060225060A80001E
:102D600082B5F008811101014C01962BC02767E55F
:102D700067E94C114C21C027C02767ED80F5A17B86
:102D80006FF47688807B8C0B8245A17B6C1D0C29AF
:102D90008C0B402B6FC06288A10B8E1B02F0A0F53C
:102DA0008C0B6420E8004E88807B7C0465F90C194C
:102DB0004486402B400AE03C420AE00ACF07E0800C
:102DC0008405FC0E7A8002A4650004600614C09B92
:102DD0000433E0888C0E8223E40044B14411BC1417
:102DE0000C1BE50040156AF9C30D82A1D19D862513
:102DF00007F50C0916B04027E675C4046AF50C1BEC
:102E0000C11DC0150C1B8205C0156AF143F6430DA8
:102E10008855E00C415603C5BC14E000160A83D562
:102E200043F670148615E00C020ABC148495F00C6D
:102E30006AF50C1BC11DC0150C1B8205C0156AF17B
:102E400043F6430D8215E00CE000414667F54C0166
:102E500043F64027030AE00C86D5F40C67F50C090D
:102E6000004AC0278605FBFC67E10C298C0B402734
:102E700082113E1E02143C1E41D8FA80808BE8006D
:102E80001656EB8D00060000D4658000E000413648
:102E900067F54C014CA1C02740266CF15E388C0BC5
:102EA0004106EFB481116FDC0E0B80160C0C98F10B
:102EB000DD93F27CF81C04CC67F10059A71B402776
:102EC00018240131153CE18C05418F6180040F56B7
:102ED00002160485251B8000E0084EA600000206AD
:102EE00080001006231B82650295814103568111E3
:102EF000834160048111291612F08381B09FE45050
:102F00003863A476FBFC0A4A701C58200A648121AD
:102F1000FF617A8000000486E8B018640844055513
:102F20004C12FA8010F070880063E4500C798B1B0F
:102F300040276341E1FC0C140C6482634C12FC00DA
:102F40001069F1984E727C180C7F9830A17B8161DA
:102F500050045070C1840E744C627E750634D0A04B
:102F600088137A808A1D8C330034F6A50CCCFA8045
:102F7000DD93F01CFA0C040C827B006B6D590C0580
:102F80009121400A6E0D0C1546D8C0090C29EFA8F6
:102F9000402B6551E118434683510414841884483A
:102FA000637D0C359E49C00B8E19C9170224235F1F
:102FB0004C18E09004546FA846B8E890808B6FE8F6
:102FC000601002064DB8902B8E3B6FA8A17B807BD2
:102FD0000C2982E5402B6C1D50588C0B8E1B6FC04A
:102FE0000E06A30B8E0BC000F20C0C0C8101DD93BE
:102FF000F20C0C0CC1C3DD9364C100390216402BE6
:103000004011E00C402B6C1D00198341C015621962
:103010006635002B0059C016C02B650D6C7540112C
:103020000019C02C402B6C11700544204031C08029
:10303000402C6C7D7EF944200039C079C02B650995
:103040006094424A40118511C02265956D3140114E
:103050000206402C4041C000C02C6C8D6C85405154
:103060004023C02CC01666356D3540314011C02C50
:10307000C02C0C810E1940134011C015C02B0C59E7
:10308000C1C3DD93E01402296635003B8444C016B9
:10309000063482294045FC00400B63154033A43FB1
:1030A00040166635EFDC088660240229FC0C0634E5
:1030B000C22790584A500429A45FF3F4022990567D
:1030C000C627E028A62F9029663540230424401601
:1030D0000239FC10C837E02CA43FA03966354033D4
:1030E00046304016C0FF737DE03002294420CA27D5
:1030F0000029F080402B64C54033A43FC0166635DC
:10310000E01002394031A72BC02C6C71002980F5EA
:10311000C02B6C11E094444A022982650239E01800
:103120004021E020C02C6C79663140330229C01662
:103130000039E03CC02C6D216D3900598229C02C2A
:10314000FC000634601C02294031A43F402C6D2154
:10315000FC04063460400249F3F84A506C8940216F
:103160000400402CC06E64C18449C2474041A64F50
:10317000402C6D21F3EC4840E0440239A65F8239CF
:103180006D3940510239C02CC437E048A64F883908
:103190006D2140410239C02C0049E04CC02C6D1516
:1031A0004630CA3748407080A64FF37C6D154041C9
:1031B0000239C02C0049E050C02C6D5108448239BE
:1031C000A64FFC006D5140410844402C0239FC04DC
:1031D000C237E054A83F84396D5140310634402C49
:1031E0000249FC08C447E058A83F88496D51403166
:1031F0004630402C0249F3DCC647E05CA83F9049CA
:103200006D5140319F31402C024981650630603458
:10321000C946EC04FE55A13BE038022968FD402177
:103220000219C01B4011E034C0226FB9C1C3DD9345
:10323000FA00040CEC601EF00C05806BC00A6D6592
:1032400062190C190C29C015C02B6C2165B90C39F9
:103250003C0EC02B111681010F3683118B06A32B58
:1032600082258D168285A72B5E11A52B04260024AE
:103270008085800045F613060345E00C0C4B833136
:1032800040156E090C25FD51C00D6965212BCB47FA
:10329000060C8521C84B6200041613364642C00056
:1032A0000C49F994C02B65B58B2109260016270619
:1032B000C040701182490B0E8C0B1536993697362B
:1032C0009D269B16A1169F46A516A316EFFC6968BE
:1032D0008C0B1E1BEFFC6D880C0CB0F1DD93F20023
:1032E000FA00040CEC601EF070000216E004040604
:1032F0008101006B83113E1E8B2111269B16BC0E93
:103300009F069D26A306A116A706A506AB16A9161D
:10331000AF06AD168C0B13069716951666D8991640
:103320001E1BEFFC6AF88C0BB0F1EFFCF2000C0CEA
:10333000C1C3DD93FA00040CEC601EF08321006B26
:1033400061D10C190C39C015C01562196D650C05D9
:103350008916C00A65B90C191136C02B3C0E89318B
:103360008F16810165B50C191B36C02B8B068F316A
:1033700082190D2602161F16C0407011A1269D3617
:10338000A526A3261306A7068B1E8C0B972695262B
:10339000633899261E1BEFFC67588C0BB0F1EFFCCD
:1033A000F2000C0CC1C3DD93FA00040CEC601EF0BB
:1033B0008321006B61D10C190C39C015C01562193D
:1033C0006D650C058916C00A65B90C191136C02B3C
:1033D0003C0E87318F16810165B50C191B36C02B49
:1033E0008B068D3182190D2602161F16C0407011F2
:1033F000A1269D36A526A3261306A7068B1E8C0B99
:10340000972695265F9899261E1BEFFC63B88C0BB8
:10341000B0F1EFFCF2000C0CC1C3DD93FA00040C18
:10342000EC601EF08321006B65B50C098141402BD7
:1034300062190C390A164015BC4EF000618C02046A
:1034400011368209F88842128B311F068C0B3E5EC2
:103450009D369B26A346A146A716A546AB46A926A0
:10346000AF46AD269526934699269726EFFC5C68D5
:103470008C0B1E1BEFFC60880C0CB0F1DD93F2008E
:10348000FA00040CEC601EF00416006BC00460111E
:103490006C210C09A131402B83213E2E8B3111363A
:1034A0006034004A020C8101BC0EE2009D369B266E
:1034B000A1069F06A526A306A926A7161306AB06F6
:1034C000AD268C0B9526AF2699269726EFFC5968DA
:1034D0008C0B1E1BEFFC5D880C0CB0F1DD93F20031
:1034E000FA0C040C0206006B7498E2804046E80473
:1034F0000F8660044C01E010402B6C1D81958C8B75
:103500006381100940F8C0276106E800EC040E70E2
:10351000FCF5A17B457601110C0BE0000C0C8C3BFB
:10352000A915F20C61840404E18C0204708044202B
:10353000F03C480060840604282FA0194630C607D6
:10354000A22F7100720040005D93A62FC1C3A40F8B
:1035500060044826640C4B064041C020402B6C1D83
:10356000640D48068135C020D1C6CDC8FEB58B4B51
:1035700081158531FA7C044C4106006B0004E1148E
:103580004786867B524660044C31E12C402B6C1DF3
:103590000038AD7BE03981B1000600360004E11847
:1035A000E00447966C1D4C318331402BA4048036D7
:1035B000868580B68A05A37B8CC5A57B9025A77BD5
:1035C00092E5A97B8445AB7B96B5A17B612C010676
:1035D00080049F11014600B68004E12CA4048016EB
:1035E000421080188016F3E401868BA58004E12C3C
:1035F00001C600168004E12CA40480264210801825
:103600008016FD80010689C59F11612C00B68004DB
:10361000E12C0146801680048018A404F3E44210D3
:103620008016C419010687C58004E12C01460016E6
:103630008004E12CA4048026CC19801885F580161E
:10364000612C0186E000437600B68004E12C01C6BF
:10365000801680048018A404F27C421083F5801642
:10366000612C0186E000437600B68004E12C01C69F
:10367000801680048018A404F27C4210FC9402148A
:1036800081D580166C1D0C2911A6402B03A6E008DD
:103690008C0B6008EFBC5A889A85A30BE12C54C6AA
:1036A0008008A80480F5A10BE13401468004800461
:1036B00082B5B10B6C1D0C2911A6402B03A6E008A6
:1036C0008C0B6008EFBC59089485A30BE47D24049F
:1036D00088D5801881214219428600167198E03CF5
:1036E0008C0B6800614400C6E1340546A8148004D0
:1036F00080388824480A84488085E080B54B884417
:10370000460A8E158085E08CB53B88340C29FC7503
:10371000402B6C1DE00811B603B605756019E00872
:1037200000168121E03C428668006F4800C68C0B81
:10373000054661448004E1348824A8148448803814
:10374000E090480A884480858475B34BE08C460A33
:1037500088348085FC75B33B6C1D0C2911C6402B49
:1037600003C6E00853F8E0088C0B6FBC8045A30B40
:1037700073D881812404E800E00802F6410600B60F
:103780008004E1146C1D4C118018C02BF3BC421056
:10379000000600168004E118900B00B6F27C0C4C79
:1037A000C1C3DD936004485664200B864041C020AD
:1037B000402B6C1D641108068135C020D1C6CDC8D0
:1037C000FEB58B4BDB758D31643149064BC640200D
:1037D000C0206439CDC881358B4BD1C68B31FEB545
:1037E000C1C3D9A5E00444766C1D402141C6402BDD
:1037F000C020643905C60165C020643DC136C538A6
:10380000FEB5850B81015D93FA1C044C8111007B90
:1038100081310121EFFC6B080E70006BC09A66F1DC
:10382000640D5106A1914020E1088175EFFC67C845
:1038300012905D06A19BEC048C0BFE35F21C0C4C27
:10384000C1C3DD93FA1C044C8111007B8731012137
:10385000EFFC69280E70006BC0B366B1642111865D
:10386000138640208175E01065D8E1085D06EFFC05
:10387000EC041290FE35A19B0C4C8C0BDD93F21CDA
:10388000FA7C044C0046006B0004E118E004423668
:103890006C1D4C1183B1402B613055C600B681912F
:1038A000E13410C60096A804E13400068428801490
:1038B000F3C04420800484269E198018FF404210E3
:1038C000008600168004E134A0048096A10B8008D5
:1038D000014680F58004E134BB0B80040C2982B5DD
:1038E000402B6C1DE0080FA6600803A647B88C0BA0
:1038F000A30BEFBC28048A45E03C428600B6812138
:1039000060788C0B00C6E800054661448004E13411
:103910008824A014844880388085A14BBD4B8844FE
:10392000460A84758085E08CBD3B88340C29FC9563
:10393000402B6C1DE0080FC6600803C645388C0B91
:10394000A30BEFBC81718045E80065280096A804B0
:10395000E1180046009680040C4C8E0BDD93F27C3F
:103960000025A11B000B0521812C43C680000215F8
:1039700080004225A31B80C5A51B80858365822509
:10398000653100250206400B8414E1300025842EA9
:10399000400B6521E12C43C6042E8414E13002065D
:1039A000653100058414C00BDD93840EF80C044CC3
:1039B000611804460834A51B8C468141A31B882549
:1039C00043061025A11B812C00399A35402D653105
:1039D000E12C43064BB6041489C1E00C84488239BB
:1039E000F3F848408731264F437604460049E00CFF
:1039F000402D65316531000007D5C0B50049C2478B
:103A0000402D6531E12C4306824984344A508C585C
:103A1000A85FF3F884348C56653100498C58C02D6A
:103A20008849C247F3EC4A508C56A85F0049843459
:103A3000C02D6531C2478C584A509049A85FF3DCCD
:103A400004148C56E0084BF6653500391806402DF5
:103A50008448E004A039C837F3BC48408F31264F72
:103A600043F604460049E004402D65356535000005
:103A7000CA47C0B5612C4D061874984FFA800634B9
:103A80008A8F9C889C86A88F80089844C507905888
:103A9000270F8209A05F825F080490568016831169
:103AA000F00C0C4CC1C3DD93F80C044C6188041479
:103AB000E198478686190C546090082464B006008B
:103AC000A24FC08B0A43C44781D5815118C05D8481
:103AD0004C85EC04A1CBF0102031FE5508408251FA
:103AE000C00164011846A55B4C4040007C95DC0099
:103AF000DC004E3061984686E0004B866516442A0D
:103B0000640000000C34C08CE00C48068151033581
:103B100065124C5AF0B04E12006584638C737C3091
:103B200088C144779C6E8673E0E0180A7001FC55EA
:103B3000B55B825118067E558101C000F00C0C4C1B
:103B4000C1C3DD93F83C044C61880614E0080B0601
:103B50009321061966964A3AE0900834668A581A04
:103B600065B00C00A24FC08B81C118530E608375E5
:103B7000898164408AAB089B59AE8185EC04108032
:103B8000601C4C958891C8A1FE15A18B0A5002C1FA
:103B9000C002650165000840A5CB8E6B4B86FA35E7
:103BA00008006000C09065806516463AE00C40064B
:103BB0008151035565024E5AF09850127098524246
:103BC000867388614E8A8E83A47EE68AE2305285AF
:103BD000E0E00C0A0251FC15B55B984B44E018403C
:103BE000C0000C068101FCD5F03C0C4CC1C3DD9338
:103BF000FA00040C6FFC44688C0B806BF2000C0C18
:103C0000FFF0028800005D93C028654100005D93CD
:103C1000C02B66116108038684149D2103060426C7
:103C20000424E10808168311E11445068838882425
:103C30000836C839600106060025C040C00A6EF18A
:103C4000A121472D08050029014600278004E1280D
:103C5000010600268004E128DD938016E128038612
:103C600084288414872B84380220FEB54011ED5C33
:103C7000C02C6D01C1C3DD9360084356E128058661
:103C80006C1D40118814C02B84388428FEB5872B06
:103C9000ED5C02206D0140114011C02CC015613156
:103CA00065394011DD93C02260084366E12805862E
:103CB0006C1D40118814C02B84388428FEB5872BD6
:103CC000ED5C02206D0140114011C02CC015613126
:103CD00065594011DD93C01B60084396E1280586B5
:103CE0006C1D40118814C02B84388428FEB5872BA6
:103CF000ED5C02206D0140114011C02CC0156135F2
:103D000062F140114011C015C01B655DC1C3DD9358
:103D10006E01000B070640150C34E1448721A12BEE
:103D2000E686400A00C60C0E8014E1445C08842636
:103D300080049A00424A8018FEA5E08C801681110A
:103D4000C1C3DD936E01000B07C640150C34E1447E
:103D50008721A12BE686400A01860C0E8014E144DF
:103D60005C08842680049A00424A8018FEA5E08CF4
:103D700080168111C1C3DD93F800044C61384BC635
:103D8000143485618C48A12BF3EC484048460C461E
:103D900010C4E144B0368131B06690C4303690C46E
:103DA000E14458866E01000BB0C4C0156686400A17
:103DB000B00E871100169004E13C000684C8801400
:103DC00084C6C8C980188004F3EC4210940480169D
:103DD000C819801880E5801680189004E08C424A4B
:103DE0008036FEA5F0000C4CC1C3DD93614400C6D3
:103DF00080048111DD938016FA9C040C43E6029B3B
:103E0000086BE0044011867B402B6C1D41B8848B0D
:103E10004206E800C26761188469041442460496A9
:103E20008414E118428604868414E118420604765C
:103E30008414E11044208428AC2FF3F40C0C842665
:103E400083F5F29C61144106E11447868141001418
:103E500084188428CB278C3482190429A41F0C5A77
:103E600080348C4C8C48E057F3F8484000348C4642
:103E7000F984405242408C488C16F2FCC1C3DD9359
:103E800061144386E1C0040448000414CA07F00426
:103E9000F10040004306042C8424E11446308838A5
:103EA000A83FF3F88414883644208428A02FF2FC1D
:103EB000DD938426FA9C040C41F6009B066BE0041B
:103EC0005201847B402B6C1D7BD8828B1229EFFC26
:103ED000402C6E95E11C0246C887041471C04880CE
:103EE00004269E79E118434688388424F23C463003
:103EF0008836A83F84288414F3C044200426AE2FBB
:103F0000E11C028684668414F29C0C0CC1C3F7A5E4
:103F1000FA84040C826B007B65350E390E29C02BA8
:103F2000C02B6539653D0E197C58C02B0E0BEFFC7C
:103F300066B88C1BA10BE8000C0C8085DD93F28425
:103F40008C1B0E0BF2840C0CE00027E8FA3C040CEE
:103F500041A6006B4C01E004402B6C1DE00443A61D
:103F60006FFC7D88807B8C0BA4D5A17B653D0C29E3
:103F70000C19C02BC02B653965350C094938C02B8D
:103F8000008BEFA0E1040146902B00040CA5809467
:103F9000C0096E0D65410C39920BC02B6FA049080A
:103FA0004C05941B400B636D0C39920B402B6549FB
:103FB0004858941B902B6FA063654C05920B400BE7
:103FC00065450C39941B402B6FA047A84C05902BDE
:103FD000400B63710C39920B402B654D46F8941BD6
:103FE000902B6FA06D590C159121400A63694C0507
:103FF000020BC00B4378941B4C05EFA040066D49A3
:10400000E11C02864C058414C00869416B1D4C05F7
:104010004C05C008C0086BF14C018408C01B6571D9
:104020004C018408C02265514C018408C0226CA157
:10403000434604088414E1186FF14C018408C0223F
:104040004C019E09C01B65759E09840865554C018D
:104050008408C0224C019E09C0226CA59E098408D8
:104060006FF54C018408C0228E09C90765794C019F
:104070008408C01B8E09C90765594C018408C022F9
:104080008E09C9076CA94C018408C0228E09C90792
:104090006FF94C014078C0228C0B68000C0C8E0B21
:1040A000DD93F23C68B1001B060E400AC3D06401E8
:1040B000E18404146C7900398623402CE006422AFE
:1040C000E1840434422A8223002BE00EC00A68B542
:1040D0000206C41D421280004015D188C00B6375D2
:1040E000C1C3DD93FA9C040C0C19806BC02B64C116
:1040F00065510C990C79C02BC02B65C9EC040010DC
:10410000C797650D810102150C09A71BC02C0E3144
:10411000830180B56E314C010C09C02C402C6D0D13
:10412000F004000A8E930275E08C404A054D006051
:1041300001C580AD05490060404AC0AD0060E08C1B
:1041400080AD0545054100608088C0AD6F9C7288D8
:104150000294900B81417A806102461A101B8C0BED
:1041600064B88E2B0C09EFFCC02B65516C1D0C192B
:10417000C807C02B6AA94C034C03C00DC01162993B
:1041800066494C034C03C011401167F152188C0B67
:10419000A10BE8000C0C8085DD93F29C6C1D0C19C2
:1041A0008C0B402BF29C0C0CC1C39F85F804040CB3
:1041B0006E3100190019C02C402C6D0D8245A11BD9
:1041C000E08C424A05A1040001C580B305910400BA
:1041D000424AC0B30400E08C80B305C105B10400BD
:1041E0000069C0B3C02B64CD005B8824C0156AD1C0
:1041F0006AE1004BA36B401568C900CB003BC00AC5
:10420000C00A68CD0461006584C580050065A56BA2
:104210008005045D00758425400B63750285A76BDE
:104220009C004C70645D0065CC7DC0050461006538
:104230004C628005424A9A9CD8C7608C026402E5B1
:104240005857E0B04A5AD847484AE00A4055E00A71
:10425000C00B6379637D4045481AC00BD81D600AC6
:10426000421258374045D1B0400B6381481A814112
:10427000423AC00A4045E00AC00B63856389401595
:104280008101400BF0040C0CC1C3DD93FA3C040C1B
:1042900000B6008B5001E008402B6C1D067B88ABFC
:1042A0007298849B820B6F9C6F9C73E8210B806BD0
:1042B0000206FF11A3AB0000820302E58295D30D35
:1042C00084A5A37B5095A17BC00B05215095841537
:1042D000C00B6521A37B8335A17B82C505215005D9
:1042E0008235C00B652150058185C00B6531509525
:1042F0008145C00B65315005100BC00B73188E1B28
:104300005A18EFF80E646FFC4386E1A08414E1189C
:1043100043C604768414E1180C0C84661B18F23C26
:10432000C1C3FFFCFA04044C866B42270424842199
:104330000624FA808233E184600A4E3A0029C62DB1
:10434000402B0C1DC0084296CFB474E860010006F3
:1043500081317D09E01E400AE51A420AE59A440AC5
:10436000648100104222C7A1040E728CC003742421
:104370006F6041280C4C8131DD93F204FA00040C8B
:104380006C010C12811140286F606A488C0B8C2BD9
:10439000F2000C0CC1C3DD93FA00040C4206022BA0
:1043A0000414E118E1244786841881618C388C3428
:1043B0008245871B60080366E0080D66EFB471480C
:1043C0000C06A10B8C0B8000F2000C0CC1C3DD931A
:1043D000FA00040C4286022B0414E118E12447C6BB
:1043E000841881618C388C348245871B6008037681
:1043F000E0080D76EFB46F880C06A10B8C0B8000E3
:10440000F2000C0CC1C3DD93FA00040C02C6022BAF
:104410000414E128E1184746841881618C388C34F3
:104420008E39C9378245871B60080386E0080D86F0
:10443000EFB46DA80C06A10B8C0B8000F2000C0CE5
:10444000C1C3DD93FA00040C0286022B0414E12898
:10445000E1184746841881618C388C34871B9E395B
:10446000039682450D9660086BD8E008A10BEFB467
:1044700080000C060C0C8C0BDD93F2006C80041297
:10448000813181114800C53D000450044212C184AD
:1044900006305090FCF5C404820B5D93FA00040CC6
:1044A0000C09806BC02B65B5E084400A05A90C1986
:1044B0004086402B0005C1004011C0008495C0001B
:1044C0006D210C09400AC02C82C5E08063790C156F
:1044D0008531400B8C0B03416FFC6DA88C0B822B3C
:1044E000F2000C0C81018165F2000C0CC1C3DD935C
:1044F000FA7C044C0086006B8004E13C421080187A
:104500008016F1FC65B50C09404AC02B0004609888
:1045100080C5FA006CFD0C19A11BC02CFF1182850F
:104520008235820D66ED0C19A11BC0260260028542
:10453000809906E5E094400A044502600260C09E4E
:1045400080AD05A953F604180C39E000C02B65AD09
:1045500070844432050AA613161264FC1224E0008B
:10456000400A1A800060E090409906F1C0000206FF
:104570004F605B08C018040615860FBE0101E100FC
:104580008975817161004086E0084206832100043C
:104590008C0B00B6EFF87BE8603C42864F188C0B22
:1045A000007BEFE075B88C0B0C09EFF8402C6D0127
:1045B000F0A04462A17B28146BF144018408C0265A
:1045C00041F682658111603CEF645BC8600C430674
:1045D00062B88C0B55D8EFC80C19EFDCC02B65B551
:1045E000E090420A0284826504606088C09966F0A7
:1045F0009023041344B1840E0C15E400C00A6D61CD
:104600000206C20D4C11C000C02606ED82B180D555
:10461000FA8010B4ECE5D28D65B50C198291402B6F
:10462000E090420AC01C1E25D188448206E14C213C
:10463000938B40260C0984F5402666E5E10042860E
:104640008321041466ED4C210406C026E03C41F6AB
:104650006F645788430681118C0B600CEFC85E684D
:10466000420A8595448660940824E1000441026072
:104670004CB1C09E402666E505B10260841880AD4D
:10468000021290138816ECFC6C6D0C294C11C02C96
:10469000C02666E969B54C05440AC0098245E09028
:1046A0006FF86DE80C098C0BC02C6D016D054C0189
:1046B0004046C02C8014E100442084280426F3ECFA
:1046C000E13C028684288414FC9C04248004842613
:1046D000C81980188E0B0016F27C0C4CC1C3DD93F8
:1046E000FA00040C40A6006B4C01E000402B6C1D4E
:1046F00069588C0B6AD8EFF48C0B6FE80C19A10B7E
:10470000802C0D15937C42100D154C118111002C3D
:104710006C214C110C0CC02BDD93F200FA1C044CE4
:104720008171006B66350C0B43F640164C73EFFC41
:10473000C0166671E080404A0C199885C02B6C4900
:104740006C510C890C29C02BC02B6C556C4D0C394D
:10475000C517402BC527C587482A45374A3AE6A2E0
:104760000644E6860854FA80893BFA8080000016E9
:10477000888C0004020010C50C398C04402C6D0993
:10478000E084400A6686442AFA80081481510111A7
:104790006C040030400283310009D098C02C0CA179
:1047A0006CE94C018305C02C8425A18B7A80188488
:1047B000E89412346032584AFB8002144C13B21F42
:1047C000C0166671855D98538345FC156C1D0C29D8
:1047D0004296402B5078E0088C0B6FB4E0084E9660
:1047E00066710C1BA30B40166CE90C090E06402CDD
:1047F0000004C00002147A80400AFB80A11FE6A2D8
:1048000066714C138E0B4016F21C0C4CC1C3DD9329
:10481000E1044206841A84146E194013DD93C01516
:10482000F87C040CECA01EF06C4100698791402BD1
:104830006C4900298F31402B6C5100498581402BF8
:104840008D911396669A422A15968B71421A93910E
:1048500089B1601299911796BE1EBD366C4D001934
:104860001F36C02B5E919B313C1EE0906031020EE2
:104870000D1EC241E04002166C4500A91D1CC02B54
:104880001996951100C98391402B6C55BF16A9ABA1
:104890009711211691911B96E0805E819F8125865C
:1048A000E0945E319D312336E08C5E1181112B1630
:1048B000E0845E71E0885E91120629965E31C00048
:1048C0005E81E0982F86E09CC00010069116AD3600
:1048D000A7769DB6017192158395819164600AF067
:1048E0000A3982B18033FC0C688146718271401BA9
:1048F0006C4100690A64C02B06B47A809453FA8034
:10490000FAB5CB3D6C4500B98291402BF42C528A0C
:10491000C088069413F154307AD5C003DC0056A049
:104920006C810039A33BC02CDFFC51EE68BD408197
:104930008575C01B64200AF00A3982B18033FC0CF3
:10494000688146818281401B6C4100690A64C02BEA
:1049500006B47A809453FA80FAB5CB3D6C4500A931
:104960008291402BF428528ADA800694C69E543AEB
:1049700056A07AF547E6DC004031E00CC01B68BD6C
:10498000BC54BE34E012442AFA8006346032485ADD
:1049900064800A008725C06E6E1900CB580AC015C6
:1049A00059E6E4844C50000C88A59C006C7900C941
:1049B000E5CDC02C94C888356C4100690079C02BC6
:1049C000C02C6CE9E01A50CAE00A527AE11A58CABF
:1049D000E692508AE10A4C7A58CA10930E94E68AFD
:1049E00050027A804E7AF0848CC3668E64810C808B
:1049F0008EC3C06E021198C6020A8251F2B5E04021
:104A00000C0CD0F1DD93F07C00001014004349AC95
:104A10000000092C00001A24004353BC00000020B1
:104A20000000194400000000000000E00000000049
:104A300000800200008002010000000000800211DE
:104A400000800212000000000080021600800217A1
:104A500000800218008002190080021A0080021BE8
:104A6000000000000080021D0080021E0080022065
:104A700000800224008002260080022C000000003A
:104A80000080022F00800246000000000080024AE1
:104A9000000000000080024C0080024D0080024EA9
:104AA000008002510000000000800253000000005E
:104AB0000080025700000000008002590080025A66
:104AC0000080025F0080026000800261008002625C
:104AD000008002630080026400800265008002663C
:104AE00000800267008002680080027300000000FE
:104AF000008002780080027C0080028100800286B3
:104B00000080028700000000008002950000000085
:104B10000080029900000000008002A3008002A82B
:104B200000000000008002AA008002AB008002ACFE
:104B3000008002AD008002AE008002B1008002B2AF
:104B400000000000008002B6008002B7008002B8BA
:104B5000008002B9008002BA008002BB008002BC63
:104B6000008002BD008002BE008002BF008002C241
:104B7000008002C3008002C4008002C500804000A3
:104B800000000000008040020080400300804004DC
:104B90000080400600000000008040090080400ABC
:104BA0000080400B0080400C000000000080400EA0
:104BB0000080400F0000000000804013008040147F
:104BC0000080401500000000008040190080401E59
:104BD0000080401F00804020000000000080402432
:104BE000008040250080403C0080403D0080403EE9
:104BF0000080403F008040400080404100804042B3
:104C00000080404300804044008040450080404692
:104C10000080404700804048008040490080404A72
:104C20000080404B0080404C0080404D0080404E52
:104C30000080404F00804050008040510080405232
:104C40000080405300804054008040550080405612
:104C50000080405700804058008040590080405AF2
:104C60000080405B0080405C000000000080405EEF
:104C700000000000008040600000000000804069EB
:104C80000080406A0080406B00000000008040749B
:104C900000804078008040790080407A0080407C2D
:104CA00000804084008040850080408800804089EA
:104CB0000080408E00000000008040900080409105
:104CC00000804099000000000080409F000000002C
:104CD000008040A1008040A200000000008040A8A9
:104CE000008040B0008040B6008040D0008040D1BD
:104CF000008040D4008040D500000000008040DDEE
:104D000000000000008040DF008043DC008043DDC5
:104D100000000000008043E4008044040080442838
:104D200000000000008044480080444C0080445053
:104D300000804454008044580080445C00804460FB
:104D400000804464008044680000000000804698B1
:104D500000000000008048C8008048C90000000032
:104D6000008048CB008048CC000000000080491C37
:104D7000000000000080343C008080000080800142
:104D80000080800200808006008080070000000014
:104D900000808009000000000080800E00808010EC
:104DA0000000000000808014008080180080801CBB
:104DB000000000000080802D0080802E0080803167
:104DC000008080320080803500808036008080370F
:104DD00000000000008080390080803A0080803B25
:104DE0000080803C0080803D0080803E00808040CC
:104DF0000080804400808048008080490080804A94
:104E0000000000000080804C0080805000808054B2
:104E1000008080550080805600000000008080588F
:104E20000080805C00808060008080610080806203
:104E30000000000000808064008080680080806C3A
:104E40000080806D0080806E000000000080807017
:104E50000080807400808078008080790080807A73
:104E6000000000000080807C008080800000000046
:104E7000008080880080808C00000000008080948A
:104E80000080809800000000008000800080008189
:104E90000080008200800083008000840080008504
:104EA00000800086008000870080008800800089E4
:104EB0000080008A0080008B0080008C0080008DC4
:104EC0000080008E0080008F0080009000000000B5
:104ED00000800101008001020080010300800104C4
:104EE0000080010500800106008001070080010AA2
:104EF0000080010C00812C0000812FFC00000D00BF
:104F0000000000640000BB8000001A480000FB8025
:104F1000000000000000000000000000000017EC8E
:104F200000001854000018BC000000000000000041
:104F30000000000000000000000000000000000071
:104F400000000000000000000000000000001A3F08
:104F50000000000000000000000000000000000051
:104F60000000000000000000000000000000000041
:104F70000000000000000000000000000000000031
:104F80000000000000000000000000000000000021
:104F90000000000000000000000000000000000011
:104FA0000000000000000000000000000000000001
:104FB00000000000000000000000000000000000F1
:104FC0000000000100000000ABCD330EE66D12348E
:104FD0000005DEEC0000000B0000000000000000F7
:104FE00000000000000000000000000000000000C1
:104FF00000000000000000000000000000000000B1
:1050000000000000000000000000000000000000A0
:105010000000000000000000000000000000000090
:105020000000000000000000000000000000000080
:105030000000000000000000000000000000000070
:105040000000000000000000000000000000000060
:105050000000000000000000000000000000000050
:105060000000000000000000000000000000000040
:105070000000000000000000000000000000000030
:10508000002000E0401C032816DA002102E09FED1A
:10509000410A05E00329F5DA8842F8D1B7EE000AA3
:1050A000DFF8C42A0C2303FB00F31A4402EB81024D
:1050B00082ED1D0A491CEDE77047000080ED000AF3
:1050C0000021416070470021016000214160002102
:1050D00081600021C160704700000000F0EE400ACE
:1050E0009FED2D0AF4EE400AF1EE10FA06DA9FED7C
:1050F000D80AF4EE400AF1EE10FA01D5D0ED000A1C
:105100009FEDD41A20EE810AD0ED001A9FEDD22A2D
:1051100001EE820AD0ED011A01EE810A90ED021A29
:10512000DFEDCE1A01EE210A90ED031ADFEDCC1A65
:1051300001EE210A01684160C0ED000A8168C1608A
:1051400080ED020A7047000038B500241FE0DFF848
:10515000185A9FEDC40A05EBC400B030FFF7AEFF4C
:10516000B6EE000A05EBC400C830FFF7A7FF9FEDBD
:10517000090A20012844E030FFF7A5FF9FED050A4A
:105180002001284410F58870FFF79DFF641C032C54
:10519000DDDB31BD000000000100FA4410B5040061
:1051A00094ED000AD4ED000A20EE200AD4ED010AA5
:1051B00094ED011A00EE810AD4ED020A94ED021A70
:1051C00000EE810AD4ED030A94ED031A00EE810A81
:1051D000B7EEC00A01F00AFAB7EEC00BB5EE400A0E
:1051E000F1EE10FA17DDD4ED000AC0EE800AC4ED2E
:1051F000000AD4ED010AC0EE800AC4ED010AD4ED24
:10520000020AC0EE800AC4ED020AD4ED030A80EE61
:10521000800A84ED030A10BD90ED000AD0ED010A6A
:1052200090ED021AD0ED031AB0EE002A61EE022AC8
:10523000B7EE003A02EEC13A61EE822A02EEE13A9E
:1052400081ED003A60EE822A62EE812A20EE023A77
:1052500043EE612AC1ED012A60EE822A62EEA12AA4
:1052600020EE023A43EE012AC1ED022A60EE822AC4
:1052700062EE812A20EE023A43EE212AC1ED032A92
:1052800060EE822AB7EE003A02EEE03A61EE822A40
:1052900002EEE13A81ED043A61EE022A62EEA12AC1
:1052A00020EE023A43EE602AC1ED052A60EE822A22
:1052B00062EEA12A20EE023A43EE412AC1ED062A0F
:1052C00061EE022A62EEA11A20EE020A40EE201AD6
:1052D000C1ED071A20EE820AF7EE001A40EE601ABE
:1052E00021EE020A40EE411AC1ED081A7047F8B5E6
:1052F000F6EE000A90ED011AD1ED001A21EE611AC6
:10530000D0ED021A91ED012A01EEC21AD0ED031A76
:1053100091ED022A01EEC21A21EE201A8DED001A3B
:105320006A4690ED001AD1ED001A21EE211AD0ED57
:10533000021A91ED022A01EE821AD0ED031A91EDC4
:10534000012A01EEC21A21EE201A82ED011A90ED17
:10535000001AD1ED011A21EE211AD0ED011A91EDBA
:10536000022A01EEC21AD0ED031A91ED002A01EED5
:10537000821A21EE201A82ED021A90ED001AD1ED68
:10538000021A21EE211AD0ED011A91ED012A01EE47
:10539000821AD0ED021A91ED002A01EEC21A61EED6
:1053A000200AC2ED030ADDED000A90ED001A00EEBE
:1053B000801A80ED001AD2ED010A90ED011A00EE7C
:1053C000801A80ED011AD2ED020A90ED021A00EE69
:1053D000801A80ED021AD2ED030A90ED031A00EE56
:1053E000801A80ED031AFFF7D9FE05B000BD00005A
:1053F00070B4002321E02200D2B200EB8202D2ED91
:10540000000ADFF864571E00F6B20C22564305EB83
:1054100006022500EDB202EB850292ED1D1A00EEA8
:10542000810A641C2200D2B2032AE4DB1A00D2B241
:1054300001EB820282ED000A5B1C1A00D2B2032A41
:1054400003DA9FEDAB0A0024ECE770BC7047000064
:105450000000FAC4E185A43CDE85243D71CFC73F3E
:105460009D2F24BFCDCC4C3F70B52DED088B0C008B
:1054700015001E00D0ED00AA90ED01BAD0ED029A01
:1054800090ED03AAB0EE009A2AEEA90A0AEE4B0AA2
:1054900020EE090AFFEE000AB4EE600AF1EE10FAFF
:1054A00002D5B0EE600A09E0DFED950AB4EE600ABD
:1054B000F1EE10FA02DBB7EE000AFFE79FED918BE9
:1054C000B7EEC00A01F0E0F820EE080B9FED8F2B3D
:1054D00080EE020BB7EEC00B85ED000A2AEE8B0AB8
:1054E00009EE8A0A20EE090A2BEE0B1A09EEA91A18
:1054F000F7EE000A41EE490AB7EEE01AB7EEC00A2D
:1055000001F006F920EE080B9FED802B80EE020BD8
:10551000B7EEC00B84ED000A2AEE8A0A0BEE290AC8
:1055200020EE090A29EEA91A0AEE0A1AF7EE000A75
:1055300041EE490AB7EEE01AB7EEC00A01F0E8F80A
:1055400020EE080B9FED712B80EE020BB7EEC00B27
:1055500086ED000ABDEC088B70BD000038B52DED5E
:10556000068B84B00020DFED628A9FED619ADFED4B
:10557000609A002434E0DFF8F05515F1280215F1A7
:10558000260115F1240000F0DAFBB5F9240000F043
:10559000FCFBB0EE40AAB5F9260000F0F6FBB0EE39
:1055A000408AB5F9280000F0F0FBB0EE401A6A46D8
:1055B00001A902A8F0EE480AB0EE4A0A00F00CFC7D
:1055C0009DED020A78EE808A9DED010A39EE009A7F
:1055D0009DED000A79EE809A022001F08FF9641C9B
:1055E000200080B2B0F5FA6FC5DBDFF87C05002142
:1055F000016000214160002181609FED460A88EE34
:10560000800A80ED030A9FED430A89EE000A80EDCF
:10561000040A9FED400A89EE800A80ED050A002108
:105620000162002181610021C1615FF07E518165CD
:105630000021C1650021016600214166FFF720FDC0
:1056400004B0BDEC068B31BD2DE9F0412DED028B90
:105650000020002600240025002716E0DFF808853A
:1056600018F1400218F13E0118F13C0000F07AFBFD
:10567000B8F93C002418B8F93E002D18B8F94000DC
:105680003618012001F03AF97F1C380080B2B0F5DD
:10569000FA6FE3DBDFF8D07400EE106AB8EEC00AF0
:1056A000DFED1C0A80EE208A00F087FB38EE400A0E
:1056B00087ED0E0A00EE104AB8EEC00ADFED150ABB
:1056C00080EE200A87ED0C0A00EE105AB8EEC00AF0
:1056D000DFED100A80EE200A87ED0D0A0020386504
:1056E0000020B8640020F864BDEC028BBDE8F081B6
:1056F0000000000080B5FFF731FFFFF7A5FF01BDF7
:105700000100803F00000000008066400000006053
:10571000FB2109400000FA44F8B52DED0A8B84B056
:1057200006000F00B0EE408ADFF83C44D4ED16CA04
:10573000D4ED179A94ED18AAD4ED19AA9FEDC9BA21
:10574000DFEDC8BA9FEDC7CA306800906D4670683B
:105750006860B068A86097ED000AD7ED000A20EEF7
:10576000200AD7ED010A97ED011A00EE810AD7ED64
:10577000020A97ED021A00EE810AB7EEC00A00F0A5
:1057800035FFB7EEC00BF7EE008AB0EE689ADFED9A
:10579000B60AB4EE600AF1EE10FA6FDBD7ED000A3C
:1057A000C0EE800AC7ED000AD7ED010AC0EE800AFC
:1057B000C7ED010AD7ED020AC0EE800AC7ED020A62
:1057C000FFEE000A70EE200AF5EE400AF1EE10FA44
:1057D00006D5FFEE000A30EE200AB1EE400A03E0E3
:1057E000FFEE000A30EE200ADFEDA00AB4EE600AF8
:1057F000F1EE10FA02D5B0EE689A13E0DFEDD30AAD
:10580000B4EE600AF1EE10FA0AD5DFEDD10A30EEFF
:10581000200AF1EE040AB7EE009A00EE609A01E069
:105820009FED909AF0EE000A29EEAA0A0CEECA0A41
:1058300020EE200A2CEEA91A0AEE2A1A61EE200A9E
:105840002CEEAC1A09EEE91A0AEE4A1A0AEEAA1A66
:10585000D7ED011A61EE811A97ED022A42EE601A25
:1058600021EE89BAD7ED020A20EE800AD7ED000AB0
:1058700000EEC10A60EE09BA9FED7ACA96ED000A01
:10588000D6ED000A20EE200AD6ED010A96ED011AA7
:1058900000EE810AD6ED020A96ED021A00EE810AA8
:1058A000B7EEC00A00F0A2FEB7EEC00BD4ED520A6C
:1058B000F5EE400AF1EE10FA40F3B380DFEDA50AF1
:1058C000B4EE609AF1EE10FAC0F2AB80F7EE000A87
:1058D000B4EE600AF1EE10FA40F1A380DFED9E0A0B
:1058E000B4EE60BAF1EE10FA02D5B0EE60BA09E09B
:1058F0009FED9A1AB4EE41BAF1EE10FA02DB9FED79
:1059000098BAFFE7F4EE60BAF1EE10FA02D5F0EEC5
:1059100060BA09E09FED911AF4EE41BAF1EE10FA87
:1059200002DBDFED8FBAFFE7B4EE60CAF1EE10FAEA
:1059300002D5B0EE60CA09E0DFED880AB4EE60CAB5
:10594000F1EE10FA02DB9FED86CAFFE7D4ED520AB2
:105950006BEE200A94ED291A00EE881A84ED291ABC
:10596000D4ED520A6BEEA00A94ED2A1A00EE881AC2
:1059700084ED2A1AD4ED520A6CEE200A94ED2B1A0B
:1059800000EE881A84ED2B1AFFEE000A94ED291A16
:10599000B4EE601AF1EE10FA02D5B0EE601A0DE026
:1059A00094ED291ADFED6F1AB4EE611AF1EE10FAD8
:1059B00002DBB0EE681A01E094ED291A84ED291A91
:1059C00094ED2A1AB4EE601AF1EE10FA02D5B0EE98
:1059D000601A0DE094ED2A1ADFED621AB4EE611A36
:1059E000F1EE10FA02DBB0EE681A01E094ED2A1A2B
:1059F00084ED2A1A94ED2B1AB4EE601AF1EE10FA27
:105A000002D5F0EE608A0AE0D4ED2B0A9FED551A1C
:105A1000F4EE410AF1EE10FA01DAD4ED2B8AC4ED6E
:105A20002B8AD4ED510A94F8410100282AD0F2EED5
:105A3000040AB5EE40BAF1EE10FA02D5B1EE4B1AF7
:105A400001E0B0EE4B1ADFED491AB4EE611AF1EE47
:105A500010FA17D5F5EE40BAF1EE10FA08D5B1EE0E
:105A60006B1A07E0000000007012833A9A99193E01
:105A7000B0EE6B1AB4EE611AF1EE10FA02D5002006
:105A800084F84101DFF8BC0A80ED00BADFF8BC0AF7
:105A9000C0ED00BADFF8B80A80ED00CAD4F8A4005F
:105AA000DFF8B01A0860D4F8A800DFF8AC1A086074
:105AB000D4F8AC00DFF8A41A0860DFF8A40AC0ED3F
:105AC000000AD4F84801DFF89C1A0860DFF8980A49
:105AD00080ED009ADFF8940A80ED000A94ED290A1F
:105AE00000EE8B0A9DED001A30EE010A8DED000AE2
:105AF00094ED2A0A00EEAB0A95ED011A30EE010A88
:105B000085ED010A94ED2B0A00EE8C0AD5ED020A10
:105B100030EE200A85ED020A14F15805B0EE480A6D
:105B200069462800FFF7E3FB14F174012800FFF732
:105B300073FB14F1700314F16C0214F16801280076
:105B4000FFF792FC04B0BDEC0A8BF1BD3333B33EDA
:105B50009A9919BE6766663FCDCCCCBDCECCCC3D04
:105B6000CDCCCC3D0100803F600702280AD7233C02
:105B700030B491ED000AD1ED000A20EE200AD1EDFB
:105B8000010A91ED011A00EE810AD1ED020A91EDB0
:105B9000021A00EE810AF5EE000AB4EE600AF1EE98
:105BA00010FA06D4DFED870AB4EE600AF1EE10FABF
:105BB00005DB0020DFF8B81908700020BDE00022E6
:105BC00000E0521C032A3BDA00EB820393ED000A4B
:105BD000B5EE400AF1EE10FA06D500EB820393ED24
:105BE000000AB1EE400A03E000EB820393ED000AE5
:105BF000DFED750AB4EE600AF1EE10FA1ADA01EB85
:105C0000820393ED000AB5EE400AF1EE10FA06D5D4
:105C100001EB820393ED000AB1EE400A03E001EBD1
:105C2000820393ED000ADFED690AB4EE600AF1EE3B
:105C300010FAC6DB0020DFF83819087000207CE07D
:105C4000DFF82C391A78002A63D0002200E0521CB9
:105C5000032A5EDADFF81C4900EB820595ED000AA5
:105C600004EB8205D5ED000A30EE600AB5EE400A7D
:105C7000F1EE10FA0AD504EB820494ED000A00EB71
:105C80008204D4ED000A30EE600A09E000EB8205E0
:105C900095ED000A04EB8204D4ED000A30EE600AB0
:105CA000DFED4B0AB4EE600AF1EE10FA2CDADFF801
:105CB000C84801EB820595ED000A04EB8205D5ED9D
:105CC000000A30EE600AB5EE400AF1EE10FA0AD58D
:105CD00004EB820494ED000A01EB8204D4ED000A87
:105CE00030EE600A09E001EB820595ED000A04EB55
:105CF0008204D4ED000A30EE600ADFED360AB4EE1D
:105D0000600AF1EE10FAA2DBDFF870281468641C58
:105D1000146000220CE050F82240DFF8585845F893
:105D2000224051F82240DFF8505845F82240521CDA
:105D3000032AF0DB01201870012030BC704770B5D9
:105D400005000E00140000F0D2FEDFF834080088D1
:105D50002880DFF8300800883080DFF82C080088C1
:105D6000208070BD70B505000E00140000F0A0FE8C
:105D7000DFF8180800882880DFF8140800883080D1
:105D8000DFF810080088208070BD00B200EE100A15
:105D9000B8EEC00ADFF80008D0ED010A80EE200A54
:105DA000704700B200EE100AB8EEC00ADFF8E8074C
:105DB000D0ED000A80EE200A7047DFF8DC0790ED96
:105DC000000A7047010010410180BB44010080407F
:105DD0000100C8430100C03FB1EE400A80ED000A57
:105DE000C1ED000AB1EE410A82ED000A704780B5AC
:105DF00000F09CFE472801D1012000E00020C0B245
:105E000002BD000038B52DED088B90B0DFF88C078F
:105E10000168491C016000F05CFB0500DFF88007A9
:105E20000168691A00EE101AB8EE400ADFEDDA0ACE
:105E300080EE209AB5EE409AF1EE10FA06D99FED69
:105E4000D70AB4EE409AF1EE10FA01DB9FEDD49A36
:105E50000560FFF7CCFF002805D1DFF820070168B7
:105E6000491C016019E2DFF83C4714F1280214F1E3
:105E7000260114F12400FFF762FF208DE085A08C3D
:105E80006085E08CA085B4F92A00FFF77EFFF0EE74
:105E9000409AB4F92C00FFF778FFB0EE408AB4F9CD
:105EA0002E00FFF772FFF0EE408A14F1400214F169
:105EB0003E0114F13C00FFF755FFB4F9400000EE3D
:105EC000100AB8EEC00AD4ED0E0A30EE600ABDEE3C
:105ED000C00A10EE100AA4F84600B4F93C0000EE27
:105EE000100AB8EEC00AD4ED0C0A30EE600ABDEE1E
:105EF000C00A10EE100AA4F84200B4F93E0000EE09
:105F0000100AB8EEC00AD4ED0D0A30EE600ABDEEFC
:105F1000C00A10EE100AA4F84400B4F94200FFF7DA
:105F200040FFB0EE40BAB4F94400FFF73AFFB0EEDC
:105F300040AAB4F94600FFF734FFF0EE40AA6A46E3
:105F400001A902A8B0EE681AF0EE480AB0EE690A9C
:105F5000FFF742FF9DED020AD4ED030A30EE600A1E
:105F60008DED020A9DED010AD4ED040A30EE600ABF
:105F70008DED010A9DED000AD4ED050A30EE600AB0
:105F80008DED000AB1EE4B0AF1EE6A0AB1EE408ADD
:105F9000F1EE4A8AF1EE609A02980C900CA80199F1
:105FA0004160009981608DED098A09A8C0ED018AE0
:105FB000C0ED029A09A90CA8FFF7DAFD002805D167
:105FC000DFF8B8050168491C016066E1DFF8D80513
:105FD0000560DFF8D80502990160019941600099D8
:105FE0008160DFF8CC0580ED008AC0ED018AC0ED4C
:105FF000029A9DED020A14F1E000FFF76FF884EDBC
:10600000060A9DED010A14F1F000FFF767F884ED30
:10601000070A9DED000A14F58070FFF75FF884ED24
:10602000080A94ED060AD4ED060A20EE200AD4ED03
:10603000070A94ED071A00EE810AD4ED080A94EDE0
:10604000081A00EE810AB7EEC00A00F0CFFAB7EEE8
:10605000C0AB28EE080A08EEA80A09EEA90AB7EEB6
:10606000C00A00F0C3FAF7EEC0ABB6EE000AB4EE19
:1060700040AAF1EE10FA1CD5BFEE000A3AEE800AF3
:10608000B5EE400AF1EE10FA06D5BFEE000A3AEE80
:10609000800AB1EE400A03E0BFEE000A3AEE800A41
:1060A000DFEDAB0AB4EE600AF1EE10FA01D501257E
:1060B00000E000252800C0B2002824D0DFF8F40456
:1060C0000188491C01800188652920DB9FED340A85
:1060D000DDED020A94ED031A00EE801A84ED031A36
:1060E000DDED010A94ED041A00EE801A84ED041A25
:1060F000DDED000A94ED051A00EE801A84ED051A14
:106100006421018003E00020DFF8A8140880B0EECD
:10611000690A14F59870FEF7E1FF84ED140AB0EEF9
:10612000480A14F58870FEF7D9FF84ED120AB0EE24
:10613000680A14F59070FEF7D1FF84ED130A9FED05
:10614000850AD4ED060A60EE800ACDED030A03A8A5
:10615000D4ED070A60EE800AC0ED010AD4ED080A0A
:1061600020EE800A80ED020A9FEDAF0AB4EE40AA4D
:10617000F1EE10FA28D5BFEE000A3AEE800AB5EE2D
:10618000400AF1EE10FA0DD5BFEE000A3AEE800A91
:10619000B1EE400A0AE000BF00247449CECCCC3DE9
:1061A0006F12033BBFEE000A3AEE800ADFED9F0A52
:1061B000B4EE600AF1EE10FA06D500210391002139
:1061C00041600021816009E0EDB2002D06D0DFF8CA
:1061D000E4130988152901DB00218160A06C069079
:1061E00006A8E16C4160216D8160B0EE490A06A904
:1061F00003A8FFF791FADFF8C053A06EE861E06EE4
:106200002862206F68629FED938A94ED1A0A20EE4F
:10621000080ADFED910A80EE200A00F03FFE85EDCE
:106220000A0A94ED1A0A20EE080ADFED8B0A80EEC6
:10623000200A00F031FE85ED0B0A94ED1B0A20EEDA
:10624000080ADFED850A80EE200A00F027FE85EDC2
:106250000C0A94ED1B0A20EE080ADFED7F0A80EE9F
:10626000200A00F019FE85ED0D0A94ED1C0A20EEBF
:10627000080ADFED790A80EE200A00F00FFE85EDB6
:106280000E0A94ED1C0A20EE080ADFED730A80EE78
:10629000200A00F001FE85ED0F0A10B0BDEC088B5E
:1062A00031BD000080B5FEF74FFFFEF7E9FEDFF8D5
:1062B000F402B7EE000A80ED160A0021C165002144
:1062C000016600214166002181660021C16600212E
:1062D00001670021C0F8A4100021C0F8A810002117
:1062E000C0F8AC10002180F84011002113E000221A
:1062F00040F8212000EB81020023D36000EB8102F3
:106300000023136300EB81020023936100EB810201
:1063100000239364491C0329E9DB00214165002027
:10632000934908700020A049086000209349086044
:1063300090480021016000214160002181608E4869
:10634000002101600021416080ED020A01BD0000D2
:10635000CDCC4C3D35FA8E3C10B5854800780028F0
:1063600001D100205EE000F0B4F88F4A11680029E6
:1063700004D01168401A9149884201D3002051E0AD
:10638000884C94ED120AD4ED120A20EE200AD4EDC6
:10639000130A94ED131A00EE810AD4ED140A94ED59
:1063A000141A00EE810AB7EEC00A00F01FF9B7EE2A
:1063B000C00BF6EE000AB4EE600AF1EE10FA06D455
:1063C000DFED5D0AB4EE600AF1EE10FA01DB0020A9
:1063D00028E094ED160AD4ED160A20EE200AD4ED3A
:1063E000170A94ED171A00EE810AD4ED180A94EDFD
:1063F000181A00EE810AD4ED190A94ED191A00EE6C
:10640000810ADFED4E0AB4EE600AF1EE10FA06D40E
:10641000DFED4B0AB4EE600AF1EE10FA01DB00206A
:1064200000E0012010BD00008FC2F53D8FC2F53C99
:1064300080B5FEF7DDFF01BD002107E0594A02EB00
:106440008102D2F88C2040F82120491C0329F5DB79
:1064500070470000DA0F4940000034431FB50400C4
:106460006846FFF7E9FF002014E04E4901EB800188
:1064700091ED120A694601EB8001D1ED000A30EE80
:10648000600ADFED310A20EE200A04EB800181ED85
:10649000000A401C0328E8DB4248016D484A1160AD
:1064A0000299484A1160484922680A606168474A6F
:1064B0001160A168464A1160D0F88C10454A1160FD
:1064C000D0F89010444A1160D0F894004349086015
:1064D0001FBD10B5424C2078002815D100210020A6
:1064E00000F0C6FD002000F0B8FD002000F08AFD9D
:1064F000012020703B4C002000F098FD206000201F
:1065000039490860206814E0EFF3108472B6002067
:1065100000F08CFD33490A68904204D2324A136875
:1065200013F10053136008602F490968081884F3B9
:10653000108810BD0000000001000040CDCC4C3F91
:106540009B99993FB89D0628C3F51C41BC9D062820
:10655000C09D0628C49D0628C89D0628CC9D0628F7
:10656000D09D0628D49D0628D89D0628DC9D0628A7
:10657000D59E0628849C0628C8080228049E062862
:10658000B09E0628B29E0628B49E0628B69E06280F
:10659000B89E0628BA9E0628580702281C9E062880
:1065A000FC9D062860070228009E0628789C062885
:1065B000B8080228BC9E0628E4980628A186010097
:1065C000E09D0628E49D0628E89D0628EC9D062807
:1065D000F09D0628F49D0628F89D0628C408022888
:1065E000D69E0628089E06280C9E0628B5EEC00BEF
:1065F000F1EE10FA02D4B1EEC00B70476FF0004C10
:1066000020EE10CBAFF300807047F0B40246106864
:1066100095681318506803EB5004C00748BF4D44F9
:10662000A3422DD013F8016B16F0030004BF13F83A
:10663000010BC01C31090F2907D113F8011B0F31C1
:1066400003E013F8017B05F8017B401EF9D1002916
:10665000E6D013F8010BC6F38106032E08BF13F82A
:10666000016B00EB0620404228440026B71E8F42F3
:106670001EBF10F8017B05F8017B761CF6D1CFE731
:10668000F0BC02F10C00704751EC102B9FED1C2B5D
:106690009FED1D3BB0EEC00BC80F31F0004129D07B
:1066A000B4EE402BB1F17F5C28BFBCF5401C08BFA5
:1066B000124214D8F1EE10FA33EE401B33EE002BE9
:1066C00022EE011BB1EEC11B05D580F0040081EE66
:1066D000000B00F039BD80EE010B00F035BD490024
:1066E00011F5001F9CBF6FF0004120EE101BAFF3AF
:1066F000008070471242D3D1C00720EE100B7047C4
:10670000CE3B7F669EA0E63F000000000000F03F09
:1067100052EC113B51EC10CBB0EEC00BB0EEC11BF4
:10672000C80F4900520028BF0C3011F5001F34BFBC
:1067300012F5001F10E0634572EB010C38BF80F0CA
:10674000040013431AD003D281EE000B00F0FCBC0E
:1067500080EE010B00F0F8BC11F5001F08BF80F0BF
:10676000040094BF12F5001F0CE08A424FF00003B2
:1067700012BF00224FF07C5242F4700242EC103BF8
:1067800000F0E2BC6FF0004120EE101B7047026881
:10679000531C036011707047022801D301200FE0E1
:1067A0000B00DBB2042B01DB012009E0954B03EB6E
:1067B0008000C9B2405C824201D3012000E0002089
:1067C0007047F8B506000F0015001C00022E01D31B
:1067D00001201CE02A003900C9B23000FFF7DCFFBD
:1067E000012801D1012012E03800C0B2002811D1E7
:1067F000B4F5807F0CD284487603304400EB8500EA
:1068000010F58050016864F30F2101600020F2BD93
:106810000120FCE7FFB2012F10D1B4F5803F0BD26D
:1068200079487603304400EB850010F5A0500168EC
:1068300064F317210160E9E70120E8E70120E6E7BA
:1068400000B20012C0B27047F8B505000E00170084
:10685000280000B2FFF7F4FF04002000C0B20228B5
:1068600001D3012023E03A003100C9B22000C0B2B8
:10687000FFF792FF012801D1012018E062492000B2
:10688000C0B2400308442A00D2B200EB8200D0F824
:10689000000CF6B266F3092067F30700E4B2640364
:1068A0002144EDB201EB8501C1F8000C0020F2BDDE
:1068B00070B504000D001600022C01D301201CE06D
:1068C00032002900C9B22000FFF766FF012801D17C
:1068D000012012E04C496003085850F0004050F08D
:1068E000407050F47F00EDB265F3092066F30700B5
:1068F0006203885064030859002070BDF8B5040095
:106900004FF4FA504443414D414E00212878C001D4
:10691000304400F06FFD14E02878C001304400F0EE
:106920006BFDB842F8D33B4F3C192878C001304486
:1069300000F062FD3F1839002878C001304400F0B3
:1069400059FD4CF25137BC42E6D22878C0013044A0
:1069500000F052FD8442F8D2F1BD38B594B0502118
:1069600000226C46200000F057FD2B4C0022012134
:10697000B4F90000FFF768FFB4F90000FFF760FF0B
:10698000092300220121C0B2FFF71BFFB4F9000068
:10699000FFF756FF00220121C0B2FFF789FF5FF029
:1069A000FF30009000208DF8040000208DF80500D5
:1069B00000208DF8060000208DF8080003208DF8D7
:1069C00044000120129001208DF807000F4C104D5B
:1069D00069462078C001284400F042FC2078C001BC
:1069E000284400F0FDFC00212078C001284400F07C
:1069F00001FD2078C001284400F041FD15B030BDF4
:106A00000000000044970A1000000440230A0228F6
:106A100000005940B03CFFFF1C0A022880B50A0064
:106A20000821964B1960D2B20100C9B2022001F0D0
:106A3000ACF808209249086001BD80B50100002033
:106A400008208E4A106051F08001C9B2022001F086
:106A50000FF908218A4A1160C0B202BD10B51300B7
:106A60000822864C22600A0050F080000100C9B262
:106A7000022001F072F908208149086010BD70B54C
:106A800000240025002606E07520FFF7D6FF04004D
:106A90000A20FFF733FFE4B2472C06D03000461C33
:106AA00080B2B0F5807FEFDB01252800C0B270BD59
:106AB000E0B5062269461F20FFF7D0FF9DF80000D1
:106AC0009DF8011051EA00216E4801809DF80200F6
:106AD0009DF8031051EA00216B4801809DF80400E5
:106AE0009DF8051051EA00216848018007BDE0B516
:106AF000062269462520FFF7B1FF9DF800009DF8AA
:106B0000011051EA0021624801809DF802009DF8C1
:106B1000031051EA00215F4801809DF804009DF8B0
:106B2000051051EA00215C48018007BD80B5752041
:106B3000FFF783FF02BD70B5050014001E00491C5D
:106B400051EA4511C9B25020FFF768FF761C56EA9A
:106B500044163100C9B24F20FFF760FFEDB2002D9F
:106B600013D0022D07D00BD3032D13D14B485FF068
:106B70008D41016012E049485FF08C4101600DE0F9
:106B800046485FF08B41016008E044485FF08A416D
:106B9000016003E041485FF08B410160E4B2002CEA
:106BA00026D0022C1CD01FD3042C11D014D3062CB9
:106BB00006D009D3072C1FD13848394941601EE05F
:106BC0003648384941601AE034483749416016E098
:106BD00032483649416012E03048354941600EE0A4
:106BE0002E48344941600AE02C483349416006E0B0
:106BF0002A483249416002E028483049416070BD6E
:106C00001FB500240A20FFF779FE08200290022019
:106C10000190022000900223294A0021022001F065
:106C200025F90323012201217B2001F0FAFA0A2031
:106C3000FFF764FEFFF723FF002807D07C23214ADB
:106C40002149002001F0EAFC012413E000214E203C
:106C5000FFF7E4FE0A20FFF751FE0523002205217D
:106C60000020FFF768FF0F214E20FFF7D7FE0A2014
:106C7000FFF744FE2000C0B204B010BD84073140CD
:106C800088073140B69E0628B89E0628BA9E062878
:106C9000B09E0628B29E0628B49E062858070228F1
:106CA0006F1203456F1283446F1203446F128343C4
:106CB0006F1203436F1283426F1203426F128341BC
:106CC00080969800FC890A1014950A10DFED620A7C
:106CD00060EE200A10EE902A22F0004101EE101A18
:106CE000DFED5E1AB4EE611AF1EE10FA25D54FF021
:106CF0007C5102F000420A4301EE102A71EE200A94
:106D0000FDEEE00A10EE901A00296AD0FAEEC90AE8
:106D10009FED531A00EE810ADFED521A00EEA10A30
:106D20009FED512A00EE820ADFED502A00EEA20A02
:106D30009FED4F1A00EE810A53E010EE101A4B003F
:106D40001B1613F1010F0AD14900081610F1010FAB
:106D500002D1090240F07F809FED460A704749004A
:106D600004D1002877D0B7EE000A70474FF07C516D
:106D700002F000420A4301EE102A71EE200A10EEE2
:106D8000902A51000DD0090EC1F196011829A8BF13
:106D900002F0004203DA0029C4BFCA408A4000EE74
:106DA000902A10EE901A490017D09FED331A20EE6A
:106DB000811ADFED2B1A01EE210A9FED2A2A01EE3E
:106DC000020ADFED292A01EE220A9FED283A01EEA0
:106DD000030ADFED271A01EE210AFDEEE00A10EEAC
:106DE000901A01F00301081810EE101A21F000416A
:106DF00000EE901A9FED211AF4EE410AF1EE10FA1E
:106E000004D5C10723D5B7EE000A20E0C10760EE24
:106E1000000A0ED59FED1A0A9FED1A1A00EE801A8D
:106E2000DFED191A41EE201AB7EE000A01EEA00AB2
:106E30000DE09FED162ADFED161A40EE821ADFED07
:106E4000152A20EE201A41EEA02A01EE220A800720
:106E500048BFB1EE400A704783F9223F0000004F5F
:106E60000000C9C600A0FDC00020A2BA000034B3D3
:106E70000030C2AEFFFFFF7F000080380000803985
:106E80009349B2BA36A02A3DDFFFFFBE6E8C4CB9E3
:106E90004283083CA1AA2ABE012017E7002015E77B
:106EA000022801D301200FE00B00DBB2042B01DB31
:106EB000012009E0A04B03EB8000C9B2405C824294
:106EC00001D3012000E000207047F8B506000F0054
:106ED00015001C00022E01D301201CE02A003900FD
:106EE000C9B23000FFF7DCFF012801D1012012E018
:106EF0003800C0B2002811D1B4F5807F0CD28F4881
:106F00007603304400EB850010F58050016864F38F
:106F10000F2101600020F2BD0120FCE7FFB2012F2C
:106F200010D1B4F5803F0BD284487603304400EB97
:106F3000850010F5A050016864F317210160E9E7AE
:106F40000120E8E70120E6E700B20012C0B2704776
:106F5000F8B505000E001700280000B2FFF7F4FF97
:106F600004002000C0B2022801D3012023E03A002F
:106F70003100C9B22000C0B2FFF792FF012801D151
:106F8000012018E06D492000C0B2400308442A00E7
:106F9000D2B200EB8200D0F8000CF6B266F3092002
:106FA00067F30700E4B264032144EDB201EB85010D
:106FB000C1F8000C0020F2BD70B504000D001600F1
:106FC000022C01D301201CE032002900C9B22000AC
:106FD000FFF766FF012801D1012012E05749600345
:106FE000085850F0004050F0407050F47F00EDB26F
:106FF00065F3092066F307006203885064030859AB
:10700000002070BD38B504004D4D2000C0B2C00155
:10701000284410F5C07000F0E3F9E4B2E40105EB98
:10702000040010F5C07000F02AFA31BD10B504005C
:1070300043482100C9B2C901084410F5C07000F0EE
:10704000DBF94049E4B2095D012902D14FF4FA515C
:1070500000E00821B0FBF1F010BD80B50021384AF6
:10706000C0B2C001104410F5C07000F0C3F901BDFA
:1070700070B594B004000D00502100226E4630001F
:1070800000F0CAF92F482100C9B24554002201215D
:107090002000C0B210F5BA7000B2FFF759FF20000F
:1070A000C0B210F5BA7000B2FFF74EFF09230022FC
:1070B0000121C0B2FFF709FF2000C0B210F5BA707D
:1070C00000B2FFF741FF00220121C0B2FFF774FFB9
:1070D0005FF0FF30009000208DF8040000208DF854
:1070E000050000208DF8060000208DF80800032020
:1070F0008DF844000120129001208DF80700104DFA
:1071000069462000C0B2C001284410F5C07000F0EC
:10711000A7F82000C0B2C001284410F5C07000F0EC
:1071200064F90021E4B2E40105EB040010F5C0703D
:1071300000F060F914B070BD44970A1000000440DC
:1071400000005940A49E062821A1B1EC061BB4EE14
:10715000410BF1EE10FA09DBB1EE424B33EE001BAE
:1071600000EE034B84EE010B40F0020030EE10CB3A
:10717000B1EC063B2CF0004CBCF1795F15D320EE4E
:10718000001B03EE014B20EE013B04EE015B05EE1C
:10719000030BB1EC083B03EE014B04EE015B05EE83
:1071A000016B06EE012B80EE020B38BF2031400848
:1071B00010F0020F18BFB1EE400B01EBC00191EDD2
:1071C000001B30EE010B28BFB1EE400B70470000F2
:1071D00057CD9E5E1426D13F000000000000F03F16
:1071E000AA4C58E87AB6FB3F845D57134B57B03F23
:1071F000B2934C19ED5EE43FBEDE02B90240F83FA7
:10720000DE39028FC7C0743F8AAB1283000CC83FBF
:1072100024D7E508B6D8F03F0F34580E5895FD3FF7
:10722000000000000000000066732D3852C1E03FEE
:10723000182D4454FB21F93F66732D3852C1F03F9D
:10724000182D4454FB21F93F66732D3852C100407C
:10725000182D4454FB2109403FD038C6A6F1044004
:1072600010B4012291F84C30052B03D291F84D3027
:10727000052B01D31000A7E0002800F0A48000290E
:1072800000F0A180514A12684B7963F392428B79E6
:1072900013F0030363F311420B7A13F0070363F354
:1072A0001A62CB7963F39E720B7D63F3000291F84F
:1072B000243063F3410202600A7910F130031C6844
:1072C00062F307041C604A79012A0BD18A79002AEB
:1072D00002D10022826007E08A79012A04D10A687B
:1072E000826001E001228260CA6802610A6942612B
:1072F000CA6982610A6AC2610A680262344A126813
:107300000B7E03F0FF03120A12021A4391F8303089
:1073100003F0FF0363F3174291F8403003F0FF03DB
:1073200063F31F6291F8483003F0FF0363F30F2209
:107330004264284A126891F8383003F0FF03120AB9
:1073400012021A4391F8283003F0FF0363F30F226F
:107350008264214A12688B7D13F003039208920025
:107360001A4391F8253013F0030363F38B2291F84D
:107370002C3013F0030363F3051291F8343013F04B
:10738000030363F3092291F83C3013F0030363F322
:10739000871291F8443013F0030363F38302C2644D
:1073A0000E4A126891F84C3013F00703D208D2004D
:1073B0001A4391F84D3013F0070363F30612426548
:1073C000497D81670022100010BC704798980A1010
:1073D0009C980A10A0980A10A4980A10A8980A105D
:1073E000016851F0004101607047016821F00041DF
:1073F000016070478160704780687047783001682D
:1074000051F001010160704710F170010A6852F0FB
:1074100001020A60006F704762F30F2262F31F429D
:10742000401810F0030308D0C91A1FD3DB0748BF68
:1074300000F8012D28BF20F8022D130030B41446A7
:107440001546103928BF20E93C00FAD8490728BF63
:1074500020E90C0048BF40F8042D890028BF20F81F
:10746000022D48BF00F8012D30BC7047C91818BF65
:1074700000F8012DCB0728BF00F8012D70474030E0
:10748000016851F01001016070470000D0F8080356
:10749000C005C00D704710F541710A6852F4803282
:1074A0000A6010F541710A6832F480320A60D0F83F
:1074B00004037047C0F840127047D0F80802C005B6
:1074C000C00D7047D0F80802C0F3C030704738B51F
:1074D00005002800FFF7F1FF04002800FFF7F2FF86
:1074E0000419002C01D1012000E00020C0B232BDFF
:1074F0000068C0F38130002801D1802000E04020E6
:107500007047016851F00041016070472030026807
:1075100061F39B620260704780B5FFF7B7FF02BD61
:1075200080B5FFF7B8FF01BD022801D3012010E0AC
:107530000B00DBB2042B01DB01200AE0DFF8283767
:1075400003EB8000C9B2405C824201D3012000E01D
:1075500000207047F8B504000F0015001E00022C33
:1075600001D301202AE02A003900C9B22000FFF728
:10757000DBFF012801D1012020E006983900C9B2C3
:1075800002291ED1B6F5803F19D2202817D24FF418
:10759000C052DFF8D81663030B4403EB8503134492
:1075A0001F6866F317271F606403214401EB850100
:1075B00011440A6860F3C7020A600020F2BD01208E
:1075C000FCE7FFB2032F1FD1B6F1807F1AD220282B
:1075D00018D24FF4E052DFF8941663030B4403EB28
:1075E000850313441F6807F0FF0757EA06271F604B
:1075F0006403214401EB850111440A6860F3C7026A
:107600000A60DAE70120D9E70120D7E700B20012CB
:10761000C0B27047F8B505000E001700280000B290
:10762000FFF7F4FF04002000C0B2022801D30120BC
:1076300024E03A003100C9B22000C0B2FFF774FF65
:10764000012801D1012019E0DFF820162000C0B286
:10765000400308442A00D2B200EB8200D0F8000CAC
:10766000F6B266F3092067F30700E4B2640321442D
:10767000EDB201EB8501C1F8000C0020F2BD70B540
:1076800004000D001600022C01D301201DE0320081
:107690002900C9B22000FFF747FF012801D10120CE
:1076A00013E0DFF8C8156003085850F0004050F0B0
:1076B000407050F47F00EDB265F3092066F30700D7
:1076C0006203885064030859002070BD0100C02087
:1076D000C9B2002905D0022907D004D3032906D056
:1076E00006E0122004E0622002E07A2000E01A2086
:1076F000C0B270470100C020C9B2002905D00229DC
:1077000007D004D3032906D006E0112004E061204D
:1077100002E0792000E01920C0B270470100C020CB
:10772000C9B2002905D0022907D004D3032906D005
:1077300006E0102004E0602002E0782000E018203D
:10774000C0B270470100C020C9B200290BD0022985
:107750000DD00AD304290ED00BD306290FD00CD399
:1077600007290ED00EE013200CE014200AE063205D
:1077700008E0642006E07B2004E0292002E01B20D2
:1077800000E01C20C0B2704701000020C9B20029EF
:1077900005D0022907D004D3032906D006E0132020
:1077A00004E0132002E0132000E01320C0B2704771
:1077B00001000020C9B2002905D0022907D004D356
:1077C000032906D006E0132004E0132002E0132072
:1077D00000E01320C0B2704701000020C9B20029A8
:1077E00005D0022907D004D3032906D006E01320D0
:1077F00004E0132002E0132000E01320C0B2704721
:1078000001000020C9B200290BD002290DD00AD3F3
:1078100004290ED00BD306290FD00CD307290ED084
:107820000EE013200CE013200AE0132008E01320E0
:1078300006E0132004E0132002E0132000E01320F0
:10784000C0B27047C9B2082902D0102946D096E0CC
:10785000DFF808160200D2B251F82220126832F482
:1078600040420300DBB251F823301A600200D2B26A
:1078700051F82220D2F80022520952010300DBB253
:1078800051F82330C3F800220200D2B251F822206E
:10789000D2F8002252F007020300DBB251F8233085
:1078A000C3F800220200D2B251F82220D2F80023FD
:1078B000520952010300DBB251F82330C3F8002310
:1078C0000200D2B251F82220D2F8002352F007026F
:1078D000C0B251F82000C0F8002350E0DFF87C155A
:1078E0000200D2B251F82220126832F44042030062
:1078F000DBB251F823301A600200D2B251F82220D4
:10790000126852F480420300DBB251F823301A604F
:107910000200D2B251F82220D2F8002252095201BC
:107920000300DBB251F82330C3F800220200D2B2C8
:1079300051F82220D2F8002252F00F020300DBB2ED
:1079400051F82330C3F800220200D2B251F82220AD
:10795000D2F80023520952010300DBB251F8233060
:10796000C3F800230200D2B251F82220D2F800233B
:1079700052F00F02C0B251F82000C0F80023704747
:10798000F8B504000E0008212000C0B2FFF75AFF2E
:10799000DFF8CC542000C0B2285C08280FD02000AB
:1079A000C0B2285CC010DFF8BC1411EBC01101207C
:1079B0002200D2B2AA5C12F0070290400860DFF801
:1079C0009C74F6B231002000C0B257F82000FFF7D7
:1079D00071FD2000C0B257F82000FFF789FD0600B6
:1079E0002000C0B257F82000FFF767FD8642F0D0B4
:1079F0002000C0B257F82000FFF769FD0028F7D03B
:107A00002000C0B2285C08280ED02000C0B2285C3C
:107A1000C010DFF8541411EBC0110120E4B22A5D4C
:107A200012F0070290400860F1BDF8B504000E00A6
:107A300010212000C0B2FFF705FFDFF8245420001A
:107A4000C0B2285C08280FD02000C0B2285CC0104B
:107A5000DFF8101411EBC01101202200D2B2AA5C91
:107A600012F0070290400860DFF8F073B6B2310000
:107A70002000C0B257F82000FFF71CFD2000C0B264
:107A800057F82000FFF734FD06002000C0B257F879
:107A90002000FFF712FD8642F0D02000C0B257F858
:107AA0002000FFF714FD0028F7D02000C0B2285CAA
:107AB00008280ED02000C0B2285CC010DFF8A81340
:107AC00011EBC0110120E4B22A5D12F007029040D0
:107AD0000860F1BD2DE9F84307000D0014001021E6
:107AE0003800C0B2FFF7AEFEDFF874633800C0B2F2
:107AF000305C08280FD03800C0B2305CC010DFF80E
:107B0000641311EBC01101203A00D2B2B25C12F042
:107B1000070290400860DFF8448329883800C0B22B
:107B200058F82000FFF7C6FCAD1C3800C0B258F86A
:107B30002000FFF7DDFC81463800C0B258F8200075
:107B4000FFF7BBFC8145F0D0641E002CE3D1380068
:107B5000C0B258F82000FFF7BAFC0028F7D0380070
:107B6000C0B2305C08280ED03800C0B2305CC01003
:107B7000DFF8F41211EBC0110120FFB2F25D12F038
:107B8000070290400860BDE8F1832DE9F041040050
:107B90000F00160008212000C0B2FFF753FEDFF8E7
:107BA000C0522000C0B2285C08280FD02000C0B20C
:107BB000285CC010DFF8AC1211EBC01101202200CC
:107BC000D2B2AA5C12F0070290400860DFF88C8203
:107BD000FFB239002000C0B258F82000FFF76AFC5D
:107BE0002000C0B258F82000FFF782FC07002000F8
:107BF000C0B258F82000FFF760FC8742F0D0F6B220
:107C000031002000C0B258F82000FFF753FC2000DC
:107C1000C0B258F82000FFF76BFC06002000C0B28D
:107C200058F82000FFF749FC8642F0D02000C0B28F
:107C300058F82000FFF74BFC0028F7D02000C0B216
:107C4000285C08280ED02000C0B2285CC010DFF8E5
:107C5000181211EBC0110120E4B22A5D12F00702E4
:107C600090400860BDE8F08144970A10000004408D
:107C7000F8B504000D00002008212000C0B2FFF775
:107C8000E1FD774E2000C0B2305C08280ED0200005
:107C9000C0B2305CC010734911EBC011012022004A
:107CA000D2B2B25C12F00702904008606B4F200025
:107CB000C0B257F82000FFF72FFC002805D02000A5
:107CC000C0B257F82000FFF72BFCEDB229002000CE
:107CD000C0B257F82000FFF7EDFB2000C0B257F804
:107CE0002000FFF719FC0028F7D02000C0B257F899
:107CF0002000FFF715FC00212000C0B257F820003B
:107D0000FFF7D8FB2000C0B257F82000FFF7DFFBD9
:107D10000028F7D02000C0B257F82000FFF7FCFB86
:107D20000028F7D02000C0B257F82000D0F8400358
:107D30002100C9B2715C08290DD02100C9B2715C63
:107D4000C910494A12EBC1120121E4B2335D13F0AC
:107D5000070399401160C0B2F2BD2DE9F843804697
:107D60000D0016001C0008214046C0B2FFF76AFD56
:107D70003B4F4046C0B2385C08280ED04046C0B2E7
:107D8000385CC010374911EBC01101204246D2B215
:107D9000BA5C12F0070290400860DFF8C0904046DD
:107DA000C0B259F82000FFF7B7FB002805D04046C5
:107DB000C0B259F82000FFF7B3FBEDB229004046EE
:107DC000C0B259F82000FFF775FB4046C0B259F821
:107DD0002000FFF7A1FB0028F7D04046C0B259F8B9
:107DE0002000FFF79DFB00214046C0B259F820005B
:107DF000FFF760FB4046C0B259F82000FFF767FB71
:107E00000028F7D04046C0B259F82000FFF784FBA5
:107E10000028F7D04046C0B259F82000D0F84003FF
:107E20003070761C641E002CDDD14046C0B2385C38
:107E300008280FD04046C0B2385CC0100A4911EB88
:107E4000C01101205FFA88F817F8082012F0070225
:107E500090400860BDE8F18300000000CC090228D2
:107E6000A09E062804003140080031402DE9F84F5B
:107E70002DED028B9EB006000F009946042080B2C3
:107E800002FB00F2A848B0FBF2F8A74802FB18007A
:107E900000EE100AB8EE400B01EE102AB8EE411BBE
:107EA00080EE010BBFEEED0B10EE100B08EE100A8A
:107EB0003421002201AC2000FFF7AEFA3C21002261
:107EC0000EAC2000FFF7A8FA30004946C0B2C9B294
:107ED000884201D1012000E000202A9DDFF84CA259
:107EE0004FF470725146C0B200F07AFB4846290048
:107EF000C0B2C9B2884201D1012000E000202B9C11
:107F000040F2C1325146C0B200F06AFB0620029036
:107F10002800C0B2FFF74CFC8DF80C002800C0B25E
:107F2000FFF7E8FB82465FF0080B2800C0B2FFF7BE
:107F3000E1FB7F4D01AA9AFBFBF10BFB11AA514615
:107F4000C0B2C010C001284400F067FC06200290B7
:107F50004846C0B2FFF718FC8DF80C004846C0B286
:107F6000FFF7B4FB82465FF0080B4846C0B2FFF74C
:107F7000ADFB01AA9AFBFBF10BFB11AA5146C0B263
:107F8000C010C001284400F048FC2000C0B2042802
:107F90001ED0082002902000C0B2FFF71DFC8DF813
:107FA0000C002000C0B2FFF7B9FB81465FF0080A61
:107FB0002000C0B2FFF7B2FB01AA99FBFAF10AFB5D
:107FC00011994946C0B2C010C001284400F025FCF8
:107FD0002C9C2000C0B208281ED006200290200051
:107FE000C0B2FFF70DFC8DF80C002000C0B2FFF707
:107FF000A9FB81465FF0080A2000C0B2FFF7A2FB90
:1080000001AA99FBFAF10AFB11994946C0B2C010C6
:10801000C001284400F001FC3000C0B2032803D2A4
:108020003000C0B2401C00E000203200D2B2D21DAD
:10803000032110F58F7000B2FFF7ECFA3000C0B2E8
:10804000032803D23000C0B2401C00E0002010F52D
:108050008F7000B2FFF7DAFA8DED008AB8F10108EF
:1080600043463200D2B2D21D0321C0B2FFF772FAEA
:108070003000C0B2032803D23000C0B2401C00E080
:10808000002010F58F7000B2FFF7C0FA3200D2B2B4
:10809000D21D0321C0B2FFF7F2FAFFB2002F05D0C4
:1080A000022F09D005D3032F09D00AE00020109039
:1080B00007E00120109004E00220109001E003206E
:1080C000109001200E9000200F90042011900820A5
:1080D00012900820139001208DF8500001208DF897
:1080E0005300104D00220EA93000C0B255F82000F8
:1080F00000F0D2FB00213000C0B255F82000FFF79D
:1081000005FA3000C0B255F82000FFF7FAF904482C
:10811000F6B284551EB0BDEC028BBDE8F18F0000B5
:10812000A09E0628CC09022800B4C40410890A10B5
:10813000000031400069C84010F001007047012282
:1081400012FA01F181607047012212FA01F14160D7
:10815000704710B48900436C0F248C40A34312F085
:108160000F0212FA01F11943416410BC704780B547
:10817000C9B200290ED00100C9B2082291FBF2F366
:1081800002FB1311494AC0B2C010C0011044FFF7EE
:10819000D6FF0DE00100C9B2082291FBF2F302FB09
:1081A0001311424AC0B2C010C0011044FFF7CCFF07
:1081B00001BD80B50100C9B2082291FBF2F302FBB8
:1081C00013113A4AC0B2C010C0011044FFF7B2FF09
:1081D000C0B202BD10B5C9B200290BD1D2B2002A7B
:1081E00002D0022A02D003E00F220BE00B2209E0AA
:1081F0000A2207E0D2B2042A01D10C2200E00E22AA
:1082000012F007020100C9B2082391FBF3F403FB4B
:108210001411264BC0B2C010C0011844FFF799FFDB
:1082200010BD2DE9F8418DB004000E0015001F00AF
:1082300034210022E8464046FFF7EEF8F6B2002E61
:108240000ED1FFB2002F02D0022F03D005E00F2085
:1082500001900DE0082001900AE00820019007E05D
:10826000FFB2042F02D10F20019001E00E200190F7
:108270002000C0B2C0280FD02100C9B208206A4631
:1082800091FBF0F300FB131108482300DBB2DB1075
:10829000DB01184400F0C1FA2900C9B22000C0B2C5
:1082A000FFF765FF0EB0BDE8F0810000000031402F
:1082B00082B000200190002000900020019009E091
:1082C0000098401C00900098B0F5005FF8D301982A
:1082D000401C01900198B0F5805F02D20020009010
:1082E000F1E702B0704780B50100022000F093FE74
:1082F00001BD2DE9F043ADF5137D0700884616005A
:108300001C000020ADF802000020ADF800000020A5
:1083100002900020ADF804000020ADF806004046B1
:1083200001F028F90290DFF8A0532888002801D036
:1083300028698047DFF894030078002800F0338133
:108340002888002800F01181BDF90600411CADF815
:1083500006103A00010089B20020EB6898474746B2
:10836000404601F007F902906888A97990FBF1F086
:10837000ADF804003800471C00780028FAD100202E
:10838000ADF800000EE07F1E38782F2802D0387834
:108390005C2804D1BDF80000401CADF80000029834
:1083A000401E0290BDF80000022802DA0298002860
:1083B000E9D50298002806D47A1CDFF8141353A8D4
:1083C00001F0F4F80EE0BDF80000002805D13A00F5
:1083D000C04953A801F0EAF804E03A00BC4953A8A8
:1083E00001F0E4F80020ADF8020042E0BDF8001012
:1083F000BDF80020BDF8023053AF9BB2BDF90400B8
:10840000434313FA82F0385C43AA89B25054BDF852
:108410000000401CADF80000BDF8000080B2BDF9BE
:10842000041088420EDA53A801F0A4F8BDF8002029
:10843000BDF802309BB2BDF904104B4313FA82F130
:108440008842D3D2002043A9BDF800208854BDF94A
:108450000600411CADF8061043AAE97911FB00F1B2
:1084600089B20020EB689847BDF80200401CADF8C7
:108470000200BDF8027053A801F07CF8BDF90410A9
:10848000B0FBF1F0401CBFB2874203D20020ADF830
:108490000000C1E73200904953A801F087F8BDF908
:1084A0000600411CADF8061053AAE97911FB00F152
:1084B00089B20020EB689847002C74D00020ADF8FA
:1084C000020041E0BDF80010BDF80020BDF8023008
:1084D0009BB2BDF90400434313FA82F0205C43AA27
:1084E00089B25054BDF80000401CADF80000BDF842
:1084F000000080B2BDF9041088420EDA200001F0BD
:1085000039F8BDF80020BDF802309BB2BDF9041067
:108510004B4313FA82F18842D4D2002043A9BDF81C
:1085200000208854BDF90600411CADF8061043AA8E
:10853000E97911FB00F189B20020EB689847BDF89A
:108540000200401CADF80200BDF80260200001F0FE
:1085500011F8BDF90410B0FBF1F0401CB6B2864230
:1085600021D20020ADF80000C1E74FF48071002255
:108570000DF10C094846FEF74FFF3800A9688847FF
:10858000002C07D0009433004246544903A801F060
:108590000DF805E033004246514903A801F006F802
:1085A00003A8A96888470DF5137DBDE8F08310B5D1
:1085B00046480078002809D04B4C2100022000F0EA
:1085C00038FD01222100474801F01DF810BD10B50B
:1085D00014002200D2B2022000F00EFD200010BDD7
:1085E00038B50C001500C0B2002803D13F48007810
:1085F000002800D131BD3E490878002800D0FEE7B0
:108600000878401C087001F037F900232A00210087
:108610003848FFF76EFEFFF74BFEF6E710B5140083
:108620001A00C0B2002808D128480078002804D0D9
:108630000B0021003048FFF75CFE10BD00210180D7
:108640004FF6FF7141808180FF218171C17100214E
:1086500081600021C1600021016170471A490288D0
:108660000A8042884A8082888A8082798A71C279A7
:10867000CA7182688A60C268CA60006908610120A4
:1086800012490870704700B585B06846FFF7D6FFFD
:108690001A4802906846FFF7E1FF05B000BD80B5BB
:1086A000FFF7F1FF202320225FF4E131022000F0E8
:1086B00061FE4023124A00210A4801F074F80121AA
:1086C000022000F07EFD01BDBC9B0628F29E06281C
:1086D00004970A10CC960A1010970A1030950A10C9
:1086E0002C960A10789B0628F39E0628210A022859
:1086F000F49E0628DC960A101C970A10E7820910DF
:108700007899062830B4614B1818C009604C14EBF6
:10871000001404290DD223681F25C8008540AB43EF
:10872000D2B212F01F02C90012FA01F119432160FE
:108730000CE0091F63681F25C8008540AB43D2B217
:1087400012F01F02C9008A401A43626030BC7047B1
:10875000002A04D1012212FA01F1416003E0012252
:1087600012FA01F18160704710B48900436C0F2444
:108770008C40A34312F00F0212FA01F11943416435
:1087800010BC704710B4836C01248C40A34312F0DA
:10879000010212FA01F11943816410BC704710B450
:1087A000C36C01248C40A34312F0010212FA01F1C0
:1087B0001943C16410BC704710B449001031C36C38
:1087C00003248C40A34312F0030212FA01F119436F
:1087D000C16410BC70474269012212FA01F1416183
:1087E0004069704710B4836901248C40A34312F0A0
:1087F000010212FA01F11943816110BC704710B4F3
:108800004900036C03248C40A34312F0030212FAC4
:1088100001F11943016410BC7047F8B505000E0062
:1088200014000027002D2ED0002C2CD022683100FF
:108830002800FFF78DFF227A31002800FFF762FF42
:10884000626931002800FFF79DFFA269310028000E
:10885000FFF7A5FFE26931002800FFF7ADFF62686E
:1088600031002800FFF780FFE26831002800FFF7A1
:10887000C6FF31002800FFF7AEFF22693100280053
:10888000FFF7B0FF00E0034F3800F2BD0000CFBF9C
:108890000000304001005A002DE9F041DFF8D031EE
:1088A0001C00DFF8D051D5F800C0DFF8CC512D689E
:1088B000DFF8C8613668DFF8C8713F685FF0000E06
:1088C0005FF0000E002800F0D080002900F0CD807D
:1088D0004C68002C01D18C6805E04C68022C01D159
:1088E000002400E00224D1F810E0D1F81480C6453D
:1088F00002D3D1F810E001E0D1F814E0BEF1090F85
:1089000008D23CF4404C91F82130002B12D05CF49A
:10891000807C11E0BEF1110F03D2012363F38F3C81
:10892000F1E7BEF1210F03D2022363F38F3CEAE7A4
:1089300018009BE03CF4807CCB685B1E13F00F03B7
:108940005FEA1C1C5FEA0C1C53EA0C0C012363F366
:10895000196CC0F800C00B7F002B01D0002300E091
:10896000012363F300054B681B0963F34105CB7ECC
:1089700063F304154B7E63F345150B68012B01D19E
:10898000012300E0002363F3DF7523005B0863F33A
:10899000820564F3C3054B7F63F308258B7F63F384
:1089A0004925CB7F63F38A2591F8203063F3CB25EB
:1089B0000B7913F0030363F3196505620B7E63F310
:1089C00008278B7E63F349270B695B1E13F01F0397
:1089D0007F097F011F43C0F8007391F8243003F032
:1089E000FF0310F5417425682D0A2D022B432360E7
:1089F0000B7E63F308264B695B1E13F01F03760999
:108A000076011E43C0F8006291F82C3003F0FF039A
:108A100010F5017425682D0A2D022B4323600B6B82
:108A2000C0F8883F8B6AC0F8C83F91F8383010F51D
:108A30007064256863F34925256091F8391010F5B5
:108A400074631C6861F3CB241C600021C0F8C81E4D
:108A5000002A09D000201060002090610020D06022
:108A60000020D0610748106200242000BDE8F0819A
:108A70000140AA0050980A1054980A1058980A10F9
:108A80005C980A10EFCDAB00022801D3012010E062
:108A90000B00DBB2042B01DB01200AE0DFF8CC384D
:108AA00003EB8000C9B2405C824201D3012000E0A8
:108AB00000207047F8B504000F0015001E00022CBE
:108AC00001D301202AE02A003900C9B22000FFF7B3
:108AD000DBFF012801D1012020E006983900C9B24E
:108AE00002291ED1B6F5803F19D2202817D24FF4A3
:108AF000C052DFF87C1863030B4403EB8503134477
:108B00001F6866F317271F606403214401EB85018A
:108B100011440A6860F3C7020A600020F2BD012018
:108B2000FCE7FFB2032F1FD1B6F1807F1AD22028B5
:108B300018D24FF4E052DFF8381863030B4403EB0C
:108B4000850313441F6807F0FF0757EA06271F60D5
:108B50006403214401EB850111440A6860F3C702F4
:108B60000A60DAE70120D9E70120D7E700B2001256
:108B7000C0B27047F8B505000E001700280000B21B
:108B8000FFF7F4FF04002000C0B2022801D3012047
:108B900024E03A003100C9B22000C0B2FFF774FFF0
:108BA000012801D1012019E0DFF8C4172000C0B26C
:108BB000400308442A00D2B200EB8200D0F8000C37
:108BC000F6B266F3092067F30700E4B264032144B8
:108BD000EDB201EB8501C1F8000C0020F2BD70B5CB
:108BE00004000D001600022C01D301201DE032000C
:108BF0002900C9B22000FFF747FF012801D1012059
:108C000013E0DFF86C176003085850F0004050F094
:108C1000407050F47F00EDB265F3092066F3070061
:108C20006203885064030859002070BDD0F84003E7
:108C30007047D0F80803C005C00D704710F54171AA
:108C40000A6852F480320A6010F541710A6832F401
:108C500080320A60D0F804037047C0F840127047B1
:108C6000D0F80802C005C00D7047D0F80802C0F364
:108C7000C030704738B505002800FFF7F1FF040049
:108C80002800FFF7F2FF0419002C01D1012000E0B9
:108C90000020C0B232BDC0F8C81F7047D0F8C80F5E
:108CA0007047C0F8C01FD0F8C00F7047C0F8881FC9
:108CB0007047D0F8880F7047C0F8801FD0F8800F39
:108CC0007047016851F00041016070472DE9F84F8D
:108CD0000400012500200020DFF858082100C9B257
:108CE00050F82160D6F80403000601D1042700E003
:108CF00001273000FFF7D2FF3900C9B2084253D034
:108D00003800C0B2012835D13000FFF792FF80460D
:108D10005FF0000901E019F101094046C0B2814548
:108D200022DADFF814A82000C0B21AF80000411CB3
:108D30002200D2B20AF80210DFF800182200D2B2E4
:108D4000120101EB020BC0B200903000FFF76EFF82
:108D500000990BF801002000C0B21AF8000010289A
:108D6000D9DB3000FFF76AFF0120DFF8D417E4B247
:108D7000085513E03000FFF759FFDFF8C017220055
:108D8000D2B2120188540120DFF8AC172200D2B20F
:108D900088540120DFF8A817E4B20855FFB2390063
:108DA0003000FFF77EFF0AE03000FFF782FF80050A
:108DB00005D54FF400713000FFF77EFF0025280035
:108DC000C0B2BDE8F28F38B504001500C9B2002961
:108DD0000ED0102919D0202924D030292FD03129A4
:108DE0003AD0402945D0502950D060295BD067E067
:108DF000DFF85007A06001202073112060734FF44A
:108E00008C70E0811220208260E0DFF83C07A060D7
:108E1000012020731120607340F21D10E0816B204F
:108E2000208253E0DFF82407A06001202073112086
:108E300060734FF48E70E0816A20208246E0DFF894
:108E40001007A060022020731120607340F21B10F5
:108E5000E0816920208239E0DFF8F806A060012077
:108E600020731120607340F21B10E0816920208282
:108E70002CE0DFF8E406A06001202073132060736B
:108E80004FF48D70E081682020821FE0DFF8CC066F
:108E9000A060012020731120607340F21F10E08158
:108EA0006D20208212E0DFF8B806A0600120207358
:108EB000112060734FF48F70E0816C20208205E0F8
:108EC000DE22DFF8A0160020FFF78AFBEDB2002DAE
:108ED0000ED0102D19D0202D24D0302D2FD0312D93
:108EE0003AD0402D45D0502D50D0602D5BD067E05A
:108EF000DFF85006206000202071112060714FF4CF
:108F00008C70E0811220208261E0DFF83C06206056
:108F1000002020711120607140F21D10E0816B2053
:108F2000208254E0DFF82406206000202071112008
:108F300060714FF48E70E0816A20208247E0DFF894
:108F400010062060012020711120607140F21B107A
:108F5000E081692020823AE0DFF8F80520600020F7
:108F600020711120607140F21B10E0816920208285
:108F70002DE0DFF8E40520600020207113206071EF
:108F80004FF48D70E0816820208220E0DFF8CC056E
:108F90002060002020711120607140F21F10E081DC
:108FA0006D20208213E0DFF8B805206000202071DA
:108FB000112060714FF48F70E0816C20208206E0F8
:108FC0004FF49172DFF89C150020FFF709FB31BDCB
:108FD00038B50400DFF85C55C9B22000C0B255F8BE
:108FE0002000FFF73AFE2000C0B255F82000FFF73E
:108FF00041FE0028F7D031BD70B505000E00140009
:1090000006E031782800C0B2FFF7E2FF641E761C4C
:10901000002CF6D170BD38B504000D0005E02978AC
:109020002000C0B2FFF7D4FF6D1C28780028F6D1CD
:1090300031BD30B40022DFF808350200D2B29A5CAC
:10904000002A2CD0DFF8F4240400E4B22401145DDB
:109050000C70DFF8E4440100C9B2615C491E0500F0
:10906000EDB261550100C9B2615C002912D0002146
:109070000300DBB2E35C99420FDA0300DBB21B01B1
:1090800013440500EDB22D0115440D446D785D5477
:10909000491CEDE70021C0B21954012000E0002076
:1090A000C0B230BC704770B505000C00DFF88464B6
:1090B0002800C0B256F82000FFF7FBFD4008400032
:1090C00001002800C0B256F82000FFF7EFFD28008D
:1090D000C0B256F82000FFF7ECFD30F002000100AE
:1090E0002800C0B256F82000FFF7E0FD2800C0B20B
:1090F00056F82000FFF7DDFD30F0200001002800C9
:10910000C0B256F82000FFF7D1FD2800C0B256F8D3
:109110002000FFF7CEFD30F0400001002800C0B273
:1091200056F82000FFF7C2FD2800C0B256F8200014
:10913000FFF7BFFD30F0100001002800C0B256F864
:109140002000FFF7B3FD2800C0B256F82000FFF75B
:10915000B0FD30F4807001002800C0B256F8200045
:10916000FFF7A4FD2800C0B256F82000FFF7A1FDCC
:1091700030F4806001002800C0B256F82000FFF7EC
:1091800095FD002C0ED02800C0B256F82000FFF745
:1091900085FD50F400700100EDB256F82500FFF790
:1091A00085FD0DE02800C0B256F82000FFF776FDDF
:1091B00030F400700100EDB256F82500FFF776FD9F
:1091C00070BD70B505000C00DFF868632800C0B200
:1091D00056F82000FFF762FD30F00800010028007B
:1091E000C0B256F82000FFF756FD2800C0B256F86E
:1091F0002000FFF753FD30F0200001002800C0B22E
:1092000056F82000FFF747FD2800C0B256F82000AE
:10921000FFF744FD30F4807001002800C0B256F81A
:109220002000FFF738FD2800C0B256F82000FFF7F5
:1092300035FD30F4007001002800C0B256F820005F
:10924000FFF729FD2800C0B256F82000FFF726FDE1
:1092500030F4006001002800C0B256F82000FFF78B
:109260001AFD2800C0B256F82000D0F8040300060A
:109270001FD1002C5BD12800C0B256F82000FFF7A8
:109280000DFD4008400001002800C0B256F8200043
:10929000FFF701FD2800C0B256F82000FFF7FEFCE2
:1092A00030F004000100EDB256F82500FFF7F3FCA2
:1092B00070BD002C1DD02800C0B256F82000FFF76A
:1092C000EDFC30F0040001002800C0B256F8200088
:1092D000FFF7E1FC2800C0B256F82000FFF7DEFCE3
:1092E00050F001000100EDB256F82500FFF7D3FC65
:1092F000DEE72800C0B256F82000FFF7CFFC30F0C0
:10930000040001002800C0B256F82000FFF7C3FC9B
:109310002800C0B256F82000FFF7C0FC400840000B
:109320000100EDB256F82500FFF7B5FCC0E72800B4
:10933000C0B256F82000FFF7B1FC40084000010021
:109340002800C0B256F82000FFF7A5FC2800C0B2E4
:1093500056F82000FFF7A2FC50F004000100EDB227
:1093600056F82500FFF797FCA2E7000044970A1083
:10937000000004402DE9F0412DED028BA8B005005E
:109380000E00170028003900C9B20909C0B288428E
:1093900001D1012000E000201C00DFF8C8814FF45B
:1093A00021724146C0B2FFF71BF928002100C9B263
:1093B0000909C0B2884201D1012000E0002040F23A
:1093C00085224146C0B2FFF70BF902A8142100F034
:1093D0007BFA342100220DF168084046FEF71CF8A4
:1093E0004C2100220DF11C084046FEF715F808201C
:1093F00080B206FB00F65C48B0FBF6F85A4806FB64
:10940000180000EE100AB8EE400B01EE106AB8EE3C
:10941000411B80EE010BBFEEED0B10EE100B08EEC2
:10942000100A2200D2B23900C9B202A8FFF7CBFC61
:1094300008201B909DF80D008DF870001AAA9DF869
:109440000C100298FFF7E9F906201B909DF8150013
:109450008DF870001AAA9DF814100498FFF7DDF932
:1094600000200790082008900820099002200B9007
:1094700000200C9000201290002014902D4C280009
:10948000C0B254F8200000F065FB38492A00D2B27F
:10949000382042430A4407A92800C0B254F82000EB
:1094A00000F016FA2800C0B254F82000FFF709FCBB
:1094B0002A00D2B20321BDF91600FFF75BFBBDF90C
:1094C0001600FFF753FB8DED008AB8F10108434603
:1094D0002A00D2B20321C0B2FFF7ECFABDF91600A0
:1094E000FFF744FB2A00D2B20321C0B2FFF777FB9B
:1094F000BDF91800ADF800000320ADF8020001200E
:109500008DF8040007221A482900C9B250F821102A
:10951000684600F0BDF900212800C0B2FFF751FEF7
:1095200000212800C0B2FFF7BEFD28B0BDEC028BC1
:10953000BDE8F081F8090228AC9C06285C97062853
:10954000B49C062800003140000231400005314043
:109550008008314080063140000731400001314031
:1095600080013140A4870A1000B4C4044890062842
:10957000DC09022800F10103810704D010F8011B67
:10958000820781B1FAD10268A2F10131914311F051
:10959000803104BF50F8042FF6E709BAB1FA81F11F
:1095A00000EBD100401CC01A704700000CB430B56D
:1095B00083B00A4606A9029104460025019400954D
:1095C00002AB01A9084878441E3000F00EFB019A56
:1095D000157000284EBF04460198041B204603B0B6
:1095E00030BC5DF80CFB00BFA7D1FFFF8268891873
:1095F000816003E082684169521A82608168426931
:109600009142F7D270472DE9F84305001600002D6E
:1096100001D0012000E000200C00AA22DFF8C011D8
:10962000C0B2FEF7DDFF00270020002C01D1032788
:10963000B5E0287810F0050F01D00427AFE02878B6
:1096400050F0040028702869B042C0F0A380D5F81B
:109650001480A868B8EB0008B04567D26878002885
:1096600003D0022841D01FD390E042462100686811
:10967000AB6800EB0309484601F00CFA41462800AC
:10968000FFF7B4FFB6EB080204EB08016868AB68AB
:1096900000EB0304200001F0FDF9B6EB0808414699
:1096A0002800FFF7A3FF71E05FEA48022100686825
:1096B000AB6800EB4309484601F0ECF9414628004D
:1096C000FFF794FFB6EB0802520004EB480168680C
:1096D000AB6800EB4304200001F0DCF9B6EB0808AE
:1096E00041462800FFF782FF50E05FEA8802210030
:1096F0006868AB6800EB8309484601F0CBF9414646
:109700002800FFF773FFB6EB0802920004EB880114
:109710006868AB6800EB8304200001F0BBF9B6EB8E
:10972000080841462800FFF761FF2FE0687800280D
:1097300003D002281DD00ED328E032002100686833
:10974000AB6800EB0304200001F0A4F9310028000D
:10975000FFF74CFF1AE0720021006868AB6800EB6D
:109760004304200001F096F931002800FFF73EFF86
:109770000CE0B20021006868AB6800EB83042000B5
:1097800001F088F931002800FFF730FF2869861BB7
:109790002E6100E00527287810F0FB0028703800C3
:1097A000C0B2BDE8F283F8B504000E0017001D003A
:1097B000002C01D0012000E000204FF4077208497E
:1097C000C0B2FEF70DFF00206760002121706670B7
:1097D0000021A1600021E16025616561C0B2F2BD98
:1097E00030860A10010009B2002908D4012210F0C5
:1097F0001F018A401B4900B2400941F820207047F0
:10980000010009B2002908D4012210F01F018A408A
:10981000154900B2400941F820207047020012B2F9
:10982000002A04D44901114A00B2115407E0490149
:109830000F4A00B210F00F00104400F8041C7047EB
:10984000002800D162B60B480168491C01607047CE
:1098500072B608490868002802D00868401E0860EF
:109860000868704700E100E080E200E000E400E00A
:1098700018ED00E0949E062880B5FFF7E9FF01F09F
:109880005DF901BD80B5C9B200B2FFF7C7FF01BDE8
:1098900070B504000D001600200001F05FF92900EA
:1098A000B4F9000001F099F93100C9B2B4F902002D
:1098B000FFF7E8FFB4F90200FFF7A2FFB4F90200D6
:1098C000FFF790FF70BD0000002201F09DB900007D
:1098D0002DE9F44FDFF8D822DFF8D8321B68DFF823
:1098E000D8422468DFF8D4522D68DFF8D462366895
:1098F000DFF8D0723F68DFF8D0C2DCF800C0DFF8D4
:10990000CCE2DEF800E0DFF8C882D8F80080DFF8AB
:10991000C492D9F80090DFF8C0A2DAF800A00028BD
:1099200000F01581002900F012810A68022A06D190
:1099300091F82620002A02D15FF0000B03E0D1F855
:1099400004B0BBF1010B91F82420002A01D00122C0
:1099500000E0002262F3104333F440436BF303034F
:10996000022262F3196303600A7812F0030262F3C1
:109970001964046491F82520002A01D0012200E036
:10998000002262F38615CA7E002A01D0012200E07F
:10999000002262F38A254A7E002A01D0012200E0DB
:1099A000002262F308258A7E002A01D0012200E00D
:1099B000002262F349258A6B521E12F00F0262F3F5
:1099C00013450A69521E12F00702ED08ED00154317
:1099D0004A6962F304154A69520862F345158564C1
:1099E0000A7B002A01D0012200E0002262F308264F
:1099F0000A7E002A01D0012200E0002262F34926FB
:109A00008A68521E12F01F02760976011643C0F8CA
:109A100000630A7F02F0FF023F0A3F02174391F8FA
:109A2000202002F0FF0262F31747C0F8107391F88C
:109A30002720002A01D0012200E0002262F3082C36
:109A40000A69521E12F007025FEADC0C5FEACC0CD6
:109A500052EA0C0C4A6962F3041C4A69520862F328
:109A6000451CC0F844C00A7B002A01D0012200E056
:109A7000002262F3082E8A68521E12F01F025FEA6B
:109A80005E1E5FEA4E1E52EA0E0E0A68012A01D1DE
:109A9000012200E0002262F3104EC0F800E291F8CB
:109AA0003C2002F0FF025FEA18285FEA082852EA29
:109AB0000808C0F8048391F82820002A01D0012268
:109AC00000E0002262F35969CA6A012A01D1012229
:109AD00000E0002262F318694A6B012A01D10123D8
:109AE00000E00023009A63F3104991F8303003F04E
:109AF000FF035FEA19295FEA092953EA0909C0F857
:109B0000509091F8443003F0FF035FEA1A2A5FEAAD
:109B10000A2A53EA0A0AC0F804A28B6CC0F8883FEC
:109B2000096CC0F8C81F002A10D000205060002027
:109B30001060002090600020D060002010620020A3
:109B4000D06200201063DFF8940050630022100000
:109B5000BDE8F28FDFF8881001605FF44011016406
:109B60000021816440F20711C0F800130022C0F800
:109B700004230022C0F8102300224264C0F800121F
:109B80000021C0F80412002101650021C0F8C81EA0
:109B90000021C0F8881E0021C0F8C81F0021C0F8AD
:109BA000881F0021C0F8081F0021C0F8481F704717
:109BB0000160AA0060980A1064980A1068980A1058
:109BC0006C980A1070980A1074980A1078980A1005
:109BD0007C980A1080980A1084980A10EFCDAB0088
:109BE0000F00000340F0200070472DE9F14FB0B0A6
:109BF000924604910DF142013A9A2B9199464A708E
:109C000000200AE01AF8011B0498309A90470028B7
:109C1000049000F034860D98401C0D909AF80000D6
:109C200050B12528EED10021002207910892099118
:109C30000A920B910C9204E00D9800F022BE41F0C4
:109C400001011AF8010F2028F9D023280CD02B2865
:109C500004D02D2805D0302809D00BE041F00201B6
:109C6000EFE741F00401ECE741F00801E9E741F0DA
:109C70001001E6E72A280FD1D9F8002052F8040B8A
:109C8000C9F8002000280F9003D540420F9041F002
:109C900004010AF1010A14E00F92DFF8EC3B0AE03C
:109CA0000F98984205DA00EB800402EB4402303A48
:109CB0000F920AF1010A9AF80020A2F130000A2856
:109CC000EED39AF800002E2803D04FF0FF320E9208
:109CD00029E01AF8010F2A2809D1D9F8000050F814
:109CE000042BC9F800000E920AF1010A1BE02D288E
:109CF0000CBF0AF1010A002000220E92DFF8884B07
:109D00000BE040B90E9AA24205DA02EB820503EBA2
:109D10004503303B0E930AF1010A9AF80030A3F193
:109D200030020A2AEDD3ADF840100FF660309AF8F1
:109D3000001000F083FF08B11AF8010B8DF8420003
:109D40009DF84200682805D19AF8000068280CD1D7
:109D5000622106E06C2804BF9AF800006C2804D148
:109D600071218DF842100AF1010A12A806901AF822
:109D700001BBBBF125012CD01C3900F09481091FD7
:109D8000022940F29081133900F0AB84093900F0C8
:109D90008A81891E00F04085491E00F0ED84491E2D
:109DA000022940F28081091F00F0E684491F00F07B
:109DB000EF80491E00F09584491E00F0D780C91E2F
:109DC0000CD0891E00F08D84C91E00F08A8400F03A
:109DD0002EBD01230793252100F026BDD9F80000F0
:109DE00050F8044BC9F80000002C059440F0AB80FB
:109DF0002B994878002800F0A1804FF0FF340FF62F
:109E0000942000F027FF241A40F0398500F01BBD94
:109E100001236A4602A9304600F000FE002840F007
:109E20002E85641EF4D13096079C12AF74B1309E1B
:109E300017F8011B0498B0470028049000F01F8514
:109E40000D98401C641E0D90F2D130960A9C302172
:109E5000002C8DF800100CDD309E01236A4602A90B
:109E6000304600F0DBFD002840F00985641EF4D187
:109E70003096059F089C74B1309E17F8011B04981A
:109E8000B0470028049000F0FA840D98401C641E2E
:109E90000D90F2D130960B9C3021002C8DF80010E3
:109EA0000CDD309E01236A4602A9304600F0B6FD63
:109EB000002840F0E484641EF4D130960598089997
:109EC000099C471874B1309E17F8011B0498B047DD
:109ED0000028049000F0D3840D98401C641E0D905F
:109EE000F2D130960C9C3021002C8DF800100CDD46
:109EF000309E01236A4602A9304600F08FFD0028FB
:109F000040F0BD84641EF4D130969DF840004107B6
:109F10007FF584AE2020002D8DF800007FF77EAE07
:109F2000309C01236A4602A9204600F077FD0028F4
:109F300040F0A5846D1EF4D130946FE60FF63C30EE
:109F4000059000F080BC0E9D002D04D52046FFF743
:109F500011FB044607E02A46204600F09BFE00283D
:109F600014BF041B2C46089400F06DBCD9F80010F7
:109F700051F8040BC9F8001020F00004002121F072
:109F8000FF35CDE9024512AB0593782100F040BCC6
:109F90002B99487820B14FF0FF340FF6B02030E70E
:109FA0009DF84200622860D0682817D06A283FD008
:109FB0006C2806D0712847D074282CD07A281DD060
:109FC00062E0D9F8001051F8040BC9F8001000281D
:109FD00066D14FF0FF340FF68C2012E7D9F800104D
:109FE00051F8040BC9F8001020B94FF0FF340FF6F8
:109FF000742006E70D99018000F025BCD9F8001007
:10A0000051F8040BC9F80010002849D14FF0FF3473
:10A010000FF65020F5E6D9F8001051F8040BC9F8F6
:10A02000001000283CD14FF0FF340FF63820E8E64E
:10A03000D9F8001051F8040BC9F8001080B94FF09E
:10A04000FF340FF62020DCE6D9F8001051F8040B9D
:10A05000C9F8001020B94FF0FF340FF60820D0E601
:10A060000D9AD317C0E90023EDE3D9F8001051F899
:10A07000040BC9F8001020B94FF0FF340FF6E410BC
:10A08000BFE60D990170DEE3D9F8001051F8040B1A
:10A09000C9F8001020B94FF0FF340FF6C810B0E631
:10A0A0000D990160CFE39DF842004C2807BFD9F815
:10A0B0000010CA1DD9F80000C21D22F00702C9F81D
:10A0C0000020D2E900010832C9F80020CDE90201E0
:10A0D000C80F02D007982D210AE0BDF84000810783
:10A0E00002D507982B2103E0C00705D5079820214A
:10A0F00012AA1154401C079012A807994BF0200394
:10A1000000EB010CDDE90201CDE92C01612BCDF85A
:10A1100014C021AC0BD00E98002848BF062105D4EE
:10A1200004BF4BF02000672801D101210E91DDE929
:10A1300002014F0047EAD0777E15FF174FF0FF323C
:10A14000974208BF964210D1090341EA105100031B
:10A15000002908BF002808D0ABF1610503211A2DA2
:10A16000089118D30FF61C1110E0DDE902014A0036
:10A17000521512F1010F11D108030FD1ABF1610596
:10A1800003211A2D08911FD30FF6001103226046F8
:10A1900000F080FC57E30FF6E801F7E7DDE9020184
:10A1A0006A4600F0A3FDCDE902014BF020006128D2
:10A1B00011D1059830210170821C0592BBF1610F0D
:10A1C0000CBF7821582102E00FF6BC01DEE7417098
:10A1D0000798801C0790DDE9020120F0000231F0B1
:10A1E000004308BF002A02D10026002542E14BF0BF
:10A1F0002008B8F1610F40F092800E98002847BF08
:10A2000021210191401C0190019FDDE92C017F1C5F
:10A2100000220023DDE9024500F0A0FD38BF85F0F3
:10A22000004500998DF88420091F002F00910DF141
:10A23000850632DD204629460022002300F0A8FDD5
:10A240002BD21C2200F0BEFD04460D4600F03CFE61
:10A25000FF1F002F804609DD00F03DFE02460B4641
:10A260002046294600F03EFE04460D46F01D07211B
:10A27000B8F1000F0CDD491E5EBF08F00F0200F8B8
:10A28000012D4FEA2818F3D502E0002200F8012D35
:10A29000491EFAD5C61D002FCCDC0DF18500361AFB
:10A2A00001980DF185048642D8BF304600282FD48E
:10A2B000B04206DA0DF185010A5C082AA8BF0F2119
:10A2C00000DA0021024621AB134400E0401E13F8DF
:10A2D0000159521E8D42F9D00F2904D10DF185018B
:10A2E0008B5C5B1C8B54002A04D50099091D21ACA2
:10A2F000401C0091411E0BD4621813783033DDB23C
:10A300003A2DA4BF5B443A3B491E02F80139F4D50B
:10A310000E99002940F1AC80421E0E92A8E00099EF
:10A32000DFF8E82647F29750414391FBF2F20092A2
:10A33000DDE92C45C2F10702002A25F0004504DDC5
:10A340002046294600F03EFB0BE052420020DFF899
:10A35000C01600F037FB02460B462046294600F0A7
:10A36000CAFD04460D46B8F1660F06BF009F0A37C6
:10A3700006270E983F18142FC8BF142730208DF8D9
:10A3800084000DF18506002F34DD2046294600F0BB
:10A39000BBFD01460A4606F1080304200A26B2FB6B
:10A3A000F6F606EB860EA2EB4E02303203F8012CD5
:10A3B0000A22B6FBF2F202EB820EA6EB4E06303614
:10A3C000401E03F8026DE9D1083F002F03F1080693
:10A3D000D9DD084600F09FFD02460B46204629467F
:10A3E00000F080FD0022DFF82C3600F09BFD0446D3
:10A3F0000D46CAE70DF18500361A0DF1850404E01B
:10A400000098401E761E0090641C20783028F7D0FB
:10A41000B8F1660F02D10098401C04E0B8F1650F56
:10A420000CBF012000200E9940188642B8BF701E54
:10A4300000281DD4B04204DA215C3429C8BF392178
:10A4400000DC30210246631E9D1800E0401E15F816
:10A450000169521E8E42F9D0392902D1A15C491CF2
:10A46000A154002A04D50099491C1C46401C0091A7
:10A470000646009D0E9F30B2002802DC01260FF236
:10A4800010644BF02000662808BF6D1C15D06728AB
:10A490000FFA85F841D118F1040F44DBB84542DAD0
:10A4A0009DF840006D1C010703D430B2B842D8BFFC
:10A4B000074628B23F1A48BF00270FFA85F8B8F1BF
:10A4C000000F00F3AF800898411C089130220599D5
:10A4D0000A54002F03DC9DF84000010705D50898B9
:10A4E000411C08912E2205990A5417EB080FB8BF9A
:10A4F0007D422DB26842ED1932B20B909542B8BF41
:10A500002E46059B089836B20996324621461844D5
:10A5100000F0C0FAAD1B0C95CCE0BBF1610F15D17A
:10A520004FF0700B17E030B2B84204DA9DF84010DB
:10A530000A0758BF07467F1E48BF0027BBF1670FB9
:10A5400014BF4FF0450B4FF0650B04E0BBF1410F1A
:10A5500008BF4FF0500B0898411C0891002F059937
:10A5600014F8012B0A5403DC9DF84000010719D5AB
:10A570000898411C08912E2205990A54002F11DDDC
:10A58000761E30B28742B8BF3E460598089B32B26D
:10A590002146184400F07EFA089836B23018BF1BE6
:10A5A00008900B97059808990844B8F1000F80F8B7
:10A5B00000B003D42B224270821C04E02D214546BA
:10A5C0004170821C6D4200212CAB28460AE00446F3
:10A5D0000A2094FBF0F000EB8005A4EB450403F89F
:10A5E000014B491C00B20028F1DC012906DC4BF0CC
:10A5F0002000652804BF302002F8010B00292CAB95
:10A6000008D1302002F8010B06E0491E585C3030BA
:10A6100002F8010B0029F8DC059908980844121A81
:10A62000099247E030B229B288421BDA0598089BAC
:10A6300032B22146184400F02DFA089936B271184A
:10A640000891A8EB0600002F0B9003DC9DF840005A
:10A65000020705D5059A2E2050540999491C0991E5
:10A660000C9727E00598089B2AB22146184400F071
:10A6700011FA0898761B4044002F089003DC9DF8DF
:10A6800040100A0704D5411C08912E2205990A544E
:10A6900030B28742B8BF3E460598089B32B204EB01
:10A6A0000801184400F0F6F9089836B23018BE1BBD
:10A6B00008900B969DF8400000F01400102840F020
:10A6C000C280079A08980B99821809988A188218EC
:10A6D0000C980F998018884280F2B580081A0A9069
:10A6E000B1E09DF84200622808D068280ED06A28A0
:10A6F00014D06C281FD0712810D01CE0D9F800109D
:10A7000051F8040BC9F80010C0B21AE0D9F80010D3
:10A7100051F8040BC9F8001080B212E0D9F800001B
:10A72000C21D22F00702C9F80020D2E90001083258
:10A73000C9F8002006E0D9F8001051F8040BC9F858
:10A7400000100021CDE902019DF8400001075AD513
:10A75000DDE90223002B08BF002A54D04BF0200073
:10A76000782850D1079812A930220A54401C431C63
:10A77000079301F800B046E09DF84200622808D037
:10A7800068280ED06A2814D06C281FD0712810D0E9
:10A790001CE0D9F8001051F8040BC9F8001040B2C1
:10A7A0001AE0D9F8001051F8040BC9F8001000B2F3
:10A7B00012E0D9F80000C21D22F00702C9F80020FB
:10A7C000D2E900010832C9F8002006E0D9F80010EB
:10A7D00051F8040BC9F80010C117CDE90201002996
:10A7E00002D507982D210AE0BDF84000810702D567
:10A7F00007982B2103E0C00705D50798202112AA4E
:10A800001154401C079012A807990144059159461C
:10A8100002A800F04DF816E001200790D9F80000DA
:10A8200050F8041BC9F800008DF848100BE0012116
:10A830002522BBF1000F07918DF8482003D002229A
:10A8400007928DF849B00F9D07990A986D1A0899DB
:10A850002D1A0B986D1A09992D1A0C986D1A9DF8DE
:10A8600040102D1A48073FF5DFAA2021002D8DF852
:10A8700000107FF7D9AA309E2C46FFF7C9BA4FF0D7
:10A88000FF3031B0BDE8F08FCBCCCC0C686A6C7473
:10A890007A4C00007072696E74665F733A20626170
:10A8A0006420257320617267756D656E7400000009
:10A8B0002DE9FC4707468A463C6950466F2808BF89
:10A8C000082505D0FFF78EF9782814BF0A25102532
:10A8D000D7E900013C2680468946BAF1640F18BFCB
:10A8E000BAF1690F05D1002903D5D8F1000869EB49
:10A8F0004909B9F1000F08BFB8F1000F0CD1386B4E
:10A9000050B9082D3AD197F83800010736D53022D2
:10A910003B2684F83B2031E08DF800A040464946B4
:10A920002A46EB1700F008FB3032D0B2761E3A28E8
:10A9300001960EDAA255404649462A46EB1700F02A
:10A94000FBFA80465FEA010908BFB8F1000F05D1A4
:10A9500008E09DF800001218513AEBE7F868A119D9
:10A960008842DBD3082D09D197F83800010705D5B7
:10A97000A05D302802D0761E3020A055C6F13C03E1
:10A98000BB61A119F960386B834208DAC31A3B62D4
:10A990004FF6EF70398F01403987BDE8F387002803
:10A9A0000ED597F8380000F01400102808D17A6B03
:10A9B0007969386A521A121AD21A002AC8BF3A6242
:10A9C000BDE8F3872DE9D04306460F4614464FF005
:10A9D0000008DFF8449012E0E00707D542464B46F6
:10A9E0003046394600F09EFA06460F464046494634
:10A9F00042464B4600F096FA641080468946002C89
:10AA0000EAD130463946BDE8D0830000A086010077
:10AA10000000F03F84D7974100002440F8B5054678
:10AA20000E4617461C4600205CB117F8011BB068A3
:10AA3000A847B06030B1F06A401CF0620020641E8C
:10AA4000F3D1F2BD4FF0FF30F2BD00007072696EBD
:10AA500074665F733A20256E20646973616C6C6F55
:10AA6000776564007072696E74663A206261642072
:10AA7000256E20617267756D656E740000000000C0
:10AA80006E616E004E414E00696E6600494E460092
:10AA90003000000062B38B0708D0521E11F8013B52
:10AAA00000F8013B00F024808B07F6D1830740F0CB
:10AAB000208000BF103A07D330B4B1E83810103A04
:10AAC000A0E83810F9D230BC530724BFB1E8081011
:10AAD000A0E8081044BF51F8043B40F8043BD207FB
:10AAE00024BF31F8022B20F8022B44BF0B780370EF
:10AAF0007047121F17D35B0009D151F8043B20F8AF
:10AB0000023B1B0C121F20F8023BF6D20BE051F85F
:10AB1000043B00F8013B1B0A20F8023B1B0C121FF0
:10AB200000F8013BF3D238BF121D521E24BF11F8AA
:10AB3000013B00F8013BF8D870470000002007E017
:10AB40000549C2018A5822F00042C301CA50401C84
:10AB50003F28F5DB704700000000584030B400216A
:10AB6000234A1368234A1468002832D0224A156801
:10AB7000C5F303250E2D0FD01268C2F303220D2A50
:10AB800028D1827812F00F0224092401144302799B
:10AB9000002A15D0012214E0827812F00F021B095E
:10ABA0001B0113430279002A01D0012200E0002298
:10ABB00062F3DF73114AB0F9000042F8203009E077
:10ABC000002262F3DF740E4AB0F9000042F8204020
:10ABD00000E00649080030BC70470A4B1A68002A9A
:10ABE00003D01A6800B242F82010704701005600E6
:10ABF00090980A1094980A100000204000A020406D
:10AC000000C020403407022800B500BF130096465C
:10AC10009446103928BFA0E80C50FAD85FEA417C6E
:10AC200028BF0CC048BF40F8042BC90728BF20F834
:10AC3000022B48BF00F8012B00BD0000C9B202780A
:10AC40008A421AB11CBF10F8012FF9E718BF002083
:10AC50007047000080B500B906A005490B681BB11C
:10AC600022220021984701E000F07EFA222002BD56
:10AC7000AC9E0628636F6E73747261696E7420688F
:10AC8000616E646C65723A20626164206D657373F5
:10AC900061676500C9B2830706D0521E22D310F83F
:10ACA000013B9942F7D11FE0083A13D302F10402A5
:10ACB00041EA012141EA014150F8043B121F21BF42
:10ACC0004B40A3F1013C2CEA030C1CF0803FF3D075
:10ACD000C9B2001F083210F8013B521E28BF91EA8A
:10ACE000030FF8D818BF0120401E704710B5144656
:10ACF00000F002F8226010BDC1F30A5343B14A00CC
:10AD000012F5001F28D2A3F2FE32A1EB02517047C8
:10AD100050EA410C20D001F0004C31EA0C01B1FAAC
:10AD200081F204BFB0FA80F3D2180B3AB2F12003DB
:10AD30002CBF00FA03F1914041EA0C013EBFC2F181
:10AD4000200C20FA0CF319439040524240F2FD339C
:10AD5000D21A01EB035170470022704741EA030CFD
:10AD600050EA4C0C52EA0C0C4FF4001C09D307D0EB
:10AD70001CEB410F9CBF1CEB430F8B4208BF824270
:10AD800070471CEB430FFBD8994208BF90427047B5
:10AD900041EA030C50EA4C0C52EA0C0C4FF4001C34
:10ADA00009D307D01CEB410F9CBF1CEB430F99420A
:10ADB00008BF904270471CEB410FFBD88B4208BF85
:10ADC0008242704700B541EC100B104600F004F8C9
:10ADD00051EC100B00BD00BF020030EE101B40F222
:10ADE000FF7C37D41CEA115313D063456BD09B18FA
:10ADF000634504D201EB025120EE101B704701F0B5
:10AE0000004141EA0C51002041EC100BAFF30080EF
:10AE1000704710EE100B50EA410054D0B2F57F7F1E
:10AE200008D202EB5C010905002041EC110B20EE79
:10AE3000010B70474FF0FE41002341EC113B20EE27
:10AE4000010BB2F57E7230EE101B4FEA410342EB6C
:10AE50005353CDE752421CEA115316D0634532D00A
:10AE60009A4204D2A1EB025120EE101B70475B1EE8
:10AE7000D21AA1EB035120EE101B372A0CD300206D
:10AE800001F0004141EC100BC0E710EE100B50EA4E
:10AE9000410018D0372AF2D2C2EB5C021105002023
:10AEA00041EC110BF1EE100A20F01F0121F4F851D2
:10AEB000E1EE101A20EE010BF1EE101AE1EE100A8D
:10AEC00011F0080FA2D1704741EC100BBDEEC00B82
:10AED00010EE100A704700EE100AB8EEC00B51ECED
:10AEE000100B704741EC100B43EC112B30EE410B73
:10AEF00051EC100B704741EC100B43EC112B80EE22
:10AF0000010B51EC100B704741EC100BBCEEC00B69
:10AF100010EE100A704700EE100AB8EE400B51EC2C
:10AF2000100B704741EC100B43EC112B20EE010B82
:10AF300051EC100B70470000BBBBE1B1B2F5803F94
:10AF400080F07E80022A1ED98C46B1FBF2F102FB12
:10AF500011C31B0443EA1043B3FBF2FC02FB1C3396
:10AF600080B240EA0343B3FBF2F002FB103240EA46
:10AF70000C4000237047022A05D98446B0FBF2F04A
:10AF800002FB10C270474AB105D100F00102490826
:10AF90005FEA3000704700220023704700F0E8B8F5
:10AFA0000B000200002100207047904271EB030C5F
:10AFB000F6D3B3F5803F2FD2F0B5B3FA83F7B1FAE9
:10AFC00081F4A7F10F0E3D1B5340CEF1200602FA8B
:10AFD0000EF2F3415340B5F10F0746D80F3C2C4415
:10AFE0004140C4F12006A040F1414140B1FBF3F6DD
:10AFF00003FB1611A2FB0645001BA94102D2761ED7
:10B000008018594180EA010221FA0EF362FA0EF229
:10B0100000215A403046F0BD30B4B1FBF3FC03FBD5
:10B020001C11A2FB0C45001BA94103D2ACF1010C81
:10B030008018594130BC02460B46604600217047DB
:10B04000B2F1807F65D3F0B5B2FA82F7B1FA81F43C
:10B05000C7F10F063D1B22FA06F307F1110EF2416C
:10B0600020355A40B5F10F07B8D94140C4F1200648
:10B07000A040F1414140B1FBF3FC03FB1C11A2FBDA
:10B080000C45001BA94103D2BCF1010C80185941A9
:10B090000F2F12D30F3FC90341EA5041B1FBF3F622
:10B0A00003FB1611A2FB0645D4EBC030A94102D226
:10B0B000761E8018594146EACC3C07B34140C7F19F
:10B0C0002006B840F1414140B1FBF3F603FB1611F5
:10B0D000A2FB0645001BA94102D2761E80185941E9
:10B0E00080EA010221FA0EF3C7F1200462FA0EF29F
:10B0F0000CFA07F05A402CFA04F13043F0BD80EA14
:10B10000010221FA0EF3002162FA0EF260465A4063
:10B11000F0BD8C46B1FBF2F102FB11C31B0243EA06
:10B120001063B3FBF2FC02FB1C331B024CEA002051
:10B1300043EA1063B3FBF2FC02FB1C331B024CEA34
:10B14000002043EA1063B3FBF2FC02FB1C331B023A
:10B150004CEA002043EA1063B3FBF2FC02FB1C3212
:10B160004CEA002000237047012000F003B80000E3
:10B170007047000080B5AFF30080024A110018202C
:10B18000ABBEFBE7260002002DE9F84F06000F00DA
:10B19000904699460A9C0B9D00205FF0000A83466A
:10B1A0003B00DBB216F5A062494689B2300001F0DF
:10B1B000A5F950EA0B0083460A21300001F0F2F9AC
:10B1C00050EA0B005146C9B2C82916DA3900C9B293
:10B1D000042903DB96F802157F2911DA1AF1010A16
:10B1E0004146C9B2314491F800252100C9B20A4054
:10B1F0002900C9B28A42D2D104E050F0010001E036
:10B2000050F04200C0B2BDE8F28F7CB504000025CA
:10B2100000266A460621200001F02CF905439DF81E
:10B22000000000060AD50DF101020721200001F0FF
:10B2300021F905439DF80100C0070ED4012120002B
:10B2400001F0B0F9761C9DF80000C00706D430006C
:10B2500080B2B0F5FA7FDCDB00E0FFE72800C0B287
:10B2600076BD2DE9F041E6B006000C00002504A8EB
:10B27000DFF82C1AD1E90023C0E9002302A8DFF887
:10B28000241AD1E90023C0E900234FF4F47216F127
:10B29000100116F5A0673800FFF7FCFBE4B2102C94
:10B2A00040F0DE80082204A916F5A2642000FFF712
:10B2B000F1FB4FF4F47116F5A06001F055F94FF46D
:10B2C0008074220006F23C5126AF3800FFF7E2FB03
:10B2D000802216F5C86106AF3800FFF7DBFB0021BE
:10B2E00098E026AB080040B2800040FA82F71000D8
:10B2F00040B28C464FFA8CFC5FEA0C1C1CEB400CF5
:10B3000053F82CC026A896464FFA8EFE88464FFA70
:10B3100088F85FEA081818EB4E0800EB88004068D0
:10B3200010EB0C0C26A896464FFA8EFE88464FFA74
:10B3300088F85FEA081818EB4E0800EB8800006AEE
:10B3400010EB0C0C26A896464FFA8EFE88464FFA54
:10B3500088F85FEA081818EB4E0800EB8800406A8E
:10B3600010EB0C0C5FEA9C0C43F827C006A80B00FE
:10B370005BB29B0043FA82F317007FB28C464FFA10
:10B380008CFC5FEA0C1C1CEB470C30F91C700DF1B7
:10B39000180C96464FFA8EFE88464FFA88F85FEAF8
:10B3A000081818EB4E080CEB480CBCF902C01CEB5B
:10B3B00007070DF1180C96464FFA8EFE88464FFA95
:10B3C00088F85FEA081818EB4E080CEB480CBCF93B
:10B3D00010C007FA8CF70DF1180C96464FFA8EFE46
:10B3E00088464FFA88F85FEA081818EB4E080CEB0D
:10B3F000480CBCF912C007FA8CF75FF0040C97FBFD
:10B40000FCF720F81370521C100040B20428FFF61D
:10B4100068AF491C080040B2042801DA0022F3E7B3
:10B42000602100220EAF3800FBF7F6FFC02100229A
:10B4300036AF3800FBF7F0FF220026A906F23C5495
:10B440002000FFF727FB802206A916F5C86420001C
:10B45000FFF720FB4FF4F47116F5A06001F084F8BB
:10B4600000200AE0010089B2314491F80815020079
:10B4700092B2324482F80015401C010089B2B1F545
:10B48000F27FEFDB082202A916F5DC642000FFF74B
:10B4900001FB4FF4F47316F5A06242F61861300018
:10B4A00000F0F5FF054303200190FF2000904FF4CA
:10B4B0003053012204213000FFF766FE05432800C7
:10B4C000C0B266B0BDE8F0812DE9F841C7B0060012
:10B4D0000C00002505A8DFF8D017D1E90023C0E94A
:10B4E000002303A8DFF8C417D1E90023C0E9002333
:10B4F00002A8DFF8BC170A6802604FF4427216F522
:10B50000FC7116F5A0673800FFF7C4FAE4B2102CFE
:10B5100040F09180082205A916F5A1642000FFF7EC
:10B52000B9FA082203A916F5A4642000FFF7B2FABD
:10B530004FF4427116F5A06001F016F84FF48074D4
:10B54000220006F2345107AF3800FFF7A3FA0021BA
:10B550004AE007AB080040B2800040FA82F71000D2
:10B5600040B28C464FFA8CFC5FEA0C1C1CEB400C82
:10B5700053F82CC007A896464FFA8EFE88464FFA1D
:10B5800088F85FEA081818EB4E0800EB880040685E
:10B5900010EB0C0C07A896464FFA8EFE88464FFA21
:10B5A00088F85FEA081818EB4E0800EB8800006A7C
:10B5B00010EB0C0C07A896464FFA8EFE88464FFA01
:10B5C00088F85FEA081818EB4E0800EB8800406A1C
:10B5D00010EB0C0C5FEA9C0C43F827C0521C1000C7
:10B5E00040B20428B5DB491C080040B2042801DA47
:10B5F0000022F4E7C021002217AF3800FBF70CFF50
:10B60000220007A906F234542000FFF743FA4FF452
:10B61000427116F5A06000F0A7FF042202A906F20D
:10B6200034642000FFF736FA0421002216F5AF64D7
:10B630002000FBF7F1FE4FF4427316F5A06242F6CC
:10B64000F841300000F023FF054303200190FF2064
:10B6500000904FF43053012204213000FFF794FD95
:10B6600005432800C0B248B0BDE8F0812DE9F84399
:10B6700004000D00002647F6FF7800224146200016
:10B6800000F0FEFE064341F6217904EB0902002199
:10B69000200000F0EFFE064341F6227704EB07029C
:10B6A0000121200000F0E6FE064302224146200070
:10B6B00000F0E6FE064314F80900F02807D1E05D2B
:10B6C000012804D1002041F62371605413E0E05DAD
:10B6D000022804D1012041F6237160540BE0E05DA3
:10B6E0000C2804D1022041F62371605403E0FF20AE
:10B6F00041F62371605441F62370205CFF2802D08C
:10B700000120287001E0002028703000C0B2BDE8A0
:10B71000F2832DE9F84785B00500002004A8DFF882
:10B7200094150A68026001200390002015F5F95174
:10B73000087002A92800FFF799FF04002000C0B29A
:10B74000002803D19DF80800012800D0A2E247F6A6
:10B75000FF7700223900280000F092FE0443042203
:10B760000921280000F08CFE044340220F2128000C
:10B7700000F086FE044303220A21280000F080FE28
:10B78000044302AA3900280000F074FE0443012299
:10B790000C21280000F074FE044340F2011800223E
:10B7A0004146280000F06CFE044300224FF48171F2
:10B7B000280000F065FE044301224FF48571280043
:10B7C00000F05EFE044344F20209012249462800CB
:10B7D00000F056FE044300224946280000F050FEC7
:10B7E000044303224FF48571280000F049FE04430E
:10B7F00040F2031A01225146280000F041FE0443A2
:10B8000000220C21280000F03BFE044343220F21BC
:10B81000280000F035FE04430121280000F0C2FE9C
:10B82000044340220F21280000F02AFE0443012295
:10B830000A21280000F024FE04436421280000F0BF
:10B84000B1FE044300223900280000F019FE044331
:10B85000260001200190FF200090062300220121F4
:10B860002800FFF791FC040034432000C0B20028F8
:10B8700040F0108201220E21280000F001FE044356
:10B8800041F62276A85D0C2817D101223900280044
:10B8900000F0F6FD044301220621280000F0F0FD2F
:10B8A000044304200190FF20009021230022012165
:10B8B0002800FFF769FC04431CE00222390028003D
:10B8C00000F0DEFD04430D220321280000F0D8FD26
:10B8D000044301223900280000F0D2FD0443102067
:10B8E0000190102000902123002201212800FFF761
:10B8F0004BFC044300223900280000F0C1FD044342
:10B9000002AA3900280000F0B5FD044301220C21F1
:10B91000280000F0B5FD044300223900280000F0A3
:10B92000AFFD044300224146280000F0A9FD044376
:10B9300000224FF48171280000F0A2FD044301228F
:10B940004FF48571280000F09BFD04430122494615
:10B95000280000F095FD044300224946280000F02D
:10B960008FFD044303224FF48571280000F088FD09
:10B97000044301225146280000F082FD04430022C6
:10B9800044F20F01280000F07BFD044340F21A2826
:10B9900043224146280000F073FD04430322414640
:10B9A000280000F06DFD044301224146280000F00C
:10B9B00067FD044300224146280000F061FD044376
:10B9C000002240F21921280000F05AFD0443002211
:10B9D00040F21B21280000F053FD044300223900EF
:10B9E000280000F04DFD044302AA3900280000F0B1
:10B9F00041FD044301223900280000F041FD0443C9
:10BA000007222021280000F03BFD044306222021CC
:10BA1000280000F035FD044309223900280000F019
:10BA20002FFD0443DFF880874FF400434246002196
:10BA3000280000F02CFD04430A223900280000F001
:10BA40001FFD04434FF4004318F500420021280075
:10BA500000F01DFD04430B223900280000F010FD0A
:10BA600004434FF4A04318F580320021280000F071
:10BA70000EFD044301223900280000F001FD0443BB
:10BA8000A85D0C2811D101223900280000F0F8FC33
:10BA9000044303220621280000F0F2FC04430521A0
:10BAA000280000F07FFD04431CE00222390028003A
:10BAB00000F0E6FC04430D220321280000F0E0FC26
:10BAC000044301223900280000F0DAFC044310206E
:10BAD0000190102000902123002201212800FFF76F
:10BAE00053FB04432000C0B2002840F0D380002262
:10BAF0003900280000F0C4FC044302AA39002800E1
:10BB000000F0B8FC044301220C21280000F0B8FC2E
:10BB1000044300223900280000F0B2FC0443002254
:10BB20004FF48A71280000F0ABFC0443002240F27D
:10BB30001511280000F0A4FC044342224FF48B713D
:10BB4000280000F09DFC0443002240F21711280059
:10BB500000F096FC044300220B21280000F090FC2A
:10BB6000044302AA3900280000F084FC04430022A8
:10BB70000C21280000F084FC044301220B21280042
:10BB800000F07EFC0443A0462800FFF73EFB0400C3
:10BB900054EA08042000C0B200287BD102223900F8
:10BBA000280000F06DFC04432823DFF8A42642F6A9
:10BBB000D871280000F06BFC044302200190FF20A4
:10BBC00000904FF43053002204212800FFF7DCFAE4
:10BBD00004434FF4F67315F5A06242F604412800C1
:10BBE00000F08CFC044327004FF4F47215F5A061BB
:10BBF00015F110042000FEF74DFF10212800FFF77B
:10BC000030FB0743DFF84C16E9604FF4427215F53C
:10BC1000FC742000FEF73EFF10212800FFF754FCC3
:10BC200004003C43A85D0C280CD1DFF82C06A8606A
:10BC30004FF47373AA6842F63441280000F027FCE1
:10BC400004430BE0DFF81406A8604FF47373AA688E
:10BC500042F63441280000F01AFC0443032001900E
:10BC6000FF2000904FF43053012204212800FFF7F9
:10BC70008BFA044304234DF6803204A9280000F017
:10BC800010FA044304234DF6641203A9280000F0BF
:10BC900008FA04432000C0B206B0BDE8F0870000F7
:10BCA000E4970A10EC970A10F4970A10FC970A1010
:10BCB000AC980A10B0980A1038B50400002520008E
:10BCC00000F09CFA0543200000F0CAFA0543280062
:10BCD000C0B232BD70B506000C00002500202070F7
:10BCE000042316F5A0620021300000F007FC054394
:10BCF00096F80005B178884217D096F80005FF281D
:10BD000013D096F8010505280FD196F8020510F01A
:10BD10000500052809D196F80305C00605D50120C0
:10BD2000207096F80005B07008E096F8030500064C
:10BD300002D596F802050543002020702800C0B205
:10BD400070BD2DE9F84305000E0000246B6815F561
:10BD5000A0620021280000F0D1FB044395F8000503
:10BD6000A870696889B215F5A06000F0FDFB102786
:10BD70000DE009E0424605EB070000F2045116F120
:10BD800082094846FEF786FE18EB07073F1D6868E4
:10BD9000874235D205EB070010F5A060017811F05D
:10BDA0000F01891E0B2908D2017811F00F010268DA
:10BDB000C2F30B1808FB01F802E00168C1F30B188D
:10BDC0000068000C45F2B441884208D04DF6447139
:10BDD00088420AD04EF284018842CBD0C9E705EBF5
:10BDE000070090F90C053070CEE7424605EB0700DE
:10BDF00000F2045116F102094846FEF74BFEC3E774
:10BE0000002014E006EB4001B1F90210042291FB7E
:10BE1000F2F106EB4002518006EB4001B1F902104D
:10BE2000002903D5002106EB40025180401C402828
:10BE3000E8D395F80815090295F8090501436868E3
:10BE4000284490F8FC2412026868284490F8FD0405
:10BE5000024389B292B2914201D054F00204200010
:10BE6000C0B2BDE8F28370B504000D0000260823BF
:10BE700045F2504214F5A061200000F0AFF80643EF
:10BE800094F8000594F8011510FB01F028703000BB
:10BE9000C0B270BDF8B504000D0000262800C0B285
:10BEA000102802D040283AD073E04AF638571023C1
:10BEB0003A0014F5A061200000F090F806434020FD
:10BEC00084F80405402084F80605042084F8090558
:10BED00010233A0014F5A061200000F0E2F80643B8
:10BEE00045F2504708233A0014F5A061200000F005
:10BEF00075F80643042084F80005042084F8010541
:10BF0000082084F80405082084F8050508233A0071
:10BF100014F5A061200000F0C4F806433AE04AF6A8
:10BF2000385710233A0014F5A061200000F056F8AD
:10BF30000643102084F80405102084F8060501202B
:10BF400084F8090510233A0014F5A061200000F0E0
:10BF5000A8F8064345F2504708233A0014F5A061BB
:10BF6000200000F03BF80643082084F80005082074
:10BF700084F80105042084F80405042084F80505EC
:10BF800008233A0014F5A061200000F08AF8064367
:10BF900000E07F262900C9B22000FFF762F90643BE
:10BFA0002900C9B22000FFF78FFA06433000C0B263
:10BFB000F2BD12B583B0002401210291012101914B
:10BFC00003A90091042345F2584210F5A06100F046
:10BFD000EDF804432000C0B204B010BD2DE9F841D3
:10BFE00085B006000C001D000027A8461FFA88F83F
:10BFF00018F10C0802A8DFF8341491E8085080E822
:10C000000850280080B20C3041F62121884201DB23
:10C01000FF2741E01000000A8DF8080002A84270D6
:10C02000290089B209098DF80A102901C1700C2371
:10C0300002AA42F6F471300000F029FA0743032007
:10C040000190FF2000904FF4305301220421300072
:10C05000FFF79AF80743434616F5A06242F60441FB
:10C06000300000F04BFA074315F10C0189B216F5C8
:10C07000A06000F079FA002008E0010009B2314424
:10C0800091F80415020012B2A154401C010009B23B
:10C090002A0012B29142F0DB3800C0B206B0BDE80F
:10C0A000F0812DE9F04385B004000D0091461F009A
:10C0B0000026042100220DF108084046FBF7ACF9E8
:10C0C00003A8DFF86C13D1E90023C0E9002338008E
:10C0D00080B2083000128DF8120017F108008DF8B8
:10C0E000130042F6F478B8EB0708380080B20C3041
:10C0F00041F62121884201DBFF244FE04846000A37
:10C100008DF8080002A880F80190390089B2090969
:10C110008DF80A103901C170390089B2280000F089
:10C1200023FA781E08E0010009B2695C020012B22D
:10C13000224482F80415401E010009B20029F2D5FC
:10C14000042202A914F5A0694846FEF7A3FC0822C0
:10C1500003A9380080B2204400F204594846FEF793
:10C1600099FC3B009BB20C3314F5A062414689B2A6
:10C17000200000F08CF9064303200190FF2000907E
:10C180004FF43053012204212000FEF7FDFF04008C
:10C190003443390089B2280000F0E6F92000C0B22B
:10C1A00005B0BDE8F0830000800008102DE9F84FCD
:10C1B0000700884691469A460A9EDDF82CB00C9CF2
:10C1C000002553469BB24A4641463800FFF706FF1A
:10C1D00005431FFA8BFB5A463100A4B244442000A9
:10C1E000FEF758FC53469BB24A4641463800FFF7DB
:10C1F00058FF05432800C0B2BDE8F28F70B58CB07F
:10C20000002468468B493022FEF754FC802100222E
:10C21000894D2E003000FBF7FFF8302269462800D8
:10C22000FEF738FC854807210160002141600021AC
:10C2300081600021C160016811F5807101600168B1
:10C2400011F5806101602000C0B20CB070BD00002B
:10C250001C930A10D0760A10386F0A1004730A1063
:10C260002DE9F04186B0040000270821002204AD2A
:10C270002800FBF7D1F803A871490A68026002A9F7
:10C280002000FFF7F0FD074300206060FF25A57048
:10C29000002626E061680068C0F30B104118616059
:10C2A0001BE00168090C89B246F6904291420ADA15
:10C2B00001009DF808200B6862F30B130B600A68FD
:10C2C00032F470420A606168027812F00F0200686E
:10C2D000C0F30B1000FB021161606068001D60601C
:10C2E000761C202E2DD2544951F82600002809D062
:10C2F00052483200520950F8220016F01F02D04076
:10C30000C00700D4ECE701EB8600017811F00F0FB5
:10C31000C0D0017811F00F010D29BBDA0168494A3C
:10C3200012EB1142B2F5707FBBD201009DF80820DC
:10C330000B6862F30B130B600A6832F470420A60F8
:10C34000C1E7606818306060606841F6212188426A
:10C3500001D32E0065E080234DF68012364920007F
:10C36000FFF79FFE804658EA070860680490761C35
:10C37000059608234DF6681204A92000FFF791FEE8
:10C3800050EA080810234DF670122C492000FFF7E0
:10C3900088FE50EA080847F6FF76002231002000A8
:10C3A00000F06EF850EA080805220921200000F08C
:10C3B00067F850EA080802223100200000F060F817
:10C3C00050EA0808042303AA42F6FC71200000F09A
:10C3D0005EF850EA080803200190FF2000904FF417
:10C3E0003053012204212000FEF7CEFE50EA080857
:10C3F0000C2345F2404214F5A0612000FFF7EEFD4A
:10C40000060056EA0806022214F5A1610DF10A079A
:10C410003800FEF73FFBBDF80A006168884200D093
:10C420002E003000C0B206B0BDE8F081F8960A10C8
:10C4300004980A10A4910A10F09506286C090228A5
:10C44000B4980A1030ABFFFF1CB50188C9B2490887
:10C45000424C207800280AD1982000909923642229
:10C46000C9B23F4800F098FB0120207001E03C4831
:10C47000017213BD80B5012389B200F03FF802BDFF
:10C4800004B501236A4689B200F001F802BD2DE926
:10C49000F0470F0014001D000026002803D0002CD8
:10C4A00003D1002D01D0012026E0FFF7CDFF20E0D1
:10C4B000B5EB0608F019B8F1810F01D35FF08008E1
:10C4C000DFF8A090010089B2090A89F8001089F804
:10C4D0000100424604EB060119F1020A5046FEF73C
:10C4E000D9FA18F1020249461D4800F0BDFA18EBCE
:10C4F0000606AE42DCD30020BDE8F0872DE9FC4102
:10C500000F0014001D000026002803D0002C03D1CA
:10C51000002D01D001201FE0FFF796FF19E0B5EBD9
:10C520000608F019B8F1810F01D35FF0800801000F
:10C5300089B2090A8DF804108DF80500CDF8008045
:10C5400004EB0603022201A9054800F0BEFA18EB2D
:10C550000606AE42E3D30020BDE8F681F19E062830
:10C56000409C06286C95062870B4002214E0835C79
:10C5700000EB0204647800EB0205ED78855400EBD3
:10C580000205AD7800EB0206757000EB0205AC7099
:10C5900000EB0204E370121D0B009BB29A42E6D33B
:10C5A00070BC704780B50800FAF7A8F9002002BDFA
:10C5B0001CB50400002C01D0012000E00020412225
:10C5C000DFF8C415C0B2FCF70BF8DFF8C005012195
:10C5D0002278D21010EBC212237813F0070311FA5D
:10C5E00003F313602279D21010EBC210227912F0FB
:10C5F000070211FA02F20260E06800900098421E01
:10C6000000920028FAD1DFF888252079C01012EBBB
:10C61000C010237913F0070311FA03F30360E068F5
:10C6200000900098431E00930028FAD12078C01093
:10C6300012EBC012207810F0070081401160E06812
:10C6400000900098411E00910028FAD113BD1CB53E
:10C650000400002C01D0012000E000205522DFF86A
:10C660002815C0B2FBF7BCFFDFF8240501212279B1
:10C67000D21010EBC212237913F0070311FA03F35F
:10C6800013602278D21010EBC210227812F0070249
:10C6900011FA02F20260E06800900098421E0092D7
:10C6A0000028FAD1DFF8E4242078C01012EBC01083
:10C6B000237813F0070311FA03F30360E068009096
:10C6C0000098431E00930028FAD12079C01012EB85
:10C6D000C012207910F0070081401160E0680090DE
:10C6E0000098411E00910028FAD113BD38B504000E
:10C6F0000D00002C01D0012000E000206A22DFF8AC
:10C700008814C0B2FBF76CFFDFF884140122207894
:10C71000C01011EBC010237813F0070312FA03F3D3
:10C720000360EDB2002D0CD02079C010DFF85C342E
:10C7300013EBC013207910F0070012FA00F0186014
:10C7400009E02079C01011EBC010237913F0070322
:10C7500012FA03F30360E06800900098431E009310
:10C760000028FAD1DFF824342078C01013EBC01071
:10C77000257815F0070512FA05F50560E0680090C8
:10C780000098451E00950028FAD12078C01011EBC2
:10C79000C011207810F0070012FA00F0086020792C
:10C7A000C01013EBC013207910F0070082401A600C
:10C7B00031BD2DE9FC410400002C01D0012000E036
:10C7C00000208622DFF8C013C0B2FBF709FF002566
:10C7D000DFF8C06301272078C01016EBC010217865
:10C7E00011F0070117FA01F10160DFF8A083207949
:10C7F000C01018EBC010217911F0070117FA01F1F0
:10C800000160002200216068C0B2FBF7E3FCE06831
:10C8100000900098411E00910028FAD12078C010A5
:10C8200018EBC018207810F0070017FA00F0C8F8CD
:10C830000000E06800900098411E00910028FAD1A5
:10C840006068C0B2FBF7B5FC002800D00125207855
:10C85000C01016EBC016207810F007008740376034
:10C86000032201216068C0B2FBF7B4FCE0680090CD
:10C870000098411E00910028FAD12800C0B2BDE8FE
:10C88000F6817CB504000D00002C01D0012000E0F1
:10C890000020A822DFF8F012C0B2FBF7A1FE802131
:10C8A0000800C0B200284ED02800C0B208420CD008
:10C8B0000120227912F0070290402279D210DFF88D
:10C8C000CC3213EBC21318600BE00120227912F076
:10C8D000070290402279D210DFF8B83213EBC2136E
:10C8E0001860C9B24908E068400800900098421EEC
:10C8F00000920028FAD10122207810F0070012FAE5
:10C9000000F02378DB10DFF8846216EBC31630608A
:10C91000E06800900098431E00930028FAD1207828
:10C9200010F0070082402078C010DFF8683213EB67
:10C93000C0131A60E068400800900098421E009200
:10C940000028FAD1ACE72000FFF733FF012801D11E
:10C95000002000E00120C0B276BD2DE9FC470400B4
:10C960000D00002C01D0012000E00020C222DFF8E1
:10C970001812C0B2FBF734FE00260827DFF8108239
:10C980005FF001092078C01018EBC010217811F079
:10C99000070119FA01F10160E06800900098411E5A
:10C9A00000910028FAD1DFF8E4A12079C0101AEB39
:10C9B000C010217911F0070119FA01F1016000227C
:10C9C00000216068C0B2FBF705FC27E02078C010AA
:10C9D00018EBC010217811F0070119FA01F101607C
:10C9E000E06800900098411E00910028FAD120785C
:10C9F000C0101AEBC010217811F0070119FA01F1EB
:10CA00000160E06800900098411E00910028FAD172
:10CA10006068C0B2FBF7CDFB50EA46063800471EFF
:10CA2000C0B20028D2D12078C01018EBC0182078EE
:10CA300010F0070019FA00F9C8F80090032201214C
:10CA40006068C0B2FBF7C6FBE06800900098411E2A
:10CA500000910028FAD12900C9B22000FFF746FE54
:10CA60003000C0B2BDE8F687F8B505000C0016002E
:10CA7000002D01D0012000E00020DFF80C71F92228
:10CA80003900C0B2FBF7ACFD002C01D0012000E062
:10CA90000020FA223900C0B2FBF7A2FD2800FFF700
:10CAA00087FD297A4900C9B22800FFF7EAFE04E0B1
:10CAB00021782800FFF7E5FE641C3000461E0028A0
:10CAC000F6D12800FFF7C3FDF1BD2DE9F0410500C7
:10CAD0000C0017001E00002D01D0012000E00020F6
:10CAE000DFF8A48040F24E224146C0B2FBF778FD49
:10CAF000002C01D0012000E0002040F24F224146EE
:10CB0000C0B2FBF76DFD002E01D0012000E0002037
:10CB10004FF414724146C0B2FBF762FD2800FFF7E4
:10CB200047FD297A4900C9B22800FFF7AAFE04E0B0
:10CB300021782800FFF7A5FE641C3800471E002856
:10CB4000F6D12800FFF734FD297A490051F00101A0
:10CB5000C9B22800FFF795FE069C0BE0002104E017
:10CB600037007E1C002CF9D10121C9B22800FFF743
:10CB7000F4FE38702000441E0028F1D12800FFF791
:10CB800066FDBDE8F0810000B0850A100800314064
:10CB900004003140040031402DE9F8430400884688
:10CBA0001700002C01D0012000E00020089D1E008D
:10CBB000DFF85C9040F2BA224946C0B2FBF710FDA4
:10CBC00030002900C0B2C9B2884201D0012000E083
:10CBD000002040F2BB224946C0B2FBF701FD300005
:10CBE000C0B220602800C0B2606084F80880E760AE
:10CBF0000323012201213000C0B2FBF712FB032303
:10CC0000012201212800C0B2FBF70BFBBDE8F18334
:10CC1000B0850A1010B50024F9F79EFB002801D159
:10CC200054F0010401F06EF8002801D154F0020420
:10CC3000DFF8BC0B0470E4B2002C01D1012000E04D
:10CC40000020C0B210BD70472DE9F041F9F741FC5A
:10CC50000100DFF8A04B25782800C0B2002828D0BA
:10CC6000DFF8940B0078042823D094ED010ADFED5F
:10CC70001E0AB4EE600AF1EE10FA1ADBDFF87C2B24
:10CC80001078002815D10020DFF8743B18700020C0
:10CC9000DFF8703B18800020DFF86C3B1880002024
:10CCA000DFF8683B18800020DFF8643B1870012033
:10CCB00010702800C0B2002804D0DFF83C0B0078C8
:10CCC00004281BD1DFF8342B1078002816D0002060
:10CCD0001070DFF8300B0088002807D00120DFF843
:10CCE000202B107006E000BF000034420020DFF867
:10CCF000102B10700020DFF8102B1080DFF8FC0ADA
:10CD00000078002800F00182DFF8006BDFF8042BC8
:10CD100033884FF4F070434302EB030739606068D7
:10CD20007860DFF8F48AD8F81000B8602069F860FD
:10CD3000D8F814003861D8F818007861DFF8DC0AF8
:10CD40000068B86101F07FFE87ED070ADFF8D00ABE
:10CD500000683862DFF8CC0A41687962DFF8C81AE7
:10CD60000968B962DFF8C41A0968F962DFF8C01A05
:10CD700009683963DFF8BC1A09687963DFF8B81A03
:10CD80000968B963DFF8B41A0968F963DFF8B01A03
:10CD900009683964DFF8AC1A09687964DFF8A81A01
:10CDA0000968B964DFF8A41A0968F964DFF8A01A01
:10CDB0000A6C3A654A6C7A658A6CBA65CA6CFA651F
:10CDC0000A6D3A664A6D7A660A69BA668A68FA66D0
:10CDD000CA683A67DFF87C2A526D7A670A68BA67D0
:10CDE0004A68FA678A69C7F88020CA69C7F8842048
:10CDF0000A6AC7F888204A6AC7F88C208A6AC7F886
:10CE00009020CA6AC7F894200A6BC7F898204A6B2A
:10CE1000C7F89C20896BC7F8A010616CC7F8A410F4
:10CE20006169C7F8A810A169C7F8AC10D8F800105C
:10CE3000C7F8B010D8F80410C7F8B410A168C7F844
:10CE4000B810E168C7F8BC10D8F80810C7F8C010CF
:10CE5000D8F80C10C7F8C410DFF8FC190A68C7F836
:10CE6000C8204A68C7F8CC208A68C7F8D020CA68AA
:10CE7000C7F8D42091ED000AD1ED020A30EE600A25
:10CE800087ED360A91ED010AD1ED030A30EE600A12
:10CE900087ED370ADFF8C4190A68C7F8E0204A6846
:10CEA000C7F8E4208A68C7F8E820CA68C7F8EC2009
:10CEB00091ED000AD1ED020A30EE600A87ED3C0ADE
:10CEC00091ED010AD1ED030A30EE600A87ED3D0ACB
:10CED0000A69C7F8F8204A69C7F8FC20DFF88029FA
:10CEE0001368C7F800315268C7F804218A69C7F887
:10CEF0000821CA69C7F80C210A6AC7F81021DFF8AF
:10CF00006429D369C7F81431136AC7F81831536A12
:10CF1000C7F81C31136DC7F82031536DC7F82431A1
:10CF2000936DC7F82831D2F88430C7F82C31D2F885
:10CF30008830C7F83031D2F88C30C7F83431D2F8A5
:10CF4000B830C7F83831D2F8BC30C7F83C31D2F825
:10CF5000C020C7F84021E269C7F84421226AC7F817
:10CF60004821626AC7F84C21D8F81C20C7F8502124
:10CF7000D8F82020C7F85421D8F82420C7F8582121
:10CF8000DFF8B82B126AC7F85C21DFF8B42B1368FE
:10CF9000C7F860315368C7F864319268C7F86821F0
:10CFA000DFF8A42B1368C7F86C315368C7F87031E9
:10CFB0009368C7F87431D368C7F878311369C7F834
:10CFC0007C315269C7F88021DFF8842BD2F8B83061
:10CFD000C7F88431D2F8EC30C7F88831D2F8203164
:10CFE000C7F88C31D2F8BC30C7F89031D2F8F030A5
:10CFF000C7F89431D2F82431C7F89831D2F8C0304C
:10D00000C7F89C31D2F8F430C7F8A031D2F8282103
:10D01000C7F8A421DFF8402B1388A7F8A83153885C
:10D02000A7F8AA319388A7F8AC31D288A7F8AE2127
:10D03000DFF8C427127887F8B021407887F8B1016B
:10D04000DFF8180B007887F8B20191F8240087F810
:10D05000B30191F8250087F8B40187F8B551A0789D
:10D0600087F8B601607887F8B701DFF8F40A01782D
:10D0700087F8B811417887F8B911417987F8BA1162
:10D08000817987F8BB11C17987F8BC11017A87F8DB
:10D09000BD114189A7F8BE11C168C7F8C011016967
:10D0A000C7F8C411016CC7F8C811416CC7F8CC119E
:10D0B000816CC7F8D011C16CC7F8D41190ED140A77
:10D0C000DFED130A20EE200A87ED760A406DC7F8DF
:10D0D000DC013088401C30803088B0F5167F05D3E5
:10D0E000002030800120DFF828170870DFF82007C3
:10D0F0000078002805D04FF41670DFF80817088074
:10D1000003E03088DFF8FC160880BDE8F0810000FD
:10D1100000007A442DE9F0418CB0DFF8E446207835
:10D12000002804D0DFF8CC060078002800D05BE3AC
:10D13000DFF8D4562888002807D13222DFF8C40649
:10D140000188DFF8200A01F0A3FC002630E300206C
:10D1500007E0DFF8BC0600780028F8D0DFF8AC065E
:10D160000088298811FA80F14FF41670B1FBF0F2B3
:10D1700000FB1211DFF89C2689B24FF4F070414396
:10D1800002EB0107B8F800202988DFF8DC0901F07C
:10D190007FFC97F8B001019097F8B501009097EDEA
:10D1A000290AB7EEC00A53EC102B3968DFF8BC0926
:10D1B00001F06EFC97ED760AB7EEC00A8DED080B14
:10D1C000D7F8C0010790B7F8BE010690D7F8C401A0
:10D1D000059097F8BC01049097F8BB01039097F86D
:10D1E000BA01029097F8BD01019097F8B90100903B
:10D1F00097F8B83197F8B72197F8B611DFF87009AA
:10D2000001F046FC97ED750AB7EEC00A8DED060BEE
:10D2100097ED740AB7EEC00A8DED040B97ED730A13
:10D22000B7EEC00A8DED020B97ED720AB7EEC00A99
:10D230008DED000B97ED770AB7EEC00A53EC102B7B
:10D24000DFF8300901F024FCDFF82C0901F020FCA4
:10D2500097ED020AB7EEC00A8DED000B97ED010ABB
:10D26000B7EEC00A53EC102BDFF8100901F010FCE8
:10D2700097ED040AB7EEC00A8DED000B97ED030A97
:10D28000B7EEC00A53EC102BDFF8F40801F000FCF5
:10D2900097ED190AB7EEC00A8DED080B97ED180A45
:10D2A000B7EEC00A8DED060B97ED170AB7EEC00A70
:10D2B0008DED040B97ED160AB7EEC00A8DED020B4B
:10D2C00097ED150AB7EEC00A8DED000B97ED140A25
:10D2D000B7EEC00A53EC102BDFF8A80801F0D8FB1A
:10D2E00097ED080AB7EEC00A53EC102BDFF8980848
:10D2F00001F0CEFB97ED210AB7EEC00A8DED060BCB
:10D3000097ED200AB7EEC00A8DED040B97ED070AE2
:10D31000B7EEC00A8DED020B97ED060AB7EEC00A14
:10D320008DED000B97ED050AB7EEC00A53EC102BFC
:10D33000DFF8580801F0ACFB97ED1F0AB7EEC00A02
:10D340008DED060B97ED1E0AB7EEC00A8DED040BAE
:10D3500097ED1C0AB7EEC00A8DED020B97ED1B0A84
:10D36000B7EEC00A8DED000B97ED1A0AB7EEC00AB2
:10D3700053EC102BDFF8180801F08AFB97ED280A10
:10D38000B7EEC00A8DED0A0B97ED270AB7EEC00A7B
:10D390008DED080B97ED260AB7EEC00A8DED060B52
:10D3A00097ED250AB7EEC00A8DED040B97ED240A20
:10D3B000B7EEC00A8DED020B97ED230AB7EEC00A57
:10D3C0008DED000B97ED220AB7EEC00A53EC102B3F
:10D3D000DFF8C00701F05CFB97ED1D0AB7EEC00A4D
:10D3E00053EC102BDFF8B00701F052FBDFF8AC076D
:10D3F00001F04EFB97ED360AB7EEC00A8DED020B39
:10D4000097ED320AB7EEC00A8DED000B97ED340AA6
:10D41000B7EEC00A53EC102BDFF8840701F038FB9D
:10D4200097ED3C0AB7EEC00A8DED020B97ED380A76
:10D43000B7EEC00A8DED000B97ED3A0AB7EEC00AC1
:10D4400053EC102BDFF85C0701F022FB97ED370A55
:10D45000B7EEC00A8DED020B97ED330AB7EEC00AA6
:10D460008DED000B97ED350AB7EEC00A53EC102B8B
:10D47000DFF8340701F00CFB97ED3D0AB7EEC00A68
:10D480008DED020B97ED390AB7EEC00A8DED000B5A
:10D4900097ED3B0AB7EEC00A53EC102BDFF80C07F0
:10D4A00001F0F6FA97ED3F0AB7EEC00A8DED000BDA
:10D4B00097ED3E0AB7EEC00A53EC102BDFF8F006EA
:10D4C00001F0E6FA97ED4A0AB7EEC00A8DED080BB7
:10D4D00097ED490AB7EEC00A8DED060B97ED480AA5
:10D4E000B7EEC00A8DED040B97ED470AB7EEC00A00
:10D4F0008DED020B97ED460AB7EEC00A8DED000BDD
:10D5000097ED450AB7EEC00A53EC102BDFF8A406DE
:10D5100001F0BEFA97ED500AB7EEC00A8DED080B88
:10D5200097ED4F0AB7EEC00A8DED060B97ED4E0A48
:10D53000B7EEC00A8DED040B97ED4D0AB7EEC00AA9
:10D540008DED020B97ED4C0AB7EEC00A8DED000B86
:10D5500097ED4B0AB7EEC00A53EC102BDFF85806D4
:10D5600001F096FA97ED550AB7EEC00A8DED040B5F
:10D5700097ED540AB7EEC00A8DED020B97ED430A02
:10D58000B7EEC00A8DED000B97ED420AB7EEC00A68
:10D5900053EC102BDFF8240601F07AFA97ED440AD9
:10D5A000B7EEC00A8DED000B97F8B42197F8B311D0
:10D5B000DFF80C0601F06CFA97ED410AB7EEC00AED
:10D5C0008DED000B97ED400AB7EEC00A53EC102B1F
:10D5D000DFF8F00501F05CFADFF8EC0501F058FA2D
:10D5E00097ED580AB7EEC00A8DED020B97ED540A7D
:10D5F000B7EEC00A8DED000B97ED510AB7EEC00AE9
:10D6000053EC102BDFF8C40501F042FA97ED590AEC
:10D61000B7EEC00A8DED020B97ED550AB7EEC00AC2
:10D620008DED000B97ED520AB7EEC00A53EC102BAC
:10D63000DFF89C0501F02CFA97ED570AB7EEC00A07
:10D640008DED000B97ED530AB7EEC00A53EC102B8B
:10D65000DFF8800501F01CFA97ED5A0AB7EEC00A10
:10D660008DED000B97ED560AB7EEC00A53EC102B68
:10D67000DFF8640501F00CFA97ED590AB7EEC00A1D
:10D680008DED080B97ED5F0AB7EEC00A8DED060B26
:10D6900097ED5C0AB7EEC00A8DED040B97ED580AC2
:10D6A000B7EEC00A8DED020B97ED5E0AB7EEC00A29
:10D6B0008DED000B97ED5B0AB7EEC00A53EC102B13
:10D6C000DFF8180501F0E4F997ED5A0AB7EEC00A41
:10D6D0008DED020B97ED600AB7EEC00A8DED000BE1
:10D6E00097ED5D0AB7EEC00A53EC102BDFF8F0049B
:10D6F00001F0CEF997ED630AB7EEC00A8DED020B8B
:10D7000097ED620AB7EEC00A8DED000B97ED610A46
:10D71000B7EEC00A53EC102BDFF8C80401F0B8F9DB
:10D7200097ED660AB7EEC00A8DED020B97ED650A1C
:10D73000B7EEC00A8DED000B97ED640AB7EEC00A94
:10D7400053EC102BDFF8A00401F0A2F997ED690A61
:10D75000B7EEC00A8DED020B97ED680AB7EEC00A6E
:10D760008DED000B97ED670AB7EEC00A53EC102B56
:10D77000DFF8780401F08CF9DFF8740401F088F91F
:10D78000B7F9AA21B7F9A811DFF8680401F080F908
:10D79000B7F9AE21B7F9AC11DFF85C0401F078F904
:10D7A000DFF8580401F074F92888401C2880761CA2
:10D7B000DFF850802888B8F80010884204D2300082
:10D7C000C0B200283FF4C5AC2888B8F800108842E1
:10D7D0000AD3DFF82C0401F05BF900202070002050
:10D7E000A8F80000002028800CB0BDE8F0810000FF
:10D7F000DD9E0628E4980628C89E0628DE9E062898
:10D80000DF9E0628BE9E0628C09E0628C29E0628C9
:10D81000E09E0628240A0228889A0628949D062855
:10D820003C9E0628309C0628589E0628689E06289E
:10D830005C9E0628609E0628649E0628449E062854
:10D84000489E06284C9E0628509E0628549E062870
:10D8500034980628CC970628609B0628609A0628EC
:10D86000A49C06280893062810B52DED028BB0EE77
:10D87000408AB0EE480A01F01FF9B5EE408AF1EE99
:10D8800010FA06D99FEDA50AB4EE408AF1EE10FA1F
:10D8900001DB9FEDA30ADFF86C43207800280CD051
:10D8A00000F030FA002808D1002020700020D6496E
:10D8B00008700020D54908702CE1207800281ED17E
:10D8C0000020D2490870D248002101606068D14927
:10D8D0000860D1486168016161690160A1694160C6
:10D8E000002181600021C16000214161002181612E
:10D8F0000021C16100210162002141620AE1C249A7
:10D90000087800284AD0C148012202700122A27082
:10D91000B1EE080AC04A82ED040A63691360A36984
:10D920005360002393600023D3600023D36100235E
:10D93000136200235362D4ED010A9FED7A1AF4EECC
:10D94000410AF1EE10FA11D5D4ED040AF0EEE00A26
:10D950009FED751AF4EE410AF1EE10FA06D5002299
:10D96000227000220A7000210170D3E0D2ED040A77
:10D97000F4EE400AF1EE10FA0DD492ED040ADFED58
:10D980006B0AB4EE600AF1EE10FA02DB9FED680A52
:10D9900001E092ED040A82ED040ABBE00320A070CE
:10D9A0009D499E480861002048626078002811D097
:10D9B0009B480078032808D194ED010ADFED5D0A49
:10D9C000B4EE600AF1EE10FA0CD560690860A06947
:10D9D000486007E060690860A069486000208860CE
:10D9E0000020C860B1EE080AD1ED040AF4EE400A46
:10D9F000F1EE10FA0DD491ED040ADFED4C0AB4EE0D
:10DA0000600AF1EE10FA02DB9FED490A01E091EDA8
:10DA1000040A81ED040ABAEE040AD1ED070AF4EE15
:10DA2000400AF1EE10FA02D5F0EE400A0DE0D1ED19
:10DA3000070A9FED411AF4EE410AF1EE10FA02DBFB
:10DA4000F2EE040A01E0D1ED070AC1ED070AD1EDBB
:10DA5000080AF4EE400AF1EE10FA0DD491ED080A2E
:10DA6000DFED350AB4EE600AF1EE10FA02DBB2EE39
:10DA7000040A01E091ED080A81ED080ABBEE040AF0
:10DA8000D1ED090AF4EE400AF1EE10FA0DD491ED51
:10DA9000090ADFED2C0AB4EE600AF1EE10FA02DB9F
:10DAA000B3EE040A01E091ED090A81ED090A9FED48
:10DAB000270AD1ED020AF4EE400AF1EE10FA02D57F
:10DAC000F0EE400A0DE0D1ED020A9FED221AF4EECD
:10DAD000410AF1EE10FA02DBDFED160A01E0D1EDAA
:10DAE000020AC1ED020AD1ED030AF4EE400AF1EE9A
:10DAF00010FA0DD491ED030ADFED160AB4EE600AB8
:10DB0000F1EE10FA02DB9FED0B0A01E091ED030A42
:10DB100081ED030ABDEC028B10BD00BFCECCCC3D25
:10DB20000AD7A33C010010410100A04001001643A8
:10DB3000000016430000484201002041600702280F
:10DB40006C9C06280100A041149B0628000048C2D6
:10DB5000D0910628010048429C9C0628EA9E06288F
:10DB60008C9806286C930A10608D0A1044910A1054
:10DB700088890A10AC8C0A1084950A102C920A101D
:10DB800054920A102C8C0A1070960A10688A0A1097
:10DB90006C8C0A10C88A0A109C950A10B4950A1059
:10DBA00040900A1074900A10A8900A10DC900A1095
:10DBB0007C920A10608B0A10A48B0A10188B0A1032
:10DBC000A4920A1010910A10CC950A10E88C0A1041
:10DBD000248D0A10D4910A1000920A10E88B0A10C2
:10DBE000D4930A10F4930A1014940A1034940A106F
:10DBF00054940A10CC920A10F4920A1074910A10EC
:10DC000084960A10E4980628DB9E0628DC9E0628E7
:10DC1000149E0628189E0628889A062800008C4222
:10DC2000C89E06280020DFF8941608800020DFF840
:10DC3000901608600020DFF88C1608700020DFF8CE
:10DC4000881608700020DFF8841608700020DFF8BE
:10DC500080160860DFF8900B0021017001214171EE
:10DC60000021817100214172002141620021816205
:10DC7000704738B505000C00F8F72BFC0100EDB239
:10DC8000002D2FD0DFF83C261078002815D0DFF8C3
:10DC900030060068081A2300DFF820562D889BB252
:10DCA000AB4205D1DFF8403B9D6A4019986208E01D
:10DCB0000020DFF8343B986203E00020DFF8283BC7
:10DCC0009862DFF8F805048001201070DFF8F00595
:10DCD0000160DFF8140B4162427A052A02D2427ACF
:10DCE000521C4272DFF8002B506A091ADFF8000B51
:10DCF000814201D3012000E000205071002090718A
:10DD000031BD0000DFF8E01A486A00281AD04879CF
:10DD1000002817D18879002814D1487A052811D312
:10DD200091ED040AF7EE000AB4EE600AF1EE10FA83
:10DD300008D491ED040ADFED740AB4EE600AF1EE46
:10DD400010FA01DB002010E0DFF8B00A00780028AC
:10DD50000AD191ED040ADFEDB50AB4EE600AF1EEE6
:10DD600010FA01DB002000E00120704780B5DFF8E9
:10DD70008C0A0078002801D1012012E000F063FE37
:10DD8000F8EE080A30EE200ADFF8740AD0ED000A37
:10DD9000F4EE400AF1EE10FA01D5012000E0002077
:10DDA000C0B202BD80B5F8F794FBDFF8581A0860DE
:10DDB000FFF738FF01F05CF8DFF82C1A087201BD9C
:10DDC00038B50024DFF8340A0078002804D0002099
:10DDD000DFF8FC14086050E0F8F77BFBDFF8085A26
:10DDE0002978002913D095ED040AF7EE000AB4EE65
:10DDF000600AF1EE10FA08D495ED040ADFED8B0A03
:10DE0000B4EE600AF1EE10FA01DB012100E000211E
:10DE1000C9B200290ED0DFF8B8241168002901D159
:10DE200010600BE01168411ADFF8DC29914205D33C
:10DE3000012403E00021DFF89824116069790029AA
:10DE400002D1A979002900D00124E4B2002C14D019
:10DE5000DFF8B0291168002905D01168411ADFF8F0
:10DE6000AC39994209D310600120E871E86A401C7E
:10DE7000E862FFF797FF0020E87131BD7CB5002014
:10DE8000ADF80000002401F04CF8DFF85C590020E8
:10DE90002870DFF87C69B078002828D0684601F047
:10DEA0006CF8002823D07179DFF82024107800283E
:10DEB00006D00800DFF810341B78C0B2984216D0A4
:10DEC000BDF8000000EE100AB8EE400AF2EE040AB7
:10DED00080EE200ADFF83C0980ED000A012028705E
:10DEE0000124DFF8E403017001201070A972BDF86D
:10DEF00000102000C0B2FFF7BCFEDFF81809006870
:10DF0000E860FFF75DFF73BD0100164338B52DEDE6
:10DF1000028B86B0B0EE408AFFF7B0FFDFF8DC1866
:10DF200091ED0B0AD1ED0D0ADFF8EC08DFF8E428DB
:10DF300092ED001A21EE001A21EE201A80ED001A4F
:10DF4000B2EE011AFEEE001A9FED392AD1ED0C2A2D
:10DF500021EE221AD1ED0A2A01EEA21AF7EE001ADA
:10DF600040EE601A01EE821A90ED000A30EE410A8E
:10DF700080ED000ADFF8701802680A61DFF89C483B
:10DF800094ED000AB5EE400AF1EE10FA02D10068F5
:10DF900020600DE090ED000AD4ED000A30EE600A3A
:10DFA000DFED240A94ED001A00EE201A84ED001A29
:10DFB000B5EE408AF1EE10FA33DDB6EE000AB4EEAB
:10DFC000408AF1EE10FA2CD5DFF8545894ED000A8F
:10DFD000D5ED000A30EE600AC0EE088ADFF844088A
:10DFE000C0ED008A03A8F8F739FA694603A8F8F7E4
:10DFF0001FFA9DED020ADFEDA60A20EE200ADFF8E7
:10E000002808D0ED000A40EE080A9FEDA20A20EE93
:10E01000800ADFEDA10A08EEA00A80ED000A206860
:10E02000286006B0BDEC028B31BD00000100A041AC
:10E03000CDCC4C40CDCC4C3E70B52DED028B86B096
:10E04000B0EE408A03A8F8F709FA694603A8F8F782
:10E05000EFF9DFF8D8179DED020ADFED8D0A20EE0B
:10E06000200A81ED000ADFF89407007800286BD1C0
:10E07000DFF8BC0790ED060AB5EE400AF1EE10FAA3
:10E0800004D590ED060AB1EE400A01E090ED060AD3
:10E09000F1EE040AB4EE600AF1EE10FA54D590EDF8
:10E0A000070AB5EE400AF1EE10FA04D590ED070A22
:10E0B000B1EE400A01E090ED070AB4EE600AF1EE1D
:10E0C00010FA41D590ED080AB5EE400AF1EE10FACB
:10E0D00004D590ED080AB1EE400A01E090ED080A7F
:10E0E000B4EE600AF1EE10FA2ED5DFF8480791ED94
:10E0F000000AD0ED000A30EE600AB5EE400AF1EEFB
:10E1000010FA06D590ED000AD1ED000A30EE600A53
:10E1100005E091ED000AD0ED000A30EE600ADFED77
:10E120005F0AB4EE600AF1EE10FA0DD591ED000A27
:10E13000D0ED000A30EE600ADFED590A90ED001ACA
:10E1400000EE201A80ED001ADFF8EC2691ED000AAF
:10E15000DFF8E006D0ED000A30EE600A82ED000A3A
:10E16000DFF8D8462078002806D1DFF8D4061168F9
:10E170000160012020700FE0DFF8C40692ED000A74
:10E18000D0ED000A30EE600ADFED460A90ED001A8D
:10E1900000EE201A80ED001A9FED430ADFF8A0562A
:10E1A000D5ED000AF4EE400AF1EE10FA0DD495ED2B
:10E1B000000ADFED3E0AB4EE600AF1EE10FA02DB6F
:10E1C0009FED3B0A01E095ED000ADFF87866DFED90
:10E1D000390A20EE200A86ED000AFFF7C7FD002865
:10E1E00010D0002030600020286000202070DFF870
:10E1F000580600214161DFF85406002141600021EA
:10E20000816041E0DFF8400690ED050A20EE080A43
:10E21000D6ED000AB6EE001A60EE810A60EE880ABA
:10E2200000EE880AD0ED020A30EE200A80ED020AE4
:10E2300096ED000AD0ED050A40EE080AC0ED050A89
:10E24000DFF8080690ED030A20EE080A20EE080A1F
:10E25000F3EE090A08EE200AD0ED000A30EE200A9B
:10E2600080ED000A90ED030AD0ED010A40EE080AA5
:10E27000C0ED010A416881609FED0F0AD0ED030AED
:10E2800048EE000AC0ED030A06B0BDEC028B70BD7B
:10E290000000C84248E17A3F0AD7A33C0000484248
:10E2A0000AD7233CEC51383E000096C30100964348
:10E2B00000009643CDCC4C3E0000C843C49E0628C7
:10E2C0006C9E0628EB9E0628EC9E0628ED9E0628EE
:10E2D000709E06282DE9F0412DED048BDFF8300506
:10E2E0008078002800F06182B3EE099AF0EE499A36
:10E2F0009FEDBF8AF0EE488AF8F7EBF80100DFF8EF
:10E30000185595ED000ADFF84025D2ED020A70EEAF
:10E31000600A9FEDB81A9FEDB71ADFF83435C3EDE8
:10E32000010A00205870DFF8C0440020607000200F
:10E33000A0700020E07000202071C4ED070ADFF813
:10E3400014650020307095ED001AF7EE001AB4EE57
:10E35000611AF1EE10FA25DBB1EE081AD5ED001ABC
:10E36000F4EE411AF1EE10FA1CD582ED021A0020EB
:10E370005061DFF8D80480ED009A0021416000214F
:10E38000816080ED039A00205870DFF87004916876
:10E390004160516901610120A0709068606150691D
:10E3A000A06102E29FEDC31AD5ED001AF4EE411A06
:10E3B000F1EE10FA08DAD5ED001AB7EE002AF4EE05
:10E3C000421AF1EE10FA02D501202071EDE1DFF8DA
:10E3D00088743878002805D0DFF820C49CF8000045
:10E3E00000282FD1B1EE080AD5ED000AF4EE400A5C
:10E3F000F1EE10FA0BD495ED000AB4EE410AF1EEFD
:10E4000010FA02DB9FEDBD0A01E095ED000A82EDF6
:10E41000020A00205061DFF8340480ED009A0021E8
:10E4200041600021816080ED039A01203870DFF89F
:10E43000CC039168416051690161906860615069E5
:10E44000A061B2E1B7EEE02AB0EEC22B9FEDC04B67
:10E45000B4EE442BF1EE10FA0EDB00205061906810
:10E46000CCF804005069CCF810000120E0709068EE
:10E4700060615069A06198E1DFF8D073D7ED001AB0
:10E4800071EEA91A9FEDCB2AF4EE421AF1EE10FAC2
:10E4900000F18B81D7ED002A97ED013AD7ED023AD2
:10E4A00097ED034A82EEA12AC3EEA11AD2ED024AE9
:10E4B00042EE204AC2ED024AD2ED054A41EEA04AA0
:10E4C000C2ED054AF0EE624A42EE624AC7ED004AEA
:10E4D000F0EE434A42EE434AC7ED014A41EEE23ACA
:10E4E000C7ED023A01EEC34A87ED034AF1EE081A7E
:10E4F00092ED022AB4EE612AF1EE10FA02D5B0EEE6
:10E50000612A0BE092ED022AB4EE412AF1EE10FAF4
:10E5100002DB9FED7A2A01E092ED022A82ED022AC7
:10E520009FEDA52AD2ED052AF4EE422AF1EE10FA6B
:10E5300002D5F0EE422A0DE0D2ED052A9FED9F3A7A
:10E54000F4EE432AF1EE10FA02DBF0EE482A01E085
:10E55000D2ED052AC2ED052AC04D2878002800F02A
:10E56000DE80BF48D0ED002A70EE622ABD48006808
:10E57000081A03EE100AB8EE433ADFED913A83EE43
:10E58000233ADFED903A63EE233AB748C0ED003A04
:10E59000DFED8D3AB4EE633AF1EE10FAC0F29380FB
:10E5A000DFED8A3AB4EE633AF1EE10FA40F18B8077
:10E5B00082EE833ADFED863AB4EE633AF1EE10FA7A
:10E5C0000BD4DFED843AB4EE633AF1EE10FA02DBDD
:10E5D000DFED813A01E0F0EE433AA448C0ED003AA5
:10E5E000B5EE403AF1EE10FA06D5B1EE433A03E04B
:10E5F00000004843000000009FED784AB4EE443A22
:10E60000F1EE10FA58D59A4890ED003A33EEC33A3D
:10E61000DFED733A90ED004A03EE234A80ED004AA5
:10E62000DFF850E2D0F80080CEF8008090ED003A9C
:10E63000D2ED053A33EE635A8F4880ED005A97EDDC
:10E64000033A73EE285A9FED673AF4EE435AF1EE1F
:10E6500010FA38DB97ED003AD7ED013A97ED024A10
:10E66000D7ED034A83EEA56AC4EEA55AD2ED026A3D
:10E6700046EE056AC2ED026AD2ED056A45EE856A8C
:10E68000C2ED056A0120307006EE443A87ED003A8B
:10E6900046EE643AC7ED013AB0EE443A05EEC43AAC
:10E6A00087ED023AB0EE643A05EEE43A87ED033ABC
:10E6B00009E000BF010016436E486D4E36680660E3
:10E6C0006D48002606609CF80000002827D1F5EE72
:10E6D000400AF1EE10FA02D5F1EE600AFFE79FED75
:10E6E0003B3AF4EE430AF1EE10FA18D5F5EE402A63
:10E6F000F1EE10FA04D5F1EE622A01E000001643B3
:10E70000DFED3A0AF4EE602AF1EE10FA07D5D2ED09
:10E71000050ADFED382A60EEA20AC2ED050A50486C
:10E7200080ED000A012028704E48016092ED020A37
:10E73000B4EE610AF1EE10FA10D492ED020AB4EED2
:10E74000410AF1EE10FA07DBDFED2B1A06E000BFFD
:10E750000100000000804140D2ED021AC2ED021A11
:10E7600092ED050AB4EE420AF1EE10FA0DD492EDE4
:10E77000050ADFED120AB4EE600AF1EE10FA02DBD0
:10E78000B0EE482A01E092ED052A82ED052A01202B
:10E79000587001206070906860615069A061906855
:10E7A000CCF804005069CCF81000BDEC048BBDE837
:10E7B000F08100BF6F12833A000048C30100484354
:10E7C0000024744900007A440BD7A33BCDCC4C3EC7
:10E7D0000000A0C20100A0420000A042010034429B
:10E7E000CDCC0C3F7012833A309A06289A99993E04
:10E7F000C1D4010048E17A3F00001643E49806289E
:10E80000949D0628749E062820A1070080841E007F
:10E81000D89306283C9E0628409E0628809E0628FF
:10E82000789E0628589E06287C9E0628489E062824
:10E83000600702284C9E0628509E0628EE9E062859
:10E84000549E0628449E0628D49A06283807022893
:10E85000309C0628EA9E0628EF9E0628F09E062891
:10E86000849E06288C9E0628689E06285C9E0628A4
:10E87000889E0628609E0628649E0628B4EE600ADC
:10E88000F1EE10FA02D5B0EE600A07E0B4EE401ADD
:10E89000F1EE10FA02D5B0EE410AFFE7704771EED3
:10E8A000402AF5EE402AF1EE10FA02D1B0EE600AED
:10E8B0000BE032EE402A31EE400A82EE000A31EEE1
:10E8C000E01A41EE000AB0EE600A704780B200EE36
:10E8D000100AB8EE400ADFED5E0A80EE200ADFED96
:10E8E0005D0A20EE200AF2EE060A20EE200A7047AA
:10E8F00080B5B0EE402A9FED581AB4EE412AF1EEF1
:10E9000010FA02DB9FED550A31E09FED550AB4EE97
:10E91000402AF1EE10FA06DBDFED501ADFED510A66
:10E92000FFF7BDFF23E0DFED502AB4EE622AF1EEDF
:10E9300010FA0ADBDFED4B1AB0EE401ADFED4B0A9E
:10E94000B0EE620AFFF7ABFF11E09FED490AB4EEAB
:10E95000402AF1EE10FA08DBDFED441AB0EE621A3D
:10E96000DFED440AFFF79BFF01E09FED420A01BD86
:10E9700080B50221152000F0F1FC4148002101641E
:10E980000021416437498164816C3E4A11600078FE
:10E990003D49087001203D49087001BD10B53B4854
:10E9A0000078002801D1FFF7E3FF0821152000F0CF
:10E9B000B7FC80B2FFF78AFF314C84ED100AD4ED2A
:10E9C000110A9FED2D1AF4EE410AF1EE10FA02D56C
:10E9D00084ED110A0BE0D4ED110A30EE600ADFED90
:10E9E000270A94ED111A00EE201A84ED111AB2EEE6
:10E9F0000A1AF2EE020A94ED110AFFF73FFF84EDC6
:10EA0000110A2078002809D194ED110AFFF770FF50
:10EA100084ED120AA06C1B49086010E01A480078C7
:10EA2000002809D194ED110AFFF762FF84ED120A64
:10EA3000A06C1449086002E012480068A0642078C5
:10EA40001149087010BD0E4890ED120A7047000081
:10EA500000F07F4533335340666646416666E241C7
:10EA60009A994141CDCCF04133333B416666FA413E
:10EA7000666636419A9901420BD7233C0AD7A33DDB
:10EA8000E498062868090228E99E0628E89E0628D8
:10EA90000EB4C0B5024603A800210190009101AB5D
:10EAA0000121044878440C30FBF79FF806BC5DF860
:10EAB00010FB00BF91AB000038B557480078002824
:10EAC0001DD10020554908700020554908700020CC
:10EAD00054490870002054490870002053490870B8
:10EAE0000020534908705348002101600021416013
:10EAF000002181600021C1600021018285E04E4C2F
:10EB0000E57B2800C0B2002823D1444908780028BA
:10EB100013D0434A1378434800780343DBB2002BF9
:10EB200008D191ED010ADFED390AB4EE600AF1EE89
:10EB300010FA02DB0120107007E0002008700020AE
:10EB4000374908700020374908700120374908709C
:10EB50001EE03648007800281AD035480078002892
:10EB600016D1FEF757F8002809D001202B4908706C
:10EB700000202B49087000202A49087008E0002076
:10EB80002649087000202649087000202549087091
:10EB900027480570B4F9020000EE100AB8EEC00A6A
:10EBA000B4F9040000EE900AF8EEE00AB4F90600A9
:10EBB00001EE100AB8EEC11AB4F9080001EE900A8D
:10EBC000F8EEE11A9FED122A1A48C0EE820ADFED34
:10EBD000112A60EEA20AC0ED030AC1EE020ABAEEE3
:10EBE000041A60EE810AC0ED000AC1EE820AB2EE9C
:10EBF000041A60EE810AC0ED010A80EE020AFBEE03
:10EC0000040A20EE200A80ED020A31BD01004041D5
:10EC10000000004500001643F79E0628E4980628E9
:10EC2000DB9E0628DC9E0628DD9E0628E69E06283A
:10EC3000E79E0628A89B0628E49B062880B50323A8
:10EC400001220121AE20F9F7ECFA3220F7F756FE47
:10EC50004020DFF8381308600A20F7F74FFE402005
:10EC6000CB4908606420F7F749FE01BD0100C9B235
:10EC7000052906D00100C9B2062902D0C0B2092870
:10EC800001D1012000E00020C0B270472DE9F0471B
:10EC900088B000240025102680210022BD4F17F1E6
:10ECA0000E084046F8F7B8FB4021002217F18E0805
:10ECB0004046F8F7B1FBB848807878711020387179
:10ECC0000120B870BE710020F87100203872002059
:10ECD0007881002017E00100B04A0B00DBB202EBA4
:10ECE00043035B8884465FFA8CFC07EB4C0CACF862
:10ECF0000E30C9B2114491F882100200D2B23A44E7
:10ED000082F88E10401C0100C9B21029E3DB5FF0CD
:10ED1000000823E0A2484146C9B210F801904846D5
:10ED2000C0B2102818DA4846C0B2384490F88E00B5
:10ED3000FFF79CFF00280FD05FFA89F907EB490025
:10ED4000B0F90E00010009B2012905DB69462A006D
:10ED5000D2B221F812006D1C18F1010840463100B2
:10ED6000C0B2C9B28842D5D32800C0B200287AD038
:10ED7000BDF80080BDF80060002000212A000023BB
:10ED80005FF0010E20E0EC46F1465FFA89F93CF8AD
:10ED90001990C2461FFA8AFAD14504D27046C0B211
:10EDA0003CF810807046B146F2465FFA8AFA3CF8A9
:10EDB0001AA01FFA89F9D14504D27146C9B23CF8AC
:10EDC000116071461EF1010EF446A9465FFA8CFCF3
:10EDD0005FFA89F9CC45D6D3002608E0EC46B64662
:10EDE0005FFA8EFE3CF81EC013FA8CF3761CB44614
:10EDF000AE465FFA8CFC5FFA8EFEF445EED3FA71F4
:10EE0000D2B2B3FBF2F27A81002218E06B46160010
:10EE1000F6B233F8163014FA83F40FE02B00DBB2AD
:10EE2000062BF3D313000600DBB2F6B2B34205D0D3
:10EE300013000E00DBB2F6B2B342E7D1521C13004E
:10EE40002E00DBB2F6B2B342E8D32800C0B20628E7
:10EE500002D3AD1E01203872EDB2B4FBF5F0B881DB
:10EE60000120F87001E00020F87008B0BDE8F087DC
:10EE70007CB5002000208DF80000CE210022454CFA
:10EE800025002800F8F7C8FA41F624710022424D07
:10EE90002E003000F8F7C0FAC22100223F4E3000A9
:10EEA000F8F7BAFAFFF7CAFE522028806946280010
:10EEB000FCF7DCFBC0B2002803D19DF8000000285D
:10EEC00001D101202CE02800FCF723FC0100C9B28D
:10EED000002901D0C0B223E010212800FCF7DAFF9E
:10EEE0000100C9B2002901D0C0B219E032212800C6
:10EEF000FDF75FF80100C9B2002901D0C0B20FE0F0
:10EF00002800FCF7D9FE0100C9B2002901D0C0B227
:10EF100006E0012020700120607010202071002088
:10EF200076BD38B5002000208DF8000019494878DA
:10EF3000002801D101201FE000208870164D69468D
:10EF40002800FCF7C7FE04002000C0B2002802D051
:10EF50002000C0B210E09DF8000000280AD00F4940
:10EF60002800FCF7EEFE04002000C0B2002801D10A
:10EF7000FFF78CFE2000C0B232BD002802D0054948
:10EF8000898901800348C07870470000840A3140B5
:10EF9000880A3140D8930628246F0628A8940628AA
:10EFA000BC960A10022801D3012010E00B00DBB24E
:10EFB000042B01DB01200AE0DFF8683503EB800059
:10EFC000C9B2405C824201D3012000E000207047BA
:10EFD000F8B506000F0015001C00022E01D3012019
:10EFE0001DE02A003900C9B23000FFF7DBFF01281D
:10EFF00001D1012013E03800C0B2002812D1B4F5CD
:10F00000807F0DD2DFF820057603304400EB8500C9
:10F0100010F58050016864F30F2101600020F2BDFB
:10F020000120FCE7FFB2012F11D1B4F5803F0CD2D3
:10F03000DFF8F4047603304400EB850010F5A050AF
:10F04000016864F317210160E8E70120E7E7012088
:10F05000E5E700B20012C0B27047F8B505000E0037
:10F060001700280000B2FFF7F4FF04002000C0B230
:10F07000022801D3012024E03A003100C9B2200067
:10F08000C0B2FFF78FFF012801D1012019E0DFF89E
:10F0900098142000C0B2400308442A00D2B200EB0A
:10F0A0008200D0F8000CF6B266F3092067F307007F
:10F0B000E4B264032144EDB201EB8501C1F8000C18
:10F0C0000020F2BD70B504000D001600022C01D323
:10F0D00001201DE032002900C9B22000FFF762FFC5
:10F0E000012801D1012013E0DFF83C146003085827
:10F0F00050F0004050F0407050F47F00EDB265F3E6
:10F10000092066F307006203885064030859002051
:10F1100070BD0100C9B2002964D0012964D0022960
:10F1200064D0032964D0042964D0052964D0062959
:10F1300064D0072964D0102964D0112964D0122921
:10F1400064D0132964D0142964D0152964D01629F9
:10F1500064D0172964D0182964D0192964D01A29D9
:10F1600064D01C2964D01D2964D0202964D02429AE
:10F1700064D0252964D0262964D0272964D0282981
:10F1800064D0292964D02C2964D02D2964D02E295B
:10F1900064D02F2964D0302964D0312964D0322939
:10F1A00064D0332964D0342964D0352964D0382917
:10F1B00064D0392964D03C2964D03D2964D03E29EB
:10F1C00064D0402964D0412964D0422964D04329C5
:10F1D00064D0442964D0452964D0462964D04729A5
:10F1E00064D065E0302063E0312061E032205FE0F0
:10F1F00033205DE034205BE0352059E0362057E0D5
:10F20000372055E0382053E0392051E03A204FE0D4
:10F210003B204DE03C204BE03D2049E03E2047E0D4
:10F220003F2045E0412043E0422041E043203FE0D1
:10F2300048203DE049203BE0542039E0602037E0A1
:10F24000612035E0622033E0632031E064202FE06C
:10F2500065202DE068202BE0692029E06A2027E066
:10F260006B2025E06C2023E06D2021E06E201FE064
:10F270006F201DE070201BE0712019E0742017E062
:10F28000752015E0782013E0792011E07A200FE056
:10F2900090200DE091200BE0922009E0932007E000
:10F2A000942005E0952003E0962001E09720FFE7F9
:10F2B000C0B2704730B40100C9B249090200D2B2ED
:10F2C000202392FBF3F403FB1422984BC0B21B5C87
:10F2D0005B00D3F10403964C0800C0B254F8200040
:10F2E0001500EDB2AD01284400F63C00056855F06C
:10F2F000010505600800C0B254F82000D0F80002F3
:10F30000C00F0028F6D1C9B254F82100D2B2920140
:10F310001044D0F8240880B2184180B230BC704745
:10F32000F8B504000D00A02282492800C0B2F9F708
:10F3300057F90027002606E02000C0B2FFF7BAFF09
:10F3400017FA80F7761C30002900C0B2C9B2884293
:10F35000F2D3EDB2B7FBF5F080B2F2BDF0B597B0E5
:10F3600004000D00002000200020342100220AAEFD
:10F370003000F8F751F8082100226E463000F8F707
:10F380004BF86A482100C9B245542000C0B2202180
:10F39000674D90FBF1F201FB120080012100C9B220
:10F3A000491155F82110084410F5006000F0BCF92F
:10F3B00000200B902000C0B2FFF7ABFE060008272C
:10F3C0002000C0B2FFF7A5FE0AAA96FBF7F107FBE3
:10F3D00011663100584BC0B2C010C0011844F9F793
:10F3E0001CFA06275548B0FBF7F60222012120003F
:10F3F000C0B24009C0B200F2231000B2FFF72DFEE8
:10F400002000C0B24009C0B200F2231000B2FFF7E2
:10F4100020FE7F1E3B0002220121C0B2FFF7D8FD73
:10F420002000C0B24009C0B200F2231000B2FFF7C2
:10F4300010FE02220121C0B2FFF744FE00208DF829
:10F44000030001208DF8050001208DF80600012041
:10F450008DF8070069462000C0B2401155F8200021
:10F4600000F072F84FF4167235480021E2FB0601F5
:10F47000344A0023FBF760FD06002021002202AF82
:10F480003800F7F7C9FF03208DF80A002000C0B24A
:10F49000202190FBF1F201FB12008DF80D000120FC
:10F4A0008DF81000ADF8146001208DF80B000120DC
:10F4B0008DF822002000C0B2202202A990FBF2F3B6
:10F4C00002FB130080012200D2B2521155F8222013
:10F4D000104410F5006000F07DF82000C0B220213B
:10F4E00090FBF1F201FB120080012100C9B2491129
:10F4F00055F82110084410F5006000F02BF92000A9
:10F50000C0B2202190FBF1F201FB12008001E4B2B5
:10F51000641155F82410084410F5006000F026F935
:10F5200017B0F0BD44970A10000004403099062837
:10F530008409022898880A100000314000B4C404ED
:10F540000065CD1D00CA9A3B70B40022DFF8A432DA
:10F550001C68002939D00B7813F00F0310F1100547
:10F560002E683609360133432B604B7863F307046A
:10F570008B78002B01D0012300E0002363F30824E3
:10F58000CB7863F349240B79002B01D0012300E0F1
:10F59000002363F38A244B79002B01D0012300E080
:10F5A000002363F35D748B79002B01D0012300E00D
:10F5B000002363F39E74C979002901D0012100E082
:10F5C000002161F3DF74046001E0DFF844221000E1
:10F5D00070BC70472DE9F84F81460C000025DFF81C
:10F5E0001802D0F800A0DFF814020668DFF8100255
:10F5F0000768DFF81002D0F80080DFF80C02D0F8BE
:10F6000000B0002C00F08B80484600F0A9F85BF4B5
:10F61000806B5BF4007B5BF4807B5BF0020B5BF048
:10F62000010B5BF0040BC9F810B0207810F0070054
:10F630005FEADA0A5FEACA0A50EA0A0A607810F05A
:10F64000070060F3061AA07810F0030060F3092A9F
:10F65000E078002801D0012000E0002060F3CB2AF0
:10F660002079002801D0012000E0002060F3DF7A3B
:10F67000C9F800A0607910F03F00B609B601064352
:10F68000A07910F0030060F38716E07910F007000E
:10F6900060F30A26207A002801D0012000E0002033
:10F6A00060F3CB26607A10F0030060F30D36A07A89
:10F6B00010F0030060F38F36A0890005000D60F3A1
:10F6C0001B46A07B60F3DF76C9F80460E07B10F096
:10F6D0000700FF08FF000743207C60F38617607C6B
:10F6E00060F3C717A07C60F30F27E07C10F01F00C9
:10F6F00060F31447207D10F0030060F39757C9F8BA
:10F700000870E08A60F30F08208B60F31F48C9F887
:10F710000C8014F11A01484600F02EF801E0DFF8E1
:10F72000F0502800BDE8F28FDFF8E81009684FF4C8
:10F73000006202600022826351F4806151F4007122
:10F7400051F4807151F0020151F0010151F00401B6
:10F75000016170473830016851F001010160704764
:10F760003830016849084900016070473C30016841
:10F7700051F001010160704710B40022DFF88C30B5
:10F780001C68002931D04B79002B01D0012300E007
:10F79000002363F38A240B79002B01D0012300E0BE
:10F7A000002363F34924CB78002B01D0012300E030
:10F7B000002363F308244B78002B01D0012300E0E1
:10F7C000002363F341040B78002B01D0012300E0F8
:10F7D000002363F300048978002901D0012100E0AF
:10F7E000002161F38204846101E0DFF8242010002D
:10F7F00010BC70470C980A1010980A1014980A1040
:10F8000018980A101C980A1020980A1028980A10B4
:10F810000100DA0024980A1080B5DFF81409007896
:10F82000002801D1012012E0FFF70DF9F8EE080AD7
:10F8300030EE200ADFF8FC08D0ED000AF4EE400AB2
:10F84000F1EE10FA01D5012000E00020C0B202BDA7
:10F8500080B52DED028BB0EE408ADFF8D408007839
:10F86000002806D1DFF8D0080021016101210175CF
:10F870001DE0FFF7D1FF002813D0DFF8BC0890EDA2
:10F88000040A30EE080A80ED040A90ED040ADFED68
:10F89000910AB4EE600AF1EE10FA08DB012101755D
:10F8A00005E0DFF894080021016100210175BDEC3D
:10F8B000028B01BDDFF88008007D704780B5FFF73F
:10F8C000F9FF002801D1012000E00020C0B202BDF4
:10F8D00080B5DFF85C0890ED010AFAEE040A30EE1C
:10F8E000200AF3EE040A80EE200A00F043FFF0EE57
:10F8F000400A9FED791A9FED790A00EE810A01BD59
:10F9000080B5DFF82C0890ED010AFAEE000A30EE1F
:10F91000200AF2EE000A80EE200A00F02BFFF0EE43
:10F92000400A9FED6F1AB7EE000A00EE810A01BD92
:10F9300038B52DED028BF0EE408AB0EE608A0400FF
:10F940000D00FFF780F830EE080AF1EE040A68EEC9
:10F95000A00A70EE600AC4ED000AF1EE000A30EE73
:10F96000200A85ED000ABDEC028B31BD0020DFF8D6
:10F97000CC170870DFF8C007002101610121017573
:10F980007047000080B52DED028BB0EE408AFFF786
:10F9900091FFB5EE408AF1EE10FA06D99FEDA50A67
:10F9A000B4EE408AF1EE10FA01DB9FEDA38AB0EECF
:10F9B000480AFFF74DFFFFF77DFFDFF87427117846
:10F9C000002906D1FFF7D2FFDFF87407002101609C
:10F9D0006BE09178012906D1DFF860170B78042BD2
:10F9E00001D004230B70DFF854170B78002B05D0DF
:10F9F000022B23D009D3032B3FD043E00120087012
:10FA0000DFF83C07002101604FE0DFF8342792ED7A
:10FA1000000A30EE080A82ED000AC0B2002808D0C1
:10FA200092ED000AF6EE000AB4EE600AF1EE10FA6A
:10FA300003DB022008700020106036E0DFF80007CA
:10FA40000023036092ED010AF2EE040AB4EE600AAC
:10FA5000F1EE10FA0EDADFF8EC0690ED040AD2EDC2
:10FA6000010A30EE600ADFED1F0AB4EE600AF1EE23
:10FA700010FA01D50320087017E0DFF8C406002152
:10FA8000016012E0C0B2002806D000200870DFF844
:10FA9000B0060021016008E09078012805D003201D
:10FAA0000870DFF89C0600210160BDEC028B01BDEF
:10FAB00010B5DFF8204C2000DFF81C1C3422FAF7C8
:10FAC000F9FF14F13400DFF8141C3422FAF7F2FFC6
:10FAD00010BD00003333B33E9899193E9A99593FAF
:10FAE00000000000CECCCC3EF8B52DED0A8BB0EE78
:10FAF000408AB5EE408AF1EE10FA06D99FED4D0A24
:10FB0000B4EE408AF1EE10FA01DB9FED4B8ADFF88C
:10FB100020462078002821D1DFF8B80B00F0CCFF78
:10FB2000DFF8140600218160616841620021816272
:10FB30000021C162002180F83010002141630021C2
:10FB400080F83810616CC163002181610021C161BE
:10FB5000002180F82010FFF709FFD6E2A0780028E6
:10FB6000042800F2BF82F1EE08AADFF8D85595ED1F
:10FB7000040AB4EE6A0AF1EE10FA02D5F0EE6A8ACF
:10FB80000DE095ED040ADFEDA40AB4EE600AF1EE93
:10FB900010FA02DBDFEDA18A01E0D5ED048A94EDD5
:10FBA000010A38EEC09ADFF8906596F83000002818
:10FBB00011D1606870620020B0620020F062012004
:10FBC00086F8300000207063002086F83800DFF8E7
:10FBD000040B00F071FF96F83800002842D1DFF8DE
:10FBE0005C050178022902D00078032830D194ED19
:10FBF000010AF2EE040AB4EE600AF1EE10FA27DB15
:10FC0000012086F8380060687062B8EE080AD4ED0A
:10FC1000040AF4EE400AF1EE10FA11D494ED040A4D
:10FC2000DFEDC00AB4EE600AF1EE10FA06DBB0EECA
:10FC3000080A05E0CECCCC3D0AD7A33C94ED040ADB
:10FC400086ED0A0A0020F062DFF8880A00F034FF2F
:10FC500096F83800002805D1606870620020B06214
:10FC60000020F062A078012802D1F2EE049A01E0AF
:10FC7000F2EE009A96ED090A38EEC0BAF3EE04BA35
:10FC8000F0EE4B0AB0EE6B0A00F05AFDB2EE0AAA93
:10FC9000D4ED010AF4EE4A0AF1EE10FA02D5F0EEC4
:10FCA000080A01E0F2EE040AB5EE40BAF1EE10FAED
:10FCB00010DDB5EE400AF1EE10FA02D59FEDBE0A56
:10FCC00022E0F4EE400AF1EE10FA02D5B0EE600A3E
:10FCD0001AE019E0B5EE40BAF1EE10FA12D5B5EE21
:10FCE000400AF1EE10FA02D59FEDB30A07E0F4EEF8
:10FCF000409AF1EE10FA02D5B0EE690AFFE7B1EED4
:10FD0000400A01E09FEDAC0AD4ED010A78EEE00A6A
:10FD1000F0EEE00AB1EE001A80EE811AB5EE401A5C
:10FD2000F1EE10FA02D5DFEDA40A11E0B1EE001AEF
:10FD300080EE811ADFEDC11AB4EE611AF1EE10FA0D
:10FD400002DBF7EE000A03E0B1EE001AC0EE810A12
:10FD500060EE200AD6ED09CA96ED0ACA96F8380078
:10FD6000002811D0F0EE481AB0EE6B1A96ED0A0A90
:10FD700000F0CEFC86ED0A0A96ED0A0AD6ED090AD5
:10FD800040EE080AC6ED090A96ED090A38EEC00AE7
:10FD9000B5EE40BAF1EE10FA08D02BEE000AB5EE3F
:10FDA000400AF1EE10FA01D8C6ED098A94ED010A75
:10FDB00030EE680AD6ED090A70EEE80A20EE200A55
:10FDC000B5EE400AF1EE10FA0ED594ED010A30EED0
:10FDD000680AB0EEC00ADFEDC20AB4EE600AF1EEC6
:10FDE00010FA01DBC6ED098A96F83800002865D0C4
:10FDF00096ED090A30EE6C0A80EE080A86ED0A0AD2
:10FE000096ED0A0AF1EE690AB4EE600AF1EE10FA14
:10FE100006D5B1EE690A11E0010016430000164351
:10FE200096ED0A0ADFEDBA0AB4EE600AF1EE10FAB6
:10FE300002DBB2EE040A01E096ED0A0A86ED0A0A38
:10FE4000B5EE409AF1EE10FA09DD96ED0A0AB5EE2C
:10FE5000400AF1EE10FA02D50020B0620DE0B5EED6
:10FE6000409AF1EE10FA08D596ED0A0AB5EE400A6E
:10FE7000F1EE10FA01DD0020B06296ED0A0A30EED4
:10FE80004C0A80EE080A86ED0B0ABBEE040AD6ED9A
:10FE90000B0AF4EE400AF1EE10FA02D5F0EE40BA89
:10FEA0000AE096ED0B0ADFED9B0AB4EE600AF1EE74
:10FEB00010FA01DAD6ED0BBAC6ED0BBADFF82478EA
:10FEC000706A38606068786097ED000AD7ED010AC3
:10FED00030EE600A87ED020AB0EE480AFFF752FDE5
:10FEE00097ED02BA0021F0EE480AB0EE4B0ADFF8B7
:10FEF000E40700F07FFCF0EE40BAB9EE080AF4EE39
:10FF000040BAF1EE10FA02D5F0EE40BA0CE09FEDE7
:10FF1000820AF4EE40BAF1EE10FA05DBF0EE6ABAAE
:10FF200002E000BF0100404096ED0A0A70EE2B0A85
:10FF3000B1EE690AF4EE400AF1EE10FA02D5F1EEE4
:10FF4000690A09E09FED720AF4EE400AF1EE10FA38
:10FF500002DBF2EE040AFFE778480078022809D0B5
:10FF6000A07801281AD094ED010AB4EE4A0AF1EE05
:10FF700010FA13D5B8EE080AF4EE400AF1EE10FAC2
:10FF800002D5F0EE400A09E09FED640AF4EE400A63
:10FF9000F1EE10FA02DBF0EE080AFFE7B5EE409A48
:10FFA000F1EE10FA0AD5F5EE400AF1EE10FA05DD91
:10FFB000DFED010A0EE000BF00000000B5EE409A40
:10FFC000F1EE10FA06DDF5EE400AF1EE10FA01D579
:10FFD000DFED530AA078012839D09FED520AB4EE24
:10FFE000409AF1EE10FA32DB94ED040AB8EE001AF2
:10FFF000B4EE410AF1EE10FA29D594ED040AB0EE00
:02000004100AE0
:10000000001A30EE010AB1EE400AB1EE001A30EEED
:10001000010AB1EE001AB4EE410AF1EE10FA02D56F
:10002000B1EE000A0CE09FED401AB4EE410AF1EE89
:1000300010FA05DBB1EE0C0A02E000BF0100803FC0
:10004000B4EE600AF1EE10FA01D4F0EE400AB1EE1F
:10005000690AF4EE400AF1EE10FA02D5F1EE690AEF
:1000600009E09FED2B0AF4EE400AF1EE10FA02DBF4
:10007000F2EE040AFFE7A078012811D194ED010AFD
:100080009FED2A1AB4EE410AF1EE10FA08DBB8EE41
:10009000080AF4EE400AF1EE10FA01D4F0EE400A3C
:1000A000F0EE481AB2EE001A96ED020A00F030FBAC
:1000B00086ED020AB068F860B0686861DFF828066B
:1000C000C0ED0F8A716A0164B16A4164F16A8164AA
:1000D00080ED13BAC0ED14BAB168416515E000BFF8
:1000E000CECC4C3EDFF8EC0500F0E6FC12480021D7
:1000F0008160002180F83010002181620021C162FE
:1001000000214163002180F83810BDEC0A8BF1BD5D
:10011000010020410100A0410100C0400100404019
:1001200000000000010000400100E040010000412B
:10013000E4980628949D062800000228C89E0628F8
:10014000C49C0628889A06282DE9F8432DED0C8BCF
:1001500082B0B0EE409ADFF89445207800281ED196
:10016000DFF88C0500218161DFF8880500214160FE
:10017000DFF8840500F0A0FCDFF880050021416075
:100180000021C160DFF8781500220A600021C162F9
:10019000FFF7ECFB0120DFF86C1508708AE2FFF72F
:1001A00089FB0500DFF85C653078002807D028005F
:1001B000C0B2002803D1DFF8400500F07DFC3570A7
:1001C000DFF8307520697860DFF824556869386099
:1001D00097ED000AD7ED010A30EE600A87ED020ABA
:1001E000DFF824653078032814D1DFF8E80490EDB7
:1001F000150AD7ED020A20EE200AB5EE400AF1EE0C
:1002000010FA07D590ED150ADFEDAB0A20EE200AB3
:1002100080ED150A5FF00008307803281ED197EDB5
:10022000020AB0EEC00AF2EE040AB4EE600AF1EE81
:1002300010FA13D5DFF8D40490ED000A30EE090A65
:1002400080ED000A90ED000ADFED9C0AB4EE600A32
:10025000F1EE10FA06DB5FF0010803E0DFF8AC0412
:1002600000210160FFF734FBB0EE408AFFF748FB46
:10027000F0EE409AFFF722FB00280DD09FEDD00A48
:10028000F4EE409AF1EE10FA06DB5FFA88F8B8F166
:10029000000F01D0012100E00021F2EE04BAF7EED8
:1002A000001AB0EE6B1AC9B2F0EE490A97ED020AD5
:1002B000DFF8440400F070FBB0EE40AADFEDC1AA05
:1002C000DFEDC18A95ED050A20EE280AB4EE6A0A30
:1002D000F1EE10FA11D495ED050A20EE280ADFEDB3
:1002E000B80AB4EE600AF1EE10FA02DBDFEDB7AA4D
:1002F00003E095ED050A60EE28AA9FEDB50ADFF848
:10030000FC73D7ED0B0A60EE800ABEEE001AF4EE25
:10031000410AF1EE10FA02D5BEEE00BA11E0D7EDB7
:100320000B0A60EE800A9FEDAB1AF4EE410AF1EE83
:1003300010FA02DBB6EE00BA03E0D7ED0B0A20EEAE
:1003400080BADFEDA10A3078032822D194ED010AAA
:10035000B4EE6B0AF1EE10FA1BDB97ED0F0AD4ED49
:10036000110A30EE600AF0EE080A60EE200AF5EE9F
:10037000400AF1EE10FA02D5DFED930A09E09FED95
:10038000D00AF4EE400AF1EE10FA02DBF1EE020AB6
:10039000FFE7DFF86C83F0EE491AB6EE001A98ED2D
:1003A000000A00F0B5F988ED000ADFEDC6BA94ED59
:1003B000110AB4EE6B0AF1EE10FA1CDBB2EE050A7C
:1003C000D4ED110A80EE200A20EE00CAB6EE080A2B
:1003D000B4EE40CAF1EE10FA02D5B6EE08CA0CE04F
:1003E0009FEDB90AB4EE40CAF1EE10FA02DB9FEDC0
:1003F000B7CA02E001E0B7EE00CA28EE290A60EEB3
:100400000ACA94ED040ADFEDB20A20EE20DA3AEED1
:100410008B0A30EE2C0A70EE4DDAFEF714FBD8EDA5
:10042000000A30EE200A0CEE2D0A87ED000ADFF8F4
:10043000B89289ED008AC9ED019A89ED02AA2CEEE5
:100440002C0A89ED030A3AEE8B0A20EE0C0A89ED9C
:10045000040A89ED05CAD8F80000C9F81800FEF7AB
:10046000F2FAD8ED000A30EE200A89ED070A2CEEE8
:100470000D0A89ED080ADFED549A3078022837D04A
:1004800094ED010AF2EE0A0AB4EE600AF1EE10FAF7
:100490002ED594ED040AB5EE400AF1EE10FA27DDF0
:1004A00094ED040A20EE280AB5EE400AF1EE10FAA7
:1004B00006D5DFED459A15E0A4707D3F9A99193E67
:1004C00094ED040A20EE280ADFED7F0AB4EE600AFC
:1004D000F1EE10FA02DBDFED7D9A03E094ED040A01
:1004E00060EE289A97ED000A30EE690A87ED000A5F
:1004F000694601A8D8ED000AB0EE480AFFF718FADD
:10050000C9ED099A3868C9F828000198C9F834007B
:100510000098C9F8380097ED000ADDED010AB4EE45
:10052000600AF1EE10FA02D59DED010A0DE09DED95
:10053000000AD7ED000AB4EE600AF1EE10FA02D517
:100540009DED000A01E097ED000A85ED060AA86915
:10055000C9F82C003078022840F0998094ED010A07
:10056000F2EE010AB4EE600AF1EE10FA40F18F806B
:100570005C4890ED020ADFED120AB4EE600AF1EE7B
:1005800010FAC0F28480F7EE000AB0EE600A94ED33
:10059000041AB5EE401AF1EE10FA25DD94ED040AC6
:1005A0009FED0A1A80EE010AB7EE001A31EE400AFA
:1005B000B5EE400AF1EE10FA0ED59FED030A13E0F6
:1005C000CECC4C3FCDCC4CBF00000000CDCC4C3F3E
:1005D0008FC2F53C0100003FB4EE6B0AF1EE10FA59
:1005E00002DBB0EE600AFFE7B5EE400AF1EE10FA6A
:1005F0004ADDDFED360A20EE200AF0EE000A69EE51
:10060000200A97ED011A30EE411AF1EE601AB4EEAD
:10061000611AF1EE10FA02D5F1EE600A0CE097EDE6
:10062000011A30EE411AF4EE410AF1EE10FA03D449
:10063000D7ED010A70EE600A97ED010A30EE200A4C
:1006400087ED010AFEF7FFF9D8ED000A30EE200A27
:10065000D7ED010A30EE200AD5ED060AF4EE400A85
:10066000F1EE10FA0DD49DED000AD5ED060AB4EEB8
:10067000600AF1EE10FA02D59DED000A01E095ED59
:10068000060A85ED060A04E00020786001E00020FB
:100690007860F0EE491A9FED121AD5ED060A97ED33
:1006A000030A00F035F887ED030AF868A861F868D6
:1006B000C9F8300002B0BDEC0C8BBDE8F18300BF7F
:1006C000010090400100803F9B99993F9A99993F82
:1006D000BC74133DCC970628D08D0A10048E0A10E6
:1006E00000004842F89B062834980628E49806281B
:1006F000889A0628609C0628009806280000022890
:10070000C89C06281E0A0228C89E0628CC9C0628DB
:1007100021EE211A70EEC00AF1EE411AF4EE610AE0
:10072000F1EE10FA02D5B1EE411A06E0B4EE601A0D
:10073000F1EE10FA01D4B0EE601A30EE010A704703
:1007400080B5B5EE400AF1EE10FA02D89FED270A07
:100750000FE0B0EE001A20EE010AB7EEC01AB7EEB5
:10076000E00AB0EEC00B21EE000BB7EEC00B00F0BC
:10077000AFF901BDB5EE400AF1EE10FA02D59FEDDA
:100780001B0A09E0DFED1A0AB4EE600AF1EE10FA76
:1007900002DBB7EE000AFFE760EE000AB0EE001AD7
:1007A000F0EE081A40EE411A20EEA10A7047000050
:1007B000B5EE400AF1EE10FA07D5F5EE400AF1EE7B
:1007C00010FA02DD9FED090A0EE0B5EE400AF1EEE7
:1007D00010FA07DDF5EE400AF1EE10FA02D59FEDB2
:1007E000030A01E0B0EE600A70470000000000005C
:1007F0000100803FF5EE400AF1EE10FA01D8DFED7E
:10080000AC0A90ED001A21EE001A80ED071AC9B269
:10081000002908D090ED081A20EE011AB5EE401A12
:10082000F1EE10FA39DC90ED011A21EE001AD0ED4C
:10083000081A41EE201AC0ED081A90ED031AB1EE25
:10084000411AD0ED081AB4EE611AF1EE10FA02D591
:1008500090ED081A03E090ED031AB1EE411AD0EDC5
:10086000031AB4EE611AF1EE10FA12D590ED031AE4
:10087000B1EE411AD0ED081AB4EE611AF1EE10FA99
:1008800002D590ED081A06E090ED031AB1EE411A78
:1008900001E090ED031A80ED081A90ED0B1A30EE8E
:1008A000411AC1EE200A90ED021A61EE200AB7EE5D
:1008B000001AD0ED061A31EE611AD0ED091A21EEB8
:1008C000211AD0ED061A00EEA11A80ED091AD0ED1A
:1008D000050AF1EE600A90ED091AF4EE410AF1EE14
:1008E00010FA02D5D0ED090A03E0D0ED050AF1EEC9
:1008F000600A90ED051AF4EE410AF1EE10FA12D5F5
:10090000D0ED050AF1EE600A90ED091AF4EE410A05
:10091000F1EE10FA02D5D0ED090A06E0D0ED050A95
:10092000F1EE600A01E0D0ED050AC0ED090A80EDA4
:100930000B0A90ED070AD0ED080A30EE200AD0ED40
:10094000090A30EE200AD0ED040AF1EE600AF4EE56
:10095000400AF1EE10FA02D5F0EE400A03E0D0EDC5
:10096000040AF1EE600A90ED041AF4EE410AF1EE89
:1009700010FA0DD5D0ED040AF1EE600AF4EE400A4B
:10098000F1EE10FA06D490ED040AB1EE400A01E04F
:1009900090ED040A7047000038B52DED048B04007B
:1009A000B0EE409A0D00B0EE418AF0EE618AD4EDCF
:1009B000089A0021B0EE490A2000FFF71BFFB5EEB0
:1009C000408AF1EE10FA01D5B1EE488AEDB2002D61
:1009D00029D1F5EE408AF1EE10FA02DDB0EE680A98
:1009E00001E09FED340AF7EE000AB4EE600AF1EE82
:1009F00010FA07D5F5EE408AF1EE10FA04DCDFEDCF
:100A00002D8A01E0F7EE008A29EEA80A84ED080A93
:100A100094ED070AD4ED080A30EE200AD4ED090A55
:100A200030EE200A21E0B4EE408AF1EE10FA04D54F
:100A3000B5EE409AF1EE10FA0BDCF1EE480AB4EE96
:100A4000600AF1EE10FA10D5B5EE409AF1EE10FA08
:100A50000BD5C4ED089A94ED070AD4ED080A30EEE0
:100A6000200AD4ED090A30EE200AF1EE480AF4EE2D
:100A7000400AF1EE10FA02D5F0EE400A01E0F1EE84
:100A8000480AF4EE480AF1EE10FA0CD5F1EE480AE5
:100A9000F4EE400AF1EE10FA02D5B0EE408A02E020
:100AA000B1EE488AFFE7B0EE480ABDEC048B31BDD9
:100AB0006F12833A000000000021016200214162B0
:100AC000002181620021C1620021016370470000A2
:100AD000B5EEC00AF1EE10FA02D4B1EEC00A7047CA
:100AE0006FF0004C00EE10CAAFF3008070470000BA
:100AF000B5EE400AF1EE10FA02D5B1EE400AFFE77A
:100B000070470000B5EE400AF1EE10FA06D9DFEDAD
:100B1000180AB4EE600AF1EE10FA00DB27E0DFF805
:100B2000B809DFED140ADFF8B41991ED061A21EEC9
:100B3000201AD0ED001A41EE001AC0ED001ADFF8BD
:100B4000A00991ED071A21EE201AD0ED001A41EE0E
:100B5000001AC0ED001ADFF8900991ED081A61EE55
:100B6000200A90ED001A00EE801A80ED001A7047FE
:100B70000BD7233C35FA8E3C2DE9F8432DED108B35
:100B80008CB058210022DFF8684925002800F6F7CC
:100B900043FC0026DFF85C5995ED000ADFEDCC0A36
:100BA000B4EE600AF1EE10FA26DB0126DFF8480900
:100BB00000210160DFF8440900210160DFF84009ED
:100BC00000210160DFF83C0900210160002028605D
:100BD000DFF8380900210160DFF8340900210160E5
:100BE000DFF8F40800210160DFF8F408002101605B
:100BF000DFF8F40800210160002005900020049037
:100C000000208DF80D0000208DF80C000020ADF8BC
:100C10000E00002006900020079007A8029006A86A
:100C200001900DF10E00009003AB0DF10D0204A92F
:100C300005A800F0C3FE9DF80D00002801D001209A
:100C400000E0002020709DF80C002072BDF80E001E
:100C500060810698E06007982061BDF80E000028CA
:100C600017D19DF80C00642801DB012000E0002072
:100C70006070F6B2002E0BD00020DFF8A418487088
:100C80000520DFF8A01808700020DFF89C18087015
:100C90007AE30598009004980590009804909DF8D8
:100CA0000D00002805D09DF80C00642801DB012010
:100CB00000E000209DF80C10642901DB012100E018
:100CC000002161700100C9B200290BD100210591FA
:100CD00000210491DFF8341800220A60DFF8301890
:100CE00000220A609FEDD11ADFEDD10ADFF81C184F
:100CF0009DED050A20EE200AD1ED001A01EE810AD1
:100D0000DFF80C28DDED041A61EEA00AD2ED001A1E
:100D100041EE810AF6B2002E0CD00020DFF8003838
:100D200058700520DFF8FC3718700020DFF8F8371E
:100D3000187029E0C0B2002813D00020DFF8E43793
:100D40001870DFF8E4070378022B02DA03785B1CE3
:100D500003700078022817DB0120DFF8C4375870D1
:100D600012E00020DFF8C0371870DFF8B80703780A
:100D7000052B02DA03785B1C03700078052803DB7F
:100D80000020DFF89C37587081ED000AC2ED000AA0
:100D9000DFF88C1791ED018A84ED058A91ED011A37
:100DA000F1EE041AB4EE611AF1EE10FA0ADB91EDDD
:100DB000011ADFEDB21AB4EE611AF1EE10FA01D5A4
:100DC000012000E00020A0700120E07001202071CF
:100DD00020EE080A9FEDAA1A60EE018A20EE880A2A
:100DE000DFEDA80A20EE209AC4ED068A84ED079A6A
:100DF000DFF8E42692ED000ADFF8E43693ED000A0E
:100E0000DFF8E46696ED000A9FED9F0A9FED9E0ACB
:100E1000DFF87879387800281AD0DFF8C00690ED2E
:100E20001A0ADFF86C79D7ED000A30EE600AD0EDCF
:100E30001B0ADFF8600990ED001A70EEC10A9FED01
:100E4000931A20EE010A8DED010A60EE81FA05E0A9
:100E50000120387000200190DFED8BFADFF87C76FE
:100E6000B86EDFF82CC9CCF80000F86EDFF824C9A2
:100E7000CCF800009FED840ADFF81CC99CF8000044
:100E8000002827D097ED1C0ADFF81409D0ED000ADE
:100E900030EE600A03E0DFED7E0A30EE200ADFED7F
:100EA0007D0AB4EE600AF1EE10FAF4DADFED7A0AA8
:100EB000B4EE600AF1EE10FA04D5DFED780A30EEF8
:100EC000200AF3E7DFED710A60EE209A07E000BF29
:100ED0000100FA4301208CF80000DFED6B9A386FB7
:100EE000DFF8BCC8CCF800000020106000201860BB
:100EF000002030609FEDC80A29EE80AA9FEDC70A46
:100F000069EE80AA9FEDC60A28EE000A20EE29BAF3
:100F10009FEDC40A28EE000A60EE29BA2FEE880A77
:100F2000DFEDC10A20EE20CA9DED010A20EE080A7D
:100F3000FFEE080A60EE20CACDED0A8A8DED099A0F
:100F40008DED08CACDED02CA9FEDB80AF0EEE80AB1
:100F5000F4EE400AF1EE10FA03D5DFED4B8A9FED77
:100F60004ACAF0EEC90AF4EE400AF1EE10FA03D5CF
:100F70009FED459ADFED44CAF5EE408AF1EE10FA96
:100F80000CD1B5EE409AF1EE10FA07D19FED3EAAD2
:100F9000DFED3DAA9FED3CBADFED3BBA38EECC0A5F
:100FA00030EE4A0A30EE4B0A79EE6C0A70EEEA0A2D
:100FB00070EEEB0AF86E30F0004001EE100AD7ED4B
:100FC0001A1AF0EEE11AB4EE611AF1EE10FA05D534
:100FD000B86E30F0004001EE100A04E0F86E30F018
:100FE000004001EE100AF7EE001AB0EE61DA9FED54
:100FF000902AB4EE421AF1EE10FA02DB9FED22DAEB
:101000002DE09FED8C2AB4EE421AF1EE10FA11DBBE
:10101000B3EE0E2A32EE411AB2EE042A81EE021A23
:10102000B6EE002A21EE02DA19E000BF9A99193EC5
:101030009A99593F9FEDD72AB4EE421AF1EE10FA71
:101040000DDBBAEE0E2A31EE021AB1EE042A81EE61
:10105000021A9FEDD12AB7EE00DA01EE42DA386AC1
:1010600030F0004001EE100A9FEDCC2AB4EE421A97
:10107000F1EE10FA14DB0020009013E001001B4396
:101080001F85AB3FCDCCCCBF0000000035FA8E3CB5
:101090000000B4C301003443000034C30000B44373
:1010A000CDED001A9DED001AB5EE401AF1EE10FAE2
:1010B00001DD012000E0002020719DED001AB5EE59
:1010C000401AF1EE10FA03D89FEDB50ADFEDB40A2D
:1010D00060EE0DDA20EE8DEA9FEDB20AF0EEED0A39
:1010E000F4EE400AF1EE10FA06DAF0EECE0AF4EE73
:1010F000400AF1EE10FA03DBDFEDA9DA9FEDA8EA72
:101100009FEDA90AF0EECE0AF4EE400AF1EE10FAD5
:1011100001D59FEDA3EAF0EEED0AF4EE400AF1EE00
:1011200010FA01D5DFED9EDAC4ED08DA84ED09EAA4
:1011300091ED0F0A6DEE80EA91ED0E0A4EEE40EA57
:1011400091ED0E0A2DEE80FA91ED0F0A0EEE00FAE7
:10115000C4ED0AEA84ED0BFADFF89C6396ED000A11
:1011600030EE2E0A86ED000ADFF8907397ED000A44
:1011700030EE0F0A87ED000A9DED060AB8EE400A30
:10118000DFED8A0A20EE200ABDF80E0000EE900A7C
:10119000F8EE600A9FED861A20EE811ABDF80E0067
:1011A00000EE900AF8EE600ADFED821A60EEA10A06
:1011B000B4EE410AF1EE10FA04D4F4EE400AF1EE76
:1011C00010FA09D5BDF80E0000EE100AB8EE400A7C
:1011D000DFED790A20EE200A84ED140ADFED770AAC
:1011E000B4EE600AF1EE10FA40DBCEEE800A8FEE2C
:1011F000000AC4ED100A84ED110A207800281BD0E3
:101200004878002818D0A078002815D02079002828
:1012100012D0012011E000BF3333B33FCDCC14C155
:10122000B81E85BE6666E63ECDCCEC3F8FC2F53D6E
:101230000100F0410100A041002060719FED601AA3
:10124000DFED551ADFF8B80290ED002A22EE012AF0
:1012500000EEA12A80ED002ADFF8A802D0ED000AF6
:1012600060EE810A40EE210AC0ED000ADFF89482A8
:10127000DFF88C9299ED000AD9ED000A20EE200AE1
:10128000D8ED000A98ED001A00EE810AFFF720FC65
:1012900085ED000A3068206338686063D9F8000083
:1012A000A063D8F80000E063DFF8000590ED000AC5
:1012B00030EE090A80ED000ADFF8F40490ED000A30
:1012C00030EE2C0A80ED000ADFF8E80490ED000A09
:1012D00030EE2A0A80ED000ADFF8DC0490ED000A07
:1012E00030EE0E0A80ED000ADFF8D01491ED000A0E
:1012F00030EE2D0A81ED000ADFF8C42482ED00DA19
:10130000009B53600A9B9360099BD360089B136109
:10131000029B536182ED06AAC2ED07AA82ED08BACC
:10132000C2ED09BAC2ED0A8A82ED0B9A82ED0CCAAF
:10133000C2ED0DCA019B9363C2ED0FFAC2ED109A84
:10134000059B5364049B93649DF80C3082F84D30E8
:101350009DF80D3082F84C3082ED148A0968516591
:1013600000689065C2ED17DA82ED18EAC2ED19EA5D
:1013700082ED1AFA3068D06638681067D9F8000034
:101380005067D8F8000090670CB0BDEC108BBDE83A
:10139000F1830000010070419A99993E01001643C3
:1013A00000000000010020418FC2F53CBD378635AA
:1013B0000AD7A33BCDCC4C3DABAAAA3C7012833AD2
:1013C0003333333FB5EE400AF1EE10FA06D9DFEDC4
:1013D000450AB4EE600AF1EE10FA01DB9FED430A14
:1013E000DFF8E003D0ED030A90ED001A00EE801A5A
:1013F00080ED001AD0ED040A90ED011A00EE801A7B
:1014000080ED011AF1EE040ADFF8BC1391ED021A27
:1014100021EE001AF0EE601A41EE001A91ED001A6A
:1014200031EE811A81ED001A91ED031A21EE001AB6
:1014300041EE000A91ED011A70EE810AC1ED010A38
:10144000DFED310A91ED021A00EE201A81ED021A49
:1014500091ED031A00EE201A81ED031A9FED2D0A7B
:10146000D0ED000AF4EE400AF1EE10FA02D5F0EEEB
:10147000400A0DE0D0ED000A9FED271AF4EE410A74
:10148000F1EE10FA02DBDFED250A01E0D0ED000AF3
:10149000C0ED000AD0ED010AF4EE400AF1EE10FAB8
:1014A0000DD490ED010ADFED1C0AB4EE600AF1EEF6
:1014B00010FA02DB9FED190A01E090ED010A80EDC0
:1014C000010A174902684A6142688A61C2688A60F3
:1014D0000069C86070470000489D06286007022820
:1014E0004C9D0628CECCCC3D509D06280AD7A33C67
:1014F0008C980628649D0628549D0628589D062829
:101500005C9D0628609D062800004843689D0628CB
:101510006C9D06280000FAC30100FA430000FA435C
:10152000E4980628D19E0628D29E0628F8B52DED0F
:10153000068B9FED8E8AA34CA44D95ED100AD4ED39
:10154000030A70EE608A95ED110AD4ED040A30EEBC
:10155000609A95ED140AB5EE400AF1EE10FA06D93C
:10156000DFED830AB4EE600AF1EE10FA01DB9FEDC5
:10157000810AF3EE090A9FED801AF0EE609A40EEC0
:10158000019AF4EE609AF1EE10FA02D5F0EE609A4C
:1015900009E09FED7A0AF4EE409AF1EE10FA02DBD0
:1015A000DFED779AFFE7C5ED159A894EC6ED028A01
:1015B00086ED039A0020B0700020A8710020E87129
:1015C000C5ED128A85ED139A6879002800F0CB806A
:1015D0009FED6CAA7F4F97ED1A0AFFF789FAB4EED8
:1015E0004A0AF1EE10FA08DA97ED1B0AFFF780FAC3
:1015F000B4EE4A0AF1EE10FA00DBB4E097ED080A07
:10160000FFF776FADFED600AB4EE600AF1EE10FA49
:1016100080F2A980B0EE680AFFF76AFAF4EE409A09
:10162000F1EE10FA08D4B0EE490AFFF761FAF4EED1
:10163000409AF1EE10FA01D50120E871B1EE690A85
:10164000F4EE408AF1EE10FA02D5F1EE698A07E075
:10165000F4EE689AF1EE10FA02D5F0EE698AFFE72F
:10166000B1EE690AB4EE409AF1EE10FA02D5B1EE8D
:10167000699A07E0F4EE499AF1EE10FA02D5B0EE5D
:10168000699AFFE7504890ED020A30EE080AD0ED63
:10169000020A80EE800AD0ED030A70EE880A90ED0F
:1016A000031AC1EE200A94ED031A00EE281A84ED05
:1016B000031A94ED041A00EE891A84ED041AB7EEA9
:1016C000001A31EE400A90ED021A20EE010A80ED78
:1016D000020AB7EE000A30EE600AD0ED030A20EEEF
:1016E000200A80ED030A9FED2D0AD4ED030AF4EEE3
:1016F000400AF1EE10FA02D5F0EE400A0DE0D4ED0A
:10170000030A9FED281AF4EE410AF1EE10FA02DB0B
:10171000DFED250A01E0D4ED030AC4ED030AD4EDA0
:10172000040AF4EE400AF1EE10FA0DD494ED040A26
:10173000DFED1C0AB4EE600AF1EE10FA02DB9FED59
:101740001A0A01E094ED040A84ED040A0120B07045
:101750000120A87120482168416161688161E168C8
:1017600081602169C160BDEC068BF1BD00001644AB
:10177000CECCCC3D0AD7A33C00009643010070427A
:10178000000070420100C8410100F042D39E0628CB
:10179000709D0628749D0628D49E06280000AFC3BD
:1017A000789D06280100AF430000AF437C9D0628CA
:1017B000849D0628889D0628809D06288C9D0628E5
:1017C00070960628D49A0628480702288C9806287E
:1017D000309C062860070228E4980628C0B2C9B2E7
:1017E00050EA012000B27047C0B2C9B250EA0120ED
:1017F00080B2704738B59C4C9C4D69782878FFF7CB
:10180000EDFF2080E978A878FFF7E8FF608069792C
:101810002879FFF7E9FFA080E979A879FFF7E4FFCD
:10182000E080287A2072687AA072207A002801D09D
:10183000012000E000206072207A84F82800E0880F
:1018400000EE100AB8EE400A84ED090AB4F900006F
:1018500000EE100AB8EEC00ADFED820A80EE200A20
:1018600084ED030AB4F9020000EE100AB8EEC00AD3
:10187000DFED7C0A80EE200A84ED040A94ED050A6F
:10188000D4ED030A30EE200A84ED050A94ED060A31
:10189000D4ED040A30EE200A84ED060AA08B401C29
:1018A000A083206AA18840182062012084F82900C2
:1018B000206B401C206331BD10B56B49CA6A521CB5
:1018C000CA626B4C2278002A06D0022A19D009D3AA
:1018D000042A2CD026D33CE0C0B2FE2801D101203E
:1018E000207038E0C0B20A2808D102202070002001
:1018F0006049087000206049087001E000202070F5
:1019000029E05C49594A0B78D0540A78521C0A7075
:10191000594A13785840107008780A2801D30320D8
:10192000207018E0554908700420207013E0C0B200
:10193000552808D1514800784F4A1278904202D178
:10194000FFF758FF02E0486B401C486300202070FE
:1019500001E00020207010BD10B538210022424C5B
:101960002000F5F759FD0A210022404C2000F5F730
:1019700053FD00203F49087000203D4908700020B9
:101980003D49087000203D490870312331224FF451
:1019900096410320F7F7EEFC01210320F7F711FC35
:1019A00010BD80B503E09DF80000FFF785FF694694
:1019B0000320F7F73EFB0028F5D101BD2DE9F84FD4
:1019C0002DED028B82B080468B4692461C00F7F7C5
:1019D0003FFF254991ED058AD1ED068A8D8B0E6A70
:1019E0000F6B2A0092B2002A02D091F8099001E010
:1019F0005FF00009CDF8008091F8088000224A616C
:101A000000228A6100228A8300220A62002281F871
:101A10002920F7F715FF0098002802D0009880EDE4
:101A2000008A5846002801D0C0ED008A50460028A0
:101A300001D080F800902000002801D080F80080BC
:101A40000E98002800D005800F98002800D006606E
:101A50001098002800D0076002B0BDEC028BBDE8F2
:101A6000F18F000000401C46F8990628909C06283B
:101A7000D89E0628D79E0628D99E0628DA9E0628D4
:101A8000DFF8E81A0878002804D04878002801D048
:101A9000012000E00020C0B27047DFF8D00A807853
:101AA0000028032801D8012000E00020704780B5FD
:101AB000FFF7E6FF002805D0FFF7EFFF002801D071
:101AC000012000E00020C0B202BD000080B5FFF799
:101AD000EEFF00280CD0DFF8940A90ED010ADFED4C
:101AE000B90AB4EE600AF1EE10FA01DB012000E061
:101AF0000020C0B202BD0000DFF87C0A90ED040AAD
:101B0000F9EE040A30EE200ADFEDAE0AB4EE600A08
:101B1000F1EE10FA01D5B0EE600A704710B52DED68
:101B2000028BFFF7E9FFB0EE408ADFF8404A94ED00
:101B3000020AD4ED020A20EE200AD4ED030A94ED45
:101B4000031A00EE810AFEF7C3FFF0EE408AFFF7AA
:101B5000BDFF00281FD0DFF8240A007803281AD11F
:101B600094ED010AB4EE480AF1EE10FA13DB94ED9D
:101B7000040AB0EEC00ADFEDBF0AB4EE600AF1EE6F
:101B800010FA08D59FEDCC0AF4EE408AF1EE10FA77
:101B900001D5012000E00020C0B2BDEC028B10BDD9
:101BA00080B52DED028BFFF7A7FFFAEE000A30EEAD
:101BB000208A9FED840AB4EE408AF1EE10FA01D536
:101BC000B0EE408AFFF782FF00280DD0DFF8AC09A5
:101BD0000078032808D1DFF8940990ED010AB4EEEB
:101BE000480AF1EE10FA01D5012000E00020C0B251
:101BF000BDEC028B02BDDFF8880990F82900704720
:101C000080B5FFF763FF02BD10B5DFF8784920000B
:101C1000FEF752FF14F13400FEF74EFF10BD10B571
:101C2000DFF8604914F16800FEF746FF14F19C00EC
:101C3000FEF742FF10BDDFF84C090021C0F8881004
:101C40000021C0F8BC10704780B5FFF7DDFFFFF73B
:101C5000E6FF01BDDFF82809002141600021816015
:101C60000021C160002101610021416100218161E9
:101C7000002141627047DFF8100900210161002155
:101C80004161002181610021C161DFF8F418C96957
:101C90000162002180F82410002180F8251070478F
:101CA00080B5DFF8D428DFF8C4184B6913608B695E
:101CB0005360002393600023D360C0B2002803D098
:101CC0000020D06100201062DFF8C0084A6902607D
:101CD0008A6942604A6982608A69C2600022026140
:101CE00000224261DFF8A008002202600022426068
:101CF0008A688260C968C160DFF884080021C16118
:101D00000021016200214162002180F82910002198
:101D1000C162FFF79FFFFFF797FFFFF7ACFF01BD21
:101D2000DFF85C1891F8280000280AD091ED080A25
:101D3000DFED620AB4EE600AF1EE10FA01D501207F
:101D400000E00020C0B27047F4EE400AF1EE10FA55
:101D500002D530EE600A0BE0B1EE601AB4EE410A33
:101D6000F1EE10FA02D530EE200A01E09FED540AA0
:101D7000704780B5DFF8140890ED000AD0ED020A34
:101D800030EE600AD0ED010A90ED031A70EEC10A40
:101D9000B0EEE01AF0EEC01AB4EE611AF1EE10FAED
:101DA00002D5B0EEC00A01E0B0EEE00AFAEE000A99
:101DB00030EE200AF2EE040A80EE200AFEF7DAFC8A
:101DC00001BD00000000484210B52DED048BFFF767
:101DD00093FEDFED3C8A30EE288AB7EE009ADFF8FA
:101DE0008C47206930F0004000EE100AF9EE000A3E
:101DF00030EE200AF1EE080A80EE200AFEF7BAFC67
:101E0000F0EE409A9FEDC10AB4EE408AF1EE10FA6E
:101E100009DB94ED010A30EE280A80EE080AFEF78D
:101E2000A9FCB0EE409AF0EE080AB0EE000A09EE06
:101E3000200AF8EE000A70EE200A00EEE90ABDEC76
:101E4000048B10BDDFF8242792ED0F1A20EE011A43
:101E5000D2ED0E1A00EEA11A80ED001A92ED0F1AC3
:101E600060EE810A92ED0E1A40EE410AC1ED000AC1
:101E7000704700000100804010B5DFF808472000DF
:101E8000DFF80C173422F8F715FE14F13400DFF8F0
:101E900004173422F8F70EFE14F16800DFF8F81684
:101EA0003422F8F707FE14F19C00DFF8F016342214
:101EB000F8F700FE10BD0000010000419A99193F9B
:101EC00000000000000048C270B52DED048BB0EE9C
:101ED000408AFFF7D5FD002805D1FFF7DEFDC0B22F
:101EE000FFF7DEFE0EE1DFF8A446DFF880667069DA
:101EF000A060B069E060FFF7D0FD002800F0FF802F
:101F0000FFF77EFE002803D10120FFF7C9FEF9E0AC
:101F1000DFF8645628682060686860607069A060B7
:101F2000B069E060FFF767FE002818D1706928608B
:101F3000B06968600020A8600020E86070692060D7
:101F4000B06960600020206100206061DFF8300629
:101F50000021416000218160FFF756FED2E094ED40
:101F6000000AD4ED020A30EE609A94ED010AD4ED35
:101F7000030A70EE609AFFF7D3FE00280ED000200F
:101F8000206100206061DFF8F80500214160002138
:101F900081600020A8600020E860B3E0DFF8E4651D
:101FA0000021F0EE480AB0EE490A3000FEF722FCAC
:101FB00084ED040A0021F0EE480AB0EE690A16F139
:101FC0003400FEF717FC84ED050AD4ED040AB0EEE8
:101FD000490AFEF7EDFB84ED040AD4ED050AB0EEE4
:101FE000690AFEF7E5FB84ED050AF3EE0E8AF0EED2
:101FF000490AB0EE680AFEF7A3FBB0EE409AF0EE95
:10200000690AB0EE680AFEF79BFBD4ED040AB1EE54
:10201000491AF4EE410AF1EE10FA02D5B1EE499AEE
:1020200008E0D4ED040AB4EE609AF1EE10FA01D49F
:1020300094ED049A84ED049AD4ED050AB1EE401AA9
:10204000F4EE410AF1EE10FA02D5B1EE400A08E0D2
:10205000D4ED050AB4EE600AF1EE10FA01D494ED65
:10206000050A84ED050A9FEDC19A94ED040AB4EEC9
:10207000490AF1EE10FA02D5F0EE490A0DE094EDAE
:10208000040ADFEDBB0AB4EE600AF1EE10FA02DBDF
:10209000DFEDB80A01E0D4ED040A94ED050AB4EED0
:1020A000490AF1EE10FA0DD494ED050A9FEDB01A2D
:1020B000B4EE410AF1EE10FA02DB9FEDAE9A01E0B8
:1020C00094ED059ADFF8B844F0EE481AB0EE681ABD
:1020D00094ED010AFEF71CFB84ED010AF0EE481AAC
:1020E000B0EE681AF0EE490A94ED020AFEF710FB12
:1020F00084ED020A6068A860A068E86002E0002041
:10210000FFF7CEFDBDEC048B70BD00007012833A6A
:1021100070B52DED028B82B0B0EE408AFFF7B0FCB7
:1021200000280CD1FFF7B9FC002805D0DFF84804DF
:102130000021C16100210162FFF79DFD12E1FFF75F
:10214000ACFC002800F00881FFF75AFD00280AD1F6
:10215000DFF824040021C16100210162FFF78BFD3B
:10216000FFF75DFDFEE0DFF82044DFF80C54A868BF
:102170002060E8686060DFF8F4038168A160C068EF
:10218000E06094ED000AD4ED020A30EE600AD4ED6E
:10219000010A94ED031A70EEC10A694601A8FFF71F
:1021A00051FEFFF7BDFD002803D1FFF724FD0028F5
:1021B00006D1DFF8CC03019941610099816137E0D4
:1021C000FFF7D7FD9FED6C1AF0EE410A40EE010AD1
:1021D000B6EE001AF7EE008A40EE418ADFF8A063FF
:1021E0009DED010A96ED051A30EE410A96ED051AAD
:1021F00000EE201A86ED051A9DED000A96ED061AEE
:1022000030EE410A96ED061A00EE201A86ED061A07
:10221000F0EE680A96ED050AFFF796FD8DED010ACE
:10222000F0EE680A96ED060AFFF78EFD8DED000AC6
:102230000198206100986061D24E0021F0EE480ABA
:102240009DED010A16F16800FEF7D4FAB1EE400ADE
:1022500085ED080A0021F0EE480A9DED000A16F10E
:102260009C00FEF7C7FA85ED070AF2EE008AFFF739
:10227000C2FC002803D1FFF7A7FDF0EE408A95EDE0
:10228000070AF1EE680AB4EE600AF1EE10FA02D520
:10229000B1EE680A0BE095ED070AF4EE408AF1EE24
:1022A00010FA02D5B0EE680A01E095ED070A85ED57
:1022B000070A95ED080AF1EE680AB4EE600AF1EE3D
:1022C00010FA02D5F1EE688A08E095ED080AF4EEFE
:1022D000408AF1EE10FA01D4D5ED088AC5ED088ADE
:1022E000E869A061286AE061F3EE0E8AFFF718FD45
:1022F000002801D0DFED988AA14EF0EE481AB0EE2A
:10230000681AD5ED070A96ED030AFEF701FA86ED85
:10231000030AF0EE481AB0EE681AD5ED080A96EDF9
:10232000040AFEF7F5F986ED040A96ED078AFFF731
:10233000F7FC002801D096ED098A84ED088A96ED15
:10234000030A20EE080A85ED070A96ED040A20EE3E
:10235000080A85ED080A05E0FFF77CFCFFF78BFC17
:10236000FFF75DFC02B0BDEC028B70BD000048C2FF
:1023700001004842000048429A99993E70B52DEDFF
:10238000028BB0EE408AB5EE408AF1EE10FA06D923
:102390009FED720AB4EE408AF1EE10FA01DB9FED78
:1023A000708A724CA078032808D1754800780328F9
:1023B00004D0714861690160A1694160704DA078E5
:1023C0002870FFF71DFC06003000C0B200280CD1B9
:1023D000002085F828000020E86100202862002005
:1023E0006862002085F82900A1E095F828000028FF
:1023F00015D1614861690160A1694160FFF72AFC5C
:10240000FFF722FCFFF737FC0020E861002028627C
:1024100000206862002085F829000020E86295F815
:102420002900002809D0FFF7BBFB00282ED0002090
:1024300085F829000020E86228E0FFF76FFB0028FC
:1024400022D095ED0B0A30EE080A85ED0B0A95EDCA
:102450000B0ADFED440AB4EE600AF1EE10FA15DB68
:10246000454861690160A16941604848616901604E
:10247000A1694160FFF7C8FBFFF7DDFB012085F88C
:1024800029000020E86201E00020E86295ED080ADA
:1024900030EE080A85ED080AB6EE000A88EE000A5A
:1024A000D5ED070A30EE200A85ED070A95ED070AFB
:1024B000B5EE400AF1EE10FA02D59FED2B0A0DE0C1
:1024C00095ED070ADFED2A0AB4EE600AF1EE10FA84
:1024D00002DBB7EE000A01E095ED070A85ED070A79
:1024E0009FED240A88EE000AD5ED090A30EE200A95
:1024F00085ED090A95ED090AB5EE400AF1EE10FAEC
:1025000002D59FED190A0DE095ED090ADFED180AD5
:10251000B4EE600AF1EE10FA02DBB7EE000A01E059
:1025200095ED090A85ED090A012085F82800164C69
:10253000E869206284F82460FFF75DFB84F82500D9
:10254000B0EE480AFFF7C0FCB0EE480AFFF7E0FD26
:10255000BDEC028B70BD000000002042CECCCC3D13
:102560000AD7A33C9A99993E00000000E4980628F7
:102570000100803F6666E63E889A0628C89E0628C7
:10258000D408022808930628609A0628609B06282B
:10259000708F0A10A48F0A10D88F0A100C900A109E
:1025A00080B501000820DFF8C8261060C9B20120FC
:1025B000F5F7E6F90820DFF8C816086001BD2DE937
:1025C000F047060015001F00DFF8A8863000B8F8B5
:1025D000002080B2904201D2012000E000200C00D7
:1025E000DFF89496B0224946C0B2F5F7F9FFDFF85C
:1025F0008CA62000BAF8001080B2884201D20120D7
:1026000000E00020B1224946C0B2F5F7E9FF2800FA
:10261000B8F8001080B2884201D2012000E000200A
:10262000B2224946C0B2F5F7DBFF3800BAF8001015
:1026300080B2884201D2012000E00020B322494646
:10264000C0B2F5F7CDFFDFF83C060078002805D0D2
:10265000022847D024D3032866D086E02A20FFF73B
:102660009FFF2836310089B20120F5F7DEF92835C1
:10267000290089B20120F5F7D8F92B20FFF790FF48
:102680003434210089B20120F5F7CFF9343739000D
:1026900089B20120F5F7C9F92C20FFF781FF64E02A
:1026A0002A20FFF77DFF2836310089B20120F5F797
:1026B000BCF92835290089B20120F5F7B6F92B209D
:1026C000FFF76EFF3534210089B20120F5F7ADF92F
:1026D0003537390089B20120F5F7A7F92C20FFF72B
:1026E0005FFF42E02A20FFF75BFF3436310089B2FA
:1026F0000120F5F79AF93435290089B20120F5F760
:1027000094F92B20FFF74CFF2834210089B20120D7
:10271000F5F78BF92837390089B20120F5F785F9EB
:102720002C20FFF73DFF20E02A20FFF739FF353648
:10273000310089B20120F5F778F93535290089B2E1
:102740000120F5F772F92B20FFF72AFF283421002A
:1027500089B20120F5F769F92837390089B20120DB
:10276000F5F763F92C20FFF71BFFBDE8F08700B5F4
:1027700085B06846F5F762FF0120ADF80000DFF88C
:10278000F4040088ADF80200DFF8F0040088ADF82A
:102790000400DFF8F4040078002803D002280FD0EA
:1027A00007D30DE006208DF8060008208DF80700FD
:1027B00006E008208DF8060010208DF80700FFE7DE
:1027C0000FF2C12003900FF2110004906846F5F754
:1027D00045FF05B000BD0000F8B5DFF8984420883B
:1027E000400000F0B1FB0500002000200820DFF8C9
:1027F0009C140860DFF884643088431E9BB22088F4
:10280000421E92B200210020FFF7D9FE002005E011
:10281000DFF87C14098825F81010401C21888842B4
:10282000F6D3002705E0228829000120F5F752F9A8
:102830007F1C30888742F6D30820DFF858140860E0
:10284000280000F08AFBF1BDDFF838140870087822
:102850000028012803D9801E012809D910E0F020A2
:10286000DFF8101408808720DFF81014088007E0D4
:102870008720DFF800140880F020DFF800140880BB
:102880007047DFF814241080DFF8040401807047DB
:10289000F8B5D8B005000E0014002800DFF8D413F6
:1028A000098880B2884201D2012000E00020DFF8D0
:1028B000C8734FF4EA723900C0B2F5F791FE3000E8
:1028C000DFF8B813098880B2884201D2012000E005
:1028D000002040F2D5123900C0B2F5F781FE002089
:1028E00000200820DFF8A4130860DFF89C030078BC
:1028F000002804D0022800F0BF8046D3BCE0F31DBE
:102900009BB26A1D92B2310089B2280080B2FFF7F3
:1029100056FE002000E0401C0100C9B206292EDA54
:102920000621DFF878232300DBB24B431A4403006F
:10293000DBB21A4412F8C02C00230BE040AD1E009D
:10294000F6B24E4356FA80F6DFF844733F8825F816
:10295000167010E01D00EDB2082DDCDAD507EDD5BC
:1029600040AD1E00F6B24E4356FA80F6DFF82873EB
:102970003F8825F81670D2B252085B1CEAE7302275
:1029800040A90120F5F7A6F876E016F10F039BB2F7
:10299000EA1D92B2310089B2280080B2FFF70FFE23
:1029A000002000E0401C0100C9B208295EDADFF80F
:1029B000F0222100C9B2090111440300DBB219441D
:1029C000B1F5007109782300DBB21B011A44030042
:1029D000DBB21A44B2F5FC72127800231BE06D469C
:1029E0001E00F6B2F60056FA80F6DFF8A4723F88B1
:1029F00025F816700CE0CD07F1D56D461E00F6B235
:102A0000F60056FA80F6DFF890723F8825F81670C7
:102A1000C9B249085B1C1D00EDB2082DEBDB00219B
:102A20000DE06B460D00EDB2ED0055FA80F503EBBD
:102A30004503DFF85C522D88A3F8805012E00B00AC
:102A4000DBB2082BAEDAD307EBD56B460D00EDB247
:102A5000ED0055FA80F503EB4503DFF83C522D8875
:102A6000A3F88050D2B25208491CE8E78022694698
:102A70000120F5F72FF8FFE70820DFF8A814086019
:102A800059B0F0BDF8B504000E0015002000DFF8C5
:102A9000E411098880B2884201D2012000E00020C0
:102AA000DFF8D47140F22B223900C0B2F5F798FD5F
:102AB0003000DFF8C811098880B2884201D20120B5
:102AC00000E000204FF40B723900C0B2F5F788FD2A
:102AD00000270EE00CE0380080B22A5C310089B299
:102AE000380080B2C00010FA84F080B2FFF7D0FE48
:102AF0007F1C380080B2285C002817D0DFF8A401C2
:102B00000078002803D00228E4D0E4D3F0E73800AE
:102B100080B22A5C310089B23B009BB2062043435D
:102B200013FA84F080B2FFF7B3FEE1E7F1BD2DE9BF
:102B3000F0412DED028B86B00500B0EE408B160003
:102B40001F0028004B4A128880B2904201D2012017
:102B500000E000200C00DFF8208140F29A2241467C
:102B6000C0B2F5F73DFD2000DFF8BC13098880B244
:102B7000884201D2012000E0002040F29B22414621
:102B8000C0B2F5F72DFD3000C0B2002801D0012001
:102B900000E000204FF427724146C0B2F5F720FD57
:102BA0003000C0B2092801DA012000E0002040F224
:102BB0009D224146C0B2F5F713FD3800C0B200288F
:102BC00001D0012000E0002040F29E224146C0B228
:102BD000F5F706FD3800C0B2072801DA012000E051
:102BE000002040F29F224146C0B2F5F7F9FCB7EE53
:102BF000000B11210022E8464046F4F70DFC380096
:102C0000C0B250FA86F1891C2022E8464046F4F70B
:102C100003FC04E0B2EE042B20EE020B761E300023
:102C2000C0B20028F6D1BDEEC81B11EE100ABDEEF1
:102C3000C01B11EE101A90FBF1F001EE100AB8EE75
:102C4000C11B01EE408B3900C9B2B0EE480B68469B
:102C500000F086F96A46210089B2280080B2FFF7A9
:102C600011FF06B0BDEC028BBDE8F0810000000052
:102C7000040B3140140A0228AC860A10160A0228F6
:102C8000080B3140F59E0628220A0228040631402E
:102C90001A0A022808063140180A0228D8790A10B0
:102CA000DC570A10220A02281FB5082002900420CF
:102CB00001900120009001239F4A00210120F5F797
:102CC000D5F8032300220121B320F5F7AAFA032344
:102CD00000220121B420F5F7A4FA032301220121E7
:102CE0006320F5F79EFA0323012201215820F5F70E
:102CF00098FA924C2078FFF7A7FD8D4801888D48FF
:102D00000088FFF7BEFD10208D4908600520F3F70D
:102D1000F5FD10208B4908607820F3F7EFFD0820BF
:102D2000824908601120FFF73BFC3620FFF738FC92
:102D30002078002805D002280DD007D303280FD013
:102D400012E0A0210120F4F71BFE0DE0702101200C
:102D5000F4F716FE08E000210120F4F711FE03E06D
:102D6000C0210120F4F70CFE3A20FFF719FC0521E1
:102D70000120F4F705FEB220FFF712FC0C21012020
:102D8000F4F7FEFD0C210120F4F7FAFD00210120EB
:102D9000F4F7F6FD33210120F4F7F2FD3321012091
:102DA000F4F7EEFDB720FFF7FBFB35210120F4F728
:102DB000E7FDBB20FFF7F4FB37210120F4F7E0FD2E
:102DC000C020FFF7EDFB2C210120F4F7D9FDC22034
:102DD000FFF7E6FB01210120F4F7D2FDC320FFF746
:102DE000DFFB12210120F4F7CBFDC420FFF7D8FB55
:102DF00020210120F4F7C4FDC620FFF7D1FB0F21ED
:102E00000120F4F7BDFDD020FFF7CAFBA42101206B
:102E1000F4F7B6FDA1210120F4F7B2FDE020FFF7A1
:102E2000BFFBD0210120F4F7ABFD04210120F4F712
:102E3000A7FD0D210120F4F7A3FD11210120F4F7D6
:102E40009FFD13210120F4F79BFD2B210120F4F7B6
:102E500097FD3F210120F4F793FD54210120F4F761
:102E60008FFD4C210120F4F78BFD18210120F4F790
:102E700087FD0D210120F4F783FD0B210120F4F7DC
:102E80007FFD1F210120F4F77BFD23210120F4F7B2
:102E900077FDE120FFF784FBD0210120F4F770FDDE
:102EA00004210120F4F76CFD0C210120F4F768FDEA
:102EB00011210120F4F764FD13210120F4F760FDD6
:102EC0002C210120F4F75CFD3F210120F4F758FD8F
:102ED00044210120F4F754FD51210120F4F750FD65
:102EE0002F210120F4F74CFD1F210120F4F748FDAC
:102EF0001F210120F4F744FD20210120F4F740FDBB
:102F000023210120F4F73CFD2120FFF749FB292074
:102F1000FFF746FB082003490860FFF75DFCFFF759
:102F200026FC1FBD08063140160A0228040631405F
:102F30001A0A0228180A022880C3C901F59E062829
:102F4000040B3140080B314010B500F0D5F80400F7
:102F500008BFF8F709F9204610BD00F06BB9000072
:102F6000F8B52DED028B96B00400B0EE408B0D004D
:102F7000002C01D0012000E000204FF4F172DFF8B6
:102F80007411C0B2F5F72CFB002000202900002CA2
:102F900071D0BDEEC80B10EE100A9FED541BB4EEBD
:102FA000418BF1EE10FA09D52D222270641C00EE3F
:102FB000100AB8EEC00B38EE400B13E09FED4B1B30
:102FC000B4EE418BF1EE10FAF1D130202070601C8C
:102FD0002E210170401C302101704CE0B2EE042B18
:102FE00020EE020B0A00511ED2B2002AF6D1BDEE2D
:102FF000C00B10EE101A00220A2390FBF3F603FB1D
:10300000160309AE1700FFB246F82730521C0A23F8
:1030100090FBF3F00028EFD11000C0B200281ED0C2
:103020002000441C09AB1600F6B203EB860353F8EC
:10303000043C002B07D409AB1600F6B203EB860361
:1030400053F8043C07E009AB1600F6B203EB860325
:1030500053F8043C5B4230330370521EDCE7280017
:10306000C0B2002807D000202E222270621C002946
:1030700014D13020107016B0BDEC028BF1BD0A23C4
:1030800091FBF3F403FB14136C460600F6B244F80C
:103090002630401C0A2391FBF3F16D1E2B00DBB29E
:1030A000002BECD10100C9B20029E4D011004A1C68
:1030B0006B460400E4B203EB840353F8043C002B9A
:1030C00007D46B460400E4B203EB840353F8043CDA
:1030D00007E06B460400E4B203EB840353F8043CBE
:1030E0005B4230330B70401EDCE700000000000044
:1030F0000000000030850A1010B50446AFF30080D0
:10310000204600F005F80446AFF30080204610BDCD
:10311000F8B500F10F04E408E400A0422BD2082C1B
:1031200004D2082402E0083000F047F8DFF800215C
:103130001368190005D1002007E00568A5420DD2EB
:10314000011D08680028F8D11868111D00E0191D3C
:103150000B6883420BD01D68A542F8D359B10B68A8
:1031600018680838A04208D2586808600FE000F0DC
:1031700063F80028D7D10020F2BD181908601D1D82
:10318000586828511E680F68361B3E601C6009682D
:1031900000291DBF48680028081D0020106003F1A9
:1031A0000800F2BD10B5040006D0AFF30080204641
:1031B00000F003F8AFF3008010BD002800D1704785
:1031C00070B4A0F108021368072B2ED913F0070F73
:1031D0002BD1DFF85C40616809B18A4203D25160AB
:1031E000626015E00146486808B19042FAD3086869
:1031F0000E18B24219D3964203D11B180B600A462F
:1032000006E0486810B1134498420ED350604A60FB
:10321000506850B11368D518854206D10026266043
:103220000168CB1813604068506070BC70470000A4
:10323000BC9C0628FFF7B6BF0749086808B1002004
:1032400070470648C008C00008600549C908C900A1
:10325000091A0160704700BFA89E062807DC0728EE
:1032600000E00728DFF8C4110868C0F34000002818
:1032700001D0022002E0086810F001007047DFF87A
:10328000B001006810F0010070470000C21E022A61
:1032900001D3012002E0C01E0860002070471CB569
:1032A000FF246946FFF7F2FFC0B2002802D02000D9
:1032B000C0B207E0DFF8FC01009950F8210010F0DF
:1032C0000100C0B216BD0000002801D0032801D3C0
:1032D000012002E0401E0860002070471CB5FF245A
:1032E0006946FFF7F1FFC0B2002802D02000C0B24B
:1032F00008E0DFF8C401009909010844C06810F033
:103300000100C0B216BD0000DFF8BC0100688008F3
:1033100010F00100704738B504002000C0B2082842
:1033200011D3DFF898511822DFF89411280000F02B
:103330000DFC0020E87540F65B00DFF8881108609E
:10334000002000F03BFCDFF8CC112000C0B251F8A7
:103350002000C0F30020002805D0E4B251F824007A
:1033600010F00F0000E0FF2032BD38B5040020004F
:10337000C0B2082811D3DFF844511822DFF84011F9
:10338000280000F0E3FB0020E8754FF40960DFF847
:1033900034110860002000F011FCDFF87801E4B27D
:1033A00050F82400C0F30110C0B232BDDFF868212C
:1033B0001368C3F3072303601068C0F3C4000860F8
:1033C0007047DFF858211368C3F3072303601068C0
:1033D000C0F3C4000860704738B50400072C11D34F
:1033E000DFF8D8501822DFF8C411280000F0AEFB37
:1033F0000020E8754FF4CE70DFF8C8100860002098
:1034000000F0DCFBDFF8A00150F8240010F007000A
:10341000010009B2042907D1DFF8880150F824001F
:1034200010F01F0050F4807000B232BD2415264009
:1034300040152640DFF8B01209688A03920B02603B
:10344000090E11F00101C171DFF8A01209680A002C
:10345000D204D20C82800A00120C02F0FF02028118
:10346000090C01F0FF014181DFF84411096811F0F6
:103470000F0202730A00C2F3031242730A00120A17
:10348000D204D20CC281090F11F003010174DFF8DC
:10349000641309680A00120A12F0070282710A0016
:1034A000120CD205D20D4282890F11F00101017573
:1034B000704700004016264000192640489B062809
:1034C00080820A10449D0628100027401CB50C007D
:1034D0006946FFF7DBFE0100C9B2002901D0C0B286
:1034E00017E0DFF8B404009950F8210010F07F01D4
:1034F0002160C0F304216160C0F30441A1600100B8
:10350000090F11F003016173C00E10F00100207368
:10351000002016BD4012264008002040080420402C
:103520001CB50C006946FFF7CFFE0100C9B20029A7
:1035300001D0C0B235E0DFF810150098000108583E
:1035400000F0FF022260C0F304226260C0F3044274
:10355000A260000F10F003002073009800010844DF
:1035600042681000C00F6073C2F30270002801D0DF
:10357000012000E00020A07322F07F422261009829
:103580000001084480680100C90F21750100090E7F
:1035900011F001016175A075000C10F00700E075D5
:1035A000002016BD00012640001226400C830A10A0
:1035B0003815264080B50100DFF868051822F7F7B6
:1035C00079FA0120DFF860150870002002BDDFF8ED
:1035D0005C150968C90F002908D0DFF84C15097877
:1035E000002907D1002101600320704700210160FC
:1035F0000320FAE7DFF82C15096801600020F4E7E2
:1036000010B50400FFF72EFE002803D10020206033
:1036100003200DE0DFF810050078002805D0DFF862
:10362000040580682060002002E000202060032064
:1036300010BD0000DFF8F0140978002905D0DFF88C
:10364000E41449680160002002E0002101600320C9
:103650007047DFF8DC140968C90F002908D0DFF8CB
:10366000C8140978002907D10021016003207047A0
:10367000002101600320FAE7DFF8A814C96801609F
:103680000020F4E7DFF8AC140968C90F002908D05E
:10369000DFF894140978002907D100210160032084
:1036A0007047002101600320FAE7DFF87814096908
:1036B00001600020F4E710B50400FFF725FE0028A4
:1036C00003D10020206003200DE0DFF85C040078C7
:1036D000002805D0DFF84C0440692060002002E09B
:1036E00000202060032010BD3015264034152640F0
:1036F00010B50C00C0B2FFF76FFE00280ED00128F5
:1037000010D0022812D0B0F5887F13D040F21111EA
:10371000884213D0B0F58A7F14D017E02000FFF75D
:1037200056FF16E02000FFF785FF12E02000FFF7AC
:1037300067FF0EE02000FFF78CFF0AE02000FFF794
:10374000BAFF06E02000FFF79DFF02E000202060A6
:10375000032010BD80B501000020FFF7C9FF02BDA6
:1037600080B50322D2B2824203D200200860012039
:1037700003E0401CC0B2FFF7BBFF02BD18B587B025
:1037800004006846FFF7E6FF0100C9B2002903D034
:1037900000212160C0B22BE001A8FFF74BFE9DF88D
:1037A0001400022803D100982060002020E0DFF8F8
:1037B00088030068C00F002808D0FFF760FDC0B282
:1037C000002807D100202060032011E0009820602D
:1037D00000200DE0009901984143BDF80800B1FBBD
:1037E000F0F09DF80B10491CB0FBF1F020600020B8
:1037F00008B010BD3C152640F0B58BB005000C009C
:1038000069462800C0B2FFF7ABFF0100C9B200292A
:1038100003D000212160C0B2BCE02800C0B2022861
:103820004CD307A92800C0B2401CFFF74FFEC0B21E
:10383000002811D0DFF804631822DFF804133000E9
:1038400000F084F90020F07540F66310DFF8F41200
:103850000860002000F0B2F94F482900C9B200EB1F
:10386000810050F8080CC00F002807D09DF82900EF
:10387000022807D10098206000208BE0009820608B
:10388000002087E0EDB26D1C2800FFF708FD010065
:10389000C9B2002902D0C0B2FF2803D100202060A5
:1038A000032077E00099079841430898B1FBF0F0B6
:1038B0000999B0FBF1F0206000206BE001A928001D
:1038C000C0B2401CFFF72CFEC0B2002811D0DFF8B8
:1038D0006C621822DFF86812300000F037F900201F
:1038E000F07540F67F10DFF85C120860002000F0F1
:1038F00065F955482900C9B209014058C00F002890
:1039000007D09DF81000022807D100982060002001
:1039100040E00098206000203CE0EDB26D1C2800E3
:10392000FFF7DCFC0100C9B2002902D0C0B2FF28B9
:1039300003D10020206003202CE09DF81100012815
:103940001DD1009A0023019E00273F0647EA162753
:1039500036060598002136184F41A6FB020106FBEA
:10396000031107FB0211029A039BA3FB0223F7F743
:10397000E3FA000E40EA0120090E206009E00099F8
:10398000019841430298B1FBF0F00399B0FBF1F0CC
:10399000206000200BB0F0BD0016264010B50323B8
:1039A000421E0400E4B2002C03D10800FFF7E6FE3B
:1039B0000CE01400DBB2E4B2A34204D31000C0B2A6
:1039C000FFF71AFF02E0C0B2FFF792FE10BD38B554
:1039D00005000C002800C0B2FFF79DFC0100C9B231
:1039E000FF2904D12000FFF7F2FDC0B21BE06946B9
:1039F000C0B2FFF7D3FF0100C9B2002903D00021F4
:103A00002160C0B20FE02800C0B2FFF7AEFCC0B228
:103A1000002805D002280BD006D303280CD00FE0D5
:103A200000982060002032BD009840082060F9E72F
:103A3000009880082060F5E70098C0082060F1E752
:103A4000002020600320EEE7001926401FB5040087
:103A500002A90120FFF7BBFF0100C9B2002903D072
:103A600000212160C0B21AE0694601A8FFF79EFC60
:103A700001980021421C71F1FF335B0143EAD263DC
:103A800052010098002112184B410298002149016F
:103A900041EAD0614001F7F74FFA2060002004B0FE
:103AA00010BD1FB5040002A90120FFF790FF01001F
:103AB000C9B2002903D000212160C0B21AE06946D2
:103AC00001A8FFF77EFC01980021421C71F1FF3331
:103AD0005B0143EAD26352010098002112184B4166
:103AE00002980021490141EAD0614001F7F724FA28
:103AF0002060002004B010BD80B5DFF84C100A68CB
:103B0000C2F303220E2A07D00968C1F303210D294D
:103B100005D1FFF7C6FF02BDFFF798FFFBE70120C5
:103B2000F9E70000309B0628D09E0628181526408D
:103B3000081526400C15264030152640489B0628BF
:103B40000C830A10449D06280000204001B58B0715
:103B50001AD1830724D1121F21D351F8043BA3F1BA
:103B6000013C2CEA030C1CF0803C04BF40F8043BF1
:103B7000F1E79CFA8CFCBCFA8CF1C1F118018B4086
:103B8000CB4040F8043B13E0042A09D311F8013B71
:103B9000521E00F8013B5BB18B07F7D1D9E7121D2C
:103BA0005AB111F8013B521E00F8013B03B1F8D1A4
:103BB00011001CBF0022F3F733FC01BD01BEFEE77C
:103BC00080B5354A35490B6893423ED00A60344A85
:103BD00012684A62334A8A6202684A6042688A60AE
:103BE0008268CA60C2680A6102694A6142698A6180
:103BF0008269CA61C2690A62F1EE102A12F0900F5E
:103C000023D0294A8A62026ACA62426A0A63826AC5
:103C10004A63C26A8A63026BCA63426B0A64826B3C
:103C20004A64C26B8A64026CCA64426C0A65826C24
:103C30004A65C26C8A65026DCA65426D0A66826D0C
:103C40004A66C26D8A66006EC86600F033F801BD30
:103C500001290EDB10F01F025118BFF34F8F134ADA
:103C60001060203020390129F9DABFF34F8FBFF3FC
:103C70006F8F704701290EDB10F01F025118BFF340
:103C80004F8F0B4A1060203020390129F9DABFF339
:103C90004F8FBFF36F8F7047FAF9F8F7EC9606284D
:103CA00028ED00E0A4A3A2A1ABAAA9A85CEF00E0C4
:103CB00068EF00E0FEE70000DFF86C271278002ACA
:103CC0000BD0F5EE400AF1EE10FA06D99FED7B1A03
:103CD000F4EE410AF1EE10FA06DB80ED000A002056
:103CE00008609FED770A45E090ED001A30EE411A2A
:103CF000C1EE200A9FED731AF4EE410AF1EE10FABC
:103D000002D5F0EE410A09E09FED6F1AF4EE410A88
:103D1000F1EE10FA02DBDFED6D0AFFE791ED001A1C
:103D200070EEC10A9FED6A1AD1ED001A40EE811AB9
:103D3000C1ED001AD1ED000ABAEE001AF4EE410A04
:103D4000F1EE10FA02D5FAEE000A0DE0D1ED000A0C
:103D50009FED601AF4EE410AF1EE10FA02DBF2EE8A
:103D6000000A01E0D1ED000AC1ED000A80ED000A71
:103D700091ED000A70470000DFF8B00600780028D7
:103D80000CD0DFF8AC0690ED060ADFED530AB4EE76
:103D9000600AF1EE10FA01DB012000E00020C0B261
:103DA0007047000038B52DED048B0400F0EE408A1A
:103DB0000D00B0EE418A94ED089A0021B0EE680A39
:103DC0002000FCF717FDEDB2002D12D194ED080A8A
:103DD000DFED420A20EE200A84ED080A94ED070A7E
:103DE000D4ED080A30EE200AD4ED090A30EE200A9C
:103DF00021E0B4EE408AF1EE10FA04D5F5EE408AE7
:103E0000F1EE10FA0BDCF1EE480AB4EE600AF1EEC6
:103E100010FA10D5F5EE408AF1EE10FA0BD584EDCC
:103E2000089A94ED070AD4ED080A30EE200AD4ED82
:103E3000090A30EE200AF1EE480AB4EE600AF1EE0B
:103E400010FA02D5B1EE488A06E0B4EE408AF1EEEF
:103E500010FA01D4B0EE408AB0EE480ABDEC048BF3
:103E600031BD10B5DFF8CC452000DFF8CC15342289
:103E7000F6F720FE14F13400DFF8C0153422F6F70F
:103E800019FE14F16800DFF8B8153422F6F712FEB7
:103E900014F19C00DFF8AC153422F6F70BFE14F198
:103EA000D000DFF8A4153422F6F704FE14F5827072
:103EB000DFF898153422F6F7FDFD10BDCECCCC3DD1
:103EC00000000000000048C20100484200004842D3
:103ED0003333B33E01000041BD8EB04152B87E3F46
:103EE00070B52DED068BB0EE408ADFF840150878EE
:103EF000002834D1DFF85805002202600022426019
:103F0000DFF8502500239361496A8160DFF8480596
:103F100000210160DFF8440500210160DFF8400561
:103F200000210160DFF83C05002101600020DFF87E
:103F3000F814087000240FE03426DFF8F85406FB6C
:103F400004F02844FCF7B8FD06FB04F605EB060078
:103F50009C30FCF7B1FD641C032CEDDB89E1DFF83C
:103F6000F044C869E060086A2061486A6061DFF86F
:103F7000C054E8692060286A6060FBEE0E8A94ED08
:103F8000000AB4EE680AF1EE10FA02D5B0EE680A43
:103F90000DE094ED000ADFEDB80AB4EE600AF1EE30
:103FA00010FA02DBB3EE0E0A01E094ED000A84ED94
:103FB000000A94ED010AB4EE680AF1EE10FA02D597
:103FC000B0EE680A0DE094ED010ADFEDAB0AB4EE45
:103FD000600AF1EE10FA02DBB3EE0E0A01E094ED96
:103FE000010A84ED010AF0EE480ADFF87414DFF8E4
:103FF000680494ED000AFFF75FFEF0EE409AF0EEE1
:10400000480ADFF86014DFF8540494ED010AFFF762
:1040100053FEB0EE40AADFF810140878002801D152
:104020000120087095ED090AB9EE049AB4EE490A28
:10403000F1EE10FA02D5B0EE490A09E0DFED8F0A81
:10404000B4EE600AF1EE10FA02DBB1EE040AFFE70B
:10405000DFF80064D6ED060A70EE600AF4EE680A36
:10406000F1EE10FA11D4D6ED060A70EE600A9FED5B
:10407000821AF4EE410AF1EE10FA02DBF3EE0E8A38
:1040800003E0D6ED060A70EE608AD6ED060A70EE01
:10409000A80AC6ED060AD6ED060A94ED021A00EE4D
:1040A000881A84ED021ADFED760A94ED021AB4EE56
:1040B000601AF1EE10FA08D594ED021ADFED711ACC
:1040C00031EE211A84ED021A10E094ED021ADFEDB0
:1040D0006E1AB4EE611AF1EE10FA07DB94ED021AD3
:1040E000DFED6A1A31EE211A84ED021A94ED021AFC
:1040F000D4ED051A31EE611A84ED061A94ED061A14
:10410000B4EE601AF1EE10FA08D5D4ED060A9FED70
:104110005D1A70EE810AC4ED060A10E0D4ED060ABD
:104120009FED591AF4EE410AF1EE10FA07DBD4EDD7
:10413000060A9FED561A70EE810AC4ED060AD4ED08
:10414000060A9FED531AF4EE410AF1EE10FA07DB6E
:10415000B5EE400AF1EE10FA12DD9FEDAC0A0FE069
:10416000D4ED060A9FEDAA1AF4EE410AF1EE10FA18
:1041700006D5B5EE400AF1EE10FA01D59FEDA30A7F
:10418000AC4DDFEDA28A0021F0EE480A94ED000A62
:1041900094ED031A30EE410A2800FCF72BFB09EEE0
:1041A000A80A86ED000A0021F0EE480A94ED010A03
:1041B00094ED041A30EE410A15F13400FCF71AFBB5
:1041C0000AEE280A86ED010A0021F0EE480A94ED75
:1041D000060A15F16800FCF70DFB86ED020A9FED5B
:1041E0008D0AD6ED000AF4EE400AF1EE10FA02D57F
:1041F000F0EE400A0DE0D6ED000A9FED871AF4EECE
:10420000410AF1EE10FA02DBDFED840A01E0D6ED9F
:10421000000AC6ED000AD6ED010AF4EE400AF1EEFE
:1042200010FA0DD496ED010ADFED7B0AB4EE600AB8
:10423000F1EE10FA02DB9FED790A01E096ED010A3A
:1042400086ED010A96ED020AB4EE490AF1EE10FA83
:104250000DD496ED020ADFED090AB4EE600AF1EE24
:1042600010FA02DBB1EE049A01E096ED029A86EDB7
:10427000029ABDEC068B70BD0100F0410100A04028
:10428000000034C30000B443010034430000B4C351
:104290000100B442F8B52DED048BB0EE409A6348AE
:1042A000007800281CD17048002101600021416085
:1042B0000021816067486D498A69C260CA690261EC
:1042C000096A4161002408E05A48342101FB04F1E5
:1042D00008449C30FCF7F0FB641C032CF4DB92E0F8
:1042E0005C4D62488169E960C1692961006A686161
:1042F000FFF742FD0600B2EE048A4E4F5A4CB0EE74
:10430000481A3100C9B2F0EE490A95ED000AD5ED20
:10431000031A30EE610A17F19C00FFF743FD84EDAC
:10432000000AB0EE481A3100C9B2F0EE490A95ED24
:10433000010AD5ED041A30EE610A17F1D000FFF73B
:1043400031FD84ED010AF1EE0C8AB0EE681A3100FD
:10435000C9B2F0EE490A95ED020AD5ED051A30EE24
:10436000610A17F58270FFF71DFD84ED020ABAEEAF
:10437000040AD4ED000AF4EE400AF1EE10FA02D578
:10438000F0EE400A0DE0D4ED000A9FED251AF4EEA0
:10439000410AF1EE10FA02DBF0EE480A01E0D4ED3A
:1043A000000AC4ED000AD4ED010AF4EE400AF1EE71
:1043B00010FA02D5B0EE408A0AE094ED010ADFED72
:1043C000180AB4EE600AF1EE10FA01DA94ED018AEF
:1043D00084ED018AB9EE0C0AD4ED020AF4EE400A2B
:1043E000F1EE10FA02D5F0EE408A0AE094ED020AEE
:1043F000DFED0C0AB4EE600AF1EE10FA01DAD4ED4A
:10440000028AC4ED028ABDEC048BF1BD00000000FD
:104410000000B4C2000048C2010048420000484207
:10442000010020410100E040C99E0628E4980628CA
:10443000889A0628D0910628388E0A106C8E0A10A9
:10444000A08E0A10D48E0A10088F0A103C8F0A1012
:10445000B09A0628149B0628D09C0628D49C0628CF
:10446000D89C0628DC9C06286C9C0628600702283D
:104470002820704738B50400FFF7FAFF0200521EEB
:10448000DFF8840500230AE054F8235015EB80156B
:1044900015EB9005DFF874154D1968405B1C9342CD
:1044A000F2D332BD38B50400A02100222500280037
:1044B000F2F7B2FFDFF85805206001206060DFF8F6
:1044C00054050068401CA060002025E0DFF8481576
:1044D0000C220300DBB2534323440500EDB201EB91
:1044E000C5056D682D68DD600300DBB253432344CE
:1044F0000500EDB201EBC5056D686D681D61030037
:10450000DBB202FB03F222440300DBB201EBC30186
:10451000496889685161401C0100C9B20C29D5DB8A
:104520002000FFF7A7FFC4F89C0031BD10B50400C0
:104530002068DFF8DC14884201D000200EE06068BB
:10454000012801D0002009E02000FFF793FFD4F8F4
:104550009C10884201D0002000E0012010BD38B539
:10456000040000252CE0DFF8B0040C212A00D2B2B0
:104570004A432244D2682B00DBB200EBC3035B68E2
:104580001A602A00D2B200EBC20252682B00DBB2E2
:104590004B4323441B6953602A00D2B200EBC20292
:1045A00052682B00DBB201FB03F1214449699160A1
:1045B0002900C9B200EBC1004068FCF77DFA6D1C10
:1045C0002800C0B20C28CEDBA068DFF848140860D1
:1045D00031BD80B5A8B05F21002000F045FA002869
:1045E00006D1DFF83804DFF83814086000201BE03B
:1045F000FFF73EFF03006A465F21002000F070FADB
:104600006846FFF793FF002805D196A0DFF8101445
:104610000860002008E06846FFF7A1FFDFF8040407
:10462000DFF8FC130860012029B000BD80B5A8B0F8
:104630006846FFF737FFFFF71BFF03006A465F215D
:10464000002000F092FA0298DFF8C8130860DFF843
:10465000D803DFF8CC1308600120DFF8D01308700E
:1046600029B000BDDFF8B003DFF8C413097800EB10
:10467000C1004068DFF8BC231178002905D011780B
:10468000012901D1001D00E0083070470100C9B2C6
:10469000002901D174A005E0C0B2012801D173A0A6
:1046A00000E073A0704780B52DED028BB0EE408A1C
:1046B000FFF7D8FF90ED000A30EE080A80ED000AFF
:1046C00090ED000AB5EE400AF1EE10FA01D5002196
:1046D0000160DFF84403DFF85813097800EBC100EC
:1046E0004068FCF7E9F9DFF85003DFF8341308609D
:1046F0000120DFF838130870BDEC028B01BD38B51E
:104700002DED028B04000D00B0EE408AD2B2002ADB
:1047100005D000214FF6FF70FEF7B3F804E04FF626
:10472000FF710020FEF7ADF8C44A210089B20020D5
:10473000FEF7A8F92A00210089B20020FEF7A2F9AD
:1047400005230222B7EEC80A210089B22020FEF715
:10475000EEF9BDEC028B31BDF8B5B54EAE4F3078F9
:1047600007EBC00044684FF6FF7529000020FEF7F4
:1047700088F8FEF731F8B24A00210020FEF782F9EE
:10478000A748026800215820FEF77CF9AD4A1021A5
:104790000020FEF777F9307857F8302010213020CC
:1047A000FEF770F9A84A20210020FEF76BF9A14E10
:1047B0003078FFF76BFF020020213020FEF762F90E
:1047C000A24A30210020FEF75DF905230122A0480E
:1047D000A049097800EB810090ED000AB7EEC00A0D
:1047E00030213020FEF7A3F93078002801D10122D2
:1047F00000E00022D2B294ED000A80A14020FFF731
:104800007EFF3078012801D1012200E00022D2B2DF
:1048100094ED010A7AA15020FFF771FF3078022849
:1048200001D1012200E00022D2B294ED020A75A16A
:104830006020FFF764FF29000020FEF722F8864A77
:1048400070210020FEF71EF9F1BD80B500F0CCF913
:10485000FFF7BFFE642000F028FA012073490870BA
:1048600001BD0000424144004B5000004B49000094
:104870004B44000010B500F0C5F9002000F00CFA20
:10488000002802D1002075490870022000F004FAC7
:10489000002802D1002072490870032000F0FCF9C2
:1048A000002802D100206F490870002000F0F4F9C0
:1048B000022815D169490878002811D15C4802788E
:1048C000521C027002780C2A01DB002202700120C7
:1048D0000870002000F0E4F901205449087017E046
:1048E000002000F0D9F9012812D15C480078002896
:1048F0000ED150480178491C01700178032901DB71
:1049000000210170002000F0CBF901204749087018
:10491000012000F0C1F901280BD14D484D4909781B
:1049200000EB810090ED000AFFF7BDFE012000F0D2
:10493000B7F9022000F0B0F9022816D1484A1078E1
:10494000002812D13A490878002802D10B200870BB
:1049500002E00878401E087001201070022000F06C
:104960009FF901203149087016E0022000F094F907
:10497000012811D13A48007800280DD13448354932
:10498000097800EB810090ED000AB1EE400AFFF7D4
:104990008AFE022000F084F9032000F07DF902284D
:1049A0000BD1304C2078002807D1FFF73FFE0120C3
:1049B0002070032000F074F917E0032000F06CF978
:1049C000012812D12748007800280ED1214801780B
:1049D000491C01700178062901DB002101700320C8
:1049E00000F05EF9012011490870104C2078002871
:1049F00003D0FFF7B1FE0020207010BD4B503A00ED
:104A00004B493A004B443A005A5AA5A5B979379E0A
:104A100031444950249E062804090228AC970A1004
:104A200064090228B4970A10BC970A10200A0228C9
:104A3000E19E0628E29E0628C4970A1098960A105E
:104A4000EC960A10CC970A10D4970A10DC970A103B
:104A5000E4950A101F0A0228AC960A10E39E062865
:104A6000E49E0628E59E062838B50C00602C01D28D
:104A7000012000E00020604D36222900C0B2F3F78B
:104A8000AFFD372229005D480078F3F7A9FD012129
:104A9000E40214F1A054200000F0E6F9002801D14E
:104AA000012000E00020C0B232BD38B50C00602CFF
:104AB00001D2012000E000204F4D46222900C0B263
:104AC000F3F78EFD472229004C480078F3F788FD64
:104AD0000121E40214F1A054200000F086F931BD58
:104AE000F8B50E0014001D000020602E01D2012038
:104AF00000E00020404F59223900C0B2F3F770FDAA
:104B000040F20120854201D2012000E000205A221B
:104B10003900C0B2F3F764FD5B22390037480078F2
:104B2000F3F75EFD5FF0A050F602B60800EB8601D9
:104B3000AA000B00012A0EDB13F01F008218BFF33E
:104B40004F8F2F4803602033203A012AF9DABFF350
:104B50004F8FBFF36F8F002004E051F820202260B8
:104B6000241D401CA842F8D3F1BD2DE9F0410700F7
:104B70000C0015001E00602C01D2012000E0002076
:104B8000DFF8748074224146C0B2F3F729FD40F289
:104B90000120864201D2012000E00020752241461A
:104BA000C0B2F3F71DFD7622414614480078F3F7B2
:104BB00017FD21003800FFF757FF002803D0210020
:104BC0003800FFF772FFE40214F1A054002707E059
:104BD00001222900200000F08DF9241D2D1D7F1CCD
:104BE000B742F5D3BDE8F08180B5002000F0DFF8D2
:104BF00001200249087001BD28870A10FD9E062881
:104C00005CEF00E010B5002000241FE0002122002E
:104C1000D2B2815413E037482100C9B2415C022965
:104C2000F4D035492200D2B251F822100A3940F2AC
:104C3000DE329142EAD201212200D2B28154002018
:104C40002D492200D2B241F82200641C2000C0B2DB
:104C5000042820DA29482100C9B2405CF3F7A9FAF8
:104C60000128D8D024492000C0B251F8202024487F
:104C7000006882182000C0B241F820202000C0B295
:104C800051F82000B0F57A7FDFD3022019492200C5
:104C9000D2B28854D9E710BD1649C0B2085C70473B
:104CA0000021144AC0B21154704770B50400002CA2
:104CB00001D0012000E000208C221249C0B2F3F79D
:104CC0008FFC002000250EE00123012200210B486B
:104CD0002E00F6B2805DF3F7A4FA002005492A0001
:104CE000D2B288546D1C2800C0B20428ECDB044802
:104CF000046070BD9C9E0628509C0628B8980A1037
:104D0000989E062820880A10010009B2002909D4BB
:104D1000012210F01F018A40DFF8941200B240090E
:104D200041F820207047020012B2002A05D4490140
:104D3000DFF8802200B2115408E04901DFF8782240
:104D400000B210F00F00104400F8041C7047DFF8A8
:104D50006C02016851F0010101600168C907FCD4CF
:104D600070479748016851F001010160704795480C
:104D7000016851F00101016070471FB5684600F0FD
:104D80000BFA00280DD0904C182290492000FEF715
:104D9000DDFE0020E07549208D4908600020FEF707
:104DA0000DFF01208B490870FFF7D1FF1FBD80B5B3
:104DB000C0B201280ED10321874800F017FA032161
:104DC0000320FFF7B0FF0320FFF79EFF0120834978
:104DD000087002E0002081490870FFF7C2FFFFF76A
:104DE000C6FF01207B49087001BD7CB504000D00A1
:104DF0007B48D0E90023CDE900232800C0B2002879
:104E000014D17648007801280DD06F4E18226F49D2
:104E10003000FEF79BFE0020F07594206C4908607E
:104E20000020FEF7CBFE00206A49087001208DF8B3
:104E3000040000208DF8050000942A00D2B26946D3
:104E4000002000F0D6FB00280DD05F4C18225F49EF
:104E50002000FEF77BFE0020E0759E205C49086084
:104E60000020FEF7ABFE73BD7CB505000C002800EA
:104E700000F0C4FA00280DD0534E182253493000D8
:104E8000FEF764FE0020F075B5205149086000204F
:104E9000FEF794FE2000C0B2002814D14F480078DD
:104EA00001280DD0484E182248493000FEF74EFE2A
:104EB0000020F075B920464908600020FEF77EFE0C
:104EC0000020444908700095280000F0CCFA002822
:104ED00001D0202001E04FF4007001902200D2B2F6
:104EE0006946002000F0B9FB002801D1012000E054
:104EF000002076BDF8B584B004000D001600200037
:104F000000F07CFA00280DD02F4F18222F493800CE
:104F1000FEF71CFE0020F875DF202D4908600020F8
:104F2000FEF74CFE68461021F4F7CEFC3000C0B20C
:104F3000002814D12948007801280DD0224F1822CA
:104F400022493800FEF702FE0020F875E6202049CD
:104F500008600020FEF732FE00201E490870012084
:104F60008DF8080001208DF8090002208DF80A0054
:104F700001208DF80B0000208DF80C0000940195A5
:104F80003200D2B26946002000F0EFF900280DD0BF
:104F90000D4C18220D492000FEF7D8FD0020E075C9
:104FA000F5200B4908600020FEF708FE05B0F0BDB3
:104FB00000E100E000E400E018ED00E0080024401B
:104FC00000F4244000F52440489B0628AC840A10D5
:104FD000449D0628CE9E06287B4D0A10CF9E0628AB
:104FE00034970A1038B50400082C10D3DFF8B052FB
:104FF0001822DFF8B0122800FEF7A8FD0020E8759F
:10500000E820DFF8A41208600020FEF7D7FDDFF8E3
:105010009C026401204432BDDFF894321B6862F3C5
:105020001F4361F30F0383607047C0687047DFF868
:1050300084321B6862F31F4361F30F03036000684F
:105040007047C069C00FC0B27047F8B502000D00CC
:10505000002A01D1052053E0DFF85C120868C0F394
:105060000320002801D1002007E00868C0F30320D6
:105070000E2801D1012000E00220DFF8401240019B
:1050800001EB00067FF07044DFF834723800110045
:105090001022F5F7FFFC3868400840003860102106
:1050A0003800FEF7E7FDDFF81C323A00012130003E
:1050B00000F076FB002804D0012021E0641E002CC3
:1050C00015D03000FFF7BDFF0028F7D1002D08D024
:1050D00010213800FEF7BCFD280039001022F5F73A
:1050E000D9FC00F041F8012803D1032008E0022098
:1050F00006E000F039F8002801D1002000E004208B
:10510000F2BD38B50100002901D105202BE06A4A23
:105110001068C0F30320002801D1002007E01068C8
:10512000C0F303200E2801D1012000E00220634AD1
:10513000400102EB0004624D28001022F5F7AAFCA2
:10514000286840084000286010212800FEF792FDE2
:105150005C4B2A000121200000F022FB002801D036
:10516000012000E0002032BD10B5554C1021200078
:10517000FEF76EFD206810F07040B0F1204F01D1B5
:10518000002008E0206810F07040B0F1704F01D1AD
:10519000012000E0022010BD38B50400FFF7E4FF55
:1051A00005002800C0B2022802D17FF070400DE057
:1051B000002C04D0200042491022F5F76BFCEDB220
:1051C000002D01D1002001E03D48006832BD10F003
:1051D0007041B1F1204F01D1002006E010F0704184
:1051E000B1F1704F01D07FF0704070473EB5364A44
:1051F000D2E90045CDE90045ADF802103349086019
:105200006846F5F7ABFC0FF24101BDF90000F5F778
:10521000E4FC0220FFF7E6FE274A1168C1F30321F0
:10522000002901D1002107E01168C1F303210E29F3
:1052300001D1012100E002210022012313FA01F132
:10524000FFF7EAFE37BD000038B500200220FFF767
:10525000C9FE04002000FFF7E8FE050016490868B3
:10526000C0F30320002801D1002007E00868C0F344
:1052700003200E2801D1012000E002202900C140B6
:10528000C80705D511490868002801D0086880477B
:105290002A00120CADB229002000FFF7C8FE31BD74
:1052A000489B062824840A10449D062800102240AA
:1052B00088980A108C980A100000204000002240B4
:1052C000209C0628409D06283C970A103C9D0628F5
:1052D000DFF83C040068400B10F001007047DFF875
:1052E00030040068000B10F001007047DFF8240460
:1052F000016851F0010101600168C907FCD47047E1
:105300001FB50400C9B2012924D168461021F4F761
:10531000DBFA69462000FFF798FE0100C9B20129B7
:1053200002D1DFF8F4031EE00100C9B2022902D164
:10533000DFF8E80317E0C0B2042802D1DFF8E00389
:1053400011E0009800F0F6F800280CD1FFF7CEFF2E
:10535000002008E02000FFF7D4FE002802D0DFF88C
:10536000B80300E0002004B010BD38B584B00C00D4
:105370001500002C02D1DFF8AC033DE0206800F0FE
:10538000C7F8012802D06068002802D1DFF8940332
:1053900032E068461021F4F797FA0620009960F38E
:1053A0001F610091207A009960F30F210091607ACB
:1053B000009960F317410091E07A019960F30F21A1
:1053C0000191A07A019960F307010191207B019975
:1053D00060F31F6101912068029060680390DFF81C
:1053E0004803A17A30F811106068FEF743FC2900E9
:1053F000C9B26846FFF784FF05B030BD10B50400A0
:10540000FFF766FF00280ED114F16C40B0F5403F65
:1054100001D2002026E0DFF814030419B4F5803F20
:105420001FD200201EE014F16C40B0F5C03F01D245
:10543000002017E0DFF8F8020019B0F5004F01D2A4
:1054400000200FE014F16B40B0F5C03F01D2002006
:1054500008E0DFF8E0020419B4F5004F01D20020A3
:1054600000E0012010BD10B50400FFF731FF002857
:1054700007D1DFF8B8020419B4F5803F11D201203A
:1054800010E0DFF8AC020019B0F5004F01D20120A6
:1054900008E0DFF8A0020419B4F5004F01D20120A2
:1054A00000E0002010BD10B50400FFF718FF002831
:1054B0000ED114F17040B0F57C1F01D2002026E01F
:1054C000DFF874020419B4F5003F1FD200201EE07B
:1054D00014F17040B0F5FC1F01D2002017E0DFF896
:1054E0005C020019B0F5803F01D200200FE014F1FA
:1054F0006E40B0F5FC1F01D2002008E0DFF840024A
:105500000419B4F5803F01D2002000E0012010BD55
:1055100010B504002000FFF771FF002801D1002022
:1055200007E02000FFF7BFFF002801D1002000E0C6
:10553000012010BD80B5FFF74AFE002801D10020F0
:1055400056E07FF07041884202D1DFF8D4014FE08D
:10555000DFF8F011401A1CD0801E1DD0401E1ED056
:10556000401E1FD0401E20D0001F21D0873822D0DF
:10557000401E23D0123824D0401E25D0401E26D0F5
:10558000801E27D0801E28D0083829D009382AD07C
:105590002CE05FF4A4002BE0DFF8AC0128E0DFF89A
:1055A000AC0125E0DFF8A80122E0DFF86C011FE084
:1055B000DFF8A0011CE0DFF8A00119E0DFF89C0192
:1055C00016E0DFF89C0113E0DFF8980110E0DFF847
:1055D00098010DE0DFF894010AE0DFF8940107E09C
:1055E000DFF8900104E0DFF8900101E0DFF830011E
:1055F00002BD38B584B00C001500002C02D1DFF8D4
:10560000240128E02068FFF783FF012802D1DFF89A
:10561000140120E0207810F0030F02D0DFF804011D
:1056200019E068461021F4F74FF91420009960F34F
:105630001F6100912079009960F30F21009160793A
:10564000009960F317410091206801902900C9B2C8
:105650006846FFF755FE05B030BD38B588B00C0080
:105660001500002C01D12F484FE06068002801D1BF
:105670002C484AE02068FFF7C1FE012808D02068C6
:10568000616810EB8100401EFFF7B8FE012801D1D0
:1056900024483AE068461021F4F716F92A200099C8
:1056A00060F31F610091206801906068401E80B225
:1056B0000299090C090408430290EDB2012D1CD196
:1056C00004A81021F4F700F904A96846FFF7BDFC0F
:1056D0000100C9B2012901D10F4816E00100C9B289
:1056E000022901D10D4810E0C0B2042801D10C48B4
:1056F0000BE00498FFF71EFF07E06846FFF701FD87
:10570000002801D0044800E0002009B030BD0000AE
:105710000000244008002440040052001000520001
:10572000FF0052000F0052005C960A100000FDEBD3
:105730000080FEEB0080FEEA0000C1EF0080E0EF99
:105740000080E0ED010000F0010052000200520074
:1057500003005200050052000600520007005200EC
:1057600008005200090052000A0052000B005200CB
:105770000C0052000D0052000E005200154A126833
:1057800061F30F0282607047C1607047016170472A
:105790000068C00F002801D10F4800E000207047CA
:1057A000F8B504000D0016001F002000FFF7F0FF01
:1057B00000280DD131002000FFF7E6FF390020005E
:1057C000FFF7E4FF29002000FFF7D8FF002000E0EA
:1057D0000148F2BD4C980A1001008A000000000048
:1057E000000000000000000000000000000000F8C1
:1057F00000000000000000333000000000100C0624
:10580000100C0600000000000000000040C07840BE
:10581000C0784000043F04043F040400007088FC8A
:1058200008300000001820FF211E0000F008F000E2
:10583000E018000000211C031E211E0000F0088853
:10584000700000001E2123241927211010160E00BD
:10585000000000000000000000000000000000E068
:10586000180402000000000718204000000204187D
:10587000E00000000040201807000000404080F0D9
:10588000804040000202010F01020200000000F00F
:10589000000000000101011F0101010000000000E3
:1058A0000000000080B07000000000000000000058
:1058B00000000000000101010101010100000000E1
:1058C0000000000000303000000000000000000078
:1058D00080601804006018060100000000E0100855
:1058E0000810E000000F102020100F00001010F82A
:1058F000000000000020203F202000000070080869
:1059000008887000003028242221300000300888E8
:10591000884830000018202020110E000000C02010
:1059200010F8000000070424243F240000F8088831
:10593000880808000019212020110E0000E01088BE
:1059400088180000000F112020110E0000380808F0
:10595000C83808000000003F000000000070880800
:1059600008887000001C222121221C0000E0100881
:105970000810E0000000312222110F00000000C0DA
:10598000C000000000000030300000000000008077
:105990000000000000008060000000000000804067
:1059A0002010080000010204081020004040404080
:1059B00040404000040404040404040000081020D3
:1059C0004080000000201008040201000070480818
:1059D0000808F0000000003036010000C030C82880
:1059E000E810E0000718272423140B000000C0383B
:1059F000E0000000203C23020227382008F88888B5
:105A000088700000203F202020110E00C0300808C0
:105A100008083800071820202010080008F8080897
:105A20000810E000203F202020100F0008F8888890
:105A3000E8081000203F20202320180008F888885C
:105A4000E8081000203F200003000000C0300808D4
:105A50000838000007182020221E020008F808005D
:105A60000008F808203F210101213F20000808F824
:105A7000080800000020203F202000000000080847
:105A8000F8080800C08080807F00000008F888C007
:105A900028180800203F20012638200008F80800B8
:105AA00000000000203F20202020300008F8F800EF
:105AB000F8F80800203F003F003F200008F830C001
:105AC0000008F808203F200007183F00E0100808F1
:105AD0000810E0000F10202020100F0008F8080820
:105AE0000808F000203F210101010000E010080833
:105AF0000810E0000F18242438504F0008F8888858
:105B000088887000203F2000030C30200070880837
:105B1000080838000038202121221C00180808F845
:105B2000080818000000203F2000000008F80800C6
:105B30000008F808001F202020201F000878880097
:105B400000C83808000007380E010000F80800F807
:105B50000008F800033C0700073C030008186880B1
:105B60008068180820302C03032C30200838C80027
:105B7000C83808000000203F200000001008080876
:105B8000C83808002038262120201800000000FE18
:105B9000020202000000007F40404000000C30C0C4
:105BA00000000000000000010638C00000020202F0
:105BB000FE000000004040407F00000000000402A2
:105BC00002020400000000000000000000000000CD
:105BD00000000000808080808080808000020204BD
:105BE00000000000000000000000000000008080B5
:105BF000808000000019242222223F2008F8008023
:105C000080000000003F112020110E0000000080E5
:105C100080800000000E1120202011000000008074
:105C20008088F800000E112020103F2000008080A6
:105C300080800000001F222222221300008080F0BA
:105C4000888888180020203F2020000000008080E5
:105C500080808000006B94949493600008F800802A
:105C600080800000203F210000203F200080989885
:105C7000000000000020203F2020000000000080E5
:105C80009898000000C08080807F000008F8000025
:105C900080808000203F24022D302000000808F87A
:105CA000000000000020203F202000008080808035
:105CB00080808000203F20003F20003F80800080C7
:105CC00080800000203F210000203F2000008080D5
:105CD00080800000001F202020201F008080008086
:105CE0008000000080FFA12020110E000000008035
:105CF00080808000000E112020A0FF808080800026
:105D00008080800020203F21200001000000808052
:105D1000808080000033242424241900008080E047
:105D2000808000000000001F202000008080000014
:105D300000808000001F202020103F2080808000F5
:105D40000080808000010E30080601008080008005
:105D5000008080800F300C030C300F00008080002A
:105D6000808080000020312E0E3120008080800055
:105D70000080808080818E70180601000080808005
:105D8000808080000021302C2221300000000000A3
:105D9000807C020200000000003F40400000000044
:105DA000FF00000000000000FF0000000002027C75
:105DB000800000000040403F00000000000601019C
:105DC000020204040000000000000000DFF850059B
:105DD0000021016070470000B5EE400AF1EE10FAB4
:105DE00002D59FED5E0A09E0DFED200AB4EE600AFD
:105DF000F1EE10FA02DB9FED1E0AFFE7DFF8200547
:105E0000D0ED000A30EE600AB5EE400AF1EE10FA6D
:105E100002D5DFED180A0DE0D0ED000AB3EE041A4A
:105E2000F4EE410AF1EE10FA02DBDFED130A01E0B5
:105E3000DFED120AB1EE601AB4EE410AF1EE10FA8B
:105E400002D5B1EE600A07E0F4EE400AF1EE10FA76
:105E500002D5B0EE600AFFE7D0ED000A30EE800A0E
:105E600080ED000A90ED000A7047000001004842F2
:105E700000004842C3F5A83E8FC2F53DCDCC4C3D55
:105E800010B5DFF8A0040168491C0160DFF89844F0
:105E90002078002812D1002300220021002000F0E9
:105EA000BCFAFFF793FFDFF8840400210180002192
:105EB0004180002181800021C1801DE2DFF8700453
:105EC00090ED060AFFF788FFB5EE400AF1EE10FAF2
:105ED00002D59FED220A09E0DFEDB20AB4EE600AB6
:105EE000F1EE10FA02DB9FEDB00AFFE7DFF84404A1
:105EF00080ED000ADFF84004D0ED000A90ED011AB1
:105F0000D0ED021AB7EE002AB0EE423AF3EE042AC0
:105F1000B4EE620AF1EE10FA04D5B3EE042A80EE74
:105F2000023A2CE0D4ED012AF2EE0A3AF4EE632AAA
:105F3000F1EE10FA23D5D4ED012ABAEE003A72EE52
:105F4000832AB1EE043AC2EE832AF5EE402AF1EE3E
:105F500010FA05D59FED012A0BE000BF00000000FC
:105F60009FED923AF4EE432AF1EE10FA01DAB0EE28
:105F7000622ADFED8F2A9FED8F3A02EE223A20EE61
:105F8000832A61EE032A63EE030A20EEA13ADFF8CA
:105F9000AC0380ED000ADFF8A80380ED002ADFF8EB
:105FA000A403C0ED002ADFF8A00380ED003ADFF87B
:105FB0009C0380ED000ADFF8981300220A60DFF8E6
:105FC000942300231360DFF8903383ED000AF0EE92
:105FD000C00A9FEDCA1AF4EE410AF1EE10FA09D593
:105FE000D2480021018000214180002181800021D0
:105FF000C18076E170EE220A70EE820A70EEC30A6A
:1060000030EE221A31EE421A31EE031A70EE621AA5
:1060100071EE821A71EE831A30EE620A30EE420A95
:1060200030EE430AB5EE002A70EE812A72EEA12A04
:1060300072EE802A62EE822AC0ED002AF0EE602A1B
:10604000B0EE603AF4EE412AF1EE10FA01D4F0EE2F
:10605000412AF4EE612AF1EE10FA01D4F0EE612A41
:10606000F4EE402AF1EE10FA01D4F0EE402AB4EE3C
:10607000431AF1EE10FA01D4B0EE413AF4EE431AAD
:10608000F1EE10FA01D4B0EE613AB4EE430AF1EE4B
:1060900010FA01D4B0EE403AF5EE402AF1EE10FAD3
:1060A0000DD5F1EE622AC1ED002A70EEA20A31EEA2
:1060B000221A71EEA21A30EE220A33EE223ADFEDF6
:1060C000902AB4EE623AF1EE10FA0DDBDFED8D3A74
:1060D00033EE233A82ED003A70EEC30A31EE431AF2
:1060E00071EEC31A30EE430AF5EE400AF1EE10FAF3
:1060F00002D5DFED850A07E0F4EE620AF1EE10FA50
:1061000002DBDFED820AFFE7B5EE401AF1EE10FA8E
:1061100002D59FED7D1A07E0B4EE621AF1EE10FA97
:1061200002DB9FED7A1AFFE7F5EE401AF1EE10FA66
:1061300002D5DFED751A07E0F4EE621AF1EE10FAFF
:1061400002DBDFED721AFFE7B5EE400AF1EE10FA5E
:1061500002D59FED6D0A07E0B4EE620AF1EE10FA87
:1061600002DB9FED6A0AFFE770EE812A72EEA12A38
:1061700072EE802A22EE822A83ED002A9FED642AA5
:10618000DFED642A9FED643A70EE833AB0EE624A26
:1061900003EE824AB4EE624AF1EE10FA0CD54FF4E7
:1061A000617123E001002042000020420100803F95
:1061B0003433B33E6666263F70EE833AB0EE624AF1
:1061C00003EE824ADFED553AB4EE634AF1EE10FA7F
:1061D00002DB41F64C5109E070EE830AF0EE623AC0
:1061E00040EE823AFDEEE30A10EE901A4F4801802D
:1061F00071EE030AF0EE623A40EE823AF4EE623A51
:10620000F1EE10FA02D54FF4617119E071EE030A54
:10621000F0EE623A40EE823ADFED400AF4EE603A88
:10622000F1EE10FA02DB41F64C5109E071EE030A7F
:10623000B0EE621A00EE821AFDEEC10A10EE901A5C
:10624000418071EE830AB0EE621A00EE821AB4EE5B
:10625000621AF1EE10FA02D54FF4617119E071EE95
:10626000830AB0EE621A00EE821ADFED2C0AB4EE59
:10627000601AF1EE10FA02DB41F64C5109E071EEC2
:10628000830AB0EE621A00EE821AFDEEC10A10EE29
:10629000901A818070EE030AB0EE621A00EE821A44
:1062A000B4EE621AF1EE10FA02D54FF4617117E004
:1062B00070EE030AB0EE621A00EE821ADFED170AE2
:1062C000B4EE601AF1EE10FA02DB41F64C5107E031
:1062D00030EE030A40EE022ABDEEE20A10EE101A7A
:1062E000C1801248B0F90630B0F90420B0F90210AC
:1062F000B0F9000000F091F810BD00BFCDCCCC3D4E
:1063000001004842000048C200000000000048426E
:106310000000044300006144CDCCCCBD0160EA45DF
:10632000909D0628209E0628E49806289C9C062816
:10633000889A0628949D06286C9C0628989D062815
:106340009C9D0628A09D0628A49D0628A89D062899
:10635000AC9D0628B09D0628B49D06281CB569464C
:106360000420F2F766FE002856D09DF80000A5280C
:1063700005D14D48C17AA52901D0002181754A4B2C
:106380009DF80000997D1944C872987D401C98754D
:10639000987D0B2840DBD87AA52834D10020D87509
:1063A000002106E0DA7D03EB0100C07A8218DA757D
:1063B000491C0A29F6DBD87D597D884219D1002075
:1063C0000BE003EB4001497B03EB4002927B52EA76
:1063D000012203EB40010A83401C0428F1DB00206A
:1063E00098750B21002213F10B042000F1F714F82B
:1063F00012E0002098750B21002213F10B042000FD
:10640000F1F70AF808E0002098750B21002213F13B
:106410000B042000F1F700F813BD38B50C00224939
:10642000A5250D7001254D7005002DB22D128D7022
:10643000C870200000B2001208714C71100000B248
:1064400000128871CA71180000B2001208724B72F3
:1064500000208872002204E08B7A885CC3188B725B
:10646000521C0A2AF8DB0B220420F2F7C5FD31BDCD
:1064700038B50B2100220C4C25002800F0F7CCFF8A
:106480000B21002214F10B052800F0F7C5FF0821AD
:10649000002214F118052800F0F7BEFF0020A075B7
:1064A0000020E07531BD0000F49A062880B5402335
:1064B00040225FF4E1210420F2F75CFF0121042077
:1064C000F2F77FFEFFF7D4FF002300220021002017
:1064D000FFF7A3FF01BD000070B5EFF7FAFF04005E
:1064E000002000F0E4FAB64D2868401C2860B5484A
:1064F0000168491C0160B449086800281ED008687A
:10650000201AB24A1368834200D2106040F6B932B2
:10651000904203D3AE4A13685B1C136041F2893288
:10652000904203D3AB4A13685B1C136041F641727F
:10653000904203D3A8480268521C0260A74E086824
:10654000201A00EE100AB8EE400ADFED9A0A80EE3B
:10655000200A86ED000A96ED000AB5EE400AF1EE3B
:1065600010FA08D996ED000ADFED930AB4EE600A3E
:10657000F1EE10FA01DB9A4830600C60EFF742FC54
:1065800096ED000AFAF7BEFA96ED000AF7F754FD09
:1065900096ED000AFAF716FF96ED000AFDF77AFE6F
:1065A00090480188891C0180018840F2F5129142CF
:1065B00005DB4FF4FA71018000208B490870FFF76A
:1065C0005FFC0A2029682A68B2FBF0F200FB121077
:1065D000002840F0E280EFF77CFF844A1168491CF4
:1065E00011600121824B1970052113681568B5FBF4
:1065F000F1F501FB1531002902D101217D4B197004
:106600001168322904D30021116001217A4A1170E6
:106610007A4A116800290ED01168411A784B1D681A
:106620008D4200D2196047F23153994203D3754924
:106630000B685B1C0B60744D1168411A00EE101A58
:10664000B8EE400ADFED5B0A80EE200A85ED000A15
:1066500095ED000AB5EE400AF1EE10FA08D995ED75
:10666000000ADFED560AB4EE600AF1EE10FA01DB23
:10667000664929601060EFF72CFF060095ED000ACF
:10668000F8F78CF9EFF725FF861B61480168B142E6
:1066900000D20660EFF71DFF06005E49087800286B
:1066A00002D10120087003E05B480168491C0160C9
:1066B000EFF70FFF861B59480168B14200D2066010
:1066C000EFF707FF0600F7F705FEEFF702FF861B5F
:1066D00053480168B14200D20660EFF7FAFE0600A7
:1066E00095ED000AFAF748FAEFF7F3FE861B4D48DE
:1066F0000168B14200D20660EFF7EBFE060095EDAF
:10670000000AFAF713FFEFF7E4FE861B464801681C
:10671000B14200D20660EFF7DCFE060095ED000AFC
:10672000F7F7A2F8EFF7D5FE861B40480168B142A3
:1067300000D20660EFF7CDFE060095ED000AF9F7EE
:10674000D3F9EFF7C6FE861B39480168B14200D283
:10675000066095ED000AFBF711FEEFF7BAFE0600A2
:1067600095ED000AFDF7BCFBEFF7B3FE861B314841
:106770000168B14200D20660EFF7ABFE060095ED6E
:10678000000AF9F7E1FCEFF7A4FE861B2A4801682E
:10679000B14200D20660F6F757FA284DEFF799FE9E
:1067A000041B2C60264801682A68914201D229689E
:1067B000016070BD002474490BD7233CCECCCC3D86
:1067C000E49C0628E89C0628309D0628EC9C0628B8
:1067D000F89C0628FC9C0628009D062840000228FC
:1067E0006F12033BC69E0628F79E0628389D062892
:1067F000CC9E0628CB9E0628CD9E0628349D0628D2
:10680000F09C0628049D0628440002280AD7A33CD1
:10681000089D0628CA9E06282C9D06280C9D062841
:10682000109D0628149D0628189D06281C9D0628E4
:10683000249D0628209D0628289D0628E09C0628E1
:10684000F49C062880B5012000F031F901BD80B527
:10685000022000F02CF901BD80B5032000F027F9DB
:1068600001BD80B5042000F022F901BD80B50520EE
:1068700000F01DF901BD80B5062000F018F901BD3A
:1068800080B5072000F013F901BD80B5082000F0A5
:106890000EF901BD80B5092000F009F901BD80B5F0
:1068A0000A2000F004F901BD80B50B2000F0FFF8CC
:1068B00001BD80B50C2000F0FAF801BD80B50D20B7
:1068C00000F0F5F801BD80B50E2000F0F0F800F002
:1068D0003BFA01BD80B50020F2F7F8F9002801D09D
:1068E000F1F765FE01BD80B50120F2F7EFF9002850
:1068F00001D000F067FA01BD80B50220F2F7E6F999
:10690000002801D000F0C0FA01BD80B50320F2F7E5
:10691000DDF9002801D0FBF744F801BD80B5042063
:10692000F2F7D4F9002801D0FFF718FD01BD80B5BA
:106930000520F2F7CBF901BD80B50620F2F7C6F9C4
:1069400001BD0000022801D3012010E00B00DBB2E2
:10695000042B01DB01200AE0DFF8D83303EB8000D1
:10696000C9B2405C824201D3012000E000207047A0
:10697000F8B506000F0015001C00022E01D30120FF
:106980001DE02A003900C9B23000FFF7DBFF012803
:1069900001D1012013E03800C0B2002812D1B4F5B3
:1069A000807F0DD2DFF890037603304400EB850042
:1069B00010F58050016864F30F2101600020F2BDE2
:1069C0000120FCE7FFB2012F11D1B4F5803F0CD2BA
:1069D000DFF864037603304400EB850010F5A05027
:1069E000016864F317210160E8E70120E7E701206F
:1069F000E5E700B20012C0B27047F8B505000E001E
:106A00001700280000B2FFF7F4FF04002000C0B216
:106A1000022801D3012023E03A003100C9B220004E
:106A2000C0B2FFF78FFF012801D1012018E0C24951
:106A30002000C0B2400308442A00D2B200EB82001A
:106A4000D0F8000CF6B266F3092067F30700E4B251
:106A500064032144EDB201EB8501C1F8000C002074
:106A6000F2BD70B504000D001600022C01D3012008
:106A70001CE032002900C9B22000FFF763FF0128A3
:106A800001D1012012E0AC496003085850F00040E9
:106A900050F0407050F47F00EDB265F3092066F3CA
:106AA00007006203885064030859002070BD80B558
:106AB0000100C9B2032906DAA049C0B2C0010844E6
:106AC000F0F7A2FC07E09E49C0B2C0010844B0F54F
:106AD000C070F0F799FC01BD38B504002000C0B2C9
:106AE000032814DA954D00212000C0B2C0012844CB
:106AF000F0F780FC2000C0B2C0012844F0F770FC21
:106B0000E4B2E40105EB0400F0F7B9FC19E08C4DA8
:106B100000212000C0B2C0012844B0F5C070F0F7D9
:106B200069FC2000C0B2C0012844B0F5C070F0F785
:106B300057FCE4B2E40105EB0400B0F5C070F0F7D7
:106B40009EFC31BD70B596B004000D0050210022AE
:106B500002AE3000F0F760FC00262000C0B203282F
:106B60006ADA002201212000C0B200F2711000B2E6
:106B7000FFF743FF2000C0B200F2711000B2FFF730
:106B800038FF092300220121C0B2FFF7F1FE2000E7
:106B9000C0B200F2711000B2FFF72BFF00220121FA
:106BA000C0B2FFF75EFF2000C0B210F5D570ADF89F
:106BB00000000220ADF8020001208DF8040003223D
:106BC00060482100C9B250F821106846F2F760FE13
:106BD000ED00029500208DF80C0000208DF80D00CE
:106BE00000208DF80E0000208DF8100003208DF895
:106BF0004C000120149000208DF8540000208DF8E6
:106C000055004E4D02A92000C0B2C0012844F0F743
:106C100027FB2000C0B2C0012844F0F7E1FB2000B0
:106C2000C0B2C0012844F0F72AFCE4B2E40105EB4D
:106C30000400F0F7E3FB7AE0002201212000C0B25B
:106C400010F5B17000B2FFF7D8FE2000C0B210F509
:106C5000B17000B2FFF7CDFE092300220121C0B2BE
:106C6000FFF786FE2000C0B210F5B17000B2FFF74A
:106C7000C0FE00220121C0B2FFF7F3FE2000C0B227
:106C800000F29B10ADF800000220ADF802000120D8
:106C90008DF8040003222B482100C9B250F82110BE
:106CA0006846F2F7F5FDED00002005E0B5F5803F00
:106CB00001D3761C6D08401C0828F7DB02958DF87F
:106CC0000C6000208DF80D0000208DF80E000020D3
:106CD0008DF8100003208DF84C0001201490002046
:106CE0008DF8540000208DF85500154D02A92000A4
:106CF000C0B2C0012844B0F5C070F0F7B1FA20006E
:106D0000C0B2C0012844B0F5C070F0F769FB2000A4
:106D1000C0B2C0012844B0F5C070F0F7B0FBE4B2D7
:106D2000E40105EB0400B0F5C070F0F767FB16B0A6
:106D300070BD000044970A10000004400000594054
:106D40000080584090090228F8B5194800780028BA
:106D50002DD00020174C08202060174D04202860FB
:106D6000082028600420206008202060042028607B
:106D7000002615E008202860104F0720F8F79AFA3F
:106D80003100C9B227F811000420F8F793FA310056
:106D9000C9B207EB4101A1F8000108202060761C70
:106DA0003000C0B28028E5DB012005490870F1BD44
:106DB000F99E06280803314004033140488E062816
:106DC000FA9E062870B500250020284C284E207811
:106DD00006EB00010120F2F72CF9002833D02078CF
:106DE000401C20702078012804D13078A32801D0DD
:106DF000002020702078122825DB71780020707028
:106E0000002202E0B05C4519521C122AFADB08008D
:106E1000EDB2C0B2854210D10120164A1070012097
:106E2000154A10700020154A108071701222144DFE
:106E300031002800F3F72EFE02E000200D49087013
:106E400000200020207070BD80B5102310225FF458
:106E5000E1310120F2F78EFA01210120F2F7B1F9B8
:106E60000849062000F047F801BD0000F89E0628FA
:106E7000D09B0628F69E0628F79E0628C69E062862
:106E8000E49B0628C56D0A1010B5174C210002209E
:106E9000F2F7CFF8002804D0012221001148F2F7C0
:106EA000B2FB10BD10B500241049012000F023F8FA
:106EB00040230F4A00210B48F2F775FC0123012201
:106EC0000021B620F1F7ADF9202320225FF4E13153
:106ED0000220F2F74FFA01210220F2F772F92000A6
:106EE000C0B210BD909B0628FC9E0628896E0A1031
:106EF000B899062870470C4A10701078052809D1F7
:106F00000800002803D10948094908600BE0084837
:106F1000016008E00800002803D104480549086022
:106F200001E0044801607047FB9E0628F56E0A10D8
:106F3000800902287C0902285450008000040404BF
:106F400000000808AD3000800201030300000300C8
:106F5000AD38010001E001400040004001000400A4
:106F60000000000154580040041A0100545C014024
:106F70000000271000000FA00FA003E802801F40B0
:106F8000000005005470008003200320000000086A
:106F900054780100011300290033000002000001B1
:106FA00004010802548801400000000000000000B5
:106FB000000000000000000000000C00AD480100CF
:106FC00001F400000306001008070807000000088D
:106FD000AD6001000000008000000000201F01F4EF
:106FE00000001D0AAD70008008001F400000000175
:106FF000AD78008000A0032000010190AD8000402A
:1070000000002800AD840080000032000320000052
:10701000AD8C00800258FF380000000CAD940100D8
:1070200000019000FFFFFC000000040000000101CF
:10703000ADA400C00480061A0040058000000106CF
:10704000ADB000C00480061A190005800000019050
:10705000ADBC04400000000000000000001200254C
:10706000000000060000000500000005000000060A
:10707000000000040000000F0000005A00000000A3
:10708000000000090B0C0B0B0303110501010101AA
:1070900000000000000D0000AE000104000000042C
:1070A000000000080000000A0000000C0000000DB5
:1070B0000000000E000000080000000800000010A2
:1070C000000000100000002000000020000000066A
:1070D0000000050A02000C0800000000AE4000405D
:1070E000000001FFAE44004000100401AE48004023
:1070F00000001000AE4C004000000001AE50014006
:10710000000000140400280003206C0000000000B0
:1071100000002580AE64004000000002AED80100EF
:1071200000C805DC000007AE0104000000000301F8
:10713000B5500282000000000000000000000000C6
:10714000000000000000000000000000000000003F
:10715000000000000000000000000000000000002F
:10716000000000000000000000000000000000001F
:10717000000000000000000000000000000000000F
:1071800000000000B5A00282000000000000000026
:1071900000000000000000000000000000000000EF
:1071A00000000000000000000000000000000000DF
:1071B00000000000000000000000000000000000CF
:1071C00000000000000000000000000000000000BF
:1071D0000000000000000000B5F0004000FF0000CB
:1071E000B39C01004000051E021B087C80001201B8
:1071F00000010800B6C000C00000600000002000D0
:1072000000000000AEA8004000000405AEAC008005
:107210000100010000020000AEB4004000000000C8
:10722000AEB800810000000000000000AEC0008188
:107230000000000000000000AEC800810801010845
:1072400000000008AED0008101080808000000011D
:10725000B5F400800000000000000000B5FC0080D4
:107260000000000000000000B60400400000000024
:10727000B60800440000000000000000000000000C
:1072800000000000B61800440000000000000000EC
:107290000000000000000000B628004400000000CC
:1072A000000000000000000000000000B6380044AC
:1072B00000000000000000000000000000000000CE
:1072C000B6480100000000000000000000000000BF
:1072D00000000000B658010000000000000000009F
:1072E0000000000000000000B6680100000000007F
:1072F0000000000000000000000000000000000F7F
:10730000000103C854500080000404040000080871
:10731000AD3000800201030300000300AD3801001E
:1073200001E00140004000400100040000000001B5
:1073300054580040041A0100545C0140000027101A
:1073400000000FA00FA003E802801F40000005000E
:1073500054700080032003200000000854780100CE
:10736000011300290033000002000001040108029B
:1073700054880140000000000000000000000000F0
:107380000000000000000C00AD48010001F4000006
:10739000030600100807080700000008AD600100A0
:1073A0000000008000000000201F01F400001D0A02
:1073B000AD70008008001F4000000001AD78008023
:1073C00000A0032000010190AD80004000002800D3
:1073D000AD8400800000320003200000AD8C0080EE
:1073E0000258FF380000000CAD940100000190002D
:1073F000FFFFFC000000040000000101ADA400C07C
:107400000480061A0040058000000106ADB000C0EF
:107410000480061A1900058000000190ADBC0440EC
:10742000000000000000000000120025000000061F
:107430000000000500000005000000060000000438
:107440000000000F0000005A0000000000000009CA
:107450000B0C0B0B030311050101010100000000DF
:10746000000D0000AE000104000000040000000850
:107470000000000A0000000C0000000D0000000EDB
:1074800000000008000000080000001000000010CC
:107490000000002000000020000000060000050A97
:1074A00002000C0800000000AE400040000001FF98
:1074B000AE44004000100401AE480040000010003F
:1074C000AE4C004000000001AE500140000000142E
:1074D0000400280003206C0000000000000025804C
:1074E000AE64004000000002AED8010000C805DC18
:1074F00000000CCD0104000000002601B5500282FE
:10750000000000000000000000000000000000007B
:10751000000000000000000000000000000000006B
:10752000000000000000000000000000000000005B
:10753000000000000000000000000000000000004B
:10754000000000000000000000000000000000003B
:10755000B5A0028200000000000000000000000052
:10756000000000000000000000000000000000001B
:10757000000000000000000000000000000000000B
:1075800000000000000000000000000000000000FB
:1075900000000000000000000000000000000000EB
:1075A00000000000B5F0004000FF0000B39C0100A7
:1075B0004000051E021B087C80011201000008002B
:1075C000B6C000C000006000000020000000000005
:1075D000AEA8004000000405AEAC00800100010030
:1075E00000020000AEB4004000000000AEB8008110
:1075F0000000000000000000AEC00081000000009C
:1076000000000000AEC80081080101080000000869
:10761000AED000810108080800000001B5F4008028
:107620000000000000000000B5FC00800000000029
:1076300000000000B604004000000000B60800444E
:10764000000000000000000000000000000000003A
:10765000B618004400000000000000000000000018
:1076600000000000B62800440000000000000000F8
:107670000000000000000000B638004400000000D8
:10768000000000000000000000000000B6480100FB
:1076900000000000000000000000000000000000EA
:1076A000B6580100000000000000000000000000CB
:1076B00000000000B66801000000000000000000AB
:1076C00000000000000000000000000F000103C8DF
:1076D0009FD800C0032009600B080817080808039A
:1076E0009FE40140000000000000000000000000D6
:1076F00001E00020000000209FF800401717171736
:107700009FFC0404000046A40000376600002660C9
:1077100000001CBC000017730000112500001107B9
:1077200000000E6300008B4C000060A200003DC012
:10773000000026AA00001BC20000180400001497D5
:10774000000010ED0001281B000093F000005761BD
:107750000000302B000020AA00001AB6000015C35C
:107760000000160E00017FBB0000AD58000071AF95
:10777000000036D9000022FB00001C960000188390
:107780000000179600019000000097D60000663BAD
:107790000000330A000020CD00001938000016A5B3
:1077A000000014BB0000AFCF0000657D00003D93DA
:1077B000000029D10000194E000015BA000011C6C2
:1077C0000000127F0000731D0000422C00002E827A
:1077D00000001E800000181C0000132D00000FC6C2
:1077E00000000F8500004F04000033E900001F0671
:1077F000000018400000132C0000129700000E013A
:1078000000000DACA0FC010000000000000000031F
:107810000000000000000000A10C0100000000803A
:10782000000000030000000000000000A11C00C0D8
:10783000000070EB0C8001E000000026A128090286
:107840000000000000000000000000000001000037
:107850000036000301D9014302330217024B0241F3
:10786000011702220027005D000500110000000141
:107870000000000000000000000000000000000008
:1078800000000000000000000000000000000000F8
:1078900000000000000000000000000000000000E8
:1078A00000000000000000000000000000000000D8
:1078B00000000000000000000000000000000000C8
:1078C00000000000000000000000000000000000B8
:1078D00000000000000000000000000000000000A8
:1078E0000000000000000000000000000000000098
:1078F0000000000000000000000000000000000088
:107900000000000000000000000000000000000077
:107910000000000000000000000000000000000067
:107920000000000000000000000000000000000057
:107930000000000000000000000000000000000047
:107940000000000000000000000000000000000037
:107950000000000000000000000000000000000027
:10796000A248004000000000A24C0081000000007E
:1079700000000000A2540081000000000000000090
:10798000A25C00810000000000000000A2640081F1
:107990000000000000000000A26C00840000000055
:1079A00000000000000000000000000000000000D7
:1079B000000000000000000000000000A28C008217
:1079C00000000000000000000000000000000000B7
:1079D0000000000F0501030400000000000000008B
:1079E000002F000000000700070000147F147F1420
:1079F00000242A7F2A1200626408132300364955A6
:107A0000225000000503000000001C22410000007D
:107A100041221C000014083E08140008083E080813
:107A2000000000A06000000808080808000060606E
:107A30000000402010080402003E5149453E00006D
:107A4000427F4000004261514946002141454B318F
:107A5000001814127F10002745454539003C4A495B
:107A600049300001710905030036494949360006CD
:107A70004949291E00003636000000005636000035
:107A800000081422410000141414141400004122B0
:107A9000140800020151090600324959513E007C88
:107AA0001211127C007F49494936003E4141412272
:107AB000007F4141221C007F49494941007F09095B
:107AC0000901003E4149497A007F0808087F00000B
:107AD000417F4100002040413F01007F08142241C6
:107AE000007F40404040007F020C027F007F04087E
:107AF000107F003E4141413E007F09090906003EDA
:107B00004151215E007F0919294600464949493102
:107B10000001017F0101003F4040403F001F204025
:107B2000201F003F4038403F0063140814630007E3
:107B30000870080700615149454300007F4141003A
:107B4000020408102040000041417F0000040201AF
:107B500002040040404040400000010204000020B8
:107B600054545478007F48444438003844444420F6
:107B700000384444487F00385454541800087E09A3
:107B800001020018A4A4A47C007F0804047800006B
:107B9000447D4000004080847D00007F1028440028
:107BA0000000417F4000007C04180478007C080439
:107BB000047800384444443800FC24242418001875
:107BC000242418FC007C0804040800485454542061
:107BD00000043F444020003C4040207C001C2040EA
:107BE000201C003C4030403C004428102844001C2D
:107BF000A0A0A07C004464544C4414141414141425
:107C000038B500F077F900F042F800F0C9F8714992
:107C10000868800312D4BFF34F8FBFF36F8F00202B
:107C20006D4A1060BFF34F8FBFF36F8F086850F439
:107C300000300860BFF34F8FBFF36F8F0868C00339
:107C400024D40020654A1060BFF34F8F6448026857
:107C5000C2F34E33C2F3C90443F6E07010EA431096
:107C600050EA84705F4D28602000441E0028F3D144
:107C70001800431E0028EDD1BFF34F8F086850F461
:107C800080300860BFF34F8FBFF36F8F31BD70B589
:107C900086B0684654491822F2F70CFF00200AE02B
:107CA00069460200D2B201EBC2014968491C11F0D9
:107CB000070F0DD1401C0100C9B2032909D2694642
:107CC0000200D2B211F8321011F0070FE8D0FEE72F
:107CD000FEE7464C207810F0070F00D0FEE7444D39
:107CE0002868401C10F0070F00D0FEE7002622E0B5
:107CF00068463100C9B200EBC10041683000C0B233
:107D000052F8300000F043F814E000200028EFD0D3
:107D10002168491E3000C0B252F8300000F037F838
:107D200068463100C9B200EBC10041682868401CB8
:107D300000F02DF8761C3000C0B2032825D26A4628
:107D40003000C0B252F83000002813D02068310053
:107D5000C9B252F8311088420AD368463100C9B21C
:107D600000EBC10040682168884201D30120CDE7C3
:107D70000020CBE768463100C9B200EBC100406883
:107D800021688842C1D30120C0E706B070BD00223F
:107D9000002302E0C0E9002308308842FAD370478C
:107DA00030B4144880081449144A002308E01C0029
:107DB000E4B252F824401D00EDB241F825405B1CAE
:107DC0001C000500E4B2EDB2AC42F0D30C480160F7
:107DD00030BC704714ED00E050EF00E084ED00E0AF
:107DE00080ED00E060EF00E0FC950A1078820A1058
:107DF0007C820A1080000000009F06280000081006
:107E000008ED00E010B5002042490860BFF34F8F35
:107E100041480168C1F34E32C1F3C90343F6E07033
:107E200010EA421050EA83703C4C20601800431E58
:107E30000028F3D11000421E0028EDD1BFF34F8F70
:107E4000BFF36F8FBFF34F8FBFF36F8F00203449A5
:107E50000860BFF34F8FBFF36F8F00F001F810BDC4
:107E600038B586B068462F491822F2F723FE6846D7
:107E7000FBF7A0FBC0B200280DD02B4C18222B49D9
:107E80002000FBF763FE0020E0754E2028490860C3
:107E90000020FBF793FE274D2800FBF72DFEC0B214
:107EA00000280DD0204C182220492000FBF74EFE60
:107EB0000020E07550201E4908600020FBF77EFE80
:107EC0001D49286808600A681C4882181C48B2FBD3
:107ED000F0F01C4A10601C48096801F2E7314FF4C9
:107EE0007A72B1FBF2F101600068C00317490860C3
:107EF00007B030BD80B500F02DF815490A6852F47E
:107F000070020A60BFF34F8FBFF36F8F00F026F847
:107F100001BD000084ED00E080ED00E074EF00E0C2
:107F200050EF00E014960A10489B062898830A1028
:107F3000449D0628289E06282C9E06283F420F00B6
:107F400040420F00349E0628309E0628389E0628A0
:107F500088ED00E0EFF3108072B6704780F3108870
:107F600070470000010009B2002908D4012210F076
:107F70001F018A404F4900B2400941F82020704754
:107F8000FEE780B54C4800684C4801680800C00F07
:107F9000002805D04A488905890D50F821008047FE
:107FA0000020FFF7DFFF01BD80B546480068464866
:107FB00001680800C00F002805D041488905890DD7
:107FC00050F8210080470120FFF7CCFF01BD80B5AC
:107FD0003E4800683E4801680800C00F002805D0F0
:107FE00037488905890D50F8210080470220FFF7A6
:107FF000B9FF01BD80B537480068374801680800FF
:10800000C00F002805D02E488905890D50F82100A1
:1080100080470320FFF7A6FF01BD80B52F48006809
:108020002F4801680800C00F002805D024488905A2
:10803000890D50F8210080470420FFF793FF01BD10
:1080400080B528480068284801680800C00F00284B
:1080500005D01B488905890D50F82100804705206F
:10806000FFF780FF01BD80B5204800682048016807
:108070000800C00F002805D011488905890D50F867
:10808000210080470620FFF76DFF01BD80B519482C
:108090000068194801680800C00F002805D008488A
:1080A0008905890D50F8210080470720FFF75AFF06
:1080B00001BD000080E200E02C980A100001204081
:1080C0004800022830980A100401204034980A1011
:1080D0000801204038980A100C0120403C980A10F2
:1080E0001001204040980A101401204044980A10C2
:1080F0001801204048980A101C01204038B5284833
:1081000000F058F8F0F7CBFAFAF7CEFDFEF79CFE38
:10811000EEF776FDF5F746FEF9F71EFCEEF7C2F82E
:10812000EDF7E8FAF4F78FFDFBF79BFEF7F7C0FCDD
:10813000F9F7A2FEFCF789FBFEF7B8F9FEF7B2FEED
:108140004FF4FA610020FEF7FDFC0020FEF7C4FCAE
:10815000144C2078002810D0EEF7BBF90500002061
:1081600020709FED0E0AF5F7D1FEEEF7B2F9401B35
:108170000D490A68824200D208600C49087800283C
:1081800003D000200870FCF775FB09490878002827
:10819000DED000200870F4F7BDFFD9E70AD7A33C72
:1081A00080B2E60ECA9E0628109E0628CB9E0628A0
:1081B000CC9E062880B505490860FFF723FEEEF740
:1081C000CCFB0020F1F73CFB01BD0000909E06288F
:1081D00072B61D4908684FEA102000F00F000E2803
:1081E00008BF1A490D2808BF1949072808BF1949AF
:1081F000082808BF1849086820F00B0008600868C4
:10820000BFF34F8F154816490860BFF34F8F1549CC
:10821000086840F0070008601349086840F007004C
:108220000860BFF34F8FBFF36F8F00200021124A09
:10823000E2E802016A45FBD10C4FB8470C4FB84742
:108240000C4FB847FEE70000000020400C00204023
:108250000C0420400C0820400C0C204000000810AA
:1082600008ED00E090EF00E094EF00E0017C0A10E0
:1082700045930A1069950A1000FF0728FFFF072899
:10828000453A5C435954344242375F4C69627261EB
:1082900072792D6D61737465725C43595434424236
:1082A000375F4C6962726172792D6D6173746572AA
:1082B0005C5365656B667265655F43595434424231
:1082C0005F4F70656E736F757263655F4C69627244
:1082D0006172795C6C69627261726965735C736406
:1082E0006B5C747669696268346D5C7372635C643C
:1082F0007269766572735C737973636C6B5C6379B6
:108300005F737973636C6B2E68000000453A5C43C1
:108310005954344242375F4C6962726172792D6DF3
:1083200061737465725C435954344242375F4C69DF
:1083300062726172792D6D61737465725C536565EB
:108340006B667265655F4359543442425F4F706596
:108350006E736F757263655F4C6962726172795C8E
:108360006C69627261726965735C73646B5C74766C
:1083700069696268346D5C7372635C6472697665A6
:1083800072735C737973636C6B5C63795F7379731D
:10839000636C6B2E63000000453A5C4359543442D1
:1083A00042375F4C6962726172792D6D61737465D9
:1083B000725C435954344242375F4C696272617255
:1083C000792D6D61737465725C5365656B6672655A
:1083D000655F4359543442425F4F70656E736F75E9
:1083E0007263655F4C6962726172795C6C6962721A
:1083F00061726965735C73646B5C747669696268E9
:10840000346D5C7372635C73797374656D5C7379DE
:108410007374656D5F747669696268346D5F636DEE
:10842000372E6300453A5C435954344242375F4C1F
:108430006962726172792D6D61737465725C435902
:1084400054344242375F4C6962726172792D6D61BA
:10845000737465725C5365656B667265655F4359DD
:10846000543442425F4F70656E736F757263655F1F
:108470004C6962726172795C6C6962726172696581
:10848000735C73646B5C636F6D6D6F6E5C73726352
:108490005C647269766572735C6970635C63795F52
:1084A0006970635F6472762E68000000453A5C4331
:1084B0005954344242375F4C6962726172792D6D52
:1084C00061737465725C435954344242375F4C693E
:1084D00062726172792D6D61737465725C5365654A
:1084E0006B667265655F4359543442425F4F7065F5
:1084F0006E736F757263655F4C6962726172795CED
:108500006C69627261726965735C73646B5C636FE2
:108510006D6D6F6E5C7372635C6D775C666C6173BE
:10852000685C63795F6D775F666C6173682E63006A
:10853000453A5C435954344242375F4C6962726138
:1085400072792D6D61737465725C43595434424283
:10855000375F4C6962726172792D6D6173746572F7
:108560005C5365656B667265655F4359543442427E
:108570005F4F70656E736F757263655F4C69627291
:108580006172795C6C69627261726965735C7A664A
:108590005F636F6D6D6F6E5C7A665F636F6D6D6F3D
:1085A0006E5F66756E6374696F6E2E630000000007
:1085B000453A5C435954344242375F4C69627261B8
:1085C00072792D6D61737465725C43595434424203
:1085D000375F4C6962726172792D6D617374657277
:1085E0005C5365656B667265655F435954344242FE
:1085F0005F4F70656E736F757263655F4C69627211
:108600006172795C6C69627261726965735C7A66C9
:108610005F6472697665725C7A665F6472697665BA
:10862000725F736F66745F6969632E630000000098
:10863000453A5C435954344242375F4C6962726137
:1086400072792D6D61737465725C43595434424282
:10865000375F4C6962726172792D6D6173746572F6
:108660005C5365656B667265655F4359543442427D
:108670005F4F70656E736F757263655F4C69627290
:108680006172795C6C69627261726965735C7A6649
:108690005F636F6D6D6F6E5C7A665F636F6D6D6F3C
:1086A0006E5F6669666F2E6300000000453A5C43AA
:1086B0005954344242375F4C6962726172792D6D50
:1086C00061737465725C435954344242375F4C693C
:1086D00062726172792D6D61737465725C53656548
:1086E0006B667265655F4359543442425F4F7065F3
:1086F0006E736F757263655F4C6962726172795CEB
:108700006C69627261726965735C7A665F646576D2
:108710006963655C7A665F6465766963655F6970E5
:10872000733131342E630000453A5C43595434426E
:1087300042375F4C6962726172792D6D6173746545
:10874000725C435954344242375F4C6962726172C1
:10875000792D6D61737465725C5365656B667265C6
:10876000655F4359543442425F4F70656E736F7555
:108770007263655F4C6962726172795C6C69627286
:1087800061726965735C7A665F6472697665725C52
:108790007A665F6472697665725F666C6173682E73
:1087A00063000000453A5C435954344242375F4C01
:1087B0006962726172792D6D61737465725C43597F
:1087C00054344242375F4C6962726172792D6D6137
:1087D000737465725C5365656B667265655F43595A
:1087E000543442425F4F70656E736F757263655F9C
:1087F0004C6962726172795C6C69627261726965FE
:10880000735C7A665F6472697665725C7A665F64CF
:1088100072697665725F756172742E630000000084
:10882000453A5C435954344242375F4C6962726145
:1088300072792D6D61737465725C43595434424290
:10884000375F4C6962726172792D6D617374657204
:108850005C5365656B667265655F4359543442428B
:108860005F4F70656E736F757263655F4C6962729E
:108870006172795C6C69627261726965735C7A6657
:108880005F6465766963655C7A665F646576696373
:10889000655F6B65792E6300453A5C4359543442F9
:1088A00042375F4C6962726172792D6D61737465D4
:1088B000725C435954344242375F4C696272617250
:1088C000792D6D61737465725C5365656B66726555
:1088D000655F4359543442425F4F70656E736F75E4
:1088E0007263655F4C6962726172795C6C69627215
:1088F00061726965735C7A665F6472697665725CE1
:108900007A665F6472697665725F6164632E630084
:10891000453A5C435954344242375F4C6962726154
:1089200072792D6D61737465725C4359543442429F
:10893000375F4C6962726172792D6D617374657213
:108940005C5365656B667265655F4359543442429A
:108950005F4F70656E736F757263655F4C696272AD
:108960006172795C6C69627261726965735C7A6666
:108970005F6472697665725C7A665F647269766557
:10898000725F7370692E63005B464C4F57444247D9
:108990005D206D6F64653A25752076616C69643A77
:1089A0002575207261773A2575207175616C69743F
:1089B000793A257528713D257529206F62733A250E
:1089C0007520656B663A257520636C69703A25756C
:1089D000206672616D653A256C7520616363756D03
:1089E0003A257520696E745F75733A256C7520643D
:1089F000745F6D733A252E32660D0A00453A5C436A
:108A00005954344242375F4C6962726172792D6DFC
:108A100061737465725C435954344242375F4C69E8
:108A200062726172792D6D61737465725C536565F4
:108A30006B667265655F4359543442425F4F70659F
:108A40006E736F757263655F4C6962726172795C97
:108A500070726F6A6563745C636F64655C69636D93
:108A600034323638382E63007468726F74746C65F3
:108A70005F6F75743A252E3266207C207468726FA1
:108A800074746C655F72616D7065643A252E326630
:108A9000207C20686F7665725F626173653A252E6F
:108AA0003266207C20686F7665725F7472696D3AF9
:108AB000252E3266207C20686F7665725F66663A86
:108AC000252E32660D0A00005B414C544442475D3E
:108AD0002064616D703A252E3366206272616B6589
:108AE0003A252E3366207072653A252E3366207043
:108AF0006F73743A252E33662066696E616C3A2571
:108B00002E3366206C696D3A5B252E33662C252E3C
:108B100033665D0D0A0000005B4C4F434442475DE5
:108B20002072617720726F6C6C3A252E336620704C
:108B3000697463683A252E3366207C2073702F7227
:108B4000616D70656420726F6C6C3A252E336620FF
:108B500070697463683A252E33660D0A00000000C0
:108B60005B4C4F434442475D20706F735F70696494
:108B7000205820702F692F643A252E336620252E29
:108B8000336620252E3366207C205920702F692FD4
:108B9000643A252E336620252E336620252E336633
:108BA0000D0A00005B4C4F434442475D2076656CE4
:108BB0005F706964205820702F692F643A252E3326
:108BC0006620252E336620252E3366207C205920F2
:108BD000702F692F643A252E336620252E336620A8
:108BE000252E33660D0A00005261746520522065FF
:108BF00078702F66622F6F75743A20252E326620AA
:108C0000252E326620252E3266207C205020657865
:108C1000702F66622F6F75743A20252E32662025DC
:108C20002E326620252E32660D0A00005B414C5420
:108C30005452414A5D207A3A252E336620763A25F1
:108C40002E336620613A252E3366206572723A25EE
:108C50002E336620636F72723A252E336620636D61
:108C6000643A252E33660D0A000000005B414C5427
:108C70004442475D2066663A252E3366207069645B
:108C80005F7261773A252E3366207069645F773AA8
:108C9000252E336620617574683A252E336620666A
:108CA000625F773A252E33660D0A00005B464C4F13
:108CB000574F42535D20676174653A252E32662016
:108CC0006F62735F78793A252E32662F252E3266D1
:108CD00020696E6E6F765F78793A252E32662F2581
:108CE0002E32660D0A000000526F6C6C20286465FD
:108CF000672920203A204375723A2025332E3266A8
:108D0000207C205467743A2025332E3266202D3E75
:108D100020504944204F75743A20252E32660D0AA2
:108D2000000000005069746368286465672920208A
:108D30003A204375723A2025332E3266207C205427
:108D400067743A2025332E3266202D3E2050494448
:108D5000204F75743A20252E32660D0A000000005F
:108D60003D3D3D3D3D3D3D3D3D3D204445534B5406
:108D70004F502044454255472044415348424F41BB
:108D80005244205B25752F25755D203D3D3D3D3DC1
:108D90003D3D3D3D3D0D0A0030B4002512E050F848
:108DA000042BD30744BF4A44521E091F042942F82A
:108DB000045BFAD213468C0744BF15809B1CC9077D
:108DC00048BF1D7050F8041B0029E8D130BC704723
:108DD0000AD7233D000000000000000000004842C8
:108DE0000000C8420000A041CDCCCC3D00000000F6
:108DF0000000000000000000000000000000000073
:108E0000000000009A99193ECDCC4C3D00000000B6
:108E1000000040400000C8420000A041CDCC4C3EC4
:108E20000000000000000000000000000000000042
:108E300000000000000000000000204000000000D2
:108E400000000000000020410000484200002041D6
:108E5000CDCC4C3E000000000000000000000000EF
:108E600000000000000000000000000000002040A2
:108E70000000000000000000000020410000484207
:108E800000002041CDCC4C3E00000000000000005E
:108E900000000000000000000000000000000000D2
:108EA0006666663F000000000000000000002041F0
:108EB0000000484200002041CDCC4C3E00000000A4
:108EC00000000000000000000000000000000000A2
:108ED00000000000C3F5283E8FC2F53C6F12033A34
:108EE000000048420000FA430000C842CDCC4C3E8E
:108EF0000000000000000000000000000000000072
:108F00000000000000000000C3F5283E0AD7233D02
:108F10006F12033A000048420000FA430000C842C2
:108F2000CDCC4C3E0000000000000000000000001E
:108F30000000000000000000000000003333B33EDA
:108F4000CDCCCC3C00000000000048420000FA43B9
:108F50000000C842CDCC4C3E0000000000000000E4
:108F60000000000000000000000000000000000001
:108F70000000803F00000000000000000000000032
:108F80000000A04000000000CDCCCC3D000000005F
:108F900000000000000000000000000000000000D1
:108FA000000000000000803F000000000000000002
:108FB000000000000000A04000000000CDCCCC3D2F
:108FC00000000000000000000000000000000000A1
:108FD0000000000000000000000000400000003F12
:108FE0000000003F0000A041000048420000204176
:108FF000CDCC4C3E0000000000000000000000004E
:109000000000000000000000000000000000004020
:109010000000003F0000003F0000A0410000484267
:1090200000002041CDCC4C3E0000000000000000BC
:109030000000000000000000000000000000000030
:10904000506F7320582028636D2920203A204375E3
:10905000723A20252E3366207C205467743A2025EE
:109060002E3366207C204572723A20252E33660D01
:109070000A00000056656C20582028636D2F732964
:109080003A204375723A20252E3366207C2054679F
:10909000743A20252E3366207C204572723A2025B2
:1090A0002E33660D0A000000506F7320592028638C
:1090B0006D2920203A204375723A20252E336620F0
:1090C0007C205467743A20252E3366207C2045721C
:1090D000723A20252E33660D0A00000056656C207A
:1090E000592028636D2F73293A204375723A202541
:1090F0002E3366207C205467743A20252E33662058
:109100007C204572723A20252E33660D0A0000003D
:109110005B4C4F434442475D206C65676163792037
:109120006C6F635F6F757470757420726F6C6C3ADE
:10913000252E33662070697463683A252E33660DD8
:109140000A00000074696D655F75733A256C7520BF
:10915000766F6C746167653A252E33662061726D97
:1091600065643A25752070686173653A25750D0A46
:10917000000000003D3D3D3D3D3D3D3D3D3D3D3D13
:109180003D3D3D3D3D3D3D3D3D3D3D3D3D3D3D3D0F
:109190003D3D3D3D3D3D3D3D3D3D3D3D3D3D3D3DFF
:1091A0003D0D0A000D000000C000B4544000C05442
:1091B0000404D0540404D055010484DB0404C4DB4B
:1091C0000204C4DE020444DF010444E0010484E03C
:1091D000C00858D859617720286465672920202065
:1091E0003A204375723A2025332E3266207C204780
:1091F0007A3A2025332E3266206470730D0A0000FF
:1092000059617752286465672F7329203A20546783
:10921000743A2025332E3266202D3E2050494420BA
:109220004F75743A20252E32660D0A00486569672D
:1092300068742028636D29203A204375723A2025EE
:109240002E3366207C205467743A20252E33660D19
:109250000A00000056656C205A2028636D2F732980
:109260003A204375723A20252E3366207C205467BD
:10927000743A20252E33660D0A0000005B4C4F43E4
:109280004442475D2076656C5F65727220626F6450
:109290007920582F593A252E336620252E33660D16
:1092A0000A0000005B4C4F434442475D20726561F9
:1092B00064793A257520686F6C643A257520776566
:1092C000696768743A252E33660D0A004D312028EF
:1092D0004C465F435729203A2025356420207C20C6
:1092E000204D32202852465F434357293A202535E6
:1092F000640D0A004D3320284C425F434357293AFE
:109300002025356420207C20204D34202852425FC7
:10931000435729203A202535640D0A0054000040A7
:109320009E1400C09E2001409E3400409E380404DC
:109330009F3804029FB801009FC801000000000F81
:109340000202002410B5074979441831064C7C44C8
:10935000163404E00A68081D114488470146A142FA
:10936000F8D110BD500000006C000000444542558B
:10937000475F53544154455F424547494E2C636F04
:10938000756E743D25752C66733D25750D0A0000BC
:109390004EF68851CEF20001086840F47000086073
:1093A000BFF34F8FBFF36F8F4FF00170E1EE100AE4
:1093B00070470000E5F9FFFFDC940400240A02284E
:1093C0000000000047D2FEFF30050000A4020000AC
:1093D0000000022859206578702F66622F6F75741F
:1093E0003A20252E326620252E326620252E326622
:1093F0000D0A000052617465205020522F502F59E1
:109400003A20252E336620252E336620252E3366FE
:109410000D0A000052617465204920522F502F59C7
:109420003A20252E336620252E336620252E3366DE
:109430000D0A000052617465204420522F502F59AC
:109440003A20252E336620252E336620252E3366BE
:109450000D0A00005B342E204D4F544F52204F55C3
:1094600054505554202830207E203130303030295F
:109470005D0D0A0004207146084202D0EFF3098016
:1094800001E0EFF3088000B50149884700BD000006
:10949000C13B0A1080B58DF8000001226946012009
:1094A000EFF795F8012802D19DF8000002BD4FF0BA
:1094B000FF3002BD000000000000000000000000BE
:1094C000801C800803D0401C801EFCD100BF704768
:1094D000EFF3108072B6704780F310887047000079
:1094E00000F00EF8002801D0FFF72CFFAFF300804A
:1094F0000020AFF30080FEF701FE00F003F800004B
:109500000020704700F000B807463846F1F732FEF9
:10951000FBE7000069636D34323638382073656CC0
:109520006620636865636B206572726F722E00003F
:109530000D0A66696C65202573206C696E652025AF
:10954000643A2025732E0D0A0000000004207146A5
:10955000084201D0EFF30980EFF3088000B501491C
:10956000884700BD29970A100548014603B468469C
:1095700080F30988AFF30080FFF70AFFFFF7B0FF21
:10958000A5EDF5FE5B312E20414C54495455444520
:10959000204C4F4F505D0D0A000000005B414C54C1
:1095A0004442475D2076656C5F693A252E33660D2F
:1095B0000A0000005B322E204C4F434154494F4E6D
:1095C000204C4F4F505D0D0A000000005B332E20F1
:1095D0004154544954554445204C4F4F505D0D0A59
:1095E0000000000017B7D1386F12033A6F12833AA8
:1095F0000AD7233CCDCCCC3D0000803F00000228A0
:10960000FFFF072800000020FF3F002000000000AF
:10961000FF3F000000127A00000000000024F40068
:109620000080000000800000008000000D0A6669D4
:109630006C65202573206C696E652025642E0D0AEB
:109640000000000038B504460D462846FFF722FF0B
:10965000A84218BF0024204632BD000001000200CD
:1096600004000800100020004000800000010002FB
:109670007261775F646973745F636D3D252E326636
:109680000D0A000044454255475F53544154455F1D
:10969000454E440D0A0000002020202020202020DC
:1096A0002020202020202020000000004B314C3EB4
:1096B0004E204B334C3C50204B3400000001020341
:1096C0000405060708090A0B0C0D0E0F66696C6588
:1096D0003A206D646B2F25730000000041737365A1
:1096E0007274206572726F7200000000504944204D
:1096F0004D454E5500000000000000000000000F26
:109700000002000866696C653A20257300000000BD
:109710006C696E653A202564000000004C6F67207C
:109720006D65737361676500816911F8021CC9B2C8
:10973000016070470000000000000000020000000F
:10974000010000000301000010110010414E4720ED
:1097500052000000414E472050000000414E47207B
:1097600059000000524154452052000052415445D6
:10977000205000005241544520590000414C5420D3
:1097800048000000414C542056000000504F532028
:1097900058000000504F53205900000056454C20FF
:1097A0005800000056454C205900000044464C54D7
:1097B000000000004C4F414400000000534156455A
:1097C00000000000534156452A0000004954454D11
:1097D0003A000000454449543A00000053544550B3
:1097E0003A0000000F040400081010070000000FEA
:1097F000030101E40F0404170810100700780008A3
:10980000000000080000000F05010000000000003B
:109810000000000000000000000000000000000048
:109820000000000000000000000000000000000038
:109830000000000000000000000000000000000028
:109840000000000000000000000000000000000018
:109850000000000000000000000000000000000008
:1098600000000000000000000000000000000000F8
:1098700000000000000000000000000000000000E8
:1098800000000000000000000000000000000000D8
:1098900000000000000000000000000000000000C8
:1098A000000000000000000000000000A0FC01001B
:1098B0000100010000030000A3A2A1A0FFF7FEBF6A
:1098C000FFF7D8BDFFF7D6BDFFF7D4BDFFF7FEBF4A
:1098D000FFF7FEBFFFF7FEBFFFF7FEBFFFF7FEBFBC
:1098E000FFF7FEBFFFF7FEBFFFF7FEBFFFF7FEBFAC
:1098F000FFF7FEBFFFF7FEBFF2020001F317010002
:1099000001F00CFF40416F12033B0AD7A33C817F5B
:109910000A1004F1FF04F1FF04F1FF04F1FF04F168
:10992000FF04F177048C06480002280000C8422793
:1099300007210C4348430452C804F0054800456F12
:109940001283410001F001D9803F0001F10AECC708
:10995000803F0CF4011E803F031910074C970A103A
:10996000D091062854081003049206285C08123887
:1099700008126408126C08126C0812A0081274080D
:1099800012D408127C081003CC9706288408100310
:10999000009806288C081003089306289408123CA7
:1099A00008129C0812700812A40812A40812AC082D
:1099B000C003CDCCF04107982003C0F56E0A100417
:1099C000100400009040001004100A209040D96458
:1099D0000A1045680A104F04125904126304126DEC
:1099E00004127704128104128B04129504129F044E
:1099F00012A90412B30412BD0412C704100500001A
:109A000067400000680412690410016640D5141212
:109A1000E70412F90410030B690A101D04122F0445
:109A2000123904100100006024126504126404124B
:109A300063044362404000106640F000870000F875
:109A4000FFFF770101020101010600000000000094
:109A50000000000000000000000000000000000006
:109A600000000000000000000000000000000000F6
:109A700000000000000000000000000000000000E6
:109A800000000000000000000000000000000000D6
:109A900000000000000000000000000000000000C6
:109AA00000000000000000000000000000000000B6
:109AB00000000000000000000000000000000000A6
:109AC0000000000000000000000000000000000096
:109AD0000000000000000000000000000000000086
:059AE000000000000081
:04000005100A9569DF
:00000001FF
