index,gx_raw_dps,gy_raw_dps,gz_raw_dps,ax_raw_g,ay_raw_g,az_raw_g,gx_25hz_dps,gy_25hz_dps,gz_25hz_dps,ax_25hz_g,ay_25hz_g,az_25hz_g,bad
495,2.3200000,-1.6100000,-0.9500000,-0.0395000,-0.0175000,0.9848000,0.0465934,-0.0323342,-0.0190792,-0.0007933,-0.0003515,0.0197781,0
496,1.1600000,1.1900000,-2.2900000,-0.0390000,-0.0571000,1.0834000,0.1892167,-0.0912435,-0.1139323,-0.0036082,-0.0023983,0.0921885,0
497,-2.4900000,1.3700000,-2.4700000,0.0097000,0.0107000,1.0405000,0.3086671,-0.0787168,-0.3262808,-0.0072886,-0.0059485,0.2154147,0
498,-1.4500000,-1.3700000,-1.6800000,0.0200000,0.0620000,0.9863000,0.2546412,-0.0129458,-0.6152024,-0.0090556,-0.0072193,0.3605010,0
499,1.0400000,-1.6700000,-1.9200000,-0.0512000,0.0122000,0.7573000,0.1121728,-0.0307769,-0.9067275,-0.0094914,-0.0045042,0.5003144,0
500,2.8100000,-2.8900000,-3.0800000,-0.0834000,-0.0195000,1.0107000,0.0808760,-0.1923740,-1.1935740,-0.0123383,-0.0010574,0.6203167,0
501,0.5500000,-0.5700000,-4.1200000,-0.0395000,-0.0346000,1.1191000,0.1991078,-0.4416292,-1.5266765,-0.0183445,0.0000050,0.7257291,0
502,-2.6700000,-0.7000000,-3.9400000,0.0249000,0.0175000,1.0131000,0.2838442,-0.6610061,-1.9241414,-0.0234843,-0.0007440,0.8206305,0
503,-1.0800000,-2.7700000,-3.0200000,0.0410000,0.0224000,1.0698000,0.1974986,-0.8437980,-2.3261353,-0.0238639,-0.0007066,0.9002250,0
504,0.9800000,-2.2800000,-3.2000000,-0.0136000,-0.0322000,0.8022000,0.0489339,-1.0643570,-2.6617870,-0.0203165,-0.0000214,0.9583825,0
505,3.4800000,-5.4600000,-4.3600000,-0.0693000,-0.0649000,0.9272000,0.0372842,-1.3771757,-2.9399760,-0.0175239,-0.0017272,0.9910200,0
506,2.6300000,-2.2200000,-5.3400000,-0.0683000,-0.0854000,1.0947000,0.2390987,-1.7768546,-3.2288534,-0.0187535,-0.0076510,1.0076788,0
507,-0.2300000,-1.1800000,-4.8500000,-0.0039000,-0.0585000,1.0878000,0.5202345,-2.1129721,-3.5541986,-0.0222491,-0.0167442,1.0218511,0
508,-0.2300000,-2.9500000,-3.3300000,0.0664000,0.0385000,1.0468000,0.6977109,-2.3100270,-3.8462696,-0.0228984,-0.0245226,1.0355536,0
509,2.2000000,-3.0800000,-1.9200000,0.0375000,0.0429000,0.8271000,0.7858121,-2.4548831,-3.9943253,-0.0181335,-0.0263082,1.0416563,0
510,3.8500000,-5.8200000,-2.2900000,-0.0791000,-0.0371000,0.9736000,0.9402574,-2.6504221,-3.9583917,-0.0123696,-0.0235888,1.0356888,0
511,3.6100000,-2.6500000,-3.3300000,-0.1069000,-0.0981000,1.0214000,1.2351034,-2.9117619,-3.8147739,-0.0122502,-0.0225484,1.0248915,0
512,1.2300000,-2.3400000,-3.4500000,-0.0424000,-0.0976000,1.0576000,1.5720086,-3.1157828,-3.6652441,-0.0179234,-0.0267154,1.0174532,0
513,-0.4700000,-2.1000000,-2.2900000,0.0024000,-0.0239000,1.0371000,1.7742652,-3.1857164,-3.5263450,-0.0239239,-0.0336122,1.0147690,0
514,2.5100000,-4.4200000,-0.0300000,-0.0024000,0.0009000,0.9536000,1.8176834,-3.1947626,-3.3158503,-0.0266538,-0.0382373,1.0135762,0
515,5.9900000,-6.3100000,1.0600000,-0.0600000,-0.0156000,0.8930000,1.9111876,-3.2903561,-2.9403830,-0.0275166,-0.0388891,1.0084530,0
516,5.4400000,-4.7800000,0.5700000,-0.0688000,-0.0351000,0.9291000,2.2178859,-3.5255585,-2.4099436,-0.0296994,-0.0374964,0.9978346,0
517,3.7300000,-4.4800000,-0.0900000,-0.0537000,-0.0771000,1.0717000,2.6501342,-3.8018822,-1.8337704,-0.0337605,-0.0368626,0.9876416,0
518,0.6200000,-3.2000000,-0.0900000,0.0029000,-0.0151000,1.0917000,2.9859900,-4.0138967,-1.3109027,-0.0371334,-0.0375999,0.9853949,0
519,1.4100000,-3.4400000,1.0000000,0.0356000,0.0278000,1.0083000,3.0896486,-4.1150161,-0.8555905,-0.0365606,-0.0366488,0.9904171,0
520,4.4600000,-4.3600000,1.4900000,-0.0444000,0.0053000,0.8940000,3.0665867,-4.1392996,-0.4265594,-0.0326597,-0.0321749,0.9944542,0
521,5.3200000,-6.3100000,0.8100000,-0.0732000,-0.0068000,0.8818000,3.1197511,-4.1932894,-0.0209332,-0.0300727,-0.0260862,0.9910241,0
522,6.2900000,-6.0100000,0.7500000,-0.0522000,-0.0747000,0.9965000,3.3328109,-4.3527709,0.3184191,-0.0308780,-0.0217525,0.9825984,0
523,2.8100000,-4.0500000,1.4900000,0.0146000,-0.0483000,1.2260000,3.6176475,-4.5548473,0.5868004,-0.0321875,-0.0213327,0.9806169,0
524,-0.5300000,-2.7100000,2.4600000,0.0678000,-0.0039000,1.0605000,3.7382585,-4.6563449,0.8361035,-0.0295419,-0.0228683,0.9911257,0
525,2.8100000,-3.9900000,2.8900000,0.0576000,0.0620000,0.8764000,3.6068854,-4.6177024,1.1156026,-0.0212986,-0.0218976,1.0030650,0
526,4.2200000,-4.5400000,1.3600000,-0.0229000,0.0253000,0.9931000,3.4198517,-4.5278326,1.3980399,-0.0110854,-0.0165958,1.0065879,0
527,3.3600000,-3.1400000,-0.2100000,-0.0507000,0.0097000,0.9418000,3.3185868,-4.4320094,1.5753223,-0.0044259,-0.0094061,1.0043899,0
528,3.0000000,-3.9300000,-0.2700000,-0.0034000,-0.0043000,1.0581000,3.2670090,-4.3107441,1.5759274,-0.0023639,-0.0032280,1.0013180,0
529,-0.7200000,-3.0100000,0.4500000,0.0249000,-0.0004000,1.1606000,3.1449996,-4.1680414,1.4436908,-0.0015062,0.0010077,1.0036323,0
530,0.6200000,-2.4000000,1.8500000,0.0537000,0.0336000,0.9272000,2.8578818,-3.9897152,1.2927107,0.0011752,0.0042157,1.0109803,0
531,3.6700000,-4.4200000,1.4200000,0.0073000,-0.0048000,0.9404000,2.5283041,-3.8004574,1.2038958,0.0056041,0.0071797,1.0139152,0
532,3.0000000,-3.5000000,-0.5800000,-0.0239000,-0.0170000,0.9331000,2.3339352,-3.6698015,1.1327638,0.0088861,0.0086445,1.0094800,0
533,2.6900000,-3.5600000,-0.5200000,-0.0034000,0.0341000,1.1284000,2.2700138,-3.5920462,0.9909226,0.0093956,0.0087951,1.0045685,0
534,-1.2700000,-2.7100000,0.2700000,0.0249000,0.0483000,1.1259000,2.1894523,-3.5213274,0.7932358,0.0088510,0.0101834,1.0073939,0
535,1.4700000,-2.7100000,1.1200000,0.0444000,0.1049000,0.9033000,1.9944329,-3.4278660,0.6256207,0.0096143,0.0149874,1.0143056,0
536,2.2000000,-4.6000000,-0.1500000,0.0297000,0.0585000,0.9794000,1.7868598,-3.3482134,0.5152590,0.0122114,0.0232228,1.0158199,0
537,3.1200000,-3.5000000,-1.8600000,0.0209000,-0.0087000,0.8750000,1.6907374,-3.3376391,0.3821991,0.0154005,0.0309209,1.0102403,0
538,2.5700000,-3.8700000,-2.3500000,0.0317000,-0.0126000,1.0878000,1.7143842,-3.3734229,0.1412390,0.0182813,0.0339464,1.0021680,0
539,-0.4700000,-1.5500000,-1.6200000,0.0605000,0.0185000,1.1694000,1.7482771,-3.3822404,-0.1889293,0.0215683,0.0328505,1.0012350,0
540,-0.9600000,-1.2400000,-0.2700000,0.0659000,0.0449000,0.9501000,1.6430251,-3.2810729,-0.5031944,0.0263341,0.0309004,1.0081028,0
541,0.9200000,-4.3000000,-0.7600000,0.0180000,0.0961000,0.9790000,1.4140091,-3.1199035,-0.7229689,0.0314986,0.0312725,1.0128326,0
542,2.6900000,-1.8500000,-2.5900000,0.0268000,0.0117000,0.9453000,1.2252347,-3.0006792,-0.8938082,0.0348652,0.0339956,1.0118910,0
543,1.3500000,-2.5300000,-3.3900000,0.0317000,-0.0112000,0.9833000,1.1593744,-2.8946374,-1.1189514,0.0362982,0.0351861,1.0073776,0
544,0.9800000,-0.5100000,-3.0800000,0.0629000,0.0034000,1.1606000,1.1519293,-2.7431097,-1.4234960,0.0373760,0.0329764,1.0053463,0
545,-2.8500000,0.0900000,-1.6800000,0.0781000,0.0097000,1.0761000,1.0638542,-2.4950521,-1.7299980,0.0397964,0.0290166,1.0112578,0
546,0.3100000,-0.7600000,-0.6400000,0.0273000,0.0620000,0.9277000,0.8333364,-2.1574147,-1.9297870,0.0431002,0.0258490,1.0189748,0
547,1.2900000,-1.0600000,-1.9200000,0.0229000,0.0146000,0.9682000,0.5996703,-1.8175654,-2.0009024,0.0448818,0.0247193,1.0203854,0
548,1.4700000,-1.0600000,-3.0200000,-0.0019000,-0.0366000,0.8735000,0.4891981,-1.5327197,-2.0363982,0.0438488,0.0231055,1.0143827,0
549,1.9600000,-0.5100000,-2.3500000,0.0170000,-0.0590000,1.1181000,0.5033636,-1.3010124,-2.1026321,0.0403887,0.0178525,1.0060295,0
550,-2.7900000,1.0600000,-0.2700000,0.0434000,0.0073000,1.1494000,0.5242285,-1.0683768,-2.1366657,0.0364414,0.0100911,1.0053914,0
551,-0.3500000,2.0400000,1.4900000,0.0249000,0.0581000,0.9370000,0.4157662,-0.7600449,-2.0149642,0.0335670,0.0045778,1.0116566,0
552,0.0100000,-0.8200000,0.8800000,0.0097000,0.0463000,0.9282000,0.2429137,-0.4144786,-1.7029424,0.0310935,0.0040842,1.0137663,0
553,2.5100000,-0.0200000,-0.4000000,0.0131000,-0.0083000,0.9165000,0.1563221,-0.1519209,-1.3087859,0.0281621,0.0062995,1.0081873,0
554,0.7400000,0.5800000,-0.8800000,0.0126000,-0.0869000,1.0830000,0.2041095,0.0230519,-0.9669204,0.0249937,0.0060654,1.0008225,0
555,-1.5700000,2.7700000,0.2700000,0.0278000,-0.0454000,1.1440000,0.2669630,0.2119450,-0.7079459,0.0222813,0.0008590,1.0005819,0
556,-1.6900000,3.3200000,2.1600000,0.0327000,0.0307000,0.9799000,0.2036872,0.5056527,-0.4484288,0.0207782,-0.0055013,1.0074281,0
557,-0.4100000,0.8800000,2.1600000,0.0053000,0.0610000,0.9326000,0.0390954,0.8600595,-0.1104005,0.0201232,-0.0075922,1.0119533,0
558,1.6500000,0.9400000,0.8100000,-0.0004000,-0.0068000,0.9013000,-0.0868782,1.1391693,0.2616711,0.0189482,-0.0053931,1.0088021,0
559,1.5900000,0.7600000,0.0200000,-0.0180000,-0.0864000,0.9975000,-0.0707188,1.2973567,0.5555956,0.0164012,-0.0043327,1.0007057,0
560,-0.1700000,2.8300000,0.6900000,-0.0043000,-0.0957000,1.1855000,0.0389146,1.4008304,0.7304000,0.0126328,-0.0088335,0.9970992,0
561,-4.0700000,4.5400000,2.1000000,0.0043000,0.0058000,0.9975000,0.0494669,1.5747735,0.8541273,0.0087532,-0.0164732,1.0023697,0
562,-0.5300000,2.4100000,3.0100000,-0.0117000,0.0341000,0.9736000,-0.1252762,1.8474190,1.0235236,0.0054132,-0.0210537,1.0086545,0
563,-0.6600000,1.8600000,2.0400000,-0.0224000,-0.0034000,0.8876000,-0.3435667,2.0992065,1.2539900,0.0020028,-0.0208822,1.0086220,0
564,2.0200000,0.7000000,1.1200000,-0.0141000,-0.0922000,1.0390000,-0.4525536,2.2292236,1.4659471,-0.0017633,-0.0203981,1.0036469,0
565,-1.2700000,2.7100000,1.8500000,-0.0126000,-0.0595000,1.1538000,-0.4437215,2.2534268,1.6072325,-0.0053062,-0.0234156,1.0025610,0
566,-3.2200000,4.0600000,3.3200000,-0.0141000,0.0170000,1.0292000,-0.4775231,2.2923726,1.7322102,-0.0082247,-0.0273700,1.0092062,0
567,-1.5700000,2.4700000,3.0700000,-0.0185000,0.0727000,0.9301000,-0.6472143,2.4003052,1.9053741,-0.0106267,-0.0267595,1.0155865,0
568,-0.3500000,1.2500000,1.1800000,-0.0102000,0.0087000,0.8559000,-0.8388125,2.4825575,2.0770548,-0.0125447,-0.0207820,1.0133111,0
569,0.5500000,0.5200000,0.1400000,-0.0185000,-0.0576000,1.0039000,-0.9288530,2.4461355,2.1321698,-0.0139198,-0.0146261,1.0036689,0
570,-1.2700000,3.0800000,0.5700000,-0.0253000,-0.0810000,1.1069000,-0.9224260,2.3341173,2.0370026,-0.0151395,-0.0132687,0.9965997,0
571,-3.5900000,3.8100000,1.8500000,-0.0273000,0.0097000,1.0415000,-0.9562675,2.2854411,1.8751884,-0.0166416,-0.0155477,0.9975447,0
572,-2.2400000,2.5300000,1.9700000,-0.0419000,0.0727000,1.0541000,-1.1158427,2.3363281,1.7460885,-0.0187143,-0.0155374,1.0032483,0
573,-2.4300000,2.5300000,0.3900000,-0.0317000,0.0273000,0.8002000,-1.3394224,2.4102296,1.6471359,-0.0214081,-0.0106194,1.0056392,0
574,1.4700000,-0.4500000,-1.4300000,-0.0068000,-0.0122000,0.9125000,-1.4882845,2.4073996,1.4778625,-0.0236674,-0.0043006,0.9980235,0
575,0.6800000,0.5200000,-1.9800000,-0.0195000,-0.0800000,1.1606000,-1.4402992,2.2553691,1.1612059,-0.0245165,-0.0014509,0.9889961,0
576,-2.0000000,3.1400000,-0.8200000,-0.0034000,0.0034000,1.0004000,-1.2771503,2.0515935,0.7401163,-0.0240796,-0.0028968,0.9887919,0
577,-1.3900000,1.1300000,-0.0900000,-0.0361000,0.0781000,1.0522000,-1.1645093,1.9153511,0.3360844,-0.0231183,-0.0034930,0.9938511,0
578,-0.9000000,0.7600000,-1.0700000,-0.0532000,0.0478000,0.8818000,-1.1127913,1.7978187,0.0083866,-0.0232313,0.0005705,0.9973207,0
579,2.3900000,-1.7900000,-2.1700000,-0.0078000,-0.0122000,0.8818000,-1.0062941,1.5952857,-0.2908235,-0.0244560,0.0063743,0.9936880,0
580,1.3500000,-0.5100000,-2.2900000,-0.0200000,-0.0854000,1.0849000,-0.7521170,1.2703585,-0.6140014,-0.0250603,0.0083393,0.9864487,0
581,-0.3500000,2.2200000,-1.3100000,-0.0195000,-0.0683000,1.0644000,-0.4334847,0.9480644,-0.9338191,-0.0247863,0.0038827,0.9852241,0
582,-1.3300000,0.5200000,-0.2700000,-0.0229000,0.0566000,1.0424000,-0.2079628,0.7545703,-1.1679496,-0.0242642,-0.0026092,0.9907690,0
583,-0.1100000,0.4500000,-0.0900000,-0.0107000,0.0781000,0.9433000,-0.1092777,0.6443646,-1.2632459,-0.0235065,-0.0040930,0.9969246,0
584,0.9200000,-2.2800000,-1.2500000,0.0053000,0.0444000,0.8613000,-0.0498597,0.5046483,-1.2570251,-0.0219154,0.0004496,0.9969080,0
585,3.1800000,-2.7700000,-2.3500000,-0.0043000,-0.0332000,1.0039000,0.0908628,0.2363273,-1.2512661,-0.0192228,0.0060121,0.9905143,0
586,0.6800000,-1.0600000,-1.9200000,-0.0141000,-0.0395000,1.1005000,0.3336797,-0.1330861,-1.3051101,-0.0163011,0.0078615,0.9865652,0
587,-1.6300000,0.5200000,-0.6400000,-0.0190000,0.0541000,1.0595000,0.5210477,-0.4470830,-1.3719684,-0.0141520,0.0072492,0.9904217,0
588,-1.6300000,0.0900000,-0.2700000,-0.0195000,0.0747000,1.0073000,0.5148079,-0.6111438,-1.3743224,-0.0130748,0.0091541,0.9982195,0
589,-0.6600000,-2.9500000,-1.0700000,0.0004000,0.0732000,0.8574000,0.3579870,-0.7124567,-1.3106156,-0.0124904,0.0151975,1.0019879,0
590,2.7500000,-3.2600000,-2.1700000,0.0253000,-0.0424000,0.9033000,0.2246346,-0.9023560,-1.2564528,-0.0109796,0.0214415,0.9967219,0
591,1.0400000,-3.2600000,-1.9200000,0.0034000,-0.0776000,1.1137000,0.2391534,-1.2073200,-1.2679912,-0.0080361,0.0219322,0.9891433,0
592,-0.4700000,-0.2700000,-0.5800000,-0.0063000,-0.0175000,1.0849000,0.3168165,-1.5077589,-1.3058786,-0.0049846,0.0161651,0.9894850,0
593,-2.4300000,-1.3100000,0.4500000,-0.0156000,0.0698000,1.0195000,0.2943807,-1.6819483,-1.2780913,-0.0031251,0.0103081,0.9966340,0
594,-0.6000000,-2.8300000,0.5100000,-0.0078000,0.0698000,0.9096000,0.1372484,-1.7734251,-1.1409272,-0.0025913,0.0095777,1.0021623,0
595,0.9800000,-3.8700000,-0.4000000,0.0190000,-0.0019000,0.9052000,-0.0277752,-1.9073322,-0.9398130,-0.0022857,0.0125071,1.0003908,0
596,2.0800000,-4.1700000,-0.2100000,0.0209000,-0.0576000,1.0234000,-0.0622952,-2.1360200,-0.7453713,-0.0008799,0.0135499,0.9940699,0
597,0.6200000,-2.2800000,0.5700000,-0.0083000,0.0034000,1.1123000,0.0362499,-2.4021033,-0.5658084,0.0011468,0.0108467,0.9917837,0
598,-2.5500000,-1.1800000,1.4900000,-0.0131000,0.0507000,0.9804000,0.1120040,-2.5788132,-0.3565904,0.0021778,0.0082396,0.9955646,0
599,0.3100000,-3.9900000,1.3600000,0.0185000,0.0297000,0.8793000,0.0678438,-2.6583009,-0.0951526,0.0023427,0.0086068,0.9973898,0
600,1.9600000,-4.9100000,0.5700000,0.0571000,-0.0507000,0.9736000,0.0346739,-2.7783028,0.1761634,0.0038870,0.0093439,0.9929981,0
601,1.3500000,-3.3200000,1.0000000,0.0385000,-0.0781000,1.0039000,0.1226800,-2.9761037,0.4063122,0.0080035,0.0060575,0.9873379,0
602,1.5900000,-1.1800000,2.0400000,0.0112000,-0.0249000,1.1196000,0.2947887,-3.1195441,0.6138624,0.0129188,-0.0011922,0.9867533,0
603,-2.8500000,-1.0000000,2.4600000,-0.0146000,0.0747000,1.1020000,0.4152295,-3.0950930,0.8490900,0.0159632,-0.0068144,0.9943733,0
604,-0.6600000,-0.7600000,2.0400000,0.0107000,0.0678000,0.8764000,0.3633199,-2.9099002,1.1124935,0.0164868,-0.0060108,1.0037291,0
605,0.3100000,-3.6200000,0.5700000,0.0380000,-0.0068000,0.9492000,0.2233190,-2.6806760,1.3348500,0.0163979,-0.0009256,1.0054936,0
606,1.8400000,-1.7300000,-0.0900000,0.0517000,-0.0678000,0.9853000,0.1517394,-2.5137259,1.4322832,0.0178031,0.0021371,1.0013659,0
607,0.3700000,-0.2100000,0.3300000,0.0166000,-0.0732000,1.1010000,0.1812053,-2.3511237,1.3941719,0.0204474,-0.0004004,0.9990266,0
608,-3.1600000,1.8000000,0.8100000,-0.0200000,0.0322000,1.1215000,0.1738982,-2.0649937,1.2854456,0.0218040,-0.0056507,1.0038063,0
609,-2.1800000,1.3700000,1.3000000,0.0014000,0.0561000,0.9394000,-0.0080359,-1.6199989,1.1777204,0.0204807,-0.0076142,1.0122576,0
610,-0.9600000,-1.8500000,0.7500000,0.0146000,0.0156000,0.8715000,-0.2943810,-1.1504365,1.0975671,0.0179345,-0.0050485,1.0141185,0
611,2.0800000,-1.3700000,0.0200000,0.0419000,-0.0546000,0.9931000,-0.4949486,-0.8311718,1.0146245,0.0163168,-0.0023406,1.0076607,0
612,0.0100000,0.3900000,0.3300000,0.0019000,-0.0952000,1.0439000,-0.5193544,-0.6439901,0.9024141,0.0159828,-0.0042077,1.0009274,0
613,-1.1400000,2.4700000,0.3900000,-0.0229000,-0.0112000,1.1679000,-0.4740056,-0.4344502,0.7794430,0.0149426,-0.0102124,1.0015313,0
614,-4.6200000,3.0200000,0.2700000,-0.0087000,0.0649000,0.9990000,-0.5452169,-0.0974644,0.6656750,0.0120187,-0.0143016,1.0094011,0
615,-1.3900000,0.8800000,-0.0300000,0.0229000,0.0141000,0.8735000,-0.7834705,0.3150744,0.5573088,0.0088285,-0.0131102,1.0144845,0
616,0.7400000,-1.0600000,-0.9500000,0.0468000,-0.0307000,0.9472000,-1.0070911,0.6290559,0.4281757,0.0077582,-0.0100397,1.0104196,0
617,1.7100000,0.4500000,-1.0700000,0.0356000,-0.0532000,0.9868000,-1.0334574,0.7640283,0.2507090,0.0095032,-0.0092823,1.0020491,0
618,0.6800000,2.0400000,-0.8800000,-0.0122000,-0.0449000,1.1137000,-0.8701427,0.8269728,0.0370192,0.0119838,-0.0117061,0.9972089,0
619,-3.5900000,3.1400000,-0.9500000,-0.0415000,0.0639000,1.1000000,-0.7059424,0.9549482,-0.1789201,0.0120034,-0.0139087,1.0006391,0
620,-1.3300000,1.9200000,-1.3100000,0.0166000,0.0415000,0.9379000,-0.7011742,1.1659648,-0.3851808,0.0094732,-0.0117057,1.0078407,0
621,0.0700000,-0.1500000,-2.1100000,0.0541000,-0.0131000,0.8349000,-0.7659036,1.3448040,-0.6005970,0.0080093,-0.0066653,1.0080278,0
622,3.0000000,0.2700000,-2.0400000,0.0556000,-0.0698000,1.0063000,-0.7095393,1.3894276,-0.8425376,0.0100500,-0.0039917,0.9997507,0
623,1.4100000,2.3500000,-1.5600000,-0.0063000,-0.0712000,1.0654000,-0.4661667,1.3614580,-1.0856687,0.0137447,-0.0064530,0.9927130,0
624,-1.7500000,2.7700000,-1.0700000,-0.0375000,0.0429000,1.1044000,-0.1908911,1.3895942,-1.2795051,0.0151206,-0.0109133,0.9936349,0
625,-2.1800000,2.5900000,-0.6400000,-0.0288000,0.0590000,0.9990000,-0.0847638,1.5064822,-1.3881971,0.0125772,-0.0114190,1.0002242,0
626,-0.4700000,0.8800000,-1.1300000,0.0190000,0.0234000,0.8637000,-0.1420381,1.6377637,-1.4162783,0.0084073,-0.0071247,1.0037515,0
627,2.7500000,-0.9400000,-1.4900000,0.0561000,-0.0424000,0.9340000,-0.1747914,1.6588784,-1.4086797,0.0063689,-0.0025249,0.9988920,0
628,2.2600000,1.5500000,-0.9500000,0.0048000,-0.0551000,1.0214000,-0.0353485,1.5502027,-1.3922640,0.0072813,-0.0017117,0.9909059,0
629,-0.4100000,2.5300000,-0.4600000,-0.0249000,-0.0136000,1.1640000,0.1946950,1.4501612,-1.3472114,0.0081010,-0.0043905,0.9893422,0
630,-3.3400000,2.2200000,0.0800000,-0.0161000,0.0454000,0.9663000,0.2884348,1.4468392,-1.2460399,0.0067488,-0.0064969,0.9955359,0
631,0.0100000,-0.3300000,0.2000000,0.0131000,0.0288000,0.8818000,0.1831938,1.4618325,-1.0830630,0.0044557,-0.0051971,0.9994330,0
632,3.0600000,-0.5100000,0.0800000,0.0390000,-0.0571000,0.9287000,0.0957591,1.3751020,-0.8802847,0.0036132,-0.0030241,0.9951216,0
633,2.6900000,-0.1500000,0.5100000,-0.0141000,-0.0332000,1.0678000,0.2091253,1.1788855,-0.6620436,0.0043290,-0.0037695,0.9888722,0
634,-0.5300000,1.9200000,1.1800000,-0.0263000,0.0297000,1.1987000,0.4238926,0.9806303,-0.4231001,0.0041291,-0.0058285,0.9910401,0
635,-3.7700000,2.1600000,1.4900000,-0.0112000,0.0864000,0.9516000,0.4846027,0.8921893,-0.1483007,0.0021046,-0.0044194,1.0015209,0
636,0.3700000,-0.2700000,1.3000000,0.0161000,0.0478000,0.8774000,0.3299675,0.8836926,0.1495110,-0.0000176,0.0018662,1.0077050,0
637,1.2300000,-1.2400000,0.4500000,0.0537000,-0.0224000,1.0078000,0.1681345,0.8148848,0.4196808,0.0001230,0.0089528,1.0053123,0
638,1.7100000,1.6100000,0.6300000,0.0097000,-0.0351000,0.9799000,0.1420143,0.6823973,0.6160761,0.0028784,0.0121340,1.0007985,0
639,-1.1400000,2.3500000,0.5700000,-0.0351000,-0.0019000,1.1181000,0.1843462,0.6295679,0.7383331,0.0051775,0.0113016,0.9995605,0
640,-3.6500000,2.5300000,1.0000000,-0.0512000,0.0664000,1.0820000,0.1119349,0.7226472,0.8130609,0.0039928,0.0104121,1.0047887,0
641,-1.9400000,2.0400000,1.4200000,-0.0058000,0.0263000,0.8872000,-0.1519637,0.9140789,0.8758043,0.0000343,0.0121623,1.0111572,0
642,-0.7200000,-0.8800000,1.1800000,0.0258000,0.0214000,0.8833000,-0.4746955,1.0785004,0.9465070,-0.0032503,0.0151275,1.0091177,0
643,2.9300000,0.5800000,1.0600000,-0.0039000,-0.0605000,0.9702000,-0.6525836,1.1145845,1.0130196,-0.0042544,0.0159867,0.9995259,0
644,-0.9600000,0.9400000,1.0000000,-0.0527000,-0.0039000,1.1425000,-0.6302997,1.0726903,1.0606567,-0.0052534,0.0131748,0.9927334,0
645,-3.6500000,3.6900000,0.9400000,-0.0712000,0.0761000,1.0996000,-0.6183938,1.0831612,1.0863360,-0.0090972,0.0104697,0.9960864,0
646,-4.2000000,1.6800000,0.5700000,-0.0200000,0.0551000,0.9599000,-0.8113189,1.2036964,1.0848240,-0.0151515,0.0119787,1.0046084,0
647,-1.4500000,-0.4500000,0.3900000,0.0058000,0.0258000,0.8339000,-1.1410012,1.3168549,1.0463125,-0.0199341,0.0162438,1.0067576,0
648,2.3900000,0.0900000,0.2700000,0.0395000,-0.0688000,0.9697000,-1.3553755,1.3011143,0.9700943,-0.0207754,0.0184355,0.9995075,0
649,1.2900000,0.2700000,0.3900000,0.0034000,-0.0322000,1.0766000,-1.2911976,1.1864960,0.8697906,-0.0178747,0.0154682,0.9918827,0
650,-1.5100000,2.5900000,0.3300000,-0.0512000,-0.0102000,1.1142000,-1.0768222,1.0823385,0.7633024,-0.0146768,0.0094425,0.9924065,0
651,-4.2000000,1.1300000,-0.0900000,-0.0356000,0.0576000,1.0273000,-0.9719218,1.0607375,0.6529674,-0.0141500,0.0049198,1.0000261,0
652,0.2500000,0.0300000,-0.5200000,0.0083000,-0.0161000,0.8100000,-1.0205712,1.0596778,0.5223179,-0.0149669,0.0034093,1.0044851,0
653,1.8400000,-2.6500000,-0.9500000,0.0424000,-0.0415000,0.9497000,-1.0071416,0.9445488,0.3547926,-0.0138186,0.0018434,0.9988910,0
654,3.1200000,-0.4500000,-0.8200000,-0.0073000,-0.0332000,1.0454000,-0.7760336,0.6799550,0.1537782,-0.0102488,-0.0019661,0.9904678,0
655,-0.6000000,1.0000000,-1.0100000,-0.0551000,-0.0332000,1.0659000,-0.4152471,0.4044216,-0.0597964,-0.0076843,-0.0070851,0.9879683,0
656,-3.1600000,-0.5100000,-0.8200000,-0.0620000,0.0761000,1.0722000,-0.1754012,0.2161059,-0.2654742,-0.0090272,-0.0102710,0.9923405,0
657,-1.5700000,-0.3300000,-0.8800000,-0.0019000,-0.0122000,0.9238000,-0.1779929,0.0709397,-0.4469539,-0.0127984,-0.0093442,0.9984532,0
658,0.4300000,-3.1400000,-0.6400000,0.0449000,-0.0424000,0.8066000,-0.2832457,-0.1144211,-0.5921092,-0.0146086,-0.0078124,0.9970030,0
659,4.6400000,-2.8900000,-0.7600000,0.0214000,-0.0717000,1.0190000,-0.2490680,-0.4149026,-0.6962821,-0.0124010,-0.0095905,0.9873967,0
660,0.3700000,-0.7600000,-1.1900000,-0.0258000,-0.0673000,1.1186000,-0.0046992,-0.7686934,-0.7744380,-0.0087457,-0.0150435,0.9815091,0
661,-3.4000000,-0.2700000,-0.8800000,-0.0576000,0.0107000,1.0820000,0.1921696,-1.0278360,-0.8430853,-0.0074622,-0.0212606,0.9860107,0
662,-3.1000000,-0.8800000,-0.8200000,-0.0336000,0.0112000,0.9492000,0.1115996,-1.1552496,-0.8950987,-0.0095460,-0.0242369,0.9946769,0
663,-0.7200000,-2.7700000,-1.0700000,0.0419000,-0.0561000,0.8413000,-0.1562996,-1.2405615,-0.9286505,-0.0117806,-0.0246607,0.9970818,0
664,3.6100000,-3.3200000,-1.1300000,0.0317000,-0.0356000,1.0810000,-0.3342386,-1.3912298,-0.9577082,-0.0106225,-0.0256947,0.9930907,0
665,-0.4700000,0.0300000,-1.1300000,-0.0239000,-0.0693000,1.1074000,-0.3004068,-1.5644808,-0.9889803,-0.0073916,-0.0282422,0.9933093,0
666,-2.9800000,-1.1200000,-0.7600000,-0.0322000,0.0297000,1.0302000,-0.2608019,-1.6378806,-1.0129344,-0.0056958,-0.0305093,1.0005341,0
667,-0.3500000,-2.5900000,-0.3400000,-0.0117000,0.0073000,0.9570000,-0.3506153,-1.6497793,-1.0069742,-0.0061589,-0.0295645,1.0076313,0
668,1.9000000,-3.6900000,-0.3400000,0.0380000,-0.0439000,0.8618000,-0.4157995,-1.7255108,-0.9580062,-0.0063146,-0.0265756,1.0076739,0
669,5.6800000,-3.7500000,-0.5800000,0.0415000,-0.0673000,0.9414000,-0.2408418,-1.9110089,-0.8817740,-0.0037824,-0.0254920,0.9994932,0
670,2.8700000,-2.4000000,-0.5800000,-0.0004000,-0.0546000,1.1611000,0.2146600,-2.1493934,-0.8038198,0.0005676,-0.0274307,0.9923934,0
671,-0.1700000,-0.5100000,0.2700000,-0.0043000,-0.0078000,1.1406000,0.7154903,-2.3115688,-0.7187727,0.0040429,-0.0301718,0.9965687,0
672,-1.2700000,-0.3900000,0.8800000,-0.0004000,0.0268000,0.9077000,1.0045258,-2.3064015,-0.5896160,0.0057582,-0.0303776,1.0065513,0
673,2.3200000,-3.0800000,1.3000000,0.0302000,-0.0009000,0.9106000,1.1013696,-2.2055706,-0.3925377,0.0068998,-0.0271675,1.0097483,0
674,5.6800000,-2.9500000,0.8800000,0.0361000,-0.0517000,0.8959000,1.2567582,-2.1545134,-0.1470439,0.0090077,-0.0234625,1.0034804,0
675,4.4600000,-1.7900000,0.5700000,0.0170000,-0.0234000,1.1093000,1.6197695,-2.1649861,0.0951192,0.0120340,-0.0217661,0.9953991,0
676,0.9800000,0.0900000,0.7500000,-0.0195000,-0.0151000,1.1215000,2.0353645,-2.1271189,0.2984205,0.0140244,-0.0212110,0.9953255,0
677,-0.8400000,-0.1500000,1.6100000,-0.0268000,0.0483000,0.9897000,2.2504643,-1.9673006,0.4787418,0.0131942,-0.0192575,1.0025223,0
678,1.6500000,-2.3400000,2.2800000,0.0131000,0.0209000,0.9726000,2.2267105,-1.7579734,0.6814531,0.0103968,-0.0144011,1.0084115,0
679,3.4200000,-2.0400000,1.7900000,0.0463000,0.0107000,0.8203000,2.1506868,-1.6204697,0.9165825,0.0086853,-0.0081051,1.0065964,0
680,5.3800000,-1.6100000,0.9400000,0.0317000,0.0078000,1.0009000,2.2077131,-1.5633730,1.1303177,0.0096494,-0.0024099,0.9971522,0
681,3.1200000,-0.9400000,0.4500000,0.0151000,-0.0014000,1.1733000,2.4143760,-1.5256797,1.2593383,0.0119989,0.0019364,0.9912316,0
682,-2.4900000,0.7000000,0.6900000,0.0117000,0.0683000,1.1352000,2.5363256,-1.4349745,1.2917298,0.0140200,0.0060405,0.9978330,0
683,-1.1400000,1.0000000,1.1200000,-0.0043000,0.0083000,0.9038000,2.3505362,-1.2322024,1.2679809,0.0148768,0.0110694,1.0092199,0
684,1.7800000,-1.3700000,0.8800000,0.0263000,0.0083000,0.8735000,1.9825039,-0.9764562,1.2274058,0.0148217,0.0152771,1.0120930,0
685,4.5200000,-0.2100000,-0.1500000,0.0512000,0.0053000,1.0283000,1.7265830,-0.7731535,1.1576088,0.0155939,0.0173551,1.0065194,0
686,0.8600000,1.7400000,-0.3400000,0.0229000,0.0034000,1.0849000,1.6583191,-0.5816590,1.0246697,0.0178812,0.0177414,1.0027223,0
687,-2.0000000,1.4300000,0.0800000,-0.0117000,0.0566000,1.1372000,1.5664729,-0.3177253,0.8420312,0.0196247,0.0179437,1.0068023,0
688,-3.0400000,1.1300000,0.5700000,-0.0239000,0.0742000,0.9980000,1.2576118,-0.0078493,0.6650849,0.0186764,0.0204639,1.0160483,0
689,0.5500000,0.4500000,0.8100000,0.0087000,0.0253000,0.8125000,0.8072672,0.2746659,0.5389408,0.0155476,0.0250614,1.0195986,0
690,2.5700000,-1.0000000,-0.4600000,0.0361000,0.0249000,0.9956000,0.4662399,0.4544784,0.4494874,0.0128864,0.0290033,1.0126413,0
691,1.2300000,1.4900000,-1.3700000,0.0395000,0.0190000,1.0434000,0.3490438,0.5320866,0.3262840,0.0125625,0.0310913,1.0040930,0
692,-1.0200000,1.1900000,-0.8800000,0.0126000,0.0214000,1.1630000,0.3263743,0.6027807,0.1391156,0.0139102,0.0316259,1.0032102,0
693,-5.2900000,2.1000000,0.0200000,-0.0185000,0.0791000,1.0576000,0.1631079,0.7195947,-0.0545600,0.0145850,0.0322578,1.0109617,0
694,-2.0600000,1.3100000,0.6300000,-0.0151000,0.0136000,0.8442000,-0.2290451,0.8712646,-0.1786086,0.0130528,0.0339518,1.0175108,0
695,1.9600000,-1.0600000,-0.2700000,0.0053000,0.0161000,0.8862000,-0.6117742,0.9720517,-0.2235350,0.0101499,0.0347690,1.0129177,0
696,1.7800000,1.5500000,-1.3700000,0.0576000,-0.0029000,1.0375000,-0.7349886,0.9734651,-0.2600979,0.0085392,0.0333616,1.0019874,0
697,-2.9100000,1.7400000,-1.0100000,0.0224000,0.0249000,1.1308000,-0.7025506,0.9720849,-0.3433882,0.0096901,0.0304858,0.9966652,0
698,-5.2900000,2.3500000,-0.0300000,-0.0307000,0.0581000,1.0615000,-0.8126860,1.0413240,-0.4379061,0.0110898,0.0283012,1.0007618,0
699,-1.2700000,2.1600000,0.8100000,-0.0004000,0.0278000,0.8134000,-1.1144661,1.1747944,-0.4685685,0.0103053,0.0280186,1.0046776,0
700,1.7100000,0.2700000,-0.4000000,0.0170000,0.0146000,0.9360000,-1.3413945,1.3053991,-0.4266929,0.0086831,0.0281632,0.9992679,0
701,0.0700000,3.1400000,-2.1700000,0.0351000,0.0151000,1.0805000,-1.3345915,1.4015823,-0.4089383,0.0083249,0.0274415,0.9911557,0
702,-3.0400000,2.6500000,-2.5300000,0.0141000,-0.0302000,1.1196000,-1.2469152,1.5354426,-0.5107060,0.0094608,0.0250674,0.9910135,0
703,-5.8400000,3.3800000,-1.6200000,-0.0170000,0.0502000,1.1040000,-1.3285028,1.7353320,-0.7126859,0.0103592,0.0216294,1.0001535,0
704,-3.5900000,3.6300000,-0.4000000,-0.0078000,0.0034000,0.8891000,-1.6418323,1.9860133,-0.9088879,0.0095469,0.0191651,1.0103552,0
705,0.1300000,1.0000000,-0.5200000,-0.0063000,-0.0073000,0.8085000,-1.9697672,2.2210153,-1.0207533,0.0074777,0.0170431,1.0098545,0
706,0.7400000,1.9200000,-1.2500000,0.0131000,-0.0356000,1.0947000,-2.0738665,2.3449417,-1.0645220,0.0054033,0.0133731,1.0007244,0
707,-3.0400000,3.9300000,-1.1300000,-0.0087000,-0.0537000,1.0541000,-2.0027491,2.4121759,-1.0904223,0.0038638,0.0072900,0.9958550,0
708,-4.8100000,3.7500000,0.1400000,-0.0292000,0.0136000,1.1181000,-2.0000962,2.5332463,-1.0871171,0.0018932,0.0002042,0.9995117,0
709,-4.8700000,2.5300000,1.2400000,-0.0454000,-0.0356000,0.9770000,-2.1897816,2.6877543,-0.9898329,-0.0017821,-0.0056039,1.0072645,0
710,-1.0800000,2.2200000,1.4900000,-0.0126000,-0.0180000,0.7377000,-2.4494269,2.7924512,-0.7653802,-0.0066591,-0.0103970,1.0078333,0
711,2.0200000,0.0300000,0.5700000,0.0136000,-0.0625000,1.0043000,-2.5197975,2.7758550,-0.4637421,-0.0103968,-0.0153290,0.9966576,0
712,-0.3500000,1.4300000,0.0200000,0.0117000,-0.0351000,1.0678000,-2.3100882,2.6167263,-0.1798112,-0.0114306,-0.0208376,0.9860250,0
713,-2.7300000,1.6100000,0.6900000,-0.0170000,-0.0224000,1.0971000,-2.0183310,2.3948333,0.0428416,-0.0107737,-0.0258115,0.9850882,0
714,-4.4400000,0.2100000,1.5500000,-0.0581000,0.0039000,1.0283000,-1.8749271,2.1577418,0.2414447,-0.0111016,-0.0284544,0.9915155,0
715,-0.7800000,0.8800000,2.0400000,-0.0493000,-0.0170000,0.7749000,-1.8811683,1.8907866,0.4665090,-0.0140853,-0.0284982,0.9948854,0
716,1.7800000,-2.2800000,0.8100000,-0.0107000,-0.0268000,0.9750000,-1.8188021,1.5614551,0.7027149,-0.0182293,-0.0273796,0.9884822,0
717,1.7800000,0.2100000,0.0200000,0.0180000,-0.0522000,1.0166000,-1.5411127,1.1551115,0.8716612,-0.0204811,-0.0269290,0.9801093,0
718,-2.7900000,0.0900000,0.4500000,-0.0078000,-0.0673000,1.1142000,-1.1880006,0.7661608,0.9361000,-0.0199284,-0.0284632,0.9787954,0
719,-3.5900000,-0.5100000,1.4200000,-0.0444000,-0.0029000,1.0424000,-1.0145116,0.4527483,0.9492229,-0.0188166,-0.0309705,0.9854281,0
720,-0.8400000,-0.7600000,2.4000000,-0.0390000,-0.0654000,0.8740000,-1.0388460,0.1814289,0.9956592,-0.0193152,-0.0328721,0.9923188,0
721,1.4100000,-2.2200000,1.8500000,-0.0234000,-0.0073000,0.9331000,-1.0485207,-0.0925113,1.1075293,-0.0210115,-0.0342827,0.9918021,0
722,2.2600000,0.2700000,0.2700000,0.0249000,-0.0434000,0.9599000,-0.8853408,-0.3597825,1.2182367,-0.0216346,-0.0349117,0.9861063,0
723,-1.2100000,-1.9800000,-0.4000000,-0.0126000,-0.0195000,1.1303000,-0.6147691,-0.5757998,1.2313398,-0.0200191,-0.0347919,0.9832320,0
724,-3.1600000,0.5800000,0.1400000,-0.0625000,0.0195000,1.1425000,-0.4585278,-0.7305462,1.1329932,-0.0186360,-0.0331834,0.9900259,0
725,-2.2400000,-0.2700000,0.7500000,-0.0395000,0.0043000,0.8344000,-0.5177016,-0.7929966,0.9915537,-0.0198086,-0.0290081,1.0001993,0
726,3.3600000,-3.2600000,0.3900000,-0.0278000,0.0097000,0.8769000,-0.6000208,-0.8340135,0.8619556,-0.0223695,-0.0232408,1.0004460,0
727,2.5100000,-1.2400000,-1.0100000,0.0112000,-0.0668000,1.0014000,-0.4642319,-0.9545900,0.7200371,-0.0238999,-0.0185405,0.9923262,0
728,1.7100000,-1.6700000,-1.4300000,0.0097000,-0.0463000,1.0458000,-0.1372089,-1.1040542,0.5097193,-0.0228751,-0.0174547,0.9862388,0
729,-1.2700000,0.0300000,-0.8800000,-0.0385000,0.0175000,1.0888000,0.1771387,-1.2026001,0.2384881,-0.0205389,-0.0182059,0.9870913,0
730,0.5500000,-0.4500000,0.8800000,-0.0297000,-0.0151000,0.8056000,0.3588925,-1.2105654,-0.0010176,-0.0193387,-0.0177554,0.9892575,0
731,4.5200000,-4.8500000,0.0800000,-0.0249000,0.0131000,0.9252000,0.5339922,-1.2333019,-0.1352631,-0.0194816,-0.0160321,0.9839825,0
732,5.3200000,-1.8500000,-1.1300000,0.0151000,-0.0283000,1.0205000,0.9028382,-1.3898090,-0.2123031,-0.0193016,-0.0139844,0.9753892,0
733,2.0200000,-1.6700000,-1.6200000,0.0263000,-0.0136000,1.0800000,1.4119023,-1.5837889,-0.3209745,-0.0170010,-0.0126944,0.9727828,0
734,-0.0500000,-0.8800000,-1.4300000,-0.0273000,0.0185000,1.1064000,1.8119445,-1.7028730,-0.4813696,-0.0133483,-0.0115904,0.9790595,0
735,0.2500000,-1.2400000,-0.6400000,-0.0126000,0.0322000,0.9248000,1.9665333,-1.7362394,-0.6483961,-0.0107548,-0.0088346,0.9891375,0
736,5.0700000,-2.9500000,-0.5200000,0.0014000,0.0156000,0.8857000,2.0185609,-1.7448870,-0.7683001,-0.0092537,-0.0043792,0.9932945,0
737,5.1900000,-2.4700000,-1.8000000,0.0351000,-0.0292000,0.9677000,2.2026697,-1.8032614,-0.8533706,-0.0070395,-0.0004831,0.9897492,0
738,5.3200000,-2.6500000,-2.4100000,0.0585000,-0.0097000,1.0317000,2.5609316,-1.9075165,-0.9705209,-0.0024411,0.0010001,0.9853427,0
739,1.2900000,-1.9200000,-1.7400000,0.0161000,-0.0493000,1.1821000,2.9288022,-2.0157510,-1.1355871,0.0040823,-0.0000952,0.9879758,0
740,-1.7500000,-0.0800000,-0.1500000,-0.0161000,0.0405000,1.0224000,3.0529685,-2.0551829,-1.2715305,0.0094363,-0.0021516,0.9990314,0
741,3.6700000,-0.4500000,0.3300000,-0.0175000,0.0117000,0.8652000,2.9166689,-1.9661835,-1.2909140,0.0114373,-0.0024260,1.0080494,0
742,3.3600000,-3.0800000,-1.0100000,0.0366000,0.0112000,0.9521000,2.7746930,-1.8326918,-1.2096838,0.0115106,-0.0008989,1.0072599,0
743,4.3400000,-0.7600000,-1.2500000,0.0805000,0.0288000,1.0424000,2.7565639,-1.7478646,-1.1194537,0.0133683,0.0014160,1.0023906,0
744,-0.3500000,-0.0200000,-0.9500000,0.0434000,-0.0351000,1.1127000,2.7582669,-1.6458337,-1.0612267,0.0183259,0.0034637,1.0020802,0
745,-1.5700000,-0.8200000,0.5100000,-0.0131000,0.0434000,1.0937000,2.5793507,-1.4807156,-0.9916508,0.0231301,0.0045389,1.0089741,0
746,0.3100000,0.4500000,1.0000000,-0.0126000,0.0239000,0.8896000,2.1935292,-1.2801667,-0.8458763,0.0244456,0.0063822,1.0164844,0
747,1.8400000,-1.6100000,-0.2100000,0.0332000,0.0488000,0.9023000,1.7877424,-1.0794317,-0.6382396,0.0232230,0.0098633,1.0154622,0
748,3.8500000,-0.5100000,-1.2500000,0.0620000,0.0048000,0.9829000,1.5413285,-0.9298489,-0.4672554,0.0228990,0.0138402,1.0070796,0
749,0.4300000,-1.0000000,-1.6800000,0.0659000,-0.0200000,1.1020000,1.4597014,-0.8321185,-0.4082242,0.0253323,0.0160501,1.0005341,0
750,-1.9400000,-0.2100000,-0.2700000,-0.0126000,0.0058000,1.1372000,1.3457179,-0.7572187,-0.4355771,0.0284969,0.0155876,1.0028023,0
751,-2.4300000,1.5500000,1.0600000,-0.0322000,0.0327000,0.9174000,1.0464180,-0.6457407,-0.4414253,0.0284080,0.0145268,1.0099324,0
752,2.8700000,-1.9200000,1.0000000,-0.0034000,0.0576000,0.8735000,0.6914715,-0.5028887,-0.3524772,0.0244542,0.0152662,1.0106046,0
753,3.5500000,-1.2400000,-0.2100000,0.0502000,-0.0039000,0.9721000,0.5460497,-0.4417659,-0.2098769,0.0201788,0.0174060,1.0028834,0
754,1.1600000,-1.2400000,-0.6400000,0.0766000,0.0053000,1.0888000,0.6324449,-0.4803463,-0.1027649,0.0193022,0.0184867,0.9958220,0
755,-1.0800000,0.2100000,0.5700000,0.0087000,-0.0336000,1.1318000,0.7332475,-0.5369946,-0.0442896,0.0214491,0.0171545,0.9972823,0
756,-3.0400000,1.1300000,1.9700000,-0.0126000,0.0615000,1.0000000,0.6578563,-0.5239616,0.0463774,0.0227377,0.0149140,1.0055146,0
757,2.0800000,0.2100000,2.2200000,-0.0122000,0.0458000,0.8500000,0.4546327,-0.4196878,0.2359623,0.0211612,0.0149942,1.0099858,0
758,2.3900000,-0.8800000,0.8100000,0.0346000,0.0297000,0.9692000,0.3582653,-0.3056408,0.4835991,0.0184019,0.0175123,1.0054077,0
759,2.2000000,-0.2100000,-0.2700000,0.0639000,0.0131000,1.0512000,0.4496345,-0.2432901,0.6752697,0.0175821,0.0200964,0.9988158,0
760,-1.0800000,0.8200000,0.0800000,0.0292000,-0.0444000,1.1391000,0.5867896,-0.1933971,0.7509804,0.0194918,0.0203702,0.9989147,0
761,-2.6100000,2.1000000,1.3000000,-0.0083000,0.0415000,1.0834000,0.5760012,-0.0749676,0.7631080,0.0214402,0.0182226,1.0073558,0
762,-0.9600000,2.7700000,1.3000000,-0.0097000,0.0576000,0.8789000,0.3770046,0.1634592,0.7895147,0.0210258,0.0173133,1.0158900,0
763,1.4700000,0.8200000,-0.7000000,0.0356000,0.0000000,0.9838000,0.1576366,0.4731486,0.8072930,0.0192295,0.0184864,1.0165723,0
764,-0.1100000,0.9400000,-1.1300000,0.0493000,0.0097000,1.0961000,0.0418371,0.7412048,0.7291399,0.0187580,0.0191053,1.0145258,0
765,-3.2200000,2.6500000,-0.1500000,-0.0180000,-0.0219000,1.1166000,-0.0753563,0.9610255,0.5579828,0.0192823,0.0179172,1.0179228,0
766,-4.2600000,3.6300000,1.1200000,-0.0522000,0.0346000,0.9667000,-0.3615661,1.2230281,0.3971603,0.0172884,0.0157259,1.0246064,0
767,-0.2900000,1.2500000,0.9400000,-0.0415000,0.0195000,0.8374000,-0.7576842,1.5169443,0.3229639,0.0113290,0.0143988,1.0246548,0
768,0.5500000,0.3900000,-0.2100000,0.0097000,0.0053000,1.0102000,-1.0370254,1.7145300,0.3054658,0.0040765,0.0139755,1.0157102,0
769,-0.2300000,2.3500000,-1.1900000,0.0434000,-0.0439000,1.0229000,-1.1212251,1.7914829,0.2562483,-0.0004747,0.0123042,1.0063156,0
770,-2.6100000,1.3100000,-0.7600000,0.0156000,-0.0356000,1.0473000,-1.1357649,1.8254543,0.1368180,-0.0011041,0.0078720,1.0018576,0
771,-3.6500000,2.1600000,0.8100000,-0.0644000,0.0073000,1.1035000,-1.2366088,1.8437913,0.0110717,-0.0012142,0.0022320,1.0032877,0
772,-2.2400000,2.5300000,1.0600000,-0.0791000,0.0180000,0.8598000,-1.4459570,1.8713139,-0.0319052,-0.0050494,-0.0016247,1.0062323,0
773,1.2300000,-0.2700000,0.1400000,-0.0180000,0.0253000,0.9018000,-1.6026393,1.8782158,0.0047505,-0.0119354,-0.0025900,1.0020952,0
774,0.9800000,0.1500000,-1.3100000,0.0473000,-0.0268000,1.0302000,-1.5502821,1.7747372,0.0284805,-0.0167547,-0.0021616,0.9931200,0
775,-2.0600000,0.6400000,-1.1300000,0.0566000,-0.0327000,1.0527000,-1.3694691,1.5792561,-0.0310890,-0.0158244,-0.0029382,0.9882158,0
776,-2.6700000,1.1300000,0.8100000,-0.0390000,-0.0444000,1.1152000,-1.2601745,1.3784304,-0.1222267,-0.0115165,-0.0059437,0.9910540,0
777,-3.1600000,1.2500000,1.5500000,-0.0854000,0.0161000,0.9106000,-1.3009244,1.2222423,-0.1298890,-0.0099733,-0.0095105,0.9974831,0
778,0.5500000,-0.2100000,1.0000000,-0.0502000,0.0195000,0.8779000,-1.3920553,1.0925690,-0.0257595,-0.0134041,-0.0108875,0.9980791,0
779,1.2300000,-0.8200000,-0.4000000,0.0229000,-0.0517000,0.9819000,-1.3553428,0.9218339,0.1063561,-0.0177992,-0.0108277,0.9915524,0
780,-1.2100000,-0.8200000,-0.7000000,0.0551000,-0.0205000,1.0859000,-1.1867678,0.6846559,0.1725030,-0.0181699,-0.0120163,0.9865911,0
781,-2.7300000,0.7600000,0.5700000,-0.0014000,-0.0444000,1.1206000,-1.0620416,0.4433990,0.1763661,-0.0143030,-0.0145667,0.9899952,0
782,-3.8900000,0.8800000,1.3600000,-0.0761000,0.0327000,0.9243000,-1.1088111,0.2847804,0.2008257,-0.0111520,-0.0165706,0.9980311,0
783,-0.4700000,-0.2700000,0.6900000,-0.0722000,0.0288000,0.9458000,-1.2702475,0.2053603,0.2803117,-0.0127700,-0.0155244,1.0016360,0
784,0.8600000,-0.6300000,-1.2500000,0.0112000,-0.0351000,0.8764000,-1.3514726,0.1321026,0.3386959,-0.0169853,-0.0124978,0.9976370,0
785,1.1000000,-1.4900000,-1.6800000,0.0678000,-0.0537000,1.0327000,-1.2478021,0.0138547,0.2788412,-0.0179628,-0.0114625,0.9898657,0
786,-2.5500000,-0.4500000,-0.3400000,0.0019000,-0.0786000,1.1787000,-1.0708301,-0.1446353,0.1186403,-0.0141603,-0.0143182,0.9881157,0
787,-2.5500000,1.1900000,1.3600000,-0.0756000,0.0170000,0.9062000,-1.0028514,-0.2587641,-0.0137189,-0.0106644,-0.0188936,0.9938987,0
788,0.3700000,-1.9800000,1.3600000,-0.1108000,0.0332000,0.9277000,-1.0248975,-0.3121775,-0.0223938,-0.0127892,-0.0205392,0.9964671,0
789,2.9300000,-1.4300000,-0.0300000,-0.0410000,0.0014000,0.9375000,-0.9342099,-0.4057061,0.0551791,-0.0199168,-0.0182416,0.9923550,0
790,1.9600000,-2.1600000,-1.3100000,0.0649000,-0.0693000,0.9760000,-0.6365162,-0.5736826,0.1002971,-0.0254567,-0.0159714,0.9858875,0
791,0.4300000,-2.2800000,-0.7600000,0.0546000,-0.0380000,1.1386000,-0.2482494,-0.7965982,0.0526921,-0.0240848,-0.0167509,0.9834376,0
792,-0.2300000,0.5800000,1.0000000,-0.0283000,-0.0268000,1.0415000,0.0727248,-0.9988838,-0.0188250,-0.0183420,-0.0193616,0.9891154,0
793,0.4300000,-1.1800000,1.1200000,-0.0737000,0.0561000,0.9350000,0.2807732,-1.0945679,-0.0157835,-0.0147056,-0.0201935,0.9967764,0
794,4.1600000,-1.3700000,0.0200000,-0.0429000,0.0126000,0.9077000,0.4878492,-1.1312673,0.0529068,-0.0155823,-0.0171367,0.9983176,0
795,3.5500000,-2.9500000,-1.6800000,0.0834000,-0.0625000,1.0947000,0.8284925,-1.2018986,0.0822680,-0.0164211,-0.0134220,0.9963304,0
796,0.4900000,-0.3900000,-0.8800000,0.0620000,-0.0302000,1.1259000,1.2163885,-1.3044840,0.0097381,-0.0119065,-0.0128252,0.9998292,0
797,0.7400000,1.1300000,0.7500000,-0.0229000,0.0058000,0.9399000,1.4732889,-1.3177004,-0.0915856,-0.0043491,-0.0137639,1.0078388,0
798,0.8000000,-1.0600000,0.4500000,-0.0917000,0.0444000,0.9868000,1.5753288,-1.2040537,-0.1277231,-0.0006691,-0.0127421,1.0121955,0
799,3.6100000,-0.5100000,-0.6400000,-0.0307000,0.0229000,0.9086000,1.6337168,-1.0645655,-0.1203553,-0.0030149,-0.0087034,1.0104371,0
800,2.5700000,-1.7900000,-1.8600000,0.0795000,-0.0356000,1.0122000,1.7526047,-0.9673070,-0.1599857,-0.0057553,-0.0043174,1.0047796,0
801,1.0400000,-0.5700000,-1.7400000,0.0854000,-0.0229000,1.1494000,1.8846770,-0.9208114,-0.2950590,-0.0027588,-0.0025875,1.0024220,0
802,-1.6300000,1.5500000,0.1400000,0.0073000,-0.0249000,0.9746000,1.8786309,-0.8447345,-0.4624189,0.0045582,-0.0034051,1.0064513,0
803,0.1900000,-0.7000000,0.7500000,-0.0551000,0.0776000,0.9848000,1.6830671,-0.6913295,-0.5468669,0.0097865,-0.0035575,1.0101922,0
804,1.4700000,0.2100000,-0.4600000,-0.0493000,0.0102000,0.9125000,1.4268537,-0.5301760,-0.5333977,0.0092968,-0.0005477,1.0088947,0
805,1.5300000,-1.9200000,-1.8600000,0.0478000,-0.0141000,0.9458000,1.2414952,-0.4284125,-0.5226787,0.0061091,0.0031116,1.0024396,0
806,1.4700000,-1.1800000,-2.1100000,0.1118000,-0.0410000,1.1118000,1.1433819,-0.4253315,-0.6001399,0.0067490,0.0040236,0.9964147,0
807,-2.3000000,0.5200000,-0.5800000,0.0571000,-0.0390000,1.0644000,1.0321858,-0.4647006,-0.7353636,0.0132147,0.0015720,0.9975341,0
808,-0.9600000,-0.0200000,0.7500000,-0.0429000,0.0615000,1.0087000,0.7958100,-0.4558323,-0.8136254,0.0199771,-0.0012814,1.0034569,0
809,-0.6000000,0.5200000,0.1400000,-0.0585000,0.0351000,0.8950000,0.4834780,-0.3934427,-0.7771690,0.0209581,-0.0006165,1.0065119,0
810,1.5900000,-1.7300000,-1.2500000,0.0244000,0.0048000,0.9326000,0.2328765,-0.3360816,-0.6957733,0.0171824,0.0026008,1.0025517,0
811,0.3100000,-0.8200000,-1.9800000,0.1015000,-0.0327000,1.1059000,0.1114859,-0.3478078,-0.6748379,0.0152241,0.0046963,0.9971177,0
812,-0.9000000,0.3900000,-0.7600000,0.0864000,-0.0390000,1.0483000,0.0509851,-0.3872363,-0.7270967,0.0190473,0.0036626,0.9977342,0
813,-0.8400000,0.3300000,1.0600000,-0.0185000,0.0078000,1.0483000,-0.0387073,-0.3755916,-0.7512061,0.0251065,0.0006389,1.0033485,0
814,-1.2700000,1.3700000,0.9400000,-0.0717000,0.0502000,0.9741000,-0.1704431,-0.2893489,-0.6601300,0.0265279,-0.0008134,1.0090702,0
815,2.3900000,-0.2700000,0.0200000,0.0009000,0.0190000,0.7983000,-0.2611223,-0.1545592,-0.4892409,0.0220749,0.0008750,1.0078901,0
816,1.7800000,-2.5900000,-1.0100000,0.0820000,-0.0117000,1.1035000,-0.1920617,-0.0910421,-0.3409410,0.0176887,0.0034240,0.9999562,0
817,-0.2300000,1.5500000,-0.5200000,0.0761000,-0.0249000,1.1132000,-0.0174637,-0.1213167,-0.2690498,0.0182947,0.0041953,0.9972512,0
818,-1.0200000,1.3100000,1.1800000,-0.0102000,0.0058000,0.9531000,0.1019429,-0.0944358,-0.2188010,0.0217123,0.0032343,1.0014208,0
819,-0.7200000,0.2700000,1.4900000,-0.0795000,0.0815000,1.0385000,0.1102858,0.0195608,-0.1021193,0.0216820,0.0037278,1.0051437,0
820,1.4700000,1.6800000,0.7500000,-0.0527000,0.0019000,0.8525000,0.0868944,0.1619955,0.0795277,0.0154643,0.0071731,1.0047603,0
821,2.0200000,-1.6100000,-0.1500000,0.0571000,-0.0292000,0.9877000,0.1500652,0.2809011,0.2466753,0.0076676,0.0099332,0.9987337,0
822,1.5900000,0.2700000,-0.0300000,0.1074000,-0.0478000,1.1269000,0.3211166,0.3090897,0.3424944,0.0054433,0.0088107,0.9940624,0
823,-0.7800000,1.9800000,1.4900000,0.0395000,-0.0385000,0.9946000,0.4937927,0.3206141,0.4021410,0.0098334,0.0041034,0.9962852,0
824,0.2500000,0.7000000,2.4000000,-0.0615000,0.0810000,1.0639000,0.5704941,0.4012603,0.5155362,0.0143675,-0.0001249,1.0016242,0
825,0.9200000,1.9200000,1.4900000,-0.0634000,0.0512000,0.8955000,0.5867102,0.5271900,0.7030961,0.0131710,0.0006818,1.0052774,0
826,1.9000000,-1.1200000,-0.0300000,0.0073000,0.0546000,0.9174000,0.6301106,0.6342894,0.8743518,0.0077104,0.0059243,1.0026235,0
827,1.4700000,-0.2700000,-1.0100000,0.0703000,-0.0214000,1.1376000,0.7316426,0.6401739,0.9223823,0.0040207,0.0116022,0.9980576,0
828,-1.3300000,1.8000000,-0.1500000,-0.0063000,-0.0229000,1.0253000,0.8084776,0.5953322,0.8349051,0.0041751,0.0140888,0.9996615,0
829,-2.4900000,2.0400000,0.8800000,-0.0854000,0.0625000,0.9941000,0.7189012,0.6265955,0.7030948,0.0033824,0.0144574,1.0043786,0
830,0.4300000,1.8000000,0.4500000,-0.0649000,0.0004000,0.8574000,0.4856092,0.7505500,0.6034478,-0.0022579,0.0155909,1.0044594,0
831,0.9800000,-1.1200000,-0.1500000,0.0405000,-0.0239000,1.0214000,0.2839222,0.8605309,0.5237978,-0.0092025,0.0158567,0.9987365,0
832,-0.7200000,0.5200000,0.2700000,0.0917000,-0.0117000,1.1274000,0.1653007,0.8635446,0.4390707,-0.0107521,0.0135664,0.9957219,0
833,-1.8800000,2.5900000,1.2400000,0.0297000,-0.0234000,0.9311000,0.0289483,0.8465151,0.3821947,-0.0057891,0.0095878,0.9982955,0
834,-1.9400000,-0.2700000,1.5500000,-0.1079000,0.0844000,1.0898000,-0.1897622,0.8766425,0.4013726,-0.0012734,0.0067861,1.0016776,0
835,-2.1800000,2.5300000,0.0200000,-0.1240000,0.0615000,0.9057000,-0.4742502,0.9175228,0.4689923,-0.0045028,0.0085993,1.0040413,0
836,0.2500000,-0.7000000,-1.1300000,-0.0092000,0.0273000,0.9047000,-0.7401132,0.9521746,0.4839228,-0.0135447,0.0137849,1.0013345,0
837,-0.9000000,-0.8200000,-1.5600000,0.0717000,-0.0356000,1.0742000,-0.9029841,0.9041330,0.3783065,-0.0196756,0.0176201,0.9952597,0
838,-2.6700000,1.0000000,-0.4600000,0.0683000,-0.0385000,1.0473000,-1.0196536,0.7737776,0.1855860,-0.0179601,0.0170094,0.9937608,0
839,-2.6700000,0.6400000,0.8100000,-0.0668000,-0.0029000,1.0229000,-1.1915103,0.6645654,0.0135365,-0.0125753,0.0129317,0.9971507,0
840,-2.5500000,1.5500000,0.3900000,-0.1108000,0.0092000,0.9223000,-1.4180930,0.6180545,-0.0667660,-0.0116482,0.0085727,0.9998630,0
841,0.5500000,-0.5700000,-0.4600000,-0.0371000,-0.0229000,0.8999000,-1.5944938,0.6022385,-0.0902104,-0.0166550,0.0049397,0.9969422,0
842,0.5500000,-1.2400000,-0.7000000,0.0649000,-0.0844000,1.0507000,-1.5976125,0.5270457,-0.1227021,-0.0209402,-0.0002172,0.9907516,0
843,-0.4700000,-0.0800000,0.3900000,0.1054000,-0.0444000,1.0874000,-1.4475726,0.3736204,-0.1632062,-0.0180278,-0.0082488,0.9893056,0
844,-1.1400000,0.3300000,1.5500000,-0.0063000,0.0087000,1.0273000,-1.2657833,0.2237174,-0.1433367,-0.0093012,-0.0160410,0.9943144,0
845,-1.2700000,1.3100000,1.0600000,-0.0986000,0.0463000,0.9677000,-1.1282429,0.1475625,-0.0276993,-0.0030737,-0.0193623,1.0001868,0
846,0.2500000,0.0300000,-0.5200000,-0.0737000,0.0229000,0.9013000,-1.0182814,0.1467146,0.1119526,-0.0043999,-0.0174426,1.0012066,0
847,0.9200000,-0.7600000,-1.5600000,0.0332000,-0.0473000,1.0200000,-0.8629428,0.1466356,0.1615967,-0.0091707,-0.0139104,0.9975523,0
848,-0.6600000,0.1500000,-1.1900000,0.0996000,-0.0561000,1.1069000,-0.6652738,0.1078935,0.0834518,-0.0096400,-0.0130942,0.9963733,0
849,-1.0800000,1.3700000,0.3300000,0.0444000,-0.0151000,0.9770000,-0.5147781,0.0926546,-0.0458716,-0.0036076,-0.0150254,1.0001421,0
850,-1.1400000,0.3900000,1.0600000,-0.0786000,0.0014000,1.0029000,-0.4564337,0.1413112,-0.1144841,0.0027563,-0.0167621,1.0038291,0
851,-0.1100000,0.8800000,0.4500000,-0.1059000,0.0043000,0.8920000,-0.4520368,0.2220179,-0.0910501,0.0022241,-0.0166899,1.0033717,0
852,2.1400000,-0.7600000,0.0200000,0.0078000,-0.0747000,0.9575000,-0.3972382,0.2838596,-0.0289413,-0.0039714,-0.0166023,0.9976742,0
853,0.9800000,-1.5500000,0.4500000,0.0996000,-0.0532000,1.0991000,-0.2267521,0.2567359,0.0320956,-0.0074391,-0.0191949,0.9923212,0
854,0.3700000,1.1300000,1.6100000,0.0727000,-0.0068000,0.9975000,-0.0094222,0.1638880,0.1194743,-0.0034482,-0.0230894,0.9925816,0
855,-0.3500000,-0.8200000,1.9700000,-0.0615000,0.0415000,1.0126000,0.1582339,0.0889650,0.2791872,0.0030737,-0.0242404,0.9954875,0
856,0.9200000,0.0900000,0.8100000,-0.1352000,0.0527000,0.9082000,0.2648980,0.0253311,0.4869214,0.0032841,-0.0204425,0.9963259,0
857,1.4100000,-1.9800000,-0.8200000,-0.0537000,-0.0322000,0.8930000,0.3702688,-0.0701339,0.6366669,-0.0045889,-0.0140609,0.9915757,0
858,2.3900000,-3.5000000,-0.8800000,0.0585000,-0.0429000,1.0844000,0.5312146,-0.2737409,0.6472182,-0.0129670,-0.0099351,0.9847594,0
859,1.2300000,-0.8800000,-0.0300000,0.1108000,-0.0605000,1.0424000,0.7407817,-0.5803560,0.5495745,-0.0138021,-0.0100757,0.9837048,0
860,0.6800000,-2.2200000,1.2400000,0.0244000,0.0136000,1.0000000,0.9267394,-0.8806056,0.4488263,-0.0071135,-0.0123751,0.9877356,0
861,1.3500000,-1.0600000,1.1800000,-0.0952000,0.0351000,0.9584000,1.0506839,-1.1305610,0.4210581,-0.0009590,-0.0128195,0.9913220,0
862,2.2600000,-2.6500000,-0.0300000,-0.0229000,-0.0600000,0.9335000,1.1590410,-1.3404311,0.4411215,-0.0007284,-0.0115966,0.9913129,0
863,1.8400000,-3.7500000,0.4500000,0.0795000,-0.0200000,1.1064000,1.2902690,-1.5703930,0.4500833,-0.0017572,-0.0119875,0.9906352,0
864,0.4300000,-0.8800000,1.1800000,0.0693000,-0.0019000,1.0029000,1.3987116,-1.8132439,0.4608451,0.0018493,-0.0133217,0.9939493,0
865,0.0100000,-2.8900000,1.5500000,-0.0395000,0.0424000,1.0073000,1.4103240,-1.9920328,0.5182894,0.0076006,-0.0127337,0.9989609,0
866,0.1300000,-1.6700000,0.7500000,-0.1088000,0.0673000,1.0146000,1.3161237,-2.1139669,0.6145148,0.0082988,-0.0083171,1.0029032,0
867,-1.0800000,-1.5500000,-0.5800000,-0.0424000,0.0000000,0.8837000,1.1337120,-2.1785958,0.6764688,0.0020649,-0.0012616,1.0035958,0
868,1.6500000,-3.6900000,-0.5200000,0.0644000,-0.0083000,1.0673000,0.9180152,-2.2149369,0.6431826,-0.0046938,0.0045497,1.0007245,0
869,-1.5700000,-1.1800000,-0.0900000,0.1035000,-0.0151000,1.0932000,0.7189846,-2.2633535,0.5358228,-0.0048376,0.0072747,1.0010642,0
870,-1.0800000,-1.2400000,0.4500000,0.0278000,0.0468000,0.9565000,0.4819633,-2.2589904,0.4189020,0.0014677,0.0086046,1.0054180,0
871,-0.1100000,-1.1800000,0.1400000,-0.1020000,0.0385000,0.9936000,0.2141114,-2.1719230,0.3293421,0.0065405,0.0111161,1.0077711,0
872,-1.0200000,-0.9400000,-1.1900000,-0.0742000,0.0126000,0.9746000,-0.0214696,-2.0327827,0.2362071,0.0042396,0.0145732,1.0070152,0
873,1.2300000,-1.6700000,-1.0700000,0.0366000,-0.0239000,0.9931000,-0.1893118,-1.8752386,0.0910236,-0.0018705,0.0164191,1.0046795,0
874,-0.9600000,-0.6300000,-0.3400000,0.1040000,-0.0019000,1.0986000,-0.2721095,-1.7221625,-0.0831083,-0.0035703,0.0155388,1.0039985,0
875,-0.6600000,0.5200000,0.6900000,0.0585000,0.0449000,0.9887000,-0.3304651,-1.5340405,-0.2094000,0.0017136,0.0140714,1.0068355,0
876,-0.0500000,0.1500000,0.6900000,-0.0605000,0.0410000,0.9707000,-0.3881383,-1.2789067,-0.2388314,0.0081881,0.0145886,1.0090438,0
877,-0.3500000,0.0900000,-0.7000000,-0.1015000,0.0161000,0.9892000,-0.4162392,-0.9942614,-0.2110068,0.0083891,0.0166203,1.0081129,0
878,0.8000000,0.3300000,-1.3700000,-0.0146000,-0.0307000,0.9638000,-0.3998196,-0.7185762,-0.2179840,0.0022589,0.0174417,1.0051148,0
879,1.5300000,0.0300000,-0.9500000,0.1069000,-0.0278000,1.0805000,-0.3013382,-0.4683743,-0.2931134,-0.0023321,0.0150992,1.0027269,0
880,0.3700000,0.7600000,-0.4000000,0.1083000,0.0156000,1.0336000,-0.1290169,-0.2471850,-0.3914569,0.0010864,0.0109641,1.0041576,0
881,1.4700000,1.0000000,0.0800000,0.0000000,0.0385000,0.9746000,0.0669779,-0.0342550,-0.4566218,0.0096885,0.0082727,1.0071973,0
882,1.4100000,0.9400000,-0.6400000,-0.0893000,0.0004000,0.9545000,0.2820923,0.1793682,-0.4794068,0.0148088,0.0077497,1.0073095,0
883,1.7800000,1.1900000,-1.1900000,-0.0385000,-0.0317000,1.0131000,0.5193009,0.3837058,-0.5035068,0.0125430,0.0069444,1.0047196,0
884,1.7800000,2.2900000,-0.7000000,0.0820000,-0.0390000,1.0771000,0.7652805,0.5966014,-0.5532251,0.0083891,0.0038215,1.0038403,0
885,-0.0500000,1.9200000,0.0200000,0.1250000,0.0151000,1.0039000,0.9678032,0.8396563,-0.5922837,0.0100820,-0.0003882,1.0064061,0
886,0.6800000,1.9800000,0.5700000,0.0439000,0.0620000,1.0253000,1.0673413,1.0909635,-0.5715613,0.0179071,-0.0019885,1.0097503,0
887,-0.3500000,3.0200000,-0.2700000,-0.0712000,0.0351000,0.9125000,1.0647170,1.3432409,-0.4944813,0.0243311,0.0006434,1.0104490,0
888,0.1300000,1.1900000,-1.7400000,-0.0600000,-0.0322000,0.9667000,0.9797107,1.5821000,-0.4396651,0.0233133,0.0042880,1.0063826,0
889,0.0700000,1.7400000,-1.8000000,0.0273000,-0.0219000,1.0727000,0.8460865,1.7515924,-0.4806515,0.0174960,0.0052528,1.0016270,0
890,-0.7800000,3.0800000,-0.8200000,0.1313000,-0.0161000,1.0161000,0.6821749,1.8752312,-0.5920393,0.0148880,0.0035999,1.0010210,0
891,-1.0200000,1.0600000,0.4500000,0.0712000,0.0551000,1.0229000,0.4718392,1.9838303,-0.6759668,0.0192715,0.0022707,1.0031170,0
892,-0.4100000,2.4700000,0.5100000,-0.0620000,0.0292000,0.9428000,0.2341663,2.0481519,-0.6636419,0.0247864,0.0037121,1.0043053,0
893,-1.4500000,0.5200000,-0.7000000,-0.0913000,-0.0332000,0.9433000,-0.0031512,2.0558132,-0.5869604,0.0234382,0.0059510,1.0017452,0
894,-0.2300000,0.4500000,-0.9500000,0.0454000,-0.0463000,1.0751000,-0.2261972,1.9751063,-0.5275815,0.0166900,0.0052319,0.9980451,0
895,-1.4500000,1.7400000,-0.1500000,0.1181000,0.0087000,0.9658000,-0.4185569,1.8281411,-0.5023455,0.0133831,0.0019986,0.9970200,0
896,-1.2700000,-0.2700000,0.7500000,0.0664000,0.0502000,1.0234000,-0.5966699,1.6605290,-0.4558469,0.0171761,0.0001922,0.9972065,0
897,-1.7500000,0.0300000,0.9400000,-0.0961000,0.0112000,0.9487000,-0.7782488,1.4443372,-0.3434143,0.0213379,0.0014342,0.9967733,0
898,-1.8800000,-0.6300000,0.3900000,-0.1210000,-0.0136000,0.9501000,-0.9657398,1.1727836,-0.1830661,0.0173363,0.0033005,0.9941620,0
899,-0.2300000,-0.7600000,0.5700000,-0.0297000,-0.0424000,1.0263000,-1.1236847,0.8644427,-0.0195292,0.0059905,0.0030595,0.9904497,0
900,-0.9000000,0.3300000,1.2400000,0.0747000,-0.0131000,1.0400000,-1.1997835,0.5606923,0.1425552,-0.0038902,0.0004198,0.9896937,0
901,-1.8200000,-0.7600000,1.7900000,0.0854000,0.0595000,1.0590000,-1.2295278,0.3035675,0.3322598,-0.0057955,-0.0014897,0.9933565,0
902,-0.7200000,-0.3300000,1.6700000,-0.0405000,0.0039000,0.8769000,-1.2554707,0.0837468,0.5575766,-0.0024349,-0.0003895,0.9969403,0
903,-1.2100000,-2.7100000,0.6900000,-0.1147000,-0.0131000,1.0087000,-1.2610255,-0.1469076,0.7741770,-0.0022991,0.0014359,0.9958997,0
904,0.4300000,0.0300000,-0.0300000,-0.0654000,-0.0595000,0.9956000,-1.2177115,-0.3979134,0.9115535,-0.0087613,0.0008485,0.9933505,0
905,0.1900000,-0.2700000,-0.0900000,0.0527000,-0.0551000,0.9956000,-1.0953223,-0.5855740,0.9372769,-0.0160741,-0.0033560,0.9921594,0
906,-1.2700000,-0.5100000,0.0800000,0.0815000,0.0444000,1.1010000,-0.9380752,-0.6793743,0.8758691,-0.0170327,-0.0082994,0.9937887,0
907,-0.2900000,1.1900000,0.2700000,0.0122000,0.0351000,0.9013000,-0.8148858,-0.6869651,0.7729519,-0.0117023,-0.0094215,0.9973188,0
908,-0.1100000,-2.8300000,-0.1500000,-0.0976000,0.0083000,0.9760000,-0.7097788,-0.6559272,0.6542910,-0.0071768,-0.0069160,0.9973803,0
909,1.1600000,0.3300000,-0.7600000,-0.0927000,-0.0385000,1.0361000,-0.5722952,-0.6664732,0.5097604,-0.0092348,-0.0044884,0.9954089,0
910,0.0100000,1.0000000,-0.7000000,0.0107000,-0.0771000,0.9594000,-0.3935603,-0.6431944,0.3285170,-0.0152816,-0.0054990,0.9946661,0
911,0.9200000,-0.5100000,-0.0900000,0.0576000,0.0126000,1.1435000,-0.2051372,-0.5400427,0.1406979,-0.0182072,-0.0093225,0.9965943,0
912,-0.2300000,2.2200000,0.5100000,0.0561000,0.0356000,0.9565000,-0.0352774,-0.3863193,0.0015061,-0.0149657,-0.0113531,1.0021795,0
913,0.9800000,-1.9200000,0.7500000,-0.0615000,0.0048000,0.8471000,0.1054165,-0.2163267,-0.0541456,-0.0095095,-0.0099640,1.0036505,0
914,2.0200000,-1.0600000,0.2000000,-0.1352000,-0.0551000,1.0693000,0.2624949,-0.1437468,-0.0411040,-0.0093051,-0.0084715,0.9986773,0
915,1.0400000,1.4900000,0.1400000,-0.0356000,-0.0805000,0.9887000,0.4638554,-0.1368624,-0.0035302,-0.0158071,-0.0105672,0.9950799,0
916,1.8400000,-0.2100000,0.5700000,0.0620000,0.0039000,1.0322000,0.6750304,-0.0871100,0.0419390,-0.0216074,-0.0153241,0.9947525,0
917,0.0700000,0.7000000,0.4500000,0.0781000,0.0708000,1.0795000,0.8524396,-0.0126557,0.1024758,-0.0202477,-0.0171821,0.9976272,0
918,1.4700000,-0.0200000,0.3300000,-0.0166000,0.0039000,0.8505000,0.9670295,0.0596098,0.1692190,-0.0137003,-0.0139929,1.0004989,0
919,2.3900000,-2.4700000,-0.4000000,-0.1015000,-0.0444000,0.9936000,1.0712872,0.0648179,0.2126901,-0.0095373,-0.0101366,0.9977638,0
920,2.1400000,0.0300000,-0.5200000,-0.0664000,-0.0751000,1.0454000,1.2205923,-0.0360600,0.2036017,-0.0118450,-0.0100624,0.9938416,0
921,2.2000000,-0.1500000,0.0800000,0.0258000,-0.0214000,1.0014000,1.3964345,-0.1492747,0.1541035,-0.0165608,-0.0135444,0.9935439,0
922,0.3700000,-0.7600000,0.6300000,0.0727000,0.0708000,1.0742000,1.5358067,-0.2305793,0.1154005,-0.0170922,-0.0156355,0.9963299,0
923,0.8600000,-1.4900000,0.5100000,0.0224000,0.0463000,0.8710000,1.5781335,-0.3276643,0.1184620,-0.0121717,-0.0123767,0.9988292,0
924,1.0400000,-3.6200000,0.1400000,-0.0629000,-0.0097000,0.9755000,1.5413638,-0.5114211,0.1468583,-0.0069416,-0.0062056,0.9963429,0
925,0.3700000,-1.5500000,-0.2100000,-0.0683000,-0.0493000,1.0747000,1.4604344,-0.7946466,0.1649210,-0.0064780,-0.0021991,0.9929675,0
926,-0.2900000,0.2700000,-0.2100000,0.0258000,-0.0131000,0.9682000,1.3211327,-1.0419947,0.1534160,-0.0091487,-0.0018909,0.9932373,0
927,-2.1200000,-1.0600000,-0.3400000,0.1000000,0.0556000,1.0039000,1.0788659,-1.1584974,0.1142320,-0.0084537,-0.0019411,0.9942550,0
928,-0.9000000,-2.5900000,-0.2100000,0.0424000,0.0336000,0.9038000,0.7277660,-1.2293206,0.0578329,-0.0019424,0.0008277,0.9929551,0
929,-0.4100000,-2.9500000,-0.2700000,-0.0576000,-0.0493000,1.0346000,0.3571626,-1.3605537,-0.0036706,0.0049442,0.0040131,0.9895966,0
930,-1.1400000,-0.4500000,-0.2100000,-0.0458000,-0.0878000,0.9960000,0.0333450,-1.5149676,-0.0621010,0.0065819,0.0026649,0.9876557,0
931,-0.3500000,-0.2700000,-0.0300000,0.0327000,0.0039000,1.0727000,-0.2380681,-1.5750421,-0.1090468,0.0047637,-0.0028523,0.9893969,0
932,-3.4600000,0.7000000,-0.2100000,0.1015000,0.0581000,1.0625000,-0.4994563,-1.4928665,-0.1400354,0.0056471,-0.0066014,0.9954604,0
933,-1.6900000,-1.1200000,-0.2700000,0.0766000,0.0825000,0.8818000,-0.8069219,-1.3200351,-0.1631205,0.0120320,-0.0044067,1.0013106,0
934,-0.8400000,-2.8900000,-0.4600000,-0.0322000,0.0034000,0.9604000,-1.0935329,-1.1921158,-0.1891230,0.0196290,0.0019038,1.0006695,0
935,0.0100000,-1.0600000,-0.5200000,-0.0595000,-0.0649000,1.0214000,-1.2569842,-1.1741713,-0.2249494,0.0219745,0.0062881,0.9966699,0
936,-0.0500000,-0.5100000,-0.4000000,-0.0024000,-0.0131000,1.0317000,-1.2783085,-1.1791976,-0.2680141,0.0186287,0.0057932,0.9950732,0
937,-1.6300000,0.7000000,-0.2700000,0.0732000,0.0424000,1.1235000,-1.2238374,-1.1154072,-0.3060358,0.0151651,0.0040324,0.9986283,0
938,-0.9600000,-0.0200000,0.3300000,0.0947000,0.0834000,0.9101000,-1.1763431,-0.9674181,-0.3180870,0.0165193,0.0056940,1.0048103,0
939,0.7400000,-2.8300000,0.5100000,0.0048000,0.0004000,0.8974000,-1.1078171,-0.8383699,-0.2821880,0.0214311,0.0105118,1.0051975,0
940,2.0200000,-2.3400000,0.6300000,-0.0766000,-0.0410000,1.0473000,-0.9238613,-0.8493241,-0.1967300,0.0234160,0.0136248,1.0000516,0
941,2.0200000,-0.0200000,0.8800000,-0.0395000,-0.0463000,0.9907000,-0.5950972,-0.9393482,-0.0728964,0.0190342,0.0119582,0.9963998,0
942,0.9200000,0.1500000,0.8800000,0.0395000,0.0488000,1.1289000,-0.1962556,-0.9664101,0.0780531,0.0123632,0.0082256,0.9975120,0
943,-0.3500000,1.5500000,0.5100000,0.0888000,0.0864000,0.9589000,0.1458005,-0.8693787,0.2318572,0.0096683,0.0079364,1.0025905,0
944,0.8000000,-2.2200000,0.0800000,0.0541000,0.0546000,0.8852000,0.3739511,-0.7166214,0.3516388,0.0126098,0.0126603,1.0042718,0
945,2.6300000,-2.3400000,0.2000000,-0.0644000,-0.0297000,1.0473000,0.5681586,-0.6661176,0.4176851,0.0161464,0.0180048,1.0005204,0
946,1.9000000,1.1300000,0.0800000,-0.0625000,-0.0585000,0.9926000,0.8069353,-0.6960964,0.4377366,0.0143621,0.0187149,0.9975183,0
947,1.2300000,0.8800000,0.0800000,-0.0102000,0.0205000,1.1000000,1.0490898,-0.6433368,0.4242684,0.0080553,0.0151323,0.9984533,0
948,-1.3900000,2.2200000,0.0200000,0.0659000,0.0537000,1.0439000,1.1797665,-0.4551919,0.3867693,0.0030219,0.0123460,1.0039269,0
949,-0.2900000,-0.7000000,-0.0900000,0.0815000,0.0859000,0.9169000,1.1318481,-0.2051726,0.3322512,0.0036299,0.0138610,1.0092248,0
950,0.9800000,-1.6100000,0.1400000,-0.0292000,-0.0190000,0.9609000,0.9903078,-0.0442059,0.2701934,0.0077389,0.0178664,1.0086400,0
951,0.5500000,0.5200000,0.0200000,-0.0610000,-0.0532000,1.0058000,0.8645609,-0.0057020,0.2129044,0.0089914,0.0188936,1.0044480,0
952,0.4300000,1.5500000,0.0800000,-0.0322000,-0.0058000,1.0937000,0.7648690,0.0391324,0.1642804,0.0053890,0.0153996,1.0027316,0
953,-3.5200000,2.9600000,-0.2700000,0.0488000,0.0498000,1.0996000,0.5971110,0.1968919,0.1180906,0.0011074,0.0116204,1.0072918,0
954,-3.7700000,1.0600000,-0.6400000,0.0747000,0.0976000,0.9121000,0.2330858,0.4535653,0.0568883,0.0010860,0.0121070,1.0137478,0
955,-1.3900000,-0.0800000,-0.8800000,-0.0146000,-0.0400000,0.8979000,-0.2691449,0.6821635,-0.0357364,0.0046724,0.0155636,1.0132031,0
956,-0.7800000,-0.7000000,-0.7600000,-0.0644000,-0.0659000,1.0170000,-0.7168410,0.7779915,-0.1557341,0.0062176,0.0155602,1.0062682,0
957,-1.0200000,2.2900000,-0.5800000,-0.0537000,-0.0468000,1.0483000,-1.0261163,0.7932197,-0.2800325,0.0027507,0.0099178,1.0009193,0
958,-3.8900000,3.1400000,-0.3400000,0.0185000,0.0219000,1.0883000,-1.2767984,0.8802495,-0.3826440,-0.0027725,0.0027388,1.0014697,0
959,-3.7700000,1.3100000,0.0200000,0.0620000,0.0932000,0.9829000,-1.5874520,1.0637763,-0.4426182,-0.0051824,-0.0002739,1.0058780,0
960,-2.9800000,0.0900000,-0.2100000,-0.0322000,-0.0424000,0.8916000,-1.9485660,1.2135124,-0.4557683,-0.0040964,0.0011477,1.0071426,0
961,-0.4700000,-0.2100000,-0.3400000,-0.0820000,-0.0820000,0.9213000,-2.2284823,1.2377670,-0.4424503,-0.0047659,0.0004891,1.0011018,0
962,0.0700000,0.4500000,-0.2700000,-0.0439000,-0.0229000,1.1386000,-2.3063064,1.1562986,-0.4216620,-0.0096344,-0.0045777,0.9945844,0
963,-3.7700000,3.2000000,0.0200000,0.0239000,-0.0024000,1.0449000,-2.2532872,1.0892835,-0.3917275,-0.0149131,-0.0100744,0.9957278,0
964,-3.7100000,-0.0200000,0.3300000,0.0805000,0.0708000,0.9877000,-2.2628009,1.0959668,-0.3390518,-0.0154055,-0.0119248,1.0011444,0
965,-1.9400000,-0.4500000,0.4500000,0.0224000,-0.0244000,0.9189000,-2.3508186,1.0666362,-0.2553367,-0.0103204,-0.0098481,1.0033053,0
966,1.0400000,-0.5700000,0.6900000,-0.0297000,-0.0849000,0.9155000,-2.3499655,0.9322142,-0.1425738,-0.0043101,-0.0089882,0.9992241,0
967,1.0400000,0.7000000,0.3900000,-0.0502000,-0.0498000,1.0908000,-2.1369391,0.7532403,-0.0142146,-0.0018603,-0.0126151,0.9934697,0
968,-1.8200000,3.2600000,-0.0900000,0.0151000,0.0000000,1.1083000,-1.8025383,0.6600857,0.0969657,-0.0024493,-0.0176331,0.9944288,0
969,-1.8800000,1.7400000,-0.4000000,0.0747000,0.0444000,0.9824000,-1.5332391,0.7272608,0.1566660,-0.0015318,-0.0195434,1.0013117,0
970,-1.6300000,0.2100000,-0.4000000,0.0551000,-0.0029000,0.9458000,-1.3821543,0.8514997,0.1564617,0.0035901,-0.0174734,1.0060002,0
971,1.1000000,0.2700000,-0.0300000,-0.0332000,-0.0659000,0.8779000,-1.2553595,0.9115792,0.1190591,0.0096332,-0.0152903,1.0035425,0
972,2.8100000,0.2700000,-0.0300000,-0.0957000,-0.0834000,1.0273000,-1.0053102,0.8973660,0.0756656,0.0105862,-0.0170421,0.9962371,0
973,-0.6000000,2.9600000,-0.2700000,-0.0366000,0.0087000,1.1567000,-0.6412705,0.8918761,0.0345266,0.0051012,-0.0212952,0.9936455,0
974,-1.3300000,3.5700000,-0.4600000,0.0532000,0.0297000,0.9589000,-0.3506542,1.0127213,-0.0153175,-0.0011501,-0.0230413,0.9985108,0
975,-1.4500000,-0.1500000,-0.4000000,0.0815000,0.0224000,0.9560000,-0.2306905,1.2086997,-0.0779871,-0.0020283,-0.0204926,1.0023634,0
976,1.9000000,-0.0200000,0.0800000,0.0097000,-0.0561000,0.9086000,-0.1820136,1.3025626,-0.1356137,0.0021082,-0.0168422,1.0002160,0
977,3.1200000,0.2100000,0.3300000,-0.0541000,-0.0747000,0.9404000,-0.0263168,1.2585241,-0.1598709,0.0055317,-0.0164518,0.9930696,0
978,2.2600000,1.2500000,0.3300000,-0.0610000,-0.0332000,1.1542000,0.2845207,1.1623159,-0.1410960,0.0040797,-0.0196736,0.9879103,0
979,-0.4100000,3.6300000,0.1400000,0.0048000,0.0170000,1.0473000,0.6062231,1.1345683,-0.0950258,-0.0006196,-0.0226518,0.9915192,0
980,-1.6900000,0.5800000,-0.0900000,0.0751000,0.0400000,0.9467000,0.7588265,1.2081863,-0.0474015,-0.0031077,-0.0219228,0.9984414,0
981,1.4700000,-0.5700000,0.0200000,0.0229000,-0.0346000,0.8725000,0.7491464,1.2430954,-0.0134513,-0.0008810,-0.0184409,0.9992546,0
982,3.2400000,-0.8200000,-0.0300000,-0.0341000,-0.0551000,0.9809000,0.7729308,1.1379072,0.0077966,0.0023611,-0.0164194,0.9932608,0
983,2.9300000,0.9400000,-0.4000000,-0.0444000,-0.0419000,1.0678000,0.9445999,0.9535267,0.0119610,0.0024493,-0.0175535,0.9879919,0
984,0.3700000,2.2200000,-0.5800000,0.0058000,0.0244000,1.0712000,1.1690066,0.8245473,-0.0146466,-0.0000427,-0.0191702,0.9893469,0
985,-2.5500000,0.2700000,-0.6400000,0.0424000,0.0517000,1.0288000,1.2415132,0.7890584,-0.0747182,-0.0014447,-0.0174902,0.9958717,0
986,0.1300000,-0.4500000,-0.0900000,0.0307000,0.0029000,0.9072000,1.0958969,0.7493024,-0.1464054,0.0002083,-0.0123828,1.0011111,0
987,1.7100000,-1.7300000,0.2000000,-0.0327000,-0.0444000,0.8828000,0.9028201,0.6162140,-0.1930726,0.0026797,-0.0078493,0.9988793,0
988,3.3000000,-0.0200000,-0.1500000,-0.0742000,-0.0498000,1.0566000,0.8440344,0.4024273,-0.2042791,0.0018623,-0.0070365,0.9921034,0
989,-0.2300000,1.0000000,-0.5200000,-0.0166000,-0.0083000,1.0893000,0.9008015,0.2175223,-0.2075076,-0.0027820,-0.0090086,0.9901051,0
990,-2.3000000,-0.3900000,-0.3400000,0.0273000,0.0478000,1.0571000,0.8756897,0.1133915,-0.2236360,-0.0071458,-0.0099233,0.9954888,0
991,-1.5700000,-0.0800000,-0.3400000,0.0498000,0.0161000,0.9653000,0.6607035,0.0403095,-0.2469429,-0.0076072,-0.0076361,1.0026941,0
992,0.9200000,-1.8500000,-0.3400000,0.0068000,-0.0190000,0.7983000,0.3789683,-0.0580000,-0.2693664,-0.0046068,-0.0043308,1.0028010,0
993,3.7900000,-2.2200000,-0.3400000,-0.0737000,0.0058000,1.1582000,0.2493717,-0.2368918,-0.2894220,-0.0025193,-0.0021863,0.9970232,0
994,-1.2700000,2.6500000,-0.9500000,-0.0195000,0.0112000,1.0654000,0.2914245,-0.4056975,-0.3185987,-0.0041935,-0.0005590,0.9971738,0
995,-2.0000000,-1.1200000,-0.6400000,0.0419000,0.0659000,1.0209000,0.2799215,-0.4420068,-0.3695571,-0.0063522,0.0024195,1.0037212,0
996,-0.5300000,-1.3700000,-0.2700000,0.0263000,0.0336000,0.9501000,0.1335734,-0.4490659,-0.4227600,-0.0054069,0.0076820,1.0087723,0
997,3.0600000,-1.4900000,-0.2700000,-0.0004000,-0.0688000,0.8134000,0.0289825,-0.5249643,-0.4520409,-0.0024764,0.0117314,1.0059750,0
998,4.2800000,-2.8300000,-0.3400000,-0.0683000,-0.0336000,1.0708000,0.1577975,-0.6756682,-0.4576021,-0.0012575,0.0106226,0.9966256,0
999,1.3500000,1.6100000,-0.5200000,-0.0361000,0.0019000,1.1352000,0.4882180,-0.8293055,-0.4539306,-0.0038512,0.0063650,0.9927119,0
1000,-0.7800000,-0.7600000,0.0200000,0.0341000,0.0556000,1.0302000,0.7854304,-0.8686508,-0.4424234,-0.0073422,0.0036411,0.9982463,0
1001,-0.1700000,-1.7900000,0.9400000,0.0244000,0.0556000,0.9497000,0.9053200,-0.8582451,-0.3902635,-0.0078566,0.0049898,1.0048548,0
1002,2.7500000,-2.1600000,1.0600000,0.0034000,0.0083000,0.8740000,0.9422198,-0.9131674,-0.2660127,-0.0058222,0.0089705,1.0047588,0
1003,5.2500000,-3.0800000,0.3900000,-0.0698000,-0.0166000,0.9589000,1.1026757,-1.0596002,-0.0956669,-0.0048249,0.0119195,0.9974184,0
1004,3.0000000,-0.1500000,-0.8800000,-0.0410000,0.0117000,1.1391000,1.4433574,-1.2384998,0.0405499,-0.0073564,0.0125882,0.9915302,0
1005,-0.8400000,0.2700000,-0.9500000,0.0302000,0.0332000,1.0976000,1.7549720,-1.3162037,0.0780619,-0.0108312,0.0128092,0.9951561,0
1006,-1.2100000,-1.0000000,0.0200000,0.0673000,0.0498000,0.9951000,1.8160528,-1.2725548,0.0404191,-0.0104485,0.0144906,1.0044862,0
1007,0.9800000,-2.3400000,0.6900000,0.0268000,0.0244000,0.8808000,1.6635471,-1.2240712,0.0086116,-0.0055156,0.0175620,1.0094791,0
1008,4.4000000,-2.5300000,0.5700000,-0.0507000,-0.0039000,0.9179000,1.5355283,-1.2595267,0.0270842,-0.0004990,0.0200229,1.0053847,0
1009,2.3200000,-0.6300000,-0.4600000,-0.0683000,-0.0102000,1.0439000,1.5730776,-1.3423534,0.0642700,-0.0001114,0.0201212,0.9975162,0
1010,-0.6600000,-0.6300000,-0.4600000,-0.0122000,0.0507000,1.1499000,1.6390878,-1.3764070,0.0666887,-0.0038605,0.0190981,0.9957942,0
1011,-3.8900000,0.2700000,0.0200000,0.0517000,0.0561000,1.0327000,1.4917090,-1.3202109,0.0355692,-0.0067783,0.0198660,1.0025871,0
1012,-2.0000000,-2.2200000,0.8100000,0.0532000,0.0390000,0.8935000,1.0676829,-1.2245049,0.0205858,-0.0052051,0.0228174,1.0089210,0
1013,1.5900000,-2.7700000,0.8100000,-0.0146000,-0.0078000,0.9106000,0.5834372,-1.2041336,0.0585267,-0.0008960,0.0254138,1.0068501,0
1014,0.2500000,-0.7600000,-0.4000000,-0.0429000,-0.0219000,1.0395000,0.2547152,-1.2654465,0.1189277,0.0015601,0.0250676,1.0000351,0
1015,-1.6300000,0.5800000,-0.4000000,-0.0122000,0.0004000,1.0781000,0.0326650,-1.2776212,0.1402796,0.0007486,0.0218035,0.9970212,0
1016,-5.4800000,-0.2700000,0.2000000,0.0493000,0.0419000,1.1386000,-0.2828791,-1.1801829,0.1226212,-0.0001935,0.0183762,1.0020414,0
1017,-3.7100000,-0.5100000,1.4900000,0.0688000,0.0434000,0.9438000,-0.7898881,-1.0323217,0.1313695,0.0023347,0.0172646,1.0111040,0
1018,-0.2300000,-1.3700000,2.1000000,0.0175000,-0.0180000,0.8178000,-1.3152992,-0.9079825,0.2324671,0.0078737,0.0173879,1.0128914,0
1019,1.2300000,-2.5900000,0.7500000,-0.0410000,-0.0102000,1.0283000,-1.6056550,-0.8725828,0.4079682,0.0120549,0.0160140,1.0051234,0
1020,-1.0200000,0.8800000,-0.4600000,-0.0336000,-0.0410000,1.0727000,-1.6385864,-0.8936543,0.5508144,0.0117979,0.0122517,0.9986674,0
1021,-4.9900000,0.9400000,-0.3400000,0.0395000,0.0180000,1.1254000,-1.6445573,-0.8331690,0.5879377,0.0093056,0.0073643,1.0006408,0
1022,-4.2000000,0.3900000,0.8800000,0.0830000,0.0366000,1.0498000,-1.8215409,-0.6641827,0.5592940,0.0095383,0.0042729,1.0093521,0
1023,-3.1000000,0.2100000,1.8500000,0.0371000,-0.0039000,0.8085000,-2.1198937,-0.4636861,0.5616659,0.0137935,0.0037002,1.0148607,0
1024,1.9600000,-1.8500000,1.3600000,-0.0405000,0.0029000,0.9248000,-2.3104479,-0.3187345,0.6373618,0.0177582,0.0036723,1.0089977,0
1025,0.2500000,0.5800000,-0.0300000,-0.0556000,-0.0410000,1.0776000,-2.2255647,-0.2586071,0.7258865,0.0168762,0.0025741,0.9992067,0
1026,-2.7300000,1.3100000,-0.5200000,0.0473000,0.0249000,1.1088000,-1.9977599,-0.1868178,0.7400140,0.0128580,0.0005745,0.9967827,0
1027,-2.9800000,0.7000000,0.3300000,0.0991000,0.0253000,0.9956000,-1.8556528,-0.0474428,0.6747651,0.0120216,-0.0000693,1.0013267,0
1028,-0.6000000,0.2700000,0.6900000,0.0537000,-0.0366000,0.8056000,-1.8020156,0.1056053,0.5953806,0.0165283,0.0003047,1.0022386,0
1029,1.5900000,-0.7600000,0.0200000,-0.0278000,-0.0151000,1.0004000,-1.6748691,0.2049193,0.5313825,0.0216798,-0.0007452,0.9947549,0
1030,0.6200000,3.3200000,-1.0100000,-0.0415000,-0.0551000,1.0644000,-1.3945087,0.2937251,0.4420260,0.0223705,-0.0038069,0.9877818,0
1031,-3.7700000,2.4100000,-1.3700000,0.0219000,0.0097000,1.0786000,-1.1215518,0.4935761,0.2815267,0.0192310,-0.0077863,0.9884644,0
1032,-3.1000000,2.3500000,-0.8800000,0.0600000,0.0258000,1.0805000,-1.0576276,0.7927747,0.0629882,0.0169238,-0.0099118,0.9958962,0
1033,-2.2400000,1.8000000,-0.1500000,0.0498000,-0.0424000,0.8452000,-1.1768848,1.0999226,-0.1481053,0.0179345,-0.0100992,1.0026953,0
1034,3.4800000,-0.5100000,-0.3400000,-0.0161000,-0.0263000,0.8715000,-1.2411692,1.3178053,-0.3021193,0.0200239,-0.0111212,0.9996575,0
1035,1.8400000,1.9800000,-1.3100000,-0.0498000,-0.0673000,1.1000000,-1.0509437,1.4071110,-0.4196046,0.0191087,-0.0141428,0.9914748,0
1036,-0.9600000,2.5900000,-1.4300000,-0.0004000,-0.0458000,1.0732000,-0.7199996,1.4726527,-0.5494116,0.0146550,-0.0190958,0.9898178,0
1037,-2.3700000,1.7400000,-0.2700000,0.0493000,0.0024000,1.0463000,-0.4991122,1.5751267,-0.6776976,0.0105952,-0.0238814,0.9954514,0
1038,-1.3900000,0.5800000,0.8100000,0.0537000,0.0048000,0.9125000,-0.4597414,1.6478676,-0.7288289,0.0101909,-0.0257592,1.0010025,0
1039,3.9100000,-0.9400000,0.8100000,-0.0175000,-0.0039000,0.8442000,-0.4224616,1.6015046,-0.6596926,0.0119086,-0.0247315,0.9987684,0
1040,3.1800000,-0.7000000,-0.5800000,-0.0639000,-0.0732000,1.0263000,-0.1716132,1.4029484,-0.5252024,0.0111458,-0.0236160,0.9899475,0
1041,1.3500000,1.4300000,-1.2500000,-0.0307000,-0.0527000,1.0771000,0.2364238,1.1446246,-0.4288889,0.0062265,-0.0250804,0.9845735,0
1042,-2.0000000,1.6800000,-0.7600000,0.0390000,-0.0415000,1.1191000,0.5570497,0.9641166,-0.4097841,0.0008382,-0.0284251,0.9883832,0
1043,-1.3300000,0.5200000,0.6900000,0.0766000,0.0063000,0.9545000,0.6380021,0.8775395,-0.4063852,-0.0001967,-0.0308855,0.9971783,0
1044,2.6300000,-0.8800000,1.3600000,0.0332000,0.0039000,0.8334000,0.5978989,0.7884707,-0.3317940,0.0036822,-0.0304845,1.0002641,0
1045,3.5500000,-1.3700000,0.2700000,-0.0527000,-0.0185000,0.9882000,0.6743709,0.6155881,-0.1833938,0.0076877,-0.0278667,0.9943795,0
1046,3.4200000,1.0000000,-0.7600000,-0.0625000,-0.0332000,1.0297000,0.9333381,0.4026389,-0.0505894,0.0069338,-0.0252807,0.9878335,0
1047,-1.3900000,0.2100000,-0.9500000,0.0043000,-0.0209000,1.1699000,1.2051991,0.2505882,-0.0055345,0.0024108,-0.0237161,0.9889808,0
1048,-2.6100000,1.4900000,-0.2100000,0.0395000,0.0234000,1.0146000,1.2431756,0.1913822,-0.0338331,-0.0009729,-0.0218437,0.9983158,0
1049,-0.4100000,0.1500000,0.8800000,0.0224000,-0.0161000,0.8129000,1.0266780,0.2051145,-0.0591054,-0.0009421,-0.0186913,1.0046791,0
1050,3.2400000,-1.6700000,0.5100000,-0.0307000,0.0034000,1.0034000,0.8015345,0.1998541,-0.0291940,0.0002298,-0.0152764,1.0012307,0
1051,1.7100000,1.9200000,-0.2700000,-0.0595000,-0.0664000,0.9746000,0.7489969,0.1549195,0.0250709,-0.0010152,-0.0133793,0.9947890,0
1052,-1.5700000,0.5200000,-0.0900000,-0.0234000,-0.0092000,1.1035000,0.7573567,0.1676797,0.0554498,-0.0052086,-0.0138714,0.9922030,0
1053,-2.4900000,1.3700000,0.9400000,0.0107000,0.0073000,1.1542000,0.6231504,0.2493541,0.0803197,-0.0093996,-0.0146291,0.9979148,0
1054,-1.5100000,1.4300000,1.7900000,0.0380000,0.0063000,0.8032000,0.3251452,0.3758957,0.1617161,-0.0106094,-0.0137049,1.0060655,0
1055,4.3400000,-2.1600000,1.1200000,-0.0063000,0.0224000,0.9218000,0.0844015,0.4684288,0.3141988,-0.0089183,-0.0111617,1.0044272,0
1056,3.1200000,0.5800000,0.0200000,-0.0605000,-0.0361000,1.0161000,0.1298778,0.4437521,0.4680908,-0.0078222,-0.0083326,0.9962508,0
1057,1.4700000,0.8200000,-0.2700000,-0.0346000,-0.0185000,1.0415000,0.3906151,0.3886624,0.5470605,-0.0097423,-0.0072206,0.9912176,0
1058,-1.8800000,0.8800000,0.5100000,-0.0136000,0.0283000,1.1860000,0.6104084,0.3843664,0.5535598,-0.0130691,-0.0068270,0.9944209,0
1059,0.8600000,0.6400000,1.6100000,0.0209000,0.0571000,0.7416000,0.6736177,0.4154022,0.5606554,-0.0149743,-0.0041142,1.0000385,0
1060,5.2500000,-3.1400000,0.6900000,-0.0209000,0.0268000,0.9521000,0.7622674,0.3822546,0.6089353,-0.0148466,0.0013563,0.9960326,0
1061,4.0300000,0.2700000,-0.7000000,-0.0644000,-0.0346000,1.0327000,1.0669705,0.2224398,0.6369728,-0.0152852,0.0062841,0.9873254,0
1062,1.7100000,-0.3900000,-0.6400000,-0.0200000,-0.0190000,1.0834000,1.4783310,0.0420237,0.5766718,-0.0177467,0.0077067,0.9847856,0
1063,-1.1400000,0.2700000,0.9400000,0.0024000,0.0268000,1.1713000,1.7501243,-0.0818823,0.4707850,-0.0199482,0.0070801,0.9918259,0
1064,-1.0800000,1.4900000,2.1000000,0.0356000,0.0654000,0.8896000,1.7507083,-0.1218350,0.4321330,-0.0193480,0.0081179,1.0033362,0
1065,2.9300000,-1.9800000,1.8500000,-0.0170000,0.0659000,0.8803000,1.6030115,-0.1121655,0.5130114,-0.0162720,0.0126199,1.0070522,0
1066,3.7300000,-0.5100000,0.1400000,-0.0454000,0.0200000,1.0078000,1.5504200,-0.1568017,0.6429662,-0.0138717,0.0188556,1.0020004,0
1067,0.7400000,0.0900000,-1.2500000,-0.0180000,0.0083000,1.0087000,1.6156676,-0.2312754,0.6923345,-0.0137444,0.0236337,0.9966838,0
1068,-1.7500000,0.6400000,-0.7600000,0.0180000,0.0126000,1.1757000,1.5972105,-0.2542342,0.6057193,-0.0138319,0.0257876,0.9975752,0
1069,-3.2800000,1.1900000,0.3300000,0.0468000,0.0234000,0.9838000,1.3357600,-0.1971219,0.4525055,-0.0114754,0.0262402,1.0052483,0
1070,0.0700000,-1.4300000,0.5700000,-0.0034000,0.0458000,0.8544000,0.8952852,-0.1127248,0.3273294,-0.0068692,0.0265352,1.0097017,0
1071,2.6300000,-0.5100000,-0.3400000,-0.0454000,-0.0034000,0.9584000,0.5306221,-0.0933228,0.2434463,-0.0034717,0.0268341,1.0047694,0
1072,0.6200000,-0.6300000,-1.1300000,-0.0532000,-0.0273000,0.9931000,0.3736142,-0.1352391,0.1451874,-0.0039740,0.0251051,0.9964893,0
1073,-1.8200000,0.1500000,-0.7000000,-0.0063000,0.0131000,1.1850000,0.2840741,-0.1837930,0.0042305,-0.0071521,0.0210777,0.9940637,0
1074,-4.0100000,0.9400000,0.2700000,0.0312000,0.0312000,1.0219000,0.0626407,-0.1879176,-0.1319008,-0.0093108,0.0174059,1.0007170,0
1075,-0.8400000,-1.4300000,0.6300000,0.0244000,0.0742000,0.8510000,-0.2988984,-0.1634168,-0.1991735,-0.0083305,0.0166593,1.0065292,0
1076,1.1600000,-2.1000000,-1.0700000,0.0063000,0.0463000,0.9824000,-0.5977382,-0.2153104,-0.2170804,-0.0052994,0.0193789,1.0038339,0
1077,1.2300000,-0.8800000,-2.6500000,-0.0288000,-0.0322000,0.8745000,-0.6869553,-0.3620386,-0.2946729,-0.0027650,0.0222696,0.9955774,0
1078,-0.3500000,-2.2200000,-2.4700000,-0.0034000,-0.0253000,1.1840000,-0.6233167,-0.5491660,-0.4983019,-0.0020160,0.0214630,0.9889384,0
1079,-4.2600000,0.2700000,-0.8200000,0.0180000,0.0058000,1.1406000,-0.6073398,-0.7264851,-0.7577705,-0.0017272,0.0176750,0.9932630,0
1080,-2.0600000,-0.3900000,0.8800000,0.0356000,0.0405000,0.8564000,-0.7678144,-0.8234204,-0.9281760,-0.0000335,0.0143639,1.0030366,0
1081,0.0100000,-3.2000000,0.3300000,-0.0122000,0.0454000,0.9716000,-0.9771517,-0.8939511,-0.9373964,0.0026019,0.0137415,1.0055464,0
1082,2.0200000,-0.2700000,-1.3100000,-0.0156000,-0.0107000,0.8813000,-1.0333142,-1.0091605,-0.8633864,0.0039947,0.0146604,1.0003019,0
1083,-0.5300000,-2.2800000,-1.9800000,0.0073000,-0.0581000,1.1079000,-0.9156309,-1.1228827,-0.8323172,0.0038421,0.0133872,0.9937429,0
1084,-3.2800000,0.3300000,-1.0100000,0.0307000,-0.0009000,1.2177000,-0.8131922,-1.1959888,-0.8716515,0.0040320,0.0089286,0.9963612,0
1085,-3.9500000,1.2500000,0.5700000,0.0659000,0.0078000,0.8847000,-0.9038868,-1.1542283,-0.8957418,0.0065331,0.0043054,1.0069285,0
1086,-0.1100000,-2.7100000,0.6300000,0.0219000,0.0361000,0.8837000,-1.1161827,-1.0323121,-0.8239707,0.0113158,0.0020147,1.0105545,0
1087,1.7100000,-0.8200000,-0.5800000,-0.0175000,-0.0131000,0.9550000,-1.2120774,-0.9714077,-0.6866436,0.0153258,0.0017273,1.0041414,0
1088,-0.5300000,-1.3700000,-1.8000000,-0.0078000,-0.0737000,1.0419000,-1.1203774,-0.9691869,-0.5902025,0.0162467,0.0001228,0.9963939,0
1089,-1.6300000,0.9400000,-0.8200000,0.0253000,-0.0366000,1.1752000,-0.9912434,-0.9425229,-0.5813536,0.0153755,-0.0048745,0.9960127,0
1090,-4.8700000,2.2200000,1.0000000,0.0610000,0.0058000,1.0180000,-1.0027151,-0.7948781,-0.5779797,0.0156663,-0.0105217,1.0043286,0
1091,-1.1400000,-0.5100000,1.3600000,0.0361000,0.0585000,0.8872000,-1.1807638,-0.5385247,-0.4783729,0.0182775,-0.0126255,1.0112906,0
1092,2.2000000,-0.5700000,-0.4600000,-0.0195000,-0.0244000,0.9062000,-1.2995134,-0.3181979,-0.3105888,0.0207674,-0.0109843,1.0087955,0
1093,0.1300000,0.2100000,-1.2500000,-0.0053000,-0.0966000,1.1064000,-1.2031967,-0.1802491,-0.1942971,0.0205313,-0.0107946,1.0025926,0
1094,-2.1800000,1.4300000,-0.3400000,0.0322000,-0.0512000,1.1665000,-1.0391435,-0.0515887,-0.1703798,0.0187727,-0.0152041,1.0041398,0
1095,-3.1000000,2.5900000,1.7300000,0.0380000,0.0170000,0.9301000,-0.9976608,0.1487441,-0.1453699,0.0180869,-0.0204660,1.0122204,0
1096,-0.2900000,-0.1500000,1.8500000,0.0361000,0.0571000,0.9663000,-1.0650331,0.3950172,-0.0178373,0.0190920,-0.0213952,1.0162806,0
1097,1.8400000,0.5200000,0.2000000,-0.0019000,0.0146000,0.8071000,-1.0596380,0.5776660,0.1784582,0.0203780,-0.0173443,1.0109453,0
1098,1.0400000,-1.1200000,-1.1900000,-0.0219000,-0.0620000,1.0893000,-0.8820841,0.6437830,0.3113048,0.0197746,-0.0128649,1.0000126,0
1099,-0.8400000,2.5300000,-0.8800000,0.0166000,-0.0410000,1.1938000,-0.6354921,0.6507375,0.3100429,0.0172146,-0.0119791,0.9966049,0
1100,-4.2000000,3.4500000,0.6300000,0.0463000,-0.0122000,0.9663000,-0.5234921,0.7513378,0.2377334,0.0153466,-0.0135857,1.0035931,0
1101,-0.5300000,0.5800000,1.6700000,0.0253000,0.0571000,1.0034000,-0.6058213,0.9565349,0.2134305,0.0156170,-0.0136913,1.0103931,0
1102,1.5300000,2.0400000,1.0000000,0.0039000,-0.0166000,0.8437000,-0.6848665,1.1448511,0.2805125,0.0165602,-0.0109441,1.0102402,0
1103,1.6500000,-0.7600000,-0.0300000,-0.0004000,-0.0703000,0.9736000,-0.5965961,1.2519832,0.3741046,0.0164915,-0.0092349,1.0025795,0
1104,-0.2300000,3.2000000,-0.2100000,-0.0034000,-0.0581000,1.1557000,-0.3996736,1.2948265,0.4187377,0.0151166,-0.0117207,0.9963866,0
1105,-3.5200000,4.3000000,1.1200000,0.0458000,-0.0478000,1.0517000,-0.2880642,1.4179150,0.4271805,0.0137957,-0.0170790,0.9994672,0
1106,-1.2100000,1.7400000,2.1600000,0.0317000,0.0966000,0.9975000,-0.3636490,1.6548807,0.4824277,0.0142483,-0.0202903,1.0066391,0
1107,0.3700000,3.1400000,1.0000000,0.0185000,0.0312000,0.8715000,-0.4947767,1.8932271,0.6084424,0.0159585,-0.0171731,1.0090627,0
1108,1.8400000,-0.0200000,-0.7000000,-0.0263000,-0.0190000,0.8979000,-0.5116142,2.0546684,0.7098722,0.0166250,-0.0109827,1.0026269,0
1109,1.7800000,1.9200000,-1.3700000,-0.0439000,-0.0971000,1.1533000,-0.3642273,2.0939689,0.6823504,0.0141503,-0.0082168,0.9946853,0
1110,-3.2800000,4.6700000,-0.6400000,0.0166000,-0.0449000,1.0820000,-0.1978641,2.1214664,0.5279435,0.0094683,-0.0109664,0.9957728,0
1111,-0.7800000,3.2000000,1.1200000,0.0117000,0.0419000,0.9775000,-0.1869352,2.2590827,0.3557753,0.0057250,-0.0147609,1.0027304,0
1112,-0.7200000,1.7400000,1.0600000,-0.0004000,0.0346000,0.9829000,-0.2765723,2.4231311,0.2701961,0.0036596,-0.0145326,1.0073730,0
1113,2.8100000,1.3700000,-0.0900000,-0.0107000,0.0249000,0.7890000,-0.2999940,2.4953564,0.2568666,0.0020450,-0.0104874,1.0043820,0
1114,2.2600000,0.2100000,-1.4300000,-0.0473000,-0.0961000,1.0429000,-0.1471190,2.4354086,0.2166368,-0.0005426,-0.0072855,0.9941546,0
1115,-0.7200000,2.2200000,-1.1900000,-0.0249000,-0.0297000,1.1601000,0.0954971,2.2818505,0.0902870,-0.0047734,-0.0086031,0.9887658,0
1116,-1.7500000,3.5700000,0.2700000,0.0019000,0.0043000,0.9770000,0.2247503,2.1651421,-0.0690957,-0.0090153,-0.0117936,0.9930425,0
1117,-1.1400000,0.2100000,0.5700000,0.0073000,0.1059000,1.0078000,0.1819452,2.1085555,-0.1673721,-0.0112888,-0.0111894,0.9987925,0
1118,2.2000000,1.3100000,-0.0900000,-0.0351000,0.0297000,0.8046000,0.1031232,2.0093178,-0.1904462,-0.0122136,-0.0049665,0.9985043,0
1119,2.1400000,-1.8500000,-1.2500000,-0.0415000,-0.0468000,0.9975000,0.1527365,1.8039379,-0.2072173,-0.0139222,0.0018034,0.9906975,0
1120,1.2300000,0.0900000,-1.0100000,-0.0283000,-0.0522000,1.1250000,0.3271290,1.4811088,-0.2736271,-0.0168399,0.0036688,0.9849237,0
1121,-1.8200000,2.1000000,0.4500000,-0.0102000,-0.0473000,1.0288000,0.4685283,1.1637151,-0.3508728,-0.0195333,0.0005838,0.9879808,0
1122,-0.2900000,-0.8800000,1.4900000,-0.0029000,0.0854000,1.0039000,0.4673513,0.9351532,-0.3445126,-0.0207279,-0.0026747,0.9946526,0
1123,1.7100000,-0.5700000,0.5100000,-0.0112000,-0.0004000,0.7993000,0.4151950,0.7088214,-0.2336291,-0.0203752,-0.0020774,0.9960654,0
1124,3.1800000,-3.9300000,-0.4000000,-0.0327000,-0.0258000,0.9633000,0.4751165,0.3872251,-0.1013697,-0.0196770,-0.0003466,0.9885675,0
1125,0.8600000,-1.4900000,0.2700000,-0.0156000,-0.0258000,1.0771000,0.6547239,-0.0493654,-0.0088032,-0.0195001,-0.0007712,0.9807206,0
1126,0.3100000,-0.0200000,1.7900000,-0.0097000,0.0043000,1.0434000,0.8219535,-0.4645854,0.0900326,-0.0192983,-0.0024496,0.9804683,0
1127,-0.4100000,-2.4000000,2.1000000,-0.0141000,0.0986000,1.0083000,0.8846653,-0.7724933,0.2656845,-0.0186047,-0.0016945,0.9853338,0
1128,3.0600000,-2.5900000,1.1200000,-0.0336000,0.0322000,0.8315000,0.9050300,-1.0567311,0.4997885,-0.0181012,0.0036194,0.9874535,0
1129,2.7500000,-4.8500000,-0.2700000,-0.0419000,-0.0429000,0.9584000,1.0152920,-1.4037729,0.6915210,-0.0187985,0.0091487,0.9823840,0
1130,2.8100000,-2.3400000,-0.2100000,-0.0458000,-0.0581000,1.1328000,1.2327947,-1.8073985,0.7663675,-0.0210131,0.0097167,0.9781599,0
1131,-0.9600000,-1.0000000,1.0600000,-0.0087000,-0.0083000,1.0927000,1.4220735,-2.1325476,0.7602363,-0.0236013,0.0059384,0.9835657,0
1132,-1.5100000,-1.9200000,1.6700000,-0.0029000,0.1074000,1.0146000,1.4167759,-2.2954894,0.7671301,-0.0246927,0.0036949,0.9950367,0
1133,0.4300000,-1.5500000,0.9400000,-0.0131000,0.0576000,0.8623000,1.2282679,-2.3439206,0.8171704,-0.0239634,0.0072632,1.0024750,0
1134,1.4700000,-4.8500000,-0.5800000,-0.0234000,0.0214000,0.8906000,1.0251653,-2.3849095,0.8432653,-0.0226249,0.0138686,0.9996120,0
1135,1.7100000,-2.7700000,-1.4300000,-0.0371000,-0.0654000,1.1191000,0.9145736,-2.5011786,0.7591214,-0.0218971,0.0176938,0.9930391,0
1136,-2.0600000,-0.0200000,-0.8800000,-0.0244000,-0.0336000,1.0859000,0.8270105,-2.5838875,0.5574125,-0.0221213,0.0158538,0.9936947,0
1137,-1.6300000,-1.1800000,0.3300000,-0.0014000,0.0625000,1.0698000,0.6232783,-2.5094930,0.3258289,-0.0222414,0.0119922,1.0018658,0
1138,-1.9400000,-1.2400000,0.2000000,0.0126000,0.0849000,0.9306000,0.2967391,-2.3328855,0.1507258,-0.0208249,0.0120929,1.0100914,0
1139,0.6800000,-3.3200000,-1.0700000,-0.0087000,0.0415000,0.8300000,-0.0335281,-2.1723912,0.0194865,-0.0179402,0.0166849,1.0097564,0
1140,2.2600000,-3.6200000,-1.9800000,-0.0332000,-0.0756000,1.0468000,-0.2089120,-2.1259009,-0.1449763,-0.0154121,0.0201433,1.0014755,0
1141,-0.5300000,-0.9400000,-1.5600000,-0.0063000,-0.0156000,1.1103000,-0.2108228,-2.1562620,-0.3711577,-0.0141873,0.0182267,0.9967269,0
1142,-1.3300000,0.1500000,-0.7000000,0.0219000,0.0097000,1.0708000,-0.1977230,-2.1099602,-0.6028866,-0.0127421,0.0135832,1.0007365,0
1143,-2.6700000,-0.7600000,-0.4600000,0.0317000,0.0976000,0.9912000,-0.2911262,-1.9388808,-0.7717595,-0.0094018,0.0115503,1.0081311,0
1144,0.7400000,-1.8500000,-1.0700000,0.0327000,0.0424000,0.8378000,-0.4467377,-1.7380702,-0.8720925,-0.0041344,0.0142853,1.0100315,0
1145,1.7100000,-3.2600000,-1.9800000,0.0224000,-0.0576000,0.9428000,-0.5002080,-1.6246984,-0.9583648,0.0019759,0.0173982,1.0026038,0
1146,0.9800000,-1.0600000,-1.4900000,-0.0009000,-0.0375000,1.1342000,-0.3910893,-1.6108557,-1.0676505,0.0072745,0.0157818,0.9947711,0
1147,-0.9000000,0.6400000,-0.0900000,0.0034000,-0.0429000,1.1298000,-0.2340574,-1.5677673,-1.1533940,0.0105703,0.0099527,0.9970160,0
1148,-3.0400000,0.2100000,0.6300000,0.0283000,0.1074000,1.0434000,-0.1920639,-1.4055524,-1.1366163,0.0125218,0.0050953,1.0074760,0
1149,-0.9600000,0.6400000,-0.0900000,0.0332000,0.0439000,0.8105000,-0.3091641,-1.1544610,-1.0128576,0.0146393,0.0059047,1.0141282,0
1150,1.4100000,-3.6200000,-1.0100000,0.0375000,0.0034000,0.9536000,-0.4307262,-0.9434589,-0.8633650,0.0174763,0.0099380,1.0095878,0
1151,0.9200000,-0.7000000,-1.1300000,0.0112000,-0.0810000,1.1064000,-0.4182568,-0.8789497,-0.7632008,0.0202898,0.0111179,1.0023729,0
1152,-2.0600000,1.9200000,-0.6400000,0.0146000,-0.0498000,0.9960000,-0.3527603,-0.8292259,-0.7161757,0.0219606,0.0067961,1.0008166,0
1153,-1.8800000,-0.2700000,0.3300000,0.0351000,0.0556000,1.1406000,-0.3844390,-0.6730817,-0.6702566,0.0227842,0.0009679,1.0045528,0
1154,-2.6700000,1.3100000,0.2000000,0.0507000,0.0390000,0.8906000,-0.5443807,-0.4648431,-0.5825439,0.0242034,-0.0008313,1.0099532,0
1155,0.3700000,-2.6500000,-0.2700000,0.0566000,0.0312000,0.8354000,-0.7407986,-0.2999715,-0.4702532,0.0270474,0.0013912,1.0077410,0
1156,2.1400000,-1.9800000,-0.4600000,0.0078000,-0.0986000,1.0664000,-0.8030432,-0.2900308,-0.3765250,0.0301469,0.0027611,0.9982253,0
1157,-1.2100000,0.2100000,0.3300000,0.0034000,-0.0771000,1.0805000,-0.7093658,-0.3888897,-0.3034364,0.0312312,-0.0014644,0.9932431,0
1158,-2.7900000,0.4500000,1.4200000,0.0322000,0.0561000,1.0942000,-0.6539558,-0.4433447,-0.1996497,0.0303577,-0.0080072,0.9970493,0
1159,-1.9400000,0.2100000,0.8800000,0.0463000,0.0175000,0.8500000,-0.7412117,-0.4161440,-0.0357098,0.0296502,-0.0105037,1.0021154,0
1160,0.9200000,-2.9500000,0.4500000,0.0566000,-0.0048000,0.8408000,-0.8531087,-0.4070420,0.1452046,0.0304577,-0.0095279,0.9978642,0
1161,2.2600000,-2.5900000,0.5700000,0.0058000,-0.1113000,1.0781000,-0.8129608,-0.5347955,0.2967655,0.0318486,-0.0102133,0.9874707,0
1162,-0.7800000,0.3300000,1.5500000,-0.0039000,-0.0600000,1.1049000,-0.6283154,-0.7304187,0.4331909,0.0314735,-0.0156044,0.9838579,0
1163,-1.7500000,1.2500000,2.4000000,0.0151000,0.0161000,1.0966000,-0.4805056,-0.8108616,0.6077938,0.0289676,-0.0221303,0.9905596,0
1164,-1.1400000,0.8800000,1.9100000,0.0468000,0.0434000,0.8686000,-0.4559587,-0.7228052,0.8368381,0.0265015,-0.0242246,0.9989640,0
1165,1.1600000,-2.7700000,0.8100000,0.0444000,0.0004000,0.8549000,-0.4612261,-0.6034446,1.0576960,0.0258657,-0.0215472,0.9981855,0
1166,3.6100000,-1.9200000,0.5100000,-0.0102000,-0.1020000,1.0917000,-0.3313531,-0.6105643,1.1955120,0.0258985,-0.0192598,0.9912065,0
1167,1.0400000,0.8800000,1.0600000,-0.0190000,-0.0869000,1.0283000,-0.0322548,-0.6811594,1.2459018,0.0239394,-0.0220799,0.9887745,0
1168,0.0700000,0.6400000,1.5500000,-0.0317000,0.0087000,1.1206000,0.2778437,-0.6620758,1.2620802,0.0191551,-0.0274790,0.9935169,0
1169,-1.0200000,2.5900000,1.3600000,-0.0009000,0.0678000,1.0268000,0.4576191,-0.5012537,1.2819292,0.0128750,-0.0287684,1.0030300,0
1170,0.0100000,-0.5700000,0.5100000,0.0273000,0.0336000,0.7973000,0.4967927,-0.2524051,1.2876761,0.0076884,-0.0237115,1.0083154,0
1171,4.6400000,-1.6700000,-0.0900000,0.0073000,-0.0463000,0.9672000,0.5551112,-0.0769474,1.2339093,0.0049695,-0.0167820,1.0027750,0
1172,1.4100000,1.1300000,-0.2100000,-0.0219000,-0.1093000,1.1103000,0.7628119,-0.0140676,1.1027117,0.0032281,-0.0143696,0.9958255,0
1173,0.6800000,2.5900000,0.4500000,-0.0214000,-0.0263000,1.0644000,0.9982203,0.0912556,0.9287782,0.0006891,-0.0175164,0.9967688,0
1174,-1.8800000,2.9600000,0.7500000,-0.0053000,0.0668000,1.0795000,1.0868836,0.3376468,0.7715338,-0.0024005,-0.0200373,1.0040320,0
1175,0.0100000,1.8000000,-0.2100000,0.0092000,0.0498000,0.8891000,0.9947788,0.6756053,0.6436500,-0.0046470,-0.0168894,1.0106257,0
1176,2.2600000,-0.0200000,-0.9500000,0.0043000,-0.0405000,0.8681000,0.8638267,0.9694270,0.4974731,-0.0053651,-0.0109851,1.0084941,0
1177,3.0000000,0.2100000,-0.8800000,-0.0297000,-0.0913000,1.0776000,0.8616738,1.1195569,0.3037094,-0.0056336,-0.0087762,1.0004779,0
1178,1.2900000,3.8700000,-0.4600000,-0.0478000,-0.0512000,1.1352000,0.9828680,1.2116610,0.0913764,-0.0074199,-0.0121633,0.9984816,0
1179,-2.0000000,4.9100000,0.2000000,-0.0131000,0.0639000,1.0727000,1.0535374,1.4316673,-0.0842776,-0.0107489,-0.0159654,1.0057723,0
1180,-0.1700000,3.4500000,-0.5200000,0.0185000,0.0996000,0.8212000,0.9563869,1.8019868,-0.2018117,-0.0131352,-0.0135826,1.0120289,0
1181,1.1600000,-0.3900000,-1.8600000,0.0205000,0.0078000,0.9306000,0.7935510,2.1240840,-0.3152052,-0.0127187,-0.0055227,1.0079598,0
1182,3.1800000,0.8200000,-2.0400000,-0.0371000,-0.0864000,0.9960000,0.7324117,2.2301175,-0.4887323,-0.0109800,0.0006687,0.9982518,0
1183,2.0200000,2.5300000,-1.3100000,-0.0498000,-0.0473000,1.0585000,0.8259580,2.1948843,-0.7063670,-0.0110614,0.0003220,0.9917865,0
1184,-0.4100000,3.8100000,-0.8200000,-0.0283000,0.0405000,1.1567000,0.9563697,2.1905726,-0.8992594,-0.0135388,-0.0027478,0.9937162,0
1185,-1.4500000,4.5400000,-0.4000000,0.0024000,0.0800000,0.9252000,0.9581602,2.3068557,-1.0180098,-0.0161287,-0.0022125,1.0014255,0
1186,0.0100000,-0.2700000,-0.5200000,0.0273000,0.0595000,0.8837000,0.8160610,2.4495684,-1.0553688,-0.0164178,0.0035303,1.0040622,0
1187,3.1200000,0.0900000,-0.8200000,-0.0043000,-0.0234000,0.9970000,0.6933094,2.4264561,-1.0399360,-0.0142259,0.0104564,0.9991930,0
1188,1.1600000,2.2900000,-0.8800000,-0.0410000,-0.0751000,0.9804000,0.7077043,2.2608908,-1.0075499,-0.0121252,0.0128053,0.9932852,0
1189,0.8000000,2.0400000,-0.3400000,-0.0327000,0.0415000,1.1821000,0.7854044,2.1078395,-0.9644825,-0.0121937,0.0106301,0.9928453,0
1190,-3.1600000,4.3000000,-0.1500000,0.0146000,0.0844000,1.0146000,0.7641098,2.0546392,-0.8937235,-0.0131018,0.0102348,1.0003519,0
1191,-0.5300000,-0.5100000,-0.7000000,0.0151000,0.0229000,0.8891000,0.5675646,2.0589074,-0.8034579,-0.0123987,0.0138424,1.0071544,0
1192,1.3500000,-1.0000000,-0.7000000,-0.0136000,-0.0371000,1.0180000,0.3382763,1.9420357,-0.7262090,-0.0103251,0.0169140,1.0071427,0
1193,0.6200000,1.3100000,-0.4600000,-0.0322000,-0.0366000,0.9785000,0.2200796,1.6869694,-0.6697398,-0.0090555,0.0157598,1.0046253,0
1194,-1.3300000,1.3700000,0.0200000,-0.0166000,0.0483000,1.2055000,0.1518992,1.4479114,-0.6118541,-0.0094136,0.0125084,1.0062643,0
1195,-3.5200000,2.1000000,0.3900000,0.0156000,0.0791000,0.9467000,-0.0156945,1.3017882,-0.5261791,-0.0098872,0.0122119,1.0135643,0
1196,-1.3900000,-2.2800000,0.1400000,0.0410000,0.0517000,0.8378000,-0.3179338,1.1695689,-0.4100832,-0.0082801,0.0162262,1.0158852,0
1197,0.9200000,-3.0800000,-0.2100000,-0.0063000,-0.0356000,1.0170000,-0.5942833,0.8795526,-0.2934431,-0.0047506,0.0204475,1.0088535,0
1198,0.1300000,-0.0800000,0.2700000,-0.0395000,-0.0610000,0.9643000,-0.7121312,0.4517823,-0.1952634,-0.0023282,0.0198955,1.0003409,0
1199,-0.6000000,-0.5700000,0.8800000,-0.0209000,0.0317000,1.1416000,-0.7188569,0.0646203,-0.0923086,-0.0027204,0.0154147,0.9966052,0
1200,-4.3800000,0.7000000,0.9400000,0.0058000,0.0917000,1.0146000,-0.7748765,-0.1993211,0.0407847,-0.0042697,0.0131925,0.9997459,0
1201,-2.9800000,-2.6500000,0.8800000,0.0444000,0.0786000,0.8886000,-0.9963850,-0.3891399,0.1959713,-0.0042154,0.0166060,1.0029735,0
1202,0.1300000,-4.1100000,0.3900000,0.0087000,-0.0307000,0.9038000,-1.2634579,-0.6545457,0.3418151,-0.0017674,0.0218434,0.9986913,0
1203,1.0400000,-2.9500000,0.2700000,-0.0102000,-0.0625000,0.9941000,-1.3669877,-1.0497343,0.4466539,0.0009810,0.0225378,0.9898303,0
1204,-0.1100000,-1.4900000,0.3900000,-0.0390000,-0.0219000,1.1367000,-1.2813967,-1.4498191,0.5045213,0.0016466,0.0176059,0.9855406,0
1205,-2.6700000,0.1500000,1.1800000,-0.0244000,0.0341000,1.0249000,-1.1607181,-1.7060270,0.5458905,-0.0003202,0.0115784,0.9898234,0
1206,-1.5700000,-3.6200000,1.6100000,0.0161000,0.0644000,0.9682000,-1.1310613,-1.8298962,0.6161330,-0.0029958,0.0090058,0.9964946,0
1207,0.6200000,-3.7500000,1.0600000,0.0131000,-0.0053000,0.8920000,-1.1254115,-1.9800418,0.7213422,-0.0040514,0.0097975,0.9981085,0
1208,3.3600000,-4.5400000,0.6900000,0.0043000,-0.0864000,0.8842000,-0.9705272,-2.2317798,0.8196388,-0.0034671,0.0088635,0.9919933,0
1209,2.8100000,-3.9900000,0.2000000,-0.0439000,-0.0297000,1.1391000,-0.5893800,-2.5517480,0.8698572,-0.0032597,0.0033791,0.9846878,0
1210,-0.5300000,0.5800000,-0.2700000,-0.0205000,0.0039000,1.1381000,-0.1278792,-2.7917647,0.8486546,-0.0049534,-0.0032596,0.9872675,0
1211,-1.6300000,-2.1000000,-0.1500000,0.0224000,0.0615000,0.9379000,0.1807880,-2.8204387,0.7570400,-0.0068970,-0.0064602,0.9970383,0
1212,1.1000000,-3.4400000,-0.5200000,0.0434000,0.0107000,0.9433000,0.3102046,-2.7540418,0.6155764,-0.0062298,-0.0052305,1.0026832,0
1213,2.8100000,-3.9300000,-1.1300000,0.0336000,-0.1020000,0.9013000,0.4361682,-2.7494926,0.4288036,-0.0024336,-0.0044052,1.0005812,0
1214,4.4600000,-2.8900000,-0.6400000,-0.0234000,-0.0913000,1.0380000,0.7064482,-2.8106817,0.2058843,0.0019479,-0.0092377,0.9948463,0
1215,1.6500000,0.5200000,-0.7000000,-0.0107000,-0.0380000,1.2255000,1.0917567,-2.8086998,-0.0160841,0.0041215,-0.0180739,0.9956552,0
1216,-1.7500000,1.1900000,-0.4600000,0.0097000,0.0278000,0.9541000,1.3718714,-2.5950511,-0.2073602,0.0044796,-0.0250907,1.0054220,0
1217,-0.5300000,-1.6700000,-0.7000000,0.0327000,0.0322000,0.9492000,1.3935178,-2.2248553,-0.3599708,0.0051808,-0.0265751,1.0129153,0
1218,0.9200000,-1.6700000,-1.3100000,0.0385000,-0.0429000,0.9072000,1.2574971,-1.8854177,-0.4925945,0.0074958,-0.0244022,1.0118575,0
1219,3.0000000,-1.1800000,-1.3100000,-0.0078000,-0.0981000,0.9301000,1.1558002,-1.6405728,-0.6310670,0.0104249,-0.0240949,1.0040751,0
1220,0.3700000,0.5800000,-1.4900000,-0.0361000,-0.0283000,1.2343000,1.1441351,-1.4210359,-0.7780327,0.0112008,-0.0273325,0.9987906,0
1221,-2.9800000,3.8100000,-1.2500000,-0.0146000,0.0200000,1.0024000,1.0600046,-1.0899629,-0.9210491,0.0088988,-0.0299184,1.0035540,0
1222,-2.9100000,-0.8800000,-1.0100000,0.0239000,0.0522000,0.9404000,0.7501850,-0.6430580,-1.0391987,0.0058761,-0.0278902,1.0099284,0
1223,-0.3500000,-1.1200000,-1.1900000,0.0205000,-0.0239000,0.9287000,0.3074539,-0.2860982,-1.1210635,0.0045439,-0.0223304,1.0094415,0
1224,3.5500000,-0.9400000,-0.7000000,-0.0078000,-0.1035000,0.9614000,-0.0023961,-0.1157167,-1.1656497,0.0044712,-0.0189611,1.0035346,0
1225,0.0700000,1.0000000,-0.7000000,-0.0156000,-0.0444000,1.2299000,-0.0639579,-0.0373131,-1.1666787,0.0038506,-0.0208059,1.0010971,0
1226,-2.3000000,3.2000000,-0.2700000,-0.0083000,0.0234000,0.9594000,-0.0703868,0.1015238,-1.1212129,0.0021932,-0.0237097,1.0070894,0
1227,-1.3900000,-1.0600000,-0.0900000,0.0380000,0.0019000,0.9243000,-0.1877491,0.3097399,-1.0286933,0.0010705,-0.0235811,1.0118291,0
1228,1.9000000,-1.9800000,-0.0300000,0.0380000,-0.0390000,0.9086000,-0.3118022,0.4003221,-0.8963573,0.0023873,-0.0218412,1.0082271,0
1229,4.5200000,-0.3300000,0.2700000,0.0214000,-0.1069000,0.9013000,-0.2271379,0.3188118,-0.7370659,0.0057594,-0.0226460,0.9980822,0
1230,2.7500000,-0.8800000,0.0800000,-0.0122000,-0.0239000,1.1855000,0.1203497,0.1702304,-0.5638438,0.0088371,-0.0269000,0.9896553,0
1231,0.4900000,3.3200000,0.5100000,-0.0102000,0.0214000,1.0781000,0.5446195,0.0859648,-0.3885737,0.0098360,-0.0301444,0.9921189,0
1232,-1.3900000,-0.0800000,0.7500000,0.0449000,0.0493000,0.9589000,0.8199695,0.1390886,-0.2077943,0.0099335,-0.0284340,1.0003691,0
1233,2.0800000,-1.1200000,1.0600000,0.0356000,0.0292000,0.8969000,0.9264772,0.2029562,-0.0135023,0.0115116,-0.0220563,1.0034778,0
1234,4.1600000,-1.3100000,1.1200000,0.0205000,-0.0878000,0.8984000,1.0595367,0.1547111,0.1923245,0.0143424,-0.0157945,0.9981851,0
1235,4.7700000,-0.9400000,1.0600000,-0.0151000,-0.0332000,1.0791000,1.3644230,0.0173503,0.3964452,0.0162408,-0.0141166,0.9903735,0
1236,1.4700000,2.2200000,1.3000000,-0.0166000,-0.0068000,1.1743000,1.7550182,-0.0916209,0.5866890,0.0156256,-0.0151399,0.9907741,0
1237,-2.0600000,0.8800000,1.6100000,0.0151000,0.0644000,0.9541000,1.9780113,-0.0661844,0.7674107,0.0133089,-0.0142265,0.9994400,0
1238,1.4700000,-0.5700000,1.7300000,0.0336000,0.0239000,0.8959000,1.9384295,0.0239305,0.9471892,0.0117019,-0.0095676,1.0046091,0
1239,3.4200000,-1.2400000,1.4900000,0.0424000,-0.0390000,0.9116000,1.8436813,0.0496783,1.1181463,0.0122356,-0.0043409,1.0006755,0
1240,5.0700000,-0.0200000,1.2400000,-0.0024000,-0.0156000,1.0380000,1.9035206,0.0005449,1.2574614,0.0139246,-0.0020399,0.9932202,0
1241,0.9200000,1.8600000,0.6300000,-0.0385000,0.0131000,1.1733000,2.0797894,-0.0193622,1.3381786,0.0138712,-0.0015470,0.9922148,0
1242,-0.7800000,1.6800000,0.4500000,-0.0195000,0.1313000,1.0312000,2.1488740,0.0774742,1.3416921,0.0107364,0.0017432,1.0005460,0
1243,0.1900000,-0.2700000,0.4500000,0.0258000,0.0458000,0.9399000,2.0115175,0.2327693,1.2759278,0.0068250,0.0101702,1.0093721,0
1244,2.4500000,-1.9800000,0.3300000,0.0356000,0.0273000,0.8662000,1.8030025,0.2967989,1.1649901,0.0051279,0.0197827,1.0098052,0
1245,5.3800000,-1.4900000,0.3300000,-0.0073000,-0.0307000,0.9506000,1.7347025,0.1991446,1.0291724,0.0054289,0.0257582,1.0017219,0
1246,2.0800000,-0.5100000,-0.0300000,-0.0424000,0.0117000,1.1640000,1.8586182,0.0106599,0.8786686,0.0047561,0.0270716,0.9950216,0
1247,-0.4700000,1.7400000,0.3300000,-0.0434000,0.0917000,1.0683000,1.9709386,-0.1265456,0.7236063,0.0012212,0.0274342,0.9980913,0
1248,-1.9400000,-0.2700000,0.5100000,0.0068000,0.0556000,0.9487000,1.8685765,-0.1501516,0.5889221,-0.0036022,0.0304977,1.0052201,0
1249,1.5900000,-2.8900000,0.6300000,0.0380000,0.0629000,0.9213000,1.5973871,-0.1871701,0.4949970,-0.0062417,0.0353507,1.0071034,0
1250,3.7900000,-1.6100000,0.3300000,0.0322000,-0.0410000,0.8613000,1.3961551,-0.3497145,0.4371683,-0.0051235,0.0384431,1.0007637,0
1251,3.2400000,-1.8500000,-0.3400000,0.0048000,0.0219000,1.1582000,1.4041712,-0.5857324,0.3840398,-0.0018418,0.0373943,0.9926619,0
1252,-0.3500000,1.8000000,-0.7000000,-0.0424000,0.0429000,1.1401000,1.4957374,-0.7605416,0.2980269,0.0003988,0.0346355,0.9944378,0
1253,-3.3400000,0.2100000,-1.1300000,-0.0034000,0.0878000,1.0058000,1.4182391,-0.7721954,0.1612816,0.0001289,0.0340100,1.0049446,0
1254,-1.0800000,-0.8200000,-0.9500000,0.0117000,0.0742000,0.9243000,1.0917273,-0.6895197,-0.0179025,-0.0008078,0.0367551,1.0128123,0
1255,0.9200000,-0.8200000,-1.2500000,0.0170000,-0.0068000,0.8369000,0.7026344,-0.6262917,-0.2173411,-0.0006005,0.0401702,1.0106293,0
1256,2.7500000,-1.9800000,-1.4900000,-0.0073000,0.0219000,1.0253000,0.4671366,-0.6245982,-0.4270034,0.0003519,0.0407903,1.0008119,0
1257,-2.8500000,1.5500000,-1.3700000,-0.0493000,0.0385000,1.1562000,0.3502707,-0.6382052,-0.6396349,-0.0000075,0.0394275,0.9953280,0
1258,-5.3600000,1.0600000,-1.1900000,-0.0214000,0.0283000,0.9589000,0.0802873,-0.5518811,-0.8334742,-0.0027940,0.0379407,0.9981429,0
1259,-2.0600000,-0.7600000,-0.8200000,0.0166000,0.0415000,0.9414000,-0.4132198,-0.3937400,-0.9826184,-0.0058730,0.0366826,1.0004067,0
1260,-0.2300000,-0.0200000,-0.9500000,0.0385000,-0.0498000,0.8735000,-0.8915454,-0.2703254,-1.0752503,-0.0063657,0.0341640,0.9961062,0
1261,-1.1400000,-0.6300000,-0.8200000,0.0000000,0.0166000,1.1069000,-1.2002045,-0.1981763,-1.1193765,-0.0042905,0.0289708,0.9895499,0
1262,-3.2200000,2.9600000,-0.8200000,-0.0522000,0.0249000,1.1494000,-1.4168246,-0.1022431,-1.1262377,-0.0028900,0.0234794,0.9909381,0
1263,-6.6400000,0.6400000,-0.5800000,-0.0273000,0.0483000,0.9760000,-1.7275213,0.0865917,-1.1012171,-0.0044047,0.0203749,1.0002223,0
1264,-3.2200000,-0.6300000,-0.1500000,0.0078000,0.0253000,0.9345000,-2.1840533,0.2732459,-1.0394830,-0.0070105,0.0196953,1.0068799,0
1265,-1.6300000,0.0900000,-0.1500000,0.0458000,-0.0498000,0.8408000,-2.5968246,0.3603619,-0.9370704,-0.0074337,0.0186633,1.0042869,0
1266,0.6200000,-1.9200000,0.2000000,0.0156000,-0.0458000,1.0366000,-2.7706328,0.3396872,-0.8011307,-0.0047984,0.0140902,0.9953045,0
1267,-2.3000000,2.5300000,0.1400000,-0.0161000,-0.0278000,1.1948000,-2.7135546,0.2746375,-0.6417554,-0.0014997,0.0066271,0.9921059,0
1268,-7.0000000,2.2900000,0.6300000,-0.0219000,0.0302000,0.9907000,-2.6794736,0.3199079,-0.4656928,-0.0000368,-0.0001216,0.9990615,0
1269,-4.0100000,0.0300000,1.3000000,-0.0034000,0.0205000,0.9443000,-2.8502575,0.4666380,-0.2611390,-0.0003669,-0.0033737,1.0060178,0
1270,-1.4500000,-0.4500000,1.2400000,0.0151000,-0.0385000,0.8598000,-3.0615920,0.5614154,-0.0191973,-0.0008222,-0.0045317,1.0047561,0
1271,2.2600000,-1.5500000,1.1200000,0.0366000,-0.0483000,0.9750000,-3.0445711,0.5284988,0.2359231,0.0002251,-0.0070151,0.9963128,0
1272,-0.6000000,0.6400000,1.0000000,0.0019000,-0.0361000,1.1279000,-2.7394679,0.4064890,0.4705659,0.0026902,-0.0114825,0.9899427,0
1273,-4.6800000,1.4300000,1.0600000,-0.0415000,0.0112000,1.0532000,-2.3964204,0.3188798,0.6672008,0.0040330,-0.0156204,0.9923688,0
1274,-4.0700000,0.0900000,1.3000000,-0.0170000,0.0053000,1.0341000,-2.2656632,0.3091741,0.8284828,0.0026000,-0.0171881,0.9999282,0
1275,-2.4900000,0.1500000,1.6100000,0.0253000,-0.0083000,0.8632000,-2.3072696,0.3134591,0.9712057,0.0004640,-0.0165416,1.0044730,0
1276,2.2600000,-0.8800000,1.1200000,0.0527000,-0.0458000,0.8515000,-2.2849691,0.2811851,1.0979911,0.0007899,-0.0159450,0.9992361,0
1277,0.0100000,-0.7600000,0.3300000,0.0102000,-0.0522000,1.1835000,-2.0461371,0.1903000,1.1750482,0.0037652,-0.0173360,0.9909119,0
1278,-2.6100000,2.5300000,0.3300000,-0.0375000,-0.0581000,1.0537000,-1.7352161,0.1193341,1.1724491,0.0060860,-0.0210189,0.9917700,0
1279,-3.5900000,1.0000000,1.0600000,-0.0117000,-0.0180000,0.9902000,-1.5731441,0.1706753,1.1177662,0.0055491,-0.0254359,0.9986269,0
1280,-1.7500000,0.0900000,1.1800000,0.0200000,-0.0146000,0.9672000,-1.5745850,0.2826773,1.0658038,0.0039376,-0.0284085,1.0031610,0
1281,2.5700000,0.7600000,0.6300000,0.0400000,-0.0805000,0.7885000,-1.5397940,0.3707632,1.0281956,0.0039594,-0.0305975,1.0000531,0
1282,2.5100000,-1.8500000,-0.1500000,0.0410000,-0.0424000,1.1367000,-1.2752919,0.3926526,0.9674679,0.0064871,-0.0339215,0.9916470,0
1283,-0.1100000,3.0800000,-0.8200000,-0.0166000,-0.0483000,1.0815000,-0.8529809,0.3779599,0.8409592,0.0097039,-0.0376182,0.9898067,0
1284,-2.7300000,1.3700000,-0.7600000,-0.0341000,-0.0053000,0.9838000,-0.5224449,0.4522474,0.6410529,0.0104592,-0.0398651,0.9951390,0
1285,0.2500000,-1.0000000,-0.4000000,-0.0302000,-0.0048000,0.9687000,-0.3753288,0.5603630,0.4063163,0.0077939,-0.0393830,0.9993068,0
1286,2.9300000,-0.3300000,-0.5200000,0.0136000,-0.0493000,0.8120000,-0.2367658,0.5654072,0.1813534,0.0038336,-0.0371993,0.9966773,0
1287,4.5200000,-2.2800000,-0.8800000,0.0268000,-0.0703000,0.9956000,0.0846082,0.4440928,-0.0240891,0.0014637,-0.0362990,0.9869895,0
1288,2.9300000,0.8200000,-0.9500000,0.0078000,-0.0644000,1.1416000,0.5831672,0.2488727,-0.2187840,0.0013324,-0.0379127,0.9807128,0
1289,-1.6300000,1.2500000,-0.2100000,-0.0029000,-0.0239000,1.0683000,1.0318004,0.1159261,-0.3861255,0.0019344,-0.0403806,0.9852076,0
1290,1.4700000,-0.5100000,0.8100000,0.0063000,-0.0092000,0.8886000,1.2595389,0.0777821,-0.4736781,0.0023319,-0.0411576,0.9926285,0
1291,5.2500000,-1.4300000,-0.0900000,0.0312000,-0.0092000,0.8891000,1.4361632,0.0229698,-0.4652679,0.0032208,-0.0393839,0.9926500,0
1292,4.2800000,-0.7600000,-1.3100000,0.0229000,-0.0454000,1.0830000,1.7604242,-0.0969737,-0.4361541,0.0053719,-0.0365486,0.9882294,0
1293,1.9000000,1.4900000,-1.7400000,0.0039000,-0.0361000,1.1254000,2.1424782,-0.1954311,-0.4718151,0.0079447,-0.0345274,0.9899649,0
1294,-2.0000000,1.9200000,-1.1300000,-0.0131000,0.0278000,1.0390000,2.3375033,-0.1597321,-0.5756774,0.0093100,-0.0322609,0.9993712,0
1295,0.3700000,1.0000000,-0.3400000,-0.0200000,0.0126000,0.8984000,2.2400590,0.0031230,-0.6832052,0.0085882,-0.0275710,1.0074989,0
1296,3.5500000,-1.1200000,-0.2700000,-0.0014000,0.0029000,0.8662000,2.0436022,0.1635530,-0.7390576,0.0063408,-0.0212255,1.0061244,0
1297,4.4000000,-0.6300000,-1.2500000,0.0253000,-0.0273000,1.0903000,1.9918243,0.2157503,-0.7582851,0.0044403,-0.0156295,0.9991497,0
1298,1.2900000,1.6100000,-1.6200000,0.0258000,-0.0258000,1.0400000,2.0725434,0.2164310,-0.7978670,0.0043709,-0.0123414,0.9964879,0
1299,-0.9600000,1.3700000,-0.5200000,-0.0083000,0.0170000,1.0830000,2.0787200,0.2790110,-0.8597751,0.0053530,-0.0104843,1.0001501,0
1300,-0.8400000,0.9400000,0.7500000,-0.0249000,0.0395000,1.0380000,1.8861681,0.4029739,-0.8687706,0.0052375,-0.0074930,1.0073871,0
1301,2.4500000,0.0900000,1.1200000,-0.0043000,0.0278000,0.7573000,1.6073364,0.5171838,-0.7625734,0.0034895,-0.0024863,1.0097542,0
1302,4.8900000,-1.9200000,0.2000000,0.0195000,0.0170000,1.0541000,1.4791305,0.5328187,-0.5691376,0.0018070,0.0031759,1.0025900,0
1303,2.2000000,1.5500000,-0.8800000,0.0214000,-0.0151000,1.0561000,1.5678847,0.4558596,-0.3865030,0.0017094,0.0074901,0.9962126,0
1304,-0.7800000,1.0600000,-0.5800000,0.0073000,0.0029000,1.0649000,1.6697633,0.4148677,-0.2812994,0.0029072,0.0094484,0.9970700,0
1305,-1.5100000,1.1900000,0.6300000,-0.0336000,0.0659000,1.0830000,1.5834928,0.4528549,-0.2195467,0.0034902,0.0110821,1.0032557,0
1306,0.9200000,0.9400000,1.5500000,-0.0307000,0.0249000,0.7797000,1.3431156,0.5288038,-0.1175186,0.0017641,0.0144449,1.0071742,0
1307,5.0700000,-2.8900000,1.0000000,-0.0063000,0.0424000,0.9560000,1.1895024,0.5386481,0.0523522,-0.0015191,0.0186164,1.0010456,0
1308,3.1200000,0.2100000,-0.2100000,0.0214000,0.0024000,1.0844000,1.2802076,0.4087043,0.2241720,-0.0039426,0.0220477,0.9925344,0
1309,0.1300000,0.3300000,-0.0900000,0.0234000,0.0131000,1.0737000,1.4652917,0.2495536,0.3262012,-0.0039771,0.0236881,0.9916619,0
1310,-1.1400000,0.0900000,1.3000000,-0.0375000,0.0668000,1.0942000,1.5112705,0.1467146,0.3837088,-0.0030633,0.0247533,0.9983194,0
1311,-0.5300000,0.3900000,2.2800000,-0.0424000,0.0610000,0.8696000,1.3655301,0.0870476,0.4859660,-0.0041189,0.0276192,1.0053692,0
1312,4.1600000,-2.7100000,1.7300000,-0.0234000,0.0590000,0.8979000,1.2017249,0.0048338,0.6649423,-0.0073912,0.0322152,1.0040629,0
1313,2.9300000,-1.1800000,0.1400000,0.0209000,0.0112000,1.0493000,1.2154231,-0.1730001,0.8444021,-0.0102678,0.0363947,0.9971689,0
1314,-0.0500000,-0.7000000,-0.7600000,0.0429000,0.0146000,1.0581000,1.3268005,-0.3890375,0.9167694,-0.0100568,0.0380796,0.9940715,0
1315,-2.3000000,0.1500000,0.1400000,-0.0063000,0.0375000,1.1083000,1.3022903,-0.5451433,0.8646316,-0.0070972,0.0376656,0.9980600,0
1316,-2.8500000,0.0900000,1.3000000,-0.0390000,0.0615000,0.9536000,1.0313279,-0.6076946,0.7782025,-0.0048036,0.0374088,1.0053589,0
1317,1.4700000,-1.9200000,1.1800000,-0.0273000,0.0854000,0.8828000,0.6435513,-0.6309263,0.7389821,-0.0051880,0.0391775,1.0075671,0
1318,0.7400000,-1.6700000,-0.5800000,0.0078000,0.0253000,1.0019000,0.3598206,-0.7039933,0.7163199,-0.0067410,0.0423381,1.0027742,0
1319,-0.1700000,-1.1200000,-1.4900000,0.0395000,0.0117000,1.0527000,0.2047756,-0.8224327,0.6147184,-0.0066371,0.0439302,0.9982584,0
1320,-3.8300000,-0.2100000,-0.8200000,0.0185000,-0.0024000,1.1489000,0.0200010,-0.9150685,0.4122085,-0.0039225,0.0423522,1.0006474,0
1321,-4.9300000,0.3900000,0.8100000,-0.0258000,0.0234000,1.0151000,-0.3563750,-0.9240659,0.2026210,-0.0008482,0.0385463,1.0094701,0
1322,-1.5100000,-1.1200000,1.4200000,-0.0434000,0.0502000,0.8349000,-0.8744027,-0.8666489,0.0965095,-0.0003447,0.0349087,1.0146490,0
1323,-0.7200000,-0.5100000,-0.6400000,0.0297000,0.0000000,0.9736000,-1.3105195,-0.8076002,0.0811527,-0.0016590,0.0322578,1.0099352,0
1324,-2.9100000,-1.2400000,-1.5600000,0.0512000,0.0083000,1.0771000,-1.6026337,-0.7727337,0.0362660,-0.0010191,0.0291410,1.0032861,0
1325,-5.1700000,0.3900000,-1.0100000,-0.0034000,0.0092000,1.1284000,-1.8964127,-0.7405124,-0.0912332,0.0020580,0.0253193,1.0039031,0
1326,-4.8700000,0.5800000,0.5100000,-0.0346000,0.0292000,0.9433000,-2.2963936,-0.6579493,-0.2273319,0.0040629,0.0219569,1.0095524,0
1327,-0.9000000,-1.3100000,0.5700000,-0.0302000,0.0371000,0.8774000,-2.6859627,-0.5473220,-0.2847083,0.0029578,0.0201392,1.0102472,0
1328,-0.1700000,-0.7000000,-0.9500000,0.0170000,-0.0141000,1.0004000,-2.8574110,-0.4874311,-0.2845768,0.0004450,0.0191491,1.0038146,0
1329,-1.5100000,-0.8800000,-1.9800000,0.0556000,-0.0356000,1.0488000,-2.7930532,-0.4819623,-0.3281073,-0.0000095,0.0164395,0.9979164,0
1330,-3.3400000,0.9400000,-1.6200000,0.0351000,-0.0517000,1.1225000,-2.6585460,-0.4702639,-0.4608121,0.0029795,0.0106297,0.9987294,0
1331,-4.6800000,1.7400000,-0.1500000,-0.0170000,-0.0034000,1.0136000,-2.6171823,-0.3699547,-0.6167516,0.0068421,0.0031897,1.0055266,0
1332,-0.6600000,0.7000000,0.3300000,-0.0429000,0.0112000,0.8295000,-2.6487201,-0.1730747,-0.6991504,0.0079303,-0.0027881,1.0090242,0
1333,0.8600000,-1.2400000,-0.7000000,0.0004000,0.0000000,1.0175000,-2.5593946,0.0052567,-0.6996476,0.0059346,-0.0060164,1.0043187,0
1334,0.4300000,1.1900000,-2.1100000,0.0698000,-0.0356000,0.9726000,-2.2665763,0.1073583,-0.7076265,0.0047343,-0.0080936,0.9976823,0
1335,-2.7300000,1.1900000,-2.0400000,0.0688000,-0.0581000,1.1162000,-1.9169792,0.2110111,-0.7956780,0.0077775,-0.0113724,0.9951968,0
1336,-3.4000000,2.5300000,-0.4600000,0.0034000,-0.0473000,1.0927000,-1.7080697,0.3830463,-0.9217847,0.0133380,-0.0165603,0.9999674,0
1337,-1.9400000,2.6500000,0.5700000,-0.0180000,-0.0039000,0.8417000,-1.6672263,0.6413519,-0.9766126,0.0169896,-0.0217023,1.0059076,0
1338,1.1600000,0.3300000,0.0200000,-0.0063000,-0.0253000,0.9970000,-1.6300075,0.9193748,-0.9192635,0.0171855,-0.0248714,1.0046859,0
1339,1.1600000,2.3500000,-1.0700000,0.0488000,-0.0590000,0.9760000,-1.4442647,1.1375006,-0.8178733,0.0162961,-0.0271853,0.9997442,0
1340,-1.3900000,0.8200000,-1.5600000,0.0839000,-0.0664000,1.0747000,-1.1671412,1.3035042,-0.7610507,0.0179351,-0.0306970,0.9970714,0
1341,-2.4300000,2.9000000,-0.4000000,0.0224000,-0.0576000,1.1191000,-0.9769848,1.4436303,-0.7556523,0.0223455,-0.0354920,1.0005028,0
1342,-2.9800000,3.8100000,1.1800000,-0.0292000,-0.0166000,0.8745000,-0.9619126,1.6269980,-0.7151842,0.0253772,-0.0396966,1.0064268,0
1343,1.5900000,0.7000000,0.9400000,-0.0249000,-0.0141000,0.9306000,-1.0115391,1.8392343,-0.5735350,0.0240600,-0.0413110,1.0056671,0
1344,1.4700000,1.8000000,-0.2700000,0.0346000,-0.0385000,0.9545000,-0.9285675,1.9683846,-0.3805814,0.0203906,-0.0407007,0.9985028,0
1345,-0.2900000,1.0600000,-0.9500000,0.0805000,-0.0600000,1.0483000,-0.7156051,2.0007351,-0.2373027,0.0189056,-0.0400743,0.9917769,0
1346,-1.4500000,2.5300000,-0.1500000,0.0458000,-0.0581000,1.1196000,-0.5327809,1.9902949,-0.1729408,0.0212826,-0.0408032,0.9915521,0
1347,-2.7900000,3.0800000,1.6100000,-0.0385000,-0.0268000,0.9345000,-0.4928247,2.0084788,-0.1105392,0.0237805,-0.0420698,0.9965451,0
1348,1.5300000,0.9400000,2.1000000,-0.0712000,0.0180000,0.9624000,-0.5380670,2.0521958,0.0421931,0.0214156,-0.0413843,0.9990408,0
1349,2.2600000,1.6100000,1.1200000,-0.0029000,-0.0336000,0.9062000,-0.4730475,2.0473215,0.2759365,0.0144872,-0.0381102,0.9960089,0
1350,1.5300000,-0.5700000,0.2000000,0.0800000,-0.0268000,1.0083000,-0.2411137,1.9518262,0.4948597,0.0089401,-0.0344751,0.9900290,0
1351,-0.2900000,1.8000000,0.3900000,0.0527000,-0.0830000,1.1352000,0.0280263,1.7793725,0.6338719,0.0088777,-0.0327925,0.9881596,0
1352,-2.3000000,2.1000000,2.0400000,-0.0317000,-0.0292000,0.9902000,0.1712756,1.6288536,0.7327582,0.0112114,-0.0335375,0.9933123,0
1353,1.5900000,1.5500000,2.5800000,-0.0791000,0.0439000,0.8930000,0.1831145,1.5530960,0.8789018,0.0100039,-0.0332792,0.9973269,0
1354,2.5100000,-0.0200000,1.3000000,-0.0424000,-0.0048000,0.9208000,0.2440798,1.4837750,1.0727347,0.0037605,-0.0293597,0.9940312,0
1355,4.3400000,-1.0000000,0.5700000,0.0263000,-0.0141000,0.9838000,0.4834851,1.3303616,1.2263525,-0.0033093,-0.0240816,0.9867415,0
1356,1.2900000,1.4900000,0.6900000,0.0473000,-0.0371000,1.0996000,0.8488284,1.1144530,1.2892194,-0.0064229,-0.0201698,0.9828904,0
1357,0.1900000,1.7400000,1.9100000,-0.0292000,-0.0151000,0.9521000,1.1577454,0.9611619,1.3034935,-0.0060621,-0.0181173,0.9845082,0
1358,3.0000000,-0.2700000,1.7900000,-0.0834000,0.0756000,0.9594000,1.3566534,0.8800268,1.3344593,-0.0072417,-0.0151788,0.9860512,0
1359,4.5200000,1.0000000,0.3300000,-0.0292000,-0.0009000,0.9355000,1.5903315,0.8014785,1.3640027,-0.0119392,-0.0093595,0.9842733,0
1360,3.3600000,-0.9400000,-0.8200000,0.0468000,0.0058000,1.0249000,1.9217284,0.7025817,1.3061113,-0.0159008,-0.0032768,0.9814903,0
1361,0.5500000,0.5800000,-0.8200000,0.0317000,-0.0156000,1.1289000,2.2166741,0.5766883,1.1212805,-0.0152342,0.0007892,0.9834859,0
1362,-1.1400000,1.6100000,0.6300000,-0.0361000,0.0185000,0.9672000,2.2944416,0.4863716,0.8759101,-0.0120946,0.0031949,0.9911113,0
1363,2.4500000,0.3900000,1.5500000,-0.1181000,0.0483000,0.9394000,2.1744576,0.4735242,0.6881424,-0.0122947,0.0058810,0.9967702,0
1364,2.0200000,0.0300000,0.2700000,-0.0751000,0.0522000,0.9497000,2.0389058,0.4758464,0.5927699,-0.0184123,0.0104912,0.9965559,0
1365,4.0300000,-0.9400000,-0.9500000,0.0288000,0.0097000,0.9492000,1.9994541,0.4292685,0.5068784,-0.0256667,0.0158668,0.9924375,0
1366,0.7400000,-1.6100000,-1.1300000,0.0634000,-0.0336000,1.1289000,2.0308307,0.2954227,0.3556424,-0.0273356,0.0188029,0.9899418,0
1367,-0.6600000,0.3300000,0.1400000,0.0004000,0.0385000,1.0756000,1.9852147,0.1089288,0.1684210,-0.0230770,0.0187939,0.9948247,0
1368,0.9800000,0.4500000,0.8100000,-0.1035000,0.0541000,0.9199000,1.8045131,-0.0294717,0.0340131,-0.0192811,0.0192365,1.0023888,0
1369,1.1600000,-1.7900000,-0.5200000,-0.1186000,0.0996000,0.9365000,1.5930621,-0.1271141,-0.0300186,-0.0218288,0.0229215,1.0040738,0
1370,3.4800000,-1.1800000,-2.1700000,-0.0136000,0.0390000,0.9526000,1.4656367,-0.2660851,-0.1168741,-0.0288248,0.0293139,0.9997161,0
1371,-0.7800000,-2.1000000,-2.9000000,0.0747000,-0.0068000,1.0590000,1.4135845,-0.4593598,-0.3190370,-0.0324239,0.0344891,0.9949497,0
1372,-1.3900000,-1.6100000,-1.2500000,0.0273000,0.0043000,1.0747000,1.2772868,-0.6867976,-0.6082338,-0.0288520,0.0356340,0.9952167,0
1373,-1.8200000,-0.5100000,0.2700000,-0.0820000,0.0224000,0.9785000,0.9792147,-0.8945784,-0.8478767,-0.0232934,0.0339917,0.9995257,0
1374,-0.1700000,-1.7300000,0.4500000,-0.1259000,0.0625000,0.9340000,0.6049484,-1.0435379,-0.9386809,-0.0231310,0.0324491,1.0016386,0
1375,2.0200000,-1.9800000,-0.7000000,-0.0434000,0.0043000,0.8964000,0.3135029,-1.1747383,-0.9120716,-0.0287441,0.0318996,0.9976986,0
1376,0.4900000,-3.7500000,-1.4300000,0.0791000,-0.0073000,1.1005000,0.1889626,-1.3541001,-0.8695343,-0.0327181,0.0302659,0.9918882,0
1377,-1.7500000,-2.1600000,-0.5200000,0.0805000,-0.0185000,1.1000000,0.1190127,-1.5941248,-0.8543403,-0.0287162,0.0262084,0.9927778,0
1378,-1.4500000,-1.1200000,1.0600000,-0.0083000,0.0483000,0.9731000,-0.0249823,-1.8045697,-0.8042811,-0.0191874,0.0215810,0.9994234,0
1379,-0.7200000,-1.7900000,0.6900000,-0.1142000,0.0712000,1.0083000,-0.2231745,-1.9188876,-0.6615739,-0.0125449,0.0198780,1.0048264,0
1380,0.3700000,-1.1800000,-1.1900000,-0.0737000,0.0512000,0.8696000,-0.3829671,-1.9561448,-0.4917978,-0.0135108,0.0220470,1.0050782,0
1381,0.9800000,-3.5000000,-2.4100000,0.0585000,-0.0122000,1.0498000,-0.4346019,-1.9765337,-0.4257455,-0.0171238,0.0249085,1.0007608,0
1382,-2.7300000,-1.7900000,-2.1100000,0.0986000,-0.0341000,1.1425000,-0.4408382,-2.0310595,-0.5122582,-0.0152156,0.0245961,1.0001741,0
1383,-2.2400000,-0.2700000,0.1400000,0.0419000,0.0175000,0.9057000,-0.5443840,-2.0504804,-0.6569327,-0.0067927,0.0211567,1.0046138,0
1384,-0.5300000,-2.7700000,1.3600000,-0.0883000,0.0043000,1.0341000,-0.7225063,-2.0006391,-0.7063855,0.0010449,0.0173556,1.0068497,0
1385,-0.6600000,-0.3900000,0.8800000,-0.0917000,0.0400000,0.9541000,-0.8582340,-1.9324719,-0.6062440,0.0014408,0.0148510,1.0062874,0
1386,1.2300000,-1.8500000,-0.0900000,0.0439000,-0.0244000,0.9213000,-0.8887900,-1.8419607,-0.4324637,-0.0029961,0.0132547,1.0026823,0
1387,-1.2700000,-3.2000000,-0.1500000,0.1308000,-0.0224000,1.1533000,-0.8263433,-1.7823480,-0.2752223,-0.0030524,0.0105395,0.9991505,0
1388,-2.6700000,0.5200000,1.1200000,0.0986000,-0.0229000,1.0195000,-0.7998419,-1.7561775,-0.1376049,0.0052724,0.0061017,1.0019223,0
1389,-0.4700000,-2.2200000,1.7300000,-0.0825000,0.0214000,1.0205000,-0.8607813,-1.6862783,0.0384290,0.0151184,0.0018255,1.0078193,0
1390,-0.2300000,-0.7000000,0.0200000,-0.0644000,0.0327000,0.9614000,-0.9078355,-1.5987690,0.2406249,0.0175917,-0.0000073,1.0114130,0
1391,0.8600000,-1.6700000,-1.0100000,0.0751000,-0.0566000,0.9423000,-0.8664900,-1.5204511,0.3662367,0.0150295,-0.0005757,1.0105035,0
1392,-1.5700000,-2.8300000,-0.5800000,0.1508000,-0.0253000,1.1069000,-0.7719716,-1.4860514,0.3655619,0.0169305,-0.0030188,1.0081305,0
1393,-2.0000000,0.3900000,0.9400000,0.0810000,-0.0327000,0.9848000,-0.7352937,-1.4839881,0.3110597,0.0259818,-0.0071529,1.0087852,0
1394,-0.9000000,-1.6700000,1.9100000,-0.0585000,0.0024000,1.0107000,-0.7826410,-1.4381610,0.3155838,0.0348069,-0.0110030,1.0102506,0
1395,0.0100000,-0.0200000,1.3000000,-0.0908000,0.0307000,0.9487000,-0.8262509,-1.3528848,0.4148385,0.0351241,-0.0125321,1.0094612,0
1396,0.1300000,-1.1200000,-0.3400000,0.0278000,-0.0468000,0.9663000,-0.8029072,-1.2463469,0.5289180,0.0282422,-0.0121647,1.0056724,0
1397,0.0100000,-2.1000000,-0.3400000,0.1308000,-0.0444000,1.0830000,-0.7178120,-1.1654587,0.5652165,0.0234797,-0.0131067,1.0020698,0
1398,-2.7300000,0.3300000,0.7500000,0.1230000,-0.0634000,1.0244000,-0.6573868,-1.1201716,0.5376683,0.0268214,-0.0166546,1.0027401,0
1399,-1.0200000,-0.6300000,1.8500000,-0.0200000,0.0234000,1.0234000,-0.6957622,-1.0427120,0.5372585,0.0339757,-0.0205604,1.0060668,0
1400,-0.9000000,1.7400000,0.8800000,-0.1010000,0.0043000,0.9599000,-0.7783541,-0.8930010,0.6008801,0.0354733,-0.0216608,1.0083376,0
1401,-0.7200000,-0.8800000,-1.0700000,-0.0170000,0.0048000,0.9238000,-0.8398918,-0.6856815,0.6444249,0.0287841,-0.0198873,1.0064532,0
1402,0.9200000,-0.3300000,-1.4900000,0.0917000,-0.0424000,1.0649000,-0.8404060,-0.5046628,0.5653543,0.0213120,-0.0177247,1.0021635,0
1403,-2.7300000,0.8800000,-1.0700000,0.1308000,-0.0634000,1.0537000,-0.8055573,-0.3612799,0.3663985,0.0207765,-0.0177937,1.0013935,0
1404,0.3100000,0.7000000,0.2000000,0.0195000,0.0039000,0.9829000,-0.8034465,-0.1975206,0.1404779,0.0262511,-0.0197284,1.0039047,0
1405,-0.9000000,2.0400000,-0.0900000,-0.0825000,-0.0126000,0.9868000,-0.7980000,0.0101343,-0.0309650,0.0294067,-0.0207540,1.0053280,0
1406,0.6200000,1.1900000,-1.1900000,-0.0561000,-0.0092000,0.9174000,-0.7478733,0.2623977,-0.1619303,0.0250194,-0.0203571,1.0032804,0
1407,1.7100000,0.7600000,-1.7400000,0.0590000,-0.0639000,1.0722000,-0.6144744,0.5071397,-0.3174676,0.0174704,-0.0203731,0.9995708,0
1408,-0.5300000,1.9800000,-0.9500000,0.1479000,-0.0332000,1.0610000,-0.4090632,0.7175561,-0.5045869,0.0154388,-0.0221649,0.9996924,0
1409,0.5500000,2.2900000,0.3300000,0.0722000,-0.0107000,0.9736000,-0.2203610,0.9356476,-0.6505369,0.0214712,-0.0243652,1.0031650,0
1410,-0.5300000,2.5300000,0.5700000,-0.0712000,0.0273000,1.0170000,-0.0808308,1.1829150,-0.6862590,0.0280557,-0.0243674,1.0056441,0
1411,0.7400000,3.3800000,-0.2700000,-0.1123000,0.0195000,0.9223000,0.0197697,1.4619671,-0.6299398,0.0263596,-0.0211379,1.0053728,0
1412,1.1000000,2.1000000,-1.3100000,0.0024000,-0.0263000,1.0039000,0.1238727,1.7522423,-0.5689208,0.0172618,-0.0165653,1.0020660,0
1413,0.8000000,2.5900000,-0.8200000,0.1108000,-0.0214000,1.0698000,0.2558000,2.0018949,-0.5585921,0.0101065,-0.0133965,0.9997772,0
1414,-0.1700000,3.3800000,0.5700000,0.1025000,-0.0419000,0.9833000,0.3706734,2.2152796,-0.5548926,0.0112628,-0.0125172,1.0008737,0
1415,0.0100000,1.9800000,1.6700000,-0.0395000,0.0302000,1.0239000,0.4240093,2.4017176,-0.4679775,0.0166486,-0.0124539,1.0027179,0
1416,1.2300000,3.8700000,1.1800000,-0.1362000,-0.0004000,0.9711000,0.4458443,2.5534862,-0.2724159,0.0165020,-0.0110494,1.0037265,0
1417,0.6800000,2.5300000,-0.0900000,-0.0532000,0.0078000,0.9155000,0.4872946,2.6917141,-0.0459795,0.0077498,-0.0085139,1.0016961,0
1418,2.0200000,1.5500000,-0.0300000,0.0678000,-0.0083000,1.0903000,0.5673171,2.7746058,0.1224204,-0.0019965,-0.0060652,0.9980967,0
1419,-1.5700000,2.9600000,0.6900000,0.1005000,-0.0053000,1.0239000,0.6363277,2.7773909,0.2314345,-0.0044137,-0.0042907,0.9983511,0
1420,-0.0500000,1.7400000,1.7900000,-0.0024000,0.0620000,1.0009000,0.6059718,2.7410275,0.3458207,-0.0002592,-0.0019423,1.0014384,0
1421,-0.1700000,2.6500000,1.2400000,-0.1181000,0.0292000,0.9912000,0.5008698,2.6800674,0.5020608,0.0019763,0.0026902,1.0036423,0
1422,-0.3500000,1.8600000,-0.7600000,-0.0410000,-0.0151000,0.9301000,0.3783642,2.6044135,0.6324260,-0.0023641,0.0075599,1.0030239,0
1423,0.0100000,0.9400000,-0.2700000,0.0673000,-0.0131000,1.0888000,0.2521280,2.4934805,0.6541851,-0.0076250,0.0097927,1.0011834,0
1424,-1.5700000,2.0400000,0.8800000,0.0795000,-0.0175000,1.0234000,0.1127535,2.3381055,0.6071524,-0.0069100,0.0092570,1.0025409,0
1425,-0.7800000,0.8800000,1.7900000,-0.0288000,0.0732000,0.9624000,-0.0642184,2.1691192,0.5940866,-0.0019300,0.0086739,1.0051756,0
1426,0.5500000,1.2500000,1.2400000,-0.1352000,0.0097000,0.9663000,-0.2243758,1.9879078,0.6524571,-0.0008564,0.0103867,1.0047325,0
1427,0.0100000,0.8800000,0.0200000,-0.0820000,-0.0073000,0.9165000,-0.3024406,1.7975472,0.7236366,-0.0077548,0.0123639,1.0002824,0
1428,1.2300000,-0.2100000,-0.1500000,0.0444000,-0.0332000,1.0830000,-0.2920614,1.5872893,0.7338496,-0.0166734,0.0118736,0.9950418,0
1429,-1.2100000,1.3100000,0.5700000,0.0966000,0.0034000,1.0375000,-0.2366373,1.3604753,0.6872713,-0.0189773,0.0091934,0.9944891,0
1430,-0.1100000,-0.1500000,1.1800000,0.0214000,0.0576000,0.9711000,-0.2081895,1.1511045,0.6457682,-0.0137288,0.0073625,0.9971701,0
1431,0.9200000,-0.1500000,0.8800000,-0.1259000,0.0400000,0.9379000,-0.1834624,0.9416236,0.6437910,-0.0089887,0.0087821,0.9974620,0
1432,0.9800000,-1.0600000,-0.3400000,-0.1362000,0.0043000,0.9692000,-0.0984395,0.7013030,0.6430217,-0.0125891,0.0118368,0.9941598,0
1433,1.3500000,-1.0600000,-0.8200000,-0.0205000,-0.0205000,1.0253000,0.0489507,0.4239573,0.5784204,-0.0222978,0.0134094,0.9905349,0
1434,0.6800000,-0.4500000,0.2000000,0.0883000,-0.0024000,1.0258000,0.2271107,0.1391207,0.4547734,-0.0285186,0.0125556,0.9898863,0
1435,-0.2300000,-1.5500000,1.1800000,0.0644000,0.0385000,1.0366000,0.3729360,-0.1252285,0.3542021,-0.0257890,0.0112644,0.9925622,0
1436,0.9200000,-0.5700000,1.1800000,-0.0664000,0.0610000,0.9565000,0.4593972,-0.3674526,0.3363580,-0.0189400,0.0122547,0.9959905,0
1437,0.9200000,-2.2800000,-0.0300000,-0.1303000,-0.0190000,0.9150000,0.5287551,-0.5930990,0.3683855,-0.0170165,0.0147472,0.9957921,0
1438,0.8600000,-2.5300000,-1.2500000,-0.0595000,-0.0063000,1.0507000,0.6034630,-0.8440106,0.3567218,-0.0221781,0.0154964,0.9927333,0
1439,0.3100000,-0.0200000,-0.8800000,0.0600000,-0.0434000,1.0380000,0.6621447,-1.0849444,0.2521004,-0.0275086,0.0132258,0.9924479,0
1440,-1.3300000,-2.6500000,-0.0900000,0.0810000,0.0390000,0.9809000,0.6496004,-1.2571455,0.1024907,-0.0258757,0.0096206,0.9950325,0
1441,0.0700000,-2.0400000,0.2000000,-0.0146000,0.0834000,1.0380000,0.5435804,-1.4144097,-0.0189668,-0.0185844,0.0089053,0.9978483,0
1442,-1.1400000,-2.1600000,-0.7600000,-0.1347000,-0.0102000,0.8632000,0.3851223,-1.5801881,-0.1043777,-0.0140801,0.0116595,0.9982225,0
1443,0.9200000,-3.9300000,-1.4900000,-0.1025000,-0.0322000,1.0278000,0.2266493,-1.7662261,-0.2072053,-0.0178224,0.0131078,0.9944319,0
1444,-0.4700000,-1.1200000,-1.1900000,0.0380000,-0.0844000,1.0878000,0.1114240,-1.9673836,-0.3555194,-0.0248499,0.0097905,0.9925807,0
1445,-1.6900000,-1.6700000,-0.0900000,0.1127000,0.0092000,0.9272000,-0.0057696,-2.0958031,-0.5016109,-0.0256296,0.0030244,0.9946123,0
1446,-0.6600000,-3.3200000,0.6300000,0.0458000,0.0410000,1.0747000,-0.1710443,-2.1660507,-0.5698725,-0.0178609,-0.0020601,0.9966876,0
1447,-1.3300000,-2.3400000,0.1400000,-0.0815000,0.0146000,0.9350000,-0.3504648,-2.2509855,-0.5415631,-0.0089774,-0.0030307,0.9985176,0
1448,0.0700000,-3.0100000,-0.7600000,-0.0927000,-0.0532000,0.9399000,-0.5026533,-2.3457471,-0.4768887,-0.0067743,-0.0030684,0.9974927,0
1449,-0.4700000,-2.4700000,-1.1300000,-0.0117000,-0.0512000,1.0937000,-0.5932181,-2.4355834,-0.4475088,-0.0104123,-0.0057179,0.9951993,0
1450,-0.3500000,-0.7000000,-0.3400000,0.0937000,-0.0053000,0.9990000,-0.6281484,-2.4712624,-0.4601962,-0.0123590,-0.0101893,0.9966505,0
1451,-2.3700000,-2.6500000,-0.0300000,0.0888000,0.0356000,1.0297000,-0.6711848,-2.4265637,-0.4683174,-0.0073026,-0.0127647,1.0002885,0
1452,-0.0500000,-1.5500000,0.0800000,-0.0292000,0.0405000,0.9487000,-0.7480962,-2.3545912,-0.4423312,0.0013892,-0.0112541,1.0027412,0
1453,-0.5300000,-2.5900000,-0.6400000,-0.0820000,-0.0639000,0.9746000,-0.7975764,-2.2867744,-0.4003734,0.0058157,-0.0083228,1.0021198,0
1454,0.6200000,-2.1000000,-0.8800000,-0.0361000,-0.0498000,1.0395000,-0.7750794,-2.2369116,-0.3830737,0.0035824,-0.0085276,1.0002938,0
1455,0.0700000,-0.8200000,0.0800000,0.0976000,0.0170000,1.0166000,-0.6827210,-2.1780676,-0.3877983,0.0007255,-0.0109162,1.0005089,0
1456,-1.0200000,-1.1800000,0.0200000,0.0708000,0.0351000,1.0239000,-0.5738632,-2.0641664,-0.3737336,0.0034522,-0.0111835,1.0025461,0
1457,0.3100000,-1.7900000,-0.4600000,-0.0336000,0.0283000,0.8999000,-0.4912850,-1.9251084,-0.3415182,0.0090527,-0.0081369,1.0029311,0
1458,0.8600000,-2.4700000,-1.3100000,-0.0737000,-0.0429000,1.0297000,-0.3896184,-1.8264754,-0.3378057,0.0105096,-0.0045493,0.9999984,0
1459,0.9800000,-0.2700000,-1.3100000,0.0000000,-0.0751000,1.0141000,-0.2326641,-1.7570735,-0.3964536,0.0069646,-0.0045459,0.9975834,0
1460,1.2900000,-0.6300000,-0.2700000,0.0966000,-0.0097000,1.0078000,-0.0307678,-1.6445142,-0.4865692,0.0045914,-0.0082515,0.9975481,0
1461,-1.3900000,-1.1800000,-0.0300000,0.0957000,0.0341000,1.0844000,0.1447713,-1.4946405,-0.5430339,0.0085026,-0.0111782,1.0000140,0
1462,0.8600000,-0.2100000,0.1400000,0.0029000,0.0434000,0.8598000,0.2330711,-1.3427159,-0.5394396,0.0161702,-0.0101108,1.0023255,0
1463,1.4700000,-2.9500000,-0.3400000,-0.0639000,-0.0478000,0.9897000,0.3071289,-1.2287931,-0.4956069,0.0205440,-0.0071459,0.9994779,0
1464,1.2300000,-0.2700000,-0.7600000,-0.0249000,-0.0493000,1.0844000,0.4309726,-1.1851472,-0.4537893,0.0186903,-0.0067087,0.9961592,0
1465,1.1000000,0.5200000,-0.0300000,0.0761000,-0.0678000,0.9545000,0.5767978,-1.1215955,-0.4284726,0.0152448,-0.0101913,0.9966087,0
1466,0.1300000,-1.4900000,0.8100000,0.1171000,0.0375000,1.1069000,0.6954836,-1.0051949,-0.3780159,0.0167188,-0.0145664,0.9991838,0
1467,0.6800000,1.8000000,0.8800000,0.0688000,0.0498000,0.9570000,0.7567024,-0.8630454,-0.2656821,0.0239346,-0.0150575,1.0034174,0
1468,1.1000000,-1.9800000,0.1400000,-0.0292000,-0.0209000,0.8632000,0.7871926,-0.6999354,-0.1178676,0.0311686,-0.0118291,1.0035304,0
1469,2.5100000,-1.9800000,-0.5200000,-0.0585000,-0.0366000,1.1171000,0.8517590,-0.6222414,-0.0007445,0.0323382,-0.0093827,0.9993127,0
1470,0.5500000,2.3500000,-0.5800000,0.0302000,-0.0610000,0.9946000,0.9587000,-0.5945247,0.0447091,0.0281608,-0.0101749,0.9985105,0
1471,1.2900000,-0.3900000,0.2700000,0.0947000,0.0454000,1.0380000,1.0486796,-0.4821942,0.0419516,0.0251594,-0.0121390,1.0010137,0
1472,0.1900000,0.7000000,0.1400000,0.0795000,0.0732000,1.0512000,1.0888209,-0.3258252,0.0388213,0.0272203,-0.0103550,1.0049839,0
1473,0.2500000,-0.3300000,-0.3400000,-0.0073000,0.0498000,0.8193000,1.0656569,-0.1857063,0.0379125,0.0313039,-0.0035268,1.0063205,0
1474,2.5100000,-2.4700000,-0.7000000,-0.0766000,-0.0590000,1.0893000,1.0294595,-0.1297251,0.0093807,0.0311731,0.0034213,1.0022335,0
1475,-0.1100000,2.4700000,-0.5800000,-0.0039000,-0.0400000,1.0620000,1.0271744,-0.1396335,-0.0562653,0.0252834,0.0054296,1.0006359,0
1476,0.8600000,1.6800000,0.2000000,0.1000000,0.0107000,0.9741000,1.0064549,-0.0514251,-0.1271858,0.0197881,0.0037048,1.0033239,0
1477,-1.2100000,0.6400000,0.5100000,0.0996000,0.0708000,1.1035000,0.9203478,0.1392180,-0.1558260,0.0206128,0.0033493,1.0070642,0
1478,-0.6000000,1.7400000,0.5100000,0.0131000,0.0590000,0.8847000,0.7478081,0.3446952,-0.1269322,0.0257578,0.0070958,1.0102171,0
1479,0.2500000,-1.0000000,0.1400000,-0.0688000,-0.0522000,0.9467000,0.5336954,0.5114479,-0.0646650,0.0281331,0.0116720,1.0077954,0
1480,0.6200000,1.1900000,-0.0900000,-0.0590000,-0.0527000,1.0815000,0.3639437,0.5959862,-0.0054767,0.0237112,0.0116992,1.0027964,0
1481,0.2500000,3.2000000,0.5100000,0.0488000,-0.0126000,1.0541000,0.2607813,0.6943091,0.0423630,0.0161989,0.0073585,1.0026552,0
1482,-1.9400000,2.5300000,0.8800000,0.1147000,0.0830000,1.0356000,0.1572001,0.9048361,0.1059928,0.0131583,0.0040860,1.0068762,0
1483,-0.7200000,1.6800000,0.7500000,0.0468000,0.0776000,0.9277000,-0.0092229,1.1667979,0.1989388,0.0166783,0.0062981,1.0100953,0
1484,-0.9600000,-0.2700000,0.1400000,-0.0639000,-0.0107000,0.9609000,-0.2023794,1.3539432,0.2931785,0.0204960,0.0117799,1.0083746,0
1485,0.3700000,1.7400000,-0.1500000,-0.0815000,-0.0595000,1.0507000,-0.3555921,1.4230423,0.3477407,0.0180345,0.0142830,1.0045940,0
1486,0.0700000,3.5100000,0.0800000,0.0009000,-0.0205000,1.0249000,-0.4283018,1.4880014,0.3531923,0.0104682,0.0117245,1.0035515,0
1487,-1.5700000,3.6300000,0.5700000,0.0776000,0.0488000,1.0625000,-0.4618157,1.6589596,0.3399639,0.0047324,0.0081034,1.0058712,0
1488,-1.6900000,1.9200000,0.8800000,0.0170000,0.0507000,0.9096000,-0.5418075,1.8901919,0.3463444,0.0041500,0.0076967,1.0080822,0
1489,-0.8400000,-0.2100000,0.6300000,-0.0922000,-0.0292000,0.9858000,-0.6658678,2.0324527,0.3820603,0.0038327,0.0092476,1.0061900,0
1490,0.9800000,3.5700000,0.5100000,-0.0771000,-0.0581000,1.0380000,-0.7399418,2.0622406,0.4274955,-0.0015891,0.0081780,1.0028564,0
1491,-0.6600000,3.6900000,0.4500000,0.0195000,0.0068000,1.0058000,-0.7187689,2.1289635,0.4644682,-0.0094956,0.0040514,1.0018466,0
1492,-1.9400000,3.3800000,0.4500000,0.0585000,0.0927000,1.0703000,-0.6932385,2.2885241,0.4882235,-0.0133939,0.0020474,1.0034586,0
1493,-2.6100000,2.1600000,0.2700000,0.0273000,0.0844000,0.9897000,-0.7647703,2.4602646,0.4967734,-0.0115285,0.0061527,1.0069480,0
1494,-1.3900000,1.1300000,0.3300000,-0.0878000,0.0166000,0.8593000,-0.9209235,2.5501053,0.4888593,-0.0088979,0.0138765,1.0068002,0
1495,0.3100000,1.3700000,-0.2100000,-0.1093000,-0.0551000,1.0493000,-1.0491152,2.5191487,0.4589719,-0.0116694,0.0189707,1.0012909,0
1496,0.0700000,3.0800000,-0.5800000,-0.0336000,-0.0297000,1.0156000,-1.0611104,2.4365021,0.3894769,-0.0193378,0.0182376,0.9971216,0
1497,-1.8800000,3.5700000,-0.0900000,0.0683000,0.0224000,1.0502000,-1.0122801,2.4106893,0.2842965,-0.0248755,0.0144527,0.9973038,0
1498,-3.1000000,1.5500000,0.0200000,0.0610000,0.0732000,0.9946000,-1.0360088,2.4368564,0.1791386,-0.0231351,0.0126375,0.9998584,0
1499,-1.1400000,0.8200000,-0.0300000,-0.0371000,0.0014000,0.9062000,-1.1531697,2.4083021,0.0956980,-0.0170836,0.0138763,1.0004157,0
1500,0.5500000,-0.3300000,-0.0900000,-0.0937000,-0.0654000,1.0273000,-1.2326756,2.2539599,0.0318846,-0.0139770,0.0137690,0.9974119,0
1501,0.1900000,2.7700000,-0.4000000,-0.0585000,-0.0141000,0.9575000,-1.1816292,2.0327482,-0.0238545,-0.0165453,0.0097121,0.9940525,0
1502,-0.8400000,2.4700000,-0.5200000,0.0454000,0.0000000,1.0830000,-1.0521587,1.8818163,-0.0860040,-0.0201832,0.0044502,0.9928839,0
1503,-2.8500000,1.1900000,-0.4000000,0.0449000,0.0732000,1.0234000,-0.9717608,1.8125850,-0.1559082,-0.0193445,0.0019049,0.9956563,0
1504,-2.4900000,0.3900000,-0.4000000,-0.0029000,0.0424000,0.9389000,-1.0234854,1.7278090,-0.2227600,-0.0145956,0.0039111,0.9991631,0
1505,-0.1100000,-0.6300000,-0.7000000,-0.0908000,-0.0517000,0.9262000,-1.1339009,1.5615487,-0.2858989,-0.0114156,0.0070185,0.9980130,0
1506,0.7400000,0.3300000,-1.1300000,-0.1000000,-0.0830000,0.9604000,-1.1531901,1.3186277,-0.3622701,-0.0141728,0.0055556,0.9924483,0
1507,0.0700000,0.6400000,-1.1300000,0.0209000,-0.0605000,1.1464000,-1.0440014,1.0703559,-0.4642895,-0.0202231,-0.0014161,0.9893535,0
1508,-2.4300000,2.1600000,-0.4000000,0.0864000,0.0317000,0.9511000,-0.9212341,0.9008553,-0.5685377,-0.0219125,-0.0092340,0.9923270,0
1509,-2.4300000,-1.9200000,0.0800000,0.0302000,0.0395000,0.9243000,-0.9134931,0.7808305,-0.6268791,-0.0167391,-0.0126547,0.9943062,0
1510,0.4900000,-3.3200000,0.2700000,-0.1030000,-0.0166000,1.0029000,-0.9717112,0.5407087,-0.6133346,-0.0111967,-0.0119422,0.9920685,0
1511,1.1000000,-0.8200000,-0.0300000,-0.1142000,-0.0957000,0.8852000,-0.9380177,0.1548872,-0.5435273,-0.0125668,-0.0123213,0.9875611,0
1512,1.1600000,-2.0400000,-0.2100000,-0.0268000,-0.0346000,1.1000000,-0.7637332,-0.2455862,-0.4550929,-0.0196298,-0.0164468,0.9831250,0
1513,-0.9000000,0.9400000,-0.4000000,0.0654000,0.0102000,1.0561000,-0.5399921,-0.5622317,-0.3788870,-0.0246393,-0.0208784,0.9844733,0
1514,-2.4300000,-3.0800000,-0.2700000,0.0839000,0.0473000,0.9125000,-0.4147720,-0.7852170,-0.3252817,-0.0220992,-0.0213786,0.9890898,0
1515,0.5500000,-3.9300000,0.0200000,-0.0258000,-0.0029000,0.9736000,-0.4057761,-1.0489125,-0.2832475,-0.0145294,-0.0179355,0.9900089,0
1516,1.1000000,-2.1600000,-0.3400000,-0.0908000,-0.1113000,0.9492000,-0.3720283,-1.3968634,-0.2449821,-0.0096822,-0.0156883,0.9875631,0
1517,2.4500000,-2.8900000,-0.3400000,-0.0488000,-0.0678000,1.0117000,-0.2160643,-1.7315360,-0.2208436,-0.0109410,-0.0188772,0.9846579,0
1518,0.2500000,-0.8200000,-0.4000000,0.0561000,-0.0239000,1.1542000,0.0268417,-1.9830089,-0.2161396,-0.0135265,-0.0248445,0.9865737,0
1519,-2.2400000,-1.0600000,0.0800000,0.0864000,0.0561000,0.9082000,0.1947327,-2.0972555,-0.2170478,-0.0110895,-0.0278707,0.9934660,0
1520,-0.1100000,-4.0500000,0.4500000,0.0019000,-0.0039000,0.9541000,0.1996045,-2.1424306,-0.1959766,-0.0040005,-0.0258776,0.9968990,0
1521,2.0200000,-1.7300000,0.5700000,-0.0786000,-0.1088000,0.9511000,0.1778575,-2.2180028,-0.1355898,0.0011004,-0.0237356,0.9946806,0
1522,1.9000000,-2.2200000,0.5100000,-0.0166000,-0.0297000,1.0151000,0.2667081,-2.2837024,-0.0437932,0.0008312,-0.0254999,0.9911024,0
1523,0.0100000,0.5200000,0.5100000,0.0830000,0.0122000,1.1147000,0.4193530,-2.2558523,0.0607738,0.0000133,-0.0277160,0.9914503,0
1524,-2.9100000,-2.4700000,0.3300000,0.1040000,0.0625000,0.9755000,0.4636814,-2.1300745,0.1603109,0.0045768,-0.0257620,0.9967786,0
1525,0.9800000,-3.0800000,0.9400000,-0.0009000,0.0131000,0.9248000,0.3578598,-2.0289157,0.2536468,0.0129622,-0.0194207,1.0002639,0
1526,1.3500000,-2.5900000,0.8800000,-0.0756000,-0.0761000,1.0239000,0.2692761,-2.0263829,0.3551892,0.0178330,-0.0135405,0.9994454,0
1527,2.9300000,0.0900000,0.0200000,-0.0537000,-0.0415000,0.9575000,0.3235820,-2.0260532,0.4464067,0.0153912,-0.0123086,0.9975612,0
1528,0.9800000,-0.3900000,-0.3400000,0.0717000,-0.0004000,1.1079000,0.4968995,-1.9193154,0.4806962,0.0103535,-0.0137330,0.9974886,0
1529,-1.6900000,-0.0200000,-0.2700000,0.1103000,0.0659000,1.0610000,0.6324061,-1.7109328,0.4453943,0.0103074,-0.0130693,1.0023494,0
1530,-1.0800000,-0.3900000,0.5100000,0.0507000,0.0170000,0.9106000,0.5986199,-1.4563096,0.3795424,0.0163385,-0.0086134,1.0080998,0
1531,1.8400000,-3.2600000,0.8100000,-0.0732000,-0.0336000,0.8994000,0.4884944,-1.2575546,0.3381483,0.0216755,-0.0037321,1.0067510,0
1532,4.0300000,-0.2700000,0.0200000,-0.0849000,-0.0366000,1.0629000,0.5117754,-1.1732577,0.3276148,0.0197301,-0.0020449,1.0007706,0
1533,0.9200000,1.3700000,-0.7600000,0.0258000,-0.0107000,1.0678000,0.7028961,-1.0737445,0.2963482,0.0125353,-0.0031584,0.9987409,0
1534,0.1300000,0.9400000,-0.7600000,0.1098000,0.0703000,0.9721000,0.8895058,-0.8551796,0.2071002,0.0084503,-0.0033717,1.0009666,0
1535,-1.6900000,-0.8200000,-0.8200000,0.1025000,0.0297000,1.0498000,0.9274886,-0.5975006,0.0709653,0.0121385,-0.0000324,1.0035575,0
1536,0.9800000,-1.4300000,-0.0900000,-0.0234000,-0.0043000,0.9057000,0.8317513,-0.4270161,-0.0720534,0.0193811,0.0046303,1.0044795,0
1537,4.5200000,-0.7000000,-0.2100000,-0.0742000,-0.0517000,0.9736000,0.7997320,-0.3713370,-0.1822913,0.0220977,0.0066343,1.0013933,0
1538,2.5100000,1.0000000,-1.4300000,-0.0107000,0.0034000,1.0961000,0.9665956,-0.3425489,-0.2773102,0.0183996,0.0052919,0.9982777,0
1539,1.5300000,2.2900000,-1.4900000,0.0893000,0.0166000,0.9838000,1.2182868,-0.2244682,-0.4075536,0.0144232,0.0034374,0.9994224,0
1540,-2.3700000,-1.0600000,-1.0700000,0.1083000,0.0546000,1.1074000,1.3461069,-0.0399278,-0.5684020,0.0162612,0.0038035,1.0036392,0
1541,-0.2900000,0.8800000,0.0200000,0.0034000,0.0419000,0.9213000,1.2496553,0.1027225,-0.6984017,0.0223456,0.0071008,1.0084593,0
1542,2.6300000,-0.0200000,0.1400000,-0.0659000,-0.0429000,0.9233000,1.0809802,0.1996161,-0.7435463,0.0254407,0.0105630,1.0083266,0
1543,2.2000000,1.1300000,-0.7600000,-0.0512000,0.0288000,1.0556000,1.0299589,0.2852874,-0.7220066,0.0217751,0.0116317,1.0040279,0
1544,0.9800000,3.4500000,-1.4300000,0.0722000,0.0190000,1.0195000,1.0753640,0.4315890,-0.7066251,0.0157449,0.0120595,1.0020318,0
1545,-2.9100000,-0.2100000,-1.3100000,0.1118000,0.0561000,1.1044000,1.0432011,0.6478007,-0.7390055,0.0147297,0.0138333,1.0045850,0
1546,-2.3700000,1.4900000,-0.1500000,0.0288000,0.0463000,0.9765000,0.7939683,0.8252051,-0.7847559,0.0194143,0.0174245,1.0099673,0
1547,-0.0500000,0.5200000,0.5100000,-0.0522000,-0.0097000,0.8842000,0.4156984,0.9387665,-0.7731476,0.0232130,0.0211195,1.0114456,0
1548,1.7100000,0.8800000,-0.0900000,-0.0991000,-0.0034000,1.0507000,0.1244365,1.0046691,-0.6879280,0.0202759,0.0222647,1.0073693,0
1549,-0.3500000,3.8100000,-0.4600000,0.0063000,0.0043000,1.0649000,-0.0117094,1.0885350,-0.5806194,0.0118610,0.0209655,1.0051771,0
1550,-3.4000000,2.1600000,-0.0900000,0.1142000,0.0546000,1.0385000,-0.1460854,1.2689655,-0.4872454,0.0060676,0.0196490,1.0077535,0
1551,-3.7700000,1.3700000,0.6300000,0.0810000,0.0493000,0.9755000,-0.4398424,1.4735364,-0.3884186,0.0082049,0.0204958,1.0111409,0
1552,-1.2700000,0.5200000,1.4200000,-0.0190000,-0.0029000,0.9243000,-0.8381278,1.5952159,-0.2418170,0.0140819,0.0224109,1.0106872,0
1553,1.2900000,1.5500000,0.7500000,-0.0834000,-0.0146000,1.0053000,-1.1270576,1.6246361,-0.0436160,0.0159086,0.0224193,1.0061114,0
1554,-1.2100000,4.3000000,-0.5200000,0.0317000,0.0048000,1.0444000,-1.2198143,1.6720525,0.1352045,0.0127072,0.0200753,1.0022701,0
1555,-4.8100000,2.5900000,-0.0900000,0.1005000,0.0498000,1.0527000,-1.3006074,1.8240034,0.2313981,0.0112500,0.0178590,1.0025724,0
1556,-3.3400000,1.6800000,1.4200000,0.0620000,0.0551000,0.9697000,-1.5325231,1.9990592,0.2889631,0.0153302,0.0182062,1.0049595,0
1557,-1.2100000,1.8000000,1.9100000,-0.0712000,-0.0249000,0.8955000,-1.8132085,2.1063862,0.3962575,0.0197943,0.0196796,1.0038348,0
1558,0.4900000,1.8000000,0.9400000,-0.1181000,-0.0151000,1.0620000,-1.9534045,2.1481976,0.5573535,0.0170806,0.0188468,0.9992446,0
1559,-0.3500000,4.7900000,-0.2100000,-0.0214000,-0.0366000,0.9848000,-1.8980441,2.2070907,0.6877969,0.0073647,0.0149570,0.9964477,0
1560,-4.0100000,2.3500000,-0.1500000,0.0864000,0.0415000,1.0742000,-1.7948140,2.3433033,0.7236348,-0.0009545,0.0103208,0.9970641,0
1561,-4.0100000,2.0400000,0.5700000,0.0654000,0.0439000,1.0268000,-1.8330556,2.4739790,0.6896923,-0.0018593,0.0083318,1.0009087,0
1562,-2.1200000,1.8000000,1.3600000,-0.0234000,-0.0131000,0.8173000,-1.9945059,2.5243309,0.6597139,0.0016020,0.0087206,1.0021988,0
1563,1.9000000,0.7000000,0.8100000,-0.1049000,-0.0307000,1.0385000,-2.0653561,2.4811645,0.6698318,0.0019600,0.0080082,0.9968226,0
1564,-1.2700000,5.0300000,-0.9500000,-0.0493000,-0.0307000,1.0424000,-1.9366447,2.4194453,0.6632803,-0.0036414,0.0047953,0.9923585,0
1565,-1.5100000,2.5900000,-0.8800000,0.0673000,0.0209000,1.0048000,-1.7416972,2.4536120,0.5662307,-0.0096767,0.0009195,0.9926821,0
1566,-3.4600000,1.3100000,-0.0900000,0.0708000,0.0161000,1.0742000,-1.6323969,2.5097782,0.4022670,-0.0096351,-0.0010939,0.9960120,0
1567,-2.1200000,1.4300000,0.5700000,-0.0043000,-0.0239000,0.8886000,-1.6430404,2.4775349,0.2549523,-0.0047253,-0.0017108,0.9993075,0
1568,2.2600000,0.0900000,0.5700000,-0.1098000,-0.0903000,0.8969000,-1.6271291,2.3433818,0.1725257,-0.0021528,-0.0044192,0.9964217,0
1569,0.6800000,1.7400000,-0.4000000,-0.0864000,-0.0585000,1.0820000,-1.4243546,2.1363698,0.1321109,-0.0065618,-0.0110832,0.9901267,0
1570,0.0700000,3.4500000,-0.4600000,0.0327000,-0.0273000,1.0117000,-1.1057739,1.9729656,0.0817203,-0.0138813,-0.0191783,0.9883407,0
1571,-2.7300000,0.4500000,0.3300000,0.0927000,0.0161000,0.9946000,-0.8509803,1.8922287,0.0229548,-0.0160205,-0.0247776,0.9901402,0
1572,-1.3900000,-1.1800000,1.3600000,0.0312000,0.0283000,0.9711000,-0.7553711,1.7521030,0.0147515,-0.0110987,-0.0257115,0.9915240,0
1573,1.4700000,-1.1200000,1.2400000,-0.0971000,-0.0610000,0.9013000,-0.7145072,1.4606280,0.0944629,-0.0058857,-0.0240099,0.9898410,0
1574,2.2600000,-0.2700000,-0.1500000,-0.1108000,-0.0693000,1.0234000,-0.5543826,1.0822452,0.2121050,-0.0075683,-0.0242634,0.9855027,0
1575,1.2300000,2.1000000,-0.8800000,-0.0073000,-0.0468000,1.0498000,-0.2621490,0.7614650,0.2717209,-0.0145867,-0.0274254,0.9838429,0
1576,-2.6100000,0.0300000,-0.4000000,0.0795000,-0.0092000,1.0092000,-0.0112894,0.5740911,0.2417347,-0.0188379,-0.0307065,0.9867313,0
1577,-0.7800000,-2.5900000,1.1800000,0.0541000,0.0239000,0.9926000,0.0547091,0.3991640,0.1930420,-0.0159180,-0.0311735,0.9908708,0
1578,0.3700000,-2.2200000,1.7300000,-0.0815000,-0.0332000,0.8784000,0.0163256,0.1068936,0.2204127,-0.0106337,-0.0288603,0.9917045,0
1579,3.2400000,-2.2200000,0.4500000,-0.1450000,-0.0532000,0.9794000,0.0546635,-0.2749128,0.3224848,-0.0114895,-0.0269803,0.9874589,0
1580,1.9000000,-0.5100000,-1.4900000,-0.0654000,-0.0727000,1.0126000,0.2505898,-0.6416979,0.3849376,-0.0198899,-0.0278708,0.9827270,0
1581,-0.8400000,-1.0600000,-1.4300000,0.0625000,-0.0087000,1.0502000,0.4806335,-0.9117448,0.3145383,-0.0279634,-0.0303662,0.9821804,0
1582,-1.3300000,-2.4000000,-0.0900000,0.0800000,0.0273000,1.0273000,0.5672689,-1.1127155,0.1549495,-0.0280913,-0.0307885,0.9860790,0
1583,0.9200000,-3.6900000,0.8800000,-0.0375000,0.0053000,0.8242000,0.5254469,-1.3440163,0.0254885,-0.0222013,-0.0275577,0.9882718,0
1584,4.7000000,-5.4600000,-0.0300000,-0.1279000,-0.0512000,1.0629000,0.5610477,-1.6904624,-0.0266524,-0.0191084,-0.0235390,0.9853705,0
1585,2.4500000,-0.3300000,-1.5600000,-0.0878000,-0.0693000,1.0175000,0.7952740,-2.0769010,-0.0728136,-0.0232435,-0.0224124,0.9840324,0
1586,1.5900000,-1.0600000,-1.6800000,0.0507000,-0.0307000,1.0180000,1.1063412,-2.3020979,-0.1935725,-0.0291054,-0.0243178,0.9867845,0
1587,-0.3500000,-2.8900000,0.0800000,0.0815000,0.0366000,1.0351000,1.3230085,-2.3688380,-0.3526745,-0.0286169,-0.0254762,0.9913907,0
1588,1.7800000,-3.5600000,0.9400000,-0.0532000,0.0024000,0.8046000,1.4093092,-2.4302119,-0.4380317,-0.0227813,-0.0232707,0.9928835,0
1589,5.0100000,-4.7200000,-0.1500000,-0.1259000,-0.0209000,1.0683000,1.5165289,-2.5701748,-0.4212361,-0.0202371,-0.0195752,0.9886407,0
1590,3.1800000,0.3300000,-1.8000000,-0.0629000,-0.0698000,0.9956000,1.7643153,-2.7079255,-0.3999216,-0.0243684,-0.0178256,0.9855628,0
1591,1.3500000,-1.2400000,-1.5600000,0.0693000,-0.0122000,1.0498000,2.0369603,-2.6851769,-0.4607671,-0.0287235,-0.0187399,0.9869437,0
1592,-0.5300000,-2.0400000,-0.2700000,0.1015000,0.0576000,1.1303000,2.1556315,-2.5390269,-0.5670081,-0.0256505,-0.0185559,0.9934071,0
1593,1.0400000,-1.5500000,0.9400000,0.0112000,0.0415000,0.8041000,2.0852831,-2.3792972,-0.6128929,-0.0159254,-0.0140451,1.0003815,0
1594,5.6800000,-5.2700000,0.1400000,-0.1074000,0.0063000,1.0024000,2.0178497,-2.2947850,-0.5579395,-0.0080774,-0.0070737,0.9996203,0
1595,4.4600000,-0.2700000,-1.6800000,-0.0869000,-0.0493000,1.0551000,2.1511060,-2.3044654,-0.4871122,-0.0082295,-0.0019378,0.9964313,0
1596,2.4500000,-0.3900000,-2.2300000,0.0478000,-0.0273000,1.0073000,2.4061857,-2.2500651,-0.5120100,-0.0123534,-0.0008903,0.9970808,0
1597,0.3700000,-1.6100000,-1.0700000,0.1113000,0.0556000,1.1123000,2.5718954,-2.0878417,-0.6316477,-0.0115958,-0.0011169,1.0013870,0
1598,0.0100000,-0.9400000,0.8100000,0.0571000,0.0625000,0.8974000,2.5358311,-1.9074552,-0.7291319,-0.0036011,0.0017677,1.0066341,0
1599,4.0900000,-4.2400000,0.6900000,-0.0625000,0.0317000,0.9238000,2.3989626,-1.7937760,-0.7081765,0.0050892,0.0077394,1.0060704,0
1600,3.8500000,-1.1200000,-1.0700000,-0.0859000,-0.0180000,1.0371000,2.3602686,-1.7884461,-0.6153531,0.0071650,0.0131146,1.0008450,0
1601,2.4500000,-0.3900000,-1.9200000,0.0156000,-0.0244000,1.0131000,2.4318307,-1.7793285,-0.5740681,0.0035286,0.0149321,0.9976487,0
1602,0.1300000,-0.7600000,-0.9500000,0.1118000,0.0371000,1.1401000,2.4607101,-1.6839630,-0.6191616,0.0020596,0.0143017,0.9998727,0
1603,-1.9400000,-0.4500000,1.1200000,0.1093000,0.0600000,0.9995000,2.2970188,-1.5349184,-0.6525681,0.0079511,0.0149537,1.0071896,0
1604,1.4700000,-2.5900000,2.4000000,-0.0097000,0.0649000,0.8745000,1.9617176,-1.4013774,-0.5474627,0.0175316,0.0186290,1.0115780,0
1605,2.6900000,-2.0400000,0.9400000,-0.0708000,0.0073000,1.0483000,1.6631877,-1.3571926,-0.2983017,0.0226513,0.0234481,1.0093814,0
1606,1.4700000,0.5800000,-0.5800000,-0.0112000,-0.0244000,0.9863000,1.5052091,-1.3421344,-0.0402299,0.0208516,0.0257618,1.0063634,0
1607,-0.4700000,0.2100000,-0.5200000,0.1074000,0.0170000,1.1127000,1.3866008,-1.2381143,0.1136550,0.0183075,0.0246841,1.0065998,0
1608,-3.7700000,-0.0200000,0.9400000,0.1342000,0.0605000,1.0449000,1.1340706,-1.0522571,0.1895623,0.0219893,0.0234178,1.0113746,0
1609,-1.0200000,-0.9400000,2.4600000,0.0385000,0.0722000,0.8559000,0.6996534,-0.8639901,0.2997359,0.0309046,0.0249459,1.0146961,0
1610,0.3700000,-2.3400000,1.7900000,-0.0683000,0.0346000,1.0234000,0.2555801,-0.7589909,0.4999548,0.0370098,0.0287320,1.0112294,0
1611,0.7400000,0.9400000,0.3300000,-0.0390000,-0.0170000,0.9775000,-0.0405202,-0.7246673,0.7161334,0.0351988,0.0313504,1.0056980,0
1612,-1.3900000,0.3300000,-0.1500000,0.0791000,0.0019000,1.0644000,-0.2179312,-0.6470496,0.8434422,0.0298600,0.0305615,1.0025522,0
1613,-3.3400000,0.4500000,1.0600000,0.1210000,0.0493000,1.1411000,-0.4222553,-0.5041188,0.8792262,0.0288613,0.0283254,1.0052983,0
1614,-2.7900000,0.5200000,2.5200000,0.0815000,0.0664000,0.8666000,-0.7374830,-0.3368064,0.9217193,0.0339878,0.0279677,1.0109156,0
1615,-0.4700000,-2.7700000,2.1000000,-0.0366000,0.0576000,0.9853000,-1.0689931,-0.2281502,1.0396110,0.0395139,0.0303055,1.0108217,0
1616,0.5500000,1.1300000,0.3900000,-0.0585000,-0.0141000,1.0190000,-1.2595968,-0.2182595,1.1744982,0.0388757,0.0327343,1.0070042,0
1617,-1.7500000,1.1300000,-0.8200000,0.0454000,-0.0375000,1.0029000,-1.3031463,-0.1819310,1.2080286,0.0331703,0.0314997,1.0045193,0
1618,-3.2200000,1.1900000,-0.0900000,0.1093000,0.0366000,1.1674000,-1.3503050,-0.0520346,1.1055765,0.0296902,0.0271230,1.0064226,0
1619,-5.2300000,2.4100000,1.4200000,0.0786000,0.0527000,0.9228000,-1.5415945,0.1543483,0.9594890,0.0319537,0.0239125,1.0123591,0
1620,-0.9600000,-0.8200000,1.1200000,-0.0810000,0.0151000,1.0258000,-1.8344571,0.3785456,0.8664390,0.0345640,0.0230876,1.0159529,0
1621,-0.0500000,2.5300000,-0.5200000,-0.0590000,-0.0395000,0.9716000,-2.0195170,0.5582002,0.8002191,0.0306015,0.0215754,1.0158917,0
1622,-1.3300000,1.9200000,-1.0700000,0.0517000,-0.0649000,1.0673000,-2.0239699,0.7522933,0.6735819,0.0226436,0.0162856,1.0153048,0
1623,-3.7700000,2.9000000,0.0200000,0.1020000,-0.0034000,1.1298000,-1.9943735,1.0025137,0.4852317,0.0186609,0.0081163,1.0184387,0
1624,-3.4000000,2.1600000,1.2400000,0.0571000,0.0537000,0.8916000,-2.0615998,1.2808812,0.3296701,0.0208896,0.0018634,1.0233555,0
1625,-0.1700000,0.0900000,0.7500000,-0.0615000,0.0283000,0.9282000,-2.1547954,1.5033244,0.2686879,0.0237478,0.0003604,1.0214435,0
1626,1.4100000,2.2200000,-1.0100000,-0.0830000,-0.0356000,1.0166000,-2.0882586,1.6168016,0.2427365,0.0206827,0.0008678,1.0137670,0
1627,-0.7200000,3.1400000,-2.1100000,0.0004000,-0.0800000,0.9946000,-1.8390672,1.7137366,0.1387108,0.0124944,-0.0013448,1.0068540,0
1628,-1.5100000,3.4500000,-1.2500000,0.0771000,-0.0151000,1.1435000,-1.5624377,1.8782318,-0.0692895,0.0061368,-0.0068874,1.0048682,0
1629,-4.0100000,4.0600000,0.2000000,0.0581000,0.0180000,0.9433000,-1.4151510,2.1160217,-0.2856922,0.0058380,-0.0117405,1.0077203,0
1630,-0.0500000,1.3700000,0.6300000,-0.0454000,0.0346000,0.8886000,-1.3994031,2.3584200,-0.4059502,0.0081477,-0.0127953,1.0072966,0
1631,2.2000000,1.8600000,-0.7600000,-0.0996000,-0.0732000,0.9877000,-1.3152435,2.4983445,-0.4364080,0.0063175,-0.0121627,1.0005783,0
1632,0.4900000,3.1400000,-1.8600000,-0.0351000,-0.0888000,1.0053000,-1.0584061,2.5526708,-0.4761133,-0.0009811,-0.0148087,0.9935982,0
1633,0.3100000,3.8700000,-1.1300000,0.0551000,-0.0654000,1.1191000,-0.7385666,2.6236493,-0.5759982,-0.0078869,-0.0216664,0.9919936,0
1634,-3.4600000,3.8700000,0.5100000,0.0522000,0.0151000,0.9863000,-0.5213014,2.7546344,-0.6662886,-0.0091257,-0.0284311,0.9962228,0
1635,-0.6000000,1.8600000,1.1800000,-0.0429000,0.0698000,0.9233000,-0.4848811,2.8878755,-0.6491820,-0.0068454,-0.0297908,0.9995399,0
1636,0.7400000,1.3100000,-0.1500000,-0.1176000,-0.0263000,0.9501000,-0.5012976,2.9200788,-0.5314328,-0.0078696,-0.0256910,0.9973462,0
1637,1.5900000,1.6100000,-1.8000000,-0.0668000,-0.0947000,0.9462000,-0.4219494,2.8284602,-0.4316991,-0.0148210,-0.0225541,0.9915273,0
1638,0.1900000,2.3500000,-1.5600000,0.0258000,-0.0966000,1.1552000,-0.2546200,2.6806540,-0.4396975,-0.0226155,-0.0250025,0.9884298,0
1639,-2.8500000,4.4200000,0.0200000,0.0795000,-0.0249000,0.9824000,-0.1445219,2.5860066,-0.5079134,-0.0245064,-0.0308463,0.9921726,0
1640,-1.8200000,0.9400000,1.0000000,0.0083000,0.0590000,0.9326000,-0.2095115,2.5611727,-0.5213047,-0.0198723,-0.0338715,0.9962582,0
1641,-0.2900000,0.2100000,0.5100000,-0.1127000,0.0200000,0.9814000,-0.3705271,2.4702403,-0.4372040,-0.0156372,-0.0308193,0.9957449,0
1642,1.9000000,0.8200000,-1.0100000,-0.0942000,-0.0830000,0.9057000,-0.4540706,2.2572595,-0.3278597,-0.0179168,-0.0260646,0.9917630,0
1643,0.8600000,0.3900000,-1.1300000,-0.0175000,-0.0952000,1.0942000,-0.3834101,1.9843172,-0.2844135,-0.0243380,-0.0257654,0.9876014,0
1644,-1.7500000,3.2000000,-0.0300000,0.0488000,-0.0385000,1.0781000,-0.2697352,1.7462583,-0.2999764,-0.0281159,-0.0297677,0.9893868,0
1645,-2.1200000,0.6400000,1.1200000,0.0346000,0.0571000,0.8862000,-0.2707578,1.6025153,-0.2872654,-0.0259766,-0.0322549,0.9941279,0
1646,-0.5300000,-1.6100000,1.0000000,-0.0864000,0.0698000,0.9580000,-0.3806062,1.4392292,-0.1915685,-0.0218831,-0.0283367,0.9937943,0
1647,0.9800000,-0.7600000,-0.7600000,-0.1196000,-0.0288000,0.9111000,-0.4646657,1.1518087,-0.0674071,-0.0226773,-0.0201754,0.9883210,0
1648,1.4100000,-1.6100000,-1.5600000,-0.0390000,-0.1083000,1.0112000,-0.4242124,0.7797472,-0.0241343,-0.0286873,-0.0152504,0.9815595,0
1649,0.3100000,-0.5100000,-0.4000000,0.0449000,-0.0390000,1.1220000,-0.2816465,0.3883108,-0.0803993,-0.0333040,-0.0165783,0.9798191,0
1650,-1.5700000,-0.2100000,1.2400000,0.0424000,0.0366000,0.9375000,-0.1583477,0.0490314,-0.1325195,-0.0317178,-0.0191047,0.9841941,0
1651,0.2500000,-3.1400000,1.6100000,-0.0444000,0.0761000,0.9760000,-0.1183643,-0.2542441,-0.0811935,-0.0264393,-0.0169750,0.9877276,0
1652,2.0200000,-2.7700000,0.3900000,-0.1069000,0.0000000,0.8803000,-0.0641330,-0.6142980,0.0556513,-0.0240088,-0.0104538,0.9863564,0
1653,2.9300000,-2.1000000,-0.8800000,-0.0126000,-0.0898000,1.0903000,0.1208022,-1.0123692,0.1692722,-0.0259598,-0.0057067,0.9830967,0
1654,1.1000000,-0.5100000,0.2700000,0.0751000,-0.0395000,1.0605000,0.4100549,-1.3365692,0.2064533,-0.0262704,-0.0066040,0.9848021,0
1655,0.4300000,-2.7700000,1.4200000,0.0380000,0.0932000,0.9716000,0.6742899,-1.5554152,0.2354043,-0.0208326,-0.0081672,0.9907900,0
1656,0.8600000,-2.5300000,1.0000000,-0.0439000,0.0976000,0.9560000,0.8462245,-1.7431358,0.3176039,-0.0135186,-0.0036034,0.9945609,0
1657,2.9300000,-3.9900000,-0.4600000,-0.0922000,-0.0024000,0.8833000,0.9905384,-1.9608840,0.4042553,-0.0105935,0.0053570,0.9927348,0
1658,3.2400000,-3.0800000,-1.4300000,-0.0239000,-0.0502000,1.1215000,1.2035513,-2.2159455,0.4002415,-0.0129316,0.0115290,0.9890164,0
1659,1.3500000,-0.6300000,-0.7000000,0.0727000,-0.0415000,1.0815000,1.4595791,-2.4180137,0.2847793,-0.0147438,0.0116632,0.9916872,0
1660,0.9200000,-1.6100000,0.8100000,0.0717000,0.0595000,0.9433000,1.6443017,-2.4728591,0.1472818,-0.0108416,0.0093321,0.9986429,0
1661,0.2500000,-3.3200000,1.1800000,-0.0078000,0.1123000,1.0595000,1.6997682,-2.4533787,0.0894409,-0.0032846,0.0108993,1.0037674,0
1662,2.4500000,-2.1000000,-0.0900000,-0.0805000,0.0068000,0.8203000,1.6765161,-2.4516594,0.1070163,0.0013359,0.0168710,1.0043935,0
1663,3.3600000,-4.4200000,-1.4300000,-0.0327000,-0.0590000,1.0444000,1.6978324,-2.4934018,0.1010554,0.0001452,0.0206893,0.9993108,0
1664,1.4100000,-1.3100000,-1.0700000,0.0449000,-0.0336000,1.1289000,1.7875930,-2.5658910,0.0083792,-0.0026586,0.0185680,0.9968696,0
1665,0.7400000,-0.2100000,0.5100000,0.0883000,0.0141000,0.9169000,1.8405344,-2.5518596,-0.1131871,-0.0013231,0.0134646,0.9999556,0
1666,-0.1100000,-4.0500000,1.3000000,0.0009000,0.1079000,1.0747000,1.7824638,-2.4539427,-0.1569569,0.0041063,0.0111684,1.0026896,0
1667,1.5900000,-1.3100000,0.3900000,-0.0546000,0.0498000,0.9028000,1.6444045,-2.3872118,-0.1021281,0.0079715,0.0144158,1.0036064,0
1668,2.0800000,-4.4800000,-1.1900000,-0.0229000,-0.0375000,0.9248000,1.5271886,-2.3765704,-0.0408850,0.0071751,0.0187547,0.9999904,0
1669,2.8700000,-2.8300000,-1.3100000,0.0346000,-0.0366000,1.1650000,1.5024463,-2.4419196,-0.0645974,0.0047665,0.0187896,0.9960132,0
1670,0.3700000,0.7600000,-0.3400000,0.1040000,-0.0312000,0.9990000,1.5303638,-2.4760454,-0.1579620,0.0058573,0.0144528,0.9988798,0
1671,-0.4700000,-3.5600000,1.0000000,0.0449000,0.1025000,1.0102000,1.4883911,-2.3968289,-0.2250344,0.0118604,0.0105806,1.0042868,0
1672,0.4300000,-1.7300000,0.8100000,-0.0483000,0.0673000,0.9604000,1.3390926,-2.3159520,-0.2003677,0.0176798,0.0120893,1.0070045,0
1673,0.4300000,-3.7500000,-0.5200000,-0.0561000,-0.0107000,0.9345000,1.1522342,-2.2943310,-0.1262764,0.0178268,0.0166326,1.0054836,0
1674,1.8400000,-2.4000000,-1.0700000,0.0126000,-0.0561000,1.0434000,1.0026902,-2.3297223,-0.0947219,0.0135187,0.0180054,1.0015131,0
1675,-0.2300000,-0.1500000,-0.4000000,0.1079000,-0.0551000,1.0615000,0.9041539,-2.3399913,-0.1283302,0.0112161,0.0138646,1.0005080,0
1676,-1.1400000,-1.3700000,1.0000000,0.0947000,0.0429000,1.0639000,0.7731436,-2.2403370,-0.1570483,0.0153272,0.0076168,1.0044477,0
1677,-2.0600000,-0.6300000,1.2400000,0.0048000,0.0659000,0.9477000,0.5352297,-2.0671430,-0.1058136,0.0227998,0.0049380,1.0093686,0
1678,-0.0500000,-2.6500000,0.0800000,-0.0532000,0.0141000,0.9218000,0.2330037,-1.8960442,0.0070429,0.0267870,0.0066149,1.0093841,0
1679,0.8000000,-1.1200000,-1.1300000,-0.0029000,-0.0590000,1.0732000,-0.0068607,-1.7755816,0.0842804,0.0250936,0.0078640,1.0059189,0
1680,-0.7200000,1.0600000,-0.8800000,0.0947000,-0.0512000,1.0629000,-0.1434779,-1.6326035,0.0655911,0.0227087,0.0049184,1.0058540,0
1681,-1.4500000,0.9400000,0.3900000,0.0937000,0.0361000,1.0170000,-0.2615456,-1.3707898,-0.0018728,0.0249822,0.0001177,1.0096800,0
1682,-3.4000000,0.9400000,0.6900000,0.0283000,0.0747000,1.0405000,-0.4572429,-1.0148314,-0.0331413,0.0306673,-0.0010487,1.0141157,0
1683,-2.0600000,0.0300000,0.0800000,-0.0581000,0.0522000,0.8452000,-0.7530813,-0.6477745,-0.0133788,0.0337015,0.0030612,1.0146859,0
1684,-0.3500000,-0.8800000,-1.1300000,-0.0224000,-0.0556000,1.0400000,-1.0403762,-0.3579140,-0.0052527,0.0307249,0.0079316,1.0092707,0
1685,-1.5700000,1.5500000,-1.2500000,0.0449000,-0.0795000,1.0449000,-1.2280172,-0.1468740,-0.0685050,0.0251828,0.0076364,1.0044524,0
1686,-2.3700000,1.2500000,1.1800000,0.0605000,0.0454000,1.0917000,-1.3673987,0.0699650,-0.1527729,0.0221741,0.0034356,1.0054530,0
1687,-3.5200000,2.4100000,1.6700000,0.0063000,0.0747000,0.9438000,-1.5443628,0.3331530,-0.1387138,0.0219214,0.0021925,1.0091131,0
1688,-0.9600000,-1.1200000,0.7500000,-0.0654000,0.0253000,0.8681000,-1.7420596,0.5745984,-0.0127142,0.0201530,0.0056395,1.0076636,0
1689,0.6200000,-0.3300000,-0.4000000,-0.0332000,-0.0717000,1.0478000,-1.8257089,0.6800769,0.1247481,0.0142327,0.0084737,1.0006517,0
1690,-0.0500000,1.8600000,-0.5800000,0.0708000,-0.0952000,1.0229000,-1.7280728,0.6946995,0.1902358,0.0080673,0.0053269,0.9958331,0
1691,-0.3500000,1.7400000,0.2700000,0.0830000,0.0122000,1.0844000,-1.5232175,0.7512978,0.1910466,0.0073089,-0.0021381,0.9966523,0
1692,-2.6100000,2.2900000,0.7500000,0.0351000,0.0830000,0.9960000,-1.3369480,0.8804789,0.1904784,0.0116961,-0.0065090,1.0012163,0
1693,-0.6000000,0.0900000,0.1400000,-0.0454000,0.0522000,0.8227000,-1.2339965,1.0213319,0.2131714,0.0157352,-0.0041622,1.0020193,0
1694,0.7400000,-1.1800000,-1.0100000,-0.0688000,-0.0532000,1.0415000,-1.1304931,1.0555286,0.2110024,0.0145613,0.0003725,0.9960037,0
1695,0.9200000,2.2200000,-1.0100000,0.0043000,-0.0932000,1.0673000,-0.9371446,0.9916623,0.1346199,0.0090497,0.0002906,0.9919243,0
1696,0.5500000,2.9000000,0.1400000,0.0786000,-0.0278000,1.0200000,-0.6749952,0.9947514,0.0167764,0.0051574,-0.0051555,0.9938951,0
1697,-1.8200000,1.9800000,1.1200000,0.0454000,0.0639000,1.0810000,-0.4486239,1.1176544,-0.0523179,0.0064020,-0.0099393,0.9994313,0
1698,-1.6300000,1.9800000,1.1200000,-0.0410000,0.0659000,0.8715000,-0.3621943,1.2842304,-0.0221369,0.0092646,-0.0088772,1.0041020,0
1699,0.6200000,-1.0000000,0.2700000,-0.0664000,-0.0336000,0.9277000,-0.3672381,1.3871094,0.0719006,0.0082877,-0.0042273,1.0017814,0
1700,1.3500000,0.8200000,-0.3400000,-0.0283000,-0.0644000,1.0761000,-0.3216913,1.3577263,0.1529458,0.0029366,-0.0022250,0.9961935,0
1701,0.6800000,3.8100000,0.0200000,0.0488000,-0.0585000,1.0541000,-0.1863038,1.3191816,0.1848050,-0.0022215,-0.0051984,0.9956067,0
1702,-2.3700000,2.4100000,0.8100000,0.0478000,0.0571000,1.0712000,-0.0776781,1.4063910,0.2006345,-0.0029994,-0.0091842,1.0007146,0
1703,-1.5100000,3.0200000,1.0600000,-0.0195000,0.0903000,0.8950000,-0.1136350,1.5833138,0.2488942,-0.0007490,-0.0080706,1.0057708,0
1704,-0.7200000,-0.2100000,0.0200000,-0.0683000,-0.0112000,0.9511000,-0.2502767,1.7350775,0.3190970,-0.0004404,-0.0021591,1.0047804,0
1705,1.9600000,1.1300000,-0.8200000,-0.0478000,-0.0883000,1.0200000,-0.3376890,1.7679375,0.3441109,-0.0043022,0.0013960,1.0000899,0
1706,0.9200000,3.1400000,-0.7000000,0.0419000,-0.1020000,0.9946000,-0.2838798,1.7512204,0.2859165,-0.0088835,-0.0022563,0.9967872,0
1707,0.4300000,2.7700000,0.1400000,0.0566000,0.0019000,1.1225000,-0.1416115,1.8042660,0.1838514,-0.0092483,-0.0102496,0.9975722,0
1708,-2.0000000,3.9300000,0.9400000,-0.0024000,0.0639000,0.9819000,-0.0434097,1.9465952,0.1140657,-0.0056726,-0.0152416,1.0027191,0
1709,-0.4700000,-0.0200000,0.7500000,-0.0786000,0.0468000,0.8403000,-0.0580774,2.0945861,0.1157762,-0.0034619,-0.0136741,1.0043275,0
1710,2.2600000,-0.6300000,-0.2100000,-0.0825000,-0.0351000,0.9853000,-0.0764757,2.0867067,0.1523584,-0.0066281,-0.0091121,0.9979381,0
1711,1.1000000,1.8000000,-0.5800000,-0.0087000,-0.0932000,0.9868000,0.0212975,1.9244642,0.1585602,-0.0131934,-0.0077960,0.9899430,0
1712,1.5900000,1.5500000,0.1400000,0.0405000,-0.0166000,1.1455000,0.2037979,1.7565877,0.1250975,-0.0175371,-0.0111074,0.9877200,0
1713,-2.5500000,3.2600000,0.4500000,0.0419000,0.0737000,1.0537000,0.3392172,1.6716873,0.0965991,-0.0166206,-0.0133973,0.9939384,0
1714,-1.7500000,0.7600000,0.2700000,-0.0288000,0.0683000,0.7949000,0.2931797,1.6602801,0.0968707,-0.0127796,-0.0097911,0.9993735,0
1715,0.9200000,-2.1600000,-0.5800000,-0.0854000,-0.0488000,0.9868000,0.1370736,1.5722064,0.0974971,-0.0113200,-0.0034483,0.9954849,0
1716,1.5300000,0.5800000,-1.0100000,-0.0317000,-0.1127000,1.0273000,0.0584782,1.3295710,0.0519081,-0.0141198,-0.0019551,0.9892526,0
1717,2.0200000,1.1900000,-0.4600000,0.0375000,-0.0610000,1.0371000,0.1238733,1.0709632,-0.0429554,-0.0170165,-0.0075723,0.9876954,0
1718,-1.4500000,1.6800000,0.0800000,0.0434000,0.0600000,1.1484000,0.2386069,0.9122573,-0.1374998,-0.0157660,-0.0140752,0.9927040,0
1719,-1.0200000,-1.9800000,0.0800000,-0.0385000,0.0708000,0.8217000,0.2548649,0.7888005,-0.1915085,-0.0119743,-0.0145083,0.9996274,0
1720,1.7800000,-3.0100000,-0.6400000,-0.0883000,-0.0444000,1.0297000,0.2104753,0.5400133,-0.2187959,-0.0110288,-0.0104634,1.0005128,0
1721,1.2300000,0.6400000,-0.8800000,-0.0151000,-0.0996000,1.0029000,0.2408121,0.1892584,-0.2604934,-0.0141595,-0.0093905,0.9987098,0
1722,2.2600000,0.3300000,-0.3400000,0.0527000,-0.0239000,1.0468000,0.3714652,-0.0790192,-0.3213383,-0.0163514,-0.0133203,0.9993099,0
1723,-1.5700000,0.7000000,-0.0300000,0.0527000,0.0830000,1.1025000,0.5093672,-0.2045649,-0.3664796,-0.0135718,-0.0160640,1.0037469,0
1724,-2.0600000,-0.6300000,0.0800000,-0.0112000,0.0795000,0.8662000,0.4978465,-0.2465587,-0.3724172,-0.0077485,-0.0120827,1.0086614,0
1725,1.4700000,-3.8100000,0.0200000,-0.0717000,-0.0253000,0.8994000,0.3657122,-0.3414489,-0.3432952,-0.0042227,-0.0042066,1.0057813,0
1726,2.8100000,-1.9200000,-0.2700000,-0.0317000,-0.0859000,1.0605000,0.3256963,-0.5791249,-0.3000521,-0.0053637,0.0000379,0.9979569,0
1727,2.5100000,0.2700000,-0.2100000,0.0234000,-0.0683000,1.0366000,0.4666681,-0.8332509,-0.2628748,-0.0079080,-0.0025730,0.9942476,0
1728,0.2500000,0.3900000,0.3900000,0.0683000,0.0468000,1.0654000,0.6818651,-0.9491797,-0.2239384,-0.0072295,-0.0075695,0.9963294,0
1729,-0.7200000,-0.2700000,0.8800000,0.0268000,0.0878000,0.9858000,0.8110963,-0.9316148,-0.1518559,-0.0024620,-0.0078945,1.0010361,0
1730,-0.3500000,-2.5900000,0.8100000,-0.0488000,0.0297000,0.8564000,0.7978925,-0.9005382,-0.0339797,0.0022615,-0.0024057,1.0018307,0
1731,3.7900000,-3.8100000,0.3300000,-0.0615000,-0.0600000,0.9765000,0.7729243,-0.9942358,0.1011859,0.0024522,0.0030591,0.9956682,0
1732,3.4200000,-1.4300000,-0.0300000,-0.0156000,-0.0712000,1.0888000,0.9087070,-1.2082288,0.2086661,-0.0013861,0.0030747,0.9900194,0
1733,0.9200000,0.7600000,-0.2700000,0.0590000,0.0209000,1.0703000,1.1547548,-1.3671051,0.2608358,-0.0044132,-0.0008074,0.9917050,0
1734,-0.5300000,-0.8200000,0.0800000,0.0439000,0.0961000,0.9628000,1.3147869,-1.3738373,0.2635002,-0.0030620,-0.0018928,0.9973124,0
1735,-0.7200000,-3.2600000,0.1400000,-0.0205000,0.0454000,0.9462000,1.2945306,-1.3509350,0.2446436,0.0005872,0.0027547,0.9999619,0
1736,1.9000000,-3.9900000,0.0200000,-0.0507000,-0.0307000,0.9697000,1.1761392,-1.4552658,0.2205286,0.0019204,0.0086511,0.9981476,0
1737,3.5500000,-1.9800000,0.0800000,-0.0200000,-0.0815000,0.9692000,1.1388781,-1.6707741,0.1925682,-0.0002286,0.0097797,0.9942167,0
1738,2.4500000,-1.7300000,-0.2100000,0.0517000,0.0009000,1.1684000,1.2534452,-1.8691787,0.1585636,-0.0023718,0.0058458,0.9936966,0
1739,-1.0800000,0.7000000,-0.0300000,0.0571000,0.0712000,1.0136000,1.3742438,-1.9414633,0.1165859,-0.0007341,0.0026824,1.0002881,0
1740,-2.1200000,-2.0400000,-0.0300000,0.0268000,0.0722000,0.9077000,1.3045678,-1.8794563,0.0742726,0.0042453,0.0047661,1.0065670,0
1741,-0.6000000,-3.7500000,-0.2100000,-0.0498000,0.0297000,0.9980000,1.0361871,-1.8318992,0.0351434,0.0083209,0.0106460,1.0065920,0
1742,0.6200000,-0.7600000,-0.7600000,-0.0283000,-0.0668000,0.9853000,0.7265951,-1.8610942,-0.0170763,0.0082359,0.0148633,1.0038493,0
1743,0.8600000,-0.7600000,-1.0100000,0.0371000,-0.0141000,1.0341000,0.4997929,-1.8514131,-0.1042241,0.0061280,0.0140042,1.0018352,0
1744,-1.3300000,1.2500000,-0.7000000,0.0732000,0.0454000,1.1450000,0.3344671,-1.7171595,-0.2216339,0.0066757,0.0113321,1.0043826,0
1745,-4.5000000,0.2100000,-0.3400000,0.0375000,0.0673000,0.9404000,0.0750410,-1.4539478,-0.3343595,0.0109292,0.0116000,1.0109764,0
1746,-1.2100000,-1.9200000,0.3900000,-0.0454000,0.0034000,0.9003000,-0.3291326,-1.1733568,-0.3996785,0.0148437,0.0145232,1.0128394,0
1747,-0.6600000,-1.3100000,0.2000000,-0.0478000,-0.0649000,1.0200000,-0.7141416,-0.9983514,-0.3966100,0.0141314,0.0154161,1.0082029,0
1748,0.8000000,0.9400000,0.0200000,0.0068000,-0.0327000,1.0156000,-0.9384425,-0.8782104,-0.3465135,0.0098442,0.0115551,1.0036846,0
1749,-0.6000000,1.8600000,0.0800000,0.0732000,0.0229000,1.1235000,-1.0000815,-0.6818056,-0.2801207,0.0070870,0.0059936,1.0039994,0
1750,-3.4600000,1.1900000,0.2000000,0.0576000,0.0898000,0.9868000,-1.0367956,-0.3835816,-0.2074048,0.0089829,0.0040118,1.0088888,0
1751,-2.5500000,-0.0200000,0.1400000,0.0019000,0.0366000,0.9248000,-1.1792923,-0.0767489,-0.1316552,0.0132991,0.0072204,1.0117504,0
1752,0.9200000,0.5200000,0.0200000,-0.0302000,-0.0747000,0.9692000,-1.3293831,0.1597435,-0.0624550,0.0156255,0.0104716,1.0087375,0
1753,1.3500000,1.6800000,-0.5200000,0.0351000,-0.0263000,1.1074000,-1.3059968,0.3528106,-0.0198845,0.0153924,0.0089219,1.0055129,0
1754,-0.8400000,4.3600000,-0.2700000,0.0786000,0.0019000,1.0908000,-1.1302510,0.6137789,-0.0168920,0.0163882,0.0046929,1.0085208,0
1755,-3.4600000,1.8600000,0.4500000,0.0532000,0.0683000,0.9506000,-1.0028551,0.9780664,-0.0258666,0.0206409,0.0025234,1.0145774,0
1756,-1.3900000,0.3300000,1.2400000,-0.0292000,0.0351000,0.9594000,-1.0243495,1.3020324,0.0080114,0.0248391,0.0044157,1.0163147,0
1757,0.3100000,1.3700000,1.0600000,-0.0551000,-0.0703000,0.9252000,-1.0749398,1.4833361,0.1092281,0.0243252,0.0066444,1.0119932,0
1758,1.9000000,1.9800000,0.6900000,-0.0097000,-0.0336000,1.0004000,-0.9983382,1.5818750,0.2467066,0.0190471,0.0047463,1.0044463,0
1759,-0.4700000,3.6900000,0.2000000,0.0664000,-0.0102000,1.1513000,-0.7959062,1.6991475,0.3680799,0.0139692,0.0001814,1.0008014,0
1760,-3.6500000,3.3200000,0.4500000,0.0605000,0.0644000,0.9853000,-0.6561625,1.8925191,0.4472822,0.0132775,-0.0025520,1.0041894,0
1761,-2.5500000,1.5500000,0.9400000,0.0024000,0.0297000,0.9487000,-0.7210862,2.1030961,0.5031170,0.0155792,-0.0011217,1.0074436,0
1762,-1.0800000,1.0000000,0.8800000,-0.0478000,-0.0253000,0.9169000,-0.9022172,2.2182196,0.5629772,0.0161552,0.0018639,1.0049081,0
1763,2.0200000,1.8000000,0.1400000,-0.0195000,-0.0664000,0.9409000,-0.9999319,2.2213030,0.6131795,0.0129635,0.0018758,0.9973326,0
1764,-0.5300000,2.9600000,-0.5200000,0.0493000,-0.0219000,1.2124000,-0.9334709,2.1966658,0.6089713,0.0091219,-0.0018823,0.9929112,0
1765,-2.7900000,5.9500000,-0.0900000,0.0820000,0.0361000,0.9990000,-0.8526096,2.2789386,0.5374691,0.0091608,-0.0056296,0.9979694,0
1766,-3.5900000,1.6800000,0.3300000,0.0458000,0.0498000,0.9189000,-0.9270646,2.4808082,0.4410035,0.0136534,-0.0055703,1.0039735,0
1767,-1.4500000,0.6400000,0.4500000,-0.0756000,-0.0053000,0.9428000,-1.1296942,2.6108152,0.3641928,0.0174061,-0.0024659,1.0030786,0
1768,1.1000000,2.0400000,-0.0300000,-0.0678000,-0.0869000,0.9506000,-1.2771482,2.5848765,0.3097733,0.0149361,-0.0012348,0.9973389,0
1769,0.2500000,2.4100000,-0.5800000,0.0117000,-0.0317000,1.1118000,-1.2490369,2.5037829,0.2461703,0.0081455,-0.0045796,0.9929839,0
1770,-1.7500000,5.0900000,-0.6400000,0.0600000,0.0048000,1.0444000,-1.1336807,2.4906322,0.1488501,0.0034493,-0.0092790,0.9951447,0
1771,-4.1400000,1.4900000,-0.0900000,0.0527000,0.0512000,1.0039000,-1.1170404,2.5648906,0.0353135,0.0038637,-0.0109632,1.0010276,0
1772,-2.2400000,1.1300000,0.6300000,-0.0527000,0.0034000,0.8955000,-1.2630554,2.5912368,-0.0441561,0.0060824,-0.0089414,1.0036677,0
1773,0.9800000,0.2100000,0.0200000,-0.0922000,-0.0727000,0.9155000,-1.4086736,2.4795011,-0.0676777,0.0041067,-0.0072216,0.9992501,0
1774,2.0800000,1.4300000,-1.1900000,-0.0292000,-0.0629000,1.0703000,-1.3527524,2.2685008,-0.0877698,-0.0028385,-0.0096536,0.9923963,0
1775,0.4300000,3.5100000,-1.4900000,0.0590000,-0.0463000,1.0278000,-1.0963516,2.0830874,-0.1709260,-0.0089044,-0.0153542,0.9902964,0
1776,-2.0000000,0.3900000,-0.8800000,0.0688000,0.0424000,1.0454000,-0.8249565,1.9743676,-0.3119483,-0.0089144,-0.0200483,0.9931694,0
1777,-1.0200000,0.3900000,-0.0900000,-0.0200000,0.0180000,0.9423000,-0.6768078,1.8400224,-0.4444118,-0.0046579,-0.0203136,0.9967838,0
1778,0.6800000,-1.0600000,0.1400000,-0.0913000,-0.0346000,0.8291000,-0.5949023,1.6082537,-0.5121430,-0.0028090,-0.0179723,0.9945223,0
1779,3.1200000,-0.6300000,-1.2500000,-0.0693000,-0.0341000,1.0693000,-0.4250930,1.2830152,-0.5357286,-0.0068583,-0.0167400,0.9868803,0
1780,0.6200000,2.7700000,-2.3500000,0.0229000,-0.0419000,1.0937000,-0.1306078,0.9803914,-0.6024110,-0.0130616,-0.0175109,0.9842662,0
1781,-0.7800000,1.0000000,-1.4900000,0.0834000,0.0356000,0.9799000,0.1406514,0.8262376,-0.7462044,-0.0147878,-0.0182515,0.9886054,0
1782,-1.3900000,-0.6300000,-0.0900000,0.0195000,0.0332000,1.0322000,0.2565306,0.7441415,-0.8873332,-0.0105055,-0.0160051,0.9940248,0
1783,0.7400000,-0.5100000,0.6900000,-0.0742000,-0.0439000,0.8286000,0.2536069,0.6162453,-0.9262455,-0.0059471,-0.0121117,0.9954280,0
1784,4.1600000,-2.2800000,0.5100000,-0.0981000,-0.0820000,0.9716000,0.3167129,0.4057862,-0.8406434,-0.0071047,-0.0113851,0.9898869,0
1785,0.6800000,3.9900000,-0.6400000,0.0429000,-0.0541000,1.0747000,0.5273554,0.2165197,-0.6967214,-0.0118454,-0.0152664,0.9840628,0
1786,-0.4100000,0.2700000,-0.0300000,0.0922000,0.0576000,0.9643000,0.7227130,0.1976372,-0.5645134,-0.0123296,-0.0191923,0.9833209,0
1787,0.5500000,-0.9400000,1.1200000,0.0195000,0.0615000,1.0615000,0.7981821,0.2417493,-0.4259373,-0.0066931,-0.0177061,0.9854864,0
1788,0.9800000,-0.3300000,1.3000000,-0.0839000,-0.0117000,0.8012000,0.8160028,0.2116584,-0.2323516,-0.0015905,-0.0119385,0.9858019,0
1789,5.0100000,-2.3400000,0.4500000,-0.1005000,-0.0341000,1.0136000,0.9129067,0.0962278,-0.0057820,-0.0031869,-0.0072001,0.9806679,0
1790,1.5300000,1.3700000,-0.7600000,-0.0219000,-0.0512000,1.1782000,1.1533638,-0.0586375,0.1689134,-0.0101163,-0.0062156,0.9790608,0
1791,0.2500000,2.1600000,0.0200000,0.0712000,0.0375000,0.9614000,1.3820213,-0.1018367,0.2462976,-0.0152159,-0.0070731,0.9863679,0
1792,-0.4700000,-1.1200000,1.6100000,0.0561000,0.0468000,1.0146000,1.4489786,-0.0295806,0.2940164,-0.0137175,-0.0056370,0.9944710,0
1793,0.9800000,-1.6700000,2.6500000,-0.0590000,0.0107000,0.8720000,1.3813445,-0.0160087,0.4192925,-0.0091561,-0.0014153,0.9973527,0
1794,4.2800000,-2.6500000,2.1000000,-0.1191000,-0.0678000,0.9296000,1.3428801,-0.1488110,0.6469065,-0.0091302,0.0014141,0.9931515,0
1795,2.0800000,-0.5700000,0.4500000,-0.0283000,-0.0078000,1.1567000,1.4437014,-0.3734581,0.8875274,-0.0149173,0.0004500,0.9887560,0
1796,1.0400000,2.5300000,-0.2700000,0.0737000,0.0126000,0.9755000,1.5827761,-0.5128397,1.0253795,-0.0194790,-0.0016264,0.9912283,0
1797,-1.8200000,-2.3400000,0.3300000,0.0620000,0.0830000,1.0761000,1.5918171,-0.5178549,1.0362388,-0.0172027,-0.0008110,0.9972100,0
1798,-0.5300000,-1.2400000,1.1800000,-0.0234000,0.0703000,0.9399000,1.4068784,-0.5475529,0.9914897,-0.0108604,0.0047758,1.0026281,0
1799,0.6800000,-2.2800000,1.0000000,-0.1113000,-0.0029000,0.8193000,1.1310649,-0.6652049,0.9572476,-0.0078502,0.0124077,1.0013772,0
1800,2.6900000,-2.3400000,-0.4000000,-0.0776000,0.0151000,1.1459000,0.9340026,-0.8507015,0.9142192,-0.0117880,0.0179043,0.9949293,0
1801,-0.8400000,1.6100000,-1.3700000,0.0400000,-0.0180000,1.0449000,0.8374199,-1.0087763,0.7896829,-0.0179154,0.0201780,0.9943343,0
1802,-2.4300000,-1.0600000,-0.4600000,0.0927000,0.0439000,1.0229000,0.6796852,-1.0327344,0.5740732,-0.0184961,0.0204772,0.9996014,0
1803,-2.3000000,-1.2400000,0.7500000,0.0190000,0.0180000,0.9985000,0.3632534,-1.0002827,0.3587460,-0.0124743,0.0207874,1.0048029,0
1804,-0.7200000,-2.7700000,1.1800000,-0.0756000,-0.0117000,0.8276000,-0.0245181,-1.0258396,0.2364113,-0.0065035,0.0206861,1.0046904,0
1805,2.7500000,-2.6500000,0.5700000,-0.0844000,-0.0317000,1.0546000,-0.2911289,-1.1492075,0.2128668,-0.0065018,0.0182143,0.9983831,0
1806,-0.7200000,1.1900000,-0.9500000,0.0073000,0.0000000,1.0581000,-0.3571943,-1.2741834,0.2081804,-0.0107401,0.0136575,0.9943654,0
1807,-1.5100000,-0.5700000,-0.8800000,0.0766000,0.0395000,1.0791000,-0.3748874,-1.2688474,0.1440667,-0.0124590,0.0097945,0.9972602,0
1808,-2.5500000,-1.8500000,-0.1500000,0.0576000,0.0629000,1.0346000,-0.4824433,-1.1996443,0.0339354,-0.0081803,0.0093799,1.0043757,0
1809,-1.2700000,-1.6700000,0.2700000,-0.0283000,0.0327000,0.8334000,-0.6709250,-1.1781844,-0.0576994,-0.0014954,0.0123370,1.0082203,0
1810,2.5100000,-3.0800000,-0.5800000,-0.1005000,-0.0166000,0.9819000,-0.7897254,-1.2358629,-0.1156502,0.0009138,0.0154858,1.0036652,0
1811,1.2300000,-0.3900000,-2.4700000,-0.0078000,-0.0219000,1.0722000,-0.7024617,-1.3386592,-0.2110066,-0.0023763,0.0158114,0.9978265,0
1812,-1.2100000,-0.1500000,-2.4100000,0.0874000,-0.0122000,1.0966000,-0.5145504,-1.3775830,-0.4144738,-0.0048718,0.0132920,0.9987330,0
1813,-2.7300000,-0.5700000,-0.8800000,0.0727000,0.0585000,1.0478000,-0.4314243,-1.3171858,-0.6757527,-0.0012670,0.0108534,1.0057064,0
1814,-0.4700000,-1.4900000,0.4500000,0.0205000,0.0126000,0.8310000,-0.4868487,-1.2284677,-0.8637490,0.0062339,0.0107753,1.0101862,0
1815,2.7500000,-3.9900000,0.5100000,-0.0810000,-0.0170000,0.9331000,-0.5017617,-1.2243097,-0.9042885,0.0112005,0.0111991,1.0050693,0
1816,1.6500000,0.1500000,-1.1900000,-0.0336000,-0.0332000,1.1318000,-0.3368610,-1.3104669,-0.8520207,0.0099695,0.0094747,0.9979461,0
1817,-0.9600000,1.9200000,-2.1100000,0.0664000,-0.0351000,1.0058000,-0.1018162,-1.2959972,-0.8299846,0.0067362,0.0052278,0.9976095,0
1818,-2.3700000,0.1500000,-1.0700000,0.0830000,0.0473000,1.0419000,0.0040894,-1.0994600,-0.8793165,0.0077807,0.0009574,1.0013072,0
1819,-1.2100000,-0.7600000,0.0200000,-0.0112000,0.0151000,0.8183000,-0.0670925,-0.8557653,-0.9252696,0.0122679,-0.0003602,1.0017240,0
1820,2.8100000,-2.7700000,-0.3400000,-0.1049000,-0.0385000,0.9443000,-0.1471204,-0.7138700,-0.9079259,0.0132706,-0.0003930,0.9942773,0
1821,1.4700000,0.0300000,-1.9200000,-0.0410000,-0.0395000,1.1372000,-0.0685376,-0.6914402,-0.8756807,0.0075857,-0.0024189,0.9868302,0
1822,-1.6300000,1.6100000,-2.1100000,0.0688000,-0.0322000,1.0043000,0.0701110,-0.6436008,-0.9109781,0.0009585,-0.0065304,0.9875905,0
1823,-1.5100000,-0.5700000,-0.5800000,0.0991000,0.0483000,1.0795000,0.0871261,-0.5073928,-0.9953944,0.0005614,-0.0097594,0.9935998,0
1824,-2.0600000,-0.7600000,0.6900000,0.0283000,0.0024000,0.9106000,-0.0437198,-0.3850992,-1.0213865,0.0061923,-0.0097047,0.9994522,0
1825,2.0200000,-3.0100000,0.8800000,-0.0810000,-0.0415000,0.8144000,-0.1966268,-0.3781548,-0.9222650,0.0108064,-0.0086570,0.9975280,0
1826,2.3200000,-1.9800000,-0.2100000,-0.0678000,-0.0615000,1.1132000,-0.1925397,-0.5192528,-0.7396178,0.0088508,-0.0101435,0.9895155,0
1827,-0.4100000,1.6100000,-0.7600000,0.0366000,-0.0434000,1.1015000,-0.0489301,-0.6756797,-0.5690857,0.0032705,-0.0144573,0.9880767,0
1828,-1.5100000,0.0300000,0.2000000,0.1030000,0.0083000,1.0156000,0.0469041,-0.6962188,-0.4447256,0.0016059,-0.0188743,0.9947755,0
1829,-1.2700000,-1.6700000,1.6100000,0.0463000,0.0219000,0.9760000,0.0102077,-0.6534619,-0.3041365,0.0062114,-0.0202893,1.0016746,0
1830,0.7400000,-1.9800000,2.0400000,-0.0693000,-0.0053000,0.8627000,-0.0806236,-0.6797858,-0.0798819,0.0112027,-0.0186270,1.0025566,0
1831,2.5100000,-2.2800000,0.6300000,-0.0947000,-0.0410000,1.0288000,-0.0777748,-0.8009186,0.1972881,0.0097483,-0.0166609,0.9974985,0
1832,0.9200000,0.0900000,-1.0100000,0.0092000,-0.0258000,1.0937000,0.0644571,-0.9438045,0.4051937,0.0030216,-0.0163330,0.9947366,0
1833,-1.7500000,0.8800000,-0.8200000,0.0952000,-0.0180000,1.0102000,0.2027164,-0.9841272,0.4615994,-0.0011557,-0.0170319,0.9979349,0
1834,-0.9600000,-1.0600000,1.0000000,0.0776000,0.0200000,1.0478000,0.2040092,-0.9150640,0.4275558,0.0018251,-0.0169513,1.0034036,0
1835,-0.3500000,-0.9400000,2.1600000,-0.0180000,-0.0141000,0.8642000,0.1077144,-0.8410417,0.4384533,0.0082576,-0.0153792,1.0060350,0
1836,2.1400000,-2.0400000,1.5500000,-0.0859000,-0.0278000,0.9282000,0.0469426,-0.8260188,0.5481927,0.0108301,-0.0138585,1.0013012,0
1837,2.2600000,0.3900000,0.4500000,-0.0307000,-0.0766000,1.0874000,0.1285115,-0.8430128,0.6892121,0.0071815,-0.0147081,0.9943047,0
1838,-1.8800000,1.7400000,0.2000000,0.0644000,-0.0224000,1.0834000,0.2665005,-0.7765499,0.7775092,0.0025997,-0.0181564,0.9940185,0
1839,-1.4500000,0.9400000,1.1200000,0.0834000,0.0297000,1.0502000,0.2743451,-0.5749398,0.8112429,0.0030974,-0.0207510,1.0004289,0
1840,-0.7800000,0.0900000,2.1000000,0.0126000,-0.0034000,0.8955000,0.1456737,-0.3249407,0.8588866,0.0080641,-0.0200733,1.0060983,0
1841,2.2000000,-1.0000000,1.6700000,-0.0703000,0.0190000,0.9116000,0.0351801,-0.1360897,0.9608284,0.0113709,-0.0171846,1.0042800,0
1842,2.1400000,0.5200000,-0.0900000,-0.0625000,-0.0546000,1.0488000,0.0771689,-0.0319532,1.0564682,0.0087524,-0.0143531,0.9981005,0
1843,0.3700000,1.3100000,-0.8800000,0.0273000,-0.0390000,1.0434000,0.2354703,0.0645144,1.0451881,0.0029958,-0.0139788,0.9953464,0
1844,-0.4700000,0.7600000,0.1400000,0.0742000,0.0258000,1.1235000,0.3664819,0.1995265,0.9196475,0.0003948,-0.0147607,0.9991574,0
1845,-0.7800000,1.1300000,1.5500000,0.0268000,0.0307000,0.8959000,0.3939531,0.3496182,0.7843325,0.0027617,-0.0132068,1.0054109,0
1846,3.3000000,-1.9200000,1.6100000,-0.0615000,0.0200000,0.8134000,0.4054301,0.4398854,0.7319442,0.0053894,-0.0089963,1.0035382,0
1847,3.3600000,-1.5500000,0.1400000,-0.0937000,-0.0175000,1.1152000,0.5645865,0.3768857,0.7381547,0.0028279,-0.0045048,0.9947808,0
1848,0.9800000,2.1600000,-1.1300000,0.0087000,-0.0380000,1.0644000,0.8422236,0.2487659,0.6981026,-0.0038661,-0.0023267,0.9917565,0
1849,0.4300000,0.7600000,-0.6400000,0.0859000,0.0151000,1.0366000,1.0681073,0.2175060,0.5609040,-0.0076559,-0.0023173,0.9961145,0
1850,0.3700000,0.5200000,0.4500000,0.0668000,0.0478000,1.0317000,1.1715575,0.2643346,0.3884887,-0.0045049,-0.0013219,1.0026218,0
1851,3.9700000,-1.7300000,0.2000000,-0.0644000,0.0297000,0.8691000,1.2470188,0.2745391,0.2559396,0.0009928,0.0022425,1.0059641,0
1852,3.4800000,-0.5700000,-1.5600000,-0.0791000,-0.0253000,1.0986000,1.4320215,0.1885365,0.1361094,0.0016053,0.0059931,1.0049876,0
1853,0.6800000,2.0400000,-2.5300000,0.0312000,-0.0043000,1.0458000,1.6688020,0.1015636,-0.0611325,-0.0019748,0.0074111,1.0062120,0
1854,0.0700000,1.0600000,-1.8000000,0.0864000,0.0224000,1.0673000,1.7852102,0.1294055,-0.3518248,-0.0027125,0.0074942,1.0116697,0
1855,-0.6000000,1.0600000,-0.4000000,0.0307000,0.0449000,0.9584000,1.7208750,0.2417014,-0.6411418,0.0017459,0.0086606,1.0170201,0
1856,2.3900000,-0.1500000,0.0200000,-0.0307000,0.0385000,0.8823000,1.5666747,0.3551585,-0.8270057,0.0068168,0.0117394,1.0164012,0
1857,2.1400000,-0.0800000,-1.1900000,-0.0649000,-0.0205000,1.0068000,1.4688486,0.4130500,-0.9109028,0.0076014,0.0148075,1.0092602,0
1858,0.4300000,1.8000000,-1.9200000,-0.0048000,-0.0273000,1.0844000,1.4307019,0.4469213,-0.9774911,0.0041742,0.0149871,1.0035408,0
1859,-1.8800000,2.2200000,-1.3100000,0.0664000,-0.0053000,1.1069000,1.3137966,0.5480204,-1.0690010,0.0014782,0.0122837,1.0052617,0
1860,-1.1400000,2.0400000,0.5700000,0.0600000,0.0473000,0.9960000,1.0435047,0.7351265,-1.1215454,0.0034060,0.0097518,1.0118513,0
1861,0.3100000,0.5200000,1.3000000,-0.0136000,0.0649000,0.8676000,0.7090033,0.9330405,-1.0424530,0.0078392,0.0104415,1.0144527,0
1862,0.9800000,-0.2700000,-0.2100000,-0.0708000,0.0224000,0.9819000,0.4467520,1.0414529,-0.8485364,0.0092895,0.0140516,1.0091982,0
1863,0.2500000,0.9400000,-1.4900000,-0.0415000,-0.0463000,1.0478000,0.2932776,1.0457965,-0.6682526,0.0055230,0.0165114,1.0026632,0
1864,-2.1800000,2.4100000,-1.2500000,0.0561000,0.0000000,1.1069000,0.1572282,1.0453050,-0.5881145,0.0007015,0.0153528,1.0019614,0
1865,-2.6700000,2.2900000,0.3300000,0.0693000,0.0312000,1.0224000,-0.0788232,1.1226879,-0.5629776,0.0003646,0.0130731,1.0070574,0
1866,-1.0200000,-0.1500000,1.8500000,-0.0253000,0.0390000,0.8642000,-0.3953949,1.2194984,-0.4763250,0.0035213,0.0125972,1.0100782,0
1867,0.5500000,-1.4900000,1.0600000,-0.0732000,0.0302000,0.9736000,-0.6502120,1.1936631,-0.2802611,0.0041685,0.0140797,1.0056709,0
1868,-0.1100000,0.5200000,-0.0300000,-0.0590000,-0.0434000,0.9384000,-0.7620081,1.0287849,-0.0528724,-0.0003846,0.0150241,0.9973639,0
1869,-1.8200000,-0.1500000,-0.2700000,0.0170000,-0.0146000,1.1274000,-0.8024182,0.8283441,0.1118720,-0.0067723,0.0129929,0.9918022,0
1870,-3.2800000,0.9400000,0.7500000,0.0600000,0.0014000,1.1083000,-0.9050603,0.6565441,0.2121590,-0.0096221,0.0092165,0.9949488,0
1871,-2.6700000,-0.1500000,2.4000000,0.0239000,0.0556000,0.8603000,-1.1201045,0.5253492,0.3323374,-0.0074455,0.0069337,1.0014757,0
1872,-0.5300000,-2.0400000,1.7300000,-0.0405000,0.0673000,0.9262000,-1.3518044,0.3708873,0.5289231,-0.0040997,0.0085257,1.0006248,0
1873,-0.2900000,-1.3100000,0.0200000,-0.0708000,-0.0253000,0.9453000,-1.4725455,0.1307664,0.7306036,-0.0041933,0.0121735,0.9931604,0
1874,-1.6900000,-1.6100000,-0.8800000,0.0161000,-0.0351000,1.0937000,-1.4879218,-0.1596632,0.8191340,-0.0072502,0.0131656,0.9871251,0
1875,-4.5600000,0.7000000,-0.1500000,0.0522000,-0.0268000,1.1347000,-1.5435396,-0.4100236,0.7721517,-0.0083552,0.0102880,0.9896589,0
1876,-3.0400000,0.7000000,2.0400000,0.0297000,0.0224000,0.9233000,-1.7333669,-0.5278132,0.6972616,-0.0053762,0.0062845,0.9978666,0
1877,-0.1700000,-2.5900000,2.4000000,-0.0161000,0.0527000,0.9243000,-1.9329668,-0.5707975,0.7203450,-0.0011158,0.0046319,1.0014061,0
1878,-0.4100000,-1.3700000,0.7500000,-0.0585000,-0.0219000,0.9477000,-1.9818145,-0.6699991,0.8297145,0.0004812,0.0053267,0.9979319,0
1879,-0.9600000,-1.0600000,-0.5800000,-0.0161000,-0.0649000,1.0273000,-1.8930996,-0.8081316,0.8998817,-0.0015296,0.0042197,0.9927971,0
1880,-2.7900000,-0.2700000,-0.4600000,0.0400000,-0.0361000,1.1665000,-1.7869498,-0.9073165,0.8551205,-0.0037146,-0.0006009,0.9934726,0
1881,-2.4900000,1.1300000,1.4200000,0.0419000,0.0175000,0.9848000,-1.7566714,-0.9074803,0.7561113,-0.0026928,-0.0060463,1.0013610,0
1882,0.4300000,-1.7300000,1.9100000,-0.0224000,0.0849000,0.8842000,-1.7435447,-0.8294626,0.7180283,0.0002154,-0.0073700,1.0067186,0
1883,1.0400000,-2.2800000,0.3300000,-0.0732000,0.0268000,0.8833000,-1.6069101,-0.8053765,0.7477863,0.0005349,-0.0033270,1.0023146,0
1884,0.7400000,-1.9800000,-1.3700000,-0.0205000,-0.0693000,1.1313000,-1.3249197,-0.8913197,0.7308994,-0.0031050,0.0009230,0.9949281,0
1885,-1.8800000,0.8800000,-0.8800000,0.0434000,-0.0634000,1.1210000,-1.0247760,-0.9824835,0.5952790,-0.0066119,0.0000559,0.9959584,0
1886,0.0700000,0.4500000,1.0000000,0.0434000,0.0209000,0.8715000,-0.8092005,-0.9574061,0.4177003,-0.0061267,-0.0040232,1.0018603,0
1887,2.2600000,-3.3200000,0.9400000,-0.0341000,0.0561000,0.9521000,-0.5954916,-0.8953393,0.3116263,-0.0033934,-0.0056233,1.0018027,0
1888,3.1800000,-2.4700000,-0.8200000,-0.0625000,-0.0102000,0.9248000,-0.2545434,-0.9575289,0.2599334,-0.0031210,-0.0037296,0.9956060,0
1889,2.3900000,-3.0100000,-1.8000000,-0.0239000,-0.0732000,1.0000000,0.2056905,-1.1468323,0.1556902,-0.0063709,-0.0029685,0.9880022,0
1890,0.4900000,-0.6300000,-1.8600000,0.0258000,-0.0585000,1.1909000,0.6540428,-1.3592736,-0.0497970,-0.0096404,-0.0065619,0.9864130,0
1891,-1.4500000,0.7600000,-0.5800000,0.0507000,-0.0039000,0.9643000,0.9276128,-1.4568206,-0.3000947,-0.0093884,-0.0122375,0.9934361,0
1892,1.8400000,-1.4300000,0.3900000,-0.0092000,0.0493000,0.8745000,1.0171015,-1.4131961,-0.4893351,-0.0061027,-0.0152359,0.9983472,0
1893,2.1400000,-2.0400000,-0.6400000,-0.0356000,0.0302000,1.0332000,1.0805522,-1.3548357,-0.5802314,-0.0035714,-0.0134266,0.9965386,0
1894,1.5900000,-1.6700000,-1.8000000,-0.0161000,-0.0688000,0.9169000,1.1892847,-1.3527661,-0.6459402,-0.0035991,-0.0103662,0.9928008,0
1895,0.6200000,-1.9200000,-2.1100000,0.0283000,-0.0747000,1.1762000,1.2827763,-1.3893749,-0.7637214,-0.0041211,-0.0112278,0.9918496,0
1896,-2.3700000,2.2900000,-1.1300000,0.0551000,-0.0571000,1.0717000,1.2489258,-1.3659092,-0.9215042,-0.0022048,-0.0164074,0.9987427,0
1897,0.8600000,0.7000000,0.2700000,0.0224000,0.0151000,0.8735000,1.0614134,-1.1736511,-1.0310127,0.0024328,-0.0219018,1.0071427,0
1898,0.6200000,-1.9800000,-0.4000000,-0.0224000,0.0449000,1.0136000,0.8552825,-0.9217201,-1.0383038,0.0067681,-0.0233046,1.0085883,0
1899,1.1600000,0.0300000,-1.5600000,-0.0146000,-0.0185000,0.9101000,0.7198441,-0.7509680,-1.0015437,0.0082618,-0.0205970,1.0050257,0
1900,-0.1700000,-1.1800000,-1.7400000,0.0136000,-0.0581000,1.1044000,0.6307839,-0.6433865,-1.0031486,0.0077929,-0.0182140,1.0010960,0
1901,-3.0400000,1.5500000,-1.0700000,0.0263000,-0.0341000,1.1206000,0.4784068,-0.5383685,-1.0463009,0.0076474,-0.0186126,1.0032976,0
1902,-0.4700000,1.9200000,0.4500000,0.0268000,0.0053000,0.8784000,0.2072873,-0.3506459,-1.0588096,0.0088075,-0.0198031,1.0089434,0
1903,0.6800000,-0.4500000,0.6900000,-0.0141000,0.0468000,0.9780000,-0.0495229,-0.1028693,-0.9713309,0.0101654,-0.0185078,1.0089418,0
1904,0.8600000,0.1500000,-0.2100000,-0.0058000,0.0009000,0.9384000,-0.1751043,0.0878040,-0.8046609,0.0100752,-0.0141860,1.0036595,0
1905,0.6800000,-1.0600000,-0.8200000,0.0302000,-0.0458000,1.0146000,-0.1797226,0.1787381,-0.6441715,0.0092983,-0.0102183,0.9973549,0
1906,-0.9600000,1.0600000,0.0800000,0.0366000,-0.0527000,1.1655000,-0.1429417,0.2044244,-0.5250404,0.0098846,-0.0097327,0.9961970,0
1907,-1.7500000,2.5300000,1.4200000,0.0336000,0.0141000,0.9672000,-0.1679186,0.2765754,-0.3911938,0.0122181,-0.0113929,1.0020420,0
1908,1.7100000,0.5800000,1.5500000,0.0000000,0.0581000,0.9360000,-0.2256773,0.4351899,-0.1841525,0.0148177,-0.0108676,1.0063476,0
1909,1.7800000,0.1500000,0.2000000,-0.0043000,0.0131000,0.9155000,-0.1753038,0.5790774,0.0582209,0.0158831,-0.0067777,1.0036727,0
1910,2.0800000,-0.4500000,-0.4600000,0.0288000,-0.0317000,1.0161000,0.0186987,0.6334764,0.2389145,0.0156962,-0.0025538,0.9973060,0
1911,-0.2300000,1.0600000,-0.2100000,0.0532000,-0.0761000,1.1113000,0.2562965,0.6237018,0.3169323,0.0164542,-0.0021781,0.9946241,0
1912,-0.7200000,2.1600000,1.2400000,0.0444000,-0.0039000,0.9990000,0.4061660,0.6442480,0.3487389,0.0192255,-0.0055339,0.9981097,0
1913,2.1400000,1.4300000,2.2800000,0.0087000,0.0668000,1.0268000,0.4790955,0.7424384,0.4325020,0.0224850,-0.0075850,1.0032304,0
1914,1.9000000,1.4300000,1.1200000,0.0009000,0.0380000,0.8530000,0.5970368,0.8753081,0.5904562,0.0240284,-0.0049232,1.0043592,0
1915,3.2400000,-0.6300000,-0.0300000,0.0209000,-0.0175000,0.9736000,0.8090819,0.9637128,0.7345012,0.0237186,-0.0003041,0.9988365,0
1916,1.1000000,0.8800000,-0.1500000,0.0361000,-0.0732000,1.1826000,1.0704713,0.9640805,0.7861556,0.0231971,0.0012730,0.9950426,0
1917,-0.2300000,2.9000000,1.2400000,0.0439000,0.0424000,0.9423000,1.2567535,0.9678043,0.7744054,0.0237506,-0.0002580,0.9986530,0
1918,2.2000000,1.9200000,1.1800000,-0.0053000,0.0678000,0.9448000,1.3323032,1.0651625,0.7751514,0.0245794,0.0003755,1.0013178,0
1919,2.0800000,-0.0800000,0.2700000,-0.0156000,0.0424000,0.9384000,1.3992497,1.1757904,0.7910819,0.0234919,0.0051780,0.9983079,0
1920,2.1400000,-0.0200000,-0.4000000,0.0000000,-0.0131000,0.9697000,1.5004880,1.1872315,0.7642586,0.0201743,0.0106437,0.9923220,0
1921,0.3700000,1.1300000,-0.0900000,0.0117000,-0.0429000,1.1181000,1.5800390,1.1194790,0.6732083,0.0163475,0.0127579,0.9890174,0
1922,-0.8400000,1.7400000,1.0000000,0.0131000,0.0263000,1.0317000,1.5450992,1.0660261,0.5691668,0.0133129,0.0116309,0.9925521,0
1923,1.4100000,1.6800000,1.3600000,-0.0200000,0.0595000,0.9511000,1.4005757,1.0724308,0.5223892,0.0106568,0.0113635,0.9980804,0
1924,1.2900000,-0.1500000,0.3900000,-0.0292000,0.0458000,0.9062000,1.2610449,1.0897990,0.5329656,0.0069704,0.0141171,0.9985689,0
1925,1.7100000,-1.2400000,-0.6400000,-0.0034000,-0.0097000,0.9780000,1.1847276,1.0162025,0.5270588,0.0024034,0.0175888,0.9938057,0
1926,1.4700000,-1.1800000,-0.1500000,0.0112000,-0.0561000,1.0908000,1.1647234,0.8108486,0.4600434,-0.0012168,0.0178060,0.9903044,0
1927,-1.4500000,0.7000000,0.8800000,0.0209000,0.0087000,1.0507000,1.1225942,0.5557645,0.3789010,-0.0026395,0.0142414,0.9930613,0
1928,-0.9000000,0.7600000,1.1200000,-0.0258000,0.0903000,0.9838000,0.9585984,0.3672011,0.3512494,-0.0027937,0.0118475,0.9989216,0
1929,0.9800000,-0.3300000,0.5100000,-0.0639000,0.0556000,0.8955000,0.7308227,0.2547248,0.3782006,-0.0045680,0.0142788,1.0010355,0
1930,0.1900000,-2.4700000,-0.6400000,-0.0249000,0.0537000,1.0175000,0.5511331,0.1145274,0.3952286,-0.0089239,0.0198163,0.9981368,0
1931,-0.8400000,-0.2700000,-1.0100000,-0.0014000,-0.0224000,1.0468000,0.4020578,-0.0958507,0.3386511,-0.0133123,0.0245997,0.9959715,0
1932,-2.5500000,0.1500000,-0.0300000,-0.0009000,-0.0517000,1.0224000,0.1930126,-0.2805154,0.2211358,-0.0156317,0.0248317,0.9975875,0
1933,-2.2400000,-0.0200000,0.5100000,-0.0024000,0.0434000,1.0932000,-0.1208461,-0.3762148,0.1167558,-0.0159760,0.0213308,1.0025292,0
1934,-1.8800000,1.9200000,0.1400000,-0.0156000,0.0292000,0.9213000,-0.4913747,-0.3665998,0.0631264,-0.0153412,0.0186633,1.0081082,0
1935,-0.7200000,-1.1200000,-0.7600000,-0.0253000,0.0332000,0.9179000,-0.8245002,-0.2767580,0.0242624,-0.0148846,0.0181645,1.0080968,0
1936,-2.0600000,-0.3300000,-1.1900000,-0.0161000,-0.0126000,1.0649000,-1.0799643,-0.2099590,-0.0542264,-0.0150488,0.0180523,1.0038642,0
1937,-3.8900000,1.1300000,-0.2100000,-0.0092000,-0.0429000,1.0351000,-1.3323772,-0.1633049,-0.1674884,-0.0152848,0.0158292,1.0025021,0
1938,-4.0700000,1.3100000,0.9400000,-0.0429000,0.0625000,1.0644000,-1.6665877,-0.0551942,-0.2401301,-0.0157627,0.0124108,1.0054341,0
1939,-3.3400000,2.4100000,0.5700000,-0.0366000,0.0668000,0.9750000,-2.0557327,0.1422902,-0.2224417,-0.0174459,0.0122118,1.0096677,0
1940,-1.5100000,0.0900000,-0.5800000,-0.0263000,0.0410000,0.8520000,-2.3863895,0.3824351,-0.1631027,-0.0199839,0.0158649,1.0089231,0
1941,-2.1200000,-0.2100000,-1.3700000,-0.0083000,-0.0488000,1.0498000,-2.5770567,0.5535284,-0.1513063,-0.0219643,0.0189417,1.0022821,0
1942,-3.4000000,1.1900000,-0.5800000,0.0126000,-0.0537000,1.0673000,-2.6760804,0.6360642,-0.2099109,-0.0220785,0.0171782,0.9982192,0
1943,-3.1600000,1.0600000,0.8800000,-0.0175000,-0.0175000,1.0034000,-2.7672176,0.7027707,-0.2637717,-0.0203902,0.0111787,0.9995281,0
1944,-1.6900000,1.0600000,1.3600000,-0.0415000,0.0458000,1.0351000,-2.8325197,0.7768614,-0.2261139,-0.0189527,0.0055713,1.0025987,0
1945,0.5500000,1.5500000,0.7500000,-0.0185000,0.0244000,0.8803000,-2.7671545,0.8569659,-0.0964349,-0.0188981,0.0035056,1.0034333,0
1946,-0.2300000,-1.3100000,-0.4600000,0.0170000,-0.0346000,0.9360000,-2.5194058,0.8967356,0.0426819,-0.0185801,0.0031042,0.9983045,0
1947,0.1300000,-0.7600000,-0.4000000,0.0195000,-0.0454000,1.1254000,-2.1537008,0.8134515,0.1170284,-0.0161806,0.0007858,0.9926951,0
1948,-2.9800000,2.4100000,0.3900000,0.0029000,-0.0537000,1.0126000,-1.8053870,0.6862548,0.1378369,-0.0121590,-0.0043611,0.9936890,0
1949,-1.0200000,0.3900000,0.5700000,-0.0068000,0.0551000,0.9746000,-1.5745336,0.6389187,0.1591887,-0.0082313,-0.0092739,0.9973479,0
1950,1.5900000,-0.2700000,-0.4600000,-0.0141000,0.0009000,0.9145000,-1.3688735,0.6158765,0.1815837,-0.0055492,-0.0105269,0.9974232,0
1951,0.6800000,-1.7300000,-0.7000000,0.0253000,-0.0737000,1.0102000,-1.0699701,0.5138662,0.1602720,-0.0035780,-0.0108223,0.9939391,0
1952,-0.1100000,-1.0000000,0.4500000,0.0244000,-0.0434000,1.0473000,-0.7352767,0.3121667,0.1054110,-0.0008033,-0.0139562,0.9918339,0
1953,-1.6900000,0.5800000,1.1200000,-0.0004000,-0.0239000,1.0527000,-0.4862558,0.0944664,0.0882678,0.0025210,-0.0185483,0.9943029,0
1954,-1.2700000,-0.2700000,1.1200000,-0.0083000,0.0556000,0.9838000,-0.3830801,-0.0549540,0.1466997,0.0047578,-0.0207184,0.9990855,0
1955,1.5300000,-0.2700000,0.2000000,0.0024000,-0.0039000,0.8540000,-0.3403591,-0.1509896,0.2438871,0.0055169,-0.0187709,0.9997018,0
1956,0.2500000,-2.8300000,-1.2500000,0.0483000,-0.0415000,1.0190000,-0.2446477,-0.2735561,0.2920485,0.0064603,-0.0158874,0.9943129,0
1957,-0.1700000,-1.0600000,-0.9500000,0.0439000,-0.0664000,1.0454000,-0.1262545,-0.4705713,0.2342047,0.0094163,-0.0158405,0.9900564,0
1958,-2.4900000,-0.5700000,0.2000000,0.0302000,-0.0307000,0.9990000,-0.0919956,-0.6699849,0.1190461,0.0138956,-0.0186550,0.9903103,0
1959,-1.3900000,-1.2400000,0.5100000,-0.0219000,0.0571000,1.0668000,-0.1939784,-0.8131437,0.0348222,0.0173069,-0.0203814,0.9934648,0
1960,0.0700000,-0.0800000,-0.2700000,-0.0449000,0.0009000,0.8740000,-0.3482358,-0.9024971,-0.0029131,0.0169296,-0.0181563,0.9961455,0
1961,1.4700000,-4.2400000,-1.0700000,0.0146000,-0.0102000,0.9541000,-0.4147757,-1.0005735,-0.0489724,0.0133775,-0.0142925,0.9935332,0
1962,0.6800000,-2.1600000,-1.1900000,0.0380000,-0.0615000,1.0747000,-0.3500232,-1.1983891,-0.1468785,0.0104726,-0.0122931,0.9895033,0
1963,-1.0800000,-1.2400000,0.0800000,0.0468000,-0.0620000,1.0161000,-0.2452296,-1.4258048,-0.2655525,0.0105276,-0.0139435,0.9901640,0
1964,-1.1400000,-2.6500000,0.9400000,-0.0043000,0.0341000,1.0410000,-0.2109383,-1.6035260,-0.3221390,0.0122738,-0.0169225,0.9943482,0
1965,0.5500000,-0.5100000,0.5100000,-0.0156000,0.0405000,0.9677000,-0.2284344,-1.7302788,-0.2829464,0.0128616,-0.0165357,0.9988073,0
1966,1.2300000,-3.0800000,-0.4600000,0.0009000,-0.0136000,0.8535000,-0.1974054,-1.8081353,-0.2049550,0.0115105,-0.0129209,0.9983468,0
1967,2.5700000,-4.2400000,-0.8800000,0.0288000,-0.0415000,1.0864000,-0.0495815,-1.9319245,-0.1643779,0.0100206,-0.0101308,0.9933863,0
1968,0.0100000,-0.7000000,-0.1500000,0.0312000,-0.0805000,1.0566000,0.1773405,-2.1023408,-0.1727463,0.0100615,-0.0110843,0.9924011,0
1969,-0.6000000,-1.7300000,0.8800000,-0.0014000,-0.0136000,1.0039000,0.3485969,-2.1907636,-0.1702610,0.0110829,-0.0151455,0.9964667,0
1970,1.0400000,-0.3300000,0.7500000,-0.0190000,0.0571000,1.0410000,0.4274159,-2.1616565,-0.1075927,0.0110365,-0.0175496,1.0014748,0
1971,2.2600000,-1.2400000,0.0800000,-0.0009000,-0.0009000,0.8906000,0.5187426,-2.0422378,-0.0093519,0.0093107,-0.0156794,1.0040963,0
1972,2.8700000,-3.0800000,-0.4600000,0.0185000,-0.0068000,0.9921000,0.7049455,-1.9198795,0.0634437,0.0074098,-0.0122463,1.0017191,0
1973,1.6500000,-0.2700000,-0.2700000,0.0195000,-0.0454000,1.0786000,0.9615408,-1.8412137,0.0827422,0.0067120,-0.0102636,0.9991205,0
1974,0.3100000,0.0900000,0.3300000,-0.0024000,-0.0170000,1.0122000,1.1790049,-1.7137444,0.0750164,0.0068318,-0.0104691,1.0007680,0
1975,0.6200000,0.7600000,0.5100000,-0.0200000,0.0625000,1.0751000,1.2818033,-1.4808650,0.0821102,0.0062534,-0.0100993,1.0053398,0
1976,1.7800000,1.3100000,-0.4000000,-0.0087000,0.0029000,0.8725000,1.3116391,-1.1539009,0.0991428,0.0043539,-0.0068236,1.0085439,0
1977,2.8100000,-1.6100000,-1.1300000,0.0161000,-0.0209000,0.9482000,1.3657885,-0.8159576,0.0735838,0.0023580,-0.0032225,1.0052592,0
1978,1.7100000,0.0900000,-0.8200000,0.0083000,-0.0703000,1.1147000,1.4737583,-0.5702202,-0.0186098,0.0015272,-0.0028473,1.0003923,0
1979,0.8600000,1.9200000,0.2700000,0.0102000,-0.0322000,1.0283000,1.5670039,-0.3569675,-0.1264518,0.0017333,-0.0062680,1.0013746,0
1980,-0.5300000,1.0000000,0.5700000,-0.0122000,0.0610000,1.0649000,1.5591660,-0.0925101,-0.1796339,0.0020576,-0.0094385,1.0066379,0
1981,1.2900000,2.1000000,0.0200000,-0.0200000,0.0654000,0.9023000,1.4507768,0.2054336,-0.1705925,0.0014134,-0.0075967,1.0106933,0
1982,2.8700000,-0.8800000,-0.7000000,0.0161000,0.0000000,0.9560000,1.3635255,0.4667771,-0.1528970,0.0001617,-0.0019533,1.0089307,0
1983,0.8600000,0.8200000,-0.4000000,0.0224000,-0.0546000,1.0678000,1.3564878,0.6201891,-0.1650136,0.0000408,0.0020400,1.0047150,0
1984,-0.4700000,2.0400000,0.3300000,-0.0039000,0.0141000,1.0346000,1.3257463,0.7249917,-0.1830261,0.0011048,0.0025273,1.0041670,0
1985,-1.1400000,2.1600000,0.3900000,0.0034000,0.0566000,1.0517000,1.1750266,0.8757544,-0.1668211,0.0020599,0.0032433,1.0072705,0
1986,-0.1700000,1.3100000,-0.1500000,0.0058000,0.0400000,0.8623000,0.9253250,1.0561334,-0.1237466,0.0026817,0.0068019,1.0086829,0
1987,1.9600000,-0.3900000,-0.4000000,0.0366000,0.0097000,0.9858000,0.7004839,1.1751428,-0.0924056,0.0039014,0.0114760,1.0041134,0
1988,0.4900000,0.5200000,-0.4000000,0.0273000,-0.0522000,1.0395000,0.5851629,1.1781540,-0.0919943,0.0065051,0.0136964,0.9983098,0
1989,-0.5300000,1.1900000,0.5100000,-0.0234000,0.0112000,1.0278000,0.5125944,1.1223934,-0.0981978,0.0090140,0.0123433,0.9965831,0
1990,-2.3700000,2.1600000,0.5100000,-0.0351000,0.0371000,1.1020000,0.3658288,1.0980873,-0.0715936,0.0088025,0.0106305,0.9997087,0
1991,-1.5700000,1.6100000,0.5700000,-0.0214000,0.0673000,0.9008000,0.1049420,1.1372790,-0.0066046,0.0056501,0.0117447,1.0043997,0
1992,1.1000000,-0.7000000,0.3300000,0.0175000,-0.0141000,0.8759000,-0.1593761,1.1650433,0.0753719,0.0019613,0.0146809,1.0026265,0
1993,1.1000000,-1.5500000,0.0800000,0.0302000,-0.0317000,1.0761000,-0.2813496,1.0623463,0.1482019,0.0003177,0.0155334,0.9958296,0
1994,-0.7800000,1.1300000,0.5100000,-0.0004000,-0.0048000,0.9760000,-0.2863655,0.8575169,0.2030894,0.0007944,0.0131794,0.9918878,0
1995,-3.1000000,-0.0200000,0.2000000,-0.0292000,0.0400000,1.1220000,-0.3380746,0.6711194,0.2480851,0.0010404,0.0105848,0.9930259,0
1996,-2.4900000,1.2500000,-0.2700000,-0.0346000,0.0976000,0.9692000,-0.5342690,0.5446549,0.2698669,-0.0007612,0.0115408,0.9981159,0
1997,-0.2900000,-1.2400000,-0.7600000,0.0107000,0.0034000,0.8842000,-0.7852768,0.4446960,0.2400657,-0.0036168,0.0160187,1.0004191,0
1998,1.0400000,-1.9800000,-0.5800000,0.0346000,-0.0190000,1.0576000,-0.9239462,0.2803956,0.1540698,-0.0047280,0.0193190,0.9977496,0
1999,-0.9600000,1.0000000,0.2700000,0.0190000,-0.0717000,0.9794000,-0.9219891,0.0681461,0.0534016,-0.0030745,0.0177487,0.9957925,0
