index,gx_raw_dps,gy_raw_dps,gz_raw_dps,ax_raw_g,ay_raw_g,az_raw_g,gx_25hz_dps,gy_25hz_dps,gz_25hz_dps,ax_25hz_g,ay_25hz_g,az_25hz_g,bad
585,1.4200000,2.9300000,0.4200000,0.0478000,0.0468000,1.0444000,0.0285184,0.0588443,0.0084350,0.0009600,0.0009399,0.0209751,27
586,-1.7400000,3.3000000,0.3000000,-0.0039000,0.0068000,1.0371000,0.0666094,0.2758206,0.0360622,0.0033402,0.0034836,0.0955211,27
587,-3.4500000,-5.1200000,-1.7100000,-0.0795000,-0.0961000,0.9072000,-0.0249712,0.4813887,0.0370265,0.0038051,0.0041181,0.2165093,27
588,1.1700000,-3.9600000,0.1100000,0.0058000,0.0253000,0.9345000,-0.2317232,0.3556499,-0.0257805,0.0006425,0.0009789,0.3527480,27
589,3.2500000,5.2500000,2.1900000,0.0063000,0.0058000,1.0966000,-0.3027305,0.0899870,-0.0499325,-0.0026745,-0.0019103,0.4895663,27
590,-5.3500000,-2.0600000,0.1800000,-0.0297000,0.0146000,1.0112000,-0.2773583,0.0023483,0.0323782,-0.0048141,-0.0025756,0.6211094,27
591,0.3800000,-7.1900000,-1.3400000,-0.0336000,-0.0546000,0.8193000,-0.3807940,-0.1757529,0.1068681,-0.0075407,-0.0031890,0.7346733,27
592,3.8600000,-1.4500000,1.0900000,0.0478000,0.0795000,1.1010000,-0.4312031,-0.6351509,0.1177397,-0.0096698,-0.0036295,0.8238175,27
593,0.0800000,4.1500000,1.9500000,0.0078000,0.0053000,1.1650000,-0.2646110,-0.9980578,0.1712864,-0.0088567,-0.0014173,0.8988851,27
594,-4.6700000,-4.8100000,-1.1600000,-0.0336000,-0.0585000,0.8818000,-0.1495640,-1.1096613,0.2687879,-0.0070252,0.0007500,0.9614349,27
595,1.5400000,-6.9500000,-0.3000000,0.0239000,0.0083000,0.8867000,-0.2188070,-1.3415308,0.2962721,-0.0059992,0.0000031,1.0009399,27
596,5.2600000,3.7900000,2.8600000,0.0571000,0.0361000,1.1279000,-0.1719326,-1.6821147,0.3121903,-0.0034272,-0.0005926,1.0218450,27
597,-4.3700000,0.2500000,1.6400000,0.0122000,0.0058000,1.0927000,0.0263833,-1.7477453,0.4391087,0.0015161,0.0008061,1.0382212,27
598,-1.6800000,-6.7600000,-0.4900000,-0.0478000,-0.0883000,0.8193000,0.0478239,-1.6990410,0.5987039,0.0052416,0.0008230,1.0483167,27
599,3.7400000,-2.8600000,2.2500000,0.0424000,0.0546000,1.0449000,-0.0223996,-1.8552594,0.7114072,0.0063864,-0.0015659,1.0464154,27
600,0.9300000,5.5600000,4.0200000,0.0385000,0.0610000,1.1088000,0.0695230,-1.9453877,0.8878093,0.0081239,-0.0013274,1.0418268,27
601,-4.7400000,-2.6700000,0.6000000,-0.0170000,-0.0214000,0.8940000,0.1401643,-1.7346459,1.1483321,0.0106421,0.0020491,1.0386669,27
602,1.6600000,-8.2300000,-0.1800000,-0.0278000,-0.0410000,0.9252000,0.0358359,-1.6210040,1.3243895,0.0109344,0.0035921,1.0299592,27
603,4.0400000,1.2800000,2.7400000,0.0703000,0.0942000,1.1743000,0.0186644,-1.7763869,1.3907598,0.0101972,0.0041084,1.0203350,27
604,-2.3600000,4.7000000,1.7600000,0.0576000,0.0419000,0.9931000,0.1543672,-1.7528194,1.4633905,0.0123274,0.0079113,1.0178891,27
605,-2.9700000,-6.1500000,-1.4600000,-0.0390000,-0.0649000,0.8613000,0.1556954,-1.5059168,1.4888133,0.0156456,0.0119861,1.0153213,27
606,4.4100000,-4.6900000,-0.1200000,0.0209000,-0.0092000,1.1337000,0.0659153,-1.4734144,1.3598100,0.0165269,0.0116866,1.0094190,27
607,0.7500000,7.3300000,1.7600000,0.1206000,0.1093000,1.0561000,0.1355897,-1.4988881,1.1690403,0.0182427,0.0110778,1.0085883,27
608,-4.2500000,1.5300000,-0.9100000,0.0288000,-0.0258000,0.8945000,0.2027215,-1.1638561,1.0027844,0.0237199,0.0134847,1.0101853,27
609,-0.1600000,-6.7600000,-2.7400000,-0.0805000,-0.1040000,1.0136000,0.0706319,-0.7825836,0.7593653,0.0272894,0.0130153,1.0075536,27
610,4.0400000,2.1400000,-0.0600000,0.0678000,0.0400000,1.1679000,-0.0304023,-0.6730074,0.4127080,0.0260930,0.0077765,1.0070584,27
611,-2.6000000,9.4000000,0.3000000,0.0991000,0.0712000,0.9106000,0.0140851,-0.4096886,0.1058111,0.0263265,0.0047398,1.0113955,27
612,-3.5800000,-1.7600000,-2.6200000,-0.0473000,-0.0839000,0.8920000,-0.0537095,0.1773019,-0.1412913,0.0287535,0.0043897,1.0108737,27
613,2.9400000,-5.2400000,-2.2600000,-0.0512000,-0.0634000,1.1806000,-0.2298436,0.5523793,-0.4330206,0.0270623,0.0005991,1.0071592,27
614,0.3800000,9.0300000,0.4800000,0.0864000,0.1113000,1.0551000,-0.2705199,0.6840937,-0.7190908,0.0225324,-0.0038763,1.0103934,27
615,-3.3900000,7.9400000,-1.2800000,0.0395000,0.0053000,0.8125000,-0.2686501,1.1305439,-0.8966105,0.0210525,-0.0031316,1.0137074,27
616,-1.2600000,-5.9100000,-3.4800000,-0.0639000,-0.0708000,1.1679000,-0.3997078,1.7076390,-1.0500986,0.0204505,-0.0013761,1.0116790,27
617,0.7500000,8.0600000,-0.2400000,0.0615000,0.0668000,1.1284000,-0.5552822,2.0245277,-1.2344874,0.0178834,-0.0015355,1.0149970,27
618,-2.4800000,10.4400000,-0.6700000,0.0415000,-0.0302000,0.7744000,-0.6554391,2.4798490,-1.3465608,0.0168207,-0.0008596,1.0199188,27
619,-1.3200000,-4.8100000,-2.3200000,-0.0468000,-0.0903000,0.9458000,-0.7780822,3.0572668,-1.3885905,0.0167500,-0.0020421,1.0139038,27
620,3.3100000,-0.5400000,-0.8500000,-0.0180000,-0.0463000,1.2241000,-0.8305844,3.1876171,-1.4277095,0.0139513,-0.0077999,1.0067220,27
621,-1.1300000,11.4200000,1.2100000,0.0874000,0.0961000,0.9697000,-0.7137854,3.1262063,-1.3945400,0.0111279,-0.0126093,1.0088803,27
622,-1.0700000,4.7600000,-0.4200000,0.0024000,-0.0712000,0.7583000,-0.5819370,3.3791372,-1.2381426,0.0116205,-0.0131806,1.0079806,27
623,0.2000000,-6.2700000,-1.8900000,-0.0766000,-0.0693000,1.1123000,-0.5122827,3.5645201,-1.0688993,0.0113162,-0.0148098,0.9987011,27
624,1.2400000,4.2700000,0.5400000,0.0170000,0.0258000,1.2368000,-0.4150089,3.3265729,-0.9479916,0.0075248,-0.0183603,0.9972663,27
625,-0.6500000,12.2700000,1.8800000,0.0517000,0.0190000,0.7875000,-0.2785139,3.1987421,-0.7728026,0.0046714,-0.0191364,1.0040648,27
626,-2.6600000,-1.7600000,0.0000000,-0.0234000,-0.0493000,0.8461000,-0.2232253,3.4030467,-0.5120045,0.0044142,-0.0178057,1.0012280,27
627,1.7200000,-4.0200000,-0.7300000,-0.0971000,-0.1196000,1.1787000,-0.2551878,3.3556936,-0.2805143,0.0020430,-0.0195224,0.9924495,27
628,0.1400000,7.3900000,2.1900000,0.0375000,0.0664000,1.1513000,-0.2367101,3.0073482,-0.0948521,-0.0032589,-0.0235156,0.9945515,27
629,-0.6500000,8.3000000,2.4900000,0.0083000,-0.0664000,0.6728000,-0.1787312,2.9251347,0.1551543,-0.0066747,-0.0252560,0.9994322,27
630,-1.5600000,-7.6800000,-0.0600000,-0.0942000,-0.0585000,0.9169000,-0.1818150,2.9649804,0.4458249,-0.0091345,-0.0268518,0.9908352,27
631,4.2900000,-3.0400000,1.2100000,-0.0859000,-0.0566000,1.2626000,-0.1587436,2.5495064,0.6683308,-0.0153205,-0.0305381,0.9814225,27
632,1.2400000,8.7300000,3.9600000,0.0268000,0.0751000,0.9487000,0.0346943,1.9772115,0.8842728,-0.0228611,-0.0323892,0.9847267,27
633,-2.1100000,-0.2900000,2.1900000,0.0009000,0.0009000,0.7241000,0.2495574,1.7351110,1.1790746,-0.0264914,-0.0290765,0.9857451,27
634,1.9700000,-9.8800000,-0.1800000,-0.1367000,-0.0561000,1.0971000,0.3470282,1.4057078,1.4373073,-0.0288625,-0.0241984,0.9773812,27
635,4.4700000,0.4900000,2.3700000,0.0048000,0.0664000,1.2792000,0.5081884,0.6886885,1.5718115,-0.0334410,-0.0200276,0.9778006,27
636,0.5000000,8.4900000,3.4100000,0.0810000,0.0444000,0.7158000,0.7998755,0.1652682,1.6918714,-0.0346168,-0.0133117,0.9873098,27
637,-2.9000000,-6.8200000,0.2400000,-0.0288000,-0.0400000,0.8891000,0.9743069,0.0301830,1.8223443,-0.0298185,-0.0056215,0.9863927,27
638,2.6400000,-8.1700000,0.2400000,-0.1230000,-0.1040000,1.2724000,0.9544876,-0.3263892,1.8425723,-0.0263460,-0.0030414,0.9822062,27
639,2.4000000,5.2500000,4.2000000,0.0615000,0.1010000,1.0727000,0.9610977,-0.8885505,1.8063356,-0.0262862,-0.0040945,0.9911248,27
640,-2.0500000,4.5800000,3.5900000,0.0581000,0.0273000,0.5844000,0.9963781,-1.0389371,1.8836055,-0.0229693,-0.0019246,0.9976020,27
641,-1.1300000,-12.1300000,0.0000000,-0.1308000,-0.0498000,1.1152000,0.8821268,-1.0061363,2.0103948,-0.0180550,0.0017465,0.9890291,27
642,3.9800000,-4.9300000,1.2100000,-0.0649000,0.0146000,1.4042000,0.7313598,-1.3985247,2.0266096,-0.0188431,0.0028019,0.9888105,27
643,-0.7100000,8.9100000,3.5300000,0.1157000,0.1533000,0.7416000,0.6988226,-1.8005257,1.9937004,-0.0207449,0.0059187,1.0029287,27
644,-2.4200000,-3.0400000,-0.1200000,0.0136000,0.0424000,0.6318000,0.6246277,-1.7158861,1.9761126,-0.0166811,0.0147445,1.0020920,27
645,2.2100000,-13.6000000,-3.3500000,-0.1811000,-0.0585000,1.3330000,0.4597858,-1.7400571,1.8048797,-0.0135019,0.0228275,0.9880962,27
646,2.7600000,0.2500000,-1.1600000,0.0161000,0.0913000,1.3530000,0.4127248,-2.2180746,1.3898017,-0.0170560,0.0265131,0.9931465,27
647,-1.9300000,9.0300000,-0.4900000,0.0161000,0.0913000,1.3530000,0.4658700,-2.4282056,0.8882297,-0.0206323,0.0310729,1.0248922,28
648,-0.5900000,-11.2200000,-3.8400000,-0.0659000,-0.0400000,0.9184000,0.4285890,-2.2255162,0.3750926,-0.0216220,0.0361987,1.0628821,28
649,3.3700000,-3.6500000,-2.1300000,0.0263000,0.0532000,1.4516000,0.3754704,-2.2593598,-0.1909998,-0.0223152,0.0378735,1.0950769,28
650,-0.1600000,9.5800000,0.0000000,0.1474000,0.0771000,0.5410000,0.4315392,-2.2791086,-0.7013957,-0.0182740,0.0387871,1.1153695,28
651,-1.6800000,-8.2900000,-2.9300000,-0.0063000,0.0058000,0.8637000,0.4603462,-1.9636840,-1.0740152,-0.0078919,0.0405389,1.1070120,28
652,2.0900000,-10.6700000,-4.0900000,-0.1152000,-0.0327000,1.3701000,0.4131212,-1.9585095,-1.4265454,-0.0002057,0.0395305,1.0857950,28
653,1.8500000,4.4000000,-0.8500000,0.0903000,0.1416000,1.2358000,0.4370086,-2.3045603,-1.7782389,0.0018002,0.0373549,1.0821593,28
654,-5.0400000,6.1700000,-0.7900000,0.0830000,0.0585000,0.5253000,0.4322849,-2.2550087,-1.9930946,0.0059224,0.0391646,1.0805980,28
655,-0.7700000,-9.0200000,-3.9000000,-0.0786000,-0.0610000,0.9536000,0.2137781,-1.8870325,-2.0979082,0.0116593,0.0411474,1.0578586,28
656,1.1700000,-6.4000000,-2.9300000,-0.0522000,-0.0131000,1.5117000,-0.0521861,-1.8663617,-2.2279587,0.0118634,0.0375752,1.0375060,28
657,-1.2000000,9.9500000,0.0500000,0.1401000,0.0732000,0.8979000,-0.2111395,-1.9415627,-2.3273966,0.0101798,0.0319845,1.0390108,28
658,-5.1600000,1.2200000,-1.1600000,0.0585000,-0.0380000,0.6445000,-0.4244557,-1.5381934,-2.2843361,0.0140361,0.0277434,1.0358781,28
659,-0.3400000,-9.5700000,-2.6800000,-0.1250000,-0.0898000,1.1040000,-0.7653571,-1.0992883,-2.1726232,0.0180347,0.0209349,1.0167456,28
660,3.8000000,0.5500000,0.1800000,0.0175000,0.0151000,1.4243000,-0.9634810,-1.0783343,-2.0537702,0.0156560,0.0108196,1.0086888,28
661,-4.1300000,9.7700000,1.4600000,0.1186000,0.0791000,0.6347000,-0.9502874,-0.9521608,-1.8298289,0.0134471,0.0038546,1.0146185,28
662,-4.0600000,-4.9900000,-1.2200000,-0.0390000,-0.0361000,0.7421000,-1.0365961,-0.4914900,-1.5014506,0.0152821,0.0018334,1.0059161,28
663,1.4800000,-8.9000000,-2.0700000,-0.1694000,-0.0786000,1.4340000,-1.2249748,-0.3395144,-1.2314822,0.0126446,-0.0010502,0.9908803,28
664,1.6600000,6.5900000,1.1500000,0.1030000,0.0654000,1.1171000,-1.2361386,-0.5401208,-1.0439593,0.0044184,-0.0053839,0.9965744,28
665,-4.6700000,6.0400000,1.0900000,0.1030000,0.0654000,1.1171000,-1.1413844,-0.4181299,-0.8133163,0.0015911,-0.0053690,1.0162729,29
666,-2.6000000,-10.3000000,-1.1600000,-0.0957000,-0.0913000,1.0214000,-1.1953793,-0.1382033,-0.5564756,0.0039338,-0.0028214,1.0350844,29
667,2.6400000,-4.9900000,0.1100000,-0.0825000,-0.0961000,1.6093000,-1.2791828,-0.3401994,-0.3695402,0.0016881,-0.0052446,1.0597789,29
668,-2.9000000,10.3800000,3.2300000,0.1630000,0.1020000,0.7416000,-1.2345875,-0.6412458,-0.1739715,-0.0018500,-0.0100226,1.0905283,29
669,-3.0300000,1.6500000,1.5800000,0.0888000,-0.0317000,0.4936000,-1.2311236,-0.4329567,0.1291119,0.0027032,-0.0107514,1.0946646,29
670,-0.9500000,-11.4600000,-0.8500000,-0.1435000,-0.0747000,1.4096000,-1.3290277,-0.2200042,0.4243848,0.0093646,-0.0110802,1.0724088,29
671,1.6600000,2.7500000,1.0900000,0.0351000,-0.0092000,1.4409000,-1.3507259,-0.4376969,0.5991471,0.0096091,-0.0142228,1.0674550,29
672,-4.6700000,11.1100000,2.5600000,0.1918000,0.0800000,0.4565000,-1.3023254,-0.4387235,0.7412239,0.0113738,-0.0153588,1.0738794,29
673,-1.6200000,-3.1600000,-0.2400000,0.0141000,-0.0751000,0.7563000,-1.3534386,0.0338805,0.8926977,0.0202840,-0.0133333,1.0541945,29
674,1.6600000,-7.5000000,-1.2200000,-0.1318000,-0.0888000,1.6494000,-1.4030148,0.2798381,0.9354038,0.0261404,-0.0141563,1.0295541,29
675,-0.2800000,9.4000000,1.7600000,0.1362000,0.0820000,1.0190000,-1.2935831,0.2391728,0.8691726,0.0255211,-0.0169752,1.0329484,29
676,-2.7800000,9.4600000,1.9500000,0.1362000,0.0820000,1.0190000,-1.1532210,0.6108092,0.8422257,0.0286327,-0.0142623,1.0466653,30
677,-1.6200000,-7.5600000,-0.4200000,-0.1240000,-0.0449000,1.1591000,-1.1203793,1.2170210,0.8625213,0.0340439,-0.0073379,1.0560539,30
678,4.1700000,-1.0900000,0.6000000,-0.0747000,-0.0468000,1.5937000,-1.0464664,1.3724857,0.8405911,0.0310340,-0.0034040,1.0762680,30
679,-1.5600000,13.1900000,3.2300000,0.1894000,0.1240000,0.6430000,-0.8113659,1.4312243,0.8395328,0.0249235,-0.0008987,1.1029779,30
680,-2.7800000,3.5400000,1.2100000,0.0600000,-0.0424000,0.5283000,-0.6301482,1.9329246,0.9375010,0.0263147,0.0039695,1.0999464,30
681,1.6600000,-7.6200000,-1.3400000,-0.1435000,-0.0839000,1.5268000,-0.5729571,2.3534670,1.0115796,0.0284248,0.0058751,1.0744367,30
682,-1.8700000,12.4500000,2.0700000,0.1909000,0.1079000,0.7885000,-0.5169608,2.4491829,0.9898764,0.0267697,0.0045708,1.0595351,30
683,-3.5100000,7.2000000,1.0900000,0.1909000,0.1079000,0.7885000,-0.5517843,2.8054599,0.9745611,0.0321774,0.0081830,1.0430323,31
684,1.4800000,-7.1900000,-1.6500000,-0.1826000,-0.0791000,1.3789000,-0.6786093,3.2034254,0.9386655,0.0408953,0.0147548,1.0238580,31
685,3.5600000,2.6900000,-0.1800000,-0.0219000,-0.0322000,1.4658000,-0.6449828,3.1111447,0.7922383,0.0392609,0.0161274,1.0299703,31
686,-3.0900000,13.7300000,1.2700000,-0.0219000,-0.0322000,1.4658000,-0.4609434,3.0414250,0.6198221,0.0300720,0.0121835,1.0671569,32
687,-1.5000000,-0.1100000,-1.2200000,0.0043000,-0.0058000,0.6586000,-0.3886237,3.3556863,0.4823453,0.0205298,0.0066188,1.1068197,32
688,4.6500000,-8.1100000,-2.7400000,-0.1826000,-0.0966000,1.6713000,-0.3399419,3.3961146,0.2768998,0.0088263,-0.0003015,1.1328002,32
689,0.9900000,7.6900000,-0.4200000,0.0942000,0.0405000,1.1000000,-0.1048782,2.9757014,-0.0201008,-0.0047450,-0.0078989,1.1609103,32
690,-4.0600000,10.3800000,-0.1200000,0.0942000,0.0405000,1.1000000,0.1059197,2.8214918,-0.2832763,-0.0110595,-0.0116368,1.1855193,33
691,0.9300000,-7.3100000,-2.0700000,-0.1523000,-0.0688000,1.0668000,0.1080895,2.9204914,-0.4841353,-0.0116040,-0.0120410,1.1937655,33
692,5.2000000,-5.7300000,-1.2800000,-0.1499000,-0.0776000,1.7290000,0.1610480,2.5491406,-0.6853262,-0.0182570,-0.0148414,1.2028206,33
693,-3.6400000,10.1300000,1.4600000,0.1264000,0.0996000,0.6464000,0.3365165,1.9326727,-0.8229699,-0.0275985,-0.0179436,1.2158565,33
694,-0.8900000,4.0900000,0.6600000,0.1264000,0.0996000,0.6464000,0.3623724,1.7559940,-0.7989441,-0.0267674,-0.0140493,1.2002129,34
695,2.5800000,-13.4200000,-1.1600000,-0.2148000,-0.0400000,1.5585000,0.2928078,1.5998234,-0.6868182,-0.0207824,-0.0052255,1.1640082,34
696,3.0700000,-0.9000000,-0.1800000,0.0039000,-0.0239000,1.3896000,0.3720820,0.8961722,-0.5966849,-0.0212853,0.0007671,1.1507691,34
697,-4.6100000,9.5200000,1.3400000,0.0039000,-0.0239000,1.3896000,0.4755767,0.2584167,-0.4945591,-0.0239769,0.0023056,1.1648563,35
698,0.5000000,-4.6900000,-0.5500000,-0.0878000,-0.0341000,0.7500000,0.3902774,0.0987529,-0.3501683,-0.0253053,0.0009822,1.1791004,35
699,3.5600000,-12.0700000,-2.3800000,-0.2099000,-0.0600000,1.6855000,0.3032141,-0.2511755,-0.2724112,-0.0317883,-0.0030001,1.1853980,35
700,-0.5900000,4.4000000,0.0000000,0.0883000,0.0400000,0.9409000,0.3642037,-0.9460614,-0.3073006,-0.0418134,-0.0076047,1.1958698,35
701,-1.9300000,5.5600000,0.8500000,0.0883000,0.0400000,0.9409000,0.3830993,-1.2697362,-0.3357179,-0.0437795,-0.0087419,1.1970575,36
702,2.1500000,-12.0700000,-1.2800000,-0.1801000,-0.0561000,1.2602000,0.3182505,-1.3060357,-0.3185390,-0.0398203,-0.0074857,1.1836538,36
703,4.2900000,-7.6800000,-1.6500000,-0.0947000,-0.0493000,1.5092000,0.3848488,-1.7517873,-0.3494121,-0.0414448,-0.0085188,1.1797947,36
704,-1.0700000,7.2000000,1.6400000,0.1210000,0.0722000,0.5678000,0.5906507,-2.3032301,-0.4001882,-0.0441480,-0.0101539,1.1798747,36
705,-0.2800000,-2.0600000,0.7200000,-0.0380000,-0.0297000,0.6752000,0.7127490,-2.3782839,-0.3534091,-0.0401400,-0.0090734,1.1518193,36
706,2.7600000,-13.2900000,-1.2800000,-0.1928000,-0.0190000,1.4995000,0.7564936,-2.4404152,-0.2588667,-0.0373132,-0.0077761,1.1099353,36
707,2.0900000,-0.9000000,0.5400000,-0.0048000,0.0292000,1.1738000,0.8709885,-2.8774788,-0.2035444,-0.0411065,-0.0070926,1.0912721,36
708,-2.1100000,5.6200000,2.3100000,-0.0048000,0.0292000,1.1738000,0.9714532,-3.1168219,-0.1093361,-0.0443983,-0.0047067,1.0924734,37
709,0.4400000,-7.2500000,-0.0600000,-0.1220000,-0.0712000,0.9501000,0.9239053,-2.9578823,0.0622931,-0.0456823,-0.0024690,1.0952844,37
710,3.3700000,-10.3600000,-0.9100000,-0.1469000,-0.0263000,1.5351000,0.8621682,-3.0047332,0.1930702,-0.0507829,-0.0036372,1.1016656,37
711,0.1400000,5.0700000,1.5800000,0.0869000,0.0351000,0.9130000,0.9003224,-3.2533096,0.2554093,-0.0565800,-0.0058756,1.1163348,37
712,-2.3600000,2.9300000,1.6400000,0.0869000,0.0351000,0.9130000,0.8783741,-3.0969589,0.3529970,-0.0534673,-0.0052526,1.1219022,38
713,3.0700000,-10.9700000,-0.3000000,-0.1372000,-0.0317000,1.2578000,0.7634089,-2.7486971,0.4788077,-0.0446954,-0.0029530,1.1156158,38
714,3.8600000,-4.4400000,0.1100000,-0.0693000,-0.0234000,1.4248000,0.7817854,-2.7754814,0.5441282,-0.0406364,-0.0022792,1.1194353,38
715,-1.6200000,4.0900000,1.9500000,-0.0693000,-0.0234000,1.4248000,0.9149321,-2.8862094,0.5798657,-0.0416995,-0.0037104,1.1430621,39
716,2.9400000,-10.0600000,-0.7300000,-0.1152000,0.0078000,1.2163000,0.9983231,-2.8522928,0.6220769,-0.0455204,-0.0055835,1.1766607,39
717,4.1700000,-5.6600000,-1.0400000,-0.0717000,0.0004000,1.4370000,1.1409101,-3.0370139,0.5881297,-0.0517731,-0.0064849,1.2100135,39
718,-0.8300000,5.0100000,0.9100000,0.1567000,0.1191000,0.6665000,1.3505764,-3.2402760,0.4809527,-0.0536706,-0.0039774,1.2297323,39
719,-0.4600000,-1.6400000,-0.6700000,0.0000000,-0.0273000,0.6923000,1.4177207,-3.0557091,0.3757871,-0.0457219,0.0021939,1.2131250,39
720,3.1900000,-9.6900000,-2.3800000,-0.1103000,-0.0117000,1.4868000,1.3758134,-2.8517248,0.2217165,-0.0360191,0.0070361,1.1760722,39
721,1.5400000,1.4100000,-0.7300000,0.0581000,-0.0117000,1.1704000,1.3882341,-2.8856450,-0.0186218,-0.0301662,0.0083232,1.1549597,39
722,-3.5800000,5.0700000,0.7200000,0.0581000,-0.0117000,1.1704000,1.3387028,-2.7117360,-0.2339272,-0.0227038,0.0075401,1.1490139,40
723,1.3600000,-4.7500000,-0.4900000,-0.0322000,-0.0693000,1.0683000,1.1138381,-2.2457892,-0.3488032,-0.0132400,0.0043355,1.1448680,40
724,1.9700000,-5.6600000,-0.4900000,-0.0722000,-0.0307000,1.5932000,0.9024348,-1.9691827,-0.4095210,-0.0076833,-0.0017032,1.1486504,40
725,-2.3600000,6.1100000,1.1500000,0.1684000,0.0668000,0.7607000,0.7534003,-1.8336197,-0.4219909,-0.0036670,-0.0067226,1.1595273,40
726,-1.5000000,3.4200000,0.6000000,0.1684000,0.0668000,0.7607000,0.5119393,-1.3989432,-0.3476876,0.0078996,-0.0059936,1.1511834,41
727,1.6600000,-7.5600000,-1.1000000,-0.0888000,0.0048000,1.4414000,0.2416436,-0.8995314,-0.2469979,0.0230459,-0.0009235,1.1281340,41
728,0.2000000,-0.2300000,-1.2200000,-0.0200000,-0.0200000,1.4360000,0.0894454,-0.7465650,-0.2192133,0.0303222,0.0035351,1.1247377,41
729,-4.3100000,6.8400000,-0.1800000,-0.0200000,-0.0200000,1.4360000,-0.0605403,-0.6121840,-0.2584936,0.0295646,0.0050021,1.1476727,42
730,2.2100000,-0.3500000,-1.2200000,0.0322000,-0.0356000,0.6918000,-0.2765880,-0.2137276,-0.3191538,0.0261454,0.0036211,1.1705985,42
731,1.5400000,-8.7800000,-2.1300000,-0.0888000,0.0185000,1.6782000,-0.3597938,0.0059725,-0.4278156,0.0209604,0.0009845,1.1815947,42
732,-1.2000000,4.3400000,-1.7100000,0.0898000,-0.0346000,1.0996000,-0.3021135,-0.1261336,-0.6075375,0.0148346,-0.0014524,1.1971107,42
733,-3.2700000,5.6200000,-0.7300000,0.0898000,-0.0346000,1.0996000,-0.3237946,-0.0898672,-0.8001204,0.0133411,-0.0046117,1.2108488,43
734,1.9700000,-3.4100000,-1.5800000,0.0019000,-0.0292000,1.0756000,-0.4275693,0.1850263,-0.9547533,0.0167601,-0.0089386,1.2102407,43
735,1.7900000,-3.0400000,-2.2600000,-0.0395000,-0.0385000,1.6362000,-0.4103722,0.2613124,-1.1007414,0.0186930,-0.0136365,1.2107753,43
736,-5.7700000,6.7200000,-1.3400000,0.1640000,0.0410000,0.7290000,-0.3707945,0.2336155,-1.2553650,0.0201763,-0.0168635,1.2158157,43
737,-0.6500000,4.0300000,-0.9100000,0.1640000,0.0410000,0.7290000,-0.5244911,0.4868879,-1.3711729,0.0285945,-0.0158814,1.1981604,44
738,1.4800000,-5.5400000,-1.4000000,-0.0717000,-0.0234000,1.4741000,-0.6931965,0.7957815,-1.4268756,0.0401374,-0.0119754,1.1641120,44
739,-1.0700000,2.7500000,-1.7100000,-0.0097000,-0.0688000,1.3383000,-0.7208057,0.8436045,-1.4568267,0.0445350,-0.0100065,1.1494860,44
740,-4.0600000,6.5900000,-0.4200000,0.1494000,0.0405000,0.4819000,-0.7754016,0.9380523,-1.4642407,0.0449487,-0.0103599,1.1408016,44
741,1.1700000,-0.3500000,-0.4900000,-0.0068000,-0.0576000,0.7451000,-0.9091947,1.2361684,-1.4124216,0.0472726,-0.0106661,1.1047853,44
742,2.8800000,-4.8100000,-1.1600000,-0.0996000,-0.0366000,1.5864000,-0.8986676,1.3497499,-1.3171361,0.0456925,-0.0122409,1.0644017,44
743,-3.0900000,3.7900000,-0.6700000,0.0537000,-0.0268000,1.0102000,-0.7426029,1.1900504,-1.2201046,0.0379498,-0.0154327,1.0519673,44
744,-0.1000000,3.7900000,0.3600000,0.0537000,-0.0268000,1.0102000,-0.6511381,1.1237728,-1.1028365,0.0311705,-0.0185898,1.0522093,45
745,2.7000000,-4.9900000,-0.0600000,-0.0722000,-0.0439000,1.1606000,-0.5520180,1.1191209,-0.9392325,0.0261039,-0.0216175,1.0520103,45
746,2.6400000,-1.9400000,-0.7300000,-0.1005000,-0.0756000,1.5244000,-0.2846397,0.8629568,-0.7686940,0.0169175,-0.0256426,1.0648918,45
747,-2.7800000,3.7900000,0.1800000,0.0878000,0.0014000,0.6469000,0.0141433,0.5273178,-0.6244786,0.0059433,-0.0300543,1.0851378,45
748,2.9400000,-3.8300000,0.8500000,-0.0415000,-0.0395000,0.9819000,0.2050338,0.3060447,-0.4721794,-0.0008977,-0.0327248,1.0872686,45
749,3.6200000,-3.4700000,0.2400000,-0.1059000,-0.0424000,1.5190000,0.4459508,-0.0078666,-0.2939935,-0.0072434,-0.0342186,1.0842294,45
750,-2.6000000,2.0800000,0.9100000,0.0551000,-0.0112000,0.8168000,0.7168705,-0.3830866,-0.1111094,-0.0147120,-0.0351490,1.0923175,45
751,1.3000000,0.6100000,1.9500000,0.0278000,0.0009000,0.5595000,0.8274132,-0.5668515,0.0956437,-0.0176754,-0.0342055,1.0843066,45
752,2.9400000,-5.3000000,1.8800000,-0.1147000,0.0073000,1.4033000,0.8908861,-0.6793390,0.3549194,-0.0182364,-0.0308946,1.0591231,45
753,0.6900000,0.3700000,1.2100000,-0.0629000,-0.0493000,1.2065000,1.0180827,-0.8901114,0.6316713,-0.0224432,-0.0269682,1.0497218,45
754,-1.3800000,0.6700000,2.4300000,0.0629000,0.0444000,0.6000000,1.0769194,-1.0319091,0.8935833,-0.0269051,-0.0232254,1.0480587,45
755,1.9100000,-1.2100000,2.6200000,-0.0288000,-0.0395000,0.8662000,1.0249284,-1.0299128,1.1643008,-0.0269206,-0.0189592,1.0285247,45
756,2.2100000,-3.4700000,2.4900000,-0.1166000,-0.0214000,1.4838000,1.0026355,-1.0507312,1.4484405,-0.0270032,-0.0158247,1.0100137,45
757,-2.7800000,0.6700000,2.8600000,0.0053000,-0.0146000,0.9604000,0.9790887,-1.1298978,1.7243878,-0.0300422,-0.0144891,1.0132875,45
758,-0.3400000,0.9800000,3.8400000,0.0356000,0.0346000,0.5297000,0.8112257,-1.1129987,2.0048456,-0.0309918,-0.0127900,1.0130002,45
759,2.3300000,-3.7700000,3.7800000,-0.1000000,-0.0156000,1.1674000,0.6157038,-1.0356445,2.3112552,-0.0295831,-0.0098895,0.9954479,45
760,0.9300000,-1.7000000,2.5600000,-0.0854000,0.0092000,1.3999000,0.5462815,-1.0687249,2.6024642,-0.0313200,-0.0069818,0.9898664,45
761,-2.7200000,1.5900000,2.1300000,0.0610000,0.0361000,0.7465000,0.4873953,-1.1161519,2.8016861,-0.0341314,-0.0037748,1.0014343,45
762,0.7500000,-0.1700000,1.8200000,0.0512000,0.0532000,0.6630000,0.3349610,-1.0305957,2.8779085,-0.0314292,0.0012885,0.9998191,45
763,3.3700000,-3.8300000,1.1500000,-0.0610000,0.0229000,1.4604000,0.2534676,-0.9447479,2.8345785,-0.0251149,0.0077541,0.9894168,45
764,-3.0300000,0.8600000,-0.1200000,-0.0209000,0.0000000,1.0703000,0.2704116,-0.9537755,2.6594106,-0.0208892,0.0132662,0.9967320,45
765,-0.5200000,0.8600000,-0.3600000,0.0703000,0.0556000,0.6020000,0.1950880,-0.9080495,2.3444727,-0.0171537,0.0173122,1.0057631,45
766,1.4800000,-1.5100000,-0.5500000,-0.0463000,0.0175000,0.9702000,0.0790910,-0.7842871,1.9262312,-0.0119058,0.0211011,0.9959193,45
767,1.9700000,-1.6400000,-1.2200000,-0.0717000,0.0229000,1.4199000,0.0869102,-0.7182241,1.4494272,-0.0094714,0.0241154,0.9891766,45
768,-3.3300000,0.1800000,-1.8900000,0.0273000,0.0083000,0.8740000,0.1269175,-0.7107415,0.9291839,-0.0104108,0.0255494,0.9994587,45
769,1.4800000,0.1800000,-1.1600000,0.0815000,0.0551000,0.5791000,0.0779129,-0.6709378,0.3971669,-0.0088836,0.0263165,1.0010155,45
770,2.8200000,-3.4100000,-0.9100000,-0.0253000,0.0468000,1.3388000,0.0894289,-0.6491502,-0.0787756,-0.0038767,0.0280141,0.9893000,45
771,-1.2600000,0.0000000,-2.3200000,-0.0229000,0.0224000,1.2480000,0.2073192,-0.7163818,-0.4841356,-0.0001934,0.0302887,0.9927819,45
772,-2.1700000,1.1000000,-2.9300000,0.0849000,0.0424000,0.7207000,0.2287177,-0.7483440,-0.8755286,0.0024615,0.0320055,1.0067512,45
773,-0.0400000,-0.3500000,-1.9500000,0.0288000,0.0395000,0.8159000,0.1107978,-0.6715717,-1.2596593,0.0074952,0.0334817,1.0052328,45
774,1.8500000,-0.4800000,-2.1300000,-0.0273000,0.0122000,1.4184000,0.0182356,-0.5699907,-1.5847763,0.0124350,0.0344219,0.9992376,45
775,-5.0400000,0.7300000,-2.8700000,-0.0024000,-0.0498000,1.0268000,-0.0703093,-0.4707006,-1.8483370,0.0140379,0.0325428,1.0091004,45
776,-0.8300000,0.9200000,-1.8900000,0.0747000,-0.0034000,0.6074000,-0.3034048,-0.3310493,-2.0649025,0.0147938,0.0268998,1.0162895,45
777,1.6000000,-0.4800000,-0.8500000,-0.0112000,-0.0112000,1.0893000,-0.5309526,-0.1729152,-2.1885415,0.0168174,0.0197581,1.0061539,45
778,-0.5900000,0.0600000,-1.4000000,-0.0488000,-0.0078000,1.3242000,-0.5984891,-0.0572031,-2.1922405,0.0168346,0.0129157,1.0013722,45
779,-2.4800000,0.0600000,-2.0100000,0.0512000,-0.0175000,0.8354000,-0.6350968,0.0155794,-2.1321745,0.0143364,0.0066000,1.0097051,45
780,1.0500000,-0.3500000,-0.9100000,0.0600000,0.0415000,0.6298000,-0.6979308,0.0575928,-2.0494938,0.0138640,0.0019932,1.0067344,45
781,1.2400000,-1.3300000,-1.5200000,-0.0561000,-0.0107000,1.3730000,-0.6648906,0.0403473,-1.9392695,0.0147588,-0.0000210,0.9936039,45
782,-1.9900000,-0.7200000,-2.8100000,0.0341000,-0.0512000,0.9233000,-0.5593588,-0.0488653,-1.8485523,0.0137836,-0.0019357,0.9917033,45
783,2.0300000,-0.2300000,-1.7700000,0.1005000,0.0058000,0.6298000,-0.4609999,-0.1624065,-1.8208129,0.0143123,-0.0051631,0.9881264,45
784,3.4900000,-1.8800000,-0.9700000,0.0224000,-0.0205000,1.2167000,-0.2492199,-0.2836348,-1.8037602,0.0186730,-0.0080253,0.9747281,45
785,-0.1000000,-0.4800000,-1.4600000,-0.0097000,-0.1118000,1.1899000,0.0855689,-0.4283720,-1.7517522,0.0226930,-0.0121685,0.9732484,45
786,-0.3400000,-1.7000000,-0.6100000,0.0854000,-0.0483000,0.7885000,0.3526582,-0.5779654,-1.6680476,0.0252236,-0.0197206,0.9821805,45
787,3.1300000,0.1200000,1.5800000,0.0410000,0.0000000,0.8408000,0.5428220,-0.7029908,-1.5024552,0.0288792,-0.0271653,0.9814620,45
788,2.7600000,0.0600000,2.0100000,-0.0185000,-0.0122000,1.3056000,0.7955006,-0.7548190,-1.1839747,0.0318941,-0.0309727,0.9779856,45
789,-1.8700000,-0.1700000,1.1500000,-0.0043000,-0.0976000,1.0151000,1.0298164,-0.7260161,-0.7490412,0.0312596,-0.0333766,0.9869055,45
790,0.6300000,-0.1700000,2.4300000,0.0605000,0.0102000,0.7524000,1.0903373,-0.6582575,-0.2745610,0.0290122,-0.0361976,0.9954496,45
791,2.9400000,1.9500000,3.5300000,0.0024000,0.0126000,1.1074000,1.0883562,-0.5330002,0.2433994,0.0276321,-0.0363963,0.9938099,45
792,-0.3400000,1.1000000,2.3700000,-0.0312000,-0.0146000,1.2338000,1.1235685,-0.3128458,0.7942297,0.0252121,-0.0331822,0.9972923,45
793,-2.2900000,0.0000000,1.0300000,0.0136000,-0.0839000,0.8583000,1.0552893,-0.0631715,1.2704777,0.0207027,-0.0304735,1.0084453,45
794,0.9300000,0.9800000,2.3100000,0.0068000,0.0131000,0.8022000,0.8465907,0.1438057,1.6092201,0.0162038,-0.0296884,1.0099513,45
795,2.8800000,2.8700000,3.1700000,-0.0273000,-0.0092000,1.1977000,0.6939362,0.3620011,1.8743341,0.0120146,-0.0281435,1.0032975,45
796,-2.0500000,1.1000000,1.7600000,-0.0327000,-0.0629000,1.0688000,0.6334716,0.6299121,2.1028615,0.0067460,-0.0262615,1.0041153,45
797,-1.5600000,-0.7800000,1.5200000,0.0180000,-0.0346000,0.8085000,0.4879717,0.8372920,2.2453822,0.0013249,-0.0263509,1.0071973,45
798,2.0300000,1.8900000,2.9200000,-0.0073000,0.0292000,0.9941000,0.2923930,0.9317520,2.3114524,-0.0023388,-0.0263580,1.0021670,45
799,2.0900000,3.5400000,2.7400000,-0.0112000,0.0136000,1.2197000,0.2356519,1.0488284,2.3709816,-0.0046572,-0.0234939,0.9990961,45
800,-2.9700000,1.1600000,0.3000000,0.0029000,-0.0439000,0.9355000,0.2454003,1.2431041,2.3934169,-0.0063083,-0.0195187,1.0046100,45
801,-0.3400000,0.1200000,0.0000000,0.0317000,0.0170000,0.8510000,0.1477894,1.3879387,2.2826128,-0.0063322,-0.0165500,1.0066052,45
802,3.0100000,4.4600000,0.8500000,0.0195000,0.0673000,1.1196000,0.0604606,1.4870193,2.0512741,-0.0041157,-0.0121636,1.0024759,45
803,-1.8700000,3.6600000,-0.1800000,-0.0136000,0.0400000,1.1259000,0.0761128,1.6861661,1.7686455,-0.0012168,-0.0045254,1.0039687,45
804,-3.2100000,1.4700000,-2.3200000,-0.0214000,-0.0620000,0.8242000,0.0009085,1.9445383,1.4085472,0.0001558,0.0024501,1.0085356,45
805,-0.3400000,0.9800000,-1.1600000,0.0043000,0.0444000,0.9409000,-0.2207164,2.1062661,0.9443456,-0.0000228,0.0059317,1.0050592,45
806,2.2100000,5.9800000,0.6000000,-0.0190000,0.0581000,1.1674000,-0.3788649,2.2297714,0.4896298,-0.0007741,0.0093932,0.9998806,45
807,-4.4900000,2.3200000,-1.4600000,-0.0234000,-0.0009000,0.9453000,-0.4580924,2.4363286,0.1301451,-0.0023406,0.0140660,1.0010074,45
808,0.5600000,-2.0000000,-2.2600000,-0.0117000,-0.0380000,0.7861000,-0.5968227,2.5462043,-0.2028478,-0.0047137,0.0163004,0.9985181,45
809,4.4700000,1.2200000,-0.4900000,0.0258000,0.0859000,1.1044000,-0.6157610,2.4028895,-0.5300572,-0.0062787,0.0166048,0.9894471,45
810,0.8100000,4.0300000,-0.6700000,-0.0097000,0.0546000,1.1660000,-0.3713814,2.2077146,-0.7758581,-0.0061716,0.0192497,0.9877086,45
811,-2.9700000,-1.4500000,-3.4200000,-0.0400000,-0.0229000,0.8789000,-0.1221537,2.0624382,-0.9766132,-0.0062819,0.0228581,0.9939133,45
812,3.6200000,-3.1000000,-2.8100000,0.0175000,0.0400000,0.8823000,0.0171760,1.7640180,-1.2341734,-0.0072980,0.0243161,0.9944875,45
813,4.7100000,3.1800000,-0.8500000,0.0649000,0.1391000,1.1015000,0.2855042,1.3411434,-1.4988392,-0.0061604,0.0272381,0.9901774,45
814,-4.6700000,-2.1900000,-3.6000000,-0.0244000,-0.0410000,0.9106000,0.6027591,0.9836826,-1.7110521,-0.0024677,0.0324912,0.9881198,45
815,1.5400000,-4.5700000,-2.5600000,0.0014000,-0.0097000,0.9199000,0.6957517,0.5595210,-1.9227850,0.0004504,0.0342020,0.9845935,45
816,3.3700000,3.6000000,0.7200000,0.0722000,0.1196000,1.1030000,0.7352489,0.0872916,-2.0647832,0.0033019,0.0337407,0.9806253,45
817,-3.5800000,2.6900000,0.6000000,0.0244000,0.0156000,1.0849000,0.7959072,-0.1157424,-2.0004261,0.0082836,0.0356567,0.9838703,45
818,-5.1000000,-4.9900000,-0.7300000,-0.0668000,-0.0898000,0.8364000,0.5923314,-0.1565280,-1.7745503,0.0119018,0.0352462,0.9894404,45
819,1.6600000,-2.9800000,1.7000000,0.0000000,0.0512000,1.0820000,0.1707733,-0.3763676,-1.4702586,0.0110730,0.0298861,0.9906417,45
820,1.1700000,6.0400000,3.9000000,0.0527000,0.0800000,1.0927000,-0.1255633,-0.5857365,-1.0250420,0.0093688,0.0259072,0.9940337,45
821,-5.9600000,0.1200000,1.4000000,0.0078000,-0.0146000,0.9042000,-0.3448957,-0.4877927,-0.4382478,0.0097966,0.0252226,1.0001348,45
822,-4.1900000,-7.6800000,-0.6100000,-0.0781000,-0.0634000,0.9370000,-0.7579037,-0.4139069,0.0956072,0.0090872,0.0225042,1.0007854,45
823,3.0100000,0.9800000,1.5800000,0.0117000,0.0913000,1.1562000,-1.1894465,-0.6196584,0.4656623,0.0051568,0.0179467,0.9998221,45
824,-2.3600000,6.2300000,1.7600000,0.0410000,0.0507000,0.9458000,-1.3813091,-0.6915956,0.7521487,0.0019466,0.0169942,1.0031389,45
825,-5.4700000,-4.6300000,-1.7100000,-0.0703000,-0.0581000,0.7861000,-1.5375936,-0.5052399,0.9435471,0.0002013,0.0177214,1.0016781,45
826,0.3800000,-7.3700000,-2.0700000,-0.0883000,-0.0390000,1.1245000,-1.7737838,-0.5539998,0.9155914,-0.0047078,0.0146654,0.9934267,45
827,2.8200000,4.5800000,1.2100000,0.0297000,0.0639000,1.1196000,-1.8207282,-0.8378002,0.7309225,-0.0118403,0.0100773,0.9917695,45
828,-3.2700000,3.9100000,0.7900000,0.0561000,0.0136000,0.8330000,-1.6493414,-0.8380375,0.5766624,-0.0149172,0.0083817,0.9953183,45
829,-4.0000000,-7.9200000,-2.0100000,-0.0874000,-0.1040000,0.9746000,-1.5619685,-0.6808938,0.4470671,-0.0145977,0.0063618,0.9931544,45
830,3.2500000,-3.4700000,-0.0600000,0.0000000,0.0136000,1.2714000,-1.5415220,-0.8346947,0.2619623,-0.0156040,0.0009242,0.9933931,45
831,1.1100000,9.4000000,2.7400000,0.1201000,0.0605000,0.9272000,-1.3320718,-0.9759364,0.1344515,-0.0143392,-0.0029648,1.0030059,45
832,-5.7100000,-0.1100000,0.1800000,0.0249000,-0.0336000,0.7958000,-1.0955508,-0.6824528,0.1543382,-0.0070519,-0.0031924,1.0073551,45
833,-1.8700000,-7.5600000,-1.8300000,-0.1103000,-0.1044000,1.1591000,-1.1004636,-0.4068678,0.1801999,-0.0006148,-0.0053132,1.0030848,45
834,3.9800000,4.3400000,1.8200000,0.0361000,0.0698000,1.2329000,-1.1250664,-0.4161437,0.1489719,0.0003578,-0.0097129,1.0070652,45
835,-3.6400000,11.6600000,2.7400000,0.1152000,0.0527000,0.7568000,-1.0012608,-0.1319971,0.2083556,0.0025012,-0.0099891,1.0167162,45
836,-6.6300000,-2.6100000,-0.9100000,-0.0688000,-0.0903000,0.8530000,-1.0408510,0.5639328,0.3580363,0.0076455,-0.0076587,1.0135197,45
837,1.3600000,-4.6900000,-0.6100000,-0.1000000,-0.0688000,1.3369000,-1.2947225,1.0001118,0.4314978,0.0078723,-0.0094992,1.0063608,45
838,2.0900000,11.1700000,3.2300000,0.0961000,0.0698000,1.0541000,-1.3900856,1.1830451,0.4660404,0.0039170,-0.0130917,1.0129249,45
839,-5.1000000,8.7300000,1.4600000,0.0844000,-0.0473000,0.6176000,-1.3307399,1.7351308,0.5975651,0.0046124,-0.0138721,1.0173557,45
840,-3.2100000,-6.4600000,-1.8900000,-0.1411000,-0.1435000,1.0644000,-1.4131191,2.3950709,0.7194694,0.0071741,-0.0166383,1.0058233,45
841,5.0200000,-0.1700000,0.3600000,-0.0205000,-0.0273000,1.3691000,-1.4829743,2.5383568,0.7004920,0.0038565,-0.0243379,1.0002789,45
842,-0.5900000,14.0400000,2.9800000,0.1450000,0.0869000,0.7338000,-1.2833234,2.5717420,0.6683988,0.0006739,-0.0295542,1.0074732,45
843,-3.3300000,0.9800000,-0.0600000,0.0048000,-0.0385000,0.6904000,-1.0419407,2.9667652,0.7198428,0.0040875,-0.0283564,1.0019896,45
844,0.8100000,-8.9600000,-2.6200000,-0.1689000,-0.1030000,1.2939000,-0.9327636,3.1231703,0.6998291,0.0056612,-0.0271801,0.9864335,45
845,5.6300000,5.3700000,0.4200000,0.0673000,0.0668000,1.2329000,-0.7090838,2.7402214,0.5327668,0.0008796,-0.0278109,0.9878110,45
846,-3.1500000,11.5400000,0.7200000,0.1484000,0.0483000,0.5605000,-0.3295197,2.5419954,0.3615337,0.0000338,-0.0243968,0.9961044,45
847,-0.7100000,-9.8800000,-3.6600000,-0.1513000,-0.1030000,1.2949000,-0.0873292,2.5836037,0.1865198,0.0037623,-0.0190343,0.9946831,45
848,4.7800000,1.7700000,-0.7900000,0.0385000,0.0244000,1.3315000,0.0792330,2.2732018,-0.0891255,0.0035277,-0.0167430,1.0038748,45
849,-3.3300000,11.7200000,1.4600000,0.1352000,0.0620000,0.5922000,0.2905530,1.9995594,-0.3346664,0.0043170,-0.0137718,1.0205065,45
850,-2.5400000,-4.0200000,-1.1000000,-0.0444000,-0.0761000,0.7612000,0.3139738,2.0889934,-0.4445737,0.0097884,-0.0093079,1.0150077,45
851,3.5600000,-10.3000000,-1.3400000,-0.1347000,-0.0766000,1.3989000,0.2063679,1.8455841,-0.5211221,0.0107378,-0.0090471,1.0005048,45
852,2.5800000,6.5300000,2.4300000,0.0981000,0.0815000,1.1557000,0.2645733,1.1779029,-0.5554656,0.0061521,-0.0111214,1.0055164,45
853,-5.7100000,7.6300000,1.8200000,0.0844000,0.0156000,0.5039000,0.3411003,0.8637257,-0.4256242,0.0056470,-0.0095098,1.0125893,45
854,-1.8100000,-10.0000000,-1.1600000,-0.1245000,-0.0561000,0.9780000,0.1488914,0.8296245,-0.2095490,0.0077293,-0.0065755,0.9988727,45
855,6.1200000,-7.2500000,-0.0600000,-0.0512000,0.0092000,1.5024000,-0.0508107,0.3470714,-0.0653817,0.0041099,-0.0059207,0.9894089,45
856,-0.8300000,10.7400000,2.6800000,0.1191000,0.0810000,0.7875000,0.0179922,-0.2666434,0.0604492,-0.0007066,-0.0041555,0.9996603,45
857,-4.6100000,-1.2700000,0.3000000,-0.0126000,-0.0415000,0.6103000,0.0576612,-0.3785495,0.2487619,-0.0002363,-0.0000847,0.9999904,45
858,2.1500000,-13.1700000,-1.5800000,-0.1870000,-0.0859000,1.2812000,-0.0801878,-0.5197248,0.3836943,-0.0017855,0.0007676,0.9859296,45
859,5.3900000,0.6100000,1.7600000,0.0410000,0.0595000,1.3945000,-0.0601322,-1.1107674,0.4173182,-0.0095765,-0.0018363,0.9894333,45
860,-3.8800000,9.2800000,3.4100000,0.0410000,0.0595000,1.3945000,0.1393156,-1.4542243,0.5128044,-0.0150892,-0.0014991,1.0219454,46
861,-0.7100000,-8.5900000,0.0500000,-0.0644000,-0.0585000,0.8383000,0.1941833,-1.3451960,0.7061687,-0.0162358,0.0012476,1.0615553,46
862,3.8600000,-10.9700000,-0.5500000,-0.1298000,-0.0375000,1.5854000,0.1848533,-1.5461795,0.8329010,-0.0200370,0.0010011,1.0951990,46
863,1.3000000,8.6100000,2.8000000,0.1093000,0.0874000,1.0087000,0.3309124,-1.9910979,0.8824170,-0.0251772,-0.0001633,1.1295696,46
864,-3.7000000,5.0100000,1.6400000,0.1093000,0.0874000,1.0087000,0.4534343,-1.8903566,0.9776443,-0.0224727,0.0036158,1.1534855,47
865,0.6300000,-10.2400000,-1.8300000,-0.1494000,-0.0771000,1.2060000,0.3857320,-1.5053877,1.0455352,-0.0153481,0.0094665,1.1611553,47
866,2.9400000,-3.7700000,-0.9700000,-0.0419000,-0.0170000,1.6445000,0.3213655,-1.5239582,0.9450364,-0.0141930,0.0107753,1.1745210,47
867,-1.5000000,13.0000000,2.0700000,0.1562000,0.0908000,0.5161000,0.3548853,-1.5094421,0.7705216,-0.0138584,0.0103415,1.1893795,47
868,-1.3800000,-2.0000000,-0.4900000,0.0278000,0.0000000,0.6005000,0.3189540,-0.9725870,0.6505210,-0.0065396,0.0125382,1.1691793,47
869,2.5200000,-11.2200000,-3.1100000,-0.2104000,-0.0605000,1.4892000,0.2353417,-0.5947280,0.4807315,-0.0012923,0.0135483,1.1266930,47
870,3.7400000,4.2700000,-0.5500000,0.0371000,0.0683000,1.2963000,0.3114279,-0.7096924,0.1874126,-0.0049707,0.0120494,1.1068436,47
871,-3.5100000,10.2600000,0.3000000,0.0371000,0.0683000,1.2963000,0.4655488,-0.5741810,-0.0942894,-0.0089209,0.0130201,1.1132069,48
872,-0.9500000,-6.1500000,-3.1700000,-0.0776000,-0.0097000,0.9262000,0.4420428,-0.0667908,-0.3300449,-0.0100608,0.0165170,1.1245637,48
873,3.1900000,-8.2900000,-3.6600000,-0.1103000,-0.0405000,1.6362000,0.3468713,0.0565292,-0.6495421,-0.0145708,0.0176016,1.1376042,48
874,2.7000000,10.2600000,0.0000000,0.1425000,0.0742000,0.8183000,0.4212452,-0.1193602,-1.0129466,-0.0194197,0.0165518,1.1553363,48
875,-4.0600000,4.7600000,-0.9100000,0.0864000,-0.0219000,0.5590000,0.5260827,0.1186379,-1.2564242,-0.0157257,0.0162761,1.1508521,48
876,0.5600000,-7.9800000,-3.3500000,-0.1547000,-0.1206000,1.2744000,0.4534531,0.4987315,-1.4154770,-0.0088679,0.0129802,1.1200059,48
877,4.1700000,-0.3500000,-0.9700000,0.0185000,-0.0161000,1.4799000,0.3951471,0.4704774,-1.5760909,-0.0078643,0.0042163,1.1023852,48
878,-1.8700000,12.7000000,2.1900000,0.1870000,0.0737000,0.4809000,0.4671950,0.4952967,-1.6147465,-0.0051971,-0.0033317,1.0972207,48
879,-1.9900000,-0.1700000,-0.2400000,0.0000000,-0.0473000,0.7119000,0.4445416,0.9710998,-1.4461558,0.0048138,-0.0062180,1.0690999,48
880,4.0400000,-3.8900000,-0.7900000,-0.0644000,-0.0239000,1.5996000,0.3579504,1.3683512,-1.2033786,0.0133097,-0.0084693,1.0355582,48
881,-0.7700000,12.4500000,2.1300000,0.1650000,0.0986000,0.5488000,0.3805030,1.6035798,-0.9447756,0.0184165,-0.0091626,1.0204260,48
882,-1.9900000,2.0200000,-0.0600000,0.0327000,-0.0356000,0.5898000,0.3746426,2.0881428,-0.6345388,0.0262031,-0.0061056,0.9947607,48
883,0.7500000,-11.4600000,-2.2600000,-0.2119000,-0.0942000,1.5717000,0.2604542,2.3321896,-0.3896141,0.0294636,-0.0049962,0.9646647,48
884,5.3900000,3.4200000,0.6600000,0.0551000,-0.0039000,1.1982000,0.2647047,1.9502994,-0.2799590,0.0224398,-0.0084602,0.9669069,48
885,-2.6000000,9.5200000,2.4900000,0.0551000,-0.0039000,1.1982000,0.4255105,1.6471077,-0.1560123,0.0151965,-0.0121291,0.9944266,49
886,0.2600000,-6.8900000,-0.4200000,-0.1074000,-0.0834000,0.8500000,0.5034983,1.6330353,0.0408494,0.0104931,-0.0154177,1.0214532,49
887,4.2900000,-11.8900000,-1.4600000,-0.1528000,-0.0522000,1.6489000,0.5574525,1.1684762,0.1676411,0.0003575,-0.0207649,1.0480510,49
888,2.8800000,7.3900000,2.1300000,0.1025000,0.0659000,0.8286000,0.7826510,0.3091221,0.2111912,-0.0124075,-0.0249743,1.0808589,49
889,-4.2500000,3.4800000,1.6400000,0.1025000,0.0659000,0.8286000,0.9806929,-0.1389279,0.3113265,-0.0164908,-0.0227457,1.0981098,50
890,1.1100000,-12.8700000,-1.2200000,-0.1875000,-0.0214000,1.2758000,0.9383489,-0.3854015,0.4346878,-0.0153748,-0.0159484,1.0965043,50
891,4.3500000,-5.1200000,0.1800000,-0.0605000,-0.0024000,1.4941000,0.8824042,-1.0623996,0.4664341,-0.0201118,-0.0098920,1.1052810,50
892,-3.3900000,7.7500000,3.1100000,0.1303000,0.0957000,0.5605000,0.9045725,-1.7197277,0.4945120,-0.0251130,-0.0038173,1.1190111,50
893,-2.3600000,-3.0400000,0.6600000,-0.0493000,-0.0541000,0.6699000,0.7499235,-1.8557425,0.6145824,-0.0232746,0.0030946,1.1038968,50
894,0.8700000,-14.0900000,-1.4000000,-0.1767000,-0.0590000,1.5732000,0.4450916,-2.0433331,0.7030709,-0.0231378,0.0058430,1.0752829,50
895,2.7600000,1.5900000,1.5800000,0.0722000,0.0131000,1.1445000,0.2568098,-2.5945666,0.6920963,-0.0278290,0.0039431,1.0701797,50
896,-5.1600000,5.8600000,2.6200000,0.0722000,0.0131000,1.1445000,0.1401271,-2.8410917,0.7174244,-0.0278007,0.0020122,1.0814870,51
897,0.0800000,-9.2700000,0.0500000,-0.1196000,-0.0380000,0.9799000,-0.0961880,-2.6898294,0.8140082,-0.0236012,0.0006382,1.0904952,51
898,2.2100000,-9.6900000,-0.4200000,-0.1401000,-0.0156000,1.6977000,-0.2960545,-2.8259987,0.8567520,-0.0251794,-0.0018708,1.1051097,51
899,-1.2000000,7.8800000,1.7600000,0.1464000,0.1289000,0.7670000,-0.3341810,-3.1034403,0.8348208,-0.0292580,-0.0021307,1.1289802,51
900,-3.3300000,2.6900000,0.2400000,0.1464000,0.1289000,0.7670000,-0.4024811,-2.8561376,0.8207696,-0.0235165,0.0053268,1.1339020,52
901,1.2400000,-11.4600000,-2.9900000,-0.1494000,-0.0405000,1.4125000,-0.5469046,-2.4319362,0.7307600,-0.0121248,0.0166345,1.1205480,52
902,3.1900000,-1.1500000,-1.9500000,-0.0170000,-0.0366000,1.5263000,-0.5486010,-2.3938904,0.4598867,-0.0072469,0.0227774,1.1247585,52
903,-4.4300000,8.9700000,0.4200000,0.1757000,0.0859000,0.5073000,-0.4415521,-2.2733795,0.1192780,-0.0036909,0.0243291,1.1369658,52
904,0.5000000,-1.4500000,-0.8500000,0.0039000,-0.0361000,0.5532000,-0.4412557,-1.7053825,-0.1481173,0.0056805,0.0253600,1.1155985,52
905,3.6200000,-10.8500000,-1.7100000,-0.1425000,-0.0390000,1.6582000,-0.4018021,-1.3000959,-0.3677622,0.0120579,0.0234759,1.0779854,52
906,-0.3400000,3.9700000,0.6600000,0.0722000,0.0498000,1.2070000,-0.1956035,-1.3209224,-0.5515892,0.0109840,0.0190902,1.0692191,52
907,-3.1500000,8.3600000,1.6400000,0.0722000,0.0498000,1.2070000,-0.0518617,-1.1187110,-0.6000716,0.0109011,0.0169611,1.0837269,53
908,0.5600000,-6.8900000,-0.5500000,-0.0541000,0.0336000,1.0283000,-0.0776133,-0.6220020,-0.5148774,0.0132357,0.0179083,1.0993455,53
909,2.5800000,-5.2400000,-1.5800000,-0.0917000,-0.0512000,1.6713000,-0.0768483,-0.4675580,-0.4397628,0.0111051,0.0183986,1.1201578,53
910,-3.1500000,7.7500000,0.1100000,0.1679000,0.0708000,0.7543000,-0.0185700,-0.5241465,-0.4285604,0.0074487,0.0172752,1.1464508,53
911,-1.4400000,3.5400000,0.0500000,0.1679000,0.0708000,0.7543000,-0.0833314,-0.2411828,-0.4132572,0.0127797,0.0184044,1.1502276,54
912,2.0300000,-7.9200000,-1.6500000,-0.1088000,-0.0429000,1.4594000,-0.1985055,0.0984476,-0.3991641,0.0231030,0.0210543,1.1350043,54
913,-1.9300000,5.4300000,0.0500000,0.1547000,0.0527000,0.8720000,-0.2425684,0.1703888,-0.4223261,0.0299766,0.0218195,1.1253430,54
914,-1.2600000,4.5800000,0.4800000,0.1547000,0.0527000,0.8720000,-0.3133994,0.3538673,-0.4247433,0.0391126,0.0228711,1.1105917,55
915,1.8500000,-7.8000000,-1.4600000,-0.0927000,-0.0126000,1.3588000,-0.3858673,0.5794802,-0.4012100,0.0492888,0.0246303,1.0917407,55
916,0.2000000,-1.7600000,-2.2600000,-0.0288000,-0.0502000,1.4536000,-0.3483266,0.4209603,-0.4482781,0.0506609,0.0233241,1.0932317,55
917,-2.9700000,6.1100000,-0.4900000,0.1679000,0.0776000,0.5332000,-0.3107275,0.1808418,-0.5723930,0.0478246,0.0199017,1.1027489,55
918,-0.0400000,0.7300000,-0.6700000,0.0268000,-0.0478000,0.6904000,-0.3777333,0.2370467,-0.6845379,0.0488674,0.0172567,1.0847408,55
919,1.9700000,-6.0900000,-1.8300000,-0.1279000,-0.0766000,1.5766000,-0.4120530,0.2837743,-0.7749761,0.0474903,0.0122742,1.0561533,55
920,-2.6000000,1.7100000,-1.1000000,0.0703000,-0.0356000,1.1181000,-0.3748540,0.0953346,-0.8797749,0.0396049,0.0033409,1.0526219,55
921,-0.9500000,6.3500000,0.6600000,0.0703000,-0.0356000,1.1181000,-0.4048315,0.0407268,-0.9439933,0.0330328,-0.0063402,1.0648253,56
922,1.1700000,-3.4100000,0.1100000,-0.0336000,-0.0224000,1.1445000,-0.4584137,0.2233492,-0.9027182,0.0297250,-0.0146346,1.0774620,56
923,-0.1600000,-2.8000000,-1.2200000,-0.1049000,-0.0698000,1.5336000,-0.4312503,0.2568594,-0.8105562,0.0231711,-0.0217951,1.0982361,56
924,-1.8100000,5.3700000,-0.1800000,0.1367000,0.0317000,0.7041000,-0.3984651,0.1846134,-0.7367424,0.0149634,-0.0272535,1.1220604,56
925,-0.6500000,3.9700000,0.7900000,0.0771000,0.0087000,0.5576000,-0.4343976,0.3626405,-0.6460826,0.0134299,-0.0285187,1.1174809,56
926,2.4000000,-3.1600000,-0.4900000,-0.1005000,-0.0283000,1.4150000,-0.4368054,0.6515325,-0.5177599,0.0151913,-0.0266214,1.0897283,56
927,-2.2900000,0.0000000,-1.4000000,-0.0341000,-0.0585000,1.3251000,-0.3659046,0.7372781,-0.4257991,0.0119275,-0.0254028,1.0790344,56
928,-0.0400000,6.8400000,0.3600000,0.1308000,0.0156000,0.5102000,-0.3356229,0.8069498,-0.3914582,0.0081149,-0.0251854,1.0773827,56
929,0.8700000,2.2000000,0.6600000,0.0126000,-0.0092000,0.8676000,-0.3193650,1.1057327,-0.3383881,0.0098398,-0.0237558,1.0543034,56
930,1.9100000,-2.0000000,-0.9700000,-0.1259000,-0.0571000,1.5034000,-0.2107813,1.3941005,-0.2629084,0.0107601,-0.0221335,1.0300941,56
931,-1.3200000,2.8100000,-0.8500000,0.0517000,-0.0302000,1.0024000,-0.0565273,1.4873370,-0.2361566,0.0067203,-0.0223998,1.0297590,56
932,1.1700000,6.9000000,1.4000000,0.0517000,-0.0302000,1.0024000,0.0557815,1.6389284,-0.2255339,0.0041759,-0.0237374,1.0374080,57
933,2.6400000,0.2500000,1.2100000,-0.0512000,0.0136000,1.2070000,0.1968350,1.9430966,-0.1371397,0.0042953,-0.0242349,1.0436105,57
934,-1.0100000,-0.1100000,-0.4900000,-0.1025000,-0.0546000,1.4213000,0.3807409,2.1284874,-0.0025534,0.0009501,-0.0237638,1.0609089,57
935,0.0800000,5.5600000,0.6600000,0.1035000,0.0385000,0.6953000,0.4821613,2.1886654,0.1018431,-0.0043385,-0.0226994,1.0820704,57
936,-0.5200000,5.6200000,2.1300000,0.0439000,0.0156000,0.6855000,0.4809596,2.3854239,0.2200632,-0.0044014,-0.0194301,1.0789554,57
937,2.2100000,0.6100000,0.7900000,-0.1113000,-0.0146000,1.4062000,0.4666559,2.6696374,0.3928815,-0.0024815,-0.0146658,1.0600209,57
938,-3.0300000,1.4100000,-0.1800000,-0.0175000,-0.0551000,1.1586000,0.4374667,2.8031447,0.5430516,-0.0049912,-0.0118118,1.0562403,57
939,0.9900000,5.9200000,2.1300000,0.1113000,0.0004000,0.5493000,0.3261645,2.8513630,0.6471516,-0.0069027,-0.0115309,1.0547743,57
940,1.2400000,3.3000000,2.8600000,0.0004000,0.0009000,0.9990000,0.2323946,2.9856078,0.8013069,-0.0034471,-0.0114968,1.0344959,57
941,0.5000000,0.4900000,1.2700000,-0.1079000,-0.0434000,1.3935000,0.2333170,3.0931463,1.0189632,-0.0008695,-0.0113789,1.0175303,57
942,-1.3800000,2.0200000,1.1500000,0.0488000,-0.0053000,0.8579000,0.2324371,3.0401583,1.2082466,-0.0024924,-0.0122207,1.0181727,57
943,0.8700000,5.1900000,2.4900000,0.0693000,0.0473000,0.6176000,0.1852845,2.9571583,1.3542864,-0.0021481,-0.0119134,1.0116401,57
944,2.7600000,0.7300000,1.8200000,-0.0751000,0.0463000,1.2563000,0.2028186,2.9300620,1.4988175,0.0005006,-0.0080360,0.9934491,57
945,-1.1300000,-0.1700000,-0.4900000,-0.0844000,-0.0253000,1.2265000,0.3034095,2.8074419,1.5843778,-0.0011606,-0.0026021,0.9894723,57
946,1.3600000,3.8500000,0.6000000,0.0756000,0.0361000,0.6328000,0.3809048,2.5884213,1.5408935,-0.0055128,0.0017306,0.9946380,57
947,2.4600000,1.2200000,0.9100000,-0.0532000,0.0214000,1.1850000,0.4813448,2.4157447,1.4217545,-0.0075881,0.0057421,0.9918969,57
948,-1.2600000,-0.5400000,-0.9100000,-0.0922000,-0.0292000,1.2578000,0.6079125,2.2264126,1.2614560,-0.0107798,0.0088517,0.9960235,57
949,-0.2800000,0.2500000,-0.4900000,0.0429000,0.0009000,0.7426000,0.6334228,1.9339612,1.0291944,-0.0158711,0.0094100,1.0078906,57
950,1.6000000,2.5700000,1.4000000,0.0043000,0.0185000,0.7866000,0.5944806,1.6418462,0.7877135,-0.0179035,0.0088333,1.0054204,57
951,2.7000000,-0.3500000,0.9100000,-0.0839000,0.0146000,1.3662000,0.6346167,1.4238227,0.6342280,-0.0184195,0.0088083,0.9970143,57
952,-3.3300000,-1.7000000,-0.8500000,-0.0585000,-0.0478000,1.0000000,0.6830831,1.1730266,0.5324378,-0.0217292,0.0080826,1.0022861,57
953,1.3000000,-0.0500000,0.4800000,0.0517000,0.0244000,0.6567000,0.6058709,0.8416281,0.4181560,-0.0251028,0.0058312,1.0059435,57
954,2.9400000,1.2800000,1.7000000,-0.0400000,0.0253000,1.0761000,0.5520633,0.5510309,0.3476202,-0.0251514,0.0044470,0.9955508,57
955,-0.6500000,-1.7600000,-0.1800000,-0.0825000,0.0249000,1.3144000,0.6043489,0.3354522,0.3487649,-0.0253873,0.0052083,0.9917191,57
956,-1.3800000,-2.3100000,-1.2200000,-0.0019000,-0.0449000,0.7626000,0.5945546,0.0788631,0.3238915,-0.0276545,0.0058847,0.9993159,57
957,2.5800000,-0.7200000,0.4800000,0.0278000,0.0385000,0.7758000,0.5238412,-0.2346279,0.2389412,-0.0280618,0.0053155,0.9965190,57
958,3.6200000,-0.2300000,0.7900000,-0.0561000,0.0346000,1.3144000,0.5850240,-0.4967692,0.1759074,-0.0261169,0.0058631,0.9875459,57
959,-2.6000000,-1.4500000,-1.6500000,-0.0571000,-0.0336000,1.0712000,0.7222686,-0.6778060,0.1295835,-0.0256133,0.0072314,0.9923471,57
960,0.2000000,-3.7700000,-1.5800000,0.0605000,0.0029000,0.6938000,0.7245532,-0.8780390,0.0073228,-0.0254378,0.0069316,0.9990658,57
961,3.5600000,-0.0500000,0.5400000,0.0039000,0.0239000,0.9614000,0.6951260,-1.1174764,-0.1574336,-0.0219202,0.0061041,0.9918055,57
962,1.8500000,-0.6600000,0.0000000,-0.0473000,0.0312000,1.3720000,0.8045754,-1.2722469,-0.2604948,-0.0174814,0.0067279,0.9875785,57
963,-4.3100000,-2.9200000,-2.0700000,-0.0424000,-0.0488000,0.8330000,0.8693825,-1.3554628,-0.3363944,-0.0159034,0.0073406,0.9966782,57
964,3.1300000,-3.2800000,-0.6100000,0.0283000,0.0249000,0.7490000,0.7680028,-1.4963598,-0.4534450,-0.0156984,0.0063104,0.9985034,57
965,3.0700000,0.1800000,1.0300000,-0.0336000,0.0395000,1.1767000,0.7421049,-1.6532919,-0.5374772,-0.0146954,0.0059561,0.9899073,57
966,-1.5000000,-1.1500000,-0.7900000,-0.0639000,-0.0073000,1.2133000,0.8219271,-1.7028651,-0.5349389,-0.0149362,0.0071905,0.9915452,57
967,-2.6000000,-4.9900000,-1.8900000,-0.0117000,-0.0512000,0.7675000,0.7562821,-1.7406547,-0.5393410,-0.0173672,0.0068763,1.0007218,57
968,4.3500000,-1.7600000,0.7200000,0.0341000,0.0400000,0.8393000,0.6062299,-1.8839329,-0.5761580,-0.0185996,0.0047226,0.9982669,57
969,2.2700000,-0.2300000,1.1500000,-0.0117000,0.0478000,1.2949000,0.6293909,-2.0000104,-0.5394276,-0.0169961,0.0045003,0.9916301,57
970,-3.7000000,-2.5500000,-1.5200000,-0.0522000,-0.0493000,1.0317000,0.6979167,-2.0095868,-0.4424113,-0.0154357,0.0057294,0.9973003,57
971,-0.0400000,-5.7900000,-1.2200000,0.0180000,-0.0024000,0.7690000,0.5819689,-2.0776186,-0.4071086,-0.0151652,0.0049890,1.0037105,57
972,4.5300000,0.6700000,1.1500000,0.0302000,0.0649000,0.9760000,0.4759165,-2.2246707,-0.4081970,-0.0134923,0.0043303,0.9983997,57
973,-0.2800000,-0.5400000,0.3000000,-0.0361000,0.0415000,1.2802000,0.5451962,-2.2404833,-0.3483881,-0.0104859,0.0069520,0.9951463,57
974,-4.9800000,-5.1200000,-2.1300000,-0.0498000,-0.0805000,0.8618000,0.5255472,-2.1817001,-0.2896741,-0.0095591,0.0094286,1.0014468,57
975,3.7400000,-4.2600000,0.1800000,0.0244000,0.0185000,0.8544000,0.3401843,-2.2707896,-0.3046623,-0.0104320,0.0082311,1.0025236,57
976,1.9700000,1.7100000,2.0700000,0.0244000,0.0625000,1.1357000,0.2837461,-2.3851015,-0.2837755,-0.0096839,0.0071834,0.9971131,57
977,-1.9300000,-0.7800000,-0.1200000,-0.0131000,-0.0234000,1.0952000,0.3402343,-2.2993473,-0.1632328,-0.0072191,0.0083465,0.9983133,57
978,-2.9700000,-7.9800000,-1.3400000,-0.0068000,-0.0610000,0.8432000,0.2515258,-2.2168869,-0.0629687,-0.0052311,0.0075121,1.0026187,57
979,2.8800000,2.3200000,2.3100000,0.0439000,0.0747000,1.0932000,0.0742105,-2.2755127,-0.0034465,-0.0031904,0.0049536,1.0026552,57
980,-1.6800000,0.8000000,0.6000000,-0.0053000,0.0180000,1.1406000,-0.0231800,-2.1813245,0.1129284,-0.0001050,0.0050516,1.0058835,57
981,-4.9800000,-7.2500000,-1.7100000,-0.0234000,-0.0673000,0.8383000,-0.1934346,-2.0125610,0.2146438,0.0020811,0.0055803,1.0117531,57
982,4.2900000,-2.6700000,0.5400000,0.0576000,0.0566000,0.9755000,-0.4347011,-2.0714129,0.2168460,0.0034264,0.0042661,1.0104101,57
983,0.6300000,4.5800000,2.0100000,0.0380000,0.0561000,1.1855000,-0.4695641,-2.1036218,0.2285534,0.0066208,0.0051290,1.0082064,57
984,-5.1600000,-0.9600000,-0.8500000,-0.0180000,-0.0463000,0.9379000,-0.4463693,-1.8442267,0.2922108,0.0104593,0.0077306,1.0118455,57
985,-1.8700000,-8.3500000,-1.7100000,-0.0263000,-0.0644000,0.9082000,-0.6277986,-1.6439846,0.2814465,0.0115929,0.0067517,1.0126154,57
986,3.4900000,1.7700000,1.5800000,0.0541000,0.0615000,1.0336000,-0.8023763,-1.7026166,0.1979090,0.0110572,0.0033001,1.0078360,57
987,-0.2800000,4.3400000,2.0100000,0.0263000,0.0219000,1.1440000,-0.7528817,-1.6128825,0.1979219,0.0119984,0.0024379,1.0065392,57
988,-6.5100000,-5.8500000,-1.5200000,-0.0224000,-0.0600000,0.8422000,-0.7325552,-1.3333795,0.2639705,0.0133312,0.0025989,1.0084719,57
989,4.1000000,-6.2700000,-0.4900000,0.0253000,-0.0078000,0.9404000,-0.8454369,-1.3207411,0.2545985,0.0132516,0.0003666,1.0043875,57
990,2.0900000,4.2700000,2.3100000,0.0654000,0.1049000,1.1606000,-0.7740019,-1.4901129,0.2243191,0.0140159,-0.0005061,0.9990779,57
991,-3.3300000,2.8700000,0.0000000,0.0253000,0.0107000,1.0278000,-0.5665960,-1.3758053,0.2698234,0.0170232,0.0032465,1.0015587,57
992,-5.4700000,-8.1700000,-3.2300000,-0.0444000,-0.0664000,0.8774000,-0.5896962,-1.1550174,0.2588551,0.0190223,0.0065955,1.0049044,57
993,3.6800000,-1.8200000,-0.6700000,0.0659000,0.0605000,1.0249000,-0.7698221,-1.2277029,0.0878314,0.0188246,0.0069764,1.0027902,57
994,0.5000000,7.2600000,1.1500000,0.0576000,0.0341000,1.1147000,-0.7755045,-1.2670735,-0.0975958,0.0200976,0.0084416,1.0020516,57
995,-6.9900000,-1.3300000,-1.9500000,-0.0141000,-0.0649000,0.9208000,-0.7632425,-0.9621876,-0.2151063,0.0226535,0.0099845,1.0049296,57
996,-1.8100000,-7.9200000,-2.8700000,-0.0444000,-0.1079000,0.9628000,-1.0011390,-0.7560295,-0.3860602,0.0221716,0.0060830,1.0047547,57
997,2.4600000,3.4200000,1.2700000,0.0917000,0.0727000,1.0830000,-1.2369688,-0.8392215,-0.5936233,0.0198565,-0.0010852,1.0028427,57
998,-1.9300000,7.3900000,1.7600000,0.0678000,-0.0039000,0.9956000,-1.2651502,-0.6984332,-0.6503373,0.0209298,-0.0049206,1.0038865,57
999,-7.3600000,-6.2100000,-1.9500000,-0.0468000,-0.0708000,0.9008000,-1.3575208,-0.3112314,-0.5774302,0.0235618,-0.0071037,1.0037416,57
1000,3.6800000,-4.4400000,-1.1000000,0.0175000,-0.0322000,1.0478000,-1.5681898,-0.2280860,-0.5493543,0.0231904,-0.0115019,1.0002352,57
1001,0.4400000,6.5900000,1.9500000,0.0766000,0.0937000,1.1337000,-1.5684879,-0.3271463,-0.5313997,0.0223906,-0.0142322,1.0005803,57
1002,-4.1300000,5.0100000,-0.7300000,0.0537000,0.0014000,0.8535000,-1.4340411,-0.0882516,-0.4356227,0.0245857,-0.0116949,1.0041431,57
1003,-4.3100000,-8.5900000,-4.1500000,-0.0761000,-0.0971000,0.9790000,-1.4762233,0.2331219,-0.4127060,0.0261854,-0.0091402,1.0024743,57
1004,4.4700000,-0.6000000,-1.2200000,0.0595000,0.0434000,1.1621000,-1.5509770,0.1640433,-0.5707088,0.0243246,-0.0097679,1.0006750,57
1005,0.0200000,10.2600000,0.7200000,0.1245000,0.0527000,0.9624000,-1.3809374,0.1160007,-0.7440865,0.0245390,-0.0085342,1.0048010,57
1006,-4.6700000,-1.3900000,-2.1300000,0.0073000,-0.0537000,0.7827000,-1.1641602,0.4480144,-0.8338667,0.0290476,-0.0051475,1.0044426,57
1007,1.2400000,-8.2300000,-2.8700000,-0.0771000,-0.1083000,1.1733000,-1.0938823,0.6098989,-0.9531944,0.0308508,-0.0058355,0.9978530,57
1008,4.5900000,5.8600000,1.4600000,0.0957000,0.0825000,1.1801000,-0.9127340,0.4239290,-1.0818863,0.0285007,-0.0095796,1.0000130,57
1009,-3.1500000,9.7100000,1.7600000,0.1083000,0.0468000,0.7451000,-0.5772252,0.5357016,-1.0411606,0.0291745,-0.0091327,1.0069925,57
1010,-3.2700000,-6.1500000,-1.7100000,-0.0766000,-0.0947000,0.9296000,-0.4156907,0.9485472,-0.8657284,0.0319965,-0.0064777,1.0028718,57
1011,5.3300000,-4.6300000,-0.3600000,-0.0151000,-0.0122000,1.2534000,-0.3662599,0.9921244,-0.7242361,0.0300311,-0.0073634,0.9971404,57
1012,-3.0900000,11.3500000,2.8600000,0.0913000,0.0615000,0.8310000,-0.2187761,0.8588334,-0.5666736,0.0260467,-0.0084967,0.9990645,57
1013,-4.1300000,-2.6700000,-1.2200000,-0.0737000,-0.0874000,0.8588000,-0.2066272,1.0136378,-0.3369527,0.0232828,-0.0080710,0.9958390,57
1014,3.3700000,-6.5200000,-0.6100000,-0.0620000,-0.0488000,1.1860000,-0.3425016,1.0212503,-0.1663680,0.0172679,-0.0104052,0.9887744,57
1015,3.5600000,9.6500000,3.5900000,0.0874000,0.0888000,1.1210000,-0.2782162,0.8223869,-0.0205025,0.0098078,-0.0129983,0.9922106,57
1016,-4.8600000,7.5100000,2.1300000,0.0478000,0.0048000,0.7250000,-0.1015673,1.0362718,0.2494209,0.0074608,-0.0109341,0.9981130,57
1017,-2.1100000,-7.8000000,-0.9700000,-0.1391000,-0.1118000,0.9252000,-0.1462034,1.4290063,0.5406734,0.0062378,-0.0090009,0.9919321,57
1018,6.5500000,-2.2500000,1.2700000,-0.0253000,0.0268000,1.4135000,-0.2138967,1.3584282,0.7133562,-0.0001829,-0.0108940,0.9883931,57
1019,-2.7200000,14.1000000,3.4100000,0.1059000,0.0815000,0.8417000,-0.0740394,1.2401857,0.8668154,-0.0059692,-0.0107651,0.9989834,57
1020,-3.7600000,1.3400000,0.3600000,-0.0151000,-0.0478000,0.7299000,-0.0316148,1.6127973,1.0653068,-0.0057584,-0.0069657,1.0023787,57
1021,-0.5900000,-9.0200000,-1.7100000,-0.1308000,-0.0708000,1.1909000,-0.2193689,1.8780576,1.1556316,-0.0062672,-0.0056745,0.9941709,57
1022,4.4100000,5.6200000,1.7000000,0.0302000,0.0527000,1.2802000,-0.3328067,1.6747883,1.0934123,-0.0110406,-0.0071359,0.9972457,57
1023,-5.4100000,11.2300000,2.0100000,0.0688000,0.0532000,0.6284000,-0.3221897,1.6800009,1.0399787,-0.0132473,-0.0057367,1.0070647,57
1024,-1.6800000,-4.0200000,-1.6500000,-0.1118000,-0.0815000,0.8520000,-0.4519723,2.0315895,1.0039032,-0.0124736,-0.0028199,1.0005237,57
1025,1.6000000,-7.4300000,-1.5200000,-0.0874000,-0.0351000,1.3920000,-0.6428977,2.0087233,0.8436848,-0.0158396,-0.0036328,0.9907516,57
1026,0.5600000,11.2300000,2.2500000,0.0693000,0.0800000,0.9956000,-0.6719285,1.6790527,0.6241490,-0.0210900,-0.0053023,0.9979118,57
1027,-4.6700000,5.4900000,0.7900000,0.0219000,0.0034000,0.6308000,-0.6757317,1.7448444,0.5089236,-0.0212951,-0.0033704,1.0029530,57
1028,-1.6800000,-9.1400000,-2.1300000,-0.1596000,-0.0747000,1.0185000,-0.8339590,1.9093603,0.4282817,-0.0206498,-0.0016176,0.9914025,57
1029,5.2600000,-2.1200000,-0.0600000,-0.0385000,0.0185000,1.4501000,-0.9240744,1.5620443,0.2712623,-0.0253210,-0.0029241,0.9870531,57
1030,-3.1500000,12.0900000,2.0100000,0.0991000,0.0629000,0.6279000,-0.7933617,1.1879007,0.1439462,-0.0290443,-0.0030210,0.9962813,57
1031,-1.5600000,-2.3700000,-0.7300000,-0.0361000,-0.0327000,0.8159000,-0.6980121,1.2479564,0.1155974,-0.0266166,-0.0005992,0.9928947,57
1032,-0.2800000,-10.3600000,-2.6800000,-0.1464000,-0.1000000,1.3417000,-0.7123318,1.1257696,0.0453520,-0.0253214,-0.0010564,0.9832882,57
1033,4.7800000,5.1300000,1.0300000,0.0693000,0.0791000,1.1093000,-0.6108700,0.5962708,-0.1049652,-0.0276702,-0.0043495,0.9906924,57
1034,-2.6000000,8.3000000,1.6400000,0.0917000,0.0244000,0.5693000,-0.3625671,0.3734589,-0.1724541,-0.0252688,-0.0044533,0.9987916,57
1035,-0.9500000,-7.7400000,-1.8300000,-0.1186000,-0.0649000,0.9838000,-0.2017056,0.4815233,-0.1520776,-0.0190055,-0.0028968,0.9886530,57
1036,4.1700000,-7.8600000,-1.4000000,-0.0781000,-0.0444000,1.5131000,-0.0889606,0.2100942,-0.1954773,-0.0179524,-0.0046744,0.9840664,57
1037,1.4800000,10.5600000,2.3700000,0.1250000,0.1054000,0.7451000,0.1686346,-0.2399402,-0.2529968,-0.0188433,-0.0064089,0.9975697,57
1038,-1.8700000,2.6300000,0.9700000,0.0561000,0.0073000,0.6816000,0.4259351,-0.1901706,-0.1830036,-0.0133220,-0.0035181,1.0000970,57
1039,-0.5200000,-11.1600000,-2.1300000,-0.1796000,-0.0791000,1.2744000,0.5009066,-0.0493852,-0.0796303,-0.0075538,-0.0005600,0.9893127,57
1040,5.6900000,-0.5400000,0.1800000,0.0161000,0.0263000,1.3422000,0.5645819,-0.3614115,-0.0693940,-0.0090115,-0.0011202,0.9947545,57
1041,-2.2900000,10.3200000,2.5600000,0.1396000,0.0893000,0.5268000,0.7321798,-0.5710567,-0.0413884,-0.0093791,-0.0001283,1.0084184,57
1042,-0.7700000,-3.5900000,-0.4900000,-0.0356000,-0.0366000,0.7929000,0.7876788,-0.3280616,0.0764989,-0.0036458,0.0038982,1.0002119,57
1043,0.9900000,-12.3200000,-2.3200000,-0.1655000,-0.0805000,1.5830000,0.7029594,-0.3302273,0.1310990,-0.0016259,0.0048741,0.9888183,57
1044,3.6200000,6.5900000,1.4600000,0.1025000,0.0859000,0.9628000,0.6891560,-0.7396920,0.0818793,-0.0055039,0.0028651,1.0009200,57
1045,-1.5000000,-1.1500000,-0.0600000,0.0112000,-0.0327000,0.6718000,0.7601019,-0.9487051,0.0545795,-0.0065306,0.0025234,1.0122307,57
1046,1.6000000,-12.8700000,-2.7400000,-0.1938000,-0.0986000,1.5083000,0.7891267,-1.1788584,0.0045694,-0.0080483,0.0005330,1.0147808,57
1047,5.1400000,3.1800000,0.4200000,0.0795000,0.0351000,1.1669000,0.8817187,-1.7079425,-0.1306985,-0.0143378,-0.0046986,1.0324063,57
1048,-2.0500000,9.2200000,1.5800000,0.1557000,0.0454000,0.4760000,1.0676907,-1.8556405,-0.2133800,-0.0147917,-0.0073350,1.0474956,57
1049,0.0200000,-7.0100000,-1.6500000,-0.0805000,-0.0566000,0.9306000,1.1224813,-1.5078789,-0.2105055,-0.0076607,-0.0070449,1.0342684,57
1050,4.7100000,-9.1400000,-2.1300000,-0.0966000,-0.0722000,1.6318000,1.1216735,-1.4436704,-0.2690722,-0.0045183,-0.0091045,1.0224097,57
1051,2.0300000,9.4000000,1.9500000,0.1430000,0.0791000,0.8208000,1.2614038,-1.6056398,-0.3645487,-0.0047648,-0.0121423,1.0333885,57
1052,-2.7200000,5.6200000,1.0900000,0.1430000,0.0791000,0.8208000,1.3711915,-1.2736588,-0.3390588,0.0021355,-0.0097993,1.0396394,58
1053,1.4800000,-10.0000000,-1.9500000,-0.1699000,-0.0961000,1.3056000,1.2926905,-0.7447378,-0.2516913,0.0115931,-0.0046737,1.0358047,58
1054,5.2600000,-0.9600000,0.0000000,-0.0068000,-0.0122000,1.5385000,1.2489560,-0.6537649,-0.2318731,0.0126385,-0.0035273,1.0499599,58
1055,-3.0300000,13.0600000,2.9800000,0.1586000,0.0800000,0.5195000,1.3007217,-0.5200051,-0.1798496,0.0117936,-0.0033221,1.0731422,58
1056,-1.3200000,0.3100000,0.4800000,0.0048000,-0.0253000,0.5976000,1.1868534,0.1190791,-0.0026994,0.0166345,-0.0004634,1.0655676,58
1057,3.3100000,-10.4900000,-1.3400000,-0.2016000,-0.0776000,1.6943000,0.9710831,0.5834566,0.1633497,0.0177322,0.0004392,1.0435731,58
1058,2.7000000,7.2600000,1.4600000,0.0717000,0.0517000,1.1831000,0.9153549,0.5650969,0.2418615,0.0104505,-0.0016039,1.0494500,58
1059,-4.1900000,11.7800000,2.0700000,0.0717000,0.0517000,1.1831000,0.8968568,0.8254437,0.3460898,0.0052119,-0.0012290,1.0742224,59
1060,0.6900000,-6.0300000,-1.2800000,-0.1254000,-0.0468000,0.9931000,0.7127293,1.4239734,0.4718944,0.0032350,0.0012853,1.0950409,59
1061,4.2300000,-6.2100000,-1.6500000,-0.1152000,-0.0620000,1.7158000,0.5659013,1.5631076,0.4716920,-0.0042034,0.0007079,1.1185337,59
1062,-0.9500000,11.5400000,1.7600000,0.1284000,0.0756000,0.7309000,0.5909557,1.3879957,0.3770345,-0.0132033,-0.0016313,1.1472869,59
1063,-3.3900000,5.1900000,0.6600000,0.1284000,0.0756000,0.7309000,0.5382625,1.6072239,0.3368482,-0.0124922,0.0003093,1.1520582,60
1064,2.8200000,-9.9400000,-2.1300000,-0.1889000,-0.0585000,1.3955000,0.3626178,1.8593111,0.3030936,-0.0070902,0.0049091,1.1346326,60
1065,2.4600000,-1.0300000,-0.3000000,-0.0039000,-0.0004000,1.5063000,0.3154301,1.5559123,0.1787714,-0.0081432,0.0066253,1.1332909,60
1066,-3.8200000,11.6000000,1.8800000,-0.0039000,-0.0004000,1.5063000,0.3385534,1.2283018,0.0676050,-0.0121931,0.0059948,1.1601702,61
1067,-1.6200000,-2.6700000,-0.4900000,-0.0458000,-0.0043000,0.6953000,0.1896196,1.3111402,0.0505249,-0.0149658,0.0049984,1.1889276,61
1068,2.6400000,-10.9700000,-2.1300000,-0.1708000,-0.0727000,1.6713000,-0.0099007,1.1643477,0.0108091,-0.0208900,0.0023170,1.2036053,61
1069,-0.2800000,4.6400000,0.4800000,0.0825000,0.0444000,0.9887000,-0.0691862,0.5756012,-0.1012869,-0.0291347,-0.0017036,1.2172802,61
1070,-4.9200000,5.6200000,1.0300000,0.0825000,0.0444000,0.9887000,-0.1586878,0.2306953,-0.1678548,-0.0305416,-0.0029304,1.2213968,62
1071,0.9900000,-9.9400000,-1.6500000,-0.1596000,-0.0444000,1.1264000,-0.3867030,0.1102519,-0.1791897,-0.0272251,-0.0016983,1.2081092,62
1072,3.0700000,-9.3300000,-1.6500000,-0.0820000,-0.0639000,1.6054000,-0.4992649,-0.4496181,-0.2507912,-0.0293115,-0.0029468,1.1998777,62
1073,-1.9900000,5.7400000,1.2700000,0.1420000,0.0712000,0.5854000,-0.4281205,-1.2316780,-0.3504728,-0.0319421,-0.0055391,1.1970704,62
1074,-1.8700000,-2.0600000,0.1100000,0.0244000,0.0000000,0.5375000,-0.4039312,-1.6325009,-0.3661657,-0.0265163,-0.0051802,1.1656554,62
1075,3.3100000,-14.5800000,-2.2600000,-0.1757000,-0.0473000,1.4814000,-0.4045700,-2.0187053,-0.3622792,-0.0206031,-0.0040539,1.1149642,62
1076,3.1300000,-4.4400000,-0.6100000,0.0444000,0.0053000,1.3247000,-0.2142222,-2.8204013,-0.4315020,-0.0208311,-0.0047993,1.0897866,62
1077,-4.0000000,4.0900000,1.0900000,0.0444000,0.0053000,1.3247000,0.0369312,-3.4970125,-0.4892333,-0.0201574,-0.0055225,1.0956574,63
1078,3.6200000,-13.7200000,-1.3400000,-0.1372000,-0.0493000,1.4042000,0.1699378,-3.8504631,-0.4823384,-0.0181864,-0.0062134,1.1194190,63
1079,2.4000000,-6.5800000,-0.1800000,0.0112000,-0.0170000,1.4511000,0.3548603,-4.3689233,-0.4747160,-0.0198555,-0.0083726,1.1568813,63
1080,-4.1300000,3.6600000,2.0700000,0.0112000,-0.0170000,1.4511000,0.5311111,-4.8168036,-0.4242609,-0.0214116,-0.0110991,1.2036016,64
1081,0.8100000,-5.7900000,1.2100000,-0.0131000,-0.0214000,0.7299000,0.5000629,-4.8185229,-0.2539881,-0.0202778,-0.0134102,1.2389640,64
1082,2.8200000,-12.7400000,0.3000000,-0.1411000,-0.0336000,1.6816000,0.4462041,-4.8474593,-0.0281803,-0.0210567,-0.0156909,1.2543463,64
1083,-0.7700000,0.7300000,1.5800000,0.1220000,0.0415000,1.0922000,0.4898900,-5.0899505,0.1869883,-0.0233451,-0.0168391,1.2675841,64
1084,-4.1300000,3.4200000,2.4900000,0.1220000,0.0415000,1.0922000,0.4213160,-4.9944346,0.4294616,-0.0184206,-0.0143972,1.2738221,65
1085,3.3100000,-7.6800000,0.7900000,-0.0468000,-0.0063000,1.1396000,0.2286133,-4.5341643,0.6980849,-0.0073719,-0.0093006,1.2641845,65
1086,1.3000000,-6.9500000,-0.3600000,-0.0712000,-0.0371000,1.6547000,0.1627737,-4.2540989,0.8887966,-0.0005532,-0.0054494,1.2573881,65
1087,-3.7000000,5.9800000,0.5400000,0.1601000,0.0756000,0.6982000,0.1518555,-4.0460326,0.9519605,0.0032801,-0.0026401,1.2553920,65
1088,-0.5200000,2.5700000,0.1800000,0.0512000,0.0136000,0.5302000,-0.0002979,-3.4353252,0.9340716,0.0115040,0.0019384,1.2251864,65
1089,3.4300000,-6.9500000,-1.4600000,-0.0830000,-0.0273000,1.4184000,-0.1241669,-2.6839279,0.8363146,0.0194593,0.0062354,1.1711953,65
1090,0.0800000,0.0600000,-1.7700000,0.0278000,-0.0224000,1.4008000,-0.0647006,-2.2127484,0.6158580,0.0212509,0.0072171,1.1382354,65
1091,-4.1300000,7.2600000,-0.3600000,0.0278000,-0.0224000,1.4008000,-0.0322092,-1.7241631,0.3173469,0.0207009,0.0053690,1.1385427,66
1092,2.3300000,0.3100000,-0.6100000,-0.0107000,0.0107000,0.8144000,-0.1262709,-0.9732589,0.0381444,0.0201452,0.0026178,1.1480310,66
1093,2.2100000,-4.5000000,-2.1300000,-0.1127000,0.0078000,1.5844000,-0.1214254,-0.3455983,-0.2184962,0.0160356,0.0007795,1.1545556,66
1094,-2.3600000,5.0100000,-2.1300000,0.0869000,0.0356000,1.0195000,-0.0203972,0.0108092,-0.5061240,0.0091153,0.0007811,1.1664619,66
1095,-1.7400000,6.4700000,-0.7900000,0.0869000,0.0356000,1.0195000,-0.0393184,0.4793229,-0.7941344,0.0069170,0.0030209,1.1736371,67
1096,3.0700000,-1.4500000,-1.2200000,-0.0473000,0.0087000,1.2065000,-0.1039258,1.0726747,-1.0140658,0.0092372,0.0065344,1.1696122,67
1097,-0.5900000,-0.1100000,-2.3200000,-0.0498000,-0.0532000,1.5292000,-0.0604956,1.4365386,-1.1851184,0.0088285,0.0082588,1.1727194,67
1098,-3.4500000,7.6300000,-1.1000000,0.1455000,0.0429000,0.5996000,-0.0591117,1.6741981,-1.3393988,0.0078290,0.0076007,1.1781992,67
1099,0.0200000,4.1500000,0.2400000,0.0424000,0.0000000,0.6831000,-0.2034983,2.0797362,-1.4167051,0.0122547,0.0072228,1.1555792,67
1100,2.0300000,-0.2900000,-0.9700000,-0.0693000,-0.0209000,1.4648000,-0.3074682,2.4868601,-1.3844093,0.0173421,0.0068420,1.1171382,67
1101,-3.2100000,4.2700000,-1.7700000,0.0356000,-0.0092000,1.2319000,-0.3319769,2.7056453,-1.3221713,0.0179947,0.0050239,1.1000363,67
1102,-2.9700000,7.6900000,-0.3600000,0.0356000,-0.0092000,1.2319000,-0.4688404,2.9487385,-1.2738462,0.0177208,0.0024802,1.1043385,68
1103,0.5000000,2.8700000,-0.1800000,-0.0097000,0.0292000,0.9414000,-0.6926755,3.3200417,-1.1941430,0.0180716,0.0006817,1.1115109,68
1104,-1.2600000,0.3100000,-1.5200000,-0.1357000,-0.0478000,1.5659000,-0.8454568,3.5674127,-1.0920823,0.0144449,-0.0004984,1.1208217,68
1105,-3.6400000,6.0400000,-1.2800000,0.0615000,0.0053000,0.8403000,-0.9891967,3.6308763,-1.0292699,0.0065482,-0.0024423,1.1354333,68
1106,-1.8100000,5.7400000,0.6600000,0.0634000,0.0053000,0.5224000,-1.2097817,3.7440094,-0.9749854,0.0019758,-0.0041335,1.1292834,68
1107,0.6900000,-0.0500000,0.4800000,-0.0888000,-0.0175000,1.2192000,-1.3860161,3.8666547,-0.8514026,0.0008829,-0.0049183,1.0969647,68
1108,-2.8400000,-0.7800000,-0.7900000,-0.0761000,-0.0712000,1.3613000,-1.4533734,3.7322968,-0.6870773,-0.0037108,-0.0070529,1.0749164,68
1109,-1.0700000,3.7200000,0.6000000,0.1010000,0.0317000,0.5825000,-1.5015238,3.3886738,-0.5365334,-0.0091706,-0.0104300,1.0652871,68
1110,-0.4000000,1.2200000,1.5800000,-0.0620000,0.0424000,1.1245000,-1.5198310,3.0543237,-0.3569144,-0.0106522,-0.0110632,1.0468535,68
1111,-3.0300000,-3.2200000,-1.5800000,-0.1118000,-0.0463000,1.4023000,-1.5078877,2.6535684,-0.1692615,-0.0134539,-0.0091706,1.0359627,68
1112,-0.8300000,0.9800000,-0.6100000,0.0654000,0.0185000,0.6860000,-1.5255016,2.0982197,-0.0792953,-0.0185924,-0.0078568,1.0384421,68
1113,-0.5200000,1.4100000,0.6000000,0.0493000,0.0087000,0.7514000,-1.5188839,1.5765011,-0.0594086,-0.0190227,-0.0063951,1.0274186,68
1114,0.6300000,-1.9400000,-0.9700000,-0.0722000,-0.0307000,1.3486000,-1.4175258,1.1526054,-0.0495135,-0.0159268,-0.0048394,1.0088555,68
1115,-3.5100000,-2.6100000,-1.8900000,0.0024000,-0.0913000,1.1464000,-1.2942758,0.6861229,-0.1040589,-0.0145236,-0.0063449,1.0081882,68
1116,-0.1600000,1.4700000,0.1800000,0.1079000,-0.0136000,0.6313000,-1.2428016,0.2175507,-0.2224633,-0.0116435,-0.0113577,1.0125792,68
1117,0.1400000,1.3400000,1.1500000,0.0253000,-0.0112000,0.9252000,-1.1840577,-0.0669062,-0.2881625,-0.0039707,-0.0162650,1.0010133,68
1118,-0.5200000,-2.3700000,-0.1800000,-0.1108000,-0.0678000,1.4370000,-1.0592960,-0.2082199,-0.2609580,0.0022273,-0.0201904,0.9918814,68
1119,-2.6600000,-1.3300000,-0.1200000,0.0371000,-0.0092000,0.9335000,-0.9656798,-0.3771189,-0.2090908,0.0028261,-0.0242190,1.0013919,68
1120,-0.2800000,2.7500000,1.7600000,0.0566000,0.0151000,0.5830000,-0.9509727,-0.5009374,-0.1321170,0.0033848,-0.0262851,1.0051102,68
1121,1.2400000,-0.2900000,1.7600000,-0.0634000,0.0483000,1.1904000,-0.9049105,-0.4621831,0.0314938,0.0052165,-0.0241068,0.9928233,68
1122,-2.8400000,-3.2200000,-0.6100000,-0.0981000,-0.0717000,1.3554000,-0.8155271,-0.4212867,0.2276852,0.0025921,-0.0199698,0.9919302,68
1123,0.4400000,0.0000000,0.2400000,0.0693000,-0.0083000,0.7050000,-0.7730203,-0.4963754,0.3508872,-0.0031211,-0.0177890,1.0041802,68
1124,0.6300000,2.3200000,2.0100000,0.0429000,-0.0058000,0.7353000,-0.7103700,-0.5227331,0.4394717,-0.0048596,-0.0168511,1.0016734,68
1125,3.0100000,-0.7800000,1.0900000,-0.0615000,-0.0395000,1.3422000,-0.5185300,-0.4201229,0.5684272,-0.0037044,-0.0160888,0.9902470,68
1126,-1.9300000,-3.0400000,-0.1800000,-0.0156000,-0.0810000,1.1025000,-0.2590443,-0.3663539,0.6860036,-0.0045879,-0.0176372,0.9941897,68
1127,1.9700000,0.3100000,1.4600000,0.0903000,-0.0024000,0.6796000,-0.0493195,-0.4339846,0.7502850,-0.0048342,-0.0213085,1.0017400,68
1128,2.7600000,2.9900000,2.2500000,0.0078000,0.0400000,0.9624000,0.1849476,-0.4310486,0.8314549,-0.0011334,-0.0228711,0.9948767,68
1129,1.8500000,-0.7800000,0.0500000,-0.0810000,-0.0180000,1.3007000,0.5079162,-0.2838787,0.9374208,0.0018313,-0.0208390,0.9889805,68
1130,-0.1000000,-3.1600000,-1.2200000,0.0292000,-0.0117000,0.9345000,0.8019803,-0.2014303,0.9527701,0.0010751,-0.0180163,0.9960918,68
1131,2.8800000,3.4200000,0.6600000,0.0556000,0.0063000,0.7050000,1.0171305,-0.2062771,0.8513309,0.0011665,-0.0154635,0.9984501,68
1132,3.0700000,1.6500000,0.9700000,-0.0258000,0.0581000,1.2070000,1.2487356,-0.0857703,0.7393715,0.0034330,-0.0113992,0.9910798,68
1133,-0.4600000,-1.8800000,-1.2200000,-0.0722000,-0.0415000,1.1625000,1.4688742,0.0956107,0.6358850,0.0032411,-0.0062500,0.9927229,68
1134,2.5800000,-2.4300000,-0.5500000,0.0517000,-0.0146000,0.8173000,1.5870551,0.1130804,0.4778625,0.0004778,-0.0032388,1.0013764,68
1135,2.6400000,3.3600000,2.0700000,0.0141000,-0.0029000,0.8388000,1.6827689,0.0473187,0.3331053,-0.0004230,-0.0025255,0.9995034,68
1136,3.0700000,0.6700000,1.2700000,-0.0546000,0.0239000,1.2910000,1.8284836,0.1009546,0.3111108,-0.0004587,-0.0017948,0.9940423,68
1137,-1.8100000,-3.5300000,-0.8500000,-0.0004000,-0.0561000,1.0014000,1.9150306,0.1507415,0.3475254,-0.0023627,-0.0014070,0.9994975,68
1138,3.1900000,-0.4200000,0.9100000,0.0620000,-0.0048000,0.7563000,1.8697167,0.0337952,0.3526020,-0.0032615,-0.0029150,1.0040428,68
1139,2.5200000,3.1800000,2.3100000,0.0190000,0.0629000,1.0791000,1.8328449,-0.0678227,0.3934057,-0.0007120,-0.0037042,0.9984613,68
1140,0.5600000,0.9200000,0.1100000,-0.0541000,-0.0107000,1.1948000,1.8384911,0.0102249,0.5012417,0.0019021,-0.0016976,0.9972003,68
1141,-1.5600000,-4.2000000,-1.0400000,0.0244000,-0.0224000,0.9682000,1.7361933,0.0759278,0.5600602,0.0021245,0.0001093,1.0053909,68
1142,1.8500000,3.7900000,1.6400000,0.0268000,0.0097000,0.7890000,1.5168509,0.0378593,0.5461645,0.0025282,0.0003396,1.0086082,68
1143,1.6000000,3.5400000,2.1300000,-0.0488000,0.0356000,1.1430000,1.3294332,0.1493795,0.5811415,0.0031705,0.0011147,1.0037382,68
1144,-3.4500000,-4.4400000,-0.9100000,-0.0112000,-0.0224000,0.9814000,1.1345680,0.3380391,0.6571049,0.0016809,0.0026971,1.0014473,68
1145,1.7900000,2.3200000,0.8500000,0.0288000,0.0136000,0.7919000,0.8479545,0.3712286,0.6763334,-0.0002610,0.0035838,0.9978072,68
1146,-0.1000000,4.1500000,1.8800000,0.0000000,0.0908000,1.1723000,0.5966179,0.4500553,0.6879560,-0.0005537,0.0057845,0.9903769,68
1147,-2.2300000,1.7100000,-0.7300000,-0.0444000,0.0097000,1.0795000,0.3746410,0.7120843,0.7180677,-0.0010102,0.0108463,0.9907225,68
1148,-2.4800000,-3.6500000,-1.8900000,0.0224000,-0.0151000,0.9301000,0.0607927,0.9016596,0.6501725,-0.0025553,0.0151313,0.9969393,68
1149,0.0800000,3.9100000,0.6000000,0.0063000,0.0136000,0.8413000,-0.2881708,0.9170706,0.4758713,-0.0032065,0.0165254,0.9967741,68
1150,1.4800000,5.4900000,0.6000000,-0.0107000,0.0546000,1.1870000,-0.5056994,1.0472883,0.3240470,-0.0028785,0.0174315,0.9929046,68
1151,-5.4100000,-2.0600000,-2.3800000,-0.0483000,-0.0581000,1.0556000,-0.6521847,1.3043409,0.1889941,-0.0037102,0.0179117,0.9964334,68
1152,0.9300000,-0.6600000,-1.6500000,0.0097000,-0.0302000,0.8334000,-0.8626421,1.3786790,-0.0294892,-0.0059057,0.0149371,1.0016262,68
1153,0.3200000,4.9500000,0.6000000,0.0234000,0.0336000,1.0634000,-0.9931896,1.3471327,-0.2692683,-0.0069498,0.0101243,1.0005241,68
1154,0.0800000,4.9500000,-0.3600000,-0.0141000,0.0307000,1.0610000,-0.9639925,1.5036636,-0.4176873,-0.0062096,0.0075840,1.0002009,68
1155,-4.1300000,-4.6300000,-2.5000000,-0.0073000,-0.0693000,0.9702000,-0.9411303,1.6885124,-0.5319402,-0.0054790,0.0058616,1.0031025,68
1156,2.2700000,0.8000000,-0.3000000,0.0126000,0.0048000,0.8286000,-0.9695560,1.6009288,-0.6761558,-0.0048937,0.0022155,1.0013000,68
1157,0.8700000,6.5300000,1.2700000,0.0024000,0.0708000,1.2172000,-0.8841925,1.4864406,-0.7510833,-0.0037175,-0.0000780,0.9969186,68
1158,-4.9800000,2.2600000,-1.5800000,-0.0361000,-0.0048000,0.9843000,-0.7778950,1.6173463,-0.7255460,-0.0030400,0.0013011,0.9993228,68
1159,-1.2000000,-4.7500000,-2.1300000,-0.0048000,-0.0654000,0.8569000,-0.8538878,1.6979011,-0.7316171,-0.0038595,0.0019967,1.0017767,68
1160,1.6600000,2.0200000,1.0300000,-0.0078000,0.0068000,1.0317000,-0.9489070,1.5083317,-0.7733385,-0.0051495,-0.0003042,0.9977812,68
1161,1.0500000,7.1400000,1.5800000,0.0161000,0.0537000,1.0742000,-0.8699545,1.3947175,-0.7076458,-0.0056496,-0.0017174,0.9952865,68
1162,-4.7400000,-4.2600000,-1.6500000,-0.0200000,-0.0844000,0.9033000,-0.7691134,1.4516121,-0.5576542,-0.0054280,-0.0018873,0.9957402,68
1163,2.5200000,-5.8500000,-0.6100000,-0.0175000,-0.0581000,0.8818000,-0.7613460,1.2262859,-0.4634529,-0.0056814,-0.0053230,0.9916055,68
1164,2.2700000,3.9100000,2.1900000,0.0073000,0.0327000,1.1821000,-0.6435885,0.7412561,-0.3794626,-0.0063454,-0.0104710,0.9865956,68
1165,-0.7100000,3.8500000,0.7200000,0.0141000,0.0468000,0.9306000,-0.3888335,0.4875191,-0.2049375,-0.0060366,-0.0118449,0.9880060,68
1166,-1.8100000,-9.3900000,-2.1900000,-0.0458000,-0.0693000,0.8867000,-0.2134897,0.3302054,-0.0476221,-0.0055605,-0.0106298,0.9884682,68
1167,4.5900000,-4.2000000,-0.5500000,-0.0078000,-0.0024000,1.0058000,-0.0786606,-0.1814093,-0.0274530,-0.0065215,-0.0108884,0.9838629,68
1168,2.1500000,4.9500000,1.1500000,0.0175000,0.0332000,1.1083000,0.2053250,-0.7528314,-0.0552905,-0.0074957,-0.0110010,0.9823382,68
1169,-1.9900000,-2.3100000,-1.6500000,-0.0102000,-0.0297000,0.9062000,0.5095403,-0.9907537,-0.0666941,-0.0071769,-0.0095006,0.9853619,68
1170,0.7500000,-10.3000000,-2.6800000,-0.0283000,-0.0996000,0.9262000,0.6420261,-1.2639860,-0.1656528,-0.0070225,-0.0103016,0.9854023,68
1171,3.8000000,-0.9600000,0.8500000,0.0122000,-0.0180000,1.1020000,0.7418959,-1.8170736,-0.3395261,-0.0074558,-0.0149463,0.9838013,68
1172,1.7900000,4.6400000,2.0100000,0.0463000,0.0400000,0.9980000,0.9499938,-2.1780572,-0.4030789,-0.0062833,-0.0186445,0.9866505,68
1173,-2.2300000,-8.2300000,-1.0400000,-0.0380000,-0.1123000,0.9023000,1.1105707,-2.2327963,-0.3345385,-0.0036850,-0.0205287,0.9895563,68
1174,4.1700000,-9.7500000,-0.1800000,-0.0156000,-0.0434000,0.9990000,1.1544661,-2.5217333,-0.2687263,-0.0026323,-0.0246671,0.9882743,68
1175,4.1700000,3.4200000,2.7400000,0.0102000,0.0405000,1.1132000,1.2963332,-2.9926905,-0.1780180,-0.0029306,-0.0285248,0.9886653,68
1176,-0.7700000,1.3400000,0.6600000,-0.0341000,-0.0327000,0.9238000,1.5189597,-3.0858574,0.0141555,-0.0034749,-0.0286091,0.9928230,68
1177,2.9400000,-10.7300000,-1.9500000,-0.0102000,-0.0209000,0.9897000,1.6515826,-2.9906986,0.1786450,-0.0049146,-0.0272847,0.9950720,68
1178,5.2000000,2.1400000,1.6400000,0.0288000,0.0537000,1.1372000,1.8110227,-3.0505140,0.2376561,-0.0059592,-0.0246612,0.9977217,68
1179,-0.5900000,3.6600000,0.7900000,0.0517000,0.0834000,0.9370000,2.0238570,-2.8998510,0.2989879,-0.0041602,-0.0175853,1.0036428,68
1180,-2.2300000,-9.4500000,-2.6200000,-0.0488000,-0.1118000,0.9409000,2.0337245,-2.5700672,0.3263545,-0.0009973,-0.0094514,1.0061858,68
1181,4.3500000,-6.1500000,-0.3600000,-0.0073000,-0.0151000,1.1030000,1.8626185,-2.5816806,0.2210879,0.0000430,-0.0065944,1.0057492,68
1182,1.9700000,7.6300000,2.8000000,0.0615000,0.0737000,1.0971000,1.7727524,-2.6653107,0.1249692,0.0006685,-0.0056040,1.0099078,68
1183,-3.0900000,0.8000000,0.2400000,0.0307000,0.0166000,0.8164000,1.6771389,-2.3058073,0.1633410,0.0039562,-0.0015282,1.0140604,68
1184,-0.8900000,-11.1600000,-1.6500000,-0.0424000,-0.0698000,1.0068000,1.3786614,-1.9287666,0.2075649,0.0073637,0.0019537,1.0103062,68
1185,4.0400000,-0.1700000,1.6400000,0.0043000,0.0166000,1.2290000,1.0598106,-1.9676147,0.1907352,0.0079574,0.0018930,1.0082555,68
1186,-2.2300000,9.4000000,2.7400000,0.0908000,0.1245000,0.9223000,0.8697904,-1.8766397,0.2523834,0.0088436,0.0034673,1.0140513,68
1187,-3.5800000,-3.4100000,-0.9700000,-0.0180000,-0.0400000,0.7910000,0.5977139,-1.3618670,0.3951594,0.0120736,0.0087292,1.0139204,68
1188,0.4400000,-9.8800000,-1.3400000,-0.0468000,-0.0229000,1.2216000,0.1954547,-1.0689219,0.4441395,0.0133359,0.0118366,1.0072134,68
1189,2.0300000,7.6300000,2.1300000,0.0439000,0.0532000,1.1577000,-0.0916923,-1.1072663,0.4093469,0.0117145,0.0122239,1.0102030,68
1190,-3.8800000,7.4500000,1.2700000,0.1088000,0.0830000,0.7026000,-0.2560368,-0.7852385,0.4382978,0.0127421,0.0148341,1.0161127,68
1191,-2.9000000,-8.8400000,-1.9500000,-0.0541000,-0.0888000,0.9331000,-0.5141906,-0.2406832,0.4762822,0.0165427,0.0179355,1.0084865,68
1192,3.9800000,-4.3200000,-0.4900000,-0.0268000,-0.0151000,1.3510000,-0.7529264,-0.1643099,0.3997221,0.0171252,0.0162805,1.0013031,68
1193,-1.6200000,11.7800000,2.4300000,0.0854000,0.0791000,0.9609000,-0.7764680,-0.2166034,0.3084674,0.0156752,0.0131099,1.0085609,68
1194,-3.2700000,3.4800000,-0.0600000,0.0581000,0.0209000,0.6469000,-0.7800010,0.2235527,0.3117201,0.0175448,0.0133170,1.0109154,68
1195,-1.4400000,-11.1000000,-2.1900000,-0.0776000,-0.0585000,1.1640000,-0.9124070,0.6413256,0.2911747,0.0198248,0.0136332,0.9998741,68
1196,5.2600000,3.6000000,1.1500000,0.0122000,0.0229000,1.3007000,-0.9419032,0.5540846,0.1885325,0.0179894,0.0112706,0.9983378,68
1197,-3.7000000,11.6000000,2.2500000,0.1049000,0.1274000,0.7890000,-0.7771058,0.6082628,0.1549541,0.0164054,0.0111536,1.0086203,68
1198,-2.7800000,-2.8000000,-1.8900000,-0.0322000,-0.0454000,0.7324000,-0.7077953,1.0761470,0.1964839,0.0178835,0.0148479,1.0067121,68
1199,3.1300000,-8.9600000,-2.3800000,-0.0839000,-0.0302000,1.3710000,-0.7295943,1.2303279,0.1288090,0.0165231,0.0161530,0.9974138,68
1200,1.4800000,9.8300000,1.4000000,0.0532000,0.0678000,1.1215000,-0.5853508,1.0116677,-0.0303798,0.0113751,0.0149292,1.0036257,68
1201,-3.3300000,8.9700000,0.2400000,0.1025000,0.0566000,0.6191000,-0.3903866,1.1851987,-0.1167802,0.0096700,0.0161985,1.0119999,68
1202,-1.8100000,-8.9000000,-2.8700000,-0.0810000,-0.0839000,1.0004000,-0.3743677,1.5802551,-0.1826945,0.0113584,0.0176614,1.0035554,68
1203,5.2000000,-2.6100000,-0.8500000,-0.0336000,-0.0068000,1.3911000,-0.3691656,1.4769240,-0.3378215,0.0096590,0.0148110,0.9980748,68
1204,-2.3600000,12.7600000,1.9500000,0.0908000,0.0556000,0.8730000,-0.2110535,1.2646928,-0.4627926,0.0066404,0.0109516,1.0078812,68
1205,-2.7200000,2.9300000,-0.7300000,0.0410000,-0.0087000,0.5976000,-0.1376801,1.5459349,-0.4591718,0.0079667,0.0095185,1.0082093,68
1206,0.0200000,-10.9700000,-2.6200000,-0.1064000,-0.0932000,1.3159000,-0.2358103,1.7557574,-0.4627404,0.0095109,0.0067302,0.9953909,68
1207,2.7600000,4.8200000,0.8500000,0.0126000,0.0205000,1.2563000,-0.2781961,1.4642985,-0.5306823,0.0065399,0.0008947,0.9972945,68
1208,-4.5500000,11.8400000,1.7600000,0.1098000,0.0664000,0.6499000,-0.2631493,1.3708148,-0.5147555,0.0046835,-0.0026346,1.0083407,68
1209,-2.2900000,-4.0800000,-1.7700000,-0.1137000,-0.0976000,1.2402000,-0.4056788,1.6911724,-0.4109719,0.0054965,-0.0035679,1.0106641,68
1210,2.8200000,1.2800000,-0.1200000,-0.0087000,0.0029000,1.3383000,-0.5912267,1.8603901,-0.3495537,0.0030399,-0.0064083,1.0207087,68
1211,-3.7000000,12.3300000,1.4600000,0.1171000,0.0375000,0.6914000,-0.6697621,2.0365677,-0.2931281,0.0009389,-0.0088057,1.0377019,68
1212,-2.4800000,-1.7600000,-1.4000000,-0.0141000,-0.0410000,0.6342000,-0.8081152,2.4715708,-0.2052747,0.0037617,-0.0088948,1.0326240,68
1213,2.7600000,-10.3000000,-2.3200000,-0.0991000,-0.0673000,1.5112000,-0.9504213,2.5220866,-0.2059445,0.0050650,-0.0104828,1.0161225,68
1214,-0.3400000,7.2600000,0.9700000,0.0273000,0.0024000,1.0966000,-0.9111138,2.0486183,-0.2916525,0.0017786,-0.0141375,1.0193708,68
1215,-2.1100000,8.9100000,1.1500000,0.1250000,0.0605000,0.4912000,-0.8133135,1.8440806,-0.3077279,0.0011447,-0.0153859,1.0238263,68
1216,0.2000000,-7.9800000,-1.8900000,-0.1005000,-0.0991000,1.0200000,-0.7728163,1.9081842,-0.2656019,0.0041969,-0.0144626,1.0066747,68
1217,3.6800000,-5.9700000,-0.9700000,-0.0502000,-0.0131000,1.5659000,-0.6451961,1.5345208,-0.2895477,0.0032828,-0.0157371,0.9970884,68
1218,-1.1300000,12.2700000,2.0700000,0.0869000,0.0053000,0.7734000,-0.3823798,1.0179600,-0.3169918,0.0001433,-0.0177004,1.0097552,68
1219,-1.9900000,2.9300000,0.8500000,0.0869000,0.0053000,0.7734000,-0.1945518,1.0366791,-0.2283929,0.0023458,-0.0174813,1.0148080,69
1220,2.4600000,-11.0400000,-1.4000000,-0.1347000,-0.1152000,1.4082000,-0.1116799,1.1077956,-0.1056247,0.0061004,-0.0179308,1.0114044,69
1221,2.8200000,1.0400000,1.2100000,-0.0073000,0.0087000,1.3681000,0.0659211,0.7007036,-0.0332636,0.0042066,-0.0211246,1.0275432,69
1222,-1.8700000,12.2700000,3.1700000,0.1147000,0.0356000,0.5214000,0.2996494,0.4498004,0.0999668,0.0019592,-0.0227252,1.0490527,69
1223,0.4400000,-2.8600000,0.4800000,-0.0131000,-0.0131000,0.7153000,0.4158396,0.7090433,0.3386530,0.0045578,-0.0205845,1.0413584,69
1224,2.7000000,-10.4900000,-0.6100000,-0.1127000,-0.0795000,1.6352000,0.4912951,0.7392208,0.5352231,0.0053723,-0.0189659,1.0248109,69
1225,2.1500000,8.0600000,2.8600000,0.0410000,0.0112000,0.9902000,0.6606872,0.3822756,0.6608741,0.0014966,-0.0196355,1.0318043,69
1226,-1.9300000,7.3900000,2.8600000,0.0410000,0.0112000,0.9902000,0.8180745,0.3841241,0.8484347,-0.0009024,-0.0194095,1.0459011,70
1227,2.7600000,-8.9600000,-0.3600000,-0.1323000,-0.0703000,1.0800000,0.8743839,0.6332087,1.0656545,-0.0025553,-0.0184423,1.0522709,70
1228,3.4300000,-7.1300000,0.0500000,-0.0756000,0.0004000,1.6489000,0.9812410,0.3874194,1.1633436,-0.0094191,-0.0189312,1.0682057,70
1229,-0.2200000,11.5400000,2.9800000,0.0844000,0.0395000,0.6254000,1.1597311,-0.0359144,1.1871681,-0.0170631,-0.0183265,1.0930940,70
1230,-1.2600000,0.7300000,1.4000000,0.0610000,0.0991000,0.4936000,1.2157850,0.0304555,1.2558963,-0.0174980,-0.0128815,1.0893930,70
1231,2.7600000,-12.0100000,-1.4000000,-0.1699000,-0.0756000,1.4775000,1.1544687,0.0904579,1.2870500,-0.0156382,-0.0050991,1.0615643,70
1232,2.0300000,-0.2300000,0.3600000,-0.0131000,0.0278000,1.3662000,1.1487253,-0.3506871,1.1827505,-0.0190515,-0.0001862,1.0551345,70
1233,-4.4900000,9.8900000,1.9500000,-0.0131000,0.0278000,1.3662000,1.0995550,-0.6572593,1.0463493,-0.0239116,0.0031363,1.0782351,71
1234,0.3200000,-3.6500000,-0.8500000,-0.0380000,0.0043000,0.7265000,0.8465357,-0.4817544,0.9432956,-0.0266601,0.0067766,1.1033365,71
1235,1.0500000,-12.2600000,-1.8300000,-0.1191000,-0.0380000,1.7138000,0.5600229,-0.5246992,0.7696921,-0.0304626,0.0085347,1.1218385,71
1236,-0.7700000,6.5900000,1.1500000,0.0249000,0.0029000,0.9565000,0.3644164,-0.9434901,0.5290390,-0.0355011,0.0075950,1.1462216,71
1237,-4.8000000,6.0400000,1.3400000,0.0249000,0.0029000,0.9565000,0.1034480,-0.9965082,0.3685472,-0.0367723,0.0057937,1.1618279,72
1238,1.3600000,-8.2900000,-1.6500000,-0.1176000,-0.0273000,1.0522000,-0.2531859,-0.7419932,0.2797906,-0.0354951,0.0037994,1.1572643,72
1239,1.8500000,-7.8000000,-1.5200000,-0.0629000,-0.0058000,1.7045000,-0.4661935,-0.8874816,0.1304997,-0.0373114,0.0010604,1.1570757,72
1240,-4.0600000,9.5800000,0.6600000,0.0981000,0.0390000,0.6396000,-0.5452720,-1.1968894,-0.0566677,-0.0383969,-0.0007794,1.1664441,72
1241,-1.8700000,1.9500000,-0.7900000,0.0981000,0.0390000,0.6396000,-0.7156641,-1.0318687,-0.1920380,-0.0313613,0.0003365,1.1515161,73
1242,1.5400000,-12.3200000,-3.1100000,-0.0898000,-0.0234000,1.8056000,-0.8931754,-0.8198421,-0.3443669,-0.0202226,0.0029049,1.1242352,73
1243,-3.3900000,9.0300000,-0.1800000,0.0820000,0.0136000,0.7685000,-0.9790525,-0.8923365,-0.5587984,-0.0114442,0.0044353,1.1172293,73
1244,-3.2700000,4.7600000,-0.0600000,0.0820000,0.0136000,0.7685000,-1.1263886,-0.6562711,-0.7223285,-0.0017578,0.0054100,1.1055499,74
1245,1.4800000,-10.3000000,-2.0700000,-0.1250000,-0.0571000,1.3374000,-1.3001007,-0.2864619,-0.8167792,0.0070259,0.0052731,1.0824084,74
1246,0.6900000,-2.3700000,-0.6100000,-0.0214000,-0.0214000,1.5893000,-1.2994379,-0.3919898,-0.9083416,0.0082912,0.0023116,1.0816844,74
1247,-6.0200000,10.8000000,1.9500000,-0.0214000,-0.0214000,1.5893000,-1.2580879,-0.5133339,-0.9210068,0.0046368,-0.0022096,1.1169397,75
1248,-0.5900000,0.4300000,0.7200000,0.0249000,0.0473000,0.5590000,-1.3702969,-0.1550812,-0.7746077,0.0011313,-0.0052712,1.1568051,75
1249,1.9700000,-11.2200000,-1.1600000,-0.1367000,-0.0625000,1.7856000,-1.4372176,0.0959795,-0.5737015,-0.0033829,-0.0065964,1.1796753,75
1250,-2.6600000,5.8000000,0.5400000,0.0473000,-0.0151000,1.0292000,-1.3508231,-0.0762639,-0.4200510,-0.0100471,-0.0087802,1.2031939,75
1251,-3.5100000,8.4200000,1.7600000,0.0473000,-0.0151000,1.0292000,-1.3246695,-0.0038724,-0.2540228,-0.0134096,-0.0116404,1.2194911,76
1252,0.7500000,-3.8900000,-0.5500000,-0.0878000,0.0039000,0.9492000,-1.3808250,0.4194302,-0.0566412,-0.0134024,-0.0133711,1.2130499,76
1253,2.7000000,-6.7600000,-1.5200000,-0.0830000,-0.0678000,1.7065000,-1.2920565,0.5343115,0.0572283,-0.0165648,-0.0149152,1.2045387,76
1254,-3.9400000,7.2000000,0.4200000,0.0751000,0.0156000,0.6689000,-1.0869450,0.3600166,0.0619970,-0.0208511,-0.0170390,1.2033567,76
1255,0.0200000,4.8200000,0.1800000,0.0727000,0.0390000,0.5058000,-0.9717086,0.4695496,0.0500333,-0.0191155,-0.0169841,1.1772268,76
1256,3.1900000,-8.9600000,-2.0100000,-0.1289000,-0.0585000,1.3872000,-0.8340000,0.6603351,0.0136385,-0.0146271,-0.0148796,1.1275073,76
1257,2.2100000,-1.7000000,-1.3400000,0.0131000,-0.0307000,1.3837000,-0.5057645,0.4324149,-0.1148308,-0.0140277,-0.0145176,1.0987100,76
1258,-3.1500000,7.3300000,0.7200000,0.1025000,-0.0112000,0.5190000,-0.1650485,0.1504813,-0.2677310,-0.0125205,-0.0157521,1.0858392,76
1259,2.2100000,0.1800000,0.3000000,0.0283000,0.0234000,0.6904000,0.0289724,0.2214694,-0.3362527,-0.0055994,-0.0158749,1.0528567,76
1260,4.4100000,-8.6600000,-0.8500000,-0.0849000,-0.0761000,1.6948000,0.2651541,0.2297254,-0.3437477,0.0007794,-0.0154918,1.0193154,76
1261,-2.3600000,3.0500000,0.5400000,0.0761000,0.0058000,0.9555000,0.5694516,-0.0664087,-0.3382118,0.0034944,-0.0164718,1.0170483,76
1262,0.0800000,7.2600000,1.8800000,0.0986000,-0.0117000,0.4951000,0.7142481,-0.1566082,-0.2651158,0.0082868,-0.0173074,1.0162512,76
1263,2.7000000,-3.5300000,0.6600000,-0.0332000,0.0117000,1.0610000,0.7597772,0.0800935,-0.0973244,0.0155167,-0.0165715,0.9944856,76
1264,1.6000000,-4.9900000,-0.1800000,-0.0351000,-0.0678000,1.6166000,0.8701321,0.1292691,0.0787591,0.0188489,-0.0158949,0.9856627,76
1265,-4.0600000,6.3500000,1.4000000,0.0786000,-0.0234000,0.6660000,0.9079610,0.0066264,0.2195053,0.0189737,-0.0171424,1.0004400,76
1266,0.9900000,5.0100000,2.4900000,0.0620000,0.0400000,0.5273000,0.7482220,0.1828974,0.3947654,0.0212269,-0.0180636,0.9993563,76
1267,3.5600000,-6.4000000,0.9100000,-0.1137000,-0.0224000,1.4711000,0.6153893,0.4814874,0.6218636,0.0227521,-0.0165164,0.9824797,76
1268,-2.0500000,-0.9600000,0.3000000,-0.0117000,-0.0283000,1.2495000,0.6024656,0.4585796,0.8101413,0.0183459,-0.0148621,0.9875033,76
1269,-1.6800000,5.8000000,2.1900000,0.0395000,-0.0253000,0.5131000,0.5011938,0.3564383,0.9401205,0.0120860,-0.0147019,1.0014333,76
1270,3.0100000,0.4300000,1.7600000,-0.0048000,0.0610000,0.7846000,0.3477803,0.4846187,1.0772966,0.0083555,-0.0137775,0.9913799,76
1271,3.1900000,-6.9500000,-0.6700000,-0.0805000,-0.0263000,1.6132000,0.3726776,0.5220722,1.1799519,0.0042755,-0.0106640,0.9795093,76
1272,-2.9000000,0.8000000,-0.7900000,0.0429000,-0.0307000,0.9042000,0.4890481,0.2496969,1.1435696,-0.0011530,-0.0082584,0.9919224,76
1273,0.2600000,4.0900000,0.7200000,0.0605000,0.0317000,0.5439000,0.4771997,0.0296445,0.9976413,-0.0032204,-0.0071768,0.9998396,76
1274,3.6200000,-3.2800000,-0.6700000,-0.0400000,0.0610000,1.1357000,0.4561690,0.0006073,0.8235043,-0.0017993,-0.0040247,0.9874115,76
1275,0.8100000,-4.6900000,-2.6200000,0.0185000,-0.0371000,1.0571000,0.5729280,-0.1618614,0.5805962,-0.0007634,0.0006619,0.9778894,76
1276,-1.0100000,3.9700000,-0.7300000,0.0415000,-0.0019000,0.6005000,0.6867390,-0.4275825,0.2448119,0.0007355,0.0033112,0.9705541,76
1277,2.4600000,-0.2900000,-0.9100000,-0.0107000,0.0595000,1.0097000,0.7296679,-0.5042073,-0.0904265,0.0034613,0.0051179,0.9535101,76
1278,1.3600000,-4.5700000,-2.2600000,-0.0405000,-0.0302000,1.4560000,0.8044230,-0.5365443,-0.3947689,0.0045217,0.0076108,0.9478379,76
1279,-3.2700000,1.0400000,-1.1000000,0.0458000,-0.0605000,0.8071000,0.8261045,-0.6826807,-0.6893906,0.0039168,0.0073650,0.9630272,76
1280,1.0500000,4.5200000,0.8500000,0.0507000,0.0131000,0.6293000,0.6907018,-0.6807942,-0.8954665,0.0052586,0.0038423,0.9697039,76
1281,2.8200000,-1.6400000,0.2400000,-0.0297000,0.0268000,1.3090000,0.5815122,-0.4553901,-0.9388276,0.0080566,0.0011236,0.9638618,76
1282,-1.5000000,-1.7600000,-0.8500000,-0.0195000,-0.0351000,1.2778000,0.5690010,-0.2846871,-0.8815781,0.0086375,-0.0000756,0.9735638,76
1283,-2.4200000,3.6000000,0.6000000,0.0541000,-0.0073000,0.7128000,0.4630504,-0.1836666,-0.7913125,0.0080229,-0.0018569,0.9935060,76
1284,1.3600000,4.7000000,1.5200000,0.0336000,0.0903000,0.7827000,0.2578852,0.0995229,-0.6322957,0.0094405,-0.0020347,0.9964969,76
1285,2.8200000,-1.6400000,0.1100000,-0.0595000,0.0117000,1.4067000,0.1682455,0.5012990,-0.4042030,0.0108324,0.0017301,0.9923682,76
1286,-3.5100000,-0.1100000,-0.6700000,0.0151000,-0.0415000,1.0727000,0.1673301,0.7450168,-0.2039551,0.0094431,0.0054557,1.0037652,76
1287,-1.4400000,5.9800000,1.0900000,0.0405000,-0.0234000,0.6337000,0.0400306,0.9242194,-0.0619530,0.0080183,0.0055049,1.0145036,76
1288,1.5400000,3.0500000,1.7000000,0.0126000,0.0751000,1.0478000,-0.1422332,1.2641476,0.0985647,0.0086435,0.0048292,1.0079326,76
1289,0.6900000,-0.9000000,0.3600000,-0.0336000,-0.0263000,1.3647000,-0.2009081,1.6051398,0.2909993,0.0089948,0.0060262,1.0049689,76
1290,-4.2500000,1.7100000,0.4800000,0.0449000,-0.0419000,0.8413000,-0.2491105,1.7543360,0.4492823,0.0083027,0.0059202,1.0150905,76
1291,-0.1600000,5.5600000,2.3100000,0.0185000,0.0263000,0.7133000,-0.4200778,1.8713650,0.5876076,0.0086920,0.0036937,1.0155618,76
1292,2.5200000,1.4100000,1.5200000,-0.0273000,0.0717000,1.2260000,-0.5371525,2.0820756,0.7620700,0.0093400,0.0036238,1.0044497,76
1293,-2.3600000,-1.2700000,-0.6100000,0.0170000,-0.0068000,1.1684000,-0.5184771,2.1927476,0.9079372,0.0086217,0.0065595,1.0036674,76
1294,-3.2700000,2.3200000,0.0500000,0.0234000,-0.0249000,0.7456000,-0.5747046,2.1114754,0.9355808,0.0080729,0.0085821,1.0090647,76
1295,0.5000000,4.4000000,1.2700000,0.0146000,0.0869000,0.9321000,-0.7332985,2.0457771,0.8934150,0.0086470,0.0097984,1.0035981,76
1296,1.3000000,0.4900000,0.0500000,-0.0258000,0.0346000,1.2548000,-0.7955853,2.0724648,0.8476209,0.0088587,0.0134766,0.9970837,76
1297,-4.6700000,-1.5800000,-1.1000000,0.0219000,-0.0302000,0.9335000,-0.8031519,1.9994096,0.7555809,0.0079796,0.0172815,1.0006753,76
1298,-0.7700000,2.9300000,0.4200000,-0.0156000,-0.0424000,0.7651000,-0.9204192,1.7971577,0.6011083,0.0068230,0.0169639,1.0006531,76
1299,0.7500000,2.5000000,0.9100000,-0.0068000,0.0825000,1.1342000,-1.0313435,1.6592365,0.4668021,0.0052097,0.0147446,0.9925109,76
1300,-1.5600000,-0.7200000,-0.6100000,-0.0009000,-0.0292000,1.1425000,-1.0363028,1.5822894,0.3759007,0.0031520,0.0140126,0.9914251,76
1301,-2.9700000,-1.5800000,-0.6700000,0.0112000,-0.0576000,0.7905000,-1.0634788,1.3953851,0.2677218,0.0016313,0.0117447,0.9956292,76
1302,0.7500000,2.2600000,1.3400000,-0.0190000,0.0205000,0.9443000,-1.1310380,1.1308826,0.1645833,0.0005752,0.0068583,0.9920049,76
1303,1.8500000,2.3200000,0.7200000,-0.0195000,0.0668000,1.1938000,-1.0758753,0.9760343,0.1400413,-0.0010783,0.0041817,0.9877701,76
1304,-3.3300000,-2.1200000,-1.2200000,0.0000000,-0.0288000,0.9916000,-0.9315745,0.8943124,0.1443812,-0.0032169,0.0046455,0.9925336,76
1305,-1.4400000,-1.0900000,-0.4200000,-0.0551000,-0.0590000,0.8134000,-0.8897114,0.7096058,0.0925877,-0.0058283,0.0035697,0.9959956,76
1306,2.1500000,3.7200000,0.7200000,-0.0136000,0.0825000,1.0786000,-0.8729273,0.5224905,0.0250202,-0.0095213,0.0013015,0.9924525,76
1307,0.6300000,0.7300000,-0.4900000,-0.0224000,0.0117000,1.1503000,-0.7219465,0.5027005,-0.0096801,-0.0132276,0.0021061,0.9932145,76
1308,-2.8400000,-3.7100000,-1.8900000,-0.0322000,-0.0942000,0.8452000,-0.5556709,0.4791471,-0.0743368,-0.0163616,0.0026879,0.9987550,76
1309,2.4000000,3.6000000,0.6000000,-0.0097000,0.0131000,0.9916000,-0.4576116,0.3634920,-0.1835387,-0.0189952,-0.0004405,0.9990405,76
1310,2.5800000,2.2000000,0.3000000,-0.0034000,0.0253000,1.1713000,-0.2667812,0.3743901,-0.2466637,-0.0202630,-0.0032691,0.9992946,76
1311,-3.6400000,-3.1000000,-1.4000000,-0.0239000,-0.0644000,0.9575000,-0.0442335,0.4497121,-0.2713504,-0.0202596,-0.0048347,1.0053726,76
1312,1.5400000,-0.1700000,-0.0600000,-0.0488000,-0.0644000,0.8261000,0.0385877,0.3781454,-0.3167981,-0.0206383,-0.0088223,1.0070799,76
1313,3.1900000,3.8500000,1.3400000,-0.0102000,0.1103000,1.0668000,0.1414247,0.3101025,-0.3241116,-0.0218681,-0.0123360,1.0011091,76
1314,-0.3400000,-0.2900000,-1.0400000,-0.0175000,-0.0146000,1.1235000,0.3482501,0.3869550,-0.2710334,-0.0226414,-0.0107547,0.9988616,76
1315,-1.7400000,-4.9300000,-2.1300000,-0.0478000,-0.0908000,0.8168000,0.4683859,0.3718206,-0.2728578,-0.0231863,-0.0090714,1.0001345,76
1316,3.3700000,0.7300000,0.3000000,-0.0312000,0.0014000,0.9580000,0.4987707,0.1430593,-0.3525251,-0.0245711,-0.0111753,0.9952183,76
1317,2.7600000,3.0500000,0.7900000,0.0102000,0.0878000,1.1489000,0.6340369,-0.0235847,-0.3901620,-0.0254937,-0.0116309,0.9900736,76
1318,-2.7800000,-4.2600000,-1.4600000,-0.0117000,-0.0634000,0.9550000,0.7925651,-0.0769531,-0.3745224,-0.0244893,-0.0087073,0.9918050,76
1319,1.8500000,-6.2700000,-0.6700000,-0.0556000,-0.0756000,0.8173000,0.8114888,-0.3407779,-0.3906387,-0.0232595,-0.0084343,0.9910875,76
1320,3.4900000,1.8900000,1.3400000,-0.0043000,0.0888000,1.0771000,0.8470034,-0.7820494,-0.3989152,-0.0231569,-0.0101081,0.9846495,76
1321,0.3200000,0.0000000,-0.3600000,0.0000000,0.0429000,1.1503000,0.9855009,-1.0522425,-0.3390396,-0.0225202,-0.0074596,0.9841998,76
1322,-3.0300000,-7.9800000,-2.3200000,-0.0200000,-0.0468000,0.8515000,1.0172494,-1.2633087,-0.3075438,-0.0207907,-0.0025950,0.9897838,76
1323,2.5200000,-4.2600000,-0.3600000,-0.0180000,-0.0224000,0.8930000,0.8912238,-1.7032760,-0.3702847,-0.0191762,-0.0007347,0.9890907,76
1324,2.0300000,2.2600000,1.4000000,0.0185000,0.1083000,1.1533000,0.8199388,-2.1346068,-0.4137141,-0.0173533,0.0008528,0.9853211,76
1325,-2.6600000,-3.2800000,-0.4200000,0.0126000,-0.0190000,1.0913000,0.7870783,-2.3004129,-0.3677642,-0.0141555,0.0053210,0.9899249,76
1326,-2.6600000,-8.9000000,-0.6700000,-0.0292000,-0.0791000,0.8359000,0.5832785,-2.4870533,-0.3109595,-0.0106763,0.0075826,0.9971373,76
1327,0.5000000,-0.9600000,1.9500000,0.0078000,0.0366000,1.0126000,0.2554907,-2.8495991,-0.2457315,-0.0083503,0.0056001,0.9974882,76
1328,0.5600000,2.2600000,2.1900000,0.0439000,0.0927000,1.1137000,0.0026474,-3.0251140,-0.0753050,-0.0055793,0.0056221,0.9974090,76
1329,-4.4900000,-7.5000000,-0.1800000,0.0224000,-0.0288000,0.9682000,-0.2173660,-2.9737913,0.1635604,-0.0009840,0.0090646,1.0017477,76
1330,-1.4400000,-7.6200000,0.0000000,-0.0200000,-0.0498000,0.9091000,-0.5390322,-3.1108778,0.3403704,0.0034220,0.0102491,1.0035705,76
1331,0.3200000,2.4400000,2.2500000,0.0273000,0.1015000,1.1098000,-0.8436187,-3.3565832,0.4679971,0.0061677,0.0096451,1.0023681,76
1332,-1.3200000,0.5500000,0.9700000,0.0561000,0.0478000,1.0244000,-1.0137716,-3.2885034,0.6221109,0.0092547,0.0125197,1.0044815,76
1333,-4.1900000,-9.6900000,-1.0400000,0.0029000,-0.0488000,0.8881000,-1.1722025,-3.1041762,0.7342383,0.0133510,0.0163360,1.0064148,76
1334,0.5000000,-3.7100000,0.3000000,-0.0073000,-0.0424000,1.0034000,-1.3644122,-3.1892675,0.7309000,0.0160022,0.0156195,1.0032031,76
1335,1.5400000,3.9100000,2.1300000,0.0478000,0.0952000,1.0820000,-1.4112158,-3.2527365,0.7039841,0.0171420,0.0131340,1.0004220,76
1336,-1.6800000,-3.0400000,-0.1200000,0.0639000,-0.0117000,1.0019000,-1.2897071,-3.0106497,0.7193382,0.0195526,0.0132222,1.0020046,76
1337,-2.2900000,-9.0200000,-1.2200000,-0.0053000,-0.0830000,0.8896000,-1.1907134,-2.8382639,0.6848546,0.0229482,0.0119917,1.0023645,76
1338,2.1500000,0.4900000,1.5800000,0.0239000,0.0161000,1.1064000,-1.1141121,-2.9132130,0.5880400,0.0248329,0.0069937,1.0001460,76
1339,1.1100000,5.2500000,2.0100000,0.0869000,0.0844000,1.1269000,-0.9128231,-2.7832858,0.5580378,0.0266455,0.0039011,1.0033166,76
1340,-4.1300000,-4.9300000,-0.8500000,0.0532000,-0.0400000,0.8691000,-0.7055759,-2.3546607,0.5893627,0.0307064,0.0045144,1.0096887,76
1341,0.1400000,-5.3600000,-1.0400000,0.0009000,-0.0219000,1.0747000,-0.6567606,-2.0908344,0.5474466,0.0347443,0.0041937,1.0117882,76
1342,2.1500000,6.6500000,1.2100000,0.0639000,0.0844000,1.0961000,-0.6068348,-1.9344153,0.4420420,0.0369308,0.0036631,1.0144892,76
1343,-2.8400000,-2.8600000,-1.5200000,0.0458000,-0.0512000,0.8725000,-0.4939322,-1.5766740,0.3361181,0.0388709,0.0049505,1.0178572,76
1344,0.5600000,-6.6400000,-2.1900000,-0.0395000,-0.0961000,0.9697000,-0.4414903,-1.3352523,0.1604470,0.0393222,0.0030870,1.0147830,76
1345,3.1900000,3.7900000,0.7200000,0.0209000,0.0683000,1.1708000,-0.3428676,-1.3211803,-0.0691410,0.0362057,-0.0018728,1.0112763,76
1346,1.6000000,5.9800000,0.0500000,0.0874000,0.0375000,0.9536000,-0.0805601,-1.0670433,-0.2248917,0.0330999,-0.0033367,1.0134416,76
1347,-2.9000000,-6.7600000,-3.0500000,0.0034000,-0.0595000,0.8554000,0.1642339,-0.6377835,-0.3515022,0.0324476,-0.0023246,1.0124129,76
1348,2.7000000,-3.6500000,-2.3200000,-0.0551000,-0.0722000,1.0659000,0.2779143,-0.5359745,-0.5725644,0.0302078,-0.0045756,1.0053395,76
1349,3.4900000,7.0200000,0.0000000,0.0424000,0.0947000,1.1440000,0.4487970,-0.5690093,-0.8227880,0.0250513,-0.0078448,1.0030090,76
1350,-0.7700000,2.1400000,-2.0700000,0.0795000,-0.0146000,0.8486000,0.7012823,-0.2928413,-1.0053379,0.0219248,-0.0072507,1.0053395,76
1351,-2.1100000,-8.2900000,-3.8400000,-0.0595000,-0.1015000,0.9135000,0.8036643,-0.0317446,-1.2019196,0.0210081,-0.0070103,1.0014787,76
1352,3.6200000,0.7300000,-1.1600000,-0.0351000,-0.0297000,1.1806000,0.7772519,-0.1370825,-1.4505527,0.0172344,-0.0112595,0.9959959,76
1353,1.7200000,9.4000000,0.6000000,0.0639000,0.0649000,1.0200000,0.8354439,-0.1420147,-1.6051495,0.0121081,-0.0150082,0.9987197,76
1354,-3.4500000,-1.3300000,-1.8900000,0.0454000,-0.0395000,0.8457000,0.8781523,0.2317479,-1.6125075,0.0106211,-0.0149898,1.0019010,76
1355,-1.1300000,-5.9700000,-2.5000000,-0.0913000,-0.1000000,1.0546000,0.7082724,0.4683082,-1.6017617,0.0100875,-0.0160653,0.9990891,76
1356,3.4300000,6.7200000,0.7200000,0.0058000,0.0600000,1.1918000,0.4966316,0.4508596,-1.5901092,0.0062960,-0.0190694,1.0003051,76
1357,-0.2800000,9.3400000,-0.1200000,0.0825000,0.0332000,0.8344000,0.4304536,0.7410513,-1.4785953,0.0034147,-0.0183958,1.0065353,76
1358,-3.8200000,-5.4200000,-3.3500000,-0.0434000,-0.0810000,0.9179000,0.3343513,1.2689005,-1.3459342,0.0038512,-0.0155742,1.0055575,76
1359,2.7000000,-1.5800000,-2.1900000,-0.0991000,-0.0971000,1.1845000,0.1410211,1.4436456,-1.3336795,0.0017450,-0.0170502,1.0015659,76
1360,2.5800000,11.0500000,1.0300000,0.0468000,0.1020000,1.0332000,0.0892466,1.4893515,-1.3532393,-0.0036581,-0.0201056,1.0053087,76
1361,-1.2600000,4.6400000,-1.1600000,0.0541000,-0.0024000,0.7358000,0.1814217,1.9043178,-1.2829812,-0.0058536,-0.0183514,1.0070156,76
1362,-1.5600000,-9.0800000,-3.2300000,-0.1391000,-0.0830000,1.0312000,0.1958390,2.2434144,-1.2256316,-0.0064720,-0.0154668,0.9982281,76
1363,6.7900000,2.6900000,-0.0600000,-0.0761000,0.0151000,1.2509000,0.2377541,2.0631706,-1.2446313,-0.0123778,-0.0154531,0.9937207,76
1364,0.0800000,11.4200000,1.2100000,0.0620000,0.1220000,0.8881000,0.4885455,1.9368729,-1.1998097,-0.0197762,-0.0128132,0.9997914,76
1365,-3.0300000,-2.9800000,-2.0100000,-0.0205000,-0.0541000,0.7641000,0.6888712,2.1531558,-1.0676493,-0.0223822,-0.0059736,0.9995082,76
1366,3.4300000,-8.6600000,-1.6500000,-0.1289000,-0.0927000,1.1235000,0.7107985,2.0546320,-0.9866918,-0.0244226,-0.0026917,0.9901237,76
1367,3.6200000,6.0400000,2.8600000,0.0131000,0.0839000,1.2490000,0.8173817,1.5399991,-0.9047095,-0.0290953,-0.0034956,0.9901221,76
1368,-1.5000000,8.6700000,2.3100000,0.0839000,0.0151000,0.6914000,1.0042404,1.3290330,-0.6513197,-0.0301324,-0.0019189,0.9971986,76
1369,-2.6600000,-9.6300000,-0.1200000,-0.0654000,-0.0893000,0.8896000,1.0024383,1.3631099,-0.2886714,-0.0260573,-0.0002554,0.9923503,76
1370,4.7100000,-4.0200000,2.0100000,-0.0791000,-0.0454000,1.2905000,0.8783774,0.9820440,0.0490437,-0.0238809,-0.0033634,0.9850575,76
1371,-0.1000000,10.7400000,4.7500000,0.0815000,0.0893000,1.0302000,0.8620028,0.5195780,0.4354192,-0.0234205,-0.0069102,0.9916384,76
1372,-2.8400000,1.2200000,2.1300000,0.0478000,-0.0229000,0.6582000,0.8157925,0.5563925,0.9221800,-0.0185988,-0.0064145,0.9967135,76
1373,0.1400000,-12.1300000,-0.0600000,-0.1347000,-0.0903000,1.0883000,0.6073498,0.5563941,1.3400291,-0.0131608,-0.0065213,0.9888834,76
1374,4.0400000,0.9800000,2.6200000,0.0434000,0.0952000,1.0576000,0.4545977,0.0686591,1.5933540,-0.0121947,-0.0082409,0.9825936,76
1375,-1.8100000,2.0200000,1.4600000,0.0566000,-0.0009000,0.5810000,0.4488448,-0.4133456,1.7611783,-0.0104207,-0.0066895,0.9756300,76
1376,0.3200000,-14.9400000,-1.0400000,-0.1284000,-0.0737000,1.0424000,0.4239596,-0.8885017,1.8177063,-0.0078795,-0.0047614,0.9583001,76
1377,5.0200000,-4.3200000,1.3400000,-0.0664000,0.0107000,1.3447000,0.4512623,-1.7681500,1.7223980,-0.0109709,-0.0059058,0.9507463,76
1378,0.5000000,7.9400000,3.1100000,0.0742000,0.1118000,0.7939000,0.6506268,-2.5043761,1.6183016,-0.0158278,-0.0049704,0.9604162,76
1379,-1.0700000,-8.0400000,-0.4200000,0.0161000,-0.0058000,0.7456000,0.8256351,-2.7046772,1.5649308,-0.0157012,0.0006178,0.9633331,76
1380,3.1900000,-15.1300000,-1.8900000,-0.0947000,-0.0522000,1.2285000,0.9026801,-3.0832045,1.4126166,-0.0141236,0.0051163,0.9583809,76
1381,3.9800000,1.2800000,1.2100000,0.0385000,0.0585000,1.1933000,1.0661521,-3.8217753,1.1414001,-0.0146845,0.0065520,0.9664992,76
1382,-0.2800000,4.0300000,0.2400000,0.1411000,0.0634000,0.6621000,1.3036536,-4.1599544,0.8912265,-0.0113863,0.0095212,0.9799643,76
1383,-0.2800000,-13.0500000,-3.2300000,-0.0170000,-0.0810000,0.9755000,1.4143103,-4.1171719,0.6282536,-0.0022569,0.0127553,0.9800274,76
1384,3.9200000,-9.4500000,-2.3800000,-0.0288000,-0.0117000,1.3657000,1.4335205,-4.3920143,0.2364088,0.0053520,0.0115896,0.9812466,76
1385,0.9900000,7.4500000,0.9100000,0.1000000,0.1005000,0.9521000,1.5023941,-4.7075016,-0.1760832,0.0103122,0.0098326,0.9967700,76
1386,-1.3800000,-0.3500000,-1.3400000,0.0893000,0.0175000,0.6840000,1.5166506,-4.4292449,-0.4646487,0.0178967,0.0120692,1.0060596,76
1387,-0.2200000,-13.3500000,-3.3500000,-0.0815000,-0.0644000,1.2041000,1.3639904,-4.0275182,-0.7152206,0.0252818,0.0139619,1.0019750,76
1388,3.0100000,-0.9000000,-0.9100000,0.0019000,0.0249000,1.3085000,1.1804066,-4.0076558,-0.9982152,0.0265453,0.0123190,1.0072442,76
1389,-2.2900000,8.8500000,0.1800000,0.1372000,0.1279000,0.7055000,1.0383314,-3.7994933,-1.1997402,0.0264181,0.0125512,1.0206175,76
1390,-1.2600000,-5.2400000,-3.1700000,0.0214000,-0.0429000,0.8642000,0.8069625,-3.1285979,-1.3073194,0.0301931,0.0164676,1.0191775,76
1391,-0.5200000,-11.1600000,-3.9600000,-0.0839000,-0.0346000,1.3447000,0.4867033,-2.7038533,-1.4745377,0.0321187,0.0178072,1.0122670,76
1392,1.4800000,6.7800000,-0.5500000,0.0590000,0.0546000,1.0771000,0.2257376,-2.6315650,-1.6970991,0.0290182,0.0160810,1.0195160,76
1393,-3.4500000,5.8600000,-0.7900000,0.1181000,0.0761000,0.5927000,0.0199484,-2.2079116,-1.8209930,0.0277552,0.0167086,1.0244370,76
1394,-0.5200000,-9.5100000,-3.2300000,-0.0595000,-0.0917000,1.0283000,-0.2329325,-1.5782822,-1.8618128,0.0294492,0.0180805,1.0113869,76
1395,1.4800000,-5.6000000,-2.4400000,-0.0571000,-0.0102000,1.4995000,-0.4368568,-1.4244435,-1.9330346,0.0270050,0.0151480,1.0050909,76
1396,-1.9900000,11.9000000,0.1100000,0.1176000,0.0727000,0.7617000,-0.5235122,-1.3882827,-1.9840923,0.0221414,0.0112592,1.0164897,76
1397,-0.7700000,1.4700000,-1.8900000,0.0854000,0.0151000,0.6635000,-0.6027058,-0.8585256,-1.9399920,0.0225354,0.0108791,1.0161776,76
1398,-1.2600000,-10.3000000,-3.7200000,-0.0859000,-0.0590000,1.2895000,-0.7012787,-0.3586183,-1.9042779,0.0250446,0.0106430,1.0021900,76
1399,2.2700000,2.8100000,-0.9100000,0.0083000,0.0029000,1.2949000,-0.7286474,-0.3369534,-1.9340491,0.0230734,0.0076283,1.0038359,76
1400,-3.3300000,11.2300000,1.0900000,0.1269000,0.0903000,0.6499000,-0.6886698,-0.1644439,-1.8871451,0.0211125,0.0058270,1.0152114,76
1401,-0.7700000,-1.5800000,-1.3400000,-0.0034000,-0.0307000,0.8388000,-0.7113370,0.4351806,-1.7068680,0.0233543,0.0072725,1.0099080,76
1402,-0.8300000,-7.2500000,-1.8300000,-0.0903000,-0.0332000,1.4423000,-0.7832057,0.8012595,-1.5228136,0.0235145,0.0075289,1.0010875,76
1403,-0.2200000,10.9300000,1.2700000,0.0610000,0.0014000,1.0483000,-0.8196021,0.8682475,-1.3573480,0.0192580,0.0051666,1.0108414,76
1404,-3.3300000,9.3400000,1.4600000,0.1171000,0.0463000,0.5971000,-0.8694870,1.3224577,-1.0986051,0.0179694,0.0035558,1.0189575,76
1405,-1.5000000,-5.1200000,-1.0400000,-0.0771000,-0.0961000,1.0048000,-0.9999305,1.9993701,-0.7811425,0.0200796,0.0021949,1.0075232,76
1406,3.0700000,-1.3900000,0.5400000,-0.0571000,-0.0620000,1.5180000,-1.0687345,2.2269018,-0.5163922,0.0179281,-0.0030296,1.0020898,76
1407,-2.4800000,14.7100000,4.0200000,0.1093000,0.0595000,0.5888000,-0.9836269,2.3307026,-0.2235722,0.0134611,-0.0093624,1.0110816,76
1408,-0.5200000,-2.3700000,1.0900000,-0.0727000,-0.0468000,0.9169000,-0.8984257,2.7253811,0.1763949,0.0112982,-0.0124669,1.0081761,76
1409,2.0900000,-3.6500000,0.9700000,-0.0917000,-0.0239000,1.5322000,-0.8003274,2.8864964,0.5627418,0.0064368,-0.0146213,1.0047480,76
1410,-0.2800000,14.2200000,3.8400000,0.0527000,0.0439000,0.8056000,-0.6052370,2.8493251,0.9032916,-0.0012831,-0.0158467,1.0179716,76
1411,-1.7400000,6.9000000,1.9500000,0.0668000,0.0727000,0.5830000,-0.4357123,3.2330309,1.2620230,-0.0045145,-0.0126162,1.0195141,76
1412,-0.7700000,-6.3400000,-1.2800000,-0.1445000,-0.1079000,1.2333000,-0.3829627,3.6548081,1.5204518,-0.0053848,-0.0078961,1.0029674,76
1413,3.5600000,2.7500000,1.2100000,-0.0185000,-0.0371000,1.3466000,-0.3127436,3.5708596,1.5761023,-0.0103445,-0.0078535,1.0000739,76
1414,-2.9700000,13.1900000,3.9000000,0.1191000,0.0507000,0.6176000,-0.1747029,3.4781892,1.5864003,-0.0139476,-0.0098342,1.0091395,76
1415,-0.0400000,0.8600000,1.4600000,-0.0004000,-0.0380000,0.7148000,-0.1207375,3.7416400,1.6758368,-0.0107337,-0.0097864,1.0000929,76
1416,2.0300000,-8.9000000,0.2400000,-0.1298000,-0.0507000,1.5000000,-0.0969126,3.7307268,1.7403598,-0.0080411,-0.0104958,0.9851897,76
1417,2.5800000,8.2400000,2.8600000,0.0371000,0.0244000,1.0087000,0.0587032,3.2493001,1.7383328,-0.0101449,-0.0124173,0.9913516,76
1418,-2.2300000,8.6700000,1.9500000,0.1245000,0.1132000,0.5170000,0.2534052,3.0058636,1.7562459,-0.0092954,-0.0104168,0.9966891,76
1419,0.3800000,-6.5800000,-1.7100000,-0.0908000,-0.0371000,1.0996000,0.3277957,2.9898477,1.7280702,-0.0040816,-0.0040051,0.9831529,76
1420,2.8800000,-5.1800000,-1.5200000,-0.0449000,-0.0092000,1.5136000,0.3774908,2.5451849,1.5111285,-0.0024583,0.0010272,0.9804399,76
1421,-1.7400000,10.5000000,1.4000000,0.1279000,0.0620000,0.6333000,0.4674044,1.9261994,1.1833192,-0.0022781,0.0043027,0.9955367,76
1422,-1.1300000,1.9500000,-0.1200000,0.0541000,0.0024000,0.6176000,0.4527783,1.7313553,0.9013148,0.0033426,0.0084116,0.9934834,76
1423,0.1400000,-11.1600000,-1.9500000,-0.1479000,-0.0878000,1.5019000,0.3295027,1.5323760,0.6321792,0.0084502,0.0099494,0.9800455,76
1424,0.7500000,1.8300000,0.6600000,0.0307000,-0.0424000,1.1845000,0.2219613,0.9093137,0.3413034,0.0068096,0.0058064,0.9892153,76
1425,-4.2500000,8.8500000,2.8000000,0.1508000,0.0590000,0.4926000,0.0827410,0.4637759,0.1709126,0.0065017,0.0004013,1.0032631,76
1426,0.2000000,-4.3200000,0.7200000,-0.0253000,-0.0439000,0.8710000,-0.1648245,0.4462408,0.1880841,0.0119475,-0.0024608,0.9927445,76
1427,0.6300000,-11.5200000,0.1800000,-0.0888000,-0.0488000,1.6181000,-0.3750285,0.1720038,0.2727561,0.0147094,-0.0056572,0.9836230,76
1428,-1.3200000,5.8600000,2.8600000,0.0722000,0.0249000,0.7817000,-0.4769042,-0.4494886,0.3842777,0.0126741,-0.0095945,0.9969407,76
1429,-2.1100000,4.0900000,2.3100000,0.0766000,0.0727000,0.5346000,-0.5866744,-0.7258171,0.5898163,0.0130057,-0.0098688,1.0000261,76
1430,1.0500000,-10.0600000,-0.6700000,-0.1171000,-0.0322000,1.3017000,-0.7001205,-0.7648017,0.8110245,0.0143486,-0.0064784,0.9849842,76
1431,0.0200000,-4.9900000,-0.6700000,-0.0312000,-0.0092000,1.3984000,-0.7164353,-1.1505177,0.8937694,0.0102654,-0.0038016,0.9873160,76
1432,-2.6600000,7.5100000,1.3400000,0.0996000,0.0439000,0.5756000,-0.7008760,-1.5571167,0.8615825,0.0052174,-0.0019140,1.0033687,76
1433,1.4200000,-0.6600000,-0.1200000,0.0288000,0.0288000,0.6757000,-0.7125167,-1.5046199,0.8096830,0.0055131,0.0016073,0.9978349,76
1434,1.8500000,-12.5000000,-2.4400000,-0.1259000,-0.0678000,1.5649000,-0.6219743,-1.4768058,0.6844409,0.0058885,0.0044134,0.9842554,76
1435,0.1400000,0.4300000,-0.9700000,-0.0122000,-0.0366000,1.0639000,-0.4083010,-1.8470335,0.4292354,0.0009326,0.0029786,0.9942715,76
1436,-0.9500000,5.7400000,0.6600000,0.0742000,0.0502000,0.5244000,-0.2147626,-2.0545930,0.1563669,-0.0038492,-0.0000044,1.0055156,76
1437,3.2500000,-5.5400000,-1.1600000,-0.0683000,-0.0073000,0.8920000,-0.0434597,-1.8947280,-0.0474667,-0.0052431,-0.0007826,0.9922950,76
1438,2.4000000,-11.4600000,-2.0100000,-0.0957000,-0.0126000,1.6269000,0.2295598,-1.9773888,-0.2480886,-0.0088910,-0.0007568,0.9831355,76
1439,-0.1000000,4.2100000,0.1100000,0.0249000,-0.0083000,0.7924000,0.5458827,-2.3585746,-0.4586505,-0.0152320,-0.0014989,0.9974581,76
1440,3.3100000,-3.2200000,-0.7300000,0.0004000,0.0385000,0.7832000,0.8155636,-2.5392981,-0.6074599,-0.0189889,-0.0016677,1.0067456,76
1441,2.8200000,-11.2200000,-2.5000000,-0.0776000,-0.0351000,1.6391000,1.1105854,-2.7213362,-0.7314206,-0.0209153,-0.0009672,1.0121182,76
1442,-0.5200000,2.9900000,-0.9100000,0.0297000,-0.0405000,0.9155000,1.3798837,-3.0747621,-0.8855190,-0.0229830,-0.0018902,1.0342098,76
1443,-0.3400000,5.3700000,0.5400000,0.0971000,0.0488000,0.5454000,1.4706679,-3.0518152,-0.9891286,-0.0208783,-0.0036819,1.0459414,76
1444,2.5800000,-6.0900000,-0.9700000,-0.0595000,-0.0395000,1.1967000,1.4384636,-2.6384985,-0.9921853,-0.0145495,-0.0041818,1.0337685,76
1445,0.9900000,-4.6900000,-0.6700000,-0.0380000,-0.0336000,1.4628000,1.4189370,-2.3924161,-0.9560126,-0.0105247,-0.0054478,1.0313141,76
1446,-2.5400000,7.3300000,1.8200000,0.0649000,-0.0170000,0.6420000,1.3329938,-2.2058783,-0.8658543,-0.0085158,-0.0083064,1.0425741,76
1447,-0.0400000,3.1800000,1.8800000,0.0273000,0.0727000,0.6870000,1.0878457,-1.6449400,-0.6410697,-0.0041513,-0.0093701,1.0350044,76
1448,1.4200000,-6.4600000,-0.4200000,-0.1118000,-0.0214000,1.5468000,0.8191292,-1.0078348,-0.3417742,-0.0008640,-0.0071506,1.0185571,76
1449,-1.0700000,2.2000000,0.2400000,0.0043000,-0.0083000,1.0512000,0.6157281,-0.6696921,-0.0966580,-0.0025423,-0.0047189,1.0232232,76
1450,-2.3600000,7.3900000,1.7600000,0.0815000,0.0419000,0.5634000,0.3739562,-0.2919808,0.1048643,-0.0038503,-0.0027019,1.0286200,76
1451,1.9100000,-0.4200000,0.1100000,-0.0395000,0.0473000,0.9873000,0.1109308,0.3063013,0.3034094,-0.0018132,0.0012749,1.0130185,76
1452,1.0500000,-5.0500000,-1.1600000,-0.0761000,-0.0424000,1.5546000,-0.0162632,0.6955293,0.4228411,-0.0018392,0.0056130,1.0038263,76
1453,-3.0900000,5.1900000,0.4200000,0.0395000,-0.0141000,0.7500000,-0.0780561,0.7822427,0.4295212,-0.0047648,0.0069079,1.0146241,76
1454,-0.7700000,6.5900000,1.1500000,0.0517000,0.0283000,0.5639000,-0.2299084,1.0144099,0.4159699,-0.0051618,0.0063340,1.0127127,76
1455,2.7600000,-3.4700000,-0.3600000,-0.0815000,-0.0468000,1.3613000,-0.3463856,1.3810618,0.4212591,-0.0037686,0.0053707,0.9951841,76
1456,-1.5000000,-0.7800000,-0.1200000,0.0039000,-0.0449000,1.2885000,-0.3279912,1.4825749,0.3970360,-0.0047293,0.0021083,0.9958770,76
1457,-3.2100000,6.8400000,1.5200000,0.0898000,-0.0366000,0.6044000,-0.3591329,1.4649310,0.3680819,-0.0046422,-0.0036319,1.0075518,76
1458,0.5000000,2.8700000,1.7600000,0.0219000,0.0581000,0.7563000,-0.4992738,1.6526468,0.4139330,-0.0000883,-0.0082266,0.9994426,76
1459,2.7000000,-4.5000000,0.3000000,-0.0708000,-0.0468000,1.5546000,-0.5392042,1.8025494,0.5173322,0.0041007,-0.0098538,0.9876912,76
1460,-4.0600000,2.0200000,0.7200000,0.0351000,-0.0170000,0.9238000,-0.4845441,1.6713420,0.6039451,0.0047588,-0.0111602,0.9969950,76
1461,-1.8100000,5.9800000,1.8200000,0.0405000,0.0004000,0.5673000,-0.5557654,1.5637874,0.6824742,0.0056000,-0.0127162,1.0025909,76
1462,2.2100000,-1.0300000,0.8500000,-0.0400000,0.0659000,1.1337000,-0.6666527,1.6292622,0.7826478,0.0072179,-0.0116945,0.9897463,76
1463,0.6300000,-3.0400000,-0.6100000,-0.0273000,-0.0351000,1.3964000,-0.6191458,1.5580437,0.8424641,0.0063342,-0.0081497,0.9869734,76
1464,-3.7600000,2.5000000,-0.2400000,0.0595000,-0.0190000,0.7143000,-0.5447633,1.2946203,0.8008985,0.0045536,-0.0056894,0.9991110,76
1465,1.1700000,3.4800000,0.5400000,0.0336000,0.0131000,0.6298000,-0.5681721,1.1309254,0.6988555,0.0055623,-0.0048595,0.9960173,76
1466,4.7800000,-4.4400000,-0.6700000,-0.0590000,-0.0024000,1.4472000,-0.4700620,1.0359068,0.5806827,0.0071220,-0.0038405,0.9827269,76
1467,-2.1700000,-1.8200000,-1.4600000,0.0112000,-0.0244000,1.2036000,-0.1974636,0.7467466,0.4128558,0.0060801,-0.0032017,0.9902074,76
1468,-1.1300000,3.1100000,-0.3000000,0.0444000,-0.0400000,0.5102000,-0.0206268,0.4014902,0.1939293,0.0050801,-0.0043664,1.0031141,76
1469,4.7800000,-0.4800000,0.7900000,0.0083000,0.0688000,0.8969000,0.1014740,0.2265332,0.0124356,0.0062056,-0.0054776,0.9934864,76
1470,3.8000000,-4.4400000,-0.2400000,-0.0664000,-0.0224000,1.5527000,0.4172513,0.0501351,-0.0840780,0.0063206,-0.0042400,0.9849570,76
1471,-4.2500000,-0.7800000,-0.9100000,0.0317000,-0.0229000,0.8417000,0.7495341,-0.2706710,-0.1512729,0.0040228,-0.0030835,0.9976454,76
1472,2.3300000,3.1100000,0.9700000,0.0268000,0.0136000,0.5717000,0.8548340,-0.5127174,-0.2041070,0.0027039,-0.0031907,1.0021123,76
1473,3.9800000,-3.1000000,-0.3600000,-0.0322000,0.0219000,1.4721000,0.9418624,-0.5797708,-0.2081398,0.0027073,-0.0024769,0.9939063,76
1474,-4.1900000,-2.0600000,-1.8900000,0.0405000,-0.0507000,0.9594000,1.0445237,-0.6796300,-0.2269423,0.0025502,-0.0016856,0.9986784,76
1475,1.2400000,1.9500000,0.0500000,0.0307000,-0.0541000,0.6333000,0.9629920,-0.7949171,-0.3029113,0.0038412,-0.0037258,1.0023313,76
1476,5.3900000,1.0400000,0.6000000,0.0292000,0.0644000,1.1694000,0.9072479,-0.7471582,-0.3511994,0.0069935,-0.0066328,0.9923444,76
1477,0.0800000,-1.4500000,-1.4000000,-0.0087000,-0.0351000,1.2783000,1.0416227,-0.6046910,-0.3569685,0.0100682,-0.0071692,0.9915831,76
1478,-2.6600000,-1.5100000,-1.7700000,0.0366000,-0.0878000,0.7495000,1.1021679,-0.5324235,-0.4117230,0.0122033,-0.0088170,1.0013207,76
1479,3.1900000,2.9900000,0.6000000,0.0156000,0.0156000,0.8315000,1.0112869,-0.4730266,-0.5009265,0.0142011,-0.0130838,0.9996032,76
1480,4.1700000,1.1000000,0.3000000,-0.0014000,0.0610000,1.3022000,1.0302177,-0.2850681,-0.5233187,0.0156750,-0.0146809,0.9928038,76
1481,-1.8100000,-2.0000000,-1.8900000,0.0190000,-0.0107000,1.0073000,1.1548085,-0.0775541,-0.5094975,0.0159998,-0.0119773,0.9979221,76
1482,0.6900000,-0.6000000,-1.0400000,-0.0009000,-0.0561000,0.7934000,1.1668485,-0.0085263,-0.5504803,0.0156397,-0.0096125,1.0035848,76
1483,2.5200000,3.7200000,0.7200000,-0.0014000,0.0761000,1.0205000,1.1228077,0.0468731,-0.5978137,0.0144697,-0.0082635,0.9991885,76
1484,1.9700000,1.7100000,-0.2400000,-0.0136000,0.0185000,1.2495000,1.1590050,0.2503508,-0.5769333,0.0122095,-0.0044330,0.9981191,76
1485,-3.7600000,-2.7300000,-1.3400000,0.0224000,-0.0576000,0.9360000,1.1433383,0.4493077,-0.5392862,0.0096545,-0.0005055,1.0067323,76
1486,1.6000000,2.6900000,1.2100000,0.0078000,-0.0292000,0.7866000,0.9621129,0.5195262,-0.5061611,0.0080236,-0.0004745,1.0098700,76
1487,2.6400000,4.0900000,2.1900000,0.0253000,0.0976000,1.1582000,0.8103672,0.6581875,-0.3785819,0.0076043,-0.0007860,1.0044097,76
1488,-2.9000000,0.1800000,0.1100000,-0.0039000,-0.0170000,1.1718000,0.7278771,0.9161649,-0.1518708,0.0078190,0.0020697,1.0060724,76
1489,-3.3300000,-0.7200000,-0.0600000,-0.0058000,-0.0678000,0.8271000,0.4861580,1.0829313,0.0529269,0.0075636,0.0036507,1.0132564,76
1490,0.0200000,4.8200000,2.1900000,0.0141000,0.0434000,0.8925000,0.1004810,1.1743884,0.2238042,0.0067641,0.0021782,1.0111455,76
1491,1.1700000,4.4600000,1.7600000,0.0019000,0.0747000,1.1723000,-0.1975223,1.4074173,0.4375245,0.0061959,0.0029407,1.0045663,76
1492,-4.7400000,-1.7600000,-0.4900000,-0.0039000,-0.0639000,1.0092000,-0.4205779,1.6844068,0.6442817,0.0056150,0.0057822,1.0049265,76
1493,0.0200000,-0.4200000,0.9700000,-0.0346000,-0.0834000,0.8188000,-0.6963396,1.7371836,0.7602742,0.0039779,0.0043988,1.0049525,76
1494,1.4200000,5.0100000,2.8000000,0.0107000,0.0898000,1.0371000,-0.8831339,1.6798790,0.8589451,0.0013552,0.0003283,0.9982230,76
1495,0.6900000,2.0200000,0.9700000,0.0175000,0.0185000,1.1376000,-0.8606935,1.7415448,1.0046543,-0.0003493,-0.0000050,0.9946643,76
1496,-3.0900000,-4.6300000,-0.3600000,-0.0151000,-0.0507000,0.9213000,-0.7829830,1.7299585,1.1053630,-0.0007999,0.0013099,0.9975021,76
1497,1.8500000,1.2200000,0.9700000,-0.0161000,-0.0161000,0.8906000,-0.7433470,1.4626521,1.1056567,-0.0016031,0.0000598,0.9969280,76
1498,2.1500000,4.6400000,1.4000000,0.0161000,0.1323000,1.0703000,-0.6027807,1.2229192,1.0768723,-0.0026160,0.0002453,0.9922437,76
1499,-1.3200000,-1.8200000,-0.6100000,-0.0053000,-0.0107000,1.0766000,-0.3672021,1.1452483,1.0353659,-0.0028386,0.0051204,0.9920275,76
1500,-0.9500000,-4.6300000,-0.6700000,-0.0590000,-0.0693000,0.8710000,-0.2155349,0.9305296,0.9157304,-0.0038278,0.0086712,0.9944271,76
1501,1.7200000,2.5000000,1.6400000,-0.0083000,0.0566000,0.9956000,-0.1310732,0.5457515,0.7592123,-0.0067977,0.0083902,0.9926824,76
1502,2.4000000,3.4800000,1.5800000,0.0063000,0.0834000,1.0668000,0.0318336,0.3324523,0.6819884,-0.0095481,0.0100926,0.9907253,76
1503,-2.6000000,-5.9700000,-0.3600000,-0.0244000,-0.0400000,1.0361000,0.2124836,0.2390365,0.6668443,-0.0109487,0.0140569,0.9935350,76
1504,1.4200000,-3.5900000,0.1800000,-0.0410000,-0.0478000,0.8535000,0.2835592,-0.0820831,0.6244485,-0.0126445,0.0145785,0.9957057,76
1505,2.9400000,3.7200000,1.7600000,0.0239000,0.1333000,1.0258000,0.3702295,-0.4708258,0.5824404,-0.0143731,0.0136957,0.9928017,76
1506,-2.6000000,-5.2400000,-1.8300000,-0.0078000,-0.0327000,1.0527000,0.4904656,-0.7102394,0.5462650,-0.0143472,0.0157668,0.9906699,76
1507,0.0800000,-5.4800000,-2.0100000,-0.0415000,-0.0512000,0.8745000,0.4843967,-1.0525520,0.4006544,-0.0138448,0.0161639,0.9901667,76
1508,2.5200000,3.3000000,0.4200000,0.0151000,0.1157000,1.0493000,0.4431978,-1.4466151,0.1660283,-0.0139307,0.0147304,0.9876415,76
1509,1.1700000,1.8900000,-0.7900000,0.0302000,0.0556000,1.0776000,0.5074956,-1.5226855,-0.0371506,-0.0124871,0.0173634,0.9880330,76
1510,-4.5500000,-7.8600000,-3.0500000,-0.0415000,-0.0600000,0.9443000,0.5141900,-1.4648158,-0.2490262,-0.0098753,0.0210091,0.9922338,76
1511,1.7200000,-2.2500000,-1.2800000,-0.0444000,-0.0654000,0.9584000,0.3524591,-1.6329678,-0.5289890,-0.0093590,0.0190528,0.9940377,76
1512,0.8100000,4.9500000,0.9700000,0.0346000,0.1230000,1.1035000,0.2143935,-1.7584482,-0.7592348,-0.0101980,0.0149058,0.9949626,76
1513,-1.8100000,-0.5400000,-0.7900000,0.0351000,-0.0161000,1.0014000,0.1393495,-1.5548702,-0.8485222,-0.0087139,0.0143524,0.9993104,76
1514,-4.3700000,-8.3500000,-1.8300000,-0.0493000,-0.0756000,0.9248000,-0.0641731,-1.3893706,-0.8866255,-0.0059474,0.0131498,1.0027788,76
1515,2.2100000,1.7700000,1.1500000,-0.0048000,0.0166000,1.0527000,-0.3570427,-1.4823038,-0.9061125,-0.0050670,0.0082956,1.0028461,76
1516,-0.5900000,5.3700000,1.5800000,0.0629000,0.1269000,1.0068000,-0.5270376,-1.4115815,-0.8046485,-0.0040150,0.0062129,1.0034037,76
1517,-4.4300000,-5.0500000,-1.4000000,-0.0141000,-0.0297000,0.9272000,-0.6620088,-1.1030045,-0.6164916,-0.0008708,0.0092122,1.0033573,76
1518,-1.7400000,-6.2100000,-1.8900000,-0.0800000,-0.0537000,1.0727000,-0.9201242,-1.0362020,-0.5087513,0.0003059,0.0106729,1.0017304,76
1519,-0.2200000,5.9200000,0.9100000,0.0112000,0.1176000,1.0952000,-1.1750279,-1.1420793,-0.4845381,-0.0022356,0.0103607,1.0039180,76
1520,-1.9900000,4.2700000,-0.3000000,0.0815000,0.0498000,0.8530000,-1.3278644,-0.9194113,-0.4375151,-0.0032060,0.0139734,1.0073379,76
1521,-5.1600000,-8.9600000,-2.6200000,-0.0400000,-0.0859000,0.9550000,-1.5071947,-0.5922849,-0.4186023,-0.0008756,0.0178049,1.0040455,76
1522,1.9100000,-1.9400000,-0.7300000,-0.0493000,-0.0805000,1.1757000,-1.7099973,-0.6480013,-0.4987675,-0.0002707,0.0147650,1.0003778,76
1523,-1.5600000,8.1200000,1.5200000,0.0776000,0.0859000,0.9960000,-1.7609368,-0.7264723,-0.5615273,-0.0010860,0.0083958,1.0040684,76
1524,-2.6000000,0.3100000,-0.5500000,0.0620000,-0.0346000,0.8012000,-1.7286625,-0.4250219,-0.5213222,0.0018503,0.0047751,1.0054840,76
1525,-3.1500000,-8.9600000,-1.7700000,-0.0698000,-0.1010000,1.0961000,-1.7681200,-0.2019610,-0.4807696,0.0062318,0.0003764,0.9998158,76
1526,2.6400000,3.6000000,1.3400000,0.0131000,0.0083000,1.1474000,-1.7771088,-0.3240443,-0.4713684,0.0072459,-0.0070600,0.9990231,76
1527,-1.5600000,7.8800000,1.7000000,0.1098000,0.1083000,0.8823000,-1.6286650,-0.2534008,-0.3750548,0.0086438,-0.0107822,1.0040800,76
1528,-3.1500000,-4.3200000,-1.6500000,-0.0102000,-0.0659000,0.8974000,-1.4755267,0.1143169,-0.2210968,0.0133144,-0.0091100,1.0031675,76
1529,1.3600000,-5.6000000,-1.4600000,-0.0786000,-0.0996000,1.1337000,-1.3893189,0.2132395,-0.1660492,0.0154573,-0.0097780,0.9985281,76
1530,1.8500000,7.7500000,1.7600000,0.0439000,0.0712000,1.1459000,-1.1939022,0.1035057,-0.1738393,0.0131096,-0.0133150,1.0019108,76
1531,-0.8300000,6.7800000,0.4800000,0.1069000,0.0034000,0.7207000,-0.8877085,0.3598033,-0.1138587,0.0128824,-0.0135860,1.0068630,76
1532,-2.3600000,-9.2000000,-1.5800000,-0.0649000,-0.0922000,0.9921000,-0.6635989,0.7384855,-0.0433483,0.0155739,-0.0129536,1.0010407,76
1533,5.2600000,-1.5100000,0.4800000,-0.0512000,-0.0434000,1.2402000,-0.4723808,0.6583342,-0.0388274,0.0145608,-0.0160141,0.9961204,76
1534,0.2600000,10.1900000,2.4300000,0.0883000,0.0961000,0.8857000,-0.1426929,0.5132736,0.0035421,0.0111547,-0.0183554,1.0004703,76
1535,-1.0100000,-1.2100000,-0.1200000,0.0224000,-0.0454000,0.7583000,0.1760136,0.7336779,0.1352664,0.0110425,-0.0163058,0.9986011,76
1536,0.7500000,-10.1200000,-1.3400000,-0.1093000,-0.1005000,1.1621000,0.3459926,0.7688998,0.2259525,0.0105614,-0.0155934,0.9887664,76
1537,5.6900000,4.1500000,2.0700000,0.0278000,0.0371000,1.2163000,0.5513293,0.3822788,0.2513018,0.0060224,-0.0180872,0.9893623,76
1538,-0.8300000,8.6700000,2.0700000,0.1337000,0.0893000,0.6777000,0.8656741,0.2411801,0.3451776,0.0042341,-0.0169684,0.9960697,76
1539,0.0800000,-11.2800000,-1.6500000,-0.1000000,-0.1064000,1.1547000,1.0802797,0.3363625,0.4692358,0.0066674,-0.0126926,0.9951925,76
1540,5.4500000,1.1600000,1.2700000,0.0000000,-0.0092000,1.2666000,1.2271333,0.1147255,0.5119088,0.0063608,-0.0115957,1.0001112,76
1541,-1.3200000,10.5000000,1.9500000,0.1406000,0.1059000,0.7299000,1.4167435,-0.0057096,0.5551905,0.0064686,-0.0103403,1.0116478,76
1542,-1.7400000,-5.8500000,-1.5800000,-0.0043000,-0.0576000,0.9038000,1.4460276,0.2450675,0.6104482,0.0115791,-0.0057923,1.0106842,76
1543,1.0500000,-8.7200000,-1.8300000,-0.1088000,-0.0854000,1.2250000,1.2733319,0.1869897,0.5357950,0.0143925,-0.0043121,1.0044382,76
1544,1.6000000,7.0800000,1.6400000,0.0473000,0.0703000,1.0869000,1.0996456,-0.1908315,0.3725736,0.0115342,-0.0061915,1.0089265,76
1545,-3.2700000,5.7400000,0.6600000,0.0883000,0.0546000,0.6103000,0.9195949,-0.1932855,0.2803371,0.0102625,-0.0046943,1.0112707,76
1546,-1.8700000,-11.4000000,-1.7700000,-0.1166000,-0.0961000,1.1040000,0.5934772,-0.0355353,0.2225599,0.0107775,-0.0016821,1.0000497,76
1547,3.7400000,-4.6300000,-0.0600000,-0.0634000,-0.0268000,1.3232000,0.2709724,-0.3671154,0.1085802,0.0060586,-0.0029167,0.9956910,76
1548,-2.5400000,9.5200000,2.1900000,0.0859000,0.1074000,0.7841000,0.1040212,-0.7740119,0.0327816,-0.0006177,-0.0043238,1.0039762,76
1549,-1.6800000,-2.4900000,-0.5500000,0.0361000,-0.0312000,0.7543000,-0.0720613,-0.7334028,0.0572489,-0.0019479,-0.0017298,1.0018550,76
1550,-0.8300000,-12.5000000,-2.0700000,-0.1289000,-0.0830000,1.2871000,-0.3143643,-0.8083050,0.0486603,-0.0020581,-0.0006903,0.9919065,76
1551,2.7600000,2.4400000,0.5400000,0.0229000,0.0083000,1.2304000,-0.4561600,-1.2944979,-0.0441030,-0.0059560,-0.0037620,0.9974008,76
1552,-4.4300000,8.6100000,0.9100000,0.1225000,0.0961000,0.5239000,-0.5052343,-1.4824445,-0.1016607,-0.0071862,-0.0048333,1.0065921,76
1553,0.6300000,-8.1100000,-1.8900000,-0.0478000,-0.1020000,0.9995000,-0.6059770,-1.2519316,-0.1209694,-0.0029775,-0.0031539,0.9974511,76
1554,0.3200000,-9.0800000,-1.6500000,-0.1074000,-0.0512000,1.4189000,-0.6791459,-1.3387112,-0.2144120,-0.0016558,-0.0050187,0.9906245,76
1555,0.4400000,9.8300000,1.8200000,0.0605000,0.0551000,0.9150000,-0.6371721,-1.6169946,-0.3247981,-0.0047340,-0.0088100,1.0021081,76
1556,-2.5400000,3.6000000,0.4200000,0.0908000,0.0737000,0.6298000,-0.5859777,-1.3807912,-0.3211013,-0.0042311,-0.0078687,1.0068677,76
1557,0.8100000,-10.1800000,-1.9500000,-0.1132000,-0.0849000,1.1152000,-0.5829897,-0.9808071,-0.2786760,-0.0009800,-0.0042711,0.9951053,76
1558,2.4600000,-3.4100000,-0.6100000,-0.0493000,-0.0053000,1.4287000,-0.5033114,-1.0505664,-0.3112204,-0.0025296,-0.0036571,0.9937569,76
1559,-1.8100000,11.5400000,1.2100000,0.1005000,0.1035000,0.6977000,-0.3330501,-1.1205663,-0.3464548,-0.0055555,-0.0028089,1.0068554,76
1560,0.9900000,-1.3300000,-1.1600000,0.0332000,-0.0122000,0.7636000,-0.2005118,-0.7071129,-0.3281663,-0.0033364,0.0017666,1.0064251,76
1561,0.9300000,-11.0400000,-2.5000000,-0.0917000,-0.0429000,1.3334000,-0.0773087,-0.4285192,-0.3625752,-0.0001349,0.0052862,0.9967622,76
1562,2.9400000,5.1300000,0.1800000,0.0166000,0.0126000,1.1621000,0.1242010,-0.5825421,-0.4756150,-0.0007539,0.0054037,1.0027244,76
1563,-1.7400000,8.3000000,1.0300000,0.1284000,0.0839000,0.5917000,0.3452847,-0.4835005,-0.5321980,0.0003134,0.0063745,1.0113361,76
1564,2.3300000,-5.9100000,-1.0400000,-0.0532000,-0.0507000,0.9638000,0.4952885,-0.0634199,-0.5016343,0.0053952,0.0090898,1.0020771,76
1565,1.3000000,-7.3100000,-1.4600000,-0.0698000,-0.0170000,1.5175000,0.6364571,-0.0064086,-0.4921434,0.0072610,0.0094082,0.9967110,76
1566,0.6300000,11.4800000,1.6400000,0.0854000,0.0468000,0.7797000,0.7875306,-0.1510840,-0.4931142,0.0057173,0.0080955,1.0091686,76
1567,0.3200000,3.3600000,1.0300000,0.1152000,0.0395000,0.6669000,0.8789968,0.1500501,-0.3968857,0.0086101,0.0089349,1.0112764,76
1568,1.2400000,-8.7200000,-0.9700000,-0.0810000,-0.0712000,1.2705000,0.9174552,0.5215192,-0.2484586,0.0144892,0.0098520,0.9993510,76
1569,2.5800000,0.7300000,0.6600000,-0.0102000,-0.0424000,1.3154000,0.9764668,0.4497531,-0.1383260,0.0159511,0.0067307,1.0022644,76
1570,-1.8700000,11.5400000,2.8600000,0.1342000,0.1015000,0.6093000,1.0268486,0.4535524,0.0078876,0.0162660,0.0030935,1.0142056,76
1571,1.8500000,0.0600000,0.6000000,0.0385000,-0.0014000,0.8017000,0.9905283,0.8989436,0.2412102,0.0211200,0.0037096,1.0073815,76
1572,1.8500000,-1.8200000,-0.2400000,-0.0468000,-0.0351000,1.4765000,0.9615684,1.3100010,0.4481932,0.0258382,0.0050840,0.9961700,76
1573,-3.0300000,12.3300000,2.1900000,0.1044000,0.0942000,0.6333000,0.9163589,1.6441260,0.5913297,0.0277786,0.0060110,0.9970796,76
1574,1.0500000,2.4400000,0.0500000,0.0615000,0.0156000,0.6411000,0.7502861,2.2340466,0.7197763,0.0312802,0.0095147,0.9855302,76
1575,-0.6500000,-9.6900000,-2.0700000,-0.1391000,-0.0625000,1.5112000,0.5517701,2.5839514,0.7487519,0.0327865,0.0122607,0.9677716,76
1576,1.9700000,6.3500000,0.3000000,-0.0068000,-0.0405000,1.1503000,0.4146695,2.3881028,0.6310697,0.0266300,0.0100264,0.9753149,76
1577,-4.8600000,9.8900000,1.8200000,0.1318000,0.1015000,0.4960000,0.2618970,2.3297258,0.5119272,0.0201226,0.0069445,0.9883176,76
1578,2.1500000,-2.9200000,-0.1800000,-0.0483000,-0.0639000,0.8828000,0.0304102,2.5712657,0.4699035,0.0185199,0.0063902,0.9780161,76
1579,0.1400000,-7.5000000,-0.6100000,-0.1401000,-0.0605000,1.6674000,-0.1289322,2.4503313,0.4222735,0.0138975,0.0037782,0.9717493,76
1580,-1.6200000,10.8000000,2.1300000,0.0541000,0.0327000,0.8149000,-0.2045016,2.0329328,0.3724641,0.0043056,-0.0012573,0.9907357,76
1581,-2.6600000,6.2300000,1.2100000,0.1064000,0.0600000,0.4970000,-0.3522200,2.0102159,0.4082025,-0.0006959,-0.0030824,0.9995237,76
1582,0.3800000,-8.7800000,-1.0400000,-0.1401000,-0.0493000,1.2626000,-0.5504113,2.1249659,0.4688238,-0.0013011,-0.0019286,0.9865508,76
1583,1.4800000,-1.2700000,-0.1800000,-0.0771000,-0.0361000,1.4672000,-0.6417401,1.7748048,0.4489535,-0.0066236,-0.0025340,0.9891398,76
1584,-4.9200000,11.1700000,2.1300000,0.0991000,0.0693000,0.5087000,-0.6804926,1.4046397,0.4148046,-0.0134254,-0.0037670,1.0058456,76
1585,0.5600000,-0.0500000,0.8500000,0.0097000,0.0141000,0.6621000,-0.8073304,1.4765465,0.4585914,-0.0140824,-0.0019135,0.9989531,76
1586,0.0200000,-10.7900000,-0.4200000,-0.1567000,-0.0507000,1.6176000,-0.8997376,1.4096713,0.5183182,-0.0141396,0.0003689,0.9835809,76
1587,0.0200000,5.5600000,1.4000000,0.0249000,-0.0107000,1.0439000,-0.8742723,0.9307974,0.5433033,-0.0186397,-0.0001651,0.9939434,76
1588,-4.9200000,7.4500000,1.7000000,0.0249000,-0.0107000,1.0439000,-0.8853120,0.7051452,0.5976223,-0.0216752,-0.0021572,1.0161245,77
1589,2.1500000,-6.4000000,-0.7900000,-0.0688000,-0.0517000,1.0395000,-0.9753115,0.7861482,0.6649851,-0.0217623,-0.0049446,1.0324932,77
1590,0.0800000,-7.3700000,-1.2200000,-0.1123000,-0.0478000,1.6259000,-0.9655278,0.5194852,0.6326760,-0.0245887,-0.0095865,1.0554195,77
1591,-3.5100000,8.7300000,0.7900000,0.0708000,0.0249000,0.6440000,-0.9057888,0.0574939,0.5121261,-0.0288967,-0.0142517,1.0844553,77
1592,-1.0700000,2.0200000,0.3000000,0.0532000,0.0327000,0.5097000,-0.9555777,-0.0002141,0.4069254,-0.0276814,-0.0154020,1.0847168,77
1593,2.2100000,-11.0400000,-1.3400000,-0.1625000,-0.0566000,1.5078000,-0.9798318,-0.0024638,0.3077692,-0.0243830,-0.0142256,1.0614338,77
1594,-0.1600000,-1.5100000,-0.5500000,-0.0395000,-0.0234000,1.2807000,-0.8526080,-0.4369069,0.1606068,-0.0265607,-0.0144150,1.0577533,77
1595,-3.2700000,7.6300000,1.0300000,-0.0395000,-0.0234000,1.2807000,-0.7302350,-0.8095755,0.0250043,-0.0314671,-0.0159250,1.0778638,78
1596,3.0100000,-4.4400000,-0.7300000,0.0014000,0.0190000,0.8154000,-0.6671961,-0.7965750,-0.0483082,-0.0344377,-0.0166424,1.0977114,78
1597,2.0300000,-10.8500000,-2.1900000,-0.1230000,-0.0434000,1.6782000,-0.4771694,-0.9672541,-0.1440650,-0.0367838,-0.0163440,1.1144344,78
1598,-2.2300000,3.8500000,-0.6700000,0.0424000,0.0058000,0.9609000,-0.2197593,-1.4466748,-0.3099873,-0.0393943,-0.0160848,1.1387153,78
1599,-1.6800000,5.4900000,-0.1800000,0.0424000,0.0058000,0.9609000,-0.1195575,-1.5909406,-0.4660088,-0.0378195,-0.0151486,1.1544091,79
1600,4.7100000,-8.1700000,-1.4000000,-0.0454000,-0.0087000,1.2333000,-0.0633619,-1.4219047,-0.5774400,-0.0321286,-0.0131565,1.1543999,79
1601,-0.1600000,-5.9700000,-1.7700000,-0.0468000,-0.0498000,1.5800000,0.1300013,-1.5370690,-0.6979147,-0.0278096,-0.0120551,1.1622245,79
1602,-3.8200000,7.3900000,0.0000000,0.0898000,0.0107000,0.5659000,0.2550191,-1.7429121,-0.8183273,-0.0237937,-0.0123404,1.1734747,79
1603,1.6000000,0.8000000,0.0000000,0.0898000,0.0498000,0.6000000,0.1901961,-1.5419146,-0.8653626,-0.0148361,-0.0111022,1.1529329,79
1604,2.8200000,-9.4500000,-1.4000000,-0.0966000,-0.0205000,1.5146000,0.1775260,-1.2983756,-0.8541279,-0.0044288,-0.0076128,1.1130227,79
1605,-1.5600000,5.6800000,0.0500000,0.0815000,0.0004000,0.6757000,0.2692123,-1.2873138,-0.8335368,0.0021618,-0.0045785,1.0844702,79
1606,1.4200000,2.0200000,0.5400000,0.1074000,0.0761000,0.6088000,0.3288820,-1.0978774,-0.7686330,0.0097055,-0.0011319,1.0488245,79
1607,3.8600000,-7.1300000,-0.9700000,-0.0507000,-0.0141000,1.4194000,0.4439596,-0.8361698,-0.6620466,0.0186965,0.0039510,1.0082375,79
1608,-1.6800000,-2.0600000,-1.7700000,0.0239000,-0.0195000,1.2963000,0.6319219,-0.8883430,-0.6041671,0.0235614,0.0074639,0.9964852,79
1609,-1.9900000,7.0200000,-0.1200000,0.1206000,0.0112000,0.5478000,0.6717831,-0.9353933,-0.6114971,0.0271526,0.0082758,1.0004730,79
1610,3.3700000,0.2500000,-0.3000000,0.0708000,0.0405000,0.8666000,0.5973906,-0.6448062,-0.6134671,0.0340205,0.0090034,0.9881007,79
1611,0.2000000,-6.2100000,-1.6500000,-0.0517000,-0.0253000,1.5659000,0.6011010,-0.3803289,-0.6130462,0.0399199,0.0100903,0.9780469,79
1612,-2.6600000,3.9100000,-0.4900000,0.0087000,-0.0629000,0.9282000,0.5774847,-0.3460415,-0.6456691,0.0400165,0.0085107,0.9919717,79
1613,-2.4200000,5.8600000,1.4000000,0.0810000,0.0541000,0.5415000,0.3645185,-0.1462297,-0.6394256,0.0378017,0.0048658,1.0008203,79
1614,3.0700000,-1.8800000,0.9100000,-0.0380000,0.0283000,1.1479000,0.1096799,0.2698133,-0.5193856,0.0360096,0.0036154,0.9895414,79
1615,-2.2300000,-3.3500000,0.0000000,-0.0585000,-0.0136000,1.4716000,-0.0326480,0.4898638,-0.3360053,0.0308930,0.0044732,0.9893516,79
1616,-2.8400000,6.8400000,1.3400000,0.0585000,-0.0488000,0.6499000,-0.2062601,0.5566961,-0.1462139,0.0231916,0.0037059,1.0049670,79
1617,-0.3400000,3.3600000,1.8800000,0.0595000,0.0615000,0.7280000,-0.4667247,0.8297791,0.0788350,0.0187591,0.0019180,1.0045293,79
1618,1.6000000,-3.1000000,0.1800000,-0.0595000,-0.0283000,1.4267000,-0.6348405,1.1483342,0.3228776,0.0167792,0.0015391,0.9944978,79
1619,-2.5400000,1.3400000,-0.5500000,-0.0234000,-0.0620000,1.1542000,-0.6852363,1.2302654,0.4873977,0.0124965,0.0000257,1.0032794,79
1620,-3.2100000,7.0800000,0.5400000,0.0673000,0.0131000,0.5761000,-0.7968680,1.3177358,0.5461269,0.0079627,-0.0037426,1.0148980,79
1621,1.7900000,2.0200000,-0.3000000,-0.0014000,0.0361000,0.8945000,-0.9484457,1.6198374,0.5445399,0.0066204,-0.0058528,1.0051042,79
1622,-0.0400000,-3.5900000,-1.5800000,-0.0844000,-0.0327000,1.4980000,-0.9628409,1.8346913,0.4668406,0.0048280,-0.0056795,0.9956634,79
1623,-2.5400000,5.0100000,-0.7900000,0.0014000,-0.0629000,0.8852000,-0.9113941,1.8220887,0.2941507,-0.0000995,-0.0069639,1.0055357,79
1624,-1.3800000,6.7800000,0.5400000,0.0620000,0.0400000,0.5595000,-0.9357251,1.9329325,0.1071473,-0.0036454,-0.0096080,1.0079662,79
1625,3.2500000,-0.2900000,-0.3000000,-0.0444000,0.0024000,1.2236000,-0.9173307,2.2158671,-0.0215960,-0.0039999,-0.0101404,0.9933767,79
1626,-1.5600000,-0.6600000,-0.7300000,-0.0556000,-0.0634000,1.4272000,-0.7603443,2.3305813,-0.1182967,-0.0055609,-0.0100408,0.9932660,79
1627,-3.6400000,7.8100000,0.7200000,0.0556000,-0.0361000,0.6313000,-0.6690723,2.3414467,-0.1916994,-0.0081236,-0.0123936,1.0079811,79
1628,-0.9500000,4.0900000,1.2100000,0.0180000,0.0625000,0.7128000,-0.7534022,2.5429068,-0.1848163,-0.0076365,-0.0143751,1.0047797,79
1629,1.7900000,-2.1200000,0.0500000,-0.0922000,-0.0092000,1.5000000,-0.8222765,2.7463893,-0.1014890,-0.0067226,-0.0128905,0.9934436,79
1630,-4.1900000,3.1100000,0.1100000,-0.0239000,-0.0551000,1.0639000,-0.8317229,2.7157130,-0.0113756,-0.0094184,-0.0111237,1.0022986,79
1631,-3.5800000,6.5900000,1.4000000,0.0532000,-0.0039000,0.5068000,-0.9752140,2.6925673,0.0808719,-0.0121339,-0.0115733,1.0104963,79
1632,1.1700000,0.7300000,1.1500000,-0.0336000,0.0434000,0.9833000,-1.1933486,2.8032384,0.2150767,-0.0119187,-0.0113235,0.9960485,79
1633,0.7500000,-2.8000000,0.1800000,-0.0815000,-0.0507000,1.5166000,-1.2472246,2.7544613,0.3617948,-0.0127411,-0.0096069,0.9868990,79
1634,-3.7000000,3.4200000,0.4200000,0.0209000,-0.0288000,0.7519000,-1.2022701,2.4727818,0.4655893,-0.0157737,-0.0094775,0.9975154,79
1635,0.2600000,3.5400000,0.6600000,0.0288000,0.0395000,0.5615000,-1.2051886,2.2457110,0.5284957,-0.0166704,-0.0100149,0.9961270,79
1636,4.5300000,-4.0200000,-0.6700000,-0.0541000,0.0268000,1.2929000,-1.0831309,2.0498133,0.5478742,-0.0154163,-0.0080086,0.9788344,79
1637,0.1400000,-2.6100000,-1.6500000,-0.0302000,-0.0366000,1.3374000,-0.7278487,1.6167126,0.4694957,-0.0155747,-0.0049438,0.9791784,79
1638,-0.8900000,2.5700000,-0.7300000,0.0356000,0.0346000,0.5278000,-0.3627905,1.0751107,0.2871195,-0.0160096,-0.0028180,0.9910230,79
1639,4.5900000,-4.3800000,-0.9100000,-0.0258000,0.0541000,1.1718000,-0.0402697,0.6042318,0.0663518,-0.0146972,0.0005130,0.9906005,79
1640,0.0200000,-4.9900000,-1.2800000,-0.0634000,-0.0263000,1.3823000,0.3367073,0.0291609,-0.1574874,-0.0142695,0.0049478,0.9961798,79
1641,-3.0900000,-0.0500000,-0.4900000,0.0087000,-0.0336000,0.6445000,0.5823616,-0.6314056,-0.3679257,-0.0157388,0.0067500,1.0117314,79
1642,1.7900000,-0.5400000,0.5400000,0.0087000,0.0468000,0.6918000,0.6053649,-1.1174074,-0.5078773,-0.0161659,0.0064256,1.0079719,79
1643,4.5300000,-7.1900000,0.6600000,-0.0556000,0.0136000,1.4985000,0.6723056,-1.5064338,-0.5317317,-0.0157336,0.0071796,0.9954129,79
1644,-3.1500000,-2.9200000,0.2400000,0.0048000,-0.0439000,1.0693000,0.8158714,-1.9932067,-0.4621398,-0.0161546,0.0076908,1.0029519,79
1645,-1.3800000,-0.0500000,1.0900000,0.0415000,-0.0219000,0.5756000,0.7791431,-2.4079685,-0.3355958,-0.0152172,0.0054709,1.0118216,79
1646,4.0400000,-3.1600000,1.3400000,0.0180000,0.0571000,0.9960000,0.6554403,-2.6046514,-0.1519635,-0.0112687,0.0029931,1.0008252,79
1647,3.0100000,-5.1800000,0.3000000,-0.0307000,0.0034000,1.5170000,0.7184590,-2.7535165,0.0597564,-0.0068912,0.0030855,0.9954055,79
1648,-4.4900000,-1.8200000,-0.9700000,0.0122000,-0.0410000,0.7958000,0.8130241,-2.9358707,0.2102237,-0.0041567,0.0033568,1.0088835,79
1649,1.4800000,0.0600000,0.0500000,-0.0117000,0.0395000,0.6020000,0.7181863,-2.9929055,0.2579056,-0.0024305,0.0024759,1.0110018,79
1650,6.4800000,-4.5700000,0.0000000,-0.0366000,0.0683000,1.3154000,0.6990802,-2.9149772,0.2502954,-0.0020881,0.0038468,0.9977235,79
1651,-0.4600000,-3.1000000,-1.3400000,-0.0239000,-0.0185000,1.2246000,0.9114324,-2.8754429,0.1994000,-0.0038859,0.0075822,0.9985765,79
1652,-1.2000000,-1.8200000,-1.1000000,0.0107000,-0.0634000,0.6791000,1.0619698,-2.8719428,0.0748246,-0.0062068,0.0087241,1.0081489,79
1653,4.1700000,-0.8400000,0.2400000,0.0336000,0.0605000,0.8115000,1.0995147,-2.7912169,-0.0773581,-0.0065722,0.0070526,1.0014691,79
1654,6.8500000,-3.2200000,0.0500000,0.0244000,0.0117000,1.5019000,1.3162327,-2.6501753,-0.1801938,-0.0042240,0.0068058,0.9931306,79
1655,-4.3700000,-1.8800000,-1.4000000,0.0278000,-0.0493000,0.9770000,1.6206130,-2.5307840,-0.2529604,-0.0001655,0.0067956,1.0042466,79
1656,1.6000000,1.1000000,-0.5500000,0.0229000,-0.0493000,0.6855000,1.6798142,-2.3689957,-0.3455833,0.0045173,0.0035078,1.0138746,79
1657,4.4700000,0.2500000,0.2400000,0.0361000,0.0888000,1.1035000,1.6491128,-2.0634754,-0.4226137,0.0093609,-0.0000695,1.0079191,79
1658,1.8500000,0.4300000,-0.8500000,0.0180000,-0.0146000,1.3403000,1.7457763,-1.6609942,-0.4565439,0.0139868,-0.0000748,1.0081389,79
1659,-4.9200000,-0.4200000,-1.6500000,-0.0014000,-0.0737000,0.8095000,1.7327984,-1.2555713,-0.5040886,0.0172499,-0.0003553,1.0195475,79
1660,1.7200000,3.2400000,0.4200000,0.0039000,0.0068000,0.7309000,1.4593505,-0.8378523,-0.5689972,0.0183405,-0.0036237,1.0190722,79
1661,4.4100000,1.8900000,1.0300000,0.0205000,0.0815000,1.3173000,1.2255839,-0.3429773,-0.5604987,0.0181069,-0.0049989,1.0089730,79
1662,-4.9200000,0.6100000,-0.4900000,0.0053000,-0.0156000,1.1054000,1.0900705,0.1552002,-0.4700554,0.0175107,-0.0023825,1.0112323,79
1663,-1.5000000,1.2800000,-0.1800000,-0.0175000,-0.0800000,0.7749000,0.7764119,0.5504053,-0.3768991,0.0159947,-0.0011095,1.0178643,79
1664,1.2400000,3.4800000,1.4600000,0.0205000,0.0971000,0.8818000,0.3787177,0.8932092,-0.2746247,0.0135528,-0.0017805,1.0113840,79
1665,3.5600000,2.6300000,0.6000000,0.0209000,0.0375000,1.3500000,0.1844107,1.2596186,-0.1198909,0.0117896,0.0009788,1.0040740,79
1666,-6.8700000,-0.6600000,-1.2200000,-0.0141000,-0.0654000,0.9833000,0.0749014,1.5556999,0.0178992,0.0106797,0.0048128,1.0104076,79
1667,0.3800000,2.4400000,0.0500000,0.0102000,-0.0561000,0.6718000,-0.1981665,1.6959300,0.0688839,0.0091681,0.0038846,1.0134007,79
1668,2.8800000,3.0500000,1.1500000,0.0498000,0.0986000,1.1303000,-0.4222490,1.7956329,0.0966519,0.0085889,0.0013907,1.0033425,79
1669,-1.3200000,2.1400000,-0.3600000,0.0263000,-0.0185000,1.2177000,-0.4352421,1.9298185,0.1466625,0.0102608,0.0021417,0.9996377,79
1670,-5.1000000,-1.3900000,-1.2800000,-0.0258000,-0.0947000,0.8989000,-0.5062159,1.9801448,0.1498840,0.0120471,0.0017866,1.0066214,79
1671,1.6000000,3.9100000,1.2700000,0.0312000,0.1064000,1.0278000,-0.7102959,1.9190225,0.1067719,0.0123435,-0.0006232,1.0114382,79
1672,0.8100000,3.2400000,0.4200000,0.0146000,0.0190000,1.2006000,-0.8060134,1.9198660,0.1042846,0.0125703,0.0006348,1.0167235,79
1673,-6.3200000,-2.6100000,-1.1000000,-0.0571000,-0.0849000,0.9799000,-0.8649105,1.9224261,0.1145960,0.0117722,0.0025856,1.0269818,79
1674,0.5600000,3.1800000,0.7200000,-0.0073000,-0.0297000,0.7353000,-1.0595425,1.7937329,0.0907150,0.0081677,0.0000040,1.0292988,79
1675,2.1500000,4.2100000,1.7000000,0.0478000,0.1030000,1.1625000,-1.1605076,1.7269622,0.1090815,0.0047198,-0.0024815,1.0206589,79
1676,-3.8200000,0.6700000,-0.0600000,0.0063000,-0.0375000,1.1220000,-1.1111475,1.7918287,0.1936365,0.0040293,-0.0010887,1.0171193,79
1677,-4.0600000,-2.3700000,-0.6700000,-0.0478000,-0.1059000,0.8496000,-1.1820241,1.7533523,0.2505863,0.0035157,-0.0016724,1.0186173,79
1678,0.7500000,3.9100000,1.4600000,-0.0039000,0.0415000,0.8657000,-1.3572577,1.5846092,0.2681857,0.0010322,-0.0060858,1.0117943,79
1679,1.7200000,3.8500000,1.2100000,0.0395000,0.0708000,1.1694000,-1.3774809,1.5358637,0.3274173,-0.0009669,-0.0074654,1.0014581,79
1680,-6.0800000,-3.4100000,-0.9100000,-0.0668000,-0.0703000,1.0249000,-1.3177508,1.5459031,0.3987505,-0.0020047,-0.0054851,0.9993190,79
1681,-0.2200000,-2.0600000,-0.6100000,-0.0600000,-0.0771000,0.8012000,-1.3876721,1.3271348,0.3879655,-0.0056040,-0.0067246,0.9984115,79
1682,2.0900000,2.6300000,1.4600000,0.0136000,0.0971000,1.0444000,-1.4100090,0.9818056,0.3364261,-0.0109407,-0.0095380,0.9913637,79
1683,1.4200000,1.1000000,0.1800000,0.0332000,0.0273000,1.0927000,-1.2030154,0.7678148,0.3263525,-0.0134765,-0.0076761,0.9871899,79
1684,-4.6100000,-6.8900000,-1.8300000,-0.0595000,-0.1015000,0.9541000,-0.9671907,0.5275185,0.2934739,-0.0136085,-0.0048572,0.9892355,79
1685,2.3300000,-0.9600000,-0.2400000,-0.0234000,-0.0317000,0.8779000,-0.8481023,0.0570896,0.1741013,-0.0147930,-0.0068243,0.9889781,79
1686,2.9400000,3.4200000,0.9100000,0.0708000,0.0971000,1.1015000,-0.6435446,-0.3574562,0.0554386,-0.0150773,-0.0088994,0.9859107,79
1687,-1.5600000,-2.7300000,-1.0400000,0.0175000,-0.0146000,1.0048000,-0.3270986,-0.5313476,-0.0142744,-0.0113231,-0.0065450,0.9867964,79
1688,-1.9900000,-7.9200000,-2.2600000,-0.0620000,-0.1049000,0.8813000,-0.1414495,-0.8002184,-0.1267243,-0.0071261,-0.0052523,0.9882726,79
1689,3.5600000,0.1200000,0.2400000,-0.0249000,0.0434000,1.0019000,-0.0507850,-1.2789129,-0.2955074,-0.0065008,-0.0076364,0.9855282,79
1690,3.6200000,2.9300000,0.6000000,0.0600000,0.0839000,1.1186000,0.1871720,-1.5785809,-0.4037160,-0.0066179,-0.0072305,0.9850049,79
1691,-4.8600000,-6.8200000,-1.7700000,-0.0312000,-0.0532000,0.9365000,0.4440450,-1.6608306,-0.4473114,-0.0048780,-0.0032161,0.9894006,79
1692,2.6400000,-6.4600000,-1.2200000,-0.0512000,-0.0864000,0.8530000,0.5036309,-1.9249927,-0.5228841,-0.0044467,-0.0025702,0.9899503,79
1693,4.4700000,1.0400000,1.8200000,0.0380000,0.0976000,1.1572000,0.5995956,-2.3153311,-0.5773469,-0.0057329,-0.0045282,0.9870875,79
1694,2.2100000,0.1200000,0.9700000,0.0576000,0.0229000,1.0185000,0.8899248,-2.4652318,-0.4978138,-0.0044423,-0.0027752,0.9900223,79
1695,-3.5800000,-10.1800000,-1.6500000,-0.0551000,-0.0893000,0.8818000,1.1112798,-2.5420723,-0.3644381,-0.0012876,-0.0003415,0.9942324,79
1696,5.8100000,-3.8900000,0.3600000,-0.0361000,-0.0200000,0.9721000,1.1812449,-2.8717522,-0.2891851,-0.0009423,-0.0022818,0.9924594,79
1697,4.5900000,3.5400000,1.9500000,0.0888000,0.1313000,1.1586000,1.3848766,-3.1420973,-0.1972052,-0.0014183,-0.0033028,0.9916188,79
1698,-2.8400000,-3.9600000,-0.6700000,0.0288000,0.0239000,0.9741000,1.6482370,-3.0785322,-0.0502723,0.0018105,0.0016600,0.9970429,79
1699,0.2000000,-9.6900000,-2.3200000,-0.0576000,-0.0771000,0.8579000,1.6668609,-3.0730285,0.0136594,0.0055193,0.0067580,1.0000503,79
1700,5.3900000,0.0600000,0.6600000,0.0117000,0.0722000,1.1762000,1.6041466,-3.2901724,-0.0398229,0.0059543,0.0083179,0.9992859,79
1701,2.4600000,5.1900000,0.8500000,0.1123000,0.0839000,1.0610000,1.7049785,-3.2530922,-0.0739373,0.0073235,0.0116867,1.0043016,79
1702,-6.2600000,-6.9500000,-2.2600000,-0.0283000,-0.0761000,0.8774000,1.7140180,-2.8978877,-0.0878686,0.0117906,0.0162001,1.0106996,79
1703,3.4300000,-6.1500000,-1.1600000,-0.0512000,-0.0869000,0.9912000,1.4489698,-2.7357182,-0.1867473,0.0137988,0.0146765,1.0100673,79
1704,1.8500000,6.9600000,2.5600000,0.1020000,0.1225000,1.0615000,1.2117842,-2.6587654,-0.2757297,0.0134019,0.0099617,1.0072725,79
1705,-6.0200000,-4.9900000,-0.6100000,-0.0126000,-0.0166000,0.8481000,0.9846105,-2.3399921,-0.2433691,0.0148864,0.0089793,1.0041387,79
1706,1.7200000,-8.1100000,-0.8500000,-0.0888000,-0.0546000,0.9477000,0.5897091,-2.1710945,-0.1932230,0.0144016,0.0083249,0.9958798,79
1707,3.0700000,4.9500000,2.5600000,0.0151000,0.1225000,1.2402000,0.2989059,-2.2149158,-0.1405187,0.0094171,0.0071701,0.9905866,79
1708,-2.8400000,5.9200000,1.0300000,0.1132000,0.1108000,0.9638000,0.1892052,-1.9102460,0.0110136,0.0065604,0.0119026,0.9958186,79
1709,-7.8500000,-7.7400000,-2.5000000,-0.0541000,-0.0732000,0.8041000,-0.1064230,-1.3796345,0.1498910,0.0079648,0.0194222,0.9989458,79
1710,3.1300000,-3.1000000,-0.5500000,-0.0429000,-0.0146000,1.1997000,-0.5969600,-1.1827506,0.1361421,0.0074646,0.0216765,0.9964511,79
1711,-0.0400000,10.1900000,1.9500000,0.1181000,0.1210000,1.1362000,-0.8963467,-1.0367769,0.0832500,0.0061062,0.0217544,1.0019585,79
1712,-6.3200000,2.1400000,-0.6100000,0.0766000,-0.0263000,0.7607000,-1.0820248,-0.4698497,0.0976682,0.0101650,0.0240956,1.0100088,79
1713,-3.0300000,-7.8000000,-1.8900000,-0.0800000,-0.1254000,1.0185000,-1.4296966,0.0654507,0.0757726,0.0157935,0.0225167,1.0078628,79
1714,1.6600000,5.2500000,1.5200000,0.0053000,0.0283000,1.2958000,-1.7531177,0.2386242,-0.0019965,0.0165661,0.0146985,1.0077327,79
1715,-2.3600000,13.1900000,2.2500000,0.1801000,0.1098000,0.8803000,-1.8612829,0.6496444,0.0165700,0.0179540,0.0093269,1.0168769,79
1716,-6.4400000,-1.1500000,-0.9700000,0.0190000,-0.0424000,0.7641000,-1.9719235,1.4732057,0.1285675,0.0251239,0.0092597,1.0177808,79
1717,-0.8900000,-4.0800000,-1.2800000,-0.0957000,-0.0839000,1.3051000,-2.2084163,2.0198180,0.1705881,0.0301622,0.0072898,1.0111803,79
1718,0.0200000,13.5500000,1.8200000,0.0546000,0.0722000,1.1489000,-2.3473652,2.2932832,0.1494917,0.0286047,0.0026693,1.0165565,79
1719,-4.7400000,11.1700000,0.7200000,0.1645000,0.0815000,0.6713000,-2.3601744,2.9710935,0.1858090,0.0288827,0.0023433,1.0241814,79
1720,-5.3500000,-4.0800000,-1.9500000,-0.0937000,-0.1020000,0.9433000,-2.4762232,3.8059818,0.2204837,0.0325629,0.0046211,1.0157779,79
1721,0.6900000,2.1400000,-0.2400000,-0.0825000,-0.0634000,1.4370000,-2.6479574,4.1391204,0.1563250,0.0301906,0.0019773,1.0090184,79
1722,-1.9900000,16.8500000,2.8000000,0.1206000,0.0649000,0.8769000,-2.6650767,4.3626910,0.1100495,0.0234702,-0.0031689,1.0179006,79
1723,-3.5100000,6.0400000,1.0900000,0.1005000,-0.0151000,0.5634000,-2.5985283,4.9966996,0.2010677,0.0224803,-0.0051845,1.0172227,79
1724,-1.8700000,-6.0300000,-0.7900000,-0.1538000,-0.1425000,1.3037000,-2.5656056,5.4618289,0.3274392,0.0234095,-0.0082258,1.0014947,79
1725,2.5800000,9.4000000,1.7000000,-0.0312000,-0.0273000,1.2539000,-2.4321759,5.3892546,0.4064843,0.0173390,-0.0160907,0.9998168,79
1726,-1.7400000,14.9600000,2.2500000,0.1899000,0.0722000,0.6313000,-2.1200863,5.4666832,0.5221309,0.0115245,-0.0223508,1.0076483,79
1727,-2.3600000,-0.7200000,-0.9100000,-0.0341000,-0.0410000,0.7597000,-1.8150850,5.8524025,0.6605974,0.0131859,-0.0230418,0.9975204,79
1728,0.5000000,-4.9900000,-2.1300000,-0.1645000,-0.1059000,1.4829000,-1.5933568,5.8009516,0.6621933,0.0123325,-0.0239576,0.9838654,79
1729,3.2500000,12.6400000,1.3400000,0.0278000,0.0434000,0.9594000,-1.2851936,5.3409048,0.5331013,0.0040606,-0.0268258,0.9901591,79
1730,-0.8300000,8.6100000,0.6600000,0.1342000,0.0869000,0.5356000,-0.8603943,5.1972089,0.4317829,-0.0010628,-0.0251487,0.9937268,79
1731,-2.0500000,-8.3500000,-2.6800000,-0.1972000,-0.1137000,1.0786000,-0.5280685,5.1195328,0.3317140,-0.0022750,-0.0199741,0.9786287,79
1732,5.2600000,-1.7600000,-1.2800000,-0.1318000,-0.0834000,1.3798000,-0.2658817,4.4606242,0.1207883,-0.0107424,-0.0195475,0.9721204,79
1733,0.5000000,10.6200000,1.6400000,0.1269000,0.0830000,0.7436000,0.1037792,3.6545906,-0.0964926,-0.0220158,-0.0216700,0.9818705,79
1734,0.4400000,0.6700000,-0.1200000,0.0629000,-0.0034000,0.5874000,0.4670834,3.2487336,-0.1903378,-0.0237640,-0.0196999,0.9786226,79
1735,0.0800000,-13.1100000,-2.5600000,-0.1899000,-0.1430000,1.3852000,0.6918884,2.7043587,-0.2585318,-0.0217150,-0.0181953,0.9642709,79
1736,6.4200000,1.9500000,0.7900000,-0.0375000,-0.0131000,1.1743000,0.9214709,1.6640051,-0.3708703,-0.0257739,-0.0218439,0.9686230,79
1737,-1.0700000,2.0200000,0.0000000,0.0981000,0.0454000,0.5185000,1.2326769,0.7186980,-0.4328072,-0.0296565,-0.0249155,0.9790019,79
1738,-0.8900000,-14.9400000,-3.0500000,-0.2099000,-0.1152000,1.2758000,1.4013268,-0.1250579,-0.4831500,-0.0307925,-0.0256370,0.9770445,79
1739,7.1000000,-2.9800000,-0.3000000,-0.0791000,-0.0156000,1.3310000,1.4822716,-1.2755266,-0.6051579,-0.0370968,-0.0280690,0.9856887,79
1740,-0.7700000,7.6300000,1.6400000,0.1518000,0.1108000,0.6440000,1.6669550,-2.1774204,-0.6751610,-0.0425040,-0.0280888,1.0040668,79
1741,-1.3800000,-7.6200000,-0.9100000,-0.0512000,-0.0322000,0.6962000,1.7354382,-2.4873431,-0.6242470,-0.0390770,-0.0223546,1.0017739,79
1742,2.7000000,-17.1400000,-1.7100000,-0.2045000,-0.1079000,1.4379000,1.6232771,-2.9833591,-0.5794029,-0.0368548,-0.0181162,0.9896030,79
1743,5.4500000,1.8300000,2.5600000,0.0219000,0.0434000,1.0703000,1.6111284,-3.8665565,-0.5396441,-0.0412714,-0.0180516,0.9955320,79
1744,-2.2300000,2.5700000,2.6800000,0.1464000,0.0893000,0.5678000,1.7022572,-4.3414923,-0.3484856,-0.0410758,-0.0151904,1.0026317,79
1745,-1.6200000,-15.0600000,-0.3000000,-0.1455000,-0.0771000,1.0053000,1.6113021,-4.4598005,-0.0448555,-0.0342524,-0.0092250,0.9911319,79
1746,6.0600000,-12.5000000,0.7900000,-0.1171000,-0.0400000,1.4853000,1.4353756,-4.9817453,0.2111208,-0.0323805,-0.0067647,0.9857482,79
1747,0.2000000,5.8600000,3.5300000,0.1142000,0.0717000,0.7939000,1.4221282,-5.6031456,0.4549325,-0.0339108,-0.0063585,0.9989005,79
1748,-0.5200000,-3.4700000,1.4600000,0.0664000,0.0200000,0.5839000,1.4186827,-5.6369160,0.7617314,-0.0285993,-0.0031089,1.0005354,79
1749,0.3800000,-18.1800000,-1.1000000,-0.1972000,-0.1215000,1.3354000,1.2932669,-5.5925474,1.0047508,-0.0218951,-0.0009718,0.9874244,79
1750,5.8100000,-3.5300000,1.5800000,-0.0283000,0.0107000,1.3569000,1.2304430,-5.9856376,1.0967666,-0.0229922,-0.0037868,0.9923089,79
1751,-1.8100000,6.0400000,3.1700000,0.1572000,0.0971000,0.5434000,1.2959546,-6.1425003,1.1727101,-0.0237888,-0.0053483,1.0079608,79
1752,0.5600000,-10.6700000,0.5400000,-0.0639000,-0.0029000,0.7519000,1.2890913,-5.7922329,1.2971139,-0.0179261,-0.0018632,1.0012046,79
1753,5.3300000,-16.9600000,-0.2400000,-0.1777000,-0.0576000,1.4965000,1.2743192,-5.7501677,1.3532332,-0.0157044,0.0011984,0.9876107,79
1754,4.0400000,2.5700000,2.9200000,0.0200000,0.0639000,1.0380000,1.4689468,-6.1051613,1.3403639,-0.0210372,0.0019772,0.9956108,79
1755,0.0200000,1.4700000,2.2500000,0.1196000,0.0922000,0.5898000,1.7454855,-6.0502511,1.3820885,-0.0231309,0.0055794,1.0043538,79
1756,2.0900000,-14.0300000,-0.9100000,-0.1147000,-0.0488000,1.0351000,1.9065376,-5.7001071,1.4285634,-0.0197135,0.0114481,0.9946031,79
1757,5.9400000,-10.4300000,-0.0600000,-0.0517000,-0.0141000,1.5087000,2.0603151,-5.7611186,1.3510396,-0.0191815,0.0139007,0.9921711,79
1758,0.9900000,6.9000000,1.8200000,0.1342000,0.0849000,0.7856000,2.2938755,-5.8995713,1.2086518,-0.0189844,0.0145156,1.0080721,79
1759,1.4800000,-2.4900000,-0.0600000,0.1025000,0.0258000,0.6625000,2.4481786,-5.4967618,1.0909294,-0.0109223,0.0173891,1.0124484,79
1760,2.7000000,-13.5400000,-1.9500000,-0.1137000,-0.0727000,1.3349000,2.4840248,-5.0302142,0.9227689,-0.0003455,0.0191163,1.0031188,79
1761,2.7600000,0.7300000,0.0500000,0.0117000,0.0341000,1.3750000,2.5010682,-4.9061029,0.6622638,0.0041924,0.0169713,1.0110897,79
1762,-1.0100000,9.5800000,1.0300000,0.1738000,0.0947000,0.5341000,2.4558806,-4.4825882,0.4255182,0.0084429,0.0160438,1.0277426,79
1763,1.3600000,-5.7900000,-0.9100000,0.0029000,0.0224000,0.8061000,2.2717852,-3.5676891,0.2635976,0.0177649,0.0190985,1.0211178,79
1764,2.2100000,-9.8100000,-2.4400000,-0.1088000,-0.0263000,1.6479000,2.0499417,-2.9314969,0.0737047,0.0237384,0.0217969,1.0110393,79
1765,-0.7700000,9.4600000,-0.3600000,0.0727000,0.0356000,0.9018000,1.8436008,-2.6083064,-0.1775171,0.0228106,0.0218849,1.0238463,79
1766,-0.4600000,5.7400000,-0.4900000,0.1718000,0.0898000,0.5493000,1.5673785,-1.8932555,-0.3976823,0.0245686,0.0228885,1.0301605,79
1767,-0.8300000,-6.9500000,-3.1700000,-0.0561000,-0.0273000,1.1738000,1.2136998,-1.0015984,-0.5975144,0.0309564,0.0254671,1.0152024,79
1768,-0.7100000,-2.3700000,-2.8700000,-0.0375000,-0.0410000,1.5141000,0.8325308,-0.5607487,-0.8724853,0.0330102,0.0249586,1.0126420,79
1769,-2.1700000,11.7200000,-0.1800000,0.1435000,0.0688000,0.6196000,0.4324189,-0.2323597,-1.1613063,0.0319246,0.0218140,1.0264848,79
1770,-1.0100000,-4.7500000,-2.5600000,-0.0385000,-0.0371000,0.9990000,0.0193636,0.3246799,-1.3695331,0.0329014,0.0192398,1.0282607,79
1771,-0.8300000,-4.9900000,-3.1100000,-0.0810000,-0.0673000,1.6142000,-0.3479241,0.6002245,-1.5619615,0.0305935,0.0145832,1.0317847,79
1772,-2.6000000,11.4800000,-0.4200000,0.1152000,0.0424000,0.6787000,-0.6613740,0.6634565,-1.7446649,0.0249426,0.0078284,1.0496890,79
1773,-1.1300000,4.5200000,-1.1000000,0.1635000,0.0522000,0.6074000,-0.9530720,1.1023875,-1.8231080,0.0255987,0.0042671,1.0487252,79
1774,-1.7400000,-7.7400000,-3.1700000,-0.0830000,-0.0717000,1.3549000,-1.1961397,1.5520034,-1.8432438,0.0311770,0.0031485,1.0290981,79
1775,-0.1600000,2.2600000,-1.7700000,-0.0009000,-0.0664000,1.3276000,-1.3517391,1.5409622,-1.8930516,0.0321819,-0.0009870,1.0271225,79
1776,-3.1500000,10.5000000,0.3000000,0.1860000,0.0717000,0.5927000,-1.4475775,1.5562970,-1.9016549,0.0322735,-0.0062270,1.0357828,79
1777,-0.4600000,1.5300000,-1.2800000,0.0561000,-0.0039000,0.7119000,-1.5317316,1.9389759,-1.8036103,0.0383192,-0.0076194,1.0228960,79
1778,-1.8700000,-8.5900000,-2.7400000,-0.1269000,-0.0844000,1.6259000,-1.5819499,2.1284573,-1.6962559,0.0425586,-0.0083121,1.0056099,79
1779,-1.5600000,8.6700000,-0.2400000,0.0258000,-0.0273000,0.9448000,-1.6027541,1.9388133,-1.6317214,0.0384063,-0.0121052,1.0123185,79
1780,-1.6800000,8.3000000,0.6600000,0.1772000,0.0732000,0.5346000,-1.6212982,2.0038547,-1.5106637,0.0347044,-0.0148870,1.0166377,79
1781,-0.4000000,-4.7500000,-0.9700000,-0.0600000,-0.0307000,1.0166000,-1.6097906,2.2967031,-1.3094572,0.0359730,-0.0136998,0.9986024,79
1782,0.8700000,-3.6500000,-1.1600000,-0.0820000,-0.0927000,1.5639000,-1.5054243,2.2026155,-1.1242233,0.0333987,-0.0134626,0.9897927,79
1783,-1.9300000,9.7700000,1.6400000,0.1166000,0.0131000,0.6743000,-1.3294020,1.9195385,-0.9482480,0.0269077,-0.0163059,1.0014049,79
1784,1.1100000,5.1900000,1.7600000,0.1118000,0.0292000,0.5820000,-1.1474712,2.0071408,-0.6812865,0.0258650,-0.0175686,0.9985874,79
1785,0.8100000,-7.8000000,-0.2400000,-0.1166000,-0.0795000,1.5166000,-0.9165175,2.1501137,-0.3565300,0.0276091,-0.0171278,0.9839381,79
1786,-0.3400000,3.7900000,0.8500000,-0.0229000,-0.0834000,1.2041000,-0.6467687,1.9361316,-0.0768281,0.0236117,-0.0197509,0.9922873,79
1787,-0.8300000,9.9500000,2.5600000,0.1464000,0.0312000,0.5668000,-0.4358661,1.8387689,0.1894661,0.0188298,-0.0241665,1.0081347,79
1788,0.6900000,0.3700000,1.4600000,-0.0048000,0.0092000,0.7954000,-0.2918980,2.1118163,0.4942533,0.0195744,-0.0252941,1.0002347,79
1789,1.3600000,-6.6400000,-0.1200000,-0.1464000,-0.1098000,1.6230000,-0.1377554,2.1986238,0.7576708,0.0182866,-0.0251943,0.9907429,79
1790,-1.6200000,6.9600000,1.9500000,0.0205000,-0.0053000,0.8139000,0.0081198,1.9581789,0.9294120,0.0104266,-0.0274384,1.0025763,79
1791,1.9700000,7.5700000,3.1700000,0.1083000,0.0361000,0.4980000,0.1028323,1.9448999,1.1044750,0.0046062,-0.0283664,1.0049137,79
1792,2.2700000,-5.5400000,1.4600000,-0.0859000,-0.0126000,1.2436000,0.2474980,2.1127233,1.3238384,0.0035399,-0.0255923,0.9870092,79
1793,1.6000000,-1.3300000,1.1500000,-0.0952000,-0.0966000,1.4301000,0.4832734,1.9534313,1.5035826,-0.0006157,-0.0234783,0.9849104,79
1794,-0.1600000,7.8800000,2.4900000,0.0981000,0.0229000,0.6572000,0.7023079,1.6879166,1.6235948,-0.0068102,-0.0239097,1.0000599,79
1795,3.0700000,4.0300000,1.8200000,0.0688000,0.0385000,0.5888000,0.8737299,1.7527711,1.7297986,-0.0068258,-0.0225126,0.9963817,79
1796,4.0400000,-7.0700000,-0.9100000,-0.1279000,-0.0810000,1.5756000,1.1147173,1.8316989,1.7637871,-0.0041225,-0.0194285,0.9824722,79
1797,-0.1000000,2.9900000,-0.4200000,-0.0253000,-0.0649000,1.0825000,1.4016470,1.5921791,1.6354595,-0.0063213,-0.0196735,0.9914780,79
1798,2.4600000,8.3600000,1.5200000,0.1020000,0.0322000,0.5097000,1.5995958,1.4566636,1.4171551,-0.0087600,-0.0218370,1.0029654,79
1799,2.7600000,-2.1200000,0.6000000,-0.0268000,0.0673000,0.9379000,1.7502815,1.6059980,1.2279687,-0.0065697,-0.0201288,0.9908105,79
1800,3.4300000,-5.4800000,-0.4900000,-0.1459000,-0.0434000,1.5625000,1.9354691,1.5454452,1.0527727,-0.0065953,-0.0149379,0.9827089,79
1801,0.6300000,5.0700000,1.2700000,0.0136000,0.0092000,0.7768000,2.1046110,1.2215908,0.8737117,-0.0122074,-0.0106156,0.9957660,79
1802,2.3300000,5.0100000,1.7600000,0.0742000,0.0971000,0.5351000,2.1850050,1.1099578,0.7652001,-0.0157197,-0.0055427,0.9974752,79
1803,2.8200000,-5.9100000,-1.0400000,-0.1464000,-0.0312000,1.6254000,2.2239129,1.1335604,0.7094474,-0.0163962,0.0016145,0.9881783,79
1804,-1.2600000,3.6000000,0.0000000,0.0307000,-0.0048000,0.8642000,2.2049713,0.9931675,0.6102713,-0.0192866,0.0066755,0.9962216,79
1805,1.1700000,5.8000000,1.2100000,0.1215000,0.0664000,0.4902000,2.0452127,0.9657328,0.5010535,-0.0188580,0.0098993,0.9985507,79
1806,3.7400000,-4.6900000,0.0500000,-0.0571000,0.0302000,1.2744000,1.8752540,1.0816330,0.4403611,-0.0127181,0.0143488,0.9824675,79
1807,-1.6200000,-3.0400000,-0.6700000,-0.1000000,-0.0634000,1.4492000,1.7567912,0.9361226,0.3789135,-0.0096203,0.0173231,0.9833656,79
1808,-1.6800000,6.1100000,0.6000000,0.0610000,0.0073000,0.6250000,1.5159874,0.6740089,0.2952071,-0.0107990,0.0160456,1.0013005,79
1809,0.1400000,3.1100000,0.8500000,0.0595000,0.1123000,0.6196000,1.1425596,0.6985809,0.2455219,-0.0090507,0.0152126,0.9990178,79
1810,3.6200000,-5.9100000,-0.6700000,-0.1206000,0.0048000,1.5278000,0.8558603,0.7871560,0.2266684,-0.0060094,0.0182100,0.9854220,79
1811,-3.2700000,0.0000000,-0.9700000,-0.0278000,-0.0200000,1.1069000,0.6857737,0.6058027,0.1670460,-0.0077835,0.0207160,0.9935806,79
1812,-0.3400000,5.7400000,0.4200000,-0.0278000,-0.0200000,1.1069000,0.4561261,0.4374111,0.0714051,-0.0123931,0.0195504,1.0163696,80
1813,3.0100000,-2.1200000,0.0000000,-0.0024000,0.1025000,1.0917000,0.2533207,0.4822544,0.0017186,-0.0160771,0.0180859,1.0379527,80
1814,0.1400000,-3.7700000,-1.5200000,-0.0849000,-0.0263000,1.4794000,0.2197862,0.4266843,-0.0652047,-0.0195080,0.0188809,1.0642044,80
1815,-3.5100000,2.3200000,-1.1000000,0.0249000,-0.0161000,0.7539000,0.1762042,0.2093555,-0.1860331,-0.0230996,0.0185529,1.0920383,80
1816,0.3800000,3.9100000,-0.2400000,0.0654000,0.0771000,0.6499000,0.0035559,0.1491515,-0.3281120,-0.0229389,0.0172256,1.0952075,80
1817,3.6800000,-2.9200000,-1.0400000,-0.0385000,0.0576000,1.3554000,-0.0887805,0.2435596,-0.4454946,-0.0186393,0.0189209,1.0777246,80
1818,-3.8800000,-2.2500000,-1.6500000,-0.0332000,-0.0312000,1.2070000,-0.0633467,0.2005940,-0.5647210,-0.0152841,0.0217236,1.0716693,80
1819,-2.8400000,3.2400000,-0.7300000,0.0415000,0.0043000,0.6201000,-0.1809228,0.0729750,-0.6976436,-0.0131777,0.0217660,1.0698508,80
1820,1.1700000,1.4700000,0.4200000,0.0371000,0.0898000,0.9306000,-0.4102957,0.0997393,-0.7808739,-0.0090229,0.0213942,1.0505772,80
1821,1.0500000,-2.1900000,0.1800000,-0.0473000,0.0253000,1.4667000,-0.5133980,0.1890248,-0.7656993,-0.0042597,0.0236385,1.0331088,80
1822,-6.6900000,0.7300000,-0.6100000,0.0229000,-0.0278000,0.9482000,-0.6069649,0.1873214,-0.6910416,-0.0015575,0.0254404,1.0355573,80
1823,-3.1500000,3.8500000,0.4800000,0.0581000,0.0190000,0.5415000,-0.9291052,0.2338409,-0.5988927,0.0014374,0.0243253,1.0323553,80
1824,3.3700000,-0.7200000,1.2700000,0.0151000,0.0898000,1.2578000,-1.2542740,0.3997338,-0.4591467,0.0063396,0.0236644,1.0134232,80
1825,-4.6100000,-0.8400000,-0.4200000,-0.0297000,-0.0136000,1.3798000,-1.3825465,0.5055483,-0.2804188,0.0101512,0.0250549,1.0089772,80
1826,-6.5100000,2.4400000,-0.9100000,0.0292000,-0.0551000,0.6352000,-1.6019799,0.5336035,-0.1529043,0.0114771,0.0240845,1.0185110,80
1827,-0.3400000,2.6900000,0.6600000,0.0483000,0.0385000,0.7666000,-1.9749193,0.6438916,-0.0905712,0.0129518,0.0198143,1.0114258,80
1828,1.5400000,-0.6000000,0.9100000,-0.0136000,0.0429000,1.3984000,-2.1689236,0.8079009,-0.0168077,0.0151106,0.0167852,0.9972638,80
1829,-7.2400000,-0.1100000,-0.4200000,-0.0288000,-0.0722000,1.0581000,-2.2094865,0.8759021,0.0732225,0.0151265,0.0145405,1.0008825,80
1830,-2.9700000,2.3800000,0.2400000,0.0131000,-0.0273000,0.5664000,-2.3775323,0.8804806,0.1313072,0.0127548,0.0093460,1.0047593,80
1831,3.0700000,0.3100000,1.6400000,0.0087000,0.0805000,1.0434000,-2.4973561,0.9122984,0.1921532,0.0103315,0.0043338,0.9914855,80
1832,-0.1600000,-0.3500000,0.6000000,-0.0307000,0.0097000,1.3784000,-2.3131332,0.9126377,0.2984841,0.0079434,0.0036511,0.9842910,80
1833,-5.1000000,-0.1100000,-0.7900000,-0.0112000,-0.1098000,0.7807000,-2.0563554,0.8294983,0.3838722,0.0044903,0.0027210,0.9926052,80
1834,0.8700000,1.2200000,0.6600000,0.0043000,-0.0136000,0.7475000,-1.9170676,0.7225944,0.4013715,0.0009349,-0.0025826,0.9922515,80
1835,4.6500000,0.7300000,1.2100000,0.0380000,0.0708000,1.3281000,-1.6478229,0.6574380,0.4152962,-0.0007096,-0.0071062,0.9846901,80
1836,-5.5300000,-0.4200000,-1.3400000,-0.0253000,-0.1044000,0.8413000,-1.2495803,0.6082240,0.4258097,-0.0006026,-0.0089626,0.9859909,80
1837,0.2000000,0.8600000,-0.1200000,-0.0190000,-0.0532000,0.6953000,-1.0185014,0.5428623,0.3664133,-0.0011203,-0.0132731,0.9820461,80
1838,4.8400000,1.3400000,0.9700000,0.0097000,0.0747000,1.3071000,-0.7943030,0.5103526,0.2866332,-0.0024387,-0.0177047,0.9717000,80
1839,-3.7000000,1.2800000,-0.3600000,-0.0249000,-0.0449000,1.1298000,-0.4625887,0.5453059,0.2417615,-0.0035805,-0.0180944,0.9761605,80
1840,-1.8700000,-1.5100000,-0.9100000,-0.0141000,-0.1113000,0.6987000,-0.3016512,0.5719161,0.1803065,-0.0051136,-0.0194293,0.9862665,80
1841,2.8800000,0.1800000,1.0900000,-0.0078000,-0.0014000,0.9052000,-0.2657811,0.5117086,0.1045167,-0.0069092,-0.0241250,0.9824520,80
1842,5.2600000,1.7700000,1.4000000,0.0253000,0.0678000,1.3300000,-0.0376619,0.4444388,0.1011352,-0.0075941,-0.0261284,0.9781838,80
1843,-5.4100000,-0.9000000,-0.9100000,-0.0371000,-0.0751000,0.9609000,0.2721343,0.4222270,0.1506904,-0.0073088,-0.0241274,0.9877649,80
1844,0.9300000,-1.7600000,-0.9700000,-0.0078000,-0.0576000,0.6987000,0.3559752,0.3381132,0.1424513,-0.0076775,-0.0237175,0.9938985,80
1845,4.2900000,0.7300000,0.4800000,0.0268000,0.0844000,1.0551000,0.3960116,0.1828973,0.0781260,-0.0078173,-0.0236761,0.9865415,80
1846,2.0300000,0.9800000,-0.1800000,0.0112000,0.0385000,1.2910000,0.6216381,0.0823133,0.0267788,-0.0061342,-0.0187411,0.9849106,80
1847,-6.0200000,-3.2200000,-2.1900000,-0.0434000,-0.0927000,0.8696000,0.7631999,0.0005468,-0.0498765,-0.0044455,-0.0126908,0.9952531,80
1848,2.2700000,-0.1700000,-0.4900000,0.0043000,-0.0356000,0.7246000,0.6372350,-0.1650075,-0.1964538,-0.0044373,-0.0114561,0.9973431,80
1849,4.2900000,1.2200000,1.2100000,0.0605000,0.0981000,1.2558000,0.5616902,-0.3049255,-0.3140430,-0.0035594,-0.0110654,0.9903536,80
1850,-3.2100000,0.9800000,0.4200000,-0.0092000,-0.0380000,1.1279000,0.6215538,-0.3048954,-0.3170349,-0.0003787,-0.0074637,0.9939581,80
1851,-3.3900000,-3.4100000,-0.6100000,-0.0224000,-0.1059000,0.7924000,0.4991557,-0.2850020,-0.2645652,0.0020872,-0.0062371,1.0028606,80
1852,2.0900000,0.9200000,1.4600000,0.0170000,0.0317000,0.8950000,0.2218980,-0.3481583,-0.1964052,0.0027580,-0.0093296,1.0004617,80
1853,3.8000000,2.9900000,2.0100000,0.0556000,0.0903000,1.3134000,0.1184352,-0.3321766,-0.0501526,0.0043163,-0.0096035,0.9967934,80
1854,-6.8100000,-1.1500000,-0.6100000,-0.0151000,-0.0463000,0.9101000,0.1004049,-0.1797624,0.1454816,0.0072404,-0.0056739,1.0033724,80
1855,0.3200000,-3.0400000,-0.8500000,-0.0234000,-0.0556000,0.7753000,-0.1100167,-0.1147663,0.2580599,0.0085743,-0.0038606,1.0054913,80
1856,3.2500000,1.8900000,0.8500000,0.0371000,0.0991000,1.1816000,-0.2947763,-0.1711066,0.2802096,0.0082429,-0.0035604,0.9992253,80
1857,0.2000000,3.6600000,0.2400000,0.0336000,0.0576000,1.1435000,-0.2486066,-0.1051281,0.2937960,0.0090632,0.0009389,1.0009324,80
1858,-5.7100000,-4.0800000,-2.4400000,-0.0341000,-0.0839000,0.7954000,-0.2403958,0.0486603,0.2566154,0.0102711,0.0063679,1.0072543,80
1859,2.6400000,-1.7000000,-1.1000000,-0.0283000,-0.0068000,0.8876000,-0.3881333,0.0188668,0.0968763,0.0089574,0.0069885,1.0031326,80
1860,5.1400000,3.7200000,0.7900000,0.0625000,0.0888000,1.2807000,-0.3571122,-0.0772704,-0.0906760,0.0068290,0.0066504,0.9972511,80
1861,-3.8800000,1.2200000,-0.3600000,0.0283000,-0.0219000,0.9721000,-0.1269751,0.0070595,-0.2012686,0.0074257,0.0088897,1.0021570,80
1862,-1.7400000,-4.9300000,-1.5800000,-0.0273000,-0.0927000,0.7622000,-0.0567394,0.0852800,-0.2863547,0.0090555,0.0086538,1.0048710,80
1863,4.4100000,0.4300000,0.9100000,0.0375000,0.0429000,1.1059000,-0.0663815,-0.0362884,-0.3703384,0.0095983,0.0045056,0.9982352,80
1864,4.0400000,5.9800000,2.4300000,0.1103000,0.0766000,1.2031000,0.1560942,-0.0729821,-0.3408284,0.0123485,0.0028830,0.9976779,80
1865,-6.9900000,-1.1500000,-0.2400000,0.0063000,-0.0371000,0.8286000,0.3966982,0.1350843,-0.1834612,0.0184304,0.0048040,1.0043494,80
1866,0.7500000,-3.2200000,-0.6100000,-0.0390000,-0.0590000,0.9072000,0.3345758,0.2669145,-0.0408837,0.0225355,0.0045134,1.0036094,80
1867,4.5900000,4.9500000,2.3100000,0.0600000,0.0839000,1.2734000,0.2497808,0.2770019,0.0709138,0.0231229,0.0025345,1.0011659,80
1868,-1.0700000,7.2000000,2.0100000,0.1098000,0.0791000,0.9594000,0.3532702,0.5399760,0.2578204,0.0254740,0.0048354,1.0078076,80
1869,-1.1300000,-3.8300000,-1.2200000,-0.0800000,-0.1191000,0.9291000,0.4177740,0.9769505,0.4596077,0.0289442,0.0083929,1.0138761,80
1870,4.2900000,4.2700000,2.0100000,0.0112000,0.0307000,1.2827000,0.4448624,1.2552407,0.5838341,0.0280613,0.0074216,1.0186678,80
1871,0.0800000,9.7100000,2.6200000,0.1352000,0.0830000,0.9243000,0.5777260,1.6224868,0.7254573,0.0267993,0.0067105,1.0286523,80
1872,-6.6300000,-2.8600000,-0.7900000,-0.0556000,-0.0629000,0.7631000,0.5727458,2.1460172,0.8877477,0.0283758,0.0084025,1.0306333,80
1873,3.3700000,-2.3700000,-0.7900000,-0.1020000,-0.0947000,1.0961000,0.3265233,2.3419224,0.9255378,0.0255409,0.0060513,1.0203372,80
1874,3.9200000,7.6300000,2.2500000,0.0522000,0.1083000,1.2392000,0.2233133,2.2800342,0.8730129,0.0175057,0.0011651,1.0160062,80
1875,-4.0600000,5.8000000,0.2400000,0.0698000,0.0639000,0.7421000,0.2827759,2.4325372,0.8485232,0.0123960,0.0016693,1.0183011,80
1876,-3.0900000,-6.3400000,-2.9900000,-0.1274000,-0.1074000,0.8754000,0.1517883,2.5938057,0.7594301,0.0094164,0.0044433,1.0102453,80
1877,6.3600000,-0.5400000,-0.2400000,-0.0478000,0.0024000,1.2260000,-0.0223380,2.3398476,0.5211840,0.0020736,0.0028831,0.9986102,80
1878,1.2400000,9.2800000,1.4600000,0.1225000,0.1264000,1.0751000,0.0860866,2.0263582,0.2861484,-0.0048206,0.0021288,0.9993433,80
1879,-6.9300000,-0.1100000,-1.4600000,-0.0336000,-0.0375000,0.7290000,0.1870684,2.0222099,0.1369224,-0.0055694,0.0058462,1.0019790,80
1880,1.4200000,-6.8900000,-2.0700000,-0.1147000,-0.0991000,1.0131000,0.0118717,1.9006793,-0.0406777,-0.0067952,0.0068027,0.9943966,80
1881,4.1000000,4.3400000,1.6400000,0.0224000,0.0625000,1.3012000,-0.1012438,1.4782511,-0.2308441,-0.0118675,0.0033912,0.9911164,80
1882,-4.6100000,8.9100000,1.4000000,0.1137000,0.0932000,0.8222000,-0.0650397,1.3034652,-0.2818456,-0.0132876,0.0033228,0.9985169,80
1883,-6.3200000,-5.0500000,-1.4000000,-0.1303000,-0.0996000,0.8164000,-0.2663490,1.4302804,-0.2308604,-0.0107310,0.0060104,0.9986024,80
1884,3.1900000,-3.8300000,-0.1200000,-0.0966000,-0.0590000,1.2275000,-0.6564344,1.2958958,-0.2101418,-0.0131196,0.0039375,0.9923932,80
1885,-0.5200000,9.8300000,2.3700000,0.0893000,0.1152000,1.1513000,-0.8631210,1.0477641,-0.1653117,-0.0183011,0.0002352,0.9975111,80
1886,-7.3600000,4.8800000,0.2400000,0.0449000,0.0473000,0.6831000,-1.0309767,1.2203804,-0.0256746,-0.0176055,0.0022341,1.0052753,80
1887,-2.7200000,-7.0700000,-2.0700000,-0.1718000,-0.0952000,0.9936000,-1.4165065,1.4844946,0.0816094,-0.0155984,0.0056381,1.0000123,80
1888,2.4000000,0.7300000,-0.1200000,-0.0595000,0.0200000,1.3515000,-1.7588407,1.3633189,0.0631251,-0.0202520,0.0048961,0.9970737,80
1889,-2.9000000,10.9900000,0.6000000,0.1259000,0.1289000,0.8149000,-1.8535720,1.2841311,0.0118566,-0.0249214,0.0055071,1.0056968,80
1890,-4.0000000,-1.7600000,-1.8300000,-0.0595000,-0.0151000,0.7119000,-1.9140411,1.5509317,-0.0370396,-0.0232470,0.0107324,1.0046080,80
1891,1.2400000,-8.1100000,-3.1700000,-0.1557000,-0.0957000,1.2255000,-1.9930668,1.5845996,-0.1905431,-0.0232941,0.0132818,0.9927789,80
1892,2.0900000,6.1700000,-0.9100000,0.0234000,0.0332000,1.2744000,-1.8721926,1.2417117,-0.4560428,-0.0284319,0.0103694,0.9945548,80
1893,-4.5500000,8.1800000,-1.1000000,0.1420000,0.0942000,0.6372000,-1.6267975,1.1712835,-0.7119937,-0.0287783,0.0089719,1.0043955,80
1894,-2.0500000,-6.2700000,-2.9300000,-0.0854000,-0.0615000,0.7812000,-1.5206820,1.3585766,-0.9402548,-0.0222301,0.0105702,0.9968980,80
1895,3.9200000,-6.2700000,-1.9500000,-0.1162000,-0.0654000,1.4492000,-1.4254574,1.1560720,-1.1900593,-0.0191566,0.0088543,0.9852853,80
1896,0.0800000,10.3800000,0.4800000,0.0927000,0.0815000,1.0488000,-1.1319836,0.7640213,-1.3821995,-0.0201673,0.0048173,0.9936483,80
1897,-4.3100000,3.2400000,-0.3000000,0.0585000,0.0302000,0.5507000,-0.8574468,0.8072806,-1.4202997,-0.0166308,0.0044078,1.0014804,80
1898,0.0200000,-9.6300000,-2.0700000,-0.1240000,-0.1020000,1.0224000,-0.7836008,0.9153761,-1.3746203,-0.0113054,0.0045924,0.9897676,80
1899,4.9600000,-0.0500000,0.3000000,-0.0356000,-0.0278000,1.4946000,-0.6594326,0.5884283,-1.3180408,-0.0115026,0.0002931,0.9848871,80
1900,-2.9000000,9.8300000,1.8200000,0.1757000,0.1040000,0.7407000,-0.3854358,0.3334777,-1.1688416,-0.0110966,-0.0035643,0.9980797,80
1901,-2.7200000,-3.6500000,-0.0600000,-0.1103000,-0.0942000,0.9492000,-0.2502409,0.4637058,-0.9013319,-0.0058177,-0.0040248,1.0051929,80
1902,5.2600000,-3.1000000,0.1100000,-0.0678000,-0.0717000,1.4921000,-0.2052875,0.4985292,-0.6210061,-0.0042281,-0.0071318,1.0119728,80
1903,-1.9900000,9.3400000,1.9500000,0.1596000,0.0922000,0.8251000,-0.0432808,0.4705722,-0.3489552,-0.0046021,-0.0114716,1.0305924,80
1904,-2.4800000,-1.5100000,0.1800000,0.0278000,-0.0141000,0.5698000,0.0399994,0.6974122,-0.0622929,0.0011350,-0.0113533,1.0342946,80
1905,2.5800000,-11.5800000,-1.3400000,-0.1552000,-0.1142000,1.3413000,0.0024336,0.6812323,0.1460435,0.0059283,-0.0113735,1.0199762,80
1906,4.4100000,3.2400000,1.6400000,0.0122000,-0.0136000,1.2236000,0.1205363,0.1857430,0.2506565,0.0030957,-0.0156161,1.0187479,80
1907,-1.2600000,5.8600000,2.2500000,0.1733000,0.0854000,0.6025000,0.3902439,-0.1316978,0.3817634,0.0018839,-0.0182073,1.0243067,80
1908,-0.2800000,-8.2900000,-0.4200000,-0.0786000,-0.0791000,0.8022000,0.5642059,-0.1907532,0.5500575,0.0065827,-0.0168380,1.0104711,80
1909,6.5500000,-9.5700000,-0.4900000,-0.1049000,-0.0913000,1.5224000,0.7254464,-0.6207961,0.6322818,0.0072841,-0.0179028,0.9953199,80
1910,1.1700000,6.6500000,2.1300000,0.1264000,0.0903000,1.0014000,1.0515469,-1.2640664,0.6488840,0.0038952,-0.0205899,1.0030173,80
1911,-1.6200000,1.5900000,0.7900000,0.1196000,0.0625000,0.5087000,1.3222237,-1.4682386,0.6989849,0.0067812,-0.0176105,1.0083925,80
1912,0.7500000,-12.3800000,-1.3400000,-0.1528000,-0.0898000,1.1298000,1.3630938,-1.5324486,0.7225629,0.0123611,-0.0117645,0.9940668,80
1913,5.1400000,-2.8600000,0.2400000,-0.0478000,-0.0356000,1.4199000,1.3806224,-1.9732929,0.6465012,0.0102513,-0.0101368,0.9891352,80
1914,-3.0900000,6.6500000,1.7000000,0.1552000,0.0883000,0.7426000,1.4404161,-2.3274622,0.5626532,0.0062028,-0.0097386,1.0011486,80
1915,-1.8700000,-3.8300000,-0.3000000,0.0009000,-0.0517000,0.6313000,1.3046087,-2.2348851,0.5307557,0.0084000,-0.0069074,0.9994505,80
1916,3.0100000,-12.3200000,-0.9100000,-0.1215000,-0.1206000,1.4125000,1.0359862,-2.2636859,0.4714767,0.0098474,-0.0072621,0.9867110,80
1917,2.7000000,3.4200000,1.7600000,0.0683000,0.0000000,1.1606000,0.9180515,-2.6033959,0.3883526,0.0064941,-0.0127886,0.9919975,80
1918,-3.4500000,3.5400000,1.5800000,0.1376000,0.0576000,0.6640000,0.8682771,-2.6510914,0.3879924,0.0068885,-0.0165709,1.0040180,80
1919,-0.6500000,-8.5900000,-0.5500000,-0.1020000,-0.0751000,0.8291000,0.6691982,-2.4303504,0.4443569,0.0114382,-0.0168601,0.9977018,80
1920,5.4500000,-8.1100000,-0.0600000,-0.0849000,-0.0170000,1.4653000,0.5018180,-2.5303526,0.4532447,0.0103986,-0.0178924,0.9895677,80
1921,-1.0100000,6.0400000,1.0300000,0.1069000,0.0971000,0.9819000,0.5397260,-2.7681820,0.4297642,0.0055848,-0.0173580,1.0000829,80
1922,-3.0300000,0.2500000,-0.8500000,0.0405000,0.0268000,0.5976000,0.5287136,-2.6135848,0.4032764,0.0054510,-0.0115239,1.0073563,80
1923,0.1400000,-11.4600000,-2.5000000,-0.1513000,-0.0712000,1.1782000,0.3399997,-2.4032855,0.2902275,0.0056623,-0.0052598,0.9984825,80
1924,3.3100000,-0.0500000,-0.9100000,-0.0312000,0.0126000,1.3242000,0.2029011,-2.5316396,0.0586449,-0.0005475,-0.0028883,0.9985003,80
1925,-3.3900000,6.7800000,-0.0600000,0.1381000,0.0625000,0.7216000,0.1663538,-2.5065828,-0.1825573,-0.0060045,-0.0008040,1.0096420,80
1926,-2.6000000,-4.8700000,-1.2800000,-0.0546000,-0.0400000,0.7197000,0.0076444,-2.1156299,-0.3689798,-0.0051981,0.0025575,1.0057124,80
1927,2.3300000,-9.2700000,-1.5200000,-0.1411000,-0.0541000,1.4921000,-0.2204801,-1.9405553,-0.5420459,-0.0065167,0.0030700,0.9957663,80
1928,-0.3400000,6.1100000,0.4200000,0.0483000,0.0478000,1.0493000,-0.3145328,-2.0198217,-0.6878228,-0.0126329,0.0011357,1.0048543,80
1929,-2.2900000,3.9100000,0.2400000,0.1308000,0.0917000,0.5659000,-0.3624395,-1.7706281,-0.7348985,-0.0138075,0.0024790,1.0134380,80
1930,-0.4000000,-8.3500000,-1.9500000,-0.1259000,-0.0380000,1.0756000,-0.4708920,-1.3565016,-0.7271412,-0.0097563,0.0070215,1.0029357,80
1931,3.2500000,-2.1200000,-2.1300000,-0.0629000,-0.0205000,1.4394000,-0.4994065,-1.2813715,-0.7800350,-0.0100677,0.0092744,0.9991072,80
1932,-1.9900000,8.4200000,-0.7300000,0.1333000,0.0825000,0.7651000,-0.3950326,-1.2139972,-0.8906741,-0.0118364,0.0100445,1.0111735,80
1933,0.4400000,1.1600000,-1.8300000,0.0854000,0.0219000,0.6196000,-0.3021821,-0.7543382,-0.9989337,-0.0062139,0.0130734,1.0097645,80
1934,1.4200000,-8.1700000,-2.9300000,-0.0703000,-0.0668000,1.5087000,-0.2121311,-0.3473224,-1.1351285,0.0025869,0.0151607,0.9982957,80
1935,-0.9500000,8.9700000,0.1100000,0.1103000,0.0449000,0.8588000,-0.0905413,-0.1830982,-1.2835204,0.0091300,0.0139399,1.0010345,80
1936,-0.0400000,3.3000000,0.0000000,0.0996000,0.0463000,0.5795000,-0.0157293,0.1994257,-1.3300081,0.0176118,0.0134289,0.9988077,80
1937,1.2400000,-7.5600000,-0.8500000,-0.1362000,-0.0556000,1.3159000,0.0377326,0.5896052,-1.2678406,0.0251173,0.0136672,0.9840938,80
1938,3.2500000,2.9300000,0.6600000,-0.0312000,-0.0205000,1.2460000,0.1832636,0.6139414,-1.1470060,0.0238162,0.0110070,0.9851190,80
1939,-1.6800000,7.8800000,2.0700000,0.1606000,0.0966000,0.6875000,0.3835831,0.7043445,-0.9263539,0.0203053,0.0084166,0.9969212,80
1940,-0.4600000,-1.4500000,1.0900000,-0.0136000,-0.0092000,0.7939000,0.4697963,1.0519795,-0.5921300,0.0219734,0.0093628,0.9929872,80
1941,2.2100000,-5.9100000,0.6600000,-0.1030000,-0.0375000,1.4453000,0.4795164,1.1717491,-0.2315979,0.0218886,0.0100348,0.9854161,80
1942,0.6300000,6.6500000,2.4900000,0.0585000,-0.0043000,0.9428000,0.5394118,1.0214810,0.1166435,0.0168404,0.0078824,0.9943303,80
1943,-1.7400000,4.2100000,2.1900000,0.1494000,0.0585000,0.6245000,0.5692372,1.0760142,0.4878711,0.0155315,0.0061177,0.9996072,80
1944,-0.1000000,-5.9700000,0.6600000,-0.1005000,-0.0673000,1.1196000,0.4833911,1.2073079,0.8379938,0.0186018,0.0054062,0.9891937,80
1945,2.7600000,-2.0000000,0.8500000,-0.0419000,-0.0322000,1.3471000,0.4059694,0.9991149,1.0827901,0.0171987,0.0023406,0.9876167,80
1946,-1.8700000,6.7800000,2.1300000,0.1274000,0.0434000,0.7265000,0.3949979,0.7212617,1.2429807,0.0137745,-0.0015869,0.9984511,80
1947,-0.4600000,-1.2100000,1.2700000,0.0449000,0.0361000,0.7080000,0.3273098,0.6929816,1.3739981,0.0156493,-0.0021568,0.9956452,80
1948,0.8700000,-8.6600000,0.1800000,-0.1459000,-0.0322000,1.3759000,0.2190439,0.5328159,1.4450526,0.0170265,-0.0006741,0.9845233,80
1949,1.7900000,1.6500000,1.2700000,-0.0073000,-0.0102000,1.0830000,0.1936667,0.0482833,1.4327792,0.0114368,-0.0004422,0.9895349,80
1950,-2.2900000,3.1800000,1.3400000,0.1440000,0.0888000,0.6630000,0.2052132,-0.3101330,1.3913460,0.0066017,0.0004691,0.9977048,80
1951,-0.0400000,-5.5400000,-0.3000000,-0.0458000,-0.0092000,0.9179000,0.1392972,-0.4654838,1.3263054,0.0076879,0.0041930,0.9896109,80
1952,2.2700000,-7.0100000,-0.6100000,-0.0737000,-0.0302000,1.4541000,0.0838233,-0.8271674,1.1806557,0.0073392,0.0070519,0.9843085,80
1953,-1.7400000,4.6400000,0.5400000,0.0825000,0.0053000,0.8857000,0.0969412,-1.2923284,0.9727151,0.0043028,0.0070276,0.9964637,80
1954,-1.5000000,0.8600000,0.1100000,0.1313000,0.0483000,0.6215000,0.0431409,-1.4239819,0.7728589,0.0064802,0.0070238,1.0014708,80
1955,0.6300000,-8.1700000,-0.7900000,-0.0922000,-0.0463000,1.2661000,-0.0773723,-1.4303756,0.5819919,0.0124352,0.0075738,0.9924096,80
1956,1.1100000,-0.9600000,-0.1800000,-0.0356000,-0.0424000,1.3085000,-0.1309755,-1.6497398,0.3796881,0.0134741,0.0055769,0.9964904,80
1957,-2.7800000,6.0400000,0.4200000,0.1240000,0.0126000,0.7006000,-0.1534265,-1.7392376,0.2047777,0.0122667,0.0014682,1.0111123,80
1958,-0.1000000,-1.8200000,0.0500000,0.0107000,0.0244000,0.7402000,-0.2468794,-1.4701429,0.0904073,0.0149875,-0.0011402,1.0085495,80
1959,1.9100000,-7.0100000,-0.4900000,-0.1069000,-0.0253000,1.4306000,-0.3084722,-1.2720413,0.0103955,0.0163017,-0.0019965,0.9984186,80
1960,-0.2800000,3.9100000,0.3600000,-0.0019000,-0.0102000,1.0615000,-0.2541074,-1.2823956,-0.0532029,0.0117179,-0.0031163,1.0053615,80
1961,-1.5600000,3.9700000,0.5400000,0.1044000,0.0756000,0.6191000,-0.2030446,-1.0900186,-0.0742536,0.0077102,-0.0029837,1.0128521,80
1962,1.1700000,-4.4400000,-0.4200000,-0.0605000,0.0244000,1.0361000,-0.1987700,-0.7302546,-0.0613044,0.0074607,0.0006628,1.0032843,80
1963,1.6600000,-2.8600000,-0.9100000,-0.0781000,-0.0126000,1.4189000,-0.1310572,-0.5969032,-0.0723755,0.0047994,0.0051936,0.9990974,80
1964,-2.8400000,6.3500000,-0.3600000,0.0610000,-0.0083000,0.8447000,-0.0439637,-0.5399445,-0.1258786,-0.0004199,0.0074995,1.0109165,80
1965,0.2600000,2.0800000,-0.3600000,0.0825000,0.0317000,0.6333000,-0.0600878,-0.2206446,-0.1900465,-0.0011951,0.0084261,1.0124302,80
1966,1.6600000,-5.4800000,-0.7900000,-0.0908000,-0.0288000,1.3139000,-0.0788570,0.1028834,-0.2534895,0.0011190,0.0088717,1.0008586,80
1967,-0.2200000,2.7500000,-0.4200000,0.0317000,-0.0595000,0.8676000,-0.0170797,0.1790026,-0.3212118,0.0011597,0.0067296,0.9959529,80
1968,0.3200000,3.2400000,0.4200000,0.0878000,0.0312000,0.6269000,0.0548417,0.2789136,-0.3631424,0.0023056,0.0024735,0.9866247,80
1969,2.0900000,-4.0200000,-0.1800000,-0.0698000,-0.0029000,1.2397000,0.1469723,0.4252199,-0.3560422,0.0056168,-0.0004549,0.9688853,80
1970,0.9900000,1.5900000,-0.2400000,-0.0551000,-0.0278000,1.2661000,0.3045113,0.4204267,-0.3265014,0.0051423,-0.0023447,0.9674867,80
1971,-1.2000000,5.9800000,0.1800000,0.0664000,-0.0063000,0.6357000,0.4387259,0.4868068,-0.2909663,0.0021435,-0.0046697,0.9773876,80
1972,3.3100000,-0.6600000,-0.3000000,0.0332000,0.0444000,0.8320000,0.5277188,0.7491474,-0.2484166,0.0022752,-0.0057054,0.9728915,80
1973,2.0900000,-3.6500000,-0.9100000,-0.1000000,-0.0014000,1.4291000,0.6932271,0.8775026,-0.2278819,0.0028356,-0.0042826,0.9667391,80
1974,-0.5900000,4.6400000,-0.7300000,-0.0014000,-0.0405000,1.0000000,0.8822620,0.8226538,-0.2536431,-0.0004108,-0.0030039,0.9793267,80
1975,-0.0400000,3.1800000,-0.1200000,0.0869000,0.0161000,0.6069000,0.9500972,0.8983243,-0.2997966,-0.0027792,-0.0032741,0.9897836,80
1976,3.6200000,-3.0400000,-0.0600000,0.0000000,0.0297000,1.0820000,0.9765247,1.0345538,-0.3259993,-0.0006125,-0.0027545,0.9831682,80
1977,0.0800000,-1.5800000,0.3000000,-0.0903000,-0.0161000,1.4218000,1.0612334,0.9488420,-0.3154109,0.0007580,-0.0010071,0.9841476,80
1978,-2.7800000,5.3100000,0.8500000,0.0341000,-0.0292000,0.7431000,1.0503922,0.7997727,-0.2553660,-0.0013661,-0.0004421,0.9994789,80
1979,0.8700000,0.6100000,1.6400000,0.0605000,0.0581000,0.6806000,0.8664733,0.8337228,-0.1232383,-0.0018475,-0.0003736,1.0010913,80
1980,1.4800000,-4.1400000,1.6400000,-0.0712000,0.0175000,1.3481000,0.6877465,0.8365202,0.0872832,-0.0003228,0.0017991,0.9910401,80
1981,-3.2100000,1.6500000,1.4000000,-0.0571000,-0.0078000,1.2519000,0.5303224,0.6502119,0.3422167,-0.0021106,0.0047611,0.9979400,80
1982,-3.0300000,4.5200000,1.6400000,0.0688000,-0.0214000,0.5336000,0.2266911,0.5523958,0.6003340,-0.0054294,0.0058867,1.0102728,80
1983,1.3600000,-2.4900000,1.7600000,0.0317000,0.0639000,0.9052000,-0.1451136,0.6099690,0.8469880,-0.0048684,0.0064028,1.0017786,80
1984,-1.0100000,-2.5500000,1.1500000,-0.1049000,0.0117000,1.5473000,-0.3984237,0.5374418,1.0638644,-0.0035692,0.0085913,0.9940049,80
1985,-5.6500000,4.6400000,0.4800000,-0.0136000,-0.0517000,0.8691000,-0.6556038,0.3885059,1.2086731,-0.0062992,0.0100197,1.0069513,80
1986,-1.5000000,1.8900000,1.1500000,0.0708000,0.0263000,0.5444000,-1.0452310,0.4348942,1.2699212,-0.0087752,0.0088174,1.0112799,80
1987,2.2100000,-3.1000000,1.0900000,-0.0200000,0.0400000,1.2026000,-1.3404889,0.5365524,1.2849082,-0.0074892,0.0081594,0.9962899,80
1988,-3.0900000,0.0000000,0.3000000,-0.0922000,-0.0434000,1.3916000,-1.4255811,0.4720886,1.2642017,-0.0072959,0.0083452,0.9938265,80
1989,-3.8800000,4.0300000,0.1100000,0.0161000,-0.0371000,0.6635000,-1.5232876,0.4114977,1.1855139,-0.0103676,0.0061089,1.0057827,80
1990,1.4800000,0.4300000,0.1100000,0.0683000,0.0395000,0.7304000,-1.6517621,0.5100884,1.0524635,-0.0113380,0.0026154,1.0019204,80
1991,1.2400000,-2.9800000,0.0500000,-0.0517000,0.0288000,1.4072000,-1.5950409,0.5707017,0.8902150,-0.0090212,0.0015847,0.9898800,80
1992,-2.8400000,2.2600000,-0.5500000,-0.0234000,-0.0410000,1.0981000,-1.4080342,0.4980571,0.7078143,-0.0079854,0.0019230,0.9958824,80
1993,-0.8900000,1.9500000,-0.2400000,0.0654000,0.0097000,0.6127000,-1.2820292,0.4815467,0.5080626,-0.0073444,0.0011118,1.0044029,80
1994,3.5600000,-1.1500000,0.2400000,0.0366000,0.0708000,0.9721000,-1.1195143,0.5328911,0.3232713,-0.0034513,0.0014904,0.9953671,80
1995,-0.5900000,-1.9400000,-0.4900000,-0.0761000,0.0302000,1.4497000,-0.8120804,0.4770210,0.1737647,0.0005780,0.0052586,0.9900767,80
1996,-2.7200000,2.5000000,-1.1000000,0.0068000,-0.0502000,0.8022000,-0.5564984,0.3520569,0.0269659,0.0009307,0.0088796,1.0010110,80
1997,0.9900000,0.8600000,-0.3000000,0.0761000,0.0341000,0.7167000,-0.4490951,0.3223559,-0.1293992,0.0013553,0.0097636,1.0033395,80
1998,2.6400000,-1.9400000,0.0500000,0.0117000,0.0571000,1.2500000,-0.3059761,0.3232012,-0.2524267,0.0049470,0.0110545,0.9942337,80
1999,-3.2700000,-0.3500000,-0.6700000,-0.0346000,-0.0244000,1.2143000,-0.1293564,0.2300985,-0.3285248,0.0081565,0.0134827,0.9975129,80
