index,gx_raw_dps,gy_raw_dps,gz_raw_dps,ax_raw_g,ay_raw_g,az_raw_g,gx_25hz_dps,gy_25hz_dps,gz_25hz_dps,ax_25hz_g,ay_25hz_g,az_25hz_g,bad
589,-0.4000000,-6.0400000,0.3800000,-0.0576000,-0.0590000,1.0107000,-0.0080333,-0.1213036,0.0076317,-0.0011568,-0.0011849,0.0202983,8
590,5.9400000,-8.9100000,-2.9000000,-0.1513000,-0.0581000,1.3227000,0.0906883,-0.6109069,-0.0310652,-0.0071580,-0.0053864,0.0988467,8
591,3.6800000,7.1400000,0.3800000,0.1577000,0.0302000,0.7187000,0.4511821,-1.2116324,-0.1546081,-0.0144987,-0.0105603,0.2291439,8
592,-0.9500000,-1.2200000,2.2800000,0.0654000,-0.0151000,0.8061000,0.8941700,-1.4162280,-0.2186107,-0.0134329,-0.0132874,0.3659236,8
593,3.1300000,-10.8600000,-1.6800000,-0.2094000,-0.0581000,1.4233000,1.2050585,-1.5573888,-0.1766253,-0.0100816,-0.0151358,0.4996486,8
594,5.2700000,1.9500000,-0.8300000,0.1767000,0.0922000,0.6074000,1.5201228,-1.9443619,-0.1738682,-0.0106710,-0.0158907,0.6308319,8
595,-1.2500000,-4.0200000,2.1500000,0.0000000,0.0239000,0.8989000,1.8495085,-2.2568658,-0.1820317,-0.0072999,-0.0120817,0.7353245,8
596,2.8900000,-10.9800000,-2.1100000,-0.2475000,-0.0380000,1.4624000,2.0258550,-2.6188119,-0.1453308,-0.0059732,-0.0066198,0.8209443,8
597,3.6200000,4.2100000,-0.4000000,0.0942000,0.0371000,0.8496000,2.1398906,-3.0777832,-0.1597236,-0.0126920,-0.0028862,0.9037629,8
598,-3.0200000,2.3700000,2.5800000,0.1215000,0.0419000,0.6040000,2.1839154,-3.1287121,-0.1627508,-0.0147282,0.0013087,0.9599024,8
599,1.8500000,-10.8600000,-0.9500000,-0.1752000,-0.0644000,1.4047000,2.0252618,-2.9483944,-0.0751003,-0.0115975,0.0050287,0.9883298,8
600,3.2500000,-2.1300000,-1.9200000,-0.0219000,0.0068000,1.1533000,1.8397404,-3.0272833,-0.0377559,-0.0136949,0.0054019,1.0188806,8
601,-2.2900000,7.8700000,2.7000000,0.1733000,0.0717000,0.4829000,1.6946684,-2.9802911,-0.0527461,-0.0148577,0.0056270,1.0408578,8
602,-0.4000000,-7.4400000,0.3800000,-0.0844000,0.0087000,1.2568000,1.4307435,-2.5868212,0.0193989,-0.0095838,0.0085106,1.0391367,8
603,1.9700000,-6.2800000,-3.0200000,-0.1679000,-0.0141000,1.3798000,1.1240449,-2.3935683,0.0729476,-0.0087132,0.0111825,1.0424462,8
604,-0.6400000,8.9700000,0.8700000,0.1606000,0.0356000,0.5244000,0.8952867,-2.2988611,0.0052316,-0.0126684,0.0123212,1.0520200,8
605,-1.6200000,-1.5800000,1.9700000,0.0478000,0.0195000,0.8867000,0.6579732,-1.8510047,-0.0247609,-0.0101487,0.0136001,1.0402302,8
606,0.6300000,-9.2100000,-1.8600000,-0.2182000,-0.0742000,1.5581000,0.3876436,-1.4833572,0.0172385,-0.0069542,0.0133358,1.0265429,8
607,0.5100000,5.4300000,0.0200000,0.0810000,0.0415000,0.8657000,0.1861391,-1.4210173,0.0080457,-0.0105244,0.0103397,1.0330767,8
608,-3.5100000,6.5900000,3.8000000,0.1567000,0.0585000,0.4760000,0.0045956,-1.1013934,0.0412687,-0.0099503,0.0089391,1.0299005,8
609,-0.0300000,-10.1300000,0.3200000,-0.1684000,-0.0292000,1.4321000,-0.2435520,-0.6376164,0.2187230,-0.0042439,0.0099195,1.0103948,8
610,1.9700000,-0.3600000,-1.0700000,-0.0576000,0.0000000,1.2617000,-0.4152699,-0.5707200,0.3826437,-0.0050170,0.0097535,1.0091380,8
611,-4.3700000,10.6800000,3.1900000,-0.0576000,0.0000000,1.2617000,-0.5012797,-0.4853821,0.4845497,-0.0119623,0.0082770,1.0320433,9
612,-0.1600000,-5.6700000,1.6100000,-0.0566000,-0.0029000,1.1987000,-0.6553504,-0.0837802,0.6499586,-0.0200628,0.0066069,1.0639176,9
613,0.1400000,-5.3100000,-2.3500000,-0.1523000,-0.0566000,1.5141000,-0.7928967,0.0606206,0.7853688,-0.0301352,0.0037518,1.1027873,9
614,-0.7700000,8.9100000,1.9100000,-0.1523000,-0.0566000,1.5141000,-0.8304702,0.0001471,0.7854247,-0.0444872,-0.0018491,1.1544243,10
615,-0.7000000,-1.2200000,3.5000000,0.0263000,0.0205000,0.8798000,-0.8300286,0.1880917,0.8221790,-0.0587659,-0.0082911,1.2036969,10
616,-0.9500000,-8.9700000,-1.8600000,-0.2421000,-0.0317000,1.6313000,-0.8257264,0.2433118,0.9212906,-0.0700672,-0.0127066,1.2371098,10
617,2.3400000,4.9400000,-0.1500000,0.0561000,0.0185000,0.6997000,-0.7618554,-0.0264042,0.9034147,-0.0797561,-0.0150078,1.2564035,10
618,-2.9000000,2.3700000,3.8600000,0.1479000,0.0537000,0.5922000,-0.6430200,-0.1313925,0.8535173,-0.0792015,-0.0140931,1.2406064,10
619,-0.8300000,-8.9700000,-0.0900000,-0.1933000,-0.0004000,1.4902000,-0.6013063,-0.1739125,0.9031731,-0.0692980,-0.0098539,1.1985800,10
620,3.3100000,-1.9500000,-1.7400000,-0.0507000,-0.0761000,1.0937000,-0.5513524,-0.5390723,0.9014266,-0.0631916,-0.0068093,1.1690552,10
621,-1.3800000,3.4100000,3.0100000,-0.0507000,-0.0761000,1.0937000,-0.3864547,-0.9199512,0.8166451,-0.0611356,-0.0089028,1.1520290,11
622,0.0200000,-4.7600000,1.1200000,-0.0590000,0.0190000,1.1987000,-0.2382045,-1.0881165,0.8051166,-0.0591454,-0.0137337,1.1385322,11
623,0.2000000,-7.0100000,-3.0200000,-0.1362000,-0.0644000,1.4140000,-0.1468833,-1.3720512,0.7778309,-0.0592410,-0.0177873,1.1369247,11
624,2.2200000,3.0500000,1.3000000,0.1474000,0.0805000,0.5327000,-0.0234945,-1.7598428,0.6251435,-0.0582387,-0.0195465,1.1361287,11
625,-1.5000000,-1.6400000,2.2800000,0.0610000,0.0683000,0.8432000,0.1205902,-1.9183920,0.5143524,-0.0485070,-0.0157929,1.1110781,11
626,0.1400000,-10.1300000,-2.7800000,-0.2026000,-0.0224000,1.5439000,0.1904584,-2.0740303,0.4638334,-0.0370272,-0.0082065,1.0813288,11
627,3.6200000,0.6700000,-1.1900000,0.1826000,0.0722000,0.4731000,0.2681684,-2.4336051,0.3043989,-0.0299356,-0.0007598,1.0638313,11
628,0.2000000,-4.3300000,1.3600000,0.0224000,0.0375000,1.1469000,0.4486968,-2.7322128,0.1013752,-0.0192672,0.0072805,1.0401912,11
629,-0.2800000,-6.5900000,-3.0200000,-0.1259000,-0.0556000,1.4248000,0.6035454,-2.9970527,-0.0669024,-0.0088387,0.0136920,1.0256509,11
630,2.6400000,-0.1200000,0.3200000,0.1376000,0.0273000,0.6235000,0.7001630,-3.2802143,-0.2570165,-0.0032839,0.0157722,1.0267165,11
631,-1.1300000,-0.1200000,2.5200000,0.1284000,0.0766000,0.8500000,0.7836049,-3.3378889,-0.3554878,0.0061195,0.0173576,1.0156499,11
632,-1.3200000,-7.5600000,-2.2300000,-0.1215000,-0.0004000,1.5297000,0.7552925,-3.2657947,-0.3272240,0.0171396,0.0205970,1.0043468,11
633,1.7300000,0.3000000,-1.6800000,0.0395000,-0.0380000,0.8574000,0.6354890,-3.2572499,-0.3555117,0.0213222,0.0217791,1.0121483,11
634,-2.1100000,3.0500000,2.0900000,0.1630000,0.0815000,0.6103000,0.5082042,-3.0686294,-0.4153864,0.0247119,0.0208901,1.0132598,11
635,0.3200000,-5.0600000,-1.1900000,-0.0532000,0.0273000,1.4799000,0.3421633,-2.6742321,-0.3941085,0.0311727,0.0217005,1.0040286,11
636,-2.9000000,-0.4800000,-3.3900000,-0.0751000,-0.0922000,1.0927000,0.1204212,-2.3580839,-0.4227085,0.0324406,0.0213586,1.0110958,11
637,0.2000000,3.6600000,1.1800000,0.1557000,0.0478000,0.4960000,-0.1375075,-2.0132855,-0.5434596,0.0296898,0.0172284,1.0179765,11
638,-0.0900000,-1.6400000,0.7500000,0.0263000,0.0375000,1.2719000,-0.3438999,-1.5259808,-0.5828689,0.0308143,0.0140169,1.0080237,11
639,-2.8400000,-1.7000000,-2.6600000,-0.1176000,-0.0639000,1.3110000,-0.5052784,-1.1173699,-0.5609186,0.0308817,0.0120141,1.0080411,11
640,0.7500000,2.9900000,0.7500000,0.1137000,0.0307000,0.5644000,-0.6690065,-0.8067153,-0.5784986,0.0265321,0.0085674,1.0166105,11
641,-1.0100000,2.0100000,2.4600000,0.0615000,0.0571000,0.8959000,-0.7674661,-0.4163460,-0.5171924,0.0250514,0.0067653,1.0074308,11
642,-1.0100000,-3.9000000,-2.1700000,-0.1098000,0.0107000,1.6118000,-0.8147502,-0.0700762,-0.3660340,0.0246378,0.0081909,1.0003037,11
643,-2.2900000,4.1400000,-1.6200000,0.0395000,-0.0517000,0.6782000,-0.8864677,0.1244964,-0.3099753,0.0200114,0.0089855,1.0117289,11
644,-1.0700000,3.8400000,2.0900000,0.1230000,0.0507000,0.6386000,-0.9950061,0.4043698,-0.3157973,0.0172884,0.0079298,1.0102175,11
645,0.0200000,-3.4700000,-0.8900000,-0.0434000,0.0151000,1.6108000,-1.0732527,0.7190788,-0.2606230,0.0190153,0.0079170,0.9997151,11
646,-3.5100000,4.3300000,-2.0500000,-0.0571000,-0.1274000,0.9252000,-1.1283967,0.8878544,-0.2392452,0.0181756,0.0063390,1.0087758,11
647,0.5700000,3.4700000,2.5200000,0.1474000,0.0190000,0.4970000,-1.2022514,1.0986963,-0.2559210,0.0159721,0.0003853,1.0130425,11
648,0.0200000,-0.6700000,1.6100000,-0.0249000,0.0341000,1.3305000,-1.2002331,1.3585418,-0.1536735,0.0175495,-0.0045747,0.9996626,11
649,-2.6000000,2.0700000,-1.6800000,-0.1171000,-0.0815000,1.3325000,-1.1424857,1.5004079,0.0057866,0.0167597,-0.0072738,1.0009594,11
650,0.8100000,3.4700000,1.4200000,-0.1171000,-0.0815000,1.3325000,-1.1014338,1.6102395,0.1009643,0.0073515,-0.0126461,1.0283847,12
651,0.4500000,1.9500000,2.5800000,0.0380000,0.0708000,0.9550000,-0.9972673,1.7714378,0.2290076,-0.0055652,-0.0185642,1.0628232,12
652,-1.1900000,-1.0300000,-1.7400000,-0.1274000,-0.0151000,1.6376000,-0.8399027,1.8598454,0.3899349,-0.0167863,-0.0199647,1.0975389,12
653,-0.7700000,4.6900000,-0.6400000,0.0268000,-0.0493000,0.5981000,-0.7257294,1.8591197,0.4308926,-0.0264503,-0.0194338,1.1286034,12
654,1.0600000,2.8000000,2.7000000,0.1298000,0.0678000,0.6416000,-0.6277431,1.9332344,0.4161192,-0.0293988,-0.0184540,1.1276597,12
655,-0.1600000,-1.6400000,-0.4000000,-0.0893000,0.0278000,1.6528000,-0.4905715,1.9991856,0.4607794,-0.0249697,-0.0140516,1.1074423,12
656,-2.1100000,4.8200000,-1.3800000,-0.0727000,-0.1215000,0.8618000,-0.3907011,1.9680439,0.4628497,-0.0225633,-0.0100611,1.1020921,12
657,2.5200000,1.2200000,2.7700000,0.1328000,0.0336000,0.5117000,-0.3326178,1.9751399,0.4191626,-0.0212539,-0.0103407,1.0882120,12
658,0.2000000,0.6700000,1.5400000,-0.0346000,0.0639000,1.3554000,-0.2057847,1.9802823,0.4719462,-0.0155275,-0.0094965,1.0569723,12
659,-1.5000000,2.5000000,-1.3800000,-0.1064000,-0.0878000,1.2343000,-0.0793903,1.9261193,0.5576587,-0.0114670,-0.0067141,1.0415340,12
660,2.5800000,0.4800000,1.9100000,0.1264000,0.0991000,0.6767000,0.0036323,1.8601626,0.5816894,-0.0103718,-0.0046433,1.0383518,12
661,0.2000000,0.9700000,0.1400000,-0.0615000,0.0556000,1.4370000,0.1341089,1.7573972,0.6021874,-0.0071310,0.0003917,1.0337260,12
662,-1.2500000,2.5000000,-1.9900000,-0.0961000,-0.0737000,1.0722000,0.2417611,1.6491209,0.5709748,-0.0063415,0.0063328,1.0405599,12
663,2.9500000,-0.5400000,1.1800000,0.0947000,0.0478000,0.5468000,0.3044367,1.5562507,0.4516664,-0.0085189,0.0087508,1.0442592,12
664,-0.2800000,2.0700000,0.2000000,0.0000000,0.0468000,1.0957000,0.4079417,1.4417603,0.3503113,-0.0073572,0.0109783,1.0282447,12
665,-0.2200000,-0.6700000,-2.9600000,-0.1020000,-0.0649000,1.4057000,0.4851343,1.3113543,0.2294503,-0.0061678,0.0130613,1.0185948,12
666,1.4200000,0.3000000,-0.2800000,0.0273000,-0.0761000,0.5922000,0.5097277,1.1430585,0.0130032,-0.0084582,0.0101528,1.0209396,12
667,0.9300000,0.6700000,1.4200000,0.0991000,0.1108000,0.8837000,0.5558485,0.9553459,-0.1690351,-0.0082094,0.0053369,1.0101935,12
668,-0.0900000,-0.0600000,-1.6800000,-0.0805000,0.0048000,1.5014000,0.6048409,0.7899416,-0.2545332,-0.0044782,0.0048380,0.9996910,12
669,-2.1700000,0.9700000,-1.2500000,-0.0488000,-0.0927000,0.7070000,0.5591548,0.6509273,-0.3529859,-0.0039487,0.0046857,1.0048995,12
670,2.3400000,-2.5600000,1.5400000,0.0966000,0.1176000,0.7421000,0.4429610,0.4958223,-0.4407922,-0.0049287,0.0029464,1.0009679,12
671,-0.5200000,2.5000000,-1.1900000,-0.0678000,0.0600000,1.4448000,0.3728212,0.3233768,-0.4488432,-0.0036229,0.0056610,0.9910582,12
672,-4.1200000,0.4800000,-2.6600000,-0.0834000,-0.0649000,0.9663000,0.2412518,0.2454441,-0.4882414,-0.0049525,0.0104157,0.9974308,12
673,3.6200000,-3.6600000,0.5100000,0.0815000,0.0000000,0.6132000,0.0342605,0.1717278,-0.5947875,-0.0084822,0.0112266,1.0015355,12
674,-2.7200000,1.3400000,-0.0900000,-0.0048000,0.0629000,1.1489000,-0.0932127,0.0001957,-0.6500840,-0.0085624,0.0108046,0.9908219,12
675,-0.6400000,0.1200000,-2.1100000,-0.0961000,-0.0273000,1.3422000,-0.2168847,-0.1271041,-0.6690733,-0.0084120,0.0116442,0.9897731,12
676,0.0200000,-2.6200000,-0.1500000,0.0317000,-0.0541000,0.6054000,-0.3587107,-0.2194240,-0.7170750,-0.0109595,0.0103274,0.9987326,12
677,-0.4000000,-0.7300000,0.6900000,0.0537000,0.1162000,0.8901000,-0.4409379,-0.3784941,-0.7247993,-0.0112912,0.0082657,0.9933961,12
678,-1.2500000,0.6700000,-2.2300000,-0.0976000,0.0258000,1.5258000,-0.4990216,-0.5185925,-0.6916109,-0.0097634,0.0103784,0.9887248,12
679,-1.8000000,-1.7000000,-1.7400000,-0.0356000,-0.0952000,0.7343000,-0.5905774,-0.5886754,-0.7254254,-0.0115560,0.0123577,1.0002109,12
680,2.5200000,-2.9300000,0.7500000,0.0913000,0.0395000,0.7304000,-0.6486479,-0.7000047,-0.7884500,-0.0133338,0.0101219,1.0020337,12
681,-1.9900000,1.0300000,-1.0100000,-0.0380000,0.0249000,1.3994000,-0.6086793,-0.8463165,-0.7906361,-0.0112138,0.0080496,0.9948956,12
682,-2.0500000,0.3600000,-1.3800000,-0.0805000,-0.1079000,1.0019000,-0.6046406,-0.8824088,-0.7817446,-0.0102627,0.0057004,1.0013939,12
683,3.1300000,-4.6300000,1.4200000,0.0712000,-0.0512000,0.6372000,-0.6129242,-0.8925098,-0.7604377,-0.0113949,-0.0011265,1.0062610,12
684,-1.5000000,1.0300000,0.8700000,0.0034000,0.0649000,1.0654000,-0.5145728,-0.9853457,-0.6388897,-0.0098942,-0.0083345,0.9956586,12
685,0.2000000,-0.6100000,-0.5800000,-0.0947000,-0.0302000,1.4072000,-0.4035299,-1.0295951,-0.4577953,-0.0084723,-0.0113158,0.9927262,12
686,1.3600000,-3.2300000,0.8700000,0.0131000,-0.0649000,0.5712000,-0.2946738,-1.0439487,-0.2932255,-0.0103522,-0.0135319,1.0004874,12
687,1.2400000,-1.7700000,1.1200000,0.0600000,0.1025000,0.8618000,-0.1176398,-1.1468274,-0.1183326,-0.0108969,-0.0150209,0.9936049,12
688,-0.0300000,-0.4200000,-1.4400000,-0.0703000,0.0458000,1.5029000,0.0818692,-1.2650795,0.0368806,-0.0091097,-0.0110357,0.9856416,12
689,0.0800000,-0.5400000,-0.6400000,-0.0156000,-0.1108000,0.7915000,0.2285529,-1.3025552,0.0852640,-0.0091636,-0.0059203,0.9949248,12
690,2.8900000,-4.7000000,1.2400000,0.1005000,0.0283000,0.7294000,0.3649200,-1.3464683,0.0797218,-0.0084821,-0.0051262,0.9975769,12
691,-1.0700000,1.7600000,-0.2200000,-0.0239000,0.0766000,1.3095000,0.5192633,-1.4307476,0.1022980,-0.0041202,-0.0037553,0.9906318,12
692,1.4800000,0.9700000,-0.6400000,-0.0356000,-0.0937000,1.1606000,0.6213233,-1.3740808,0.1117727,-0.0006483,-0.0008110,0.9971526,12
693,1.6700000,-2.5600000,1.7900000,0.1074000,0.0346000,0.7866000,0.7083634,-1.2044578,0.1146944,0.0018776,-0.0003879,1.0099442,12
694,-1.5600000,2.8600000,0.4500000,-0.0375000,0.0444000,1.3349000,0.7727532,-1.0248191,0.1754371,0.0061925,0.0003143,1.0187290,12
695,0.7500000,2.0700000,1.0000000,-0.0395000,-0.0976000,1.0097000,0.7379134,-0.7222442,0.2744086,0.0083198,0.0012575,1.0322195,12
696,2.8300000,-3.1700000,2.7700000,0.0566000,0.0043000,0.7558000,0.7119206,-0.3932478,0.4206752,0.0078128,-0.0011808,1.0404945,12
697,-0.8900000,5.0000000,0.6900000,0.0346000,0.1391000,1.1635000,0.7489192,-0.1359935,0.6258919,0.0090351,-0.0016435,1.0362184,12
698,-1.5000000,2.9200000,-0.8900000,-0.0258000,-0.0048000,1.1938000,0.7034476,0.2357346,0.7726997,0.0111015,0.0037689,1.0361214,12
699,2.8300000,-2.3100000,0.9300000,0.0312000,-0.0454000,0.7187000,0.5964855,0.6265167,0.8015681,0.0118201,0.0086263,1.0385759,12
700,-0.0300000,4.1400000,0.2600000,0.0844000,0.1347000,1.0966000,0.5629118,0.8758186,0.7803927,0.0137616,0.0118340,1.0315845,12
701,-4.2400000,5.6700000,-1.3800000,0.0000000,0.0498000,1.2519000,0.4666360,1.1991216,0.7055260,0.0179179,0.0184394,1.0278530,12
702,-0.2800000,0.9700000,0.0200000,-0.0083000,-0.0952000,0.7607000,0.1908701,1.6405142,0.5510261,0.0206725,0.0239880,1.0304743,12
703,0.9900000,0.0600000,1.3600000,0.0786000,0.0297000,0.9541000,-0.0778436,1.9458534,0.4080731,0.0220236,0.0233924,1.0242327,12
704,-5.0400000,8.1700000,-0.0900000,0.0058000,0.0483000,1.1958000,-0.3110086,2.1713380,0.3368290,0.0242278,0.0213822,1.0155656,12
705,-1.6200000,3.0500000,-0.0900000,-0.0161000,-0.0595000,0.9208000,-0.6506578,2.5321432,0.2859687,0.0251834,0.0197169,1.0141088,12
706,1.3000000,-3.4700000,1.6100000,0.0292000,-0.0512000,0.8144000,-0.9564046,2.7770308,0.2572883,0.0238294,0.0146167,1.0090647,12
707,-2.2900000,6.6500000,0.4500000,0.0195000,0.1318000,1.1035000,-1.1019738,2.7664314,0.2901236,0.0222879,0.0095670,0.9981346,12
708,-3.8200000,3.6600000,-0.9500000,-0.0507000,0.0161000,1.1240000,-1.2494013,2.8083211,0.3192060,0.0198602,0.0101488,0.9941945,12
709,0.8100000,-4.5100000,-0.0900000,-0.0205000,-0.0761000,0.7524000,-1.4267458,2.7995736,0.2812868,0.0146512,0.0114720,0.9942206,12
710,1.2400000,0.3000000,-0.2200000,0.0512000,0.1542000,1.1059000,-1.4451505,2.4674421,0.2072579,0.0093201,0.0117626,0.9893735,12
711,-4.1800000,5.8500000,-2.0500000,0.0048000,0.0092000,1.0883000,-1.3587347,2.0951727,0.0913145,0.0068935,0.0158542,0.9881728,12
712,-0.0300000,-4.2700000,-1.5600000,-0.0166000,-0.1215000,0.7910000,-1.3377560,1.8433490,-0.1084717,0.0056711,0.0182309,0.9898290,12
713,4.1700000,-5.8500000,0.0200000,0.0224000,-0.0136000,1.0712000,-1.2182405,1.3622470,-0.3313204,0.0043110,0.0133221,0.9865168,12
714,-4.1200000,7.7500000,-0.4600000,0.0302000,0.0205000,1.0893000,-0.9595743,0.7791722,-0.4873937,0.0042653,0.0065289,0.9859315,12
715,0.2600000,-1.7700000,0.2000000,-0.0288000,-0.0610000,0.9155000,-0.7931100,0.5008796,-0.5623958,0.0049778,0.0009728,0.9900061,12
716,5.2100000,-8.0500000,1.7300000,-0.0390000,-0.1020000,0.9375000,-0.5903004,0.2050386,-0.5317802,0.0037014,-0.0067557,0.9905664,12
717,-1.1900000,4.3300000,1.2400000,0.0410000,0.1425000,1.1030000,-0.2222162,-0.2730996,-0.3710165,0.0012639,-0.0136299,0.9895447,12
718,-2.3500000,1.8300000,0.2600000,-0.0166000,0.0400000,1.0527000,0.0413467,-0.5088119,-0.1483328,0.0001293,-0.0124652,0.9936697,12
719,2.7000000,-7.1400000,0.0200000,-0.0087000,-0.0424000,0.8134000,0.1429957,-0.6020409,0.0421502,-0.0006269,-0.0070998,0.9972616,12
720,2.7600000,-2.0100000,-0.0900000,0.0410000,0.1396000,1.1201000,0.3133854,-0.9038748,0.1651482,-0.0009209,-0.0011844,0.9957606,12
721,-5.1600000,6.1600000,-1.6200000,-0.0078000,0.0483000,1.0029000,0.4589449,-1.1252620,0.1950178,0.0002800,0.0084303,0.9962732,12
722,-0.5800000,-7.3200000,-1.8000000,-0.0532000,-0.0810000,0.8603000,0.3519525,-1.1168035,0.0954807,0.0004694,0.0170364,0.9966242,12
723,4.4700000,-6.9500000,-0.0300000,-0.0332000,-0.0527000,1.1567000,0.2179049,-1.3315483,-0.0814656,-0.0024072,0.0178455,0.9947145,12
724,-3.8800000,9.3300000,0.7500000,0.0615000,0.0952000,0.9873000,0.2044017,-1.6010986,-0.2106985,-0.0052255,0.0150992,0.9971478,12
725,-1.5000000,-3.3500000,0.3200000,-0.0009000,-0.0366000,0.9775000,0.0831218,-1.4774564,-0.2407069,-0.0048279,0.0141554,1.0011226,12
726,4.1100000,-5.0600000,1.7300000,-0.0161000,-0.0053000,1.0776000,-0.0569696,-1.3282716,-0.1779559,-0.0033094,0.0127482,1.0039813,12
727,-3.2700000,8.3000000,1.9100000,0.0112000,0.1152000,1.1254000,-0.0729533,-1.2297181,-0.0091402,-0.0025094,0.0121873,1.0106784,12
728,-2.0500000,-2.5600000,-0.0300000,-0.0268000,0.0078000,0.9003000,-0.1673174,-0.8873745,0.2107244,-0.0022065,0.0155260,1.0187089,12
729,4.2300000,-8.1700000,-0.0300000,-0.0610000,-0.0668000,0.9306000,-0.2774585,-0.6967421,0.3713584,-0.0039116,0.0177053,1.0194764,12
730,0.5700000,5.2400000,1.1200000,0.0415000,0.1914000,1.2089000,-0.1856266,-0.7928467,0.4652347,-0.0068459,0.0189981,1.0178095,12
731,-4.8600000,3.6000000,-0.2800000,-0.0146000,-0.0180000,0.8979000,-0.1015755,-0.6720988,0.5268293,-0.0080292,0.0242860,1.0202563,12
732,2.6400000,-10.1900000,-0.8300000,-0.0698000,-0.1020000,0.8408000,-0.1702520,-0.4954773,0.5185886,-0.0092979,0.0267988,1.0170954,12
733,4.1100000,0.5400000,0.2600000,0.0302000,0.0908000,1.3652000,-0.1096432,-0.6685513,0.4379034,-0.0118550,0.0236226,1.0125843,12
734,-6.7500000,9.9400000,0.8100000,0.0551000,0.0361000,0.8437000,0.0205790,-0.7091764,0.3610191,-0.0116248,0.0220116,1.0170127,12
735,2.2200000,-8.4200000,0.0800000,0.0000000,-0.0908000,0.8222000,-0.0415537,-0.4372604,0.3220708,-0.0077237,0.0206600,1.0159718,12
736,5.4500000,-5.1800000,0.8100000,-0.0546000,-0.0791000,1.1796000,-0.0150027,-0.4703470,0.3069666,-0.0045911,0.0136228,1.0073474,12
737,-3.2700000,11.2900000,2.0900000,0.0605000,0.0961000,1.0874000,0.2010522,-0.6042070,0.3487357,-0.0031913,0.0049444,1.0066243,12
738,-0.2800000,-2.4400000,0.9300000,0.0434000,-0.0327000,0.7944000,0.2959539,-0.3410731,0.4664028,0.0001680,0.0005959,1.0086168,12
739,4.8400000,-7.8700000,0.1400000,-0.0649000,-0.0708000,0.9682000,0.3533285,-0.1742339,0.5865420,0.0039639,-0.0030461,1.0020609,12
740,1.7900000,6.5900000,0.7500000,0.0537000,0.1640000,1.2817000,0.5864746,-0.2860007,0.6558379,0.0054232,-0.0053442,0.9979417,12
741,-4.4900000,4.4500000,-0.5200000,0.0537000,0.0405000,0.8027000,0.7678172,-0.1386935,0.6700886,0.0078555,-0.0004099,1.0021791,12
742,3.5600000,-9.5200000,-2.2900000,-0.0537000,-0.0576000,0.8793000,0.7495376,0.0868217,0.5735827,0.0109413,0.0065513,1.0000302,12
743,3.6800000,0.9100000,-1.2500000,0.0029000,0.0756000,1.3447000,0.8043270,-0.0502590,0.3380812,0.0110213,0.0105077,0.9967618,12
744,-5.4000000,10.4900000,0.0800000,0.0527000,0.0942000,0.8100000,0.8857121,-0.0781058,0.0652900,0.0102836,0.0159726,1.0025313,12
745,1.3600000,-8.3000000,-1.3800000,-0.0141000,-0.0795000,0.8911000,0.7510761,0.1832421,-0.1645159,0.0108762,0.0218998,1.0031322,12
746,2.2200000,-4.4500000,-1.0100000,-0.0859000,-0.0688000,1.2792000,0.5951521,0.1240571,-0.3727937,0.0091494,0.0212588,1.0006833,12
747,-4.1800000,13.4800000,1.4200000,0.0800000,0.1005000,0.9252000,0.4798745,0.0014227,-0.5161903,0.0051801,0.0167982,1.0065830,12
748,-2.4700000,-3.5400000,0.3200000,0.0747000,-0.0146000,0.7998000,0.1944733,0.3036381,-0.5235113,0.0052066,0.0149497,1.0084201,12
749,2.3400000,-8.0500000,-1.1300000,-0.1142000,-0.0678000,1.1298000,-0.1403572,0.4399345,-0.4674737,0.0071190,0.0126335,1.0019851,12
750,0.8100000,7.4400000,0.3800000,0.0454000,0.1220000,1.1821000,-0.2831741,0.2469900,-0.4253101,0.0055986,0.0095668,1.0025487,12
751,-6.9300000,4.8800000,-0.0900000,0.0634000,0.0629000,0.7192000,-0.4116692,0.3385793,-0.3733402,0.0049770,0.0116333,1.0069872,12
752,1.2400000,-10.2500000,-3.0200000,-0.0917000,-0.0751000,1.0556000,-0.6981935,0.5097004,-0.3666526,0.0057953,0.0154925,1.0027675,12
753,2.6400000,0.4200000,-2.0500000,-0.0009000,0.0605000,1.2534000,-0.8622188,0.2732361,-0.4971909,0.0034265,0.0161849,1.0015219,12
754,-6.2000000,11.3500000,0.1400000,0.1186000,0.0854000,0.7509000,-0.8917251,0.1385910,-0.6811527,0.0021360,0.0179656,1.0068929,12
755,-1.3200000,-8.2400000,-1.9900000,-0.0195000,-0.1035000,0.8945000,-1.0615373,0.3399432,-0.8199310,0.0054909,0.0202312,1.0027487,12
756,3.6800000,-7.0100000,-1.7400000,-0.1147000,-0.0776000,1.2939000,-1.1887998,0.1979598,-0.9551340,0.0064965,0.0160583,0.9965321,12
757,-3.5100000,12.5100000,1.7300000,0.1059000,0.0776000,0.9282000,-1.1241086,-0.1048170,-1.0402292,0.0037477,0.0084549,1.0010679,12
758,-6.0100000,-2.0700000,0.9300000,0.0253000,-0.0048000,0.7490000,-1.1800946,0.0295457,-0.9580190,0.0041418,0.0043613,1.0018688,12
759,3.8000000,-5.0000000,-0.4000000,-0.0952000,-0.0234000,1.2890000,-1.3567782,0.1810269,-0.7642665,0.0052930,0.0022813,0.9965126,12
760,-4.0000000,11.6500000,2.4600000,0.1279000,0.0830000,0.7851000,-1.4095007,0.2552022,-0.5265909,0.0048590,0.0013946,0.9956089,12
761,-4.6100000,-6.3400000,0.5100000,-0.0058000,-0.0205000,0.8393000,-1.5070188,0.5224703,-0.2308351,0.0072992,0.0031660,0.9893269,12
762,5.2700000,-9.3300000,-1.4400000,-0.1499000,-0.1005000,1.2333000,-1.6081609,0.4438476,0.0183622,0.0076031,0.0028729,0.9800701,12
763,1.4200000,5.7300000,1.5400000,0.1293000,0.1074000,1.0566000,-1.3962267,-0.0292395,0.1600410,0.0036465,0.0001627,0.9830145,12
764,-6.5600000,2.0100000,1.9700000,0.0654000,0.0405000,0.6928000,-1.1170094,-0.2471605,0.3105512,0.0043125,0.0015203,0.9870567,12
765,3.9900000,-11.1700000,-1.0100000,-0.1367000,-0.1777000,1.0937000,-1.0030424,-0.3955877,0.4719062,0.0068715,0.0024837,0.9813683,12
766,6.1800000,-2.0100000,0.5700000,0.0253000,0.0249000,1.2812000,-0.6967381,-0.9076652,0.5479249,0.0042915,-0.0029221,0.9824582,12
767,-5.7700000,10.0700000,3.1300000,0.1416000,0.0512000,0.6635000,-0.2318360,-1.2659978,0.6181347,0.0034066,-0.0076947,0.9909851,12
768,0.3800000,-10.3100000,0.2000000,-0.0405000,-0.1015000,0.9843000,-0.0150613,-1.2370611,0.7546931,0.0079478,-0.0096194,0.9889940,12
769,6.3700000,-5.9200000,-0.0900000,-0.1259000,-0.0532000,1.2978000,0.1524909,-1.4498981,0.8507346,0.0089104,-0.0141981,0.9871934,12
770,-1.5000000,9.3900000,3.0700000,0.1376000,0.1250000,0.8579000,0.4810693,-1.7261899,0.9060462,0.0057051,-0.0176590,0.9958599,12
771,-4.3700000,-5.3100000,1.5400000,0.0122000,0.0302000,0.7871000,0.6330742,-1.6130899,1.0211673,0.0064345,-0.0139011,0.9977481,12
772,5.8800000,-8.8500000,-0.8900000,-0.1933000,-0.1127000,1.2456000,0.5921423,-1.6134082,1.1186050,0.0057568,-0.0089142,0.9926672,12
773,4.2900000,3.6000000,1.5400000,0.1059000,0.1381000,1.0839000,0.7528954,-1.8738199,1.1173438,-0.0005327,-0.0061465,0.9972718,12
774,-5.1000000,3.4700000,2.0300000,0.0937000,0.0522000,0.6811000,0.9834923,-1.8537532,1.1115266,-0.0022704,0.0004543,1.0023420,12
775,3.2500000,-10.6800000,-1.3800000,-0.1186000,-0.1093000,1.0820000,0.9989569,-1.6947766,1.1032548,0.0003062,0.0073264,0.9959283,12
776,8.6200000,-2.5000000,-0.2800000,-0.0161000,0.0117000,1.2905000,1.1298608,-1.8661693,0.9890372,-0.0012713,0.0080383,0.9948653,12
777,-4.4900000,9.3300000,1.9700000,0.1557000,0.0664000,0.7373000,1.4443845,-1.9537058,0.8369333,-0.0020824,0.0074576,1.0026354,12
778,0.6900000,-7.9900000,-0.8300000,-0.0083000,-0.0410000,0.9262000,1.5366998,-1.6888185,0.7289834,0.0033285,0.0085646,1.0012074,12
779,7.6500000,-5.6700000,-1.5600000,-0.1162000,-0.1113000,1.2783000,1.5636365,-1.6306910,0.5760836,0.0069914,0.0060381,0.9975435,12
780,-0.7000000,8.9100000,1.7900000,0.1528000,0.0981000,0.9121000,1.7623747,-1.6716805,0.3883622,0.0070136,0.0006088,1.0033219,12
781,-3.9400000,-1.2200000,0.9300000,0.0556000,0.0029000,0.7924000,1.7946507,-1.3441661,0.2960142,0.0113848,-0.0011589,1.0046503,12
782,4.6000000,-8.3000000,-1.6200000,-0.1796000,-0.1103000,1.2607000,1.5912487,-1.0628853,0.2537761,0.0149688,-0.0023280,1.0002605,12
783,3.6200000,4.6900000,0.8100000,0.0815000,0.1093000,1.1127000,1.5113063,-1.0607947,0.1761749,0.0116044,-0.0050679,1.0059897,12
784,-4.9200000,6.4000000,2.0300000,0.1289000,0.0527000,0.6083000,1.4776035,-0.8240131,0.1530217,0.0107697,-0.0031845,1.0110789,12
785,1.0600000,-10.7400000,-1.3800000,-0.1196000,-0.0561000,1.0664000,1.2336570,-0.4703943,0.1959706,0.0137816,0.0014644,1.0013165,12
786,6.8500000,-1.5200000,-0.5800000,-0.0615000,-0.0039000,1.3955000,1.0594353,-0.5391958,0.1814637,0.0111558,0.0030551,0.9976929,12
787,-6.8100000,11.3500000,2.0300000,0.1723000,0.1103000,0.6953000,1.0222525,-0.5888088,0.1473396,0.0071637,0.0047617,1.0066544,12
788,-1.5000000,-6.1000000,-0.5200000,-0.0078000,0.0161000,0.8764000,0.7501948,-0.2704701,0.1730645,0.0095568,0.0101491,1.0050892,12
789,4.6600000,-5.9200000,-2.5300000,-0.1279000,-0.1005000,1.3876000,0.4120151,-0.1805396,0.1447319,0.0109023,0.0136325,1.0003768,12
790,-2.0500000,9.3900000,0.8100000,0.1469000,0.0913000,0.8676000,0.2779054,-0.2800719,0.0191363,0.0085457,0.0128917,1.0077515,12
791,-5.2800000,0.2400000,0.5100000,0.0585000,0.0190000,0.7451000,0.0747754,-0.0583159,-0.0709853,0.0108545,0.0134113,1.0092056,12
792,4.2900000,-2.9300000,-2.4100000,-0.1074000,-0.0610000,1.3676000,-0.2286029,0.2279709,-0.1347307,0.0146063,0.0140389,1.0038838,12
793,-4.4300000,10.1300000,1.9700000,0.1450000,0.0927000,0.6899000,-0.4275049,0.4838438,-0.2117857,0.0156122,0.0131068,1.0035768,12
794,-3.5700000,-3.4700000,1.1800000,0.0029000,0.0390000,0.8276000,-0.6842066,0.8874348,-0.1897656,0.0187286,0.0147377,0.9945572,12
795,3.0100000,-7.8700000,-1.9200000,-0.1743000,-0.1088000,1.3198000,-0.9657915,0.9809977,-0.1119975,0.0187509,0.0158429,0.9824798,12
796,1.7900000,5.3000000,1.3600000,0.1098000,0.0878000,1.0205000,-0.9836477,0.6828378,-0.0792321,0.0125211,0.0134554,0.9859360,12
797,-6.8100000,4.8200000,2.2200000,0.1347000,0.0405000,0.6254000,-0.9204982,0.5883872,0.0087988,0.0111348,0.0129982,0.9890053,12
798,0.5700000,-10.4900000,-1.7400000,-0.1318000,-0.0625000,1.2163000,-1.0321891,0.5699149,0.1460892,0.0143198,0.0137957,0.9815664,12
799,4.7800000,0.8500000,-0.8300000,-0.0073000,-0.0288000,1.2851000,-1.0387771,0.2048082,0.1804305,0.0124768,0.0109234,0.9851669,12
800,-6.9900000,10.1300000,2.7000000,0.1655000,0.0424000,0.5361000,-0.8964921,-0.0188948,0.1739024,0.0106761,0.0066433,0.9951465,12
801,-0.0900000,-7.6900000,0.3200000,-0.0605000,-0.0336000,1.0551000,-0.9197935,0.1086695,0.2539531,0.0139495,0.0038144,0.9901359,12
802,4.5300000,-4.0800000,-1.3800000,-0.1362000,-0.1059000,1.4233000,-0.9138677,-0.0056245,0.3242562,0.0130866,-0.0009312,0.9891126,12
803,-1.6800000,10.3100000,2.7000000,0.1816000,0.0664000,0.7026000,-0.6902454,-0.1897371,0.3485182,0.0084433,-0.0074949,1.0014673,12
804,-3.5100000,-0.1200000,2.3400000,0.0268000,-0.0078000,0.7812000,-0.5383701,0.0371931,0.4638113,0.0098842,-0.0107189,1.0014346,12
805,2.7600000,-8.5400000,-1.9200000,-0.1894000,-0.0732000,1.4443000,-0.5170107,0.2104748,0.6101503,0.0109341,-0.0123754,0.9954602,12
806,4.3500000,7.0100000,0.5100000,0.1157000,0.0322000,0.9238000,-0.3340484,0.1000517,0.6351070,0.0059834,-0.0148938,1.0039146,12
807,-4.1200000,5.6700000,2.7000000,0.1259000,0.0371000,0.5522000,-0.0424581,0.2451236,0.6362428,0.0056996,-0.0147441,1.0058915,12
808,2.5200000,-9.7000000,-1.9900000,-0.1718000,-0.0053000,1.3828000,0.1204505,0.4921952,0.6645864,0.0089900,-0.0114333,0.9948569,12
809,5.6900000,1.5200000,-2.4100000,-0.0263000,-0.0585000,1.1865000,0.3480070,0.3658974,0.5552685,0.0054778,-0.0090340,0.9983211,12
810,-3.2700000,8.6600000,2.3400000,0.1894000,0.0937000,0.5102000,0.6794802,0.2956690,0.3507780,0.0020822,-0.0073439,1.0060200,12
811,1.9100000,-4.8800000,0.2600000,-0.0644000,0.0000000,1.1528000,0.8587745,0.5072395,0.2422594,0.0055232,-0.0030813,0.9976146,12
812,3.5000000,-3.8400000,-2.9000000,-0.1342000,-0.0908000,1.3808000,0.9861145,0.5029705,0.1523959,0.0058083,-0.0000417,0.9963639,12
813,2.0300000,9.0300000,1.4800000,0.1835000,0.0727000,0.6030000,1.2082782,0.3889330,0.0009809,0.0025261,-0.0002759,1.0062450,12
814,-1.9300000,1.6400000,1.7300000,0.0317000,-0.0019000,0.8647000,1.3667675,0.6030726,-0.0602589,0.0055301,0.0006544,1.0010648,12
815,1.4200000,-6.6500000,-2.7200000,-0.1909000,-0.0351000,1.4975000,1.3503835,0.8056364,-0.0501093,0.0081372,0.0018773,0.9942408,12
816,5.5700000,5.9800000,-0.5800000,0.0996000,0.0249000,0.7905000,1.3615348,0.7567579,-0.1257320,0.0041247,0.0015629,1.0033851,12
817,-3.3300000,3.9000000,2.7700000,0.1352000,0.0937000,0.6352000,1.4446794,0.8495845,-0.1864248,0.0041019,0.0034127,1.0032280,12
818,1.4200000,-6.3400000,-1.4400000,-0.1938000,0.0371000,1.4619000,1.3885757,0.9902891,-0.1396806,0.0072964,0.0093337,0.9932842,12
819,3.1900000,1.1500000,-2.6000000,-0.0336000,-0.0463000,1.0864000,1.2952696,0.8477408,-0.1529061,0.0030152,0.0148235,1.0004080,12
820,-2.6000000,6.3400000,2.2800000,0.1821000,0.1425000,0.4809000,1.2358075,0.7344070,-0.2366682,-0.0015573,0.0189008,1.0072657,12
821,0.0800000,-2.8000000,-0.1500000,-0.0800000,0.0195000,1.3081000,1.0596339,0.8242423,-0.2350259,0.0006681,0.0251830,0.9981526,12
822,-0.4000000,-3.9600000,-3.6900000,-0.1479000,-0.0781000,1.2778000,0.8044838,0.7509756,-0.2494348,-0.0004848,0.0292656,0.9999856,12
823,1.9100000,5.1200000,0.6300000,0.1645000,0.0537000,0.5522000,0.6001152,0.5311906,-0.3772132,-0.0054289,0.0278661,1.0095150,12
824,-3.3900000,0.8500000,1.6100000,0.0302000,-0.0039000,0.9619000,0.4214362,0.4907532,-0.4453296,-0.0039201,0.0252401,1.0016897,12
825,-0.0300000,-2.3800000,-2.2900000,-0.0888000,-0.0791000,1.2031000,0.1745762,0.5145648,-0.4219112,0.0000959,0.0208615,0.9900904,12
826,-1.0100000,5.8500000,2.4000000,-0.0888000,-0.0791000,1.2031000,-0.0873439,0.5274614,-0.3844457,-0.0020799,0.0115332,0.9949189,13
827,-2.2900000,-1.7700000,1.0000000,-0.0214000,0.0449000,1.1435000,-0.3354720,0.6449893,-0.2590407,-0.0090882,0.0007600,1.0135426,13
828,-2.6000000,-5.9800000,-3.7600000,-0.2021000,-0.0473000,1.4335000,-0.6321425,0.5948458,-0.1449491,-0.0195547,-0.0069455,1.0429480,13
829,2.3400000,3.9000000,-0.7600000,0.1391000,0.0000000,0.5791000,-0.8750597,0.3174807,-0.2063388,-0.0304504,-0.0123276,1.0701982,13
830,-4.7900000,1.2200000,1.2400000,0.0864000,0.0424000,0.7788000,-1.0149844,0.1751412,-0.3102721,-0.0317287,-0.0148875,1.0693935,13
831,-0.2200000,-6.1600000,-3.2100000,-0.1899000,-0.0629000,1.6083000,-1.1730100,0.0733969,-0.3819289,-0.0275495,-0.0148936,1.0581815,13
832,1.1800000,1.0900000,-2.4700000,0.0571000,-0.1147000,0.7846000,-1.2614656,-0.1987877,-0.5508422,-0.0274016,-0.0176795,1.0619818,13
833,-2.1100000,2.5600000,2.8900000,0.1918000,0.0761000,0.5273000,-1.2162564,-0.3859028,-0.7205624,-0.0227739,-0.0223880,1.0535113,13
834,0.0800000,-3.5400000,-0.1500000,-0.1298000,-0.0214000,1.5498000,-1.1490021,-0.4212859,-0.7080641,-0.0117325,-0.0232860,1.0315090,13
835,-0.5200000,-0.9700000,-2.5300000,-0.0991000,-0.0864000,1.0703000,-1.0631710,-0.5203932,-0.6419620,-0.0070604,-0.0230577,1.0288688,13
836,2.6400000,2.2500000,2.2200000,0.2001000,0.0815000,0.4653000,-0.8889749,-0.6070201,-0.6080455,-0.0060655,-0.0233224,1.0279833,13
837,-1.7400000,-0.1200000,1.0600000,-0.0292000,0.0332000,1.2001000,-0.6451877,-0.5453301,-0.4777992,0.0005206,-0.0194134,1.0091208,13
838,-0.3400000,-1.8300000,-2.8400000,-0.1840000,-0.0810000,1.4389000,-0.4607027,-0.4583419,-0.3257572,0.0038532,-0.0140032,1.0024040,13
839,4.7800000,0.9700000,0.8100000,0.1586000,0.0024000,0.5625000,-0.2579763,-0.4221659,-0.2785932,0.0008891,-0.0119470,1.0107644,13
840,-2.1100000,2.5000000,2.9500000,0.0971000,0.1215000,0.8349000,0.0355594,-0.3126327,-0.1912199,0.0035419,-0.0087588,1.0031876,13
841,0.3800000,-2.6800000,-1.1900000,-0.2119000,-0.0419000,1.6123000,0.2398408,-0.1511944,-0.0089614,0.0077885,-0.0019234,0.9949511,13
842,2.6400000,0.0600000,-0.7000000,0.0092000,-0.0776000,0.6870000,0.3774973,-0.0917430,0.1060394,0.0035099,0.0018137,1.0050665,13
843,1.1800000,1.5200000,3.3800000,0.1547000,0.1245000,0.6093000,0.5728280,-0.0671305,0.1871427,-0.0002954,0.0026067,1.0030253,13
844,0.0800000,-1.5200000,0.2000000,-0.1181000,-0.0175000,1.5727000,0.7541099,-0.0142207,0.3498465,0.0013145,0.0059967,0.9909956,13
845,-0.0300000,0.5400000,-1.2500000,-0.0893000,-0.1123000,0.9448000,0.8361043,0.0011738,0.4769034,-0.0011888,0.0072313,0.9980521,13
846,5.5100000,-0.9100000,3.3100000,0.2153000,0.0698000,0.5302000,0.9325855,-0.0161598,0.5403644,-0.0043336,0.0039818,1.0025836,13
847,-1.6200000,0.7900000,2.0900000,-0.0288000,0.0512000,1.2553000,1.1077271,-0.0358193,0.6874778,0.0002737,0.0031544,0.9904307,13
848,-0.1600000,-0.7300000,-1.6800000,-0.1606000,-0.0786000,1.3789000,1.1734428,-0.0467556,0.8432861,0.0031483,0.0042502,0.9918342,13
849,4.8400000,-0.6700000,0.9300000,0.1484000,0.0229000,0.5039000,1.1795647,-0.0769252,0.8686416,0.0006903,0.0029426,1.0037734,13
850,0.5700000,2.7400000,1.8500000,0.0922000,0.1206000,0.8979000,1.2913737,-0.0766390,0.8558916,0.0036454,0.0036309,0.9967599,13
851,-0.4000000,-1.5800000,-2.2900000,-0.1464000,-0.0400000,1.6083000,1.3714072,-0.0054295,0.8259527,0.0089913,0.0082813,0.9906744,13
852,1.0600000,0.1200000,-1.3800000,0.0102000,-0.0869000,0.6440000,1.3292361,0.0346520,0.6578571,0.0078738,0.0096688,1.0027538,13
853,3.4400000,0.7900000,2.4600000,0.1625000,0.1289000,0.6972000,1.2990377,0.0465287,0.4451849,0.0072576,0.0080768,1.0021159,13
854,-1.0700000,1.0900000,-0.5200000,-0.1005000,0.0273000,1.5507000,1.3132864,0.1064407,0.3336757,0.0109929,0.0103875,0.9932845,13
855,-1.6800000,0.8500000,-1.9200000,-0.1010000,-0.0986000,0.8984000,1.2092923,0.2130330,0.2253121,0.0097038,0.0127400,1.0021581,13
856,4.9600000,-2.9300000,2.0300000,0.1904000,0.0957000,0.5849000,1.0560931,0.2614708,0.0909187,0.0058462,0.0117352,1.0063182,13
857,-1.5600000,2.9900000,1.4200000,-0.0415000,0.0927000,1.2866000,1.0071559,0.2309632,0.0689182,0.0076883,0.0138735,0.9955210,13
858,-1.0100000,1.2200000,-1.6800000,-0.0224000,-0.1206000,0.6870000,0.9115307,0.2785991,0.1133376,0.0099592,0.0173538,0.9858450,13
859,4.9600000,-3.4700000,1.9100000,0.2065000,0.1279000,0.7294000,0.8046901,0.3261329,0.1321188,0.0130296,0.0177781,0.9685256,13
860,-2.6600000,3.9000000,-0.0900000,-0.0610000,0.0551000,1.4057000,0.7970451,0.2938677,0.1747215,0.0205716,0.0204439,0.9509389,13
861,-1.7400000,1.3400000,-1.9900000,-0.0932000,-0.1337000,1.0888000,0.6859376,0.3634397,0.1827871,0.0235813,0.0226080,0.9562453,13
862,4.5300000,-3.8400000,1.1200000,0.1787000,0.0659000,0.5576000,0.5272406,0.4338918,0.1140302,0.0222376,0.0192395,0.9659934,13
863,-2.1700000,4.3300000,1.2400000,0.0283000,0.1240000,1.1181000,0.4865343,0.4038528,0.0906966,0.0254637,0.0179858,0.9613626,13
864,-2.2300000,0.7300000,-1.6800000,-0.1308000,-0.0283000,1.4653000,0.3803723,0.4636070,0.1070056,0.0275859,0.0214726,0.9667002,13
865,0.8100000,-1.0900000,-0.4000000,0.0654000,-0.0717000,0.5048000,0.1648432,0.5590792,0.0582593,0.0233589,0.0218976,0.9839147,13
866,-0.4600000,0.3000000,1.8500000,0.1083000,0.1245000,0.9433000,-0.0081183,0.5523017,0.0096630,0.0209464,0.0194631,0.9845629,13
867,-2.7800000,3.2300000,-0.6400000,-0.0747000,0.0083000,1.5805000,-0.1764362,0.5586151,0.0311412,0.0218798,0.0200657,0.9856545,13
868,-2.7800000,1.5200000,-0.2800000,0.0117000,-0.1455000,0.6313000,-0.4469470,0.6840790,0.0482388,0.0201303,0.0187518,1.0022803,13
869,2.4600000,-3.4700000,2.9500000,0.1455000,0.0815000,0.7768000,-0.7026249,0.7658245,0.0904751,0.0192829,0.0123620,1.0051264,13
870,-3.5700000,5.4300000,1.0000000,-0.0405000,0.0727000,1.4213000,-0.8388793,0.7569316,0.2432471,0.0224563,0.0090823,0.9986311,13
871,-3.8200000,3.2300000,-0.3400000,-0.0668000,-0.1528000,0.9589000,-1.0295848,0.9037065,0.4142711,0.0226413,0.0077375,1.0061896,13
872,3.6800000,-3.9000000,2.0900000,0.1279000,0.0092000,0.6655000,-1.2204117,1.0857091,0.5390787,0.0200133,0.0017607,1.0106323,13
873,-2.4100000,5.0000000,1.7900000,0.0014000,0.1166000,1.1831000,-1.2220648,1.1238538,0.6888875,0.0205439,-0.0025714,1.0020437,13
874,-3.1500000,4.0800000,-0.4600000,-0.1196000,-0.0874000,1.2675000,-1.2111099,1.2624836,0.8342613,0.0194568,-0.0020303,1.0023801,13
875,0.9900000,-3.3500000,0.8700000,0.0292000,-0.0527000,0.6000000,-1.2618349,1.4469922,0.8954229,0.0130072,-0.0037475,1.0087932,13
876,2.0900000,0.7900000,2.4600000,0.0571000,0.1347000,0.9809000,-1.1745232,1.4123326,0.9378284,0.0077435,-0.0057145,1.0011219,13
877,-2.6600000,5.0000000,0.3200000,-0.0834000,0.0180000,1.4228000,-0.9737630,1.3415153,1.0123956,0.0049505,-0.0018035,0.9958025,13
878,-1.0100000,-0.3600000,0.2600000,-0.0654000,-0.1025000,0.6518000,-0.8519328,1.3977975,1.0463703,-0.0007551,0.0022194,1.0023339,13
879,5.6900000,-4.0800000,2.0900000,0.0795000,0.0844000,0.9169000,-0.6850739,1.3256209,1.0429457,-0.0070589,0.0025607,0.9991717,13
880,-3.0900000,5.9100000,0.3800000,-0.0424000,0.0966000,1.3198000,-0.3768175,1.1204211,1.0537677,-0.0095066,0.0058454,0.9933019,13
881,-0.8300000,2.6200000,-0.4000000,-0.0830000,-0.1274000,0.8657000,-0.1753557,1.1068722,1.0252599,-0.0120860,0.0104990,0.9985546,13
882,5.8800000,-7.3800000,1.1200000,0.0761000,-0.0048000,0.7797000,-0.0093667,1.0849780,0.9386721,-0.0154265,0.0093666,0.9986434,13
883,0.3800000,3.9600000,0.9300000,0.0019000,0.1362000,1.2197000,0.3249859,0.8194942,0.8633630,-0.0149017,0.0078718,0.9916758,13
884,-1.9900000,5.6700000,-0.6400000,-0.0844000,-0.0717000,1.1171000,0.6067039,0.7081107,0.7927015,-0.0134584,0.0102151,0.9946278,13
885,1.9700000,-7.0100000,-0.1500000,-0.0107000,-0.0585000,0.6552000,0.7059096,0.7462808,0.6736605,-0.0150184,0.0095779,0.9991438,13
886,5.0200000,-0.9700000,0.4500000,0.0483000,0.1513000,1.0996000,0.8528083,0.5236329,0.5333551,-0.0159672,0.0076486,0.9926115,13
887,-3.3900000,5.4300000,-1.3100000,-0.0478000,0.0424000,1.2841000,1.0516316,0.2680787,0.3892770,-0.0145278,0.0115508,0.9917971,13
888,1.2400000,-3.4100000,-1.0100000,-0.0605000,-0.0839000,0.6367000,1.0842226,0.2127831,0.2017353,-0.0146026,0.0161822,0.9980491,13
889,6.7300000,-6.1000000,-0.0900000,0.0727000,0.0336000,1.0371000,1.1349108,0.0098012,-0.0034361,-0.0154075,0.0160089,0.9940738,13
890,-4.4900000,4.5700000,-0.8300000,-0.0312000,0.1323000,1.2792000,1.2812996,-0.3428893,-0.1753155,-0.0136075,0.0169334,0.9918015,13
891,1.5400000,-6.7100000,-0.4600000,-0.0371000,-0.0717000,0.6723000,1.2579959,-0.6152484,-0.3158511,-0.0118982,0.0207149,0.9963811,13
892,3.9200000,-3.1700000,0.0800000,0.0351000,0.0825000,1.1044000,1.1924001,-0.9819033,-0.4141497,-0.0112579,0.0229100,0.9941503,13
893,-4.6700000,4.6900000,-1.1300000,-0.0200000,0.0756000,1.2500000,1.1491331,-1.3060753,-0.4726428,-0.0096798,0.0258694,0.9958224,13
894,-2.4100000,-1.9500000,-0.9500000,-0.0581000,-0.0903000,0.7104000,0.8718172,-1.3235068,-0.5350493,-0.0091554,0.0285693,1.0035527,13
895,4.7200000,-7.7500000,-0.4600000,0.0312000,-0.0195000,1.0004000,0.5281265,-1.3681449,-0.6021824,-0.0101922,0.0255054,1.0016217,13
896,-2.7200000,3.5300000,-0.5800000,0.0043000,0.1635000,1.2197000,0.3518330,-1.5664263,-0.6460672,-0.0098658,0.0221783,0.9988653,13
897,-3.6300000,2.5600000,-1.1300000,-0.0463000,-0.0507000,0.8867000,0.1231402,-1.5302020,-0.6775412,-0.0089944,0.0234202,1.0037458,13
898,1.7900000,-9.4600000,-1.2500000,-0.0224000,-0.0771000,0.8745000,-0.1979072,-1.4003106,-0.7254389,-0.0099362,0.0220340,1.0039160,13
899,0.6900000,0.4800000,-0.8900000,0.0439000,0.1718000,1.2045000,-0.3750596,-1.5234366,-0.7886579,-0.0106899,0.0187101,1.0005012,13
900,-5.4700000,6.1600000,-0.9500000,0.0234000,0.0068000,1.0180000,-0.5047385,-1.5270158,-0.8457797,-0.0085312,0.0205641,1.0043261,13
901,-0.2800000,-7.2000000,-1.0100000,-0.0463000,-0.1289000,0.7993000,-0.7588387,-1.2941741,-0.8907873,-0.0055696,0.0212359,1.0072309,13
902,2.5800000,-3.4700000,-0.5200000,0.0229000,0.0668000,1.1777000,-0.9301337,-1.2760514,-0.9181839,-0.0041527,0.0162614,1.0043819,13
903,-5.4700000,8.3600000,-0.0300000,0.0292000,0.0581000,1.1210000,-0.9771224,-1.2780006,-0.9037672,-0.0023339,0.0130259,1.0077397,13
904,-3.5700000,-2.6800000,0.4500000,-0.0263000,-0.1279000,0.7187000,-1.1683576,-0.9643034,-0.8245292,0.0001246,0.0110110,1.0120510,13
905,3.9200000,-7.3800000,0.8100000,-0.0078000,-0.0502000,1.0703000,-1.3716728,-0.7736125,-0.6737324,0.0010648,0.0038555,1.0063910,13
906,-2.2300000,6.1600000,1.3000000,0.0327000,0.1240000,1.2534000,-1.3509081,-0.8157059,-0.4552144,0.0013975,-0.0031381,1.0045110,13
907,-4.4300000,2.9200000,1.0600000,0.0209000,-0.0332000,0.7153000,-1.3288818,-0.6193190,-0.1887260,0.0030751,-0.0040656,1.0088152,13
908,3.6800000,-8.3600000,0.4500000,-0.0126000,-0.1323000,0.8793000,-1.3568193,-0.3705104,0.0750704,0.0051472,-0.0058341,1.0020972,13
909,1.9100000,0.7300000,0.4500000,0.0322000,0.1362000,1.3603000,-1.1685355,-0.4436618,0.2866269,0.0066230,-0.0097451,0.9942903,13
910,-4.5500000,8.3600000,0.2000000,0.0488000,0.0219000,0.8549000,-0.8946611,-0.4256150,0.4304124,0.0090578,-0.0082171,0.9988759,13
911,1.6700000,-6.2200000,-0.4000000,-0.0078000,-0.1127000,0.7963000,-0.7580002,-0.1543133,0.4970905,0.0123419,-0.0052254,0.9992241,13
912,4.1100000,-3.4700000,-1.0100000,0.0000000,0.0502000,1.2797000,-0.5512180,-0.1195465,0.4675874,0.0141235,-0.0059657,0.9940310,13
913,-3.7600000,10.5500000,-0.2200000,0.0717000,0.0419000,0.9926000,-0.2512056,-0.1400627,0.3580825,0.0154148,-0.0053667,0.9981750,13
914,-1.3200000,-2.8600000,0.3800000,-0.0024000,-0.0629000,0.7329000,-0.1336063,0.1546622,0.2375962,0.0178365,-0.0031235,1.0009351,13
915,5.6300000,-5.3700000,-0.4600000,-0.0522000,-0.0742000,1.2050000,-0.0629150,0.3204150,0.1428418,0.0182519,-0.0046091,0.9958702,13
916,-2.1100000,8.3000000,0.3200000,0.0834000,0.1328000,1.1508000,0.1447300,0.2945389,0.0661777,0.0165822,-0.0067682,0.9988521,13
917,-3.3900000,3.4100000,1.3600000,0.0371000,-0.0087000,0.6479000,0.2265116,0.5483023,0.0426211,0.0172259,-0.0039400,1.0039596,13
918,3.9200000,-8.3600000,-0.0900000,-0.0810000,-0.1123000,1.0791000,0.1609517,0.8027704,0.0833351,0.0177933,-0.0017473,0.9973917,13
919,3.0100000,3.0500000,-0.0900000,0.0253000,0.1337000,1.3403000,0.2557968,0.6954293,0.1246433,0.0147275,-0.0022010,0.9963291,13
920,-4.1800000,9.6400000,1.0600000,0.1079000,0.0068000,0.6899000,0.4117570,0.7189349,0.1569893,0.0131346,0.0009364,1.0049720,13
921,1.5400000,-8.1100000,0.2600000,-0.0244000,-0.0703000,0.8759000,0.4021868,0.9618412,0.2111138,0.0154099,0.0044197,1.0020020,13
922,6.1200000,-2.9300000,-0.7600000,-0.0341000,0.0019000,1.4003000,0.4645584,0.8493687,0.2453355,0.0161333,0.0036497,0.9967633,13
923,-5.1600000,11.7100000,0.6300000,0.1289000,0.0649000,0.8613000,0.6403596,0.6636132,0.2349225,0.0160302,0.0028305,1.0044642,13
924,2.4600000,-10.4900000,-0.1500000,-0.0522000,-0.0869000,0.9980000,0.6667226,0.6920018,0.2164011,0.0181207,0.0029775,1.0114727,13
925,5.2700000,-0.3600000,-0.5200000,-0.0434000,0.0380000,1.4526000,0.7310897,0.4612153,0.1833223,0.0176261,0.0014087,1.0212698,13
926,-6.0800000,12.2600000,1.3000000,0.1313000,0.0351000,0.6728000,0.8526176,0.2972365,0.1495895,0.0157383,0.0007753,1.0374126,13
927,1.3600000,-7.0100000,1.4800000,-0.0078000,-0.0170000,0.7353000,0.7510050,0.5126201,0.1874346,0.0175089,0.0021385,1.0353914,13
928,5.5700000,-5.9800000,-1.0700000,-0.0947000,-0.0297000,1.5126000,0.6698890,0.4541309,0.2607153,0.0176597,0.0022665,1.0243433,13
929,-5.7700000,10.8000000,0.2600000,0.0898000,0.1508000,0.9765000,0.6992117,0.2160558,0.2787364,0.0141807,0.0036608,1.0301035,13
930,-2.7200000,1.3400000,1.1800000,0.0371000,-0.0097000,0.5063000,0.4873233,0.3866233,0.2805550,0.0132605,0.0095268,1.0308151,13
931,3.0100000,-10.6800000,-2.1700000,-0.1123000,-0.0751000,1.3178000,0.1475963,0.5211917,0.2682209,0.0126434,0.0136543,1.0148763,13
932,0.6900000,5.4300000,-1.3800000,0.0122000,0.0854000,1.2749000,-0.0020123,0.2726119,0.1475848,0.0077112,0.0137084,1.0118296,13
933,-6.3200000,7.7500000,1.3000000,0.0122000,0.0854000,1.2749000,-0.1365634,0.2505461,-0.0145439,0.0024083,0.0162790,1.0318705,14
934,1.3000000,-11.2900000,-0.5200000,-0.0849000,-0.0673000,1.1074000,-0.4257751,0.4098706,-0.1032988,-0.0021563,0.0204136,1.0608832,14
935,4.4700000,-0.5400000,-1.3800000,-0.0283000,0.0351000,1.4487000,-0.5619950,0.1704459,-0.1744168,-0.0086441,0.0211423,1.0934459,14
936,-7.7800000,10.8000000,2.1500000,0.1528000,0.0678000,0.5917000,-0.5548078,-0.0283328,-0.2287112,-0.0118837,0.0213311,1.1188029,14
937,0.0800000,-7.1400000,1.6700000,-0.0371000,0.0000000,0.8774000,-0.7267464,0.1260166,-0.1529772,-0.0081827,0.0231668,1.1156709,14
938,3.2500000,-6.4000000,-2.2300000,-0.1196000,-0.0205000,1.4594000,-0.8664018,0.0164619,-0.0266441,-0.0059752,0.0234330,1.1004718,14
939,-3.3300000,9.7600000,0.6300000,0.1269000,0.0849000,0.8867000,-0.8210981,-0.2595723,0.0131402,-0.0070798,0.0226029,1.0963675,14
940,-4.4900000,1.3400000,2.2800000,0.0732000,-0.0268000,0.6069000,-0.8847394,-0.1253495,0.0639095,-0.0030542,0.0227150,1.0827743,14
941,1.4200000,-10.4900000,-1.0100000,-0.1357000,-0.0698000,1.3408000,-1.0731895,0.0099668,0.1752849,0.0025364,0.0201889,1.0561862,14
942,0.9900000,5.1800000,0.0800000,0.0532000,0.0229000,1.2602000,-1.1210943,-0.1944539,0.2394628,0.0030061,0.0140650,1.0456400,14
943,-8.9400000,8.8400000,3.7400000,0.0532000,0.0229000,1.2602000,-1.1730186,-0.1350122,0.3194274,0.0035459,0.0089854,1.0577313,15
944,1.6700000,-9.0300000,1.4800000,-0.1210000,-0.0781000,1.1245000,-1.4177565,0.1917097,0.5266058,0.0043824,0.0048170,1.0790257,15
945,3.5000000,-1.6400000,-0.7000000,-0.0468000,0.0092000,1.4755000,-1.5030013,0.1677473,0.7376761,-0.0001648,-0.0007357,1.1061106,15
946,-6.0100000,11.7100000,3.0700000,-0.0468000,0.0092000,1.4755000,-1.3835102,0.1268533,0.8770489,-0.0083177,-0.0052521,1.1461067,16
947,0.8100000,-5.6700000,2.0900000,-0.0620000,-0.0444000,0.9848000,-1.3505750,0.4139782,1.0472072,-0.0169432,-0.0080641,1.1883646,16
948,3.0100000,-6.4000000,-2.6000000,-0.1357000,-0.0122000,1.4726000,-1.2486706,0.4437673,1.1656004,-0.0272697,-0.0110635,1.2187653,16
949,-1.3200000,10.0000000,0.5100000,0.1274000,0.0776000,0.7265000,-0.9723447,0.2571171,1.0956786,-0.0358391,-0.0119216,1.2338734,16
950,-2.0500000,-0.1200000,2.5200000,0.0292000,0.0063000,0.6816000,-0.7507509,0.3874773,0.9816929,-0.0354776,-0.0085158,1.2168865,16
951,3.1300000,-8.9100000,-2.0500000,-0.2119000,-0.0659000,1.3798000,-0.5943118,0.4570276,0.9000169,-0.0329200,-0.0051594,1.1779144,16
952,2.4600000,3.5300000,-1.6800000,0.0395000,0.0478000,1.1137000,-0.3122802,0.1755178,0.7098607,-0.0357666,-0.0041527,1.1497714,16
953,-3.8200000,5.2400000,2.2200000,0.0395000,0.0478000,1.1137000,-0.0213597,0.0489537,0.4668122,-0.0365949,-0.0016171,1.1341683,17
954,2.4600000,-8.7800000,-0.1500000,-0.1425000,-0.0351000,1.2348000,0.1123119,0.0688850,0.3258496,-0.0346683,0.0023141,1.1249490,17
955,4.7800000,-1.9500000,-2.6600000,-0.0444000,-0.0048000,1.3725000,0.3071101,-0.2104554,0.1944047,-0.0364698,0.0041032,1.1281943,17
956,-4.1200000,7.2000000,1.5400000,0.1474000,0.0820000,0.4858000,0.5660316,-0.4827610,0.0155575,-0.0363804,0.0056702,1.1293282,17
957,2.0300000,-8.9700000,-0.9500000,-0.1821000,-0.0361000,1.3823000,0.6579009,-0.5487328,-0.1110404,-0.0320289,0.0086919,1.1141713,17
958,3.9900000,1.5800000,-1.9900000,0.0156000,0.0146000,1.1679000,0.7428975,-0.7309258,-0.2305098,-0.0307058,0.0104216,1.1036795,17
959,-3.1500000,5.3000000,2.0900000,0.0156000,0.0146000,1.1679000,0.8755026,-0.7993003,-0.3456508,-0.0301078,0.0108485,1.1064155,18
960,2.0300000,-6.9500000,0.6900000,-0.0971000,-0.0161000,1.1997000,0.8845936,-0.6739059,-0.3338893,-0.0283158,0.0108070,1.1137481,18
961,3.6200000,-2.3800000,-3.0200000,-0.0883000,-0.0483000,1.4565000,0.9103393,-0.7598621,-0.2904860,-0.0302520,0.0085888,1.1298745,18
962,-3.8200000,8.1100000,0.8100000,0.1694000,0.1127000,0.5053000,0.9631750,-0.8262480,-0.3304920,-0.0311583,0.0064761,1.1421955,18
963,0.5100000,-2.0700000,1.9700000,-0.0253000,0.0151000,0.8833000,0.8491935,-0.5660682,-0.3181528,-0.0247137,0.0084610,1.1256283,18
964,1.8500000,-7.0100000,-2.6600000,-0.1938000,-0.0317000,1.5805000,0.6887934,-0.4147807,-0.2427065,-0.0201014,0.0112875,1.1019465,18
965,-0.2200000,7.9300000,-0.4000000,0.0839000,0.0493000,0.7070000,0.6107200,-0.4483116,-0.2501340,-0.0221359,0.0122136,1.0936571,18
966,-2.3500000,1.6400000,2.8900000,0.0815000,-0.0004000,0.6235000,0.4927079,-0.2231279,-0.2462511,-0.0205478,0.0131620,1.0731450,18
967,1.6000000,-8.1100000,-0.5200000,-0.1821000,-0.0434000,1.4462000,0.3107630,0.0014771,-0.1263734,-0.0165772,0.0128153,1.0420676,18
968,3.0700000,3.6000000,-1.1300000,0.0039000,-0.0161000,1.1044000,0.2478345,-0.0751061,-0.0248776,-0.0182982,0.0094888,1.0312143,18
969,-3.7000000,4.3900000,3.1900000,0.1459000,0.0498000,0.4858000,0.2687025,-0.0482992,0.0504495,-0.0185024,0.0060750,1.0245737,18
970,2.4000000,-6.1000000,0.9300000,-0.1279000,0.0136000,1.2363000,0.2217396,0.0988970,0.2188231,-0.0137770,0.0053476,1.0045294,18
971,3.1900000,-1.2200000,-2.8400000,-0.0800000,-0.0585000,1.3603000,0.2599644,0.0040040,0.3536152,-0.0134534,0.0048230,0.9977106,18
972,-2.1700000,6.0400000,1.1800000,0.1743000,0.0576000,0.5029000,0.3963471,-0.1073859,0.3399596,-0.0144466,0.0031793,1.0027556,18
973,0.2600000,-2.6800000,1.4200000,-0.0136000,0.0253000,0.9853000,0.4341023,-0.0059173,0.3227698,-0.0088018,0.0035165,0.9927439,18
974,1.4800000,-4.7600000,-3.5700000,-0.1611000,-0.0703000,1.4760000,0.4200295,-0.0223051,0.2948533,-0.0047556,0.0042115,0.9858915,18
975,1.3000000,4.6900000,-1.1300000,0.1406000,0.0224000,0.6845000,0.4680383,-0.1818496,0.1156915,-0.0056988,0.0024531,0.9951179,18
976,-1.6800000,0.4800000,2.1500000,0.0952000,0.0307000,0.7163000,0.5094298,-0.1671400,-0.0824150,-0.0015219,0.0012328,0.9926170,18
977,1.3600000,-7.1400000,-1.8000000,-0.1738000,-0.0546000,1.4956000,0.4809936,-0.1742033,-0.1753360,0.0044363,0.0009375,0.9838278,18
978,3.0700000,2.1300000,-1.6200000,0.0336000,0.0019000,0.9541000,0.5066588,-0.3991118,-0.2825016,0.0035069,-0.0008656,0.9927772,18
979,-3.6300000,2.9200000,2.9500000,0.1494000,0.0634000,0.5585000,0.5601402,-0.5104919,-0.3705123,0.0034888,-0.0016994,0.9983400,18
980,1.1800000,-6.7700000,0.3200000,-0.1318000,0.0395000,1.3256000,0.4889917,-0.5168161,-0.3048101,0.0072255,0.0012804,0.9899248,18
981,1.6000000,-1.8300000,-2.7200000,-0.0747000,-0.0361000,1.2480000,0.4107055,-0.7293924,-0.2207129,0.0052479,0.0052235,0.9945292,18
982,-3.1500000,4.1400000,1.5400000,0.1616000,0.0419000,0.4882000,0.3522057,-0.9334583,-0.2209449,0.0011561,0.0075175,1.0041436,18
983,0.2600000,-4.4500000,1.6700000,-0.0170000,0.0561000,1.1044000,0.1972228,-0.9491816,-0.1625751,0.0030881,0.0104695,0.9964970,18
984,0.3800000,-4.8200000,-2.2900000,-0.1323000,-0.0844000,1.3896000,0.0367930,-1.0754134,-0.0600635,0.0039848,0.0129216,0.9936134,18
985,-1.0100000,2.8600000,0.7500000,0.1157000,0.0126000,0.6440000,-0.0688537,-1.2955169,-0.0328724,0.0009080,0.0114458,1.0028731,18
986,-1.2500000,-0.9700000,3.0100000,0.0410000,0.0849000,0.8408000,-0.1891201,-1.3340131,0.0317924,0.0016753,0.0100960,0.9989089,18
987,0.5100000,-6.5900000,-1.6200000,-0.1542000,-0.0336000,1.4912000,-0.3113105,-1.3654095,0.1741407,0.0029066,0.0114077,0.9927748,18
988,0.6300000,1.4600000,-1.1300000,0.0590000,-0.0107000,0.8164000,-0.3566356,-1.5307155,0.2241332,-0.0007227,0.0114731,1.0022665,18
989,-1.9300000,1.2800000,2.8900000,0.1083000,0.0610000,0.5903000,-0.3602684,-1.5617663,0.2183081,-0.0015442,0.0107138,1.0024341,18
990,0.0200000,-4.3300000,-2.7200000,-0.1484000,-0.0551000,1.4541000,-0.3981244,-1.4624446,0.2357956,0.0006075,0.0104949,0.9913223,18
991,0.9900000,2.1900000,-0.9500000,0.1220000,0.0068000,0.6469000,-0.4084956,-1.3854938,0.1577772,0.0006032,0.0086599,0.9878130,18
992,-1.0100000,-0.3600000,1.9700000,0.0917000,0.0644000,0.7993000,-0.3624489,-1.2310657,0.0418442,0.0043136,0.0072472,0.9774475,18
993,0.2600000,-4.9400000,-2.2300000,-0.1240000,-0.0136000,1.5219000,-0.3192641,-1.1028165,-0.0206077,0.0099899,0.0082092,0.9679400,18
994,1.4200000,1.7000000,-2.4100000,0.0571000,-0.0957000,0.8315000,-0.2472424,-1.1034826,-0.1574143,0.0108356,0.0069918,0.9779661,18
995,-1.3200000,1.7600000,2.5200000,0.1557000,0.0581000,0.6425000,-0.1454409,-1.0108449,-0.3234875,0.0134376,0.0026991,0.9827000,18
996,0.8100000,-3.4700000,0.5700000,-0.0800000,0.0590000,1.4746000,-0.0767008,-0.8350810,-0.3397451,0.0198211,0.0013257,0.9789138,18
997,-0.2800000,1.4600000,-2.1100000,-0.0219000,-0.1166000,1.0405000,-0.0260509,-0.7299797,-0.2917499,0.0217966,0.0015334,0.9908761,18
998,-0.5800000,1.4000000,2.5800000,0.1650000,0.0546000,0.5473000,0.0018987,-0.5868602,-0.2590199,0.0221400,-0.0008585,1.0013477,18
999,0.4500000,-1.4000000,2.1500000,-0.0190000,0.0693000,1.2832000,-0.0002108,-0.3904873,-0.1127871,0.0263878,-0.0010805,0.9962730,18
1000,-2.0500000,0.3000000,-2.1700000,-0.0815000,-0.0400000,1.2617000,-0.0362910,-0.2552658,0.0846528,0.0279061,0.0019407,1.0008570,18
1001,1.9100000,2.0700000,0.6900000,0.1254000,-0.0297000,0.5483000,-0.0914608,-0.1225290,0.1743557,0.0255014,0.0029111,1.0108557,18
1002,-1.7400000,-0.1800000,2.0300000,0.0527000,0.0551000,1.0351000,-0.1188942,0.0580003,0.2427836,0.0263690,0.0024099,1.0042137,18
1003,-1.0700000,-1.1600000,-1.7400000,-0.1103000,0.0200000,1.4370000,-0.1799575,0.1801695,0.3276172,0.0272271,0.0039133,1.0007300,18
1004,0.9900000,3.2300000,-0.6400000,0.0683000,-0.1171000,0.6455000,-0.2627049,0.2587101,0.3137325,0.0235900,0.0041212,1.0095754,18
1005,0.0800000,-0.8500000,2.7700000,0.1201000,0.1035000,0.8217000,-0.2747886,0.3776702,0.2746035,0.0223024,0.0017003,1.0054356,18
1006,0.3200000,-0.4200000,-0.4600000,-0.0878000,0.0468000,1.4960000,-0.2309411,0.4459184,0.3166183,0.0241174,0.0027565,0.9980239,18
1007,-2.6000000,3.0500000,-1.9900000,0.0043000,-0.1083000,0.8549000,-0.2220240,0.4811807,0.3153179,0.0223158,0.0049958,1.0068570,18
1008,1.4800000,-0.4200000,2.0900000,0.1391000,0.0805000,0.6352000,-0.2667524,0.5707798,0.2419573,0.0205705,0.0042372,1.0087780,18
1009,-0.4000000,0.0600000,0.6300000,-0.0380000,0.0537000,1.4077000,-0.2748133,0.6279809,0.2321053,0.0227091,0.0055472,0.9999259,18
1010,-3.7600000,2.6800000,-2.2900000,-0.0942000,-0.0502000,1.1206000,-0.3197632,0.6620174,0.2284292,0.0216318,0.0087072,1.0057262,18
1011,1.4800000,0.3000000,0.8700000,0.0986000,-0.0297000,0.5297000,-0.4522411,0.7455415,0.1458643,0.0166365,0.0085000,1.0125731,18
1012,-0.8300000,-0.1200000,1.3000000,0.0024000,0.0537000,1.1157000,-0.5336118,0.8026813,0.0962559,0.0142130,0.0065616,1.0018097,18
1013,-1.1900000,2.1900000,-1.8600000,-0.1191000,-0.0029000,1.4482000,-0.5704463,0.8200335,0.0890411,0.0112017,0.0062936,0.9989646,18
1014,-0.1600000,3.1700000,-0.4600000,0.0576000,-0.1059000,0.5107000,-0.6159253,0.9145056,0.0194208,0.0047916,0.0044512,1.0077227,18
1015,1.7900000,-1.4000000,1.5400000,0.0776000,0.0883000,0.9277000,-0.5899905,1.0448244,-0.0516938,0.0017757,0.0003735,1.0006150,18
1016,0.6900000,2.4400000,-1.7400000,-0.0991000,0.0478000,1.5258000,-0.4434186,1.1009045,-0.0754771,0.0019823,0.0001082,0.9938361,18
1017,-2.4700000,4.8800000,-2.3500000,-0.0297000,-0.0961000,0.6884000,-0.2997347,1.2163290,-0.1708249,-0.0010630,0.0016926,1.0033933,18
1018,4.9600000,-2.3100000,-0.0900000,0.1025000,0.0747000,0.7158000,-0.1692449,1.3912693,-0.3493978,-0.0040554,0.0011730,1.0015864,18
1019,-0.1600000,3.0500000,-2.2900000,-0.0776000,0.0561000,1.4282000,0.0744486,1.4581780,-0.5326593,-0.0036866,0.0029426,0.9912265,18
1020,-1.3800000,6.1600000,-3.5100000,-0.0620000,-0.0791000,0.9990000,0.2902330,1.5837790,-0.7716859,-0.0054575,0.0060062,0.9967586,18
1021,2.2800000,-1.5800000,-0.7000000,0.1176000,0.0000000,0.6088000,0.3924578,1.8140526,-1.0640283,-0.0078419,0.0054380,1.0012699,18
1022,0.4500000,1.7000000,-0.4000000,-0.0239000,0.0717000,1.2045000,0.4993950,1.9104017,-1.2726882,-0.0057426,0.0044881,0.9924350,18
1023,-1.8600000,7.2600000,-1.4400000,-0.0312000,-0.1220000,0.7851000,0.5543712,2.0010831,-1.3633182,-0.0031598,0.0039481,0.9834180,18
1024,3.0700000,-2.7400000,0.8100000,0.1147000,0.0415000,0.6904000,0.5410791,2.1692116,-1.3615297,-0.0006790,0.0006578,0.9682244,18
1025,-0.4600000,1.7000000,-0.5200000,-0.0541000,0.0761000,1.3623000,0.5658059,2.1726709,-1.2578346,0.0038605,-0.0007603,0.9515573,18
1026,-1.1300000,7.5000000,-1.3800000,-0.0454000,-0.0751000,1.1577000,0.5566963,2.1642317,-1.1226176,0.0056806,0.0007732,0.9562612,18
1027,0.1400000,-0.1800000,0.5700000,0.1020000,-0.0219000,0.5478000,0.4543175,2.3167361,-1.0001382,0.0055300,-0.0002334,0.9673205,18
1028,0.3800000,-0.8500000,0.3200000,-0.0014000,0.0732000,1.0644000,0.3427206,2.3547581,-0.8396345,0.0081463,-0.0017780,0.9633358,18
1029,-0.4600000,4.3900000,-1.1900000,-0.0561000,-0.0146000,1.4726000,0.2524525,2.2403869,-0.6688429,0.0100354,-0.0004187,0.9667220,18
1030,-3.6300000,3.9600000,0.6900000,0.0029000,-0.1010000,0.5454000,0.0905308,2.2258480,-0.5330891,0.0082176,-0.0006580,0.9827134,18
1031,2.5200000,-4.2100000,1.6100000,0.0620000,0.0498000,0.8574000,-0.1250240,2.2003886,-0.3670483,0.0066266,-0.0041085,0.9827259,18
1032,-0.8300000,1.5200000,-0.4000000,-0.0595000,0.0434000,1.4687000,-0.2415785,1.9482503,-0.1605789,0.0064274,-0.0051480,0.9786770,18
1033,-2.4100000,5.7300000,1.4200000,-0.0268000,-0.1010000,0.7734000,-0.3280532,1.7216115,0.0295264,0.0041004,-0.0046861,0.9892046,18
1034,2.7000000,-5.9800000,2.9500000,0.0952000,0.0004000,0.7202000,-0.4164062,1.5785368,0.2573280,0.0019191,-0.0071906,0.9915157,18
1035,-1.6200000,-2.0700000,0.8700000,-0.0727000,0.1171000,1.2944000,-0.4121060,1.1932745,0.5472397,0.0021915,-0.0078798,0.9838025,18
1036,-0.1600000,5.4900000,1.1800000,-0.0419000,-0.0375000,1.1137000,-0.3903005,0.7573400,0.8071028,0.0003405,-0.0037304,0.9886461,18
1037,0.1400000,-3.9000000,2.9500000,0.0678000,-0.0449000,0.5751000,-0.3811114,0.5175306,1.0330442,-0.0026554,-0.0008257,0.9946107,18
1038,0.7500000,-6.1000000,1.2400000,-0.0258000,0.1401000,1.1069000,-0.3271294,0.1532524,1.2620576,-0.0029999,0.0013606,0.9862326,18
1039,0.2600000,3.1100000,-0.5200000,-0.0649000,-0.0351000,1.3745000,-0.2280701,-0.3535722,1.4061596,-0.0039579,0.0066742,0.9852469,18
1040,-1.8000000,-0.5400000,1.7900000,0.0068000,-0.0986000,0.6035000,-0.1568609,-0.6586563,1.4255839,-0.0072427,0.0089695,0.9950262,18
1041,2.8900000,-7.8100000,1.4800000,0.0517000,0.0581000,0.9331000,-0.1076270,-0.9174922,1.4146981,-0.0087596,0.0062225,0.9919493,18
1042,-0.8900000,-0.7300000,-0.5200000,-0.0541000,0.0502000,1.3710000,-0.0053472,-1.3489997,1.3790215,-0.0079021,0.0053225,0.9874234,18
1043,-0.0900000,1.3400000,2.4000000,-0.0424000,-0.0571000,0.7910000,0.0811648,-1.6766390,1.3023955,-0.0087036,0.0063542,0.9948919,18
1044,3.5600000,-8.7200000,2.8900000,0.0581000,-0.0097000,0.7978000,0.1801367,-1.8880452,1.2926231,-0.0101411,0.0050253,0.9950874,18
1045,-1.2500000,-4.7000000,0.0200000,-0.0571000,0.1738000,1.3173000,0.3452233,-2.2896917,1.3471983,-0.0099131,0.0057234,0.9896608,18
1046,0.5700000,4.0800000,0.2600000,-0.0170000,-0.0444000,1.0068000,0.4561048,-2.6453199,1.3380410,-0.0104385,0.0116058,0.9958316,18
1047,0.6900000,-6.9500000,2.1500000,0.0395000,-0.0698000,0.6865000,0.5022267,-2.7309859,1.2787027,-0.0109733,0.0147514,1.0004736,18
1048,1.1200000,-7.2600000,-0.4000000,-0.0117000,0.1782000,1.2397000,0.5531174,-2.9095623,1.2214703,-0.0094245,0.0154674,0.9957710,18
1049,-0.8300000,4.3300000,-1.6800000,-0.0034000,-0.0522000,1.1352000,0.5834974,-3.1345862,1.0800117,-0.0074191,0.0193915,0.9991418,18
1050,-0.0300000,-3.5400000,1.6700000,0.0087000,-0.1079000,0.6894000,0.5446598,-3.0700719,0.8605517,-0.0057337,0.0196657,1.0053793,18
1051,2.8300000,-8.1700000,0.5700000,0.0458000,0.0961000,1.1088000,0.5149586,-3.0013765,0.6954555,-0.0029912,0.0148093,1.0013721,18
1052,-3.2700000,2.0700000,-1.9200000,-0.0190000,0.0800000,1.2465000,0.5019380,-3.0738923,0.5515766,0.0006408,0.0138047,1.0017747,18
1053,-0.2200000,2.2500000,0.7500000,-0.0083000,-0.0639000,0.7407000,0.3743372,-2.9092125,0.3643796,0.0029087,0.0159115,1.0087689,18
1054,1.6000000,-9.0300000,0.8100000,0.0278000,0.0131000,0.9746000,0.2200525,-2.6192928,0.2228811,0.0039729,0.0152875,1.0065754,18
1055,-3.0900000,-1.3400000,-2.5300000,-0.0351000,0.1811000,1.3095000,0.1012150,-2.5673652,0.1110127,0.0045812,0.0165392,1.0046283,18
1056,0.1400000,0.4800000,0.3800000,-0.0029000,-0.1074000,0.6323000,-0.0723027,-2.5533523,-0.0473750,0.0036936,0.0213937,1.0075446,18
1057,2.0300000,-8.6000000,-0.2800000,0.0151000,0.0273000,1.1391000,-0.1934452,-2.5195941,-0.1863222,0.0023095,0.0226599,1.0030490,18
1058,-5.1600000,1.9500000,-3.0200000,-0.0190000,0.1103000,1.2583000,-0.2748801,-2.5921669,-0.3247352,0.0014029,0.0228065,1.0033109,18
1059,-1.9300000,4.7600000,-0.8900000,0.0190000,-0.0957000,0.6865000,-0.5102784,-2.4292688,-0.5322205,0.0006305,0.0241250,1.0100854,18
1060,2.4000000,-8.3000000,0.6300000,-0.0151000,-0.0463000,0.9575000,-0.7532109,-2.0659780,-0.7062840,0.0001627,0.0204740,1.0053618,18
1061,-0.5800000,-1.2800000,-2.7800000,-0.0200000,0.1469000,1.3603000,-0.8025172,-1.9305075,-0.8095826,-0.0007769,0.0156562,1.0011344,18
1062,-5.1600000,6.5900000,-2.8400000,0.0405000,-0.0126000,0.7587000,-0.8483976,-1.7742949,-0.9668445,-0.0016104,0.0160262,1.0071044,18
1063,2.8900000,-5.5500000,0.1400000,-0.0327000,-0.1166000,0.7915000,-0.9705361,-1.4040432,-1.1571284,-0.0014472,0.0150785,1.0037190,18
1064,2.1500000,-5.3100000,-1.9900000,-0.0039000,0.0913000,1.4218000,-0.9152724,-1.2510086,-1.2775904,-0.0018047,0.0101565,0.9964993,18
1065,-5.9500000,7.3200000,-3.0200000,0.0288000,0.0336000,0.9067000,-0.7813986,-1.2300996,-1.3899875,-0.0021239,0.0081841,1.0030314,18
1066,2.4600000,-1.8300000,0.5100000,0.0068000,-0.1694000,0.6411000,-0.7791737,-0.9672462,-1.5014380,-0.0009430,0.0060428,1.0044929,18
1067,3.6200000,-7.7500000,0.3200000,-0.0341000,-0.0195000,1.2915000,-0.6631371,-0.8031035,-1.4860413,0.0000568,-0.0023371,0.9946340,18
1068,-1.9300000,4.6300000,-1.9200000,0.0244000,0.0786000,1.2036000,-0.3793970,-0.8883730,-1.3722520,-0.0000496,-0.0101306,0.9973317,18
1069,-1.7400000,3.2300000,-0.0900000,0.0610000,-0.1103000,0.5253000,-0.2067066,-0.7764995,-1.2615362,0.0014064,-0.0137648,1.0037749,18
1070,5.7600000,-8.1700000,1.3600000,-0.0566000,-0.0771000,1.1508000,-0.0723168,-0.5837269,-1.1040466,0.0040308,-0.0193902,0.9956545,18
1071,1.1800000,1.5800000,-1.5000000,0.0205000,0.1372000,1.4223000,0.2397975,-0.6447603,-0.8916543,0.0047535,-0.0239969,0.9958003,18
1072,-5.8900000,7.5000000,-0.7000000,0.0595000,-0.0087000,0.5175000,0.4654947,-0.5821008,-0.7308016,0.0057167,-0.0212360,1.0065319,18
1073,6.4900000,-7.3200000,1.7900000,-0.0278000,-0.1113000,0.9501000,0.4903085,-0.3091799,-0.5912232,0.0081186,-0.0175886,1.0009886,18
1074,2.9500000,-3.1100000,0.0200000,-0.0493000,0.0756000,1.4521000,0.6684716,-0.3151587,-0.3959676,0.0080951,-0.0169634,0.9947391,18
1075,-4.2400000,7.8700000,-0.2200000,0.0493000,0.0283000,0.7988000,0.8927157,-0.4075480,-0.2065964,0.0058813,-0.0138299,1.0042700,18
1076,1.7300000,-3.2900000,2.4600000,0.0405000,-0.1162000,0.6518000,0.8885032,-0.2464837,-0.0275763,0.0057924,-0.0103880,1.0040448,18
1077,4.5300000,-6.2800000,2.4000000,-0.0800000,-0.0327000,1.3608000,0.8897376,-0.2236000,0.2320458,0.0062803,-0.0121017,0.9927947,18
1078,-1.4400000,4.8200000,0.9300000,0.0717000,0.1450000,1.1801000,1.0068331,-0.4124804,0.5443965,0.0051288,-0.0129637,0.9972744,18
1079,-3.9400000,1.8300000,2.5200000,0.0717000,0.1450000,1.1801000,0.9550591,-0.3962506,0.8371551,0.0066914,-0.0043956,1.0184636,19
1080,5.6900000,-8.0500000,2.9500000,-0.0581000,-0.0659000,1.1547000,0.7722281,-0.3453735,1.1368084,0.0103092,0.0088655,1.0445280,19
1081,1.7300000,0.0600000,0.5700000,0.0200000,0.1728000,1.4721000,0.7770977,-0.5703830,1.4182172,0.0113092,0.0203938,1.0769795,19
1082,-7.9700000,7.4400000,0.7500000,0.0864000,-0.0019000,0.5664000,0.7414923,-0.6787132,1.5819724,0.0124138,0.0317284,1.1049698,19
1083,2.7000000,-6.6500000,2.2800000,-0.0078000,-0.0878000,0.8471000,0.4279306,-0.5271765,1.6472743,0.0158404,0.0380797,1.1034831,19
1084,3.0700000,-4.0200000,0.6300000,-0.0292000,0.0629000,1.5439000,0.2024918,-0.5860619,1.6761198,0.0176010,0.0367925,1.0902902,19
1085,-7.4200000,8.4200000,0.5700000,0.1049000,0.0473000,0.7719000,0.0701578,-0.7026704,1.6425140,0.0180935,0.0347244,1.0887705,19
1086,-0.8300000,-3.9000000,2.4600000,0.0473000,-0.0429000,0.6640000,-0.2734013,-0.5418660,1.5739647,0.0215328,0.0329101,1.0756780,19
1087,3.7400000,-6.3400000,1.7900000,-0.0922000,-0.0229000,1.4160000,-0.5790253,-0.5100807,1.5497654,0.0241637,0.0278695,1.0514792,19
1088,-3.8800000,6.7100000,0.8100000,0.0766000,0.1328000,1.1206000,-0.6728917,-0.6469414,1.5473182,0.0226949,0.0232836,1.0442072,19
1089,1.1800000,-5.5500000,2.1500000,0.0131000,-0.0498000,0.7998000,-0.7360741,-0.6520187,1.5331108,0.0214179,0.0223460,1.0451701,19
1090,2.7000000,-3.8400000,0.9300000,-0.0659000,0.0131000,1.4921000,-0.6937665,-0.7681822,1.5221422,0.0196194,0.0208795,1.0464226,19
1091,-6.1400000,9.1500000,0.3800000,0.1113000,0.0937000,0.8764000,-0.6020631,-0.8629132,1.4809946,0.0167412,0.0196694,1.0567598,19
1092,-3.4500000,-1.5200000,1.3000000,0.0478000,-0.0527000,0.5708000,-0.7565695,-0.5944695,1.3956804,0.0176574,0.0202815,1.0551284,19
1093,4.2900000,-5.8500000,0.5100000,-0.1137000,-0.0717000,1.3847000,-0.9706140,-0.3693253,1.2989350,0.0186983,0.0173699,1.0376577,19
1094,-1.8000000,6.1000000,-0.3400000,0.0576000,0.1430000,1.2055000,-0.9630414,-0.3382531,1.1723044,0.0154137,0.0130407,1.0343872,19
1095,-6.3800000,5.0000000,0.0800000,0.0576000,0.1430000,1.2055000,-0.9950946,-0.0632056,0.9951069,0.0132557,0.0163923,1.0496347,20
1096,3.5600000,-6.3400000,-0.2200000,-0.0781000,-0.0693000,1.1489000,-1.1566296,0.3142877,0.7934873,0.0127087,0.0244490,1.0707982,20
1097,2.1500000,2.3100000,-1.6800000,-0.0322000,0.1098000,1.4785000,-1.1092733,0.4232981,0.5594646,0.0087101,0.0299457,1.0984018,20
1098,-6.7500000,8.7800000,-1.1900000,0.1274000,0.0341000,0.4985000,-0.9674970,0.6009957,0.2686323,0.0051426,0.0347687,1.1203389,20
1099,2.6400000,-3.9000000,-0.9500000,-0.0551000,-0.0971000,0.8471000,-0.9737723,0.9874136,-0.0400912,0.0058054,0.0366936,1.1111365,20
1100,4.7800000,-1.4600000,-3.0200000,-0.1215000,-0.0004000,1.6191000,-0.8330945,1.1462810,-0.3575802,0.0036694,0.0317570,1.0925270,20
1101,-2.1100000,9.6400000,-2.6000000,0.1196000,0.0571000,0.7099000,-0.4733041,1.2127212,-0.7250761,-0.0015801,0.0252204,1.0891290,20
1102,-0.0300000,-0.4800000,-1.2500000,0.0639000,-0.0327000,0.6162000,-0.1938856,1.5061562,-1.0927118,-0.0011729,0.0206308,1.0728629,20
1103,5.8200000,-3.4100000,-2.6600000,-0.1767000,-0.0791000,1.5019000,0.0741997,1.6791958,-1.3965611,0.0006024,0.0142747,1.0454149,20
1104,2.2800000,6.5900000,-2.9000000,0.0556000,0.1123000,1.0966000,0.5191338,1.6410203,-1.6694343,-0.0030049,0.0074729,1.0385546,20
1105,-4.0600000,4.8800000,-1.5000000,0.0556000,0.1123000,1.0966000,0.8897161,1.7789288,-1.9103608,-0.0052758,0.0076877,1.0469575,21
1106,5.7600000,-3.2300000,-2.4100000,-0.1582000,-0.0952000,1.2514000,1.0543090,1.9879629,-2.0783063,-0.0061358,0.0120620,1.0594435,21
1107,4.6000000,2.3100000,-3.2700000,-0.0454000,0.0615000,1.3764000,1.3173800,1.9769882,-2.2116603,-0.0123439,0.0135652,1.0822736,21
1108,-3.8800000,7.8700000,-1.5600000,0.1503000,0.0249000,0.4843000,1.6027950,1.9971032,-2.3305930,-0.0173161,0.0144978,1.1001170,21
1109,2.3400000,-3.3500000,-1.0100000,-0.0668000,-0.0800000,0.9687000,1.6406200,2.1447953,-2.3682630,-0.0153303,0.0145600,1.0897350,21
1110,5.3900000,-1.2200000,-1.7400000,-0.1274000,0.0004000,1.5170000,1.6573984,2.0662149,-2.3090155,-0.0150484,0.0107249,1.0746367,21
1111,-2.9000000,7.2000000,-0.4000000,0.1333000,0.0883000,0.6923000,1.7402667,1.8781486,-2.1837334,-0.0174404,0.0075865,1.0729155,21
1112,-2.4100000,-1.3400000,-0.0900000,0.0317000,0.0214000,0.6904000,1.5969777,1.8444408,-1.9807760,-0.0141412,0.0089488,1.0577600,21
1113,3.6800000,-4.4500000,-1.6800000,-0.1728000,-0.0292000,1.4926000,1.2956516,1.6760578,-1.7368748,-0.0104092,0.0111501,1.0346778,21
1114,-3.3300000,5.3700000,-1.0100000,0.0644000,0.1123000,1.0092000,1.0308464,1.3356156,-1.5304910,-0.0121903,0.0131784,1.0308413,21
1115,-6.5600000,2.4400000,0.2600000,0.1054000,0.0439000,0.4868000,0.5866065,1.1853057,-1.3442636,-0.0111203,0.0182266,1.0258589,21
1116,2.3400000,-5.4900000,-0.6400000,-0.1157000,-0.0820000,1.3447000,-0.0288079,1.0892812,-1.1395312,-0.0063373,0.0223719,1.0070801,21
1117,-2.0500000,2.0700000,-0.1500000,-0.0268000,0.0288000,1.3076000,-0.5001183,0.8102508,-0.9401808,-0.0058294,0.0213997,1.0041839,21
1118,-7.4200000,5.2400000,1.8500000,0.1489000,0.0048000,0.4824000,-0.9465831,0.6443282,-0.7185233,-0.0054451,0.0186634,1.0108732,21
1119,-0.8300000,-4.5100000,1.4800000,-0.0561000,-0.0385000,1.0268000,-1.5127589,0.6476226,-0.4176221,-0.0004452,0.0154072,1.0002154,21
1120,0.0200000,-1.2800000,0.9300000,-0.1225000,0.0004000,1.5288000,-1.9363067,0.4960879,-0.0758111,0.0010740,0.0106391,0.9946642,21
1121,-8.2100000,6.2200000,2.1500000,0.1333000,0.1005000,0.6103000,-2.2331499,0.3419776,0.2597577,-0.0014079,0.0079876,1.0054845,21
1122,-0.4600000,-4.7600000,1.4800000,-0.1440000,-0.0078000,1.2094000,-2.5827397,0.3442000,0.5888675,-0.0028845,0.0095336,1.0111561,21
1123,-0.8900000,0.6700000,1.1800000,-0.0732000,0.0292000,1.3559000,-2.8007045,0.2651553,0.8789612,-0.0081768,0.0120507,1.0216294,21
1124,-7.0500000,3.6600000,2.9500000,0.1308000,0.0136000,0.5214000,-2.9020808,0.1979790,1.1307693,-0.0141195,0.0139864,1.0354979,21
1125,-1.1300000,-3.4700000,2.5800000,-0.0561000,-0.0341000,0.9428000,-3.0577083,0.2297679,1.3954335,-0.0141396,0.0145521,1.0283159,21
1126,1.9100000,-2.3100000,1.6100000,-0.1435000,-0.0795000,1.4882000,-3.0605009,0.1194317,1.6482866,-0.0155250,0.0110527,1.0193303,21
1127,-3.8800000,2.5600000,2.9500000,0.1225000,0.0869000,0.6489000,-2.8403305,-0.0719880,1.8537713,-0.0195967,0.0057876,1.0234238,21
1128,-0.9500000,-1.5800000,2.7700000,0.0278000,-0.0014000,0.7578000,-2.6075172,-0.1642697,2.0430964,-0.0180371,0.0038117,1.0150055,21
1129,2.2800000,-3.6000000,0.5100000,-0.1865000,-0.0825000,1.3950000,-2.3190230,-0.2946086,2.1811416,-0.0157565,0.0022703,0.9995542,21
1130,0.3200000,0.4200000,0.5700000,0.0395000,0.0605000,0.9531000,-1.8687740,-0.5224316,2.1820219,-0.0191676,-0.0010275,0.9997401,21
1131,-0.4600000,-0.7900000,0.4500000,0.0927000,-0.0156000,0.6215000,-1.3804759,-0.6978734,2.0494722,-0.0201127,-0.0026000,0.9983278,21
1132,3.1900000,-3.3500000,-1.3800000,-0.1352000,-0.0522000,1.2382000,-0.9043909,-0.8449068,1.8016276,-0.0173017,-0.0038597,0.9861952,21
1133,3.0100000,-1.8300000,-2.0500000,-0.0473000,-0.0102000,1.2392000,-0.3470557,-1.0585095,1.4103776,-0.0186277,-0.0069723,0.9862930,21
1134,0.5100000,-0.7300000,-1.2500000,0.1523000,0.0439000,0.5219000,0.2334826,-1.2659155,0.9109872,-0.0195381,-0.0089849,0.9922468,21
1135,4.7800000,-4.5700000,-1.5000000,-0.0449000,-0.0229000,1.0454000,0.7639898,-1.4550955,0.3960153,-0.0142868,-0.0084553,0.9832001,21
1136,4.6000000,-2.6200000,-2.4100000,-0.1342000,-0.0766000,1.3852000,1.3374804,-1.7103748,-0.0998312,-0.0112111,-0.0090130,0.9787054,21
1137,1.4200000,-1.5200000,-1.7400000,0.1250000,0.0883000,0.6752000,1.9071289,-1.9642428,-0.5716953,-0.0121196,-0.0104099,0.9873944,21
1138,4.2300000,-3.5400000,-1.6800000,0.0444000,-0.0087000,0.8940000,2.3536405,-2.1540340,-0.9804309,-0.0085113,-0.0086360,0.9865408,21
1139,3.6200000,-2.9300000,-2.5300000,-0.1284000,-0.0585000,1.3916000,2.7220608,-2.3342771,-1.3170488,-0.0037982,-0.0065554,0.9841585,21
1140,3.8000000,-1.3400000,-1.6200000,0.0947000,0.0117000,0.8334000,3.0463482,-2.4780511,-1.5950331,-0.0028342,-0.0069840,0.9941578,21
1141,2.2800000,-4.8200000,-1.0100000,0.1030000,0.0034000,0.7626000,3.2807321,-2.5806599,-1.7813494,0.0013055,-0.0073344,0.9974453,21
1142,4.5300000,-3.8400000,-1.7400000,-0.1137000,-0.0019000,1.3193000,3.4263767,-2.7367904,-1.8657902,0.0076111,-0.0066366,0.9932901,21
1143,2.7600000,-0.3600000,-1.5600000,-0.0014000,-0.0190000,1.0742000,3.5277089,-2.8753411,-1.8915655,0.0085174,-0.0060455,1.0007118,21
1144,0.3800000,-5.0600000,-1.3100000,0.1264000,0.1166000,0.6899000,3.5187748,-2.9264168,-1.8800549,0.0086132,-0.0036404,1.0085797,21
1145,4.0500000,-3.9000000,-2.0500000,-0.0205000,0.0434000,1.1225000,3.3824008,-3.0128839,-1.8467606,0.0126200,0.0033681,1.0044313,21
1146,0.6300000,-1.5200000,-1.6800000,-0.0439000,-0.0288000,1.2919000,3.2061765,-3.1151031,-1.8194416,0.0150094,0.0110990,1.0059696,21
1147,-2.5400000,-1.2800000,-1.0100000,0.1245000,0.0844000,0.6528000,2.8912225,-3.0954998,-1.7846938,0.0156614,0.0165754,1.0136886,21
1148,1.4800000,-5.3100000,-1.4400000,0.0629000,0.0092000,0.9833000,2.3973168,-3.0228379,-1.7222661,0.0202038,0.0217526,1.0091206,21
1149,-0.6400000,-0.9700000,-0.7600000,-0.0678000,-0.0317000,1.3320000,1.8835465,-2.9918739,-1.6372600,0.0251593,0.0247535,1.0044822,21
1150,-3.3300000,1.7000000,0.5100000,0.0825000,-0.0073000,0.8037000,1.3398664,-2.8431302,-1.5004187,0.0265131,0.0234544,1.0102049,21
1151,-1.7400000,-5.4300000,-0.0300000,0.0825000,0.0288000,0.8330000,0.7019865,-2.5795849,-1.2875024,0.0288605,0.0203857,1.0084844,21
1152,-0.0300000,-1.2200000,0.2000000,-0.0727000,0.0253000,1.3232000,0.0991181,-2.4117980,-1.0344644,0.0315581,0.0182981,1.0025401,21
1153,-4.6700000,3.7800000,1.3600000,0.0429000,-0.0209000,0.9599000,-0.4254344,-2.1925805,-0.7543318,0.0303514,0.0166642,1.0073463,21
1154,-4.0600000,-3.9000000,0.8100000,0.0732000,0.0566000,0.6987000,-0.9974000,-1.8268441,-0.4391593,0.0288724,0.0150830,1.0086677,21
1155,-1.8000000,1.4600000,0.2600000,-0.0878000,0.0083000,1.3891000,-1.5771227,-1.4969352,-0.1366736,0.0276429,0.0148775,1.0037258,21
1156,-4.6100000,4.6900000,1.7300000,0.0825000,-0.0131000,0.8408000,-2.0686560,-1.0905843,0.1297606,0.0242341,0.0147576,1.0066375,21
1157,-3.1500000,-3.6000000,0.8700000,0.0732000,0.0078000,0.7583000,-2.5023006,-0.5969566,0.3823971,0.0231215,0.0132924,1.0045375,21
1158,-0.6400000,-1.7700000,0.2600000,-0.0400000,-0.0234000,1.3554000,-2.8113637,-0.3183689,0.5886177,0.0243443,0.0108650,0.9970581,21
1159,-5.3400000,6.9500000,2.4000000,0.0278000,-0.0747000,1.0029000,-2.9799497,-0.1179364,0.7497078,0.0235946,0.0061520,1.0019770,21
1160,-2.6000000,0.1800000,2.5800000,0.0986000,0.0473000,0.7480000,-3.1282434,0.2673118,0.9462335,0.0235119,0.0001146,1.0071660,21
1161,-0.0300000,-1.7700000,0.6900000,0.0000000,0.0351000,1.1752000,-3.1843304,0.6041791,1.1619491,0.0260888,-0.0026622,1.0033731,21
1162,-4.1800000,6.5300000,1.6100000,-0.0405000,-0.0317000,1.1083000,-3.1018638,0.8353579,1.3188196,0.0268126,-0.0025060,1.0048208,21
1163,-3.3300000,1.9500000,2.7700000,0.0527000,0.0000000,0.7539000,-3.0351674,1.1824214,1.4476403,0.0245544,-0.0027729,1.0082882,21
1164,-0.6400000,-2.6800000,0.3800000,-0.0341000,0.0317000,1.0605000,-2.9791230,1.4656692,1.5651935,0.0217522,-0.0027213,1.0033512,21
1165,0.0800000,5.3000000,0.1400000,-0.0434000,0.0019000,1.2641000,-2.7948333,1.5675459,1.5885549,0.0170246,-0.0011582,1.0027073,21
1166,-3.6300000,6.3400000,1.9100000,0.0502000,-0.0429000,0.7143000,-2.5346629,1.7933471,1.5275380,0.0112051,-0.0002112,1.0081621,21
1167,0.1400000,-3.6000000,0.2000000,0.0195000,0.0136000,0.8774000,-2.3055708,2.0828981,1.4492390,0.0081089,-0.0009988,1.0023710,21
1168,1.7900000,0.3600000,-0.8900000,-0.0615000,0.0058000,1.3271000,-2.0047578,2.0912340,1.3111179,0.0060281,-0.0016225,0.9943734,21
1169,-3.2100000,7.8700000,1.6700000,-0.0273000,-0.0356000,0.8500000,-1.6405393,2.0288002,1.1190146,0.0015824,-0.0021010,0.9973600,21
1170,1.1200000,-1.8300000,0.6300000,0.0468000,0.0742000,0.7797000,-1.3456496,2.1123672,0.9677713,-0.0027878,-0.0020624,0.9956074,21
1171,2.3400000,-3.4100000,-2.1100000,-0.0488000,0.0175000,1.2465000,-1.0209068,2.0123360,0.8094951,-0.0050152,0.0007449,0.9879256,21
1172,-1.4400000,7.8700000,-0.2800000,0.0004000,-0.0488000,0.9707000,-0.6430560,1.7708580,0.5652322,-0.0070530,0.0036986,0.9888571,21
1173,0.6900000,-0.7300000,0.9300000,0.0600000,-0.0278000,0.7763000,-0.3460494,1.7066935,0.3282218,-0.0075524,0.0031288,0.9896307,21
1174,2.4000000,-4.9400000,-1.6200000,-0.0385000,0.0244000,1.1484000,-0.0807693,1.5579595,0.1490442,-0.0056212,0.0009053,0.9843665,21
1175,3.1300000,4.7600000,-1.0700000,-0.0063000,-0.0014000,1.1889000,0.2689756,1.2199248,-0.0457266,-0.0043989,-0.0001998,0.9875081,21
1176,-1.0700000,3.9000000,1.2400000,0.0292000,-0.0717000,0.6635000,0.6241100,1.0754318,-0.2175799,-0.0037015,-0.0018987,0.9943362,21
1177,2.7600000,-7.2600000,-1.0700000,-0.0175000,0.0541000,0.9746000,0.8770517,1.0028097,-0.3034910,-0.0022619,-0.0046573,0.9889380,21
1178,4.7200000,-2.1300000,-2.6600000,-0.0419000,0.0151000,1.4130000,1.1529842,0.6196113,-0.4057065,-0.0021150,-0.0050161,0.9868807,21
1179,-2.5400000,7.6200000,0.6300000,0.0209000,-0.0488000,0.6835000,1.4313360,0.2457458,-0.5543509,-0.0034655,-0.0041303,0.9963375,21
1180,4.1700000,-6.1000000,0.1400000,0.0405000,0.0361000,0.8188000,1.5713908,0.1270093,-0.6304564,-0.0032419,-0.0041622,0.9946394,21
1181,3.5600000,-6.8300000,-3.1500000,-0.0683000,0.0024000,1.3784000,1.7229603,-0.1884968,-0.6736068,-0.0021633,-0.0033302,0.9879459,21
1182,-0.7000000,6.4000000,-0.1500000,-0.0170000,-0.0249000,0.9047000,1.8944411,-0.6440183,-0.7738942,-0.0035691,-0.0022077,0.9942675,21
1183,3.9200000,-2.1300000,1.7900000,0.0512000,-0.0429000,0.7036000,1.9743404,-0.8073114,-0.8093825,-0.0052103,-0.0031240,0.9966012,21
1184,2.3400000,-9.6400000,-1.5600000,-0.0454000,0.0654000,1.2001000,2.0573687,-0.9978108,-0.7295666,-0.0050410,-0.0043705,0.9885704,21
1185,2.8300000,2.5000000,-0.8300000,-0.0273000,0.0234000,1.2387000,2.1748964,-1.4196068,-0.6631480,-0.0058710,-0.0025835,0.9912165,21
1186,-0.7700000,3.2900000,2.5800000,0.0468000,-0.0859000,0.5688000,2.2207587,-1.6031969,-0.5801307,-0.0070002,-0.0007017,0.9985658,21
1187,2.3400000,-10.3100000,0.2000000,-0.0429000,0.0600000,1.3281000,2.1446740,-1.6168549,-0.3893059,-0.0066920,-0.0012138,0.9974578,21
1188,-0.7700000,4.9400000,-0.5800000,-0.0200000,0.0043000,0.9648000,1.9866496,-1.7445598,-0.1874457,-0.0071417,-0.0006736,1.0007633,21
1189,1.7300000,-1.0900000,2.7000000,0.0532000,-0.0942000,0.6684000,1.7765169,-1.7168438,-0.0079791,-0.0074529,-0.0007871,1.0013378,21
1190,0.8100000,-10.0700000,-0.1500000,-0.0263000,0.1059000,1.2426000,1.5693261,-1.7079575,0.2015523,-0.0058468,-0.0023672,0.9924448,21
1191,0.9900000,2.3100000,-0.8900000,-0.0219000,0.0073000,1.2373000,1.3975363,-1.9450294,0.3500701,-0.0047747,-0.0006820,0.9951988,21
1192,-2.4700000,2.8600000,3.3100000,0.0600000,-0.0693000,0.5839000,1.1815164,-1.9928408,0.4449150,-0.0039065,0.0014819,1.0033979,21
1193,3.5000000,-9.1500000,2.4600000,0.0014000,0.0834000,1.1240000,0.9390189,-1.8859064,0.6344851,-0.0010375,0.0017886,0.9989261,21
1194,-0.7700000,-1.2200000,-1.8000000,0.0249000,0.0424000,1.3769000,0.7835716,-2.0004113,0.8342318,0.0026472,0.0046513,1.0003379,21
1195,-2.9600000,6.7100000,2.0300000,0.0634000,-0.0712000,0.6210000,0.6008448,-2.0111560,0.9131972,0.0070993,0.0080618,1.0112338,21
1196,2.8900000,-6.1600000,3.8000000,0.0366000,0.0014000,0.9956000,0.3590680,-1.7351806,1.0121866,0.0131660,0.0076212,1.0095773,21
1197,-1.9900000,-2.5000000,-0.7600000,0.0034000,0.0981000,1.3769000,0.1918281,-1.5816663,1.1725007,0.0188109,0.0073229,1.0075266,21
1198,-4.0600000,7.8100000,0.6900000,0.0175000,-0.0141000,0.7695000,-0.0342711,-1.4234282,1.2407749,0.0221432,0.0102286,1.0160280,21
1199,1.1800000,-2.0100000,4.3500000,0.0253000,-0.0585000,0.7983000,-0.3558714,-0.9844669,1.2847013,0.0237809,0.0114994,1.0144530,21
1200,-2.1700000,-4.5700000,0.5100000,-0.0493000,0.1269000,1.3969000,-0.6112646,-0.6395178,1.4084944,0.0232983,0.0113063,1.0075221,21
1201,-3.8200000,7.1400000,-0.8900000,0.0166000,0.0307000,0.9804000,-0.8661383,-0.4474437,1.4647135,0.0199785,0.0148130,1.0139704,21
1202,-1.2500000,2.8000000,3.5600000,0.0605000,-0.0922000,0.5576000,-1.1821441,-0.0370691,1.4290952,0.0171361,0.0178021,1.0152827,21
1203,0.6900000,-6.5300000,2.3400000,-0.0297000,0.0908000,1.3515000,-1.4029185,0.3538208,1.4635616,0.0161035,0.0170258,1.0037925,21
1204,-3.6300000,5.3700000,-1.6200000,-0.0039000,0.0356000,1.2231000,-1.5021030,0.4778875,1.5010456,0.0140914,0.0176706,1.0058330,21
1205,-1.6200000,6.4600000,1.9700000,-0.0039000,0.0356000,1.2231000,-1.6095288,0.7333569,1.4259911,0.0108374,0.0206331,1.0271741,22
1206,2.0300000,-5.8500000,3.2500000,-0.0175000,-0.0102000,1.1713000,-1.6463310,1.0881266,1.3751643,0.0072934,0.0228156,1.0555604,22
1207,-2.7800000,2.4400000,-2.0500000,-0.0390000,0.0742000,1.4233000,-1.5445070,1.1720124,1.3610299,0.0028701,0.0241780,1.0891651,22
1208,-1.9300000,7.8700000,-0.8900000,0.0732000,-0.0200000,0.5644000,-1.4647816,1.2702360,1.2076836,-0.0006452,0.0254833,1.1152491,22
1209,3.8000000,-2.1900000,2.3400000,0.0170000,-0.0541000,0.8916000,-1.3530154,1.5523225,0.9823930,-0.0003496,0.0238736,1.1115474,22
1210,-2.1700000,-1.4600000,-2.9000000,-0.0341000,0.1396000,1.4946000,-1.1023498,1.6493049,0.7768577,0.0013362,0.0211523,1.0970432,22
1211,-3.0200000,7.3800000,-4.5500000,0.0385000,-0.0014000,0.7919000,-0.9245262,1.6245996,0.4217619,0.0020550,0.0222005,1.0934552,22
1212,2.5200000,0.6000000,0.3800000,0.0463000,-0.0922000,0.6210000,-0.8504828,1.7574039,-0.0732296,0.0041423,0.0219850,1.0776094,22
1213,1.1200000,-3.2300000,-1.4400000,-0.0561000,0.0820000,1.4663000,-0.6716109,1.8088458,-0.4898465,0.0066545,0.0179960,1.0511743,22
1214,-2.7800000,5.6700000,-5.2200000,-0.0112000,-0.0009000,1.0405000,-0.4631733,1.6927115,-0.8727369,0.0061827,0.0154159,1.0420407,22
1215,1.0600000,1.4000000,-0.7000000,-0.0112000,-0.0009000,1.0405000,-0.3601649,1.6732400,-1.3008430,0.0035820,0.0141153,1.0446106,23
1216,5.1400000,-4.8200000,1.4200000,-0.0551000,-0.0288000,1.4013000,-0.1751936,1.5996391,-1.5753418,-0.0001552,0.0115146,1.0531747,23
1217,-3.8200000,4.1400000,-3.2100000,-0.0200000,0.0883000,1.3203000,0.1085389,1.3415887,-1.6463286,-0.0053793,0.0095202,1.0777605,23
1218,0.2600000,2.7400000,-1.3100000,-0.0200000,0.0883000,1.3203000,0.2368051,1.1928301,-1.6863268,-0.0106093,0.0122179,1.1146395,24
1219,5.5100000,-3.7200000,2.4000000,-0.0278000,-0.0654000,1.0366000,0.3444297,1.1200912,-1.6453973,-0.0148746,0.0169732,1.1491157,24
1220,-2.5400000,-0.4800000,-1.9200000,-0.0302000,0.0493000,1.1455000,0.5613143,0.8794274,-1.4554357,-0.0185400,0.0187961,1.1700730,24
1221,0.5100000,1.6400000,-0.2800000,-0.0302000,0.0493000,1.1455000,0.6741996,0.5933764,-1.2512267,-0.0217793,0.0201121,1.1793529,25
1222,4.2300000,-3.2300000,2.2200000,-0.0478000,-0.0615000,1.1684000,0.7468640,0.3536133,-1.0249633,-0.0248868,0.0210757,1.1830450,25
1223,-3.5100000,0.6700000,-1.5600000,-0.0346000,0.0800000,1.4472000,0.8431243,0.0880879,-0.7452933,-0.0281019,0.0201271,1.1893758,25
1224,-1.8600000,4.0200000,-0.6400000,-0.0346000,0.0800000,1.4472000,0.7437423,-0.0465060,-0.5369829,-0.0309511,0.0214868,1.2085487,26
1225,5.1400000,-4.5700000,3.9200000,0.0014000,-0.1049000,0.9892000,0.5782819,-0.0459469,-0.3385550,-0.0323485,0.0233459,1.2308188,26
1226,-0.5200000,-0.1800000,0.8700000,-0.0551000,0.1235000,1.6347000,0.5843668,-0.1483391,-0.0220229,-0.0323913,0.0225363,1.2478537,26
1227,-5.6500000,6.5900000,-1.8600000,0.0537000,0.0258000,0.5849000,0.5101959,-0.1687535,0.2590714,-0.0309233,0.0235786,1.2558085,26
1228,4.1100000,-3.7200000,2.3400000,0.0341000,-0.0649000,0.6826000,0.2667978,0.0180839,0.4082971,-0.0257623,0.0245662,1.2300595,26
1229,2.4600000,-2.1900000,1.7300000,-0.1015000,0.0620000,1.5532000,0.1902806,0.0754061,0.5625826,-0.0199731,0.0223825,1.1850885,26
1230,-5.5900000,5.7300000,-2.1100000,0.0112000,0.0629000,0.9370000,0.1950070,0.0585147,0.6904473,-0.0178228,0.0216342,1.1559580,26
1231,1.7900000,-1.4600000,0.8100000,0.0571000,-0.0605000,0.5112000,0.0431950,0.1998317,0.6832474,-0.0154538,0.0219729,1.1235094,26
1232,4.4700000,-3.4100000,3.0100000,-0.0708000,-0.0297000,1.3330000,-0.0082348,0.2623624,0.6743522,-0.0115964,0.0186616,1.0785655,26
1233,-2.9600000,3.9000000,-0.4000000,0.0014000,0.0908000,1.3139000,0.1154899,0.1934249,0.7436103,-0.0098598,0.0144544,1.0532921,26
1234,-2.4700000,1.5200000,0.3200000,0.0014000,0.0908000,1.3139000,0.1068364,0.2523660,0.7791032,-0.0092915,0.0154691,1.0584022,27
1235,5.8200000,-3.3500000,3.9900000,-0.0527000,-0.0703000,1.0415000,0.0509306,0.3419938,0.8242312,-0.0091547,0.0189361,1.0767338,27
1236,0.6300000,1.0900000,1.2400000,-0.0507000,0.1328000,1.6049000,0.2078009,0.2898622,0.9785561,-0.0114384,0.0213053,1.1024461,27
1237,-5.7100000,6.0400000,-1.2500000,-0.0507000,0.1328000,1.6049000,0.3192307,0.3309479,1.1037570,-0.0160972,0.0277027,1.1479856,28
1238,4.9600000,-3.7800000,2.0300000,0.0234000,-0.0756000,0.7939000,0.2479655,0.5192949,1.1108504,-0.0203768,0.0360631,1.1976104,28
1239,3.0700000,-0.1200000,1.3600000,-0.0810000,0.0698000,1.6054000,0.3285464,0.5654380,1.1099089,-0.0231896,0.0395603,1.2295911,28
1240,-4.8600000,6.6500000,-2.3500000,0.0727000,0.0756000,0.8569000,0.4791540,0.6024277,1.0683423,-0.0244542,0.0414288,1.2489620,28
1241,0.7500000,-1.4600000,-0.5800000,0.0815000,-0.0395000,0.5395000,0.4187625,0.8131330,0.8771331,-0.0203706,0.0429442,1.2385478,28
1242,4.8400000,-0.9700000,0.9300000,-0.1176000,-0.0375000,1.4140000,0.3761131,0.9383775,0.6322226,-0.0137433,0.0396449,1.1996491,28
1243,-1.9900000,4.2700000,-2.3500000,0.0473000,0.1450000,1.2377000,0.4880489,0.9607927,0.4028710,-0.0105257,0.0349565,1.1708173,28
1244,-4.3700000,1.4600000,-2.1100000,0.0473000,0.1450000,1.2377000,0.4501399,1.0793377,0.1053218,-0.0071285,0.0371246,1.1612396,29
1245,5.3900000,-1.8300000,1.3000000,-0.0732000,-0.0913000,1.1186000,0.2824204,1.1763066,-0.1998121,-0.0029973,0.0424355,1.1588473,29
1246,-0.3400000,1.4000000,-0.3400000,-0.0058000,0.1503000,1.5009000,0.2740715,1.1279343,-0.3764460,-0.0022137,0.0446960,1.1641497,29
1247,-6.5000000,4.7600000,-2.1100000,0.1035000,-0.0351000,0.5336000,0.2107505,1.1213775,-0.4894135,-0.0011578,0.0460537,1.1674982,29
1248,1.8500000,-1.8900000,0.6900000,-0.0024000,-0.0795000,0.8305000,-0.0775487,1.2084410,-0.6002717,0.0036050,0.0432369,1.1441119,29
1249,2.0300000,-0.2400000,0.8700000,-0.0805000,0.0649000,1.5820000,-0.2716842,1.1820627,-0.6203372,0.0067356,0.0353622,1.1130494,29
1250,-6.7500000,6.7100000,-2.2300000,0.1049000,0.0395000,0.7949000,-0.3912381,1.1573476,-0.5793558,0.0070274,0.0292744,1.0998996,29
1251,-2.4100000,-1.8300000,-0.8300000,0.0712000,-0.0068000,0.6088000,-0.7152417,1.2764690,-0.5952991,0.0106767,0.0257717,1.0790344,29
1252,3.6200000,-0.3000000,1.0600000,-0.1259000,-0.0478000,1.4438000,-1.0252469,1.3055538,-0.6145378,0.0145977,0.0210152,1.0483841,29
1253,-6.3800000,4.4500000,-1.7400000,0.1044000,0.0170000,0.5927000,-1.1728368,1.2598961,-0.5865462,0.0144093,0.0145612,1.0266290,29
1254,-0.3400000,-2.8600000,-0.6400000,0.0112000,-0.0522000,0.7475000,-1.3636661,1.2446802,-0.5829296,0.0150208,0.0079266,0.9980192,29
1255,2.5800000,1.0300000,0.7500000,-0.1098000,0.0034000,1.5546000,-1.4664802,1.1301120,-0.5793705,0.0145478,0.0013478,0.9726456,29
1256,-7.8500000,5.0600000,-2.1100000,0.0874000,0.0751000,0.8706000,-1.4754654,1.0514028,-0.5556493,0.0106456,-0.0023834,0.9731763,29
1257,-2.7800000,-1.5800000,-1.5000000,0.0717000,-0.0488000,0.5541000,-1.6820244,1.1086576,-0.5956127,0.0100331,-0.0024801,0.9726570,29
1258,3.3100000,0.1800000,1.3600000,-0.1279000,-0.0854000,1.3808000,-1.8822204,1.0980891,-0.6487083,0.0109009,-0.0045100,0.9616591,29
1259,-3.3300000,4.6900000,-0.2800000,0.0341000,0.1088000,1.2324000,-1.8491687,1.0727870,-0.6117700,0.0075693,-0.0076747,0.9686934,29
1260,-6.3800000,1.3400000,-1.8000000,0.1171000,-0.0063000,0.4897000,-1.8748320,1.1892875,-0.5590172,0.0059772,-0.0065594,0.9824537,29
1261,2.4000000,-1.0300000,1.0000000,-0.1054000,-0.0869000,1.0986000,-2.0156207,1.2957942,-0.5381165,0.0077476,-0.0051304,0.9788390,29
1262,0.9900000,2.6800000,1.1800000,-0.0493000,0.0947000,1.4790000,-1.9558432,1.2993702,-0.4537680,0.0053887,-0.0055169,0.9815525,29
1263,-7.2400000,3.4100000,-1.1900000,0.1201000,0.0219000,0.5126000,-1.8178236,1.3527261,-0.3196373,0.0017579,-0.0028232,0.9962062,29
1264,1.5400000,-2.6800000,0.8700000,-0.0454000,-0.0981000,0.8330000,-1.8232686,1.4152453,-0.2145623,0.0022102,-0.0000574,0.9925979,29
1265,3.7400000,1.5800000,2.8300000,-0.1245000,0.0112000,1.5839000,-1.6887264,1.3342197,-0.0620539,0.0004108,-0.0015546,0.9861086,29
1266,-5.2200000,4.6900000,0.8700000,0.0996000,0.0747000,0.7524000,-1.3904595,1.2789024,0.1893594,-0.0046885,-0.0024100,0.9981894,29
1267,-0.0900000,-2.3800000,0.6300000,0.0654000,-0.0600000,0.6044000,-1.2238312,1.3130011,0.4398254,-0.0047686,-0.0007446,0.9999193,29
1268,5.5100000,0.1200000,3.0100000,-0.1425000,-0.0429000,1.4658000,-1.0164401,1.2303967,0.6683579,-0.0026716,-0.0013880,0.9895275,29
1269,-1.9900000,5.3000000,1.6700000,0.0478000,0.0708000,1.1206000,-0.6222301,1.1420396,0.9283298,-0.0045623,-0.0031955,0.9968908,29
1270,-4.0600000,-0.6700000,-0.9500000,0.0478000,0.0708000,1.1206000,-0.3702279,1.1954655,1.1289373,-0.0053904,-0.0006938,1.0184840,30
1271,5.4500000,-1.4000000,0.7500000,-0.1459000,-0.0761000,1.2524000,-0.2724527,1.1851078,1.1773492,-0.0055387,0.0037037,1.0431831,30
1272,0.5700000,4.8200000,1.0600000,-0.0439000,0.0844000,1.3593000,-0.0390396,1.1103737,1.1461519,-0.0109708,0.0062868,1.0753310,30
1273,-4.4900000,0.8500000,-1.5600000,-0.0439000,0.0844000,1.3593000,0.1559715,1.1558004,1.0603784,-0.0191486,0.0109952,1.1166145,31
1274,3.3700000,-4.2700000,-1.1300000,-0.0629000,-0.0620000,0.9897000,0.1672923,1.1372731,0.8561176,-0.0267633,0.0169716,1.1551646,31
1275,3.6800000,2.9200000,1.1200000,-0.1289000,0.0551000,1.4931000,0.2802081,0.9382318,0.6021146,-0.0354940,0.0197524,1.1841293,31
1276,-3.8800000,2.6200000,-0.7000000,0.1108000,0.0805000,0.6689000,0.4676878,0.8193543,0.3990736,-0.0424575,0.0225339,1.2008638,31
1277,-0.0900000,-5.4900000,-2.4100000,0.0185000,-0.0263000,0.7392000,0.4666095,0.7309130,0.1827698,-0.0412796,0.0263194,1.1868266,31
1278,5.0800000,-0.1200000,0.1400000,-0.1611000,-0.0263000,1.5478000,0.4489187,0.4451674,-0.0786881,-0.0374751,0.0266650,1.1566920,31
1279,-2.7800000,5.3000000,0.1400000,0.0917000,0.0708000,0.8491000,0.5479172,0.2175063,-0.2800191,-0.0362822,0.0245819,1.1385125,31
1280,-2.9000000,-5.3700000,-2.7200000,0.0991000,-0.0024000,0.6093000,0.4995122,0.1566484,-0.4328399,-0.0301644,0.0235386,1.1128199,31
1281,4.6600000,-2.8600000,-1.3800000,-0.1196000,-0.0668000,1.3481000,0.3496132,-0.0616589,-0.6302371,-0.0203973,0.0209625,1.0755459,31
1282,-1.6800000,5.4900000,0.9300000,0.0214000,0.0507000,1.1552000,0.3205848,-0.3091842,-0.7975883,-0.0148785,0.0159131,1.0548238,31
1283,-5.2200000,-2.3100000,-1.6200000,0.1015000,0.0332000,0.5800000,0.1974869,-0.3264128,-0.8637413,-0.0096477,0.0127580,1.0419193,31
1284,1.6700000,-5.6700000,-2.4700000,-0.0600000,-0.0263000,1.0717000,-0.1071981,-0.4076406,-0.9327798,-0.0022161,0.0115332,1.0179624,31
1285,1.1200000,3.2900000,0.5700000,-0.0605000,-0.0429000,1.3754000,-0.3092601,-0.6350527,-1.0224236,0.0011415,0.0085699,1.0031388,31
1286,-6.8700000,1.3400000,0.0800000,0.0781000,-0.0019000,0.6860000,-0.4734557,-0.6847003,-1.0228863,0.0011367,0.0036915,1.0035920,31
1287,2.6400000,-5.1200000,-1.6800000,-0.0800000,-0.0405000,1.2348000,-0.7411605,-0.6444666,-0.9600902,0.0013576,-0.0014851,1.0032366,31
1288,-1.0700000,5.4900000,2.1500000,-0.0048000,-0.0629000,1.2001000,-0.9067351,-0.6353747,-0.8653826,-0.0003510,-0.0076140,1.0098923,31
1289,-6.2600000,-1.8300000,1.0000000,0.0952000,0.0541000,0.6362000,-1.0557657,-0.4975658,-0.6624208,-0.0013062,-0.0131865,1.0188129,31
1290,1.4200000,-7.4400000,-1.8600000,-0.0473000,-0.0415000,0.9956000,-1.3109479,-0.4818784,-0.4330455,0.0009637,-0.0156247,1.0123405,31
1291,3.1300000,1.7600000,0.8100000,-0.0458000,-0.0815000,1.3696000,-1.3751207,-0.7333526,-0.2895065,0.0014343,-0.0181506,1.0071378,31
1292,-5.7100000,3.7800000,1.7900000,0.0996000,0.0566000,0.6640000,-1.2662455,-0.8385349,-0.1430612,0.0008316,-0.0212827,1.0112369,31
1293,0.8100000,-6.5300000,-2.2900000,0.0092000,-0.0668000,0.8901000,-1.2449200,-0.7825987,0.0045293,0.0036438,-0.0222867,1.0046828,31
1294,3.8000000,-2.4400000,-1.1900000,-0.0703000,-0.0292000,1.3984000,-1.1370582,-0.9192322,0.0188911,0.0061127,-0.0232732,0.9969420,31
1295,-1.3200000,8.6000000,2.8900000,0.0688000,-0.0200000,0.8154000,-0.8341461,-0.9894514,-0.0091639,0.0059478,-0.0249523,1.0023110,31
1296,-2.2900000,-4.6300000,0.0200000,0.0322000,-0.0229000,0.8051000,-0.5955572,-0.7515561,0.0661634,0.0073626,-0.0258744,1.0022410,31
1297,4.7800000,-4.9400000,-1.9200000,-0.1054000,-0.0014000,1.3041000,-0.4171881,-0.6510733,0.1294438,0.0082368,-0.0257368,0.9965875,31
1298,1.7900000,8.6000000,2.5800000,0.0346000,-0.0419000,1.0053000,-0.0873213,-0.6530182,0.1347267,0.0052438,-0.0249387,1.0016427,31
1299,-3.0200000,-1.0900000,2.7700000,0.0795000,0.0356000,0.7714000,0.2384992,-0.3774752,0.2479929,0.0037726,-0.0234195,1.0064820,31
1300,3.1300000,-5.2400000,-0.7600000,-0.0678000,0.0039000,1.1079000,0.4058119,-0.1467330,0.4485278,0.0050524,-0.0198970,1.0021564,31
1301,4.6000000,4.3900000,2.2800000,0.0034000,-0.0595000,1.2060000,0.6379715,-0.1311571,0.6120037,0.0044090,-0.0163629,1.0030890,31
1302,-1.4400000,5.6100000,4.5400000,0.0996000,0.0292000,0.7485000,0.9543248,0.0731316,0.8351801,0.0044173,-0.0145069,1.0088294,31
1303,-1.0700000,-5.0000000,-0.2800000,0.0024000,-0.0039000,0.9448000,1.0936085,0.4113621,1.1337454,0.0081849,-0.0122516,1.0047283,31
1304,6.0600000,-0.7900000,-0.5200000,-0.0532000,-0.0278000,1.2656000,1.1448917,0.4912088,1.3036415,0.0109720,-0.0099495,0.9997843,31
1305,0.5100000,7.5600000,3.8600000,0.0834000,0.0292000,0.8784000,1.3179728,0.5226398,1.3588904,0.0114644,-0.0082822,1.0037483,31
1306,-2.5400000,-1.8900000,0.7500000,0.0253000,0.0332000,0.8676000,1.4142799,0.7506497,1.4448227,0.0136488,-0.0052663,1.0037803,31
1307,5.0200000,-5.0000000,-2.4700000,-0.0683000,0.0205000,1.2177000,1.3714701,0.8120802,1.4419089,0.0152728,-0.0005773,1.0001091,31
1308,-0.8300000,7.4400000,1.6100000,0.0190000,-0.0571000,0.8930000,1.3677951,0.6968706,1.2723915,0.0132337,0.0028198,1.0016822,31
1309,-1.8600000,0.1200000,2.5800000,0.0600000,0.0151000,0.8188000,1.2856834,0.7678324,1.1283332,0.0114593,0.0031935,0.9989911,31
1310,1.1800000,-7.8100000,-2.1700000,-0.0776000,0.0424000,1.1650000,1.0620567,0.7490503,1.0376818,0.0106339,0.0034879,0.9912329,31
1311,2.5200000,3.4700000,0.2600000,-0.0229000,-0.0458000,1.0693000,0.8939664,0.4352278,0.8660568,0.0068783,0.0044830,0.9913417,31
1312,-2.0500000,2.9900000,3.5000000,0.0659000,0.0292000,0.8344000,0.7980936,0.2415705,0.7235657,0.0027624,0.0043594,0.9948785,31
1313,-2.1700000,-7.4400000,-1.3100000,-0.0532000,0.0561000,0.9384000,0.5971793,0.1383295,0.6935483,0.0010193,0.0053097,0.9910613,31
1314,4.6000000,-2.6800000,-1.9900000,-0.0488000,0.0092000,1.1791000,0.3843998,-0.2316114,0.5962889,-0.0019739,0.0085172,0.9871280,31
1315,-1.1300000,4.2700000,2.2800000,0.0346000,0.0126000,0.9077000,0.3355451,-0.6215785,0.4255586,-0.0060687,0.0116393,0.9897426,31
1316,-3.0900000,-3.9000000,-0.6400000,-0.0341000,0.0629000,0.8974000,0.2621940,-0.7823876,0.3206348,-0.0084826,0.0146608,0.9900724,31
1317,2.8900000,-7.1400000,-4.7900000,-0.0400000,0.0629000,1.2324000,0.1053188,-1.0369604,0.1514680,-0.0108274,0.0194637,0.9897740,31
1318,0.3800000,4.9400000,-0.0900000,0.0302000,-0.0590000,0.8808000,0.0579019,-1.3828322,-0.1762548,-0.0131464,0.0235852,0.9952844,31
1319,-1.5000000,-2.2500000,1.3000000,-0.0292000,0.0332000,1.0078000,0.0660188,-1.4837291,-0.4459871,-0.0137544,0.0238941,0.9992335,31
1320,3.8600000,-4.5700000,-3.8200000,-0.0380000,0.0117000,1.1557000,0.0908244,-1.5121907,-0.6094619,-0.0143689,0.0225563,1.0028742,31
1321,-0.2200000,5.9100000,1.6700000,0.0214000,-0.0898000,0.8818000,0.2199375,-1.5190219,-0.7591358,-0.0152917,0.0192195,1.0090150,31
1322,-1.9900000,-3.3500000,1.4200000,0.0136000,0.0771000,0.9755000,0.3137953,-1.3230497,-0.7752671,-0.0142856,0.0137119,1.0101165,31
1323,2.5800000,-6.8300000,-3.1500000,-0.0346000,0.0424000,1.1420000,0.3162478,-1.2441127,-0.6960196,-0.0122115,0.0112229,1.0095041,31
1324,1.4200000,4.2700000,0.5100000,0.0078000,-0.0620000,0.9023000,0.3845981,-1.3494046,-0.6770448,-0.0108603,0.0107314,1.0115974,31
1325,-0.2800000,-0.3000000,2.8900000,0.0053000,0.0405000,0.9335000,0.5007671,-1.2802138,-0.5952225,-0.0093964,0.0087287,1.0096003,31
1326,-0.1600000,-7.4400000,-2.9000000,-0.0566000,0.0292000,1.1582000,0.5491022,-1.2087085,-0.4268468,-0.0084698,0.0077110,1.0060921,31
1327,2.5200000,1.4600000,-2.1700000,0.0068000,0.0004000,1.0000000,0.5745508,-1.3412925,-0.3865922,-0.0092256,0.0084332,1.0083716,31
1328,0.4500000,3.7200000,3.0100000,0.0253000,-0.0512000,0.8100000,0.6517610,-1.3346415,-0.4146712,-0.0093247,0.0077931,1.0085224,31
1329,-1.6800000,-8.2400000,-0.7000000,-0.0390000,0.0537000,1.1098000,0.6838668,-1.2099045,-0.3361051,-0.0082696,0.0057865,1.0025080,31
1330,4.0500000,-2.9900000,-2.7200000,-0.0312000,-0.0068000,1.1196000,0.6724155,-1.3490214,-0.2810087,-0.0086136,0.0050268,1.0014456,31
1331,-1.0100000,7.0100000,2.6400000,0.0195000,-0.1171000,0.7299000,0.7197047,-1.4746738,-0.2933899,-0.0097871,0.0025894,1.0022327,31
1332,-0.0300000,-6.7100000,2.2200000,-0.0058000,0.0878000,1.1147000,0.7323841,-1.3500354,-0.1817631,-0.0097133,-0.0022587,0.9964146,31
1333,1.3600000,-5.1200000,-3.0200000,-0.0175000,0.0371000,1.1645000,0.6875053,-1.3932065,-0.0140310,-0.0090785,-0.0032666,0.9954576,31
1334,0.7500000,4.5100000,0.8100000,0.0395000,-0.0659000,0.7202000,0.6725793,-1.5588104,0.0342206,-0.0079681,-0.0017205,0.9985003,31
1335,1.9100000,-3.3500000,3.8000000,0.0034000,0.0292000,1.0361000,0.7047735,-1.5287502,0.1106178,-0.0053125,-0.0019062,0.9933624,31
1336,-1.6200000,-5.8500000,-2.3500000,-0.0649000,0.0537000,1.2226000,0.7280504,-1.5481316,0.2724341,-0.0035561,-0.0009444,0.9909016,31
1337,2.3400000,1.0900000,-1.7400000,0.0239000,0.0102000,0.8872000,0.7047764,-1.7165588,0.3013096,-0.0042025,0.0026967,0.9974551,31
1338,1.6000000,2.7400000,3.7400000,0.0415000,-0.0483000,0.7973000,0.7268210,-1.7053604,0.2536495,-0.0037894,0.0053333,0.9977314,31
1339,-1.7400000,-7.7500000,0.2000000,-0.0380000,0.0566000,1.2583000,0.7588881,-1.5848791,0.3220013,-0.0018363,0.0059974,0.9928712,31
1340,2.2800000,-2.5000000,-2.4100000,-0.0092000,0.0078000,1.0810000,0.7265236,-1.6867616,0.3747155,-0.0013138,0.0074016,0.9982578,31
1341,0.2600000,6.3400000,3.7400000,0.0664000,-0.1005000,0.6713000,0.7092592,-1.7453351,0.3607483,-0.0006724,0.0071393,1.0036920,31
1342,-0.2800000,-6.1000000,3.9900000,-0.0073000,0.0986000,1.1772000,0.6918195,-1.5607524,0.5047656,0.0021288,0.0044976,0.9988634,31
1343,-0.5200000,-4.8200000,-1.9900000,-0.0444000,0.0664000,1.2016000,0.6085899,-1.5314797,0.7519929,0.0039029,0.0057176,1.0004229,31
1344,0.6900000,4.6300000,1.5400000,0.0527000,-0.0649000,0.6689000,0.4936678,-1.6128027,0.8812715,0.0038556,0.0093847,1.0063959,31
1345,2.2800000,-2.3100000,5.2100000,0.0219000,0.0292000,1.0629000,0.4433661,-1.4926198,1.0199142,0.0051804,0.0102958,1.0017257,31
1346,-3.3900000,-6.0400000,-1.0100000,-0.0249000,0.0986000,1.2539000,0.4128429,-1.4167357,1.2468125,0.0070519,0.0119027,0.9995679,31
1347,1.4800000,1.5200000,-1.1300000,0.0517000,-0.0170000,0.8574000,0.2994500,-1.5127289,1.3335451,0.0081636,0.0161826,1.0068164,31
1348,0.7500000,2.9900000,4.4100000,0.0507000,-0.0590000,0.8261000,0.2090961,-1.4529725,1.3049379,0.0108156,0.0177399,1.0067966,31
1349,-2.4700000,-6.2800000,0.3800000,-0.0048000,0.1323000,1.2592000,0.1445925,-1.2734236,1.3438332,0.0146260,0.0172594,1.0015946,31
1350,1.1200000,-1.6400000,-3.7600000,0.0332000,-0.0009000,1.0322000,0.0299516,-1.2811056,1.2891416,0.0173870,0.0196758,1.0056956,31
1351,0.3200000,5.3700000,2.0300000,0.0600000,-0.1132000,0.6430000,-0.0441722,-1.2672661,1.0478778,0.0202032,0.0199924,1.0071975,31
1352,1.1200000,-4.4500000,2.4000000,0.0009000,0.1044000,1.2734000,-0.0303230,-1.0631987,0.8631884,0.0234812,0.0161211,0.9993805,31
1353,1.3000000,0.8500000,-3.1500000,0.0546000,-0.0258000,0.8750000,0.0585169,-0.9007327,0.7493014,0.0260349,0.0137450,0.9957182,31
1354,2.2800000,3.2300000,2.9500000,0.0375000,-0.0722000,0.7636000,0.2312939,-0.7145359,0.5969866,0.0285456,0.0107273,0.9894356,31
1355,-0.2800000,-2.8000000,0.8700000,-0.0185000,0.0869000,1.3251000,0.4355893,-0.4471411,0.5240431,0.0300939,0.0062572,0.9807782,31
1356,-1.1300000,-1.2200000,-4.9800000,0.0224000,0.0371000,1.0302000,0.5434712,-0.3118260,0.4293383,0.0291293,0.0056732,0.9856870,31
1357,3.1300000,2.7400000,0.0800000,0.0561000,-0.0869000,0.6000000,0.5808517,-0.2501998,0.1531578,0.0278254,0.0063330,0.9896938,31
1358,2.6400000,-1.0300000,2.4600000,-0.0112000,0.0209000,1.2753000,0.7142117,-0.1257070,-0.0836714,0.0272322,0.0039218,0.9831603,31
1359,-4.0000000,-2.3800000,-4.1800000,-0.0361000,0.0864000,1.2148000,0.8309348,-0.0699067,-0.2123722,0.0246158,0.0028898,0.9876613,31
1360,4.4100000,1.7600000,-2.1100000,0.0786000,-0.0688000,0.5961000,0.8199644,-0.1094391,-0.4387218,0.0208640,0.0045042,0.9975844,31
1361,2.5200000,-0.0600000,3.3800000,0.0493000,-0.0659000,1.0639000,0.8944698,-0.1043117,-0.6494659,0.0202038,0.0028260,0.9935165,31
1362,-3.0200000,-1.8300000,-1.0700000,-0.0458000,0.1342000,1.3403000,0.9995341,-0.0964593,-0.6605547,0.0207964,0.0001891,0.9927177,31
1363,2.7000000,0.9700000,-3.5100000,0.0585000,-0.0419000,0.7705000,0.9701529,-0.1389035,-0.6601912,0.0198311,0.0017081,1.0031334,31
1364,2.2800000,0.1200000,2.4000000,0.0332000,-0.0600000,0.8422000,0.9669620,-0.1503474,-0.7211969,0.0197156,0.0023523,1.0040088,31
1365,-1.6200000,0.4200000,0.8700000,-0.0561000,0.1220000,1.3305000,1.0005063,-0.1128731,-0.6590067,0.0194395,0.0017752,0.9999383,31
1366,-1.5600000,-0.1200000,-4.2400000,0.0092000,0.0097000,0.9589000,0.8910357,-0.0629015,-0.5681890,0.0162989,0.0051526,1.0066131,31
1367,3.0700000,0.0600000,0.7500000,0.0507000,-0.0522000,0.6665000,0.7157074,-0.0209789,-0.6020702,0.0132364,0.0086962,1.0086517,31
1368,0.2000000,1.6400000,3.0700000,-0.0278000,0.0444000,1.2358000,0.6417636,0.0405302,-0.5688061,0.0118719,0.0092601,0.9997788,31
1369,-5.5900000,-0.9100000,-2.6600000,-0.0390000,0.0683000,1.1904000,0.5002078,0.1255258,-0.4168253,0.0091614,0.0109846,1.0007033,31
1370,1.3600000,0.3600000,-1.3100000,0.0395000,-0.0400000,0.6201000,0.1760353,0.1735689,-0.3573639,0.0053555,0.0140400,1.0059934,31
1371,1.0600000,0.1800000,3.0700000,0.0068000,-0.0048000,1.1406000,-0.0823656,0.1902373,-0.3349043,0.0034242,0.0145403,1.0002931,31
1372,-6.4400000,0.6700000,-1.3800000,-0.0297000,0.1103000,1.2915000,-0.3009215,0.2135610,-0.2243081,0.0023805,0.0149121,1.0004857,31
1373,-1.3200000,1.0300000,-3.2700000,0.0615000,-0.0332000,0.6816000,-0.6808140,0.2625762,-0.1948044,0.0016986,0.0176199,1.0087080,31
1374,1.1800000,-0.9700000,2.6400000,0.0278000,-0.0893000,0.8842000,-1.0284252,0.3082652,-0.2662730,0.0035569,0.0170293,1.0040214,31
1375,-4.5500000,1.3400000,1.6700000,-0.0541000,0.1074000,1.4311000,-1.2392418,0.3214398,-0.2168121,0.0057283,0.0131858,0.9983047,31
1376,-5.5900000,2.0700000,-2.9600000,0.0034000,0.0063000,0.8862000,-1.5462230,0.3799821,-0.1070212,0.0051143,0.0123084,1.0074792,31
1377,2.2200000,-1.6400000,1.3000000,0.0585000,-0.0698000,0.6152000,-1.8902188,0.4641231,-0.0872552,0.0045346,0.0117652,1.0091214,31
1378,-0.8300000,0.6000000,3.3800000,-0.0209000,0.0483000,1.3588000,-1.9987582,0.4685517,-0.0069170,0.0057968,0.0087645,0.9989061,31
1379,-6.0800000,2.9900000,-2.0500000,-0.0244000,0.0371000,1.1220000,-2.0186632,0.4849641,0.1658647,0.0059860,0.0074193,1.0015763,31
1380,1.7300000,-0.9100000,-0.8300000,0.0917000,-0.0444000,0.5800000,-2.0954018,0.5704041,0.2322249,0.0060683,0.0075290,1.0068335,31
1381,2.2200000,0.0000000,3.6200000,0.0058000,-0.0273000,1.1406000,-1.9843207,0.6028762,0.2543221,0.0089434,0.0054080,0.9980601,31
1382,-4.0600000,4.2700000,-0.3400000,-0.0405000,0.0791000,1.3525000,-1.7112954,0.6427512,0.3699697,0.0113300,0.0032136,0.9968809,31
1383,0.2600000,1.6400000,-2.2900000,0.0791000,-0.0498000,0.6528000,-1.5119861,0.8211393,0.4274737,0.0120289,0.0031768,1.0063848,31
1384,5.4500000,-1.0300000,3.1300000,0.0527000,-0.0869000,0.8637000,-1.2243365,1.0005274,0.3940643,0.0149330,0.0007410,1.0023633,31
1385,-1.0100000,3.7200000,2.1500000,-0.0400000,0.0234000,1.2465000,-0.7376506,1.1014776,0.4638908,0.0184980,-0.0049014,0.9920972,31
1386,1.7300000,0.6000000,-0.7600000,0.0800000,-0.0419000,0.5825000,-0.2626257,1.2185210,0.6053642,0.0203568,-0.0097732,0.9849268,31
1387,6.0600000,-0.1200000,4.1700000,0.0146000,-0.0478000,0.9970000,0.2340394,1.2920991,0.7438676,0.0226168,-0.0142857,0.9696597,31
1388,-1.3200000,5.0600000,1.7900000,-0.0537000,0.1323000,1.4296000,0.7854197,1.3443416,0.9611206,0.0233640,-0.0161366,0.9624279,31
1389,-1.7400000,3.1700000,-1.5600000,0.0253000,-0.0478000,0.7265000,1.1096929,1.5343498,1.1475621,0.0206107,-0.0126333,0.9725107,31
1390,7.1000000,-2.0700000,2.7700000,0.0781000,-0.0527000,0.7226000,1.2747123,1.7203300,1.2038691,0.0186954,-0.0096929,0.9732567,31
1391,1.7900000,4.0800000,3.3800000,-0.0371000,0.0947000,1.4604000,1.5643336,1.7638679,1.2910842,0.0188652,-0.0082033,0.9684949,31
1392,-4.4900000,5.7300000,-2.0500000,-0.0190000,-0.0004000,1.0708000,1.7487305,1.8874788,1.3935261,0.0171553,-0.0038515,0.9823153,31
1393,4.1100000,-1.0300000,-0.4000000,0.0986000,-0.0307000,0.5400000,1.6646553,2.1065388,1.3247872,0.0151525,0.0005181,0.9954516,31
1394,3.0100000,2.1300000,3.0100000,-0.0170000,0.0205000,1.2656000,1.6123680,2.1942912,1.1774901,0.0158882,0.0024496,0.9925214,31
1395,-5.1600000,5.9100000,-1.1900000,-0.0527000,0.1196000,1.2709000,1.5491206,2.2578584,1.0773982,0.0153226,0.0061003,0.9981133,31
1396,1.1800000,-0.0600000,-2.0500000,0.0522000,-0.0170000,0.5825000,1.2609996,2.3962037,0.8981347,0.0123192,0.0128259,1.0096818,31
1397,2.6400000,-0.7300000,2.5200000,-0.0336000,-0.0205000,0.9687000,0.9716989,2.3940581,0.6553826,0.0097667,0.0174165,1.0043659,31
1398,-3.4500000,4.9400000,0.6300000,-0.0849000,0.1796000,1.4301000,0.7685465,2.2690442,0.5197457,0.0053388,0.0214036,0.9996017,31
1399,-4.6100000,2.3100000,-2.9600000,0.0151000,-0.0175000,0.7407000,0.3983749,2.2367416,0.4074702,-0.0017116,0.0286922,1.0080176,31
1400,3.4400000,-3.9000000,1.3000000,0.0312000,-0.0161000,0.7207000,-0.0564075,2.1500109,0.2225960,-0.0065679,0.0336424,1.0053844,31
1401,-1.5600000,2.9200000,1.9100000,-0.0659000,0.1259000,1.3774000,-0.3292924,1.8700540,0.1172740,-0.0089219,0.0356451,0.9944164,31
1402,-7.8500000,2.9200000,-3.2700000,-0.0483000,0.0180000,1.0083000,-0.6290820,1.6378805,0.0774587,-0.0127053,0.0391611,0.9975469,31
1403,3.1900000,-3.4700000,-1.4400000,0.0639000,-0.0332000,0.6171000,-1.0533892,1.4636400,-0.0762054,-0.0160914,0.0408549,0.9999747,31
1404,-0.8900000,1.0900000,1.9700000,-0.0444000,0.0229000,1.2451000,-1.2882936,1.1754671,-0.2525847,-0.0162654,0.0381471,0.9912430,31
1405,-7.2400000,4.6300000,-2.2300000,-0.0625000,0.1152000,1.2436000,-1.4525429,0.9632961,-0.3399924,-0.0168257,0.0359126,0.9933937,31
1406,-1.6200000,-1.4600000,-3.2700000,0.0390000,-0.0644000,0.5864000,-1.7824130,0.9283761,-0.4844189,-0.0184522,0.0353882,1.0017044,31
1407,1.2400000,-3.2300000,1.6700000,-0.0600000,-0.0317000,1.0312000,-2.0363587,0.8008737,-0.6807239,-0.0189068,0.0312993,0.9958035,31
1408,-5.2200000,4.6900000,-0.3400000,-0.0800000,0.1484000,1.3774000,-2.1232028,0.5898936,-0.7573620,-0.0209129,0.0265762,0.9928822,31
1409,-6.7500000,0.5400000,-4.0000000,-0.0112000,-0.0380000,0.7099000,-2.3286660,0.5415508,-0.8061234,-0.0251628,0.0259730,1.0015398,31
1410,3.9900000,-6.3400000,0.2600000,-0.0004000,-0.0742000,0.7797000,-2.5691982,0.4555938,-0.9349115,-0.0279316,0.0234635,0.9984714,31
1411,-1.3200000,1.2800000,1.9100000,-0.0390000,0.1308000,1.3950000,-2.5188789,0.1457604,-0.9739362,-0.0284878,0.0188525,0.9898843,31
1412,-8.8800000,2.4400000,-2.3500000,-0.0336000,-0.0009000,0.9589000,-2.4354841,-0.0915729,-0.8859809,-0.0288053,0.0181263,0.9958057,31
1413,3.6800000,-6.5300000,-0.7000000,0.0273000,-0.0957000,0.6450000,-2.4956316,-0.2438614,-0.8284876,-0.0282795,0.0168731,0.9990928,31
1414,0.8700000,-2.2500000,2.8900000,-0.0258000,0.0522000,1.3007000,-2.3467788,-0.5804146,-0.7423306,-0.0257669,0.0119003,0.9922283,31
1415,-7.4800000,5.6100000,-0.7600000,-0.0244000,0.0742000,1.1381000,-2.1041587,-0.8584887,-0.5406796,-0.0230636,0.0094199,0.9961722,31
1416,-0.8900000,-4.4500000,-2.3500000,0.0371000,-0.0991000,0.6318000,-2.0803684,-0.8770897,-0.3875974,-0.0202301,0.0091108,1.0032005,31
1417,4.1700000,-5.6100000,2.4600000,-0.0258000,-0.0561000,1.0981000,-2.0002116,-0.9973018,-0.3185310,-0.0163057,0.0045636,0.9974053,31
1418,-4.7900000,5.7300000,1.4800000,-0.0146000,0.0454000,0.9462000,-1.7346973,-1.1939120,-0.1673088,-0.0130633,-0.0020512,0.9893622,31
1419,1.3600000,-6.8300000,-1.2500000,0.0097000,-0.1181000,0.6572000,-1.5063927,-1.2437789,0.0268659,-0.0108442,-0.0078037,0.9779829,31
1420,4.1100000,-4.8800000,3.3100000,-0.0419000,0.0019000,1.1884000,-1.1979853,-1.4331120,0.1952329,-0.0092949,-0.0146600,0.9613876,31
1421,-4.9200000,5.4300000,0.9300000,0.0014000,0.1010000,1.2163000,-0.8103610,-1.6635445,0.4140567,-0.0090146,-0.0181467,0.9588729,31
1422,-4.6700000,-4.1500000,-2.6600000,0.0297000,-0.0522000,0.6420000,-0.7055255,-1.6409420,0.5715464,-0.0082994,-0.0158785,0.9658459,31
1423,8.0700000,-7.9300000,1.6700000,0.0004000,-0.1196000,0.9389000,-0.7059278,-1.7115237,0.5720116,-0.0059449,-0.0156184,0.9617991,31
1424,0.0200000,1.8900000,2.6400000,0.0307000,0.1401000,1.3823000,-0.4187183,-1.9832093,0.5930351,-0.0027282,-0.0172355,0.9603063,31
1425,-6.9900000,0.8500000,-2.1700000,-0.0078000,-0.0131000,0.7880000,-0.1783856,-2.0644123,0.6548764,0.0006385,-0.0139258,0.9724086,31
1426,7.1600000,-8.7200000,-1.1900000,0.0117000,-0.1469000,0.7680000,-0.1464844,-2.0536784,0.5838890,0.0032847,-0.0113472,0.9768901,31
1427,4.4100000,-2.1900000,2.4000000,0.0073000,0.0761000,1.3530000,0.1215218,-2.2589806,0.4482761,0.0051779,-0.0134170,0.9751339,31
1428,-4.7900000,5.4300000,-1.0100000,0.0488000,0.0454000,0.9916000,0.5083786,-2.3632192,0.3775057,0.0074844,-0.0126485,0.9853560,31
1429,0.8100000,-7.4400000,-2.6600000,0.0268000,-0.1362000,0.6679000,0.6280865,-2.2155248,0.2560006,0.0110074,-0.0105229,0.9931707,31
1430,8.9300000,-5.6100000,1.8500000,-0.0493000,-0.0136000,1.2099000,0.7700852,-2.2452754,0.0675343,0.0134490,-0.0131464,0.9894387,31
1431,-1.6800000,5.3000000,0.5700000,0.0581000,0.1513000,1.2368000,1.1405091,-2.3522990,-0.0264300,0.0136594,-0.0140159,0.9944107,31
1432,-3.9400000,-1.8300000,-3.3300000,0.0322000,-0.0683000,0.6250000,1.3191959,-2.1685071,-0.0913993,0.0146873,-0.0090152,1.0042442,31
1433,8.9900000,-8.6000000,-0.0900000,-0.0283000,-0.0874000,1.0561000,1.3163738,-2.0162084,-0.2498402,0.0160586,-0.0065438,1.0010299,31
1434,2.0900000,3.1700000,1.7900000,0.0639000,0.1430000,1.3974000,1.5327597,-2.0750846,-0.3659294,0.0164412,-0.0064435,1.0015889,31
1435,-6.6300000,4.6300000,-2.1700000,0.0644000,0.0258000,0.7270000,1.6797525,-1.8985486,-0.3844769,0.0186576,-0.0013548,1.0134260,31
1436,4.5300000,-8.2400000,-2.1100000,0.0009000,-0.1157000,0.8022000,1.5057327,-1.5486608,-0.4590746,0.0224683,0.0036023,1.0129823,31
1437,4.1700000,0.5400000,1.3000000,-0.0385000,0.0117000,1.4067000,1.4057143,-1.4269932,-0.5722632,0.0236637,0.0025980,1.0063950,31
1438,-6.0800000,8.1100000,-0.8300000,0.0913000,0.1347000,0.9565000,1.3650075,-1.2152470,-0.6057133,0.0228346,0.0025967,1.0131462,31
1439,-1.7400000,-3.8400000,-3.5700000,0.0556000,-0.1206000,0.7011000,1.0338332,-0.7223412,-0.6574352,0.0244792,0.0056106,1.0168377,31
1440,5.4500000,-3.2300000,0.4500000,-0.0546000,-0.0346000,1.1757000,0.6558401,-0.4044206,-0.7888200,0.0265377,0.0042591,1.0085019,31
1441,-1.5600000,7.5600000,0.5700000,0.0737000,0.1928000,1.2255000,0.5133612,-0.2230616,-0.8518903,0.0261298,0.0031104,1.0080559,31
1442,-7.0500000,2.1900000,-4.2400000,0.0390000,-0.0507000,0.6767000,0.2859486,0.1939464,-0.8771261,0.0264161,0.0081549,1.0132160,31
1443,3.1300000,-6.2200000,-2.4700000,-0.0600000,-0.0566000,0.9824000,-0.1345186,0.5606916,-1.0313140,0.0263192,0.0114340,1.0066531,31
1444,2.4600000,5.5500000,0.3800000,0.0117000,0.1040000,1.3286000,-0.3598404,0.6564701,-1.2240872,0.0227510,0.0114155,1.0013091,31
1445,-8.2700000,6.0400000,-2.9000000,0.0605000,0.0263000,0.7685000,-0.4798620,0.8844716,-1.3419717,0.0191149,0.0140554,1.0059726,31
1446,1.2400000,-7.2000000,-3.5100000,-0.0107000,-0.1494000,0.8232000,-0.7761594,1.1691176,-1.4891164,0.0176974,0.0147640,1.0022338,31
1447,5.5700000,1.1500000,0.8700000,-0.0483000,-0.0600000,1.2734000,-0.9082570,1.1129554,-1.6456165,0.0151819,0.0073547,0.9933965,31
1448,-4.3100000,8.0500000,0.4500000,0.1005000,0.0952000,1.0029000,-0.7579419,1.0507907,-1.6403000,0.0122124,-0.0014866,0.9957482,31
1449,-2.6600000,-2.6200000,-2.4100000,0.0385000,-0.1596000,0.7416000,-0.7153249,1.2203273,-1.5179727,0.0131667,-0.0076240,0.9980158,31
1450,5.4500000,-3.3500000,1.0600000,-0.0800000,-0.0600000,1.1245000,-0.7144764,1.2201818,-1.3840498,0.0146792,-0.0166515,0.9918091,31
1451,1.6000000,6.8300000,3.0100000,0.0776000,0.1030000,0.9121000,-0.4589155,1.0720594,-1.1323459,0.0135884,-0.0246503,0.9865323,31
1452,0.1400000,-4.7000000,-1.6200000,-0.0039000,-0.1220000,0.7871000,-0.0816121,1.0036063,-0.7702948,0.0132291,-0.0273181,0.9789239,31
1453,5.8800000,-2.3100000,1.4200000,-0.0888000,-0.0595000,1.2294000,0.3227752,0.7810739,-0.4523130,0.0115543,-0.0308613,0.9700277,31
1454,-1.1900000,9.5200000,2.6400000,0.1040000,0.1015000,1.1108000,0.7712928,0.5796227,-0.1345173,0.0079956,-0.0334561,0.9738936,31
1455,-5.2800000,-0.6100000,-0.8900000,0.0517000,-0.0952000,0.7031000,0.9612412,0.7276023,0.1967921,0.0085031,-0.0314627,0.9815651,31
1456,5.0800000,-6.4000000,0.6300000,-0.1142000,-0.0839000,1.0249000,0.8718891,0.8022169,0.4233931,0.0100173,-0.0311270,0.9787660,31
1457,5.4500000,4.4500000,3.7400000,0.0297000,0.0688000,1.2998000,0.9520022,0.6056793,0.6172540,0.0072314,-0.0323114,0.9797350,31
1458,-6.2600000,4.4500000,1.3600000,0.0458000,0.0034000,0.6708000,1.1221156,0.5705527,0.8821903,0.0046830,-0.0293286,0.9879150,31
1459,4.0500000,-8.5400000,-0.7000000,-0.0898000,-0.0903000,0.9677000,1.0804229,0.5987907,1.0969185,0.0033050,-0.0253547,0.9862815,31
1460,5.8800000,-0.7900000,1.8500000,-0.0366000,0.0644000,1.3095000,1.1219327,0.2992795,1.1828663,-0.0012664,-0.0230346,0.9846430,31
1461,-2.6600000,7.8100000,2.3400000,0.0966000,0.1083000,0.8393000,1.3225226,0.0367528,1.2502105,-0.0054302,-0.0167480,0.9933813,31
1462,-0.2200000,-6.9500000,-1.6200000,-0.0063000,-0.0791000,0.7949000,1.3517568,0.0236853,1.2915775,-0.0046458,-0.0073157,0.9951592,31
1463,6.4300000,-6.7700000,-0.0900000,-0.1464000,0.0117000,1.2377000,1.3287925,-0.2448704,1.1944688,-0.0050228,-0.0014458,0.9899966,31
1464,2.4600000,8.1100000,2.5200000,0.0756000,0.0673000,1.0478000,1.5105767,-0.6460697,1.0506922,-0.0093497,0.0026679,0.9938777,31
1465,-4.7300000,-2.5000000,-0.1500000,0.0654000,-0.0307000,0.7148000,1.6387663,-0.7118992,0.9704753,-0.0099638,0.0074136,0.9978247,31
1466,6.1800000,-8.6000000,0.0800000,-0.1376000,-0.0703000,1.0810000,1.5728648,-0.8071874,0.8872581,-0.0081755,0.0085683,0.9916620,31
1467,6.0600000,3.6600000,3.2500000,0.0463000,0.0693000,1.2709000,1.6791863,-1.1255936,0.8280820,-0.0096554,0.0065721,0.9913458,31
1468,-5.3400000,3.9000000,2.6400000,0.1000000,0.0541000,0.7133000,1.8727614,-1.1867627,0.9087752,-0.0087243,0.0072221,0.9985882,31
1469,3.6200000,-7.4400000,-0.4000000,-0.0791000,-0.0634000,0.9711000,1.8263824,-1.0499218,1.0508006,-0.0040684,0.0093502,0.9966909,31
1470,6.1800000,-2.0700000,1.1800000,-0.0415000,0.0683000,1.3110000,1.8121911,-1.1399026,1.1181262,-0.0027578,0.0098757,0.9950671,31
1471,-1.8000000,8.8400000,2.4600000,0.0898000,0.0888000,0.7685000,1.9422920,-1.1610681,1.1602511,-0.0031477,0.0126728,1.0016841,31
1472,0.0800000,-5.3700000,-1.8600000,-0.0141000,-0.0659000,0.8964000,1.9231232,-0.8757164,1.1792144,-0.0006546,0.0170637,1.0006594,31
1473,5.3900000,-5.6700000,-1.9900000,-0.1274000,0.0053000,1.2646000,1.8316507,-0.7743873,1.0313753,-0.0003245,0.0177519,0.9964527,31
1474,3.1300000,9.0900000,1.6100000,0.1030000,0.0546000,0.9062000,1.9068082,-0.8002258,0.7687519,-0.0034186,0.0167531,1.0007034,31
1475,-2.7800000,-1.3400000,-0.4600000,0.0419000,-0.0219000,0.8247000,1.9799695,-0.5281813,0.5540256,-0.0027083,0.0166264,1.0013988,31
1476,5.0200000,-6.9500000,-2.9600000,-0.1401000,-0.0170000,1.2446000,1.9198498,-0.3221195,0.3262145,-0.0010973,0.0150850,0.9977199,31
1477,4.4100000,6.0400000,0.0200000,0.0620000,0.0512000,1.0634000,1.9614366,-0.3488514,0.0261714,-0.0035166,0.0127902,1.0031210,31
1478,-3.9400000,5.0600000,0.6300000,0.0883000,0.0742000,0.7309000,2.0293647,-0.1333220,-0.2143551,-0.0033357,0.0134963,1.0083888,31
1479,1.5400000,-6.2800000,-3.5700000,-0.1035000,-0.0253000,1.1357000,1.8711437,0.2140419,-0.3973881,-0.0002385,0.0163654,1.0042832,31
1480,3.9900000,1.0900000,-2.4700000,-0.0429000,0.0234000,1.2456000,1.6822140,0.2908953,-0.6632017,-0.0014784,0.0178348,1.0062846,31
1481,-4.9200000,10.4300000,0.8100000,0.1220000,0.0776000,0.6611000,1.5182890,0.4439444,-0.9350463,-0.0035064,0.0193347,1.0128474,31
1482,-1.5000000,-4.2100000,-2.1700000,-0.0268000,-0.0419000,1.0590000,1.1435733,0.8627179,-1.0949306,-0.0010249,0.0214888,1.0085293,31
1483,2.4000000,-2.7400000,-3.0200000,-0.0932000,-0.0151000,1.3164000,0.7005214,1.0473331,-1.2410590,0.0001509,0.0207163,1.0069926,31
1484,-1.6200000,10.2500000,1.7900000,0.1118000,0.0493000,0.6308000,0.3938341,1.0928471,-1.3640154,-0.0011436,0.0180988,1.0119243,31
1485,-0.8900000,-5.4900000,-1.4400000,-0.0937000,-0.0336000,1.2255000,0.1307575,1.2806683,-1.3509710,-0.0011449,0.0159682,1.0101829,31
1486,1.4200000,0.0600000,-1.7400000,-0.0532000,0.0043000,1.2226000,-0.0882363,1.2847913,-1.2909127,-0.0036405,0.0130459,1.0143614,31
1487,-4.8600000,10.3700000,2.6400000,0.1411000,0.0839000,0.6113000,-0.2800427,1.2846408,-1.1944807,-0.0061335,0.0113065,1.0215511,31
1488,-3.3300000,-2.2500000,0.2600000,-0.0053000,-0.0146000,1.0419000,-0.6141307,1.5538910,-0.9603604,-0.0027470,0.0124458,1.0141302,31
1489,0.9300000,-4.3900000,-2.6600000,-0.1000000,-0.0170000,1.3544000,-0.9917462,1.6314690,-0.7230163,0.0002581,0.0129338,1.0092298,31
1490,-2.5400000,9.5200000,1.8500000,0.1254000,0.0156000,0.7436000,-1.2347944,1.5198364,-0.5771804,0.0005601,0.0115451,1.0152727,31
1491,-5.2800000,2.9900000,2.5200000,0.0566000,0.0000000,0.7988000,-1.4808646,1.6804175,-0.3657847,0.0048740,0.0100121,1.0106995,31
1492,-0.4600000,-6.5900000,-1.9900000,-0.1210000,-0.0209000,1.4018000,-1.7920495,1.8273554,-0.1024125,0.0096111,0.0081182,1.0017454,31
1493,-0.2800000,5.6100000,0.7500000,0.0639000,-0.0190000,0.9526000,-1.9778072,1.6828148,0.0604697,0.0094369,0.0050303,1.0070088,31
1494,-7.1700000,6.3400000,4.4100000,0.0996000,0.0532000,0.6054000,-2.1025418,1.6752416,0.2388035,0.0107040,0.0025313,1.0080622,31
1495,-1.0700000,-6.6500000,0.2600000,-0.1259000,-0.0087000,1.3105000,-2.3287441,1.7695769,0.5314137,0.0134122,0.0023057,0.9975242,31
1496,0.6300000,-0.4200000,-0.4000000,-0.0600000,-0.0419000,1.1840000,-2.4610669,1.5397076,0.7673671,0.0098100,0.0018534,0.9992068,31
1497,-3.8800000,7.0700000,4.7800000,0.1181000,0.0546000,0.5053000,-2.4223339,1.2601555,0.9422044,0.0041450,0.0006532,1.0040410,31
1498,-2.4700000,-4.2700000,2.2200000,-0.0673000,-0.0263000,1.1132000,-2.3956983,1.1694194,1.2071947,0.0023658,0.0006544,0.9929151,31
1499,2.0300000,-5.5500000,-1.3100000,-0.1191000,-0.0747000,1.3447000,-2.3225269,0.8762970,1.4390280,-0.0016886,-0.0008575,0.9878830,31
1500,1.6700000,4.3900000,3.8600000,0.1464000,0.0000000,0.5966000,-2.0235499,0.3973912,1.5416010,-0.0073486,-0.0052869,0.9936463,31
1501,-2.3500000,-1.6400000,4.6600000,0.0136000,0.0205000,0.8989000,-1.6085900,0.0902529,1.7058671,-0.0066266,-0.0087915,0.9865422,31
1502,2.7000000,-7.8700000,-1.0100000,-0.1796000,-0.0107000,1.4487000,-1.2198587,-0.2497446,1.9185957,-0.0057518,-0.0097244,0.9799159,31
1503,4.4700000,0.3000000,1.0600000,0.0639000,-0.0092000,0.7768000,-0.7215229,-0.7907636,1.9752106,-0.0103861,-0.0097443,0.9887894,31
1504,-0.5200000,1.0300000,4.6000000,0.1030000,0.0771000,0.6801000,-0.1206250,-1.1995424,1.9675212,-0.0114957,-0.0080104,0.9890025,31
1505,0.3800000,-7.8100000,-0.6400000,-0.1474000,0.0151000,1.4296000,0.3509696,-1.4748043,1.9977338,-0.0088237,-0.0030394,0.9813185,31
1506,4.1100000,-2.9900000,-1.6200000,-0.0278000,-0.0405000,1.0253000,0.7125956,-1.8859334,1.8907675,-0.0108114,0.0017344,0.9892302,31
1507,1.6700000,2.4400000,3.6200000,0.1557000,0.0454000,0.5649000,1.0935359,-2.2260543,1.6650510,-0.0121677,0.0042451,0.9960754,31
1508,-1.9300000,-5.3100000,1.2400000,-0.0625000,0.0522000,1.2626000,1.3608652,-2.3340499,1.5242999,-0.0076196,0.0075729,0.9890862,31
1509,3.1900000,-5.4300000,-2.3500000,-0.1269000,-0.0458000,1.2470000,1.4430777,-2.4891453,1.3868893,-0.0060226,0.0111874,0.9922506,31
1510,1.9700000,0.9700000,2.0900000,0.1215000,0.0336000,0.6274000,1.5088125,-2.6939216,1.1598331,-0.0084268,0.0124904,1.0026146,31
1511,-2.9000000,-0.8500000,2.4600000,0.0000000,0.1088000,0.9770000,1.5147162,-2.6960049,1.0071944,-0.0069601,0.0149376,0.9985841,31
1512,1.0600000,-7.3800000,-3.3900000,-0.1313000,0.0014000,1.4560000,1.3411892,-2.6436378,0.9010897,-0.0056571,0.0203801,0.9968640,31
1513,0.4500000,0.0000000,-1.4400000,0.0766000,0.0268000,0.7519000,1.1155275,-2.7111808,0.6449715,-0.0081025,0.0250130,1.0088842,31
1514,-2.2300000,2.4400000,1.5400000,0.0932000,0.0942000,0.7646000,0.8757623,-2.6359129,0.3339025,-0.0067084,0.0289714,1.0103447,31
1515,-2.7200000,-7.9900000,-3.7600000,-0.0932000,0.0434000,1.4257000,0.5164745,-2.4383471,0.0649977,-0.0018651,0.0343763,1.0045619,31
1516,0.0800000,-0.4800000,-4.3000000,-0.0312000,-0.0610000,0.9926000,0.0921218,-2.3973258,-0.3191434,-0.0011075,0.0374912,1.0127094,31
1517,-3.0200000,3.9000000,0.6300000,0.0537000,0.0825000,0.8554000,-0.2995032,-2.2798523,-0.7754528,-0.0025791,0.0365555,1.0222620,31
1518,-2.1100000,-7.9900000,-4.8500000,-0.0805000,0.0009000,1.4824000,-0.6886851,-2.0348180,-1.1642705,-0.0034021,0.0351254,1.0303317,31
1519,-0.8900000,1.6400000,-3.1500000,0.0234000,-0.0844000,0.7958000,-1.0462408,-1.9238711,-1.5655283,-0.0053416,0.0313845,1.0454420,31
1520,-2.4700000,2.8000000,1.8500000,0.1162000,0.0307000,0.6821000,-1.3192418,-1.7365233,-1.8838865,-0.0044995,0.0237086,1.0465841,31
1521,-3.3900000,-5.3700000,-2.2300000,-0.0678000,0.0332000,1.4013000,-1.5735208,-1.4393106,-1.9704670,0.0001777,0.0170859,1.0347638,31
1522,-1.1300000,0.4800000,-4.0600000,-0.0380000,-0.0717000,1.0991000,-1.8186620,-1.2828899,-2.0016572,0.0020104,0.0119760,1.0361148,31
1523,-0.9500000,3.2300000,1.5400000,0.1181000,-0.0004000,0.5390000,-1.9623345,-1.1032086,-2.0377955,0.0025081,0.0055154,1.0368616,31
1524,-2.2300000,-1.5800000,0.1400000,-0.0385000,0.0688000,1.1787000,-2.0024765,-0.7916984,-1.9141397,0.0058332,0.0008546,1.0214416,31
1525,-1.3200000,-2.8000000,-5.0400000,-0.0859000,-0.0527000,1.3872000,-2.0025168,-0.5831385,-1.7457318,0.0065974,-0.0005063,1.0155252,31
1526,1.1800000,3.6600000,-0.2200000,0.0864000,-0.0688000,0.5068000,-1.9157812,-0.4732262,-1.7015295,0.0040692,-0.0034552,1.0197198,31
1527,-0.0300000,1.5200000,2.7000000,0.0820000,0.0659000,1.0249000,-1.6859676,-0.2434144,-1.5923223,0.0055129,-0.0075673,1.0092920,31
1528,-2.7800000,-2.4400000,-2.8400000,-0.0791000,-0.0161000,1.4335000,-1.4364751,0.0090852,-1.3473703,0.0094362,-0.0086548,1.0016589,31
1529,2.4000000,2.7400000,-0.7000000,0.0234000,-0.1333000,0.6557000,-1.2251316,0.1578448,-1.1559378,0.0101340,-0.0106573,1.0076277,31
1530,2.7000000,2.4400000,4.6000000,0.1152000,0.0258000,0.8906000,-0.8963736,0.3506285,-0.9330717,0.0114324,-0.0162448,1.0035227,31
1531,-3.1500000,1.4000000,0.5100000,-0.0820000,0.0263000,1.3798000,-0.5201277,0.6272555,-0.5342283,0.0147970,-0.0196361,0.9969257,31
1532,2.0300000,1.2800000,-1.3100000,-0.0180000,-0.0908000,0.8623000,-0.2685690,0.8852245,-0.1489537,0.0144246,-0.0204826,1.0032344,31
1533,5.4500000,0.8500000,4.2900000,0.1186000,0.0170000,0.7563000,0.0420738,1.0761612,0.1538905,0.0130391,-0.0221577,1.0042231,31
1534,-2.6600000,4.0200000,2.8900000,-0.0205000,0.0883000,1.2460000,0.4441813,1.2527506,0.5398045,0.0150936,-0.0208193,0.9969043,31
1535,-0.0300000,0.4200000,-2.3500000,-0.0537000,-0.0170000,1.1474000,0.6683993,1.4523448,0.8989903,0.0156787,-0.0147418,1.0004061,31
1536,4.4700000,1.0300000,1.6100000,0.0742000,-0.0722000,0.6547000,0.7936529,1.5819740,1.0531190,0.0137159,-0.0100191,1.0065456,31
1537,-1.0700000,5.1200000,3.5000000,0.0649000,0.0937000,1.0947000,0.9676812,1.6906601,1.1551333,0.0145606,-0.0075451,1.0009500,31
1538,-1.5600000,1.5800000,-2.0500000,-0.0390000,-0.0019000,1.3110000,1.0170216,1.8826207,1.2595113,0.0172464,-0.0030767,1.0003999,31
1539,2.3400000,0.5400000,-0.5200000,0.0307000,-0.1171000,0.6313000,0.9298110,2.0316329,1.2027801,0.0179369,-0.0005101,1.0070040,31
1540,4.1100000,1.9500000,4.1700000,0.1030000,0.0297000,0.9858000,0.9443862,2.0565782,1.0914620,0.0194573,-0.0029682,1.0018281,31
1541,-4.6100000,4.7600000,0.1400000,-0.0654000,0.0424000,1.3071000,0.9973642,2.0921320,1.0922506,0.0223096,-0.0046135,0.9965543,31
1542,0.5100000,0.4800000,-1.5600000,-0.0307000,-0.0595000,0.8627000,0.8588365,2.1868624,1.0630531,0.0211719,-0.0041935,1.0027412,31
1543,5.6300000,-0.5400000,3.1300000,0.1171000,0.0083000,0.7680000,0.7419684,2.1759715,0.9619410,0.0185465,-0.0049590,1.0024824,31
1544,-4.0600000,4.6300000,1.8500000,-0.0361000,0.1650000,1.2529000,0.7622526,2.0751193,0.9513626,0.0187348,-0.0025994,0.9951200,31
1545,-2.1100000,0.9700000,-3.3900000,-0.0766000,-0.0122000,1.0864000,0.6216441,2.0383439,0.9372386,0.0167139,0.0056720,0.9980241,31
1546,3.7400000,-3.6600000,-0.2200000,0.0654000,-0.0253000,0.6108000,0.3903473,1.9094533,0.7494593,0.0115868,0.0128368,1.0007785,31
1547,-1.1300000,2.4400000,1.9100000,0.0224000,0.1391000,1.1796000,0.2958003,1.5948702,0.5302599,0.0089061,0.0179331,0.9921918,31
1548,-6.4400000,2.0100000,-3.1500000,-0.0888000,0.0332000,1.2441000,0.1117862,1.3298597,0.3561160,0.0069011,0.0255068,0.9916118,31
1549,1.7300000,-3.8400000,-1.9900000,0.0180000,-0.0771000,0.6596000,-0.2618354,1.1056809,0.0876886,0.0023054,0.0308939,0.9984890,31
1550,1.7300000,-1.7000000,2.5800000,0.0092000,0.1108000,1.1884000,-0.5055282,0.7250660,-0.1828913,-0.0017029,0.0316623,0.9980343,31
1551,-5.2800000,0.1800000,-2.6000000,-0.0766000,-0.0249000,1.2006000,-0.6230177,0.2809223,-0.3302884,-0.0049442,0.0320135,1.0026605,31
1552,2.5200000,-4.8800000,-0.6400000,0.0351000,-0.0756000,0.6513000,-0.7750466,-0.1514159,-0.4637603,-0.0088129,0.0293738,1.0102518,31
1553,-0.6400000,-0.0600000,2.2200000,0.0444000,0.0839000,1.0419000,-0.8279618,-0.6101365,-0.5454456,-0.0098229,0.0234694,1.0051610,31
1554,-7.6000000,1.9500000,-2.6600000,-0.0781000,0.0820000,1.2846000,-0.9231162,-0.9165776,-0.5311221,-0.0087618,0.0212958,1.0018771,31
1555,0.9900000,-3.2300000,-3.3900000,-0.0244000,-0.0937000,0.7465000,-1.2082245,-1.0272314,-0.6096098,-0.0101127,0.0212878,1.0068020,31
1556,1.5400000,-4.8800000,1.3600000,0.0629000,0.0454000,0.9365000,-1.3759585,-1.2042612,-0.7732496,-0.0114521,0.0183676,1.0036723,31
1557,-6.8700000,4.6900000,-0.8900000,-0.0595000,0.1318000,1.1992000,-1.4292328,-1.3877489,-0.8474125,-0.0105496,0.0176079,0.9977290,31
1558,-2.4700000,-3.1100000,-3.9400000,-0.0571000,-0.0913000,0.9648000,-1.6432082,-1.3660305,-0.9144648,-0.0113968,0.0200783,1.0001186,31
1559,3.3100000,-6.2800000,0.3800000,0.0219000,-0.0727000,0.7856000,-1.8191456,-1.3992146,-1.0525063,-0.0140732,0.0175695,0.9999226,31
1560,-3.7600000,3.6000000,1.3600000,0.0087000,0.0805000,1.1840000,-1.7780126,-1.5504997,-1.0930397,-0.0147516,0.0114120,0.9941798,31
1561,-5.0400000,0.0000000,-2.2900000,-0.0595000,-0.0766000,1.0991000,-1.7945691,-1.5044929,-1.0149606,-0.0144073,0.0067811,0.9960392,31
1562,4.5300000,-5.1800000,0.2600000,0.0058000,-0.1362000,0.7041000,-1.8479999,-1.3858570,-0.9427960,-0.0151278,-0.0009291,0.9992832,31
1563,1.3600000,-1.8900000,3.8600000,0.0278000,0.0527000,1.1005000,-1.6257630,-1.4444603,-0.7788008,-0.0147783,-0.0117501,0.9935446,31
1564,-5.3400000,4.3900000,-0.2200000,-0.0805000,0.0537000,1.1899000,-1.3142687,-1.4577880,-0.4552115,-0.0137506,-0.0172864,0.9922906,31
1565,1.9700000,-3.5400000,-1.9200000,-0.0234000,-0.0834000,0.7666000,-1.1565243,-1.2819474,-0.1809833,-0.0151318,-0.0179080,0.9970643,31
1566,6.1800000,-6.4000000,2.1500000,0.0317000,-0.0024000,0.9414000,-0.8664486,-1.2487463,-0.0289268,-0.0167221,-0.0191877,0.9936238,31
1567,-2.1700000,4.3900000,0.0200000,-0.0092000,0.1455000,1.2666000,-0.3665896,-1.3671328,0.1191188,-0.0157801,-0.0173162,0.9902425,31
1568,-0.7000000,0.4200000,-3.6300000,-0.0478000,-0.1132000,0.8754000,0.0063403,-1.2770003,0.1755787,-0.0146012,-0.0112022,0.9958869,31
1569,8.2600000,-8.4200000,0.4500000,0.0234000,-0.1225000,0.8081000,0.3392011,-1.1806737,0.0613185,-0.0143069,-0.0104661,0.9963328,31
1570,2.6400000,1.1500000,2.2800000,0.0458000,0.1391000,1.2304000,0.8961716,-1.3307199,-0.0259259,-0.0120691,-0.0135534,0.9913303,31
1571,-3.1500000,4.8800000,-1.3800000,-0.0346000,-0.0703000,1.0361000,1.3900591,-1.3449543,-0.0068949,-0.0080496,-0.0127296,0.9949438,31
1572,6.4900000,-7.2600000,0.4500000,0.0141000,-0.1196000,0.7221000,1.6519823,-1.1727345,0.0052620,-0.0050118,-0.0136107,0.9981635,31
1573,6.2400000,-3.3500000,3.5600000,0.0395000,0.0751000,1.2026000,2.0099974,-1.2289542,0.0744930,-0.0019962,-0.0177900,0.9940077,31
1574,-5.3400000,6.7100000,0.2000000,0.0141000,0.1083000,1.1342000,2.3518772,-1.3118890,0.2689578,0.0022512,-0.0162516,0.9970755,31
1575,2.5800000,-2.8000000,-1.0700000,0.0190000,-0.0717000,0.7084000,2.3448529,-1.1136847,0.4301128,0.0065357,-0.0095411,1.0028809,31
1576,6.8500000,-6.5900000,2.3400000,0.0058000,-0.0063000,1.1210000,2.2859337,-1.0071568,0.5069507,0.0099213,-0.0053023,0.9997855,31
1577,-3.7000000,6.4600000,0.6900000,0.0537000,0.1992000,1.2397000,2.3171576,-1.0491202,0.6018641,0.0129887,0.0001498,1.0016353,31
1578,-3.5700000,2.3100000,-2.3500000,0.0107000,-0.0649000,0.7719000,2.0682943,-0.8182338,0.6419014,0.0164009,0.0102058,1.0101674,31
1579,5.6900000,-8.0500000,0.9300000,-0.0048000,-0.1005000,0.8793000,1.6391029,-0.5435703,0.5541565,0.0186836,0.0152107,1.0080506,31
1580,1.2400000,2.1900000,2.5200000,0.0434000,0.1303000,1.3427000,1.4139200,-0.5567145,0.4941330,0.0195404,0.0144754,1.0034996,31
1581,-7.9700000,5.8500000,-0.8900000,0.0424000,0.0156000,0.8613000,1.1599302,-0.4766401,0.5179650,0.0210186,0.0163696,1.0088553,31
1582,2.6400000,-6.7100000,0.3200000,0.0078000,-0.0966000,0.7207000,0.6616468,-0.2427956,0.5129281,0.0230094,0.0175728,1.0072809,31
1583,-2.4700000,5.7300000,2.3400000,0.0434000,0.1914000,1.2890000,0.1852894,-0.1102677,0.5104667,0.0244743,0.0172100,0.9974863,31
1584,-8.8800000,3.4700000,-1.8600000,0.0336000,0.0390000,0.7954000,-0.3596401,0.1486726,0.5309422,0.0260224,0.0221259,0.9932963,31
1585,3.1300000,-7.3800000,-0.6400000,-0.0097000,-0.0878000,0.8413000,-1.0236659,0.4090420,0.4608534,0.0269512,0.0271483,0.9855463,31
1586,1.4800000,-0.1200000,1.8500000,0.0107000,0.0761000,1.3085000,-1.3902003,0.3140194,0.3529724,0.0258819,0.0269736,0.9774491,31
1587,-9.0100000,7.8100000,-1.2500000,0.0415000,0.0786000,1.0024000,-1.5722416,0.2316661,0.2917781,0.0241853,0.0275665,0.9833200,31
1588,-0.4000000,-3.5400000,-2.4100000,0.0336000,-0.1381000,0.6752000,-1.9029026,0.4004351,0.1676364,0.0237109,0.0276442,0.9881944,31
1589,4.3500000,-6.2800000,1.6100000,-0.0058000,-0.0625000,1.2099000,-2.0717610,0.3650444,-0.0150207,0.0235685,0.0202496,0.9834865,31
1590,-3.2700000,9.3300000,1.1200000,0.0649000,0.1337000,1.2470000,-1.9126076,0.1770569,-0.0922005,0.0233291,0.0112816,0.9886621,31
1591,-6.5000000,1.4600000,-2.0500000,0.0375000,-0.0659000,0.6220000,-1.8314124,0.3202210,-0.0981431,0.0245449,0.0074152,0.9994376,31
1592,5.9400000,-8.3000000,0.6900000,-0.0512000,-0.1303000,1.0117000,-1.8396751,0.4656443,-0.1400611,0.0251342,0.0017611,0.9964061,31
1593,2.4000000,6.6500000,1.7300000,0.0346000,0.1313000,1.3867000,-1.5409384,0.3509972,-0.1344053,0.0228846,-0.0059269,0.9953953,31
1594,-7.6000000,7.6800000,-1.9200000,0.0771000,0.0112000,0.7568000,-1.1624925,0.5039284,-0.0751948,0.0215133,-0.0074995,1.0060001,31
1595,3.5600000,-4.8800000,-1.5600000,0.0068000,-0.1870000,0.7636000,-1.0119589,0.9055568,-0.1048854,0.0228339,-0.0085745,1.0055695,31
1596,6.6100000,0.3600000,1.8500000,-0.0136000,0.0141000,1.3637000,-0.7110087,1.0558519,-0.1795676,0.0233949,-0.0155781,0.9977706,31
1597,-2.8400000,11.6500000,0.4500000,0.0776000,0.0839000,0.9975000,-0.1809140,1.2178481,-0.1610239,0.0230242,-0.0203227,1.0027585,31
1598,0.3200000,-0.1200000,-1.5600000,0.0209000,-0.1269000,0.7045000,0.1987008,1.6966731,-0.1122961,0.0242003,-0.0206285,1.0070052,31
1599,7.8300000,-3.1700000,0.9300000,-0.0688000,-0.0634000,1.1767000,0.5392744,2.0329556,-0.1069684,0.0240267,-0.0238529,1.0007954,31
1600,3.6200000,10.1900000,1.2400000,0.0634000,0.1796000,1.2260000,1.1080140,2.1602275,-0.0640299,0.0209148,-0.0254929,1.0024505,31
1601,-3.3300000,5.6100000,-1.8000000,0.0571000,-0.0415000,0.6967000,1.6195441,2.5266174,0.0009867,0.0195504,-0.0193895,1.0098502,31
1602,6.1800000,-4.1500000,-0.5200000,-0.0712000,-0.1508000,0.9472000,1.8805730,2.9052691,-0.0152341,0.0192417,-0.0150060,1.0051007,31
1603,7.7700000,6.1600000,2.0900000,-0.0048000,0.1308000,1.3466000,2.2343119,2.9844170,-0.0394761,0.0156884,-0.0152529,1.0003936,31
1604,-4.2400000,10.6800000,-0.4600000,0.0810000,0.0444000,0.8540000,2.6327501,3.1740015,0.0124143,0.0121532,-0.0110690,1.0072723,31
1605,2.4600000,-1.8900000,-1.4400000,-0.0063000,-0.1494000,0.7509000,2.7119370,3.5553500,0.0392745,0.0119402,-0.0060865,1.0071936,31
1606,9.3600000,1.0300000,1.6100000,-0.0332000,-0.0151000,1.2592000,2.7465015,3.6735760,0.0186020,0.0115513,-0.0078145,0.9988331,31
1607,-1.5600000,10.8600000,1.6100000,0.0742000,0.1708000,1.1171000,2.9420691,3.6758089,0.0719320,0.0104041,-0.0084718,1.0013251,31
1608,-1.8000000,2.0700000,-0.9500000,0.0200000,-0.0893000,0.7143000,2.9203202,3.8804197,0.1782801,0.0115478,-0.0034490,1.0069882,31
1609,4.7800000,-1.9500000,1.3600000,-0.1054000,-0.0683000,1.0546000,2.6641405,3.9620076,0.2536540,0.0115303,-0.0014788,1.0020315,31
1610,1.4200000,9.5800000,3.0100000,0.0297000,0.2216000,1.3027000,2.4701849,3.8516984,0.3776168,0.0073574,-0.0001829,1.0012239,31
1611,-7.3600000,6.6500000,-0.2200000,0.0634000,-0.0126000,0.7197000,2.1525743,3.9507203,0.5705821,0.0044396,0.0079392,1.0082333,31
1612,0.0800000,-5.0000000,0.0200000,-0.0869000,-0.0971000,0.9282000,1.5104485,4.0559437,0.7005198,0.0036093,0.0145048,1.0054458,31
1613,3.8000000,5.2400000,2.9500000,-0.0273000,0.1127000,1.3032000,0.9089971,3.8355586,0.7832114,0.0000214,0.0156606,1.0007966,31
1614,-8.5200000,9.1500000,1.3000000,0.0712000,0.0869000,0.7963000,0.4333623,3.6799101,0.9183295,-0.0036933,0.0194657,1.0043964,31
1615,-3.0900000,-6.1600000,-0.7000000,-0.0463000,-0.0991000,0.8095000,-0.2344616,3.6335138,1.0286195,-0.0043972,0.0241060,1.0004334,31
1616,2.3400000,5.5500000,3.5600000,-0.0190000,0.1440000,1.3139000,-0.8921668,3.3596631,1.0862100,-0.0053069,0.0258023,0.9924183,31
1617,-9.1900000,6.8300000,0.8100000,0.0678000,0.0415000,0.7070000,-1.3949498,3.1505164,1.1810895,-0.0057953,0.0294446,0.9907850,31
1618,-2.0500000,-8.4800000,-1.3100000,-0.0683000,-0.1118000,0.8569000,-1.9686574,2.9787825,1.2247823,-0.0046730,0.0317289,0.9821391,31
1619,4.3500000,-0.2400000,1.2400000,-0.0644000,0.0351000,1.3154000,-2.3580019,2.4210803,1.1429662,-0.0062529,0.0276927,0.9727309,31
1620,-7.9100000,8.4800000,1.0000000,0.0678000,0.1567000,0.9023000,-2.4435873,1.8592634,1.0422558,-0.0093606,0.0251911,0.9767201,31
1621,-4.1800000,-5.2400000,-2.8400000,-0.0366000,-0.0981000,0.7529000,-2.6164804,1.5801372,0.9019703,-0.0099069,0.0265918,0.9785961,31
1622,2.8300000,-7.0100000,-1.3100000,-0.1337000,-0.0571000,1.1938000,-2.7870952,1.0932301,0.6192403,-0.0122550,0.0234139,0.9735236,31
1623,-0.9500000,6.5900000,1.7300000,0.0307000,0.1640000,1.1298000,-2.6619781,0.4386724,0.3132543,-0.0182653,0.0185248,0.9778258,31
1624,-7.1700000,-0.4800000,-1.2500000,0.0268000,-0.0722000,0.7011000,-2.4932084,0.0979050,0.1099199,-0.0215665,0.0178916,0.9854692,31
1625,0.9300000,-10.4300000,-1.8000000,-0.1528000,-0.1342000,1.0454000,-2.4730767,-0.2249119,-0.0809334,-0.0233269,0.0137466,0.9830515,31
1626,6.5500000,1.5200000,1.6700000,-0.0034000,0.1259000,1.2583000,-2.2365911,-0.8119354,-0.2607009,-0.0282495,0.0056720,0.9838705,31
1627,-6.9300000,3.4700000,0.0800000,0.0996000,0.0610000,0.6840000,-1.7626557,-1.2019250,-0.3225171,-0.0303423,0.0036246,0.9906321,31
1628,-0.6400000,-10.9800000,-3.0800000,-0.1181000,-0.1362000,0.9511000,-1.4767590,-1.4061008,-0.3613582,-0.0276865,0.0042636,0.9872340,31
1629,8.8700000,-4.7000000,-0.7000000,-0.0761000,0.0297000,1.2822000,-1.1615105,-1.8898256,-0.4934051,-0.0280308,0.0006818,0.9834372,31
1630,-2.0500000,4.5700000,0.8100000,0.0966000,0.1562000,0.8632000,-0.5637626,-2.3657650,-0.6121626,-0.0294883,-0.0000755,0.9899382,31
1631,-2.9600000,-7.0100000,-3.0200000,-0.0307000,-0.0898000,0.8085000,-0.0987562,-2.5325737,-0.6813259,-0.0263189,0.0045118,0.9912427,31
1632,6.9100000,-9.7600000,-2.8400000,-0.1591000,-0.0869000,1.2202000,0.1861215,-2.8219078,-0.8330233,-0.0246603,0.0048763,0.9867659,31
1633,3.5600000,3.6600000,0.8700000,0.0761000,0.1220000,1.1079000,0.6434786,-3.2400856,-1.0206478,-0.0270942,0.0018745,0.9921236,31
1634,-6.2600000,-0.4200000,-1.3800000,0.0864000,-0.0239000,0.7055000,1.0411602,-3.3054358,-1.1087957,-0.0248820,0.0024738,0.9990343,31
1635,3.5000000,-11.1700000,-3.1500000,-0.1464000,-0.1376000,1.0781000,1.1029187,-3.2495072,-1.1774762,-0.0194058,0.0013862,0.9954505,31
1636,6.9100000,-1.1600000,0.9300000,0.0024000,0.1147000,1.3325000,1.2075641,-3.4329873,-1.2624966,-0.0184317,-0.0031261,0.9974177,31
1637,-6.8700000,6.1000000,0.7500000,0.1176000,0.0693000,0.6025000,1.3875419,-3.4232949,-1.2264488,-0.0168083,-0.0025335,1.0058276,31
1638,-1.1300000,-11.9000000,-2.6600000,-0.0810000,-0.0717000,0.9243000,1.2316414,-3.1593453,-1.1094239,-0.0112718,0.0016972,0.9999443,31
1639,7.7700000,-5.8500000,-0.4600000,-0.1098000,0.0224000,1.4223000,1.0053990,-3.2092229,-1.0462652,-0.0099123,0.0032360,0.9936330,31
1640,-4.9800000,8.5400000,2.0900000,0.1230000,0.1401000,0.7788000,0.9689170,-3.2858595,-0.9516324,-0.0118109,0.0062363,1.0010964,31
1641,-3.3900000,-7.9300000,-1.1900000,0.0356000,-0.0253000,0.7666000,0.7556176,-3.0047710,-0.7636806,-0.0086294,0.0132287,1.0007038,31
1642,4.1700000,-9.8800000,-2.0500000,-0.1411000,-0.0590000,1.3110000,0.4056835,-2.9285447,-0.6287835,-0.0048293,0.0172631,0.9928241,31
1643,0.3800000,5.1200000,2.1500000,0.0986000,0.1293000,1.1484000,0.2557072,-3.0976783,-0.5548164,-0.0049765,0.0181827,0.9991317,31
1644,-7.2400000,1.3400000,1.0000000,0.1186000,-0.0185000,0.6186000,0.0925852,-2.9231635,-0.3975362,-0.0011626,0.0209488,1.0077937,31
1645,1.7300000,-12.2600000,-1.6200000,-0.0859000,-0.0595000,1.1655000,-0.2679023,-2.6659821,-0.2139180,0.0063957,0.0216987,1.0037076,31
1646,3.6200000,1.4000000,1.7900000,0.0083000,0.0615000,1.3500000,-0.4807933,-2.7242866,-0.0880069,0.0098277,0.0189102,1.0068061,31
1647,-10.4700000,8.6000000,3.0100000,0.1342000,0.0512000,0.5913000,-0.6088326,-2.5601006,0.0996307,0.0125428,0.0179062,1.0174206,31
1648,-1.5000000,-10.5500000,-0.7600000,-0.0048000,-0.0244000,0.9985000,-1.0200101,-2.0874669,0.3535563,0.0187371,0.0186255,1.0134118,31
1649,-0.7000000,5.6700000,2.6400000,0.0507000,0.1030000,1.2768000,-1.4863598,-1.7538184,0.5709539,0.0247253,0.0197073,1.0070540,31
1650,-10.7100000,7.0700000,3.0700000,0.1376000,0.0273000,0.5488000,-1.9393841,-1.2410869,0.8169482,0.0312830,0.0230134,1.0044362,31
1651,-0.5800000,-10.4300000,-0.2800000,-0.0292000,-0.0556000,1.0434000,-2.5300269,-0.6241630,1.0797973,0.0389345,0.0253336,0.9907084,31
1652,2.2200000,-0.2400000,1.5400000,-0.0288000,0.0043000,1.4423000,-2.8993953,-0.4601263,1.2429698,0.0417263,0.0231878,0.9842150,31
1653,-10.9600000,12.4500000,4.2300000,0.1264000,0.0522000,0.6567000,-3.0459638,-0.2870292,1.3889548,0.0409601,0.0200533,0.9930612,31
1654,-1.6800000,-6.6500000,0.6900000,0.0498000,-0.0341000,0.8754000,-3.3246552,0.2087463,1.5856941,0.0426770,0.0179302,0.9918834,31
1655,1.4800000,-4.1500000,-0.4000000,-0.0600000,-0.0415000,1.3906000,-3.4941838,0.4095266,1.6891232,0.0436836,0.0139734,0.9877253,31
1656,-7.3600000,11.6500000,3.0700000,0.1250000,0.0615000,0.8798000,-3.4443183,0.4391236,1.6792113,0.0419205,0.0091966,0.9968172,31
1657,-5.1600000,-0.1200000,1.5400000,0.0737000,-0.0346000,0.6826000,-3.5051768,0.8050158,1.6841643,0.0427181,0.0063360,0.9995461,31
1658,1.1800000,-7.1400000,-1.9900000,-0.0932000,-0.0815000,1.2924000,-3.5940012,1.0607675,1.6355930,0.0433969,0.0022010,0.9920422,31
1659,-0.8900000,7.1400000,1.0000000,0.0556000,0.0268000,1.1665000,-3.4363579,0.9937740,1.4441289,0.0391993,-0.0040581,0.9965830,31
1660,-8.0900000,7.0700000,1.9700000,0.0932000,0.0048000,0.5146000,-3.2337231,1.1563589,1.2450862,0.0355914,-0.0082103,1.0025815,31
1661,1.4800000,-8.9700000,-2.1700000,-0.0649000,-0.0727000,1.1484000,-3.1570864,1.4149649,1.0730387,0.0339750,-0.0109428,0.9930485,31
1662,4.3500000,0.5400000,-1.0100000,-0.0087000,-0.0253000,1.3291000,-2.8699807,1.2596921,0.8086131,0.0292993,-0.0151480,0.9903147,31
1663,-6.1400000,9.1500000,2.7700000,0.1372000,0.0419000,0.5834000,-2.3741528,1.0842173,0.5455463,0.0250493,-0.0182629,0.9971720,31
1664,1.4800000,-6.4700000,-0.6400000,-0.0170000,-0.0375000,0.9995000,-1.9949666,1.1330085,0.4111267,0.0253061,-0.0183718,0.9916630,31
1665,4.4700000,-4.0200000,-2.9000000,-0.0957000,-0.0664000,1.3940000,-1.5656048,0.9164313,0.2635716,0.0235884,-0.0189641,0.9883256,31
1666,-1.2500000,8.9700000,1.1800000,0.1420000,0.0463000,0.7685000,-0.9802981,0.5926472,0.0421249,0.0192583,-0.0203108,0.9982894,31
1667,-2.2300000,0.1200000,0.1400000,0.0566000,-0.0351000,0.7651000,-0.5313816,0.6193488,-0.1113177,0.0198525,-0.0197217,0.9987137,31
1668,5.3300000,-7.3800000,-3.3900000,-0.1166000,-0.0917000,1.3613000,-0.2084123,0.6234721,-0.2395468,0.0214224,-0.0200811,0.9922609,31
1669,2.8300000,5.0600000,0.0800000,0.0712000,0.0249000,1.0302000,0.2416058,0.3836323,-0.4342899,0.0185915,-0.0225866,0.9991452,31
1670,-3.7600000,6.5300000,2.0900000,0.0942000,0.0068000,0.5786000,0.6560192,0.3851649,-0.5471958,0.0176924,-0.0230840,1.0036352,31
1671,5.2700000,-7.9900000,-1.8000000,-0.0981000,-0.0390000,1.2543000,0.8807521,0.5586507,-0.5262449,0.0189379,-0.0215586,0.9950103,31
1672,6.0000000,1.4600000,-0.7600000,-0.0336000,-0.0141000,1.2309000,1.2107964,0.4645717,-0.5161222,0.0154921,-0.0205615,0.9962681,31
1673,-3.6300000,9.7600000,2.6400000,0.1206000,0.0644000,0.6132000,1.5991404,0.4611043,-0.4818248,0.0111398,-0.0183265,1.0039880,31
1674,2.8900000,-4.7000000,-0.3400000,-0.0463000,-0.0229000,1.0224000,1.7524769,0.7487956,-0.3371730,0.0106930,-0.0135772,0.9981695,31
1675,8.2000000,-2.0100000,-2.1100000,-0.0805000,-0.0830000,1.3222000,1.9178998,0.8400160,-0.2203265,0.0084931,-0.0107339,0.9941872,31
1676,0.1400000,7.6800000,1.8500000,0.1303000,0.0722000,0.7685000,2.2601424,0.8101522,-0.1821132,0.0048535,-0.0103917,1.0008424,31
1677,0.5100000,1.2200000,0.3800000,-0.0146000,-0.0107000,0.8198000,2.4786246,1.0185313,-0.1034110,0.0054531,-0.0083193,0.9985963,31
1678,6.8500000,-5.7900000,-3.4500000,-0.1333000,-0.0522000,1.3974000,2.5804998,1.1573145,-0.0614979,0.0047529,-0.0063499,0.9933623,31
1679,2.8300000,6.5300000,0.0200000,0.0751000,0.0634000,0.9785000,2.7807577,1.0764329,-0.1602184,-0.0002171,-0.0056151,1.0024501,31
1680,-3.8800000,7.8700000,1.7300000,0.0654000,0.0395000,0.5830000,2.8591249,1.2421480,-0.2444022,-0.0017344,-0.0024012,1.0068246,31
1681,4.7200000,-8.7200000,-2.5300000,-0.1225000,-0.0136000,1.3613000,2.6754850,1.5207731,-0.2596806,-0.0008932,0.0024397,0.9991568,31
1682,0.1400000,7.7500000,1.5400000,0.0927000,0.0454000,0.7597000,2.4572515,1.5407492,-0.2845677,-0.0020272,0.0065072,0.9956182,31
1683,-2.1700000,2.9900000,2.2200000,0.0043000,0.0029000,0.7709000,2.1767235,1.6260016,-0.2220378,-0.0012420,0.0102019,0.9867037,31
1684,4.4100000,-6.4000000,-1.8600000,-0.1259000,-0.0356000,1.4355000,1.8261603,1.6972671,-0.0813536,-0.0011327,0.0120652,0.9767725,31
1685,1.8500000,5.5500000,1.4200000,0.0239000,0.0170000,0.9072000,1.6253328,1.5210709,0.0138031,-0.0054623,0.0112607,0.9832969,31
1686,-3.7000000,5.7900000,4.3500000,0.0874000,0.1166000,0.6289000,1.4545308,1.4965488,0.1807676,-0.0076135,0.0121497,0.9863891,31
1687,0.3200000,-6.1600000,-0.4000000,-0.1362000,0.0136000,1.3066000,1.1231032,1.5809131,0.4685391,-0.0071263,0.0170419,0.9788536,31
1688,2.8900000,0.7300000,-0.8900000,-0.0698000,-0.0146000,1.1572000,0.8169047,1.3915366,0.6688842,-0.0113586,0.0214052,0.9837388,31
1689,-2.8400000,6.5900000,3.6200000,0.1308000,0.1103000,0.5825000,0.6203708,1.1962502,0.7725621,-0.0160726,0.0243859,0.9922652,31
1690,-3.8200000,-3.2300000,0.5700000,-0.0834000,0.0146000,1.0805000,0.3117359,1.1893945,0.9159704,-0.0156278,0.0287691,0.9863592,31
1691,3.8600000,-3.7800000,-2.1700000,-0.1064000,-0.0522000,1.3354000,-0.0442023,1.0161451,0.9863784,-0.0169469,0.0310223,0.9852518,31
1692,-1.0100000,5.7900000,2.6400000,0.1162000,0.0268000,0.6914000,-0.2108920,0.7229840,0.9296013,-0.0200465,0.0287101,0.9946172,31
1693,-5.2800000,0.7300000,3.0100000,0.0078000,0.0512000,0.8515000,-0.3699438,0.6481960,0.9414193,-0.0177369,0.0259771,0.9924143,31
1694,2.0900000,-5.3700000,-1.6200000,-0.1430000,-0.0405000,1.4057000,-0.6326233,0.5859155,1.0147582,-0.0150557,0.0239189,0.9875962,31
1695,0.2000000,3.4100000,1.0000000,0.0317000,-0.0175000,0.9174000,-0.7683474,0.3663530,0.9957395,-0.0170772,0.0197274,0.9971569,31
1696,-3.8800000,4.5700000,3.9200000,0.0961000,0.0781000,0.6445000,-0.8215862,0.3170077,0.9899090,-0.0166704,0.0155067,1.0012075,31
1697,-1.8000000,-4.6300000,-1.0700000,-0.1357000,-0.0292000,1.3422000,-0.9777104,0.4189540,1.0626946,-0.0132990,0.0137531,0.9946428,31
1698,1.3600000,-0.2400000,-1.4400000,-0.0634000,-0.0327000,1.0854000,-1.1222083,0.3516703,1.0308341,-0.0148623,0.0112625,0.9991834,31
1699,-0.2200000,4.3900000,2.8900000,0.1489000,0.1074000,0.5874000,-1.1106730,0.2658070,0.9063016,-0.0169524,0.0090175,1.0041775,31
1700,-3.3300000,-2.8600000,-0.0900000,-0.0781000,0.0170000,1.1088000,-1.0624515,0.3034587,0.8389804,-0.0137920,0.0108518,0.9943723,31
1701,3.1900000,-3.4100000,-3.5700000,-0.1240000,-0.0502000,1.3759000,-1.0202818,0.2080336,0.7111339,-0.0132941,0.0129881,0.9921689,31
1702,0.8700000,3.6600000,0.6900000,0.1508000,0.0375000,0.6459000,-0.8325466,0.0092187,0.4406663,-0.0154274,0.0123930,1.0015570,31
1703,-3.0200000,0.6000000,1.3600000,0.0654000,0.0693000,0.8237000,-0.6069018,-0.0284562,0.2151321,-0.0106760,0.0129057,0.9972387,31
1704,2.5800000,-3.8400000,-3.5700000,-0.1059000,-0.0517000,1.4824000,-0.4654456,-0.0298480,0.0499897,-0.0032424,0.0146960,0.9901862,31
1705,1.3000000,2.0700000,-1.4400000,0.0590000,-0.0278000,0.8408000,-0.2682447,-0.1289605,-0.2049424,0.0000303,0.0134205,0.9990900,31
1706,-0.0300000,3.0500000,1.9700000,0.1386000,0.0786000,0.6977000,-0.0167913,-0.1148873,-0.4419532,0.0051534,0.0109480,1.0020960,31
1707,-0.9500000,-2.0100000,-2.7200000,-0.1098000,-0.0112000,1.3969000,0.1516518,0.0270813,-0.5628752,0.0125720,0.0108566,0.9964870,31
1708,1.8500000,0.9100000,-3.5700000,-0.0322000,-0.0673000,1.0434000,0.2458937,0.1147526,-0.7365979,0.0140465,0.0097029,1.0039144,31
1709,2.4000000,2.7400000,1.3600000,0.1894000,0.0981000,0.6308000,0.3900117,0.2129749,-0.9595504,0.0141691,0.0072255,1.0106631,31
1710,-2.3500000,0.7300000,-0.8300000,-0.0375000,0.0537000,1.1254000,0.5374695,0.4018544,-1.0591973,0.0193172,0.0087234,1.0026953,31
1711,1.2400000,-1.2800000,-4.4300000,-0.1074000,-0.0625000,1.3461000,0.5675766,0.5493537,-1.1330114,0.0212077,0.0118553,1.0019416,31
1712,2.1500000,2.6200000,-0.1500000,0.1298000,0.0478000,0.6406000,0.5870806,0.6156869,-1.2869538,0.0182563,0.0124395,1.0105045,31
1713,-0.6400000,2.1300000,1.0000000,0.0737000,0.0878000,0.9233000,0.6508357,0.7310773,-1.3572105,0.0194337,0.0142430,1.0061270,31
1714,0.4500000,-1.5200000,-3.6900000,-0.1157000,-0.0590000,1.4038000,0.6659514,0.8540000,-1.3301937,0.0218710,0.0175572,1.0006382,31
1715,2.3400000,1.4000000,1.0000000,0.1337000,0.0283000,0.6494000,0.6743644,0.8740727,-1.3140559,0.0211953,0.0182342,1.0047044,31
1716,-1.2500000,1.9500000,0.8700000,0.0273000,0.0405000,1.0434000,0.7035095,0.8815984,-1.2146116,0.0226541,0.0179687,1.0018331,31
1717,0.3200000,-1.1600000,-2.8400000,-0.0795000,-0.0712000,1.3295000,0.6688998,0.8987483,-1.0552673,0.0239549,0.0171201,1.0011639,31
1718,1.4800000,1.0900000,0.3800000,0.0795000,-0.0219000,0.7226000,0.6104403,0.8520079,-0.9572675,0.0218165,0.0127143,1.0091766,31
1719,-1.0100000,1.6400000,2.5200000,0.0991000,0.1079000,0.8720000,0.5694976,0.8070078,-0.8086780,0.0222793,0.0087246,1.0064830,31
1720,-1.6200000,-0.6700000,-2.1100000,-0.0966000,-0.0380000,1.3291000,0.4541092,0.7876257,-0.5819400,0.0244234,0.0085959,1.0001316,31
1721,-0.9500000,0.4200000,-1.8000000,-0.0058000,-0.0771000,0.8461000,0.2391910,0.7263823,-0.4600638,0.0218302,0.0069151,1.0036049,31
1722,0.6300000,-1.5800000,2.4000000,0.0991000,0.0639000,0.7749000,0.0240969,0.6004334,-0.4114157,0.0182306,0.0027049,1.0014499,31
1723,-3.6300000,0.1800000,-0.2200000,-0.0815000,-0.0156000,1.2602000,-0.1824666,0.4200075,-0.2913330,0.0166847,0.0004923,0.9930447,31
1724,-0.8300000,-0.6100000,-1.6800000,-0.0502000,-0.0786000,1.0546000,-0.4501101,0.2337979,-0.1852906,0.0120614,-0.0018881,0.9952399,31
1725,1.1200000,-2.0100000,3.0700000,0.1147000,-0.0170000,0.6928000,-0.6693525,0.0343360,-0.1126376,0.0067777,-0.0070750,0.9982794,31
1726,-2.9600000,0.3600000,2.9500000,-0.0102000,0.0507000,1.0991000,-0.7873217,-0.1821035,0.0918248,0.0062386,-0.0110764,0.9911146,31
1727,-1.9300000,-2.3100000,-0.8900000,-0.1020000,-0.0468000,1.3125000,-0.9348943,-0.3785884,0.3778540,0.0052370,-0.0119977,0.9913203,31
1728,-0.0900000,-0.1800000,2.0900000,0.0410000,-0.0605000,0.6098000,-1.0932129,-0.5633611,0.5964168,0.0006955,-0.0137014,0.9988553,31
1729,0.8700000,-1.9500000,3.8000000,0.0429000,0.1054000,1.0317000,-1.1318326,-0.7293938,0.8310713,-0.0018131,-0.0149466,0.9950194,31
1730,-4.3700000,-0.2400000,-0.7000000,-0.1049000,-0.0141000,1.3603000,-1.1203042,-0.8640446,1.0953539,-0.0028366,-0.0118092,0.9936322,31
1731,-0.2200000,0.9100000,0.0800000,0.0166000,-0.0615000,0.7480000,-1.1853869,-0.9115181,1.2266651,-0.0062836,-0.0085330,1.0033018,31
1732,2.0900000,-3.1100000,4.2900000,0.1162000,0.0932000,0.8520000,-1.1865283,-0.8994674,1.2876522,-0.0070959,-0.0066280,1.0033799,31
1733,-4.7900000,1.1500000,1.1800000,-0.1171000,0.0424000,1.3408000,-1.1086117,-0.9030282,1.4209451,-0.0043978,-0.0015138,0.9989971,31
1734,0.1400000,0.7300000,-1.0700000,-0.0585000,-0.0468000,0.9741000,-1.1171938,-0.8343752,1.5043485,-0.0058588,0.0045227,1.0064632,31
1735,1.7900000,-3.4700000,3.0700000,0.0698000,-0.0219000,0.6435000,-1.0875767,-0.7405879,1.4793657,-0.0096249,0.0065629,1.0093767,31
1736,-1.3200000,0.3600000,2.3400000,-0.0502000,0.0537000,1.2373000,-0.9330129,-0.7384310,1.4933182,-0.0106465,0.0066030,1.0004182,31
1737,-0.0900000,1.6400000,-1.8000000,-0.0654000,-0.0532000,1.1831000,-0.7778093,-0.7000195,1.5017993,-0.0123744,0.0067470,1.0006882,31
1738,1.6700000,-2.6200000,1.0600000,0.0742000,-0.0673000,0.6069000,-0.6123710,-0.5986642,1.3825772,-0.0146334,0.0038873,1.0050316,31
1739,3.3700000,-2.2500000,2.4000000,0.0537000,0.1044000,1.0502000,-0.3241211,-0.6030548,1.2496735,-0.0121613,0.0000660,0.9963090,31
1740,-2.4100000,1.4600000,-2.4100000,-0.1054000,0.0141000,1.3334000,0.0072864,-0.6710970,1.1333325,-0.0080685,0.0007349,0.9918286,31
1741,2.5800000,0.3000000,-2.1700000,0.0126000,-0.0600000,0.7416000,0.2419440,-0.6413436,0.8754899,-0.0076975,0.0025629,0.9988218,31
1742,4.6600000,-4.7000000,0.4500000,0.0966000,0.1030000,0.8959000,0.5218235,-0.6237600,0.5132658,-0.0065118,0.0034712,0.9976276,31
1743,-2.8400000,2.3100000,-2.6600000,-0.0756000,0.0454000,1.2636000,0.8413601,-0.6987399,0.1607927,-0.0026133,0.0076188,0.9929754,31
1744,1.9700000,1.5800000,-4.0000000,-0.0166000,-0.1005000,0.9536000,0.9977852,-0.6605712,-0.2563229,-0.0013331,0.0115406,0.9981214,31
1745,3.8000000,-5.6700000,0.2600000,0.0800000,-0.0312000,0.7622000,1.1163617,-0.5870424,-0.7121164,-0.0009833,0.0093772,1.0002271,31
1746,-0.8900000,2.3700000,-0.0300000,-0.0185000,0.0659000,1.2211000,1.2770533,-0.6411414,-1.0177261,0.0018285,0.0052883,0.9955163,31
1747,-1.6200000,2.8000000,-3.1500000,-0.0234000,-0.0234000,1.1142000,1.2855564,-0.5867770,-1.1912178,0.0038785,0.0037915,0.9992538,31
1748,4.2900000,-6.4000000,1.5400000,0.0874000,0.0288000,0.8720000,1.1909500,-0.4732415,-1.3029917,0.0053256,0.0034889,1.0081676,31
1749,-3.7000000,2.8600000,-0.7000000,-0.0576000,0.0820000,1.2495000,1.1000726,-0.5058035,-1.2854684,0.0077097,0.0053483,1.0153913,31
1750,-0.9500000,2.7400000,-3.3300000,-0.0375000,-0.0615000,0.9921000,0.8718772,-0.4446825,-1.2350296,0.0073079,0.0087481,1.0260801,31
1751,2.7000000,-5.6100000,0.2000000,0.0522000,-0.0605000,0.6972000,0.5972411,-0.3149320,-1.2472633,0.0048485,0.0081873,1.0294525,31
1752,1.4200000,-0.9100000,0.9300000,0.0195000,0.0927000,1.2290000,0.4910137,-0.3949995,-1.1950792,0.0046168,0.0053665,1.0215274,31
1753,-4.9200000,4.2700000,-2.7800000,-0.0517000,-0.0458000,1.1230000,0.3958914,-0.4780827,-1.0800660,0.0048907,0.0047148,1.0203024,31
1754,3.4400000,-3.7200000,-0.1500000,0.0405000,-0.1083000,0.6440000,0.2030661,-0.4144363,-1.0155352,0.0038018,0.0017652,1.0202757,31
1755,4.3500000,-5.3100000,2.6400000,0.0419000,0.0278000,1.1611000,0.1898104,-0.5106304,-0.9014035,0.0042280,-0.0049799,1.0100361,31
1756,-6.0800000,5.1200000,-0.8900000,-0.0625000,0.0502000,1.2250000,0.2877658,-0.7164725,-0.6706386,0.0054028,-0.0089561,1.0065027,31
1757,0.5700000,-0.1200000,-0.6400000,-0.0102000,-0.1015000,0.7011000,0.1820689,-0.6943320,-0.4643441,0.0038485,-0.0102505,1.0099841,31
1758,5.2100000,-8.1100000,3.1300000,0.0244000,-0.0156000,0.9760000,0.1050764,-0.6892234,-0.2754544,0.0013676,-0.0136392,1.0034458,31
1759,-4.6100000,2.9200000,1.4800000,-0.0502000,0.1645000,1.3076000,0.1753878,-0.9000980,0.0104104,-0.0005664,-0.0140783,0.9981864,31
1760,-3.1500000,3.4700000,-0.8300000,-0.0415000,-0.0688000,0.8344000,0.0625957,-0.9389347,0.2985524,-0.0041210,-0.0083165,1.0035065,31
1761,3.8600000,-8.5400000,2.4000000,0.0156000,-0.0356000,0.8007000,-0.1563599,-0.8619049,0.5039541,-0.0084316,-0.0041278,1.0021602,31
1762,-0.5800000,-0.3600000,2.5800000,-0.0219000,0.1469000,1.3125000,-0.2040939,-1.0238264,0.7267505,-0.0111655,-0.0009712,0.9960683,31
1763,-6.9900000,5.8500000,-1.7400000,-0.0214000,-0.0336000,0.9633000,-0.3044703,-1.1139118,0.9281441,-0.0130180,0.0056420,1.0002895,31
1764,2.4000000,-7.0100000,0.3200000,0.0209000,-0.0937000,0.6899000,-0.5886013,-0.9952429,0.9710988,-0.0140401,0.0091490,1.0015476,31
1765,3.9900000,-5.1200000,3.1900000,0.0126000,0.0083000,1.2583000,-0.6873948,-1.1060910,0.9626104,-0.0129049,0.0063915,0.9942250,31
1766,-5.7700000,5.6700000,-0.0900000,-0.0166000,0.0625000,1.1127000,-0.6029511,-1.3208929,1.0125876,-0.0105477,0.0038163,0.9964031,31
1767,0.8100000,-1.9500000,-0.4600000,0.0009000,-0.1030000,0.6499000,-0.6357177,-1.2667886,1.0145084,-0.0085842,0.0024667,1.0007722,31
1768,5.4500000,-9.0900000,2.7700000,0.0131000,-0.0458000,1.0581000,-0.5795548,-1.2773334,0.9695881,-0.0066695,-0.0023989,0.9928801,31
1769,-1.3200000,3.7800000,1.1200000,-0.0224000,0.1889000,1.3334000,-0.2883108,-1.5098468,0.9874049,-0.0048113,-0.0054411,0.9903888,31
1770,-4.2400000,3.6600000,-1.6800000,0.0053000,-0.0795000,0.6953000,-0.1070793,-1.4949008,0.9863877,-0.0037632,-0.0018842,0.9980022,31
1771,6.1200000,-10.1900000,1.0000000,0.0126000,-0.0737000,0.8613000,-0.0561509,-1.3469488,0.8815920,-0.0027727,-0.0003312,0.9947169,31
1772,3.6200000,-0.8500000,1.6100000,-0.0156000,0.1484000,1.4038000,0.2143917,-1.4967192,0.7823207,-0.0016154,-0.0008851,0.9894535,31
1773,-6.0800000,6.2200000,-1.6800000,0.0131000,-0.0219000,0.8422000,0.5168886,-1.5864108,0.7068181,-0.0008539,0.0028715,0.9971896,31
1774,4.7200000,-7.2600000,-0.4000000,0.0126000,-0.1030000,0.7011000,0.5926536,-1.4295318,0.5584340,0.0001691,0.0050823,0.9981454,31
1775,4.9600000,-6.7700000,1.8500000,-0.0483000,0.0659000,1.3676000,0.7607293,-1.5167343,0.4057542,0.0006107,0.0028384,0.9911151,31
1776,-3.5700000,7.8100000,-0.2800000,0.0146000,0.1005000,1.1005000,1.0297357,-1.7117001,0.3358889,-0.0005489,0.0037680,0.9981007,31
1777,0.1400000,-2.1300000,-0.9500000,0.0375000,-0.0585000,0.5830000,1.0785711,-1.5642748,0.2709259,-0.0008790,0.0082469,1.0057781,31
1778,6.4300000,-10.0100000,1.6700000,-0.0429000,-0.0405000,1.1191000,1.0863082,-1.4737983,0.1972549,-0.0000822,0.0093122,0.9978987,31
1779,1.6700000,4.2700000,0.0800000,0.0087000,0.1762000,1.4287000,1.2986265,-1.6564663,0.1837656,-0.0003598,0.0099844,0.9980328,31
1780,-5.1000000,4.3900000,-2.1700000,0.0590000,-0.0336000,0.5800000,1.4242633,-1.5819076,0.1535233,0.0001638,0.0152026,1.0094533,31
1781,5.3300000,-8.1100000,1.2400000,-0.0581000,0.0258000,1.3154000,1.3261580,-1.3077974,0.0611426,0.0018642,0.0200353,1.0140924,31
1782,-1.7400000,8.3600000,-0.3400000,0.0175000,0.1284000,1.2504000,1.2334215,-1.0966257,-0.0036202,0.0020077,0.0244655,1.0251981,31
1783,-3.4500000,1.2200000,-1.3800000,0.0722000,-0.0454000,0.5449000,1.0427264,-0.6756752,-0.0613335,0.0029245,0.0301051,1.0375486,31
1784,5.3300000,-8.5400000,0.7500000,-0.0629000,-0.0830000,1.0346000,0.7701821,-0.3060303,-0.1406168,0.0052658,0.0303919,1.0298971,31
1785,0.9900000,3.1700000,-0.0900000,-0.0117000,0.1533000,1.5156000,0.6981976,-0.2992313,-0.1795665,0.0050330,0.0269675,1.0251929,31
1786,-7.1700000,8.4800000,-1.8600000,0.0732000,-0.0229000,0.5678000,0.5987532,-0.1447090,-0.2160293,0.0042162,0.0266356,1.0328768,31
1787,4.1700000,-7.2600000,-0.6400000,0.0400000,-0.1264000,0.8129000,0.3025093,0.2244920,-0.3114314,0.0068623,0.0239034,1.0244012,31
1788,3.3700000,-2.8000000,0.4500000,-0.0527000,0.0927000,1.5161000,0.1793896,0.2657085,-0.4016236,0.0100264,0.0165556,1.0111749,31
1789,-6.1400000,11.5300000,-1.3800000,0.0517000,0.0424000,0.8774000,0.1818132,0.2440866,-0.4496980,0.0109751,0.0125496,1.0163047,31
1790,0.7500000,-3.5400000,-1.6200000,0.0869000,-0.0874000,0.6269000,0.0048817,0.5464049,-0.5233325,0.0134654,0.0107817,1.0162324,31
1791,3.1300000,-5.9200000,-0.0900000,-0.0815000,0.0029000,1.3720000,-0.1393116,0.6668801,-0.6231096,0.0168728,0.0061809,1.0049046,31
1792,-2.9600000,9.2700000,-0.7000000,0.0581000,0.1630000,1.1831000,-0.1392613,0.5678649,-0.6872537,0.0173412,0.0043684,1.0083717,31
1793,-3.8200000,3.2300000,-1.0700000,0.0976000,-0.0532000,0.4995000,-0.2607927,0.7770642,-0.7245965,0.0189056,0.0083921,1.0146966,31
1794,2.7600000,-7.7500000,0.3200000,-0.0649000,-0.0717000,1.1372000,-0.4752402,1.0090754,-0.7409472,0.0221739,0.0099952,1.0039018,31
1795,0.0200000,4.2700000,0.3800000,-0.0234000,0.1347000,1.4980000,-0.5400554,0.9161468,-0.6929150,0.0213720,0.0089773,1.0021257,31
1796,-8.6400000,10.1900000,-0.0900000,-0.0234000,0.1347000,1.4980000,-0.6555271,1.0034650,-0.5865627,0.0164276,0.0142789,1.0335758,32
1797,2.8300000,-6.5300000,0.8700000,0.0312000,-0.1132000,0.9208000,-0.9667273,1.3427654,-0.4497437,0.0111536,0.0223744,1.0794631,32
1798,1.5400000,-1.0900000,1.3000000,-0.0742000,0.0600000,1.4833000,-1.1175755,1.3729772,-0.2666192,0.0061681,0.0251323,1.1190361,32
1799,-5.8300000,11.0400000,0.8100000,0.0888000,0.0625000,0.8208000,-1.1229369,1.3288518,-0.0417968,0.0019048,0.0262739,1.1490767,32
1800,-0.4000000,-0.4200000,0.4500000,0.0844000,-0.1137000,0.6503000,-1.2474430,1.6069155,0.1734321,0.0027892,0.0263274,1.1518528,32
1801,1.1800000,-4.5700000,0.8100000,-0.1196000,-0.0048000,1.4023000,-1.3365381,1.7692323,0.3481471,0.0059038,0.0208386,1.1318686,32
1802,-1.4400000,9.0900000,0.0800000,0.0546000,0.1445000,1.1572000,-1.2758674,1.7217668,0.4754123,0.0054147,0.0160700,1.1207513,32
1803,-6.3800000,5.4300000,-0.5200000,0.1035000,-0.0737000,0.4931000,-1.2967348,1.9353965,0.5278799,0.0065359,0.0159483,1.1081344,32
1804,3.0700000,-5.9200000,0.0800000,-0.0927000,-0.1015000,1.1201000,-1.4294749,2.1987008,0.5014504,0.0101219,0.0124923,1.0765643,32
1805,2.1500000,2.9200000,-0.0300000,-0.0126000,0.0986000,1.4462000,-1.3614140,2.1208512,0.4363840,0.0097108,0.0056955,1.0537710,32
1806,-7.9100000,9.7600000,0.0800000,-0.0126000,0.0986000,1.4462000,-1.2192411,2.0949540,0.3616057,0.0060462,0.0047809,1.0641286,33
1807,4.3500000,-4.4500000,0.2000000,-0.0180000,-0.1503000,0.9228000,-1.2172893,2.2713496,0.2912250,0.0020895,0.0067325,1.0909529,33
1808,2.2200000,-2.5000000,-0.0300000,-0.1059000,0.0615000,1.5097000,-1.0577975,2.1690791,0.2317286,-0.0037188,0.0046215,1.1169470,33
1809,-3.5700000,9.6400000,-0.1500000,0.0732000,0.1035000,0.7768000,-0.7656956,1.9330540,0.1747541,-0.0102903,0.0044268,1.1386635,33
1810,0.2000000,-0.1200000,-0.4600000,0.0522000,-0.0917000,0.6616000,-0.6116380,1.9609789,0.1083090,-0.0118166,0.0074970,1.1359272,33
1811,3.1900000,-4.8800000,-0.8300000,-0.1669000,-0.0024000,1.4121000,-0.4632963,1.9121332,0.0188350,-0.0116313,0.0072109,1.1134541,33
1812,0.7500000,5.4900000,-1.4400000,0.0532000,0.1186000,1.0336000,-0.1837278,1.6390317,-0.1115591,-0.0151651,0.0068920,1.1003581,33
1813,-5.1000000,2.3100000,-1.3800000,0.0532000,0.1186000,1.0336000,0.0020991,1.5011096,-0.2884500,-0.0163599,0.0132313,1.0941976,34
1814,3.9200000,-3.9000000,-0.8900000,-0.1772000,0.0122000,1.4716000,0.0100499,1.4167814,-0.4809513,-0.0161654,0.0236248,1.0941751,34
1815,-0.2200000,5.4900000,-0.2800000,0.0961000,0.0859000,0.8305000,0.0649519,1.2488825,-0.6348627,-0.0188611,0.0329899,1.1028085,34
1816,-2.8400000,-1.4600000,0.2000000,0.0703000,-0.0375000,0.5659000,0.1077989,1.1537417,-0.7076775,-0.0173617,0.0392882,1.0940315,34
1817,6.2400000,-6.2800000,0.3800000,-0.1816000,-0.1064000,1.4770000,0.1334474,0.9255297,-0.6874855,-0.0138988,0.0382535,1.0695878,34
1818,1.7900000,2.3700000,0.0200000,0.0395000,0.1513000,1.1318000,0.3687297,0.4708433,-0.5996255,-0.0156504,0.0325287,1.0614088,34
1819,-4.1200000,3.3500000,-0.2200000,0.0395000,0.1513000,1.1318000,0.6044822,0.1777560,-0.4910898,-0.0167838,0.0332228,1.0687508,35
1820,4.1700000,-6.1600000,-0.8900000,-0.1206000,-0.1411000,1.2294000,0.6613322,0.0339467,-0.4083384,-0.0162046,0.0372812,1.0804847,35
1821,2.8900000,-1.5800000,-0.5800000,-0.0742000,0.1010000,1.4184000,0.7874587,-0.2728921,-0.3742776,-0.0200723,0.0362886,1.1018088,35
1822,-4.4900000,6.1000000,-0.1500000,-0.0742000,0.1010000,1.4184000,0.9147460,-0.5124297,-0.3665490,-0.0278331,0.0359884,1.1371221,36
1823,1.6700000,-5.8500000,-0.4000000,-0.0268000,-0.0693000,0.8920000,0.8341288,-0.5290947,-0.3578528,-0.0355833,0.0375982,1.1717946,36
1824,4.8400000,-4.7000000,0.2600000,-0.1831000,0.0063000,1.5620000,0.7895239,-0.7041374,-0.3373855,-0.0439393,0.0349816,1.1955827,36
1825,-2.6000000,5.0600000,1.0000000,0.1254000,0.1225000,0.8032000,0.8732208,-0.9644850,-0.2746620,-0.0511429,0.0318148,1.2115797,36
1826,-3.3300000,-1.3400000,0.5100000,0.0878000,-0.0131000,0.5356000,0.7826435,-0.9720389,-0.1567388,-0.0485316,0.0320118,1.1988978,36
1827,5.6900000,-6.7100000,0.5700000,-0.1542000,-0.0825000,1.5078000,0.5899815,-0.9857573,-0.0165012,-0.0400098,0.0298437,1.1623786,36
1828,0.8700000,2.0100000,1.4200000,0.0585000,0.1352000,1.1704000,0.5981658,-1.1714292,0.1364219,-0.0345857,0.0251942,1.1404047,36
1829,-6.2600000,4.1400000,0.8100000,0.0585000,0.1352000,1.1704000,0.5788596,-1.1672843,0.3082920,-0.0279008,0.0266772,1.1354975,37
1830,4.0500000,-6.7100000,-0.4000000,-0.1083000,-0.1479000,1.2802000,0.3673422,-0.9989556,0.4467750,-0.0200225,0.0306607,1.1373592,37
1831,2.1500000,-0.0600000,0.9300000,-0.0673000,0.0781000,1.4526000,0.2823079,-0.9983268,0.5185787,-0.0178880,0.0290956,1.1512854,37
1832,-3.5100000,6.8300000,1.4800000,-0.0673000,0.0781000,1.4526000,0.3022958,-0.9177244,0.5820160,-0.0213119,0.0274897,1.1809602,38
1833,0.1400000,-4.5100000,-0.4600000,-0.0126000,-0.0922000,0.9365000,0.1958363,-0.6097482,0.6448322,-0.0261037,0.0271052,1.2114490,38
1834,4.4700000,-2.6200000,-0.0900000,-0.1645000,-0.0083000,1.5600000,0.1367295,-0.4598450,0.6427570,-0.0322413,0.0223796,1.2318024,38
1835,-0.5200000,6.2200000,1.0000000,0.1669000,0.1059000,0.7177000,0.2597509,-0.3976577,0.5970213,-0.0370962,0.0174928,1.2417832,38
1836,-3.1500000,-1.2800000,-0.0900000,0.0781000,0.0024000,0.6132000,0.3234075,-0.1543166,0.5562795,-0.0322612,0.0170885,1.2209005,38
1837,6.0000000,-4.7000000,-0.6400000,-0.1772000,-0.0844000,1.5522000,0.3217850,-0.0067393,0.4890768,-0.0236384,0.0159847,1.1796456,38
1838,0.5700000,3.9000000,1.3000000,0.0683000,0.1308000,1.0966000,0.4840796,-0.0477142,0.4052812,-0.0203866,0.0132776,1.1551071,38
1839,-5.8900000,3.7800000,1.0000000,0.0683000,0.1308000,1.0966000,0.5743839,0.0680130,0.3784279,-0.0161070,0.0166605,1.1438192,39
1840,3.1900000,-4.4500000,-0.7600000,-0.0791000,-0.1176000,1.2797000,0.4250899,0.2775556,0.3818168,-0.0095418,0.0230106,1.1364637,39
1841,1.2400000,0.9700000,0.9300000,-0.0419000,0.0590000,1.3940000,0.3299352,0.3063031,0.3615519,-0.0072117,0.0243230,1.1418711,39
1842,-4.9800000,6.3400000,1.3000000,-0.0419000,0.0590000,1.3940000,0.2562603,0.3770532,0.3677102,-0.0092510,0.0244037,1.1632981,40
1843,-0.7000000,-2.8000000,-1.5000000,0.0009000,-0.0546000,0.9970000,-0.0007628,0.6100435,0.3828897,-0.0123222,0.0249532,1.1876003,40
1844,1.7900000,-0.7900000,-0.9500000,-0.1308000,-0.0166000,1.4628000,-0.2577264,0.7094611,0.3086453,-0.0167342,0.0219595,1.2052029,40
1845,-2.4700000,5.6100000,1.1200000,0.1577000,0.1157000,0.6816000,-0.3935921,0.7409318,0.1904440,-0.0202882,0.0188357,1.2121421,40
1846,-3.7600000,-1.2800000,-0.8900000,0.0444000,-0.0004000,0.7338000,-0.5878873,0.8853567,0.1073696,-0.0163386,0.0196250,1.1907098,40
1847,0.9900000,-0.3000000,-1.1900000,-0.0961000,-0.0102000,1.3974000,-0.8460220,0.9620894,0.0083102,-0.0094725,0.0206574,1.1525379,40
1848,-4.2400000,4.9400000,0.6300000,0.1557000,0.0883000,0.5581000,-1.0645152,0.9954692,-0.1089094,-0.0041492,0.0210157,1.1175437,40
1849,-1.9900000,-2.4400000,-1.8000000,0.0029000,-0.0488000,0.8984000,-1.3095202,1.0803031,-0.2100835,0.0039803,0.0219190,1.0738484,40
1850,1.4800000,-2.3800000,-2.0500000,-0.1723000,-0.0659000,1.4931000,-1.4968182,1.0013336,-0.3589135,0.0086576,0.0192273,1.0368392,40
1851,-1.5600000,3.4700000,1.0000000,0.1064000,0.0854000,0.7998000,-1.5085466,0.7953348,-0.5239415,0.0062363,0.0140444,1.0238889,40
1852,-4.5500000,0.7300000,0.2000000,0.0590000,-0.0004000,0.6074000,-1.5191980,0.7055662,-0.5846800,0.0061806,0.0116908,1.0076412,40
1853,1.8500000,-4.0200000,-1.6200000,-0.1601000,-0.0839000,1.4252000,-1.5809212,0.6095882,-0.5810837,0.0069398,0.0092562,0.9853561,40
1854,0.3800000,1.6400000,0.6300000,0.0307000,0.0214000,1.1074000,-1.5029459,0.3851896,-0.5804976,0.0022400,0.0040030,0.9835911,40
1855,-4.4900000,2.1300000,1.4800000,0.1538000,0.0620000,0.5380000,-1.3699562,0.2382435,-0.5109950,0.0001524,0.0007320,0.9873521,40
1856,2.1500000,-1.5200000,-1.1300000,-0.0639000,-0.0761000,1.1816000,-1.3041474,0.2128255,-0.3759643,0.0043122,-0.0000329,0.9780274,40
1857,1.0600000,-0.9700000,-0.3400000,-0.0566000,-0.0483000,1.3422000,-1.1397016,0.1416700,-0.2816530,0.0060191,-0.0033024,0.9787004,40
1858,-3.2700000,3.0500000,2.2200000,0.1245000,0.0561000,0.5937000,-0.9225946,0.0764193,-0.1903060,0.0055739,-0.0074757,0.9900754,40
1859,1.2400000,0.4800000,0.2600000,-0.0029000,-0.0419000,0.9907000,-0.7943908,0.1410992,-0.0288690,0.0086464,-0.0091099,0.9885341,40
1860,1.8500000,-0.3600000,-0.4000000,-0.1171000,-0.0561000,1.4062000,-0.6270627,0.2445512,0.1239831,0.0099545,-0.0111091,0.9880911,40
1861,-0.0900000,3.4100000,2.5800000,0.1059000,0.0473000,0.7739000,-0.3719681,0.3549189,0.2530251,0.0073588,-0.0136438,1.0003518,40
1862,-3.1500000,2.0100000,1.7300000,0.0698000,0.0297000,0.7685000,-0.2082046,0.5672976,0.4458010,0.0084066,-0.0128037,1.0026139,40
1863,2.7600000,-0.2400000,0.0800000,-0.1254000,-0.0561000,1.3505000,-0.1593515,0.8023335,0.6565357,0.0108153,-0.0102201,0.9970544,40
1864,0.1400000,2.6800000,2.4000000,0.0351000,0.0283000,1.0004000,-0.0648090,0.9731708,0.8251065,0.0085612,-0.0088306,1.0031627,40
1865,-3.2100000,2.5000000,2.6400000,0.0610000,0.0712000,0.6591000,-0.0023819,1.1575947,1.0179629,0.0065442,-0.0057901,1.0070350,40
1866,1.8500000,0.8500000,-0.4600000,-0.0903000,-0.0405000,1.2143000,-0.0511221,1.3541928,1.2048771,0.0060664,-0.0007600,0.9995725,40
1867,-0.1600000,0.8500000,0.5700000,-0.0263000,-0.0253000,1.1865000,-0.0716474,1.4729153,1.2739538,0.0023425,0.0018221,1.0003276,40
1868,-1.0700000,0.6000000,2.9500000,0.0800000,0.0595000,0.6147000,-0.0698173,1.4939964,1.2888178,-0.0014972,0.0026972,1.0048424,40
1869,0.8700000,-0.7300000,0.1400000,-0.0312000,0.0312000,1.0834000,-0.0917541,1.4140089,1.3275666,-0.0017810,0.0055501,0.9972932,40
1870,1.4200000,0.5400000,-0.8900000,-0.0942000,-0.0502000,1.2744000,-0.0564781,1.2426899,1.2927653,-0.0033584,0.0083740,0.9937917,40
1871,-1.1900000,0.0000000,1.6100000,0.0878000,0.0585000,0.7480000,0.0212933,1.0400138,1.1659907,-0.0067472,0.0092975,0.9996804,40
1872,-1.1300000,-0.8500000,0.0800000,0.0263000,0.0644000,0.8476000,0.0274874,0.8202534,1.0394164,-0.0062156,0.0117778,0.9958110,40
1873,1.8500000,-0.1200000,-2.0500000,-0.1054000,-0.0722000,1.3447000,-0.0028816,0.5768642,0.8691145,-0.0046724,0.0147340,0.9894062,40
1874,-2.4100000,-0.6700000,0.5100000,0.0239000,0.0214000,0.9145000,-0.0189140,0.3390780,0.6195796,-0.0065328,0.0142694,0.9952171,40
1875,-1.5600000,-1.2800000,0.8700000,0.0395000,0.0756000,0.7358000,-0.1186546,0.1043057,0.4065536,-0.0075646,0.0137530,0.9975107,40
1876,0.0800000,-1.6400000,-1.9200000,-0.0864000,0.0034000,1.2739000,-0.2825458,-0.1524511,0.2438968,-0.0072873,0.0158517,0.9923533,40
1877,-1.5000000,0.6000000,-0.0300000,-0.0234000,-0.0375000,0.9907000,-0.4232016,-0.3844057,0.0597334,-0.0096711,0.0168260,0.9951688,40
1878,-1.1900000,-2.8600000,1.7900000,0.0791000,0.0766000,0.7783000,-0.5619568,-0.5685646,-0.0669945,-0.0115096,0.0161996,0.9980374,40
1879,-1.1300000,-2.1900000,-1.0100000,-0.0517000,0.0673000,1.1308000,-0.7064214,-0.7878099,-0.0918780,-0.0100951,0.0181717,0.9935700,40
1880,-2.4700000,0.4800000,0.2600000,-0.0039000,-0.0078000,0.8564000,-0.8612182,-1.0008992,-0.0998537,-0.0089433,0.0220617,0.9891388,40
1881,-0.3400000,-2.5600000,0.7500000,0.0649000,0.0600000,0.8300000,-1.0200472,-1.1332747,-0.0917257,-0.0073777,0.0250276,0.9806141,40
1882,-1.3800000,-2.1900000,-2.4100000,-0.0498000,0.0205000,1.2275000,-1.1309461,-1.2643034,-0.0921983,-0.0042526,0.0275843,0.9715608,40
1883,-0.7700000,3.0500000,-1.1300000,-0.0288000,-0.0844000,0.9946000,-1.1889411,-1.3248973,-0.1895283,-0.0031820,0.0273414,0.9736544,40
1884,-0.2800000,-3.7200000,0.9300000,0.0742000,0.0483000,0.8647000,-1.1948913,-1.2535099,-0.3118374,-0.0029065,0.0229809,0.9787483,40
1885,-1.6800000,-0.1800000,-1.8000000,-0.0478000,0.0385000,1.0292000,-1.1631687,-1.1988076,-0.3867187,-0.0010543,0.0193564,0.9787660,40
1886,0.3800000,2.3700000,-2.2900000,-0.0302000,-0.0717000,1.1933000,-1.1148537,-1.1017625,-0.5032910,-0.0008180,0.0165533,0.9828209,40
1887,-1.4400000,-1.2200000,0.8100000,0.0405000,-0.0131000,0.7895000,-1.0417036,-0.8839356,-0.6494881,-0.0019604,0.0110559,0.9909246,40
1888,-0.3400000,-1.5200000,-0.4600000,-0.0068000,0.0747000,0.9267000,-0.9681417,-0.7051549,-0.7137704,-0.0016519,0.0061761,0.9908060,40
1889,1.3000000,0.8500000,-2.8400000,-0.0258000,-0.0410000,1.2905000,-0.8596569,-0.6023304,-0.7569043,-0.0012993,0.0044642,0.9901309,40
1890,-1.1300000,2.3100000,0.2000000,0.0234000,-0.0761000,0.8159000,-0.6983265,-0.4379889,-0.8430587,-0.0016717,0.0013327,0.9969898,40
1891,1.2400000,-2.5600000,0.8100000,0.0615000,0.0522000,0.8994000,-0.5331348,-0.2389604,-0.8633240,-0.0001193,-0.0036146,0.9980497,40
1892,-0.6400000,0.7300000,-2.4700000,-0.0302000,0.0043000,1.2592000,-0.3701010,-0.1338901,-0.8200216,0.0032196,-0.0058424,0.9963536,40
1893,-0.7000000,4.2100000,-0.3400000,-0.0034000,-0.0546000,0.9345000,-0.2506693,0.0067121,-0.8161470,0.0050561,-0.0066773,1.0026342,40
1894,1.9100000,-2.6200000,1.7900000,0.0581000,0.0092000,0.8383000,-0.1565452,0.2274926,-0.7754115,0.0062516,-0.0085984,1.0057778,40
1895,-1.0700000,-0.6700000,-1.2500000,-0.0249000,0.0400000,1.1552000,-0.0424319,0.3166736,-0.6470283,0.0082814,-0.0090634,1.0026364,40
1896,-0.2200000,5.1200000,-0.8900000,-0.0156000,-0.0698000,1.0454000,0.0251260,0.3717272,-0.5448450,0.0087714,-0.0082439,1.0043080,40
1897,0.9900000,-1.4000000,2.6400000,0.0727000,-0.0385000,0.8554000,0.0559926,0.5412548,-0.4433727,0.0087143,-0.0098296,1.0070705,40
1898,-1.4400000,-0.7900000,1.1800000,0.0078000,0.0795000,1.0258000,0.0777175,0.6372284,-0.2308113,0.0107412,-0.0114086,1.0038960,40
1899,0.8700000,4.5700000,-0.7600000,0.0068000,-0.0375000,1.1557000,0.0649225,0.6795229,0.0092106,0.0130882,-0.0098378,1.0028064,40
1900,-1.9300000,0.8500000,2.2800000,0.0283000,-0.0615000,0.8354000,0.0187650,0.8368272,0.2013709,0.0145401,-0.0091849,1.0053485,40
1901,1.9100000,-2.1300000,2.4000000,0.0063000,0.0551000,0.9785000,-0.0340356,0.9536344,0.4329532,0.0157031,-0.0101450,1.0026329,40
1902,-0.2800000,2.7400000,-1.1900000,0.0151000,0.0268000,1.1572000,-0.0328310,0.9384843,0.6649893,0.0163122,-0.0084295,0.9996676,40
1903,-1.4400000,3.6000000,0.8100000,-0.0097000,-0.0771000,0.8823000,-0.0312285,0.9929555,0.7770543,0.0159306,-0.0060175,1.0013111,40
1904,3.1900000,-3.7800000,2.5200000,0.0375000,0.0180000,0.9160000,-0.0270895,1.0718366,0.8457498,0.0150729,-0.0061843,0.9990024,40
1905,-0.8900000,-0.2400000,-0.5200000,-0.0161000,0.0776000,1.0883000,0.0590789,0.9519727,0.9289102,0.0143000,-0.0050614,0.9936373,40
1906,0.6900000,5.9100000,-0.4600000,-0.0185000,-0.0581000,1.0781000,0.1517722,0.8317601,0.9281076,0.0123905,-0.0016230,0.9941358,40
1907,0.4500000,-2.4400000,1.7300000,0.0375000,-0.0146000,0.8847000,0.2179071,0.8714053,0.8588590,0.0098571,-0.0003558,0.9975214,40
1908,1.4200000,-1.7700000,-0.3400000,0.0273000,0.0839000,1.0097000,0.3032686,0.8119672,0.7988729,0.0091235,0.0004171,0.9970240,40
1909,-0.8300000,4.5100000,-2.0500000,0.0219000,-0.0361000,1.1123000,0.3830577,0.6790958,0.6761412,0.0102096,0.0032312,0.9972734,40
1910,0.3200000,1.1500000,1.0600000,0.0102000,-0.0937000,0.8593000,0.4050650,0.7080246,0.4752285,0.0117187,0.0031295,0.9995322,40
1911,2.0300000,-4.0800000,0.9300000,0.0307000,0.0576000,1.0795000,0.4235925,0.7245277,0.3282794,0.0132113,-0.0005189,0.9992190,40
1912,-2.3500000,4.0200000,-1.6200000,0.0126000,0.0722000,1.0893000,0.4422157,0.6168590,0.2337699,0.0147983,-0.0009353,1.0012419,40
1913,0.7500000,-0.8500000,2.1500000,0.0029000,-0.0600000,0.8535000,0.3800749,0.5607103,0.1511633,0.0158082,0.0017246,1.0046808,40
1914,1.7300000,-2.9300000,1.0000000,0.0078000,0.0683000,1.0820000,0.3273615,0.4674046,0.1599467,0.0157122,0.0037037,1.0040662,40
1915,-1.6200000,5.3700000,-1.3800000,0.0258000,0.0263000,1.0517000,0.3192715,0.3431029,0.2083618,0.0152780,0.0067420,1.0047351,40
1916,0.6300000,2.6800000,1.1800000,0.0068000,-0.0644000,0.8940000,0.2707614,0.4464937,0.2110261,0.0151018,0.0092838,1.0063784,40
1917,1.6000000,-4.6300000,1.4800000,0.0048000,0.0322000,1.0551000,0.2428016,0.5994437,0.2451875,0.0146633,0.0087563,1.0048072,40
1918,-1.1900000,3.2900000,-1.3800000,0.0058000,0.1142000,1.0761000,0.2583845,0.5833088,0.3028303,0.0136499,0.0100081,1.0050260,40
1919,-1.1300000,6.3400000,-0.3400000,0.0014000,-0.0668000,0.9321000,0.2092625,0.6925925,0.2829371,0.0122610,0.0138991,1.0075622,40
1920,0.6900000,-4.8200000,1.7300000,-0.0341000,-0.0244000,0.9506000,0.1055171,0.9309730,0.2408218,0.0098730,0.0143984,1.0063902,40
1921,0.4500000,0.0600000,-0.5800000,-0.0053000,0.1127000,1.1523000,0.0445617,0.9440003,0.2454768,0.0061004,0.0135037,1.0048360,40
1922,-3.2100000,7.9900000,-1.0700000,0.0258000,-0.0566000,0.9072000,-0.0306471,0.9425949,0.2187006,0.0028112,0.0147451,1.0067123,40
1923,1.0600000,-2.7400000,2.1500000,-0.0166000,-0.0839000,0.8945000,-0.1750296,1.1330803,0.1725111,0.0010723,0.0126617,1.0045889,40
1924,1.6700000,-3.6600000,1.0600000,0.0024000,0.0703000,1.1694000,-0.2419205,1.1411283,0.2151867,-0.0002295,0.0072136,1.0001592,40
1925,-2.7800000,6.9500000,-0.8300000,0.0317000,0.0117000,0.9824000,-0.2328518,0.9921599,0.2943568,-0.0006464,0.0045136,1.0016374,40
1926,-0.3400000,1.7600000,1.4200000,0.0000000,-0.0366000,0.8330000,-0.2932823,1.0579155,0.3379543,0.0004597,0.0035661,1.0017952,40
1927,2.0300000,-6.0400000,1.1200000,-0.0341000,0.0361000,1.1450000,-0.3371984,1.1040713,0.4016276,0.0010840,0.0021618,0.9976029,40
1928,-3.3300000,4.0200000,-1.8600000,0.0063000,0.1123000,1.0634000,-0.3304432,0.9184543,0.4463504,0.0001541,0.0040579,0.9988504,40
1929,-1.8600000,5.6100000,-0.7000000,-0.0136000,-0.0400000,0.7973000,-0.4299062,0.8784604,0.3729015,-0.0011596,0.0093803,1.0011305,40
1930,0.8700000,-7.2000000,0.8700000,-0.0463000,-0.0351000,1.0747000,-0.5832762,0.9437107,0.2478393,-0.0032586,0.0119841,0.9971338,40
1931,-1.1900000,-0.6700000,-1.2500000,-0.0180000,0.1030000,1.0991000,-0.6610930,0.7197589,0.1435031,-0.0068373,0.0125467,0.9957206,40
1932,-3.0900000,7.0700000,-1.0100000,0.0117000,-0.0498000,0.8261000,-0.7502765,0.4887838,0.0120387,-0.0100012,0.0143317,0.9971463,40
1933,1.1200000,-4.8800000,1.7300000,-0.0307000,-0.0883000,0.9736000,-0.8727232,0.4738980,-0.1041717,-0.0117350,0.0126201,0.9927650,40
1934,0.5700000,-5.0600000,0.3800000,-0.0312000,0.0756000,1.1777000,-0.8867691,0.2706350,-0.1134990,-0.0135290,0.0074800,0.9895521,40
1935,-2.2300000,5.3000000,-1.0100000,0.0312000,0.0136000,0.8935000,-0.8239377,-0.0762777,-0.0806399,-0.0148360,0.0051189,0.9927995,40
1936,0.8700000,-0.3600000,0.8700000,-0.0136000,-0.0800000,0.8803000,-0.7781027,-0.1886113,-0.0685518,-0.0141289,0.0036512,0.9923477,40
1937,1.4800000,-7.5000000,0.4500000,-0.0498000,0.0268000,1.1889000,-0.6663161,-0.3041482,-0.0315937,-0.0134602,0.0000147,0.9895196,40
1938,-0.0900000,2.1300000,-1.9900000,0.0190000,0.0908000,1.0087000,-0.4659823,-0.6195176,-0.0097709,-0.0138419,-0.0010254,0.9939059,40
1939,-1.1300000,3.1100000,-0.4600000,0.0112000,-0.0268000,0.8134000,-0.2966498,-0.7746232,-0.0751225,-0.0129867,0.0020370,0.9976044,40
1940,2.1500000,-7.5000000,1.0600000,-0.0893000,-0.0444000,1.0610000,-0.1682339,-0.7948013,-0.1481552,-0.0123570,0.0036929,0.9940735,40
1941,1.5400000,-3.1100000,-1.3100000,-0.0351000,0.1035000,1.1518000,0.0222333,-1.0451440,-0.1760639,-0.0150274,0.0042152,0.9940364,40
1942,-1.9900000,5.3700000,-0.6400000,0.0356000,-0.0122000,0.8237000,0.2076737,-1.2894377,-0.2240027,-0.0180211,0.0072321,0.9982733,40
1943,3.3100000,-4.1500000,2.1500000,-0.0307000,-0.1020000,0.9497000,0.3273957,-1.2726408,-0.2455901,-0.0183850,0.0081261,0.9960865,40
1944,2.0300000,-7.0800000,0.6300000,-0.0444000,0.0776000,1.1704000,0.5116339,-1.3606669,-0.1535485,-0.0185513,0.0052631,0.9928595,40
1945,-1.0100000,3.2900000,-0.9500000,0.0307000,0.0244000,0.9643000,0.7164243,-1.6094677,-0.0327773,-0.0189511,0.0045626,0.9964807,40
1946,3.4400000,-5.1800000,1.7900000,-0.0249000,-0.0883000,1.0053000,0.8595017,-1.7538159,0.0577560,-0.0178437,0.0045120,1.0011806,40
1947,1.6700000,-5.1200000,-0.5200000,-0.0102000,0.1210000,1.2211000,1.0336464,-1.9503200,0.1535558,-0.0162885,0.0034904,1.0080364,40
1948,-1.9300000,5.7900000,-1.6800000,0.0410000,0.0327000,0.8686000,1.1597024,-2.1130750,0.1839839,-0.0140689,0.0062984,1.0181362,40
1949,1.4800000,-1.2800000,0.8100000,0.0166000,-0.0986000,0.7949000,1.1331265,-1.9436758,0.1270631,-0.0097398,0.0093567,1.0182001,40
1950,1.9700000,-8.2400000,0.4500000,-0.0703000,0.0107000,1.3032000,1.0853041,-1.7795068,0.0881819,-0.0061026,0.0074776,1.0119912,40
1951,-1.8000000,4.8800000,-1.6200000,0.0229000,0.0546000,1.0258000,1.0401487,-1.7899366,0.0579689,-0.0053100,0.0052179,1.0156235,40
1952,0.1400000,2.9900000,0.7500000,0.0659000,-0.0786000,0.7099000,0.8977052,-1.5622579,-0.0070351,-0.0035437,0.0041789,1.0179973,40
1953,2.8900000,-7.3200000,2.2800000,-0.0263000,-0.0571000,1.1171000,0.7617474,-1.2196392,-0.0047803,0.0004525,-0.0000305,1.0092915,40
1954,0.4500000,0.3600000,-0.2200000,0.0014000,0.0869000,1.1850000,0.7412878,-1.1286635,0.0992741,0.0032744,-0.0048546,1.0055544,40
1955,-2.7200000,5.1800000,0.5100000,0.0312000,-0.0112000,0.7924000,0.6901050,-1.0081651,0.2052305,0.0049758,-0.0054397,1.0083248,40
1956,1.9700000,-4.2100000,2.2200000,-0.0380000,-0.0141000,0.9521000,0.5411886,-0.7191511,0.3173507,0.0061854,-0.0043658,1.0038476,40
1957,1.5400000,-3.3500000,-0.2800000,-0.0649000,0.1250000,1.2514000,0.4576354,-0.6083690,0.4575546,0.0042612,-0.0016072,0.9996227,40
1958,-3.8800000,5.4900000,-1.6200000,0.0336000,0.0537000,0.9057000,0.3907824,-0.5972982,0.5115210,-0.0000105,0.0061073,1.0041855,40
1959,0.8700000,-0.7900000,0.8700000,0.0312000,-0.0683000,0.7749000,0.2090673,-0.4048447,0.4518192,-0.0020764,0.0138601,1.0035160,40
1960,2.2200000,-6.2800000,0.5700000,-0.0610000,0.0004000,1.2797000,0.0773356,-0.2964894,0.3910907,-0.0025317,0.0160620,0.9974862,40
1961,-0.9500000,4.5100000,-1.6200000,0.0615000,0.0717000,1.0590000,0.0742001,-0.3807144,0.3285572,-0.0032088,0.0162682,1.0017197,40
1962,-0.1600000,3.8400000,0.3800000,0.0883000,-0.0961000,0.6704000,0.0694418,-0.2719996,0.2160663,-0.0003667,0.0160516,1.0056644,40
1963,1.7900000,-7.3200000,1.5400000,-0.0546000,-0.0546000,1.1816000,0.0712548,-0.0826186,0.1402193,0.0051708,0.0111066,0.9993324,40
1964,1.4800000,1.4600000,-0.9500000,-0.0048000,0.1152000,1.2260000,0.1651020,-0.1421003,0.1307197,0.0077908,0.0052334,1.0005386,40
1965,-3.3300000,7.1400000,-0.3400000,0.0791000,-0.0087000,0.7094000,0.2405462,-0.1138052,0.1000676,0.0091445,0.0044021,1.0081576,40
1966,2.8300000,-4.7600000,1.7300000,0.0034000,-0.0317000,0.9760000,0.2224126,0.1339996,0.0743784,0.0124271,0.0048428,1.0047731,40
1967,1.3600000,-2.4400000,-0.7600000,-0.0502000,0.0966000,1.3115000,0.2670231,0.1853632,0.0993243,0.0142511,0.0052285,1.0016748,40
1968,-5.2200000,7.3800000,-2.0500000,0.0595000,0.0224000,0.8369000,0.2808107,0.1580260,0.0703909,0.0135230,0.0087491,1.0083074,40
1969,1.5400000,-0.8500000,0.0800000,0.0498000,-0.0708000,0.7543000,0.1156663,0.3581547,-0.0498188,0.0143515,0.0117221,1.0066643,40
1970,1.6700000,-6.2200000,-0.1500000,-0.0791000,-0.0102000,1.3295000,-0.0089804,0.4468907,-0.1638835,0.0153367,0.0100884,0.9985480,40
1971,-2.2300000,4.8800000,-2.1700000,0.0458000,0.0800000,1.0356000,-0.0349803,0.2990003,-0.2718729,0.0134792,0.0080053,1.0024746,40
1972,-0.5200000,2.9900000,-0.1500000,0.0766000,-0.0639000,0.5937000,-0.1153213,0.3112752,-0.4124785,0.0129946,0.0077513,1.0046818,40
1973,2.5200000,-7.8100000,0.9300000,-0.0649000,-0.0869000,1.2290000,-0.1726465,0.3553962,-0.5004486,0.0143330,0.0042605,0.9947155,40
1974,0.6900000,0.7900000,-1.8600000,0.0053000,0.1186000,1.2558000,-0.0909085,0.1173560,-0.5196781,0.0130780,-0.0007125,0.9949238,40
1975,-2.9600000,6.6500000,-1.3100000,0.1000000,-0.0341000,0.5834000,-0.0123043,-0.0363040,-0.5726053,0.0121403,-0.0015111,1.0019722,40
1976,3.7400000,-5.9200000,0.4500000,-0.0102000,-0.0722000,1.0083000,0.0091729,0.0321434,-0.6414868,0.0144819,-0.0023396,0.9949049,40
1977,2.2200000,-4.0200000,-1.6200000,-0.0546000,0.0737000,1.4038000,0.1575723,-0.1115078,-0.6749004,0.0153224,-0.0047878,0.9908578,40
1978,-3.8800000,6.8900000,-2.1100000,0.0795000,0.0161000,0.6938000,0.3264486,-0.3366702,-0.7405218,0.0138292,-0.0041397,0.9992332,40
1979,4.2900000,-7.6300000,0.8700000,-0.0585000,-0.0615000,1.1982000,0.3834288,-0.4112551,-0.8229337,0.0126824,-0.0024998,1.0044575,40
1980,1.1200000,-2.2500000,-1.3800000,-0.0449000,0.1074000,1.3447000,0.5060561,-0.6393380,-0.8448256,0.0092733,-0.0012372,1.0161843,40
1981,-4.1200000,7.2600000,-1.1300000,0.1108000,0.0024000,0.6337000,0.5924510,-0.8320651,-0.8516499,0.0055887,0.0027990,1.0328746,40
1982,2.8900000,-3.7800000,1.3600000,0.0166000,-0.0590000,0.8813000,0.5153142,-0.7183205,-0.8334008,0.0066588,0.0062311,1.0307638,40
1983,0.5700000,-6.6500000,-0.2800000,-0.1142000,0.0156000,1.4702000,0.4692314,-0.7272444,-0.7284376,0.0074086,0.0059235,1.0242576,40
1984,-3.1500000,5.9800000,-1.3100000,0.0747000,0.0600000,0.8247000,0.4196544,-0.8974711,-0.6128438,0.0045409,0.0058970,1.0311180,40
1985,-0.0900000,1.7600000,1.3000000,0.0874000,-0.0708000,0.6289000,0.2372607,-0.7925599,-0.5216091,0.0047992,0.0067077,1.0279672,40
1986,0.7500000,-9.1500000,1.3600000,-0.1010000,-0.0244000,1.4287000,0.0494072,-0.6545767,-0.3679720,0.0075616,0.0045599,1.0138829,40
1987,-0.0900000,2.7400000,-0.8900000,0.0136000,0.1044000,1.1215000,-0.0485320,-0.7906470,-0.1770152,0.0066975,0.0025109,1.0159414,40
1988,-4.7900000,6.5900000,0.8100000,0.0136000,0.1044000,1.1215000,-0.1921985,-0.7557570,-0.0324920,0.0043962,0.0067951,1.0319111,41
1989,2.7000000,-7.5000000,1.7900000,-0.0712000,-0.0483000,1.2548000,-0.4088803,-0.5035658,0.1134184,0.0019566,0.0143170,1.0520274,41
1990,-0.5800000,-1.5800000,-1.4400000,-0.0908000,0.0937000,1.3945000,-0.5144003,-0.5020022,0.2571330,-0.0041756,0.0200295,1.0813470,41
1991,-3.7600000,7.3800000,-0.8900000,0.1147000,0.0415000,0.5556000,-0.5853372,-0.5265452,0.2888831,-0.0105465,0.0257112,1.1056543,41
1992,2.7000000,-0.9700000,1.7900000,0.0322000,-0.0864000,0.8710000,-0.6922607,-0.2547689,0.2573198,-0.0103550,0.0291033,1.1002383,41
1993,-1.5600000,-6.7100000,0.0800000,-0.1445000,0.0180000,1.4926000,-0.7036179,-0.0855041,0.2720363,-0.0087055,0.0266654,1.0844987,41
1994,-0.8300000,5.2400000,-0.4000000,0.0366000,0.0703000,0.8627000,-0.6794820,-0.1538398,0.2907503,-0.0113706,0.0233593,1.0820540,41
1995,-1.0700000,5.6100000,2.4000000,0.0917000,-0.0771000,0.5620000,-0.6955749,0.0030734,0.3131356,-0.0117567,0.0209993,1.0694761,41
1996,0.4500000,-7.6300000,1.9700000,-0.1469000,-0.0410000,1.3623000,-0.7006283,0.2807992,0.4302682,-0.0095918,0.0152903,1.0427537,41
1997,3.2500000,0.9100000,-0.7600000,-0.0385000,0.0732000,1.2114000,-0.5857286,0.2608329,0.5828917,-0.0122648,0.0086753,1.0321822,41
1998,-3.7000000,5.5500000,1.3000000,-0.0385000,0.0732000,1.2114000,-0.3997130,0.2218522,0.6690972,-0.0182638,0.0073228,1.0428300,42
1999,5.4500000,-3.4100000,3.1900000,-0.0336000,-0.0854000,1.1376000,-0.2221928,0.3517466,0.7716537,-0.0236385,0.0085623,1.0617186,42
