index,gx_raw_dps,gy_raw_dps,gz_raw_dps,ax_raw_g,ay_raw_g,az_raw_g,gx_25hz_dps,gy_25hz_dps,gz_25hz_dps,ax_25hz_g,ay_25hz_g,az_25hz_g,bad
497,0.9200000,0.7000000,-0.1800000,-0.0336000,0.0014000,1.3076000,0.0184767,0.0140584,-0.0036150,-0.0006748,0.0000281,0.0262610,1
498,-2.9700000,2.5900000,-1.0300000,0.0810000,0.0517000,0.8315000,0.0061482,0.1020780,-0.0335590,-0.0007762,0.0011384,0.1102153,1
499,-0.9600000,-0.1500000,-0.1800000,0.0512000,0.0488000,0.7709000,-0.1223511,0.2654069,-0.0986694,0.0028281,0.0048439,0.2303474,1
500,2.8100000,-0.8800000,0.5400000,-0.0712000,-0.0371000,1.1308000,-0.2367088,0.3771547,-0.1495725,0.0071658,0.0090846,0.3592638,1
501,0.7400000,1.8600000,-0.3000000,-0.0244000,-0.0175000,1.2719000,-0.1825865,0.4175220,-0.1581536,0.0070506,0.0102130,0.4995305,1
502,-4.6200000,2.8900000,-1.1600000,0.0747000,0.0458000,0.8676000,-0.1398348,0.5249483,-0.1754538,0.0055005,0.0095881,0.6405845,1
503,-1.9400000,0.3900000,-0.2400000,0.0346000,0.0302000,0.7373000,-0.3108529,0.7129449,-0.2298929,0.0072698,0.0105118,0.7547894,1
504,1.5900000,-1.0000000,0.6000000,-0.0854000,-0.0346000,1.1010000,-0.5343397,0.8298660,-0.2672261,0.0089954,0.0116977,0.8365511,1
505,0.1900000,1.8000000,-0.1200000,-0.0493000,-0.0063000,1.2680000,-0.6060288,0.8420034,-0.2528326,0.0056540,0.0106088,0.9062828,1
506,-3.5800000,2.2800000,-0.7300000,0.0644000,0.0268000,0.8793000,-0.6356566,0.8801535,-0.2307212,0.0006548,0.0086485,0.9689031,1
507,-1.8800000,-1.0000000,0.4200000,0.0546000,0.0400000,0.7548000,-0.7813317,0.9415622,-0.2213021,0.0000892,0.0084497,1.0071725,1
508,1.1100000,-1.6100000,1.0300000,-0.0756000,-0.0083000,1.0795000,-0.9371129,0.8785970,-0.1745882,0.0016874,0.0096217,1.0204642,1
509,1.2900000,1.1200000,-0.1200000,-0.0473000,-0.0092000,1.2529000,-0.9290060,0.7053750,-0.0832061,-0.0003131,0.0098856,1.0306928,1
510,-3.1000000,1.2500000,-1.3400000,0.0957000,0.0317000,0.8696000,-0.8373273,0.5753702,-0.0289597,-0.0030672,0.0093611,1.0439232,1
511,-1.8800000,-1.4900000,-1.0300000,0.0795000,0.0415000,0.8061000,-0.8476296,0.4885476,-0.0687615,-0.0000965,0.0101947,1.0448272,1
512,1.2300000,-0.9400000,0.0000000,-0.0444000,-0.0239000,1.1035000,-0.8992133,0.3399945,-0.1570481,0.0060400,0.0117339,1.0334773,1
513,1.1700000,1.0600000,0.0000000,-0.0419000,-0.0493000,1.2080000,-0.8249138,0.1710142,-0.2217405,0.0084622,0.0106618,1.0279492,1
514,-3.0300000,1.4300000,-0.9700000,0.0878000,0.0224000,0.9311000,-0.7001486,0.1013178,-0.2648987,0.0085245,0.0071074,1.0312080,1
515,-0.2300000,0.0900000,0.5400000,0.0156000,0.0063000,0.8823000,-0.6667116,0.1290131,-0.2994148,0.0108781,0.0042929,1.0298370,1
516,1.6500000,-0.0200000,1.2100000,-0.0751000,-0.0234000,1.2236000,-0.6286609,0.1683439,-0.2709887,0.0123954,0.0023760,1.0249401,1
517,-1.2600000,2.0400000,-0.3600000,0.0327000,0.0087000,1.0947000,-0.5174037,0.2220194,-0.1787713,0.0103263,0.0003170,1.0283154,1
518,-4.1300000,1.4300000,-0.8500000,0.0805000,0.0292000,0.8046000,-0.5049007,0.3488664,-0.1124963,0.0095916,-0.0005630,1.0325755,1
519,0.0700000,-0.3300000,0.7900000,-0.0078000,0.0112000,0.9233000,-0.6461092,0.4939752,-0.0864593,0.0120833,0.0004903,1.0252038,1
520,1.9000000,1.1900000,0.9100000,-0.0512000,-0.0244000,1.1713000,-0.7267436,0.5867217,-0.0298782,0.0129859,0.0016728,1.0148865,1
521,-1.2600000,2.2200000,-0.3000000,0.0092000,-0.0166000,1.0498000,-0.6676592,0.6848273,0.0552030,0.0104931,0.0012082,1.0134139,1
522,-3.1600000,1.2500000,-0.5500000,0.0468000,-0.0068000,0.9125000,-0.6520451,0.8309066,0.1005153,0.0083326,-0.0004801,1.0150751,1
523,-0.0400000,0.6400000,0.9100000,0.0097000,-0.0312000,0.8613000,-0.7426851,0.9654920,0.1116608,0.0085369,-0.0027575,1.0096296,1
524,2.6300000,0.7000000,1.4600000,-0.0517000,-0.0136000,1.1152000,-0.7534057,1.0391165,0.1646665,0.0082734,-0.0056595,1.0003487,1
525,0.8600000,1.9200000,0.0000000,-0.0185000,-0.0249000,1.0898000,-0.5776508,1.0823900,0.2623529,0.0051864,-0.0087390,0.9980135,1
526,-2.5500000,0.3900000,-0.8500000,0.0498000,-0.0039000,0.8789000,-0.3823753,1.1222024,0.3161793,0.0020086,-0.0113636,1.0001639,1
527,0.6200000,-0.2100000,0.3600000,0.0122000,-0.0043000,0.8759000,-0.2991194,1.1075933,0.2983895,0.0016830,-0.0128771,0.9959768,1
528,3.2400000,0.3900000,1.0900000,-0.0410000,0.0185000,1.1450000,-0.1829328,1.0164770,0.2822893,0.0020057,-0.0126928,0.9891100,1
529,1.9000000,1.2500000,0.1800000,-0.0107000,-0.0048000,1.0322000,0.0870295,0.9129340,0.3039129,0.0004349,-0.0109947,0.9895592,1
530,-2.0600000,-0.7600000,-1.0300000,0.0444000,0.0117000,0.9399000,0.3531940,0.8159650,0.3018019,-0.0009690,-0.0086086,0.9936846,1
531,0.0100000,0.5800000,-0.4800000,0.0009000,-0.0136000,0.9145000,0.4511415,0.6944503,0.2288065,-0.0002050,-0.0062863,0.9933533,1
532,2.3900000,0.7600000,0.3000000,-0.0292000,-0.0039000,1.1250000,0.4847478,0.5840258,0.1296690,0.0006429,-0.0046815,0.9915439,1
533,1.7200000,1.2500000,-0.4800000,0.0131000,-0.0117000,0.9931000,0.5981024,0.5335673,0.0484403,0.0002434,-0.0039410,0.9942279,1
534,-2.0600000,-0.6400000,-1.7700000,0.0673000,-0.0175000,0.9633000,0.6984692,0.5109608,-0.0563498,0.0012589,-0.0040491,0.9979092,1
535,-0.9600000,0.2100000,-0.4200000,-0.0014000,-0.0102000,0.9599000,0.6392491,0.4590298,-0.2082005,0.0047473,-0.0049360,0.9980202,1
536,1.5300000,1.2500000,0.7900000,-0.0410000,0.0322000,1.0844000,0.5007108,0.4095343,-0.3254164,0.0070752,-0.0052227,0.9975977,1
537,1.1100000,1.6100000,0.0000000,-0.0131000,0.0019000,0.9541000,0.4361029,0.4316510,-0.3511545,0.0060618,-0.0038604,0.9991826,1
538,-2.5500000,-1.0000000,-1.1000000,0.0268000,-0.0009000,1.0366000,0.3837328,0.4808489,-0.3456781,0.0041135,-0.0019716,1.0008512,1
539,-2.6700000,0.2700000,0.1200000,-0.0161000,0.0063000,0.9575000,0.1855634,0.4713638,-0.3561696,0.0030235,-0.0004733,1.0015477,1
540,1.5900000,1.4900000,1.3400000,-0.0336000,0.0507000,1.0537000,-0.0829650,0.4481001,-0.3246460,0.0012983,0.0017789,1.0019766,1
541,0.1300000,1.8000000,0.3600000,-0.0190000,-0.0058000,1.0048000,-0.2356679,0.4986035,-0.2148850,-0.0019670,0.0051269,1.0034926,1
542,-2.6700000,-0.6400000,-0.8500000,0.0375000,-0.0336000,1.0087000,-0.3311405,0.5803103,-0.1029262,-0.0045880,0.0069727,1.0056304,1
543,-3.4600000,0.4500000,0.1800000,0.0034000,-0.0268000,0.9150000,-0.5398931,0.6055756,-0.0461496,-0.0047075,0.0055921,1.0052879,1
544,1.4700000,1.8000000,1.5800000,-0.0263000,0.0458000,1.1059000,-0.7934824,0.6145034,0.0158624,-0.0040444,0.0034260,1.0035309,1
545,0.0100000,2.4100000,0.7900000,-0.0053000,0.0205000,0.9858000,-0.9026216,0.7006025,0.1373040,-0.0043888,0.0034746,1.0043817,1
546,-2.0600000,-0.8800000,-0.7300000,0.0366000,0.0009000,0.9375000,-0.9115550,0.8148191,0.2529631,-0.0042632,0.0049880,1.0048767,1
547,-3.1600000,0.3300000,-0.4800000,-0.0058000,-0.0068000,0.9887000,-0.9900622,0.8422965,0.2837241,-0.0025929,0.0058692,1.0017798,1
548,0.9200000,3.9900000,0.6000000,-0.0341000,0.0419000,1.0493000,-1.1106996,0.8679689,0.2587692,-0.0014962,0.0065493,0.9989317,1
549,-0.4700000,1.2500000,-0.6700000,0.0395000,0.0102000,0.9267000,-1.1347936,1.0067040,0.2229807,-0.0013654,0.0082106,0.9974721,1
550,-3.2200000,-0.5700000,-1.4000000,0.0419000,-0.0273000,1.0000000,-1.1241545,1.1337034,0.1391365,0.0005713,0.0093194,0.9947849,1
551,-2.6100000,1.5500000,0.0000000,-0.0327000,0.0068000,1.0366000,-1.2182175,1.1574188,0.0044963,0.0035871,0.0085268,0.9927434,1
552,1.1700000,3.8700000,1.0300000,-0.0336000,0.0278000,1.0073000,-1.3266874,1.2081828,-0.0896475,0.0040864,0.0076166,0.9936337,1
553,0.1300000,1.8000000,-0.3000000,0.0400000,0.0043000,0.9697000,-1.2924891,1.3664074,-0.1074783,0.0028753,0.0077605,0.9951359,1
554,-3.8900000,0.3300000,-0.9100000,0.0410000,-0.0180000,0.9990000,-1.2161309,1.5147670,-0.1199200,0.0036229,0.0075990,0.9953996,1
555,-2.9700000,1.3700000,0.4800000,-0.0415000,0.0229000,1.0151000,-1.2827478,1.5651505,-0.1512027,0.0054280,0.0067082,0.9955928,1
556,1.2900000,3.6900000,0.9700000,-0.0302000,0.0483000,1.0312000,-1.3939370,1.6074937,-0.1386342,0.0046997,0.0071263,0.9972838,1
557,-0.7200000,1.9800000,-0.3600000,0.0180000,0.0205000,0.9291000,-1.3755612,1.7210095,-0.0780647,0.0021700,0.0096337,0.9987192,1
558,-3.1000000,-0.4500000,-1.1000000,0.0317000,-0.0097000,1.0122000,-1.3185431,1.8001587,-0.0500180,0.0011264,0.0120665,0.9977664,1
559,-3.5200000,0.5800000,-0.3000000,-0.0483000,0.0122000,1.0493000,-1.3857218,1.7396465,-0.0854505,0.0010314,0.0129246,0.9973910,1
560,0.1900000,3.6300000,0.5400000,-0.0283000,0.0361000,0.9995000,-1.5173166,1.6482470,-0.1246074,-0.0009842,0.0134568,0.9995751,1
561,-0.2900000,1.3700000,0.0500000,0.0087000,0.0024000,0.9199000,-1.5487098,1.6421861,-0.1230414,-0.0041299,0.0144604,1.0003713,1
562,-2.1200000,-1.3700000,-0.8500000,0.0302000,-0.0571000,1.0112000,-1.4948399,1.6067933,-0.1163702,-0.0054279,0.0136171,0.9978497,1
563,-3.5800000,-0.5100000,-0.3000000,-0.0458000,-0.0014000,1.0302000,-1.5030808,1.4172581,-0.1419057,-0.0053565,0.0097088,0.9958529,1
564,1.5900000,2.6500000,0.4800000,-0.0249000,0.0336000,1.0332000,-1.5420595,1.1870679,-0.1663641,-0.0066136,0.0058941,0.9970102,1
565,-0.1100000,1.2500000,-0.1800000,0.0146000,0.0029000,0.8681000,-1.4534221,1.0653773,-0.1590459,-0.0085152,0.0043538,0.9972836,1
566,-0.5900000,-3.0800000,-1.0300000,0.0400000,-0.0610000,0.9985000,-1.2641510,0.9433179,-0.1598515,-0.0081611,0.0025824,0.9930159,1
567,-3.1000000,-1.3700000,-0.4800000,-0.0541000,-0.0136000,1.0781000,-1.1293740,0.6631314,-0.2021535,-0.0064650,-0.0014263,0.9896991,1
568,1.9600000,1.8600000,0.5400000,-0.0288000,0.0458000,1.0444000,-1.0492107,0.3506316,-0.2421652,-0.0068060,-0.0047342,0.9923980,1
569,0.4300000,0.4500000,-0.2400000,0.0087000,0.0102000,0.7939000,-0.8884069,0.1782754,-0.2411427,-0.0085465,-0.0047040,0.9939524,1
570,1.3500000,-4.1100000,-1.4600000,0.0327000,-0.0800000,1.0146000,-0.6301587,0.0263004,-0.2492319,-0.0085484,-0.0045840,0.9883417,1
571,-3.2200000,-2.1600000,-0.7900000,-0.0532000,-0.0214000,1.1289000,-0.4157155,-0.2727096,-0.3137275,-0.0074432,-0.0075770,0.9847158,1
572,2.0800000,1.5500000,0.6600000,-0.0170000,0.0371000,1.0063000,-0.3052371,-0.5807460,-0.3776875,-0.0079580,-0.0106090,0.9892154,1
573,1.4700000,-0.7000000,0.0500000,0.0288000,-0.0048000,0.8647000,-0.1614599,-0.7268323,-0.3767190,-0.0088217,-0.0107374,0.9930921,1
574,1.3500000,-4.0500000,-0.8500000,0.0556000,-0.0849000,0.9980000,0.0716535,-0.8404611,-0.3476422,-0.0067350,-0.0111099,0.9907852,1
575,-1.8800000,-2.1600000,-0.3600000,-0.0307000,-0.0141000,1.0786000,0.2613958,-1.0659337,-0.3414341,-0.0026605,-0.0142460,0.9888269,1
576,2.8800000,0.3900000,0.5400000,-0.0200000,0.0468000,1.0488000,0.3715278,-1.2851760,-0.3307097,-0.0003517,-0.0164445,0.9925655,1
577,1.0400000,-0.4500000,-0.3000000,0.0078000,0.0253000,0.8959000,0.5111251,-1.3592974,-0.2888296,-0.0001060,-0.0144287,0.9970085,1
578,1.3500000,-4.3600000,-1.2200000,0.0346000,-0.0595000,0.9863000,0.6863216,-1.3954441,-0.2644737,0.0006666,-0.0112156,0.9966220,1
579,-1.8800000,-2.8300000,-0.7900000,-0.0297000,-0.0136000,1.0371000,0.7809047,-1.5475265,-0.2985013,0.0020586,-0.0104089,0.9947495,1
580,4.1600000,0.3300000,0.5400000,-0.0112000,0.0234000,1.0659000,0.8139788,-1.7153544,-0.3417336,0.0020629,-0.0103265,0.9965090,1
581,0.9800000,-2.4100000,-0.6700000,0.0463000,-0.0566000,0.9189000,0.9188198,-1.7771725,-0.3496398,0.0017835,-0.0099141,0.9996812,1
582,-0.8400000,-3.9900000,-0.8500000,0.0332000,-0.0605000,1.0136000,1.0182879,-1.8443603,-0.3597603,0.0037626,-0.0118717,1.0000804,1
583,0.9200000,-0.7000000,0.4800000,-0.0410000,0.0024000,1.0634000,1.0046977,-1.9620119,-0.3753078,0.0061696,-0.0156921,1.0005208,1
584,2.9400000,0.2100000,1.3400000,0.0000000,0.0834000,1.0039000,0.9943992,-1.9838846,-0.3260086,0.0062376,-0.0163254,1.0036595,1
585,0.9800000,-1.9800000,-0.1800000,0.0000000,-0.0195000,0.9111000,1.0641594,-1.8839288,-0.2083526,0.0049567,-0.0124137,1.0050230,1
586,-1.3900000,-4.6600000,-0.8500000,0.0112000,-0.0390000,1.0190000,1.0939051,-1.8373806,-0.1135452,0.0039620,-0.0087992,1.0023831,1
587,0.8600000,-0.6400000,0.4200000,-0.0307000,0.0092000,1.0756000,1.0062271,-1.8997191,-0.0729406,0.0028390,-0.0075475,1.0009946,1
588,2.5700000,1.5500000,1.0900000,0.0341000,0.0634000,0.9936000,0.9274027,-1.8752549,-0.0193492,0.0015674,-0.0052788,1.0033138,1
589,0.1900000,-2.1000000,-0.1800000,0.0297000,-0.0249000,0.9028000,0.9266631,-1.7016891,0.0651779,0.0019755,-0.0011685,1.0038442,1
590,-2.0000000,-4.1100000,-0.6100000,0.0014000,-0.0483000,1.0932000,0.8708259,-1.5894334,0.1165635,0.0039845,0.0008646,1.0017146,1
591,-1.1400000,0.0300000,0.4800000,-0.0546000,0.0263000,1.0644000,0.6656456,-1.5964112,0.1216791,0.0045090,0.0001872,1.0032959,1
592,1.9600000,1.7400000,1.2100000,0.0092000,0.0878000,0.9262000,0.4339858,-1.5190337,0.1465152,0.0025030,0.0015874,1.0070216,1
593,0.3100000,-1.7900000,-0.4200000,0.0146000,0.0058000,0.9204000,0.3126044,-1.3128350,0.2004805,0.0005815,0.0065292,1.0055775,1
594,-2.2400000,-3.8700000,-1.1000000,0.0170000,-0.0405000,1.1123000,0.2164721,-1.1898005,0.2043251,0.0004151,0.0103570,1.0017792,1
595,-2.9700000,0.1500000,-0.0600000,-0.0468000,0.0151000,1.0771000,-0.0059677,-1.2036934,0.1365532,0.0003112,0.0107730,1.0036607,1
596,1.7200000,2.4700000,0.7900000,0.0161000,0.0683000,0.9135000,-0.2778890,-1.1379984,0.0734820,-0.0009955,0.0113391,1.0081884,1
597,0.2500000,-0.8200000,-0.3600000,0.0214000,-0.0180000,0.9042000,-0.4155023,-0.9186896,0.0504248,-0.0016170,0.0134765,1.0065844,1
598,-2.0000000,-3.3200000,-0.9700000,0.0185000,-0.0385000,1.1181000,-0.4659638,-0.7542416,0.0135113,-0.0003313,0.0136402,1.0018135,1
599,-3.5800000,0.0300000,-0.3000000,-0.0834000,-0.0166000,1.0551000,-0.6081059,-0.7374011,-0.0634655,0.0000179,0.0104081,1.0025342,1
600,1.9000000,2.2200000,0.4800000,-0.0151000,0.0668000,0.9375000,-0.7962229,-0.6882492,-0.1296271,-0.0030413,0.0074006,1.0061227,1
601,1.1700000,-0.2700000,0.0000000,0.0078000,-0.0200000,0.8515000,-0.8249929,-0.5170860,-0.1483916,-0.0068838,0.0068254,1.0035462,1
602,0.0100000,-3.7500000,-0.8500000,0.0073000,-0.0620000,1.1303000,-0.6918157,-0.4073435,-0.1559362,-0.0086385,0.0052012,0.9970057,1
603,-2.7900000,-0.3300000,-0.7900000,-0.0424000,-0.0131000,1.0810000,-0.5829597,-0.4669119,-0.1982557,-0.0094716,0.0005866,0.9969296,1
604,2.6900000,1.8000000,0.6000000,0.0166000,0.0742000,0.9233000,-0.5241537,-0.5200251,-0.2462233,-0.0104681,-0.0027013,1.0014575,1
605,1.6500000,0.0900000,0.0000000,0.0185000,0.0043000,0.8935000,-0.3591778,-0.4448339,-0.2489733,-0.0100795,-0.0017893,1.0006514,1
606,-0.1700000,-3.8100000,-1.3400000,0.0024000,-0.0532000,1.0385000,-0.1076311,-0.3976273,-0.2455978,-0.0078959,-0.0004662,0.9950372,1
607,-1.3900000,-1.6700000,-0.9100000,-0.0703000,-0.0097000,1.0834000,0.0607385,-0.5201756,-0.2958025,-0.0068050,-0.0018255,0.9929177,1
608,2.8100000,1.7400000,0.4200000,0.0092000,0.0751000,1.0214000,0.1610316,-0.6656356,-0.3592669,-0.0081495,-0.0025004,0.9966802,1
609,2.0800000,0.5800000,0.1200000,0.0473000,-0.0161000,0.8183000,0.3391445,-0.6574545,-0.3701046,-0.0084495,-0.0002341,0.9982454,1
610,1.9600000,-4.2400000,-0.4800000,0.0419000,-0.1147000,1.0498000,0.6054774,-0.6263037,-0.3437086,-0.0050369,-0.0002037,0.9935218,1
611,-1.8800000,-1.7300000,0.1200000,-0.0166000,-0.0302000,1.1689000,0.8103937,-0.7494148,-0.3136282,-0.0001441,-0.0057049,0.9927560,1
612,2.6900000,2.8300000,1.2800000,0.0429000,0.0708000,0.9531000,0.8945896,-0.8659751,-0.2482545,0.0040418,-0.0108694,0.9996892,1
613,2.2700000,0.5800000,0.3000000,0.0605000,0.0395000,0.8398000,0.9926043,-0.7805886,-0.1265355,0.0090065,-0.0102780,1.0024517,1
614,-3.1000000,-3.4400000,-1.4000000,-0.0073000,-0.0278000,1.1723000,1.0586712,-0.6520725,-0.0286657,0.0146122,-0.0066228,1.0001102,1
615,-0.5900000,1.4900000,-0.3600000,-0.0478000,0.0478000,1.0781000,0.9252197,-0.6138663,-0.0210324,0.0169954,-0.0031099,1.0038716,1
616,1.8400000,2.5300000,0.4800000,0.0341000,0.0629000,0.8554000,0.7163009,-0.4984761,-0.0473839,0.0157768,0.0020178,1.0096662,1
617,2.2000000,-1.6700000,-0.0600000,0.0405000,-0.0371000,0.9042000,0.6310086,-0.2864193,-0.0496329,0.0149510,0.0078858,1.0064425,1
618,-2.4200000,-2.5300000,-0.7900000,0.0136000,-0.0976000,1.1733000,0.6023336,-0.1944857,-0.0557240,0.0158050,0.0088287,1.0005859,1
619,-1.0800000,0.8800000,0.4200000,-0.0126000,-0.0043000,1.0356000,0.4608452,-0.2373880,-0.0796557,0.0161896,0.0039724,1.0025346,1
620,2.2000000,2.6500000,1.4600000,0.0620000,0.0571000,0.8813000,0.2852816,-0.2080765,-0.0582795,0.0161479,-0.0004474,1.0061072,1
621,0.8600000,-0.9400000,0.4200000,0.0375000,-0.0170000,0.9262000,0.2337145,-0.0673252,0.0356255,0.0178144,-0.0013803,1.0023730,1
622,-2.1200000,-3.0200000,-0.6700000,-0.0156000,-0.0537000,1.1469000,0.2180168,-0.0168332,0.1257255,0.0198902,-0.0024823,0.9973894,1
623,-1.5700000,0.5100000,-0.2400000,-0.0336000,0.0278000,1.0708000,0.0910224,-0.1130372,0.1501147,0.0190754,-0.0049298,1.0002432,1
624,1.4700000,3.3200000,0.6600000,0.0581000,0.0913000,0.8579000,-0.0738538,-0.1391471,0.1438566,0.0165244,-0.0042316,1.0049942,1
625,0.9800000,-1.1200000,0.2400000,0.0336000,-0.0356000,0.8789000,-0.1264686,-0.0236118,0.1547965,0.0158945,0.0000667,1.0009221,1
626,-1.1400000,-3.2600000,-0.3000000,-0.0258000,-0.0747000,1.2690000,-0.1040626,0.0086020,0.1662475,0.0162120,0.0017214,0.9959208,1
627,-2.3000000,2.2800000,0.2400000,-0.0200000,0.0043000,1.0629000,-0.1536328,-0.0790755,0.1578264,0.0143500,-0.0009846,1.0026769,1
628,1.3500000,3.5700000,1.3400000,0.0712000,0.0942000,0.7451000,-0.2612489,-0.0311492,0.1702735,0.0121116,-0.0020767,1.0096046,1
629,1.8400000,-1.0600000,0.7300000,0.0131000,-0.0166000,0.9418000,-0.2642949,0.1699876,0.2378821,0.0124242,0.0009264,1.0031320,1
630,-1.9400000,-2.3400000,-0.1200000,-0.0537000,-0.0874000,1.2646000,-0.1829591,0.2674572,0.3159565,0.0125043,0.0022478,0.9965863,1
631,-2.9100000,2.5300000,0.1200000,-0.0449000,0.0234000,1.0585000,-0.2155092,0.2440161,0.3528986,0.0087556,-0.0004593,1.0032966,1
632,0.3700000,4.2400000,0.6600000,0.0625000,0.1220000,0.7734000,-0.3674888,0.3491597,0.3639070,0.0040212,-0.0005238,1.0104484,1
633,2.3300000,0.2700000,0.3000000,0.0302000,-0.0004000,0.8823000,-0.4322261,0.6150848,0.3766783,0.0028769,0.0048392,1.0039051,1
634,-2.3600000,-2.5900000,-0.6700000,-0.0522000,-0.0815000,1.3256000,-0.3854007,0.7802070,0.3664586,0.0033319,0.0086873,0.9966555,1
635,-4.0700000,3.0800000,-0.5500000,-0.0668000,0.0078000,1.0561000,-0.4541471,0.7866791,0.2985327,0.0005242,0.0073324,1.0041158,1
636,0.9800000,4.6600000,0.3600000,0.0615000,0.0888000,0.7431000,-0.6529482,0.8929195,0.2026686,-0.0038150,0.0063343,1.0122029,1
637,2.6300000,0.2100000,0.4200000,0.0415000,-0.0058000,0.8447000,-0.7175526,1.1425768,0.1367541,-0.0043293,0.0087923,1.0040982,1
638,-0.7200000,-2.8300000,-0.3600000,-0.0537000,-0.0898000,1.2724000,-0.5904831,1.2560954,0.1003639,-0.0024878,0.0094094,0.9926444,1
639,-3.6500000,2.0400000,-0.4800000,-0.0795000,-0.0136000,1.1533000,-0.5109564,1.1595099,0.0532973,-0.0040270,0.0050527,0.9967907,1
640,1.4100000,5.0900000,0.6000000,0.0708000,0.0732000,0.7534000,-0.5516560,1.1317458,0.0043696,-0.0075405,0.0009729,1.0063834,1
641,1.9000000,-0.0200000,0.7300000,0.0727000,0.0375000,0.7753000,-0.5119531,1.2680392,0.0017595,-0.0064809,0.0016984,1.0006839,1
642,0.9800000,-3.3200000,-0.3600000,-0.0600000,-0.0781000,1.2670000,-0.3210466,1.2883295,0.0340859,-0.0021437,0.0034351,0.9883578,1
643,-3.5200000,0.5800000,-0.9100000,-0.0849000,-0.0180000,1.1948000,-0.1659893,1.0757399,0.0340053,-0.0018448,0.0015276,0.9915117,1
644,0.9200000,4.1800000,-0.0600000,0.0620000,0.0903000,0.7509000,-0.1564370,0.8935457,-0.0137650,-0.0048749,-0.0002965,1.0024004,1
645,1.7800000,-0.1500000,-0.1200000,0.0712000,0.0366000,0.7768000,-0.1357352,0.8814463,-0.0663926,-0.0042115,0.0025581,0.9986151,1
646,1.2300000,-4.4200000,-0.3600000,-0.0649000,-0.0957000,1.2114000,0.0031220,0.7920317,-0.1080669,-0.0006460,0.0055450,0.9865763,1
647,-1.9400000,2.5300000,-0.1800000,-0.0180000,0.0463000,0.9750000,0.1381193,0.5413204,-0.1465984,0.0001542,0.0048361,0.9834402,1
648,1.4700000,2.1000000,0.3600000,0.0991000,0.0683000,0.6889000,0.1899060,0.3920685,-0.1667639,0.0006189,0.0053025,0.9797526,1
649,2.2700000,-3.7500000,0.2400000,-0.0004000,-0.0532000,0.9526000,0.2735363,0.3246978,-0.1506353,0.0044782,0.0077804,0.9650643,1
650,-0.8400000,-3.0800000,-0.3600000,-0.0834000,-0.1113000,1.3032000,0.4090296,0.0850985,-0.1185501,0.0068929,0.0057441,0.9563878,1
651,-2.9700000,0.8800000,-0.3600000,-0.0219000,0.0454000,1.0415000,0.4152713,-0.2567580,-0.1053188,0.0040900,-0.0006505,0.9663868,1
652,0.8600000,1.4900000,0.5400000,0.0571000,0.0996000,0.7080000,0.2670207,-0.4519677,-0.0992172,0.0005560,-0.0031108,0.9773917,1
653,2.5100000,-3.8700000,0.5400000,-0.0107000,-0.0175000,0.8969000,0.1757943,-0.5410585,-0.0620284,-0.0001164,0.0001221,0.9733002,1
654,-0.4100000,-4.8500000,-0.2400000,-0.0942000,-0.0756000,1.3041000,0.2130199,-0.7776573,-0.0054794,-0.0017132,0.0019648,0.9689227,1
655,-2.8500000,0.1500000,-0.6100000,-0.0380000,0.0346000,1.0659000,0.1964853,-1.1364472,0.0201828,-0.0073614,0.0002956,0.9800794,1
656,1.2300000,0.4500000,0.0000000,0.0708000,0.0795000,0.7172000,0.0720897,-1.3576047,0.0056982,-0.0123889,0.0006694,0.9919099,1
657,3.1200000,-3.8100000,0.1800000,0.0366000,-0.0605000,0.9462000,0.0413447,-1.4458134,-0.0126851,-0.0118023,0.0035284,0.9890311,1
658,-0.3500000,-4.0500000,-0.3000000,-0.0449000,-0.1005000,1.2792000,0.1612986,-1.6115744,-0.0222513,-0.0084877,0.0022268,0.9858327,1
659,-2.1200000,-0.0900000,-0.3000000,-0.0209000,0.0083000,1.0693000,0.2312985,-1.8294225,-0.0410590,-0.0071682,-0.0038720,0.9964454,1
660,1.5300000,0.2700000,0.1800000,0.0761000,0.0864000,0.7353000,0.1961570,-1.9017061,-0.0642830,-0.0059590,-0.0074222,1.0066122,1
661,2.9400000,-2.6500000,0.1200000,0.0268000,-0.0307000,0.9130000,0.2357844,-1.8394780,-0.0703987,-0.0015296,-0.0060823,1.0016139,1
662,-0.2300000,-3.6300000,-0.4200000,-0.0683000,-0.0922000,1.2587000,0.3864567,-1.8257183,-0.0686656,0.0026672,-0.0060840,0.9946636,1
663,-1.7500000,-0.0900000,-0.6700000,-0.0161000,0.0454000,1.1142000,0.4667061,-1.8710608,-0.0899538,0.0026161,-0.0090045,1.0015721,1
664,1.7800000,1.7400000,-0.0600000,0.0908000,0.0917000,0.7314000,0.4415194,-1.7914051,-0.1329325,0.0021783,-0.0083406,1.0102648,1
665,2.4500000,-2.1600000,0.0000000,0.0541000,-0.0078000,0.9082000,0.4754523,-1.5717055,-0.1656838,0.0061329,-0.0028064,1.0046764,1
666,0.3100000,-3.5000000,-0.6100000,-0.0678000,-0.0751000,1.2666000,0.5994032,-1.4266472,-0.1868349,0.0108114,0.0009885,0.9969891,1
667,-2.0600000,1.0000000,-0.9100000,-0.0327000,0.0170000,1.1708000,0.6510314,-1.3828866,-0.2281686,0.0106499,0.0005112,1.0045958,1
668,1.4100000,2.8300000,-0.3000000,0.0893000,0.0971000,0.7495000,0.5836435,-1.2170177,-0.2911761,0.0088092,0.0012887,1.0162890,1
669,1.9000000,-0.3900000,-0.1800000,0.0732000,-0.0219000,0.8085000,0.5469599,-0.8869475,-0.3421357,0.0113212,0.0054856,1.0120024,1
670,0.2500000,-3.0800000,-0.1800000,-0.0639000,-0.0971000,1.2783000,0.5891487,-0.6246907,-0.3642039,0.0154731,0.0068569,1.0011554,1
671,-2.6700000,2.1000000,-0.4200000,-0.0507000,-0.0219000,1.2231000,0.5634558,-0.4956794,-0.3683796,0.0147782,0.0024058,1.0059189,1
672,0.3100000,4.8500000,0.3000000,0.1054000,0.0786000,0.6982000,0.4057147,-0.2532204,-0.3559245,0.0119423,-0.0018934,1.0169877,1
673,1.5300000,0.4500000,0.4800000,0.0903000,-0.0078000,0.7763000,0.2615114,0.1686443,-0.3060887,0.0141930,-0.0019380,1.0105877,1
674,0.6800000,-2.4100000,0.1200000,-0.0693000,-0.0717000,1.3085000,0.2293559,0.4927386,-0.2218223,0.0188484,-0.0019856,0.9967817,1
675,-3.1600000,2.1600000,-0.6100000,-0.0615000,0.0034000,1.2797000,0.1848855,0.6166293,-0.1477489,0.0181149,-0.0048250,1.0017019,1
676,0.3100000,5.1500000,-0.1800000,0.0952000,0.1196000,0.7094000,0.0344675,0.7883395,-0.1140794,0.0142391,-0.0051598,1.0163149,1
677,1.9600000,1.6100000,-0.2400000,0.0922000,0.0200000,0.7148000,-0.0764206,1.1177089,-0.1076219,0.0150499,0.0003138,1.0125934,1
678,0.7400000,-2.7700000,-0.5500000,-0.0605000,-0.0488000,1.2407000,-0.0415854,1.3516280,-0.1191356,0.0187611,0.0060244,0.9967373,1
679,-2.7300000,1.6700000,-1.0300000,-0.0849000,-0.0131000,1.3515000,-0.0016439,1.3476830,-0.1645469,0.0173507,0.0073813,0.9978297,1
680,-0.1700000,4.3000000,0.0000000,0.1220000,0.0522000,0.6020000,-0.0741029,1.3346948,-0.2328705,0.0128773,0.0072007,1.0096642,1
681,2.2700000,-1.2500000,0.4200000,0.0288000,-0.0493000,0.8330000,-0.1306884,1.4002961,-0.2702335,0.0127474,0.0073500,1.0041969,1
682,-1.2000000,-3.2600000,0.0500000,-0.1298000,-0.0634000,1.4746000,-0.0928167,1.3005573,-0.2546133,0.0126403,0.0046501,0.9951839,1
683,-1.3300000,4.1200000,0.0000000,-0.0385000,0.0249000,1.1201000,-0.0903930,1.0588071,-0.2136980,0.0061476,-0.0004917,1.0079115,1
684,-0.3500000,4.2400000,0.9100000,0.1347000,0.1010000,0.5820000,-0.1661280,1.0038712,-0.1510097,0.0000417,-0.0019946,1.0213995,1
685,2.5100000,-1.9200000,0.7300000,0.0512000,0.0175000,0.8002000,-0.1917150,1.1024839,-0.0474608,0.0017878,0.0021102,1.0099407,1
686,-0.1700000,-4.1800000,-0.1200000,-0.1313000,-0.0356000,1.4809000,-0.1023491,1.0012479,0.0679507,0.0048889,0.0065896,0.9950309,1
687,-2.4900000,2.6500000,-0.9100000,-0.0625000,0.0205000,1.2182000,-0.0432387,0.7026502,0.1280763,0.0009842,0.0082664,1.0055534,1
688,-1.3900000,5.4600000,-0.4800000,0.1313000,0.0756000,0.5366000,-0.1331999,0.5868463,0.1077474,-0.0041096,0.0103044,1.0209718,1
689,2.2700000,-1.7900000,-0.2400000,0.0786000,-0.0302000,0.6733000,-0.2404463,0.7020140,0.0436779,-0.0014491,0.0136256,1.0083833,1
690,0.6800000,-5.8800000,-0.1800000,-0.1254000,-0.0668000,1.5175000,-0.2129938,0.6391483,-0.0238171,0.0036492,0.0136247,0.9876003,1
691,-3.4600000,2.1000000,-0.5500000,-0.0688000,-0.0048000,1.3046000,-0.1748624,0.3175297,-0.0882877,0.0017858,0.0091435,0.9956096,1
692,-1.4500000,5.5200000,0.4200000,0.1254000,0.0659000,0.5014000,-0.2908005,0.1628710,-0.1398152,-0.0023163,0.0053242,1.0137135,1
693,2.0200000,-1.9200000,1.0900000,0.0683000,0.0029000,0.7011000,-0.4289584,0.2759318,-0.1339156,0.0002658,0.0050557,1.0043101,1
694,0.1300000,-5.7600000,0.4800000,-0.1279000,-0.0263000,1.4614000,-0.4284798,0.2443368,-0.0575172,0.0045937,0.0053892,0.9851801,1
695,-3.7700000,1.1900000,-0.3000000,-0.0864000,0.0063000,1.3002000,-0.4236757,-0.0415763,0.0312475,0.0014995,0.0042985,0.9926606,1
696,-1.7500000,4.3000000,0.3600000,0.1035000,0.0737000,0.6142000,-0.5705229,-0.2031305,0.0904867,-0.0045659,0.0044587,1.0116242,1
697,1.4700000,-0.8200000,0.7300000,0.0805000,0.0000000,0.6118000,-0.7353551,-0.1102775,0.1443065,-0.0040503,0.0072900,1.0055891,1
698,1.2300000,-6.8000000,-0.0600000,-0.0854000,-0.0400000,1.3647000,-0.7333951,-0.1250123,0.2025781,0.0002026,0.0091971,0.9852530,1
699,-3.7100000,-0.3300000,-1.0300000,-0.1059000,-0.0180000,1.4165000,-0.6688035,-0.4206495,0.2152418,-0.0010264,0.0077132,0.9886122,1
700,-1.5100000,4.6000000,-0.3600000,0.0869000,0.0332000,0.6186000,-0.7282922,-0.6339030,0.1562659,-0.0059557,0.0052823,1.0080756,1
701,1.9600000,-1.0000000,0.4800000,0.1064000,-0.0009000,0.5961000,-0.8037368,-0.5616938,0.0803823,-0.0051381,0.0042529,1.0048432,1
702,2.2000000,-6.1900000,0.1200000,-0.0756000,-0.0551000,1.2685000,-0.6949721,-0.5423588,0.0397169,0.0002997,0.0027750,0.9838902,1
703,-1.8800000,-1.6100000,-0.5500000,-0.1166000,-0.0366000,1.5043000,-0.4794126,-0.7874384,0.0138596,0.0005217,-0.0013621,0.9845473,1
704,-1.8800000,4.5400000,0.1200000,0.0756000,0.0146000,0.6606000,-0.3717372,-0.9791689,-0.0211090,-0.0040613,-0.0061894,1.0050423,1
705,1.7800000,-0.7000000,0.9100000,0.1152000,0.0336000,0.5649000,-0.3503382,-0.8875111,-0.0297905,-0.0036658,-0.0082621,1.0055389,1
706,3.6100000,-5.6400000,0.6600000,-0.0776000,-0.0322000,1.2358000,-0.2022290,-0.8076379,0.0192516,0.0014693,-0.0079315,0.9858553,1
707,-2.1200000,-2.3400000,-0.2400000,-0.1088000,-0.0190000,1.5385000,0.0471803,-0.9791245,0.0891242,0.0016563,-0.0080825,0.9859154,1
708,-2.0000000,4.2400000,0.1800000,0.0708000,0.0312000,0.6762000,0.1505300,-1.1325581,0.1340074,-0.0028635,-0.0083133,1.0069479,1
709,1.6500000,0.0300000,0.9700000,0.1069000,0.0180000,0.5883000,0.1149482,-1.0160663,0.1739189,-0.0027266,-0.0065603,1.0094195,1
710,3.3000000,-4.7200000,0.9100000,-0.0434000,-0.0419000,1.2128000,0.1752771,-0.8681650,0.2463973,0.0024243,-0.0044010,0.9914822,1
711,-2.1800000,-2.0400000,-0.1200000,-0.0869000,-0.0449000,1.4702000,0.3217945,-0.9335202,0.3267101,0.0041915,-0.0048857,0.9903846,1
712,-2.5500000,3.8100000,0.0500000,0.1040000,0.0185000,0.5786000,0.3174119,-1.0006589,0.3664331,0.0027148,-0.0070776,1.0051502,1
713,4.0400000,-1.2500000,1.7600000,0.0439000,-0.0312000,0.7915000,0.2240322,-0.8763710,0.3974177,0.0048634,-0.0087000,1.0025359,1
714,0.8600000,-4.9100000,0.8500000,-0.1030000,-0.0253000,1.4404000,0.2744784,-0.7985570,0.4741323,0.0076341,-0.0104315,0.9926624,1
715,-3.1600000,1.4300000,-0.3000000,-0.0463000,0.0063000,1.2031000,0.3369991,-0.8781037,0.5487081,0.0046124,-0.0122202,1.0045004,1
716,-1.2600000,3.4400000,0.5400000,0.1005000,0.0390000,0.6059000,0.2150643,-0.8306641,0.5683236,0.0003940,-0.0118575,1.0208189,1
717,3.5500000,-0.9400000,1.3400000,0.0585000,0.0175000,0.7509000,0.0768068,-0.5854941,0.5778254,0.0019386,-0.0086279,1.0128589,1
718,1.1100000,-4.5400000,0.1200000,-0.0981000,-0.0170000,1.3891000,0.1215444,-0.4410676,0.6045791,0.0051715,-0.0047187,0.9966147,1
719,-3.5800000,0.5100000,-1.1000000,-0.0678000,-0.0180000,1.2866000,0.1844554,-0.5039998,0.5828097,0.0027024,-0.0025253,1.0028505,1
720,-1.2600000,3.8100000,0.0000000,0.0991000,0.0078000,0.5966000,0.0631762,-0.4980492,0.4802554,-0.0018016,-0.0018235,1.0178454,1
721,2.7500000,-1.1200000,1.1500000,0.0966000,0.0083000,0.7211000,-0.0869609,-0.3134384,0.3769056,0.0000135,-0.0011084,1.0099802,1
722,2.5100000,-3.8100000,0.5400000,-0.0683000,-0.0205000,1.3642000,-0.0407030,-0.2148451,0.3373807,0.0056752,-0.0004824,0.9921444,1
723,-3.0300000,0.0900000,-0.4800000,-0.0458000,-0.0009000,1.3105000,0.0874296,-0.3080740,0.3200742,0.0071272,-0.0007170,0.9965998,1
724,-2.0600000,3.9900000,-0.2400000,0.1035000,0.0229000,0.6425000,0.0499164,-0.3358879,0.2700070,0.0063533,-0.0007978,1.0123367,1
725,1.1100000,0.4500000,0.4200000,0.0839000,0.0141000,0.7338000,-0.0994562,-0.1556330,0.2053607,0.0102689,0.0003994,1.0079687,1
726,2.2700000,-2.5300000,0.1800000,-0.0615000,-0.0112000,1.3061000,-0.1384644,0.0198730,0.1630674,0.0161688,0.0019365,0.9928025,1
727,-2.9700000,0.7000000,-1.1000000,-0.0336000,0.0053000,1.3496000,-0.0985355,0.0523116,0.1164161,0.0171937,0.0027065,0.9976238,1
728,-3.1600000,4.7900000,-0.9700000,0.0927000,0.0317000,0.6684000,-0.2021808,0.1424190,0.0170948,0.0157468,0.0036075,1.0144370,1
729,0.8600000,1.0000000,0.4200000,0.0717000,-0.0180000,0.6992000,-0.4217148,0.4153088,-0.1005967,0.0180425,0.0049137,1.0117212,1
730,2.6300000,-2.4100000,0.4800000,-0.0727000,-0.0166000,1.2709000,-0.5047362,0.6449291,-0.1609679,0.0213470,0.0049371,0.9957366,1
731,-3.1000000,1.5500000,-0.9700000,-0.0468000,0.0009000,1.3588000,-0.4567832,0.6947978,-0.1785218,0.0193315,0.0035452,0.9978733,1
732,-3.2800000,4.5400000,-1.1600000,0.0712000,0.0312000,0.7055000,-0.5269045,0.7760016,-0.2280572,0.0145759,0.0026971,1.0133525,1
733,0.5600000,1.8000000,0.2400000,0.0786000,-0.0180000,0.6679000,-0.7123075,1.0153792,-0.3027604,0.0138535,0.0028463,1.0109145,1
734,2.9400000,-1.9800000,0.4200000,-0.0668000,-0.0083000,1.2363000,-0.7583288,1.2110490,-0.3315713,0.0155228,0.0024502,0.9939659,1
735,-2.3600000,1.1900000,-1.0300000,-0.0673000,0.0000000,1.4067000,-0.6449854,1.2197735,-0.3224088,0.0128901,0.0013045,0.9945703,1
736,-2.7900000,4.4200000,-1.0300000,0.0546000,0.0034000,0.6821000,-0.6122595,1.2241822,-0.3442548,0.0072180,0.0003665,1.0100911,1
737,2.2700000,1.7400000,0.2400000,0.0893000,-0.0122000,0.6567000,-0.6559584,1.3650482,-0.3878481,0.0056352,-0.0003730,1.0077390,1
738,3.1200000,-1.7900000,0.1200000,-0.0703000,-0.0058000,1.2250000,-0.5334834,1.4684431,-0.3932855,0.0074390,-0.0013556,0.9899538,1
739,-0.4700000,0.7000000,-1.1000000,-0.0756000,-0.0078000,1.4365000,-0.2506070,1.3938954,-0.3776304,0.0054497,-0.0025115,0.9902636,1
740,-3.1600000,3.5700000,-1.1600000,0.0512000,0.0043000,0.7065000,-0.0687334,1.2979729,-0.4023238,0.0003158,-0.0033945,1.0074015,1
741,2.7500000,1.9800000,0.1800000,0.0971000,-0.0292000,0.5742000,-0.0277037,1.3294008,-0.4509110,-0.0005138,-0.0042585,1.0062243,1
742,4.4000000,-2.0400000,0.7900000,-0.0629000,-0.0112000,1.2358000,0.1361982,1.3530194,-0.4460500,0.0026606,-0.0057819,0.9867075,1
743,-0.4700000,0.2100000,-0.2400000,-0.0878000,-0.0043000,1.4916000,0.4528994,1.2215170,-0.3765730,0.0021430,-0.0074172,0.9860510,1
744,-3.4000000,4.3000000,-0.6700000,0.0527000,0.0004000,0.7172000,0.6208382,1.0928725,-0.3089924,-0.0020925,-0.0082597,1.0055526,1
745,2.1400000,2.0400000,0.7300000,0.0224000,-0.0146000,0.8188000,0.5756443,1.1404764,-0.2578979,-0.0038376,-0.0085001,1.0124887,1
746,3.8500000,-2.7100000,1.0900000,-0.1054000,0.0039000,1.5126000,0.5954099,1.1932615,-0.1666538,-0.0048072,-0.0084715,1.0132708,1
747,-3.2800000,2.3500000,-0.5500000,-0.0375000,0.0268000,1.1562000,0.6920022,1.1105707,-0.0473496,-0.0095796,-0.0073709,1.0327937,1
748,-1.7500000,3.4400000,-0.1800000,0.0815000,0.0009000,0.5395000,0.6087890,1.0773735,0.0291542,-0.0138572,-0.0049000,1.0500008,1
749,3.6100000,-0.2100000,1.2800000,0.0239000,-0.0068000,0.7919000,0.4428498,1.1506852,0.0833088,-0.0124869,-0.0024839,1.0374807,1
750,2.9400000,-3.2000000,0.8500000,-0.0961000,0.0229000,1.4697000,0.4697498,1.1016503,0.1762178,-0.0099382,-0.0005299,1.0182660,1
751,-3.5800000,1.7400000,-0.5500000,-0.0483000,0.0375000,1.1494000,0.5679582,0.8838963,0.2704515,-0.0118553,0.0023022,1.0221627,1
752,-1.4500000,2.5900000,0.0500000,0.0634000,-0.0229000,0.5932000,0.4714457,0.7308722,0.3051454,-0.0147292,0.0054399,1.0301457,1
753,2.7500000,-1.0000000,1.4000000,0.0249000,-0.0024000,0.8032000,0.2967634,0.6929101,0.3219623,-0.0133125,0.0068004,1.0155520,1
754,3.1800000,-2.2800000,1.0300000,-0.0756000,-0.0068000,1.3740000,0.3060933,0.5789582,0.3848069,-0.0105794,0.0064338,0.9963795,1
755,-2.9700000,0.0900000,-0.1200000,-0.0375000,0.0200000,1.2250000,0.4107994,0.3495093,0.4612780,-0.0112662,0.0057621,0.9999628,1
756,-2.4200000,1.8600000,0.1200000,0.0590000,-0.0166000,0.6323000,0.3409200,0.1694546,0.4915426,-0.0126413,0.0052018,1.0114279,1
757,2.8100000,-0.7600000,1.2100000,0.0361000,-0.0170000,0.7324000,0.1682987,0.1016176,0.4981765,-0.0101660,0.0038181,1.0022382,1
758,3.1800000,-3.2000000,1.0300000,-0.0761000,0.0122000,1.3574000,0.1721996,-0.0074915,0.5341085,-0.0066552,0.0018527,0.9852091,1
759,-2.3600000,-0.8800000,-0.4800000,-0.0634000,0.0366000,1.2636000,0.2976358,-0.2383372,0.5702793,-0.0074739,0.0013271,0.9897510,1
760,-2.6100000,0.8200000,-0.9100000,0.0517000,-0.0107000,0.6284000,0.2708284,-0.4503892,0.5307950,-0.0104351,0.0023835,1.0037900,1
761,2.5700000,-1.2500000,0.5400000,0.0517000,0.0014000,0.6796000,0.1312612,-0.5600485,0.4274844,-0.0096544,0.0032030,0.9964228,1
762,4.2200000,-3.6900000,0.6600000,-0.0673000,0.0229000,1.3579000,0.1667676,-0.6932358,0.3435538,-0.0066148,0.0037725,0.9788406,1
763,-2.4900000,-2.1600000,-0.8500000,-0.0527000,0.0214000,1.3554000,0.3472529,-0.9396652,0.2824102,-0.0068572,0.0052125,0.9843427,1
764,-2.5500000,1.6100000,-0.9100000,0.0502000,-0.0375000,0.6762000,0.3686355,-1.1507600,0.1813461,-0.0089221,0.0062836,1.0040894,1
765,1.0400000,-0.5700000,0.3600000,0.0600000,0.0048000,0.6884000,0.2211895,-1.1838606,0.0555677,-0.0073667,0.0054857,1.0042991,1
766,5.0700000,-2.7100000,0.3600000,-0.0351000,-0.0063000,1.2666000,0.2012393,-1.1549729,-0.0261502,-0.0030640,0.0038464,0.9904235,1
767,-2.3600000,-2.4100000,-0.7900000,-0.0307000,0.0302000,1.3735000,0.3494133,-1.2123630,-0.0706352,-0.0008798,0.0029359,0.9942454,1
768,-3.2800000,2.0400000,-0.8500000,0.0512000,-0.0097000,0.7509000,0.3575310,-1.2620346,-0.1350640,-0.0003180,0.0030079,1.0125125,1
769,-0.1700000,0.8200000,0.3600000,0.0649000,0.0039000,0.6313000,0.1514578,-1.1425004,-0.2083128,0.0028112,0.0031076,1.0133139,1
770,4.4600000,-2.5300000,0.6000000,-0.0278000,0.0170000,1.1948000,0.0239954,-0.9509601,-0.2291174,0.0076691,0.0032251,0.9968583,1
771,-2.3000000,-1.7900000,-0.7900000,-0.0444000,0.0263000,1.4252000,0.0698572,-0.8728242,-0.2085905,0.0094637,0.0043308,0.9955161,1
772,-4.1300000,1.9800000,-0.9700000,0.0463000,-0.0107000,0.7714000,0.0079029,-0.8355389,-0.2178313,0.0084425,0.0058749,1.0114155,1
773,0.5600000,0.9400000,0.7300000,0.0747000,-0.0307000,0.6054000,-0.2333001,-0.6820449,-0.2464255,0.0095776,0.0058752,1.0121281,1
774,5.2000000,-2.2800000,1.2100000,-0.0131000,0.0024000,1.1938000,-0.3252716,-0.4970786,-0.2108265,0.0132035,0.0040035,0.9950621,1
775,-1.2000000,-1.6100000,-0.1800000,-0.0395000,0.0253000,1.4331000,-0.1621139,-0.4435541,-0.1114110,0.0146490,0.0024695,0.9930710,1
776,-3.7700000,1.9200000,-0.6100000,0.0322000,-0.0263000,0.7988000,-0.0639301,-0.4454923,-0.0338807,0.0131962,0.0018235,1.0095982,1
777,0.7400000,1.4900000,0.6600000,0.0585000,-0.0185000,0.6259000,-0.1564910,-0.3362373,0.0037036,0.0128794,0.0003428,1.0125303,1
778,5.0700000,-1.1800000,0.9100000,-0.0429000,0.0429000,1.3745000,-0.1474518,-0.1644453,0.0600458,0.0137764,-0.0010440,1.0018583,1
779,-3.5800000,-0.0200000,-1.2200000,-0.0200000,0.0112000,1.2319000,0.0167993,-0.0589299,0.1166624,0.0122950,-0.0002731,1.0070511,1
780,-2.0600000,2.8300000,-0.7300000,0.0522000,-0.0297000,0.6088000,0.0374466,0.0458109,0.0982132,0.0097407,0.0009583,1.0187944,1
781,2.5100000,0.5800000,0.4800000,0.0356000,0.0053000,0.7993000,-0.0565522,0.2342249,0.0343076,0.0097300,0.0008095,1.0097295,1
782,5.1300000,-0.2100000,0.3000000,-0.0371000,0.0156000,1.3242000,0.0501790,0.4121635,0.0012097,0.0106747,0.0005787,0.9937271,1
783,-3.3400000,-0.2700000,-1.1000000,-0.0102000,0.0000000,1.2734000,0.3039863,0.4909651,-0.0205165,0.0094429,0.0011173,0.9984500,1
784,-2.5500000,2.8900000,-0.4800000,0.0517000,-0.0278000,0.6723000,0.3600040,0.5450420,-0.0806009,0.0077779,0.0011279,1.0125148,1
785,2.3900000,1.9200000,0.9700000,0.0273000,-0.0092000,0.7944000,0.2455063,0.6851587,-0.1345520,0.0085052,-0.0002573,1.0087290,1
786,4.7100000,0.4500000,0.7900000,-0.0263000,0.0268000,1.2558000,0.2917292,0.8641801,-0.1131570,0.0098951,-0.0015146,0.9958974,1
787,-3.2200000,-0.1500000,-1.1000000,0.0009000,0.0224000,1.2719000,0.4704548,0.9631958,-0.0612242,0.0095016,-0.0008578,0.9996037,1
788,-4.1900000,3.0200000,-0.9700000,0.0434000,0.0053000,0.7207000,0.4283940,1.0129871,-0.0707970,0.0088655,0.0011768,1.0124619,1
789,1.9000000,2.8900000,0.6600000,0.0249000,-0.0214000,0.7705000,0.1721952,1.1398760,-0.1190476,0.0100067,0.0026201,1.0093404,1
790,3.2400000,0.9400000,0.4800000,-0.0180000,0.0356000,1.2260000,0.0512862,1.3252983,-0.1237605,0.0114450,0.0032971,0.9962994,1
791,-3.9500000,0.2100000,-1.1600000,-0.0097000,-0.0043000,1.2314000,0.0585904,1.4377685,-0.1076027,0.0110303,0.0043803,0.9973486,1
792,-4.4400000,2.7700000,-0.6700000,0.0263000,-0.0258000,0.8144000,-0.1241905,1.4773448,-0.1390050,0.0096554,0.0047472,1.0083405,1
793,0.5600000,3.3200000,1.2100000,0.0161000,-0.0239000,0.7963000,-0.4778635,1.5662031,-0.1738857,0.0091828,0.0029985,1.0078216,1
794,2.3300000,1.3700000,0.9700000,-0.0112000,0.0361000,1.1518000,-0.6861864,1.7138726,-0.1276609,0.0090919,0.0008829,0.9979996,1
795,-2.8500000,0.7000000,-0.6700000,-0.0004000,0.0000000,1.2041000,-0.7170733,1.8066630,-0.0379523,0.0081687,0.0004252,0.9979663,1
796,-5.0500000,2.0400000,-0.4200000,0.0117000,-0.0131000,0.8710000,-0.8483796,1.8176397,0.0067653,0.0069144,0.0005594,1.0067643,1
797,-0.2300000,3.5100000,1.0300000,-0.0107000,-0.0229000,0.8056000,-1.1291386,1.8451535,0.0252616,0.0058015,-0.0003855,1.0068768,1
798,1.0400000,1.9200000,0.6600000,-0.0292000,0.0327000,1.0991000,-1.3082689,1.9350873,0.0812866,0.0038404,-0.0014868,0.9979876,1
799,-2.5500000,0.0900000,-0.5500000,-0.0078000,0.0219000,1.1806000,-1.3321150,1.9867345,0.1468384,0.0007298,-0.0007803,0.9961516,1
800,-4.8000000,1.3100000,-0.4200000,0.0029000,-0.0083000,0.8901000,-1.4183339,1.9287415,0.1598123,-0.0021654,0.0011052,1.0023204,1
801,-0.5300000,2.7100000,0.7300000,-0.0288000,-0.0380000,0.8247000,-1.6143480,1.8454570,0.1420399,-0.0044668,0.0015690,1.0017825,1
802,0.5600000,1.6700000,0.6000000,-0.0537000,0.0517000,1.1254000,-1.7168176,1.8124907,0.1521677,-0.0077610,0.0010856,0.9945644,1
803,-1.5700000,0.2100000,-0.7300000,0.0141000,0.0239000,1.1333000,-1.6643005,1.7714659,0.1705391,-0.0117025,0.0024819,0.9945652,1
804,-4.5600000,0.3900000,-0.7900000,0.0253000,-0.0170000,0.8789000,-1.6403147,1.6526534,0.1354840,-0.0132943,0.0048349,1.0004428,1
805,-0.0400000,1.9800000,0.4800000,-0.0258000,-0.0405000,0.8881000,-1.7086538,1.5033371,0.0653650,-0.0124659,0.0049393,0.9997425,1
806,1.5900000,2.1600000,0.6600000,-0.0229000,0.0200000,1.1191000,-1.6764754,1.4175472,0.0318122,-0.0119214,0.0030430,0.9947792,1
807,-1.9400000,0.3900000,-0.4800000,0.0097000,0.0400000,1.0776000,-1.4970606,1.3830070,0.0342475,-0.0118576,0.0023757,0.9961104,1
808,-4.1300000,0.6400000,-1.2800000,0.0112000,-0.0131000,0.8989000,-1.3906638,1.3216514,0.0013265,-0.0107095,0.0035021,1.0007551,1
809,-0.4700000,1.4300000,0.0000000,-0.0283000,-0.0527000,0.8935000,-1.4249988,1.2383864,-0.0809475,-0.0090365,0.0031619,0.9990321,1
810,2.0800000,2.2200000,0.6600000,-0.0278000,0.0161000,1.0874000,-1.3925937,1.2003773,-0.1396629,-0.0087077,0.0006332,0.9934519,1
811,-1.8100000,-0.1500000,-0.4200000,0.0078000,0.0166000,0.9960000,-1.2221821,1.1944465,-0.1480255,-0.0093256,-0.0011178,0.9916904,1
812,-2.3000000,-1.0000000,-0.4800000,-0.0273000,-0.0615000,0.8881000,-1.0918264,1.1131654,-0.1547525,-0.0097661,-0.0023960,0.9905755,1
813,2.0800000,0.7600000,1.0900000,-0.0498000,-0.0112000,1.0078000,-1.0074733,0.9436954,-0.1524592,-0.0112041,-0.0053851,0.9861992,1
814,1.0400000,1.8000000,0.3600000,-0.0019000,0.0478000,1.0483000,-0.8141977,0.8057886,-0.0973691,-0.0138130,-0.0075946,0.9835372,1
815,-2.3000000,-3.0200000,-1.0300000,0.0034000,0.0170000,1.0117000,-0.5874778,0.6795218,-0.0385500,-0.0153848,-0.0063651,0.9854841,1
816,-0.9600000,-2.2800000,-0.7900000,-0.0224000,-0.0493000,0.9145000,-0.4856533,0.4130085,-0.0477370,-0.0155084,-0.0044125,0.9876217,1
817,2.3300000,-0.0900000,0.2400000,-0.0200000,-0.0483000,0.9199000,-0.4192913,0.0548620,-0.0973917,-0.0155750,-0.0054146,0.9851791,1
818,2.4500000,-0.6400000,-0.0600000,0.0004000,0.0502000,1.0595000,-0.2195342,-0.2415015,-0.1288449,-0.0156116,-0.0075443,0.9810637,1
819,-1.5100000,-3.6300000,-1.4000000,-0.0117000,0.0219000,1.0776000,0.0410932,-0.5125909,-0.1643737,-0.0150016,-0.0068179,0.9822851,1
820,-1.5100000,-3.9900000,-1.5200000,-0.0278000,-0.0400000,0.9335000,0.1631724,-0.8840676,-0.2619205,-0.0144254,-0.0047199,0.9874680,1
821,2.3900000,-0.7000000,-0.3000000,-0.0288000,-0.0410000,0.8774000,0.1853815,-1.2985207,-0.3986365,-0.0148271,-0.0049854,0.9882239,1
822,3.2400000,-1.9200000,-0.3600000,0.0136000,0.0576000,1.0468000,0.3154757,-1.6068257,-0.5041024,-0.0153356,-0.0060485,0.9843347,1
823,-0.6500000,-5.6400000,-1.4600000,0.0053000,0.0361000,1.0830000,0.5386538,-1.8799243,-0.5810536,-0.0143554,-0.0040293,0.9841833,1
824,-1.5100000,-5.4600000,-1.8300000,-0.0253000,-0.0249000,0.9829000,0.6471534,-2.2788114,-0.6863543,-0.0125957,-0.0003038,0.9892871,1
825,1.7800000,-1.6100000,-0.5500000,-0.0356000,-0.0395000,0.9111000,0.6267941,-2.7164882,-0.8126246,-0.0120799,0.0010415,0.9926158,1
826,2.3900000,-1.9800000,-0.1800000,0.0219000,0.0341000,0.9951000,0.6525543,-2.9930567,-0.8907865,-0.0122770,0.0004188,0.9913311,1
827,-0.9000000,-6.2500000,-1.1600000,0.0170000,0.0351000,1.0380000,0.7303255,-3.1673771,-0.9109284,-0.0109110,0.0012671,0.9899846,1
828,-0.7800000,-6.6800000,-1.1000000,-0.0253000,-0.0629000,1.0043000,0.7177188,-3.4496955,-0.9229686,-0.0085438,0.0025409,0.9914398,1
829,1.9600000,-2.5900000,0.5400000,-0.0400000,-0.0717000,0.9692000,0.6419350,-3.7994856,-0.9131803,-0.0078174,-0.0001079,0.9933782,1
830,3.4200000,-1.3100000,0.7300000,0.0532000,0.0229000,0.9877000,0.6735089,-3.9830961,-0.8192845,-0.0077699,-0.0054813,0.9937555,1
831,-0.1100000,-6.3700000,-0.5500000,0.0620000,0.0341000,1.0122000,0.8141781,-4.0134446,-0.6641275,-0.0045365,-0.0083225,0.9936315,1
832,-0.4100000,-7.4700000,-0.6100000,-0.0175000,-0.0400000,1.0917000,0.8950233,-4.1426887,-0.5309473,0.0011089,-0.0084499,0.9961483,1
833,1.5900000,-1.6700000,0.3000000,-0.0268000,-0.0703000,0.9638000,0.8882282,-4.3542989,-0.4324017,0.0046446,-0.0101865,1.0012731,1
834,3.3000000,-0.5700000,0.3600000,0.0634000,0.0371000,0.9326000,0.9344218,-4.3687683,-0.3274338,0.0063845,-0.0133639,1.0034917,1
835,0.9800000,-4.9100000,-0.6100000,0.0541000,0.0507000,1.0532000,1.0731472,-4.1821336,-0.2255744,0.0100823,-0.0132316,1.0022683,1
836,-0.6500000,-5.9500000,-0.5500000,0.0009000,-0.0527000,1.0468000,1.1684937,-4.0546321,-0.1704431,0.0151083,-0.0103607,1.0030245,1
837,1.8400000,-1.6100000,0.7900000,-0.0249000,-0.0800000,0.9628000,1.1663019,-4.0170718,-0.1398690,0.0177406,-0.0103923,1.0054678,1
838,3.3000000,1.2500000,1.4600000,0.0488000,0.0292000,0.9877000,1.1983308,-3.8293374,-0.0590165,0.0180017,-0.0132630,1.0057942,1
839,1.1700000,-3.0200000,0.6000000,0.0620000,0.0390000,0.9877000,1.3156077,-3.4440874,0.0841387,0.0194283,-0.0136893,1.0040499,1
840,-0.3500000,-5.8200000,-0.1200000,0.0073000,-0.0219000,1.1157000,1.3913771,-3.1334157,0.2202041,0.0223994,-0.0111498,1.0041884,1
841,1.9000000,0.2700000,0.7300000,-0.0039000,-0.0566000,0.9384000,1.3757954,-2.9714475,0.3116710,0.0239656,-0.0098586,1.0071039,1
842,4.1000000,2.3500000,1.5200000,0.0795000,0.0400000,0.9858000,1.4069091,-2.6877065,0.4027342,0.0246315,-0.0101484,1.0079673,1
843,1.1700000,-1.9200000,0.1800000,0.0634000,0.0620000,1.0449000,1.5401815,-2.2285618,0.5081140,0.0274680,-0.0078039,1.0069753,1
844,-1.0800000,-4.1100000,-0.7900000,-0.0166000,-0.0507000,1.0205000,1.6095748,-1.8675274,0.5567719,0.0308904,-0.0033978,1.0077087,1
845,3.9100000,4.0500000,1.3400000,0.0375000,-0.0043000,0.9453000,1.5834210,-1.6082602,0.5420462,0.0319635,-0.0011767,1.0081864,1
846,2.8800000,2.9600000,1.1500000,0.0883000,0.0419000,0.8969000,1.6326475,-1.1732023,0.5501109,0.0330302,-0.0000071,1.0039792,1
847,-0.2900000,-4.1800000,-0.4200000,-0.0004000,-0.0209000,1.2016000,1.7214447,-0.6836471,0.5757593,0.0353527,0.0019205,0.9997702,1
848,-1.0800000,-0.0200000,0.0000000,-0.0190000,-0.0395000,1.0585000,1.6646071,-0.4236023,0.5521821,0.0353780,0.0022111,1.0042912,1
849,4.1000000,5.8200000,1.7600000,0.0610000,0.0200000,0.8334000,1.5275681,-0.1906593,0.5196138,0.0330060,0.0006153,1.0098987,1
850,3.0000000,3.4400000,0.9100000,0.0825000,0.0810000,0.9003000,1.5202068,0.2765109,0.5459530,0.0325588,0.0011792,1.0051807,1
851,-1.3900000,-3.8100000,-0.9700000,-0.0278000,0.0195000,1.2792000,1.5682882,0.7324593,0.5714050,0.0336369,0.0054929,0.9999953,1
852,-2.6100000,1.9800000,-0.4800000,-0.0512000,-0.0297000,1.1123000,1.4251401,0.9218581,0.5114999,0.0311381,0.0096317,1.0081377,1
853,1.2300000,7.6600000,1.2100000,0.0537000,0.0375000,0.7680000,1.1107969,1.1261243,0.4175290,0.0254977,0.0114643,1.0181648,1
854,3.0000000,4.0500000,0.4200000,0.0869000,0.0791000,0.8364000,0.8771958,1.5954452,0.3711159,0.0227059,0.0142170,1.0127875,1
855,-1.4500000,-3.4400000,-1.4000000,-0.0117000,-0.0141000,1.2695000,0.7729891,2.0157044,0.3245899,0.0234252,0.0184874,1.0024933,1
856,-4.0100000,1.5500000,-0.7900000,-0.0717000,-0.0605000,1.1499000,0.5655331,2.0976030,0.2050107,0.0218401,0.0195484,1.0062406,1
857,0.3100000,9.1800000,0.6600000,0.0341000,-0.0073000,0.8247000,0.2030860,2.1591581,0.0652558,0.0166389,0.0157985,1.0160555,1
858,1.2900000,4.3600000,0.3000000,0.0913000,0.0600000,0.8041000,-0.0878597,2.5126072,-0.0129493,0.0137298,0.0118212,1.0130955,1
859,-1.6300000,-2.5300000,-0.9100000,0.0073000,0.0239000,1.1870000,-0.2420950,2.8461273,-0.0550368,0.0152597,0.0110640,1.0025113,1
860,-4.0700000,2.4700000,-0.6700000,-0.0888000,-0.0512000,1.2006000,-0.4428693,2.8669392,-0.1215910,0.0153585,0.0108263,1.0031270,1
861,-0.9600000,8.5700000,0.6000000,-0.0043000,0.0068000,0.8793000,-0.7515535,2.8704912,-0.1876453,0.0106815,0.0083642,1.0126597,1
862,0.5000000,4.6000000,0.1200000,0.0727000,0.0825000,0.7597000,-0.9994114,3.1283911,-0.2018810,0.0063277,0.0070149,1.0121111,1
863,-2.1200000,-1.6100000,-1.2800000,0.0000000,0.0244000,1.1186000,-1.1198627,3.3670283,-0.2036300,0.0058609,0.0095264,1.0010920,1
864,-4.5000000,1.4300000,-1.1600000,-0.1157000,-0.0620000,1.2368000,-1.2726388,3.3060279,-0.2606935,0.0042271,0.0117636,0.9986307,1
865,-1.0800000,7.1100000,0.1800000,-0.0161000,-0.0087000,0.9194000,-1.5134036,3.1692175,-0.3450339,-0.0021310,0.0100784,1.0074368,1
866,0.5000000,4.9700000,0.4800000,0.0839000,0.0444000,0.7158000,-1.6699550,3.2409988,-0.3778348,-0.0073229,0.0074851,1.0082978,1
867,-1.4500000,-1.7300000,-0.1200000,-0.0024000,-0.0166000,1.0390000,-1.6669339,3.3343523,-0.3480338,-0.0070660,0.0064958,0.9959326,1
868,-3.4000000,-0.5100000,0.2400000,-0.1425000,-0.0654000,1.2685000,-1.6475692,3.1464481,-0.2913221,-0.0076069,0.0042510,0.9895801,1
869,-0.1100000,6.3700000,1.0900000,-0.0336000,-0.0278000,0.9331000,-1.6706916,2.8458722,-0.2024262,-0.0137895,-0.0010488,0.9965674,1
870,0.8600000,4.6000000,1.2100000,0.0708000,0.0395000,0.7031000,-1.6067389,2.7624816,-0.0562485,-0.0194365,-0.0060004,0.9980670,1
871,-0.4700000,-2.6500000,0.0500000,-0.0151000,0.0068000,1.0170000,-1.4137528,2.7465564,0.1135183,-0.0196311,-0.0075292,0.9862564,1
872,-2.5500000,-3.4400000,-0.7900000,-0.1455000,-0.0429000,1.2617000,-1.2292285,2.4325572,0.2237225,-0.0202856,-0.0077001,0.9797616,1
873,1.2300000,3.9300000,-0.0600000,-0.0512000,-0.0063000,0.9614000,-1.0992971,1.9232907,0.2444972,-0.0262515,-0.0089042,0.9872998,1
874,1.9600000,3.3200000,0.3000000,0.0820000,0.0454000,0.7041000,-0.8900992,1.5976126,0.2259289,-0.0313008,-0.0091639,0.9909175,1
875,0.9200000,-4.4200000,-0.3600000,0.0239000,0.0219000,1.0034000,-0.5625191,1.3839093,0.1994854,-0.0292792,-0.0064575,0.9813750,1
876,-1.8100000,-5.1500000,-0.3600000,-0.1279000,-0.0498000,1.2973000,-0.2672700,0.9213867,0.1508355,-0.0255924,-0.0034117,0.9769158,1
877,1.4100000,3.2000000,0.7900000,0.0317000,-0.0249000,0.7827000,-0.0823484,0.3193685,0.1016925,-0.0251926,-0.0032448,0.9835561,1
878,2.1400000,-1.0000000,0.9700000,0.1210000,0.0371000,0.7275000,0.1061293,-0.0873719,0.1059878,-0.0217777,-0.0041322,0.9809057,1
879,-0.4100000,-6.8600000,0.4200000,-0.0449000,-0.0590000,1.2099000,0.3245242,-0.4548885,0.1634909,-0.0132430,-0.0045643,0.9696457,1
880,-1.8100000,-2.0400000,0.7900000,-0.1142000,-0.0375000,1.3051000,0.4286811,-0.9906503,0.2394535,-0.0083723,-0.0068526,0.9739483,1
881,2.2000000,5.0300000,1.7000000,0.0551000,0.0141000,0.7416000,0.4242923,-1.3733723,0.3432446,-0.0089581,-0.0101777,0.9900815,1
882,1.5300000,-0.9400000,1.2800000,0.1215000,0.0761000,0.7470000,0.4701362,-1.3663136,0.4920931,-0.0062544,-0.0101510,0.9918925,1
883,-1.0800000,-6.2500000,0.4200000,-0.0493000,-0.0009000,1.2041000,0.5457190,-1.3142843,0.6420160,0.0009788,-0.0059967,0.9824527,1
884,-2.1200000,-2.9500000,0.1200000,-0.1328000,0.0097000,1.3090000,0.4951254,-1.5045006,0.7315807,0.0033321,-0.0011636,0.9871307,1
885,2.2700000,4.9700000,0.7300000,0.0361000,0.0136000,0.7436000,0.3616477,-1.6498329,0.7581686,-0.0010256,0.0026743,1.0025260,1
886,1.5300000,-0.8200000,0.3600000,0.1342000,0.0546000,0.7758000,0.3263185,-1.4865909,0.7532762,-0.0022598,0.0067585,1.0036012,1
887,-0.7200000,-5.6400000,-0.3000000,-0.0263000,-0.0654000,1.1264000,0.3700301,-1.3088650,0.7127210,0.0027173,0.0099878,0.9923853,1
888,-2.3600000,-4.2400000,-0.3600000,-0.1093000,-0.0234000,1.3769000,0.3227495,-1.4178967,0.6174056,0.0051348,0.0092562,0.9939475,1
889,2.3300000,4.9100000,0.6000000,0.0512000,0.0009000,0.7475000,0.2040392,-1.5588877,0.4982415,0.0023826,0.0058082,1.0080419,1
890,1.5900000,0.4500000,0.3600000,0.1323000,0.0512000,0.7016000,0.1896373,-1.4029789,0.4058900,0.0029445,0.0037246,1.0078699,1
891,-0.4100000,-6.1300000,-0.8500000,-0.0234000,-0.0346000,1.1284000,0.2675915,-1.1967071,0.3234929,0.0089408,0.0034689,0.9926492,1
892,-2.7300000,-5.0900000,-1.3400000,-0.1401000,0.0068000,1.4165000,0.2567277,-1.3076876,0.1908366,0.0109717,0.0028012,0.9910072,1
893,3.1800000,5.4600000,-0.1800000,0.0429000,0.0302000,0.7915000,0.1751120,-1.4917186,0.0159175,0.0061571,0.0023328,1.0057973,1
894,2.5100000,0.7600000,0.0000000,0.1333000,0.0395000,0.6635000,0.2320122,-1.3575629,-0.1316876,0.0041612,0.0039878,1.0080491,1
895,0.2500000,-6.4900000,-1.2800000,-0.0175000,-0.0556000,1.1333000,0.4195714,-1.1526234,-0.2450972,0.0084112,0.0058054,0.9938204,1
896,-3.4000000,-4.8500000,-1.5200000,-0.1445000,-0.0258000,1.4560000,0.4983246,-1.2714139,-0.3800832,0.0095334,0.0045466,0.9929454,1
897,2.9400000,6.3700000,0.1200000,0.0522000,-0.0136000,0.7534000,0.4363000,-1.4426820,-0.5204734,0.0043800,0.0009480,1.0089915,1
898,1.6500000,0.7000000,0.4800000,0.1562000,0.0688000,0.6606000,0.4444152,-1.2641133,-0.5847682,0.0030548,-0.0011188,1.0109970,1
899,0.9800000,-5.8200000,-0.7900000,-0.0131000,-0.0517000,1.0766000,0.5589205,-1.0088748,-0.5732031,0.0090187,-0.0009025,0.9943531,1
900,-3.4600000,-5.8200000,-0.9100000,-0.1503000,-0.0205000,1.4916000,0.5904710,-1.1007281,-0.5601060,0.0117115,-0.0017978,0.9902656,1
901,1.4100000,6.1300000,0.5400000,0.0317000,0.0390000,0.7802000,0.4722938,-1.2987575,-0.5482835,0.0068342,-0.0033061,1.0052961,1
902,1.0400000,1.9800000,0.3600000,0.1494000,0.0708000,0.6674000,0.3665931,-1.1523284,-0.4860114,0.0044123,-0.0014312,1.0088751,1
903,0.1300000,-5.7600000,-0.6100000,-0.0004000,-0.0458000,1.0644000,0.3420538,-0.8788844,-0.3939759,0.0091341,0.0025935,0.9939771,1
904,-4.6200000,-5.0300000,-0.7900000,-0.1406000,-0.0063000,1.4882000,0.2321603,-0.9255214,-0.3364369,0.0115893,0.0044222,0.9906178,1
905,0.3700000,5.8200000,0.2400000,0.0375000,0.0390000,0.8237000,-0.0324988,-1.0819155,-0.3116696,0.0073306,0.0048501,1.0065791,1
906,0.6800000,1.9800000,0.4200000,0.1250000,0.0371000,0.6293000,-0.2638945,-0.9227890,-0.2685384,0.0052033,0.0069200,1.0115658,1
907,0.1900000,-5.7600000,-0.3600000,-0.0258000,-0.0556000,1.1079000,-0.3525408,-0.6658670,-0.2048435,0.0086768,0.0088485,0.9975714,1
908,-5.4200000,-4.7200000,-1.0300000,-0.1298000,0.0000000,1.4052000,-0.4686369,-0.7339870,-0.1742478,0.0090748,0.0078863,0.9938181,1
909,0.8600000,4.7900000,0.1200000,0.0253000,0.0219000,0.8315000,-0.7020643,-0.9277801,-0.1868190,0.0033774,0.0059588,1.0069660,1
910,1.3500000,1.3700000,0.7900000,0.0800000,-0.0083000,0.8505000,-0.8425699,-0.8524184,-0.1798737,-0.0005319,0.0049569,1.0132061,1
911,-4.0700000,-6.4300000,-0.4200000,-0.0898000,-0.0341000,1.2900000,-0.8752394,-0.7135157,-0.1352628,-0.0010785,0.0033377,1.0125825,1
912,-2.4200000,1.1900000,-0.3600000,-0.0908000,-0.0200000,1.2250000,-1.0108488,-0.7739696,-0.1040195,-0.0051663,0.0000931,1.0243364,1
913,1.2900000,4.4800000,1.1500000,0.1020000,0.0219000,0.7177000,-1.1696524,-0.7419304,-0.0754245,-0.0107751,-0.0030437,1.0391119,1
914,2.2700000,-0.3900000,1.0900000,0.1093000,-0.0161000,0.7451000,-1.1287365,-0.4657665,0.0098266,-0.0090381,-0.0046563,1.0335067,1
915,-1.8100000,-6.0700000,0.3000000,-0.0717000,-0.0732000,1.2529000,-0.9310846,-0.2988293,0.1366158,-0.0021993,-0.0069935,1.0163911,1
916,-1.5700000,-0.0900000,0.5400000,-0.1196000,-0.0239000,1.2973000,-0.7881665,-0.4212100,0.2517433,-0.0007234,-0.0116742,1.0151070,1
917,1.8400000,5.1500000,1.5200000,0.0913000,0.0161000,0.7382000,-0.6956488,-0.4879534,0.3635989,-0.0041290,-0.0158450,1.0248326,1
918,1.9000000,0.3900000,1.2100000,0.1289000,0.0200000,0.6948000,-0.4998943,-0.2786768,0.5023278,-0.0021275,-0.0166788,1.0184010,1
919,-0.2300000,-4.7200000,0.4800000,-0.0512000,-0.0424000,1.2001000,-0.2255376,-0.0977690,0.6397166,0.0053099,-0.0155985,0.9992998,1
920,-2.2400000,-0.5100000,0.0000000,-0.1040000,-0.0048000,1.3803000,-0.0475269,-0.1658863,0.7200213,0.0080969,-0.0150504,0.9966511,1
921,1.7200000,6.1900000,0.6600000,0.0888000,0.0185000,0.7250000,0.0104092,-0.1872097,0.7365781,0.0058117,-0.0141626,1.0089926,1
922,2.0200000,1.1900000,0.7300000,0.1274000,0.0185000,0.7353000,0.1113988,0.0764424,0.7291959,0.0079159,-0.0114373,1.0074612,1
923,-0.1700000,-3.7500000,0.1800000,-0.0541000,-0.0249000,1.1494000,0.2794857,0.3361971,0.7120742,0.0144437,-0.0081560,0.9927251,1
924,-1.5700000,-1.2500000,-0.6100000,-0.1142000,0.0107000,1.3916000,0.3670456,0.3239530,0.6535298,0.0155621,-0.0058101,0.9924079,1
925,1.9600000,5.9500000,-0.1200000,0.0664000,0.0322000,0.7661000,0.3666036,0.2840510,0.5401853,0.0106892,-0.0032624,1.0068467,1
926,2.3300000,2.0400000,0.3000000,0.1347000,0.0087000,0.7114000,0.4308598,0.4904989,0.4130508,0.0097840,0.0003166,1.0082306,1
927,-0.1700000,-2.9500000,-0.3600000,-0.0366000,-0.0366000,1.1040000,0.5669959,0.7256913,0.3007411,0.0144264,0.0028477,0.9942560,1
928,-2.3000000,-1.8600000,-1.4000000,-0.1191000,0.0058000,1.4653000,0.6025324,0.7033582,0.1679998,0.0150882,0.0030633,0.9934809,1
929,1.3500000,6.8000000,-0.3600000,0.0815000,0.0375000,0.7509000,0.5082351,0.6351425,-0.0013235,0.0104183,0.0032066,1.0092830,1
930,2.0800000,3.3200000,0.4800000,0.1499000,0.0078000,0.6518000,0.4567359,0.8428245,-0.1427497,0.0104786,0.0048203,1.0110182,1
931,-1.2000000,-3.5600000,-0.3600000,-0.0830000,-0.0678000,1.1723000,0.4735749,1.1067384,-0.2171660,0.0156663,0.0051727,0.9957175,1
932,-2.8500000,-1.5500000,-1.4600000,-0.1499000,-0.0092000,1.4335000,0.3826665,1.0796458,-0.2815890,0.0144011,0.0022318,0.9948823,1
933,2.3900000,6.6800000,0.0500000,0.0820000,0.0458000,0.7500000,0.2030453,0.9759400,-0.3651551,0.0063916,-0.0006450,1.0106095,1
934,3.0600000,3.8100000,0.5400000,0.1630000,0.0009000,0.6245000,0.1717497,1.1447296,-0.4058845,0.0042981,-0.0007653,1.0109670,1
935,0.6200000,-4.1100000,-0.3600000,-0.0585000,-0.0468000,1.1655000,0.3212420,1.3656725,-0.3839361,0.0096293,-0.0007649,0.9935357,1
936,-2.1800000,-1.8600000,-1.0300000,-0.1459000,-0.0185000,1.5053000,0.4338895,1.2717427,-0.3633174,0.0102685,-0.0029364,0.9921298,1
937,0.3100000,7.2900000,-0.2400000,0.0649000,0.0468000,0.7382000,0.4023943,1.0984921,-0.3743288,0.0041218,-0.0048364,1.0102226,1
938,3.3000000,4.1200000,-0.0600000,0.1435000,0.0019000,0.5522000,0.3848141,1.2373359,-0.3828507,0.0024071,-0.0041200,1.0116444,1
939,1.7200000,-4.0500000,-1.1600000,-0.0146000,-0.0205000,1.0986000,0.5159451,1.4575411,-0.3880873,0.0078881,-0.0027250,0.9903566,1
940,-1.3900000,-2.2800000,-1.4600000,-0.1298000,-0.0063000,1.5380000,0.6660445,1.3559588,-0.4373895,0.0104584,-0.0025232,0.9832502,1
941,-1.0200000,6.8000000,-0.7300000,0.0195000,0.0151000,0.8559000,0.6670319,1.1455292,-0.5304735,0.0061515,-0.0025526,1.0007341,1
942,1.9000000,3.5100000,-0.0600000,0.1035000,0.0058000,0.6035000,0.5833527,1.2163818,-0.6074067,0.0031501,-0.0017699,1.0089422,1
943,1.6500000,-3.0800000,-0.4800000,-0.0810000,0.0058000,1.3203000,0.5717914,1.3798024,-0.6346638,0.0038943,-0.0004731,1.0011007,1
944,-1.4500000,2.5300000,-0.7900000,-0.0629000,0.0253000,1.2797000,0.5937552,1.3713582,-0.6375113,0.0016205,0.0012543,1.0065028,1
945,-0.6500000,5.2100000,-0.0600000,0.0742000,-0.0146000,0.7021000,0.5219850,1.4001760,-0.6307008,-0.0026309,0.0031008,1.0211295,1
946,2.5100000,0.3300000,0.5400000,0.0820000,-0.0195000,0.7319000,0.4292021,1.5728844,-0.5830974,-0.0017823,0.0035660,1.0170803,1
947,-0.9600000,-3.5600000,0.0000000,-0.0537000,0.0000000,1.2426000,0.4037007,1.6036885,-0.4852395,0.0026105,0.0025015,1.0012320,1
948,-1.0800000,1.6100000,-0.2400000,-0.0595000,0.0278000,1.2954000,0.3450738,1.3905832,-0.3774723,0.0035131,0.0017845,1.0012613,1
949,-1.3300000,4.5400000,0.0500000,0.0668000,-0.0249000,0.7475000,0.1903814,1.2265475,-0.2866678,0.0016829,0.0017978,1.0128453,1
950,2.2000000,1.2500000,0.7300000,0.0976000,-0.0551000,0.7255000,0.0449468,1.2626055,-0.1935520,0.0038222,0.0001135,1.0095204,1
951,-1.6900000,-2.7700000,0.4200000,-0.0639000,-0.0097000,1.2587000,-0.0242236,1.2700579,-0.0795224,0.0088657,-0.0038839,0.9957220,1
952,-0.9000000,1.0600000,0.3000000,-0.0878000,0.0258000,1.2343000,-0.1084136,1.1079401,0.0375548,0.0090183,-0.0071137,0.9967998,1
953,0.5000000,2.8900000,0.8500000,0.0625000,0.0107000,0.7441000,-0.2137490,0.9599477,0.1471815,0.0048370,-0.0075573,1.0072154,1
954,2.9400000,0.7600000,1.9500000,0.0600000,-0.0375000,0.7451000,-0.2030814,0.9405502,0.2849964,0.0037188,-0.0070399,1.0026235,1
955,-1.2000000,-3.0800000,1.7000000,-0.1259000,-0.0126000,1.2592000,-0.0758936,0.8792628,0.4800272,0.0038396,-0.0076869,0.9892955,1
956,-1.0200000,-1.4900000,0.6000000,-0.1259000,0.0249000,1.2187000,0.0021352,0.6309474,0.6860443,-0.0027718,-0.0082435,0.9912917,1
957,2.9400000,2.3500000,1.1500000,0.0688000,0.0195000,0.7104000,0.0459826,0.3464945,0.8443990,-0.0129931,-0.0067995,1.0014455,1
958,4.0400000,0.5100000,2.0100000,0.0908000,-0.0170000,0.7133000,0.2491522,0.2109352,0.9767359,-0.0164463,-0.0043853,0.9948435,1
959,-0.4100000,-5.4600000,1.2100000,-0.1118000,-0.0195000,1.2973000,0.5725246,0.0650746,1.1112776,-0.0145562,-0.0031675,0.9796625,1
960,-0.7800000,-2.0400000,0.0500000,-0.1166000,0.0336000,1.2973000,0.7829306,-0.2837389,1.1982669,-0.0171835,-0.0025818,0.9837143,1
961,1.1100000,2.5900000,0.8500000,0.0795000,0.0585000,0.7041000,0.8377075,-0.6242366,1.2011768,-0.0228202,0.0001340,0.9995910,1
962,3.9100000,0.2700000,1.4000000,0.1093000,0.0249000,0.6992000,0.9129889,-0.7239840,1.1698109,-0.0215554,0.0053897,0.9978507,1
963,0.5600000,-5.8200000,-0.0600000,-0.0756000,0.0004000,1.2373000,1.0785183,-0.7838213,1.1278187,-0.0145441,0.0105105,0.9836482,1
964,-0.4700000,-3.0200000,-0.6100000,-0.1083000,0.0292000,1.4042000,1.1896199,-1.0482306,1.0237412,-0.0118955,0.0140530,0.9874612,1
965,-1.0200000,4.4800000,0.0000000,0.0800000,0.0322000,0.8144000,1.1371921,-1.2818171,0.8490436,-0.0135029,0.0170237,1.0081877,1
966,0.8600000,1.6100000,0.4800000,0.1210000,0.0078000,0.5698000,0.9790753,-1.1770260,0.6661836,-0.0099807,0.0195978,1.0128458,1
967,1.6500000,-4.9100000,-0.2400000,-0.0380000,0.0000000,1.2021000,0.8462102,-0.9592309,0.5098492,-0.0012163,0.0206343,0.9978530,1
968,-2.1200000,-1.6700000,-0.6700000,-0.0908000,0.0488000,1.4624000,0.7339881,-0.9409130,0.3551701,0.0035827,0.0207782,0.9971742,1
969,-2.8500000,5.0900000,-0.4800000,0.0507000,0.0380000,0.8208000,0.4937970,-0.9170414,0.1860626,0.0029806,0.0219246,1.0159989,1
970,-0.7800000,3.0200000,-0.1800000,0.0932000,-0.0117000,0.6098000,0.1273646,-0.5965010,0.0263073,0.0044397,0.0231700,1.0210390,1
971,-0.2300000,-3.4400000,-0.8500000,-0.0410000,0.0180000,1.2270000,-0.2110658,-0.1885619,-0.1122062,0.0089572,0.0227621,1.0078683,1
972,-4.5000000,0.7600000,-1.7100000,-0.0854000,0.0449000,1.3730000,-0.5264416,0.0259599,-0.2641275,0.0096447,0.0220617,1.0075616,1
973,-3.6500000,4.6600000,-1.3400000,0.0654000,0.0209000,0.7641000,-0.9450912,0.2164868,-0.4530118,0.0063707,0.0224250,1.0215609,1
974,-0.1100000,2.7700000,0.0000000,0.0815000,-0.0512000,0.6547000,-1.3768632,0.5793616,-0.6259270,0.0063077,0.0215694,1.0198883,1
975,-0.2900000,-2.4700000,0.0000000,-0.0444000,-0.0205000,1.2167000,-1.6267195,0.9207943,-0.7134553,0.0094559,0.0172395,1.0029627,1
976,-4.0700000,0.5100000,-0.6700000,-0.0219000,0.0522000,1.0683000,-1.7518821,1.0324636,-0.7257333,0.0101289,0.0122742,0.9950105,1
977,-0.1100000,3.5700000,0.3000000,0.0947000,-0.0195000,0.6284000,-1.8629324,1.0637183,-0.6961938,0.0098774,0.0093971,0.9899437,1
978,0.6800000,-0.1500000,0.6600000,0.0288000,-0.0292000,0.8691000,-1.8569999,1.1489366,-0.6094717,0.0128650,0.0064756,0.9713187,1
979,-0.5900000,-2.1000000,-0.3600000,-0.0927000,-0.0205000,1.3793000,-1.6907609,1.1347910,-0.4795864,0.0149446,0.0021055,0.9565745,1
980,-4.2600000,1.4300000,-1.0300000,-0.0468000,0.0527000,1.1044000,-1.5439153,0.9759136,-0.3796483,0.0109928,-0.0012179,0.9653098,1
981,0.2500000,2.8900000,-0.1800000,0.0781000,-0.0112000,0.6777000,-1.5036463,0.8689231,-0.3372711,0.0054022,-0.0017714,0.9790372,1
982,1.1100000,-0.8800000,0.1800000,0.0346000,-0.0415000,0.8178000,-1.4102475,0.8576287,-0.3072992,0.0042747,-0.0022090,0.9750170,1
983,0.8000000,-2.9500000,-0.1800000,-0.0673000,-0.0209000,1.3222000,-1.1713834,0.7449370,-0.2633902,0.0048149,-0.0046238,0.9671253,1
984,-2.9100000,0.3300000,-0.0600000,-0.0292000,0.0488000,1.1572000,-0.9281029,0.4832809,-0.2188901,0.0021797,-0.0064939,0.9771445,1
985,-0.4700000,1.3700000,0.3600000,0.0615000,-0.0263000,0.6967000,-0.8077746,0.2581671,-0.1715607,-0.0009748,-0.0061595,0.9921002,1
986,2.0800000,-1.3100000,0.6600000,0.0297000,-0.0302000,0.8159000,-0.7012580,0.1283972,-0.1009138,-0.0004393,-0.0061330,0.9896039,1
987,0.7400000,-3.1400000,0.3600000,-0.0454000,0.0068000,1.3066000,-0.4876397,-0.0533115,-0.0065274,0.0014557,-0.0072280,0.9815096,1
988,-2.7900000,-0.1500000,-0.2400000,-0.0268000,0.0493000,1.1298000,-0.2959973,-0.3210132,0.0774268,0.0007888,-0.0066929,0.9890283,1
989,-0.3500000,0.7600000,-0.3000000,0.0654000,-0.0034000,0.7661000,-0.2535413,-0.5207394,0.1166160,-0.0003771,-0.0037636,1.0014056,1
990,0.1900000,-0.5100000,0.7300000,0.0307000,-0.0434000,0.8686000,-0.2722193,-0.5897296,0.1301727,0.0016107,-0.0016005,0.9998037,1
991,-1.3900000,-1.1200000,0.6600000,-0.0629000,0.0166000,1.3085000,-0.2896436,-0.6143166,0.1649618,0.0040395,-0.0015628,0.9950124,1
992,-4.8000000,0.2100000,-0.3000000,-0.0488000,0.0703000,1.0170000,-0.4259667,-0.6317471,0.2091678,0.0023827,-0.0002061,1.0024341,1
993,-0.3500000,-0.5100000,0.0000000,0.0302000,-0.0058000,0.7495000,-0.7069237,-0.6164766,0.2219212,-0.0014882,0.0037212,1.0088462,1
994,0.3100000,-0.4500000,1.0900000,-0.0053000,-0.0712000,0.9570000,-0.9345590,-0.5824642,0.2281388,-0.0037247,0.0056900,1.0016640,1
995,-1.8800000,-1.1200000,0.8500000,-0.0659000,-0.0322000,1.2124000,-1.0378111,-0.5646699,0.2746519,-0.0057897,0.0028726,0.9944317,1
996,-3.0300000,-1.6700000,0.1200000,-0.0502000,0.0361000,1.0019000,-1.1508013,-0.5954590,0.3408620,-0.0104106,-0.0011634,0.9979465,1
997,-0.1100000,-1.6700000,0.1200000,0.0341000,-0.0170000,0.8261000,-1.2924909,-0.6904815,0.3802442,-0.0151929,-0.0031966,1.0012153,1
998,2.1400000,-0.7000000,1.2100000,0.0180000,-0.0585000,0.9013000,-1.3018261,-0.8106315,0.4064866,-0.0163166,-0.0053764,0.9942850,1
999,0.3700000,-2.3400000,0.3000000,-0.0585000,-0.0297000,1.2368000,-1.1120545,-0.9312201,0.4476995,-0.0154935,-0.0096302,0.9875982,1
1000,-2.0000000,-2.7700000,-1.4600000,-0.0498000,0.0405000,0.9833000,-0.8833357,-1.0974311,0.4451953,-0.0167094,-0.0131392,0.9914997,1
1001,2.2000000,-2.7700000,-1.5800000,0.0288000,-0.0307000,0.8476000,-0.6944043,-1.3297582,0.3234751,-0.0187437,-0.0139205,0.9957091,1
1002,4.2800000,-1.4300000,-0.3000000,0.0278000,-0.0458000,0.9384000,-0.3832921,-1.5675495,0.1206136,-0.0178276,-0.0146428,0.9910596,1
1003,2.9400000,-2.1000000,-0.5500000,-0.0219000,-0.0229000,1.1611000,0.1221735,-1.7493750,-0.0740089,-0.0145528,-0.0168459,0.9864963,1
1004,-1.7500000,-3.8100000,-1.7100000,-0.0327000,0.0458000,1.0209000,0.6054412,-1.9150428,-0.2553441,-0.0122614,-0.0178254,0.9903079,1
1005,2.5700000,-2.2200000,-1.1600000,0.0263000,-0.0009000,0.9282000,0.9071160,-2.1072474,-0.4541588,-0.0110319,-0.0156599,0.9961640,1
1006,3.0600000,-0.5100000,0.5400000,0.0454000,-0.0336000,0.9418000,1.1572616,-2.2371660,-0.6152757,-0.0080457,-0.0128043,0.9965949,1
1007,2.8800000,-0.5700000,0.2400000,0.0229000,0.0058000,1.0854000,1.4570906,-2.2172878,-0.6659677,-0.0026725,-0.0111953,0.9950803,1
1008,-1.8100000,-3.2600000,-1.1000000,-0.0087000,0.0615000,1.0854000,1.6731176,-2.1250259,-0.6465863,0.0026452,-0.0084708,0.9984806,1
1009,0.6200000,-1.3700000,-0.9100000,0.0498000,-0.0253000,0.9340000,1.6748496,-2.0650481,-0.6398527,0.0069538,-0.0039643,1.0046033,1
1010,1.5300000,1.0000000,0.4200000,0.0385000,-0.0063000,0.9936000,1.5606939,-1.9611057,-0.6343410,0.0117573,-0.0006632,1.0070959,1
1011,-0.8400000,-0.4500000,-0.6700000,-0.0087000,0.0566000,1.0874000,1.4191409,-1.7332846,-0.5947089,0.0162654,0.0018828,1.0082972,1
1012,-3.0300000,-1.7900000,-1.7100000,-0.0209000,0.0380000,1.0205000,1.1504860,-1.4818714,-0.5743350,0.0178540,0.0062745,1.0121949,1
1013,0.8000000,0.5800000,-0.6700000,0.0507000,-0.0219000,0.8935000,0.7632527,-1.2708709,-0.6107267,0.0174426,0.0108103,1.0141549,1
1014,1.2300000,1.4300000,0.1800000,0.0239000,-0.0302000,0.9838000,0.4495686,-1.0173852,-0.6426441,0.0178743,0.0121279,1.0100834,1
1015,-0.9600000,-1.0600000,-0.9100000,-0.0195000,0.0449000,1.1113000,0.2584632,-0.7252833,-0.6359902,0.0183018,0.0112476,1.0061078,1
1016,-3.1000000,-1.6700000,-2.3200000,-0.0175000,0.0195000,1.0024000,0.0390182,-0.5270755,-0.6601616,0.0164510,0.0113680,1.0072609,1
1017,0.9800000,-0.0900000,-1.3400000,0.0830000,-0.0302000,0.8857000,-0.2289728,-0.4477872,-0.7610053,0.0145148,0.0116105,1.0074532,1
1018,1.4100000,0.7000000,0.2400000,0.0473000,-0.0268000,1.0024000,-0.3770326,-0.3840591,-0.8601442,0.0160393,0.0094737,1.0024832,1
1019,-0.3500000,-0.9400000,-0.7900000,-0.0170000,0.0468000,1.1640000,-0.3724150,-0.3049033,-0.8877662,0.0189540,0.0065991,1.0001907,1
1020,-4.1300000,-1.7300000,-2.3200000,-0.0117000,0.0053000,0.9365000,-0.4082213,-0.2880853,-0.9076695,0.0193328,0.0056733,1.0040654,1
1021,0.8000000,0.0300000,-0.9700000,0.0610000,-0.0097000,0.9291000,-0.5552429,-0.3419205,-0.9760518,0.0184364,0.0055818,1.0055430,1
1022,0.9800000,1.7400000,0.4200000,0.0395000,-0.0385000,0.9931000,-0.6360601,-0.3475742,-1.0186194,0.0193889,0.0040183,1.0017837,1
1023,-0.9000000,-0.7000000,-0.0600000,-0.0156000,0.0185000,1.0874000,-0.5994404,-0.2668442,-0.9679068,0.0209406,0.0013231,0.9992836,1
1024,-3.7100000,-1.7900000,-1.2200000,-0.0302000,-0.0131000,1.0102000,-0.6187768,-0.2227522,-0.8761036,0.0198137,-0.0008050,1.0013146,1
1025,0.0100000,0.4500000,0.1800000,0.0268000,-0.0351000,0.9296000,-0.7483625,-0.2534986,-0.7934385,0.0165112,-0.0029648,1.0032627,1
1026,1.8400000,1.4900000,1.4600000,0.0454000,-0.0288000,1.0161000,-0.8085082,-0.2408034,-0.6646314,0.0144484,-0.0063631,1.0019505,1
1027,-0.4700000,-0.2100000,0.7300000,0.0131000,0.0244000,1.0214000,-0.7174641,-0.1486483,-0.4517093,0.0145897,-0.0094032,1.0006148,1
1028,-2.5500000,-1.4300000,-0.6100000,-0.0219000,0.0029000,0.9912000,-0.6345739,-0.0848331,-0.2324715,0.0145064,-0.0101376,1.0007149,1
1029,0.1900000,0.0900000,0.3000000,0.0029000,-0.0273000,0.9960000,-0.6384832,-0.0969386,-0.0770035,0.0127293,-0.0097360,1.0007177,1
1030,0.9800000,1.8000000,1.0300000,0.0112000,-0.0234000,1.0209000,-0.6135981,-0.0858692,0.0493770,0.0104686,-0.0102046,1.0007442,1
1031,0.3700000,0.4500000,0.3600000,0.0039000,0.0161000,0.9663000,-0.4977354,0.0112735,0.1810916,0.0087641,-0.0108502,1.0007838,1
1032,-1.0200000,-2.1000000,-0.5500000,-0.0200000,0.0117000,0.9536000,-0.3693836,0.0847205,0.2751192,0.0069468,-0.0099809,0.9988804,1
1033,2.0800000,-0.3300000,0.1800000,-0.0039000,-0.0546000,1.0175000,-0.2491568,0.0430798,0.3020760,0.0044199,-0.0089248,0.9955606,1
1034,2.3300000,1.2500000,1.0300000,0.0268000,-0.0375000,1.0805000,-0.0421776,-0.0174132,0.3119680,0.0024241,-0.0102418,0.9951758,1
1035,1.2300000,1.6100000,0.9700000,0.0185000,0.0092000,0.9213000,0.2540215,0.0211036,0.3577184,0.0023190,-0.0126817,0.9973209,1
1036,-1.0800000,-2.5300000,0.0500000,-0.0288000,0.0341000,0.9833000,0.4980922,0.0830727,0.4189755,0.0027683,-0.0129266,0.9970321,1
1037,2.6300000,-0.3900000,0.4200000,-0.0234000,-0.0454000,0.9985000,0.6487555,0.0390231,0.4545293,0.0015788,-0.0114025,0.9948038,1
1038,3.1800000,1.1900000,1.6400000,0.0258000,-0.0292000,1.0795000,0.8410805,-0.0349398,0.4916288,-0.0003110,-0.0112342,0.9949931,1
1039,1.5900000,2.1600000,1.5800000,0.0288000,0.0253000,0.9775000,1.1093436,0.0037768,0.5819686,-0.0003534,-0.0118003,0.9982280,1
1040,-2.1200000,-1.7300000,0.3600000,-0.0268000,0.0146000,0.9521000,1.2774305,0.1042195,0.6967867,0.0007846,-0.0104924,1.0001760,1
1041,2.4500000,-1.3100000,0.7900000,-0.0239000,-0.0205000,1.0200000,1.2785963,0.1078486,0.7765078,0.0004733,-0.0081279,0.9994370,1
1042,3.1800000,2.7100000,1.8900000,0.0527000,0.0166000,1.0263000,1.2963268,0.0685756,0.8421769,-0.0002041,-0.0061553,0.9993778,1
1043,-0.1100000,-0.2100000,0.7900000,0.0034000,0.0537000,0.9746000,1.3782851,0.1162040,0.9242856,0.0010828,-0.0030621,1.0003378,1
1044,-0.5300000,-2.2200000,-0.1800000,-0.0522000,0.0034000,1.0126000,1.3689294,0.1388214,0.9687694,0.0019679,0.0017263,1.0006873,1
1045,3.0000000,1.9200000,0.7900000,0.0195000,-0.0170000,0.9663000,1.2897108,0.0873474,0.9439763,0.0007406,0.0055323,1.0001755,1
1046,2.7500000,2.8900000,1.2800000,0.0556000,0.0361000,1.0478000,1.3003822,0.1378936,0.9060657,0.0007455,0.0076393,0.9996925,1
1047,-0.5300000,0.0300000,-0.2400000,0.0224000,0.0434000,0.9873000,1.3628266,0.3144784,0.8714236,0.0037636,0.0103572,1.0003956,1
1048,-1.6900000,-1.9800000,-0.9700000,-0.0336000,0.0029000,0.9863000,1.2933948,0.4219491,0.7757872,0.0067384,0.0137947,1.0009895,1
1049,1.2300000,1.9800000,0.2400000,0.0058000,-0.0166000,1.0078000,1.0911383,0.4178164,0.6131672,0.0073218,0.0155460,1.0006422,1
1050,1.4700000,3.1400000,0.6600000,0.0463000,0.0322000,1.0454000,0.9187526,0.4844281,0.4630270,0.0075957,0.0154584,1.0013178,1
1051,-0.9600000,0.3900000,-0.3600000,0.0253000,0.0610000,0.9399000,0.7988538,0.6619549,0.3536378,0.0096456,0.0163455,1.0024185,1
1052,-3.4600000,-2.3400000,-1.1000000,-0.0439000,0.0239000,1.0214000,0.5792559,0.7543666,0.2317752,0.0112498,0.0191782,1.0018577,1
1053,-0.4700000,2.0400000,-0.1200000,-0.0273000,-0.0053000,1.0795000,0.2241867,0.7078466,0.0811757,0.0095714,0.0215329,1.0025980,1
1054,-0.0400000,3.2600000,0.5400000,0.0488000,0.0317000,1.0439000,-0.1107174,0.7215639,-0.0379993,0.0067280,0.0222171,1.0073688,1
1055,-1.2600000,1.2500000,-0.3600000,0.0659000,0.0351000,0.8476000,-0.3529652,0.8694137,-0.0993298,0.0070992,0.0227429,1.0101358,1
1056,-4.5600000,-2.2200000,-1.1600000,-0.0166000,0.0156000,1.0375000,-0.6229698,0.9654895,-0.1575964,0.0100606,0.0236128,1.0066096,1
1057,-1.6900000,1.9200000,-0.3000000,-0.0463000,-0.0415000,1.0917000,-0.9884987,0.9240408,-0.2421539,0.0108786,0.0227720,1.0041043,1
1058,-0.3500000,4.1200000,0.4200000,0.0366000,0.0273000,1.0678000,-1.3100127,0.9385048,-0.3038437,0.0090713,0.0195980,1.0079659,1
1059,-2.3000000,2.3500000,-0.7900000,0.0620000,0.0478000,0.8149000,-1.5051694,1.1236309,-0.3240205,0.0089688,0.0172111,1.0106501,1
1060,-4.3200000,-2.2200000,-1.7700000,-0.0278000,0.0122000,0.9985000,-1.6955908,1.2846469,-0.3697755,0.0108497,0.0170108,1.0054128,1
1061,-1.4500000,0.2100000,-0.9100000,-0.0732000,-0.0322000,1.1206000,-1.9303381,1.2469579,-0.4746521,0.0098428,0.0163192,1.0002633,1
1062,0.8600000,4.6600000,-0.1800000,0.0322000,-0.0117000,1.0815000,-2.0535531,1.1800519,-0.5794987,0.0055545,0.0132813,1.0033904,1
1063,-2.0000000,3.2000000,-0.7300000,0.0776000,0.0239000,0.8286000,-2.0023525,1.2980053,-0.6403558,0.0037397,0.0096294,1.0073769,1
1064,-3.6500000,-1.6700000,-1.4000000,-0.0058000,0.0014000,0.9282000,-1.9450250,1.4579645,-0.6889981,0.0059225,0.0072668,1.0026513,1
1065,-0.7800000,-0.2100000,-0.6700000,-0.0727000,-0.0351000,1.0732000,-1.9544477,1.4364020,-0.7491954,0.0067121,0.0049991,0.9945514,1
1066,2.5100000,4.5400000,0.1200000,-0.0009000,-0.0224000,1.1611000,-1.8577085,1.3563860,-0.7802360,0.0036247,0.0013115,0.9945279,1
1067,-0.9600000,4.1200000,-0.6100000,0.0693000,0.0131000,0.8515000,-1.5805551,1.4569874,-0.7583516,0.0012489,-0.0025005,0.9999110,1
1068,-2.6100000,-1.4300000,-1.5200000,0.0107000,0.0102000,0.8530000,-1.3163993,1.6324096,-0.7360134,0.0026052,-0.0044633,0.9976890,1
1069,-0.3500000,-0.5100000,-0.7900000,-0.0893000,-0.0463000,1.1308000,-1.1723760,1.6288423,-0.7517304,0.0032939,-0.0056206,0.9901896,1
1070,2.9400000,5.3400000,0.3000000,-0.0117000,-0.0268000,1.2182000,-0.9932563,1.5537449,-0.7576549,-0.0001359,-0.0081045,0.9928517,1
1071,0.5000000,5.2100000,-0.0600000,0.0976000,0.0146000,0.7915000,-0.6774831,1.6896455,-0.7056103,-0.0026280,-0.0107595,1.0023372,1
1072,-1.5700000,-1.7300000,-0.8500000,0.0380000,0.0087000,0.8471000,-0.3729394,1.9228401,-0.6290032,0.0004333,-0.0113751,1.0011697,1
1073,-0.4700000,0.0300000,-0.3600000,-0.1147000,-0.0605000,1.1689000,-0.2101196,1.9536798,-0.5719179,0.0035447,-0.0114285,0.9933902,1
1074,3.6100000,4.9700000,0.6600000,-0.0268000,-0.0239000,1.2104000,-0.0667235,1.8827882,-0.5076378,0.0008733,-0.0132800,0.9968707,1
1075,-0.0400000,1.8600000,0.0000000,0.1044000,0.0429000,0.7568000,0.1653633,1.9236571,-0.4063514,-0.0021935,-0.0147140,1.0063132,1
1076,-2.0600000,-1.4300000,-0.3600000,-0.0556000,-0.0249000,1.0107000,0.3304509,1.9411396,-0.3027225,-0.0014456,-0.0137087,1.0065339,1
1077,1.7800000,1.8600000,0.6600000,-0.1083000,-0.0371000,1.2504000,0.3619854,1.8136853,-0.2131463,-0.0031615,-0.0128463,1.0067250,1
1078,2.2000000,7.1100000,0.9100000,0.0498000,-0.0107000,0.9975000,0.4274390,1.7750264,-0.1010177,-0.0084745,-0.0134664,1.0165297,1
1079,0.2500000,3.2600000,0.1800000,0.1079000,0.0322000,0.7387000,0.5642162,1.9960507,0.0324330,-0.0092089,-0.0133104,1.0211708,1
1080,-2.5500000,-2.4100000,-0.1800000,-0.0532000,-0.0234000,0.9956000,0.6096255,2.2027907,0.1373072,-0.0046745,-0.0115326,1.0118125,1
1081,1.0400000,1.2500000,0.3600000,-0.1186000,-0.0185000,1.2309000,0.5132579,2.1522001,0.1971531,-0.0037426,-0.0101307,1.0040744,1
1082,1.9600000,6.5000000,0.9700000,0.0205000,-0.0048000,1.0219000,0.4401448,2.0792094,0.2500232,-0.0082647,-0.0097272,1.0084101,1
1083,-0.4100000,3.0200000,0.4200000,0.0825000,0.0375000,0.7211000,0.4492746,2.2122064,0.3184731,-0.0104027,-0.0084982,1.0104309,1
1084,-2.7300000,-3.9300000,-0.3600000,-0.0395000,-0.0146000,0.9960000,0.3871056,2.2927078,0.3659104,-0.0080060,-0.0059107,1.0000460,1
1085,0.4300000,-0.2100000,0.2400000,-0.1250000,-0.0288000,1.1723000,0.2068824,2.0587354,0.3657345,-0.0082659,-0.0041880,0.9910804,1
1086,3.0600000,5.0900000,0.9700000,0.0244000,-0.0297000,1.0590000,0.0985757,1.7581532,0.3581318,-0.0130926,-0.0047933,0.9940722,1
1087,-0.5900000,2.1000000,0.4200000,0.1083000,0.0346000,0.7348000,0.1408909,1.6665420,0.3767027,-0.0144918,-0.0058729,0.9969712,1
1088,-2.4900000,-4.6000000,-0.0600000,-0.0336000,-0.0019000,1.0141000,0.1444607,1.5680989,0.3934971,-0.0100597,-0.0053383,0.9898898,1
1089,-0.9000000,-0.7600000,0.6000000,-0.1308000,-0.0107000,1.2182000,0.0052058,1.2211363,0.3907324,-0.0082105,-0.0041630,0.9857827,1
1090,2.2000000,4.3000000,1.0300000,0.0083000,-0.0156000,0.9916000,-0.1264980,0.8639614,0.4011512,-0.0121269,-0.0038560,0.9931696,1
1091,-0.4700000,0.3300000,0.1200000,0.0947000,0.0454000,0.7631000,-0.1399518,0.7295628,0.4314392,-0.0140561,-0.0032790,0.9977429,1
1092,-2.6700000,-4.6600000,-0.5500000,-0.0346000,-0.0039000,1.0219000,-0.1656552,0.5907828,0.4306655,-0.0108886,-0.0012137,0.9916130,1
1093,-1.8100000,-2.1600000,0.1200000,-0.1196000,-0.0292000,1.1611000,-0.3218676,0.2303869,0.3783007,-0.0098723,0.0003772,0.9877127,1
1094,1.5300000,2.2200000,0.7900000,0.0019000,0.0117000,1.0390000,-0.4917948,-0.1550250,0.3239663,-0.0138880,0.0003510,0.9938923,1
1095,-0.5300000,0.7000000,0.1200000,0.0991000,0.0307000,0.7480000,-0.5468103,-0.3299073,0.2996453,-0.0156833,0.0008060,0.9980871,1
1096,-3.0300000,-6.3100000,-0.1200000,-0.0200000,-0.0131000,0.9824000,-0.5895808,-0.4695901,0.2782512,-0.0119577,0.0022381,0.9912389,1
1097,-1.4500000,-3.2000000,0.5400000,-0.1215000,-0.0307000,1.2241000,-0.7311190,-0.8251125,0.2506123,-0.0098610,0.0024506,0.9862834,1
1098,0.5600000,2.1600000,0.6600000,-0.0034000,-0.0185000,1.0014000,-0.8710090,-1.1987227,0.2452885,-0.0130742,0.0005223,0.9928831,1
1099,0.8000000,-0.7600000,0.4200000,0.1123000,0.0332000,0.7548000,-0.8813174,-1.3348107,0.2679593,-0.0144061,-0.0014493,0.9973200,1
1100,-2.1800000,-6.0700000,-0.1200000,0.0000000,-0.0249000,0.9941000,-0.8175311,-1.4239137,0.2886882,-0.0096606,-0.0021354,0.9904417,1
1101,-1.5100000,-4.0500000,0.3000000,-0.1079000,-0.0302000,1.1752000,-0.8127692,-1.7070851,0.2884314,-0.0057526,-0.0033438,0.9851553,1
1102,0.6800000,0.3300000,0.3000000,-0.0253000,-0.0141000,1.0444000,-0.8351994,-2.0295153,0.2807610,-0.0076262,-0.0058465,0.9907678,1
1103,1.1700000,-1.0000000,-0.1200000,0.0883000,0.0507000,0.8134000,-0.7620056,-2.1614345,0.2689521,-0.0096250,-0.0071366,0.9966636,1
1104,-1.0200000,-5.8200000,-0.6100000,0.0122000,-0.0058000,0.9218000,-0.6136813,-2.2228299,0.2287268,-0.0068501,-0.0057539,0.9925389,1
1105,-0.4100000,-5.6400000,-0.5500000,-0.0957000,-0.0185000,1.1679000,-0.4949609,-2.4507623,0.1465962,-0.0041787,-0.0039911,0.9869763,1
1106,2.0800000,-0.3900000,-0.3600000,-0.0278000,-0.0073000,1.1064000,-0.3742374,-2.7513270,0.0405725,-0.0062870,-0.0035461,0.9917654,1
1107,1.4100000,-0.7600000,-0.3600000,0.0961000,0.0205000,0.8164000,-0.1631173,-2.8672695,-0.0634212,-0.0082427,-0.0032289,0.9994568,1
1108,-0.5300000,-5.5200000,-0.6100000,-0.0214000,-0.0346000,1.0854000,0.0731530,-2.8605113,-0.1589638,-0.0059629,-0.0027841,1.0009107,1
1109,0.3100000,-2.3400000,-0.2400000,-0.0859000,-0.0297000,1.1767000,0.2320637,-2.9103608,-0.2440217,-0.0046764,-0.0038498,1.0050617,1
1110,3.0000000,1.3700000,-0.0600000,0.0620000,0.0131000,0.9501000,0.3773965,-2.8858687,-0.3020666,-0.0061106,-0.0058487,1.0151277,1
1111,0.6200000,-1.4900000,-0.7900000,0.1030000,0.0166000,0.8471000,0.5794661,-2.6602197,-0.3381235,-0.0037058,-0.0063978,1.0188420,1
1112,-0.5300000,-4.8500000,-0.9100000,-0.0371000,-0.0419000,1.0283000,0.7370225,-2.4315333,-0.3852987,0.0027715,-0.0061476,1.0131353,1
1113,1.5900000,-2.5300000,-0.6100000,-0.0844000,0.0043000,1.1523000,0.8019598,-2.3650752,-0.4492706,0.0055864,-0.0067565,1.0095447,1
1114,3.7900000,2.6500000,-0.4800000,0.0561000,0.0126000,0.9208000,0.9085202,-2.2782628,-0.5066252,0.0039345,-0.0070200,1.0115703,1
1115,1.5300000,-1.3700000,-1.0300000,0.0942000,0.0122000,0.8754000,1.1187703,-2.0114481,-0.5549275,0.0050092,-0.0057876,1.0093150,1
1116,0.2500000,-5.4600000,-1.2200000,-0.0488000,-0.0537000,1.0581000,1.3063317,-1.7902022,-0.6168404,0.0092263,-0.0048676,1.0016918,1
1117,2.9400000,-1.8600000,-0.6700000,-0.0708000,-0.0019000,1.1318000,1.4214967,-1.7886722,-0.6901406,0.0096996,-0.0058367,0.9991450,1
1118,5.2000000,2.8900000,-0.4800000,0.0610000,0.0302000,0.8911000,1.6087088,-1.7703252,-0.7427639,0.0066252,-0.0065376,1.0018540,1
1119,3.7900000,-1.5500000,-1.4000000,0.0957000,-0.0239000,0.8681000,1.9435725,-1.5687444,-0.7776977,0.0070714,-0.0057670,0.9990664,1
1120,0.1300000,-5.8800000,-1.5200000,-0.0332000,-0.0659000,1.1782000,2.2614802,-1.4357452,-0.8340275,0.0111918,-0.0064865,0.9934473,1
1121,1.5900000,0.0300000,-0.0600000,-0.0600000,0.0185000,1.1445000,2.3969685,-1.5018148,-0.8935296,0.0123188,-0.0091823,0.9977807,1
1122,4.5200000,3.8100000,0.6000000,0.0649000,0.0683000,0.8408000,2.4485601,-1.4639101,-0.8807977,0.0102786,-0.0093823,1.0069239,1
1123,3.9100000,-1.8600000,-0.3600000,0.0942000,0.0307000,0.8422000,2.5769593,-1.2057163,-0.7862096,0.0114381,-0.0050254,1.0055700,1
1124,-1.3900000,-5.2100000,-0.6700000,-0.0610000,-0.0341000,1.2158000,2.6722051,-1.0460908,-0.6782523,0.0151249,0.0000926,0.9990527,1
1125,-0.8400000,1.1900000,0.6000000,-0.0844000,0.0239000,1.1757000,2.5244479,-1.0824031,-0.5766190,0.0140210,0.0030945,1.0039764,1
1126,2.5100000,4.1200000,1.1500000,0.0722000,0.0771000,0.8613000,2.2156393,-0.9928314,-0.4313745,0.0090216,0.0065947,1.0154205,1
1127,1.5900000,-0.4500000,0.1200000,0.1308000,0.0390000,0.7856000,1.9554754,-0.6752782,-0.2429161,0.0089224,0.0126699,1.0151730,1
1128,-2.0600000,-4.6000000,-0.0600000,-0.0019000,-0.0654000,1.1914000,1.7044314,-0.4450826,-0.0758229,0.0148076,0.0173499,1.0062421,1
1129,-2.6100000,0.9400000,1.0300000,-0.0688000,0.0073000,1.2558000,1.3032726,-0.4366174,0.0581196,0.0185614,0.0172606,1.0085322,1
1130,0.1300000,5.9500000,1.3400000,0.0629000,0.0893000,0.8090000,0.7976963,-0.3312439,0.2064333,0.0179395,0.0165899,1.0195982,1
1131,0.1900000,0.3900000,-0.0600000,0.1206000,0.0249000,0.7275000,0.3659824,0.0286504,0.3582753,0.0196662,0.0190607,1.0171137,1
1132,-2.9100000,-4.0500000,-0.3600000,-0.0292000,-0.0410000,1.2280000,0.0115013,0.3109910,0.4441496,0.0247148,0.0210842,1.0039432,1
1133,-3.4600000,1.4900000,0.5400000,-0.0913000,-0.0073000,1.2114000,-0.3993274,0.3421691,0.4587252,0.0253828,0.0193949,1.0031104,1
1134,0.2500000,5.4600000,1.1500000,0.0541000,0.0625000,0.8012000,-0.8231324,0.4228436,0.4687781,0.0206050,0.0168920,1.0114041,1
1135,0.8600000,0.5800000,0.5400000,0.1132000,0.0190000,0.7900000,-1.0709904,0.7014987,0.5054488,0.0184983,0.0166751,1.0078502,1
1136,-2.8500000,-2.7100000,0.4200000,-0.0112000,-0.0576000,1.2290000,-1.1615915,0.9023867,0.5415841,0.0210696,0.0160580,0.9971117,1
1137,-3.2200000,1.1900000,1.1500000,-0.0776000,-0.0048000,1.1674000,-1.2882559,0.8854305,0.5720631,0.0212912,0.0123439,0.9987993,1
1138,0.2500000,5.2100000,1.5800000,0.0424000,0.0468000,0.8173000,-1.4475559,0.9014327,0.6320136,0.0172326,0.0085604,1.0076318,1
1139,1.1100000,0.8800000,0.7300000,0.1074000,0.0288000,0.8315000,-1.4657702,1.0901218,0.7209112,0.0155468,0.0078081,1.0053229,1
1140,-1.9400000,-2.2800000,0.0500000,0.0029000,-0.0678000,1.1455000,-1.3490575,1.2177555,0.7820701,0.0184404,0.0074333,0.9958993,1
1141,-1.2000000,3.4400000,1.3400000,-0.0507000,0.0263000,1.0917000,-1.2455601,1.1969672,0.8020490,0.0200700,0.0049791,0.9944868,1
1142,0.6200000,4.4800000,1.2800000,0.0693000,0.0395000,0.7548000,-1.1538318,1.2698349,0.8309655,0.0189165,0.0034932,0.9957047,1
1143,0.5600000,-1.9200000,0.4800000,0.0551000,-0.0195000,0.9282000,-0.9902605,1.4250323,0.8707219,0.0195289,0.0039827,0.9873817,1
1144,-2.2400000,-1.6700000,0.5400000,-0.0883000,-0.0629000,1.2119000,-0.8158443,1.3894047,0.8821034,0.0201845,0.0027235,0.9795047,1
1145,-1.1400000,2.8900000,1.1500000,-0.0747000,-0.0004000,1.0639000,-0.7400645,1.2073416,0.8729664,0.0150431,-0.0012291,0.9844518,1
1146,1.9000000,2.8300000,1.2100000,0.0585000,0.0532000,0.7719000,-0.6846295,1.1329638,0.8783157,0.0069383,-0.0038761,0.9911151,1
1147,1.5300000,-1.7300000,-0.1200000,0.0483000,-0.0102000,0.9086000,-0.5099282,1.1312151,0.8804759,0.0030024,-0.0033385,0.9863880,1
1148,-1.8800000,-3.3200000,-0.4200000,-0.0717000,-0.0385000,1.1948000,-0.2950622,0.9598899,0.8221755,0.0019119,-0.0028400,0.9801098,1
1149,-0.5300000,1.0000000,0.0000000,-0.0883000,0.0258000,1.1108000,-0.1889843,0.6248845,0.6994562,-0.0026244,-0.0035252,0.9858952,1
1150,3.1800000,3.6300000,-0.2400000,0.0620000,0.0385000,0.7631000,-0.1009493,0.4062218,0.5513053,-0.0090645,-0.0026452,0.9943437,1
1151,1.9600000,-1.9800000,-1.2200000,0.0654000,-0.0307000,0.8920000,0.1200712,0.3594724,0.3778585,-0.0104362,-0.0004203,0.9907573,1
1152,-2.1200000,-3.6900000,-1.4600000,-0.0673000,-0.0498000,1.1962000,0.3521924,0.2198768,0.1531183,-0.0079571,-0.0004196,0.9840443,1
1153,-0.1700000,0.7600000,-0.4200000,-0.0898000,0.0043000,1.1445000,0.4235666,-0.0600334,-0.0948999,-0.0089212,-0.0029160,0.9896344,1
1154,2.8800000,3.3200000,0.1800000,0.0463000,0.0483000,0.7626000,0.4437510,-0.2116358,-0.2889198,-0.0128516,-0.0041402,0.9990291,1
1155,1.9000000,-1.5500000,-0.6100000,0.0566000,0.0000000,0.8774000,0.5714727,-0.1743770,-0.4036007,-0.0131469,-0.0025664,0.9960366,1
1156,-2.0600000,-4.6000000,-1.2200000,-0.0830000,-0.0297000,1.2006000,0.7002640,-0.2244379,-0.4901173,-0.0107439,-0.0009772,0.9887722,1
1157,-0.7200000,0.2700000,-0.3600000,-0.0820000,0.0146000,1.1562000,0.6675647,-0.4489883,-0.5747163,-0.0121835,-0.0007793,0.9937474,1
1158,1.6500000,2.8300000,-0.1200000,0.0507000,0.0849000,0.8237000,0.5558110,-0.5816378,-0.6241767,-0.0160705,0.0011053,1.0042027,1
1159,1.7800000,-1.2500000,-1.2800000,0.0996000,-0.0058000,0.7988000,0.5270508,-0.5259977,-0.6435128,-0.0148824,0.0058121,1.0025854,1
1160,-2.4900000,-5.5200000,-1.5200000,-0.0507000,-0.0458000,1.2055000,0.5208924,-0.5522903,-0.6885685,-0.0089243,0.0089162,0.9938454,1
1161,-2.0000000,0.2700000,-0.6700000,-0.1030000,-0.0009000,1.2451000,0.3706641,-0.7661877,-0.7623659,-0.0064909,0.0082165,0.9978703,1
1162,-0.1100000,3.5100000,-0.3600000,0.0415000,0.0571000,0.7377000,0.1119880,-0.8713432,-0.8131210,-0.0087307,0.0072985,1.0093269,1
1163,2.3300000,-2.5300000,-0.6700000,0.0996000,-0.0146000,0.7636000,-0.0607016,-0.7731900,-0.8217238,-0.0078672,0.0081057,1.0055644,1
1164,-2.3000000,-4.9700000,-0.9100000,-0.0507000,-0.0668000,1.2509000,-0.1213923,-0.7790699,-0.8136468,-0.0028656,0.0071910,0.9929799,1
1165,-2.6700000,0.1500000,-0.2400000,-0.0800000,0.0043000,1.2324000,-0.2497764,-0.9676826,-0.7979312,-0.0010704,0.0031366,0.9954703,1
1166,0.1300000,2.4700000,0.3600000,0.0605000,0.0781000,0.7412000,-0.4628764,-1.0550958,-0.7444373,-0.0028496,0.0006841,1.0066075,1
1167,1.5900000,-1.8600000,-0.3600000,0.0986000,0.0258000,0.7812000,-0.5788323,-0.9615296,-0.6479156,-0.0009581,0.0027977,1.0030975,1
1168,-2.6100000,-4.7200000,-0.8500000,-0.0566000,-0.0439000,1.2182000,-0.5926429,-0.9441755,-0.5582629,0.0043707,0.0056517,0.9909937,1
1169,-3.4000000,-0.7600000,-0.5500000,-0.1098000,0.0102000,1.2851000,-0.6950773,-1.0994019,-0.5083344,0.0049389,0.0059877,0.9940504,1
1170,0.1300000,3.2600000,0.2400000,0.0551000,0.0786000,0.7568000,-0.8913095,-1.1704863,-0.4698189,0.0004661,0.0068288,1.0074382,1
1171,1.1700000,-1.2500000,0.1200000,0.1210000,-0.0039000,0.7412000,-0.9851255,-1.0314712,-0.4063706,-0.0000019,0.0101033,1.0061866,1
1172,-2.5500000,-4.9700000,-0.0600000,-0.0444000,-0.0771000,1.2265000,-0.9677628,-0.9440030,-0.3245978,0.0047732,0.0112653,0.9941563,1
1173,-2.1800000,-0.8800000,0.3000000,-0.0874000,-0.0468000,1.2485000,-1.0015927,-1.0544763,-0.2400516,0.0063437,0.0069904,0.9958011,1
1174,0.7400000,2.2800000,1.2800000,0.1401000,0.0747000,0.7465000,-1.0667426,-1.1299898,-0.1299919,0.0052527,0.0017592,1.0066324,1
1175,0.5600000,-3.0200000,0.6000000,0.0600000,-0.0449000,0.8901000,-1.0256431,-1.0743895,0.0205263,0.0092081,-0.0005784,1.0056476,1
1176,-2.1200000,-4.9100000,0.1800000,-0.1088000,-0.0625000,1.3452000,-0.9221121,-1.1265435,0.1688341,0.0140438,-0.0035896,1.0019897,1
1177,0.0100000,3.2600000,0.9700000,-0.0361000,0.0341000,1.0791000,-0.8553419,-1.2618921,0.2891495,0.0121268,-0.0079598,1.0127308,1
1178,1.4100000,3.8700000,1.0300000,0.1235000,0.0610000,0.6684000,-0.7576636,-1.1372691,0.4063481,0.0087684,-0.0087837,1.0220473,1
1179,1.6500000,-3.5000000,0.1200000,0.0810000,-0.0395000,0.9179000,-0.5441783,-0.8153560,0.5121329,0.0117724,-0.0062647,1.0128717,1
1180,-1.8100000,-3.5600000,-0.3000000,-0.0971000,-0.0703000,1.3286000,-0.3053017,-0.6777538,0.5583176,0.0165370,-0.0059192,1.0025950,1
1181,0.4300000,4.4200000,0.5400000,-0.0200000,0.0180000,1.1250000,-0.1585002,-0.6595730,0.5442917,0.0155892,-0.0084777,1.0098559,1
1182,1.1700000,4.1200000,0.6000000,0.1181000,0.0776000,0.6538000,-0.0471977,-0.4061433,0.5192863,0.0133475,-0.0085679,1.0183884,1
1183,2.7500000,-2.4100000,-0.3600000,0.0698000,-0.0429000,0.8798000,0.1388382,-0.0051244,0.4892481,0.0165813,-0.0053206,1.0085741,1
1184,-2.3000000,-3.1400000,-0.7300000,-0.1196000,-0.0688000,1.3735000,0.3347634,0.1753613,0.4136091,0.0200968,-0.0043569,0.9973112,1
1185,0.0100000,5.8900000,0.1200000,-0.0556000,0.0092000,1.1020000,0.3965744,0.2207952,0.2977296,0.0162182,-0.0068292,1.0049405,1
1186,0.3700000,4.5400000,0.0500000,0.1147000,0.1035000,0.6684000,0.3659995,0.4968959,0.1906558,0.0100962,-0.0067997,1.0143752,1
1187,3.0000000,-1.3100000,-0.4800000,0.0795000,-0.0639000,0.8427000,0.3923008,0.9083949,0.1014461,0.0104459,-0.0031759,1.0048414,1
1188,-2.6700000,-2.5900000,-0.3600000,-0.1049000,-0.0654000,1.3999000,0.4519628,1.0858801,0.0105759,0.0132210,-0.0023981,0.9933915,1
1189,-0.0400000,5.6400000,0.2400000,-0.0561000,-0.0039000,1.1201000,0.4061210,1.0954071,-0.0678334,0.0101953,-0.0056951,1.0018945,1
1190,-0.0400000,4.7900000,0.0000000,0.1005000,0.0830000,0.6274000,0.2880625,1.2842432,-0.1102621,0.0050940,-0.0071554,1.0125681,1
1191,3.3600000,-1.7900000,-0.1800000,0.0781000,-0.0458000,0.8691000,0.2542746,1.5719055,-0.1274110,0.0058916,-0.0051814,1.0032209,1
1192,-2.5500000,-2.2200000,-0.4800000,-0.1035000,-0.0781000,1.3388000,0.2951222,1.6098373,-0.1450442,0.0090066,-0.0052404,0.9910307,1
1193,0.1300000,4.4800000,0.0000000,-0.0571000,0.0000000,1.0805000,0.2652775,1.4696953,-0.1675964,0.0065454,-0.0089141,0.9965294,1
1194,0.7400000,3.9300000,0.2400000,0.0917000,0.0859000,0.7285000,0.1936967,1.4760388,-0.1734167,0.0019106,-0.0103974,1.0049198,1
1195,2.9400000,-1.1200000,-0.1800000,0.0947000,-0.0161000,0.8598000,0.2236072,1.5868672,-0.1571934,0.0032230,-0.0073866,0.9978015,1
1196,-2.0600000,-2.6500000,-0.3600000,-0.0805000,-0.0673000,1.2250000,0.3164074,1.5111887,-0.1438006,0.0078345,-0.0051353,0.9868476,1
1197,0.6200000,2.2200000,-0.0600000,-0.0727000,-0.0039000,1.1826000,0.3392601,1.2569030,-0.1429392,0.0073712,-0.0063838,0.9907679,1
1198,0.1300000,4.0500000,0.1200000,0.0712000,0.0854000,0.7583000,0.3128053,1.1101320,-0.1381340,0.0033749,-0.0064648,1.0010229,1
1199,3.6100000,-1.0000000,0.1200000,0.1044000,-0.0141000,0.8159000,0.3608841,1.1139964,-0.1179303,0.0040373,-0.0029287,0.9977794,1
1200,-1.3300000,-2.9500000,0.0000000,-0.0625000,-0.0703000,1.2475000,0.4836302,1.0089086,-0.0882689,0.0085060,-0.0006886,0.9885993,1
1201,-1.5100000,2.1600000,0.6000000,-0.0810000,0.0190000,1.2163000,0.5122553,0.7652661,-0.0476946,0.0086482,-0.0019219,0.9942155,1
1202,0.0700000,4.1800000,1.0300000,0.0512000,0.0678000,0.7172000,0.4035060,0.6589919,0.0269453,0.0045642,-0.0018456,1.0062613,1
1203,2.9400000,-1.1200000,0.7900000,0.1127000,-0.0029000,0.8525000,0.3328753,0.7266773,0.1419386,0.0042714,0.0013983,1.0035064,1
1204,-2.1800000,-2.3400000,0.3600000,-0.0346000,-0.0439000,1.2036000,0.3365495,0.7036775,0.2639350,0.0086007,0.0037300,0.9939428,1
1205,-1.6300000,1.8000000,0.5400000,-0.0815000,0.0029000,1.1875000,0.2506155,0.5520643,0.3621456,0.0099232,0.0031624,0.9972770,1
1206,-0.5900000,3.6300000,0.7300000,0.0292000,0.0644000,0.8212000,0.0542660,0.5086854,0.4396217,0.0065922,0.0030725,1.0076635,1
1207,0.4300000,-0.8800000,0.9100000,0.0527000,-0.0483000,0.8784000,-0.1238208,0.6042817,0.5124373,0.0045207,0.0044430,1.0078509,1
1208,-1.5700000,-2.2200000,0.7900000,-0.0820000,-0.0527000,1.3344000,-0.2541984,0.6100193,0.5850503,0.0038854,0.0032600,1.0055811,1
1209,-0.7800000,3.5100000,0.8500000,-0.0434000,0.0244000,1.0058000,-0.3874867,0.5283433,0.6517001,0.0000589,-0.0003574,1.0147832,1
1210,1.6500000,2.6500000,0.6600000,0.0883000,0.0419000,0.7236000,-0.4715665,0.5831377,0.7053554,-0.0040166,-0.0018856,1.0208952,1
1211,1.3500000,-1.7300000,0.1800000,0.0639000,-0.0366000,0.9282000,-0.4098861,0.7136250,0.7302995,-0.0023494,-0.0012762,1.0107089,1
1212,-1.3900000,-2.1000000,-0.3000000,-0.0952000,-0.0463000,1.2832000,-0.2779529,0.6815426,0.7020900,0.0013367,-0.0023413,1.0005683,1
1213,0.2500000,2.1000000,-0.3000000,-0.0478000,0.0576000,1.0498000,-0.1947068,0.5292966,0.6131365,0.0000929,-0.0042743,1.0049523,1
1214,1.4100000,2.7100000,-0.4200000,0.0537000,0.0473000,0.7089000,-0.1152319,0.4857341,0.4803205,-0.0034658,-0.0028370,1.0092078,1
1215,2.4500000,-1.2500000,-0.4800000,0.0146000,-0.0522000,0.9433000,0.0558565,0.5446972,0.3240180,-0.0039795,0.0003211,0.9993663,1
1216,-1.2000000,-2.7700000,-0.7300000,-0.0976000,-0.0488000,1.3144000,0.2637232,0.4873425,0.1553677,-0.0042845,0.0001939,0.9912959,1
1217,0.2500000,2.0400000,-0.1200000,-0.0434000,0.0468000,0.9746000,0.3818781,0.3160121,-0.0066494,-0.0086346,-0.0019719,0.9977987,1
1218,2.6900000,1.9200000,0.1800000,0.0483000,0.0385000,0.7753000,0.4669452,0.2456120,-0.1258910,-0.0134643,-0.0015295,1.0029274,1
1219,2.3300000,-1.7900000,-0.2400000,0.0156000,-0.0615000,0.9199000,0.6438554,0.2628709,-0.1922535,-0.0140984,0.0001283,0.9948372,1
1220,-0.4100000,-3.6300000,-0.5500000,-0.0878000,-0.0439000,1.2866000,0.8449725,0.1465815,-0.2364417,-0.0135392,-0.0013975,0.9880892,1
1221,-0.0400000,2.2800000,-0.2400000,-0.0439000,0.0537000,1.0590000,0.9356022,-0.0757406,-0.2775194,-0.0161879,-0.0041838,0.9958062,1
1222,1.7800000,2.3500000,0.2400000,0.0781000,0.0625000,0.7309000,0.9444751,-0.1463693,-0.2974364,-0.0185444,-0.0031042,1.0038137,1
1223,2.3300000,-2.6500000,-0.1200000,0.0463000,-0.0288000,0.9179000,0.9917805,-0.0929478,-0.2839061,-0.0153807,0.0008481,0.9973702,1
1224,-0.9600000,-3.2600000,-0.8500000,-0.0756000,-0.0288000,1.3569000,1.0525036,-0.1759367,-0.2694921,-0.0102062,0.0028348,0.9919145,1
1225,-1.3300000,2.8300000,-0.5500000,-0.0424000,0.0332000,1.0278000,0.9884205,-0.3423567,-0.2861961,-0.0090259,0.0028128,1.0023101,1
1226,0.4300000,2.7700000,-0.4200000,0.0800000,0.0732000,0.7158000,0.8038515,-0.3177567,-0.3215156,-0.0091585,0.0047979,1.0113684,1
1227,1.3500000,-1.7900000,-0.6100000,0.0507000,-0.0537000,0.9106000,0.6385751,-0.1443045,-0.3585061,-0.0051278,0.0082142,1.0036122,1
1228,-1.3300000,-2.1000000,-0.1800000,-0.0678000,-0.0668000,1.3642000,0.5174259,-0.0799107,-0.3899817,0.0001507,0.0077169,0.9963633,1
1229,-2.0600000,3.2000000,0.6000000,-0.0244000,0.0073000,0.9848000,0.3304791,-0.0882247,-0.3862709,0.0013288,0.0031631,1.0045344,1
1230,0.4300000,2.1600000,1.0900000,0.0781000,0.0683000,0.6977000,0.0832135,0.0432690,-0.3104846,0.0012045,0.0003117,1.0100433,1
1231,3.1200000,-1.5500000,0.9700000,0.0244000,-0.0766000,0.9921000,-0.0434954,0.2440244,-0.1616240,0.0041650,-0.0001905,1.0001633,1
1232,-1.3900000,-1.7300000,0.3600000,-0.0546000,-0.0336000,1.3344000,-0.0152261,0.2995533,0.0149144,0.0071812,-0.0028771,0.9941410,1
1233,-1.9400000,2.2800000,-0.0600000,-0.0126000,0.0683000,0.9272000,-0.0280058,0.2562751,0.1596753,0.0065826,-0.0058854,1.0025603,1
1234,0.5600000,1.4300000,0.0000000,0.0463000,0.0683000,0.7094000,-0.1285449,0.2934863,0.2445107,0.0049971,-0.0039017,1.0057099,1
1235,4.1600000,-2.4700000,0.2400000,-0.0009000,-0.0561000,1.0371000,-0.1156209,0.3473975,0.2828926,0.0051674,0.0006725,0.9948818,1
1236,-0.9600000,-1.6100000,-0.1800000,-0.0605000,-0.0263000,1.2832000,0.0610164,0.2512391,0.2908082,0.0045402,0.0021422,0.9896899,1
1237,-2.3600000,1.7400000,-0.4200000,-0.0288000,0.0405000,0.9697000,0.1669914,0.0900555,0.2616782,0.0007466,0.0015430,0.9987001,1
1238,1.2300000,0.7600000,0.2400000,0.0444000,0.0063000,0.7358000,0.1321726,0.0322650,0.2063091,-0.0032265,0.0022599,1.0037478,1
1239,4.7700000,-2.1000000,1.2100000,0.0253000,-0.0874000,0.9912000,0.1970297,0.0159057,0.1797304,-0.0038024,0.0018492,0.9952867,1
1240,-1.5700000,-0.0900000,0.4200000,-0.0351000,0.0029000,1.1923000,0.4075647,-0.0667584,0.2101025,-0.0026633,-0.0018885,0.9884414,1
1241,0.5600000,1.1200000,0.6600000,0.0190000,0.0571000,0.8437000,0.5538332,-0.1377090,0.2671294,-0.0022389,-0.0046260,0.9893880,1
1242,2.3300000,-0.7000000,1.2100000,0.0322000,0.0175000,0.7924000,0.6409081,-0.1430297,0.3414902,-0.0010819,-0.0033069,0.9842623,1
1243,3.6700000,-1.7300000,0.9700000,-0.0058000,-0.0371000,1.1464000,0.8238085,-0.1753196,0.4430861,0.0013055,-0.0010906,0.9737017,1
1244,-1.6900000,0.3300000,0.0500000,-0.0551000,0.0375000,1.2187000,1.0351978,-0.2588641,0.5369170,0.0020389,0.0000328,0.9751447,1
1245,0.0100000,1.3700000,-0.3000000,0.0166000,0.0844000,0.8364000,1.0936367,-0.2856250,0.5694273,0.0003492,0.0032069,0.9865059,1
1246,0.7400000,-0.6400000,-0.1800000,0.0205000,-0.0043000,0.8164000,1.0245834,-0.2310403,0.5298730,-0.0007907,0.0090418,0.9890101,1
1247,3.7900000,-1.1800000,0.0000000,-0.0024000,-0.0937000,1.1645000,1.0040278,-0.1993630,0.4486832,-0.0003496,0.0116981,0.9841425,1
1248,-1.8800000,0.4500000,0.0000000,-0.0244000,0.0043000,1.1826000,1.0395243,-0.2142437,0.3569527,-0.0002134,0.0086984,0.9888819,1
1249,0.0700000,0.9400000,-0.1200000,0.0488000,0.0537000,0.8242000,0.9807898,-0.1933215,0.2670360,-0.0001571,0.0054452,0.9999222,1
1250,0.7400000,-0.5700000,0.3600000,0.0205000,-0.0195000,0.8676000,0.8442467,-0.1290262,0.1903258,0.0017735,0.0047730,1.0009560,1
1251,3.2400000,-0.9400000,1.0900000,-0.0170000,-0.0698000,1.1538000,0.7850527,-0.1003201,0.1597790,0.0043313,0.0028518,0.9957824,1
1252,-2.1800000,0.7600000,0.1800000,-0.0307000,0.0444000,1.1572000,0.7852427,-0.1077913,0.1819789,0.0047360,-0.0009130,0.9994788,1
1253,-0.7800000,0.7000000,-1.0300000,0.0209000,0.0820000,0.8310000,0.6841249,-0.0782170,0.1900329,0.0034604,-0.0012258,1.0079003,1
1254,0.3100000,-0.8200000,-0.8500000,0.0107000,0.0200000,0.8603000,0.4954287,-0.0260543,0.1251047,0.0028021,0.0032591,1.0062301,1
1255,2.3300000,-1.4300000,-0.6700000,-0.0083000,-0.0253000,1.0786000,0.3781896,-0.0381043,0.0051294,0.0028376,0.0078158,0.9972316,1
1256,-1.1400000,-0.4500000,-1.7100000,-0.0375000,0.0278000,1.2075000,0.3495361,-0.1257158,-0.1505542,0.0017608,0.0100541,0.9962016,1
1257,-1.6300000,-0.3900000,-2.0100000,0.0131000,0.0683000,0.9204000,0.2713480,-0.2264331,-0.3608161,-0.0004811,0.0126622,1.0041606,1
1258,0.1900000,-0.7000000,-1.0300000,0.0253000,-0.0102000,0.7592000,0.1148526,-0.3115991,-0.6024458,-0.0015991,0.0164145,1.0050649,1
1259,2.7500000,-2.0400000,-0.4200000,-0.0102000,-0.0854000,1.1083000,0.0353826,-0.4181079,-0.7991932,-0.0011132,0.0167493,0.9961422,1
1260,-2.0600000,0.0300000,-0.6700000,-0.0458000,-0.0224000,1.2475000,0.0544746,-0.5482254,-0.9121872,-0.0015336,0.0115336,0.9952142,1
1261,-2.2400000,0.2700000,-0.4200000,0.0273000,0.0244000,0.8984000,-0.0101578,-0.6219782,-0.9551587,-0.0031762,0.0051371,1.0050793,1
1262,-0.7800000,0.2100000,0.6000000,0.0507000,-0.0004000,0.6943000,-0.1978041,-0.6036490,-0.9242632,-0.0027796,0.0011442,1.0057485,1
1263,2.6300000,-2.5300000,1.1500000,-0.0327000,-0.0561000,1.1132000,-0.3257586,-0.5803537,-0.7914381,-0.0003739,-0.0021613,0.9936699,1
1264,-0.7800000,-0.7000000,0.4200000,-0.0683000,0.0019000,1.3320000,-0.3073447,-0.6302541,-0.5759949,-0.0004679,-0.0063309,0.9915068,1
1265,-2.3600000,1.0600000,-0.2400000,0.0390000,0.0781000,0.8076000,-0.2967524,-0.6692665,-0.3564024,-0.0031075,-0.0079783,1.0025466,1
1266,0.0100000,-0.9400000,0.0500000,0.0488000,0.0351000,0.7446000,-0.3763775,-0.6308827,-0.1871363,-0.0033759,-0.0045139,1.0032327,1
1267,2.8800000,-2.2200000,0.2400000,-0.0312000,-0.0527000,1.1875000,-0.3863645,-0.6166377,-0.0615355,-0.0011600,-0.0000094,0.9930561,1
1268,-0.2900000,-0.5100000,-0.3000000,-0.0126000,-0.0102000,1.2651000,-0.2516748,-0.6762560,0.0285813,-0.0001718,0.0012637,0.9948132,1
1269,-2.5500000,1.4300000,-0.8500000,0.0571000,0.0522000,0.8271000,-0.1500943,-0.6965172,0.0597809,0.0004898,0.0015589,1.0072982,1
1270,-0.2900000,-0.1500000,-0.4200000,0.0317000,-0.0087000,0.7441000,-0.1869614,-0.6093747,0.0263867,0.0035519,0.0033401,1.0079592,1
1271,2.7500000,-2.4700000,0.5400000,-0.0424000,-0.0834000,1.1899000,-0.2032186,-0.5314443,-0.0202464,0.0067989,0.0032381,0.9978064,1
1272,-0.7800000,1.0000000,0.5400000,-0.0209000,-0.0234000,1.2373000,-0.1083506,-0.5209117,-0.0244281,0.0068491,-0.0010820,0.9987253,1
1273,-1.5100000,1.3100000,0.7900000,0.0561000,0.0639000,0.6938000,-0.0452294,-0.4554399,0.0232533,0.0057667,-0.0050973,1.0066129,1
1274,1.7800000,-1.3700000,1.2800000,-0.0009000,-0.0297000,0.8901000,-0.0416815,-0.3316749,0.1202493,0.0064248,-0.0057629,1.0014000,1
1275,1.8400000,-1.8600000,1.1500000,-0.0566000,-0.0288000,1.3378000,0.0420667,-0.2917276,0.2631729,0.0062845,-0.0062148,0.9941645,1
1276,-2.4200000,3.0200000,0.1800000,-0.0053000,0.0556000,1.1298000,0.1534528,-0.2842445,0.4092091,0.0032918,-0.0066420,1.0039608,1
1277,-2.8500000,1.1200000,-0.1200000,0.0800000,0.0458000,0.6508000,0.0950754,-0.1501690,0.4979123,0.0013650,-0.0038077,1.0149102,1
1278,1.1700000,-2.1000000,0.4200000,-0.0112000,-0.0229000,0.8286000,-0.0895822,0.0113476,0.5220332,0.0029015,0.0008123,1.0058731,1
1279,3.1800000,-1.7900000,0.6000000,-0.0654000,-0.0703000,1.3808000,-0.1471936,0.0162189,0.5220765,0.0034973,0.0022982,0.9933555,1
1280,-2.5500000,1.9200000,0.1800000,-0.0063000,0.0083000,1.1533000,-0.0723031,-0.0574733,0.5163142,0.0006200,-0.0000503,1.0007930,1
1281,-2.2400000,1.8600000,0.1800000,0.0830000,0.0244000,0.6679000,-0.1020103,-0.0215929,0.4940362,-0.0011747,-0.0021410,1.0126350,1
1282,0.4300000,-1.9800000,0.8500000,0.0117000,-0.0297000,0.7890000,-0.2454185,0.0766588,0.4679764,0.0012109,-0.0027595,1.0047167,1
1283,3.7300000,-2.4700000,1.4600000,-0.0664000,-0.0581000,1.3818000,-0.2704823,0.0417335,0.4807472,0.0034470,-0.0048043,0.9917824,1
1284,-2.0000000,2.1000000,0.4800000,0.0073000,0.0444000,1.1762000,-0.1465372,-0.0808204,0.5356720,0.0023187,-0.0077683,0.9987838,1
1285,-3.0300000,1.1900000,-0.2400000,0.0717000,0.0708000,0.6411000,-0.1215481,-0.0942845,0.5716475,0.0018085,-0.0070067,1.0109092,1
1286,0.4300000,-2.0400000,-0.1200000,-0.0185000,0.0000000,0.8378000,-0.2489930,-0.0463421,0.5463880,0.0039910,-0.0022199,1.0036748,1
1287,2.1400000,-2.5900000,-0.3000000,-0.0717000,-0.0141000,1.3320000,-0.3113300,-0.1219282,0.4706295,0.0043270,0.0021672,0.9916845,1
1288,-1.1400000,2.2200000,-1.1600000,0.0126000,0.0507000,1.1264000,-0.2546022,-0.2610274,0.3464776,0.0011965,0.0052587,0.9972789,1
1289,-2.5500000,0.2700000,-1.7100000,0.0815000,0.0639000,0.7553000,-0.2517908,-0.2866929,0.1520579,-0.0002045,0.0098555,1.0079159,1
1290,-0.0400000,-2.1000000,-1.1600000,-0.0097000,-0.0263000,0.8037000,-0.3558841,-0.2668675,-0.1001273,0.0022453,0.0150687,1.0028694,1
1291,2.4500000,-2.3400000,-0.7300000,-0.0664000,-0.0874000,1.2617000,-0.3976701,-0.3586367,-0.3494200,0.0035497,0.0156733,0.9918590,1
1292,-1.1400000,1.2500000,-1.2200000,0.0000000,0.0009000,1.1464000,-0.3178132,-0.4997435,-0.5583542,0.0012392,0.0107813,0.9949609,1
1293,-1.9400000,0.7000000,-1.2800000,0.0625000,0.0288000,0.7470000,-0.2766135,-0.5328248,-0.7368710,-0.0004204,0.0056369,1.0034103,1
1294,0.6200000,-3.0200000,-0.6100000,0.0058000,-0.0214000,0.7900000,-0.3163354,-0.5186687,-0.8803336,0.0011758,0.0026299,0.9971159,1
1295,3.6100000,-2.9500000,0.0000000,-0.0649000,-0.0288000,1.2050000,-0.2579562,-0.6344144,-0.9518317,0.0022899,-0.0003695,0.9839117,1
1296,0.3100000,0.4500000,-0.7900000,-0.0234000,0.0107000,1.2573000,-0.0361127,-0.8277894,-0.9493399,-0.0001399,-0.0036352,0.9859197,1
1297,-2.9700000,-0.5100000,-1.4600000,0.0649000,0.0541000,0.7939000,0.1343731,-0.9367250,-0.9325315,-0.0026269,-0.0044998,0.9986514,1
1298,0.9200000,-2.0400000,-0.7900000,0.0361000,0.0195000,0.7788000,0.1383271,-0.9837583,-0.9372130,-0.0011490,-0.0019132,0.9993720,1
1299,2.7500000,-2.1600000,-0.3000000,-0.0444000,-0.0366000,1.1992000,0.1622858,-1.0704572,-0.9320044,0.0017529,0.0010341,0.9908611,1
1300,0.7400000,0.3900000,-0.8500000,0.0097000,-0.0107000,1.2446000,0.3084116,-1.1599658,-0.8987795,0.0026096,0.0015479,0.9946080,1
1301,-3.7100000,0.2700000,-0.7900000,0.0737000,0.0249000,0.8618000,0.3877973,-1.1464808,-0.8613012,0.0039275,0.0010883,1.0084941,1
1302,-0.3500000,-0.3300000,0.3600000,0.0332000,-0.0332000,0.8061000,0.2663722,-1.0336813,-0.8096456,0.0082791,0.0008246,1.0121848,1
1303,0.8000000,-0.8200000,1.3400000,-0.0410000,-0.0424000,1.1289000,0.0945965,-0.9025989,-0.6859688,0.0123951,-0.0010957,1.0055979,1
1304,0.2500000,1.8000000,0.8500000,0.0234000,0.0009000,1.1694000,0.0069536,-0.7494343,-0.4734179,0.0135291,-0.0045911,1.0056091,1
1305,-4.6200000,0.7000000,0.4800000,0.0703000,0.0249000,0.9428000,-0.1164916,-0.5211072,-0.2283733,0.0146979,-0.0067793,1.0134100,1
1306,-1.3900000,1.1900000,1.9500000,-0.0385000,-0.0419000,0.8964000,-0.3947706,-0.2446409,0.0226459,0.0167872,-0.0074614,1.0163597,1
1307,0.9200000,0.3300000,1.7600000,-0.0263000,-0.0092000,1.1440000,-0.6716722,0.0208083,0.3051301,0.0161159,-0.0086672,1.0145193,1
1308,-2.0000000,1.1900000,0.6600000,0.0478000,0.0317000,1.0590000,-0.8264349,0.2504364,0.5849007,0.0135211,-0.0093186,1.0170609,1
1309,-2.9700000,-0.3900000,0.7900000,0.0312000,0.0024000,0.8515000,-0.9808062,0.4241837,0.7950675,0.0127891,-0.0078511,1.0195998,1
1310,-0.3500000,-0.2100000,1.6400000,-0.0444000,-0.0400000,0.8823000,-1.1675121,0.5055574,0.9439113,0.0126137,-0.0063495,1.0125100,1
1311,2.2000000,0.1500000,1.0900000,-0.0249000,-0.0249000,1.1479000,-1.2229884,0.5038783,1.0671749,0.0098310,-0.0069349,1.0022183,1
1312,-0.1100000,0.2700000,-0.0600000,0.0683000,0.0170000,1.0385000,-1.0811929,0.4695531,1.1360139,0.0067365,-0.0082153,0.9997896,1
1313,-1.6900000,-0.9400000,0.0000000,0.0581000,0.0356000,0.8842000,-0.8975720,0.4047970,1.1083848,0.0076207,-0.0074788,1.0004399,1
1314,1.0400000,-0.7000000,0.4800000,-0.0473000,-0.0288000,0.9379000,-0.7569056,0.2843542,1.0100595,0.0103311,-0.0052127,0.9956964,1
1315,2.4500000,0.8800000,0.1200000,-0.0478000,-0.0253000,1.1801000,-0.5488474,0.1549431,0.8875469,0.0095464,-0.0042905,0.9917969,1
1316,0.5600000,1.1200000,-0.4800000,0.0693000,0.0097000,1.0126000,-0.2407763,0.1032798,0.7424935,0.0067982,-0.0047542,0.9961948,1
1317,-1.0200000,-0.5100000,-0.0600000,0.0654000,0.0224000,0.8940000,0.0273606,0.1142662,0.5717412,0.0076265,-0.0043383,1.0013154,1
1318,1.2900000,0.0300000,0.9100000,-0.0546000,-0.0336000,0.9833000,0.1933168,0.1147438,0.4225248,0.0104671,-0.0033033,1.0001538,1
1319,3.3000000,1.9200000,1.0300000,-0.0234000,-0.0112000,1.1748000,0.3818284,0.1353549,0.3489144,0.0100986,-0.0034988,1.0001075,1
1320,0.4300000,2.7100000,0.0500000,0.0825000,0.0170000,0.9345000,0.6391507,0.2698489,0.3343265,0.0086714,-0.0041264,1.0054394,1
1321,-1.0800000,-0.6400000,-0.4200000,0.0405000,0.0234000,0.9589000,0.8146963,0.4689874,0.3123721,0.0107166,-0.0032695,1.0084763,1
1322,0.5000000,1.0600000,0.1800000,-0.0742000,-0.0224000,0.9687000,0.8371328,0.6090375,0.2609469,0.0129608,-0.0016259,1.0061482,1
1323,3.7300000,3.2000000,0.3000000,-0.0312000,0.0205000,1.0800000,0.8575770,0.7439229,0.2118224,0.0105654,-0.0004592,1.0036852,1
1324,0.8000000,2.4700000,-1.1600000,0.0551000,0.0205000,0.9580000,0.9777271,0.9700978,0.1556683,0.0065436,0.0011112,1.0035507,1
1325,-1.5100000,-1.3700000,-1.4600000,0.0253000,0.0131000,1.0014000,1.0529598,1.1731885,0.0372583,0.0055332,0.0035273,1.0031270,1
1326,0.8600000,1.0000000,0.1200000,-0.0546000,-0.0122000,0.9438000,0.9893092,1.2238556,-0.1212074,0.0054669,0.0054864,1.0006881,1
1327,3.7300000,2.7700000,0.4200000,-0.0229000,0.0410000,1.0830000,0.9481406,1.2263179,-0.2291693,0.0028403,0.0068987,0.9985064,1
1328,0.6800000,1.8000000,-1.4000000,0.0410000,0.0180000,0.9165000,1.0263199,1.2968780,-0.2888375,-0.0002654,0.0090135,0.9977553,1
1329,-1.5100000,-2.7700000,-1.9500000,0.0146000,0.0107000,1.0039000,1.0659110,1.3102493,-0.3908635,-0.0007557,0.0114071,0.9958452,1
1330,1.0400000,0.8800000,-0.6100000,-0.0366000,-0.0131000,1.0375000,0.9795661,1.1561297,-0.5435913,-0.0003347,0.0125540,0.9941868,1
1331,1.5900000,3.0800000,-0.2400000,-0.0087000,0.0263000,1.0551000,0.8888768,1.0059815,-0.6663592,-0.0013894,0.0124980,0.9962813,1
1332,0.8600000,0.9400000,-1.2800000,0.0664000,0.0170000,0.8764000,0.8613300,0.9891351,-0.7391633,-0.0017052,0.0125928,0.9984074,1
1333,-2.7300000,-2.7100000,-1.7700000,0.0439000,0.0000000,1.0361000,0.7861176,0.9440575,-0.8182577,0.0016032,0.0128530,0.9967659,1
1334,-1.6300000,1.4300000,-0.4800000,-0.0590000,-0.0014000,1.1035000,0.5496091,0.7780533,-0.9096934,0.0055083,0.0123006,0.9970193,1
1335,-0.7200000,3.6900000,-0.1800000,-0.0292000,0.0273000,1.0649000,0.2190126,0.6862026,-0.9536996,0.0054957,0.0114503,1.0036070,1
1336,-0.5900000,0.8800000,-1.0300000,0.0747000,0.0434000,0.7934000,-0.0841152,0.7667768,-0.9428650,0.0041885,0.0119251,1.0080784,1
1337,-3.1000000,-2.5300000,-1.2800000,0.0229000,-0.0039000,0.9960000,-0.3721862,0.8154988,-0.9308660,0.0058876,0.0134848,1.0032219,1
1338,-2.6100000,-0.3900000,0.0500000,-0.0893000,-0.0268000,1.2148000,-0.7158256,0.6894539,-0.9194859,0.0071310,0.0135786,0.9998523,1
1339,-1.0200000,3.4400000,0.6000000,0.0502000,0.0371000,0.8525000,-1.0662932,0.5558395,-0.8499701,0.0052368,0.0121383,1.0032883,1
1340,-2.1200000,-1.2500000,-0.1800000,0.0805000,0.0024000,0.7797000,-1.3413715,0.5307300,-0.7156158,0.0054409,0.0112395,0.9991928,1
1341,-3.3400000,-3.3800000,0.1800000,-0.0522000,-0.0400000,1.2055000,-1.5827534,0.4229871,-0.5635246,0.0083279,0.0097984,0.9889471,1
1342,-1.6300000,1.9200000,1.1500000,-0.0786000,-0.0244000,1.0961000,-1.8198854,0.1975984,-0.3939998,0.0074520,0.0060384,0.9890238,1
1343,-0.6500000,3.0800000,0.9100000,0.0341000,0.0473000,0.8242000,-1.9713772,0.1082663,-0.1855409,0.0027710,0.0023085,0.9944113,1
1344,-1.2600000,-1.6700000,-0.3000000,0.0434000,-0.0087000,0.8994000,-1.9943184,0.1710101,0.0166823,0.0002089,0.0009659,0.9911638,1
1345,-2.6700000,-4.0500000,-0.4200000,-0.0527000,-0.0278000,1.1699000,-1.9661082,0.1109537,0.1428291,-0.0000814,0.0000694,0.9856317,1
1346,0.8600000,1.4300000,0.9700000,-0.0483000,0.0317000,1.0756000,-1.9053497,-0.1039721,0.2088454,-0.0024762,-0.0011658,0.9895601,1
1347,0.4300000,3.2600000,0.8500000,0.0224000,0.0346000,0.8066000,-1.7237622,-0.1918901,0.2820054,-0.0063618,-0.0004545,0.9954830,1
1348,1.2300000,-2.9500000,-0.3000000,0.0249000,-0.0390000,0.9370000,-1.4095791,-0.1324444,0.3538698,-0.0079129,0.0012813,0.9921293,1
1349,-1.7500000,-3.9300000,-0.4200000,-0.0581000,-0.0537000,1.2055000,-1.0719459,-0.2156269,0.3681184,-0.0079889,0.0003416,0.9883232,1
1350,1.4100000,3.3800000,0.9100000,-0.0224000,0.0000000,1.0083000,-0.7865628,-0.4008734,0.3430653,-0.0096794,-0.0032288,0.9939759,1
1351,1.8400000,2.4100000,0.7900000,0.0449000,0.0322000,0.8476000,-0.4819021,-0.3822411,0.3434205,-0.0111508,-0.0056910,0.9994850,1
1352,2.0200000,-2.4100000,-0.3600000,0.0546000,-0.0385000,0.9091000,-0.1050018,-0.2233019,0.3588376,-0.0087486,-0.0062929,0.9952794,1
1353,-1.6300000,-3.0800000,-0.1200000,-0.0468000,-0.0551000,1.2236000,0.2305132,-0.2136850,0.3388946,-0.0043501,-0.0081796,0.9907401,1
1354,0.0700000,4.3000000,1.3400000,-0.0502000,0.0317000,1.1459000,0.4036808,-0.2761071,0.3137413,-0.0029712,-0.0110824,0.9986586,1
1355,1.2300000,4.1800000,1.4600000,0.0410000,0.0576000,0.7524000,0.4770914,-0.0991524,0.3531403,-0.0039809,-0.0107303,1.0092232,1
1356,1.4700000,-3.0800000,0.4200000,0.0585000,0.0249000,0.8378000,0.5661804,0.2147018,0.4440302,-0.0024952,-0.0061922,1.0049853,1
1357,-1.3300000,-2.5300000,0.1800000,-0.0805000,-0.0556000,1.3017000,0.6348714,0.3081689,0.5164588,0.0002146,-0.0017439,0.9964383,1
1358,-1.5100000,4.6000000,1.2100000,-0.0561000,0.0322000,1.1386000,0.5736999,0.2722628,0.5613880,-0.0012500,0.0001626,1.0028871,1
1359,0.8600000,3.6300000,1.1500000,0.0791000,0.0776000,0.6875000,0.4182892,0.4342212,0.6204177,-0.0043703,0.0031075,1.0121414,1
1360,-0.1100000,-2.2800000,0.0000000,0.0800000,0.0068000,0.8530000,0.2870221,0.6956096,0.6789289,-0.0023633,0.0086468,1.0043805,1
1361,-2.3000000,-2.5300000,-0.3000000,-0.0737000,-0.0473000,1.3154000,0.1464378,0.7378823,0.6789853,0.0024356,0.0123864,0.9932048,1
1362,-1.5100000,3.3800000,0.0500000,-0.0395000,0.0341000,1.1328000,-0.0804085,0.6261873,0.6134303,0.0031707,0.0127113,0.9989666,1
1363,-0.4700000,3.0800000,-0.3000000,0.0927000,0.0791000,0.7148000,-0.3357200,0.6510570,0.5120659,0.0021825,0.0139069,1.0086856,1
1364,-0.4700000,-1.6100000,-1.1000000,0.0507000,-0.0278000,0.8735000,-0.5311382,0.7739668,0.3727821,0.0053218,0.0168602,1.0028922,1
1365,-3.4000000,-3.4400000,-1.2800000,-0.0825000,-0.0356000,1.3383000,-0.7104029,0.7187212,0.1775902,0.0091490,0.0171569,0.9949295,1
1366,-1.5700000,3.3800000,-0.5500000,-0.0273000,0.0366000,1.0424000,-0.9458424,0.5229260,-0.0464138,0.0080247,0.0147157,1.0021294,1
1367,-1.0800000,2.4100000,-0.1800000,0.0747000,0.0766000,0.7109000,-1.1738943,0.4704217,-0.2377640,0.0054059,0.0142613,1.0092672,1
1368,-0.0400000,-2.4700000,-0.4200000,0.0205000,-0.0600000,0.8847000,-1.3015671,0.5140351,-0.3680972,0.0061559,0.0154311,1.0000243,1
1369,-3.4000000,-4.6000000,-0.9100000,-0.0844000,-0.0478000,1.3720000,-1.3704710,0.3575180,-0.4608770,0.0067710,0.0131101,0.9911281,1
1370,-1.4500000,3.6900000,-0.4800000,-0.0102000,0.0107000,0.9633000,-1.4710591,0.0681496,-0.5379843,0.0034383,0.0076583,0.9980245,1
1371,-1.0200000,1.3100000,-0.1800000,0.0839000,0.0664000,0.6923000,-1.5644064,-0.0407710,-0.5853900,0.0006050,0.0043499,1.0024236,1
1372,-1.5700000,-3.9900000,-1.1600000,-0.0419000,-0.0825000,1.1953000,-1.6002224,-0.0607588,-0.6089341,0.0010628,0.0031036,0.9958761,1
1373,-3.1000000,-1.0600000,-1.0300000,-0.0576000,-0.0205000,1.2329000,-1.6404470,-0.2239414,-0.6460106,0.0001163,-0.0003369,0.9983505,1
1374,-1.2000000,2.5300000,-0.1800000,0.0336000,0.0844000,0.7797000,-1.7146101,-0.3825073,-0.6861768,-0.0029804,-0.0033017,1.0089227,1
1375,1.6500000,-1.4300000,-0.3000000,0.0493000,-0.0092000,0.7871000,-1.7017551,-0.4018614,-0.6907555,-0.0035441,-0.0021443,1.0065394,1
1376,-0.3500000,-4.7200000,-1.1000000,-0.0390000,-0.1103000,1.1513000,-1.5216568,-0.4834122,-0.6759579,-0.0017492,-0.0021194,0.9945483,1
1377,-2.0000000,-1.3700000,-0.7900000,-0.0581000,0.0000000,1.2866000,-1.3049980,-0.7427012,-0.6782398,-0.0022007,-0.0065484,0.9948531,1
1378,-0.4100000,2.8900000,0.0500000,0.0410000,0.0468000,0.7553000,-1.1568054,-0.9411139,-0.6780371,-0.0046070,-0.0101382,1.0050981,1
1379,2.3300000,-1.7300000,0.0500000,0.0512000,-0.0146000,0.7626000,-0.9786725,-0.9389398,-0.6362914,-0.0042720,-0.0100394,1.0024185,1
1380,0.9200000,-4.3600000,-0.4200000,-0.0458000,-0.1152000,1.1894000,-0.6819756,-0.9611281,-0.5638248,-0.0017538,-0.0111298,0.9898594,1
1381,-1.5100000,-0.2100000,-0.4800000,-0.0415000,0.0004000,1.2900000,-0.3834813,-1.1122366,-0.4975601,-0.0016427,-0.0158473,0.9912833,1
1382,-0.0400000,2.5300000,-0.2400000,0.0581000,0.0507000,0.7636000,-0.2042136,-1.1649880,-0.4476254,-0.0028593,-0.0188792,1.0036011,1
1383,2.6900000,-1.1800000,-0.2400000,0.0541000,-0.0131000,0.8017000,-0.0507430,-1.0315268,-0.4037405,-0.0008232,-0.0175257,1.0035582,1
1384,0.8000000,-3.4400000,-0.4800000,-0.0273000,-0.1113000,1.1586000,0.1750738,-0.9287377,-0.3672610,0.0033404,-0.0169929,0.9937172,1
1385,-1.0200000,-0.2100000,-0.2400000,-0.0405000,0.0097000,1.2685000,0.3715100,-0.9542945,-0.3432816,0.0049190,-0.0198250,0.9956908,1
1386,0.0100000,2.2800000,0.6000000,0.0356000,0.0673000,0.8183000,0.4429475,-0.9257553,-0.3075553,0.0040762,-0.0205428,1.0076235,1
1387,2.3900000,-0.2700000,1.1500000,0.0249000,-0.0249000,0.7431000,0.4810964,-0.7511424,-0.2175593,0.0043248,-0.0169549,1.0075989,1
1388,0.9800000,-2.8900000,0.8500000,-0.0537000,-0.1152000,1.1347000,0.5827962,-0.6019082,-0.0670503,0.0047735,-0.0152539,0.9957099,1
1389,-0.1700000,0.2100000,0.7300000,-0.0385000,-0.0283000,1.2216000,0.6851519,-0.5751300,0.1067637,0.0022477,-0.0186332,0.9931310,1
1390,0.6800000,1.3700000,1.2800000,0.0610000,0.0688000,0.8540000,0.7222674,-0.5338454,0.2817621,-0.0009526,-0.0213723,1.0007029,1
1391,2.9400000,-0.4500000,1.5200000,0.0444000,-0.0283000,0.7832000,0.7709935,-0.4142733,0.4679638,-0.0003599,-0.0197853,0.9997347,1
1392,1.8400000,-3.0800000,0.7300000,-0.0449000,-0.0986000,1.1108000,0.9090077,-0.3567232,0.6512123,0.0021558,-0.0189133,0.9897200,1
1393,0.5000000,-0.9400000,0.0500000,-0.0493000,0.0175000,1.2338000,1.0674932,-0.4427859,0.7772775,0.0016943,-0.0210120,0.9889148,1
1394,2.4500000,0.8200000,0.4800000,0.0517000,0.0791000,0.8671000,1.1896238,-0.5455570,0.8219974,-0.0005815,-0.0203587,0.9982360,1
1395,3.6100000,-0.7000000,0.6600000,0.0429000,0.0004000,0.7792000,1.3533369,-0.5676429,0.8181840,-0.0000463,-0.0147676,0.9992789,1
1396,1.9000000,-3.6900000,-0.1200000,-0.0419000,-0.0546000,1.1323000,1.5819809,-0.6219630,0.7837507,0.0022206,-0.0094873,0.9911248,1
1397,1.1700000,-0.9400000,-0.7900000,-0.0346000,0.0141000,1.2436000,1.7738514,-0.7879888,0.6912746,0.0019799,-0.0072405,0.9923801,1
1398,1.4700000,1.0000000,-0.3000000,0.0776000,0.0400000,0.8378000,1.8690842,-0.9229489,0.5362657,0.0009936,-0.0049447,1.0029814,1
1399,3.0000000,-1.0600000,0.4800000,0.0522000,-0.0209000,0.7651000,1.9228047,-0.9353620,0.3754946,0.0037516,-0.0016050,1.0032008,1
1400,2.1400000,-2.5900000,0.1800000,-0.0625000,-0.0996000,1.1416000,1.9957940,-0.9426916,0.2590890,0.0076191,-0.0013706,0.9932355,1
1401,-0.0400000,-0.7600000,-0.1800000,-0.0405000,-0.0092000,1.2993000,2.0276803,-1.0122464,0.1768736,0.0072120,-0.0057152,0.9943686,1
1402,0.6200000,1.7400000,0.8500000,0.0795000,0.0761000,0.8476000,1.9390636,-1.0231357,0.1233917,0.0050862,-0.0088841,1.0073528,1
1403,1.7200000,0.0300000,1.8200000,0.0483000,0.0151000,0.7294000,1.7851008,-0.8926984,0.1462569,0.0066641,-0.0070275,1.0095445,1
1404,1.3500000,-2.7700000,1.0900000,-0.0766000,-0.0361000,1.1416000,1.6516042,-0.7568095,0.2612374,0.0091391,-0.0038624,0.9990974,1
1405,-0.7800000,0.5800000,-0.6100000,0.0136000,0.0698000,1.0649000,1.5064104,-0.7078708,0.3820768,0.0081586,-0.0012672,0.9940261,1
1406,0.9200000,1.5500000,0.1800000,0.1069000,0.0507000,0.7001000,1.3065341,-0.6208232,0.4298880,0.0080292,0.0035960,0.9906812,1
1407,1.9600000,-1.7300000,0.4200000,-0.0126000,-0.0185000,0.8627000,1.1340365,-0.4759597,0.4294316,0.0116150,0.0094928,0.9757845,1
1408,1.2300000,-3.9300000,-0.6700000,-0.0966000,-0.0566000,1.3598000,1.0542099,-0.4621026,0.4016703,0.0126825,0.0116506,0.9638639,1
1409,-0.7800000,0.4500000,-1.0300000,0.0249000,0.0532000,1.0747000,0.9914281,-0.5996550,0.3124354,0.0087153,0.0105220,0.9723163,1
1410,0.8600000,1.5500000,-0.2400000,0.1245000,0.0219000,0.6787000,0.8821622,-0.6694255,0.1704579,0.0070312,0.0103929,0.9837349,1
1411,2.2000000,-2.0400000,0.0000000,0.0014000,-0.0136000,0.8969000,0.8042790,-0.6300697,0.0353810,0.0109152,0.0111501,0.9788889,1
1412,1.7800000,-2.8300000,-1.4000000,-0.0659000,-0.0341000,1.4150000,0.8311049,-0.6618600,-0.0870298,0.0137625,0.0099488,0.9752175,1
1413,-2.3600000,1.5500000,-1.9500000,0.0434000,0.0498000,1.0659000,0.8498276,-0.7525920,-0.2539427,0.0127358,0.0077364,0.9907758,1
1414,-0.3500000,2.5300000,-0.4800000,0.1113000,0.0366000,0.6953000,0.7274916,-0.6940913,-0.4566743,0.0137092,0.0077465,1.0063574,1
1415,1.2900000,-0.0200000,0.5400000,-0.0332000,0.0146000,0.9057000,0.5550417,-0.4684637,-0.5976079,0.0179076,0.0098942,1.0030307,1
1416,1.4100000,-1.4900000,-0.2400000,-0.0893000,-0.0249000,1.3613000,0.4729558,-0.2660404,-0.6327580,0.0182700,0.0112981,0.9980027,1
1417,-2.7900000,2.6500000,-1.1000000,0.0312000,0.0307000,1.0156000,0.4088257,-0.1218731,-0.6253566,0.0134076,0.0112006,1.0078702,1
1418,-1.3300000,3.0800000,-0.1200000,0.1054000,0.0332000,0.7397000,0.2243949,0.1187537,-0.6217860,0.0107886,0.0116381,1.0162214,1
1419,0.9800000,0.7000000,0.6000000,-0.0180000,-0.0253000,0.9599000,-0.0016892,0.4545330,-0.5844075,0.0127409,0.0124257,1.0093270,1
1420,0.7400000,0.2100000,-0.6100000,-0.0517000,-0.0419000,1.2983000,-0.1190386,0.7275623,-0.5040481,0.0133250,0.0107417,1.0033084,1
1421,-2.9700000,2.6500000,-1.1600000,0.0590000,0.0214000,0.9790000,-0.1949806,0.9199368,-0.4477660,0.0113759,0.0070374,1.0099373,1
1422,-0.5900000,3.3200000,0.3000000,0.0849000,0.0136000,0.7675000,-0.3443054,1.1467509,-0.4285180,0.0122486,0.0043876,1.0138684,1
1423,1.2300000,0.3900000,1.5800000,-0.0532000,-0.0107000,1.0024000,-0.4710592,1.3945030,-0.3612639,0.0153510,0.0030968,1.0055633,1
1424,1.3500000,1.7400000,0.1200000,-0.0717000,-0.0288000,1.2333000,-0.4498427,1.5586608,-0.2172103,0.0142357,0.0012851,0.9999023,1
1425,-2.1200000,3.0200000,-0.7900000,0.0571000,0.0439000,0.9775000,-0.3637472,1.6771055,-0.0866862,0.0095752,-0.0004701,1.0052467,1
1426,0.0100000,2.9600000,0.1800000,0.0795000,0.0034000,0.7978000,-0.3371487,1.8340378,-0.0217173,0.0082672,-0.0003048,1.0079737,1
1427,1.5300000,0.7600000,0.7900000,-0.0380000,-0.0302000,1.0434000,-0.3044529,1.9821607,0.0289252,0.0103410,0.0002373,1.0013802,1
1428,1.9600000,2.7100000,-0.1800000,-0.0341000,-0.0175000,1.2006000,-0.1580063,2.0623251,0.0908130,0.0102257,-0.0009302,0.9987516,1
1429,-2.3000000,3.5700000,-0.9700000,0.0810000,0.0468000,0.9399000,0.0118732,2.1438778,0.1123644,0.0088242,-0.0019738,1.0048882,1
1430,-0.5900000,2.7100000,-0.2400000,0.0625000,0.0312000,0.8916000,0.0550026,2.2762037,0.0697631,0.0110404,-0.0003296,1.0078688,1
1431,-0.0400000,2.4700000,0.6600000,-0.0727000,-0.0004000,1.0810000,0.0075517,2.4083712,0.0209705,0.0142519,0.0029364,1.0052140,1
1432,0.2500000,5.2100000,0.1800000,-0.0698000,-0.0126000,1.0883000,-0.0319226,2.5579364,0.0132977,0.0121000,0.0051527,1.0059424,1
1433,-2.6700000,3.5700000,-0.7900000,0.0424000,0.0234000,0.9125000,-0.0990594,2.7789445,0.0119277,0.0063357,0.0061160,1.0093483,1
1434,-1.1400000,2.2200000,0.2400000,0.0439000,0.0131000,0.9331000,-0.2592792,2.9900609,-0.0132059,0.0033126,0.0071924,1.0076969,1
1435,-0.1100000,2.9600000,1.6400000,-0.0454000,0.0097000,1.0795000,-0.4428295,3.1055733,-0.0015536,0.0028108,0.0084960,1.0031717,1
1436,0.5000000,4.6000000,1.0300000,-0.0444000,-0.0292000,0.9819000,-0.5422474,3.1860381,0.0974238,0.0004295,0.0087157,1.0015008,1
1437,-2.0000000,1.6700000,-0.4200000,0.0434000,0.0053000,0.9248000,-0.5847412,3.2594517,0.2189501,-0.0029558,0.0072849,0.9996679,1
1438,-0.5900000,1.9800000,0.7300000,-0.0195000,0.0400000,1.0576000,-0.6471613,3.2439197,0.2977789,-0.0044296,0.0062118,0.9962919,1
1439,0.3100000,4.2400000,0.8500000,-0.0834000,0.0024000,0.9956000,-0.6928451,3.1715857,0.3623718,-0.0066056,0.0067859,0.9951395,1
1440,0.0700000,1.3100000,-1.0300000,-0.0058000,-0.0014000,0.9492000,-0.6644775,3.1067910,0.4028047,-0.0113285,0.0074805,0.9947507,1
1441,-1.4500000,0.2100000,-1.7100000,0.0507000,-0.0112000,0.9414000,-0.6129875,2.9576449,0.3377343,-0.0143372,0.0070921,0.9916174,1
1442,0.0100000,0.2700000,0.1800000,0.0034000,0.0239000,1.0639000,-0.5873560,2.6645588,0.1831139,-0.0131268,0.0062753,0.9881905,1
1443,1.4100000,3.6300000,0.6000000,-0.0703000,-0.0205000,1.0688000,-0.5241345,2.3504994,0.0541752,-0.0115531,0.0055707,0.9897129,1
1444,-0.8400000,0.6400000,-1.0300000,0.0000000,-0.0131000,0.8906000,-0.4015159,2.1243344,-0.0258427,-0.0123711,0.0040647,0.9933654,1
1445,-1.1400000,-1.2500000,-1.1000000,0.0375000,-0.0097000,0.9184000,-0.3189366,1.8821330,-0.1264998,-0.0125607,0.0016396,0.9915896,1
1446,-0.0400000,0.2100000,0.7900000,-0.0434000,0.0302000,1.1088000,-0.3038164,1.5424610,-0.2298975,-0.0110386,-0.0000936,0.9878367,1
1447,1.1100000,2.3500000,1.2100000,-0.0761000,0.0151000,1.0825000,-0.2719216,1.2312273,-0.2438025,-0.0116941,0.0001238,0.9907951,1
1448,-1.6300000,0.0300000,-0.4200000,0.0019000,0.0214000,0.8393000,-0.2185756,1.0319202,-0.1771024,-0.0150652,0.0018961,0.9957034,1
1449,-1.2000000,-2.4100000,-0.8500000,0.0322000,0.0039000,0.9487000,-0.2340824,0.8211966,-0.1297369,-0.0168224,0.0041216,0.9933683,1
1450,-1.2600000,-0.7600000,0.1800000,-0.0341000,0.0385000,1.1723000,-0.3314640,0.5086164,-0.1278985,-0.0159512,0.0065775,0.9905758,1
1451,-0.7200000,2.1000000,0.5400000,-0.0385000,0.0292000,1.0410000,-0.4564624,0.2305311,-0.1154408,-0.0156073,0.0098353,0.9962559,1
1452,-2.1800000,-0.3300000,-0.4800000,0.0087000,-0.0112000,0.7983000,-0.5979680,0.0961206,-0.0825122,-0.0161895,0.0128558,1.0012559,1
1453,-1.8100000,-3.0800000,-0.7900000,0.0087000,-0.0512000,0.9702000,-0.7790603,-0.0307422,-0.0790658,-0.0155114,0.0128685,0.9964851,1
1454,-1.8100000,-1.9200000,0.6000000,-0.0429000,0.0175000,1.1640000,-0.9854540,-0.2785373,-0.0998255,-0.0141678,0.0099129,0.9917537,1
1455,0.5600000,1.0000000,1.1500000,-0.0429000,0.0200000,1.0063000,-1.1364660,-0.5339788,-0.0737904,-0.0145779,0.0072973,0.9954970,1
1456,-0.9600000,-1.2500000,-0.1200000,0.0097000,-0.0375000,0.7905000,-1.1751590,-0.6784078,0.0046668,-0.0160598,0.0054352,0.9975987,1
1457,-0.5900000,-4.8500000,-0.8500000,0.0234000,-0.0585000,0.9956000,-1.1447329,-0.8440680,0.0558156,-0.0157220,0.0015249,0.9907629,1
1458,-0.9600000,-2.5900000,0.1800000,-0.0136000,0.0395000,1.2138000,-1.0955171,-1.1544364,0.0511994,-0.0133809,-0.0034151,0.9870304,1
1459,1.3500000,1.3100000,0.8500000,-0.0141000,0.0244000,0.9628000,-0.9992425,-1.4358787,0.0513557,-0.0111639,-0.0054073,0.9934306,1
1460,0.3700000,-2.8300000,-0.5500000,0.0185000,-0.0410000,0.7558000,-0.8148481,-1.5572665,0.0740413,-0.0093131,-0.0053006,0.9959584,1
1461,0.8000000,-6.3700000,-1.4000000,-0.0063000,-0.0878000,1.0395000,-0.5730860,-1.7253119,0.0495052,-0.0070446,-0.0077265,0.9881418,1
1462,0.2500000,-2.1000000,-0.6100000,-0.0185000,0.0390000,1.2260000,-0.3274085,-2.0493608,-0.0497381,-0.0052768,-0.0122285,0.9853023,1
1463,2.7500000,0.6400000,0.6600000,0.0117000,0.0024000,0.9179000,-0.0622033,-2.2919857,-0.1487558,-0.0043538,-0.0142821,0.9928840,1
1464,1.6500000,-4.0500000,-0.2400000,0.0253000,-0.0205000,0.8164000,0.2615004,-2.3612764,-0.1908716,-0.0028055,-0.0139839,0.9958721,1
1465,0.9800000,-5.8200000,-0.7900000,-0.0087000,-0.0883000,1.0214000,0.5892871,-2.4827338,-0.2148002,-0.0005107,-0.0152179,0.9895264,1
1466,0.6200000,-2.2800000,0.3000000,-0.0166000,0.0405000,1.2109000,0.8371268,-2.7220821,-0.2434179,0.0008274,-0.0179318,0.9877059,1
1467,3.3000000,0.8200000,1.4600000,0.0219000,0.0312000,0.9570000,1.0396900,-2.8489113,-0.2167114,0.0012175,-0.0177519,0.9955632,1
1468,0.6800000,-3.0200000,0.3000000,0.0122000,-0.0195000,0.7958000,1.2447410,-2.7748956,-0.1114805,0.0021611,-0.0145355,0.9993664,1
1469,0.9200000,-5.8200000,-0.3000000,-0.0219000,-0.0859000,1.0629000,1.3883216,-2.7262289,0.0003118,0.0030827,-0.0131868,0.9940541,1
1470,0.1900000,-1.7300000,0.5400000,0.0224000,0.0629000,1.1269000,1.4233044,-2.8051754,0.0768049,0.0032414,-0.0138411,0.9920987,1
1471,1.5300000,-0.2700000,0.9100000,0.0488000,0.0551000,0.8037000,1.3882377,-2.8222546,0.1536348,0.0045228,-0.0112410,0.9938975,1
1472,-0.2900000,-4.7200000,-0.7300000,-0.0087000,-0.0830000,0.9111000,1.3136725,-2.7468697,0.2233036,0.0072165,-0.0068608,0.9884198,1
1473,-0.3500000,-3.5600000,-0.5500000,-0.0131000,-0.0185000,1.2270000,1.1723681,-2.7443622,0.2279554,0.0087319,-0.0060992,0.9828826,1
1474,0.6200000,1.5500000,0.6600000,0.0444000,0.0781000,1.0854000,0.9801311,-2.7289477,0.1891288,0.0091932,-0.0059623,0.9897541,1
1475,1.4100000,-0.3900000,0.7900000,0.0585000,0.0336000,0.7670000,0.8242940,-2.5169067,0.1803640,0.0114457,-0.0019552,0.9982939,1
1476,-0.2300000,-4.7900000,-0.3600000,-0.0190000,-0.1093000,0.9423000,0.7225969,-2.2594571,0.1980102,0.0148307,0.0014948,0.9951055,1
1477,-1.6900000,-2.8300000,0.1200000,-0.0351000,-0.0161000,1.2705000,0.5844629,-2.1698986,0.1972365,0.0155171,-0.0004514,0.9918893,1
1478,0.1300000,3.3800000,1.0900000,0.0546000,0.0756000,1.0380000,0.3790284,-2.0801340,0.2003766,0.0140159,-0.0029868,1.0009476,1
1479,0.9200000,0.0900000,1.2800000,0.0844000,0.0444000,0.7583000,0.2065814,-1.7747239,0.2581919,0.0151104,-0.0007680,1.0087858,1
1480,-0.7200000,-3.6300000,0.2400000,-0.0302000,-0.0903000,0.9882000,0.1044912,-1.4376847,0.3526547,0.0184785,0.0022049,1.0039249,1
1481,-3.2800000,-1.0000000,-0.1800000,-0.0444000,-0.0307000,1.2382000,-0.0456955,-1.2701111,0.4166404,0.0187446,0.0005826,0.9999479,1
1482,-0.1700000,3.2600000,0.6600000,0.0415000,0.0708000,1.0244000,-0.2879682,-1.1082026,0.4350525,0.0158529,-0.0021295,1.0072221,1
1483,0.6800000,0.5800000,1.1500000,0.0634000,0.0566000,0.7973000,-0.4792618,-0.7928281,0.4579028,0.0147733,-0.0003338,1.0130003,1
1484,-1.3300000,-2.2800000,0.1200000,-0.0400000,-0.0991000,0.9609000,-0.5662591,-0.4838931,0.4976297,0.0154708,0.0025497,1.0072248,1
1485,-2.3600000,-0.8200000,-0.2400000,-0.0478000,-0.0380000,1.1552000,-0.6637273,-0.3432846,0.5062282,0.0133820,0.0005873,1.0004158,1
1486,0.1300000,2.2200000,0.6600000,0.0463000,0.1098000,1.1142000,-0.7918126,-0.2596695,0.4771008,0.0091738,-0.0020300,1.0037576,1
1487,0.1900000,1.8600000,0.7900000,0.0615000,0.0605000,0.8154000,-0.8487106,-0.0751259,0.4576486,0.0078728,0.0013167,1.0095956,1
1488,-1.3300000,-1.4900000,-0.4200000,-0.0385000,-0.0834000,0.8745000,-0.8334906,0.1386375,0.4449602,0.0090329,0.0063177,1.0049273,1
1489,-2.0600000,-1.4300000,-1.2200000,-0.0595000,-0.0302000,1.2373000,-0.8477498,0.2133852,0.3755714,0.0075450,0.0062761,0.9975549,1
1490,0.6200000,4.0500000,-0.6700000,0.0678000,0.0800000,1.0888000,-0.8857949,0.2381578,0.2300035,0.0041831,0.0044639,1.0018175,1
1491,1.3500000,1.6700000,0.0500000,0.1064000,0.0307000,0.7338000,-0.8283920,0.4024090,0.0677571,0.0053562,0.0061665,1.0073918,1
1492,-0.0400000,-2.0400000,-0.6700000,-0.0454000,-0.0903000,0.9736000,-0.6591556,0.5828708,-0.0666464,0.0104018,0.0077893,1.0009338,1
1493,-2.6100000,-0.3900000,-1.6400000,-0.0898000,-0.0263000,1.2631000,-0.5245750,0.5955529,-0.2063367,0.0113121,0.0046657,0.9955944,1
1494,1.4100000,4.3600000,-0.7900000,0.0537000,0.0898000,0.9687000,-0.4734416,0.5867721,-0.3745466,0.0075468,0.0012211,1.0019329,1
1495,1.5900000,1.1200000,-0.1800000,0.1083000,0.0737000,0.7807000,-0.3664638,0.7237909,-0.5206232,0.0070542,0.0034727,1.0054653,1
1496,-0.2900000,-1.6700000,-0.6700000,-0.0747000,-0.0917000,0.9755000,-0.1820557,0.8525345,-0.6090379,0.0100999,0.0075600,0.9973625,1
1497,-1.7500000,-0.5700000,-1.4600000,-0.1088000,-0.0454000,1.2724000,-0.0640217,0.8105847,-0.6766651,0.0082314,0.0064591,0.9924600,1
1498,0.8000000,3.5700000,-0.6700000,0.0576000,0.0625000,0.9624000,-0.0432267,0.7338265,-0.7512342,0.0016582,0.0028242,0.9996158,1
1499,1.9600000,1.1900000,0.4800000,0.1206000,0.0473000,0.7294000,0.0099337,0.7814936,-0.7853034,-0.0001401,0.0028146,1.0027619,1
1500,0.4300000,-2.9500000,0.4800000,-0.0688000,-0.0908000,1.0278000,0.1466595,0.8095350,-0.7286034,0.0033369,0.0039139,0.9934918,1
1501,-1.1400000,-1.2500000,-0.3000000,-0.1098000,-0.0444000,1.2700000,0.2563072,0.6427897,-0.6108125,0.0027523,0.0007156,0.9891739,1
1502,0.8000000,3.1400000,0.0500000,0.0625000,0.0922000,0.9516000,0.2849524,0.4378173,-0.4876042,-0.0023806,-0.0031484,0.9977056,1
1503,1.8400000,0.8200000,0.9700000,0.0229000,-0.0195000,0.8081000,0.3266245,0.3886743,-0.3539493,-0.0047161,-0.0029536,1.0029862,1
1504,-0.5300000,-3.6900000,0.2400000,-0.1225000,-0.0776000,1.2592000,0.4064414,0.3478236,-0.1950097,-0.0061204,-0.0030815,1.0026586,1
1505,-1.3900000,1.6700000,-0.6700000,-0.0439000,0.0249000,1.1386000,0.4127304,0.1954745,-0.0617426,-0.0118715,-0.0059244,1.0115757,1
1506,0.6800000,1.8000000,0.0000000,0.1274000,0.0903000,0.7705000,0.3307886,0.1111828,0.0065967,-0.0162712,-0.0060166,1.0225284,1
1507,0.5000000,-1.6700000,0.6000000,0.0219000,-0.0039000,0.8603000,0.2611008,0.1204907,0.0484904,-0.0131105,-0.0015435,1.0185028,1
1508,-0.8400000,-3.3200000,0.3000000,-0.1284000,-0.0742000,1.2631000,0.2123014,0.0191757,0.1015887,-0.0091705,0.0016159,1.0094981,1
1509,-2.2400000,1.0000000,-0.3000000,-0.0473000,0.0229000,1.1254000,0.0952638,-0.1941527,0.1455574,-0.0115745,0.0009137,1.0132406,1
1510,0.0700000,1.3700000,0.4800000,0.1303000,0.0864000,0.7495000,-0.0928890,-0.3143701,0.1656787,-0.0140481,0.0015547,1.0198671,1
1511,0.6800000,-1.8600000,1.2800000,0.0351000,-0.0078000,0.8588000,-0.2346174,-0.3284605,0.2042357,-0.0095174,0.0056146,1.0121420,1
1512,-1.1400000,-2.8300000,0.8500000,-0.1196000,-0.0800000,1.2998000,-0.3008433,-0.4151429,0.2906816,-0.0042223,0.0075826,1.0015307,1
1513,-3.4600000,1.3100000,-0.4800000,-0.0219000,0.0073000,1.0512000,-0.4207715,-0.5621046,0.3729808,-0.0050259,0.0050123,1.0048366,1
1514,-0.3500000,0.5100000,-0.2400000,0.1425000,0.0937000,0.7543000,-0.6327867,-0.6051779,0.3887715,-0.0055573,0.0035295,1.0097114,1
1515,1.4100000,-1.1200000,0.6600000,0.0405000,-0.0302000,0.8881000,-0.7731582,-0.5598862,0.3616425,0.0006456,0.0055987,1.0009696,1
1516,-0.3500000,-2.7700000,0.2400000,-0.1054000,-0.0805000,1.2832000,-0.7584986,-0.5762358,0.3417014,0.0069439,0.0055281,0.9915437,1
1517,-3.3400000,0.7600000,-1.2200000,-0.0346000,0.0195000,1.1059000,-0.7409830,-0.6589225,0.2998553,0.0063103,0.0015904,0.9974324,1
1518,-1.2000000,1.0000000,-0.9100000,0.1206000,0.0883000,0.7495000,-0.8355097,-0.6640410,0.1864696,0.0043126,-0.0001229,1.0063258,1
1519,1.8400000,-1.0000000,0.3000000,0.0395000,-0.0083000,0.8828000,-0.9073404,-0.5786324,0.0437414,0.0076274,0.0025598,1.0012327,1
1520,0.6200000,-2.1600000,-0.1800000,-0.0991000,-0.0639000,1.2651000,-0.8182608,-0.5408353,-0.0611524,0.0111590,0.0042313,0.9934529,1
1521,-3.5800000,1.0000000,-1.7100000,-0.0327000,0.0234000,1.0654000,-0.7054375,-0.5599071,-0.1590611,0.0086836,0.0027001,0.9985972,1
1522,-1.3300000,1.4300000,-1.3400000,0.0883000,0.0683000,0.7905000,-0.7344639,-0.5016537,-0.3082889,0.0048681,0.0025294,1.0057527,1
1523,1.3500000,-0.3300000,-0.1200000,0.0346000,-0.0327000,0.9296000,-0.7922857,-0.3530989,-0.4698065,0.0056148,0.0047733,1.0013644,1
1524,0.7400000,-1.0000000,-0.0600000,-0.0830000,-0.0585000,1.2006000,-0.7233468,-0.2340765,-0.5685916,0.0071388,0.0047124,0.9954339,1
1525,-2.9700000,1.4300000,-1.5200000,-0.0190000,0.0131000,1.0742000,-0.6238355,-0.1570122,-0.6216174,0.0045223,0.0015513,1.0001310,1
1526,-0.9000000,1.8600000,-1.2800000,0.0952000,0.0249000,0.7597000,-0.6324074,-0.0202635,-0.6936540,0.0019627,-0.0007492,1.0053160,1
1527,2.2000000,-0.0200000,0.0500000,0.0488000,-0.0107000,1.0083000,-0.6387158,0.1720961,-0.7650671,0.0045858,-0.0011162,1.0002192,1
1528,-0.3500000,0.0900000,0.2400000,-0.0854000,-0.0541000,1.2436000,-0.5281889,0.3200003,-0.7682859,0.0080567,-0.0022781,0.9973324,1
1529,-2.6700000,2.6500000,-1.1600000,-0.0161000,0.0244000,1.0224000,-0.4383686,0.4455865,-0.7212838,0.0068620,-0.0047381,1.0060964,1
1530,-0.7800000,1.9800000,-0.8500000,0.0961000,0.0253000,0.7368000,-0.4754859,0.6383503,-0.6920399,0.0051128,-0.0055336,1.0117336,1
1531,2.7500000,0.4500000,0.4800000,0.0527000,-0.0351000,1.0209000,-0.4908171,0.8524873,-0.6654888,0.0081752,-0.0047979,1.0047042,1
1532,-0.2900000,1.0600000,0.9700000,-0.0747000,-0.0541000,1.2192000,-0.3722514,1.0004696,-0.5733091,0.0120292,-0.0059289,0.9997737,1
1533,-2.6700000,2.9600000,0.0000000,-0.0151000,0.0083000,0.9887000,-0.2763466,1.1260682,-0.4195319,0.0112892,-0.0088892,1.0056271,1
1534,-0.4100000,2.2800000,0.1800000,0.0883000,0.0180000,0.7495000,-0.3139415,1.3021320,-0.2641083,0.0095744,-0.0104653,1.0078467,1
1535,3.0600000,0.5100000,1.5200000,0.0537000,-0.0268000,1.0273000,-0.3214689,1.4717155,-0.1054537,0.0120274,-0.0102840,0.9988994,1
1536,0.5000000,1.4900000,1.7600000,-0.0625000,0.0000000,1.2167000,-0.1757543,1.5584495,0.1047863,0.0153095,-0.0100566,0.9936673,1
1537,-2.6100000,3.0200000,-0.3000000,0.0219000,0.0263000,0.8193000,-0.0390601,1.6196235,0.3264014,0.0151925,-0.0091128,0.9964437,1
1538,1.9000000,1.3700000,0.5400000,0.0795000,-0.0322000,0.8334000,-0.0048883,1.7074896,0.4764553,0.0151181,-0.0073658,0.9922581,1
1539,1.9600000,0.7600000,1.6400000,-0.0117000,-0.0087000,1.1137000,0.0806831,1.7576176,0.5830191,0.0172540,-0.0065935,0.9821582,1
1540,-0.2300000,1.8000000,0.9100000,-0.0786000,-0.0034000,1.1767000,0.2413489,1.7427628,0.6995223,0.0167859,-0.0066330,0.9818838,1
1541,-3.2800000,1.0000000,-0.6100000,-0.0039000,-0.0112000,0.8032000,0.2892554,1.7008804,0.7752844,0.0116668,-0.0066616,0.9885916,1
1542,2.3300000,-0.4500000,0.3600000,0.0439000,-0.0356000,0.8579000,0.2071716,1.6046606,0.7625974,0.0065929,-0.0073780,0.9866003,1
1543,3.3000000,0.6400000,1.7000000,0.0014000,-0.0043000,1.1176000,0.2318744,1.4289037,0.7295494,0.0045222,-0.0089860,0.9791013,1
1544,0.5000000,0.0900000,0.9100000,-0.0415000,0.0156000,1.1176000,0.4184764,1.2198697,0.7435361,0.0029353,-0.0098697,0.9802022,1
1545,-2.7900000,-0.9400000,-0.9100000,-0.0043000,0.0175000,0.9145000,0.5348621,0.9853990,0.7451933,-0.0000434,-0.0087520,0.9878671,1
1546,1.4100000,-0.5700000,-0.2400000,0.0415000,-0.0102000,0.8637000,0.4928330,0.7084636,0.6632962,-0.0021230,-0.0065207,0.9899478,1
1547,3.5500000,0.1500000,1.2800000,0.0185000,0.0131000,1.1308000,0.4981851,0.4351765,0.5552774,-0.0013342,-0.0043609,0.9875248,1
1548,-0.0400000,0.8800000,0.3600000,-0.0483000,0.0458000,1.1313000,0.6317028,0.2371950,0.4952155,-0.0001145,-0.0013843,0.9921264,1
1549,-3.8900000,-0.9400000,-1.3400000,-0.0195000,-0.0058000,0.8735000,0.6581527,0.1106454,0.4301673,-0.0012832,0.0026222,1.0010705,1
1550,1.5900000,-1.1200000,-0.3000000,0.0288000,-0.0341000,0.8642000,0.4971254,-0.0219827,0.3012733,-0.0031046,0.0049832,1.0015493,1
1551,2.7500000,1.1900000,1.4600000,0.0312000,-0.0019000,1.1474000,0.3948845,-0.1452438,0.1847646,-0.0026315,0.0045727,0.9966970,1
1552,-1.3300000,1.4900000,1.0300000,-0.0244000,0.0507000,1.0986000,0.4132699,-0.1574003,0.1685030,-0.0007752,0.0041992,0.9990238,1
1553,-4.1900000,-1.0000000,-0.7300000,-0.0185000,-0.0024000,0.9052000,0.3095202,-0.0888882,0.2005698,-0.0002473,0.0055724,1.0056114,1
1554,-0.7800000,-0.7000000,-0.3000000,0.0048000,-0.0292000,0.8823000,0.0074408,-0.0621080,0.1903626,-0.0010256,0.0063409,1.0051942,1
1555,2.0800000,1.8600000,1.0900000,0.0209000,0.0356000,1.1528000,-0.2606020,-0.0507881,0.1637037,-0.0012014,0.0058182,1.0009465,1
1556,-0.8400000,2.1600000,0.5400000,-0.0209000,0.0449000,1.0234000,-0.3605648,0.0645837,0.1820568,-0.0007015,0.0067609,1.0023899,1
1557,-3.6500000,-1.9800000,-1.2800000,-0.0346000,0.0034000,0.9086000,-0.4609817,0.2177395,0.1970766,-0.0014392,0.0094091,1.0052966,1
1558,-0.9000000,-0.6400000,-1.3400000,-0.0224000,-0.0566000,0.9443000,-0.6699055,0.2494711,0.1233976,-0.0040560,0.0102532,1.0024155,1
1559,2.3300000,2.1600000,0.3600000,0.0317000,0.0185000,1.1552000,-0.8127435,0.2276896,-0.0060697,-0.0063665,0.0081373,0.9994176,1
1560,0.1900000,2.4100000,0.0500000,0.0166000,0.0444000,0.9448000,-0.7597330,0.3177366,-0.1000636,-0.0061801,0.0066246,1.0015484,1
1561,-3.3400000,-2.4700000,-2.1900000,-0.0170000,-0.0190000,0.8950000,-0.6773552,0.4405395,-0.1870525,-0.0046020,0.0068957,1.0015815,1
1562,-1.2000000,-1.4300000,-2.1300000,-0.0468000,-0.0693000,1.0327000,-0.7245489,0.4043791,-0.3575550,-0.0045096,0.0052523,0.9968064,1
1563,2.2000000,2.9600000,-0.0600000,0.0200000,0.0249000,1.1665000,-0.7677062,0.3011049,-0.5689261,-0.0059076,0.0011113,0.9965490,1
1564,0.4300000,2.8900000,0.2400000,0.0327000,0.0566000,0.8583000,-0.6608101,0.3588962,-0.6991530,-0.0058095,-0.0008887,1.0011598,1
1565,-2.8500000,-3.6900000,-1.5200000,-0.0317000,-0.0126000,0.9028000,-0.5349495,0.4685504,-0.7486006,-0.0042014,0.0004205,0.9997240,1
1566,-0.6500000,-2.7100000,-1.0300000,-0.0795000,-0.0732000,1.1132000,-0.5301478,0.3566368,-0.7970955,-0.0050457,0.0003868,0.9943487,1
1567,2.9400000,3.3200000,0.7300000,0.0375000,0.0170000,1.1733000,-0.5087804,0.1399282,-0.8214019,-0.0082587,-0.0025177,0.9974305,1
1568,0.5600000,3.0200000,0.7900000,0.0913000,0.0693000,0.7661000,-0.3379217,0.1292804,-0.7465031,-0.0079126,-0.0035737,1.0041502,1
1569,-1.7500000,-4.1100000,-0.8500000,-0.0791000,-0.0468000,1.0898000,-0.1548022,0.2175035,-0.6091758,-0.0042232,-0.0017788,1.0040155,1
1570,2.2000000,1.4900000,-0.4800000,-0.0419000,-0.0434000,1.1816000,-0.0397841,0.1821034,-0.5000794,-0.0037029,-0.0018444,1.0061631,1
1571,0.6200000,5.1500000,0.4800000,0.0942000,0.0639000,0.9863000,0.1028516,0.2255057,-0.4166480,-0.0044514,-0.0031381,1.0158680,1
1572,0.3100000,0.0900000,-0.3600000,0.0668000,0.0263000,0.7246000,0.2613814,0.4738165,-0.3272583,-0.0002901,-0.0014925,1.0183835,1
1573,-2.9100000,-5.5200000,-1.0300000,-0.0751000,-0.0864000,1.0571000,0.3085178,0.5911919,-0.2691443,0.0054688,0.0002873,1.0083297,1
1574,1.4700000,0.7600000,-0.0600000,-0.0810000,-0.0722000,1.2221000,0.2328277,0.4143288,-0.2600581,0.0054213,-0.0029865,1.0024356,1
1575,0.9200000,5.7000000,1.2800000,0.0957000,0.0732000,1.0283000,0.1846591,0.3017546,-0.2307286,0.0021155,-0.0080114,1.0090959,1
1576,-0.2300000,-0.5100000,0.9700000,0.0781000,0.0654000,0.6367000,0.2007886,0.4392852,-0.1236935,0.0036111,-0.0077869,1.0109377,1
1577,-2.1800000,-6.6800000,-0.2400000,-0.0859000,-0.0620000,1.0776000,0.1604598,0.4520346,0.0147388,0.0076140,-0.0041656,0.9987746,1
1578,0.6800000,-0.5700000,0.0000000,-0.1025000,-0.0419000,1.2329000,0.0431786,0.1338942,0.1121794,0.0056293,-0.0035267,0.9915703,1
1579,2.5100000,4.9100000,1.1500000,0.0957000,0.0639000,1.0283000,-0.0015677,-0.1393444,0.1839372,-0.0000161,-0.0044785,0.9991086,1
1580,-0.2300000,-0.5100000,0.6600000,0.0986000,0.0620000,0.6777000,0.0797162,-0.1278638,0.2746296,0.0001301,-0.0017589,1.0033563,1
1581,-2.1800000,-6.7400000,-0.3600000,-0.0659000,-0.0693000,1.0654000,0.1228330,-0.1674666,0.3531093,0.0047724,0.0025086,0.9947469,1
1582,0.5000000,-0.7000000,0.0000000,-0.0981000,-0.0727000,1.2612000,0.0584775,-0.4744374,0.3738708,0.0047294,0.0020455,0.9910472,1
1583,2.5700000,5.5800000,1.1500000,0.1123000,0.0332000,0.9941000,0.0404212,-0.6846137,0.3730178,0.0013134,-0.0020609,1.0010800,1
1584,0.2500000,-0.2100000,1.0300000,0.1176000,0.0590000,0.7265000,0.1438846,-0.5585588,0.4093826,0.0039194,-0.0034706,1.0069439,1
1585,-3.4000000,-5.5800000,-0.2400000,-0.0966000,-0.0634000,1.0839000,0.1920547,-0.4412774,0.4594656,0.0103148,-0.0023326,1.0007277,1
1586,0.1300000,-0.3900000,-0.1800000,-0.1137000,-0.0424000,1.1772000,0.0785851,-0.5667897,0.4621068,0.0097861,-0.0036285,0.9981185,1
1587,2.8800000,4.8500000,1.0900000,0.1064000,0.0722000,1.0009000,-0.0057235,-0.6320810,0.4365190,0.0042907,-0.0056945,1.0054169,1
1588,0.8000000,1.1900000,1.0300000,0.1181000,0.0615000,0.7241000,0.0750225,-0.4123031,0.4458937,0.0047837,-0.0032785,1.0077164,1
1589,-3.7700000,-6.1900000,-0.1200000,-0.0937000,-0.0649000,1.1157000,0.1350415,-0.2173397,0.4769386,0.0097143,0.0011513,0.9998311,1
1590,0.6200000,0.2700000,-0.3000000,-0.1035000,-0.0678000,1.1586000,0.0397762,-0.2941504,0.4683761,0.0086258,0.0011665,0.9970789,1
1591,2.9400000,5.5200000,0.5400000,0.1230000,0.0771000,0.9770000,-0.0162835,-0.3223937,0.4216432,0.0036659,-0.0013957,1.0037807,1
1592,2.3900000,1.3100000,0.1800000,0.1406000,0.0483000,0.7309000,0.1276118,-0.0611566,0.3770789,0.0058760,-0.0002217,1.0046321,1
1593,-3.1600000,-5.5800000,-1.1600000,-0.0712000,-0.0561000,1.1230000,0.3012278,0.1627146,0.3129838,0.0135091,0.0029109,0.9960055,1
1594,-0.4100000,0.2100000,-1.4000000,-0.1396000,-0.0512000,1.2133000,0.3012163,0.0996197,0.1756382,0.0144796,0.0023746,0.9946136,1
1595,2.5700000,6.1300000,-0.6100000,0.0883000,0.0737000,0.9541000,0.2486936,0.0706317,-0.0183393,0.0086750,0.0001368,1.0042696,1
1596,2.8100000,1.7400000,-0.3600000,0.1596000,0.0644000,0.6904000,0.3464583,0.3317508,-0.2011222,0.0082037,0.0019159,1.0063418,1
1597,-1.7500000,-4.7200000,-0.9700000,-0.0498000,-0.0493000,1.1533000,0.5106645,0.5707769,-0.3483852,0.0144263,0.0059799,0.9968827,1
1598,-1.6900000,1.1900000,-0.9700000,-0.1435000,-0.0771000,1.2348000,0.5271565,0.5474815,-0.4805182,0.0155812,0.0058706,0.9957219,1
1599,1.9000000,6.6200000,0.0500000,0.0703000,0.0444000,0.9594000,0.4305162,0.5745166,-0.5840986,0.0097180,0.0021337,1.0070156,1
1600,1.9600000,3.0800000,0.3000000,0.1542000,0.0698000,0.7319000,0.4156902,0.8973625,-0.6150550,0.0082156,0.0012024,1.0113957,1
1601,-1.5700000,-3.5000000,-0.3000000,-0.0517000,-0.0278000,1.0830000,0.4581419,1.2187056,-0.5784702,0.0131593,0.0036455,1.0033723,1
1602,-2.1200000,0.1500000,-1.1000000,-0.0639000,-0.0229000,1.0610000,0.3822892,1.2511824,-0.5366527,0.0150097,0.0047448,0.9971302,1
1603,1.2300000,5.0900000,-0.4200000,0.1503000,0.0859000,0.8339000,0.2109485,1.2094572,-0.5253652,0.0144043,0.0053158,0.9941385,1
1604,0.9800000,0.7600000,-0.0600000,0.0913000,0.0258000,0.8872000,0.1106227,1.3082613,-0.5160883,0.0194462,0.0087634,0.9849787,1
1605,-5.5400000,-2.7700000,-0.7900000,-0.1381000,-0.0522000,1.2021000,-0.0098040,1.3436525,-0.4953903,0.0250298,0.0119837,0.9765030,1
1606,0.6200000,3.2000000,-0.9100000,-0.0791000,0.0117000,1.0761000,-0.2766426,1.2266787,-0.4935317,0.0212982,0.0117428,0.9803353,1
1607,0.8600000,6.0100000,-0.2400000,0.1245000,0.0625000,0.8046000,-0.4946431,1.2467177,-0.5099302,0.0137436,0.0113217,0.9875641,1
1608,1.4100000,0.2100000,0.4200000,0.0634000,-0.0009000,0.8706000,-0.5194090,1.4693029,-0.4989639,0.0124799,0.0128695,0.9842804,1
1609,-5.4800000,-3.5600000,-0.4200000,-0.1518000,-0.0683000,1.2626000,-0.5297168,1.5516634,-0.4482320,0.0126651,0.0126757,0.9795892,1
1610,-0.4700000,3.0200000,0.0000000,-0.0913000,-0.0034000,1.0512000,-0.6950091,1.4017106,-0.3881221,0.0051088,0.0087033,0.9871974,1
1611,-0.0400000,4.9700000,1.1500000,0.1044000,0.0678000,0.7861000,-0.8749256,1.3425550,-0.3037305,-0.0047670,0.0053099,0.9961401,1
1612,0.9200000,-0.7000000,1.4600000,0.0703000,-0.0048000,0.8569000,-0.9125987,1.4429854,-0.1496926,-0.0069462,0.0052656,0.9917482,1
1613,-4.8700000,-4.5400000,0.7900000,-0.1601000,-0.0473000,1.2827000,-0.9251041,1.3719958,0.0587304,-0.0060808,0.0050330,0.9852283,1
1614,-1.8100000,2.4100000,0.7300000,-0.0986000,0.0092000,1.0678000,-1.0722939,1.0682349,0.2633990,-0.0120363,0.0026681,0.9920762,1
1615,-0.7800000,3.6300000,0.9700000,0.0996000,0.0742000,0.7480000,-1.2667260,0.8661283,0.4381723,-0.0200645,0.0018467,1.0004446,1
1616,1.4700000,-1.9200000,1.0300000,0.0644000,0.0043000,0.8588000,-1.3278232,0.8225740,0.5893719,-0.0202877,0.0044231,0.9941798,1
1617,-3.9500000,-4.9700000,0.6600000,-0.1269000,-0.0595000,1.2934000,-1.2962887,0.6245283,0.7131054,-0.0167627,0.0061881,0.9857894,1
1618,-1.2600000,1.3100000,0.4800000,-0.0869000,-0.0395000,1.0512000,-1.3263696,0.2354613,0.7920117,-0.0187043,0.0037261,0.9915271,1
1619,-0.3500000,2.3500000,0.6600000,0.1030000,0.0942000,0.8334000,-1.3760788,-0.0329828,0.8247835,-0.0224175,0.0009581,1.0004909,1
1620,2.5100000,-1.1200000,0.7900000,0.0874000,0.0034000,0.7954000,-1.2863689,-0.1042926,0.8315599,-0.0188508,0.0021645,0.9964278,1
1621,-3.0300000,-5.8200000,0.3600000,-0.1015000,-0.0551000,1.2695000,-1.0925581,-0.2563250,0.8213207,-0.0115083,0.0036862,0.9879573,1
1622,-1.6300000,0.9400000,-0.2400000,-0.1123000,-0.0292000,1.1132000,-0.9845201,-0.5706252,0.7742800,-0.0104517,0.0016347,0.9924816,1
1623,0.0700000,2.3500000,-0.1800000,0.0917000,0.0776000,0.7944000,-0.9610584,-0.7582944,0.6758849,-0.0136419,-0.0005333,1.0018174,1
1624,2.1400000,-1.4300000,0.3600000,0.0937000,0.0141000,0.8022000,-0.8557519,-0.7331889,0.5536628,-0.0112823,0.0009327,0.9977016,1
1625,-2.6100000,-5.2100000,0.1800000,-0.0922000,-0.0634000,1.2631000,-0.6845228,-0.7730647,0.4452578,-0.0051091,0.0026495,0.9884564,1
1626,-1.6900000,-0.4500000,0.1200000,-0.1347000,-0.0673000,1.1132000,-0.6155124,-0.9835616,0.3568331,-0.0052662,-0.0000772,0.9923231,1
1627,1.5300000,1.8600000,0.4200000,0.0893000,0.0546000,0.8227000,-0.6113780,-1.1249055,0.2883261,-0.0104127,-0.0046998,1.0016898,1
1628,3.0000000,-1.3700000,0.7300000,0.1342000,0.0131000,0.7412000,-0.4718480,-1.0870307,0.2551677,-0.0093000,-0.0061823,0.9975157,1
1629,-0.0400000,-6.3100000,0.4200000,-0.0737000,-0.0605000,1.2695000,-0.1940306,-1.1198141,0.2595948,-0.0021356,-0.0062288,0.9864948,1
1630,-0.9600000,-1.1800000,-0.3000000,-0.1215000,-0.0590000,1.2133000,0.0390986,-1.3555459,0.2670858,-0.0000744,-0.0091102,0.9904225,1
1631,1.5900000,2.2800000,-0.4200000,0.0825000,0.0571000,0.7280000,0.1780446,-1.5261699,0.2383843,-0.0034500,-0.0126644,1.0022284,1
1632,3.7900000,-1.5500000,-0.3600000,0.1347000,0.0410000,0.7768000,0.3735559,-1.4762448,0.1707012,-0.0017589,-0.0119945,0.9984969,1
1633,0.6200000,-5.3300000,-0.7300000,-0.0571000,-0.0366000,1.2709000,0.6655545,-1.4491461,0.0760236,0.0053875,-0.0085428,0.9872371,1
1634,-1.0200000,-2.1000000,-1.1000000,-0.1318000,-0.0600000,1.1938000,0.8798963,-1.6027444,-0.0494487,0.0073028,-0.0074944,0.9913317,1
1635,1.8400000,2.3500000,-1.1600000,0.1469000,0.0473000,0.7460000,0.9551146,-1.7166995,-0.2080891,0.0044541,-0.0084151,1.0027778,1
1636,3.3600000,-3.0200000,-0.1800000,0.0771000,-0.0068000,0.9262000,1.0475302,-1.6603113,-0.3654170,0.0070711,-0.0077713,1.0021034,1
1637,-0.9600000,-5.7600000,-0.4200000,-0.1142000,-0.0375000,1.4096000,1.1752829,-1.6805560,-0.4759260,0.0119351,-0.0068104,1.0016625,1
1638,-0.5900000,0.8200000,-0.7900000,-0.0449000,0.0195000,1.0063000,1.1798737,-1.8340788,-0.5449192,0.0101555,-0.0068982,1.0163428,1
1639,1.8400000,2.9600000,-0.4200000,0.1396000,0.0605000,0.6704000,1.0820096,-1.8084998,-0.5939946,0.0069049,-0.0051552,1.0263050,1
1640,2.6300000,-2.7100000,-0.0600000,0.1025000,0.0141000,0.9287000,1.0471996,-1.5658756,-0.6116925,0.0110296,-0.0005183,1.0160367,1
1641,-1.5100000,-4.8500000,-0.6100000,-0.0961000,-0.0458000,1.4243000,1.0530151,-1.4312854,-0.5969995,0.0177796,0.0033588,1.0072008,1
1642,-2.9700000,1.8000000,-0.7900000,-0.0595000,-0.0014000,1.0649000,0.9046723,-1.4430702,-0.5811897,0.0176840,0.0039910,1.0178697,1
1643,0.1300000,4.6600000,-0.1800000,0.1328000,0.0307000,0.5795000,0.5898468,-1.2662173,-0.5719586,0.0145492,0.0037163,1.0259598,1
1644,2.0200000,-1.0600000,0.0500000,0.0957000,-0.0053000,0.9433000,0.3266910,-0.8490341,-0.5421826,0.0174311,0.0043402,1.0123375,1
1645,-2.7300000,-3.5600000,0.0000000,-0.1054000,-0.0576000,1.4921000,0.1605914,-0.5337522,-0.4811369,0.0222733,0.0036385,1.0017703,1
1646,-3.4000000,2.8300000,0.3600000,-0.0493000,-0.0043000,1.0302000,-0.0962079,-0.3961135,-0.3950996,0.0202879,0.0003898,1.0140846,1
1647,-0.8400000,5.4600000,1.1500000,0.1220000,0.0439000,0.5625000,-0.4614423,-0.1241873,-0.2706239,0.0157379,-0.0021729,1.0231605,1
1648,2.8100000,0.0300000,1.1500000,0.0913000,-0.0083000,0.8867000,-0.7042060,0.3369381,-0.0925333,0.0172993,-0.0021317,1.0078790,1
1649,-1.7500000,-4.3000000,0.8500000,-0.0971000,-0.0156000,1.5073000,-0.7424789,0.6301160,0.1154773,0.0210783,-0.0016991,0.9942961,1
1650,-4.2600000,3.7500000,0.6000000,-0.0693000,-0.0068000,1.0976000,-0.8067921,0.6707248,0.3088961,0.0183503,-0.0022150,1.0061042,1
1651,-2.7900000,6.5000000,0.9700000,0.0932000,0.0327000,0.6049000,-1.0455158,0.8376964,0.4687827,0.0122647,-0.0022976,1.0193606,1
1652,2.5100000,1.6100000,1.0900000,0.0795000,-0.0097000,0.8256000,-1.2618428,1.2462194,0.6065699,0.0113248,-0.0011839,1.0088951,1
1653,-1.1400000,-3.2600000,0.8500000,-0.0390000,-0.0244000,1.4199000,-1.2773254,1.5378517,0.7265455,0.0140940,-0.0005975,0.9949614,1
1654,-3.8300000,3.8700000,1.3400000,-0.0737000,-0.0063000,1.1713000,-1.2569434,1.5804629,0.8280705,0.0132878,-0.0014748,1.0032336,1
1655,-2.7300000,7.4100000,1.6400000,0.0600000,0.0092000,0.6640000,-1.3744579,1.7196189,0.9304929,0.0091648,-0.0024773,1.0168447,1
1656,2.8100000,2.4100000,1.4600000,0.0957000,0.0063000,0.7500000,-1.4695513,2.0944828,1.0435388,0.0086360,-0.0025517,1.0091445,1
1657,-1.0800000,-2.4100000,0.7900000,-0.0517000,-0.0039000,1.4130000,-1.3761346,2.3638641,1.1396560,0.0116138,-0.0020350,0.9949761,1
1658,-4.8000000,3.9900000,0.5400000,-0.1157000,-0.0004000,1.1845000,-1.2890179,2.3784665,1.1816468,0.0101124,-0.0015782,1.0015661,1
1659,-3.2200000,7.0500000,0.4200000,0.0458000,0.0083000,0.6494000,-1.4087531,2.4502134,1.1596428,0.0035713,-0.0010862,1.0143308,1
1660,1.9000000,2.2200000,0.5400000,0.0854000,0.0278000,0.7841000,-1.5599540,2.7072875,1.0909324,0.0003203,0.0002003,1.0066532,1
1661,-1.6300000,-1.4300000,0.1200000,-0.0620000,0.0014000,1.3867000,-1.5526980,2.8567152,0.9917616,0.0013145,0.0023207,0.9932477,1
1662,-5.2900000,3.0200000,-0.0600000,-0.1049000,0.0092000,1.1069000,-1.5568652,2.7708596,0.8629467,-0.0010355,0.0042936,0.9985359,1
1663,-1.8100000,5.2100000,0.0000000,0.0473000,0.0004000,0.6992000,-1.7160382,2.6904218,0.7110075,-0.0069681,0.0056196,1.0080641,1
1664,1.7800000,1.3100000,0.4200000,0.0932000,-0.0146000,0.7807000,-1.8234632,2.7189317,0.5636734,-0.0085484,0.0059262,0.9991877,1
1665,-0.1100000,-2.5300000,0.3600000,-0.0561000,-0.0366000,1.3115000,-1.7129386,2.6252372,0.4479986,-0.0053083,0.0043334,0.9849664,1
1666,-4.1900000,1.5500000,-0.3600000,-0.1225000,-0.0219000,1.1386000,-1.5572664,2.3100684,0.3534862,-0.0056457,0.0007605,0.9879444,1
1667,-0.5900000,3.8100000,-0.4800000,0.0390000,-0.0410000,0.7124000,-1.5146822,2.0103237,0.2476037,-0.0106724,-0.0040301,0.9968700,1
1668,2.3300000,0.0900000,0.2400000,0.0400000,-0.0263000,0.9780000,-1.4267445,1.8425577,0.1381149,-0.0131293,-0.0093937,0.9936356,1
1669,-1.0200000,-3.8100000,-0.3000000,-0.1225000,0.0156000,1.3862000,-1.1944760,1.5905567,0.0507739,-0.0137206,-0.0136456,0.9931691,1
1670,-1.6900000,0.4500000,-1.5200000,-0.1137000,0.0083000,0.9379000,-0.9776705,1.1589703,-0.0470780,-0.0193982,-0.0150112,1.0072421,1
1671,2.3300000,1.1200000,-1.7700000,0.0673000,0.0000000,0.6040000,-0.8016549,0.7531184,-0.2086796,-0.0271567,-0.0140344,1.0129948,1
1672,4.7700000,-3.8700000,-1.4000000,0.0483000,0.0180000,0.9829000,-0.4689220,0.4086256,-0.4252976,-0.0285613,-0.0117524,0.9981438,1
1673,0.3700000,-5.7600000,-1.7700000,-0.1201000,0.0161000,1.4326000,0.0279672,-0.0937737,-0.6573888,-0.0262881,-0.0082983,0.9888164,1
1674,-0.9600000,-1.9200000,-2.3800000,-0.1040000,0.0170000,0.9365000,0.4357806,-0.7560982,-0.9004408,-0.0286610,-0.0040668,0.9994901,1
1675,4.2800000,0.0900000,-1.8900000,0.0942000,-0.0161000,0.5698000,0.7171521,-1.3111339,-1.1530890,-0.0325779,-0.0003434,1.0038743,1
1676,5.5600000,-5.2100000,-0.9100000,0.0605000,-0.0493000,0.9804000,1.1042960,-1.7013584,-1.3644831,-0.0295629,0.0007768,0.9874262,1
1677,0.9800000,-7.7800000,-1.1000000,-0.1035000,-0.0112000,1.4443000,1.5928449,-2.1786632,-1.4870483,-0.0230110,-0.0010956,0.9773832,1
1678,-1.0200000,-1.9800000,-1.6400000,-0.0898000,0.0058000,1.0146000,1.9087597,-2.7666605,-1.5415920,-0.0217061,-0.0035320,0.9905047,1
1679,3.0000000,-0.3300000,-1.3400000,0.0947000,0.0000000,0.5688000,1.9969966,-3.1639243,-1.5676091,-0.0229091,-0.0048028,1.0005325,1
1680,5.3200000,-5.0900000,-0.9100000,0.0917000,-0.0034000,0.9663000,2.1000205,-3.3197855,-1.5633998,-0.0179984,-0.0051838,0.9892176,1
1681,0.6800000,-7.7200000,-1.2200000,-0.0727000,0.0073000,1.4306000,2.2849869,-3.5191772,-1.5230720,-0.0092779,-0.0050017,0.9814613,1
1682,-2.4900000,-2.5900000,-1.5800000,-0.0878000,0.0317000,1.0966000,2.3042039,-3.8286772,-1.4738650,-0.0057815,-0.0036215,0.9965351,1
1683,1.9600000,1.0600000,-1.2200000,0.0957000,0.0234000,0.6030000,2.0844289,-3.9573916,-1.4363722,-0.0061393,-0.0005555,1.0110360,1
1684,4.2200000,-4.1800000,-0.6700000,0.1269000,-0.0302000,0.8281000,1.8894976,-3.8154196,-1.3911284,-0.0012464,0.0024255,1.0019911,1
1685,2.4500000,-8.2000000,-0.7900000,-0.0366000,-0.0141000,1.4438000,1.8707594,-3.7291519,-1.3176364,0.0082759,0.0031162,0.9900655,1
1686,-3.2800000,-2.3400000,-0.7300000,-0.0947000,-0.0180000,1.2094000,1.8257440,-3.8345591,-1.2245003,0.0128948,0.0017745,1.0017942,1
1687,1.7800000,1.8000000,-0.1200000,0.0898000,-0.0048000,0.5361000,1.6034107,-3.8166425,-1.1139965,0.0120859,-0.0003311,1.0171795,1
1688,3.6100000,-2.9500000,0.3600000,0.1176000,-0.0166000,0.8369000,1.4101337,-3.5324884,-0.9658844,0.0146631,-0.0025426,1.0079633,1
1689,1.2300000,-6.6200000,0.0500000,-0.0493000,0.0131000,1.4746000,1.3783471,-3.2817625,-0.7802455,0.0206750,-0.0042568,0.9950765,1
1690,-4.8700000,-1.0600000,0.1200000,-0.0937000,0.0151000,1.2060000,1.2713333,-3.2037617,-0.5868575,0.0213696,-0.0045182,1.0071318,1
1691,-0.2900000,2.9600000,0.7900000,0.0786000,0.0439000,0.5771000,0.9238357,-3.0124485,-0.3939935,0.0169233,-0.0025716,1.0236032,1
1692,2.9400000,-0.1500000,0.9700000,0.0957000,-0.0126000,0.7543000,0.5763434,-2.5531563,-0.1850264,0.0159094,0.0006970,1.0144872,1
1693,1.5300000,-6.3100000,0.1800000,-0.0351000,0.0175000,1.4814000,0.4501725,-2.1267890,0.0223014,0.0186986,0.0034643,0.9987828,1
1694,-5.0500000,0.4500000,-0.2400000,-0.0874000,0.0131000,1.2568000,0.3521680,-1.9299124,0.1753707,0.0177422,0.0056738,1.0083677,1
1695,-1.5100000,5.2100000,0.3600000,0.0888000,0.0068000,0.5634000,0.0585814,-1.6526255,0.2606588,0.0132714,0.0076493,1.0250574,1
1696,2.5100000,0.7600000,0.7900000,0.1127000,-0.0390000,0.7368000,-0.2460804,-1.1084564,0.3199247,0.0134129,0.0080547,1.0160830,1
1697,2.3900000,-4.0500000,0.3000000,0.0039000,0.0058000,1.4389000,-0.3032153,-0.6165831,0.3772211,0.0188146,0.0063542,0.9985097,1
1698,-4.8700000,1.8000000,0.1800000,-0.0590000,0.0253000,1.3510000,-0.2668989,-0.3628491,0.4151956,0.0220027,0.0047110,1.0067512,1
1699,-2.5500000,7.2900000,0.4800000,0.0678000,-0.0019000,0.5512000,-0.4209916,-0.0335972,0.4290916,0.0213500,0.0043732,1.0253942,1
1700,2.0800000,1.6700000,0.5400000,0.0825000,-0.0390000,0.6987000,-0.6444573,0.5427728,0.4372734,0.0224115,0.0034538,1.0182823,1
1701,3.9100000,-2.4700000,0.1200000,-0.0356000,0.0156000,1.5991000,-0.6251457,1.0327060,0.4411332,0.0252523,0.0012953,1.0031687,1
1702,-4.5600000,6.5000000,0.6000000,-0.0327000,0.0146000,0.9135000,-0.4552949,1.3288339,0.4358860,0.0246159,-0.0000565,1.0094966,1
1703,-0.3500000,5.9500000,0.9700000,0.0668000,-0.0507000,0.5092000,-0.4214489,1.7429800,0.4434954,0.0215434,-0.0010375,1.0114927,1
1704,4.1600000,-0.2100000,0.9700000,0.0478000,-0.0361000,0.9902000,-0.3879770,2.2338901,0.4832408,0.0208286,-0.0040515,0.9902018,1
1705,-0.9600000,0.3300000,0.8500000,-0.0371000,0.0126000,1.5366000,-0.1945578,2.4869685,0.5454246,0.0212134,-0.0078743,0.9778602,1
1706,-4.6800000,5.8200000,0.9100000,-0.0405000,0.0371000,0.9765000,-0.1038820,2.5754166,0.6133889,0.0184124,-0.0091673,0.9926081,1
1707,-0.7200000,5.7600000,0.8500000,0.0332000,-0.0375000,0.5180000,-0.2591021,2.7813289,0.6783957,0.0134318,-0.0082700,1.0028132,1
1708,3.9100000,0.2100000,0.7900000,0.0361000,-0.0346000,0.9687000,-0.3822224,3.0424204,0.7338735,0.0104037,-0.0084862,0.9886713,1
1709,-0.4100000,-0.0900000,0.6000000,-0.0141000,0.0307000,1.4775000,-0.2961229,3.0877714,0.7713523,0.0094594,-0.0094695,0.9791639,1
1710,-4.1900000,5.2800000,0.7900000,-0.0400000,0.0488000,0.9653000,-0.2392059,2.9754487,0.7892557,0.0074492,-0.0078211,0.9925943,1
1711,-0.4100000,3.9900000,0.6600000,0.0170000,-0.0551000,0.5957000,-0.3682529,2.9547877,0.7943712,0.0040131,-0.0046655,1.0018791,1
1712,4.1000000,0.0900000,0.6000000,0.0292000,-0.0566000,0.9594000,-0.4397102,2.9722814,0.7882634,0.0019529,-0.0046367,0.9899313,1
1713,-0.3500000,-0.0200000,0.3000000,-0.0249000,0.0366000,1.4057000,-0.3007958,2.8280733,0.7644023,0.0014889,-0.0068907,0.9814748,1
1714,-2.9100000,3.9300000,-0.3600000,-0.0449000,0.0590000,0.9326000,-0.1776980,2.5883282,0.7045619,-0.0002437,-0.0062645,0.9916660,1
1715,0.9200000,1.1200000,-0.9100000,0.0102000,-0.0375000,0.6577000,-0.1899116,2.4065848,0.5828724,-0.0034341,-0.0030078,0.9974377,1
1716,4.8900000,-0.3300000,-0.5500000,0.0361000,-0.0605000,1.0024000,-0.1057701,2.2139810,0.4031749,-0.0049714,-0.0022139,0.9862908,1
1717,0.1300000,-0.7600000,-0.4800000,-0.0034000,0.0493000,1.3681000,0.1741939,1.9065726,0.2055296,-0.0039714,-0.0037200,0.9808576,1
1718,-2.9700000,1.6700000,-0.9100000,-0.0473000,0.0800000,0.9355000,0.3835374,1.5526391,0.0136568,-0.0033725,-0.0020152,0.9924489,1
1719,1.1100000,-0.2100000,-1.1600000,-0.0019000,-0.0488000,0.7167000,0.3925975,1.2485120,-0.1799866,-0.0047238,0.0024634,0.9996020,1
1720,3.6100000,-0.1500000,-0.1800000,0.0322000,-0.0800000,0.9912000,0.4243079,0.9752540,-0.3582055,-0.0055906,0.0031777,0.9913703,1
1721,-0.2900000,-0.5100000,0.0500000,-0.0053000,0.0205000,1.3442000,0.5720296,0.7011691,-0.4732531,-0.0045486,-0.0004011,0.9876537,1
1722,-3.4000000,0.9400000,-0.3000000,-0.0488000,0.0649000,0.9506000,0.6133871,0.4644377,-0.5166527,-0.0040612,-0.0021440,0.9989185,1
1723,0.5000000,-0.5100000,-0.1200000,-0.0024000,-0.0488000,0.6889000,0.4582870,0.2925715,-0.5164384,-0.0055371,-0.0010511,1.0049105,1
1724,2.3900000,-0.3900000,1.2100000,0.0039000,-0.0722000,0.9501000,0.3217966,0.1494024,-0.4613579,-0.0070370,-0.0023725,0.9938690,1
1725,-0.8400000,-1.3100000,1.1500000,-0.0444000,0.0278000,1.3867000,0.2975774,-0.0066381,-0.3196818,-0.0082169,-0.0063512,0.9867939,1
1726,-4.5600000,-0.1500000,0.6000000,-0.0776000,0.0917000,1.0112000,0.1808180,-0.1696451,-0.1205938,-0.0115771,-0.0068844,0.9980725,1
1727,-1.2000000,-0.7600000,0.3000000,-0.0034000,0.0004000,0.6499000,-0.1327219,-0.3081593,0.0700002,-0.0168791,-0.0024237,1.0066458,1
1728,2.2000000,-0.7000000,0.7900000,0.0092000,-0.0708000,0.8198000,-0.4187460,-0.4198376,0.2265805,-0.0204338,0.0010676,0.9941540,1
1729,0.7400000,-4.1800000,0.3600000,-0.0527000,0.0278000,1.4345000,-0.4894203,-0.5850643,0.3537883,-0.0218293,0.0009436,0.9810690,1
1730,-3.9500000,-1.7900000,-0.6700000,-0.0654000,0.0654000,1.1064000,-0.5008530,-0.8619369,0.4238222,-0.0242161,0.0017965,0.9901679,1
1731,-1.5100000,-0.8200000,-0.9100000,0.0229000,-0.0117000,0.6298000,-0.6420729,-1.1425826,0.3967338,-0.0270269,0.0051494,1.0023586,1
1732,3.2400000,-2.0400000,0.0000000,0.0288000,-0.1206000,0.7573000,-0.7559756,-1.3406435,0.2974821,-0.0264737,0.0053075,0.9923805,1
1733,2.9400000,-5.2700000,0.0000000,-0.0229000,-0.0053000,1.4418000,-0.6094376,-1.5642195,0.1916532,-0.0228354,-0.0002029,0.9782826,1
1734,-2.9700000,-1.1200000,-0.5500000,-0.0053000,0.0629000,0.8535000,-0.3429844,-1.8570932,0.0973377,-0.0191154,-0.0050924,0.9809148,1
1735,1.7800000,-0.7000000,-0.1800000,0.0375000,-0.0610000,0.6274000,-0.1690427,-2.0606260,0.0033221,-0.0151136,-0.0066243,0.9796415,1
1736,3.4900000,-3.9900000,0.2400000,0.0043000,-0.0395000,1.0791000,0.0380349,-2.1563676,-0.0706977,-0.0098467,-0.0090548,0.9641406,1
1737,0.8000000,-2.9500000,-0.4200000,-0.0029000,0.0502000,1.3881000,0.3597860,-2.2781127,-0.1149010,-0.0048102,-0.0116897,0.9605683,1
1738,-3.5800000,-0.3900000,-0.4800000,-0.0004000,0.0898000,0.9125000,0.5675646,-2.3796424,-0.1557105,-0.0012318,-0.0094140,0.9768649,1
1739,0.8600000,-0.4500000,-0.2400000,0.0249000,-0.0556000,0.7124000,0.5447708,-2.3375422,-0.2019100,0.0015880,-0.0036997,0.9876790,1
1740,1.7200000,-2.4700000,0.2400000,0.0229000,-0.0502000,1.0244000,0.4835769,-2.1982718,-0.2297801,0.0047209,-0.0011755,0.9827853,1
1741,1.3500000,-0.7600000,0.2400000,0.0380000,0.0415000,1.3657000,0.5189538,-2.0558685,-0.2195555,0.0085340,-0.0017618,0.9835782,1
1742,-5.0500000,0.1500000,0.2400000,0.0029000,0.0932000,0.9511000,0.4873009,-1.8765030,-0.1760803,0.0123385,0.0005343,0.9996029,1
1743,0.9800000,0.6400000,0.1200000,0.0278000,-0.0551000,0.7050000,0.2718059,-1.6071056,-0.1171822,0.0152253,0.0054343,1.0093680,1
1744,1.1100000,-0.8800000,0.2400000,0.0131000,-0.0937000,0.9775000,0.0719977,-1.2941770,-0.0555342,0.0172916,0.0059172,1.0015952,1
1745,1.4700000,0.1500000,0.0500000,0.0029000,0.0605000,1.4248000,0.0318559,-1.0089949,0.0015193,0.0183705,0.0020964,0.9981850,1
1746,-5.9000000,1.6700000,-0.9700000,0.0000000,0.0771000,0.9555000,-0.0336024,-0.7231460,0.0253361,0.0179662,0.0015742,1.0118609,1
1747,0.4300000,0.3300000,-1.0300000,0.0439000,-0.0170000,0.5932000,-0.2717101,-0.4050051,-0.0200677,0.0172036,0.0050833,1.0182533,1
1748,3.4200000,-0.0900000,0.1200000,0.0058000,-0.0839000,0.9511000,-0.4351285,-0.1234428,-0.1060180,0.0172122,0.0061061,1.0026711,1
1749,1.3500000,-0.5700000,0.0500000,-0.0244000,0.0395000,1.5400000,-0.3318632,0.0586193,-0.1674873,0.0164596,0.0033534,0.9931738,1
1750,-5.8400000,1.4300000,-1.1000000,-0.0200000,0.0756000,0.9697000,-0.2333507,0.1746926,-0.2111292,0.0133895,0.0027385,1.0077305,1
1751,0.8600000,0.5800000,-0.7300000,0.0488000,-0.0366000,0.5288000,-0.3416132,0.2927421,-0.2799984,0.0100315,0.0052190,1.0166101,1
1752,5.3200000,-0.5100000,0.7900000,0.0180000,-0.0961000,0.8940000,-0.3595045,0.3867096,-0.3372221,0.0089919,0.0045088,0.9993068,1
1753,3.4900000,-1.9800000,0.7300000,-0.0097000,0.0122000,1.5292000,-0.0410492,0.3673084,-0.3151006,0.0091111,-0.0006590,0.9851722,1
1754,-3.5200000,1.3100000,-0.1800000,-0.0039000,0.0576000,1.0112000,0.3428221,0.2618949,-0.2340273,0.0083492,-0.0042036,0.9966504,1
1755,0.3700000,0.4500000,0.6000000,0.0292000,-0.0209000,0.6206000,0.4976135,0.1951396,-0.1437497,0.0074248,-0.0040003,1.0077395,1
1756,5.1300000,0.0900000,1.4600000,0.0117000,-0.0590000,0.8525000,0.6041100,0.1828416,-0.0244954,0.0075650,-0.0044162,0.9962531,1
1757,3.3600000,-2.6500000,0.6000000,0.0214000,0.0244000,1.4301000,0.9048478,0.1196975,0.1366998,0.0085333,-0.0066277,0.9842809,1
1758,-1.9400000,0.9400000,0.1200000,0.0019000,0.1015000,1.0869000,1.2240631,-0.0161717,0.2849328,0.0096016,-0.0056800,0.9939240,1
1759,-0.7800000,1.5500000,0.2400000,-0.0004000,-0.0048000,0.7294000,1.3043507,-0.0863475,0.3788027,0.0100135,-0.0001454,1.0072905,1
1760,2.7500000,0.3900000,0.0500000,0.0083000,-0.0649000,0.7963000,1.2359977,-0.0354490,0.4216299,0.0096620,0.0039582,1.0020626,1
1761,2.5100000,-2.1600000,-0.3600000,0.0039000,0.0288000,1.3808000,1.2380702,0.0034568,0.4148246,0.0090640,0.0041472,0.9925752,1
1762,-1.6900000,1.6700000,-0.5500000,0.0097000,0.0786000,1.0703000,1.2620478,-0.0172570,0.3526340,0.0084706,0.0053673,0.9997033,1
1763,-0.7800000,0.7000000,-0.2400000,0.0112000,-0.0024000,0.7578000,1.1429037,0.0086012,0.2502779,0.0081023,0.0094059,1.0099061,1
1764,2.0200000,0.2100000,-0.1800000,-0.0009000,-0.0947000,0.8286000,0.9499745,0.0903679,0.1402251,0.0078419,0.0108207,1.0038950,1
1765,1.5300000,-1.0000000,-0.3000000,-0.0102000,0.0034000,1.3613000,0.8461236,0.1379595,0.0403028,0.0070288,0.0070751,0.9952343,1
1766,-3.1600000,2.1600000,-0.9700000,0.0053000,0.0776000,1.0864000,0.7501067,0.1648305,-0.0621661,0.0056214,0.0038977,1.0028677,1
1767,-1.7500000,0.6400000,-1.2800000,0.0322000,-0.0458000,0.7202000,0.4969222,0.2483531,-0.1935841,0.0049218,0.0038121,1.0126403,1
1768,1.6500000,-0.4500000,-0.2400000,-0.0205000,-0.0649000,1.0346000,0.1940048,0.3420186,-0.3380323,0.0050659,0.0018664,1.0090839,1
1769,0.5600000,0.4500000,-0.4200000,-0.0263000,0.0292000,1.3930000,0.0265191,0.3784314,-0.4473008,0.0040464,-0.0024716,1.0097365,1
1770,-4.8700000,1.4900000,-0.7900000,-0.0112000,0.0292000,0.9033000,-0.1252036,0.4103458,-0.5190030,0.0013745,-0.0045994,1.0239113,1
1771,1.2300000,1.6700000,0.1200000,0.0361000,-0.0312000,0.6401000,-0.3721158,0.5002749,-0.5610527,-0.0007027,-0.0044618,1.0278620,1
1772,2.2700000,-0.0900000,0.9100000,-0.0117000,-0.0761000,1.0009000,-0.5033917,0.6129574,-0.5357201,-0.0009883,-0.0062103,1.0117776,1
1773,1.7200000,0.7600000,0.6600000,-0.0087000,0.0107000,1.4409000,-0.3967221,0.6811730,-0.4242199,-0.0010117,-0.0103012,1.0021786,1
1774,-4.9900000,2.5300000,0.1200000,0.0151000,0.0415000,0.9921000,-0.2819793,0.7497324,-0.2714342,-0.0012266,-0.0123624,1.0134162,1
1775,-0.9600000,2.7700000,1.0300000,0.0292000,-0.0195000,0.6166000,-0.3709051,0.9059906,-0.1128786,-0.0002477,-0.0112011,1.0203832,1
1776,2.6900000,0.5100000,1.0900000,-0.0205000,-0.0610000,0.9467000,-0.4828935,1.1057410,0.0635517,0.0014644,-0.0107314,1.0065850,1
1777,2.1400000,0.2700000,0.1200000,-0.0063000,0.0390000,1.4194000,-0.3841781,1.2265616,0.2384779,0.0020814,-0.0116265,0.9957886,1
1778,-3.7700000,3.3200000,-0.1200000,0.0200000,0.0581000,0.9853000,-0.2257376,1.2932806,0.3558102,0.0020467,-0.0097584,1.0046830,1
1779,-1.6300000,2.1000000,0.3000000,0.0107000,-0.0078000,0.6992000,-0.2471734,1.4131283,0.4060930,0.0027518,-0.0048161,1.0118026,1
1780,1.7800000,0.8200000,0.5400000,-0.0625000,-0.0947000,0.9057000,-0.3465026,1.5439666,0.4262041,0.0025592,-0.0023077,1.0011494,1
1781,2.3900000,-0.0200000,0.3000000,0.0009000,0.0546000,1.3823000,-0.2956117,1.5785579,0.4386040,-0.0000474,-0.0033775,0.9920737,1
1782,-2.8500000,3.2000000,0.2400000,0.0449000,0.0878000,0.9584000,-0.1647159,1.5538639,0.4390372,-0.0020326,-0.0017378,0.9995162,1
1783,-0.7200000,1.0000000,0.3000000,0.0014000,0.0131000,0.7148000,-0.1484695,1.5614143,0.4257357,-0.0012929,0.0043398,1.0046074,1
1784,1.9000000,-0.3300000,0.0000000,-0.0615000,-0.1064000,0.9536000,-0.1741220,1.5386290,0.3998739,-0.0009918,0.0080416,0.9942797,1
1785,1.5900000,0.0900000,-0.3600000,0.0122000,0.0322000,1.4062000,-0.0827971,1.4090480,0.3499592,-0.0029161,0.0064058,0.9886819,1
1786,-3.4000000,3.9900000,-0.2400000,0.0747000,0.0854000,0.9067000,0.0161657,1.2898675,0.2705528,-0.0031608,0.0057137,0.9995111,1
1787,-1.0800000,-0.2700000,-0.0600000,0.0224000,0.0195000,0.7407000,-0.0479874,1.2664617,0.1798160,0.0006314,0.0092794,1.0056983,1
1788,1.0400000,-0.2700000,0.3600000,-0.0659000,-0.0864000,0.9843000,-0.1760539,1.2135761,0.1071765,0.0040894,0.0115840,0.9966045,1
1789,0.7400000,1.6700000,0.6600000,-0.0200000,0.0053000,1.3823000,-0.2091015,1.0994389,0.0784893,0.0033798,0.0091591,0.9928845,1
1790,-4.5000000,2.7700000,0.2400000,0.0483000,0.0576000,0.9189000,-0.2532638,1.0552019,0.0923454,0.0014964,0.0065026,1.0044820,1
1791,-1.6900000,-0.3900000,0.6000000,-0.0019000,0.0185000,0.6811000,-0.4610714,1.0790310,0.1287587,0.0016685,0.0070680,1.0095758,1
1792,2.6900000,-0.7600000,1.0900000,-0.0478000,-0.0874000,0.9311000,-0.6615422,1.0323340,0.1925797,0.0015786,0.0070075,0.9962518,1
1793,0.8000000,0.0900000,0.7900000,-0.0229000,0.0087000,1.3486000,-0.6467963,0.8829022,0.2897384,-0.0010239,0.0034414,0.9858365,1
1794,-4.0100000,0.9400000,0.0000000,0.0219000,0.0541000,1.0458000,-0.5797562,0.7233673,0.3823982,-0.0040508,0.0005585,0.9938327,1
1795,-3.0300000,-1.2500000,0.4800000,-0.0141000,0.0087000,0.6865000,-0.6960406,0.5773987,0.4366122,-0.0055301,0.0011872,1.0020011,1
1796,2.6900000,-1.4300000,0.9700000,-0.0620000,-0.0507000,0.8520000,-0.8629197,0.3773479,0.4750688,-0.0074063,0.0019127,0.9924343,1
1797,2.2000000,-1.3700000,-0.2400000,-0.0385000,0.0019000,1.3149000,-0.8092472,0.1086745,0.5053508,-0.0115613,0.0004009,0.9809899,1
1798,-2.3000000,-1.6100000,-0.9700000,0.0312000,0.0488000,1.0620000,-0.6136154,-0.1884517,0.4745356,-0.0154624,-0.0005628,0.9860985,1
1799,-2.4900000,-3.3200000,-0.1200000,-0.0122000,0.0078000,0.7626000,-0.5370604,-0.5227345,0.3704594,-0.0164872,0.0010192,0.9945385,1
1800,2.6300000,-3.9900000,0.0500000,-0.0830000,-0.0551000,1.0673000,-0.5382054,-0.9409547,0.2506530,-0.0173504,0.0021388,0.9934514,1
1801,2.0800000,-3.2600000,-0.7900000,0.0097000,0.0527000,1.2988000,-0.3982996,-1.4260045,0.1374116,-0.0198942,0.0016869,0.9972166,1
1802,-2.7300000,-2.0400000,-0.7300000,0.0585000,0.0615000,0.8237000,-0.1950355,-1.8745823,0.0083569,-0.0200299,0.0035069,1.0096678,1
1803,0.1900000,-4.1100000,-0.2400000,-0.0156000,-0.0439000,0.8222000,-0.1130699,-2.2416413,-0.1250914,-0.0162767,0.0070394,1.0122255,1
1804,1.2300000,-3.8700000,-0.1200000,-0.0751000,-0.0776000,1.0952000,-0.0739111,-2.5807543,-0.2273406,-0.0135219,0.0066528,1.0041133,1
1805,1.7200000,-2.4700000,-0.4800000,0.0468000,0.0366000,1.2490000,0.0449052,-2.8785178,-0.2939352,-0.0130588,0.0026069,1.0038339,1
1806,-3.1000000,-1.7900000,-0.4800000,0.0908000,0.0712000,0.8588000,0.1490318,-3.0511313,-0.3443630,-0.0095176,0.0011442,1.0124244,1
1807,-0.0400000,-3.8100000,-0.3600000,-0.0009000,-0.0322000,0.8305000,0.1130645,-3.1147514,-0.3851911,-0.0019129,0.0030624,1.0128610,1
1808,1.4100000,-3.5000000,-0.0600000,-0.0610000,-0.0703000,1.0766000,0.0453663,-3.1646117,-0.4057376,0.0036804,0.0027713,1.0040022,1
1809,1.1100000,-0.8200000,-0.5500000,0.0341000,0.0273000,1.2929000,0.0764279,-3.1759350,-0.4070067,0.0051886,-0.0005601,1.0035541,1
1810,-3.9500000,-0.2700000,-0.7900000,0.0859000,0.0673000,0.8759000,0.0837829,-3.0367144,-0.4142870,0.0076088,-0.0016154,1.0137921,1
1811,-0.5300000,-3.2000000,-0.3600000,0.0063000,-0.0288000,0.7597000,-0.0652408,-2.7950555,-0.4356826,0.0128115,0.0005106,1.0153220,1
1812,2.5700000,-2.4100000,0.4200000,-0.0385000,-0.0834000,1.0263000,-0.2045798,-2.5978876,-0.4362957,0.0163240,0.0003530,1.0034561,1
1813,1.6500000,0.5800000,0.0500000,0.0039000,-0.0380000,1.3168000,-0.1517885,-2.4121567,-0.3909956,0.0159239,-0.0044679,0.9981611,1
1814,-4.0700000,-0.2100000,-0.4200000,0.0673000,0.0297000,0.9702000,-0.0695871,-2.1285827,-0.3285240,0.0151231,-0.0098057,1.0075673,1
1815,-0.2900000,-2.2200000,0.2400000,0.0249000,-0.0219000,0.6977000,-0.1474421,-1.8170874,-0.2731121,0.0166762,-0.0124515,1.0120864,1
1816,4.5200000,-1.3100000,0.9700000,-0.0263000,-0.0512000,0.9399000,-0.1881408,-1.5910333,-0.1949476,0.0181562,-0.0144595,1.0000659,1
1817,3.5500000,-0.6400000,0.0000000,-0.0112000,0.0112000,1.3686000,0.0478964,-1.4282969,-0.0853742,0.0168656,-0.0168572,0.9912687,1
1818,-2.2400000,-0.1500000,-1.1600000,0.0566000,0.0395000,1.0048000,0.3838135,-1.2642140,-0.0120566,0.0148417,-0.0168258,1.0000229,1
1819,-0.7200000,-1.7900000,-0.3600000,0.0219000,-0.0068000,0.7680000,0.5352839,-1.1122481,-0.0178891,0.0148397,-0.0137791,1.0085718,1
1820,3.7900000,0.5800000,0.5400000,-0.0244000,-0.0541000,0.9096000,0.5916376,-0.9886964,-0.0471043,0.0151726,-0.0112845,1.0023282,1
1821,4.4600000,0.0300000,-0.3600000,0.0288000,-0.0053000,1.2714000,0.8075956,-0.8420809,-0.0548276,0.0142054,-0.0111941,0.9952971,1
1822,-0.7200000,-0.2100000,-0.9100000,0.0966000,0.0317000,1.0214000,1.1220232,-0.6717658,-0.0772672,0.0150508,-0.0108996,1.0006810,1
1823,-0.4700000,-0.0900000,-0.0600000,0.0166000,-0.0385000,0.8769000,1.2847584,-0.5182086,-0.1304386,0.0191757,-0.0094415,1.0079172,1
1824,2.2000000,1.8000000,0.6600000,-0.0219000,-0.0678000,0.8857000,1.2967648,-0.3497775,-0.1614923,0.0224478,-0.0100193,1.0051118,1
1825,4.3400000,0.8800000,-0.1200000,0.0185000,0.0000000,1.1967000,1.3663810,-0.1254891,-0.1455404,0.0225684,-0.0130815,0.9997891,1
1826,-0.2900000,1.1900000,-0.7300000,0.0913000,0.0805000,1.0566000,1.5139461,0.1238356,-0.1298437,0.0229695,-0.0137395,1.0031342,1
1827,-0.1700000,1.0600000,0.1200000,-0.0004000,-0.0034000,0.8803000,1.5590661,0.3605524,-0.1386676,0.0254123,-0.0098926,1.0088478,1
1828,1.4100000,1.7400000,0.3000000,-0.0419000,-0.0317000,0.9218000,1.4784237,0.5848276,-0.1370029,0.0259136,-0.0057872,1.0065596,1
1829,4.0400000,2.2800000,-0.3600000,-0.0122000,-0.0141000,1.1606000,1.4422944,0.8186542,-0.1176994,0.0222174,-0.0043141,1.0022455,1
1830,-0.9000000,1.4900000,-0.8500000,0.0683000,0.0546000,1.0825000,1.4757744,1.0593034,-0.1213697,0.0181021,-0.0031291,1.0058354,1
1831,-0.9000000,1.7400000,-0.3000000,0.0058000,0.0131000,0.8447000,1.4056045,1.2691302,-0.1613704,0.0166235,0.0000552,1.0110893,1
1832,2.3300000,1.6100000,0.4200000,-0.0356000,-0.0375000,0.8593000,1.2402531,1.4338979,-0.1947473,0.0152294,0.0029627,1.0061612,1
1833,2.5100000,2.3500000,0.0000000,0.0185000,0.0092000,1.2490000,1.1604935,1.5711913,-0.1896639,0.0121700,0.0035310,0.9987360,1
1834,-3.7100000,1.7400000,-0.2400000,0.0419000,0.0400000,0.9428000,1.0892166,1.6946965,-0.1675523,0.0100997,0.0040316,1.0001025,1
1835,0.9800000,2.1600000,1.2100000,-0.0034000,-0.0063000,0.7548000,0.8770749,1.7982321,-0.1252500,0.0099469,0.0056937,0.9987494,1
1836,3.1800000,1.8000000,1.4600000,-0.0380000,-0.0151000,1.1142000,0.6992782,1.8780318,-0.0149542,0.0089916,0.0065493,0.9892779,1
1837,0.8000000,2.6500000,0.4200000,0.0317000,0.0434000,1.2275000,0.6925512,1.9472438,0.1483648,0.0066986,0.0067105,0.9882963,1
1838,-4.5000000,2.4700000,-0.3000000,0.0332000,0.0410000,0.9648000,0.6382252,2.0274021,0.2813578,0.0058667,0.0085382,0.9993314,1
1839,-1.0800000,3.0200000,0.9700000,-0.0087000,0.0048000,0.7851000,0.3657386,2.1290280,0.3599165,0.0066574,0.0116393,1.0053018,1
1840,1.4700000,2.4700000,1.3400000,-0.0395000,-0.0097000,1.0429000,0.0573652,2.2436891,0.4412353,0.0061537,0.0135146,1.0002278,1
1841,0.3100000,2.8300000,0.3000000,0.0253000,0.0400000,1.1489000,-0.1014380,2.3536834,0.5372726,0.0040831,0.0141418,0.9973529,1
1842,-3.7700000,2.4700000,-0.1200000,0.0385000,0.0146000,1.0126000,-0.2288779,2.4480326,0.5922570,0.0034232,0.0151131,1.0028172,1
1843,-2.5500000,2.9600000,1.2800000,-0.0307000,-0.0166000,0.8740000,-0.4886404,2.5273792,0.6068550,0.0041630,0.0155783,1.0070615,1
1844,0.1300000,3.2600000,1.0900000,-0.0351000,-0.0336000,0.9926000,-0.7915140,2.6092064,0.6383610,0.0031382,0.0135768,1.0042597,1
1845,0.6800000,2.6500000,0.2400000,0.0400000,0.0185000,1.0639000,-0.9545116,2.6956910,0.6815941,0.0010057,0.0098911,1.0005762,1
1846,-2.6100000,1.4900000,0.2400000,0.0527000,0.0444000,0.9926000,-1.0048645,2.7364418,0.6909178,0.0015174,0.0076926,1.0004369,1
1847,-2.3600000,1.8600000,1.0300000,-0.0493000,-0.0053000,0.9482000,-1.0950094,2.6931739,0.6765397,0.0036537,0.0077132,1.0002582,1
1848,-0.8400000,2.4100000,0.6000000,-0.0947000,-0.0302000,0.9931000,-1.2289392,2.6021073,0.6712112,0.0019066,0.0071790,0.9977551,1
1849,1.3500000,2.4700000,-0.2400000,0.0190000,0.0297000,0.9970000,-1.2701346,2.5184281,0.6538390,-0.0037794,0.0055367,0.9949523,1
1850,-2.0600000,0.2100000,-0.4800000,0.0703000,0.0776000,1.0185000,-1.1985377,2.4142765,0.5829421,-0.0068494,0.0061836,0.9936728,1
1851,-1.5700000,0.6400000,0.0500000,-0.0302000,0.0029000,0.9165000,-1.1434980,2.2244258,0.4675467,-0.0056693,0.0098733,0.9923663,1
1852,0.5000000,1.2500000,-0.1200000,-0.0659000,-0.0361000,1.0190000,-1.1107290,1.9789974,0.3459363,-0.0055817,0.0123965,0.9895408,1
1853,1.7200000,1.8600000,-0.7900000,0.0234000,0.0034000,1.0361000,-0.9773879,1.7630287,0.2204693,-0.0078606,0.0116954,0.9883801,1
1854,-2.3000000,-0.0900000,-1.4600000,0.0600000,0.0219000,1.0371000,-0.7804157,1.5808934,0.0588264,-0.0078694,0.0101577,0.9911459,1
1855,-2.0600000,-0.6400000,-0.6100000,-0.0429000,-0.0244000,0.8759000,-0.6906056,1.3579687,-0.1363294,-0.0052244,0.0088133,0.9933539,1
1856,3.0000000,0.5100000,0.2400000,-0.0776000,-0.0556000,1.0146000,-0.6462122,1.0886336,-0.2995445,-0.0051850,0.0055862,0.9913575,1
1857,1.5300000,1.9200000,-0.2400000,0.0087000,0.0029000,1.0541000,-0.4559719,0.8746332,-0.3875902,-0.0085470,0.0004027,0.9899520,1
1858,-2.4900000,-1.7300000,-0.9100000,0.0195000,0.0131000,1.0385000,-0.2256336,0.7197398,-0.4360178,-0.0108340,-0.0036912,0.9930973,1
1859,-1.2000000,-1.7900000,0.1200000,-0.0292000,0.0053000,0.9086000,-0.1531675,0.4957019,-0.4710118,-0.0110589,-0.0053294,0.9964663,1
1860,3.1200000,-0.2700000,1.2800000,-0.0463000,-0.0014000,0.9199000,-0.1299343,0.2001282,-0.4433664,-0.0120258,-0.0055041,0.9944042,1
1861,2.9400000,0.4500000,0.3600000,-0.0014000,0.0175000,1.0473000,0.0556697,-0.0432722,-0.3289654,-0.0141542,-0.0047723,0.9894282,1
1862,-1.9400000,-3.5000000,-0.9100000,0.0122000,0.0117000,1.1123000,0.3120235,-0.2535405,-0.2072764,-0.0151232,-0.0030098,0.9896327,1
1863,-1.5100000,-2.2200000,0.3600000,-0.0297000,-0.0078000,0.9736000,0.4021662,-0.5441597,-0.1346714,-0.0146644,-0.0009729,0.9955271,1
1864,1.1700000,0.3900000,1.2100000,-0.0454000,0.0078000,0.8886000,0.3515561,-0.8384640,-0.0568024,-0.0150518,0.0004900,0.9986246,1
1865,3.2400000,0.2700000,0.3600000,0.0048000,-0.0112000,0.9179000,0.3725947,-0.9833573,0.0607639,-0.0164147,0.0013206,0.9940680,1
1866,-1.6300000,-3.9900000,-0.1800000,0.0205000,0.0068000,1.1552000,0.4770580,-1.0587435,0.1664297,-0.0162775,0.0015905,0.9892041,1
1867,-2.7900000,0.2700000,1.1500000,-0.0463000,-0.0083000,0.9306000,0.4492976,-1.1714602,0.2439247,-0.0148918,0.0015174,0.9901432,1
1868,2.1400000,0.3300000,0.9700000,-0.0224000,0.0058000,0.9111000,0.2935772,-1.2123040,0.3360885,-0.0147048,0.0012682,0.9900813,1
1869,0.6800000,-2.5300000,-0.5500000,0.0429000,0.0551000,0.9746000,0.2137025,-1.1732440,0.4192105,-0.0143715,0.0021794,0.9853637,1
1870,-1.4500000,-3.6300000,-1.1000000,0.0366000,0.0122000,1.1123000,0.1864782,-1.2218390,0.4141417,-0.0109949,0.0051635,0.9829635,1
1871,-2.9100000,-0.7000000,-0.1200000,-0.0649000,-0.0029000,1.0268000,0.0510097,-1.3655254,0.3199822,-0.0069178,0.0082008,0.9873316,1
1872,1.2300000,0.8200000,-0.1800000,-0.0102000,-0.0029000,0.9516000,-0.1612745,-1.4325326,0.2033608,-0.0058238,0.0095604,0.9935106,1
1873,0.3700000,-1.1200000,-1.1600000,0.0688000,0.0454000,0.9072000,-0.2860743,-1.3640424,0.0792921,-0.0049857,0.0104013,0.9947253,1
1874,-1.5700000,-3.2600000,-1.6400000,0.0537000,-0.0219000,1.1162000,-0.3351001,-1.3045280,-0.0897945,-0.0004106,0.0114306,0.9935622,1
1875,-3.1600000,-1.1200000,-0.7300000,-0.0527000,-0.0205000,1.0771000,-0.4587175,-1.3374915,-0.2948559,0.0050369,0.0107929,0.9976856,1
1876,1.0400000,2.4100000,-0.1800000,-0.0004000,-0.0175000,0.9199000,-0.6387204,-1.3132449,-0.4685591,0.0070798,0.0079022,1.0043379,1
1877,0.1300000,0.4500000,-0.7300000,0.0625000,-0.0102000,0.8745000,-0.7219342,-1.1088508,-0.5788746,0.0080019,0.0040939,1.0040665,1
1878,-2.1800000,-3.5600000,-0.7900000,0.0180000,-0.0205000,1.1655000,-0.7349813,-0.8937054,-0.6519252,0.0108144,0.0001498,1.0002399,1
1879,-2.7900000,-1.0000000,0.4800000,-0.0576000,-0.0156000,1.0327000,-0.8252908,-0.8379665,-0.6831575,0.0125709,-0.0037335,1.0025504,1
1880,2.2700000,1.8600000,1.5200000,-0.0205000,0.0141000,0.9189000,-0.9271701,-0.8092100,-0.6143671,0.0103237,-0.0066792,1.0068358,1
1881,0.3700000,1.3100000,0.4800000,0.0439000,-0.0019000,0.8945000,-0.8754510,-0.6448244,-0.4405605,0.0069546,-0.0078170,1.0043155,1
1882,-1.8100000,-3.9300000,-0.4200000,0.0415000,-0.0283000,1.1191000,-0.7478529,-0.4765486,-0.2523259,0.0064202,-0.0082802,0.9988781,1
1883,-2.6100000,-1.7300000,0.3600000,-0.0546000,-0.0019000,1.0942000,-0.7236286,-0.4966321,-0.1113312,0.0070137,-0.0091252,1.0000378,1
1884,2.4500000,3.2000000,0.9100000,-0.0097000,-0.0043000,0.9101000,-0.7419425,-0.5537659,0.0123405,0.0052765,-0.0096651,1.0051487,1
1885,0.8600000,0.6400000,-0.3000000,0.0566000,0.0034000,0.8344000,-0.6308227,-0.4392801,0.1284229,0.0033890,-0.0093775,1.0029680,1
1886,-0.4700000,-3.7500000,-1.3400000,0.0307000,-0.0390000,1.1093000,-0.4345713,-0.3159047,0.1718700,0.0046014,-0.0091728,0.9950691,1
1887,-2.9700000,-1.3700000,-0.3000000,-0.0600000,-0.0463000,1.1591000,-0.3350487,-0.3766861,0.1200545,0.0061741,-0.0107327,0.9946588,1
1888,1.2900000,3.1400000,0.9100000,-0.0395000,-0.0063000,0.9301000,-0.3471310,-0.4526871,0.0564923,0.0041001,-0.0136404,1.0020066,1
1889,1.9600000,1.4300000,-0.1200000,0.0551000,0.0097000,0.7714000,-0.2954629,-0.3377360,0.0393051,0.0007555,-0.0153976,1.0023545,1
1890,0.9800000,-4.9100000,-1.1600000,0.0502000,-0.0263000,1.0610000,-0.1142739,-0.2149896,0.0152837,0.0009779,-0.0155528,0.9930277,1
1891,-2.1200000,-1.6100000,-0.2400000,-0.0620000,-0.0058000,1.2563000,0.0472621,-0.3198288,-0.0551737,0.0029197,-0.0153809,0.9906125,1
1892,0.4300000,3.0800000,0.4200000,-0.0434000,-0.0053000,0.9375000,0.0902307,-0.4627956,-0.1204311,0.0015768,-0.0149027,1.0000822,1
1893,2.5100000,1.7400000,-0.3000000,0.0693000,0.0097000,0.7495000,0.1356444,-0.3909853,-0.1465843,-0.0010078,-0.0135334,1.0037551,1
1894,0.1900000,-3.5000000,-1.1000000,0.0620000,-0.0258000,1.0849000,0.2671440,-0.2520653,-0.1772889,0.0005727,-0.0118030,0.9961972,1
1895,-1.8100000,-1.5500000,-0.4200000,-0.0483000,-0.0244000,1.2084000,0.3517108,-0.2794872,-0.2413825,0.0044524,-0.0110765,0.9942201,1
1896,0.9200000,3.1400000,0.3600000,-0.0395000,-0.0205000,0.9711000,0.3272845,-0.3441105,-0.2948296,0.0050948,-0.0116307,1.0029118,1
1897,2.1400000,3.2600000,0.2400000,0.0683000,-0.0136000,0.7548000,0.3289077,-0.1974471,-0.2945783,0.0039126,-0.0126384,1.0063524,1
1898,-0.1700000,-2.5300000,-0.6100000,0.0449000,-0.0488000,1.0737000,0.4045457,0.0556717,-0.2661335,0.0056919,-0.0142074,0.9990996,1
1899,-0.3500000,0.0900000,0.3600000,-0.0688000,-0.0107000,1.0947000,0.4496787,0.1791950,-0.2389626,0.0081693,-0.0165206,0.9944581,1
1900,4.0400000,3.7500000,1.5200000,0.0224000,0.0087000,0.8588000,0.5061648,0.2721382,-0.1696040,0.0076900,-0.0179121,0.9943747,1
1901,1.1100000,0.8800000,0.5400000,0.0371000,-0.0249000,0.8383000,0.6792672,0.4799918,-0.0323673,0.0070280,-0.0177311,0.9877559,1
1902,-0.6500000,-4.4800000,-0.3600000,-0.0244000,-0.0317000,1.1894000,0.8483865,0.5954255,0.1032365,0.0074888,-0.0176527,0.9789677,1
1903,0.1900000,0.2700000,0.6600000,-0.0556000,0.0195000,1.1245000,0.8886976,0.4647754,0.1915529,0.0058311,-0.0175660,0.9818814,1
1904,3.1800000,3.6900000,1.2100000,0.0297000,0.0532000,0.8422000,0.9016017,0.3386249,0.2763876,0.0021727,-0.0148843,0.9908410,1
1905,2.7500000,0.3900000,-0.3000000,0.0659000,-0.0107000,0.7822000,1.0242242,0.3919854,0.3644250,0.0010517,-0.0096550,0.9891110,1
1906,0.1300000,-4.8500000,-1.0300000,-0.0019000,-0.0698000,1.2358000,1.1975234,0.3870870,0.3831774,0.0034535,-0.0062888,0.9816944,1
1907,-2.2400000,1.1900000,0.3000000,-0.0688000,0.0029000,1.2265000,1.2279321,0.1897725,0.3230506,0.0045819,-0.0065849,0.9880544,1
1908,1.9600000,4.6600000,1.1500000,0.0234000,0.0346000,0.8056000,1.1007915,0.0919620,0.2729964,0.0026059,-0.0068363,1.0030222,1
1909,2.9400000,0.2700000,0.3600000,0.0756000,0.0029000,0.6875000,1.0236044,0.2383422,0.2784101,0.0022057,-0.0049421,1.0028435,1
1910,0.6800000,-4.7200000,0.2400000,-0.0029000,-0.0478000,1.2148000,1.0629809,0.3227165,0.3018925,0.0052201,-0.0034789,0.9903580,1
1911,-3.0300000,0.2100000,0.8500000,-0.1069000,0.0014000,1.3041000,1.0283481,0.1709582,0.3266417,0.0059890,-0.0040945,0.9915842,1
1912,1.3500000,4.0500000,1.2800000,-0.0190000,0.0527000,0.8188000,0.8425896,0.0548732,0.3809429,0.0012674,-0.0040058,1.0059361,1
1913,3.1800000,0.6400000,0.8500000,0.0986000,0.0175000,0.6728000,0.7130025,0.1557600,0.4707217,-0.0027925,-0.0011308,1.0069218,1
1914,0.8000000,-4.9100000,-0.0600000,0.0297000,-0.0180000,1.1303000,0.7435231,0.2163861,0.5491302,-0.0009967,0.0022038,0.9928331,1
1915,-0.7200000,-2.5300000,-0.2400000,-0.0966000,0.0068000,1.3344000,0.7849062,0.0027095,0.5651450,0.0014682,0.0039304,0.9897514,1
1916,2.6300000,3.3200000,0.1200000,-0.0107000,0.0424000,0.8881000,0.7883591,-0.2681044,0.5215810,-0.0005673,0.0054852,1.0023995,1
1917,2.6900000,1.4300000,-0.3000000,0.1093000,0.0053000,0.6381000,0.8724447,-0.3089917,0.4457157,-0.0020020,0.0079878,1.0052717,1
1918,0.8000000,-5.1500000,-1.0300000,0.0024000,-0.0512000,1.1083000,1.0332211,-0.2897066,0.3309277,0.0014622,0.0089873,0.9920817,1
1919,0.1300000,-3.2600000,-0.8500000,-0.0991000,-0.0205000,1.3437000,1.1421015,-0.4976761,0.1662560,0.0038678,0.0065446,0.9882429,1
1920,2.6900000,3.2600000,0.6000000,0.0000000,0.0429000,0.8808000,1.1954958,-0.7599788,0.0045101,0.0011676,0.0034620,1.0003118,1
1921,2.7500000,1.6100000,0.5400000,0.0976000,0.0063000,0.6650000,1.2995906,-0.7693493,-0.0817140,-0.0006881,0.0026449,1.0034140,1
1922,0.2500000,-5.7600000,-0.4800000,-0.0190000,-0.0678000,1.0708000,1.4314550,-0.6990946,-0.1063496,0.0017157,0.0016614,0.9907015,1
1923,0.3700000,-3.8700000,0.0500000,-0.0874000,0.0234000,1.4013000,1.4737345,-0.8746247,-0.1210371,0.0025612,-0.0012297,0.9874706,1
1924,0.8000000,4.3000000,0.9700000,-0.0048000,0.0922000,0.8916000,1.4184095,-1.1017066,-0.1088844,-0.0010908,-0.0015552,1.0017688,1
1925,2.3900000,1.3100000,0.0500000,0.0888000,0.0639000,0.6269000,1.3565445,-1.0375385,-0.0513731,-0.0035101,0.0038176,1.0070091,1
1926,0.4300000,-6.1300000,-1.1600000,-0.0053000,-0.0297000,1.1284000,1.3285924,-0.8971692,-0.0121687,-0.0014158,0.0107787,0.9952224,1
1927,-2.7900000,-2.5900000,-1.0300000,-0.0668000,0.0410000,1.4248000,1.2131732,-1.0069993,-0.0523224,0.0002701,0.0152911,0.9942426,1
1928,-2.0600000,4.7900000,-0.1800000,-0.0092000,0.0776000,0.8681000,0.8968895,-1.1274868,-0.1421553,-0.0016447,0.0195655,1.0110692,1
1929,1.3500000,1.4900000,-0.6700000,0.1040000,0.0288000,0.6884000,0.5103266,-0.9438797,-0.2297217,-0.0023630,0.0252540,1.0179472,1
1930,-1.8100000,-4.0500000,-1.5200000,0.0297000,-0.0483000,1.0112000,0.1979101,-0.6755879,-0.3284816,0.0019551,0.0286188,1.0059766,1
1931,-3.6500000,-2.1600000,-0.8500000,-0.0815000,0.0009000,1.4296000,-0.1372510,-0.6253772,-0.4570135,0.0062123,0.0271341,1.0006389,1
1932,-2.0000000,4.6600000,0.1800000,0.0541000,0.0722000,0.7612000,-0.5643075,-0.6174452,-0.5637876,0.0068530,0.0245184,1.0098489,1
1933,-1.5100000,0.6400000,-0.1200000,0.1064000,-0.0014000,0.6337000,-0.9768317,-0.4061062,-0.5992272,0.0093865,0.0237611,1.0066440,1
1934,-3.3400000,-3.9900000,-0.7900000,-0.0332000,-0.0249000,1.2548000,-1.3308294,-0.1987771,-0.5908893,0.0149508,0.0222603,0.9896631,1
1935,-4.3200000,1.4900000,-0.6700000,-0.0844000,0.0244000,1.3803000,-1.7021992,-0.1673255,-0.5856712,0.0164267,0.0189713,0.9901184,1
1936,-2.4900000,5.6400000,-0.3600000,0.0668000,0.0458000,0.7626000,-2.0942406,-0.0407261,-0.5852831,0.0133384,0.0167376,1.0068291,1
1937,-1.7500000,1.7400000,-0.7900000,0.1108000,-0.0043000,0.5766000,-2.3993605,0.3351499,-0.5817982,0.0134996,0.0162038,1.0065968,1
1938,-1.5700000,-3.9300000,-1.3400000,-0.0361000,-0.0732000,1.2333000,-2.5541310,0.6535274,-0.5986987,0.0175855,0.0138367,0.9888289,1
1939,-2.6100000,0.2700000,-1.1600000,-0.0839000,0.0068000,1.4003000,-2.5988363,0.6877316,-0.6544283,0.0178835,0.0083171,0.9872378,1
1940,-0.4700000,6.0700000,-0.3000000,0.0527000,0.0214000,0.7456000,-2.5645399,0.7082441,-0.7171282,0.0136014,0.0033417,1.0028976,1
1941,0.1300000,1.9200000,-0.3000000,0.0947000,-0.0571000,0.6279000,-2.4052106,0.9522987,-0.7411032,0.0120961,-0.0002684,1.0030562,1
1942,-0.3500000,-4.1100000,-0.5500000,-0.0454000,-0.0947000,1.1918000,-2.1210523,1.1488056,-0.7260652,0.0141093,-0.0063277,0.9867092,1
1943,-0.4700000,0.1500000,0.0000000,-0.0844000,-0.0014000,1.4057000,-1.7893022,1.0590354,-0.6862099,0.0126504,-0.0146843,0.9856715,1
1944,0.9200000,6.0700000,0.8500000,0.0341000,0.0527000,0.8100000,-1.4402237,0.9617735,-0.5994980,0.0070814,-0.0197638,1.0024888,1
1945,2.5100000,2.4100000,0.6600000,0.1010000,-0.0151000,0.5522000,-1.0227201,1.1173574,-0.4483287,0.0046439,-0.0196485,1.0045975,1
1946,0.9800000,-4.8500000,-0.1200000,-0.0478000,-0.0541000,1.1528000,-0.5338180,1.2486837,-0.2741893,0.0064893,-0.0186308,0.9868468,1
1947,0.8000000,-0.5700000,0.0500000,-0.1123000,0.0117000,1.5043000,-0.0715370,1.0747437,-0.1310390,0.0050046,-0.0187226,0.9837912,1
1948,1.2300000,6.8000000,0.7300000,0.0371000,0.0771000,0.8466000,0.3072120,0.8931167,-0.0144433,-0.0010753,-0.0163457,1.0033777,1
1949,2.5700000,2.1600000,0.4800000,0.1396000,-0.0009000,0.5175000,0.6425299,1.0099491,0.1014617,-0.0028498,-0.0101943,1.0099444,1
1950,1.8400000,-4.6600000,-0.4200000,-0.0195000,-0.0708000,1.0883000,0.9708544,1.1334855,0.1931526,0.0022018,-0.0053398,0.9926692,1
1951,0.3700000,-0.6400000,0.0000000,-0.1088000,-0.0195000,1.5717000,1.2363855,0.9650088,0.2292121,0.0051001,-0.0050509,0.9875169,1
1952,-0.2900000,7.2300000,1.0900000,0.0175000,0.0551000,0.8847000,1.3533522,0.8053410,0.2473814,0.0021389,-0.0055584,1.0076363,1
1953,1.0400000,3.0800000,0.9700000,0.0175000,0.0551000,0.8847000,1.3363186,0.9776509,0.3024239,-0.0010628,-0.0025093,1.0244613,2
1954,1.0400000,-4.3600000,0.3000000,-0.0410000,-0.0581000,0.9916000,1.2748790,1.1909769,0.3803083,-0.0027998,0.0018009,1.0261714,2
1955,0.2500000,-1.7900000,0.4800000,-0.1303000,0.0058000,1.5844000,1.2007401,1.0828991,0.4408791,-0.0076012,0.0033099,1.0342495,2
1956,-1.6300000,5.8200000,0.7300000,0.0000000,0.0732000,0.8950000,1.0549238,0.8840135,0.4842748,-0.0161271,0.0045480,1.0578750,2
1957,1.2900000,2.4100000,0.5400000,0.0000000,0.0732000,0.8950000,0.8421153,0.9316641,0.5230099,-0.0229165,0.0095035,1.0737884,3
1958,0.5600000,-4.8500000,0.0500000,-0.0405000,-0.0444000,1.0214000,0.6683061,1.0036638,0.5431927,-0.0262433,0.0154369,1.0721704,3
1959,-0.1100000,-3.0800000,-0.4200000,-0.1147000,-0.0083000,1.5141000,0.5493377,0.7609486,0.5169187,-0.0301991,0.0175222,1.0744106,3
1960,-1.5100000,3.2000000,-0.1200000,-0.0073000,0.0664000,0.9375000,0.4054094,0.3873021,0.4402661,-0.0358772,0.0175604,1.0896941,3
1961,1.8400000,1.1200000,0.2400000,0.0957000,-0.0092000,0.5708000,0.2546253,0.2057202,0.3473017,-0.0373116,0.0184899,1.0914853,3
1962,0.0100000,-5.4600000,-0.3000000,-0.0283000,-0.0410000,0.9321000,0.1812464,0.0723344,0.2609839,-0.0321051,0.0177412,1.0654264,3
1963,0.5000000,-5.0900000,-0.6100000,-0.1035000,-0.0117000,1.4594000,0.1670214,-0.3180649,0.1651773,-0.0274802,0.0137693,1.0413368,3
1964,-1.6900000,2.1000000,-0.0600000,-0.0195000,0.0551000,1.0742000,0.1308241,-0.8148257,0.0587306,-0.0274237,0.0099289,1.0411452,3
1965,-0.0400000,-2.4700000,0.1800000,0.0849000,-0.0209000,0.5668000,0.0384559,-1.1354463,-0.0253031,-0.0263412,0.0082268,1.0412236,3
1966,1.4700000,-7.5900000,-0.3600000,-0.0590000,-0.0703000,1.2036000,-0.0298989,-1.4593321,-0.0783705,-0.0216973,0.0053295,1.0261412,3
1967,-0.5300000,-2.2800000,-0.1200000,-0.0727000,0.0229000,1.4775000,-0.0237389,-1.9500850,-0.1193647,-0.0191007,0.0002596,1.0234357,3
1968,-0.6500000,2.7100000,0.4800000,0.0664000,0.0400000,0.7768000,-0.0227012,-2.2977600,-0.1384773,-0.0186724,-0.0027016,1.0386039,3
1969,-0.2300000,-1.7300000,0.0000000,0.1020000,-0.0097000,0.5336000,-0.0615837,-2.3078374,-0.1227409,-0.0136422,-0.0025119,1.0364885,3
1970,0.6800000,-7.3500000,-0.6700000,-0.0727000,-0.0502000,1.1948000,-0.0902096,-2.2915793,-0.1066039,-0.0053497,-0.0027829,1.0128965,3
1971,-0.7800000,-2.8900000,-0.6700000,-0.0996000,0.0224000,1.4843000,-0.0942929,-2.4850722,-0.1280582,-0.0024734,-0.0044945,1.0049136,3
1972,-0.3500000,2.5900000,-0.0600000,0.0649000,0.0385000,0.7636000,-0.1140394,-2.6212135,-0.1731031,-0.0045873,-0.0045664,1.0180164,3
1973,0.1900000,-1.3100000,0.1800000,0.0878000,-0.0351000,0.5136000,-0.1434502,-2.4782751,-0.2003376,-0.0032047,-0.0029543,1.0154350,3
1974,1.4100000,-7.2900000,0.0000000,-0.0874000,-0.0883000,1.2114000,-0.1218690,-2.3345231,-0.1956857,0.0010143,-0.0040931,0.9925002,3
1975,-0.3500000,-2.8300000,-0.0600000,-0.0751000,0.0029000,1.4921000,-0.0448159,-2.4307479,-0.1745721,0.0003831,-0.0086880,0.9869992,3
1976,0.1900000,2.8900000,0.6600000,0.0844000,0.0693000,0.7690000,0.0262775,-2.4992301,-0.1361618,-0.0031292,-0.0112022,1.0038880,3
1977,1.3500000,-0.7600000,0.8500000,0.1010000,0.0097000,0.5673000,0.0974774,-2.2983969,-0.0582131,-0.0012203,-0.0088781,1.0063217,3
1978,1.5900000,-6.4900000,-0.0600000,-0.0649000,-0.0527000,1.1577000,0.2252843,-2.0877809,0.0426477,0.0045505,-0.0059513,0.9885225,3
1979,-0.2300000,-2.4700000,-0.6100000,-0.0844000,0.0361000,1.5541000,0.3755141,-2.1105347,0.1063188,0.0056127,-0.0047931,0.9868014,3
1980,-1.5700000,4.4200000,-0.1800000,0.0659000,0.0805000,0.8520000,0.4328612,-2.0963657,0.1092918,0.0024730,-0.0016569,1.0092091,3
1981,0.5600000,1.2500000,0.1200000,0.1083000,0.0000000,0.5131000,0.3784334,-1.7658349,0.0853478,0.0033877,0.0044460,1.0182454,3
1982,1.5900000,-4.9700000,-0.6700000,-0.0292000,-0.0605000,1.0834000,0.3360202,-1.3728302,0.0508842,0.0087893,0.0084046,1.0017206,3
1983,0.1300000,-1.9200000,-0.5500000,-0.0644000,-0.0083000,1.5693000,0.3595473,-1.2235764,-0.0108544,0.0112563,0.0076716,0.9959889,3
1984,-2.3000000,5.2100000,0.6600000,0.0659000,0.0483000,0.9042000,0.3367153,-1.1018582,-0.0718711,0.0100846,0.0060067,1.0152531,3
1985,-0.2300000,2.1000000,1.1500000,0.1040000,-0.0009000,0.4956000,0.2006307,-0.7223943,-0.0666705,0.0119653,0.0062117,1.0238382,3
1986,1.4700000,-3.5600000,0.3600000,-0.0537000,-0.0532000,1.0429000,0.0713277,-0.3035044,0.0086975,0.0166326,0.0057096,1.0061069,3
1987,-0.4100000,-0.9400000,-0.1800000,-0.0625000,-0.0063000,1.5546000,0.0288607,-0.1301640,0.0902771,0.0169664,0.0026475,0.9969756,3
1988,-2.7900000,5.5800000,0.6000000,0.0698000,0.0742000,0.9223000,-0.0436724,-0.0057237,0.1473961,0.0136304,0.0006396,1.0129397,3
1989,-0.5300000,3.2000000,0.9700000,0.1064000,-0.0034000,0.5253000,-0.2176268,0.3440649,0.2121545,0.0140812,0.0020860,1.0206226,3
1990,1.4700000,-2.7100000,0.1200000,-0.0302000,-0.0625000,0.9804000,-0.3595085,0.7269352,0.2900660,0.0183081,0.0029445,1.0028721,3
1991,-0.5900000,-1.0600000,-0.4200000,-0.0742000,0.0078000,1.5419000,-0.3850722,0.8482190,0.3325986,0.0189820,0.0008365,0.9918194,3
1992,-1.9400000,5.7000000,0.1200000,0.0571000,0.0590000,0.9580000,-0.4036709,0.8753368,0.3211081,0.0154491,-0.0003397,1.0059171,3
1993,-1.0200000,2.4100000,0.4200000,0.0942000,0.0063000,0.5507000,-0.4934286,1.0784728,0.2927629,0.0146375,0.0015863,1.0146561,3
1994,1.5900000,-2.0400000,0.0500000,-0.0468000,-0.0639000,0.9179000,-0.5593553,1.2924240,0.2713492,0.0169316,0.0028487,0.9985443,3
1995,-0.4100000,-2.2800000,-0.3000000,-0.0834000,0.0053000,1.5288000,-0.5215566,1.2464877,0.2402355,0.0153798,0.0010959,0.9866268,3
1996,-1.5100000,4.6600000,0.3600000,0.0366000,0.0712000,0.9809000,-0.4702776,1.0779300,0.1971658,0.0095943,0.0002431,0.9992656,3
1997,-0.4100000,2.1000000,0.7900000,0.0937000,0.0073000,0.5795000,-0.4767309,1.0667934,0.1780049,0.0067900,0.0027896,1.0088383,3
1998,1.5300000,-4.3600000,0.0000000,-0.0888000,-0.0341000,1.3540000,-0.4586389,1.0643268,0.1903780,0.0071613,0.0052370,1.0041036,3
1999,-1.5100000,1.9200000,-0.6100000,-0.0268000,0.0317000,1.3310000,-0.3872965,0.8828520,0.1866348,0.0046009,0.0057995,1.0131589,3
