index,gx_raw_dps,gy_raw_dps,gz_raw_dps,ax_raw_g,ay_raw_g,az_raw_g,gx_25hz_dps,gy_25hz_dps,gz_25hz_dps,ax_25hz_g,ay_25hz_g,az_25hz_g,bad
525,-0.9000000,3.0600000,1.3000000,-0.0429000,0.0058000,1.2514000,-0.0180750,0.0614551,0.0261084,-0.0008616,0.0001165,0.0251323,0
526,-2.9200000,7.6300000,0.4500000,-0.0244000,0.0341000,0.9121000,-0.1230090,0.3720788,0.1020099,-0.0035581,0.0010996,0.1078147,0
527,-2.7900000,3.2400000,-0.5800000,0.0332000,0.0229000,0.7944000,-0.3718212,0.9744049,0.1750297,-0.0061766,0.0035879,0.2299047,0
528,1.3500000,2.3800000,-0.0300000,0.0107000,-0.0502000,1.0600000,-0.6451238,1.6136050,0.1929387,-0.0063014,0.0054920,0.3612531,0
529,0.0000000,2.6300000,0.5100000,-0.0268000,0.0166000,1.2070000,-0.7703892,2.1074167,0.1863143,-0.0053169,0.0050490,0.4992445,0
530,-2.7900000,6.0500000,-0.4000000,-0.0385000,0.0507000,0.9599000,-0.8177605,2.5297689,0.1789477,-0.0058931,0.0050360,0.6366871,0
531,-2.9200000,2.5100000,-1.4400000,-0.0048000,-0.0161000,0.7451000,-0.9531572,2.9436572,0.1251034,-0.0079704,0.0066697,0.7514496,0
532,0.0600000,0.1900000,-0.5800000,-0.0004000,-0.0234000,1.0117000,-1.1355381,3.1987697,0.0029985,-0.0096363,0.0070832,0.8342108,0
533,1.6500000,2.2000000,0.8100000,-0.0097000,-0.0424000,1.1728000,-1.1843826,3.2076426,-0.1115038,-0.0102380,0.0046646,0.8994294,0
534,-0.2300000,3.7900000,0.7500000,0.0029000,0.0351000,1.0307000,-1.0577025,3.1239508,-0.1400333,-0.0101408,0.0012706,0.9571289,0
535,-2.5500000,1.8300000,-0.2200000,-0.0180000,0.0322000,0.8681000,-0.9188006,3.0524851,-0.1051071,-0.0097036,0.0001968,0.9996331,0
536,-1.8200000,-0.2900000,-0.5200000,-0.0317000,-0.0317000,0.9560000,-0.8995013,2.9052307,-0.0784811,-0.0099452,0.0008540,1.0213577,0
537,-0.1700000,1.0400000,0.8100000,-0.0175000,-0.0385000,1.0175000,-0.9425938,2.6233925,-0.0641373,-0.0112874,-0.0001930,1.0295101,0
538,1.6500000,1.8300000,1.8500000,-0.0034000,0.0375000,1.1811000,-0.9047519,2.3045907,0.0094604,-0.0126493,-0.0022789,1.0358244,0
539,-1.6400000,2.5700000,0.8700000,0.0000000,0.0410000,0.9223000,-0.7778759,2.0609971,0.1639510,-0.0129946,-0.0018771,1.0430614,0
540,-2.6700000,-0.2300000,-0.0900000,-0.0190000,-0.0234000,0.8017000,-0.7203728,1.8745628,0.3201548,-0.0126221,0.0004613,1.0407772,0
541,-1.8200000,-0.8400000,0.3200000,-0.0444000,-0.0473000,1.0410000,-0.8023567,1.6299086,0.4149014,-0.0130240,0.0008576,1.0273343,0
542,1.2200000,0.5500000,1.4800000,-0.0126000,0.0004000,1.1557000,-0.8927054,1.3147497,0.4831060,-0.0146536,-0.0013189,1.0173082,0
543,0.0000000,2.5700000,1.4200000,0.0092000,0.0952000,1.0263000,-0.8664850,1.0638396,0.5824314,-0.0157346,-0.0016308,1.0170930,0
544,-2.4300000,0.3100000,-0.0900000,-0.0253000,0.0346000,0.7529000,-0.8043615,0.9379563,0.6842978,-0.0155555,0.0028269,1.0148027,0
545,-2.7300000,-3.5900000,-0.8900000,-0.0874000,-0.0527000,0.9985000,-0.8523342,0.7738382,0.7016872,-0.0167777,0.0077021,1.0027175,0
546,-0.8400000,-0.8400000,0.1400000,-0.0654000,-0.0473000,1.1191000,-0.9899584,0.4515730,0.6217267,-0.0215459,0.0078383,0.9921174,0
547,2.5700000,1.2900000,1.6700000,0.0244000,0.0351000,1.0693000,-1.0356505,0.1286795,0.5417868,-0.0267653,0.0050425,0.9920978,0
548,-0.2300000,0.0600000,0.7500000,0.0434000,0.0693000,0.9189000,-0.9000185,-0.0525960,0.5319463,-0.0274244,0.0046961,0.9962668,0
549,-2.2500000,-3.0400000,-0.8300000,-0.0346000,-0.0458000,0.7778000,-0.7435408,-0.1973680,0.5298970,-0.0241056,0.0066653,0.9929122,0
550,-1.4500000,-4.4400000,-0.8300000,-0.0786000,-0.0859000,1.1352000,-0.7075676,-0.4844345,0.4510692,-0.0221373,0.0052198,0.9834916,0
551,2.2000000,-0.4700000,0.3800000,-0.0024000,-0.0258000,1.1713000,-0.6869007,-0.8784616,0.3219010,-0.0229968,-0.0010149,0.9831841,0
552,2.1400000,1.3500000,0.8100000,0.0683000,0.0825000,0.9311000,-0.5162405,-1.1415377,0.2280611,-0.0220039,-0.0060366,0.9925499,0
553,-0.4800000,-2.2400000,-0.5200000,0.0068000,0.0078000,0.7890000,-0.2448157,-1.2187591,0.1792791,-0.0167676,-0.0058200,0.9955904,0
554,-1.7000000,-6.2700000,-1.2500000,-0.0825000,-0.0844000,1.0419000,-0.0615135,-1.3591617,0.1038673,-0.0120744,-0.0049385,0.9888772,0
555,-0.8400000,-2.3100000,0.0800000,-0.0883000,-0.0610000,1.1396000,-0.0338042,-1.6832476,-0.0118874,-0.0130450,-0.0084349,0.9857143,0
556,3.9700000,1.3500000,1.7300000,0.0332000,0.0151000,1.0756000,-0.0014680,-1.9474749,-0.0723185,-0.0171564,-0.0138416,0.9928005,0
557,1.7100000,-1.1500000,0.8100000,0.1108000,0.0854000,0.8730000,0.1963232,-1.9757534,-0.0179038,-0.0166295,-0.0151008,1.0012132,0
558,-1.3300000,-4.8700000,-0.7000000,-0.0209000,-0.0434000,0.8056000,0.4291108,-1.9520560,0.0716543,-0.0102583,-0.0118334,0.9990242,0
559,-1.5700000,-4.8100000,-1.0100000,-0.1123000,-0.1069000,1.1250000,0.4933275,-2.0953511,0.0912029,-0.0062176,-0.0109622,0.9898501,0
560,2.4400000,-1.6300000,0.1400000,-0.0234000,-0.0136000,1.1894000,0.4541130,-2.3426707,0.0445987,-0.0085270,-0.0149614,0.9897021,0
561,2.2000000,-1.5700000,-0.1500000,0.1250000,0.1220000,0.8842000,0.5031416,-2.5066983,-0.0065471,-0.0100080,-0.0165674,0.9982268,0
562,-1.0900000,-4.5600000,-1.3800000,-0.0219000,-0.0371000,0.8022000,0.6096464,-2.5979038,-0.0697520,-0.0060428,-0.0123844,0.9990166,0
563,-0.9600000,-4.8100000,-1.6800000,-0.1127000,-0.1259000,1.1420000,0.6101001,-2.7589921,-0.1968678,-0.0036469,-0.0102753,0.9921833,0
564,2.0200000,-1.5100000,-0.6400000,-0.0078000,-0.0273000,1.2587000,0.5414971,-2.9557750,-0.3706271,-0.0069406,-0.0144475,0.9953555,0
565,4.0300000,2.8100000,0.2000000,0.1284000,0.0776000,0.9072000,0.5967908,-2.9453529,-0.5077243,-0.0084934,-0.0180293,1.0091423,0
566,1.3500000,-2.0600000,-1.0100000,0.1240000,0.0141000,0.7080000,0.8138642,-2.6608874,-0.5799687,-0.0013159,-0.0160263,1.0128539,0
567,-0.7200000,-6.9400000,-1.6800000,-0.0625000,-0.0869000,1.0834000,1.0084050,-2.4303745,-0.6500037,0.0096972,-0.0130746,1.0022842,0
568,-1.3300000,-1.5100000,-0.7700000,-0.1308000,-0.1074000,1.1938000,1.0236470,-2.4377490,-0.7459322,0.0133346,-0.0154955,0.9966996,0
569,3.3000000,1.8300000,0.8100000,0.0546000,0.0434000,1.0776000,0.9495828,-2.4099237,-0.7959337,0.0091837,-0.0209909,1.0044007,0
570,2.3800000,0.9200000,0.8100000,0.1494000,0.1362000,0.8852000,0.9794360,-2.1368244,-0.7307237,0.0083504,-0.0205075,1.0136899,0
571,-1.0200000,-2.9800000,-0.9500000,0.0400000,-0.0249000,0.7592000,1.0612879,-1.7761558,-0.6004763,0.0150460,-0.0127077,1.0106590,0
572,-3.1600000,-4.6200000,-1.5000000,-0.1157000,-0.1030000,1.1489000,0.9718916,-1.5961609,-0.5207194,0.0204149,-0.0070179,0.9988716,0
573,0.3100000,0.0600000,-0.4000000,-0.0639000,-0.0659000,1.2988000,0.6952958,-1.5967096,-0.5150987,0.0170911,-0.0087656,0.9985480,0
574,2.4400000,4.2200000,0.9300000,0.1181000,0.0678000,0.9008000,0.4600367,-1.4744156,-0.4976284,0.0110679,-0.0125363,1.0114571,0
575,0.9800000,-0.4700000,0.3800000,0.1494000,0.0400000,0.6914000,0.3961110,-1.1162679,-0.4094942,0.0127766,-0.0117444,1.0146347,0
576,-0.9000000,-5.6600000,-0.2800000,-0.0322000,-0.1132000,1.0439000,0.3935829,-0.8446940,-0.2917556,0.0205721,-0.0095982,1.0019909,0
577,-3.1600000,-2.1200000,0.2600000,-0.1445000,-0.0913000,1.2343000,0.2804119,-0.8820221,-0.1911993,0.0227242,-0.0130278,0.9939930,0
578,3.3000000,4.0300000,1.2400000,0.0478000,0.0278000,1.1108000,0.1065762,-0.9529960,-0.0816243,0.0167882,-0.0195632,1.0018640,0
579,1.3500000,2.6300000,0.7500000,0.1694000,0.1562000,0.8256000,0.0827241,-0.7498433,0.0652999,0.0140525,-0.0197630,1.0124159,0
580,0.4300000,-2.0000000,-0.6400000,0.0751000,0.0229000,0.7709000,0.1899171,-0.4129058,0.1964593,0.0204415,-0.0110113,1.0088050,0
581,-3.1000000,-3.1000000,-1.3100000,-0.0966000,-0.1074000,1.1518000,0.2255346,-0.2534129,0.2278429,0.0273756,-0.0026139,0.9961257,0
582,-0.6000000,0.9200000,-0.6400000,-0.1010000,-0.0346000,1.3364000,0.1023289,-0.2769712,0.1513423,0.0252234,-0.0015671,0.9965574,0
583,2.4400000,6.9000000,0.8700000,0.0947000,0.0708000,0.8959000,-0.0222648,-0.1565602,0.0555773,0.0177217,-0.0028947,1.0115808,0
584,1.9600000,1.4100000,0.3200000,0.1870000,0.0566000,0.6826000,0.0249357,0.2571874,0.0182119,0.0170179,-0.0002279,1.0164861,0
585,-0.6600000,-3.5300000,-0.2200000,-0.0156000,-0.0703000,1.0190000,0.1676798,0.6262003,0.0186921,0.0242991,0.0037842,1.0038496,0
586,-2.5500000,-0.2300000,0.2600000,-0.1616000,-0.1215000,1.2270000,0.2073994,0.6944723,0.0203101,0.0269004,0.0019262,0.9943837,0
587,3.8500000,4.7600000,1.5400000,0.0205000,0.0146000,1.1899000,0.1778534,0.6979335,0.0566696,0.0200152,-0.0054190,1.0020771,0
588,2.6900000,5.5000000,1.7300000,0.1713000,0.1352000,0.7514000,0.3020700,0.9411189,0.1772591,0.0150098,-0.0088330,1.0140383,0
589,2.2000000,-0.2900000,0.5100000,0.1088000,0.0268000,0.7202000,0.5870230,1.3321726,0.3510188,0.0200710,-0.0040510,1.0087909,0
590,-1.1500000,-3.3400000,-0.2200000,-0.1123000,-0.0874000,1.1982000,0.8419157,1.5076891,0.4850723,0.0272598,0.0013778,0.9924685,0
591,-0.2300000,1.7700000,0.2600000,-0.1386000,-0.0288000,1.3251000,0.9311300,1.3947056,0.5387077,0.0245712,0.0011982,0.9914759,0
592,3.8500000,8.0000000,1.4200000,0.0864000,0.1069000,0.9018000,0.9585336,1.3748855,0.5643739,0.0147857,0.0002216,1.0065907,0
593,3.3000000,1.9600000,0.6300000,0.1850000,0.1000000,0.6777000,1.1154045,1.6479694,0.6104079,0.0117243,0.0053012,1.0118670,0
594,-2.1200000,-3.2200000,-0.5800000,-0.1162000,-0.1083000,1.2163000,1.2937040,1.8654503,0.6330707,0.0156513,0.0121217,1.0037237,0
595,-0.9600000,1.7100000,0.2000000,-0.1503000,-0.0434000,1.3120000,1.2659706,1.7994431,0.5901213,0.0129421,0.0123089,1.0066831,0
596,3.4200000,8.0000000,1.6100000,0.0927000,0.0952000,0.9125000,1.1340322,1.7772374,0.5438883,0.0036559,0.0094338,1.0231630,0
597,2.0200000,2.8100000,1.0600000,0.1840000,0.0991000,0.6367000,1.1169712,2.0323348,0.5605178,0.0018067,0.0117746,1.0273268,0
598,-1.0200000,-3.1600000,0.3200000,-0.0156000,-0.0141000,1.0136000,1.1456358,2.2427494,0.6074925,0.0094147,0.0179392,1.0117253,0
599,-4.9900000,-0.7800000,0.0200000,-0.2036000,-0.0703000,1.3164000,0.9713694,2.1113737,0.6233611,0.0125176,0.0204638,1.0003816,0
600,0.1200000,5.5000000,0.8100000,-0.0722000,0.0097000,1.1616000,0.5630628,1.8731668,0.6069593,0.0035607,0.0175270,1.0093031,0
601,0.7400000,5.6200000,1.4200000,0.1206000,0.1474000,0.6962000,0.1754277,1.8880350,0.6091360,-0.0070367,0.0161735,1.0210215,0
602,0.7400000,-0.9000000,0.2600000,0.1171000,0.0439000,0.7128000,-0.0402803,2.0640188,0.6401239,-0.0075223,0.0210032,1.0121233,0
603,-3.8900000,-4.3200000,-0.4000000,-0.1152000,-0.0888000,1.2441000,-0.2089284,2.0010349,0.6395031,-0.0024175,0.0253536,0.9927077,0
604,-4.7500000,1.1000000,0.2600000,-0.1855000,-0.0424000,1.3188000,-0.5370900,1.6303864,0.5821081,-0.0049502,0.0225704,0.9912806,0
605,-0.2300000,7.3300000,1.4200000,0.0522000,0.0737000,0.9213000,-0.9779462,1.3663302,0.5294634,-0.0148930,0.0169659,1.0071928,0
606,0.1900000,2.0800000,0.8700000,0.1762000,0.0957000,0.6352000,-1.2829466,1.4455026,0.5328969,-0.0181636,0.0160392,1.0127353,0
607,-2.5500000,-4.0800000,0.0800000,0.0000000,-0.0302000,0.9750000,-1.4236957,1.5289754,0.5573597,-0.0106763,0.0188740,0.9985314,0
608,-5.5400000,-1.3300000,-0.3400000,-0.1767000,-0.1035000,1.3281000,-1.6094661,1.3108652,0.5421318,-0.0050267,0.0178062,0.9877985,0
609,-2.7900000,4.2200000,0.3200000,-0.0834000,-0.0092000,1.1992000,-1.9290852,1.0150635,0.4831907,-0.0097719,0.0107424,0.9985724,0
610,-0.9600000,6.0500000,0.9300000,0.1206000,0.1391000,0.7026000,-2.2217103,1.0081042,0.4312749,-0.0165068,0.0056944,1.0142147,0
611,0.1200000,-0.4100000,0.0800000,0.1337000,0.0166000,0.7280000,-2.3230909,1.2421826,0.4087213,-0.0136459,0.0077353,1.0096974,0
612,-4.6900000,-3.4000000,-0.6400000,-0.1064000,-0.0913000,1.1997000,-2.3101406,1.3292730,0.3704600,-0.0050594,0.0100496,0.9931337,0
613,-5.3600000,1.2900000,-0.7000000,-0.1811000,-0.0419000,1.3193000,-2.4098721,1.1594499,0.2780023,-0.0043716,0.0065512,0.9920333,0
614,-0.6600000,7.0800000,0.0200000,0.0151000,0.0595000,0.9370000,-2.6029814,1.0831128,0.1558031,-0.0126872,0.0014596,1.0075383,0
615,-0.4100000,3.1200000,-0.6400000,0.1572000,0.0913000,0.6171000,-2.6601170,1.3200919,0.0388059,-0.0168746,0.0014588,1.0130690,0
616,-1.0900000,-3.2200000,-1.5000000,0.0161000,-0.0371000,0.9697000,-2.5346788,1.5688732,-0.0947779,-0.0112638,0.0054583,0.9983127,0
617,-4.3800000,-1.7600000,-1.8000000,-0.1801000,-0.1132000,1.3178000,-2.3905904,1.5003730,-0.2820918,-0.0065737,0.0056548,0.9864598,0
618,-2.4300000,4.1500000,-1.3100000,-0.0991000,-0.0292000,1.1264000,-2.3527584,1.2838942,-0.5082988,-0.0119386,-0.0005518,0.9946406,0
619,1.1000000,5.1300000,-0.7000000,0.1005000,0.0747000,0.7138000,-2.3029682,1.2762884,-0.7153705,-0.0199994,-0.0064342,1.0060297,0
620,2.3800000,-1.0200000,-0.7700000,0.1308000,-0.0380000,0.7255000,-2.0428505,1.4377981,-0.8605982,-0.0188892,-0.0080391,0.9983796,0
621,-1.7600000,-4.1400000,-0.5200000,-0.0722000,-0.1215000,1.2021000,-1.6295726,1.4047917,-0.9400354,-0.0108376,-0.0108889,0.9808887,0
622,-2.6100000,0.2500000,-0.1500000,-0.1562000,-0.0805000,1.3105000,-1.3089196,1.0890168,-0.9548297,-0.0082132,-0.0191020,0.9800468,0
623,1.3500000,5.0100000,0.3800000,0.0058000,0.0312000,0.8598000,-1.1111876,0.8265238,-0.8964500,-0.0134778,-0.0278819,0.9948247,0
624,2.6900000,0.7400000,-0.3400000,0.1523000,0.0820000,0.6503000,-0.8392746,0.8128938,-0.7815706,-0.0156170,-0.0299897,0.9982997,0
625,2.2600000,-5.0500000,-1.2500000,0.0429000,-0.0283000,1.0336000,-0.4169114,0.7677697,-0.6762355,-0.0086389,-0.0255805,0.9844777,0
626,-2.4300000,-3.1000000,-1.5600000,-0.1386000,-0.0913000,1.3100000,-0.0165378,0.4269129,-0.6427211,-0.0014712,-0.0220211,0.9774123,0
627,0.2500000,4.4000000,-0.8900000,0.0117000,0.0356000,0.8969000,0.1943751,0.0364375,-0.6752331,-0.0012265,-0.0214899,0.9857513,0
628,0.7400000,0.4300000,-1.3100000,0.1635000,0.0473000,0.6459000,0.2901304,-0.0938107,-0.7352286,-0.0000011,-0.0188766,0.9872173,0
629,1.1600000,-5.3000000,-0.7000000,0.0502000,-0.0800000,1.0209000,0.3862770,-0.1706127,-0.7991943,0.0085954,-0.0146759,0.9733106,0
630,-2.4300000,-1.9400000,0.0200000,-0.1259000,-0.1503000,1.3276000,0.4295622,-0.4493735,-0.8300410,0.0161897,-0.0160848,0.9668428,0
631,-2.4300000,2.7500000,0.5700000,-0.0698000,-0.0356000,1.0502000,0.2997041,-0.7211935,-0.7849521,0.0143092,-0.0240549,0.9799448,0
632,0.0000000,1.8300000,0.8700000,0.0893000,0.0830000,0.7387000,0.0459353,-0.7293403,-0.6522070,0.0084149,-0.0300157,0.9933069,0
633,1.1000000,-2.4300000,0.7500000,0.1040000,-0.0058000,0.7749000,-0.1472207,-0.5960431,-0.4532217,0.0082323,-0.0289250,0.9884062,0
634,-0.7200000,-5.3000000,0.9900000,-0.0561000,-0.0415000,1.2407000,-0.2295515,-0.6299650,-0.2217131,0.0122980,-0.0253013,0.9767393,0
635,-2.4900000,-0.5400000,0.5100000,-0.1342000,-0.0175000,1.2397000,-0.3207497,-0.8736448,0.0096464,0.0110577,-0.0230796,0.9810866,0
636,-1.0900000,2.3200000,-0.1500000,-0.0087000,0.0546000,0.8579000,-0.4898389,-1.0412848,0.1946093,0.0026822,-0.0202405,0.9970024,0
637,0.8600000,-1.2700000,-0.8900000,0.1376000,0.0595000,0.6992000,-0.6354518,-1.0083151,0.2839452,-0.0031861,-0.0137570,1.0005160,0
638,1.9600000,-4.9900000,-0.2200000,0.0595000,-0.0708000,1.0351000,-0.6257768,-1.0108028,0.2752513,-0.0001466,-0.0064291,0.9884970,0
639,-1.0900000,-3.0400000,0.7500000,-0.0859000,-0.0893000,1.3437000,-0.4951933,-1.2181883,0.2359153,0.0052428,-0.0046551,0.9839841,0
640,-0.9600000,2.3800000,0.9900000,-0.0527000,-0.0219000,1.0249000,-0.3953612,-1.4278585,0.2373244,0.0049643,-0.0085921,0.9973866,0
641,0.8600000,0.4900000,0.7500000,0.0683000,0.0429000,0.7211000,-0.3427522,-1.4032418,0.2890532,0.0019167,-0.0122383,1.0084939,0
642,2.8100000,-2.6100000,0.3800000,0.1005000,-0.0483000,0.8159000,-0.2097793,-1.2596640,0.3566481,0.0035115,-0.0132804,1.0005354,0
643,2.3800000,-3.7100000,1.4800000,-0.0029000,-0.0771000,1.2504000,0.0702941,-1.2358906,0.4313988,0.0096024,-0.0155088,0.9874212,0
644,0.0600000,-0.4100000,1.6700000,-0.0844000,-0.0209000,1.2680000,0.3975087,-1.3310305,0.5453021,0.0129443,-0.0201787,0.9917636,0
645,0.1900000,3.1800000,1.1200000,-0.0078000,0.0756000,0.8452000,0.6294593,-1.3122349,0.6938434,0.0104428,-0.0224224,1.0078950,0
646,1.8900000,-0.1700000,-0.2200000,0.1040000,0.0556000,0.7026000,0.7744487,-1.0786821,0.8074793,0.0080799,-0.0183266,1.0107983,0
647,3.1200000,-4.6200000,0.0200000,0.0380000,-0.0375000,1.0561000,0.9476149,-0.8779867,0.8295507,0.0106992,-0.0112290,0.9978651,0
648,1.4700000,-1.5700000,0.6300000,-0.0693000,-0.0292000,1.3330000,1.1753504,-0.8992541,0.7861030,0.0137429,-0.0067510,0.9927103,0
649,0.1900000,3.5400000,0.4500000,-0.0546000,0.0019000,0.9907000,1.3525100,-0.9254056,0.7298316,0.0114739,-0.0052245,1.0043052,0
650,0.9800000,0.1300000,-0.3400000,0.0258000,0.0644000,0.7460000,1.4143157,-0.7545667,0.6590112,0.0060303,-0.0030426,1.0126088,0
651,2.4400000,-2.1800000,-0.8300000,0.0732000,-0.0307000,0.8256000,1.4325207,-0.5518469,0.5393614,0.0034644,0.0006096,1.0030298,0
652,2.7500000,-3.2800000,0.5100000,0.0073000,-0.0947000,1.2246000,1.5020349,-0.5283265,0.3893708,0.0051454,0.0010613,0.9890474,0
653,0.4900000,-0.1700000,1.3600000,-0.0644000,-0.0009000,1.2666000,1.5952571,-0.6497422,0.2930239,0.0062802,-0.0031727,0.9918327,0
654,-0.3500000,2.8700000,0.5700000,-0.0014000,0.0844000,0.7724000,1.5947746,-0.6904788,0.2840088,0.0040352,-0.0058763,1.0049234,0
655,0.8600000,-2.1200000,-0.8300000,0.0654000,0.0756000,0.7915000,1.4794055,-0.5918492,0.2889507,0.0022350,-0.0022479,1.0049486,0
656,1.4100000,-3.5900000,-0.4000000,0.0214000,0.0092000,1.0717000,1.3423994,-0.5806611,0.2389836,0.0039295,0.0051762,0.9930614,0
657,0.0000000,-0.9000000,0.4500000,-0.0322000,0.0156000,1.2758000,1.2205975,-0.7316894,0.1640404,0.0062270,0.0117229,0.9902265,0
658,-2.0600000,2.1400000,-0.0900000,-0.0410000,0.0756000,1.0620000,1.0313707,-0.8350435,0.1110317,0.0055132,0.0173096,1.0029567,0
659,-2.2500000,0.2500000,-1.3800000,-0.0039000,0.0791000,0.7763000,0.6992251,-0.7613452,0.0458224,0.0022407,0.0244406,1.0144203,0
660,-0.9000000,-2.1200000,-1.2500000,0.0385000,-0.0449000,1.0195000,0.2802100,-0.6424739,-0.0820226,-0.0002450,0.0308445,1.0132656,0
661,-1.2100000,-0.1700000,0.1400000,-0.0117000,-0.0297000,1.2480000,-0.1166748,-0.5981702,-0.2325388,-0.0005864,0.0316623,1.0127307,0
662,-2.9800000,2.6900000,0.5100000,-0.0419000,0.0336000,1.1035000,-0.4883698,-0.5170837,-0.3196303,-0.0012965,0.0282235,1.0237965,0
663,-4.3800000,0.9200000,-0.5800000,-0.0092000,0.0888000,0.7910000,-0.9194874,-0.3004286,-0.3381612,-0.0037505,0.0262872,1.0339224,0
664,-2.3700000,-0.1100000,-1.1900000,0.0122000,0.0166000,0.7880000,-1.4054960,-0.0485736,-0.3598338,-0.0059891,0.0275086,1.0271177,0
665,-0.4800000,-2.0600000,-0.3400000,-0.0268000,-0.0288000,1.1455000,-1.7970904,0.0895427,-0.4111019,-0.0071767,0.0279538,1.0107844,0
666,-1.3900000,0.0000000,-0.0300000,-0.0483000,0.0283000,1.2792000,-1.9986671,0.0859779,-0.4491160,-0.0091633,0.0257387,1.0066366,0
667,-3.7700000,2.6300000,-0.8900000,-0.0151000,0.0795000,0.9008000,-2.1085748,0.0882323,-0.4633249,-0.0124828,0.0244053,1.0155876,0
668,-2.9800000,-0.0500000,-2.2300000,0.0249000,0.0136000,0.7285000,-2.2488681,0.1872244,-0.5163541,-0.0146855,0.0256243,1.0162463,0
669,-0.2300000,-2.4300000,-1.9200000,0.0244000,-0.0493000,0.9770000,-2.3582164,0.2376811,-0.6548900,-0.0137315,0.0255004,1.0020042,0
670,0.4900000,-1.8200000,-0.8300000,-0.0009000,-0.0288000,1.2607000,-2.2981493,0.1157868,-0.8297059,-0.0105545,0.0210869,0.9915682,0
671,-1.1500000,2.5100000,-0.7000000,-0.0200000,0.0058000,1.0434000,-2.0830403,-0.0431886,-0.9611280,-0.0076168,0.0145319,0.9964337,0
672,-2.9800000,0.1300000,-1.8600000,-0.0122000,0.0649000,0.8183000,-1.8739413,-0.0748007,-1.0503460,-0.0061873,0.0101184,1.0031704,0
673,0.0000000,-1.5700000,-2.3500000,0.0170000,-0.0341000,0.8735000,-1.7320879,-0.0649661,-1.1591526,-0.0053237,0.0085135,0.9982692,0
674,0.4300000,-1.5100000,-1.1900000,0.0395000,-0.0791000,1.0737000,-1.5531779,-0.1442165,-1.2914632,-0.0031110,0.0051453,0.9880147,0
675,0.8000000,-0.3500000,0.2000000,0.0034000,-0.0068000,1.2241000,-1.2803232,-0.2826703,-1.3635508,0.0005543,-0.0014268,0.9873212,0
676,-1.2700000,2.6300000,-0.0900000,-0.0107000,0.0244000,0.9790000,-0.9872113,-0.3403250,-1.3179189,0.0035754,-0.0068989,0.9979548,0
677,-1.1500000,-0.6600000,-1.3100000,0.0175000,-0.0166000,0.7333000,-0.7779583,-0.2646081,-1.2086873,0.0052158,-0.0093441,1.0032399,0
678,1.4100000,-2.0600000,-0.9500000,0.0361000,-0.0747000,0.9814000,-0.6246376,-0.2098526,-1.1150386,0.0070619,-0.0118387,0.9948614,0
679,2.3200000,-0.7200000,0.5700000,0.0229000,-0.0625000,1.1870000,-0.3959932,-0.2683354,-1.0184220,0.0099400,-0.0170766,0.9875530,0
680,1.6500000,1.1000000,1.1200000,0.0117000,-0.0043000,1.1533000,-0.0628983,-0.3324872,-0.8483343,0.0128671,-0.0231611,0.9940820,0
681,-2.0000000,0.9200000,-0.0900000,0.0029000,0.0332000,0.8349000,0.2284872,-0.2987211,-0.6164718,0.0146989,-0.0259640,1.0053423,0
682,0.4900000,-0.9600000,-0.5200000,0.0019000,-0.0590000,0.8256000,0.3596576,-0.2133029,-0.4098082,0.0150825,-0.0256135,1.0050796,0
683,2.2600000,-1.0200000,0.8100000,0.0307000,-0.1069000,1.0512000,0.4397947,-0.1819528,-0.2507695,0.0148680,-0.0271812,0.9952105,0
684,2.2600000,-0.2900000,2.1500000,0.0336000,-0.0375000,1.2099000,0.6018666,-0.2133037,-0.0633536,0.0154821,-0.0322349,0.9920352,0
685,-0.4100000,2.1400000,2.0900000,0.0014000,0.0092000,1.0341000,0.7853927,-0.2054302,0.2065354,0.0166266,-0.0363549,1.0007827,0
686,-2.5500000,0.0600000,1.1200000,-0.0083000,-0.0400000,0.7719000,0.8177116,-0.1025400,0.5126586,0.0165892,-0.0372638,1.0073342,0
687,0.9200000,-1.8800000,1.4800000,-0.0024000,-0.0781000,0.9067000,0.6805671,-0.0206821,0.7844919,0.0148791,-0.0378435,1.0005959,0
688,2.0800000,-1.0200000,2.8300000,0.0000000,-0.0561000,1.1679000,0.5654512,-0.0613145,1.0345877,0.0123240,-0.0402423,0.9912698,0
689,1.7700000,1.2900000,3.1300000,0.0268000,0.0039000,1.1079000,0.5837678,-0.1352678,1.3181312,0.0101852,-0.0422915,0.9930271,0
690,-2.4300000,-0.1700000,1.6100000,0.0092000,0.0502000,0.9174000,0.6126851,-0.1439154,1.6089843,0.0092565,-0.0401701,1.0007614,0
691,-0.9000000,-0.9000000,0.3800000,-0.0029000,-0.0361000,0.8515000,0.5018795,-0.1368962,1.8014291,0.0087669,-0.0342129,1.0015275,0
692,0.6700000,-0.3500000,0.8700000,0.0415000,-0.0776000,1.0371000,0.3189996,-0.1679905,1.8452090,0.0086503,-0.0296441,0.9950175,0
693,0.7400000,2.2600000,1.4800000,0.0493000,0.0141000,1.1508000,0.1997814,-0.1611826,1.7973554,0.0104794,-0.0278913,0.9927790,0
694,-3.5300000,1.9000000,0.2000000,-0.0043000,0.0307000,0.9306000,0.0795564,-0.0219619,1.7032126,0.0135380,-0.0249020,0.9973319,0
695,-2.3700000,0.2500000,-0.5200000,-0.0229000,-0.0629000,0.8222000,-0.1784656,0.1958178,1.5333224,0.0147695,-0.0207314,0.9971364,0
696,0.4900000,1.2200000,0.7500000,0.0219000,-0.0673000,1.0029000,-0.4858602,0.3924622,1.2993785,0.0138065,-0.0196526,0.9887639,0
697,2.0800000,1.4100000,2.2200000,0.0341000,-0.0063000,1.1870000,-0.6301199,0.5693944,1.1092214,0.0131844,-0.0214750,0.9845981,0
698,-0.2300000,4.2200000,1.6700000,0.0004000,0.0380000,1.1152000,-0.5832529,0.8030173,1.0359281,0.0135438,-0.0217601,0.9930467,0
699,-4.4400000,2.8100000,-0.2800000,-0.0195000,0.0146000,0.7993000,-0.5629750,1.1425980,1.0117419,0.0129955,-0.0185019,1.0033758,0
700,0.2500000,0.8600000,-0.4000000,-0.0126000,-0.0273000,0.9238000,-0.6826826,1.4834918,0.9292125,0.0105717,-0.0141245,1.0024511,0
701,2.3800000,2.7500000,0.4500000,0.0185000,-0.0253000,1.0551000,-0.7359451,1.7291574,0.7889827,0.0076417,-0.0114939,0.9956762,0
702,4.0900000,3.4200000,0.6300000,0.0385000,0.0546000,1.1606000,-0.5282254,1.9442216,0.6583587,0.0064119,-0.0093514,0.9955867,0
703,-0.6600000,3.5400000,-1.0700000,-0.0068000,0.0634000,1.0058000,-0.1537446,2.1896619,0.5345478,0.0068895,-0.0042677,1.0035577,0
704,-1.6400000,2.6900000,-2.8400000,-0.0390000,-0.0380000,0.7812000,0.1214743,2.4360719,0.3248368,0.0063591,0.0022155,1.0074483,0
705,2.7500000,1.8300000,-1.9900000,-0.0043000,-0.0566000,0.9594000,0.2643287,2.6143055,-0.0112855,0.0037187,0.0048057,0.9998578,0
706,5.7400000,2.4500000,-0.5200000,0.0322000,0.0039000,1.1518000,0.5275145,2.6953333,-0.3733634,0.0014173,0.0031227,0.9920247,0
707,4.0300000,4.3400000,-0.6400000,0.0263000,0.0668000,1.0810000,1.0206544,2.7530980,-0.6492950,0.0015626,0.0021539,0.9945503,0
708,-0.4800000,2.3200000,-2.2900000,-0.0253000,0.0273000,0.8188000,1.5224481,2.8391009,-0.8562451,0.0027252,0.0046692,0.9992709,0
709,1.4700000,-0.5400000,-2.6000000,-0.0571000,-0.0341000,0.9750000,1.8131493,2.8356878,-1.0772396,0.0016171,0.0076607,0.9962036,0
710,3.8500000,2.6900000,-1.0700000,-0.0087000,-0.0219000,1.0097000,1.9806604,2.6846259,-1.3043500,-0.0021998,0.0077026,0.9900928,0
711,5.9200000,3.1800000,-0.1500000,0.0385000,0.0610000,1.1293000,2.2320386,2.5331454,-1.4434323,-0.0051941,0.0067713,0.9894539,0
712,1.7700000,1.1600000,-1.3800000,-0.0048000,0.0820000,1.0297000,2.5646087,2.4375480,-1.4719063,-0.0054219,0.0092872,0.9958762,0
713,-1.2100000,1.1000000,-2.9000000,-0.0478000,-0.0307000,0.8095000,2.7375668,2.3129700,-1.4886092,-0.0055120,0.0140569,1.0002903,0
714,1.4100000,-0.5400000,-1.9900000,-0.0146000,-0.0566000,0.9980000,2.6438390,2.1038979,-1.5639010,-0.0074366,0.0152637,0.9960025,0
715,4.2800000,1.2200000,0.0800000,0.0224000,0.0039000,1.1455000,2.4896288,1.8256992,-1.6231228,-0.0091701,0.0119999,0.9925896,0
716,2.7500000,3.3600000,0.3800000,0.0395000,0.0742000,1.0209000,2.4461858,1.6062498,-1.5598346,-0.0081454,0.0094527,0.9972198,0
717,-2.4900000,-0.4100000,-1.4400000,-0.0234000,0.0537000,0.8803000,2.3682207,1.4876978,-1.4059878,-0.0052674,0.0111969,1.0017704,0
718,-2.6100000,-1.9400000,-1.9900000,-0.0874000,-0.0463000,0.9785000,2.0307668,1.3042023,-1.2845443,-0.0049003,0.0141333,0.9997268,0
719,-0.4800000,0.4300000,-0.0300000,-0.0361000,-0.0361000,0.9863000,1.4867190,1.0042244,-1.2129188,-0.0089767,0.0133750,0.9948953,0
720,3.7900000,0.8600000,1.7900000,0.0444000,0.0678000,1.1494000,1.0227781,0.7267419,-1.0747654,-0.0131836,0.0107959,0.9942251,0
721,-1.2700000,-0.2900000,1.5400000,0.0180000,0.0996000,0.9941000,0.7601516,0.5277514,-0.7975965,-0.0134027,0.0122732,0.9998665,0
722,-4.9900000,-2.0000000,-0.0900000,-0.0781000,-0.0161000,0.8032000,0.4555383,0.3231891,-0.4597617,-0.0124204,0.0172736,1.0023064,0
723,-3.2800000,-3.8900000,0.0200000,-0.0830000,-0.0610000,1.0385000,-0.0682322,0.0017479,-0.1784415,-0.0152350,0.0192215,0.9964358,0
724,0.8600000,-0.8400000,1.7300000,-0.0146000,0.0058000,1.0942000,-0.6133631,-0.4178347,0.0500586,-0.0210119,0.0162696,0.9924430,0
725,1.7100000,0.7400000,2.5800000,0.0678000,0.0927000,1.0346000,-0.9106975,-0.7503712,0.3142912,-0.0239206,0.0139390,0.9957410,0
726,-5.0500000,-3.4700000,0.3800000,-0.0478000,-0.0131000,0.8256000,-1.0436981,-0.9602000,0.6045152,-0.0223944,0.0149014,0.9979775,0
727,-5.0500000,-5.0500000,0.5700000,-0.1098000,-0.0654000,1.0581000,-1.3150749,-1.2435757,0.8206140,-0.0223800,0.0143436,0.9944310,0
728,-0.6000000,-1.2700000,2.5800000,-0.0273000,-0.0014000,1.1425000,-1.6997913,-1.6234556,0.9756284,-0.0264915,0.0099155,0.9942968,0
729,0.9800000,1.3500000,3.5000000,0.0571000,0.0830000,0.9531000,-1.9158190,-1.8619946,1.1820409,-0.0291552,0.0065762,1.0006176,0
730,-3.7100000,-4.3200000,2.0300000,0.0126000,0.0625000,0.8847000,-1.9476602,-1.9234424,1.4526344,-0.0265231,0.0084672,1.0032843,0
731,-6.0900000,-6.3300000,0.8100000,-0.1113000,-0.0957000,0.9946000,-2.0632640,-2.0818707,1.6775826,-0.0232868,0.0112551,0.9990492,0
732,-2.3700000,-2.0000000,1.9100000,-0.0639000,-0.0913000,1.0693000,-2.3383797,-2.3974174,1.7987509,-0.0248413,0.0077167,0.9952687,0
733,2.1400000,-0.6000000,3.7400000,0.0927000,0.0317000,1.1015000,-2.5015000,-2.6267121,1.9000604,-0.0267829,-0.0001252,0.9979377,0
734,0.2500000,-1.2100000,3.1300000,0.0839000,0.1166000,0.9267000,-2.3617832,-2.6513254,2.0638407,-0.0217514,-0.0033631,1.0038117,0
735,-4.8100000,-4.3800000,0.3800000,-0.0556000,-0.0146000,0.8466000,-2.1260263,-2.6027380,2.2115513,-0.0126620,-0.0001428,1.0032863,0
736,-4.1400000,-6.3900000,-0.4600000,-0.1142000,-0.0717000,1.0590000,-2.0753585,-2.6910533,2.1975101,-0.0086572,0.0022494,0.9962366,0
737,1.1000000,-0.4700000,0.7500000,-0.0209000,-0.0278000,1.1357000,-2.1169415,-2.8855826,2.0161887,-0.0115166,-0.0001286,0.9940319,0
738,3.9100000,1.2200000,1.6100000,0.1049000,0.0571000,0.9506000,-1.9339853,-2.9012448,1.7911515,-0.0134516,-0.0030532,0.9987408,0
739,0.1900000,-4.0800000,0.3200000,0.0766000,0.0610000,0.9248000,-1.4783229,-2.7205987,1.5890917,-0.0082799,-0.0017234,1.0010929,0
740,-4.5000000,-4.9300000,-1.3100000,-0.0961000,-0.1005000,0.9545000,-1.0715418,-2.6245755,1.3507215,-0.0010443,0.0008465,0.9975871,0
741,-0.7800000,-2.6700000,-0.6400000,-0.0952000,-0.1298000,1.0903000,-0.9171710,-2.6857343,1.0302892,-0.0005534,-0.0029918,0.9940082,0
742,5.3700000,0.6800000,0.9900000,0.0747000,0.0034000,1.0668000,-0.7583430,-2.7018038,0.7098793,-0.0044478,-0.0123769,0.9962491,0
743,4.8200000,0.1900000,0.8100000,0.1420000,0.0869000,0.9243000,-0.2987259,-2.5175581,0.4905362,-0.0026478,-0.0181267,1.0009639,0
744,-1.4500000,-3.6500000,-1.2500000,0.0151000,-0.0083000,0.8378000,0.2923783,-2.2491637,0.3377670,0.0062265,-0.0169662,0.9989538,0
745,-2.0600000,-6.0900000,-2.1700000,-0.1323000,-0.0927000,1.1049000,0.6451845,-2.1614458,0.1351325,0.0122191,-0.0153087,0.9918201,0
746,1.6500000,-0.2300000,-1.3800000,-0.0537000,-0.0478000,1.1508000,0.7409006,-2.2540903,-0.1456642,0.0089917,-0.0178661,0.9918865,0
747,6.1100000,2.8700000,-0.2200000,0.1303000,0.0478000,0.8999000,0.8903819,-2.2063359,-0.4174813,0.0040023,-0.0208927,0.9987344,0
748,2.9300000,-2.7900000,-1.2500000,0.1313000,0.0693000,0.8798000,1.2521251,-1.9438392,-0.6199298,0.0072730,-0.0188037,0.9998219,0
749,-2.4900000,-5.4200000,-2.9600000,-0.0620000,-0.1176000,0.9863000,1.5739324,-1.7826089,-0.8140428,0.0154320,-0.0145716,0.9934202,0
750,-1.0200000,-2.4900000,-2.4700000,-0.1059000,-0.1611000,1.1806000,1.5922287,-1.8597444,-1.0667463,0.0174449,-0.0172540,0.9905057,0
751,3.4800000,1.9600000,-0.6400000,0.0717000,0.0048000,1.0917000,1.4549662,-1.9293193,-1.3146347,0.0132756,-0.0263246,0.9982199,0
752,5.0100000,2.3800000,-0.0300000,0.1875000,0.0820000,0.8217000,1.4699632,-1.7424347,-1.4439242,0.0140539,-0.0314230,1.0070399,0
753,-0.7800000,-3.7100000,-1.7400000,0.0678000,0.0053000,0.8764000,1.6169546,-1.4221493,-1.4598522,0.0237569,-0.0286721,1.0043287,0
754,-4.2000000,-5.4800000,-2.9000000,-0.1259000,-0.1064000,1.1616000,1.5662698,-1.3137646,-1.4815271,0.0320320,-0.0248816,0.9969421,0
755,-0.9000000,1.4100000,-1.9200000,-0.0639000,-0.0644000,1.1962000,1.2054988,-1.4050181,-1.5664008,0.0297873,-0.0259124,1.0003994,0
756,4.0300000,5.2500000,-0.1500000,0.1518000,0.0629000,0.8803000,0.8377116,-1.2986577,-1.6333746,0.0239082,-0.0279523,1.0113068,0
757,1.2200000,-0.4100000,-0.6400000,0.1752000,0.0893000,0.8593000,0.7028331,-0.8951590,-1.6025522,0.0265496,-0.0239885,1.0137007,0
758,-4.6900000,-3.9500000,-2.0500000,-0.1298000,-0.1210000,1.1699000,0.5956159,-0.5548232,-1.5239358,0.0335899,-0.0170991,1.0094921,0
759,-2.3100000,1.6500000,-0.8900000,-0.1005000,-0.0839000,1.2104000,0.2687313,-0.4257327,-1.4641613,0.0316934,-0.0160588,1.0142546,0
760,3.9700000,6.6000000,0.7500000,0.1372000,0.0390000,0.8647000,-0.0697500,-0.1892437,-1.3700605,0.0240429,-0.0191183,1.0253098,0
761,2.3200000,-0.0500000,0.5700000,0.2036000,0.0805000,0.7968000,-0.1215694,0.2748653,-1.1759487,0.0247863,-0.0180464,1.0250770,0
762,-3.8300000,-3.6500000,-0.6400000,-0.0185000,-0.0664000,0.9897000,-0.0490393,0.6076791,-0.9318826,0.0338337,-0.0132262,1.0118271,0
763,-4.1400000,-1.5700000,-0.3400000,-0.1606000,-0.1005000,1.2456000,-0.1889729,0.5931691,-0.7215766,0.0370388,-0.0121409,1.0028170,0
764,1.8900000,4.9500000,1.1200000,0.0043000,0.0234000,1.0957000,-0.4687906,0.4992584,-0.5327465,0.0293830,-0.0153699,1.0083921,0
765,4.7600000,5.3700000,2.0300000,0.1743000,0.0869000,0.7138000,-0.5222258,0.6740636,-0.2899149,0.0225603,-0.0155393,1.0143221,0
766,0.5500000,-2.5500000,0.6300000,0.1000000,0.0395000,0.8666000,-0.2743472,0.9959207,0.0057997,0.0254680,-0.0096459,1.0047220,0
767,-3.1000000,-3.7100000,-0.0300000,-0.1386000,-0.1176000,1.2041000,-0.0379006,1.0532518,0.2604625,0.0300206,-0.0041213,0.9911785,0
768,-0.9600000,1.7700000,0.8700000,-0.1328000,-0.0512000,1.2519000,-0.0159615,0.8407262,0.4317872,0.0243029,-0.0052055,0.9937789,0
769,5.4300000,7.5100000,2.3400000,0.1123000,0.0805000,0.8261000,0.0076256,0.7842960,0.5883172,0.0128212,-0.0082844,1.0066710,0
770,4.5800000,0.8000000,2.1500000,0.1879000,0.0825000,0.7377000,0.3129477,1.0383657,0.7960883,0.0100447,-0.0057314,1.0072096,0
771,-1.0200000,-4.4400000,1.1200000,-0.0356000,-0.0263000,1.0600000,0.7561577,1.2116874,1.0212370,0.0165448,0.0007686,0.9941527,0
772,-2.9200000,-1.0200000,1.0600000,-0.2138000,-0.0825000,1.3002000,0.9720346,1.0427500,1.1930514,0.0174344,0.0038192,0.9894195,0
773,1.8900000,5.2500000,1.7900000,-0.0395000,0.0600000,1.0781000,0.9325864,0.8259314,1.3084222,0.0065085,0.0028320,1.0020654,0
774,6.1700000,5.3700000,2.4600000,0.1718000,0.1303000,0.6645000,0.9735544,0.9187625,1.4198972,-0.0034517,0.0053414,1.0124380,0
775,1.4700000,-1.5100000,1.1200000,0.1030000,0.0585000,0.8579000,1.2369292,1.1952997,1.5345794,-0.0013865,0.0141353,1.0033301,0
776,-3.8900000,-4.5600000,0.2000000,-0.1665000,-0.0795000,1.2636000,1.4113134,1.2322505,1.5832615,0.0042930,0.0220097,0.9900695,0
777,-2.0600000,1.9000000,0.3200000,-0.1933000,-0.0249000,1.3081000,1.2416815,0.9816302,1.5242483,-0.0009106,0.0227734,0.9962843,0
778,3.5400000,8.3000000,1.3600000,0.0771000,0.0952000,0.7539000,0.9433666,0.8934653,1.4081354,-0.0137345,0.0207489,1.0132956,0
779,4.8200000,1.1600000,1.0600000,0.1914000,0.1074000,0.7109000,0.8738783,1.1599844,1.3028876,-0.0177971,0.0232644,1.0136342,0
780,-1.8200000,-4.5000000,-0.5200000,-0.0136000,-0.0092000,1.0771000,0.9872572,1.3606415,1.1901681,-0.0100097,0.0290499,0.9977499,0
781,-5.1100000,-1.3300000,-0.7700000,-0.2255000,-0.0659000,1.3471000,0.9017356,1.1958638,1.0072024,-0.0054422,0.0308907,0.9920049,0
782,-0.9000000,6.3500000,-0.4000000,-0.0620000,0.0576000,1.1318000,0.5145678,0.9778479,0.7595399,-0.0126516,0.0279147,1.0070999,0
783,2.8700000,6.7200000,0.0800000,0.1586000,0.1191000,0.5722000,0.1437834,1.1227773,0.5097605,-0.0200929,0.0271457,1.0198840,0
784,1.5300000,-1.7000000,-1.0700000,0.1171000,0.0297000,0.8027000,0.0223606,1.4888395,0.2823041,-0.0157742,0.0310089,1.0079870,0
785,-3.9500000,-4.0800000,-1.5600000,-0.1479000,-0.1113000,1.3388000,-0.0175453,1.5887471,0.0410443,-0.0068188,0.0323451,0.9900029,0
786,-4.5600000,2.8700000,-1.3800000,-0.1977000,-0.0629000,1.3627000,-0.2612407,1.3848107,-0.2288496,-0.0080869,0.0254664,0.9962021,0
787,0.1200000,9.4000000,-0.2800000,0.0766000,0.0712000,0.7363000,-0.6566284,1.3648912,-0.4759457,-0.0176234,0.0156770,1.0165599,0
788,3.7300000,2.3200000,0.0200000,0.2011000,0.0917000,0.5937000,-0.8693109,1.7242693,-0.6347469,-0.0191788,0.0115775,1.0168184,0
789,-1.4500000,-4.9300000,-1.0700000,-0.0004000,-0.0234000,1.1123000,-0.8127693,1.9992000,-0.7119120,-0.0090279,0.0126615,0.9962728,0
790,-6.2100000,-0.7200000,-1.3100000,-0.2338000,-0.0766000,1.4096000,-0.8192622,1.8490359,-0.7730976,-0.0024651,0.0117029,0.9879723,0
791,-3.2800000,6.4700000,-1.2500000,0.0546000,0.0771000,0.7377000,-1.1020421,1.6061969,-0.8494453,-0.0063604,0.0081497,0.9970548,0
792,2.6300000,2.8100000,-1.0100000,0.1982000,0.1049000,0.5512000,-1.3985178,1.6232733,-0.9269740,-0.0068696,0.0088814,0.9917934,0
793,-1.5700000,-4.9300000,-1.9900000,0.0117000,-0.0449000,1.0776000,-1.4680811,1.6476191,-1.0078686,0.0026482,0.0134973,0.9673421,0
794,-6.4000000,-1.5700000,-1.7400000,-0.2299000,-0.1328000,1.4233000,-1.5335356,1.3577557,-1.1139460,0.0083731,0.0130097,0.9568886,0
795,-3.8300000,6.0500000,-1.1900000,-0.0986000,-0.0419000,1.1230000,-1.8178380,1.0222098,-1.2262470,0.0003925,0.0045744,0.9746788,0
796,1.0400000,6.4700000,-0.0900000,0.1630000,0.0717000,0.5502000,-2.1156280,1.0663065,-1.2843137,-0.0100614,-0.0041131,0.9925310,0
797,2.0800000,-1.3900000,-0.0900000,0.1528000,0.0156000,0.7358000,-2.1300329,1.3623951,-1.2477032,-0.0083221,-0.0070027,0.9836778,0
798,-3.3400000,-6.2100000,-0.7700000,-0.1132000,-0.1064000,1.3149000,-1.9308035,1.3922360,-1.1448774,0.0005996,-0.0083636,0.9659897,0
799,-5.0500000,0.8000000,-1.0700000,-0.2016000,-0.0634000,1.3940000,-1.8417238,1.0382468,-1.0411831,0.0007465,-0.0137983,0.9726329,0
800,-1.4500000,7.0200000,-0.7000000,0.0380000,0.0380000,0.7534000,-1.9356817,0.7762103,-0.9635377,-0.0088272,-0.0200957,0.9962895,0
801,3.6000000,1.1000000,-0.5800000,0.2094000,0.0625000,0.5366000,-1.9278044,0.8659259,-0.8975896,-0.0125752,-0.0210119,1.0004608,0
802,1.1600000,-6.1500000,-0.8900000,0.0742000,-0.0463000,1.0805000,-1.6291090,0.9155583,-0.8384165,-0.0033045,-0.0175678,0.9811500,0
803,-4.1400000,-3.1600000,-0.1500000,-0.1679000,-0.1284000,1.4340000,-1.2709199,0.5854430,-0.7835221,0.0067206,-0.0171309,0.9729222,0
804,-2.0000000,4.6400000,0.4500000,-0.0805000,-0.0605000,1.1337000,-1.1222576,0.1694396,-0.7002341,0.0057398,-0.0227768,0.9915548,0
805,0.3100000,4.0900000,0.3800000,0.1455000,0.0566000,0.5483000,-1.0940108,0.0940747,-0.5678708,0.0009663,-0.0284401,1.0091981,0
806,4.5200000,-1.5700000,0.6300000,0.1674000,-0.0083000,0.7436000,-0.9249472,0.2641198,-0.4004070,0.0054168,-0.0288959,0.9991672,0
807,-0.2300000,-5.0500000,0.9300000,-0.0405000,-0.1245000,1.3315000,-0.5590535,0.2696191,-0.2092235,0.0166686,-0.0285640,0.9800880,0
808,-3.4100000,0.5500000,1.3000000,-0.1699000,-0.0654000,1.3588000,-0.2664222,0.0281596,0.0063160,0.0208689,-0.0325374,0.9848230,0
809,-0.7800000,6.1700000,1.4200000,-0.0004000,0.0131000,0.8295000,-0.2145927,-0.0843780,0.2434578,0.0142406,-0.0373360,1.0067242,0
810,3.3000000,1.9000000,1.8500000,0.1860000,0.0556000,0.5498000,-0.1976521,0.1472573,0.4962907,0.0091528,-0.0370850,1.0115464,0
811,3.2400000,-4.2000000,1.8500000,0.0737000,-0.0097000,1.0346000,0.0110462,0.3998683,0.7585577,0.0140976,-0.0316432,0.9928992,0
812,-2.5500000,-3.2800000,1.4200000,-0.1694000,-0.0776000,1.4194000,0.2892106,0.3333426,1.0058066,0.0194301,-0.0264426,0.9822814,0
813,-1.2100000,3.9100000,0.8100000,-0.1210000,-0.0410000,1.1508000,0.3827225,0.1263266,1.1940387,0.0135350,-0.0251181,0.9974644,0
814,-0.0500000,3.9700000,0.2600000,0.1079000,0.0737000,0.5957000,0.3111325,0.1543178,1.2851154,0.0025716,-0.0239760,1.0137662,0
815,4.8200000,-1.2100000,0.2600000,0.1499000,0.0234000,0.7050000,0.3107165,0.3735601,1.2722225,0.0002480,-0.0187106,1.0039801,0
816,2.0200000,-5.3000000,0.3200000,-0.0278000,-0.0922000,1.3183000,0.5186566,0.4088495,1.1838432,0.0063675,-0.0132622,0.9838077,0
817,-2.7900000,0.0000000,0.5700000,-0.1542000,-0.0419000,1.3691000,0.7322599,0.1614536,1.0615813,0.0085778,-0.0127773,0.9864441,0
818,-2.0000000,5.8600000,-0.1500000,-0.0297000,0.0415000,0.8247000,0.6987662,0.0010624,0.9241972,0.0019577,-0.0141412,1.0069214,0
819,2.2600000,1.4700000,-0.8300000,0.1528000,0.0400000,0.5771000,0.5301730,0.1630095,0.7505951,-0.0036664,-0.0122511,1.0113769,0
820,3.7900000,-3.5900000,-0.4600000,0.0678000,-0.0097000,0.9956000,0.5061809,0.3584137,0.5333679,-0.0000763,-0.0078094,0.9927249,0
821,-1.2700000,-2.9800000,-0.2800000,-0.1035000,-0.0419000,1.4609000,0.6222448,0.2804195,0.3104324,0.0059458,-0.0047611,0.9819334,0
822,-2.5500000,3.3600000,-0.7000000,-0.1157000,0.0058000,1.1069000,0.6205870,0.0835547,0.1079709,0.0042112,-0.0041849,0.9970350,0
823,-0.8400000,3.1800000,-1.1300000,0.0551000,0.0512000,0.6518000,0.4248688,0.0895597,-0.0869861,-0.0028589,-0.0030595,1.0135158,0
824,2.9300000,-1.1500000,-0.6400000,0.0869000,-0.0058000,0.9394000,0.2391051,0.2583309,-0.2773342,-0.0055289,-0.0000353,1.0099439,0
825,0.1900000,-3.4700000,0.3800000,-0.0800000,-0.0434000,1.4399000,0.2053915,0.2938041,-0.4179043,-0.0038067,0.0018307,1.0062617,0
826,-3.4100000,2.6900000,-0.0300000,-0.1132000,0.0185000,1.1538000,0.1652610,0.1845023,-0.4726800,-0.0061379,0.0013923,1.0229383,0
827,-2.1200000,3.4200000,-1.1900000,0.0346000,0.0600000,0.6132000,-0.0494821,0.2066241,-0.4873110,-0.0125986,0.0020757,1.0390352,0
828,2.1400000,-1.0800000,-1.9200000,0.1162000,0.0068000,0.7622000,-0.2938923,0.3739176,-0.5445082,-0.0142801,0.0052654,1.0289996,0
829,2.4400000,-4.2000000,-1.0100000,0.0205000,-0.0502000,1.2319000,-0.3346522,0.3921283,-0.6587530,-0.0084374,0.0073580,1.0075711,0
830,-2.0600000,0.3100000,-0.1500000,-0.0952000,-0.0024000,1.3383000,-0.2342964,0.1881423,-0.7612451,-0.0027672,0.0061811,1.0045528,0
831,-2.4300000,3.0600000,-0.9500000,-0.0400000,0.0546000,0.9042000,-0.2336539,0.0317581,-0.8112136,-0.0031238,0.0049217,1.0185729,0
832,-0.5400000,0.4900000,-1.3800000,0.0478000,0.0419000,0.6499000,-0.3642935,0.0678865,-0.8469793,-0.0056602,0.0067049,1.0219878,0
833,2.3800000,-1.8200000,-0.8300000,0.0502000,0.0024000,0.9721000,-0.4415086,0.1301890,-0.8930554,-0.0047073,0.0101378,1.0058650,0
834,-0.1100000,-2.8500000,-0.0900000,-0.0507000,-0.0327000,1.3691000,-0.3730201,0.0391881,-0.9137251,-0.0017600,0.0118062,0.9943143,0
835,-3.6500000,2.0200000,-0.2800000,-0.1010000,0.0512000,1.1157000,-0.3290531,-0.1327821,-0.8794865,-0.0027850,0.0116908,1.0039519,0
836,-2.5500000,2.2600000,-0.8900000,0.0097000,0.0048000,0.6904000,-0.4744512,-0.1631210,-0.8178037,-0.0080989,0.0121738,1.0156578,0
837,0.9200000,-1.9400000,-0.5200000,0.0737000,-0.0161000,0.8017000,-0.6868409,-0.0770914,-0.7643614,-0.0110150,0.0124034,1.0078130,0
838,1.2800000,-2.6700000,0.6300000,0.0122000,-0.0566000,1.1157000,-0.7564336,-0.1018807,-0.6947907,-0.0086003,0.0098672,0.9902949,0
839,-0.9000000,-1.5700000,1.6100000,-0.0610000,-0.0219000,1.3447000,-0.6884849,-0.2873328,-0.5471606,-0.0056156,0.0044114,0.9874268,0
840,-3.5900000,1.3500000,0.8100000,-0.0512000,0.0590000,0.9321000,-0.6721402,-0.4727621,-0.3149340,-0.0064837,-0.0002736,1.0014028,0
841,-0.6000000,0.1300000,0.0800000,0.0380000,-0.0019000,0.5908000,-0.7819858,-0.5284039,-0.0742194,-0.0090381,-0.0013645,1.0062310,0
842,3.1800000,-3.8300000,0.6900000,0.0493000,-0.0190000,0.9550000,-0.8219500,-0.5662264,0.1194640,-0.0084620,-0.0012275,0.9901234,0
843,2.5100000,-4.4400000,1.3000000,-0.0273000,-0.0224000,1.4121000,-0.6154616,-0.7853949,0.2895162,-0.0052177,-0.0022922,0.9788369,0
844,-2.4900000,0.9200000,1.1800000,-0.0576000,0.0561000,1.1044000,-0.3189118,-1.0996483,0.4650943,-0.0039811,-0.0029455,0.9910441,0
845,-2.0600000,-0.2300000,-0.0300000,-0.0063000,-0.0004000,0.6752000,-0.1940774,-1.2696926,0.6132416,-0.0058565,-0.0013325,1.0055393,0
846,0.8600000,-3.4000000,-0.0900000,0.0278000,-0.0288000,0.8012000,-0.2139032,-1.3357971,0.6796781,-0.0074404,0.0003413,0.9994489,0
847,2.8100000,-4.1400000,1.1800000,0.0219000,-0.0615000,1.1357000,-0.1598289,-1.4952154,0.6871672,-0.0064286,-0.0010126,0.9838041,0
848,0.6100000,-1.0800000,2.4000000,-0.0332000,0.0083000,1.3525000,0.0300823,-1.7336064,0.7305572,-0.0044920,-0.0046816,0.9836088,0
849,-4.2000000,0.5500000,1.3600000,-0.0351000,0.0659000,0.9213000,0.1460514,-1.8627117,0.8471092,-0.0044878,-0.0062368,1.0001039,0
850,-1.8800000,-1.9400000,0.4500000,-0.0019000,-0.0175000,0.6479000,0.0144894,-1.8344355,0.9656731,-0.0062393,-0.0042710,1.0075216,0
851,1.6500000,-3.7700000,0.9900000,0.0122000,-0.0478000,0.9960000,-0.1977781,-1.8115259,1.0294093,-0.0073977,-0.0030066,0.9958711,0
852,2.5700000,-2.7900000,1.9700000,0.0039000,-0.0107000,1.2890000,-0.2378954,-1.8977296,1.0759575,-0.0070161,-0.0044404,0.9873029,0
853,-1.2700000,0.2500000,1.5400000,-0.0034000,0.0683000,1.1738000,-0.1336535,-1.9833239,1.1493152,-0.0058744,-0.0050213,0.9978459,0
854,-4.5600000,-0.2900000,-0.4000000,-0.0009000,0.0131000,0.7329000,-0.1470387,-1.9307077,1.1974225,-0.0047465,-0.0021990,1.0122016,0
855,-0.7800000,-2.8500000,-0.7000000,-0.0009000,-0.0512000,0.8657000,-0.3681423,-1.8057270,1.1328864,-0.0037644,0.0006574,1.0104932,0
856,1.1000000,-2.1200000,0.0800000,0.0151000,-0.0478000,1.0991000,-0.5811918,-1.7433862,0.9659440,-0.0025830,-0.0003169,0.9997862,0
857,1.7700000,0.0000000,0.5700000,0.0063000,0.0566000,1.1557000,-0.6070764,-1.7057427,0.7818801,-0.0009029,-0.0027278,0.9973467,0
858,-4.4400000,0.3100000,-1.4400000,-0.0131000,-0.0117000,0.7597000,-0.5708923,-1.5809226,0.5966010,0.0005404,-0.0029764,0.9994135,0
859,-1.5700000,-2.6700000,-1.1900000,-0.0161000,-0.0620000,0.8652000,-0.6761474,-1.4150390,0.3595531,0.0006996,-0.0034752,0.9915538,0
860,1.2800000,-0.9600000,0.3800000,0.0102000,-0.0302000,1.1381000,-0.8158609,-1.3152737,0.1095512,0.0000406,-0.0068477,0.9797246,0
861,1.5900000,1.3500000,1.1200000,0.0463000,0.0317000,1.2036000,-0.7881103,-1.2106987,-0.0457310,0.0006309,-0.0102822,0.9806954,0
862,-3.5300000,-0.4100000,-0.5800000,0.0180000,0.0864000,0.9653000,-0.6883233,-1.0196588,-0.1006777,0.0033849,-0.0092569,0.9931234,0
863,-3.5900000,-0.6600000,-2.6000000,-0.0283000,-0.0444000,0.7700000,-0.7509847,-0.8178332,-0.1808502,0.0059638,-0.0046403,0.9997226,0
864,-0.8400000,-0.0500000,-2.4100000,-0.0234000,-0.0771000,0.9580000,-0.9628063,-0.6584411,-0.3822234,0.0058935,-0.0029033,0.9931986,0
865,3.1200000,0.1900000,-1.3100000,0.0507000,-0.0019000,1.2172000,-1.0644921,-0.5147674,-0.6559968,0.0048849,-0.0055828,0.9876167,0
866,-1.0900000,1.7700000,-1.6200000,0.0541000,0.0683000,1.0810000,-0.9576349,-0.3390939,-0.9124378,0.0064986,-0.0071059,0.9945390,0
867,-3.5900000,0.4900000,-2.9000000,-0.0004000,-0.0073000,0.7915000,-0.8653926,-0.1144331,-1.1532284,0.0101948,-0.0049532,1.0028456,0
868,-1.3900000,-2.0000000,-2.6600000,-0.0419000,-0.1083000,0.9355000,-0.9307182,0.0539088,-1.4174573,0.0119753,-0.0042712,0.9999010,0
869,2.0800000,0.6100000,-1.1900000,-0.0009000,-0.0717000,1.0551000,-0.9840047,0.0993027,-1.6620362,0.0104461,-0.0094274,0.9923490,0
870,4.4000000,2.8700000,-0.1500000,0.0805000,0.0161000,1.1542000,-0.7951338,0.1624131,-1.7896128,0.0093652,-0.0167086,0.9921348,0
871,-1.0900000,0.3100000,-1.2500000,0.0708000,0.0668000,0.9853000,-0.4135092,0.3235970,-1.7826969,0.0125569,-0.0194879,0.9996343,0
872,-1.3300000,-1.0200000,-2.1700000,-0.0102000,-0.0468000,0.8471000,-0.1176609,0.4505828,-1.7318530,0.0178509,-0.0176383,1.0039092,0
873,0.6100000,0.5500000,-1.1900000,-0.0327000,-0.0952000,0.9624000,0.0184723,0.4721302,-1.6962836,0.0201676,-0.0174852,0.9991450,0
874,5.1300000,0.8600000,0.3200000,0.0395000,-0.0195000,1.1518000,0.2051161,0.4669001,-1.6221555,0.0193083,-0.0211378,0.9946258,0
875,2.8100000,2.8100000,0.6300000,0.0747000,0.0771000,1.0805000,0.5830831,0.5280615,-1.4426933,0.0196361,-0.0229291,0.9991181,0
876,-1.7000000,0.9800000,-0.8900000,0.0429000,-0.0170000,0.8710000,0.9604062,0.6746885,-1.1978408,0.0229243,-0.0198722,1.0057614,0
877,-1.0900000,-0.6600000,-0.6400000,-0.0170000,-0.0937000,0.9604000,1.0915102,0.7970704,-0.9805269,0.0260736,-0.0173314,1.0051991,0
878,1.5300000,2.5100000,0.9900000,-0.0078000,-0.0576000,1.0302000,1.0407132,0.8551098,-0.7860815,0.0260208,-0.0195715,1.0008460,0
879,5.5000000,4.1500000,2.0900000,0.1035000,0.0312000,1.1215000,1.0745532,0.9945490,-0.5293390,0.0253206,-0.0230047,1.0008441,0
880,-0.6600000,1.6500000,1.1800000,0.0732000,0.0849000,1.0048000,1.2483235,1.2543217,-0.1946239,0.0283081,-0.0215571,1.0063582,0
881,-2.9200000,0.9800000,0.1400000,-0.0371000,-0.0371000,0.8559000,1.2847942,1.4894661,0.1278637,0.0322238,-0.0156052,1.0091229,0
882,-2.0600000,1.2200000,0.8700000,-0.0864000,-0.0976000,0.9746000,1.0330592,1.6176250,0.3712141,0.0303912,-0.0122796,1.0039614,0
883,4.1500000,3.2400000,2.5200000,0.0156000,0.0029000,1.1088000,0.7305784,1.7036258,0.5858332,0.0228722,-0.0137674,0.9986036,0
884,2.0200000,3.8500000,3.0100000,0.1015000,0.0874000,1.0620000,0.6437806,1.8538872,0.8555611,0.0171424,-0.0137040,1.0003848,0
885,-3.1000000,1.4100000,1.1800000,0.0532000,-0.0039000,0.8461000,0.6386199,2.0493580,1.1550316,0.0175491,-0.0090719,1.0030809,0
886,-3.8300000,-1.3300000,0.6300000,-0.0673000,-0.0712000,1.0131000,0.4231398,2.1173367,1.3748100,0.0192239,-0.0052036,0.9998891,0
887,-0.9600000,2.6300000,1.3000000,-0.0659000,-0.0605000,1.0585000,0.0155719,2.0185570,1.4804338,0.0157954,-0.0064580,0.9964612,0
888,4.2800000,5.2500000,2.4600000,0.0795000,0.0546000,1.0063000,-0.2765958,1.9774122,1.5435218,0.0099257,-0.0095071,0.9972864,0
889,-0.1100000,0.4300000,1.3600000,0.0771000,0.1083000,0.9951000,-0.2913338,2.0645019,1.6122188,0.0087819,-0.0075458,0.9993631,0
890,-3.4100000,-0.6600000,0.1400000,-0.1079000,-0.0756000,1.0083000,-0.2643279,2.0639628,1.6336062,0.0098694,-0.0017535,1.0008426,0
891,-1.1500000,1.8300000,1.2400000,-0.1113000,-0.0732000,1.0776000,-0.3880469,1.9166902,1.5739298,0.0047532,-0.0002294,1.0035173,0
892,4.7000000,4.7000000,2.3400000,0.0605000,0.0380000,0.9750000,-0.4565053,1.8229043,1.5088306,-0.0043325,-0.0029288,1.0077317,0
893,1.0400000,-0.4700000,1.4800000,0.1083000,0.0927000,0.9360000,-0.2771641,1.8324113,1.4944865,-0.0074417,-0.0025068,1.0090824,0
894,-2.8600000,-2.5500000,-0.2200000,-0.0415000,-0.0346000,0.9335000,-0.0611510,1.7156056,1.4672530,-0.0041063,0.0017569,1.0048108,0
895,-1.5100000,-1.1500000,-0.4600000,-0.1235000,-0.0932000,1.0981000,-0.0420142,1.3679113,1.3435657,-0.0036095,0.0029505,0.9996985,0
896,1.9600000,1.7100000,0.1400000,-0.0356000,0.0322000,1.0776000,-0.1050925,0.9719662,1.1362220,-0.0095099,-0.0003127,1.0006073,0
897,3.8500000,3.3000000,0.6300000,0.0844000,0.1103000,0.8974000,-0.0113835,0.7518092,0.9210026,-0.0147454,-0.0007437,1.0041679,0
898,-0.6600000,-1.8200000,-0.8300000,0.0419000,0.0317000,0.8823000,0.2303817,0.6805567,0.7204316,-0.0134020,0.0047534,1.0011902,0
899,-3.1000000,-4.6900000,-1.1300000,-0.1386000,-0.0512000,1.1020000,0.3554833,0.4791681,0.4905402,-0.0108694,0.0103573,0.9944452,0
900,-1.0200000,1.1600000,-0.4000000,-0.1469000,-0.0776000,1.0751000,0.2489033,0.1098769,0.2336012,-0.0160477,0.0101410,0.9938070,0
901,5.5600000,3.7900000,0.3800000,0.0405000,0.0327000,0.9477000,0.1689878,-0.1072770,0.0189178,-0.0259504,0.0056991,0.9979098,0
902,2.3200000,-0.8400000,-0.3400000,0.1040000,0.1088000,0.9389000,0.3535939,-0.0792724,-0.1198878,-0.0294516,0.0043325,0.9988896,0
903,-2.1200000,-2.9200000,-1.7400000,-0.0283000,-0.0332000,0.9125000,0.6058595,-0.0712110,-0.2402500,-0.0249088,0.0074681,0.9943453,0
904,-2.0600000,-2.9200000,-1.7400000,-0.1533000,-0.0678000,1.1523000,0.6390478,-0.2531204,-0.4098079,-0.0221211,0.0083691,0.9902021,0
905,1.8900000,1.9600000,-0.8300000,-0.0834000,0.0200000,1.0756000,0.5216336,-0.4860212,-0.6071373,-0.0269570,0.0052862,0.9942104,0
906,5.3100000,3.4800000,-0.4000000,0.0830000,0.1035000,0.8549000,0.5456113,-0.5063752,-0.7612381,-0.0326547,0.0044046,1.0004274,0
907,0.3100000,-2.6100000,-2.0500000,0.0620000,0.0654000,0.9028000,0.7746274,-0.3520244,-0.8728248,-0.0307817,0.0093578,0.9981184,0
908,-2.8600000,-4.6200000,-2.6600000,-0.1157000,-0.0556000,1.1440000,0.9209346,-0.3524821,-1.0180710,-0.0252740,0.0153716,0.9928624,0
909,-1.5100000,0.3100000,-2.1700000,-0.1538000,-0.0805000,1.1181000,0.8018102,-0.5562216,-1.2210350,-0.0262022,0.0154572,0.9962686,0
910,5.0100000,3.9100000,-1.5000000,0.0546000,0.0087000,0.8803000,0.6435249,-0.6440146,-1.4238249,-0.0320973,0.0100951,1.0039846,0
911,3.6000000,-0.8400000,-1.4400000,0.1469000,0.0844000,0.8842000,0.7335213,-0.5021771,-1.5722549,-0.0312452,0.0062729,1.0038515,0
912,-0.8400000,-3.6500000,-1.9900000,0.0146000,-0.0668000,0.9633000,0.9606623,-0.3993861,-1.6690770,-0.0208983,0.0055408,0.9956643,0
913,-2.4900000,-3.2800000,-1.0700000,-0.1464000,-0.1054000,1.2021000,1.0177186,-0.5307290,-1.7274323,-0.0119871,0.0015213,0.9910209,0
914,0.1200000,2.0800000,0.1400000,-0.1103000,-0.0219000,1.0693000,0.8580798,-0.7356084,-1.7062207,-0.0131112,-0.0071938,0.9975365,0
915,4.8200000,3.1200000,0.6300000,0.1035000,0.0908000,0.7612000,0.7383769,-0.7275807,-1.5587632,-0.0180709,-0.0133782,1.0039598,0
916,1.6500000,-3.7100000,-0.2800000,0.1152000,0.0683000,0.8657000,0.8314401,-0.5713987,-1.3164770,-0.0155445,-0.0116909,0.9968640,0
917,-1.7600000,-6.0300000,-0.6400000,-0.0815000,-0.0795000,1.1689000,0.9520641,-0.6327899,-1.0667767,-0.0076063,-0.0066992,0.9857668,0
918,-1.9400000,-0.6600000,0.1400000,-0.1362000,-0.1040000,1.1953000,0.8764262,-0.9512988,-0.8494515,-0.0055995,-0.0068698,0.9878023,0
919,2.1400000,3.0600000,1.1800000,0.0463000,0.0214000,0.8964000,0.6872176,-1.1653114,-0.6253620,-0.0100402,-0.0117716,0.9992437,0
920,3.1800000,-0.8400000,1.7300000,0.1625000,0.0878000,0.8081000,0.6215220,-1.1161701,-0.3464517,-0.0096938,-0.0134355,1.0025494,0
921,-0.1100000,-5.1100000,1.1200000,0.0537000,-0.0493000,0.9287000,0.6979585,-1.0698985,-0.0240602,-0.0001575,-0.0104570,0.9932441,0
922,-2.4900000,-5.1700000,1.5400000,-0.1250000,-0.1010000,1.2690000,0.7003509,-1.2802264,0.2952982,0.0088814,-0.0099520,0.9865035,0
923,-0.7800000,1.2200000,1.9700000,0.0307000,0.0219000,0.9208000,0.5277343,-1.5980619,0.6003113,0.0106392,-0.0134357,0.9910469,0
924,3.4800000,0.0600000,1.7900000,0.1757000,0.0844000,0.8007000,0.3631841,-1.7271509,0.8937129,0.0131633,-0.0140445,0.9928986,0
925,-0.4100000,-5.1700000,0.7500000,0.1118000,-0.0317000,0.9472000,0.3443548,-1.7481137,1.1366166,0.0236438,-0.0101134,0.9840005,0
926,-1.9400000,-4.9900000,1.2400000,-0.0776000,-0.0874000,1.2446000,0.3190754,-1.9277992,1.2920726,0.0349269,-0.0081132,0.9783680,0
927,-0.8400000,1.2200000,1.7300000,-0.0913000,-0.0273000,1.1611000,0.1742023,-2.1679352,1.3875914,0.0366523,-0.0108742,0.9884931,0
928,2.6900000,3.3600000,1.9100000,0.0878000,0.0532000,0.7333000,0.0486160,-2.1315216,1.4701336,0.0313522,-0.0135548,1.0019383,0
929,1.7100000,-2.6700000,1.1800000,0.1518000,0.0600000,0.8579000,0.0896865,-1.8310959,1.5401322,0.0301759,-0.0113915,1.0000749,0
930,-2.0000000,-6.2100000,1.1200000,-0.0175000,-0.0581000,1.1591000,0.1913649,-1.6558018,1.5695512,0.0345066,-0.0067773,0.9910050,0
931,-2.0000000,-0.8400000,1.7900000,-0.1215000,-0.0810000,1.1860000,0.1550459,-1.7302885,1.5669660,0.0344176,-0.0060290,0.9931829,0
932,0.3700000,2.4500000,1.9100000,0.0048000,0.0175000,0.9624000,0.0062280,-1.7483141,1.5721792,0.0264604,-0.0091337,1.0050385,0
933,2.3200000,0.2500000,1.3000000,0.1445000,0.0795000,0.7109000,-0.0684286,-1.5328674,1.5880002,0.0198861,-0.0097183,1.0086564,0
934,0.3100000,-4.4400000,0.5100000,0.1025000,-0.0253000,0.9199000,-0.0039691,-1.3014740,1.5713959,0.0220311,-0.0062759,0.9963054,0
935,-2.4900000,-5.2400000,0.9900000,-0.0834000,-0.0834000,1.2973000,0.0467284,-1.3270739,1.5009871,0.0269812,-0.0046585,0.9856282,0
936,-1.5100000,1.3500000,1.4800000,-0.1123000,-0.0048000,1.1884000,-0.0486257,-1.5094153,1.4149817,0.0244417,-0.0072014,0.9940515,0
937,2.1400000,4.0300000,1.3600000,0.0810000,0.0654000,0.7231000,-0.1735558,-1.4751794,1.3527943,0.0162906,-0.0088081,1.0079088,0
938,2.6900000,-2.4900000,-0.0300000,0.1445000,0.0830000,0.8071000,-0.1300825,-1.1957391,1.2879834,0.0136544,-0.0049335,1.0049483,0
939,0.0000000,-5.3000000,-1.2500000,-0.0073000,-0.0581000,1.1479000,0.0592761,-1.0459827,1.1439528,0.0181510,0.0014282,0.9923132,0
940,-0.8400000,-1.2100000,-1.3100000,-0.0986000,-0.0766000,1.2553000,0.2131139,-1.1531010,0.8825607,0.0202054,0.0031885,0.9920210,0
941,0.8600000,3.8500000,-1.2500000,-0.0122000,0.0263000,0.9902000,0.2781895,-1.2068915,0.5411905,0.0155477,0.0003458,1.0055027,0
942,4.1500000,2.8700000,-1.5600000,0.1259000,0.0966000,0.7436000,0.3985973,-0.9564561,0.1709288,0.0113698,-0.0000470,1.0132914,0
943,0.8600000,-2.5500000,-2.4700000,0.1044000,0.0053000,0.8964000,0.6450356,-0.5776166,-0.2176406,0.0146855,0.0042195,1.0046428,0
944,-0.8400000,-3.2800000,-1.9200000,-0.0869000,-0.0649000,1.3051000,0.8522906,-0.3989047,-0.6184684,0.0206090,0.0074664,0.9955398,0
945,-0.9000000,3.2400000,-1.3100000,-0.1303000,-0.0175000,1.2094000,0.8822030,-0.3701315,-0.9788914,0.0187418,0.0060972,1.0044396,0
946,2.3200000,6.1700000,-1.5000000,0.0502000,0.0502000,0.7119000,0.8240904,-0.1337627,-1.2527151,0.0100679,0.0037311,1.0185432,0
947,3.3000000,0.0600000,-2.3500000,0.1347000,0.0683000,0.8222000,0.8620046,0.3426823,-1.4614526,0.0058008,0.0049505,1.0151615,0
948,0.4300000,-2.6700000,-2.1100000,0.0058000,-0.0678000,1.1054000,1.0048526,0.6934239,-1.6448160,0.0091333,0.0077247,1.0009638,0
949,-0.7800000,0.6100000,-0.9500000,-0.1147000,-0.0742000,1.3457000,1.0836269,0.7688782,-1.7813095,0.0111714,0.0060417,0.9993863,0
950,0.5500000,6.8400000,-0.6400000,-0.0385000,0.0332000,0.9624000,1.0354490,0.8637536,-1.8191388,0.0063173,0.0008016,1.0136711,0
951,3.1200000,4.2800000,-1.1300000,0.1044000,0.0859000,0.6274000,0.9904557,1.2281619,-1.7647430,0.0009434,-0.0010550,1.0196840,0
952,2.6900000,-1.0200000,-2.1100000,0.0947000,0.0151000,0.9287000,1.0724227,1.6520120,-1.6887060,0.0027431,0.0022594,1.0048058,0
953,-0.4800000,-1.0200000,-1.8000000,-0.0761000,-0.0810000,1.2846000,1.1999096,1.8156388,-1.6478760,0.0080491,0.0049085,0.9902465,0
954,-0.7800000,4.5800000,-1.1300000,-0.1005000,-0.0175000,1.2456000,1.2043598,1.8052513,-1.6266803,0.0076324,0.0029115,0.9966243,0
955,0.0000000,7.1400000,-0.8900000,0.0322000,0.0708000,0.7758000,1.0694935,1.9604411,-1.5818222,0.0018335,0.0004890,1.0120639,0
956,2.3800000,1.9600000,-1.1300000,0.0859000,0.0019000,0.8750000,0.9292141,2.3206189,-1.5071159,-0.0010327,0.0014266,1.0144137,0
957,-0.9600000,-1.5100000,-0.1500000,-0.0810000,-0.0971000,1.2304000,0.8409154,2.5569923,-1.4044062,-0.0003177,0.0014614,1.0098665,0
958,-1.2100000,3.4800000,0.8100000,-0.1259000,-0.0131000,1.2900000,0.7016688,2.5517805,-1.2381641,-0.0038905,-0.0027587,1.0187257,0
959,-1.2700000,7.2100000,0.8700000,0.0200000,0.0595000,0.8076000,0.4626076,2.5977000,-0.9850833,-0.0121515,-0.0065251,1.0353148,0
960,0.2500000,1.2200000,0.5100000,0.1225000,0.0776000,0.6967000,0.2018307,2.8024623,-0.6821794,-0.0157384,-0.0047311,1.0351221,0
961,-0.5400000,-2.0600000,0.8100000,0.0205000,-0.0429000,1.0913000,-0.0079419,2.8610881,-0.3788845,-0.0110408,0.0002498,1.0179641,0
962,-3.7700000,0.0000000,1.4800000,-0.1025000,-0.0605000,1.3452000,-0.2342254,2.6106051,-0.0814278,-0.0059159,0.0020446,1.0100253,0
963,-2.7900000,6.2900000,1.7900000,-0.0629000,0.0346000,0.9970000,-0.5788428,2.3251911,0.2275514,-0.0071225,0.0004346,1.0197674,0
964,-2.0000000,4.5800000,1.3600000,0.0737000,0.0517000,0.6757000,-0.9813094,2.2999803,0.5363709,-0.0104290,0.0005802,1.0247267,0
965,-1.4500000,-0.9000000,0.8100000,0.0786000,0.0029000,0.8964000,-1.3260870,2.3912589,0.7981878,-0.0084363,0.0034567,1.0107541,0
966,-3.6500000,-2.3100000,1.8500000,-0.0605000,-0.0820000,1.2412000,-1.6123942,2.2671417,0.9989859,-0.0030583,0.0045318,0.9950986,0
967,-3.1600000,2.3200000,2.9500000,-0.0927000,0.0014000,1.2368000,-1.9056815,1.9411449,1.1973380,-0.0020767,0.0016499,0.9978150,0
968,-3.5300000,5.0700000,2.8900000,0.0048000,0.0551000,0.7993000,-2.2118173,1.7247443,1.4420522,-0.0061224,-0.0008149,1.0100576,0
969,-1.9400000,1.1600000,1.9100000,0.0786000,0.0444000,0.6401000,-2.4746887,1.7209362,1.6968420,-0.0083157,0.0008028,1.0065677,0
970,-1.8200000,-3.5900000,1.6700000,0.0034000,-0.0498000,1.1435000,-2.6298509,1.6565620,1.8922372,-0.0057325,0.0036656,0.9881971,0
971,-3.9500000,-1.5100000,2.0900000,-0.0932000,-0.0454000,1.3173000,-2.7094939,1.3309703,2.0129562,-0.0037720,0.0031868,0.9822716,0
972,-2.0000000,4.3400000,2.0300000,-0.0278000,0.0458000,0.9594000,-2.7782870,0.9696409,2.0869287,-0.0064451,0.0007199,0.9947070,0
973,-0.8400000,1.7100000,0.8700000,0.0581000,0.0429000,0.6494000,-2.7757511,0.8383475,2.1077062,-0.0094633,0.0008693,1.0008081,0
974,0.8600000,-3.5300000,-0.2200000,0.0405000,-0.0253000,0.8920000,-2.6077740,0.7717475,2.0230084,-0.0080501,0.0030301,0.9875893,0
975,-0.8400000,-4.0100000,-0.0300000,-0.0566000,-0.0839000,1.3007000,-2.2897468,0.4790560,1.8142055,-0.0048402,0.0023329,0.9747682,0
976,-0.9600000,2.2000000,0.5700000,-0.0698000,-0.0156000,1.1733000,-1.9375847,0.0650742,1.5403722,-0.0052545,-0.0024930,0.9819620,0
977,0.9800000,2.4500000,0.3800000,0.0273000,0.0693000,0.7626000,-1.5918205,-0.1486246,1.2709295,-0.0084902,-0.0063077,0.9962569,0
978,2.3800000,-1.8800000,-0.8300000,0.0566000,0.0048000,0.7412000,-1.1743059,-0.1689059,1.0060656,-0.0090520,-0.0056809,0.9944730,0
979,1.4100000,-3.8300000,-0.6400000,-0.0253000,-0.0981000,1.1235000,-0.6686001,-0.2715731,0.7168139,-0.0063714,-0.0052081,0.9810903,0
980,-0.2300000,-2.1200000,0.3800000,-0.0849000,-0.0253000,1.3549000,-0.1907396,-0.5497745,0.4389735,-0.0057250,-0.0088386,0.9809169,0
981,0.7400000,3.4800000,0.1400000,-0.0258000,0.0454000,0.9448000,0.1650006,-0.7762167,0.2307376,-0.0092870,-0.0125316,0.9979656,0
982,1.2200000,0.1900000,-0.9500000,0.0502000,0.0351000,0.6411000,0.4295060,-0.7580703,0.0728250,-0.0125585,-0.0118730,1.0067657,0
983,2.4400000,-3.8900000,-1.7400000,0.0288000,-0.0546000,0.9384000,0.6775118,-0.6861362,-0.1045945,-0.0115713,-0.0092717,0.9951046,0
984,0.6700000,-4.0800000,-1.0700000,-0.0400000,-0.0839000,1.3173000,0.9181082,-0.8192543,-0.3204389,-0.0086469,-0.0100317,0.9847093,0
985,0.4900000,1.2900000,-0.6400000,-0.0341000,0.0283000,1.1611000,1.0844162,-1.0549133,-0.5239059,-0.0077898,-0.0136114,0.9940138,0
986,0.7400000,2.2000000,-1.3800000,0.0327000,0.0629000,0.7822000,1.1519625,-1.1072504,-0.6872235,-0.0081306,-0.0140989,1.0089313,0
987,1.4700000,-2.0600000,-2.9600000,0.0488000,-0.0092000,0.7036000,1.1718290,-0.9789650,-0.8644907,-0.0060874,-0.0103688,1.0063156,0
988,1.4700000,-3.8900000,-3.1500000,-0.0175000,-0.1040000,1.0864000,1.1938627,-0.9347297,-1.1186050,-0.0020225,-0.0083385,0.9895863,0
989,1.1000000,-2.1200000,-1.5600000,-0.0317000,-0.0048000,1.2197000,1.2227463,-1.0714663,-1.4090222,0.0003875,-0.0108251,0.9816235,0
990,0.3100000,2.9900000,-1.2500000,0.0380000,0.0654000,0.8237000,1.2229752,-1.1763164,-1.6331170,0.0010404,-0.0125182,0.9850120,0
991,0.4900000,-0.6600000,-2.2900000,0.0625000,-0.0351000,0.6635000,1.1692604,-1.0847979,-1.7731760,0.0035205,-0.0107729,0.9789621,0
992,0.5500000,-3.5900000,-1.9200000,-0.0234000,-0.1064000,1.0776000,1.0778330,-0.9775168,-1.8762038,0.0076320,-0.0110214,0.9612737,0
993,1.1000000,-0.7200000,-0.5200000,-0.0629000,-0.0468000,1.4619000,0.9866341,-1.0020983,-1.9251133,0.0087078,-0.0162139,0.9586757,0
994,-0.4800000,5.0100000,0.0800000,0.0063000,0.0385000,0.9018000,0.8944731,-0.9377633,-1.8596705,0.0058283,-0.0214851,0.9784684,0
995,-0.1700000,1.4100000,-0.6400000,0.0541000,0.0585000,0.6699000,0.7629068,-0.6060753,-1.6883883,0.0035897,-0.0213584,0.9915949,0
996,0.3700000,-1.1500000,-1.1300000,0.0102000,-0.0703000,0.9169000,0.6082022,-0.2105017,-1.4896964,0.0043700,-0.0178503,0.9837886,0
997,0.1900000,-1.2700000,0.2000000,-0.0371000,-0.1040000,1.3413000,0.4753864,0.0167303,-1.2968176,0.0052705,-0.0179039,0.9769715,0
998,-1.2700000,5.0100000,0.9900000,-0.0068000,0.0239000,1.2207000,0.3415721,0.1876320,-1.0637150,0.0040027,-0.0216092,0.9909216,0
999,-0.8400000,5.0100000,0.2600000,0.0703000,0.0664000,0.7431000,0.1642445,0.5585140,-0.7797590,0.0032617,-0.0220448,1.0111577,0
1000,-0.2900000,0.0000000,-0.8300000,0.0307000,-0.0297000,0.7529000,-0.0277493,1.0533654,-0.5213459,0.0058281,-0.0180026,1.0123908,0
1001,-0.1700000,-0.7800000,-0.4000000,-0.0429000,-0.1191000,1.0825000,-0.1805882,1.3710713,-0.3498808,0.0087894,-0.0162153,0.9987585,0
1002,0.9200000,0.6100000,1.4800000,-0.0307000,-0.0273000,1.3715000,-0.2582802,1.4456104,-0.2148168,0.0082593,-0.0196950,0.9959273,0
1003,-0.6000000,5.3700000,2.2800000,0.0356000,0.0747000,0.9140000,-0.2658703,1.4939696,-0.0137328,0.0058761,-0.0223328,1.0092903,0
1004,-0.2900000,1.6500000,1.4800000,0.0429000,0.0561000,0.6503000,-0.2608275,1.6660529,0.2673628,0.0055506,-0.0186516,1.0140979,0
1005,0.4900000,-2.0000000,0.5100000,-0.0112000,-0.0419000,0.9345000,-0.2504976,1.7765350,0.5416452,0.0071091,-0.0118803,0.9989598,0
1006,-0.0500000,-1.6300000,0.8700000,-0.0454000,-0.0668000,1.2465000,-0.2108959,1.6247459,0.7417253,0.0070374,-0.0084809,0.9846310,0
1007,1.7100000,2.8700000,1.7300000,0.0244000,0.0727000,1.2016000,-0.1263801,1.3488750,0.8903934,0.0048677,-0.0076840,0.9893103,0
1008,-0.2300000,1.9600000,1.0600000,0.0727000,0.0908000,0.7939000,0.0010385,1.1854911,1.0224629,0.0046134,-0.0031535,1.0020791,0
1009,-0.0500000,-1.5700000,0.0200000,0.0156000,-0.0307000,0.7094000,0.1067752,1.0903051,1.1027505,0.0078032,0.0044961,1.0000356,0
1010,0.1900000,-3.6500000,0.6300000,-0.0756000,-0.0942000,1.0786000,0.1632004,0.8446667,1.1003996,0.0097905,0.0077396,0.9844891,0
1011,2.0200000,-1.6300000,2.2800000,-0.0502000,-0.0444000,1.3271000,0.2334742,0.4083959,1.0819897,0.0065470,0.0039061,0.9796545,0
1012,0.4900000,1.7700000,2.8900000,0.0390000,0.1069000,0.9707000,0.3545821,-0.0074435,1.1455361,0.0011894,-0.0003946,0.9923169,0
1013,0.1200000,-2.0600000,1.6700000,0.0253000,0.0693000,0.6411000,0.4664301,-0.2765573,1.2896780,-0.0012758,0.0016727,0.9992396,0
1014,1.7100000,-5.7200000,0.6300000,-0.0434000,-0.0522000,0.9184000,0.5496975,-0.5890098,1.4162912,-0.0018265,0.0067463,0.9870976,0
1015,1.1600000,-4.8100000,0.8100000,-0.0634000,-0.0546000,1.2338000,0.6533339,-1.1098109,1.4588310,-0.0045414,0.0076568,0.9745567,0
1016,2.3200000,-0.4700000,1.1800000,0.0131000,0.0585000,1.1943000,0.7948461,-1.6721906,1.4378070,-0.0090729,0.0055591,0.9802119,0
1017,1.2800000,-2.1800000,0.2000000,0.0898000,0.1030000,0.8256000,0.9639426,-2.0578020,1.3765001,-0.0101939,0.0070890,0.9944259,0
1018,1.5900000,-5.3000000,-0.7700000,-0.0034000,-0.0278000,0.7109000,1.1248955,-2.3432486,1.2428694,-0.0062922,0.0122544,0.9950809,0
1019,1.7700000,-6.2100000,-0.7700000,-0.0908000,-0.0922000,1.1157000,1.2628755,-2.7194621,1.0149452,-0.0034410,0.0136831,0.9831051,0
1020,2.7500000,-4.2600000,0.2000000,-0.0556000,-0.0136000,1.3437000,1.4081750,-3.1837158,0.7448557,-0.0061680,0.0089653,0.9825254,0
1021,2.3800000,0.1900000,0.5700000,0.0600000,0.1176000,0.9614000,1.5820439,-3.5177189,0.5158133,-0.0102733,0.0051832,0.9989112,0
1022,0.4300000,-3.2800000,-0.8300000,0.0107000,-0.0161000,0.6879000,1.7259259,-3.5931387,0.3377220,-0.0105727,0.0064683,1.0085919,0
1023,0.8000000,-6.7000000,-1.5600000,-0.0971000,-0.1079000,1.0805000,1.7606921,-3.6153496,0.1431515,-0.0102307,0.0063210,1.0024159,0
1024,2.5700000,-4.0800000,-0.3400000,-0.0625000,-0.0258000,1.3906000,1.7339304,-3.7560918,-0.0792940,-0.0141300,0.0005433,1.0030708,0
1025,1.3500000,1.5900000,0.2600000,0.0527000,0.0932000,0.9472000,1.7238819,-3.8111234,-0.2553549,-0.0188978,-0.0045375,1.0194896,0
1026,0.4900000,-2.7900000,-0.3400000,0.0595000,0.0493000,0.6733000,1.6946321,-3.6143650,-0.3509716,-0.0183810,-0.0032160,1.0276167,0
1027,0.4300000,-6.3300000,-1.1900000,-0.0620000,-0.0800000,0.9648000,1.5951671,-3.4050796,-0.4164350,-0.0143698,0.0001352,1.0157206,0
1028,-0.5400000,-4.8100000,-1.0100000,-0.1181000,-0.0922000,1.2363000,1.4194973,-3.4042012,-0.4998774,-0.0143100,-0.0018013,1.0035988,0
1029,2.9900000,0.9200000,-0.2800000,0.0170000,0.0385000,1.2397000,1.2397932,-3.4320196,-0.5833273,-0.0187696,-0.0074354,1.0091338,0
1030,0.4900000,0.0000000,-1.1300000,0.1333000,0.1166000,0.8149000,1.1440371,-3.2338026,-0.6442125,-0.0191338,-0.0084150,1.0226062,0
1031,-0.5400000,-4.2000000,-2.1700000,0.0375000,-0.0019000,0.6918000,1.0596053,-2.9127667,-0.7261021,-0.0113815,-0.0029489,1.0206201,0
1032,-0.6600000,-4.9300000,-1.9200000,-0.1020000,-0.1206000,1.1440000,0.8952289,-2.7405885,-0.8687079,-0.0033604,0.0006371,1.0044851,0
1033,-0.5400000,-1.3900000,-0.6400000,-0.0766000,-0.0288000,1.3637000,0.6696889,-2.7202888,-1.0239365,-0.0028284,-0.0025748,1.0006752,0
1034,0.2500000,3.8500000,-0.0900000,0.0644000,0.1269000,0.9467000,0.4413158,-2.5662612,-1.1073104,-0.0060919,-0.0054583,1.0146077,0
1035,-1.2100000,-0.3500000,-1.1900000,0.1225000,0.0507000,0.6782000,0.2342918,-2.1416218,-1.1121960,-0.0041869,-0.0013321,1.0210704,0
1036,-2.0600000,-4.3200000,-1.8000000,-0.0258000,-0.0761000,0.9975000,-0.0022575,-1.7207323,-1.1117387,0.0030668,0.0044779,1.0094764,0
1037,-2.6100000,-0.7200000,-0.8300000,-0.0986000,-0.1079000,1.2836000,-0.3132494,-1.5075713,-1.1350042,0.0069163,0.0036390,1.0004116,0
1038,0.0600000,4.2800000,0.2600000,0.0527000,0.0292000,1.2163000,-0.6325420,-1.2794752,-1.1230135,0.0054094,-0.0024673,1.0102500,0
1039,-2.3100000,3.3000000,-0.2200000,0.1406000,0.1342000,0.7797000,-0.8829067,-0.8066719,-1.0357519,0.0069686,-0.0044843,1.0256958,0
1040,-2.7300000,-0.1100000,-1.2500000,0.0361000,-0.0166000,0.6987000,-1.1189592,-0.2223383,-0.9253002,0.0148397,0.0002258,1.0229819,0
1041,-2.7900000,-2.4300000,-1.2500000,-0.1250000,-0.1279000,1.1215000,-1.3925424,0.1833404,-0.8598602,0.0204590,0.0026882,1.0053087,0
1042,-0.3500000,1.2900000,0.0200000,-0.0751000,-0.0058000,1.3789000,-1.6300596,0.3548879,-0.8237256,0.0166153,-0.0015357,0.9999862,0
1043,-0.1100000,6.6600000,0.9900000,0.0952000,0.1025000,0.9135000,-1.7237434,0.5731685,-0.7387962,0.0092004,-0.0048644,1.0124959,0
1044,-1.3300000,0.8000000,0.2600000,0.1333000,0.0649000,0.6186000,-1.6835118,0.9766032,-0.5795882,0.0086985,-0.0013044,1.0159905,0
1045,-1.2100000,-3.2200000,-0.3400000,-0.0385000,-0.0888000,1.0234000,-1.6023987,1.2581129,-0.4074220,0.0141707,0.0039655,1.0003603,0
1046,-2.6700000,-0.5400000,0.6900000,-0.1240000,-0.1240000,1.2460000,-1.5505856,1.2134758,-0.2588508,0.0151823,0.0022730,0.9885276,0
1047,1.8900000,4.8900000,2.2800000,0.0405000,0.0219000,1.1127000,-1.4863798,1.0992143,-0.0760933,0.0096710,-0.0053193,0.9944747,0
1048,0.3100000,1.7700000,1.9100000,0.1694000,0.1064000,0.8413000,-1.2972769,1.1587466,0.1910283,0.0078979,-0.0092351,1.0050127,0
1049,-1.3900000,-1.8800000,1.1200000,0.0688000,-0.0102000,0.7460000,-1.0492874,1.2353877,0.4920030,0.0151256,-0.0064959,1.0021565,0
1050,-1.5100000,-2.4300000,1.3000000,-0.0771000,-0.0952000,1.1518000,-0.8858778,1.0965301,0.7549637,0.0231632,-0.0044021,0.9898104,0
1051,-0.6600000,1.2200000,1.7900000,-0.0493000,0.0131000,1.2949000,-0.8117319,0.8085254,0.9736245,0.0237521,-0.0064712,0.9896296,0
1052,0.3100000,5.5000000,1.8500000,0.1030000,0.1303000,0.9272000,-0.7495791,0.6695208,1.1708093,0.0207616,-0.0060472,1.0037784,0
1053,-1.5700000,0.2500000,0.0800000,0.1621000,0.0795000,0.7001000,-0.6818353,0.7770246,1.3150833,0.0235784,0.0018039,1.0095247,0
1054,-2.4300000,-3.2200000,-0.7000000,-0.0122000,-0.0722000,0.9951000,-0.6892520,0.8393831,1.3282777,0.0318255,0.0110544,0.9988385,0
1055,-2.8600000,-0.4100000,-0.0900000,-0.0605000,-0.0429000,1.3520000,-0.8252132,0.6793960,1.2017172,0.0361085,0.0139342,0.9929277,0
1056,-0.2900000,5.2500000,0.9900000,0.1005000,0.0791000,0.8872000,-1.0156235,0.5465107,1.0262185,0.0352980,0.0130772,1.0014799,0
1057,-2.3100000,0.1900000,0.0800000,0.1499000,0.0551000,0.6831000,-1.1716343,0.6238384,0.8707867,0.0377747,0.0148993,1.0030201,0
1058,-2.7900000,-4.0100000,-0.2200000,-0.0566000,-0.0722000,1.0214000,-1.3322125,0.6558526,0.7198245,0.0432313,0.0172227,0.9892008,0
1059,-2.7300000,-1.2100000,0.4500000,-0.1704000,-0.0581000,1.1982000,-1.5414638,0.4421444,0.5669862,0.0405728,0.0143690,0.9796810,0
1060,0.4900000,3.7300000,0.9300000,-0.0126000,0.0424000,1.0932000,-1.7076832,0.2153383,0.4557494,0.0273742,0.0084522,0.9854704,0
1061,-0.6600000,1.1600000,0.0800000,0.1313000,0.1083000,0.8212000,-1.7255050,0.2013947,0.3957948,0.0154189,0.0066898,0.9944838,0
1062,-1.8200000,-3.2800000,-0.6400000,0.0590000,0.0053000,0.7758000,-1.6515403,0.2319041,0.3345847,0.0127184,0.0103301,0.9908950,0
1063,-1.7000000,-3.5300000,-0.7700000,-0.1010000,-0.1215000,1.1538000,-1.5919291,0.0534973,0.2288850,0.0129431,0.0117827,0.9798172,0
1064,0.8000000,0.4900000,-0.4000000,-0.0766000,-0.0561000,1.2534000,-1.5145807,-0.2630430,0.0908921,0.0076372,0.0058673,0.9810980,0
1065,1.4700000,3.7900000,0.0200000,0.0712000,0.0605000,0.9018000,-1.3157875,-0.4200221,-0.0360407,-0.0000546,-0.0018763,0.9947327,0
1066,0.6700000,-0.2900000,-1.1300000,0.1601000,0.0234000,0.7392000,-0.9940217,-0.3307104,-0.1444783,-0.0004465,-0.0049186,0.9998076,0
1067,-0.7800000,-4.8700000,-0.9500000,-0.0371000,-0.0957000,1.0541000,-0.6670343,-0.2802016,-0.2664843,0.0064535,-0.0062417,0.9917166,0
1068,-0.7800000,0.0600000,-0.0300000,-0.1601000,-0.0698000,1.2900000,-0.4372745,-0.4255292,-0.3847806,0.0088703,-0.0113647,0.9899524,0
1069,1.5300000,5.8600000,0.5700000,0.0146000,0.0385000,0.9775000,-0.2710574,-0.4622585,-0.4385760,0.0028251,-0.0176897,1.0019110,0
1070,0.6700000,1.3500000,-0.6400000,0.1298000,0.0996000,0.8144000,-0.0834329,-0.1849855,-0.4284063,-0.0013010,-0.0181803,1.0106202,0
1071,-1.5100000,-1.8800000,-1.5600000,0.0190000,-0.0097000,0.8925000,0.0709161,0.1418614,-0.4330578,0.0020457,-0.0124555,1.0052869,0
1072,-1.3900000,-0.1700000,-0.8900000,-0.1333000,-0.1289000,1.1713000,0.0890994,0.2882738,-0.4946397,0.0047206,-0.0087613,0.9968365,0
1073,-0.3500000,3.8500000,-0.4000000,-0.0800000,-0.0214000,1.2197000,0.0004168,0.3917536,-0.5695110,-0.0005224,-0.0114903,1.0008050,0
1074,0.4300000,5.5000000,-0.2800000,0.0581000,0.0556000,0.8432000,-0.0898318,0.6883358,-0.6113433,-0.0085666,-0.0146492,1.0124013,0
1075,0.4300000,1.1600000,-0.7700000,0.1269000,-0.0219000,0.7416000,-0.1216180,1.1447876,-0.6238054,-0.0097620,-0.0141347,1.0117670,0
1076,-1.2700000,-3.0400000,-0.3400000,-0.0502000,-0.0864000,1.1254000,-0.1318325,1.4415674,-0.6250656,-0.0044886,-0.0141674,0.9994053,0
1077,-1.3300000,3.2400000,0.2000000,-0.1557000,-0.0732000,1.2094000,-0.1968798,1.4823614,-0.6007644,-0.0033407,-0.0184306,0.9955776,0
1078,1.7100000,5.7400000,0.3800000,-0.0156000,0.0068000,0.9355000,-0.2673670,1.5738068,-0.5280806,-0.0099116,-0.0242231,1.0031120,0
1079,0.8000000,1.7700000,-0.2200000,0.1035000,0.0854000,0.8286000,-0.2330546,1.8372009,-0.4241805,-0.0150046,-0.0254740,1.0058667,0
1080,-0.4800000,-0.6600000,-0.4600000,0.0327000,-0.0415000,0.8867000,-0.1354903,2.0316589,-0.3339115,-0.0125649,-0.0214965,0.9967067,0
1081,-0.3500000,-0.7200000,0.5100000,-0.1108000,-0.1005000,1.1987000,-0.0722754,1.9877422,-0.2618455,-0.0088240,-0.0191889,0.9870939,0
1082,0.1200000,3.0600000,0.9300000,-0.0996000,-0.0146000,1.1933000,-0.0472147,1.8191740,-0.1646668,-0.0115099,-0.0213308,0.9915533,0
1083,0.8600000,4.9500000,0.5100000,0.0483000,0.0688000,0.7919000,-0.0122865,1.7727849,-0.0312727,-0.0175637,-0.0222140,1.0026673,0
1084,0.9800000,0.0600000,-0.3400000,0.1298000,0.0000000,0.7963000,0.0677369,1.8621046,0.0891263,-0.0174888,-0.0185256,1.0010135,0
1085,-0.4100000,-3.4000000,0.5100000,-0.0351000,-0.0820000,1.1372000,0.1620193,1.8033398,0.1660129,-0.0105571,-0.0149370,0.9902656,0
1086,0.1200000,1.7100000,1.4200000,-0.1220000,-0.0561000,1.2426000,0.2150953,1.5197631,0.2441629,-0.0065166,-0.0158558,0.9904465,0
1087,0.6700000,5.3100000,1.6100000,-0.0043000,0.0043000,0.8852000,0.2418980,1.3228473,0.3742836,-0.0090933,-0.0189852,1.0015243,0
1088,0.3100000,0.4900000,0.8700000,0.1000000,-0.0024000,0.8164000,0.2752030,1.3477549,0.5383285,-0.0106299,-0.0204692,1.0050804,0
1089,-0.5400000,-3.1000000,0.9900000,-0.0346000,-0.0517000,1.1206000,0.2895178,1.3195255,0.6874551,-0.0075261,-0.0208250,0.9996949,0
1090,0.4300000,1.3500000,1.4200000,-0.1079000,-0.0317000,1.2451000,0.2686122,1.1078551,0.8136279,-0.0064792,-0.0221417,1.0023446,0
1091,0.6100000,4.6400000,0.9300000,-0.0043000,0.0351000,0.8652000,0.2523034,0.9682555,0.9247843,-0.0104026,-0.0228141,1.0134154,0
1092,0.0600000,-0.5400000,-0.3400000,0.0908000,0.0664000,0.7719000,0.2559179,1.0035810,0.9808287,-0.0125993,-0.0193059,1.0143649,0
1093,0.6100000,-3.2200000,-0.2200000,0.0263000,-0.0517000,1.0019000,0.2645890,0.9524443,0.9385819,-0.0089071,-0.0131713,1.0019888,0
1094,0.3100000,-1.8800000,1.2400000,-0.0854000,-0.0410000,1.2504000,0.2808274,0.6651959,0.8453257,-0.0046587,-0.0097453,0.9944157,0
1095,0.7400000,2.9900000,1.4200000,-0.0649000,0.0244000,1.0087000,0.3082463,0.3473986,0.7915146,-0.0057651,-0.0089602,1.0002780,0
1096,0.8600000,0.3100000,-0.0300000,0.0297000,0.0908000,0.8085000,0.3542899,0.2042387,0.7747552,-0.0097371,-0.0057567,1.0055478,0
1097,1.4700000,-3.1000000,-1.3800000,0.0839000,-0.0278000,0.8618000,0.4342864,0.1062582,0.7013662,-0.0099278,0.0003392,0.9981892,0
1098,0.4300000,-4.1400000,-0.7000000,0.0195000,-0.0307000,1.1523000,0.5356571,-0.1665540,0.5278639,-0.0048945,0.0043119,0.9872770,0
1099,2.0200000,-0.2900000,0.2000000,-0.0444000,-0.0004000,1.1997000,0.6450029,-0.5625156,0.3223677,0.0003034,0.0047140,0.9886530,0
1100,0.4300000,2.1400000,-0.4000000,0.0000000,0.0708000,0.8754000,0.7617251,-0.8230924,0.1506171,0.0022209,0.0053824,0.9990246,0
1101,0.4900000,-1.5700000,-1.9900000,0.0751000,0.0805000,0.7963000,0.8430741,-0.8754902,-0.0236509,0.0038888,0.0098312,1.0006698,0
1102,0.2500000,-4.3200000,-2.1700000,0.0273000,-0.0327000,1.1010000,0.8608586,-0.9456079,-0.2650641,0.0082110,0.0158933,0.9930152,0
1103,0.4900000,-1.2700000,-0.8900000,-0.0517000,-0.0107000,1.2080000,0.8328325,-1.1451711,-0.5436031,0.0118899,0.0185928,0.9928102,0
1104,1.5300000,2.5700000,-0.5800000,-0.0317000,0.0146000,1.0068000,0.8033836,-1.2673234,-0.7695528,0.0111292,0.0180372,1.0037760,0
1105,0.0600000,-0.5400000,-1.8000000,0.0244000,0.0561000,0.7949000,0.7924589,-1.1769798,-0.9299660,0.0079257,0.0177301,1.0108370,0
1106,0.4300000,-3.1600000,-2.1100000,0.0444000,-0.0424000,0.8862000,0.7635648,-1.0580262,-1.0844643,0.0064696,0.0178039,1.0041079,0
1107,1.0400000,-3.1600000,-0.2200000,0.0048000,-0.0561000,1.1972000,0.7230571,-1.0979756,-1.2217535,0.0073858,0.0147179,0.9947325,0
1108,1.0400000,0.0600000,1.4200000,-0.0283000,0.0229000,1.2109000,0.7102877,-1.2245783,-1.2343506,0.0078963,0.0089113,0.9990138,0
1109,-0.3500000,2.0800000,0.9900000,-0.0063000,0.1000000,0.7846000,0.7006691,-1.2266806,-1.0707692,0.0064225,0.0062729,1.0099444,0
1110,-1.0200000,-2.4900000,-0.8900000,0.0126000,0.0522000,0.8012000,0.6245563,-1.0947412,-0.8294281,0.0043929,0.0096018,1.0077471,0
1111,0.0000000,-4.0800000,-1.1300000,-0.0063000,-0.0468000,1.1367000,0.4775692,-1.0623592,-0.6465729,0.0029914,0.0141305,0.9961497,0
1112,-0.6000000,-0.4100000,0.0200000,-0.0014000,-0.0117000,1.2226000,0.3123990,-1.1783700,-0.5402179,0.0018242,0.0148335,0.9949899,0
1113,-0.2300000,3.3600000,0.6900000,0.0302000,0.0234000,0.9853000,0.1526515,-1.1890395,-0.4366428,0.0013527,0.0131528,1.0060398,0
1114,-1.3300000,-0.4700000,-0.0900000,0.0395000,0.0234000,0.8271000,-0.0100650,-0.9830760,-0.3088285,0.0029199,0.0121931,1.0130491,0
1115,-1.6400000,-1.7600000,-0.6400000,0.0229000,-0.0712000,0.9106000,-0.2045927,-0.7587520,-0.2046561,0.0063435,0.0105781,1.0074608,0
1116,-0.4800000,-0.5400000,0.5100000,0.0073000,-0.0595000,1.1972000,-0.4151419,-0.6449059,-0.1386760,0.0098893,0.0051076,1.0001745,0
1117,-0.1100000,1.9000000,1.3000000,0.0097000,0.0302000,1.1757000,-0.5712542,-0.5389614,-0.0514792,0.0123170,-0.0020246,1.0051415,0
1118,-2.0000000,3.7900000,0.7500000,-0.0019000,0.0913000,0.8012000,-0.6797113,-0.2861294,0.0861020,0.0133825,-0.0045845,1.0149392,0
1119,-2.3700000,-0.4700000,-0.7000000,-0.0083000,0.0083000,0.8408000,-0.8248071,0.0799617,0.2095980,0.0129427,-0.0014175,1.0123691,0
1120,-2.4300000,-2.0600000,-0.7700000,-0.0361000,-0.0644000,1.1284000,-1.0357694,0.3241971,0.2434463,0.0105243,0.0016011,1.0019187,0
1121,-0.8400000,1.6500000,0.6900000,0.0229000,-0.0048000,1.1127000,-1.2499362,0.3957489,0.2144688,0.0069710,0.0008920,0.9992858,0
1122,-2.2500000,3.3000000,1.2400000,0.0258000,0.0332000,0.8520000,-1.4146109,0.5010253,0.2158093,0.0048450,-0.0004538,1.0017877,0
1123,-2.5500000,-0.3500000,0.0800000,-0.0078000,-0.0468000,0.8383000,-1.5650425,0.6869540,0.2646033,0.0044319,-0.0009833,0.9963199,0
1124,-1.7000000,-2.3100000,0.5100000,-0.0473000,-0.0991000,1.0585000,-1.7175512,0.7568384,0.3130001,0.0030658,-0.0044471,0.9848163,0
1125,0.7400000,1.2200000,2.0900000,-0.0083000,-0.0092000,1.1757000,-1.7820204,0.6655469,0.3829610,-0.0002799,-0.0114166,0.9812892,0
1126,1.2800000,3.5400000,1.8500000,0.0532000,0.0258000,0.9916000,-1.6589236,0.6272372,0.5284112,-0.0026180,-0.0168110,0.9885937,0
1127,-2.0600000,0.1900000,0.3200000,0.0087000,0.0253000,0.7490000,-1.4218049,0.7227868,0.7019562,-0.0017624,-0.0175606,0.9923450,0
1128,-0.9600000,-2.7300000,-0.5200000,-0.0395000,-0.0629000,1.0327000,-1.2318267,0.7499030,0.7964332,-0.0004474,-0.0163595,0.9857721,0
1129,-0.0500000,0.5500000,0.2600000,-0.0078000,-0.0820000,1.1005000,-1.0919629,0.6122582,0.7838076,-0.0011367,-0.0179402,0.9809905,0
1130,2.0800000,1.7100000,1.4200000,0.0493000,0.0439000,1.0834000,-0.8940549,0.4764013,0.7412625,-0.0016039,-0.0211880,0.9858193,0
1131,0.4900000,1.4100000,0.6300000,0.0405000,0.0458000,0.9077000,-0.6029203,0.4590469,0.7293390,0.0008623,-0.0205326,0.9935700,0
1132,-2.0000000,-1.9400000,-0.7700000,-0.0332000,-0.0415000,0.8530000,-0.3464776,0.4630557,0.7014607,0.0043248,-0.0165750,0.9940729,0
1133,-0.9000000,-2.1200000,-0.4000000,-0.0659000,-0.0952000,1.0556000,-0.2427416,0.3362452,0.6009209,0.0043544,-0.0153643,0.9882299,0
1134,2.3800000,0.5500000,0.9900000,0.0234000,-0.0126000,1.1635000,-0.1852284,0.1148340,0.4765172,0.0011797,-0.0182639,0.9879927,0
1135,1.9600000,1.7100000,1.1200000,0.0761000,0.0605000,0.9750000,-0.0165771,-0.0225359,0.4126755,0.0001937,-0.0198593,0.9959870,0
1136,-0.6000000,-0.0500000,-0.0900000,0.0229000,0.0014000,0.8017000,0.2073946,-0.0301011,0.4016406,0.0035322,-0.0170821,0.9997335,0
1137,-2.2500000,-3.7100000,-0.8300000,-0.0639000,-0.0903000,0.9907000,0.3044543,-0.0747100,0.3645074,0.0065545,-0.0144709,0.9935038,0
1138,0.6100000,-1.4500000,0.2000000,-0.0649000,-0.0864000,1.1464000,0.2520715,-0.2764619,0.2802806,0.0045562,-0.0169678,0.9886144,0
1139,3.2400000,1.6500000,1.2400000,0.0463000,0.0493000,1.0317000,0.2426101,-0.4832602,0.2200132,-0.0000518,-0.0215000,0.9927235,0
1140,2.3800000,-0.5400000,0.5100000,0.0634000,0.0585000,0.8540000,0.4072419,-0.5507594,0.2277521,-0.0011734,-0.0212596,0.9972247,0
1141,-0.8400000,-3.9500000,-1.1300000,-0.0473000,-0.0419000,0.9018000,0.6239104,-0.6176875,0.2371136,0.0007281,-0.0168992,0.9931347,0
1142,-0.6600000,-3.8300000,-0.9500000,-0.1157000,-0.1108000,1.0883000,0.7135536,-0.8574139,0.1698444,-0.0010612,-0.0154785,0.9859598,0
1143,4.2800000,-0.4700000,0.5100000,0.0087000,-0.0117000,1.1821000,0.7563009,-1.1848908,0.0624469,-0.0075460,-0.0188508,0.9877179,0
1144,3.1200000,1.1600000,0.5100000,0.1088000,0.1093000,0.8935000,0.9442794,-1.3722332,0.0001991,-0.0108879,-0.0199993,0.9967809,0
1145,1.1000000,-2.5500000,-0.8300000,0.0356000,0.0385000,0.7832000,1.2223512,-1.3962077,-0.0256813,-0.0068968,-0.0142009,0.9978775,0
1146,-1.5100000,-5.8500000,-1.8600000,-0.0913000,-0.0927000,1.1005000,1.3790149,-1.4960377,-0.1006675,-0.0020017,-0.0074614,0.9899226,0
1147,-0.6600000,-2.6100000,-1.0700000,-0.0942000,-0.0541000,1.1923000,1.3168953,-1.7784876,-0.2535417,-0.0035455,-0.0065764,0.9891751,0
1148,3.6000000,3.3000000,0.3800000,0.0644000,0.0771000,1.0073000,1.1867282,-1.9728129,-0.4039216,-0.0085747,-0.0079668,0.9994543,0
1149,1.8300000,-1.1500000,-0.0300000,0.1186000,0.0961000,0.8208000,1.1760091,-1.8819241,-0.4747480,-0.0080346,-0.0042782,1.0066470,0
1150,-1.2100000,-4.6900000,-1.3800000,-0.0444000,-0.0444000,0.9018000,1.1961660,-1.7465586,-0.5033228,-0.0018773,0.0029479,1.0017027,0
1151,-2.7900000,-3.0400000,-1.1300000,-0.1362000,-0.1313000,1.2373000,1.0451196,-1.7919659,-0.5599424,0.0000856,0.0048552,0.9956173,0
1152,2.5700000,1.6500000,0.7500000,0.0126000,-0.0097000,1.1547000,0.7795360,-1.8602934,-0.6093143,-0.0047717,-0.0006719,1.0027328,0
1153,2.9900000,3.0600000,1.3000000,0.1601000,0.1293000,0.8403000,0.6538258,-1.6879948,-0.5584915,-0.0065175,-0.0045926,1.0148491,0
1154,-1.5700000,-2.7300000,-1.2500000,-0.0166000,-0.0219000,0.8833000,0.6608592,-1.3406682,-0.4388556,-0.0007633,-0.0021792,1.0157755,0
1155,-3.2800000,-3.1600000,-1.3100000,-0.1640000,-0.0996000,1.2363000,0.5433951,-1.1218728,-0.3772814,0.0022434,-0.0007396,1.0119534,0
1156,1.2200000,3.1800000,-0.2200000,-0.0205000,0.0166000,1.2421000,0.2856304,-1.0093134,-0.3896233,-0.0033409,-0.0038638,1.0205516,0
1157,2.5700000,5.1300000,0.5100000,0.1352000,0.1391000,0.7207000,0.1321111,-0.6887472,-0.3911424,-0.0080558,-0.0040972,1.0332759,0
1158,1.4100000,-1.8200000,-0.4000000,0.0849000,0.0439000,0.7607000,0.1790862,-0.1944534,-0.3526616,-0.0037087,0.0028846,1.0276012,0
1159,-2.9200000,-3.6500000,-1.3800000,-0.1059000,-0.1118000,1.2441000,0.2444330,0.0948037,-0.3331905,0.0033759,0.0094422,1.0114256,0
1160,-3.4100000,0.9200000,-0.3400000,-0.1254000,-0.0781000,1.2001000,0.1092535,0.1080197,-0.3642281,0.0025814,0.0077119,1.0091509,0
1161,3.6600000,6.0500000,1.6100000,0.1054000,0.0903000,0.9941000,-0.1083276,0.1929717,-0.3639120,-0.0031825,0.0024139,1.0197781,0
1162,1.9600000,2.3200000,0.9300000,0.1850000,0.1245000,0.7270000,-0.1212819,0.5400325,-0.2579573,-0.0011930,0.0033810,1.0233040,0
1163,-1.1500000,-2.7300000,-0.8300000,-0.0014000,-0.0219000,0.8691000,0.0092888,0.8791015,-0.1162604,0.0096983,0.0101041,1.0099804,0
1164,-4.4400000,-1.9400000,-1.2500000,-0.1757000,-0.1250000,1.3242000,-0.0037141,0.9239191,-0.0558083,0.0160350,0.0127145,0.9964039,0
1165,-1.0900000,4.3400000,-0.3400000,-0.0292000,0.0273000,1.2343000,-0.2350822,0.8328521,-0.0862600,0.0111390,0.0084550,1.0030842,0
1166,2.6300000,6.7200000,0.5700000,0.1806000,0.1455000,0.7060000,-0.4447182,0.9778624,-0.1261740,0.0060296,0.0065522,1.0171384,0
1167,0.9800000,-0.9600000,-0.5800000,0.1279000,0.0380000,0.6962000,-0.4400134,1.3301121,-0.1372186,0.0115047,0.0119611,1.0115706,0
1168,-3.2200000,-4.3200000,-1.5000000,-0.1157000,-0.1069000,1.2138000,-0.3741340,1.4588155,-0.1752531,0.0205327,0.0167708,0.9932568,0
1169,-4.4400000,0.3700000,-0.9500000,-0.1738000,-0.1049000,1.3359000,-0.5006520,1.2387985,-0.2765455,0.0191042,0.0128709,0.9912852,0
1170,1.9600000,7.0800000,0.9300000,0.0742000,0.0834000,0.9252000,-0.7452208,1.0684650,-0.3688996,0.0088389,0.0046503,1.0070045,0
1171,2.6300000,2.2000000,0.9900000,0.2084000,0.1259000,0.6420000,-0.7998332,1.2093826,-0.3603377,0.0052204,0.0027760,1.0130750,0
1172,-0.7800000,-3.9500000,-0.0900000,0.0400000,-0.0249000,0.9150000,-0.6412688,1.3538342,-0.2692642,0.0131446,0.0075828,0.9983290,0
1173,-5.4200000,-2.8500000,-0.3400000,-0.1899000,-0.1411000,1.3344000,-0.5754205,1.1660075,-0.1797840,0.0191491,0.0087511,0.9851178,0
1174,-2.2500000,4.0900000,0.6300000,-0.0649000,-0.0039000,1.2617000,-0.7655194,0.8402116,-0.1107647,0.0133340,0.0025515,0.9948207,0
1175,1.8300000,6.6600000,1.6100000,0.1879000,0.1455000,0.7011000,-0.9884173,0.8045644,-0.0067901,0.0058863,-0.0016979,1.0126844,0
1176,1.4700000,-0.4700000,0.5100000,0.1748000,0.0639000,0.6381000,-0.9941301,1.0572808,0.1480032,0.0103914,0.0027624,1.0091042,0
1177,-2.8600000,-4.6200000,-0.6400000,-0.0917000,-0.1040000,1.1909000,-0.8795729,1.1565175,0.2753564,0.0213991,0.0088012,0.9893713,0
1178,-5.6600000,-0.4700000,-0.6400000,-0.2094000,-0.1157000,1.4492000,-0.9344684,0.9228074,0.3065967,0.0223616,0.0067495,0.9869905,0
1179,0.1900000,8.7900000,0.5700000,0.0546000,0.0512000,0.9521000,-1.1755730,0.7636541,0.2748901,0.0120266,-0.0008163,1.0074235,0
1180,1.7700000,3.7300000,0.9900000,0.2187000,0.1469000,0.5971000,-1.3062606,1.0187712,0.2623965,0.0068119,-0.0029198,1.0189378,0
1181,0.1200000,-2.8500000,-0.3400000,0.0615000,-0.0097000,0.8417000,-1.2078199,1.3696667,0.2776886,0.0140364,0.0026995,1.0044768,0
1182,-5.1100000,-3.3400000,-1.1300000,-0.2119000,-0.1313000,1.3403000,-1.1099149,1.3780413,0.2487203,0.0201491,0.0060103,0.9872270,0
1183,-3.1600000,4.4000000,-0.7000000,-0.1391000,-0.0390000,1.3613000,-1.2242655,1.1696819,0.1438857,0.0123810,0.0013989,0.9949355,0
1184,1.2800000,9.1600000,0.4500000,0.1591000,0.0957000,0.6733000,-1.4031011,1.2357045,0.0233176,-0.0002433,-0.0039524,1.0150717,0
1185,1.7700000,0.3100000,0.0800000,0.1923000,0.0566000,0.6093000,-1.3815841,1.6412997,-0.0502587,-0.0008614,-0.0028696,1.0130623,0
1186,-2.1200000,-3.5300000,-0.2800000,-0.0805000,-0.1235000,1.1777000,-1.2025717,1.8950986,-0.0867821,0.0081140,-0.0002295,0.9920388,0
1187,-3.2200000,5.3100000,0.5700000,-0.1572000,-0.0712000,1.3417000,-1.1054293,1.8767130,-0.1014274,0.0106901,-0.0037716,0.9853484,0
1188,0.4900000,9.8300000,1.3600000,0.1503000,0.1030000,0.6630000,-1.1163968,2.0539692,-0.0580871,0.0065711,-0.0090120,0.9927602,0
1189,1.6500000,1.4700000,0.6300000,0.1899000,0.0849000,0.5874000,-1.0455959,2.5336544,0.0531024,0.0100953,-0.0072366,0.9831353,0
1190,-2.0000000,-3.5300000,-0.4000000,-0.0898000,-0.0678000,1.1948000,-0.8802421,2.8233344,0.1647332,0.0203872,-0.0013995,0.9588885,0
1191,-5.4200000,0.3100000,-1.0100000,-0.2343000,-0.1015000,1.4418000,-0.8595271,2.6762727,0.1993958,0.0208515,-0.0006002,0.9550513,0
1192,-2.2500000,9.3400000,-0.4000000,-0.0278000,0.0283000,0.9501000,-1.0802507,2.4960963,0.1489734,0.0077014,-0.0049095,0.9768570,0
1193,1.6500000,6.1100000,-0.0300000,0.1865000,0.0893000,0.5776000,-1.3011213,2.6841123,0.0677140,-0.0034278,-0.0063872,0.9910866,0
1194,0.6100000,-2.2400000,-0.5200000,0.1030000,-0.0361000,0.8852000,-1.3049150,2.9770833,-0.0095232,-0.0012888,-0.0033916,0.9806546,0
1195,-5.1800000,-1.8200000,-0.4600000,-0.1606000,-0.1225000,1.2919000,-1.2489124,2.9220055,-0.0890220,0.0048440,-0.0033147,0.9682861,0
1196,-3.8300000,4.4000000,-0.0900000,-0.1704000,-0.0610000,1.3364000,-1.3853977,2.6222230,-0.1635847,0.0005837,-0.0098696,0.9790764,0
1197,-0.1100000,8.2400000,0.2000000,0.0986000,0.0937000,0.7172000,-1.6217185,2.5249737,-0.2071010,-0.0102852,-0.0163093,1.0013725,0
1198,1.9600000,1.4700000,-0.5800000,0.1933000,0.0664000,0.6030000,-1.6849793,2.7086261,-0.2237956,-0.0120093,-0.0152572,1.0029857,0
1199,-1.2100000,-3.3400000,-1.3800000,-0.0273000,-0.0649000,1.1157000,-1.5379747,2.7662721,-0.2635195,-0.0029542,-0.0101112,0.9844784,0
1200,-4.6900000,-0.7200000,-1.1300000,-0.2172000,-0.0961000,1.3837000,-1.4235716,2.4619249,-0.3575997,0.0015142,-0.0092019,0.9782357,0
1201,-1.0900000,6.7800000,-0.5800000,-0.0668000,0.0156000,1.0756000,-1.4704123,2.1091232,-0.4739628,-0.0063558,-0.0127296,0.9952344,0
1202,1.8300000,5.3100000,-0.4000000,0.1733000,0.0654000,0.5351000,-1.4835505,2.0779332,-0.5645416,-0.0144574,-0.0139595,1.0079251,0
1203,2.6900000,-2.6700000,-0.5800000,0.1147000,-0.0302000,0.8378000,-1.2671594,2.1868298,-0.6166463,-0.0105691,-0.0112932,0.9950150,0
1204,-1.7600000,-3.4000000,-0.0900000,-0.1337000,-0.1279000,1.3242000,-0.9171271,2.0121093,-0.6336640,-0.0018238,-0.0111441,0.9777948,0
1205,-1.8200000,1.8300000,0.2600000,-0.1694000,-0.0859000,1.2846000,-0.6721782,1.5849755,-0.6037155,-0.0025374,-0.0176223,0.9840146,0
1206,1.1600000,6.5300000,0.5700000,0.0629000,0.0703000,0.7690000,-0.5462349,1.3200720,-0.5159261,-0.0110173,-0.0249686,1.0025912,0
1207,4.0900000,0.9200000,0.3200000,0.1894000,0.0429000,0.5786000,-0.3293974,1.3616478,-0.3836327,-0.0126427,-0.0257141,1.0022712,0
1208,2.5700000,-5.3600000,0.0200000,0.0122000,-0.0625000,1.1044000,0.0753262,1.3393776,-0.2432651,-0.0035537,-0.0222468,0.9824147,0
1209,-2.0000000,-2.9200000,0.3200000,-0.2084000,-0.1035000,1.3793000,0.4740478,0.9620373,-0.1200410,0.0026695,-0.0219633,0.9744403,0
1210,0.8000000,4.3400000,0.6300000,-0.0966000,-0.0126000,1.0625000,0.6790341,0.5049738,-0.0054603,-0.0036195,-0.0256827,0.9899664,0
1211,3.2400000,2.8700000,0.2000000,0.1372000,0.0898000,0.5659000,0.8129900,0.3445886,0.1042133,-0.0126722,-0.0267861,1.0021399,0
1212,5.7400000,-4.9900000,-0.3400000,0.1186000,-0.0029000,0.8090000,1.0950780,0.3162677,0.1800384,-0.0115075,-0.0220463,0.9897585,0
1213,1.8300000,-6.1500000,-0.3400000,-0.0966000,-0.1015000,1.2944000,1.5204039,0.0063916,0.1977374,-0.0042569,-0.0175869,0.9721629,0
1214,0.0000000,-1.8200000,0.0200000,-0.1679000,-0.0693000,1.2905000,1.8598316,-0.5766544,0.1731204,-0.0041350,-0.0188409,0.9769376,0
1215,2.0800000,2.5100000,-0.0300000,0.0019000,0.0512000,0.8251000,2.0066434,-1.0504742,0.1367974,-0.0123705,-0.0219254,0.9959209,0
1216,5.1900000,-1.7600000,-0.4600000,0.1762000,0.0205000,0.6074000,2.1273802,-1.2410509,0.0924705,-0.0164155,-0.0210658,0.9993479,0
1217,3.4800000,-7.6800000,-0.0300000,0.0693000,-0.0361000,1.0927000,2.3540440,-1.4381042,0.0369312,-0.0091838,-0.0176955,0.9841779,0
1218,-1.7600000,-4.4400000,0.8100000,-0.1577000,-0.0717000,1.3251000,2.5189729,-1.8819541,0.0041683,-0.0006529,-0.0165908,0.9780875,0
1219,-0.2300000,0.6100000,0.8700000,-0.1176000,-0.0170000,1.1386000,2.4169700,-2.3357638,0.0322260,-0.0024334,-0.0184958,0.9936452,0
1220,3.6600000,-2.3100000,0.3200000,0.1650000,0.0458000,0.5913000,2.1863067,-2.5502363,0.1052713,-0.0079569,-0.0194348,1.0080218,0
1221,3.2400000,-7.0100000,0.5700000,0.0507000,-0.0107000,1.0825000,2.0701981,-2.7042380,0.1854356,-0.0055763,-0.0171924,1.0046222,0
1222,-2.0000000,-5.0500000,0.9900000,-0.1323000,-0.0742000,1.3828000,1.9929041,-3.0151489,0.2711567,-0.0009083,-0.0153732,1.0048641,0
1223,-1.5100000,0.3100000,1.0600000,-0.1049000,-0.0146000,1.1591000,1.7376453,-3.3097352,0.3768520,-0.0042441,-0.0164600,1.0248565,0
1224,-1.5700000,1.2200000,0.4500000,0.0659000,0.1162000,0.6425000,1.3019943,-3.2972538,0.4858629,-0.0115896,-0.0155777,1.0425804,0
1225,4.1500000,-3.1000000,0.2000000,0.1318000,0.0195000,0.7026000,0.9079534,-3.0313982,0.5601262,-0.0121824,-0.0089946,1.0333900,0
1226,1.8900000,-6.8800000,0.4500000,0.0034000,-0.0625000,1.2915000,0.7554143,-2.8555573,0.5888665,-0.0048981,-0.0021882,1.0115423,0
1227,-3.6500000,-1.8800000,0.8100000,-0.1538000,-0.0244000,1.3457000,0.6828548,-2.8897470,0.5983528,-0.0001382,-0.0002560,1.0092816,0
1228,-1.6400000,4.0300000,0.0800000,-0.0473000,0.0546000,0.9418000,0.4398749,-2.8122823,0.5995483,-0.0041336,-0.0001349,1.0256572,0
1229,0.5500000,-0.4100000,-0.9500000,0.1362000,0.0776000,0.5712000,0.1205708,-2.4207988,0.5525529,-0.0086173,0.0032151,1.0300920,0
1230,4.2800000,-4.2000000,-0.3400000,0.0893000,0.0131000,0.9550000,-0.0187894,-1.9951316,0.4346438,-0.0044865,0.0095820,1.0112227,0
1231,-0.4100000,-3.7100000,0.2600000,-0.0722000,-0.0625000,1.3969000,0.0680663,-1.8132973,0.2965919,0.0033954,0.0137250,0.9957712,0
1232,-2.0000000,2.0800000,0.5100000,-0.1245000,0.0166000,1.1967000,0.1476251,-1.7426044,0.1980834,0.0045708,0.0133657,1.0051899,0
1233,-2.1800000,3.4800000,-0.4000000,0.0209000,0.1025000,0.7592000,0.0544417,-1.4783484,0.1366655,-0.0010736,0.0135316,1.0218495,0
1234,2.9900000,0.6100000,-0.4000000,0.1420000,0.0175000,0.6791000,-0.0773761,-0.9963020,0.0724387,-0.0034165,0.0173529,1.0186124,0
1235,2.2000000,-2.6700000,0.0200000,0.0458000,-0.0424000,1.1972000,-0.0352016,-0.5663352,0.0017291,0.0023986,0.0203196,1.0012759,0
1236,-2.3100000,-0.0500000,0.2000000,-0.1000000,-0.0083000,1.2993000,0.0966985,-0.3410782,-0.0469729,0.0086186,0.0190717,0.9975418,0
1237,-1.0200000,4.8300000,-0.5800000,-0.0488000,0.0483000,1.0224000,0.1044379,-0.1278375,-0.0776478,0.0078385,0.0165243,1.0117766,0
1238,-0.4800000,3.7300000,-1.6800000,0.1166000,0.0595000,0.6503000,0.0040091,0.2871065,-0.1441036,0.0050817,0.0165314,1.0198476,0
1239,3.1200000,-0.1700000,-1.1300000,0.1157000,0.0043000,0.9023000,-0.0378281,0.7735776,-0.2769714,0.0089325,0.0186543,1.0078709,0
1240,0.4900000,-1.1500000,-0.3400000,-0.0273000,-0.0571000,1.3437000,0.0638994,1.0684192,-0.4258932,0.0171253,0.0187381,0.9955126,0
1241,-2.3700000,3.6700000,-0.2200000,-0.0932000,0.0063000,1.2231000,0.1587535,1.1957865,-0.5279601,0.0203594,0.0152060,1.0042708,0
1242,-2.1800000,5.3100000,-1.1300000,0.0029000,0.0756000,0.7778000,0.0776990,1.4123708,-0.5893673,0.0165644,0.0123436,1.0209462,0
1243,2.6900000,2.2000000,-1.6800000,0.1538000,-0.0063000,0.6586000,-0.0616640,1.7689916,-0.6649518,0.0141334,0.0125529,1.0186574,0
1244,2.2600000,-1.5700000,-0.5800000,0.0874000,-0.0361000,1.0922000,-0.0364358,2.0190802,-0.7618328,0.0194301,0.0122189,0.9993669,0
1245,-1.5700000,0.2500000,0.3200000,-0.0532000,-0.0249000,1.4067000,0.0959415,2.0034178,-0.8133770,0.0267971,0.0089465,0.9920606,0
1246,-3.4700000,5.5600000,0.0800000,-0.0620000,0.0297000,1.0102000,0.0857719,1.9226055,-0.7782819,0.0277426,0.0050004,1.0064048,0
1247,-2.5500000,3.1800000,-0.8900000,0.0747000,0.0605000,0.6796000,-0.1497627,2.0085398,-0.7014857,0.0240617,0.0039757,1.0172329,0
1248,1.4100000,0.5500000,-0.5200000,0.1142000,0.0068000,0.8500000,-0.4325892,2.1527406,-0.6404646,0.0238168,0.0061623,1.0071161,0
1249,-0.9600000,-1.0200000,0.4500000,0.0092000,-0.0615000,1.1928000,-0.5930865,2.1377586,-0.5796013,0.0280185,0.0073227,0.9914683,0
1250,-3.5900000,1.2900000,0.6900000,-0.1044000,0.0043000,1.2832000,-0.7307188,1.9523997,-0.4725160,0.0290288,0.0052313,0.9925373,0
1251,-5.2400000,3.6700000,-0.1500000,-0.0488000,0.0502000,0.9423000,-1.0290038,1.7817125,-0.3321377,0.0223561,0.0034155,1.0079108,0
1252,-2.0600000,2.7500000,-0.2800000,0.1064000,-0.0112000,0.5629000,-1.4615906,1.7576596,-0.2132150,0.0143606,0.0038544,1.0117267,0
1253,0.5500000,-3.5900000,1.0600000,0.0258000,-0.0742000,1.1962000,-1.7985507,1.7130995,-0.1127862,0.0118909,0.0028944,0.9984567,0
1254,-3.5300000,-1.5100000,1.4200000,-0.1181000,-0.0200000,1.3071000,-1.9603511,1.4276064,0.0261562,0.0101530,-0.0015609,0.9953398,0
1255,-4.3800000,2.9300000,0.3200000,-0.0649000,0.0292000,0.9409000,-2.1253481,1.0559136,0.1979178,0.0026938,-0.0059999,1.0088038,0
1256,-2.3700000,0.8600000,-0.6400000,0.0888000,0.0185000,0.6166000,-2.3548548,0.8373370,0.3206962,-0.0055018,-0.0072222,1.0128255,0
1257,1.6500000,-3.4700000,-0.2800000,0.0786000,-0.0200000,0.9042000,-2.4628983,0.6535848,0.3487744,-0.0064741,-0.0064980,0.9958637,0
1258,-0.4800000,-5.1100000,0.5700000,-0.0493000,-0.0576000,1.3852000,-2.3253016,0.2584974,0.3261116,-0.0026273,-0.0071002,0.9815057,0
1259,-3.7100000,0.9800000,0.2000000,-0.1152000,0.0000000,1.1640000,-2.1109060,-0.2709181,0.3066675,-0.0026643,-0.0096313,0.9906248,0
1260,-3.1000000,1.2200000,-0.8900000,0.0034000,0.0302000,0.7207000,-2.0247437,-0.6274566,0.2711680,-0.0080230,-0.0110312,1.0059406,0
1261,1.4700000,-1.7600000,-0.7700000,0.0937000,-0.0361000,0.7631000,-1.9763323,-0.7723790,0.1794205,-0.0111106,-0.0105548,1.0026036,0
1262,0.9800000,-3.1600000,0.4500000,0.0356000,-0.0986000,1.1254000,-1.7700496,-0.9129326,0.0663996,-0.0076513,-0.0122251,0.9876480,0
1263,-2.1800000,-1.7000000,1.7900000,-0.1015000,-0.0410000,1.3437000,-1.4704515,-1.1261531,0.0271394,-0.0035448,-0.0178231,0.9862302,0
1264,-3.2800000,2.0200000,0.8700000,-0.0976000,0.0205000,0.9736000,-1.2939325,-1.2636131,0.0981882,-0.0059484,-0.0231970,1.0022207,0
1265,-0.5400000,0.9800000,-0.1500000,0.0483000,-0.0166000,0.6210000,-1.2631494,-1.1835861,0.2037494,-0.0120008,-0.0251134,1.0105285,0
1266,3.2400000,-1.9400000,0.2600000,0.0556000,-0.0678000,0.8662000,-1.1644268,-0.9962090,0.2717525,-0.0138219,-0.0259418,0.9965704,0
1267,1.7100000,-4.2000000,1.1800000,-0.0415000,-0.0917000,1.2880000,-0.8539307,-0.9385974,0.3246648,-0.0115097,-0.0292874,0.9806919,0
1268,-0.5400000,0.3100000,1.4200000,-0.1372000,0.0058000,1.2626000,-0.4632842,-1.0276836,0.4136556,-0.0124078,-0.0340088,0.9862141,0
1269,-1.2100000,2.4500000,0.1400000,-0.0488000,0.0283000,0.7954000,-0.1871735,-1.0249559,0.5210464,-0.0193115,-0.0353452,1.0030860,0
1270,3.4800000,-0.9000000,-0.1500000,0.0703000,-0.0175000,0.6489000,0.0153901,-0.8543090,0.5791934,-0.0254915,-0.0324611,1.0036634,0
1271,5.2500000,-3.5900000,0.2600000,0.0336000,-0.0600000,1.0268000,0.3649853,-0.7352798,0.5719658,-0.0248888,-0.0293432,0.9860661,0
1272,2.8100000,-3.2800000,0.9300000,-0.0800000,-0.0556000,1.4008000,0.8970779,-0.8280197,0.5474907,-0.0213481,-0.0288645,0.9779740,0
1273,-0.1100000,2.4500000,0.1400000,-0.0888000,0.0146000,1.0961000,1.3823680,-0.9756228,0.5332002,-0.0216842,-0.0293837,0.9931206,0
1274,0.0600000,1.4700000,-1.1300000,0.0234000,-0.0043000,0.6171000,1.6357801,-0.9298556,0.4828078,-0.0248613,-0.0279727,1.0076071,0
1275,5.6200000,-2.1200000,-0.5200000,0.0805000,-0.0585000,0.8339000,1.7799678,-0.7601316,0.3586829,-0.0241286,-0.0258750,0.9995013,0
1276,3.6000000,-3.4700000,1.0600000,-0.0083000,-0.0839000,1.2358000,2.0286940,-0.7155350,0.2279684,-0.0181836,-0.0265722,0.9847167,0
1277,0.9200000,0.6800000,1.6700000,-0.1005000,0.0063000,1.2773000,2.3011884,-0.7977501,0.1914935,-0.0136451,-0.0293030,0.9881669,0
1278,-0.4100000,2.0200000,0.3200000,-0.0551000,0.0375000,0.8911000,2.3921100,-0.7882004,0.2475105,-0.0149482,-0.0293792,1.0050172,0
1279,1.4700000,0.2500000,-0.5800000,0.0610000,0.0180000,0.6616000,2.2897871,-0.6189425,0.2982979,-0.0175896,-0.0250737,1.0098198,0
1280,4.0300000,-1.3900000,-0.1500000,0.0664000,-0.0327000,0.9960000,2.1719626,-0.4379727,0.2870247,-0.0151935,-0.0194787,0.9962513,0
1281,1.5900000,-2.7900000,0.5100000,-0.0288000,-0.0278000,1.3916000,2.1452414,-0.3935671,0.2493060,-0.0091225,-0.0158358,0.9887580,0
1282,-1.7000000,2.5100000,-0.0300000,-0.0737000,0.0634000,1.0922000,2.0664284,-0.4230426,0.2219575,-0.0057994,-0.0127273,1.0023560,0
1283,-2.1200000,2.0800000,-1.5600000,0.0034000,0.0185000,0.6787000,1.7709506,-0.3214031,0.1642944,-0.0066726,-0.0073515,1.0160030,0
1284,2.3200000,-1.2700000,-1.9200000,0.0664000,-0.0610000,0.7778000,1.3664771,-0.1219468,0.0122910,-0.0067067,-0.0025218,1.0079536,0
1285,2.2600000,-2.9800000,-0.5800000,0.0190000,-0.0380000,1.1840000,1.0932920,-0.0533156,-0.2062825,-0.0030728,-0.0020636,0.9904697,0
1286,-1.7600000,2.0200000,0.2000000,-0.0532000,0.0615000,1.0800000,0.9322799,-0.1096501,-0.3877337,0.0005329,-0.0031201,0.9845568,0
1287,-1.5700000,1.2200000,-0.8300000,0.0126000,0.0288000,0.7387000,0.6972854,-0.0911817,-0.4932439,0.0013004,-0.0012617,0.9836660,0
1288,0.9800000,-2.2400000,-1.2500000,0.0766000,-0.0004000,0.8208000,0.4118291,-0.0274270,-0.5757149,0.0026642,0.0024155,0.9719191,0
1289,2.3800000,-2.1200000,-0.0900000,0.0590000,-0.0307000,1.1088000,0.2512986,-0.0923830,-0.6510438,0.0078396,0.0045256,0.9563804,0
1290,0.7400000,-0.1100000,0.8100000,-0.0083000,0.0346000,1.3837000,0.2582946,-0.2589706,-0.6595072,0.0142706,0.0049691,0.9583960,0
1291,-3.6500000,1.9000000,-0.4600000,-0.0078000,0.0805000,0.9384000,0.2462493,-0.3538445,-0.5904655,0.0179436,0.0072443,0.9793908,0
1292,-1.2100000,0.6100000,-1.3800000,0.0532000,0.0185000,0.6376000,0.0626942,-0.2999079,-0.5286756,0.0194463,0.0124214,0.9924650,0
1293,2.6300000,-1.7000000,-0.7700000,0.0649000,-0.0590000,0.9687000,-0.1291523,-0.2127047,-0.5267088,0.0221314,0.0159187,0.9850333,0
1294,2.3200000,-1.9400000,0.9300000,0.0332000,-0.0180000,1.3027000,-0.1138871,-0.2346837,-0.5231010,0.0264177,0.0145231,0.9790131,0
1295,-1.5100000,2.3800000,0.8700000,-0.0107000,0.0791000,1.1533000,0.0207324,-0.2941938,-0.4394012,0.0294665,0.0121421,0.9914466,0
1296,-2.5500000,1.2900000,-0.2200000,0.0112000,0.0292000,0.7915000,0.0401344,-0.2261845,-0.3012173,0.0295167,0.0130417,1.0081574,0
1297,0.8600000,-0.6000000,0.0200000,0.0483000,-0.0043000,0.8022000,-0.0661256,-0.0768329,-0.1793576,0.0283827,0.0152461,1.0089512,0
1298,2.4400000,-0.6000000,1.1200000,0.0341000,-0.0415000,1.0000000,-0.0966293,0.0148837,-0.0679158,0.0282251,0.0150153,0.9966088,0
1299,2.7500000,-0.7200000,1.6100000,-0.0146000,0.0258000,1.3520000,0.0620774,0.0219005,0.0867361,0.0279032,0.0124260,0.9920623,0
1300,-2.2500000,1.2900000,0.2600000,-0.0263000,0.0771000,1.0424000,0.2731517,0.0095789,0.2713380,0.0250253,0.0115184,1.0047743,0
1301,-1.5700000,1.2200000,-0.6400000,0.0268000,-0.0092000,0.6528000,0.3199045,0.0627637,0.3978594,0.0203579,0.0134412,1.0143431,0
1302,3.1200000,-1.2700000,-0.3400000,0.0556000,-0.0385000,0.8691000,0.2786013,0.1412369,0.4197293,0.0173939,0.0140003,1.0036046,0
1303,3.2400000,-3.3400000,0.8100000,0.0068000,0.0161000,1.2670000,0.3885898,0.0866312,0.3897947,0.0170037,0.0118263,0.9895593,0
1304,0.8600000,1.7100000,0.7500000,-0.0283000,0.0854000,1.1962000,0.6379863,-0.0806698,0.3800519,0.0162089,0.0110706,0.9934261,0
1305,-2.3700000,1.4700000,-1.1300000,-0.0029000,0.0693000,0.8515000,0.7987015,-0.1503588,0.3669707,0.0133386,0.0148420,1.0066948,0
1306,-0.7200000,-0.6000000,-1.5600000,0.0190000,-0.0078000,0.7851000,0.7452304,-0.1016375,0.2674452,0.0101230,0.0204104,1.0083265,0
1307,1.8300000,-0.3500000,-0.3400000,0.0356000,-0.0410000,0.9907000,0.6113047,-0.0638318,0.0899469,0.0086673,0.0225972,0.9969032,0
1308,2.6300000,0.0600000,0.8100000,0.0205000,0.0205000,1.3725000,0.5881673,-0.0593606,-0.0598369,0.0092607,0.0207926,0.9926172,0
1309,-3.2200000,3.4800000,0.1400000,-0.0058000,0.0712000,1.1079000,0.6038013,0.0135466,-0.1225757,0.0103192,0.0193948,1.0074038,0
1310,-4.2000000,2.9300000,-1.0100000,0.0136000,-0.0097000,0.7163000,0.4044549,0.2590470,-0.1513597,0.0106209,0.0200170,1.0224098,0
1311,-1.0200000,0.4300000,-0.7000000,0.0214000,-0.0800000,0.8608000,-0.0097412,0.5919034,-0.2094762,0.0108208,0.0182417,1.0182098,0
1312,0.6100000,0.6800000,0.9300000,0.0073000,-0.0200000,1.2202000,-0.3876733,0.8476044,-0.2596448,0.0113591,0.0118279,1.0071868,0
1313,-1.4500000,4.5800000,1.3600000,-0.0151000,0.0766000,1.1699000,-0.6240218,1.0714387,-0.2203522,0.0112115,0.0058926,1.0090011,0
1314,-4.8700000,2.3800000,-0.3400000,0.0000000,0.0922000,0.9472000,-0.8692713,1.3743415,-0.1109742,0.0097563,0.0061394,1.0196279,0
1315,-5.5400000,2.0800000,-1.0700000,-0.0375000,-0.0380000,0.7504000,-1.2927256,1.6875552,-0.0397421,0.0069829,0.0102831,1.0211452,0
1316,-1.5700000,2.4500000,-0.2200000,-0.0219000,-0.0825000,0.9711000,-1.8123202,1.9334175,-0.0450897,0.0026971,0.0107830,1.0087532,0
1317,0.2500000,1.5300000,0.5100000,0.0063000,0.0087000,1.2470000,-2.1692758,2.1066931,-0.0649806,-0.0017746,0.0063352,0.9988894,0
1318,-3.4100000,3.9700000,-0.3400000,-0.0068000,0.0546000,1.0791000,-2.3139179,2.2389760,-0.0632791,-0.0048232,0.0027628,1.0035819,0
1319,-4.8700000,2.1400000,-1.5600000,-0.0214000,-0.0830000,0.7470000,-2.4505530,2.3771191,-0.0918487,-0.0069674,0.0009506,1.0093603,0
1320,-1.2700000,1.5300000,-0.3400000,-0.0175000,-0.1118000,0.9130000,-2.6309249,2.4711705,-0.1791101,-0.0091305,-0.0047706,1.0019936,0
1321,1.3500000,0.6100000,1.3000000,-0.0039000,0.0000000,1.2880000,-2.6569606,2.4496572,-0.2395652,-0.0109953,-0.0142143,0.9943171,0
1322,-2.8600000,3.7900000,0.8100000,-0.0180000,0.0849000,1.0458000,-2.4889350,2.3704154,-0.1974371,-0.0121776,-0.0196693,1.0005910,0
1323,-4.3200000,2.0200000,-1.2500000,-0.0312000,-0.0166000,0.7470000,-2.3557513,2.3342210,-0.1210182,-0.0133856,-0.0185110,1.0071098,0
1324,-2.2500000,-0.7800000,-1.6800000,-0.0415000,-0.0825000,0.9038000,-2.3572343,2.2650794,-0.1299659,-0.0155331,-0.0168997,0.9995451,0
1325,1.1600000,1.1000000,0.0800000,-0.0229000,-0.0800000,1.0668000,-2.3226592,2.0701037,-0.2162416,-0.0184161,-0.0197625,0.9871265,0
1326,2.4400000,2.0200000,1.1200000,0.0307000,0.0341000,1.1860000,-2.0634880,1.8478440,-0.2622365,-0.0199224,-0.0241963,0.9846826,0
1327,-2.1800000,0.0000000,-0.3400000,0.0000000,0.0307000,0.9873000,-1.6539792,1.6600821,-0.2309040,-0.0185148,-0.0247166,0.9929032,0
1328,-2.6100000,0.1300000,-1.1300000,-0.0537000,-0.1044000,0.7656000,-1.3494479,1.4494799,-0.2061171,-0.0165866,-0.0232434,0.9972635,0
1329,1.5900000,-0.5400000,-0.2200000,-0.0136000,-0.1171000,0.9628000,-1.1624148,1.1923447,-0.2302970,-0.0164475,-0.0263600,0.9898626,0
1330,3.4200000,-0.2900000,1.3000000,0.0078000,-0.0253000,1.1606000,-0.8689474,0.9067422,-0.2327267,-0.0165052,-0.0335496,0.9829540,0
1331,1.6500000,1.8300000,1.0600000,0.0117000,0.0561000,1.0756000,-0.4084857,0.6649880,-0.1465025,-0.0149411,-0.0377068,0.9871146,0
1332,-1.8200000,-1.2100000,-0.5200000,-0.0185000,-0.0102000,0.8583000,0.0180556,0.4998978,-0.0211916,-0.0124826,-0.0358035,0.9942342,0
1333,-0.4800000,-2.2400000,-0.4600000,-0.0668000,-0.1020000,0.8725000,0.2405622,0.2970226,0.0520424,-0.0117528,-0.0330381,0.9925297,0
1334,2.7500000,-0.6000000,0.8100000,-0.0268000,-0.1044000,0.9838000,0.3633395,0.0167230,0.0821779,-0.0139335,-0.0350090,0.9837442,0
1335,5.9200000,-1.2700000,2.2800000,0.0366000,0.0302000,1.1596000,0.6326066,-0.2589837,0.1639905,-0.0158957,-0.0390961,0.9794095,0
1336,0.5500000,-1.8800000,1.1800000,0.0161000,0.0566000,1.0244000,1.0585441,-0.5158220,0.3348332,-0.0146221,-0.0383236,0.9848588,0
1337,-1.0900000,-2.1200000,-0.3400000,-0.0390000,-0.0712000,0.8149000,1.3657777,-0.7827040,0.5038637,-0.0120321,-0.0332994,0.9900380,0
1338,1.6500000,-3.4000000,-0.1500000,-0.0478000,-0.0986000,0.9760000,1.4535065,-1.0821855,0.5788237,-0.0116075,-0.0311055,0.9867332,0
1339,4.9500000,-2.4300000,1.0600000,0.0156000,-0.0039000,1.0810000,1.5368031,-1.4152689,0.5888355,-0.0127927,-0.0326683,0.9826247,0
1340,3.9700000,-0.6600000,0.9300000,0.0502000,0.0742000,1.0791000,1.7784627,-1.6943427,0.6061952,-0.0118503,-0.0316929,0.9857457,0
1341,-0.5400000,-4.0100000,-0.8300000,-0.0131000,0.0244000,0.9169000,2.0386110,-1.8930616,0.6106053,-0.0082274,-0.0251293,0.9920274,0
1342,-0.6000000,-4.7500000,-1.3100000,-0.0722000,-0.0849000,0.9038000,2.0876797,-2.1381537,0.5234116,-0.0062109,-0.0181358,0.9930154,0
1343,1.7100000,-2.0000000,-0.3400000,-0.0307000,-0.0810000,0.9980000,1.9508370,-2.4350717,0.3493264,-0.0081983,-0.0167405,0.9886371,0
1344,5.3100000,-1.8800000,0.9300000,0.0522000,0.0561000,1.1440000,1.8696330,-2.6433689,0.1883256,-0.0104492,-0.0183327,0.9876215,0
1345,0.7400000,-2.6100000,0.2000000,0.0439000,0.0668000,0.9995000,1.9298482,-2.7327075,0.1044821,-0.0086916,-0.0159129,0.9936984,0
1346,-1.5700000,-3.9500000,-1.2500000,-0.0229000,-0.0170000,0.8769000,1.9182711,-2.7923983,0.0439221,-0.0045143,-0.0096143,0.9985017,0
1347,-0.6000000,-4.0800000,-1.3800000,-0.0747000,-0.0844000,1.0073000,1.6964947,-2.8993744,-0.0723533,-0.0030110,-0.0058386,0.9968947,0
1348,2.9900000,-1.8200000,-0.0900000,0.0004000,-0.0209000,1.0356000,1.4223911,-3.0148282,-0.2234561,-0.0052572,-0.0070992,0.9946495,0
1349,4.7600000,-0.9600000,0.5100000,0.0903000,0.0957000,1.1025000,1.3359741,-3.0210067,-0.3235027,-0.0059462,-0.0079500,0.9972744,0
1350,-0.7200000,-3.1000000,-0.7000000,0.0429000,0.0410000,0.9892000,1.4100098,-2.9196517,-0.3570604,-0.0014137,-0.0036094,1.0037920,0
1351,-2.3100000,-3.0400000,-1.3800000,-0.0654000,-0.0708000,0.8427000,1.3645060,-2.8249521,-0.3954881,0.0038300,0.0016114,1.0061331,0
1352,2.7500000,-0.7200000,0.0200000,-0.0166000,-0.0263000,1.0903000,1.1736907,-2.7361035,-0.4574496,0.0047867,0.0022817,1.0024203,0
1353,4.5800000,1.1000000,0.8700000,0.1035000,0.0966000,1.0800000,1.1130721,-2.5272014,-0.4698794,0.0051141,0.0019901,1.0019193,0
1354,0.0000000,-2.8500000,-0.1500000,0.0678000,0.0981000,0.9252000,1.2239703,-2.2177172,-0.4077700,0.0100988,0.0069653,1.0049684,0
1355,-1.0900000,-2.9200000,-0.8300000,-0.0625000,-0.0532000,0.9174000,1.2668601,-1.9920990,-0.3404001,0.0160312,0.0144085,1.0034682,0
1356,-0.0500000,-1.5700000,-0.0900000,-0.0708000,-0.0732000,1.0908000,1.1478105,-1.8934216,-0.3080052,0.0159774,0.0163880,0.9992309,0
1357,4.2100000,1.4100000,1.4200000,0.0502000,0.0610000,1.1401000,1.0399020,-1.7714172,-0.2542514,0.0115686,0.0135575,1.0013771,0
1358,1.5900000,2.0800000,1.1800000,0.1127000,0.1206000,0.9477000,1.0871861,-1.4839878,-0.1204238,0.0106695,0.0140551,1.0090435,0
1359,-1.1500000,-2.1200000,-0.2200000,0.0361000,0.0341000,0.8886000,1.1554946,-1.1111431,0.0465776,0.0154957,0.0199992,1.0117096,0
1360,-2.4900000,-1.6300000,-0.4000000,-0.0874000,-0.0708000,1.0390000,1.0422128,-0.8588725,0.1567708,0.0193044,0.0245747,1.0077371,0
1361,0.9200000,2.3200000,0.5700000,-0.0224000,-0.0473000,1.0815000,0.7812004,-0.6895373,0.2058119,0.0169608,0.0224261,1.0055338,0
1362,3.3600000,3.3000000,1.2400000,0.0996000,0.1040000,1.0898000,0.6054691,-0.3988149,0.2604960,0.0134405,0.0180135,1.0095365,0
1363,-1.2700000,0.8600000,-0.1500000,0.1044000,0.0908000,0.8608000,0.5720551,0.0160938,0.3328830,0.0157505,0.0187873,1.0137857,0
1364,-2.7300000,-2.0600000,-1.0100000,-0.0361000,-0.0307000,0.9072000,0.4663107,0.3403501,0.3511610,0.0214354,0.0228935,1.0097521,0
1365,-2.0000000,-0.2900000,-0.2200000,-0.1303000,-0.0800000,1.1342000,0.1857031,0.4496749,0.2866744,0.0213893,0.0226718,1.0025538,0
1366,2.3200000,3.3600000,1.0600000,0.0136000,0.0170000,1.0761000,-0.0977507,0.4981266,0.2144537,0.0139558,0.0172198,1.0027870,0
1367,1.1000000,2.0200000,1.1200000,0.1352000,0.1279000,0.9536000,-0.1965799,0.6588894,0.2115589,0.0087119,0.0139846,1.0075327,0
1368,-2.0000000,-1.5100000,-0.0900000,0.0483000,0.0332000,0.8686000,-0.1935621,0.8273550,0.2571746,0.0113226,0.0169318,1.0069969,0
1369,-3.1600000,-3.1000000,-0.7000000,-0.0805000,-0.0771000,1.0488000,-0.2977823,0.7865946,0.2705906,0.0151260,0.0198156,1.0008615,0
1370,-0.1700000,0.9200000,0.1400000,-0.0522000,-0.0761000,1.0458000,-0.5112100,0.5608970,0.2303450,0.0130384,0.0161148,0.9970983,0
1371,2.7500000,2.7500000,1.1200000,0.0878000,0.0668000,1.0566000,-0.6220874,0.4010108,0.2000873,0.0087020,0.0091832,0.9988743,0
1372,-0.9000000,0.3100000,0.2000000,0.1318000,0.1025000,0.9140000,-0.5542551,0.4014141,0.2164229,0.0103471,0.0072132,1.0015699,0
1373,-2.9200000,-2.7300000,-0.4600000,0.0053000,-0.0415000,0.9077000,-0.5057898,0.3822791,0.2308021,0.0177347,0.0099955,0.9990013,0
1374,-3.2200000,-1.3300000,0.0800000,-0.1108000,-0.0810000,1.1416000,-0.6341049,0.2091568,0.2086298,0.0216827,0.0097419,0.9948434,0
1375,0.4900000,2.6300000,0.9900000,-0.0087000,-0.0312000,1.0312000,-0.8435997,0.0258922,0.1915071,0.0179541,0.0040830,0.9970515,0
1376,2.3200000,2.1400000,0.8700000,0.1240000,0.0795000,0.9838000,-0.9085835,0.0281812,0.2239852,0.0140361,-0.0011577,1.0024762,0
1377,-2.5500000,-1.1500000,-0.3400000,0.0644000,0.0297000,0.8457000,-0.8254562,0.1430655,0.2748209,0.0164951,-0.0012626,1.0026335,0
1378,-3.1600000,-3.1600000,-0.5800000,-0.0800000,-0.0937000,1.0717000,-0.8251259,0.1385770,0.2775146,0.0202174,-0.0003207,0.9974397,0
1379,-1.8800000,0.4300000,0.5700000,-0.0883000,-0.0859000,1.0815000,-0.9745250,-0.0168209,0.2382710,0.0172873,-0.0045832,0.9957322,0
1380,3.1200000,3.3000000,2.0300000,0.0361000,0.0351000,0.9575000,-1.0683722,-0.0950510,0.2459768,0.0095909,-0.0115760,0.9988400,0
1381,1.2800000,0.3700000,1.1800000,0.1289000,0.1040000,1.0312000,-0.9294650,0.0110287,0.3478431,0.0061498,-0.0133575,1.0014827,0
1382,-3.5300000,-1.5700000,-0.3400000,0.0107000,-0.0161000,0.8774000,-0.7225303,0.1277830,0.4665695,0.0095661,-0.0088681,1.0009959,0
1383,-2.9200000,-0.7200000,-0.4000000,-0.1132000,-0.1035000,1.0737000,-0.7064943,0.1223074,0.5072420,0.0117338,-0.0059131,0.9977861,0
1384,0.3700000,2.7500000,0.2600000,-0.0341000,-0.0502000,1.1152000,-0.8202048,0.1037486,0.4749055,0.0071647,-0.0090316,0.9987169,0
1385,1.2200000,2.3200000,0.0800000,0.1308000,0.0659000,0.9750000,-0.8465233,0.2261032,0.4200323,0.0026424,-0.0130776,1.0050223,0
1386,-2.8600000,-0.4100000,-0.8900000,0.0175000,-0.0180000,0.8867000,-0.7964028,0.4265938,0.3416575,0.0044502,-0.0133447,1.0076968,0
1387,-2.4300000,0.1300000,-0.5800000,-0.1132000,-0.1049000,1.0703000,-0.8394579,0.5536449,0.2181551,0.0063086,-0.0139502,1.0051527,0
1388,0.6100000,3.3600000,0.5100000,-0.0830000,-0.0688000,1.0961000,-0.9424275,0.6551207,0.0904930,0.0011313,-0.0191746,1.0055854,0
1389,2.8700000,5.1300000,0.8100000,0.0800000,0.0913000,0.9702000,-0.8994203,0.9081730,0.0264514,-0.0062807,-0.0240215,1.0100876,0
1390,-0.3500000,1.6500000,-0.4000000,0.0991000,0.0639000,0.8481000,-0.6790839,1.3041848,0.0179975,-0.0069931,-0.0216316,1.0098471,0
1391,-2.3100000,-0.9600000,-1.0700000,-0.0278000,-0.0283000,1.0664000,-0.4860293,1.6034207,-0.0101586,-0.0018594,-0.0145291,1.0035356,0
1392,-3.2200000,2.3200000,-0.7000000,-0.1333000,-0.0961000,1.0766000,-0.4876518,1.7076987,-0.0924706,-0.0002210,-0.0105902,1.0003584,0
1393,1.7100000,5.0100000,-0.0300000,-0.0185000,-0.0107000,1.0092000,-0.5909045,1.8119166,-0.1880414,-0.0054365,-0.0118565,1.0028871,0
1394,1.6500000,3.8500000,-0.1500000,0.1093000,0.0688000,0.9228000,-0.5725022,2.0583491,-0.2525058,-0.0095698,-0.0126942,1.0046344,0
1395,-1.3900000,0.8000000,-0.6400000,0.0434000,-0.0263000,0.8950000,-0.4420070,2.3223710,-0.2930463,-0.0065617,-0.0101913,1.0003579,0
1396,-2.7900000,-0.5400000,-0.0300000,-0.0976000,-0.1059000,1.1220000,-0.4015325,2.4037471,-0.3248273,-0.0021271,-0.0095688,0.9942686,0
1397,-1.2700000,2.7500000,1.0600000,-0.0996000,-0.1020000,1.0732000,-0.5088046,2.3124423,-0.3118856,-0.0041610,-0.0152313,0.9950854,0
1398,3.1200000,5.4400000,1.8500000,0.0380000,0.0458000,0.9335000,-0.5811139,2.2769844,-0.1994021,-0.0103288,-0.0229433,1.0000589,0
1399,1.1000000,1.1600000,0.7500000,0.1088000,0.0810000,0.8754000,-0.4589007,2.3683584,-0.0005826,-0.0117436,-0.0246285,0.9995405,0
1400,-1.0900000,-2.4900000,-0.7000000,-0.0117000,-0.0317000,0.9833000,-0.2587013,2.3425422,0.1801983,-0.0068093,-0.0201941,0.9925693,0
1401,-2.6700000,-0.3500000,-0.6400000,-0.1420000,-0.0830000,1.1025000,-0.1848334,2.0540527,0.2557589,-0.0042344,-0.0170412,0.9875806,0
1402,1.4100000,2.9300000,0.1400000,-0.0400000,0.0097000,1.0483000,-0.2234283,1.6987988,0.2467204,-0.0089848,-0.0174259,0.9901305,0
1403,2.6900000,2.4500000,-0.0300000,0.0957000,0.0971000,0.9365000,-0.1731957,1.4943493,0.2132712,-0.0138462,-0.0155999,0.9952821,0
1404,-0.6000000,-1.2100000,-1.1900000,0.0698000,0.0424000,0.8583000,-0.0027494,1.3761309,0.1523931,-0.0114093,-0.0082290,0.9945387,0
1405,-1.5700000,-2.7900000,-1.4400000,-0.0410000,-0.1132000,1.0859000,0.1051807,1.1343320,0.0237856,-0.0050277,-0.0014610,0.9892589,0
1406,-1.8200000,0.3700000,-0.4000000,-0.1059000,-0.0991000,1.1176000,0.0542888,0.7591938,-0.1503804,-0.0029028,-0.0026885,0.9897019,0
1407,2.4400000,4.2800000,0.5700000,0.0087000,0.0122000,0.9682000,-0.0383429,0.5023956,-0.2835407,-0.0062091,-0.0092687,0.9966234,0
1408,1.5900000,0.4300000,0.4500000,0.1186000,0.0581000,0.9125000,-0.0012845,0.4853188,-0.3222663,-0.0072263,-0.0130778,1.0006610,0
1409,-1.3900000,-2.9200000,-0.4600000,0.0278000,0.0053000,0.8745000,0.1075388,0.4799643,-0.3009300,-0.0018014,-0.0117850,0.9965237,0
1410,-1.7600000,-1.8200000,0.0200000,-0.1289000,-0.0913000,1.0795000,0.1094478,0.2927703,-0.2721087,0.0027324,-0.0104630,0.9889480,0
1411,0.6700000,-0.1100000,0.3800000,-0.1020000,-0.0312000,1.1289000,0.0167264,0.0152378,-0.2325680,-0.0012470,-0.0129620,0.9882386,0
1412,2.9900000,1.8300000,0.2600000,0.0449000,0.0932000,0.8691000,0.0075300,-0.1681997,-0.1676389,-0.0094831,-0.0147385,0.9928737,0
1413,1.5900000,-2.1200000,-0.5800000,0.0834000,0.0898000,0.8740000,0.1665139,-0.2436164,-0.1061028,-0.0125735,-0.0097734,0.9912194,0
1414,-0.4100000,-5.1700000,-0.8900000,-0.0273000,-0.0410000,1.0595000,0.3707820,-0.4246463,-0.0940621,-0.0098422,-0.0011486,0.9843688,0
1415,-0.7800000,-2.3700000,-0.0300000,-0.1440000,-0.1054000,1.1186000,0.4718026,-0.8044732,-0.1267827,-0.0096133,0.0025150,0.9834722,0
1416,2.3200000,1.4100000,0.5100000,-0.0327000,0.0102000,1.0454000,0.5057200,-1.1541583,-0.1464199,-0.0156833,-0.0001894,0.9910954,0
1417,3.3600000,-0.5400000,0.3200000,0.1142000,0.0659000,0.8779000,0.6318486,-1.2875193,-0.1209427,-0.0202283,-0.0022923,0.9984532,0
1418,0.8600000,-5.3000000,-0.1500000,0.0000000,-0.0507000,1.0551000,0.8608082,-1.3694341,-0.0748037,-0.0175880,-0.0016233,1.0004104,0
1419,-0.6600000,-1.8200000,0.5700000,-0.1430000,-0.0986000,1.1425000,1.0272685,-1.5722393,-0.0273539,-0.0150601,-0.0037569,1.0042556,0
1420,1.8900000,1.7100000,0.8100000,-0.0483000,0.0302000,1.0888000,1.0802233,-1.7212080,0.0414255,-0.0189428,-0.0091957,1.0149936,0
1421,2.9300000,0.4300000,0.3200000,0.1079000,0.1142000,0.8417000,1.1489122,-1.6377096,0.1326188,-0.0225563,-0.0104188,1.0239255,0
1422,1.2200000,-2.6700000,-0.4000000,0.0698000,0.0454000,0.8666000,1.2808177,-1.4546031,0.2015395,-0.0182960,-0.0042609,1.0204778,0
1423,-0.1700000,-4.0100000,-0.4600000,-0.0766000,-0.0664000,1.1528000,1.3669565,-1.3994579,0.2106732,-0.0106616,0.0028143,1.0111529,0
1424,-0.6000000,-0.2300000,-0.0900000,-0.1381000,-0.0629000,1.1459000,1.3180127,-1.4709775,0.1712894,-0.0093573,0.0041074,1.0106649,0
1425,1.2800000,2.9900000,-0.1500000,0.0048000,0.0458000,0.9267000,1.1789345,-1.4284013,0.1164044,-0.0147580,0.0016665,1.0169522,0
1426,1.8300000,-1.0800000,-0.5800000,0.1186000,0.0478000,0.8442000,1.0711446,-1.1925573,0.0523718,-0.0172351,0.0015036,1.0164797,0
1427,0.2500000,-4.3200000,-0.5800000,0.0419000,-0.0415000,0.9892000,1.0201973,-1.0155871,-0.0308603,-0.0117375,0.0032846,1.0069058,0
1428,-0.9600000,-1.8800000,0.2600000,-0.0937000,-0.1020000,1.1132000,0.9330804,-1.0534684,-0.1114857,-0.0050857,0.0014076,0.9989214,0
1429,0.7400000,0.8600000,0.3200000,-0.0683000,-0.0463000,1.1040000,0.7835727,-1.1381368,-0.1490172,-0.0047048,-0.0057696,1.0003060,0
1430,1.2200000,1.6500000,-0.0300000,0.0800000,0.0976000,0.8520000,0.6596837,-1.0710843,-0.1436445,-0.0071011,-0.0118574,1.0046478,0
1431,1.1000000,-1.9400000,-0.7000000,0.1142000,0.0502000,0.8759000,0.6131894,-0.8974511,-0.1374959,-0.0039323,-0.0108106,1.0007107,0
1432,-0.6000000,-3.9500000,-0.7000000,-0.0185000,-0.0483000,1.0766000,0.5907457,-0.8381111,-0.1652845,0.0042380,-0.0062643,0.9917100,0
1433,-1.1500000,-1.5100000,-0.1500000,-0.1357000,-0.0664000,1.1528000,0.5037905,-0.9606711,-0.2150165,0.0079628,-0.0051107,0.9902564,0
1434,0.3700000,2.5700000,-0.1500000,-0.0288000,0.0249000,0.9936000,0.3567396,-1.0504679,-0.2527351,0.0033114,-0.0070973,0.9976543,0
1435,0.9800000,-0.7200000,-0.9500000,0.1083000,0.0683000,0.8144000,0.2452176,-0.9652289,-0.2847396,-0.0016449,-0.0067630,1.0016716,0
1436,0.6100000,-4.5000000,-1.1300000,0.0815000,-0.0097000,0.9731000,0.2130387,-0.9007016,-0.3462567,0.0007170,-0.0029566,0.9959901,0
1437,-0.6600000,-2.6700000,-0.2200000,-0.0405000,-0.1010000,1.1391000,0.2062150,-1.0357933,-0.4267807,0.0068094,-0.0013242,0.9906540,0
1438,-0.4100000,-0.6600000,0.3800000,-0.0654000,-0.0356000,1.1318000,0.1627793,-1.2501010,-0.4680394,0.0088664,-0.0051375,0.9956764,0
1439,0.6700000,1.5900000,0.5700000,0.0419000,0.0742000,0.8598000,0.1055775,-1.3353228,-0.4346089,0.0068746,-0.0091386,1.0045168,0
1440,1.3500000,-1.7600000,0.0200000,0.1191000,0.0454000,0.8847000,0.1061998,-1.2674455,-0.3473262,0.0078063,-0.0077934,1.0045238,0
1441,-0.6600000,-3.6500000,0.2000000,0.0263000,-0.0209000,1.0693000,0.1524934,-1.2341591,-0.2471779,0.0139303,-0.0034106,0.9981097,0
1442,-1.3900000,-0.8400000,0.7500000,-0.0815000,-0.0590000,1.1074000,0.1426202,-1.3124920,-0.1395934,0.0185504,-0.0014383,0.9967728,0
1443,1.1600000,1.4700000,0.6300000,-0.0258000,0.0043000,1.0517000,0.0790407,-1.3348156,-0.0125857,0.0167598,-0.0027610,1.0029186,0
1444,0.9200000,0.5500000,-0.0900000,0.0874000,0.0629000,0.8623000,0.0690686,-1.1886816,0.1084421,0.0133471,-0.0031365,1.0080939,0
1445,1.2200000,-1.7600000,-0.4000000,0.1093000,0.0122000,0.9106000,0.1418762,-0.9832000,0.1783560,0.0152738,-0.0002675,1.0044747,0
1446,0.2500000,-2.8500000,0.3800000,-0.0166000,-0.0864000,1.1088000,0.2496750,-0.8893153,0.1986250,0.0210945,0.0016121,0.9976228,0
1447,0.1200000,0.6800000,0.9300000,-0.0854000,-0.0219000,1.1689000,0.3357081,-0.8938257,0.2215758,0.0229463,-0.0009771,0.9993861,0
1448,0.9800000,3.3000000,0.6900000,0.0151000,0.0644000,0.9052000,0.3934395,-0.7885634,0.2773397,0.0188302,-0.0038807,1.0076316,0
1449,1.7100000,-0.2900000,-0.1500000,0.1240000,0.0708000,0.8066000,0.4749753,-0.5173226,0.3342043,0.0160594,-0.0018624,1.0080070,0
1450,0.9200000,-2.6700000,0.0200000,0.0678000,-0.0195000,1.0727000,0.5959554,-0.3007993,0.3520610,0.0196378,0.0033272,0.9993924,0
1451,-0.5400000,2.1400000,1.4800000,-0.0668000,-0.0385000,1.1772000,0.6861220,-0.2078585,0.3627453,0.0242274,0.0062538,0.9965110,0
1452,-0.2300000,4.7000000,1.1200000,0.0200000,0.0507000,0.9165000,0.6809994,-0.0048267,0.4227989,0.0243048,0.0067085,1.0018440,0
1453,0.6100000,1.4700000,0.2000000,0.1152000,0.0532000,0.8310000,0.6151745,0.3870604,0.5060763,0.0241773,0.0087929,1.0019269,0
1454,-0.2300000,-0.7800000,-0.0300000,0.0605000,-0.0263000,1.0498000,0.5388019,0.7450757,0.5487557,0.0283972,0.0120503,0.9943604,0
1455,-1.5100000,1.2200000,0.6900000,-0.0551000,-0.0625000,1.1840000,0.4192229,0.9375292,0.5487140,0.0324595,0.0119282,0.9922621,0
1456,-1.0200000,4.8300000,0.8100000,-0.0439000,0.0190000,1.0771000,0.2230972,1.1159856,0.5479872,0.0305775,0.0082346,1.0014773,0
1457,-1.7000000,4.4600000,0.3800000,0.0371000,0.0917000,0.8242000,-0.0260482,1.4488667,0.5575236,0.0247892,0.0065539,1.0105304,0
1458,-0.6600000,1.7100000,-0.2800000,0.0834000,0.0307000,0.8769000,-0.2857689,1.8564569,0.5447596,0.0213690,0.0096308,1.0075055,0
1459,-2.3700000,-0.1100000,-0.2200000,-0.0136000,-0.0551000,1.1044000,-0.5376338,2.1247777,0.4847776,0.0212807,0.0127987,0.9985840,0
1460,-2.1200000,2.6300000,0.4500000,-0.0986000,-0.0439000,1.2041000,-0.8070046,2.2089184,0.4019416,0.0186629,0.0113240,0.9987962,0
1461,-1.7000000,6.5300000,0.1400000,-0.0068000,0.0288000,0.9023000,-1.0818293,2.3200058,0.3329937,0.0111146,0.0071770,1.0073615,0
1462,-0.2900000,2.2600000,-0.6400000,0.0893000,0.0288000,0.7905000,-1.2878659,2.5653743,0.2638308,0.0049207,0.0047943,1.0082308,0
1463,-0.6000000,-0.1700000,-0.7000000,0.0517000,-0.0395000,1.0297000,-1.3743891,2.7351633,0.1613252,0.0050416,0.0038229,0.9983466,0
1464,-1.9400000,0.8000000,0.3200000,-0.0493000,-0.0717000,1.1752000,-1.3883574,2.6789594,0.0480799,0.0075941,0.0004446,0.9926442,0
1465,-0.6000000,4.7000000,0.9900000,-0.0634000,0.0068000,1.0913000,-1.3878080,2.5508140,-0.0097350,0.0064058,-0.0052944,0.9990452,0
1466,-1.5700000,4.8300000,-0.0300000,0.0136000,0.0649000,0.7802000,-1.3705608,2.5655650,-0.0004435,0.0018656,-0.0084133,1.0059987,0
1467,0.3100000,0.8600000,-1.0700000,0.0551000,0.0234000,0.8828000,-1.3182834,2.6745937,0.0027397,-0.0008166,-0.0065244,1.0006277,0
1468,-0.7200000,-0.0500000,-1.0700000,0.0000000,-0.0820000,1.1289000,-1.2123922,2.6602019,-0.0605090,0.0000151,-0.0041923,0.9905994,0
1469,-1.7000000,2.2000000,-0.4600000,-0.0771000,-0.0390000,1.1137000,-1.1039189,2.4967153,-0.1699187,0.0001055,-0.0059668,0.9900302,0
1470,0.6100000,4.8300000,-0.4600000,-0.0434000,0.0122000,0.9555000,-1.0161604,2.3756585,-0.2756429,-0.0038135,-0.0095939,0.9967280,0
1471,0.1900000,1.9600000,-1.0100000,0.0283000,0.0068000,0.7773000,-0.8840689,2.3847257,-0.3693052,-0.0087439,-0.0113061,0.9973100,0
1472,0.8600000,-1.7000000,-0.8300000,0.0102000,-0.0307000,1.0097000,-0.6911772,2.3405555,-0.4661840,-0.0107336,-0.0115943,0.9882554,0
1473,0.1200000,-0.6000000,0.0800000,-0.0541000,-0.0791000,1.1474000,-0.4711720,2.0832319,-0.5428831,-0.0112559,-0.0135329,0.9822690,0
1474,1.1000000,1.9600000,0.8100000,-0.0751000,0.0000000,1.0947000,-0.2480370,1.7319654,-0.5456509,-0.0141631,-0.0174829,0.9878713,0
1475,0.4300000,2.6300000,-0.1500000,-0.0078000,0.0673000,0.8452000,-0.0297741,1.4870413,-0.4724627,-0.0191496,-0.0188487,0.9960939,0
1476,1.6500000,-1.0200000,-1.4400000,0.0434000,-0.0180000,0.8525000,0.1851020,1.3350166,-0.4062464,-0.0217592,-0.0158688,0.9944030,0
1477,-0.0500000,-2.3700000,-1.3800000,0.0034000,-0.0727000,1.0854000,0.3819500,1.0945204,-0.4197109,-0.0200301,-0.0135142,0.9864498,0
1478,0.8600000,-0.7200000,-0.1500000,-0.0541000,-0.0561000,1.1323000,0.5259163,0.7222110,-0.4819922,-0.0173903,-0.0153268,0.9855626,0
1479,1.2200000,2.3200000,0.2000000,-0.0385000,0.0097000,0.9580000,0.6340416,0.3954879,-0.5129397,-0.0171782,-0.0187767,0.9923390,0
1480,1.1000000,-0.4700000,-0.2800000,-0.0004000,0.0273000,0.7802000,0.7408200,0.2234602,-0.4921842,-0.0183032,-0.0196696,0.9938563,0
1481,1.8900000,-3.9500000,-0.1500000,-0.0078000,-0.0327000,1.0712000,0.8564325,0.0435644,-0.4495763,-0.0185002,-0.0180275,0.9870807,0
1482,-0.6600000,-1.9400000,0.5100000,-0.0463000,-0.0600000,1.0341000,0.9465324,-0.2823713,-0.3875394,-0.0183916,-0.0174964,0.9829034,0
1483,1.9600000,-1.6300000,1.1200000,-0.0644000,-0.0107000,1.1083000,0.9790908,-0.6587154,-0.2766537,-0.0201542,-0.0190318,0.9865724,0
1484,0.3700000,-1.8800000,-0.2800000,0.0273000,0.0434000,0.8237000,0.9942210,-0.9893576,-0.1337066,-0.0226340,-0.0192508,0.9914984,0
1485,1.1600000,-4.8700000,-0.3400000,0.0185000,-0.0214000,0.9838000,1.0015774,-1.3279924,-0.0268677,-0.0222313,-0.0167462,0.9901090,0
1486,-0.1100000,-3.0400000,0.5700000,-0.0288000,-0.0673000,1.1098000,0.9776504,-1.7329162,0.0359794,-0.0194742,-0.0151342,0.9880262,0
1487,0.6100000,-2.4300000,1.5400000,-0.0625000,0.0000000,1.1015000,0.9148959,-2.1221191,0.1203912,-0.0181820,-0.0160175,0.9937757,0
1488,0.9800000,-0.4100000,0.9900000,-0.0234000,0.0502000,0.9228000,0.8431257,-2.3681505,0.2580443,-0.0194514,-0.0156407,1.0026949,0
1489,-0.5400000,-3.2800000,-0.0300000,0.0185000,0.0190000,0.7890000,0.7701338,-2.4668458,0.3956896,-0.0205265,-0.0117447,1.0028987,0
1490,1.4100000,-4.9300000,0.4500000,-0.0053000,-0.0361000,1.1201000,0.6877621,-2.5709661,0.4798966,-0.0194003,-0.0072561,0.9951830,0
1491,-0.7200000,-3.4000000,1.1200000,-0.0224000,-0.0449000,1.1708000,0.6110125,-2.7633880,0.5353170,-0.0174108,-0.0057646,0.9946381,0
1492,1.0400000,0.1300000,1.3600000,-0.0131000,0.0288000,0.9638000,0.5329886,-2.8977727,0.6091948,-0.0160054,-0.0062950,1.0032649,0
1493,-0.1700000,-2.0000000,0.0200000,0.0190000,0.0532000,0.8808000,0.4640302,-2.8544009,0.6851595,-0.0144127,-0.0048060,1.0081177,0
1494,-0.2900000,-4.2600000,-0.7000000,0.0039000,-0.0195000,0.8847000,0.3907606,-2.7605582,0.6928967,-0.0116551,-0.0011413,1.0027474,0
1495,0.4300000,-3.7700000,-0.2200000,-0.0073000,-0.0527000,1.1171000,0.3059513,-2.7655982,0.6100627,-0.0085585,0.0005275,0.9944091,0
1496,0.2500000,-2.5500000,0.8100000,-0.0219000,0.0097000,1.1787000,0.2434489,-2.8348568,0.5013011,-0.0065397,-0.0007581,0.9954873,0
1497,0.6700000,0.1300000,0.8100000,-0.0136000,0.0512000,0.8891000,0.2159392,-2.8270707,0.4356597,-0.0060190,-0.0011623,1.0038436,0
1498,0.0600000,-2.7900000,-0.5800000,0.0205000,-0.0004000,0.7841000,0.2140862,-2.6969923,0.3957166,-0.0057759,0.0009152,1.0036926,0
1499,1.2800000,-6.2700000,-0.6400000,0.0087000,-0.0634000,1.0791000,0.2372721,-2.6322846,0.3184273,-0.0044310,0.0019129,0.9939884,0
1500,0.6100000,-2.3100000,0.3800000,-0.0141000,-0.0522000,1.1855000,0.2979508,-2.7335943,0.2135539,-0.0027344,-0.0012038,0.9908143,0
1501,1.6500000,0.7400000,0.5700000,0.0239000,0.0214000,0.9750000,0.3962777,-2.7828165,0.1429951,-0.0013384,-0.0060462,0.9980539,0
1502,1.5300000,-2.4300000,-0.4000000,0.0390000,0.0615000,0.8603000,0.5367590,-2.6563038,0.1087483,0.0011246,-0.0076198,1.0027690,0
1503,0.4300000,-4.0100000,-1.1900000,-0.0078000,-0.0087000,0.9160000,0.6869657,-2.5250523,0.0495295,0.0045037,-0.0052916,0.9977703,0
1504,2.3800000,-3.3400000,-0.4000000,-0.0019000,-0.0673000,1.1245000,0.8239123,-2.5149774,-0.0562945,0.0067409,-0.0038393,0.9910642,0
1505,2.1400000,-2.1200000,0.3800000,0.0112000,0.0283000,1.1943000,0.9927666,-2.5637470,-0.1519768,0.0076262,-0.0049090,0.9946970,0
1506,2.0200000,1.5900000,-0.1500000,0.0361000,0.0507000,0.8769000,1.1956328,-2.5093701,-0.1969165,0.0087181,-0.0043973,1.0052855,0
1507,0.8600000,-2.1800000,-1.2500000,0.0463000,0.0039000,0.7954000,1.3710789,-2.2954025,-0.2334172,0.0113228,-0.0010328,1.0065004,0
1508,1.1600000,-4.8100000,-1.3800000,0.0092000,-0.0537000,1.1030000,1.4718666,-2.1260083,-0.3190117,0.0148532,0.0013044,0.9981357,0
1509,1.1000000,-1.3900000,0.0200000,0.0048000,-0.0473000,1.2021000,1.5042236,-2.1114770,-0.4284132,0.0173201,-0.0003300,0.9970076,0
1510,2.6300000,1.4700000,0.9900000,0.0429000,0.0541000,1.0429000,1.5244357,-2.0554454,-0.4711913,0.0187499,-0.0032435,1.0075724,0
1511,1.1000000,0.1900000,-0.0900000,0.0571000,0.0625000,0.8056000,1.5647574,-1.8194433,-0.4224154,0.0211270,-0.0023733,1.0156177,0
1512,-0.2900000,-2.9200000,-1.0700000,0.0166000,-0.0136000,0.8662000,1.5560940,-1.5434100,-0.3624205,0.0244429,0.0016993,1.0098889,0
1513,0.6100000,-2.0600000,-0.1500000,-0.0004000,-0.0737000,1.1953000,1.4482255,-1.3972309,-0.3426266,0.0264114,0.0034035,1.0000641,0
1514,0.3700000,1.0400000,1.2400000,0.0297000,0.0209000,1.2583000,1.2888112,-1.3117346,-0.3050182,0.0264660,0.0014094,1.0041028,0
1515,0.6100000,4.4600000,0.8700000,0.0805000,0.0937000,0.8125000,1.1223994,-1.0615517,-0.1921281,0.0271766,0.0012585,1.0168951,0
1516,-0.7200000,-0.7200000,-0.6400000,0.0493000,0.0000000,0.7456000,0.9429772,-0.6302481,-0.0572964,0.0302691,0.0052439,1.0162893,0
1517,-0.4800000,-0.5400000,-0.4600000,-0.0234000,-0.1132000,1.1821000,0.7258427,-0.2531941,0.0163084,0.0329478,0.0069871,1.0042654,0
1518,0.2500000,1.4700000,1.1200000,0.0322000,0.0224000,1.2304000,0.4995545,0.0023425,0.0533681,0.0327159,0.0034468,1.0030435,0
1519,0.6100000,4.9500000,0.9300000,0.0947000,0.1132000,0.8813000,0.3269457,0.3136559,0.1272751,0.0326643,0.0017990,1.0125431,0
1520,-1.8800000,0.5500000,-0.2200000,0.0439000,0.0200000,0.7275000,0.1817440,0.7275139,0.2198811,0.0353393,0.0059961,1.0120147,0
1521,-2.0600000,-2.7300000,-0.4600000,-0.0244000,-0.0507000,1.1191000,-0.0306158,1.0011754,0.2622128,0.0373912,0.0102648,0.9997733,0
1522,-2.0600000,1.7700000,0.8700000,-0.0224000,-0.0556000,1.2319000,-0.3262256,1.0331990,0.2628754,0.0351551,0.0094265,0.9959089,0
1523,-0.4800000,5.9200000,1.8500000,0.0747000,0.0815000,1.0473000,-0.6233638,1.1058980,0.3050435,0.0310073,0.0065169,1.0064157,0
1524,-1.4500000,3.5400000,0.9300000,0.0991000,0.0874000,0.7900000,-0.8536295,1.4081127,0.4180415,0.0303971,0.0080395,1.0149786,0
1525,-3.7100000,0.0000000,-0.1500000,-0.0141000,-0.0473000,0.8559000,-1.0751268,1.7499038,0.5284269,0.0327614,0.0125676,1.0088880,0
1526,-3.3400000,0.6100000,0.3200000,-0.0629000,-0.0869000,1.1855000,-1.3760337,1.9118822,0.5758517,0.0318065,0.0125723,0.9979878,0
1527,-0.6600000,3.9100000,1.8500000,0.0092000,0.0058000,1.2861000,-1.6804005,1.9652069,0.6070025,0.0260141,0.0072414,1.0014613,0
1528,-0.7800000,7.5100000,1.8500000,0.0942000,0.1132000,0.8525000,-1.8498677,2.1616638,0.6961079,0.0212075,0.0040018,1.0158266,0
1529,-2.0000000,2.5100000,0.2000000,0.0644000,0.0234000,0.6972000,-1.8947013,2.5445951,0.8128144,0.0216829,0.0067359,1.0175084,0
1530,-2.9800000,-0.8400000,-0.6400000,-0.0717000,-0.0893000,1.0478000,-1.9270945,2.8205472,0.8547023,0.0232846,0.0093683,1.0030157,0
1531,-1.5100000,2.0800000,0.3200000,-0.0898000,-0.0507000,1.2993000,-1.9832492,2.8293878,0.7976426,0.0190512,0.0061687,0.9953282,0
1532,0.8600000,7.3900000,1.3600000,0.0434000,0.0864000,1.0668000,-1.9631713,2.8228560,0.7242833,0.0106304,0.0015265,1.0050966,0
1533,0.3700000,4.5800000,0.3800000,0.0996000,0.0830000,0.7031000,-1.7809376,3.0224845,0.6877351,0.0063157,0.0025456,1.0136835,0
1534,-1.5700000,-0.9600000,-0.7000000,-0.0297000,-0.0449000,0.8046000,-1.5203904,3.2208096,0.6375651,0.0073169,0.0071621,1.0035833,0
1535,-1.2100000,-0.2300000,-0.4000000,-0.1284000,-0.1254000,1.1948000,-1.3110816,3.1380695,0.5256523,0.0055998,0.0068924,0.9869185,0
1536,2.0800000,3.9700000,0.9300000,-0.0214000,-0.0239000,1.3007000,-1.1098766,2.8841246,0.4002019,-0.0021349,-0.0002528,0.9872207,0
1537,1.7100000,7.0200000,1.3000000,0.1005000,0.1230000,0.8330000,-0.7980848,2.7853930,0.3430246,-0.0083440,-0.0058233,1.0010776,0
1538,0.4300000,1.5300000,-0.1500000,0.0751000,0.0410000,0.6704000,-0.4149093,2.8907400,0.3466792,-0.0065407,-0.0036442,1.0025899,0
1539,-0.7200000,-3.1000000,-1.0100000,-0.1000000,-0.0991000,1.0551000,-0.0986738,2.8662633,0.3209724,-0.0018321,0.0001729,0.9878655,0
1540,-0.3500000,0.9800000,-0.1500000,-0.1547000,-0.0581000,1.3325000,0.0847578,2.5462006,0.2321070,-0.0042804,-0.0017168,0.9816682,0
1541,2.7500000,7.7600000,0.7500000,0.0229000,0.0629000,1.0791000,0.2223039,2.2693347,0.1452204,-0.0132690,-0.0058515,0.9952169,0
1542,1.4100000,3.4200000,-0.2800000,0.1372000,0.0834000,0.6796000,0.4244077,2.3095235,0.0993187,-0.0173995,-0.0049987,1.0077108,0
1543,-1.8200000,-2.0000000,-1.3100000,-0.0327000,-0.0375000,0.7758000,0.5952458,2.4028171,0.0394076,-0.0133368,-0.0001901,0.9993208,0
1544,-1.7600000,-1.6300000,-1.0700000,-0.1728000,-0.1503000,1.2304000,0.5768623,2.2252402,-0.0819132,-0.0116882,0.0000593,0.9831816,0
1545,0.8000000,2.3200000,0.1400000,-0.0610000,0.0024000,1.3281000,0.4275522,1.8735446,-0.2196181,-0.0185146,-0.0065275,0.9855229,0
1546,1.1000000,6.1100000,0.5700000,0.0800000,0.1254000,0.7939000,0.3163235,1.6806362,-0.2947109,-0.0257192,-0.0106312,1.0018542,0
1547,-0.8400000,0.1900000,-1.0700000,0.0781000,0.0209000,0.6357000,0.2629556,1.7177307,-0.3149792,-0.0247171,-0.0069043,1.0031739,0
1548,-3.5900000,-6.0900000,-1.8600000,-0.1230000,-0.1000000,1.0620000,0.1238562,1.6115634,-0.3715609,-0.0198153,-0.0026098,0.9862387,0
1549,-2.2500000,-1.2700000,-0.7000000,-0.1879000,-0.0727000,1.3759000,-0.1815614,1.1477049,-0.4882586,-0.0222253,-0.0047028,0.9792060,0
1550,-0.2300000,5.4400000,0.5700000,0.0932000,0.1083000,0.7675000,-0.5299496,0.6939436,-0.5779035,-0.0301314,-0.0084208,0.9880405,0
1551,-1.6400000,-1.8200000,-0.8900000,0.1010000,0.0219000,0.6157000,-0.7981789,0.5036255,-0.5980100,-0.0307831,-0.0067991,0.9851599,0
1552,-4.1400000,-7.6800000,-1.5600000,-0.1220000,-0.1293000,1.0708000,-1.0597254,0.2230166,-0.6184960,-0.0252498,-0.0047549,0.9658209,0
1553,-2.4900000,-2.3700000,-0.2800000,-0.1918000,-0.0859000,1.4096000,-1.3915719,-0.3674979,-0.6681065,-0.0263964,-0.0095407,0.9595156,0
1554,1.1600000,5.6200000,1.1200000,0.0400000,0.0380000,0.9624000,-1.6524759,-0.8532698,-0.6663363,-0.0343622,-0.0171276,0.9758429,0
1555,0.6700000,-0.6000000,0.3200000,0.1611000,0.1069000,0.6625000,-1.6770164,-0.9301848,-0.5658818,-0.0357204,-0.0186695,0.9881928,0
1556,-2.9800000,-5.8500000,-0.7700000,-0.0200000,-0.0566000,0.8466000,-1.5676749,-0.9335086,-0.4361134,-0.0268495,-0.0142383,0.9796698,0
1557,-3.4700000,-5.1700000,-0.3400000,-0.1850000,-0.1713000,1.2329000,-1.5475421,-1.2115048,-0.3491818,-0.0202865,-0.0138194,0.9675745,0
1558,1.5900000,0.3100000,1.3000000,-0.0815000,-0.0224000,1.3510000,-1.5776050,-1.6113976,-0.2683896,-0.0239170,-0.0209077,0.9757453,0
1559,2.0200000,4.0300000,1.8500000,0.1005000,0.0810000,0.7348000,-1.4354071,-1.7488636,-0.1124701,-0.0292947,-0.0264874,0.9963839,0
1560,1.7100000,-3.4700000,0.5700000,0.1191000,0.0004000,0.6176000,-1.0814852,-1.5981269,0.1084286,-0.0255984,-0.0251265,0.9986282,0
1561,-1.3900000,-8.5300000,-0.1500000,-0.1103000,-0.1215000,1.1147000,-0.6862797,-1.6028224,0.2984286,-0.0165844,-0.0230325,0.9817955,0
1562,0.1900000,-3.0400000,0.8100000,-0.1689000,-0.0727000,1.3764000,-0.3953562,-1.9504385,0.4180017,-0.0149015,-0.0261715,0.9769489,0
1563,4.8200000,4.0300000,2.1500000,0.0571000,0.0551000,1.0170000,-0.1004940,-2.2291792,0.5338123,-0.0204776,-0.0303359,0.9934560,0
1564,3.0500000,-0.8400000,1.0600000,0.1821000,0.1108000,0.6215000,0.3553631,-2.1449238,0.6891190,-0.0198503,-0.0275914,1.0052093,0
1565,0.4900000,-6.6400000,-0.5800000,0.0117000,-0.0424000,0.8701000,0.8483314,-2.0047350,0.8074735,-0.0091572,-0.0189092,0.9948583,0
1566,-0.6000000,-5.2400000,-0.5800000,-0.1694000,-0.1328000,1.3217000,1.1652340,-2.1425914,0.8048565,-0.0008385,-0.0139667,0.9822743,0
1567,2.1400000,1.4700000,0.6900000,-0.0400000,-0.0141000,1.2583000,1.3035919,-2.3731887,0.7174337,-0.0028085,-0.0161437,0.9911278,0
1568,3.5400000,3.6000000,1.3600000,0.1489000,0.1118000,0.7734000,1.4326078,-2.3043278,0.6471111,-0.0058648,-0.0172311,1.0098038,0
1569,2.0200000,-2.0600000,-0.0900000,0.1562000,0.0029000,0.7119000,1.6260031,-1.9422981,0.6167016,0.0009607,-0.0122786,1.0112939,0
1570,-1.3900000,-6.9400000,-0.6400000,-0.0639000,-0.1137000,1.1040000,1.7437310,-1.7039002,0.5585017,0.0132422,-0.0080376,0.9973080,0
1571,-0.4800000,-2.0600000,-0.0300000,-0.1494000,-0.0634000,1.3715000,1.6542527,-1.7756237,0.4481921,0.0176251,-0.0104539,0.9944067,0
1572,3.2400000,5.6200000,0.6900000,0.0615000,0.0488000,0.9287000,1.4818480,-1.7882352,0.3412391,0.0129711,-0.0150138,1.0085739,0
1573,3.0500000,-0.8400000,0.0200000,0.1918000,0.1342000,0.6650000,1.4339885,-1.4851733,0.2727460,0.0122660,-0.0133502,1.0148405,0
1574,0.8000000,-5.6000000,-1.3100000,0.0595000,-0.0190000,0.9082000,1.4917418,-1.2048333,0.1952588,0.0209625,-0.0052219,1.0009360,0
1575,-1.6400000,-4.3800000,-1.1300000,-0.1381000,-0.1269000,1.2895000,1.4693961,-1.2580173,0.0549655,0.0283244,-0.0002058,0.9873420,0
1576,1.3500000,1.9000000,-0.3400000,-0.0507000,-0.0117000,1.2612000,1.3143288,-1.4413048,-0.1179533,0.0254003,-0.0026860,0.9946707,0
1577,3.7900000,3.2400000,-0.1500000,0.1625000,0.1235000,0.7407000,1.2066959,-1.3896497,-0.2587429,0.0199380,-0.0045991,1.0108972,0
1578,3.2400000,-2.4300000,-1.3100000,0.1791000,0.0209000,0.6616000,1.2851419,-1.1253893,-0.3674154,0.0239388,-0.0003112,1.0084630,0
1579,-0.1100000,-5.8500000,-1.6200000,-0.0434000,-0.1142000,1.1450000,1.4362605,-1.0155218,-0.4957628,0.0341675,0.0034901,0.9903341,0
1580,-0.8400000,-2.1800000,-0.5800000,-0.1464000,-0.0551000,1.4755000,1.4615826,-1.1910374,-0.6412800,0.0368964,0.0003737,0.9880611,0
1581,2.3200000,6.1100000,0.4500000,0.0537000,0.0673000,0.9418000,1.3710532,-1.2902663,-0.7298857,0.0300090,-0.0048100,1.0084050,0
1582,1.7100000,0.9800000,0.1400000,0.1914000,0.1494000,0.5878000,1.3135099,-1.0289367,-0.7188405,0.0262417,-0.0031511,1.0197110,0
1583,-0.6600000,-5.6600000,-0.8900000,-0.0766000,-0.0747000,1.1860000,1.2731091,-0.7302735,-0.6572230,0.0289455,0.0040182,1.0113885,0
1584,-2.4300000,-0.9600000,-0.6400000,-0.1552000,-0.0610000,1.4150000,1.1039547,-0.7070021,-0.6106977,0.0260045,0.0070684,1.0126633,0
1585,0.9200000,6.1700000,0.2600000,0.0483000,0.0747000,0.9174000,0.8143993,-0.6635985,-0.5701583,0.0152270,0.0060066,1.0312094,0
1586,1.8300000,2.0800000,0.1400000,0.1889000,0.1347000,0.6391000,0.5881723,-0.3121303,-0.4979539,0.0097085,0.0093238,1.0383656,0
1587,0.8000000,-4.3200000,-0.7000000,0.0654000,-0.0131000,0.9902000,0.5038799,0.0590599,-0.4148564,0.0152603,0.0173498,1.0235213,0
1588,-4.2000000,-2.2400000,-0.7700000,-0.1606000,-0.0947000,1.3535000,0.3938762,0.1156452,-0.3690042,0.0207902,0.0213807,1.0115691,0
1589,-2.6700000,5.4400000,-0.4600000,-0.0800000,0.0058000,1.1708000,0.0854276,0.0751660,-0.3641784,0.0159227,0.0182979,1.0204065,0
1590,0.4300000,5.2500000,-0.1500000,0.1386000,0.1425000,0.7548000,-0.3022186,0.3221242,-0.3687811,0.0078667,0.0160438,1.0334706,0
1591,0.3100000,0.4300000,-1.1300000,0.1542000,0.0444000,0.6743000,-0.5566829,0.7833986,-0.3800652,0.0091252,0.0200412,1.0262007,0
1592,-2.1800000,-2.6700000,-1.1900000,-0.0493000,-0.0844000,1.2021000,-0.6978579,1.0853913,-0.4290704,0.0171865,0.0239452,1.0054854,0
1593,-5.0500000,1.4700000,-0.7000000,-0.1738000,-0.0537000,1.4038000,-0.9150980,1.1227948,-0.5105822,0.0186021,0.0209486,1.0014452,0
1594,-1.9400000,7.9400000,-0.0300000,0.0048000,0.0751000,0.8935000,-1.2664977,1.2214700,-0.5744616,0.0101410,0.0150001,1.0168772,0
1595,0.3700000,3.7900000,-0.0900000,0.1621000,0.1005000,0.6147000,-1.5620400,1.6111930,-0.5863530,0.0038575,0.0139365,1.0215126,0
1596,0.4900000,-1.5100000,-0.4000000,0.0434000,-0.0253000,0.9711000,-1.6403616,2.0130777,-0.5591267,0.0069968,0.0171716,1.0045618,0
1597,-3.4100000,-0.1700000,-0.2200000,-0.1352000,-0.0976000,1.3579000,-1.6001891,2.1211596,-0.5190411,0.0107316,0.0169091,0.9916128,0
1598,-3.1000000,6.0500000,0.0800000,-0.1064000,-0.0292000,1.1650000,-1.6352618,2.1044282,-0.4668991,0.0055690,0.0103675,1.0010907,0
1599,-0.1100000,6.7200000,0.4500000,0.0834000,0.0966000,0.7602000,-1.7215999,2.2991962,-0.3881176,-0.0035035,0.0041463,1.0160812,0
1600,1.1600000,1.8300000,0.2600000,0.1333000,0.0141000,0.6679000,-1.6820509,2.6675860,-0.2815087,-0.0051505,0.0034000,1.0114155,0
1601,0.1900000,-1.1500000,0.6300000,-0.0468000,-0.0756000,1.1674000,-1.4733611,2.8749264,-0.1583870,0.0002962,0.0036364,0.9927128,0
1602,-3.1000000,2.0800000,0.8700000,-0.1699000,-0.0581000,1.3803000,-1.2524874,2.8092860,-0.0186997,0.0011508,-0.0004244,0.9889951,0
1603,-1.6400000,7.6300000,1.1200000,-0.0307000,0.0356000,0.8994000,-1.1638508,2.7551948,0.1424821,-0.0067744,-0.0061318,1.0041118,0
1604,0.5500000,4.4000000,0.9300000,0.1318000,0.0898000,0.6269000,-1.1305935,2.9357813,0.3155471,-0.0133112,-0.0072330,1.0095805,0
1605,2.0800000,-1.0200000,1.1200000,0.0458000,-0.0288000,0.9829000,-0.9875110,3.1252440,0.4835354,-0.0108371,-0.0036147,0.9949681,0
1606,-2.0600000,-0.4100000,1.0600000,-0.1337000,-0.0751000,1.3442000,-0.7631937,3.0348571,0.6373835,-0.0065783,-0.0018653,0.9847335,0
1607,-2.6100000,4.9500000,0.9300000,-0.1064000,-0.0283000,1.0693000,-0.6514051,2.7955461,0.7685986,-0.0099057,-0.0047567,0.9942696,0
1608,-0.3500000,4.8300000,0.6300000,0.0639000,0.0708000,0.7827000,-0.6806158,2.7050815,0.8623054,-0.0169196,-0.0074521,1.0061781,0
1609,0.8000000,0.8000000,0.3200000,0.1079000,-0.0180000,0.7456000,-0.6950832,2.7392380,0.9035417,-0.0174620,-0.0066682,1.0008737,0
1610,-0.1100000,-2.5500000,0.6300000,-0.0170000,-0.0839000,1.1577000,-0.6256284,2.6190153,0.8955624,-0.0111311,-0.0066159,0.9859862,0
1611,-2.7900000,1.2200000,0.6900000,-0.1293000,-0.0415000,1.2353000,-0.5752088,2.2696590,0.8640905,-0.0072893,-0.0106158,0.9835145,0
1612,-2.9800000,3.3000000,0.3800000,-0.0566000,0.0380000,0.9101000,-0.6707864,1.9273352,0.8224898,-0.0109114,-0.0149171,0.9940665,0
1613,0.0000000,0.9800000,-0.4600000,0.0864000,0.0356000,0.6958000,-0.8539281,1.7296894,0.7496182,-0.0154929,-0.0150695,0.9963160,0
1614,0.3100000,-3.5900000,-0.4000000,0.0375000,-0.0600000,0.9653000,-0.9564099,1.4975162,0.6237841,-0.0140999,-0.0129686,0.9833336,0
1615,-1.7600000,-3.2200000,0.2000000,-0.1166000,-0.0454000,1.2226000,-0.9682001,1.0391257,0.4716811,-0.0111740,-0.0131862,0.9733136,0
1616,-2.3100000,0.8600000,0.2000000,-0.0566000,0.0200000,0.8637000,-1.0088431,0.4774951,0.3402545,-0.0134669,-0.0148933,0.9745379,0
1617,-0.1100000,-2.0000000,-0.3400000,0.0576000,0.0004000,0.7294000,-1.0842067,0.0086419,0.2338517,-0.0173140,-0.0148922,0.9709299,0
1618,0.4900000,-4.9300000,0.0800000,0.0190000,-0.0527000,1.0019000,-1.0864133,-0.4548249,0.1387907,-0.0168319,-0.0143358,0.9573828,0
1619,-0.1700000,-4.6900000,0.4500000,-0.0688000,-0.0600000,1.2919000,-0.9864948,-1.0479121,0.0720961,-0.0146324,-0.0161411,0.9526221,0
1620,-2.3700000,-0.9000000,-0.0900000,-0.0742000,-0.0097000,0.9809000,-0.8877484,-1.6495751,0.0414039,-0.0159183,-0.0196654,0.9647541,0
1621,-0.1100000,-2.2400000,-1.1300000,0.0102000,0.0468000,0.7470000,-0.8539199,-2.0782643,0.0011216,-0.0196215,-0.0210007,0.9753805,0
1622,2.5700000,-5.0500000,-1.5600000,0.0546000,-0.0629000,0.8706000,-0.7640273,-2.3957201,-0.1033296,-0.0204042,-0.0197483,0.9710289,0
1623,2.0200000,-6.4600000,-0.7000000,-0.0107000,-0.0688000,1.2016000,-0.5034098,-2.7844318,-0.2614314,-0.0170840,-0.0203269,0.9643355,0
1624,1.2200000,-2.1200000,-0.1500000,-0.0527000,-0.0292000,1.1791000,-0.1385689,-3.2135244,-0.4042878,-0.0139738,-0.0236782,0.9720035,0
1625,0.6100000,-2.0600000,-0.5200000,-0.0219000,0.0073000,0.8540000,0.2083767,-3.4868338,-0.4939578,-0.0136280,-0.0263334,0.9874810,0
1626,2.7500000,-4.3800000,-1.0700000,0.0253000,-0.0078000,0.8061000,0.5183839,-3.5952972,-0.5571749,-0.0137414,-0.0263708,0.9922516,0
1627,4.1500000,-5.1700000,-0.5200000,0.0058000,-0.0927000,1.0405000,0.8816192,-3.6971707,-0.6168246,-0.0120173,-0.0263047,0.9860266,0
1628,3.4200000,-3.7700000,0.3200000,-0.0283000,-0.0336000,1.2719000,1.3343636,-3.8368424,-0.6414786,-0.0097735,-0.0287041,0.9863500,0
1629,1.4100000,-0.7800000,0.1400000,-0.0205000,0.0380000,0.9990000,1.7665716,-3.8891189,-0.6005366,-0.0089812,-0.0303852,0.9993685,0
1630,1.2800000,-2.6700000,-0.8900000,0.0122000,0.0229000,0.7480000,2.0528810,-3.7708870,-0.5318594,-0.0088983,-0.0277110,1.0081283,0
1631,3.4200000,-4.9300000,-0.8900000,0.0200000,-0.0517000,0.9194000,2.2200070,-3.6140517,-0.4958980,-0.0076504,-0.0231251,1.0013325,0
1632,3.7900000,-4.0800000,0.2600000,-0.0136000,-0.0571000,1.2050000,2.3880456,-3.5567205,-0.4813978,-0.0054602,-0.0210896,0.9926857,0
1633,2.4400000,-0.8400000,0.4500000,-0.0058000,0.0278000,1.1704000,2.5738979,-3.5139887,-0.4318190,-0.0038780,-0.0208635,0.9977653,0
1634,0.3100000,-0.7800000,-0.4000000,0.0014000,0.0488000,0.8134000,2.6666731,-3.3356370,-0.3500688,-0.0030296,-0.0180925,1.0084166,0
1635,2.2000000,-3.7700000,-0.9500000,0.0078000,-0.0263000,0.8378000,2.6175900,-3.0772020,-0.2956242,-0.0021458,-0.0128717,1.0072412,0
1636,3.1200000,-3.4700000,-0.0300000,0.0000000,-0.0776000,1.0688000,2.5330832,-2.9010349,-0.2837519,-0.0010651,-0.0101240,0.9970249,0
1637,3.6600000,-1.8800000,0.9300000,0.0131000,-0.0151000,1.2685000,2.5184021,-2.8078493,-0.2549494,0.0001332,-0.0114969,0.9956099,0
1638,0.7400000,1.1600000,0.5100000,0.0361000,0.0805000,1.0048000,2.5312064,-2.6444263,-0.1690009,0.0021423,-0.0120021,1.0073180,0
1639,-0.2900000,-0.7800000,-0.7000000,0.0307000,0.0371000,0.7392000,2.4334822,-2.3340072,-0.0751970,0.0055884,-0.0076866,1.0145866,0
1640,0.9200000,-2.9200000,-0.8300000,0.0156000,-0.0278000,0.9882000,2.1970067,-2.0140973,-0.0435383,0.0096211,-0.0017529,1.0074605,0
1641,1.8900000,-0.9000000,0.5100000,-0.0083000,-0.0283000,1.1850000,1.9379363,-1.7981501,-0.0568906,0.0125110,0.0012537,1.0002945,0
1642,1.7100000,2.2000000,1.3000000,0.0390000,0.0395000,1.1826000,1.7448344,-1.5658105,-0.0309597,0.0141226,0.0021795,1.0065361,0
1643,-1.8800000,1.7100000,0.3200000,0.0546000,0.0859000,0.8095000,1.5497056,-1.1863779,0.0570442,0.0165180,0.0053415,1.0172380,0
1644,-0.0500000,-1.7600000,-0.0300000,0.0166000,-0.0107000,0.8540000,1.2578911,-0.7702005,0.1472623,0.0200371,0.0109692,1.0158002,0
1645,0.4900000,-0.6600000,0.9300000,-0.0161000,-0.0581000,1.1088000,0.9397605,-0.4910176,0.2171929,0.0221244,0.0138258,1.0061037,0
1646,1.7700000,1.9000000,2.1500000,0.0209000,0.0351000,1.2949000,0.7144578,-0.2962164,0.3245270,0.0217922,0.0127036,1.0067550,0
1647,-0.1100000,4.2800000,1.5400000,0.0966000,0.1010000,0.9765000,0.5912915,0.0015343,0.5032599,0.0222847,0.0132347,1.0201884,0
1648,-3.1000000,0.3700000,-0.0300000,0.0234000,0.0053000,0.8491000,0.4336689,0.4098768,0.6818954,0.0255802,0.0173804,1.0291302,0
1649,-0.2900000,0.3100000,0.1400000,-0.0312000,-0.0468000,1.1020000,0.1651891,0.7458854,0.7742196,0.0278921,0.0199444,1.0280403,0
1650,1.8900000,3.0600000,1.3000000,0.0322000,0.0356000,1.2685000,-0.0562203,0.9828032,0.8023654,0.0269977,0.0189283,1.0315475,0
1651,-0.6000000,4.8300000,0.9300000,0.1030000,0.1079000,0.9130000,-0.1356643,1.2819374,0.8296658,0.0269905,0.0194130,1.0423486,0
1652,-3.4100000,1.0400000,-0.1500000,0.0395000,0.0585000,0.7207000,-0.2303442,1.6471523,0.8409761,0.0303949,0.0243882,1.0421625,0
1653,-0.9000000,-0.8400000,-0.4000000,-0.0190000,-0.0449000,1.0424000,-0.4396565,1.8709681,0.7852906,0.0334101,0.0292349,1.0265418,0
1654,0.2500000,1.4100000,0.6300000,-0.0107000,-0.0200000,1.2670000,-0.6381937,1.8796755,0.6800648,0.0324752,0.0289645,1.0158473,0
1655,0.4900000,6.7200000,0.7500000,0.0952000,0.1074000,1.0551000,-0.7124500,1.9089845,0.5902803,0.0303674,0.0269161,1.0203980,0
1656,-2.3100000,3.3000000,-0.8300000,0.1118000,0.0795000,0.7871000,-0.7245309,2.1389396,0.5113860,0.0324303,0.0289490,1.0249776,0
1657,-3.8300000,-1.0200000,-2.0500000,-0.0136000,-0.0141000,0.9189000,-0.8339385,2.3616187,0.3602589,0.0372775,0.0329943,1.0168346,0
1658,-1.8200000,2.1400000,-1.4400000,-0.0532000,-0.0688000,1.1127000,-1.0738970,2.3830007,0.1064614,0.0380223,0.0325867,1.0049898,0
1659,0.8000000,4.2800000,0.0800000,0.0307000,0.0019000,1.1865000,-1.2754809,2.3567080,-0.1622688,0.0336521,0.0266990,1.0036358,0
1660,-0.9000000,5.1900000,-0.3400000,0.0961000,0.0952000,0.9438000,-1.3247967,2.4696474,-0.3541187,0.0302405,0.0213846,1.0111012,0
1661,-4.2000000,1.7700000,-1.6800000,0.0434000,0.0029000,0.7172000,-1.3544334,2.6736556,-0.4945045,0.0309714,0.0201786,1.0108060,0
1662,-3.0400000,-1.0800000,-1.4400000,-0.0546000,-0.0996000,1.0610000,-1.5124634,2.7433503,-0.6480444,0.0315288,0.0178122,0.9984858,0
1663,-0.8400000,2.4500000,0.2000000,-0.0546000,-0.0493000,1.2294000,-1.7156418,2.6090381,-0.7820212,0.0269354,0.0099312,0.9920836,0
1664,1.3500000,6.6000000,1.1200000,0.0717000,0.0571000,1.0625000,-1.7758081,2.5225723,-0.8035184,0.0199760,0.0012450,1.0003080,0
1665,-1.8800000,3.1200000,-0.0900000,0.0957000,0.0546000,0.8051000,-1.6721407,2.6414352,-0.7055603,0.0176132,-0.0020259,1.0087614,0
1666,-4.5600000,-1.2100000,-1.1900000,-0.0229000,-0.0522000,0.8745000,-1.6113057,2.7390421,-0.5910754,0.0195069,-0.0016694,1.0043853,0
1667,-3.2200000,0.7400000,-0.4000000,-0.1210000,-0.1030000,1.1293000,-1.7284328,2.6105257,-0.5278065,0.0177264,-0.0043754,0.9948681,0
1668,1.4100000,4.5800000,1.0600000,-0.0087000,-0.0014000,1.2534000,-1.8573009,2.4157933,-0.4635059,0.0096657,-0.0109731,0.9969387,0
1669,-1.3900000,6.0500000,0.7500000,0.1054000,0.0776000,0.8564000,-1.8266965,2.4171621,-0.3354257,0.0030567,-0.0148893,1.0084037,0
1670,-4.1400000,0.8000000,-0.9500000,0.0302000,0.0039000,0.6796000,-1.7709829,2.5749182,-0.1940011,0.0032378,-0.0130378,1.0079681,0
1671,-4.3200000,-2.1800000,-1.3800000,-0.1220000,-0.1347000,1.0688000,-1.8739479,2.5790992,-0.1385244,0.0039735,-0.0117930,0.9926771,0
1672,-0.6000000,1.7700000,0.5100000,-0.1166000,-0.0756000,1.2670000,-2.0581595,2.3386436,-0.1560829,-0.0025094,-0.0168978,0.9851494,0
1673,1.2800000,7.2700000,1.8500000,0.0439000,0.0419000,0.9541000,-2.0961182,2.1698751,-0.1248812,-0.0127176,-0.0237146,0.9926990,0
1674,-1.1500000,1.6500000,0.8700000,0.0727000,0.0454000,0.7270000,-1.9358072,2.2480189,0.0071857,-0.0173613,-0.0251050,0.9961633,0
1675,-2.9200000,-3.6500000,-0.2800000,-0.0937000,-0.0791000,0.9799000,-1.7566098,2.2565223,0.1577857,-0.0170249,-0.0229035,0.9864023,0
1676,-2.6100000,-0.2300000,0.2000000,-0.1621000,-0.1196000,1.1811000,-1.6933671,1.9626115,0.2519403,-0.0210005,-0.0243191,0.9785814,0
1677,2.5700000,4.5800000,1.4200000,-0.0180000,-0.0278000,1.1274000,-1.6286366,1.6258872,0.3230156,-0.0306176,-0.0302241,0.9847153,0
1678,1.2200000,4.1500000,0.8100000,0.0971000,0.0649000,0.8544000,-1.3809750,1.5420058,0.4199719,-0.0363544,-0.0337985,0.9957073,0
1679,-1.8200000,-0.9600000,-0.8900000,0.0234000,-0.0214000,0.7495000,-1.0471324,1.6037275,0.4915964,-0.0331045,-0.0317571,0.9947814,0
1680,-2.3700000,-3.8900000,-0.8900000,-0.1479000,-0.1347000,1.0947000,-0.8451014,1.4811414,0.4606862,-0.0284412,-0.0301581,0.9835228,0
1681,0.6100000,1.7100000,0.8100000,-0.0473000,-0.0224000,1.1997000,-0.7671347,1.1423493,0.3664983,-0.0295862,-0.0329999,0.9804093,0
1682,2.7500000,3.8500000,2.2200000,0.0908000,0.0649000,0.8525000,-0.6233707,0.9011774,0.3358946,-0.0309904,-0.0344731,0.9869472,0
1683,-1.2700000,-0.6600000,1.1800000,0.0219000,-0.0097000,0.7597000,-0.3838864,0.8498362,0.4184194,-0.0262645,-0.0306865,0.9854488,0
1684,-2.4300000,-3.4000000,0.4500000,-0.1308000,-0.1088000,1.0839000,-0.2440389,0.7311656,0.5387530,-0.0210472,-0.0270640,0.9747275,0
1685,-0.3500000,0.4900000,0.8100000,-0.1269000,-0.0629000,1.2573000,-0.2648832,0.4563379,0.6306902,-0.0233729,-0.0283948,0.9735929,0
1686,3.7300000,5.5600000,1.3600000,0.0444000,0.0449000,0.9643000,-0.2449227,0.3064794,0.7078747,-0.0298192,-0.0307771,0.9862896,0
1687,1.5300000,0.9800000,0.2000000,0.1376000,0.0527000,0.7695000,-0.0389253,0.4385963,0.7754220,-0.0295598,-0.0282339,0.9946383,0
1688,-2.5500000,-4.3200000,-1.1300000,-0.0400000,-0.0590000,0.8666000,0.1814720,0.5523626,0.7691038,-0.0214035,-0.0225010,0.9877690,0
1689,-1.7000000,-3.3400000,-0.2200000,-0.1992000,-0.1215000,1.1630000,0.2024065,0.3600365,0.6574767,-0.0172968,-0.0207683,0.9776321,0
1690,3.6600000,2.3800000,1.3600000,-0.0556000,0.0117000,1.2021000,0.1535819,0.0346463,0.5288497,-0.0231946,-0.0238188,0.9808545,0
1691,2.7500000,2.4500000,1.4800000,0.1015000,0.1132000,0.7822000,0.2780283,-0.0991038,0.4838020,-0.0293093,-0.0235585,0.9914764,0
1692,0.3100000,-3.2800000,-0.0900000,0.0566000,0.0253000,0.7221000,0.5256966,-0.0965899,0.5009977,-0.0267795,-0.0162091,0.9887029,0
1693,-2.1800000,-7.9200000,-0.8300000,-0.1352000,-0.1123000,1.1230000,0.6662073,-0.3288211,0.4812186,-0.0214090,-0.0091591,0.9747654,0
1694,1.1000000,-2.7300000,0.2600000,-0.1337000,-0.0507000,1.3032000,0.6435593,-0.8901691,0.3999510,-0.0232238,-0.0089227,0.9733023,0
1695,3.4800000,3.1800000,1.2400000,0.0483000,0.0615000,0.8920000,0.6476265,-1.3835306,0.3343780,-0.0296376,-0.0111109,0.9869886,0
1696,3.9100000,-2.9200000,0.3800000,0.1552000,0.0747000,0.7460000,0.8386068,-1.5745457,0.3281210,-0.0289984,-0.0086695,0.9934616,0
1697,-2.0600000,-8.3500000,-0.8300000,-0.0131000,-0.0229000,0.9619000,1.0792944,-1.7916827,0.3212465,-0.0193180,-0.0026316,0.9850018,0
1698,-1.6400000,-6.0300000,-0.4000000,-0.1635000,-0.0683000,1.1655000,1.1098021,-2.3021502,0.2572907,-0.0122505,0.0006610,0.9774733,0
1699,3.2400000,-0.7800000,0.3800000,-0.0234000,0.0410000,1.1894000,0.9980390,-2.8701661,0.1704992,-0.0140340,0.0003397,0.9841407,0
1700,3.5400000,-0.4700000,-0.0900000,0.1289000,0.1323000,0.7939000,1.0144822,-3.1657656,0.1065611,-0.0156851,0.0030385,0.9964831,0
1701,0.6700000,-5.7800000,-1.8000000,0.1113000,0.0400000,0.7807000,1.1642474,-3.2516572,0.0248605,-0.0085413,0.0114661,0.9958026,0
1702,-2.4300000,-9.0200000,-1.9900000,-0.0898000,-0.0996000,1.1088000,1.2159758,-3.4682818,-0.1436090,0.0019824,0.0182134,0.9849407,0
1703,-0.1100000,-4.9900000,-0.4600000,-0.1420000,-0.0190000,1.3242000,1.0651099,-3.9071971,-0.3654407,0.0043490,0.0174989,0.9856610,0
1704,3.3000000,1.9600000,0.8100000,0.0551000,0.0844000,0.9731000,0.8958420,-4.2170380,-0.5205308,-0.0008831,0.0145664,1.0019418,0
1705,2.3800000,-3.3400000,-0.0900000,0.1821000,0.0810000,0.7075000,0.8934552,-4.1655534,-0.5566929,-0.0011492,0.0161507,1.0117837,0
1706,-1.8800000,-8.5300000,-1.3100000,0.0253000,0.0029000,0.9946000,0.9442652,-4.0640050,-0.5488211,0.0077014,0.0208762,1.0047517,0
1707,-3.1600000,-6.2100000,-1.3800000,-0.1396000,-0.0683000,1.2500000,0.8098178,-4.2068195,-0.5818247,0.0146289,0.0226013,0.9987896,0
1708,2.2000000,-0.6600000,-0.4600000,-0.0278000,0.0234000,1.1386000,0.5380340,-4.3944671,-0.6472294,0.0122392,0.0196769,1.0077798,0
1709,2.2000000,0.1900000,-0.2800000,0.1352000,0.1494000,0.7519000,0.3895897,-4.3092043,-0.6889976,0.0085183,0.0187893,1.0185260,0
1710,1.5300000,-4.9900000,-1.1900000,0.1362000,0.0141000,0.8120000,0.4263654,-4.0141869,-0.7048205,0.0130552,0.0234646,1.0129724,0
1711,-2.6700000,-7.8000000,-0.8300000,-0.0795000,-0.1264000,1.1494000,0.4677161,-3.8557700,-0.7284387,0.0215055,0.0256065,0.9988348,0
1712,-0.8400000,-3.1600000,0.5700000,-0.1342000,-0.0375000,1.3256000,0.3632755,-3.9214017,-0.7308584,0.0220445,0.0193760,0.9986257,0
1713,3.3600000,3.8500000,1.4200000,0.0756000,0.0732000,0.9116000,0.2472267,-3.8547311,-0.6389537,0.0151505,0.0112489,1.0129054,0
1714,2.9900000,-1.6300000,0.1400000,0.1391000,0.0097000,0.8681000,0.3310775,-3.4438653,-0.4573851,0.0126470,0.0075148,1.0213663,0
1715,-2.0000000,-5.8500000,-1.6200000,-0.0537000,-0.1059000,1.2187000,0.5056706,-3.0093368,-0.3025859,0.0160524,0.0042491,1.0223952,0
1716,-1.5100000,-1.0200000,-0.7000000,-0.0913000,-0.0166000,1.2724000,0.5264138,-2.7770972,-0.2553141,0.0157499,-0.0025789,1.0328622,0
1717,3.7300000,4.5200000,0.2000000,0.0805000,0.0913000,0.8901000,0.4715214,-2.4727370,-0.2611212,0.0111617,-0.0077109,1.0500618,0
1718,3.2400000,-0.0500000,-0.7700000,0.1738000,0.0668000,0.7080000,0.5830032,-1.9188273,-0.2653580,0.0122127,-0.0057074,1.0522632,0
1719,0.0000000,-3.6500000,-1.4400000,0.0488000,-0.0595000,1.0366000,0.8127187,-1.3939661,-0.3025899,0.0214834,-0.0006422,1.0362758,0
1720,-3.2800000,-1.3900000,-0.8300000,-0.1196000,-0.1259000,1.3081000,0.8939553,-1.1208921,-0.3921340,0.0287520,-0.0009189,1.0249015,0
1721,0.4300000,4.7000000,0.1400000,-0.0444000,0.0117000,1.0986000,0.7511310,-0.8904548,-0.4775086,0.0263884,-0.0070395,1.0306969,0
1722,2.6900000,5.1900000,0.3800000,0.1362000,0.0991000,0.6772000,0.6046119,-0.4060297,-0.4973179,0.0213026,-0.0104678,1.0356130,0
1723,2.7500000,-1.0800000,-0.5200000,0.1542000,-0.0263000,0.8261000,0.6339847,0.2184420,-0.4624397,0.0240054,-0.0081382,1.0214269,0
1724,-2.3100000,-2.4900000,-0.4600000,-0.0668000,-0.1245000,1.2241000,0.7199831,0.6122447,-0.4254145,0.0313979,-0.0075569,1.0016401,0
1725,-2.6100000,1.9600000,0.2000000,-0.1259000,-0.0698000,1.2880000,0.6273260,0.7332851,-0.3923967,0.0315020,-0.0135078,1.0001110,0
1726,2.0800000,6.7200000,0.8100000,0.0615000,0.0683000,0.8603000,0.4080506,0.9156867,-0.3246356,0.0238747,-0.0201716,1.0123844,0
1727,2.0200000,2.7500000,0.1400000,0.1567000,0.0986000,0.6455000,0.3063355,1.3236231,-0.2157344,0.0201538,-0.0195032,1.0123143,0
1728,0.9800000,-2.7900000,-0.6400000,0.0512000,-0.0419000,1.0263000,0.3590833,1.6683086,-0.1195222,0.0247058,-0.0130171,0.9947635,0
1729,-3.5300000,-1.8200000,-0.8900000,-0.1298000,-0.1201000,1.3935000,0.3731043,1.6619646,-0.0889840,0.0282374,-0.0099263,0.9857676,0
1730,-2.1200000,6.2300000,-0.0300000,-0.0683000,0.0009000,1.0571000,0.1874403,1.5203678,-0.1114541,0.0226769,-0.0127941,0.9986220,0
1731,1.2800000,5.1300000,0.5100000,0.1308000,0.0810000,0.6547000,-0.0770344,1.6241328,-0.1257486,0.0145656,-0.0143546,1.0102384,0
1732,2.2000000,-0.8400000,-0.0300000,0.1391000,-0.0361000,0.8256000,-0.1874471,1.8745151,-0.1055345,0.0148691,-0.0116557,1.0006408,0
1733,-2.8600000,-1.8200000,0.3200000,-0.0449000,-0.1142000,1.2475000,-0.1865671,1.9172478,-0.0686280,0.0211816,-0.0111053,0.9854646,0
1734,-4.6900000,2.4500000,1.2400000,-0.1230000,-0.0659000,1.3525000,-0.3358996,1.7498661,-0.0022906,0.0220483,-0.0164956,0.9904172,0
1735,-1.3300000,7.4500000,1.6700000,0.0336000,0.0830000,0.8671000,-0.6772215,1.7134206,0.1302116,0.0156656,-0.0219012,1.0108237,0
1736,-0.2900000,3.6000000,0.9900000,0.1503000,0.0825000,0.5571000,-0.9951622,1.9731478,0.3165962,0.0122114,-0.0199414,1.0158882,0
1737,0.3700000,-1.4500000,0.4500000,0.0371000,-0.0517000,1.0922000,-1.1500576,2.2463149,0.4930427,0.0164720,-0.0131402,0.9992528,0
1738,-5.4200000,-0.6600000,0.0800000,-0.1391000,-0.0893000,1.4340000,-1.2568262,2.2418601,0.6061634,0.0195965,-0.0099358,0.9921683,0
1739,-3.3400000,7.2100000,0.3800000,-0.0698000,0.0053000,0.9907000,-1.5016885,2.1480768,0.6499008,0.0137821,-0.0116013,1.0073511,0
1740,-0.9600000,5.8000000,0.5700000,0.1035000,0.0859000,0.6455000,-1.8003842,2.3081970,0.6540607,0.0054273,-0.0115928,1.0177211,0
1741,1.8300000,-0.4100000,0.3800000,0.0830000,-0.0219000,0.7958000,-1.9162081,2.5949988,0.6423440,0.0040553,-0.0075392,1.0044215,0
1742,-1.1500000,-2.5500000,0.3800000,-0.0825000,-0.0981000,1.3066000,-1.8054271,2.6192769,0.6175704,0.0066052,-0.0054584,0.9863725,0
1743,-3.2800000,2.8700000,0.6300000,-0.1372000,-0.0605000,1.2514000,-1.6646539,2.3714121,0.5876178,0.0033077,-0.0092806,0.9891546,0
1744,0.0000000,5.8000000,0.6900000,-0.0014000,0.0771000,0.8251000,-1.5954842,2.2024893,0.5679965,-0.0062688,-0.0138383,1.0045530,0
1745,1.8300000,1.0400000,-0.0900000,0.1103000,0.0380000,0.6005000,-1.4520722,2.2287099,0.5483433,-0.0125035,-0.0130047,1.0040636,0
1746,3.3000000,-3.6500000,-0.0900000,0.0000000,-0.0595000,1.0712000,-1.1036644,2.1514391,0.5001234,-0.0110955,-0.0095456,0.9852940,0
1747,-0.6000000,-2.1800000,0.0800000,-0.1376000,-0.0351000,1.2519000,-0.6342987,1.7595453,0.4252050,-0.0098494,-0.0088919,0.9743330,0
1748,1.6500000,3.2400000,0.3200000,-0.0126000,0.0825000,0.7851000,-0.2070022,1.2710555,0.3508303,-0.0140389,-0.0087063,0.9765972,0
1749,2.5100000,-0.6000000,-0.4600000,0.0712000,0.0551000,0.6000000,0.1883087,0.9299620,0.2801682,-0.0174377,-0.0041724,0.9683231,0
1750,3.7300000,-4.4400000,-0.2800000,-0.0175000,-0.0659000,1.1098000,0.6355814,0.5882940,0.1946688,-0.0159614,0.0016172,0.9473838,0
1751,0.1900000,-3.4000000,-0.0300000,-0.1201000,-0.0400000,1.4282000,1.0754290,0.0632313,0.1031076,-0.0154173,0.0028567,0.9431579,0
1752,-0.8400000,2.5100000,-0.2800000,-0.0961000,0.0253000,0.9135000,1.3368056,-0.4539259,0.0236500,-0.0209353,0.0010001,0.9626812,0
1753,2.9300000,0.1900000,-1.0100000,0.0585000,0.0419000,0.6528000,1.4259698,-0.7127891,-0.0613435,-0.0278896,0.0007834,0.9763529,0
1754,3.3000000,-5.6000000,-0.9500000,0.0395000,-0.0361000,0.8876000,1.5356958,-0.8759766,-0.1761972,-0.0288963,0.0020476,0.9690804,0
1755,1.8900000,-4.6900000,0.0200000,-0.0869000,-0.0625000,1.3022000,1.7120531,-1.2255757,-0.2937452,-0.0262044,0.0008301,0.9614815,0
1756,0.1200000,-1.1500000,0.2600000,-0.0903000,0.0156000,1.2607000,1.8322252,-1.6752817,-0.3585915,-0.0268835,-0.0029395,0.9748191,0
1757,-0.9600000,-0.4100000,-0.2800000,-0.0322000,0.0937000,0.7280000,1.7856064,-1.9777370,-0.3661521,-0.0311785,-0.0038678,0.9964740,0
1758,2.0800000,-2.8500000,-1.3800000,0.0439000,0.0576000,0.6279000,1.6178867,-2.1096406,-0.3753269,-0.0336536,0.0010813,0.9974831,0
1759,3.3000000,-7.7400000,-1.3800000,-0.0219000,-0.0610000,1.1240000,1.5108909,-2.3029171,-0.4398284,-0.0318607,0.0071388,0.9804141,0
1760,0.6700000,-5.1100000,-0.6400000,-0.1025000,-0.0327000,1.4311000,1.5086733,-2.7126281,-0.5418621,-0.0302079,0.0085003,0.9772058,0
1761,-1.9400000,0.4900000,-0.5200000,-0.0400000,0.0488000,0.9624000,1.4402792,-3.1083385,-0.6276370,-0.0320814,0.0071321,0.9960304,0
1762,-0.4100000,-2.6100000,-1.4400000,0.0581000,0.0141000,0.6123000,1.2080102,-3.2477863,-0.6948887,-0.0332041,0.0072683,1.0077839,0
1763,2.5100000,-7.3100000,-1.0100000,0.0317000,-0.0283000,0.9194000,0.9569796,-3.3181192,-0.7707655,-0.0290898,0.0077498,0.9967502,0
1764,1.9600000,-5.2400000,0.3200000,-0.0478000,-0.0722000,1.3544000,0.8510510,-3.5479446,-0.8205728,-0.0226340,0.0051325,0.9860286,0
1765,-1.0200000,-0.6600000,0.5100000,-0.0273000,0.0209000,1.2153000,0.8233966,-3.7808629,-0.7837856,-0.0185070,-0.0000071,0.9972149,0
1766,-3.2200000,-1.6300000,-0.7700000,0.0068000,0.1147000,0.7500000,0.6732391,-3.7909984,-0.6857804,-0.0162933,-0.0016098,1.0153577,0
1767,0.1900000,-4.1400000,-1.8000000,0.0346000,-0.0083000,0.6928000,0.3768456,-3.6548268,-0.6246694,-0.0131449,0.0023518,1.0138725,0
1768,1.8300000,-5.4800000,-0.7000000,0.0039000,-0.0654000,1.1450000,0.1361957,-3.5829710,-0.6371166,-0.0084651,0.0053604,0.9973576,0
1769,0.4900000,-2.4900000,0.6900000,-0.0209000,-0.0122000,1.3852000,0.0580752,-3.6023202,-0.6443271,-0.0043518,0.0038207,0.9943687,0
1770,-2.7300000,0.8000000,0.8700000,0.0009000,0.0483000,0.9521000,0.0049138,-3.5193483,-0.5660613,-0.0021073,0.0016929,1.0103264,0
1771,-2.7300000,-1.6300000,-0.0900000,0.0346000,0.0136000,0.6523000,-0.1842180,-3.2340228,-0.4233967,-0.0001871,0.0021603,1.0185606,0
1772,0.2500000,-4.3200000,0.0800000,0.0185000,-0.0458000,0.9663000,-0.4501810,-2.9273939,-0.2824214,0.0028388,0.0028831,1.0067458,0
1773,1.4100000,-2.3700000,1.4200000,-0.0083000,-0.0297000,1.3652000,-0.6010606,-2.7494230,-0.1393946,0.0058226,0.0009520,0.9976242,0
1774,-0.6000000,2.9900000,1.3600000,0.0629000,0.0483000,1.1210000,-0.5999363,-2.5363165,0.0494908,0.0085700,-0.0015057,1.0083872,0
1775,-3.7100000,-0.3500000,-0.2200000,0.0771000,0.0966000,0.7402000,-0.6213120,-2.1304174,0.2453837,0.0135518,0.0003226,1.0215932,0
1776,-1.1500000,-1.2700000,-1.1900000,0.0380000,-0.0263000,0.8325000,-0.7692737,-1.6784646,0.3458849,0.0207815,0.0057913,1.0169591,0
1777,0.1200000,-0.2900000,-0.1500000,0.0107000,-0.0844000,1.1591000,-0.9206618,-1.3176322,0.3273261,0.0270385,0.0080220,1.0038743,0
1778,0.7400000,2.5100000,0.9900000,0.0366000,0.0366000,1.3168000,-0.9472090,-0.9671068,0.2790865,0.0308073,0.0056250,1.0045601,0
1779,-3.4100000,5.1300000,0.3200000,0.0659000,0.0908000,0.9023000,-0.9244934,-0.4665838,0.2689072,0.0337581,0.0052345,1.0185915,0
1780,-3.8900000,0.0600000,-1.1300000,0.0112000,-0.0458000,0.8154000,-1.0358881,0.1495793,0.2508181,0.0365456,0.0080259,1.0248278,0
1781,1.2200000,0.8600000,-0.2800000,0.0092000,-0.0800000,1.1499000,-1.2243460,0.6554496,0.1744825,0.0373557,0.0075486,1.0204666,0
1782,1.3500000,3.8500000,0.8100000,0.0717000,0.0019000,1.3256000,-1.2488661,1.0403052,0.0938344,0.0369088,0.0025412,1.0248781,0
1783,-2.9200000,5.1300000,0.0800000,0.1279000,0.0903000,0.9296000,-1.1441831,1.4785028,0.0630909,0.0392906,-0.0005913,1.0403838,0
1784,-4.8700000,1.1600000,-1.1900000,0.0654000,0.0000000,0.6879000,-1.1731086,1.9474414,0.0338869,0.0455525,0.0011123,1.0445276,0
1785,-0.4800000,0.7400000,-0.5200000,0.0024000,-0.0825000,1.0571000,-1.3613155,2.2562339,-0.0442005,0.0511530,0.0022723,1.0308051,0
1786,0.0600000,3.2400000,1.0600000,0.0053000,-0.0161000,1.2314000,-1.4885442,2.3911176,-0.1142287,0.0521519,-0.0008034,1.0202023,0
1787,0.1900000,7.0200000,1.1200000,0.0815000,0.0512000,1.0253000,-1.4539768,2.5715258,-0.0953383,0.0505008,-0.0039868,1.0227286,0
1788,-4.2000000,2.2000000,-0.5800000,0.0830000,0.0288000,0.8574000,-1.3905174,2.8718754,-0.0209372,0.0504320,-0.0033966,1.0253227,0
1789,-4.1400000,1.1000000,-1.0100000,-0.0073000,-0.0654000,0.8554000,-1.4861421,3.0852411,0.0073744,0.0511605,-0.0018736,1.0168284,0
1790,0.1900000,2.8700000,0.4500000,0.0019000,-0.0747000,1.1103000,-1.6749088,3.1202415,-0.0182395,0.0489297,-0.0042950,1.0035720,0
1791,2.2600000,4.5800000,1.3600000,0.0698000,0.0219000,1.1918000,-1.6915485,3.1213814,-0.0080976,0.0448998,-0.0093770,1.0001613,0
1792,-2.2500000,5.0700000,0.3800000,0.0903000,0.0615000,0.9350000,-1.5169273,3.2147866,0.0703534,0.0433636,-0.0112686,1.0065746,0
1793,-4.8100000,0.6800000,-1.1300000,0.0195000,-0.0190000,0.7753000,-1.4246615,3.3257211,0.1348988,0.0443153,-0.0090480,1.0068881,0
1794,-1.5700000,0.3700000,-0.5800000,-0.0693000,-0.0996000,1.0068000,-1.5209591,3.2662694,0.1160532,0.0425706,-0.0084253,0.9963415,0
1795,2.4400000,3.5400000,1.1800000,-0.0200000,-0.0234000,1.1625000,-1.5711952,3.0653627,0.0723510,0.0352383,-0.0122012,0.9888953,0
1796,2.1400000,5.5000000,1.6100000,0.0800000,0.0371000,0.9907000,-1.3677403,2.9503393,0.1065930,0.0271164,-0.0158379,0.9914886,0
1797,-3.2800000,0.4300000,-0.3400000,0.0463000,0.0180000,0.9018000,-1.0582921,2.9402059,0.2015296,0.0234706,-0.0155162,0.9947534,0
1798,-3.4700000,-1.0800000,-0.8900000,-0.0639000,-0.0874000,0.9008000,-0.9332685,2.8035501,0.2470311,0.0214300,-0.0143506,0.9911454,0
1799,1.9600000,1.9000000,0.5100000,-0.0366000,-0.0859000,1.0234000,-0.9440004,2.4941010,0.2240345,0.0160278,-0.0173245,0.9840559,0
1800,4.2100000,3.0600000,1.4200000,0.0336000,0.0444000,1.1328000,-0.7814599,2.2113574,0.2224173,0.0091969,-0.0221539,0.9824046,0
1801,1.1000000,2.1400000,0.0800000,0.0541000,0.0366000,0.9711000,-0.3838800,2.0564204,0.2723986,0.0057782,-0.0226783,0.9879828,0
1802,-3.4700000,-1.8200000,-1.5000000,-0.0253000,-0.0522000,0.8559000,-0.0390079,1.9027122,0.2841780,0.0054611,-0.0198793,0.9911379,0
1803,-1.3900000,-1.3900000,-0.8300000,-0.1000000,-0.1035000,0.9580000,0.0401072,1.5932387,0.1935912,0.0028809,-0.0199275,0.9866615,0
1804,4.8900000,2.1400000,0.9900000,-0.0468000,-0.0283000,1.1079000,0.0603125,1.2173620,0.0763604,-0.0044699,-0.0241316,0.9824481,0
1805,4.0900000,2.3200000,1.2400000,0.0429000,0.0507000,1.0581000,0.3190665,0.9831324,0.0430393,-0.0118519,-0.0270864,0.9858131,0
1806,-1.5100000,-0.2300000,-0.2200000,0.0063000,0.0268000,0.8686000,0.6915507,0.8854764,0.0834821,-0.0147245,-0.0247992,0.9909727,0
1807,-3.3400000,-2.6700000,-0.9500000,-0.1225000,-0.0644000,1.0126000,0.8293002,0.7354437,0.0997013,-0.0167295,-0.0205387,0.9911490,0
1808,0.0600000,0.2500000,0.0200000,-0.1147000,-0.0703000,1.0205000,0.6877477,0.4732958,0.0599191,-0.0237690,-0.0196167,0.9902520,0
1809,4.8900000,2.8700000,1.3000000,-0.0048000,0.0727000,1.0302000,0.5752529,0.2812037,0.0374237,-0.0335380,-0.0201065,0.9921428,0
1810,1.7100000,1.2900000,0.4500000,0.0380000,0.0595000,0.9951000,0.6888550,0.2816219,0.0816458,-0.0388424,-0.0161022,0.9955130,0
1811,-3.8900000,-2.1800000,-1.3100000,-0.0600000,-0.0185000,0.9619000,0.7951442,0.3249391,0.1213230,-0.0388991,-0.0087621,0.9976794,0
1812,-3.7700000,-1.2700000,-1.0700000,-0.1586000,-0.0781000,1.0366000,0.6018160,0.2394554,0.0719537,-0.0406426,-0.0044672,0.9983616,0
1813,2.4400000,2.9900000,0.4500000,0.0063000,0.0488000,0.9628000,0.2489292,0.1306498,-0.0257398,-0.0459448,-0.0038823,0.9988886,0
1814,2.2000000,0.9200000,0.3800000,0.0659000,0.0703000,1.0180000,0.0690833,0.1634409,-0.0821104,-0.0472631,-0.0013918,0.9989182,0
1815,-3.2200000,-1.1500000,-1.2500000,-0.0224000,-0.0136000,0.9702000,0.0208909,0.2452486,-0.1124709,-0.0419882,0.0038479,0.9984015,0
1816,-5.0500000,-0.4100000,-1.3100000,-0.1450000,-0.0937000,1.0083000,-0.1982700,0.2420652,-0.1917934,-0.0377203,0.0058831,0.9975298,0
1817,2.3200000,4.0900000,0.2000000,-0.0732000,0.0087000,1.0971000,-0.5438185,0.2631543,-0.3009656,-0.0396971,0.0028537,0.9988542,0
1818,2.1400000,4.9500000,0.5700000,0.0571000,0.0771000,0.9389000,-0.6870056,0.5110002,-0.3536341,-0.0424814,0.0006977,1.0026354,0
1819,-0.6600000,1.1000000,-0.2200000,0.0419000,0.0356000,0.9423000,-0.6043541,0.9319641,-0.3365110,-0.0391896,0.0032454,1.0031859,0
1820,-5.6000000,-0.7200000,-1.1300000,-0.0932000,-0.0688000,1.1064000,-0.5987941,1.2562181,-0.3185794,-0.0329721,0.0062152,1.0018752,0
1821,-2.4900000,2.5700000,-0.0900000,-0.0893000,-0.0561000,0.9824000,-0.8353212,1.4080485,-0.3331006,-0.0310313,0.0044455,1.0036454,0
1822,4.0900000,5.9900000,1.4200000,0.0356000,0.0512000,1.0170000,-1.0502551,1.6013796,-0.3134455,-0.0320374,0.0003465,1.0062592,0
1823,0.6700000,3.4200000,0.5100000,0.0996000,0.0664000,0.9375000,-0.9760025,1.9576265,-0.2101878,-0.0284721,-0.0000468,1.0065070,0
1824,-2.9800000,0.1900000,-0.7000000,0.0107000,0.0083000,1.0097000,-0.8007705,2.2903286,-0.0921331,-0.0189679,0.0035668,1.0041689,0
1825,-5.8500000,0.1300000,-0.8300000,-0.1225000,-0.0717000,1.0517000,-0.8477853,2.3986452,-0.0435605,-0.0113786,0.0058247,1.0025073,0
1826,2.2000000,4.9500000,0.5100000,-0.0263000,0.0014000,1.0073000,-1.0604731,2.3838729,-0.0460633,-0.0108309,0.0041198,1.0036582,0
1827,2.4400000,4.8300000,0.7500000,0.0834000,0.0932000,0.8901000,-1.0918068,2.4813328,-0.0250897,-0.0114512,0.0031834,1.0032268,0
1828,1.0400000,0.4900000,-0.2200000,0.0810000,0.0112000,0.9174000,-0.8611172,2.6477636,0.0263265,-0.0064806,0.0063237,0.9967643,0
1829,-4.6900000,-1.7600000,-1.0700000,-0.0385000,-0.0625000,1.1967000,-0.6474017,2.6231379,0.0419242,0.0013831,0.0088962,0.9913050,0
1830,-3.5300000,1.4700000,-0.2200000,-0.0820000,-0.0581000,0.9667000,-0.6967165,2.3652884,-0.0032553,0.0047489,0.0063790,0.9940753,0
1831,4.9500000,3.8500000,1.3000000,0.0556000,0.0537000,0.8935000,-0.8089418,2.1109237,-0.0361872,0.0035758,0.0017418,0.9968020,0
1832,2.8100000,-1.0200000,0.6300000,0.1142000,0.0922000,0.8671000,-0.6315673,1.9418882,0.0060499,0.0054162,0.0014696,0.9911921,0
1833,-0.6000000,-4.2000000,-0.3400000,0.0000000,-0.0195000,1.0927000,-0.2668408,1.6294792,0.0772377,0.0118651,0.0055671,0.9826864,0
1834,-5.1800000,-3.0400000,-0.7000000,-0.1000000,-0.0732000,1.0971000,-0.0831842,1.0479747,0.1016269,0.0153331,0.0073462,0.9816266,0
1835,1.2200000,-0.6600000,0.5100000,-0.0039000,0.0087000,0.9394000,-0.1543253,0.3711264,0.0844023,0.0122305,0.0047400,0.9869678,0
1836,4.4600000,-0.4100000,1.1200000,0.1259000,0.1010000,0.8427000,-0.1530109,-0.1885828,0.0954950,0.0096217,0.0035955,0.9877972,0
1837,2.0800000,-4.6200000,0.1400000,0.1176000,-0.0166000,0.9155000,0.1055428,-0.6549122,0.1529789,0.0145161,0.0064708,0.9800771,0
1838,-3.7100000,-7.1900000,-0.5800000,-0.0395000,-0.0810000,1.2226000,0.3614973,-1.2395858,0.1940252,0.0229477,0.0075299,0.9746436,0
1839,-4.2000000,-4.0100000,-0.2800000,-0.0937000,-0.0659000,1.1166000,0.3050184,-1.9771052,0.1786553,0.0254054,0.0026939,0.9827816,0
1840,2.5100000,0.8600000,0.9300000,0.0625000,0.0307000,0.7783000,0.0514921,-2.5794830,0.1502283,0.0216389,-0.0042812,0.9940857,0
1841,2.8700000,-4.5600000,0.9900000,0.1381000,0.0976000,0.7993000,-0.0411363,-2.8961712,0.1715424,0.0208871,-0.0065411,0.9912167,0
1842,0.0000000,-8.9600000,0.0200000,0.0058000,-0.0415000,1.1552000,0.0684488,-3.2124559,0.2302760,0.0256457,-0.0037616,0.9806853,0
1843,-5.8500000,-6.7000000,-0.2800000,-0.1230000,-0.0839000,1.2382000,0.0733841,-3.7432704,0.2645085,0.0271737,-0.0030686,0.9824696,0
1844,-2.1200000,-2.1800000,0.4500000,-0.0312000,0.0224000,0.9414000,-0.2068979,-4.2758452,0.2634072,0.0205201,-0.0061312,0.9965300,0
1845,2.5100000,-1.6300000,0.3800000,0.0927000,0.0917000,0.7260000,-0.5222683,-4.5287773,0.2616238,0.0127426,-0.0065464,1.0027537,0
1846,1.8900000,-7.7400000,-1.0100000,0.0239000,-0.0458000,1.1669000,-0.5863767,-4.5918821,0.2434796,0.0103077,-0.0030735,0.9976934,0
1847,-5.9100000,-6.3900000,-1.6800000,-0.0981000,-0.0839000,1.2475000,-0.5727553,-4.7354319,0.1456064,0.0087695,-0.0022823,1.0008049,0
1848,-2.4900000,-1.5700000,-0.8300000,-0.0351000,-0.0336000,0.9858000,-0.7674432,-4.8907257,-0.0332953,0.0029133,-0.0065561,1.0157438,0
1849,2.2600000,-1.0800000,-0.3400000,0.0922000,0.0590000,0.7221000,-1.0039747,-4.8105192,-0.2192662,-0.0026051,-0.0106201,1.0228792,0
1850,2.0800000,-5.8500000,-0.7000000,0.0976000,-0.0073000,0.9345000,-0.9924792,-4.5650317,-0.3653088,-0.0009764,-0.0108249,1.0128546,0
1851,-2.3100000,-5.5400000,-0.8300000,-0.0419000,-0.0903000,1.2983000,-0.8228346,-4.4087904,-0.4812412,0.0050771,-0.0110086,1.0031715,0
1852,-4.4400000,-2.0000000,-0.5200000,-0.1040000,-0.0708000,1.2055000,-0.7881135,-4.3345895,-0.5747749,0.0067401,-0.0154375,1.0114998,0
1853,0.5500000,2.5100000,0.2600000,0.0239000,0.0273000,0.8173000,-0.9162202,-4.0799742,-0.6209235,0.0027264,-0.0211470,1.0264933,0
1854,3.5400000,0.1300000,-0.0300000,0.1152000,0.0541000,0.6938000,-0.9207618,-3.5256552,-0.6012425,0.0011181,-0.0223488,1.0246202,0
1855,1.9600000,-4.0800000,-0.4600000,0.0234000,-0.0708000,1.1127000,-0.6571071,-2.9132230,-0.5455419,0.0055739,-0.0200248,1.0077362,0
1856,-3.1000000,-1.0800000,-0.4600000,-0.1074000,-0.0971000,1.3862000,-0.3476606,-2.4693689,-0.4943104,0.0090805,-0.0206330,1.0024197,0
1857,-1.6400000,3.9100000,0.1400000,-0.0576000,-0.0283000,1.0556000,-0.2393580,-2.0331236,-0.4466468,0.0055992,-0.0252561,1.0177079,0
1858,2.7500000,5.6800000,0.2600000,0.0747000,0.0615000,0.5947000,-0.2235722,-1.3405738,-0.3785903,-0.0000537,-0.0280438,1.0279402,0
1859,5.1900000,-0.7200000,-0.2800000,0.0874000,0.0141000,0.8149000,-0.0137331,-0.4965000,-0.2968970,-0.0000759,-0.0253938,1.0133778,0
1860,2.2600000,-1.7000000,-0.5200000,-0.0732000,-0.1093000,1.3579000,0.4310338,0.1357454,-0.2371205,0.0034566,-0.0220479,0.9945767,0
1861,-2.1800000,3.3000000,-0.5200000,-0.1147000,-0.0615000,1.3115000,0.8328870,0.5138637,-0.2166874,0.0019561,-0.0234730,0.9998685,0
1862,1.2800000,8.1200000,-0.0300000,0.0317000,0.0444000,0.8105000,1.0072392,0.9765754,-0.2181079,-0.0046040,-0.0262750,1.0191669,0
1863,4.8200000,5.0700000,-0.7000000,0.1298000,0.0615000,0.5878000,1.1425787,1.6891363,-0.2272043,-0.0068650,-0.0241779,1.0203703,0
1864,4.8200000,-1.5100000,-1.0100000,0.0454000,-0.0517000,1.0249000,1.4537038,2.3468405,-0.2637896,-0.0010015,-0.0185669,0.9996432,0
1865,0.6100000,1.2200000,-0.7700000,-0.1059000,-0.1127000,1.4931000,1.8391196,2.6458030,-0.3361535,0.0051431,-0.0165817,0.9890034,0
1866,-0.6600000,7.3900000,-0.3400000,-0.0556000,-0.0200000,1.0893000,2.0466124,2.7920901,-0.4136007,0.0042123,-0.0199432,1.0051627,0
1867,1.8300000,7.8200000,-0.1500000,0.1020000,0.0937000,0.5639000,2.0377701,3.1399991,-0.4621790,0.0009653,-0.0216819,1.0198434,0
1868,4.7600000,1.8300000,-0.7000000,0.1132000,-0.0029000,0.7397000,2.0242449,3.6101566,-0.4831181,0.0040591,-0.0177515,1.0067139,0
1869,1.7100000,-1.3900000,-0.2800000,-0.0371000,-0.0913000,1.3505000,2.1152446,3.8243177,-0.4944894,0.0115675,-0.0138730,0.9855793,0
1870,-2.1200000,4.5800000,0.0800000,-0.0815000,-0.0444000,1.3491000,2.1253878,3.7273522,-0.4857567,0.0146003,-0.0148882,0.9890450,0
1871,-0.5400000,7.9400000,0.2600000,0.0664000,0.0644000,0.8056000,1.8994974,3.6812418,-0.4383218,0.0126873,-0.0166669,1.0093050,0
1872,1.5300000,3.8500000,-0.4600000,0.1298000,0.0576000,0.5629000,1.5684898,3.8441686,-0.3698758,0.0140783,-0.0136170,1.0119755,0
1873,2.2000000,-1.2100000,-0.5200000,0.0419000,-0.0537000,1.0268000,1.3249889,3.9296496,-0.3199628,0.0212281,-0.0080385,0.9918034,0
1874,-1.8200000,-0.0500000,0.3200000,-0.0864000,-0.0820000,1.4687000,1.1449209,3.6965056,-0.2859457,0.0266629,-0.0064619,0.9812355,0
1875,-3.1000000,6.4700000,0.6900000,-0.0366000,0.0087000,1.0991000,0.8462801,3.3536555,-0.2248902,0.0246427,-0.0091291,0.9973199,0
1876,-1.3300000,4.8300000,0.3200000,0.1049000,0.0883000,0.5566000,0.3989822,3.2202346,-0.1270976,0.0202688,-0.0096304,1.0123396,0
1877,2.8100000,-1.0200000,-0.2200000,0.0766000,0.0141000,0.7221000,0.0208095,3.1794319,-0.0318754,0.0208522,-0.0051736,0.9995804,0
1878,0.5500000,-3.3400000,0.2000000,-0.0566000,-0.0893000,1.2915000,-0.1262004,2.8868025,0.0333628,0.0235980,-0.0013534,0.9772179,0
1879,-2.5500000,0.8600000,0.6300000,-0.0390000,0.0278000,1.1137000,-0.1830339,2.3298471,0.0887908,0.0219450,-0.0015399,0.9731168,0
1880,-2.0000000,2.2600000,0.5700000,0.0830000,0.1113000,0.5834000,-0.3363264,1.7983316,0.1579760,0.0180856,0.0000226,0.9747008,0
1881,3.3600000,-2.2400000,0.2600000,0.0722000,0.0107000,0.7504000,-0.4716885,1.3760388,0.2304265,0.0181582,0.0062667,0.9582862,0
1882,0.1200000,-4.7500000,0.8100000,-0.0629000,-0.0625000,1.2265000,-0.4234074,0.8546777,0.2965402,0.0200497,0.0111778,0.9372663,0
1883,-1.3300000,-0.9600000,1.3000000,-0.1103000,-0.0083000,1.4091000,-0.3128391,0.1965840,0.3789853,0.0163605,0.0109673,0.9411258,0
1884,-2.7300000,3.3600000,0.9300000,0.0102000,0.0830000,0.9096000,-0.3226339,-0.3077537,0.4885783,0.0071913,0.0100296,0.9674962,0
1885,-0.7800000,-0.2300000,0.2600000,0.0913000,0.0664000,0.4892000,-0.4550286,-0.4954275,0.5883018,0.0007611,0.0131232,0.9813465,0
1886,2.9300000,-5.1700000,0.3200000,0.0200000,-0.0161000,0.9609000,-0.5306995,-0.6215822,0.6405469,0.0008496,0.0180637,0.9686100,0
1887,-0.8400000,-4.6200000,0.9300000,-0.1235000,-0.0654000,1.4501000,-0.4514448,-0.9576242,0.6593495,0.0009948,0.0191546,0.9601735,0
1888,-2.1200000,2.0200000,1.3000000,-0.0703000,0.0410000,1.2348000,-0.3818210,-1.3450489,0.6883309,-0.0049627,0.0161886,0.9799715,0
1889,-2.6700000,1.7100000,0.3800000,0.0742000,0.1147000,0.6005000,-0.4621408,-1.4627777,0.7301482,-0.0121988,0.0156229,1.0047253,0
1890,2.5100000,-2.7900000,-0.0300000,0.0537000,0.0009000,0.6323000,-0.5759413,-1.3675524,0.7390816,-0.0132127,0.0194536,1.0015060,0
1891,2.1400000,-6.2100000,0.6300000,-0.0859000,-0.0590000,1.2719000,-0.5124858,-1.3990596,0.7045173,-0.0108796,0.0215025,0.9819883,0
1892,0.1900000,-1.1500000,0.8700000,-0.1235000,-0.0302000,1.4272000,-0.2904368,-1.6354393,0.6679282,-0.0133614,0.0181308,0.9830339,0
1893,-1.3300000,3.1200000,0.3800000,-0.0014000,0.0864000,0.8842000,-0.1007944,-1.7639107,0.6460340,-0.0205936,0.0138492,1.0053616,0
1894,1.2800000,-0.6600000,-0.7000000,0.0781000,0.0512000,0.5307000,0.0050311,-1.6156357,0.5987715,-0.0245456,0.0138828,1.0137540,0
1895,3.9700000,-5.1700000,-0.5200000,-0.0083000,-0.0668000,0.9565000,0.1769317,-1.4584306,0.4894299,-0.0221662,0.0152392,0.9959821,0
1896,1.2800000,-3.8900000,0.5100000,-0.1171000,-0.0717000,1.4267000,0.4838423,-1.5394874,0.3552833,-0.0199761,0.0117901,0.9823040,0
1897,0.0000000,2.4500000,0.9900000,-0.0883000,0.0395000,1.2695000,0.7729555,-1.6786764,0.2706313,-0.0236104,0.0052026,0.9966312,0
1898,-1.3900000,2.5100000,0.0200000,0.0283000,0.0864000,0.6528000,0.8940754,-1.5623981,0.2450081,-0.0293746,0.0024416,1.0185121,0
1899,2.1400000,-2.9200000,-0.6400000,0.0419000,-0.0336000,0.5878000,0.8870783,-1.2709307,0.2167247,-0.0305069,0.0040636,1.0142465,0
1900,3.1800000,-4.4400000,0.3800000,-0.0913000,-0.1127000,1.2104000,0.9332346,-1.1379471,0.1635016,-0.0283646,0.0028996,0.9910622,0
1901,0.8000000,-1.3900000,1.4200000,-0.1264000,-0.0537000,1.4130000,1.0746424,-1.2261422,0.1471606,-0.0300763,-0.0043599,0.9853781,0
1902,0.4300000,2.0200000,1.1200000,-0.0034000,0.0742000,1.0175000,1.1836391,-1.2886396,0.2120201,-0.0357369,-0.0115957,1.0040730,0
1903,-0.9600000,0.1900000,-0.1500000,0.0712000,-0.0073000,0.5058000,1.1725169,-1.1681648,0.3070782,-0.0377417,-0.0135496,1.0148081,0
1904,3.3000000,-5.1100000,-0.2200000,-0.0029000,-0.0727000,0.7910000,1.1075422,-1.0514812,0.3554252,-0.0332622,-0.0139774,0.9968070,0
1905,4.4600000,-6.2100000,0.3200000,-0.0917000,-0.0703000,1.4160000,1.1797398,-1.2183308,0.3524576,-0.0282454,-0.0176074,0.9755532,0
1906,0.1900000,0.4900000,0.1400000,-0.0590000,0.0170000,1.2758000,1.3805059,-1.5696879,0.3334869,-0.0276852,-0.0224635,0.9819368,0
1907,-1.1500000,1.1600000,-1.1300000,0.0463000,0.0664000,0.7211000,1.4724744,-1.7506722,0.2838856,-0.0283835,-0.0231688,1.0013135,0
1908,1.2800000,-4.6900000,-2.2900000,0.0610000,-0.0473000,0.6196000,1.3965004,-1.7638659,0.1407006,-0.0246514,-0.0197014,1.0003320,0
1909,2.4400000,-6.8800000,-1.5000000,-0.0556000,-0.1166000,1.0742000,1.3129095,-1.9338891,-0.1072353,-0.0180140,-0.0188030,0.9802854,0
1910,2.4400000,-2.9200000,0.2000000,-0.0766000,-0.0810000,1.4399000,1.3265448,-2.3167593,-0.3598592,-0.0148566,-0.0239764,0.9731876,0
1911,-0.4100000,0.3100000,0.4500000,0.0493000,0.0249000,1.0639000,1.3675000,-2.6254350,-0.5060254,-0.0148414,-0.0304634,0.9912321,0
1912,-1.7000000,-2.0600000,-0.2200000,0.0859000,-0.0292000,0.6542000,1.2823040,-2.7000578,-0.5414451,-0.0114724,-0.0333897,1.0079659,0
1913,0.4900000,-5.6000000,0.3800000,-0.0415000,-0.0703000,1.0380000,1.0579747,-2.7199968,-0.5128330,-0.0047831,-0.0346688,1.0062151,0
1914,0.6100000,-2.8500000,1.3000000,-0.0620000,-0.0273000,1.4531000,0.8269008,-2.8378210,-0.4163315,-0.0012956,-0.0366625,1.0082742,0
1915,-1.7000000,0.5500000,0.7500000,0.0380000,0.0800000,1.0839000,0.6124742,-2.9013119,-0.2460838,-0.0015154,-0.0358977,1.0295778,0
1916,-3.8900000,-0.7200000,-0.4600000,0.1025000,0.0380000,0.5986000,0.2915924,-2.7585654,-0.0701313,0.0008051,-0.0290952,1.0452732,0
1917,0.0600000,-4.5000000,-0.7000000,0.0556000,-0.0903000,0.8242000,-0.1268157,-2.5536590,0.0308774,0.0082255,-0.0210756,1.0337339,0
1918,1.4100000,-4.9900000,0.5100000,-0.0327000,-0.1020000,1.3471000,-0.4323715,-2.5125240,0.0660665,0.0159589,-0.0191515,1.0154713,0
1919,0.0600000,1.6500000,1.3600000,0.0083000,0.0200000,1.2485000,-0.5345612,-2.5419719,0.1170678,0.0196066,-0.0218879,1.0179177,0
1920,-1.6400000,1.5300000,0.6900000,0.1162000,0.0659000,0.8510000,-0.5593668,-2.3598663,0.2190999,0.0223813,-0.0218062,1.0320073,0
1921,-1.8800000,-2.7300000,-0.2200000,0.0693000,-0.0063000,0.6274000,-0.6327651,-2.0137313,0.3175473,0.0285888,-0.0170799,1.0299952,0
1922,2.6300000,-3.7100000,0.5100000,-0.0458000,-0.0585000,0.9951000,-0.6846380,-1.7834040,0.3704405,0.0344707,-0.0127810,1.0082382,0
1923,4.2100000,-1.2700000,1.1800000,-0.0278000,-0.0102000,1.3979000,-0.5104747,-1.7217682,0.4143698,0.0344678,-0.0116783,0.9939338,0
1924,0.1200000,2.5100000,0.3800000,0.0483000,0.0844000,1.0610000,-0.1334353,-1.6190343,0.4745272,0.0306306,-0.0099225,1.0023560,0
1925,0.5500000,0.6800000,-0.8900000,0.1206000,0.0546000,0.7016000,0.2195156,-1.3341137,0.4960763,0.0295127,-0.0037175,1.0120168,0
1926,1.9600000,-3.1600000,-1.1900000,0.0717000,-0.0620000,0.8520000,0.4921119,-1.0299464,0.4180295,0.0336790,0.0032037,1.0035144,0
1927,4.1500000,-1.6300000,0.2600000,-0.0214000,-0.0493000,1.2304000,0.8005275,-0.8981351,0.2739413,0.0385177,0.0050013,0.9904688,0
1928,3.6600000,3.3600000,0.9300000,0.0151000,0.0390000,1.2885000,1.2135817,-0.8029025,0.1647452,0.0394105,0.0033104,0.9949437,0
1929,1.1000000,2.6300000,-0.0900000,0.1083000,0.0800000,0.8989000,1.6334513,-0.5222814,0.1222467,0.0391688,0.0041430,1.0124048,0
1930,0.3100000,0.4300000,-0.8900000,0.0810000,0.0263000,0.7255000,1.8954289,-0.1185935,0.0823581,0.0421473,0.0088689,1.0188273,0
1931,2.5100000,0.2500000,-0.0900000,-0.0092000,-0.0683000,0.9902000,1.9961350,0.2249512,0.0107960,0.0459155,0.0124788,1.0081809,0
1932,4.8900000,2.9300000,0.9900000,-0.0063000,0.0048000,1.3623000,2.1056185,0.5047348,-0.0375744,0.0457744,0.0116728,1.0020653,0
1933,-0.0500000,5.9900000,0.6900000,0.0644000,0.0991000,1.1064000,2.2525048,0.8866361,-0.0137633,0.0428622,0.0110295,1.0144697,0
1934,-1.3300000,4.4600000,-0.3400000,0.1127000,0.0478000,0.7143000,2.2352474,1.4493574,0.0433829,0.0422748,0.0147678,1.0270749,0
1935,-0.6000000,1.3500000,-0.7700000,0.0141000,-0.0610000,0.8388000,1.9781383,2.0203832,0.0612852,0.0446054,0.0186641,1.0204081,0
1936,2.3200000,1.4100000,0.3800000,-0.0600000,-0.0297000,1.2094000,1.6501128,2.3964216,0.0377186,0.0441415,0.0175770,1.0064857,0
1937,2.4400000,6.4100000,0.8100000,-0.0048000,0.0654000,1.2592000,1.4373141,2.6575635,0.0356407,0.0380747,0.0143632,1.0074146,0
1938,-2.8600000,5.3700000,-0.3400000,0.0878000,0.0888000,0.8442000,1.2725327,3.0051901,0.0647834,0.0314906,0.0149620,1.0189024,0
1939,-2.0000000,1.4700000,-0.8300000,0.0498000,0.0185000,0.7832000,0.9585827,3.3606759,0.0642114,0.0291686,0.0193959,1.0193452,0
1940,-0.9000000,0.6100000,-0.2200000,-0.0507000,-0.0893000,1.0400000,0.5243773,3.4978362,0.0141012,0.0280815,0.0214145,1.0070413,0
1941,1.8900000,4.2800000,0.8100000,-0.0415000,-0.0126000,1.1655000,0.1654147,3.4447919,-0.0284083,0.0232586,0.0175204,0.9991609,0
1942,-1.0900000,4.7000000,0.1400000,0.0385000,0.0942000,1.0156000,-0.0421457,3.4125962,-0.0224612,0.0163851,0.0132078,1.0019385,0
1943,-2.6100000,1.8300000,-1.0700000,0.0595000,0.0024000,0.8217000,-0.2301209,3.4292947,-0.0164410,0.0125684,0.0129597,1.0039337,0
1944,-3.1600000,0.4900000,-1.0100000,-0.0136000,-0.0722000,0.9277000,-0.5223821,3.3422551,-0.0717101,0.0120009,0.0122977,0.9965969,0
1945,-0.1100000,1.5300000,0.6900000,-0.0307000,0.0371000,1.1386000,-0.8494132,3.1050990,-0.1495964,0.0107050,0.0087785,0.9884634,0
1946,-0.8400000,3.4800000,0.7500000,0.0102000,0.1118000,1.0668000,-1.0756706,2.8447413,-0.1650379,0.0077125,0.0081017,0.9896305,0
1947,-3.9500000,1.7100000,-0.8900000,0.0175000,-0.0024000,0.8891000,-1.2496474,2.6540829,-0.1355749,0.0053183,0.0122044,0.9944514,0
1948,-4.8100000,0.4900000,-0.8300000,-0.0332000,-0.0761000,0.9189000,-1.5329687,2.4670083,-0.1431427,0.0035965,0.0144758,0.9932474,0
1949,-0.8400000,2.5100000,0.8100000,-0.0449000,-0.0180000,1.1030000,-1.8809300,2.2532779,-0.1714421,0.0003195,0.0113032,0.9896015,0
1950,0.0000000,4.7600000,1.4200000,0.0122000,0.0473000,1.0634000,-2.0833349,2.1414441,-0.1314353,-0.0040331,0.0070591,0.9918803,0
1951,-3.8900000,1.5300000,0.5100000,0.0244000,0.0424000,0.9101000,-2.1407804,2.1700202,-0.0116713,-0.0064224,0.0061600,0.9968037,0
1952,-5.0500000,0.0000000,-0.4600000,-0.0419000,-0.0200000,1.0087000,-2.2633165,2.1710743,0.1058421,-0.0070552,0.0073398,0.9980552,0
1953,-3.6500000,2.6300000,0.0800000,-0.0800000,-0.0908000,0.9272000,-2.5143558,2.0808872,0.1660794,-0.0096939,0.0057315,0.9960959,0
1954,1.5900000,3.8500000,1.3000000,-0.0195000,0.0234000,1.0527000,-2.6894703,2.0388402,0.2114543,-0.0150539,0.0006607,0.9934620,0
1955,-0.5400000,2.3200000,0.7500000,0.0239000,0.0683000,1.0942000,-2.6060101,2.1021407,0.2924546,-0.0191922,-0.0021565,0.9948445,0
1956,-4.3200000,1.7700000,-0.3400000,-0.0039000,-0.0175000,0.9033000,-2.4196505,2.1799218,0.3703155,-0.0198145,-0.0009282,0.9990454,0
1957,-3.3400000,0.3700000,-0.3400000,-0.0576000,-0.0742000,0.9472000,-2.3571934,2.1798055,0.3850805,-0.0194553,-0.0008873,0.9987636,0
1958,0.1900000,1.9600000,0.7500000,-0.0712000,-0.0219000,1.0234000,-2.3448761,2.0943923,0.3581927,-0.0214839,-0.0045614,0.9950894,0
1959,3.3000000,4.6400000,1.1800000,-0.0068000,0.0498000,0.9770000,-2.1417761,2.0507070,0.3591683,-0.0252123,-0.0079211,0.9925450,0
1960,-1.5100000,-0.2900000,-0.0300000,0.0043000,0.0351000,0.9550000,-1.7334211,2.0778619,0.3927976,-0.0271948,-0.0071741,0.9901544,0
1961,-2.1200000,-1.5700000,-0.7000000,-0.0800000,-0.0605000,1.0678000,-1.3692237,1.9783635,0.3912460,-0.0278522,-0.0049237,0.9885043,0
1962,-0.8400000,1.6500000,0.0800000,-0.0659000,-0.1049000,0.9536000,-1.1580000,1.7198729,0.3317082,-0.0304868,-0.0069168,0.9892572,0
1963,4.3400000,1.9600000,1.5400000,0.0170000,0.0141000,0.9716000,-0.9186602,1.4900338,0.2869597,-0.0336396,-0.0127848,0.9895307,0
1964,2.3200000,1.2900000,0.8700000,0.0122000,0.0424000,0.9692000,-0.4873131,1.3606985,0.3161436,-0.0333550,-0.0162100,0.9878559,0
1965,-1.0200000,-1.5700000,-0.2800000,-0.0419000,-0.0751000,1.0068000,-0.0116568,1.2280870,0.3697140,-0.0305029,-0.0166266,0.9860865,0
1966,-1.2100000,-1.0200000,-0.2200000,-0.0561000,-0.0893000,1.1411000,0.2756650,0.9867408,0.3761785,-0.0287880,-0.0195166,0.9885577,0
1967,1.2800000,2.3200000,0.8700000,-0.0219000,0.0073000,0.9296000,0.3944141,0.7267771,0.3531173,-0.0289102,-0.0247507,0.9954521,0
1968,5.7400000,2.5100000,0.9900000,0.0395000,0.0444000,0.8374000,0.5812804,0.6247755,0.3603691,-0.0278791,-0.0267279,0.9969796,0
1969,1.5900000,-2.4900000,-0.5800000,0.0004000,-0.0029000,1.0444000,0.9426275,0.6065706,0.3816596,-0.0238234,-0.0239770,0.9911487,0
1970,-2.3700000,-2.3100000,-1.2500000,-0.0917000,-0.0771000,1.1879000,1.2301995,0.4501685,0.3361359,-0.0203407,-0.0210598,0.9904116,0
1971,-1.7600000,2.3800000,-0.8900000,-0.0463000,-0.0732000,0.9345000,1.2171987,0.2187018,0.2002053,-0.0210782,-0.0221223,0.9978327,0
1972,3.9100000,1.3500000,-0.0300000,0.0395000,0.0581000,0.8398000,1.0713138,0.1289980,0.0354876,-0.0227660,-0.0243483,1.0006917,0
1973,4.0300000,-1.3900000,-0.5800000,0.0395000,0.0507000,0.9160000,1.0943292,0.1352111,-0.1037327,-0.0205695,-0.0219382,0.9930326,0
1974,-1.6400000,-4.2000000,-1.7400000,-0.0405000,-0.0795000,1.1152000,1.2286400,0.0152645,-0.2435329,-0.0159419,-0.0170234,0.9844024,0
1975,-2.7900000,-1.7600000,-1.3800000,-0.0844000,-0.0942000,1.1440000,1.1751095,-0.2948525,-0.4228836,-0.0142218,-0.0165706,0.9859527,0
1976,0.3700000,0.1900000,-0.4600000,-0.0117000,0.0004000,0.9453000,0.9088060,-0.6212878,-0.6035523,-0.0164146,-0.0203214,0.9950745,0
1977,4.6400000,0.6800000,-0.4000000,0.0961000,0.0683000,0.6992000,0.7170202,-0.7947957,-0.7251641,-0.0167372,-0.0215985,0.9959742,0
1978,2.1400000,-4.9900000,-1.3800000,-0.0288000,-0.0917000,1.1362000,0.7732002,-0.9113134,-0.7979252,-0.0125530,-0.0197728,0.9864294,0
1979,-2.3700000,-2.6100000,-1.1900000,-0.0688000,-0.0893000,1.2221000,0.8786636,-1.1520261,-0.8678531,-0.0094695,-0.0211184,0.9852881,0
1980,0.3700000,0.1300000,-0.2200000,0.0161000,0.0151000,0.9707000,0.8309307,-1.4163017,-0.9229157,-0.0097497,-0.0254102,0.9968059,0
1981,3.2400000,0.8000000,-0.2800000,0.1186000,0.0961000,0.6928000,0.7658999,-1.5031481,-0.9224484,-0.0074993,-0.0253784,1.0015635,0
1982,1.4100000,-4.9900000,-1.3100000,0.0556000,0.0092000,0.9208000,0.8285534,-1.5035658,-0.8900194,0.0007501,-0.0189712,0.9899710,0
1983,-1.8200000,-6.5200000,-1.0700000,-0.0937000,-0.1103000,1.3500000,0.8873293,-1.6983560,-0.8774537,0.0087140,-0.0132536,0.9810201,0
1984,-2.4900000,0.3100000,-0.1500000,-0.0610000,-0.0395000,1.2075000,0.7589496,-2.0427274,-0.8712059,0.0092496,-0.0135608,0.9934392,0
1985,0.4300000,2.5700000,1.1200000,0.1000000,0.0888000,0.6958000,0.4877129,-2.1663688,-0.8022327,0.0065263,-0.0146868,1.0111857,0
1986,2.5100000,-3.1000000,0.5700000,0.1162000,0.1088000,0.7529000,0.2922486,-2.0244386,-0.6401288,0.0093808,-0.0092705,1.0086549,0
1987,-0.8400000,-6.6400000,-0.0300000,-0.0493000,-0.0732000,1.1879000,0.2359942,-1.9770374,-0.4399535,0.0161435,-0.0003686,0.9940756,0
1988,-3.0400000,-2.4300000,0.5100000,-0.0947000,-0.0742000,1.3354000,0.1365729,-2.1655825,-0.2557427,0.0176355,0.0031249,0.9945217,0
1989,-1.5100000,2.5700000,1.1200000,0.0444000,0.0498000,0.9667000,-0.1074652,-2.2918819,-0.0746783,0.0132735,0.0016641,1.0118248,0
1990,1.2200000,1.7700000,0.8100000,0.1259000,0.1201000,0.5908000,-0.3525499,-2.0987960,0.1189436,0.0118196,0.0035157,1.0191525,0
1991,2.7500000,-4.6200000,-0.4000000,0.0673000,-0.0043000,0.9516000,-0.4075070,-1.7764323,0.2805633,0.0172379,0.0101586,1.0042365,0
1992,-2.7300000,-5.3000000,-0.3400000,-0.0927000,-0.0947000,1.3618000,-0.3298848,-1.6834414,0.3550522,0.0226982,0.0139404,0.9914338,0
1993,-1.7000000,2.4500000,0.4500000,-0.0610000,-0.0302000,1.1938000,-0.3421685,-1.7450295,0.3616506,0.0207798,0.0107493,1.0013634,0
1994,0.9800000,3.8500000,0.9900000,0.1083000,0.0893000,0.6791000,-0.4259884,-1.5750573,0.3679591,0.0157432,0.0065176,1.0162279,0
1995,4.1500000,-1.8200000,0.1400000,0.1162000,0.1049000,0.7397000,-0.3569577,-1.1722211,0.3940599,0.0167070,0.0083672,1.0102326,0
1996,0.5500000,-5.0500000,-0.3400000,-0.0434000,-0.0483000,1.2089000,-0.0865896,-0.9168964,0.3978210,0.0219537,0.0139182,0.9928608,0
1997,-1.7000000,-0.7200000,0.3200000,-0.1269000,-0.0805000,1.3491000,0.1650634,-0.9333398,0.3638566,0.0215970,0.0149102,0.9924671,0
1998,0.4300000,3.9700000,1.0600000,0.0336000,0.0610000,0.9731000,0.2645996,-0.9195175,0.3401569,0.0143393,0.0113703,1.0104971,0
1999,3.5400000,2.1400000,0.8100000,0.1542000,0.1220000,0.5825000,0.3614062,-0.6488042,0.3629021,0.0104305,0.0114701,1.0187633,0
